"","clubId","clubLabel","clubTypeLabel","inception","termination","nickmaneLabels","affiliationLabel","countryLabels","competitionLabel","homeVenueLabels","homeVenueCapacities","locationLabels","AllRugbyIDs","GoogleKnowlIDs"
"1","Q1000020","Melrose RFC","rugby union team","1877-01-01T00:00:00Z",NA,NA,NA,"United Kingdom","Scottish Premiership",NA,NA,NA,NA,NA
"2","Q100605533","Q100605533","rugby union team","1989-01-01T00:00:00Z",NA,NA,NA,"Spain",NA,NA,NA,NA,NA,NA
"3","Q101161486","Q101161486","rugby union team","1902-01-01T00:00:00Z",NA,NA,NA,"France",NA,NA,NA,"Vizille",NA,"/g/11mvp8jdjn"
"4","Q102192821","Q102192821","rugby union team","2020-01-01T00:00:00Z",NA,NA,NA,"France",NA,NA,NA,"Villeurbanne",NA,"/g/11qnt6fj2v"
"5","Q1022908","CA Bordeaux-Bègles Gironde","rugby union team","1907-01-01T00:00:00Z",NA,NA,NA,"France",NA,"Stade André Moga",NA,"Bordeaux",NA,NA
"6","Q1022912","CA Brive","rugby union club","1910-01-01T00:00:00Z",NA,NA,"French Rugby Federation","France","Top 14","Stade Amédée-Domenech","13979","Brive-la-Gaillarde",NA,NA
"7","Q102422275","Q102422275","rugby union team","1941-01-01T00:00:00Z",NA,NA,NA,"France",NA,NA,NA,"Ussel",NA,"/g/11qp16hkdj"
"8","Q1024459","CS Bourgoin-Jallieu","rugby union club","1906-01-01T00:00:00Z",NA,NA,"French Rugby Federation","France","Championnat Fédéral Nationale","Stade Pierre Rajon","9441","Bourgoin-Jallieu",NA,NA
"9","Q10280216","Q10280216","rugby union team",NA,NA,NA,NA,"Brazil",NA,NA,NA,NA,NA,"/g/122s98h7"
"10","Q102860900","Q102860900","rugby union team",NA,NA,NA,NA,"Spain",NA,NA,NA,NA,NA,NA
"11","Q1033766","Canterbury RFU","rugby union club","1879-01-01T00:00:00Z",NA,NA,NA,"New Zealand",NA,NA,NA,"Christchurch",NA,NA
"12","Q10337984","Novo Hamburgo Rugby Clube","rugby union team",NA,NA,NA,NA,"Brazil",NA,NA,NA,"Novo Hamburgo",NA,"/g/11b6nwp63_"
"13","Q103468941","Stade Marivalois","rugby union team","1972-01-01T00:00:00Z",NA,NA,"French Rugby Federation","France",NA,NA,NA,"Lacapelle-Marival",NA,NA
"14","Q10365206","Rugby Clube de Santarém","rugby union team","1995-01-01T00:00:00Z",NA,NA,NA,"Portugal",NA,NA,NA,NA,NA,NA
"15","Q103819785","CAR Sevilla","rugby union team","1976-01-01T00:00:00Z",NA,NA,NA,"Spain","División de Honor B de Rugby",NA,NA,NA,NA,"/g/11mvm33dyg"
"16","Q10386145","UFLA Rugby Team","rugby union team","2008-01-01T00:00:00Z",NA,NA,NA,"Brazil",NA,NA,NA,NA,NA,"/g/121_p9mr"
"17","Q1043501","Carmarthen Quins RFC","rugby union team","1875-01-01T00:00:00Z",NA,NA,NA,"United Kingdom",NA,NA,NA,NA,NA,NA
"18","Q104598189","Q104598189","rugby union team",NA,NA,NA,NA,"Georgia",NA,NA,NA,"Kiketi",NA,"/g/11qp2_49zf"
"19","Q104626007","Moana Pasifika","rugby union team","2020-01-01T00:00:00Z",NA,NA,NA,"New Zealand","Super Rugby","Mount Smart Stadium",NA,"Auckland",NA,"/g/11lkrbwztt"
"20","Q104841744","Berlin Irish RFC","rugby union team",NA,NA,NA,NA,"Germany",NA,NA,NA,NA,NA,"/g/11n5vg20wk"
"21","Q104845428","Newton Aycliffe RUFC","rugby union club",NA,NA,NA,NA,"United Kingdom",NA,NA,NA,NA,NA,"/g/11lkzg2_kr"
"22","Q104855780","Sale Sharks Women","rugby union club",NA,NA,NA,NA,"United Kingdom",NA,NA,NA,NA,NA,"/g/11l7dw3gy0"
"23","Q104855938","Canterbury","rugby union team",NA,NA,NA,NA,NA,NA,NA,NA,NA,NA,"/g/11hspmhd8b"
"24","Q104855944","North Harbour","rugby union team",NA,NA,NA,NA,"New Zealand","National Provincial Championship",NA,NA,NA,NA,"/g/11lpwfs5m8"
"25","Q104856087","Tasman","rugby union team",NA,NA,NA,NA,NA,NA,NA,NA,NA,NA,"/g/11lpwgngl_"
"26","Q104856093","Wellington","rugby union team",NA,NA,NA,NA,NA,NA,NA,NA,NA,NA,"/g/11hspmpp5l"
"27","Q104856095","Counties Manukau","rugby union team",NA,NA,NA,NA,NA,NA,NA,NA,NA,NA,"/g/11hspmftqm"
"28","Q104856096","Hawke's Bay","rugby union team",NA,NA,NA,NA,NA,NA,NA,NA,NA,NA,"/g/11lpwg_w5x"
"29","Q104856099","Manawatu","rugby union team",NA,NA,NA,NA,"New Zealand",NA,NA,NA,NA,NA,"/g/11kkvg6cnn"
"30","Q104856105","Northland","rugby union team",NA,NA,NA,NA,NA,NA,NA,NA,NA,NA,"/g/11hspnwt_l"
"31","Q104856109","Otago","rugby union team",NA,NA,NA,NA,"New Zealand",NA,NA,NA,NA,NA,"/g/11kkvg5071"
"32","Q104856115","Taranaki","rugby union team",NA,NA,NA,NA,NA,NA,NA,NA,NA,NA,"/g/11lpwg9vjx"
"33","Q1048688","London Welsh RFC","rugby union club","1895-01-01T00:00:00Z",NA,NA,NA,"United Kingdom",NA,NA,NA,NA,NA,NA
"34","Q104901906","Waikato","rugby union team",NA,NA,NA,NA,NA,NA,NA,NA,NA,NA,"/g/11hspnbqgy"
"35","Q1051207","Club de Rugby San Roque","rugby union team","1971-01-01T00:00:00Z",NA,NA,NA,"Spain",NA,NA,NA,NA,NA,NA
"36","Q105328944","Sport athlétique bordelais rugby","rugby union team","1892-03-16T00:00:00Z","1972-02-04T00:00:00Z",NA,NA,"France",NA,NA,NA,"Bordeaux",NA,"/g/11ns14fztq"
"37","Q105334502","Saint Vincent and the Grenadines national rugby union team","national rugby union team",NA,NA,NA,NA,"Saint Vincent and the Grenadines",NA,NA,NA,NA,NA,"/g/11qp_48wm9"
"38","Q1053725","Cheetahs","rugby union club","2005-01-01T00:00:00Z",NA,NA,NA,"South Africa","United Rugby Championship","Free State Stadium","48000","Bloemfontein",NA,NA
"39","Q106203603","Q106203603","national rugby union team",NA,NA,NA,NA,"Belgium",NA,NA,NA,NA,NA,NA
"40","Q106427613","Q106427613","rugby union team","1965-01-01T00:00:00Z",NA,NA,NA,"France",NA,NA,NA,"Prades",NA,NA
"41","Q106588324","Olympique de Paris (rugby union, 1897)","rugby union team","1897-01-01T00:00:00Z","1926-01-01T00:00:00Z",NA,NA,"France",NA,NA,NA,"Paris",NA,NA
"42","Q106620854","WRC Te Werve","rugby union team",NA,NA,NA,NA,"Netherlands",NA,NA,NA,NA,NA,"/g/11r8t1fl6n"
"43","Q106731048","Q106731048","rugby union team","1908-01-01T00:00:00Z",NA,NA,NA,"France",NA,NA,NA,"Gujan-Mestras",NA,NA
"44","Q106784645","Q106784645","rugby union team","1904-01-01T00:00:00Z",NA,NA,NA,"France",NA,NA,NA,"Besançon",NA,NA
"45","Q106956542","Q106956542","rugby union team","1924-10-09T00:00:00Z",NA,NA,NA,"France",NA,NA,NA,"Bizanos",NA,NA
"46","Q106956542","Q106956542","rugby union team","1923-01-01T00:00:00Z",NA,NA,NA,"France",NA,NA,NA,"Bizanos",NA,NA
"47","Q106963648","Q106963648","rugby union team","1963-01-01T00:00:00Z","2003-09-01T00:00:00Z",NA,NA,"France",NA,NA,NA,"Saint-Jean-Pied-de-Port",NA,NA
"48","Q107020076","Q107020076","rugby union team",NA,NA,NA,NA,"France",NA,NA,NA,"Saint-Magne-de-Castillon",NA,NA
"49","Q107065192","Q107065192","rugby union team","1958-05-12T00:00:00Z",NA,NA,NA,"France",NA,NA,NA,"Mugron",NA,NA
"50","Q107094470","Q107094470","rugby union team","1922-01-01T00:00:00Z",NA,NA,NA,"France",NA,NA,NA,"Biscarrosse",NA,NA
"51","Q1071691","Leicester Tigers","rugby union club","1880-01-01T00:00:00Z",NA,"The Tigers","Rugby Football Union","United Kingdom","Premiership Rugby","Welford Road Stadium","24000","Leicester","leicester",NA
"52","Q107304762","Pacific Pride","rugby union team",NA,NA,NA,NA,NA,NA,NA,NA,NA,NA,NA
"53","Q107339843","Q107339843","rugby union team","1921-01-01T00:00:00Z","2021-06-01T00:00:00Z",NA,NA,"France",NA,NA,NA,"Pouillon",NA,NA
"54","Q107339878","Q107339878","rugby union team","1908-01-01T00:00:00Z","2021-06-01T00:00:00Z",NA,NA,"France",NA,NA,NA,"Labatut",NA,NA
"55","Q107345439","Q107345439","rugby union team","1903-01-01T00:00:00Z",NA,NA,NA,"France",NA,NA,NA,"Labouheyre",NA,NA
"56","Q107345489","Q107345489","rugby union team","1922-01-01T00:00:00Z",NA,NA,NA,"France",NA,NA,NA,"Parentis-en-Born",NA,NA
"57","Q107345498","Q107345498","rugby union team","2019-05-24T00:00:00Z",NA,NA,NA,"France",NA,NA,NA,"Labouheyre",NA,NA
"58","Q107345506","Q107345506","rugby union team","2021-06-01T00:00:00Z",NA,NA,NA,"France",NA,NA,NA,"Pouillon",NA,NA
"59","Q107345634","Q107345634","rugby union team","1906-01-01T00:00:00Z","2020-06-26T00:00:00Z",NA,NA,"France",NA,NA,NA,"Léon",NA,NA
"60","Q107345657","Q107345657","rugby union team","1922-01-01T00:00:00Z","2001-06-04T00:00:00Z",NA,NA,"France",NA,NA,NA,"Linxe",NA,NA
"61","Q107345666","Q107345666","rugby union team","1907-01-01T00:00:00Z","2001-06-04T00:00:00Z",NA,NA,"France",NA,NA,NA,"Castets",NA,NA
"62","Q107345674","Q107345674","rugby union team","2001-06-05T00:00:00Z","2020-06-26T00:00:00Z",NA,NA,"France",NA,NA,NA,"Linxe",NA,NA
"63","Q107345684","Q107345684","rugby union team","2020-06-27T00:00:00Z",NA,NA,NA,"France",NA,NA,NA,"Léon",NA,NA
"64","Q107349465","Q107349465","rugby union team",NA,NA,NA,NA,"France",NA,NA,NA,"Salles",NA,NA
"65","Q10749444","Rugby Brescia","rugby union club","1928-01-01T00:00:00Z",NA,NA,"Italian Rugby Federation","Italy","Serie B","Aldo Invernici Stadium","5000",NA,NA,NA
"66","Q10749444","Rugby Brescia","rugby union team","1928-01-01T00:00:00Z",NA,NA,"Italian Rugby Federation","Italy","Serie B","Aldo Invernici Stadium","5000",NA,NA,NA
"67","Q107501652","Aberdeenshire RFC","rugby union club",NA,NA,NA,NA,"United Kingdom",NA,NA,NA,NA,NA,NA
"68","Q107501653","Banff RFC","rugby union club",NA,NA,NA,NA,"United Kingdom",NA,NA,NA,NA,NA,NA
"69","Q107501654","Blairgowrie RFC","rugby union club",NA,NA,NA,NA,"United Kingdom",NA,NA,NA,NA,NA,NA
"70","Q107501655","Carnoustie HSFP","rugby union club",NA,NA,NA,NA,"United Kingdom",NA,NA,NA,NA,NA,NA
"71","Q107501656","Carrick RFC","rugby union club",NA,NA,NA,NA,"United Kingdom",NA,NA,NA,NA,NA,NA
"72","Q107501657","Dundee University Medics RFC","rugby union club",NA,NA,NA,NA,"United Kingdom",NA,NA,NA,NA,NA,NA
"73","Q107501658","Garioch RFC","rugby union club",NA,NA,NA,NA,"United Kingdom",NA,NA,NA,NA,NA,NA
"74","Q107501659","Huntly RFC","rugby union club",NA,NA,NA,NA,"United Kingdom",NA,NA,NA,NA,NA,NA
"75","Q107501660","Kinross RFC","rugby union club",NA,NA,NA,NA,"United Kingdom",NA,NA,NA,NA,NA,NA
"76","Q107501662","Mackie Academy RFC","rugby union club",NA,NA,NA,NA,"United Kingdom",NA,NA,NA,NA,NA,NA
"77","Q107501664","Newton Stewart RFC","rugby union club",NA,NA,NA,NA,"United Kingdom",NA,NA,NA,NA,NA,NA
"78","Q107522959","Ashhurst Pohangina RFC","rugby union club",NA,NA,NA,NA,NA,NA,NA,NA,NA,NA,NA
"79","Q107522996","Bulls RFC","rugby union club",NA,NA,NA,NA,NA,NA,NA,NA,NA,NA,NA
"80","Q107523022","Bunnythorpe RFC","rugby union club",NA,NA,NA,NA,NA,NA,NA,NA,NA,NA,NA
"81","Q107523082","Bush RFC","rugby union club",NA,NA,NA,NA,NA,NA,NA,NA,NA,NA,NA
"82","Q107523101","College Old Boys RFC","rugby union club",NA,NA,NA,NA,NA,NA,NA,NA,NA,NA,NA
"83","Q107523111","Dannevirke Sports Club","rugby union club",NA,NA,NA,NA,NA,NA,NA,NA,NA,NA,NA
"84","Q107523234","Feilding Yellows RFC","rugby union club",NA,NA,NA,NA,NA,NA,NA,NA,NA,NA,NA
"85","Q107523248","Freyberg Old Boys RFC","rugby union club",NA,NA,NA,NA,NA,NA,NA,NA,NA,NA,NA
"86","Q107523279","Halcombe RFC","rugby union club",NA,NA,NA,NA,NA,NA,NA,NA,NA,NA,NA
"87","Q107523342","Linton Army RFC","rugby union club",NA,NA,NA,NA,NA,NA,NA,NA,NA,NA,NA
"88","Q107523353","Massey University RFC","rugby union club",NA,NA,NA,NA,NA,NA,NA,NA,NA,NA,NA
"89","Q107523369","Old Boys Marist","rugby union club",NA,NA,NA,NA,NA,NA,NA,NA,NA,NA,NA
"90","Q107524249","Stobswell RFC","rugby union club",NA,NA,NA,NA,"United Kingdom",NA,NA,NA,NA,NA,NA
"91","Q107536634","Arbroath RFC","rugby union club",NA,NA,NA,NA,"United Kingdom",NA,NA,NA,NA,NA,NA
"92","Q107545900","Inverness Craig Dunain RFC","rugby union club",NA,NA,NA,NA,"United Kingdom",NA,NA,NA,NA,NA,NA
"93","Q107556848","Fraserburgh RFC","rugby union club",NA,NA,NA,NA,"United Kingdom",NA,NA,NA,NA,NA,NA
"94","Q107556977","Turriff RFC","rugby union club",NA,NA,NA,NA,"United Kingdom",NA,NA,NA,NA,NA,NA
"95","Q107565140","Aberfeldy RFC","rugby union club",NA,NA,NA,NA,"United Kingdom",NA,NA,NA,NA,NA,NA
"96","Q107642851","Q107642851","rugby union team","1905-01-01T00:00:00Z",NA,NA,NA,"France",NA,NA,NA,"Roquefort",NA,NA
"97","Q107660641","Rostov","rugby union club","2020-01-01T00:00:00Z",NA,NA,"Rugby Union of Russia",NA,NA,NA,NA,NA,NA,NA
"98","Q107805430","Q107805430","rugby union team","1931-01-01T00:00:00Z",NA,NA,NA,"France",NA,NA,NA,"Montfort-en-Chalosse",NA,NA
"99","Q107958563","C' Chartres Rugby","rugby union team","1981-11-28T00:00:00Z",NA,NA,NA,"France",NA,NA,NA,"Chartres",NA,NA
"100","Q107970181","Kinloss RFC","rugby union club",NA,NA,NA,NA,"United Kingdom",NA,NA,NA,NA,NA,NA
"101","Q107970182","Aberdeen University Medics RFC","rugby union club",NA,NA,NA,NA,"United Kingdom",NA,NA,NA,NA,NA,NA
"102","Q107970183","Aberdeen Taexali","rugby union club",NA,NA,NA,NA,"United Kingdom",NA,NA,NA,NA,NA,NA
"103","Q107970184","RAF Lossiemouth RFC","rugby union club",NA,NA,NA,NA,"United Kingdom",NA,NA,NA,NA,NA,NA
"104","Q107970185","North Police Scotland RFC","rugby union club",NA,NA,NA,NA,"United Kingdom",NA,NA,NA,NA,NA,NA
"105","Q107970186","Glasgow University Medics RFC","rugby union club",NA,NA,NA,NA,"United Kingdom",NA,NA,NA,NA,NA,NA
"106","Q107970187","Broughton RFC","rugby union club",NA,NA,NA,NA,"United Kingdom",NA,NA,NA,NA,NA,NA
"107","Q107970189","Edinburgh University Medics RFC","rugby union club",NA,NA,NA,NA,"United Kingdom",NA,NA,NA,NA,NA,NA
"108","Q107970190","North Berwick RFC","rugby union club",NA,NA,NA,NA,"United Kingdom",NA,NA,NA,NA,NA,NA
"109","Q107970191","Liberton RFC","rugby union club",NA,NA,NA,NA,"United Kingdom",NA,NA,NA,NA,NA,NA
"110","Q107970192","Ross High RFC","rugby union club",NA,NA,NA,NA,"United Kingdom",NA,NA,NA,NA,NA,NA
"111","Q107970193","Gala Y.M. RFC","rugby union club",NA,NA,NA,NA,"United Kingdom",NA,NA,NA,NA,NA,NA
"112","Q107970194","RDVC RFC","rugby union club",NA,NA,NA,NA,"United Kingdom",NA,NA,NA,NA,NA,NA
"113","Q107970195","Abertay University RFC","rugby union club",NA,NA,NA,NA,"United Kingdom",NA,NA,NA,NA,NA,NA
"114","Q107970196","Glasgow Caledonian University RFC","rugby union club",NA,NA,NA,NA,"United Kingdom",NA,NA,NA,NA,NA,NA
"115","Q107970197","Strathclyde University RFC","rugby union club",NA,NA,NA,NA,"United Kingdom",NA,NA,NA,NA,NA,NA
"116","Q107970200","Dundee University RFC","rugby union club",NA,NA,NA,NA,"United Kingdom",NA,NA,NA,NA,NA,NA
"117","Q107970202","Robert Gordon University RFC","rugby union club",NA,NA,NA,NA,"United Kingdom",NA,NA,NA,NA,NA,NA
"118","Q107970203","Stirling University RFC","rugby union club",NA,NA,NA,NA,"United Kingdom",NA,NA,NA,NA,NA,NA
"119","Q107970204","Edinburgh Napier University RFC","rugby union club",NA,NA,NA,NA,"United Kingdom",NA,NA,NA,NA,NA,NA
"120","Q107982991","Q107982991","rugby union team","1974-05-10T00:00:00Z",NA,NA,NA,"France",NA,"Stade Raoul-Lagraula",NA,"Narrosse",NA,NA
"121","Q108179170","Toulouse olympique employés club","rugby union team","1913-01-01T00:00:00Z","1995-01-01T00:00:00Z",NA,NA,"France",NA,NA,NA,"Toulouse",NA,NA
"122","Q108290259","Q108290259","rugby union team","1911-01-01T00:00:00Z",NA,NA,NA,"France",NA,NA,NA,"Ondres",NA,NA
"123","Q108301006","Q108301006","rugby union team","1986-04-16T00:00:00Z","2018-06-27T00:00:00Z",NA,NA,"France",NA,NA,NA,"Amou",NA,NA
"124","Q108301034","Q108301034","rugby union team","1979-05-01T00:00:00Z","2018-06-27T00:00:00Z",NA,NA,"France",NA,NA,NA,"Pomarez",NA,NA
"125","Q108301056","Q108301056","rugby union team","2018-06-28T00:00:00Z",NA,NA,NA,"France",NA,NA,NA,"Pomarez",NA,NA
"126","Q108304520","CM Floirac rugby","rugby union team",NA,NA,NA,NA,"France",NA,NA,NA,"Floirac",NA,NA
"127","Q108304712","Q108304712","rugby union team","2003-01-01T00:00:00Z","2016-01-01T00:00:00Z",NA,NA,"France",NA,NA,NA,"Campet-et-Lamolère",NA,NA
"128","Q108321489","Entente Aramits Asasp","rugby union team","2002-01-01T00:00:00Z",NA,NA,NA,"France",NA,NA,NA,"Aramits",NA,NA
"129","Q108377638","The Black Lion","rugby union team",NA,NA,NA,NA,"Georgia",NA,NA,NA,NA,NA,NA
"130","Q108470459","Abercwmboi RFC","rugby union club",NA,NA,NA,NA,"United Kingdom",NA,NA,NA,NA,NA,NA
"131","Q108565098","Tel Aviv Heat","rugby union team","2021-07-07T00:00:00Z",NA,NA,NA,"Israel",NA,NA,NA,NA,NA,NA
"132","Q108565145","Castilla y León Iberians","rugby union team","2021-01-01T00:00:00Z",NA,NA,NA,"Spain",NA,NA,NA,NA,NA,NA
"133","Q108666985","The Delta","rugby union team",NA,NA,NA,NA,"Netherlands",NA,NA,NA,NA,NA,NA
"134","Q108681444","Q108681444","rugby union team","1912-01-01T00:00:00Z","2001-01-01T00:00:00Z",NA,NA,"France",NA,NA,NA,"Nice",NA,NA
"135","Q108685870","Brussels Devils","rugby union team",NA,NA,NA,NA,NA,NA,NA,NA,NA,NA,NA
"136","Q10880452","Red Hurricanes Osaka","rugby union club","1994-01-01T00:00:00Z",NA,NA,NA,"Japan","Japan Rugby League One",NA,NA,NA,NA,NA
"137","Q109040615","Q109040615","rugby union team","1969-01-01T00:00:00Z","2002-01-01T00:00:00Z",NA,NA,"France",NA,NA,NA,"Istres",NA,NA
"138","Q109046241","Q109046241","rugby union team","1971-01-01T00:00:00Z","2003-09-01T00:00:00Z",NA,NA,"France",NA,NA,NA,"Saint-Étienne-de-Baïgorry",NA,NA
"139","Q109315537","Rhodesia Rugby Union Team","national rugby union team","1898-01-01T00:00:00Z",NA,NA,NA,"Rhodesia",NA,NA,NA,NA,NA,NA
"140","Q109344024","Q109344024","rugby union team",NA,NA,NA,NA,NA,NA,NA,NA,NA,NA,NA
"141","Q109357812","Aichi Teachers Club","rugby union team",NA,NA,NA,NA,NA,NA,NA,NA,NA,NA,NA
"142","Q109359846","Q109359846","rugby union team",NA,NA,NA,NA,NA,NA,NA,NA,NA,NA,NA
"143","Q109418248","Q109418248","rugby union team",NA,NA,NA,NA,NA,NA,NA,NA,NA,NA,NA
"144","Q109453887","Tsukushi Young Luggers","rugby union team",NA,NA,NA,NA,NA,NA,NA,NA,NA,NA,NA
"145","Q109665835","Q109665835","rugby union team",NA,NA,NA,NA,"France",NA,NA,NA,"Balma",NA,NA
"146","Q109665836","Club sportif annonéen","rugby union club","1903-01-01T00:00:00Z",NA,NA,NA,"France",NA,NA,NA,"Annonay",NA,NA
"147","Q109665836","Club sportif annonéen","rugby union team","1903-01-01T00:00:00Z",NA,NA,NA,"France",NA,NA,NA,"Annonay",NA,NA
"148","Q109665837","Q109665837","rugby union team",NA,NA,NA,NA,"France",NA,NA,NA,"Givors",NA,NA
"149","Q109665838","Stade Piscénois Rugby","rugby union club","1921-01-01T00:00:00Z",NA,NA,NA,"France",NA,NA,NA,"Pézenas",NA,NA
"150","Q109717645","Q109717645","rugby union team",NA,NA,NA,NA,"France",NA,NA,NA,"Fleury",NA,NA
"151","Q109717674","Q109717674","rugby union team",NA,NA,NA,NA,"France",NA,NA,NA,"Lyon",NA,NA
"152","Q109717699","Q109717699","rugby union team",NA,NA,NA,NA,"France",NA,NA,NA,"Vicq-sur-Gartempe",NA,NA
"153","Q109806875","RC Veyle Saône","rugby union team","1977-07-22T00:00:00Z",NA,NA,NA,"France",NA,"Q119207970; Q119370260",NA,"Pont-de-Veyle",NA,NA
"154","Q109941509","Rugbyende Utrechtse Studenten","rugby union club",NA,NA,NA,NA,"Netherlands",NA,NA,NA,NA,NA,NA
"155","Q1101990","SS Lazio Rugby 1927","rugby union club","1927-01-01T00:00:00Z",NA,"Biancazzurri; Aquile; Biancocelesti","Italian Rugby Federation","Italy","Serie A Élite","Centro Sportivo Giulio Onesti","1036",NA,NA,NA
"156","Q110250064","Rugbi Club Sant Andreu","rugby union team","1921-01-01T00:00:00Z","1925-01-01T00:00:00Z","Diables Rojos",NA,"Spain",NA,NA,NA,"Sant Andreu de Palomar",NA,NA
"157","Q1102931","Club Almirante Brown","rugby union club","1912-07-01T00:00:00Z",NA,NA,NA,"Argentina",NA,"Estadio Fragata Presidente Sarmiento",NA,"Isidro Casanova",NA,NA
"158","Q11044609","Calcutta Cricket and Football Club","rugby union team","1792-01-01T00:00:00Z",NA,NA,NA,"India",NA,NA,NA,NA,NA,NA
"159","Q11054105","Football Club de Lyon (rugby à XV)","rugby union team","1893-01-01T00:00:00Z","1945-01-01T00:00:00Z",NA,NA,"France",NA,NA,NA,"Lyon",NA,"/g/128dggdd9"
"160","Q1105950","Kecskeméti Atlétika és Rugby Club","rugby union team","1979-01-01T00:00:00Z",NA,NA,NA,"Hungary",NA,NA,NA,NA,NA,NA
"161","Q110613058","Life West Gladiators","rugby union team",NA,NA,NA,NA,"United States of America",NA,NA,NA,"Hayward",NA,NA
"162","Q110741460","Peninsula Seagulls","rugby union team","2014-01-01T00:00:00Z",NA,NA,NA,NA,NA,NA,NA,NA,NA,NA
"163","Q110892002","Q110892002","rugby union team","1901-01-01T00:00:00Z","1962-03-11T00:00:00Z",NA,NA,"France",NA,NA,NA,"Nay",NA,NA
"164","Q110892064","Q110892064","rugby union team","1929-12-01T00:00:00Z",NA,NA,NA,"France",NA,NA,NA,"Monein",NA,NA
"165","Q110955438","US Soustons","rugby union team","1909-10-07T00:00:00Z","1926-01-01T00:00:00Z",NA,NA,"France",NA,NA,NA,"Soustons",NA,NA
"166","Q111311281","Químic Equip de Rugby","rugby union team","1986-01-01T00:00:00Z",NA,NA,NA,"Spain",NA,NA,NA,"Barcelona",NA,NA
"167","Q11136961","Mexico national rugby union team","national rugby union team","1996-01-01T00:00:00Z",NA,"Serpientes",NA,"Mexico",NA,NA,NA,NA,NA,NA
"168","Q111433687","Q111433687","rugby union team","http://www.wikidata.org/.well-known/genid/1e00510c0e3ad1a574bbf650273e84bd","1962-01-01T00:00:00Z",NA,NA,"France",NA,NA,NA,"Magescq",NA,NA
"169","Q1115439","RC Narbonne","rugby union club","1907-01-01T00:00:00Z",NA,NA,"French Rugby Federation","France","Pro D2","Parc des Sports et de l'Amitié","12000","Narbonne",NA,NA
"170","Q111913589","San Diego Surfers","rugby union team",NA,NA,NA,NA,NA,"USA Rugby Women's Premier League",NA,NA,"San Diego",NA,NA
"171","Q11195984","Q11195984","rugby union team","1982-01-01T00:00:00Z",NA,NA,NA,"Spain",NA,NA,NA,NA,NA,"/g/122v3r9y"
"172","Q111994855","Beccehamian Rugby Football Club","rugby union club",NA,NA,NA,NA,"United Kingdom",NA,NA,NA,NA,NA,NA
"173","Q1121321","Shizuoka Blue Revs","rugby union club","1984-01-01T00:00:00Z",NA,NA,NA,"Japan","Japan Rugby League One","Yamaha Stadium","15165","Iwata",NA,NA
"174","Q112225762","Q112225762","rugby union team",NA,NA,NA,NA,NA,NA,NA,NA,NA,NA,NA
"175","Q1122433","Japan national rugby union team","national rugby union team","1932-01-31T00:00:00Z",NA,"Brave Blossoms",NA,"Japan",NA,"Chichibunomiya Rugby Stadium","24871",NA,NA,NA
"176","Q11226317","JR WEST Railers","rugby union team",NA,NA,NA,NA,"Japan","Top West",NA,NA,NA,NA,"/g/1226mqwn"
"177","Q1122765","Singapore national rugby union team","national rugby union team",NA,NA,NA,NA,"Singapore",NA,NA,NA,NA,NA,NA
"178","Q1124430","US Cognac","rugby union team","1899-12-02T00:00:00Z",NA,NA,NA,"France",NA,"Parc des sports de Cognac",NA,"Cognac",NA,NA
"179","Q112605483","Q112605483","rugby union team","1972-01-01T00:00:00Z",NA,NA,NA,"France",NA,NA,NA,"Léognan",NA,NA
"180","Q1126167","Connacht Rugby","rugby union club","1885-01-01T00:00:00Z",NA,NA,NA,"Ireland","United Rugby Championship","Dexcom Stadium",NA,"Galway",NA,NA
"181","Q1127974","Pontypool RFC","rugby union team","1868-01-01T00:00:00Z",NA,"Pooler","Welsh Rugby Union","United Kingdom","Welsh Championship","Pontypool Park","8800",NA,NA,NA
"182","Q112860723","Nepal national rugby union team","national rugby union team",NA,NA,NA,NA,"Nepal",NA,NA,NA,NA,NA,NA
"183","Q112876522","Q112876522","rugby union team","1976-01-01T00:00:00Z",NA,NA,NA,"France","Q48750368",NA,NA,"Montaigut-le-Blanc",NA,NA
"184","Q112876522","Q112876522","rugby union team","1976-01-01T00:00:00Z",NA,NA,NA,"France","Q2950711",NA,NA,"Montaigut-le-Blanc",NA,NA
"185","Q113135","Italy national rugby union team","national rugby union team","1929-05-20T00:00:00Z",NA,"Azzurri",NA,"Italy",NA,"Stadio Olimpico","70634",NA,NA,NA
"186","Q113159162","Brisbane Broncos Women","rugby union team",NA,NA,NA,NA,NA,NA,NA,NA,NA,NA,NA
"187","Q1132148","GranDucato Parma","rugby union team","1999-07-14T00:00:00Z","2011-01-01T00:00:00Z",NA,"Italian Rugby Federation","Italy",NA,NA,NA,NA,NA,NA
"188","Q1132521","Amatori Rugby Milano","defunct rugby union club","1927-01-01T00:00:00Z","2011-01-01T00:00:00Z",NA,"Italian Rugby Federation","Italy",NA,NA,NA,NA,NA,NA
"189","Q113291271","Urayasu D-Rocks","rugby union team","2022-07-01T00:00:00Z",NA,"D-Rocks",NA,"Japan",NA,NA,NA,NA,NA,"/g/11t7d0rhpy"
"190","Q113374283","Entente Meximieux Dagneux Plaine de l'Ain","rugby union club","1970-01-01T00:00:00Z",NA,NA,NA,"France",NA,"Stade de la Prairie",NA,"Meximieux",NA,NA
"191","Q11340570","Mazda Skyactivs Hiroshima","rugby union team","1963-01-01T00:00:00Z",NA,NA,NA,"Japan","Japan Rugby League One",NA,NA,NA,NA,NA
"192","Q1134198","Cornish Pirates","rugby union club","1945-01-01T00:00:00Z",NA,NA,NA,"United Kingdom",NA,"Mennaye Field",NA,"Penzance",NA,NA
"193","Q11345675","Unitika Phoenix","rugby union team",NA,NA,NA,NA,"Japan",NA,NA,NA,NA,NA,"/g/122qgm35"
"194","Q1134659","Tonga national rugby union team","national rugby union team","1924-08-15T00:00:00Z",NA,"ʻIkale Tahi",NA,"Tonga",NA,"Teufaiva Sport Stadium","10000",NA,NA,NA
"195","Q1134669","Fiji national rugby union team","national rugby union team","1924-08-15T00:00:00Z",NA,"Flying Fijians",NA,"Fiji",NA,NA,NA,NA,NA,NA
"196","Q113472032","Q113472032","rugby union team",NA,NA,NA,NA,"France",NA,NA,NA,"Noumea",NA,NA
"197","Q113483327","Canberra Raiders","rugby union club",NA,NA,NA,NA,NA,NA,"Canberra Stadium",NA,NA,NA,NA
"198","Q113483334","Cronulla-Sutherland Sharks","rugby union club",NA,NA,NA,NA,NA,NA,"Endeavour Field",NA,NA,NA,NA
"199","Q113483344","North Queensland Cowboys","rugby union club",NA,NA,NA,NA,NA,NA,"Queensland Country Bank Stadium",NA,NA,NA,NA
"200","Q113507904","Khimik Rugby Club","rugby union club","2021-01-01T00:00:00Z",NA,NA,NA,"Russia",NA,NA,NA,NA,NA,NA
"201","Q11352904","Hitotsubashi University Rugby Football Club","rugby union team","1922-01-01T00:00:00Z",NA,NA,NA,"Japan","Q11655915",NA,NA,NA,NA,"/g/121p6gjg"
"202","Q11357155","Mitsubishi Heavy Industries Nagasaki Rugby Football Club","rugby union team",NA,NA,NA,NA,"Japan","Q11321256",NA,NA,NA,NA,"/g/120vbsss"
"203","Q113578817","Nerja Rugby Club","rugby union club",NA,NA,NA,NA,NA,NA,NA,NA,NA,NA,NA
"204","Q11359099","Sophia University Rugby Football Club","rugby union team","1954-01-01T00:00:00Z",NA,NA,NA,"Japan","Q11655915",NA,NA,NA,NA,"/g/1214mgcq"
"205","Q11363453","Chugoku Red Regulions","rugby union team","1987-01-01T00:00:00Z",NA,NA,NA,"Japan","Japan Rugby League One",NA,NA,"Hiroshima Prefecture",NA,"/g/120qdflk"
"206","Q11363663","Chuo University Rugby Football Club","rugby union team",NA,NA,NA,NA,"Japan",NA,NA,NA,NA,NA,"/g/122jqlhr"
"207","Q11370170","Kyushu Kyoritsu University Rugby Football Club","rugby union team",NA,NA,NA,NA,"Japan",NA,NA,NA,NA,NA,"/g/120qkmsc"
"208","Q11370211","Q11370211","rugby union team",NA,NA,NA,NA,"Japan",NA,NA,NA,NA,NA,"/g/121_zq3q"
"209","Q11370361","Kyuden Voltex","rugby union club","1951-01-01T00:00:00Z",NA,NA,NA,"Japan","Japan Rugby League One",NA,NA,NA,NA,NA
"210","Q1137086","Counties Manukau Rugby Football Union","rugby union team","1955-01-01T00:00:00Z",NA,"Steelers",NA,"New Zealand",NA,"Navigation Homes Stadium","12000","Pukekohe",NA,NA
"211","Q11374905","Kyoto University Rugby Football Club","rugby union team",NA,NA,NA,NA,"Japan",NA,NA,NA,NA,NA,"/g/1211q200"
"212","Q11375632","Kyoto Sangyo University Rugby Football Club","rugby union team",NA,NA,NA,NA,"Japan",NA,NA,NA,NA,NA,"/g/121hfjj1"
"213","Q1138074","Coventry R.F.C.","rugby union team","1874-01-01T00:00:00Z",NA,NA,NA,"United Kingdom",NA,"Butts Park Arena",NA,"Coventry",NA,NA
"214","Q1138539","Samoa national rugby union team","national rugby union team","1924-08-18T00:00:00Z",NA,"Manu Samoa",NA,"Samoa",NA,"Apia Park","15000",NA,NA,NA
"215","Q11392448","Q11392448","rugby union team",NA,NA,NA,NA,"Japan",NA,NA,NA,NA,NA,"/g/1232v3lm"
"216","Q113997254","Q113997254","rugby union team",NA,"2016-06-30T00:00:00Z",NA,NA,"France",NA,NA,NA,"Eaunes",NA,NA
"217","Q11402489","Hokkaido Barbarians","rugby union team",NA,NA,NA,NA,"Japan",NA,NA,NA,NA,NA,"/g/122sm8r5"
"218","Q1140373","Munster Rugby","rugby union franchise","1879-01-01T00:00:00Z",NA,NA,NA,"Ireland","United Rugby Championship","Thomond Park",NA,"Limerick",NA,NA
"219","Q114037688","Q114037688","rugby union team","2006-01-01T00:00:00Z",NA,NA,NA,"France",NA,NA,NA,"Joué-lès-Tours; Saint-Pierre-des-Corps",NA,NA
"220","Q114065906","Magnoac Football Club","rugby union team","1908-01-01T00:00:00Z",NA,NA,NA,"France",NA,NA,NA,"Castelnau-Magnoac",NA,NA
"221","Q114066383","Q114066383","rugby union team",NA,NA,NA,NA,"France",NA,NA,NA,"Gradignan",NA,NA
"222","Q11414629","Doshisha University Rugby Football Club","rugby union team","1911-01-01T00:00:00Z",NA,NA,NA,"Japan","Kansai University Rugby Football League",NA,NA,NA,NA,"/g/121dckt2"
"223","Q11436142","Daito Bunka University Rugby Football Club","rugby union team",NA,NA,NA,NA,"Japan","Q11655916",NA,NA,NA,NA,"/g/12156cw1"
"224","Q1143805","United States national rugby union team","national rugby union team","1912-09-06T00:00:00Z",NA,NA,NA,"United States of America",NA,NA,NA,NA,NA,NA
"225","Q11440037","Osaka University of Health and Sport Sciences Rugby Football Club","rugby union team",NA,NA,NA,NA,"Japan","Kansai University Rugby Football League",NA,NA,NA,NA,"/g/122tcpx1"
"226","Q11441551","Osaka Sangyo University Rugby Football Club","rugby union team",NA,NA,NA,NA,"Japan",NA,NA,NA,NA,NA,"/g/1218lqx2"
"227","Q11448882","Gakushuin Rugby Football Society","rugby union team","1928-01-01T00:00:00Z",NA,NA,NA,"Japan","Q11655915",NA,NA,NA,NA,"/g/120n3645"
"228","Q11458401","Q11458401","rugby union team",NA,NA,NA,NA,"Japan",NA,NA,NA,NA,NA,"/g/122nc54x"
"229","Q114595992","Rugby Monza 1949","defunct rugby union club","2002-01-01T00:00:00Z","2021-01-01T00:00:00Z","le Ringhio","Italian Rugby Federation","Italy",NA,NA,NA,NA,NA,NA
"230","Q11480974","Teikyo University Rugby Football Club","rugby union team","1970-01-01T00:00:00Z",NA,NA,NA,"Japan","Q11655915",NA,NA,NA,NA,"/g/120vn7nt"
"231","Q11490866","Q11490866","rugby union team",NA,NA,NA,NA,"Japan",NA,NA,NA,NA,NA,"/g/122jdv7d"
"232","Q11495158","Keio University Rugby Football Club","rugby union team",NA,NA,NA,NA,"Japan","Q11655915",NA,NA,NA,NA,"/g/122zvwhf"
"233","Q11495405","Seijo Rugby Club","rugby union team",NA,NA,NA,NA,"Japan","Q11655915",NA,NA,NA,NA,"/g/1216ln2s"
"234","Q11495788","Seikei Rugby Football Club","rugby union team","1923-01-01T00:00:00Z",NA,NA,NA,"Japan","Q11655915",NA,NA,NA,NA,"/g/122cnk2g"
"235","Q11497762","Takushoku University Rugby Football Club","rugby union team",NA,NA,NA,NA,"Japan",NA,NA,NA,NA,NA,"/g/122d8cyp"
"236","Q1149835","Harlequin F.C.","rugby union club","1866-01-01T00:00:00Z",NA,"Quins","Rugby Football Union","United Kingdom","Premiership Rugby","Twickenham Stoop","14816",NA,"harlequins",NA
"237","Q11498533","Q11498533","rugby union team",NA,NA,NA,NA,"Japan",NA,NA,NA,NA,NA,"/g/1228lx2s"
"238","Q1150127","Wasps RFC","rugby union club","1867-01-01T00:00:00Z",NA,NA,"Rugby Football Union","United Kingdom","Premiership Rugby","Ricoh Arena","32609","Coventry","wasps",NA
"239","Q11502420","Q11502420","rugby union team",NA,NA,NA,NA,"Japan",NA,NA,NA,NA,NA,"/g/1203ncd_g"
"240","Q11507236","Nippon Sport Science University Rugby Football Club","rugby union team",NA,NA,NA,NA,"Japan","Q11655915",NA,NA,NA,NA,"/g/120mc2sp"
"241","Q11507834","Nihon University Rugby Football Club","rugby union team","1928-01-01T00:00:00Z",NA,NA,NA,"Japan","Q11655916",NA,NA,NA,NA,"/g/121qyqbk"
"242","Q11508204","Q11508204","rugby union team",NA,NA,NA,NA,"Japan",NA,NA,NA,NA,NA,"/g/12151hnv"
"243","Q115094352","Q115094352","rugby union team",NA,NA,NA,NA,"France",NA,NA,NA,"Mauvezin",NA,NA
"244","Q11512317","Meiji University Rugby Football Club","rugby union team","1922-01-01T00:00:00Z",NA,NA,NA,"Japan","Q11655915",NA,NA,NA,NA,"/g/122k64wv"
"245","Q11512339","Meiji Gakuin University Rugby Football Club","rugby union team","1928-01-01T00:00:00Z",NA,NA,NA,"Japan","Q11655915",NA,NA,NA,NA,"/g/12307f8r"
"246","Q115161839","Park House Football Club","rugby union club","1883-01-01T00:00:00Z",NA,NA,NA,NA,NA,NA,NA,NA,NA,NA
"247","Q11524707","University of Tokyo Rugby Football Club","rugby union team","1921-01-01T00:00:00Z",NA,"トウダイ",NA,"Japan","Q11655915",NA,NA,NA,NA,"/g/120zjs4c"
"248","Q115272372","Chicago Hounds","rugby union team","2022-01-01T00:00:00Z",NA,NA,NA,"United States of America","Major League Rugby","SeatGeek Stadium",NA,"Chicago",NA,NA
"249","Q11527836","Tokai University Rugby Football Club","rugby union team",NA,NA,NA,NA,"Japan",NA,NA,NA,NA,NA,"/g/122qywpx"
"250","Q11546349","Musashi University Rugby Football Club","rugby union team","1958-01-01T00:00:00Z",NA,NA,NA,"Japan","Q11655915",NA,NA,NA,NA,"/g/121q4cvq"
"251","Q11556775","Ryutsu Keizai University Rugby Football Club","rugby union team","1965-01-01T00:00:00Z",NA,NA,NA,"Japan","Q11655916",NA,NA,NA,NA,"/g/121fqm2s"
"252","Q1156303","Blues","rugby union franchise","1996-01-01T00:00:00Z",NA,NA,NA,"New Zealand","Super Rugby","Eden Park",NA,"Auckland",NA,NA
"253","Q115754320","Green Gazelles","rugby union club",NA,NA,NA,NA,"United Kingdom",NA,NA,NA,NA,NA,NA
"254","Q115754630","Pacific Tigers rugby","rugby union team","1961-01-01T00:00:00Z",NA,NA,NA,"United States of America",NA,NA,NA,NA,NA,NA
"255","Q11577686","Q11577686","rugby union team",NA,NA,NA,NA,"Japan",NA,NA,NA,NA,NA,"/g/120_4m2d"
"256","Q115802958","Diables Barcelona","rugby union team",NA,NA,NA,NA,NA,NA,NA,NA,NA,NA,NA
"257","Q115857504","Q115857504","rugby union team","1967-01-01T00:00:00Z",NA,NA,NA,"France",NA,NA,NA,"Berre-l'Étang",NA,NA
"258","Q115863939","Dogos XV","rugby union team","2023-01-01T00:00:00Z",NA,NA,NA,"Argentina","Super Rugby Americas",NA,NA,"Córdoba",NA,NA
"259","Q11592198","Q11592198","rugby union team",NA,NA,NA,NA,"Japan",NA,NA,NA,NA,NA,"/g/1238y47r"
"260","Q11592218","Q11592218","rugby union team",NA,NA,NA,NA,"Japan",NA,NA,NA,NA,NA,"/g/1211jlr4"
"261","Q11595221","Akita Northern Bullets","rugby union team","1958-01-01T00:00:00Z",NA,NA,NA,"Japan","TOP EAST LEAGUE",NA,NA,"Akita",NA,"/g/122t1mv_"
"262","Q11597797","Ritsumeikan University Rugby Team","rugby union team",NA,NA,NA,NA,"Japan",NA,NA,NA,NA,NA,"/g/122gl7bd"
"263","Q11597985","Rikkyo University Rugby Football Club","rugby union team",NA,NA,NA,NA,"Japan","Q11655915",NA,NA,NA,NA,"/g/121qmyyn"
"264","Q11598021","Rissho University Rugby Football Club","rugby union team","1963-01-01T00:00:00Z",NA,NA,NA,"Japan","Q11655916",NA,NA,NA,NA,"/g/122hzt10"
"265","Q11602849","University of Tsukuba Rugby Football Club","rugby union team","1924-01-01T00:00:00Z",NA,NA,NA,"Japan","Q11655915",NA,NA,NA,NA,"/g/122nzdl6"
"266","Q116057455","Taipei Yuan-kun","rugby union team",NA,NA,NA,NA,"Taiwan","Q114563237",NA,NA,NA,NA,NA
"267","Q116057584","Hai Yang Ocean Feed","rugby union team",NA,NA,NA,NA,"Taiwan","Q114563237",NA,NA,NA,NA,NA
"268","Q116057621","Oriact","rugby union team",NA,NA,NA,NA,"Taiwan","Q114563237",NA,NA,NA,NA,NA
"269","Q116057629","Takeshi Omura Giants","rugby union team",NA,NA,NA,NA,"Taiwan","Q114563237",NA,NA,NA,NA,NA
"270","Q116057636","Taiwan Sports Lei Xu Tyrannosaurus","rugby union team",NA,NA,NA,NA,"Taiwan","Q114563237",NA,NA,NA,NA,NA
"271","Q116057643","Tainan Kaier","rugby union team",NA,NA,NA,NA,"Taiwan","Q114563237",NA,NA,NA,NA,NA
"272","Q116057670","Taoyuan Gorilla","rugby union team",NA,NA,NA,NA,"Taiwan","Q114563237",NA,NA,NA,NA,NA
"273","Q116232676","Tunisia women's national rugby union team","national rugby union team",NA,NA,NA,NA,"Tunisia",NA,NA,NA,NA,NA,NA
"274","Q11627318","Q11627318","rugby union team",NA,NA,NA,NA,"Japan",NA,NA,NA,NA,NA,"/g/120qkz1j"
"275","Q11638608","Q11638608","rugby union team",NA,NA,NA,NA,"Japan",NA,NA,NA,NA,NA,"/g/1232jpbg"
"276","Q116451279","Rugby Club Uzès","rugby union club","1977-01-01T00:00:00Z",NA,NA,NA,NA,NA,NA,NA,NA,NA,NA
"277","Q116451572","Lei Raouba Vesso Rugby","rugby union club","2010-01-12T00:00:00Z",NA,NA,NA,"France",NA,NA,NA,"Aimargues",NA,NA
"278","Q11648111","Nippon Steel Kamaishi Seawaves","rugby union team","2001-01-01T00:00:00Z",NA,NA,NA,"Japan","Japan Rugby League One","Kamaishi Recovery Memorial Stadium",NA,"Kamaishi",NA,NA
"279","Q11655946","Kanto Gakuin University Rugby Football Club","rugby union team","1960-01-01T00:00:00Z",NA,NA,NA,"Japan","Q11655916",NA,NA,NA,NA,"/g/122_9jc0"
"280","Q11656295","Q11656295","rugby union team",NA,NA,NA,NA,"Japan",NA,NA,NA,NA,NA,"/g/1227pxnb"
"281","Q11656325","Q11656325","rugby union team",NA,NA,NA,NA,"Japan",NA,NA,NA,NA,NA,"/g/122hzt3s"
"282","Q11661256","Aoyama Gakuin University Rugby Football Club","rugby union team","1923-01-01T00:00:00Z",NA,NA,NA,"Japan","Q11655915",NA,NA,NA,NA,"/g/121k841_"
"283","Q11676518","Q11676518","rugby union team",NA,NA,NA,NA,"Japan",NA,NA,NA,NA,NA,"/g/121wympc"
"284","Q11679378","Q11679378","rugby union team",NA,NA,NA,NA,"Japan",NA,NA,NA,NA,NA,"/g/120v5m79"
"285","Q116860340","Harvard women's rugby","rugby union team","1982-01-01T00:00:00Z",NA,NA,NA,"United States of America",NA,NA,NA,NA,NA,NA
"286","Q1170708","Pumas","rugby union team","1969-01-01T00:00:00Z",NA,NA,"South African Rugby Union","South Africa","Currie Cup","Mbombela Stadium","40929",NA,NA,NA
"287","Q1170716","Griquas","rugby union team","1886-01-01T00:00:00Z",NA,"Peacock Blues; Poubloues","South African Rugby Union","South Africa","Currie Cup","Hoffe Park Stadium","11000","Kimberley",NA,NA
"288","Q1170721","Boland Cavaliers","rugby union team","1939-01-01T00:00:00Z",NA,"Wynboere","South African Rugby Union","South Africa","Currie Cup","Boland Stadium","3500","Wellington",NA,NA
"289","Q1170726","Falcons","rugby union team","1947-01-01T00:00:00Z",NA,"Skarlakenrooies","South African Rugby Union","South Africa","Currie Cup","Barnard Stadium","7000","Kempton Park",NA,NA
"290","Q117196113","Kosovo national rugby union team","national rugby union team","2023-04-01T00:00:00Z",NA,"Dardanët",NA,"Kosovo",NA,NA,NA,NA,NA,NA
"291","Q117286464","Blue Mountains Rugby Club","rugby union club",NA,NA,NA,NA,"Australia",NA,NA,NA,NA,NA,NA
"292","Q11753568","RC Lechia Gdańsk","rugby union team","1956-05-01T00:00:00Z",NA,NA,"Polski Związek Rugby","Poland","Rugby Ekstraliga","MOSiR Stadium",NA,NA,NA,"/g/122fpxlp"
"293","Q117728444","St. Xavier Bombers rugby","rugby union team",NA,NA,NA,NA,"United States of America",NA,NA,NA,NA,NA,NA
"294","Q11775251","JIMI RC Vyškov","rugby union team","1952-01-01T00:00:00Z",NA,NA,NA,"Czech Republic",NA,NA,NA,NA,NA,NA
"295","Q11775372","Q11775372","rugby union team","1904-01-01T00:00:00Z",NA,NA,NA,"France",NA,NA,NA,"Peyrehorade",NA,"/g/12b02jfmf"
"296","Q11796690","MKS Ogniwo Sopot","rugby union team","1966-06-23T00:00:00Z",NA,NA,NA,"Poland",NA,NA,NA,NA,NA,"/g/122gwrr3"
"297","Q118128575","Tel Aviv Ibex RFC","rugby union team",NA,NA,NA,"ASA Tel Aviv Rugby Club","Israel",NA,NA,NA,NA,NA,NA
"298","Q118142955","Poland national under-20 rugby union team","rugby union team",NA,NA,"Biało-czerwoni",NA,"Poland",NA,NA,NA,NA,NA,NA
"299","Q11821060","Pogoń Siedlce","rugby union club","1944-01-01T00:00:00Z",NA,NA,NA,"Poland",NA,NA,NA,NA,NA,"/g/113qbdr7j"
"300","Q11821060","Pogoń Siedlce","rugby union team","1944-01-01T00:00:00Z",NA,NA,NA,"Poland",NA,NA,NA,NA,NA,"/g/113qbdr7j"
"301","Q118498","Racing 92","rugby union club","1890-01-01T00:00:00Z",NA,NA,NA,"France","Top 14","Paris La Défense Arena; Yves du Manoir Stadium",NA,"Le Plessis-Robinson",NA,NA
"302","Q118695714","Sanguinet Athletic Club","rugby union club","1942-01-01T00:00:00Z",NA,NA,NA,"France",NA,NA,NA,"Sanguinet",NA,NA
"303","Q118874892","CSM Constanța","rugby union team","2021-01-01T00:00:00Z",NA,NA,NA,"Romania",NA,NA,NA,NA,NA,NA
"304","Q118951102","Union sportive Montréjeau Gourdan-Polignan XV","rugby union club","1921-04-01T00:00:00Z",NA,NA,NA,"France",NA,NA,NA,"Montréjeau",NA,NA
"305","Q1193020","London Irish RFC","rugby union club","1898-01-01T00:00:00Z",NA,"The Exiles",NA,"United Kingdom","Premiership Rugby","Madejski Stadium; Brentford Community Stadium",NA,NA,"london-irish",NA
"306","Q119407109","Association amicale et sportive de Sarcelles","rugby union club",NA,NA,NA,NA,"France",NA,NA,NA,"Sarcelles",NA,NA
"307","Q119407111","Beauvais Rugby Club","rugby union club",NA,NA,NA,NA,"France",NA,NA,NA,"Beauvais",NA,NA
"308","Q119407112","Bourges XV","rugby union club",NA,NA,NA,NA,"France",NA,NA,NA,"Bourges",NA,NA
"309","Q119407113","Club Sportif Nuiton","rugby union club",NA,NA,NA,NA,"France",NA,NA,NA,"Nuits-Saint-Georges",NA,NA
"310","Q119407115","Rugby Club de Sérignan","rugby union club",NA,NA,NA,NA,"France",NA,NA,NA,"Sérignan",NA,NA
"311","Q119407116","Rugby Olympique Castelnaudary","rugby union club",NA,NA,NA,NA,"France",NA,NA,NA,"Castelnaudary",NA,NA
"312","Q119407121","Union Sportive de Meyzieu Rugby","rugby union club",NA,NA,NA,NA,"France",NA,NA,NA,"Meyzieu",NA,NA
"313","Q119407242","Union Barbezieux Jonzac","rugby union club","2013-06-06T00:00:00Z",NA,NA,NA,"France",NA,NA,NA,"Barbezieux-Saint-Hilaire",NA,NA
"314","Q119407871","Aviron Gruissanais Rugby","rugby union club",NA,NA,NA,NA,"France",NA,NA,NA,"Gruissan",NA,NA
"315","Q119410865","Barbezieux Sud-Charente Rugby","rugby union club","1998-06-08T00:00:00Z",NA,NA,NA,"France",NA,NA,NA,"Barbezieux-Saint-Hilaire",NA,NA
"316","Q119410867","Rugby Club Jonzacais Haute Saintonge","rugby union club","1909-01-31T00:00:00Z",NA,NA,NA,"France",NA,NA,NA,"Jonzac",NA,NA
"317","Q119413542","Toulouse Olympique Aérospatiale Club","rugby union club",NA,NA,NA,NA,"France",NA,NA,NA,"Toulouse",NA,NA
"318","Q119414127","Football Club de Toulouse","rugby union club","1945-09-05T00:00:00Z","2000-06-26T00:00:00Z",NA,NA,"France",NA,NA,NA,"Toulouse",NA,NA
"319","Q119415425","Stade Olympique Ugine Albertville Rugby","rugby union club","1985-01-01T00:00:00Z",NA,NA,NA,"France",NA,NA,NA,"Albertville",NA,NA
"320","Q119418542","Club Athlétique Pontissalien Rugby","rugby union club","1927-01-01T00:00:00Z",NA,NA,NA,"France",NA,NA,NA,"Pontarlier",NA,NA
"321","Q119418730","Viry-Châtillon Rugby Club","rugby union club","1988-07-21T00:00:00Z",NA,NA,NA,"France",NA,NA,NA,"Viry-Châtillon",NA,NA
"322","Q119423249","Union Sportive Perpignanaise","rugby union club","1919-05-07T00:00:00Z","1933-05-04T00:00:00Z",NA,NA,"France",NA,NA,NA,"Perpignan",NA,NA
"323","Q119423381","Association Sportive Perpignanaise","rugby union club","1902-01-01T00:00:00Z","1919-05-06T00:00:00Z",NA,NA,"France",NA,NA,NA,"Perpignan",NA,NA
"324","Q119423480","Stade Olympique Perpignan","rugby union club",NA,"1919-05-06T00:00:00Z",NA,NA,"France",NA,NA,NA,"Perpignan",NA,NA
"325","Q119423683","Arlequins Club Perpignanais","rugby union club","1919-12-08T00:00:00Z","1933-05-04T00:00:00Z",NA,NA,"France",NA,NA,NA,"Perpignan",NA,NA
"326","Q119849076","Rugby Club Haute Bresse","rugby union club","1980-01-01T00:00:00Z",NA,NA,NA,"France",NA,NA,NA,"Town hall of Pont-de-Vaux",NA,NA
"327","Q11986910","Luctonians","rugby union team","1948-01-01T00:00:00Z",NA,NA,NA,"United Kingdom",NA,NA,NA,NA,NA,NA
"328","Q119999690","Miami Sharks","rugby union team","2023-01-01T00:00:00Z",NA,NA,NA,"United States of America",NA,NA,NA,NA,NA,NA
"329","Q1201283","Northampton Saints","rugby union club","1880-01-01T00:00:00Z",NA,"The Saints","Rugby Football Union","United Kingdom","Premiership Rugby","Franklin's Gardens","13951",NA,"northampton",NA
"330","Q120146040","Q120146040","rugby union team","1912-11-15T00:00:00Z",NA,NA,NA,"France",NA,NA,NA,NA,NA,NA
"331","Q120491524","Q120491524","rugby union team","1964-01-01T00:00:00Z",NA,NA,NA,"France",NA,NA,NA,"Saint-Raphaël",NA,NA
"332","Q120497959","Bangladesh national rugby union team","national rugby union team",NA,NA,NA,NA,"Bangladesh",NA,NA,NA,NA,NA,NA
"333","Q120831833","Q120831833","rugby union team",NA,NA,NA,NA,"France",NA,NA,NA,"Draguignan",NA,NA
"334","Q1210077","Highlanders","rugby union club","1996-01-01T00:00:00Z",NA,NA,NA,"New Zealand",NA,"Forsyth Barr Stadium",NA,"Dunedin",NA,NA
"335","Q1210146","Lions","rugby union club","1996-01-01T00:00:00Z",NA,NA,NA,"South Africa",NA,"Ellis Park Stadium",NA,"Johannesburg",NA,NA
"336","Q121027467","Ealing Trailfinders Women","rugby union team","2023-01-01T00:00:00Z",NA,NA,NA,"United Kingdom",NA,NA,NA,NA,NA,NA
"337","Q121464566","Q121464566","rugby union team","1923-01-01T00:00:00Z",NA,NA,NA,"France",NA,NA,NA,"Clermont-Ferrand",NA,NA
"338","Q121662812","Glasgow Raptors","rugby union team",NA,NA,NA,NA,"United Kingdom",NA,NA,NA,NA,NA,NA
"339","Q121891286","Q121891286","rugby union team",NA,NA,NA,NA,"France",NA,NA,NA,"Bedous",NA,NA
"340","Q122190998","Q122190998","rugby union team","1995-01-01T00:00:00Z",NA,NA,NA,"France",NA,NA,NA,"Limoges",NA,NA
"341","Q1225303","UA Gaillac","rugby union team","1901-01-01T00:00:00Z",NA,NA,NA,"France",NA,NA,NA,"Gaillac",NA,NA
"342","Q12254878","Baztan Rugby Team","rugby union team",NA,NA,NA,NA,"Spain",NA,NA,NA,NA,NA,NA
"343","Q12257447","Basque Country national rugby union team","national rugby union team",NA,NA,NA,NA,"France",NA,NA,NA,NA,NA,"/g/11c5qng5ns"
"344","Q122765722","Old Boys & Old Girls Club","rugby union team",NA,NA,NA,NA,"Uruguay",NA,NA,NA,NA,NA,NA
"345","Q122781600","Q122781600","rugby union team","1911-01-01T00:00:00Z","2011-06-30T00:00:00Z",NA,NA,"France",NA,NA,NA,"Capbreton",NA,NA
"346","Q122781635","Q122781635","rugby union team","1936-01-01T00:00:00Z","2011-06-30T00:00:00Z",NA,NA,"France",NA,NA,NA,"Soorts-Hossegor",NA,NA
"347","Q122781679","Q122781679","rugby union team","2011-07-01T00:00:00Z",NA,NA,NA,"France",NA,NA,NA,NA,NA,NA
"348","Q123027206","Clogher Valley RFC","rugby union club","1990-01-01T00:00:00Z",NA,NA,NA,"Northern Ireland",NA,NA,NA,NA,NA,NA
"349","Q12317453","Q12317453","rugby union team",NA,NA,NA,NA,"Denmark",NA,NA,NA,"Hundested",NA,NA
"350","Q123353671","Q123353671","rugby union team","1960-01-01T00:00:00Z",NA,NA,NA,"France",NA,NA,NA,"Villeneuve-de-Marsan",NA,NA
"351","Q123397514","Q123397514","rugby union team",NA,NA,NA,NA,"France",NA,NA,NA,"Cambo-les-Bains",NA,NA
"352","Q123521589","Ningbo Rhinos Rugby Football Club","rugby union team",NA,NA,NA,NA,"People's Republic of China",NA,NA,NA,NA,NA,NA
"353","Q12384799","Q12384799","rugby union team","1989-01-01T00:00:00Z",NA,NA,NA,"Spain",NA,NA,NA,"As Pontes de García Rodríguez",NA,NA
"354","Q12384806","Unión Aljarafe Sevilla","rugby union team",NA,NA,NA,NA,"Spain",NA,NA,NA,"Seville",NA,NA
"355","Q12386264","Q12386264","rugby union team","2008-01-01T00:00:00Z",NA,NA,NA,"Spain",NA,NA,NA,"Ferrol",NA,"/g/11clt75hr2"
"356","Q12386265","Q12386265","rugby union team",NA,NA,NA,NA,"Spain",NA,NA,NA,"Lalín",NA,NA
"357","Q123865408","Q123865408","rugby union team",NA,NA,NA,NA,"Taiwan","Q114563237",NA,NA,NA,NA,NA
"358","Q12390683","Q12390683","rugby union team","1988-01-01T00:00:00Z",NA,NA,NA,"Spain",NA,NA,NA,"Vilagarcía de Arousa",NA,NA
"359","Q12392916","Q12392916","rugby union team","1988-01-01T00:00:00Z",NA,NA,NA,"Spain",NA,"Monte Porreiro Municipal Sports Field",NA,"Pontevedra",NA,NA
"360","Q12393729","Q12393729","rugby union team","1986-01-01T00:00:00Z",NA,NA,NA,"Spain",NA,NA,NA,"Lugo",NA,NA
"361","Q12393891","Nenagh Ormond","rugby union team","1884-01-01T00:00:00Z",NA,NA,NA,"Ireland",NA,NA,NA,NA,NA,NA
"362","Q12396821","Q12396821","rugby union team",NA,NA,NA,NA,"Spain",NA,NA,NA,"Ourense",NA,NA
"363","Q12397896","Pontevedra Rugby Club","rugby union team","2009-01-01T00:00:00Z",NA,NA,NA,"Spain",NA,"Monte Porreiro Municipal Sports Field",NA,"Pontevedra",NA,NA
"364","Q123981663","Rugby Football Club Los Angeles","rugby union team","2023-01-01T00:00:00Z",NA,NA,NA,"United States of America",NA,NA,NA,NA,NA,NA
"365","Q12400032","Santiago Rugby Club","rugby union team","2007-01-01T00:00:00Z",NA,NA,NA,"Spain",NA,NA,NA,"Santiago de Compostela",NA,"/g/11cls_hfd0"
"366","Q12402420","Vitória F.C.","rugby union team",NA,NA,NA,NA,"Portugal",NA,NA,NA,NA,NA,NA
"367","Q124357090","Anthem Rugby Carolina","rugby union team",NA,NA,NA,NA,NA,NA,NA,NA,NA,NA,NA
"368","Q124382267","LeRIRO Fukuoka","rugby union team","2022-01-01T00:00:00Z",NA,NA,NA,"Japan","Q11321256",NA,NA,NA,NA,"/g/11td19cc44"
"369","Q124444451","Eccles Rugby Football Club","rugby union club",NA,NA,NA,NA,"United Kingdom",NA,NA,NA,NA,NA,NA
"370","Q124448748","Banbury RUFC","rugby union club",NA,NA,NA,NA,"United Kingdom",NA,NA,NA,NA,NA,NA
"371","Q124462420","Kingston Rugby Football Club","rugby union club",NA,NA,NA,NA,NA,NA,NA,NA,NA,NA,NA
"372","Q124526709","Q124526709","rugby union team",NA,NA,NA,NA,"France",NA,NA,NA,"Pessac",NA,NA
"373","Q124749935","Old Whitgiftians Rugby Football Club","rugby union club",NA,NA,NA,NA,"United Kingdom",NA,NA,NA,NA,NA,NA
"374","Q124754949","Newport Gwent Dragons","rugby union club",NA,NA,NA,NA,"Wales",NA,NA,NA,NA,NA,NA
"375","Q124833389","Orpington Rugby Football Club","rugby union club",NA,NA,NA,NA,"United Kingdom",NA,NA,NA,NA,NA,NA
"376","Q124842500","Royal Wootton Bassett RFC","rugby union club",NA,NA,NA,NA,NA,NA,NA,NA,NA,NA,NA
"377","Q1248558","Namibia national rugby union team","national rugby union team","1955-07-05T00:00:00Z",NA,"Welwitschias",NA,"Namibia",NA,"Hage Geingob Rugby Stadium","10000",NA,NA,NA
"378","Q124942927","Q124942927","rugby union team","1977-01-01T00:00:00Z",NA,NA,NA,"France",NA,NA,NA,"Saint-Martin-de-Seignanx",NA,NA
"379","Q124943367","Q124943367","rugby union team","1936-01-01T00:00:00Z","1952-01-01T00:00:00Z",NA,NA,"France",NA,NA,NA,NA,NA,NA
"380","Q125256648","Brigandze rugby compagnie","rugby union team",NA,NA,NA,NA,"Belgium",NA,NA,NA,NA,NA,NA
"381","Q125622597","Fawley Rugby Football Club","rugby union club",NA,NA,NA,NA,NA,NA,NA,NA,NA,NA,NA
"382","Q125931179","Q125931179","rugby union team",NA,NA,NA,NA,NA,NA,NA,NA,NA,NA,NA
"383","Q12631981","HARK Mladost","rugby union team","1954-01-17T00:00:00Z",NA,NA,"Croatian Rugby Federation","Croatia","Q12640601",NA,NA,"Zagreb",NA,"/g/122czx3h"
"384","Q126386035","Q126386035","rugby union team",NA,NA,NA,NA,"Monaco",NA,NA,NA,NA,NA,NA
"385","Q12640954","RK Ljubljana","rugby union team",NA,NA,NA,NA,"Slovenia",NA,NA,NA,NA,NA,"/g/122d8bxm"
"386","Q1268090","Kazakhstan national rugby union team","national rugby union team","1994-04-03T00:00:00Z",NA,"i Nomadi",NA,"Kazakhstan",NA,NA,NA,NA,NA,NA
"387","Q126896060","Whitstable Rugby Football Club","rugby union team",NA,NA,NA,NA,"United Kingdom",NA,NA,NA,NA,NA,NA
"388","Q126899209","Guildfordians Rugby Football Club","rugby union club",NA,NA,NA,NA,"United Kingdom",NA,NA,NA,NA,NA,NA
"389","Q126911202","Newton Abbot Rugby Club","rugby union club",NA,NA,NA,NA,"United Kingdom",NA,NA,NA,NA,NA,NA
"390","Q126924133","Burnham-On-Sea Rugby Club","rugby union club",NA,NA,NA,NA,"United Kingdom",NA,NA,NA,NA,NA,NA
"391","Q126948762","Old Reigatian Rugby Football Club","rugby union team",NA,NA,NA,NA,"United Kingdom",NA,NA,NA,NA,NA,NA
"392","Q126974888","Cretan Gunners","rugby union club","2015-10-01T00:00:00Z",NA,NA,NA,"Greece",NA,NA,NA,NA,NA,NA
"393","Q127038794","Trowbridge Rugby Club","rugby union club",NA,NA,NA,NA,NA,NA,NA,NA,NA,NA,NA
"394","Q127113515","Bexley Rugby Club","rugby union club","1957-01-01T00:00:00Z",NA,NA,NA,"United Kingdom",NA,NA,NA,NA,NA,NA
"395","Q127271313","Withycombe Rugby Football Club","rugby union club",NA,NA,NA,NA,NA,NA,NA,NA,NA,NA,NA
"396","Q127654446","Q127654446","rugby union team","2003-01-01T00:00:00Z",NA,NA,NA,"France",NA,NA,NA,"Villejuif",NA,NA
"397","Q1296847","Szentesi VSC 91-esek Rögbi Szakosztály","rugby union team","1991-01-01T00:00:00Z",NA,NA,NA,"Hungary",NA,NA,NA,NA,NA,NA
"398","Q129901183","Q129901183","rugby union team",NA,NA,NA,NA,"Poland",NA,NA,NA,NA,NA,NA
"399","Q1300399","Melbourne Rebels","rugby union franchise","2010-01-01T00:00:00Z",NA,NA,NA,"Australia","Super Rugby","Melbourne Rectangular Stadium",NA,"Melbourne",NA,NA
"400","Q130251215","Q130251215","rugby union team","1909-01-01T00:00:00Z",NA,NA,NA,"France",NA,NA,NA,"Sainte-Foy-la-Grande",NA,NA
"401","Q130252900","Q130252900","rugby union team","1921-08-25T00:00:00Z",NA,NA,NA,"France",NA,NA,NA,"Duras",NA,NA
"402","Q130275370","Q130275370","rugby union team","1926-01-01T00:00:00Z",NA,NA,NA,"France",NA,NA,NA,"Maurs",NA,NA
"403","Q130338958","Gravesend Rugby Football Club","rugby union club",NA,NA,NA,NA,NA,NA,NA,NA,NA,NA,NA
"404","Q130437904","Gillingham Anchorians Rugby Club","rugby union club",NA,NA,NA,NA,"United Kingdom",NA,NA,NA,NA,NA,NA
"405","Q130479332","Old Laurentian Rugby Football Club","rugby union club",NA,NA,NA,NA,"United Kingdom",NA,NA,NA,NA,NA,NA
"406","Q130502282","Stade dacquois","rugby union team","1902-01-01T00:00:00Z","1903-04-01T00:00:00Z",NA,NA,"France",NA,NA,NA,"Dax",NA,NA
"407","Q130554487","Boulou Sportif XV","defunct rugby union club","1921-10-25T00:00:00Z","2017-01-01T00:00:00Z",NA,NA,"France","Q48750250","Q130617636",NA,NA,NA,NA
"408","Q130714060","Beccehamian RFC","rugby union club",NA,NA,NA,NA,"United Kingdom",NA,NA,NA,NA,NA,NA
"409","Q130760477","RC Romanais Péageois","rugby union club",NA,NA,NA,NA,"France",NA,NA,NA,"Romans-sur-Isère",NA,NA
"410","Q13090286","RC Rudar Zenica","rugby union team","1982-01-01T00:00:00Z",NA,NA,NA,"Bosnia and Herzegovina","Regional Rugby Championship",NA,NA,NA,NA,"/g/11jg05xvbb"
"411","Q131295868","Aldwinians RUFC","rugby union club",NA,NA,NA,NA,"United Kingdom",NA,NA,NA,NA,NA,NA
"412","Q131295928","Beccehamian RFC","rugby union club",NA,NA,NA,NA,"United Kingdom",NA,NA,NA,NA,NA,NA
"413","Q131369430","Q131369430","rugby union team","2024-01-01T00:00:00Z",NA,NA,NA,NA,NA,NA,NA,"San Miguel de Tucumán",NA,NA
"414","Q131470552","Amesbury RFC","rugby union club",NA,NA,NA,NA,"United Kingdom",NA,NA,NA,NA,NA,NA
"415","Q131470561","Amicale Rugby Calaisien","rugby union club",NA,NA,NA,NA,"France",NA,NA,NA,NA,NA,NA
"416","Q131470654","Ashford RFC","rugby union club",NA,NA,NA,NA,"United Kingdom",NA,NA,NA,NA,NA,NA
"417","Q131470664","Ashley Down Old Boys RFC","rugby union club",NA,NA,NA,NA,"United Kingdom",NA,NA,NA,NA,NA,NA
"418","Q131471563","Q131471563","rugby union club",NA,NA,NA,NA,"United Kingdom",NA,NA,NA,NA,NA,NA
"419","Q131471579","Birmingham Civil Service RFC","rugby union club",NA,NA,NA,NA,"United Kingdom",NA,NA,NA,NA,NA,NA
"420","Q131515490","Q131515490","rugby union club",NA,NA,NA,NA,"United Kingdom",NA,NA,NA,NA,NA,NA
"421","Q131515571","Q131515571","rugby union club",NA,NA,NA,NA,"United Kingdom",NA,NA,NA,NA,NA,NA
"422","Q131515886","Q131515886","rugby union club",NA,NA,NA,NA,"United Kingdom",NA,NA,NA,NA,NA,NA
"423","Q1319827","US Dax","rugby union club","1903-04-01T00:00:00Z",NA,NA,"Union sportive dacquoise omnisports","France","Pro D2","Stade de Cuyès; Stade Maurice Boyau; stade Colette-Besson",NA,"Dax","dax",NA
"424","Q1333931","Union Sportive Bressane","rugby union club","1902-10-01T00:00:00Z",NA,NA,NA,"France",NA,"Stade Marcel-Verchère",NA,"Bourg-en-Bresse","bourg-en-bresse",NA
"425","Q1360196","Leeds Tykes","rugby union club","1991-01-01T00:00:00Z",NA,NA,"Rugby Football Union","United Kingdom","National League 1","Headingley Stadium","21062","Leeds",NA,NA
"426","Q1361000","Stade Français Rugby","rugby union club","1883-01-01T00:00:00Z",NA,NA,"French Rugby Federation","France","Top 14","Stade Jean-Bouin","20000","16th arrondissement of Paris","paris",NA
"427","Q1361000","Stade Français Rugby","rugby union team","1883-01-01T00:00:00Z",NA,NA,"French Rugby Federation","France","Top 14","Stade Jean-Bouin","20000","16th arrondissement of Paris","paris",NA
"428","Q1368281","Queensland Reds","rugby union franchise","1882-01-01T00:00:00Z",NA,NA,NA,"Australia",NA,"Lang Park",NA,"Brisbane",NA,NA
"429","Q1378158","Bulls","rugby union club","1997-01-01T00:00:00Z",NA,NA,NA,"South Africa",NA,"Loftus Versfeld Stadium",NA,"Pretoria",NA,NA
"430","Q1387142","Football Club Grenoble Rugby","rugby union club","1911-09-01T00:00:00Z",NA,"Rouges et bleus","French Rugby Federation","France","Pro D2","Stade des Alpes","20068","Grenoble",NA,NA
"431","Q1393650","Sharks","rugby union club","1996-01-01T00:00:00Z",NA,NA,NA,"South Africa",NA,"Kings Park Stadium",NA,"Durban",NA,NA
"432","Q1403018","Malta national rugby union team","national rugby union team",NA,NA,NA,NA,"Malta",NA,NA,NA,NA,NA,NA
"433","Q1407380","US Colomiers","rugby union club","1915-01-01T00:00:00Z",NA,NA,NA,"France","Pro D2","Stade Michel Bendichou",NA,"Colomiers",NA,NA
"434","Q1419899","Russia national rugby union team","national rugby union team","1992-10-11T00:00:00Z",NA,"Медведи",NA,"Russia",NA,NA,NA,NA,NA,NA
"435","Q1420748","Velencei Kék Cápák RK","rugby union team","2004-01-01T00:00:00Z",NA,NA,NA,"Hungary",NA,NA,NA,NA,NA,NA
"436","Q1422627","SU Agen Lot-et-Garonne","rugby union club","1908-01-01T00:00:00Z",NA,NA,"French Rugby Federation","France","Top 14","Stade Armandie","14042","Agen",NA,NA
"437","Q1435989","Kyrgyzstan national rugby union team","national rugby union team",NA,NA,NA,NA,"Kyrgyzstan",NA,NA,NA,NA,NA,NA
"438","Q145281","Aironi","defunct rugby union club","2010-01-01T00:00:00Z","2012-01-01T00:00:00Z",NA,"Italian Rugby Federation","Italy",NA,"Luigi Zaffanella Stadium","6000","Viadana",NA,NA
"439","Q1471265","USA Perpignan","rugby union club","1933-05-05T00:00:00Z",NA,"Els catalans","French Rugby Federation","France","Top 14","Stade Aimé Giral","16593","Perpignan",NA,NA
"440","Q14715159","Yale Rugby","rugby union team","1875-01-01T00:00:00Z",NA,NA,NA,"United States of America","Ivy Rugby Conference",NA,NA,NA,NA,NA
"441","Q1473374","Leinster Rugby","rugby union franchise","1875-01-01T00:00:00Z",NA,NA,"Irish Rugby Football Union","Ireland","United Rugby Championship","RDS Arena","18000","Dublin","leinster",NA
"442","Q1473503","SC Albi","rugby union club","1906-01-01T00:00:00Z",NA,NA,NA,"France",NA,"Stadium Municipal d'Albi",NA,"Albi",NA,NA
"443","Q1475539","Thailand national rugby union team","national rugby union team",NA,NA,NA,NA,"Thailand",NA,NA,NA,NA,NA,NA
"444","Q1476647","Wellington Rugby Football Union","rugby union team","1879-01-01T00:00:00Z",NA,"the Lions","New Zealand Rugby","New Zealand","ITM Cup","Wellington Regional Stadium","34500","Wellington",NA,NA
"445","Q14853450","NSRV Obelix","rugby union club",NA,NA,NA,NA,"Netherlands",NA,NA,NA,NA,NA,NA
"446","Q1490464","Maori All Blacks team","rugby union team","1888-01-01T00:00:00Z",NA,NA,NA,"New Zealand",NA,NA,NA,NA,NA,NA
"447","Q15055309","Section Paloise","rugby union club","1902-01-01T00:00:00Z",NA,NA,"French Rugby Federation","France","Top 14","Stade du Hameau","14999","Pau",NA,NA
"448","Q15055320","Rugby Ottignies Club","rugby union team","1977-03-01T00:00:00Z",NA,NA,NA,"Belgium",NA,NA,NA,NA,NA,NA
"449","Q15055370","Luxembourg women's national rugby union team","rugby union team",NA,NA,NA,NA,"Luxembourg",NA,NA,NA,NA,NA,NA
"450","Q15141543","Rugby Leonessa 1928","defunct rugby union club","2002-01-01T00:00:00Z","2008-01-01T00:00:00Z",NA,"Italian Rugby Federation","Italy",NA,NA,NA,NA,NA,NA
"451","Q1517603","Llanelli RFC","rugby union team","1872-01-01T00:00:00Z",NA,NA,NA,"United Kingdom",NA,"Parc y Scarlets",NA,NA,NA,NA
"452","Q1518257","Ospreys","rugby union club","2003-01-01T00:00:00Z",NA,NA,NA,"United Kingdom","United Rugby Championship","Liberty Stadium",NA,NA,"ospreys",NA
"453","Q1521264","Newport RFC","rugby union team","1874-01-01T00:00:00Z",NA,NA,NA,"United Kingdom",NA,"Rodney Parade",NA,NA,NA,NA
"454","Q15223071","Harpenden RFC","rugby union team","1919-01-01T00:00:00Z",NA,NA,NA,"United Kingdom",NA,NA,NA,NA,NA,NA
"455","Q15248449","Marlow Rugby Union Football Club","rugby union team","1947-01-01T00:00:00Z",NA,NA,NA,"United Kingdom",NA,NA,NA,NA,NA,NA
"456","Q1529911","Luxembourg national rugby union team","national rugby union team",NA,NA,NA,NA,"Luxembourg",NA,"Stade Josy Barthel; Stade Boy Konen",NA,NA,NA,NA
"457","Q15364456","RK Čelik","rugby union team","1972-01-01T00:00:00Z",NA,NA,NA,"Bosnia and Herzegovina",NA,NA,NA,NA,NA,NA
"458","Q15408625","Regbio klubas Lūšis","rugby union team",NA,NA,NA,NA,"Lithuania",NA,NA,NA,NA,NA,NA
"459","Q1543491","VVA-Podmoskovye Monino","rugby union club","1967-01-01T00:00:00Z",NA,NA,NA,"Russia",NA,NA,NA,NA,NA,NA
"460","Q1544234","Uzbekistan national rugby union team","national rugby union team",NA,NA,NA,NA,"Uzbekistan",NA,NA,NA,NA,NA,NA
"461","Q1544873","Zimbabwe national rugby union team","national rugby union team","1910-07-30T00:00:00Z",NA,"Sables",NA,"Zimbabwe",NA,NA,NA,NA,NA,NA
"462","Q1548720","Ulster Rugby","rugby union club","1879-01-01T00:00:00Z",NA,NA,"Irish Rugby Football Union","United Kingdom","United Rugby Championship","Ravenhill Stadium","18000","Belfast",NA,NA
"463","Q15615907","RK Vitez","rugby union team",NA,NA,NA,NA,"Croatia",NA,NA,NA,NA,NA,NA
"464","Q15622257","Lusitanos XV","rugby union team","2013-09-02T00:00:00Z",NA,NA,NA,"Portugal",NA,NA,NA,NA,NA,NA
"465","Q15713287","RC Locomotive Tbilisi","rugby union team",NA,NA,NA,NA,"Georgia",NA,NA,NA,"Tbilisi",NA,NA
"466","Q15781824","Afghanistan national rugby union team","national rugby union team",NA,NA,NA,NA,"Afghanistan",NA,NA,NA,NA,NA,"/g/12z84pxxk"
"467","Q1591699","Hawke’s Bay RU","rugby union team","1884-01-01T00:00:00Z",NA,NA,NA,"New Zealand",NA,NA,NA,"Napier",NA,NA
"468","Q1606325","Soviet Union national rugby union team","national rugby union team","1974-08-05T00:00:00Z",NA,NA,NA,"Soviet Union",NA,NA,NA,NA,NA,NA
"469","Q1608682","Monaco national rugby union team","national rugby union team","1996-01-01T00:00:00Z",NA,NA,NA,"Monaco",NA,NA,NA,NA,NA,NA
"470","Q16113601","RK Lokomotiva","rugby union team","1968-09-18T00:00:00Z",NA,NA,"Croatian Rugby Federation","Croatia",NA,NA,NA,NA,NA,"/g/1215pmcq"
"471","Q16115123","Q16115123","rugby union team","1968-01-01T00:00:00Z",NA,NA,"Croatian Rugby Federation","Croatia","Q12640601",NA,NA,"Makarska",NA,"/g/121p6rj7"
"472","Q16150147","Old Alleynian Football Club","rugby union team","1898-01-01T00:00:00Z",NA,NA,NA,"United Kingdom",NA,NA,NA,NA,NA,NA
"473","Q16156035","Q16156035","rugby union team",NA,NA,NA,"Italian Rugby Federation","Italy",NA,NA,NA,NA,NA,"/g/1yjg7xg0g"
"474","Q1620798","Trinidad and Tobago national rugby union team","national rugby union team",NA,NA,NA,NA,"Trinidad and Tobago",NA,NA,NA,NA,NA,NA
"475","Q1621334","Bermuda national rugby union team","national rugby union team","1975-01-01T00:00:00Z",NA,NA,NA,"United Kingdom",NA,NA,NA,NA,NA,NA
"476","Q1621341","Bahamas national rugby union team","national rugby union team",NA,NA,NA,NA,"The Bahamas",NA,NA,NA,NA,NA,NA
"477","Q1621555","Cayman Islands national rugby union team","national rugby union team",NA,NA,NA,NA,"Cayman Islands",NA,NA,NA,NA,NA,NA
"478","Q1621574","Costa Rica national rugby union team","national rugby union team",NA,NA,NA,NA,"Costa Rica",NA,NA,NA,NA,NA,NA
"479","Q1621823","Estonia national rugby union team","national rugby union team",NA,NA,NA,NA,"Estonia",NA,NA,NA,NA,NA,NA
"480","Q1622110","RC Rottweil","rugby union team","1970-01-01T00:00:00Z",NA,NA,NA,"Germany",NA,NA,NA,"Rottweil",NA,NA
"481","Q1622363","San Marino national rugby union team","national rugby union team",NA,NA,NA,NA,"San Marino",NA,NA,NA,NA,NA,NA
"482","Q1622658","Mauritius national rugby union team","national rugby union team",NA,NA,NA,NA,"Mauritius",NA,NA,NA,NA,NA,NA
"483","Q1622752","German Democratic Republic national rugby union team","national rugby union team","1951-10-21T00:00:00Z","1990-09-15T00:00:00Z",NA,NA,"German Democratic Republic",NA,NA,NA,NA,NA,NA
"484","Q16240983","Bracknell RFC","rugby union team","1955-01-01T00:00:00Z",NA,NA,NA,"United Kingdom",NA,NA,NA,NA,NA,NA
"485","Q16242778","Alnwick RFC","rugby union team","1960-01-01T00:00:00Z",NA,NA,NA,"United Kingdom",NA,NA,NA,NA,NA,NA
"486","Q16250973","Yugoslavia national rugby union U19 team","national rugby union team",NA,NA,NA,NA,"Socialist Federal Republic of Yugoslavia",NA,NA,NA,NA,NA,NA
"487","Q16253642","London French RFC","rugby union team","1959-01-01T00:00:00Z",NA,NA,NA,"United Kingdom",NA,NA,NA,NA,NA,NA
"488","Q16257741","Kisumu RFC","rugby union team",NA,NA,NA,NA,"Kenya","Nationwide League",NA,NA,"Kisumu",NA,NA
"489","Q16266475","Rugby Club Leuven","rugby union team","1983-01-01T00:00:00Z",NA,NA,NA,"Belgium",NA,NA,NA,NA,NA,NA
"490","Q1628212","Cahors Rugby","rugby union team","1908-01-01T00:00:00Z",NA,NA,NA,"France",NA,NA,NA,"Cahors",NA,NA
"491","Q1632899","Barbados national rugby union team","national rugby union team",NA,NA,NA,NA,"Barbados",NA,NA,NA,NA,NA,NA
"492","Q1634037","El Salvador national rugby union team","national rugby union team",NA,NA,NA,NA,"El Salvador",NA,NA,NA,NA,NA,NA
"493","Q1634636","Qatar national rugby union team","national rugby union team",NA,NA,NA,NA,"Qatar",NA,NA,NA,NA,NA,NA
"494","Q1634654","Catalonia national rugby union team","rugby union team","1934-04-14T00:00:00Z",NA,"El XV de la ginesta",NA,"Spain",NA,"Camp Municipal de Rugby La Foixarda","800",NA,NA,NA
"495","Q1634699","Jordan national rugby union team","national rugby union team",NA,NA,NA,NA,"Jordan",NA,NA,NA,NA,NA,NA
"496","Q1634826","Turkey national rugby union team","national rugby union team",NA,NA,NA,NA,"Turkey",NA,NA,NA,NA,NA,NA
"497","Q1638171","USA Limoges","rugby union team","1902-01-01T00:00:00Z",NA,NA,NA,"France",NA,"Q3496152",NA,"Limoges",NA,NA
"498","Q16382410","Q16382410","rugby union club","1969-01-01T00:00:00Z",NA,NA,NA,"France",NA,NA,NA,"Agde",NA,"/g/12tb8681l"
"499","Q16540514","Q16540514","rugby union team","1995-01-01T00:00:00Z",NA,NA,NA,"France",NA,NA,NA,"Lormont",NA,"/g/12mkyv5t_"
"500","Q165586","Nottingham R.F.C.","rugby union club","1871-01-01T00:00:00Z",NA,NA,NA,"United Kingdom",NA,"Meadow Lane",NA,NA,NA,NA
"501","Q16599080","Q16599080","rugby union team",NA,NA,NA,"Italian Rugby Federation","Italy",NA,NA,NA,NA,NA,"/g/12b02tqh0"
"502","Q1661537","India national rugby union team","national rugby union team","1998-10-26T00:00:00Z",NA,NA,NA,"India",NA,NA,NA,NA,NA,NA
"503","Q16619242","Q16619242","rugby union team","2010-01-01T00:00:00Z",NA,NA,"Italian Rugby Federation","Italy",NA,NA,NA,"Perugia",NA,"/g/1ydxpyq1b"
"504","Q16656682","RC Kredo-63","rugby union club","1963-01-01T00:00:00Z",NA,NA,NA,"Ukraine",NA,NA,NA,NA,NA,NA
"505","Q16672727","ROC La Voulte-Valence","rugby union team","2010-01-01T00:00:00Z","2016-06-30T00:00:00Z",NA,NA,"France",NA,"Stade Georges Pompidou",NA,"Valence",NA,"/g/12dpx18wd"
"506","Q16677846","Q16677846","rugby union club","1903-10-15T00:00:00Z",NA,NA,NA,"France",NA,NA,NA,"Cavaillon",NA,"/g/12dpwrj6g"
"507","Q16705877","RC TEX-A-C","rugby union club","2002-01-01T00:00:00Z",NA,NA,NA,"Ukraine",NA,NA,NA,NA,NA,NA
"508","Q16722629","Yuzhnoe Tushino Rugby Club","rugby union club","1994-01-01T00:00:00Z",NA,NA,NA,"Russia",NA,NA,NA,NA,NA,"/g/1yg58jshg"
"509","Q16736340","Brussels Celtic RFC","rugby union team","1998-01-01T00:00:00Z",NA,NA,NA,"Belgium",NA,NA,NA,NA,NA,NA
"510","Q16739921","Judgement Day","rugby union team","2003-01-01T00:00:00Z",NA,NA,NA,"Italy",NA,NA,NA,NA,NA,NA
"511","Q16740012","RC Hamme","rugby union team",NA,NA,NA,NA,"Belgium",NA,NA,NA,NA,NA,NA
"512","Q1675853","Ivory Coast national rugby union team","national rugby union team","1976-01-01T00:00:00Z",NA,"Éléphants",NA,"Ivory Coast",NA,NA,NA,NA,NA,NA
"513","Q16765172","Alba Rumburk","rugby union team",NA,NA,NA,NA,"Czech Republic",NA,NA,NA,"Rumburk",NA,"/g/11b5m9pxlx"
"514","Q16822225","Regbio klubas Ąžuolas","rugby union team",NA,NA,NA,NA,"Lithuania",NA,NA,NA,NA,NA,NA
"515","Q16838996","Gibraltar national rugby union team","national rugby union team",NA,NA,NA,NA,NA,NA,NA,NA,NA,NA,NA
"516","Q16839918","Belas Rugby Clube","rugby union team",NA,NA,NA,NA,"Portugal",NA,NA,NA,NA,NA,NA
"517","Q16842085","Hartpury University RFC","rugby union club","2004-01-01T00:00:00Z",NA,NA,NA,"United Kingdom",NA,"ALPAS Arena",NA,"Hartpury",NA,NA
"518","Q16848650","Ragbi klub Budućnost","rugby union team",NA,NA,NA,NA,"Montenegro",NA,NA,NA,NA,NA,NA
"519","Q16849635","Bury St Edmunds RUFC","rugby union team","1925-01-01T00:00:00Z",NA,NA,NA,"United Kingdom",NA,NA,NA,NA,NA,NA
"520","Q16919837","Antwerp RC","rugby union team","1998-01-01T00:00:00Z",NA,NA,NA,"Belgium",NA,NA,NA,"Antwerp",NA,NA
"521","Q16920257","Romania national under-20 rugby union team","national rugby union team",NA,NA,NA,NA,"Romania",NA,NA,NA,NA,NA,NA
"522","Q16920325","VRK Tigrarna","rugby union team",NA,NA,NA,NA,"Sweden",NA,NA,NA,NA,NA,NA
"523","Q16920545","Tešanj RK","rugby union team",NA,NA,NA,NA,"Bosnia and Herzegovina",NA,NA,NA,NA,NA,NA
"524","Q16920702","Rugby Clube de Elvas","rugby union team",NA,NA,NA,NA,"Portugal",NA,NA,NA,NA,NA,NA
"525","Q16929856","Rugby Vila da Moita","rugby union team",NA,NA,NA,NA,"Portugal",NA,NA,NA,NA,NA,NA
"526","Q16930593","IP Tomar Rugby","rugby union team",NA,NA,NA,NA,"Portugal",NA,NA,NA,NA,NA,NA
"527","Q16931617","RC Kochebi Bolnisi","rugby union team",NA,NA,NA,NA,"Georgia",NA,NA,NA,"Bolnisi",NA,NA
"528","Q16932226","Laugharne RFC","rugby union team","1893-01-01T00:00:00Z",NA,NA,NA,"United Kingdom",NA,NA,NA,NA,NA,NA
"529","Q16932231","Peebles RFC","rugby union team",NA,NA,NA,NA,"United Kingdom",NA,NA,NA,NA,NA,NA
"530","Q16932544","Les Quennevais Rugby Club, Jersey","rugby union team","1980-01-01T00:00:00Z",NA,NA,NA,NA,NA,NA,NA,NA,NA,NA
"531","Q16932957","Sale FC Rugby Club","rugby union club","1861-01-01T00:00:00Z",NA,NA,NA,"United Kingdom",NA,NA,NA,"Sale",NA,NA
"532","Q16933108","Grenå RK","rugby union team",NA,NA,NA,NA,"Denmark",NA,NA,NA,NA,NA,NA
"533","Q16933489","Neyland RFC","rugby union team","1885-01-01T00:00:00Z",NA,NA,NA,"United Kingdom",NA,NA,NA,NA,NA,NA
"534","Q16934210","Shawlands FP RFC","rugby union team",NA,NA,NA,NA,"United Kingdom",NA,NA,NA,NA,NA,NA
"535","Q16935166","Clube de Rugby de Évora","rugby union team","1992-01-01T00:00:00Z",NA,NA,NA,"Portugal",NA,NA,NA,NA,NA,NA
"536","Q16935435","RK Gladijatori Derventa","rugby union team",NA,NA,NA,NA,"Bosnia and Herzegovina",NA,NA,NA,NA,NA,NA
"537","Q16935504","Whitecraigs RFC","rugby union team",NA,NA,NA,NA,"United Kingdom",NA,NA,NA,NA,NA,NA
"538","Q16937052","Tecnologia","rugby union team",NA,NA,NA,NA,"Portugal",NA,NA,NA,NA,NA,NA
"539","Q16937055","Jerusalem Lions RFC","rugby union team",NA,NA,NA,NA,NA,NA,NA,NA,NA,NA,NA
"540","Q16938068","RK Warriors Nemila","rugby union team",NA,NA,NA,NA,"Bosnia and Herzegovina",NA,NA,NA,NA,NA,NA
"541","Q16938644","Moita Rugby Clube da Bairrada","rugby union team","1984-01-01T00:00:00Z",NA,NA,NA,"Portugal",NA,NA,NA,NA,NA,NA
"542","Q16938760","RK Rudar","rugby union team","1982-01-01T00:00:00Z",NA,NA,NA,"Bosnia and Herzegovina",NA,NA,NA,NA,NA,NA
"543","Q16938847","Rugby Clube Montemor","rugby union team","1995-07-20T00:00:00Z",NA,NA,NA,"Portugal",NA,NA,NA,"Montemor-o-Novo",NA,"/g/11fpp3k0wm"
"544","Q16939025","RK Herceg","rugby union team",NA,NA,NA,NA,NA,NA,NA,NA,NA,NA,NA
"545","Q16944491","Sandviken RC","rugby union team","1983-01-01T00:00:00Z",NA,NA,NA,"Sweden",NA,NA,NA,NA,NA,NA
"546","Q16947296","Ubuntu Rugby","rugby union team",NA,NA,NA,NA,"Portugal",NA,NA,NA,NA,NA,NA
"547","Q16947316","Rhinos Rugby Oudenaarde","rugby union team","1999-01-01T00:00:00Z",NA,NA,NA,"Belgium",NA,NA,NA,NA,NA,NA
"548","Q16948326","Rugby da Universidade de Aveiro","rugby union team",NA,NA,NA,NA,"Portugal",NA,NA,NA,NA,NA,NA
"549","Q16948704","Sporting Clube de Portugal (Rugby)","rugby union team",NA,NA,NA,NA,"Portugal",NA,NA,NA,NA,NA,NA
"550","Q16951730","Billericay Rugby Football Club","rugby union team","1956-01-01T00:00:00Z",NA,NA,NA,"United Kingdom",NA,NA,NA,NA,NA,NA
"551","Q16954353","Buenos Aires Football Club 1886","rugby union team","1886-01-01T00:00:00Z","1951-01-01T00:00:00Z",NA,NA,"Argentina",NA,"Buenos Aires Cricket Club Ground",NA,NA,NA,NA
"552","Q16956690","Stockholm Berserkers RFC","rugby union team","2011-01-01T00:00:00Z",NA,NA,NA,"Sweden",NA,NA,NA,NA,NA,NA
"553","Q16957781","Guimarães RUFC","rugby union team","2008-01-01T00:00:00Z",NA,NA,NA,"Portugal",NA,NA,NA,NA,NA,NA
"554","Q16958426","Cinderford RFC","rugby union club","1886-01-01T00:00:00Z",NA,NA,NA,"United Kingdom",NA,NA,NA,"Cinderford",NA,NA
"555","Q16958647","City of Armagh RFC","rugby union team","1875-01-01T00:00:00Z",NA,NA,NA,"Ireland",NA,NA,NA,NA,NA,NA
"556","Q16963555","Clube Rugby Famalicão","rugby union team",NA,NA,NA,NA,"Portugal",NA,NA,NA,NA,NA,NA
"557","Q16963576","Rugby Clube de Loulé","rugby union team",NA,NA,NA,NA,"Portugal",NA,NA,NA,NA,NA,NA
"558","Q16965342","RC Lousã","rugby union team",NA,NA,NA,NA,"Portugal",NA,NA,NA,NA,NA,NA
"559","Q16966045","Clube Rugby São Miguel","rugby union team","1970-01-01T00:00:00Z",NA,NA,NA,"Portugal",NA,NA,NA,NA,NA,NA
"560","Q16969795","Campbelltown Harlequins RFC","rugby union club","1972-01-01T00:00:00Z",NA,NA,NA,"Australia",NA,NA,NA,NA,NA,NA
"561","Q16971387","RC Unterföhring","rugby union team",NA,NA,NA,NA,"Germany",NA,NA,NA,NA,NA,NA
"562","Q16973676","Devonport Services R.F.C.","rugby union team","1904-01-01T00:00:00Z",NA,NA,NA,"United Kingdom",NA,NA,NA,NA,NA,NA
"563","Q16975875","Regbio klubas Vairas","rugby union team",NA,NA,NA,NA,"Lithuania",NA,NA,NA,NA,NA,NA
"564","Q16976488","Sligo RFC","rugby union team","1890-01-01T00:00:00Z",NA,NA,NA,"Ireland",NA,NA,NA,NA,NA,NA
"565","Q16980289","BrigandZe Rugby Compagnie","rugby union team","2008-01-01T00:00:00Z",NA,NA,NA,"Belgium",NA,NA,NA,NA,NA,NA
"566","Q16980460","Louisiana State University rugby","rugby union team",NA,NA,NA,NA,"United States of America",NA,NA,NA,NA,NA,NA
"567","Q16980465","University of Northern Colorado Rugby Football Club","rugby union team",NA,NA,NA,NA,"United States of America",NA,NA,NA,NA,NA,NA
"568","Q16989264","East Grinstead Rugby Football Club","rugby union team","1929-01-01T00:00:00Z",NA,NA,NA,"United Kingdom",NA,NA,NA,NA,NA,NA
"569","Q16992225","Flamingoes F.C.","rugby union team","1866-01-01T00:00:00Z",NA,NA,NA,"United Kingdom",NA,NA,NA,NA,NA,NA
"570","Q16992836","Gilfach Goch RFC","rugby union team","1889-01-01T00:00:00Z",NA,NA,NA,"United Kingdom",NA,NA,NA,NA,NA,NA
"571","Q16993693","Harris Academicals RFC","rugby union team",NA,NA,NA,NA,"United Kingdom",NA,NA,NA,NA,NA,NA
"572","Q16993957","Hereford Rugby Club","rugby union team","1870-01-01T00:00:00Z",NA,NA,NA,"United Kingdom",NA,NA,NA,NA,NA,NA
"573","Q169941","Cardiff Rugby","rugby union club","2003-01-01T00:00:00Z",NA,NA,"Welsh Rugby Union","United Kingdom","United Rugby Championship","Cardiff Arms Park","12125","Cardiff",NA,NA
"574","Q169941","Cardiff Rugby","rugby union team","2003-01-01T00:00:00Z",NA,NA,"Welsh Rugby Union","United Kingdom","United Rugby Championship","Cardiff Arms Park","12125","Cardiff",NA,NA
"575","Q16994142","Holbeck Rugby Club","rugby union team",NA,"1904-01-01T00:00:00Z",NA,NA,"United Kingdom",NA,"Holbeck Recreation ground; Elland Road",NA,NA,NA,NA
"576","Q16994364","Hove Rugby Football Club","rugby union team",NA,NA,NA,NA,"United Kingdom",NA,NA,NA,NA,NA,NA
"577","Q16994425","Hull RUFC","rugby union team","1992-01-01T00:00:00Z",NA,NA,NA,"United Kingdom",NA,NA,NA,NA,NA,NA
"578","Q16996774","Llanharan RFC","rugby union team","1891-01-01T00:00:00Z",NA,NA,NA,"United Kingdom",NA,NA,NA,NA,NA,NA
"579","Q16996776","Llantwit Major RFC","rugby union team","1889-01-01T00:00:00Z",NA,NA,NA,"United Kingdom",NA,NA,NA,NA,NA,NA
"580","Q16996879","London Irish Amateur","rugby union team","1999-01-01T00:00:00Z",NA,NA,NA,"United Kingdom",NA,NA,NA,NA,NA,NA
"581","Q16997117","Luton Rugby Club","rugby union team","1930-01-01T00:00:00Z",NA,NA,NA,"United Kingdom",NA,NA,NA,NA,NA,NA
"582","Q16997369","Market Bosworth RFC","rugby union team","1965-01-01T00:00:00Z",NA,NA,NA,"United Kingdom",NA,NA,NA,NA,NA,NA
"583","Q16998881","Newlyn RFC","rugby union team","1894-01-01T00:00:00Z",NA,NA,NA,"United Kingdom",NA,NA,NA,NA,NA,NA
"584","Q16998904","Newport Saracens RFC","rugby union team",NA,NA,NA,NA,"United Kingdom",NA,NA,NA,NA,NA,NA
"585","Q16998949","Newtown RFC","rugby union team","1925-01-01T00:00:00Z",NA,NA,NA,"United Kingdom",NA,NA,NA,NA,NA,NA
"586","Q16999348","Yizre'el RC","rugby union team",NA,NA,NA,NA,NA,NA,NA,NA,NA,NA,NA
"587","Q17004850","RC Army Tbilisi","rugby union team",NA,NA,NA,NA,"Georgia",NA,NA,NA,NA,NA,NA
"588","Q17013357","Meraloma Rugby","rugby union team","1923-01-01T00:00:00Z",NA,NA,NA,"Canada",NA,NA,NA,"Vancouver",NA,NA
"589","Q17015680","Nottinghamians","rugby union team","1971-01-01T00:00:00Z",NA,NA,NA,"United Kingdom",NA,NA,NA,NA,NA,NA
"590","Q17015687","Wasps Ladies","rugby union team","1984-01-01T00:00:00Z",NA,NA,NA,"United Kingdom","Premier 15s",NA,NA,"London",NA,NA
"591","Q17015723","Kenfig Hill RFC","rugby union team",NA,NA,NA,NA,"United Kingdom",NA,NA,NA,NA,NA,NA
"592","Q17015840","Old Centralians","rugby union team","1982-01-01T00:00:00Z",NA,NA,NA,"United Kingdom",NA,NA,NA,NA,NA,NA
"593","Q17015857","Old Colfeians","rugby union team","1928-01-01T00:00:00Z",NA,NA,NA,"United Kingdom",NA,NA,NA,NA,NA,NA
"594","Q17016156","Paignton Rugby Football Club","rugby union team","1873-01-01T00:00:00Z",NA,NA,NA,"United Kingdom",NA,NA,NA,NA,NA,NA
"595","Q17016373","Percy Park RFC","rugby union team","1872-01-01T00:00:00Z",NA,NA,NA,"United Kingdom",NA,NA,NA,NA,NA,NA
"596","Q17017546","Ruthin RFC","rugby union team",NA,NA,NA,NA,"United Kingdom",NA,NA,NA,NA,NA,NA
"597","Q17017658","Old Halesonians RFC","rugby union team","1930-01-01T00:00:00Z",NA,NA,NA,"United Kingdom",NA,NA,NA,NA,NA,NA
"598","Q17020391","Thomas Cook's Rugby Club","rugby union team","1910-01-01T00:00:00Z",NA,NA,NA,"United Kingdom",NA,NA,NA,NA,NA,NA
"599","Q17020452","Tiverton Rugby Club","rugby union team","1868-01-01T00:00:00Z",NA,NA,NA,"United Kingdom",NA,NA,NA,NA,NA,NA
"600","Q17020492","Sandal RUFC","rugby union team","1927-01-01T00:00:00Z",NA,NA,NA,"United Kingdom",NA,NA,NA,NA,NA,NA
"601","Q17020879","Treherbert RFC","rugby union team","1879-01-01T00:00:00Z",NA,NA,NA,"United Kingdom",NA,NA,NA,NA,NA,NA
"602","Q17020913","Trimsaran RFC","rugby union team",NA,NA,NA,NA,"United Kingdom",NA,NA,NA,NA,NA,NA
"603","Q17021051","Uddingston RFC","rugby union team",NA,NA,NA,NA,"United Kingdom",NA,NA,NA,NA,NA,NA
"604","Q17021567","Warwickian Rugby Union Football Club","rugby union team",NA,NA,NA,NA,"United Kingdom",NA,NA,NA,NA,NA,NA
"605","Q17022509","Worcester Wanderers","rugby union team","1871-01-01T00:00:00Z",NA,NA,NA,"United Kingdom",NA,NA,NA,NA,NA,NA
"606","Q17041092","Seattle Saracens","rugby union team","2007-01-01T00:00:00Z",NA,NA,NA,"United States of America",NA,NA,NA,NA,NA,NA
"607","Q17048436","AA UTAD Rugby","rugby union team","1984-01-01T00:00:00Z",NA,NA,NA,"Portugal",NA,NA,NA,NA,NA,NA
"608","Q17055384","New Zealand national schoolboy rugby union team","national rugby union team",NA,NA,NA,NA,"New Zealand",NA,NA,NA,NA,NA,NA
"609","Q17071512","Worcester Valkyries","rugby union team","1993-01-01T00:00:00Z",NA,NA,NA,"United Kingdom","Premier 15s",NA,NA,"Worcester",NA,NA
"610","Q17072098","RC Lelo Tbilisi","rugby union club","1969-01-01T00:00:00Z",NA,NA,NA,"Georgia",NA,NA,NA,"Tbilisi",NA,NA
"611","Q17075411","Lanús Rugby Club","rugby union club","1980-10-01T00:00:00Z",NA,NA,NA,"Argentina",NA,NA,NA,"Remedios de Escalada",NA,NA
"612","Q17086722","Tullamore RFC","rugby union team","1937-01-01T00:00:00Z",NA,NA,NA,"Ireland",NA,NA,NA,NA,NA,NA
"613","Q17087005","South Africa President's XV","national rugby union team",NA,NA,NA,NA,"South Africa",NA,NA,NA,NA,NA,NA
"614","Q17100441","RC Murphy's Lommel","rugby union team","2006-01-01T00:00:00Z",NA,NA,NA,"Belgium",NA,NA,NA,NA,NA,NA
"615","Q17100540","Mechelen RFC","rugby union team",NA,NA,NA,NA,"Belgium",NA,NA,NA,NA,NA,NA
"616","Q17101442","RU Hohen Neuendorf","rugby union team","1997-01-01T00:00:00Z",NA,NA,NA,NA,NA,NA,NA,NA,NA,NA
"617","Q17101445","RFC Liégeois Rugby","rugby union team","1958-01-01T00:00:00Z",NA,NA,NA,"Belgium",NA,NA,NA,NA,NA,NA
"618","Q17102980","Lousada Rugby Clube","rugby union team",NA,NA,NA,NA,"Portugal",NA,NA,NA,NA,NA,NA
"619","Q17103394","Malmö Devilants","rugby union team",NA,NA,NA,NA,"Sweden",NA,NA,NA,NA,NA,NA
"620","Q17103706","Letterkenny RFC","rugby union team",NA,NA,NA,NA,"Ireland",NA,NA,NA,NA,NA,NA
"621","Q17104115","Newbridge RFC","rugby union team","1996-01-01T00:00:00Z",NA,NA,NA,"Ireland",NA,NA,NA,NA,NA,NA
"622","Q17110630","Namibia national under-20 rugby union team","national rugby union team",NA,NA,NA,NA,"Namibia",NA,NA,NA,NA,NA,NA
"623","Q17111500","Hong Kong national under-20 rugby union team","national rugby union team",NA,NA,NA,NA,"Hong Kong",NA,NA,NA,NA,NA,NA
"624","Q17153081","Emerging Ireland","national rugby union team","2013-01-01T00:00:00Z",NA,NA,NA,"Ireland",NA,NA,NA,NA,NA,NA
"625","Q17212194","Tenri University Rugby Football Club","rugby union team","1925-01-01T00:00:00Z",NA,NA,NA,"Japan","Kansai University Rugby Football League",NA,NA,NA,NA,"/g/122n5ckq"
"626","Q17212202","Q17212202","rugby union team",NA,NA,NA,NA,"Japan",NA,NA,NA,NA,NA,"/g/12mky0pb1"
"627","Q17224081","Yamanashi Gakuin University Rugby Football  Cluub","rugby union team","1975-01-01T00:00:00Z",NA,NA,NA,"Japan","Q11655916",NA,NA,NA,NA,"/g/12lnh0n_x"
"628","Q17230201","Hosei University Rugby Football Club","rugby union team",NA,NA,NA,NA,"Japan","Q11655916",NA,NA,NA,NA,"/g/122jxd8z"
"629","Q17487822","Q17487822","rugby union team","1961-01-01T00:00:00Z",NA,NA,NA,"France",NA,NA,NA,"Samatan",NA,"/g/121pk37s"
"630","Q17511803","Mighty Roosters RC","rugby union team","2011-01-01T00:00:00Z",NA,NA,NA,"Belgium",NA,NA,NA,NA,NA,NA
"631","Q17515329","RC Hasselt","rugby union team","2010-01-01T00:00:00Z",NA,NA,NA,"Belgium",NA,NA,NA,NA,NA,NA
"632","Q17632085","Gran Sasso Rugby","rugby union team",NA,NA,NA,"Italian Rugby Federation","Italy",NA,NA,NA,NA,NA,"/g/1q5bt0zt9"
"633","Q1777760","Leopards","rugby union team","1920-01-01T00:00:00Z",NA,"Mielieboere","South African Rugby Union","South Africa","Currie Cup","Absa Puk Oval","5000","Potchefstroom",NA,NA
"634","Q1781643","AS Béziers Hérault","rugby union club","1911-01-01T00:00:00Z",NA,NA,NA,"France","Pro D2","Stade Raoul-Barrière","18555","Béziers",NA,NA
"635","Q1782908","Stade Montois","rugby union club","1908-10-31T00:00:00Z",NA,NA,NA,"France","Pro D2","Stade André-et-Guy-Boniface",NA,"Mont-de-Marsan",NA,NA
"636","Q1783262","Venezuela national","national rugby union team",NA,NA,NA,NA,"Venezuela",NA,NA,NA,NA,NA,NA
"637","Q1786586","San Isidro Club","rugby union club","1935-01-01T00:00:00Z",NA,NA,"Argentine Rugby Union","Argentina","URBA Top 12",NA,NA,"Boulogne Sur Mer",NA,NA
"638","Q17985960","Bletchley RUFC","rugby union team",NA,NA,NA,NA,"United Kingdom",NA,NA,NA,NA,NA,NA
"639","Q17986381","Chard RFC","rugby union team","1876-01-01T00:00:00Z",NA,NA,NA,"United Kingdom",NA,NA,NA,NA,NA,NA
"640","Q17986427","Chichester RFC","rugby union team","1926-01-01T00:00:00Z",NA,NA,NA,"United Kingdom",NA,NA,NA,NA,NA,NA
"641","Q18011332","RC Jiki","rugby union team","2001-01-01T00:00:00Z",NA,NA,NA,"Georgia",NA,NA,NA,"Tbilisi; Gori",NA,NA
"642","Q18066532","Aeolos Rugby","rugby union team","2010-01-01T00:00:00Z",NA,NA,NA,"Greece",NA,NA,NA,NA,NA,NA
"643","Q18089647","Tbilisi Caucasians","rugby union team","2014-01-01T00:00:00Z",NA,NA,NA,NA,NA,NA,NA,NA,NA,NA
"644","Q18110740","Welfen SC Braunschweig","rugby union team","1954-01-01T00:00:00Z",NA,NA,NA,NA,NA,NA,NA,NA,NA,NA
"645","Q18125199","RC Armazi Marneuli","rugby union team","2003-01-01T00:00:00Z",NA,NA,NA,"Georgia",NA,NA,NA,NA,NA,NA
"646","Q18125281","Batumi RC","rugby union team","1969-01-01T00:00:00Z",NA,NA,NA,"Georgia",NA,NA,NA,"Batumi",NA,NA
"647","Q18125464","CSM București","rugby union team","2007-01-01T00:00:00Z",NA,NA,NA,"Romania",NA,NA,NA,NA,NA,NA
"648","Q18125541","Dorking RFC","rugby union club","1921-01-01T00:00:00Z",NA,NA,NA,"United Kingdom",NA,NA,NA,NA,NA,NA
"649","Q18126005","Haringey Rhinos","rugby union team",NA,NA,NA,NA,"United Kingdom",NA,NA,NA,NA,NA,NA
"650","Q18126112","Hornets RFC","rugby union team","1962-01-01T00:00:00Z",NA,NA,NA,"United Kingdom",NA,NA,NA,NA,NA,NA
"651","Q18126131","Huddersfield Y.M.C.A. RUFC","rugby union team","1927-01-01T00:00:00Z",NA,NA,NA,"United Kingdom",NA,NA,NA,NA,NA,NA
"652","Q18126721","Manchester Village Spartans RUFC","rugby union team",NA,NA,NA,NA,"United Kingdom",NA,NA,NA,NA,NA,NA
"653","Q18126939","Milton Keynes RUFC","rugby union team",NA,NA,NA,NA,"United Kingdom",NA,NA,NA,NA,NA,NA
"654","Q18127286","Peterborough Lions RFC","rugby union team","1944-01-01T00:00:00Z",NA,NA,NA,"United Kingdom",NA,NA,NA,NA,NA,NA
"655","Q18127462","RC Rustavi Kharebi","rugby union team",NA,NA,NA,NA,"Georgia",NA,"Rustavi Rugby stadium",NA,NA,NA,NA
"656","Q1816139","Czech Republic national rugby union team","national rugby union team",NA,NA,NA,NA,"Czech Republic",NA,NA,NA,NA,NA,NA
"657","Q18214295","Q18214295","rugby union team","1919-01-01T00:00:00Z",NA,NA,NA,"France",NA,NA,NA,"Castelsarrasin",NA,"/g/11b66cbhxb"
"658","Q18379627","South Africa national under-18 rugby union team","national rugby union team",NA,NA,NA,NA,"South Africa",NA,NA,NA,NA,NA,NA
"659","Q18387263","TBS Universiteti RC","rugby union team","1962-01-01T00:00:00Z",NA,NA,NA,NA,NA,NA,NA,NA,NA,NA
"660","Q18391665","SC Siemensstadt Rugby","rugby union team","1923-01-01T00:00:00Z",NA,NA,NA,NA,NA,NA,NA,NA,NA,NA
"661","Q18416182","Aguará Rugby Club","rugby union club","1993-01-01T00:00:00Z",NA,NA,NA,"Argentina",NA,NA,NA,"Jardín América",NA,"/g/11b6bpq2n0"
"662","Q1857064","RC Toulonnais","rugby union club","1908-06-03T00:00:00Z",NA,NA,"French Rugby Federation","France","Top 14","Stade Mayol","15400","Toulon",NA,NA
"663","Q18639691","Montenegro rugby","national rugby union team",NA,NA,NA,NA,"Montenegro",NA,NA,NA,NA,NA,"/g/11bwf2m1l3"
"664","Q1865460","Union Bordeaux Bègles","rugby union club","2006-06-19T00:00:00Z",NA,NA,"French Rugby Federation","France","Top 14","Stade Chaban-Delmas","34694","Bègles",NA,NA
"665","Q18672217","Portet-sur-Garonne club","rugby union team",NA,NA,NA,NA,NA,NA,NA,NA,NA,NA,NA
"666","Q18680918","Old Town Shamrocks","rugby union team","2011-01-01T00:00:00Z",NA,NA,NA,"Finland","Finnish Championship League",NA,NA,"Porvoo",NA,"/g/1yw9kr84v"
"667","Q1890136","Gent RFC","rugby union team","1969-01-01T00:00:00Z",NA,NA,NA,"Belgium",NA,NA,NA,NA,NA,NA
"668","Q1919652","Brussels Barbarians","rugby union team","1968-01-01T00:00:00Z",NA,NA,NA,"Belgium",NA,NA,NA,NA,NA,NA
"669","Q19321850","Rugby Club Krusevac","rugby union team","1992-01-01T00:00:00Z",NA,NA,NA,"Serbia",NA,NA,NA,NA,NA,NA
"670","Q1943352","Moldova national rugby union team","rugby union team",NA,NA,NA,NA,"Moldova",NA,NA,NA,NA,NA,NA
"671","Q19544546","Montenegro national rugby union team","national rugby union team",NA,NA,NA,NA,"Montenegro",NA,NA,NA,NA,NA,NA
"672","Q19544885","Q19544885","rugby union team","2011-01-01T00:00:00Z",NA,NA,NA,"Morocco",NA,NA,NA,NA,NA,"/g/11b6gnv1qg"
"673","Q195734","United Arab Emirates national rugby union team","national rugby union team","2011-04-23T00:00:00Z",NA,NA,NA,"United Arab Emirates",NA,NA,NA,NA,NA,NA
"674","Q19576877","Asia Pacific Dragons","rugby union team",NA,NA,NA,NA,"Australia",NA,NA,NA,NA,NA,NA
"675","Q19576995","Cook Islands national under-20 rugby union team","national rugby union team",NA,NA,NA,NA,"New Zealand",NA,NA,NA,NA,NA,NA
"676","Q19577410","New Panteg RFC","rugby union team",NA,NA,NA,NA,"United Kingdom",NA,NA,NA,NA,NA,NA
"677","Q19577502","Papua New Guinea national under-20 rugby union team","national rugby union team",NA,NA,NA,NA,"Papua New Guinea",NA,NA,NA,NA,NA,NA
"678","Q1958874","München RFC","rugby union team","1977-01-01T00:00:00Z",NA,NA,NA,"Germany",NA,NA,NA,"Munich",NA,NA
"679","Q19622543","Q19622543","rugby union team",NA,NA,NA,"Italian Rugby Federation","Italy",NA,NA,NA,NA,NA,NA
"680","Q19622752","Cavalieri Union Rugby","rugby union team","2010-01-01T00:00:00Z",NA,NA,"Italian Rugby Federation","Italy","Serie A","Enrico Chersoni Stadium","2500",NA,NA,"/g/11b6j9v9f9"
"681","Q19622927","Q19622927","rugby union team","1982-01-01T00:00:00Z",NA,NA,"Italian Rugby Federation","Italy","Serie A",NA,NA,"Padua",NA,"/g/11f5l8pdry"
"682","Q1964830","Lithuania national rugby union team","national rugby union team",NA,NA,NA,NA,"Lithuania",NA,NA,NA,NA,NA,NA
"683","Q19693146","Belarus national rugby union team","national rugby union team",NA,NA,NA,NA,"Belarus",NA,NA,NA,NA,NA,"/g/11b7gn3slm"
"684","Q19757558","History of the South Africa national rugby union team","national rugby union team",NA,NA,NA,NA,"South Africa",NA,NA,NA,NA,NA,NA
"685","Q19819361","Nepal national rugby union team","national rugby union team",NA,NA,NA,NA,NA,NA,NA,NA,NA,NA,"/g/11b7lr7h7d"
"686","Q19840257","Sunwolves","rugby union club","2015-01-01T00:00:00Z",NA,NA,NA,"Japan",NA,"Chichibunomiya Rugby Stadium",NA,"Tokyo",NA,NA
"687","Q19870761","Jaguares","rugby union franchise","2015-01-01T00:00:00Z",NA,NA,NA,"Argentina","Super Rugby","José Amalfitani Stadium",NA,NA,NA,NA
"688","Q19870888","Australia national under-19 rugby union team","national rugby union team",NA,NA,NA,NA,"Australia",NA,NA,NA,NA,NA,NA
"689","Q19871070","Balmain RFC","rugby union team","1873-01-01T00:00:00Z",NA,NA,NA,"Australia",NA,NA,NA,NA,NA,NA
"690","Q1988223","Netherlands national rugby union team","national rugby union team","1930-07-01T00:00:00Z",NA,NA,NA,"Netherlands",NA,NA,NA,NA,NA,NA
"691","Q1994933","São José Rugby Clube","rugby union team","1987-01-01T00:00:00Z",NA,NA,NA,"Brazil",NA,NA,NA,NA,NA,NA
"692","Q20009056","Associazione Fascista Calcio Padova Rugby","defunct rugby union club","1932-01-01T00:00:00Z","1946-01-01T00:00:00Z","i Biancoscudati","Italian Rugby Federation","Kingdom of Italy",NA,NA,NA,NA,NA,"/g/11b6_k_1jk"
"693","Q20009154","CUS Perugia Rugby","rugby union team","1969-01-01T00:00:00Z",NA,NA,"Italian Rugby Federation","Italy","Serie A",NA,NA,NA,NA,"/g/11b6jbqpsy"
"694","Q20009221","Leoni di San Marco","defunct rugby union club","1927-01-01T00:00:00Z","1930-01-01T00:00:00Z",NA,"Italian Rugby Federation","Italy",NA,NA,NA,NA,NA,"/g/11b6_dwd4n"
"695","Q20009336","ASD Rugby Lecco","rugby union club","1975-01-01T00:00:00Z",NA,"I Leoni","Italian Rugby Federation","Italy","Serie A",NA,NA,NA,NA,"/g/11bc7dgdh_"
"696","Q20009336","ASD Rugby Lecco","rugby union team","1975-01-01T00:00:00Z",NA,"I Leoni","Italian Rugby Federation","Italy","Serie A",NA,NA,NA,NA,"/g/11bc7dgdh_"
"697","Q2001145","Northland RU","rugby union team","1920-01-01T00:00:00Z",NA,"Taniwha","New Zealand Rugby","New Zealand","ITM Cup","Okara Park","18500","Whangārei",NA,"/g/1219x_r8"
"698","Q2002695","US Montauban","rugby union club","1903-01-01T00:00:00Z",NA,NA,NA,"France","Pro D2","Stade Sapiac",NA,"Montauban",NA,NA
"699","Q2003634","Poland national rugby union team","national rugby union team","1958-04-24T00:00:00Z",NA,"Biało-czerwoni",NA,"Poland",NA,NA,NA,NA,NA,NA
"700","Q2004853","Barbarian Rugby Club","rugby union team","1979-08-01T00:00:00Z",NA,NA,NA,"France",NA,NA,NA,NA,NA,NA
"701","Q20102688","Q20102688","rugby union team",NA,NA,NA,NA,NA,NA,NA,NA,NA,NA,"/g/122fj1nt"
"702","Q2035617","Rugby Viadana","rugby union club","1970-01-01T00:00:00Z",NA,"I Gialloneri","Italian Rugby Federation","Italy","Serie A Élite","Luigi Zaffanella Stadium","6000","Viadana",NA,NA
"703","Q2035617","Rugby Viadana","rugby union team","1970-01-01T00:00:00Z",NA,"I Gialloneri","Italian Rugby Federation","Italy","Serie A Élite","Luigi Zaffanella Stadium","6000","Viadana",NA,NA
"704","Q2046470","Curaçao national rugby union team","national rugby union team",NA,NA,NA,NA,NA,NA,NA,NA,NA,NA,NA
"705","Q20593078","Bro Ffestiniog RFC","rugby union team",NA,NA,NA,NA,"United Kingdom",NA,NA,NA,"Gwynedd",NA,NA
"706","Q20593095","Q20593095","rugby union team",NA,NA,NA,NA,NA,NA,NA,NA,NA,NA,NA
"707","Q2060356","Pampas XV","rugby union team","2010-01-01T00:00:00Z","2015-01-01T00:00:00Z",NA,"Argentine Rugby Union","Argentina",NA,NA,NA,NA,NA,NA
"708","Q20708609","Fordham University Rugby Football Club","rugby union team","1962-01-01T00:00:00Z",NA,NA,NA,"United States of America",NA,NA,NA,NA,NA,"/g/11b80hfdtg"
"709","Q20716879","Portugal national under-20 rugby union team","national rugby union team",NA,NA,NA,NA,"Portugal",NA,NA,NA,NA,NA,NA
"710","Q20877062","Glasgow District","rugby union team","1872-01-01T00:00:00Z",NA,NA,NA,"United Kingdom",NA,NA,NA,NA,NA,"/g/11bv3gfdgf"
"711","Q20877353","Watsonians Ladies Rugby","rugby union team",NA,NA,NA,NA,"United Kingdom",NA,NA,NA,NA,NA,"/g/11bw1hjvw3"
"712","Q20878150","History of the Wales national rugby union team","national rugby union team",NA,NA,NA,NA,"United Kingdom",NA,NA,NA,NA,NA,NA
"713","Q20902161","Q20902161","rugby union team",NA,NA,NA,NA,NA,NA,NA,NA,NA,NA,NA
"714","Q2094512","Worcester Warriors","rugby union club","1871-01-01T00:00:00Z",NA,NA,"Rugby Football Union","United Kingdom","Premiership Rugby","Sixways Stadium","12024",NA,"worcester",NA
"715","Q2095197","Q2095197","rugby union club",NA,NA,NA,NA,"Netherlands",NA,NA,NA,NA,NA,"/g/122rd7pn"
"716","Q20966973","France national under-16 rugby union team","national rugby union team",NA,NA,NA,NA,NA,NA,NA,NA,NA,NA,NA
"717","Q20966981","France olympic national rugby union team","national rugby union team",NA,NA,NA,NA,NA,NA,NA,NA,NA,NA,NA
"718","Q20967019","France national under-19 rugby union team","national rugby union team",NA,NA,NA,NA,"France",NA,NA,NA,NA,NA,NA
"719","Q20967743","Q20967743","rugby union team",NA,NA,NA,NA,NA,NA,NA,NA,NA,NA,NA
"720","Q20977903","Belenos Rugby Club","rugby union team","1998-01-01T00:00:00Z",NA,NA,NA,"Spain","División de Honor de Rugby","Estadio Santa Bárbara",NA,NA,NA,NA
"721","Q20981974","South African Universities rugby union team","national rugby union team",NA,NA,NA,NA,"South Africa",NA,NA,NA,NA,NA,NA
"722","Q21007935","Anglet ORC","rugby union team","1946-01-01T00:00:00Z",NA,NA,NA,"France",NA,"Stade Saint-Jean",NA,"Anglet",NA,"/g/11b8cfr_d1"
"723","Q21019206","Tokyo Gas Rugby Football Club","rugby union team",NA,NA,NA,NA,NA,NA,NA,NA,NA,NA,"/g/11b7js4mcd"
"724","Q21019421","Hino Red Dolphins","rugby union team","1950-01-01T00:00:00Z",NA,NA,NA,"Japan","Japan Rugby League One",NA,NA,"Hino",NA,"/g/11b7khntts"
"725","Q21019486","Shimizu Koto Blue Sharks","rugby union team","1976-01-01T00:00:00Z",NA,NA,NA,"Japan","Japan Rugby League One",NA,NA,"Kōtō-ku",NA,"/g/11b7k5b50c"
"726","Q2105092","ESRC The Elephants","rugby union club",NA,NA,NA,NA,"Netherlands",NA,NA,NA,"Eindhoven",NA,"/g/1hc0gv3bp"
"727","Q21055563","Q21055563","rugby union team","1962-01-01T00:00:00Z",NA,NA,NA,"France",NA,NA,NA,NA,NA,"/g/11bwdwwlw0"
"728","Q21072615","Belgrade Rugby Club Red Star","rugby union team","1982-12-20T00:00:00Z",NA,NA,NA,"Serbia",NA,NA,NA,"Belgrade",NA,NA
"729","Q21072670","Rugby Club Balkan Mosquito","rugby union team",NA,NA,NA,NA,"Serbia",NA,NA,NA,NA,NA,NA
"730","Q21093779","Old Blues RFC","rugby union team",NA,NA,NA,NA,"United States of America",NA,NA,NA,NA,NA,"/g/11b6gbgc32"
"731","Q21235479","Lomas Athletic Club (rugby)","rugby union team","1891-01-01T00:00:00Z",NA,NA,"Unión de Rugby de Buenos Aires","Argentina",NA,NA,NA,NA,NA,"/g/11b7t34l3k"
"732","Q21427935","Q21427935","rugby union team",NA,NA,NA,NA,"France",NA,NA,NA,"Saint-Céré",NA,"/g/11bwg7b3m8"
"733","Q2149726","Rsca-rugby","rugby union team","1931-01-01T00:00:00Z",NA,"Paars en wit; les Mauves; l'old club","Belgian Rugby Federation","Belgium","Belgian Elite League",NA,NA,NA,NA,NA
"734","Q21638955","Q21638955","rugby union club","1996-01-01T00:00:00Z",NA,NA,NA,"Russia",NA,NA,NA,NA,NA,"/g/11bx1gzdgc"
"735","Q21644695","Q21644695","rugby union club","2013-01-01T00:00:00Z",NA,NA,NA,"Russia",NA,NA,NA,NA,NA,"/g/11bx569c4b"
"736","Q217625","Manawatu Rugby Union","rugby union team","1886-01-01T00:00:00Z",NA,NA,"New Zealand Rugby","New Zealand","ITM Cup","Arena Manawatu","15000","Palmerston North",NA,NA
"737","Q217635","Waikato RU","rugby union team","1921-01-01T00:00:00Z",NA,NA,NA,"New Zealand",NA,"Waikato Stadium",NA,"Hamilton",NA,NA
"738","Q21843669","Q21843669","rugby union club","2011-01-01T00:00:00Z",NA,NA,NA,"Russia",NA,NA,NA,NA,NA,"/g/11bxb8qtv3"
"739","Q2191086","Unione Sportiva Milanese","rugby union club","1902-01-01T00:00:00Z",NA,NA,NA,"Italy",NA,NA,NA,"Milan",NA,"/g/121xjwvy"
"740","Q21997533","Glasgow Giants ARFC","rugby union club",NA,NA,NA,NA,"United Kingdom",NA,NA,NA,NA,NA,"/g/11bwcb7rvb"
"741","Q21997618","Moray RFC","rugby union club",NA,NA,NA,NA,"United Kingdom",NA,NA,NA,NA,NA,"/g/11bwkdyp1z"
"742","Q2200602","Instonians","rugby union team","1919-01-01T00:00:00Z",NA,NA,NA,"Ireland",NA,NA,NA,NA,NA,NA
"743","Q2208598","SV Odin Hannover","rugby union team","1905-01-01T00:00:00Z",NA,NA,NA,"Germany",NA,NA,NA,"Hanover",NA,NA
"744","Q22087439","Oxford R.F.C","rugby union club",NA,NA,NA,NA,"United Kingdom",NA,NA,NA,NA,NA,"/g/11bwds04_r"
"745","Q22097416","Husky Rugby Club","rugby union club","1963-01-01T00:00:00Z",NA,NA,NA,"United States of America",NA,NA,NA,NA,NA,"/g/11bwn3z4yp"
"746","Q22097681","Glasgow Southern RFC","rugby union club",NA,NA,NA,NA,"United Kingdom",NA,NA,NA,NA,NA,"/g/11clgfnc_8"
"747","Q22097709","Cirencester RFC","rugby union club",NA,NA,NA,NA,"United Kingdom",NA,NA,NA,NA,NA,"/g/11bxdt4lx8"
"748","Q22097728","Clarkston RFC","rugby union club",NA,NA,NA,NA,"United Kingdom",NA,NA,NA,NA,NA,"/g/11clgkvsml"
"749","Q22098273","Scotland B national rugby union team","national rugby union team","1971-01-01T00:00:00Z","1992-01-01T00:00:00Z",NA,NA,NA,NA,NA,NA,NA,NA,"/g/11bwdt6x7k"
"750","Q22098276","Scotland Club XV","national rugby union team",NA,NA,NA,NA,NA,NA,NA,NA,NA,NA,"/g/11bv35f0qm"
"751","Q22098282","Scotland national under-16 rugby union team","national rugby union team",NA,NA,NA,NA,"United Kingdom",NA,NA,NA,NA,NA,"/g/11b87nhxxh"
"752","Q22098288","Scotland national under-17 rugby union team","national rugby union team",NA,NA,NA,NA,"United Kingdom",NA,NA,NA,NA,NA,"/g/11bwdsdsz1"
"753","Q22098292","Scotland national under-21 rugby union team","national rugby union team",NA,NA,NA,NA,"United Kingdom",NA,NA,NA,NA,NA,"/g/11bwf6d6dy"
"754","Q22098385","Turks and Caicos Islands national rugby union team","national rugby union team",NA,NA,NA,NA,NA,NA,NA,NA,NA,NA,NA
"755","Q22117758","Asahi University Rugby Football Club","rugby union team","1978-01-01T00:00:00Z",NA,NA,NA,"Japan","Q11527859",NA,NA,NA,NA,"/g/11bw_5_q50"
"756","Q22118320","Q22118320","rugby union team",NA,NA,NA,NA,"Japan",NA,NA,NA,NA,NA,"/g/11bxds_vdg"
"757","Q22118707","Q22118707","rugby union team",NA,NA,NA,NA,"Japan",NA,NA,NA,NA,NA,"/g/11bx89m80d"
"758","Q22119126","Q22119126","rugby union team",NA,NA,NA,NA,"Japan",NA,NA,NA,NA,NA,"/g/11bxb8dsmp"
"759","Q22119362","Q22119362","rugby union team",NA,NA,NA,NA,"Japan",NA,NA,NA,NA,NA,"/g/11bxb8p08f"
"760","Q22119409","Q22119409","rugby union team",NA,NA,NA,NA,"Japan",NA,NA,NA,NA,NA,"/g/11bxdsljk5"
"761","Q22119588","Tokyo Institute of Technology Rugby Unit","rugby union team",NA,NA,NA,NA,"Japan",NA,NA,NA,NA,NA,"/g/11cj8zcvk8"
"762","Q22119593","Q22119593","rugby union team",NA,NA,NA,NA,"Japan",NA,NA,NA,NA,NA,"/g/11bx1cmch4"
"763","Q22119617","Toyo University Rugby Football Club","rugby union team","1959-01-01T00:00:00Z",NA,NA,NA,"Japan","Q11655916",NA,NA,NA,NA,"/g/11bwyc8nvm"
"764","Q22119950","Hakuoh University Rugby Football Club","rugby union team","1986-01-01T00:00:00Z",NA,NA,NA,"Japan","Q11655916",NA,NA,NA,NA,"/g/11c3vgy3sx"
"765","Q22120270","Q22120270","rugby union team",NA,NA,NA,NA,"Japan",NA,NA,NA,NA,NA,"/g/11bx568qsv"
"766","Q22120803","Q22120803","rugby union team",NA,NA,NA,NA,"Japan",NA,NA,NA,NA,NA,NA
"767","Q22120850","Q22120850","rugby union team",NA,NA,NA,NA,"Japan",NA,NA,NA,NA,NA,"/g/11bwymgwbm"
"768","Q22125155","Hitachi Sun Nexus","rugby union team",NA,NA,NA,NA,"Japan",NA,NA,NA,NA,NA,"/g/11b7nscnky"
"769","Q22681306","Surfers Paradise Dolphins","rugby union team","1973-01-01T00:00:00Z",NA,NA,NA,"Australia",NA,NA,NA,NA,NA,"/g/11clgkyqbf"
"770","Q2269393","Mogliano Rugby","rugby union club","1956-01-01T00:00:00Z",NA,NA,"Italian Rugby Federation","Italy","Serie A Élite","Q3967840","786","Mogliano Veneto",NA,NA
"771","Q2274476","Venezia Mestre Rugby FC","defunct rugby union club","1986-01-01T00:00:00Z","2011-01-01T00:00:00Z",NA,"Italian Rugby Federation","Italy",NA,NA,NA,"Venice",NA,NA
"772","Q2278510","L’Aquila Rugby Club","defunct rugby union club","1936-01-01T00:00:00Z","2018-01-01T00:00:00Z","Neroverdi","Italian Rugby Federation","Italy",NA,"Stadio Tommaso Fattori","10000",NA,NA,NA
"773","Q2289089","București Wolves","rugby union team","2004-01-01T00:00:00Z",NA,NA,NA,"Romania",NA,NA,NA,NA,NA,NA
"774","Q2289327","CSA Steaua București","rugby union club","1948-01-01T00:00:00Z",NA,NA,NA,"Romania",NA,"Stadionul Steaua",NA,NA,NA,NA
"775","Q2300859","Western Province","rugby union team","1883-01-01T00:00:00Z",NA,"Die Streeptruie; WP; Province","South African Rugby Union","South Africa","Currie Cup","Newlands Stadium","50900","Cape Town",NA,NA
"776","Q23013468","Basque Country women's national rugby union team","rugby union team","1995-01-01T00:00:00Z",NA,NA,NA,"Spain",NA,NA,NA,NA,NA,"/g/11cjjb7jqf"
"777","Q23018837","Wallsend RUFC","rugby union club",NA,NA,NA,NA,"United Kingdom",NA,NA,NA,NA,NA,"/g/11bwh913hp"
"778","Q23044767","Sweden national wheelchair rugby team","national rugby union team",NA,NA,NA,NA,"Sweden",NA,NA,NA,NA,NA,"/g/11b8_zfy5q"
"779","Q23058668","Sacramento Express","rugby union club","2016-01-01T00:00:00Z",NA,NA,NA,"United States of America",NA,NA,NA,NA,NA,"/g/11c1tqqpys"
"780","Q2332289","Slovenia national rugby union team","national rugby union team",NA,NA,NA,NA,"Slovenia",NA,NA,NA,NA,NA,NA
"781","Q2332838","Azerbaijan national rugby union team","national rugby union team",NA,NA,NA,NA,"Azerbaijan",NA,NA,NA,NA,NA,NA
"782","Q2333263","China national rugby union team","national rugby union team","1997-11-01T00:00:00Z",NA,NA,NA,"People's Republic of China",NA,NA,NA,NA,NA,NA
"783","Q2334727","Q2334727","rugby union club",NA,NA,NA,NA,"Netherlands",NA,NA,NA,NA,NA,"/g/122z_sfk"
"784","Q2335211","Israel national rugby union team","national rugby union team",NA,NA,NA,NA,"Israel",NA,NA,NA,NA,NA,NA
"785","Q2335804","Latvia national rugby union team","national rugby union team",NA,NA,NA,NA,"Latvia",NA,NA,NA,NA,NA,NA
"786","Q2335859","Serbia national rugby union team","national rugby union team","2006-10-07T00:00:00Z",NA,NA,NA,"Serbia",NA,NA,NA,NA,NA,NA
"787","Q2345914","Peru national rugby union team","national rugby union team",NA,NA,NA,NA,"Peru",NA,NA,NA,NA,NA,NA
"788","Q2352445","Malaysia national rugby union team","national rugby union team",NA,NA,NA,NA,"Malaysia",NA,NA,NA,NA,NA,NA
"789","Q2352670","ASRV Ascrum","rugby union club","1962-11-01T00:00:00Z",NA,NA,NA,"Netherlands",NA,NA,NA,NA,NA,"/g/121jnmhl"
"790","Q2358997","Madagascar national rugby union team","national rugby union team","1970-05-24T00:00:00Z",NA,"Makis",NA,"Madagascar",NA,"Mahamasina Municipal Stadium","22000",NA,NA,NA
"791","Q23614918","CS Politehnica Iași (rugby)","rugby union team","1969-01-01T00:00:00Z",NA,NA,NA,"Romania",NA,NA,NA,NA,NA,"/g/11ckr731l3"
"792","Q2366481","Jed-Forest RFC","rugby union team","1885-01-01T00:00:00Z",NA,NA,NA,"United Kingdom","Scottish Premiership Division Two",NA,NA,NA,NA,NA
"793","Q23683475","Cafeteros Pro","rugby union team","2014-01-01T00:00:00Z",NA,NA,NA,"Colombia",NA,NA,NA,NA,NA,"/g/11bwh5jm7r"
"794","Q23808242","History of the Ireland national rugby union team","national rugby union team",NA,NA,NA,NA,"Ireland",NA,NA,NA,NA,NA,"/g/11b8v866y6"
"795","Q2391440","Wanderers F.C.","rugby union team","1870-01-01T00:00:00Z",NA,NA,NA,"Ireland",NA,NA,NA,NA,NA,NA
"796","Q2393896","Taranaki Rugby Football Union","rugby union club","1879-01-01T00:00:00Z",NA,NA,"New Zealand Rugby","New Zealand","ITM Cup","Yarrow Stadium","25000","New Plymouth",NA,NA
"797","Q24185018","Edinburgh Wanderers","rugby union team","1868-01-01T00:00:00Z","1997-01-01T00:00:00Z",NA,NA,"United Kingdom",NA,"Murrayfield Stadium",NA,NA,NA,"/g/11cn9fpvdd"
"798","Q24185132","Gold Coast Eagles","rugby union team","1965-01-01T00:00:00Z",NA,NA,NA,"Australia",NA,NA,NA,NA,NA,"/g/11clgksxg1"
"799","Q24185177","Kelvinside Academicals RFC","rugby union club","1888-01-01T00:00:00Z",NA,NA,NA,"United Kingdom",NA,NA,NA,NA,NA,"/g/121k363m"
"800","Q24185188","San Diego Breakers","rugby union club","2016-01-01T00:00:00Z",NA,NA,NA,"United States of America",NA,NA,NA,NA,NA,"/g/11c1nwzl9_"
"801","Q24185191","San Francisco Rush","rugby union club","2016-01-01T00:00:00Z","2016-12-15T00:00:00Z",NA,NA,"United States of America",NA,NA,NA,NA,NA,"/g/11c3yr5f47"
"802","Q24185196","Denver Stampede","rugby union club","2016-01-01T00:00:00Z",NA,NA,NA,"United States of America",NA,NA,NA,NA,NA,"/g/11cm3rq0gf"
"803","Q24185198","Ohio Aviators","rugby union club","2016-01-01T00:00:00Z",NA,NA,NA,"United States of America",NA,NA,NA,NA,NA,"/g/11cm89m_8c"
"804","Q24185239","Clydesdale RFC, Glasgow","rugby union team",NA,NA,NA,NA,"United Kingdom",NA,NA,NA,NA,NA,"/g/11cmttrg6q"
"805","Q24185255","RIE College RFC","rugby union club",NA,NA,NA,NA,"United Kingdom",NA,NA,NA,NA,NA,"/g/11cn3l4ybq"
"806","Q24197202","Hillhead RFC","rugby union club",NA,NA,NA,NA,"United Kingdom",NA,NA,NA,NA,NA,"/g/11cmmwb5hp"
"807","Q24197204","Jordanhill RFC","rugby union team",NA,NA,NA,NA,"United Kingdom",NA,NA,NA,NA,NA,"/g/11cmmw4nqg"
"808","Q247246","Pacific Islanders rugby union team","rugby union team","2004-01-01T00:00:00Z",NA,NA,NA,NA,NA,NA,NA,NA,NA,NA
"809","Q2479165","Real Sociedad Gimnástica Española","defunct rugby union club","1887-01-01T00:00:00Z","1928-01-01T00:00:00Z",NA,"Spanish Rugby Federation","Spain",NA,NA,NA,"Madrid",NA,NA
"810","Q2481690","Blackheath F.C.","rugby union club","1858-01-01T00:00:00Z",NA,NA,NA,"United Kingdom",NA,NA,NA,"Well Hall",NA,NA
"811","Q24897113","Yakult Levins Toda","rugby union team","1980-01-01T00:00:00Z",NA,NA,NA,"Japan",NA,NA,NA,NA,NA,"/g/11b7kknxpq"
"812","Q24897402","Chubu Electric Power RFC","rugby union team","1951-01-01T00:00:00Z",NA,NA,NA,"Japan","Top West",NA,NA,NA,NA,"/g/11b7l45wp8"
"813","Q24897456","Ricoh Japan Rugby Football Team","rugby union team","1989-01-01T00:00:00Z",NA,NA,NA,"Japan","Top West",NA,NA,NA,NA,"/g/11b7l3tr8z"
"814","Q24898152","Craigieburn Phoenix","rugby union team","2008-01-01T00:00:00Z",NA,NA,NA,"Australia",NA,NA,NA,NA,NA,"/g/11bzq36q4x"
"815","Q24902115","All Americans rugby union team","national rugby union team",NA,NA,NA,NA,"United States of America",NA,NA,NA,NA,NA,"/g/11bzx91d60"
"816","Q24940410","Q24940410","rugby union team","1950-01-01T00:00:00Z",NA,NA,"Italian Rugby Federation","Italy",NA,NA,NA,NA,NA,"/g/11cny300gy"
"817","Q24993139","Cheltenham Saracens RFC","rugby union club",NA,NA,NA,NA,"United Kingdom",NA,NA,NA,NA,NA,"/g/11c3znz722"
"818","Q25058075","Vanuatu national under-20 rugby union team","national rugby union team",NA,NA,NA,NA,"Vanuatu",NA,NA,NA,NA,NA,"/g/11clw1xk_3"
"819","Q250778","Portugal national rugby union team","national rugby union team","1935-04-13T00:00:00Z",NA,"Os Lobos",NA,"Portugal",NA,"Estádio Universitário de Lisboa","8000",NA,NA,NA
"820","Q250783","Spain national rugby union team","national rugby union team","1929-05-20T00:00:00Z",NA,"el XV del León",NA,"Spain",NA,"Estadio Nacional Complutense","12000",NA,NA,NA
"821","Q25110963","Spain national under-20 rugby union team","national rugby union team",NA,NA,NA,NA,"Spain",NA,NA,NA,NA,NA,"/g/11cn3v9zr5"
"822","Q25220990","Manchester Medics RUFC","rugby union club",NA,NA,NA,NA,"United Kingdom",NA,NA,NA,NA,NA,"/g/11bwhb7zrz"
"823","Q2530925","Rugby Parma FC","rugby union club","1931-01-01T00:00:00Z",NA,NA,"Italian Rugby Federation","Italy","Serie B",NA,NA,NA,NA,NA
"824","Q25344885","Rugbyfélag Reykjavíkur (Reykjavík Raiders)","rugby union team",NA,NA,NA,NA,"Iceland",NA,NA,NA,NA,NA,"/g/11cn3gv6z0"
"825","Q25382139","Q25382139","rugby union team","2007-01-01T00:00:00Z",NA,NA,NA,"Algeria",NA,NA,NA,NA,NA,"/g/11bxfvlzr4"
"826","Q25393900","Q25393900","rugby union club","2011-01-01T00:00:00Z",NA,NA,NA,"Russia",NA,NA,NA,NA,NA,NA
"827","Q25395988","Club athlétique des sports généraux","rugby union team","1903-01-01T00:00:00Z","1995-05-15T00:00:00Z",NA,NA,"France",NA,NA,NA,"Stade Jean-Bouin",NA,"/g/11cmcycv4f"
"828","Q254209","FC Lourdes","rugby union team","1911-01-01T00:00:00Z",NA,NA,"French Rugby Federation","France","Fédérale 2","Stade Antoine-Béguère","6500","Lourdes",NA,NA
"829","Q25421425","Q25421425","rugby union team",NA,NA,NA,NA,"Brazil",NA,NA,NA,NA,NA,"/g/11bx1g1ry5"
"830","Q25477067","Mouguerre Union","rugby union team","1962-05-25T00:00:00Z",NA,NA,NA,"France",NA,NA,NA,"Mouguerre",NA,NA
"831","Q2549837","Warrington Wolves","rugby union team","1879-01-01T00:00:00Z",NA,"The Wire",NA,"United Kingdom",NA,"Halliwell Jones Stadium; Wilderspool Stadium",NA,"Warrington",NA,NA
"832","Q2567307","Finland national rugby union team","national rugby union team",NA,NA,NA,NA,"Finland",NA,NA,NA,NA,NA,NA
"833","Q2567970","Croatia national rugby union team","national rugby union team","1992-01-01T00:00:00Z",NA,NA,NA,"Croatia",NA,NA,NA,NA,NA,NA
"834","Q2569139","Slovakia national rugby union team","national rugby union team",NA,NA,NA,NA,"Slovakia",NA,NA,NA,NA,NA,NA
"835","Q2569433","Hungary national rugby union team","national rugby union team",NA,NA,NA,NA,"Hungary",NA,NA,NA,NA,NA,NA
"836","Q2571617","Colombia national rugby union team","national rugby union team","1996-01-01T00:00:00Z",NA,"los Tucanes",NA,"Colombia",NA,NA,NA,NA,NA,NA
"837","Q2572572","Paraguay national rugby union team","national rugby union team",NA,NA,"Yacarés",NA,"Paraguay",NA,NA,NA,NA,NA,NA
"838","Q2573690","Algeria national rugby union team","rugby union team",NA,NA,NA,NA,"Algeria",NA,NA,NA,NA,NA,NA
"839","Q2625567","Q2625567","rugby union club",NA,NA,NA,NA,"Netherlands",NA,NA,NA,NA,NA,"/g/120jr5y9"
"840","Q2633484","Q2633484","rugby union club",NA,NA,NA,NA,"Netherlands",NA,NA,NA,NA,NA,"/g/121d6f87"
"841","Q2637322","Petrarca Rugby","rugby union club","1947-01-01T00:00:00Z",NA,"Neri","Italian Rugby Federation","Italy","Serie A Élite","Stadio Plebiscito","7715","Padua",NA,NA
"842","Q2650954","Q2650954","rugby union club",NA,NA,NA,NA,"Netherlands",NA,NA,NA,NA,NA,"/g/122zkfw1"
"843","Q26760329","Japan national wheelchair rugby team","national rugby union team",NA,NA,NA,NA,"Japan",NA,NA,NA,NA,NA,"/g/11c15ctcg8"
"844","Q2700173","Groninger Studenten Rugby Club","rugby union club","1986-01-01T00:00:00Z",NA,NA,NA,"Netherlands",NA,NA,NA,NA,NA,NA
"845","Q2721746","Brazil national rugby union team","national rugby union team","1950-09-09T00:00:00Z",NA,"Os Tupis",NA,"Brazil",NA,NA,NA,NA,NA,NA
"846","Q2722488","Norway national rugby union team","national rugby union team",NA,NA,NA,NA,"Norway",NA,NA,NA,NA,NA,NA
"847","Q2727012","C.F. Os Belenenses (rugby union)","rugby union team","1928-01-01T00:00:00Z",NA,NA,NA,"Portugal",NA,"Estádio do Restelo",NA,NA,NA,NA
"848","Q2733519","Morocco national rugby union team","national rugby union team","1931-12-15T00:00:00Z",NA,"Lions de l'Atlas",NA,"Morocco",NA,NA,NA,NA,NA,NA
"849","Q2734570","CR El Salvador","rugby union team","1960-01-01T00:00:00Z",NA,"los chamizos","Spanish Rugby Federation","Spain","División de Honor de Rugby","Estadio Pepe Rojo","5000","Valladolid",NA,NA
"850","Q2735810","Sweden national rugby union team","national rugby union team","1949-10-23T00:00:00Z",NA,NA,NA,"Sweden",NA,NA,NA,NA,NA,NA
"851","Q2740626","S.L. Benfica","rugby union team","1924-12-26T00:00:00Z",NA,"Águias",NA,"Portugal","Campeonato Português de Rugby",NA,NA,"Lisbon",NA,NA
"852","Q2740841","AEIS Agronomia","rugby union team","1935-01-01T00:00:00Z",NA,NA,NA,"Portugal",NA,"Tapada da Ajuda",NA,"Lisbon",NA,NA
"853","Q2740865","Clube de Rugby de Arcos de Valdevez","rugby union team","1981-01-01T00:00:00Z",NA,NA,NA,"Portugal",NA,NA,NA,"Arcos de Valdevez",NA,NA
"854","Q2756860","Sporting Club Graulhetois","rugby union team","1910-01-01T00:00:00Z",NA,NA,NA,"France",NA,NA,NA,"Graulhet",NA,NA
"855","Q2756879","Avenir Valencien","rugby union team","1903-01-01T00:00:00Z",NA,NA,NA,"France",NA,NA,NA,"Valence",NA,NA
"856","Q276760","Uruguay national rugby union team","national rugby union team","1951-09-09T00:00:00Z",NA,"los Teros",NA,"Uruguay",NA,"Estadio Charrúa","14000",NA,NA,NA
"857","Q27958072","Bridgnorth RFC","rugby union club",NA,NA,NA,NA,"United Kingdom",NA,NA,NA,NA,NA,"/g/11cs1cf3ff"
"858","Q27963257","Ilkley Rugby Club","rugby union club","1899-01-01T00:00:00Z",NA,NA,NA,"United Kingdom",NA,NA,NA,NA,NA,"/g/11cs1fc0_l"
"859","Q2817228","SC Mazamet","rugby union team","1905-01-01T00:00:00Z",NA,NA,NA,"France",NA,NA,NA,"Mazamet",NA,NA
"860","Q2817319","Stade Montchaninois","rugby union team","1961-01-01T00:00:00Z",NA,NA,NA,"France",NA,NA,NA,"Montchanin",NA,NA
"861","Q2819481","ASUB Waterloo","rugby union team","1959-01-01T00:00:00Z",NA,NA,NA,"Belgium",NA,NA,NA,NA,NA,NA
"862","Q2819484","RSV Köln","rugby union team","1951-01-01T00:00:00Z",NA,NA,NA,"Germany","Rugby-Bundesliga",NA,NA,NA,NA,NA
"863","Q2821574","Aberdeen GSFP RFC","rugby union team","1893-01-01T00:00:00Z",NA,NA,NA,"United Kingdom","Scottish Premiership","Rubislaw Playing Fields",NA,NA,NA,NA
"864","Q282354","Hamilton RFC","rugby union team","1927-01-01T00:00:00Z",NA,NA,NA,"United Kingdom","Scottish Premiership Division Two",NA,NA,NA,NA,NA
"865","Q2827226","AgroUniversity Kazan","rugby union club","1967-01-01T00:00:00Z",NA,NA,NA,"Russia",NA,NA,NA,NA,NA,NA
"866","Q28402763","Long Eaton RFC","rugby union team",NA,NA,NA,NA,"United Kingdom",NA,NA,NA,NA,NA,"/g/11c1p7_72k"
"867","Q28403320","Hessle RUFC","rugby union club",NA,NA,NA,NA,"United Kingdom",NA,NA,NA,NA,NA,"/g/11cs1bvwmw"
"868","Q28403560","Grimsby RUFC","rugby union club",NA,NA,NA,NA,"United Kingdom",NA,NA,NA,NA,NA,"/g/11c56999z2"
"869","Q28406742","BYU Women's Rugby","rugby union team",NA,NA,NA,NA,"United States of America",NA,"South Field",NA,NA,NA,"/g/11ddwhyrcq"
"870","Q28407530","Old Aloysians RFC","rugby union club",NA,NA,NA,NA,"United Kingdom",NA,NA,NA,NA,NA,"/g/11ddxv85hf"
"871","Q2841363","Rugby San Donà","rugby union club","1959-01-01T00:00:00Z",NA,NA,"Italian Rugby Federation","Italy","Serie B","Q3967873","1500",NA,NA,"/g/112yg120_"
"872","Q2841363","Rugby San Donà","rugby union team","1959-01-01T00:00:00Z",NA,NA,"Italian Rugby Federation","Italy","Serie B","Q3967873","1500",NA,NA,"/g/112yg120_"
"873","Q28495465","Q28495465","rugby union team","2009-01-01T00:00:00Z",NA,NA,NA,"France",NA,NA,NA,"Dumbéa",NA,"/g/11c5zxq160"
"874","Q2857438","Union sportive romanaise et péageoise","rugby union team","1908-01-01T00:00:00Z","2016-06-30T00:00:00Z",NA,NA,"France",NA,NA,NA,"Romans-sur-Isère",NA,"/g/121kq3ww"
"875","Q28663814","CASA de Padua Rugby","rugby union team","1981-10-01T00:00:00Z",NA,NA,NA,"Argentina",NA,NA,NA,NA,NA,"/g/11c610q6yv"
"876","Q2868057","AS Mérignac","rugby union team","1972-02-04T00:00:00Z",NA,NA,NA,"France",NA,NA,NA,"Mérignac",NA,"/g/122kc8_m"
"877","Q2868062","Q2868062","rugby union team","1904-01-01T00:00:00Z",NA,NA,NA,"France",NA,NA,NA,"Saint-Junien",NA,"/g/122tpds5"
"878","Q2868124","Association sportive fleurantine","rugby union club","1906-03-07T00:00:00Z",NA,NA,NA,"France",NA,NA,NA,"Fleurance",NA,"/g/1215jdl4"
"879","Q2868153","Q2868153","rugby union team","1909-01-01T00:00:00Z",NA,NA,NA,"France",NA,NA,NA,"Q119164384",NA,"/g/121xkdbf"
"880","Q2868156","AS Soustons","rugby union team","1926-01-01T00:00:00Z",NA,NA,NA,"France",NA,"Stade Rémy-Goalard",NA,"Soustons",NA,"/g/122jx0q4"
"881","Q2868158","Q2868158","rugby union team","1906-01-01T00:00:00Z",NA,NA,NA,"France",NA,NA,NA,"Lavaur",NA,"/g/120t4lhy"
"882","Q2868218","Academica Coimbra – rugby","rugby union team","1955-01-01T00:00:00Z",NA,NA,NA,"Portugal","Campeonato Português de Rugby","Estádio Municipal Sérgio Conceição","8000",NA,NA,NA
"883","Q2869022","Athens RFC","rugby union team","2004-01-01T00:00:00Z",NA,NA,NA,"Greece",NA,NA,NA,NA,NA,NA
"884","Q2870092","Attica Springboks RFC","rugby union team","2000-01-01T00:00:00Z",NA,NA,NA,"Greece",NA,NA,NA,NA,NA,NA
"885","Q2873446","Q2873446","rugby union team","1908-01-16T00:00:00Z",NA,NA,NA,"France",NA,NA,NA,"Aire-sur-l'Adour",NA,"/g/12283x1q"
"886","Q2873447","Q2873447","rugby union team","1968-01-01T00:00:00Z",NA,NA,NA,"France",NA,NA,NA,"Castanet-Tolosan",NA,"/g/121jcd23"
"887","Q2873456","AS Bédarrides Châteauneuf-du-Pape","rugby union team","1923-01-01T00:00:00Z",NA,NA,NA,"France",NA,NA,NA,"Bédarrides",NA,"/g/12215drx"
"888","Q2877524","BUC St Josse","rugby union team",NA,NA,NA,NA,"Belgium",NA,NA,NA,NA,NA,NA
"889","Q2881428","Ballymena RFC","rugby union club","1887-01-01T00:00:00Z",NA,NA,NA,"United Kingdom",NA,NA,NA,NA,NA,NA
"890","Q2881429","Brisbane City","rugby union club","2007-01-01T00:00:00Z",NA,NA,NA,"Australia",NA,"Ballymore Stadium",NA,NA,NA,NA
"891","Q2881438","Ballynahinch RFC","rugby union team","1954-01-01T00:00:00Z",NA,NA,NA,"Ireland",NA,NA,NA,NA,NA,NA
"892","Q28843742","Valence Romans Drôme Rugby","rugby union team","2016-07-01T00:00:00Z",NA,NA,NA,"France",NA,NA,NA,"Romans-sur-Isère",NA,NA
"893","Q2884711","Barnhall RFC","rugby union team","1969-01-01T00:00:00Z",NA,NA,NA,"Ireland",NA,NA,NA,NA,NA,NA
"894","Q28869487","Angouleme Sporting Club","rugby union team","1910-02-15T00:00:00Z","2010-07-23T00:00:00Z",NA,NA,"France",NA,NA,NA,"Angoulême",NA,"/g/11g6qd_5s_"
"895","Q289030","Birmingham Moseley Rugby Club","rugby union club","1873-01-01T00:00:00Z",NA,NA,"Rugby Football Union","United Kingdom","National League 1","Billesley Common","5000",NA,NA,NA
"896","Q2893513","Bective Rangers","rugby union team","1881-01-01T00:00:00Z",NA,NA,NA,"Ireland",NA,"Donnybrook Stadium",NA,NA,NA,NA
"897","Q2894320","Belfast Harlequins","rugby union team","1999-01-01T00:00:00Z",NA,NA,NA,"Northern Ireland",NA,NA,NA,NA,NA,NA
"898","Q2896859","Bera Bera RT","rugby union team","1983-01-01T00:00:00Z",NA,NA,NA,"Spain","División de Honor de Rugby",NA,NA,"San Sebastián",NA,NA
"899","Q2897277","Berliner SV 92 Rugby","rugby union team","1892-01-01T00:00:00Z",NA,NA,NA,"Germany","Rugby-Bundesliga",NA,NA,NA,NA,NA
"900","Q2902403","Biggar RFC","rugby union team","1975-01-01T00:00:00Z",NA,NA,NA,"United Kingdom",NA,NA,NA,NA,NA,NA
"901","Q2904530","Birmingham & Solihull R.F.C.","rugby union team","1989-01-01T00:00:00Z",NA,NA,NA,"United Kingdom",NA,NA,NA,NA,NA,NA
"902","Q2905584","Blackrock College RFC","rugby union club","1881-01-01T00:00:00Z",NA,NA,NA,"Ireland",NA,NA,NA,NA,NA,NA
"903","Q2909126","Boitsfort Rugby Club","rugby union team","1970-01-01T00:00:00Z",NA,NA,NA,"Belgium",NA,NA,NA,NA,NA,NA
"904","Q2911617","Boston Irish Wolfhounds","rugby union club","1989-01-01T00:00:00Z",NA,NA,NA,"United States of America",NA,NA,NA,NA,NA,NA
"905","Q2921331","Boucau Tarnos stade","rugby union team","1907-01-01T00:00:00Z",NA,NA,NA,"France",NA,NA,NA,"Tarnos",NA,"/g/1229dsm8"
"906","Q2925165","Bridgend Ravens","rugby union team","1878-01-01T00:00:00Z",NA,NA,NA,"United Kingdom",NA,"Brewery Field",NA,NA,NA,NA
"907","Q2925718","British Columbia RU","rugby union team","1889-01-01T00:00:00Z",NA,NA,NA,"Canada",NA,NA,NA,NA,NA,NA
"908","Q2927879","Q2927879","rugby union club","1960-01-01T00:00:00Z",NA,NA,NA,"Russia",NA,NA,NA,NA,NA,"/g/1xy2_xr_"
"909","Q2928543","Burnaby Lake Rugby Club","rugby union team","1994-01-01T00:00:00Z",NA,NA,"Rugby Canada","Canada",NA,NA,NA,"Burnaby",NA,NA
"910","Q2929903","S.S. Juventus Roma","defunct rugby union club","1905-01-01T00:00:00Z",NA,NA,NA,"Italy",NA,NA,NA,"Rome",NA,"/g/1230jwmb"
"911","Q2932002","CSM Baia Mare","rugby union club","1977-01-01T00:00:00Z",NA,NA,NA,"Romania",NA,NA,NA,NA,NA,NA
"912","Q2932077","CUS Torino Rugby","rugby union team","1928-01-01T00:00:00Z",NA,NA,"Italian Rugby Federation","Italy","Serie A",NA,NA,NA,NA,"/g/1222ckgx"
"913","Q2932822","Q2932822","rugby union team","1977-01-01T00:00:00Z",NA,NA,NA,"France",NA,NA,NA,"Caen",NA,"/g/121rvn9m"
"914","Q2932851","Caerphilly RFC","rugby union team","1887-01-01T00:00:00Z",NA,NA,NA,"United Kingdom",NA,NA,NA,NA,NA,NA
"915","Q2933721","Caldas Rugby Clube","rugby union team",NA,NA,NA,NA,"Portugal",NA,NA,NA,NA,NA,NA
"916","Q2933786","Caledonia Reds","rugby union team","1995-01-01T00:00:00Z",NA,NA,NA,"United Kingdom",NA,"McDiarmid Park",NA,NA,NA,NA
"917","Q2934697","Cambridge University RUFC","rugby union team","1872-01-01T00:00:00Z",NA,NA,NA,"United Kingdom",NA,NA,NA,NA,NA,NA
"918","Q2940573","Cartha Queens Park RFC","rugby union team","1906-01-01T00:00:00Z",NA,NA,NA,"United Kingdom",NA,NA,NA,NA,NA,NA
"919","Q2941339","Castaway Wanderers","rugby union team","1994-01-01T00:00:00Z",NA,NA,NA,"Canada",NA,NA,NA,NA,NA,NA
"920","Q29458342","Q29458342","rugby union team","1920-02-01T00:00:00Z",NA,NA,NA,"Namibia",NA,NA,NA,NA,NA,"/g/11dxr_dq1x"
"921","Q2946149","Centro Desportivo Universitário de Lisboa","rugby union team","1952-01-01T00:00:00Z",NA,NA,NA,"Portugal",NA,NA,NA,"Lisbon",NA,NA
"922","Q2946150","Centro Desportivo Universitário do Porto","rugby union team","1964-01-01T00:00:00Z",NA,NA,NA,"Portugal",NA,NA,NA,NA,NA,"/g/11dxpg9yr7"
"923","Q2946443","CA Lannemezan","rugby union team","1913-01-01T00:00:00Z",NA,NA,NA,"France",NA,NA,NA,"Lannemezan",NA,NA
"924","Q2972340","Real Ciencias Rugby Club","rugby union team","1972-01-01T00:00:00Z",NA,NA,NA,"Spain",NA,NA,NA,NA,NA,NA
"925","Q2976140","European Rugby Club Rankings","rugby union team",NA,NA,NA,NA,NA,NA,NA,NA,NA,NA,NA
"926","Q297901","ASM Clermont Auvergne","rugby union club","1911-10-11T00:00:00Z",NA,NA,"French Rugby Federation","France","Top 14","Parc des Sports Marcel Michelin","19357","Clermont-Ferrand","clermont",NA
"927","Q2979557","Clonakilty RFC","rugby union team","1977-01-01T00:00:00Z",NA,NA,NA,"Ireland",NA,NA,NA,NA,NA,NA
"928","Q2979803","Alcobendas Rugby","rugby union team","2003-01-01T00:00:00Z",NA,NA,NA,"Spain",NA,"Campo de rugby Las Terrazas",NA,"Alcobendas",NA,NA
"929","Q2979971","Club de Regatas Bella Vista","rugby union club","1895-02-14T00:00:00Z",NA,NA,"Unión de Rugby de Buenos Aires","Argentina","URBA Primera A",NA,NA,"Bella Vista",NA,NA
"930","Q2980066","Q2980066","rugby union team","1909-01-01T00:00:00Z",NA,NA,NA,"France",NA,NA,NA,"Ribérac",NA,"/g/121vx9k5"
"931","Q2980067","CA Saint-Étienne Loire Sud Rugby","rugby union team","1908-01-01T00:00:00Z","2016-08-01T00:00:00Z",NA,NA,"France",NA,"Stade Etivallière",NA,"Saint-Étienne",NA,NA
"932","Q2980068","Sarlat Rugby","rugby union team","1903-01-01T00:00:00Z",NA,NA,NA,"France",NA,NA,NA,"Sarlat-la-Canéda",NA,"/g/120ldv89"
"933","Q2980131","CR Liceo Francés","rugby union team","1968-01-01T00:00:00Z",NA,NA,NA,"Spain",NA,NA,NA,"Madrid",NA,NA
"934","Q2980223","Club Olympique Creusot Bourgogne","rugby union team","1901-01-01T00:00:00Z",NA,NA,"French Rugby Federation","France",NA,NA,NA,"Le Creusot",NA,NA
"935","Q2980227","Q2980227","rugby union team",NA,NA,NA,NA,"France",NA,NA,NA,"Périgueux",NA,"/g/1yxkhn40x"
"936","Q2980257","Club sportif Lons Jura","rugby union team","1914-01-01T00:00:00Z","2009-01-01T00:00:00Z",NA,NA,"France",NA,NA,NA,"Lons-le-Saunier",NA,"/g/121b74t1"
"937","Q2980279","Q2980279","rugby union team","1899-02-19T00:00:00Z",NA,NA,NA,"France",NA,NA,NA,"Vienne",NA,"/g/122_9ggq"
"938","Q2980297","Q2980297","rugby union team",NA,NA,NA,NA,"France",NA,NA,NA,"Gennevilliers",NA,"/g/121xqlh_"
"939","Q2980359","C. R. Técnico","rugby union team","1963-01-01T00:00:00Z",NA,NA,NA,"Portugal",NA,NA,NA,NA,NA,NA
"940","Q2981203","Coca Cola West Red Sparks","rugby union club","1966-01-01T00:00:00Z",NA,NA,NA,"Japan",NA,NA,NA,NA,NA,NA
"941","Q2996894","Coq Mosan","rugby union team","1967-01-01T00:00:00Z",NA,NA,NA,"Belgium",NA,NA,NA,NA,NA,NA
"942","Q2997389","Cork Constitution","rugby union team","1892-01-01T00:00:00Z",NA,NA,NA,"Ireland",NA,NA,NA,NA,NA,NA
"943","Q2998910","County Carlow Football Club","rugby union team","1873-01-01T00:00:00Z",NA,NA,NA,"Ireland",NA,NA,NA,NA,NA,NA
"944","Q3003159","Crociati Rugby Football Club","defunct rugby union club","2010-01-01T00:00:00Z","2014-01-01T00:00:00Z",NA,"Italian Rugby Federation","Italy",NA,NA,NA,NA,NA,"/g/121k2w98"
"945","Q30083233","Q30083233","national rugby union team",NA,NA,NA,NA,"Peru",NA,NA,NA,NA,NA,"/g/11dzdy0cjg"
"946","Q3010323","Céret sportif","rugby union team","1915-01-01T00:00:00Z",NA,NA,NA,"France",NA,NA,NA,"Céret",NA,"/g/1213h_x3"
"947","Q3020176","De La Salle Palmerston","rugby union team","1985-01-01T00:00:00Z",NA,NA,NA,"Ireland",NA,NA,NA,NA,NA,NA
"948","Q3020248","Rugby Club Walferdange","rugby union team","1990-01-01T00:00:00Z",NA,NA,NA,"Luxembourg",NA,NA,NA,NA,NA,NA
"949","Q3020426","Ricoh Black Rams Tokyo","rugby union club","1953-01-01T00:00:00Z",NA,NA,NA,"Japan","Japan Rugby League One","Komazawa Olympic Park Stadium",NA,"Tokyo",NA,NA
"950","Q3028258","CS Dinamo București","rugby union club","1949-01-01T00:00:00Z",NA,NA,NA,"Romania",NA,NA,NA,NA,NA,NA
"951","Q3034317","Dolphin RFC","rugby union team","1902-01-01T00:00:00Z",NA,NA,NA,"Ireland",NA,"Musgrave Park",NA,NA,NA,NA
"952","Q3036238","Doncaster R.F.C.","rugby union club","1875-01-01T00:00:00Z",NA,NA,NA,"United Kingdom","Premiership Rugby","Castle Park rugby stadium",NA,NA,NA,NA
"953","Q3040530","Dublin University Football Club","rugby union club","1854-01-01T00:00:00Z",NA,NA,NA,"Ireland",NA,NA,NA,NA,NA,NA
"954","Q3041308","Dungannon RFC","rugby union team","1873-01-01T00:00:00Z",NA,NA,NA,"Ireland",NA,NA,NA,NA,NA,NA
"955","Q304142","Austria national rugby union team","national rugby union team",NA,NA,NA,NA,"Austria",NA,NA,NA,NA,NA,NA
"956","Q3046571","Eastern Province Kings","rugby union team","1888-01-01T00:00:00Z",NA,NA,"South African Rugby Union","South Africa","Currie Cup","Nelson Mandela Bay Stadium","48000","Gqeberha",NA,NA
"957","Q3052155","Emerald Warriors RFC","rugby union team","2003-01-01T00:00:00Z",NA,NA,NA,"Ireland",NA,NA,NA,NA,NA,NA
"958","Q3054979","Q3054979","rugby union club","2003-01-01T00:00:00Z",NA,NA,NA,"France",NA,NA,NA,"Miélan",NA,"/g/120pgt47"
"959","Q3055011","Q3055011","rugby union team","1975-06-25T00:00:00Z",NA,NA,NA,"France",NA,NA,NA,"Pechbonnieu",NA,"/g/1234blw0"
"960","Q3055025","Entente sportive Avignon Saint-Saturnin","rugby union team","1959-01-01T00:00:00Z","1991-01-01T00:00:00Z",NA,NA,"France",NA,NA,NA,"Avignon",NA,"/g/1233lt1x"
"961","Q3055031","Q3055031","rugby union club",NA,NA,NA,NA,"France",NA,NA,NA,"Nanterre",NA,"/g/11x7vsn18"
"962","Q3055043","Q3055043","rugby union club","1990-01-01T00:00:00Z",NA,NA,NA,"France",NA,NA,NA,"Brive-la-Gaillarde",NA,"/g/120_f_wq"
"963","Q30602487","Loughborough Students","rugby union team","1978-01-01T00:00:00Z",NA,NA,"Rugby Football Union","United Kingdom",NA,NA,NA,NA,NA,"/g/11g6ypcvlq"
"964","Q3063145","FC St. Pauli Rugby","rugby union team","1933-01-01T00:00:00Z",NA,NA,NA,"Germany","Rugby-Bundesliga",NA,NA,NA,NA,NA
"965","Q30632741","Waterloo Ladies","rugby union team",NA,NA,NA,NA,"United Kingdom",NA,NA,NA,NA,NA,"/g/11dxm7vcff"
"966","Q30635588","Lloyds Bank RFC","rugby union team",NA,NA,NA,NA,"United Kingdom",NA,NA,NA,NA,NA,"/g/11dylqxd52"
"967","Q30643284","Cleethorpes RUFC","rugby union team",NA,NA,NA,NA,"United Kingdom",NA,NA,NA,NA,NA,"/g/11dzt04sx5"
"968","Q30672221","Stothert & Pitt RFC","rugby union club",NA,NA,NA,NA,"United Kingdom",NA,NA,NA,NA,NA,"/g/11ddyss612"
"969","Q30681107","Albania national rugby union team","national rugby union team",NA,NA,NA,NA,"Albania",NA,NA,NA,NA,NA,"/g/11g72lj2t3"
"970","Q3071726","Fiji Barbarians","rugby union team","2006-01-01T00:00:00Z",NA,NA,NA,"Fiji",NA,NA,NA,NA,NA,NA
"971","Q3071807","Fili Moscow","rugby union club","1967-01-01T00:00:00Z",NA,NA,NA,"Russia",NA,NA,NA,NA,NA,NA
"972","Q3072563","Q3072563","rugby union team","1907-01-01T00:00:00Z","2010-01-01T00:00:00Z",NA,NA,"France",NA,NA,NA,"La Voulte-sur-Rhône",NA,"/g/120_4k9q"
"973","Q3072847","Q3072847","rugby union team","1931-01-01T00:00:00Z",NA,NA,"Italian Rugby Federation","Italy",NA,NA,NA,NA,NA,"/g/11dyksxmt"
"974","Q30737461","Q30737461","rugby union team","1908-07-19T00:00:00Z",NA,NA,NA,"France",NA,NA,NA,"Villefranche-sur-Saône",NA,"/g/11dzvxg709"
"975","Q30739182","Q30739182","rugby union team","1926-01-01T00:00:00Z",NA,NA,NA,"France",NA,NA,NA,"Saint-Ouen-sur-Seine",NA,"/g/11g7289n0x"
"976","Q3076661","Q3076661","rugby union team","1901-01-01T00:00:00Z",NA,NA,NA,"France",NA,NA,NA,"Aix-les-Bains",NA,"/g/121xq8zf"
"977","Q3076663","FC Saint-Claude","rugby union team","1900-01-01T00:00:00Z",NA,NA,NA,"France",NA,NA,NA,"Saint-Claude",NA,"/g/120x6w2n"
"978","Q3076669","Q3076669","rugby union club","1906-01-01T00:00:00Z",NA,NA,NA,"France",NA,NA,NA,"Moulins",NA,"/g/121pkdm1"
"979","Q3076671","Q3076671","rugby union team","1908-01-01T00:00:00Z",NA,NA,NA,"France",NA,NA,NA,"Oloron-Sainte-Marie",NA,"/g/1238y2kx"
"980","Q3076673","Q3076673","rugby union team","1906-01-01T00:00:00Z",NA,NA,NA,"France",NA,NA,NA,"Villefranche-de-Lauragais",NA,"/g/123655w7"
"981","Q30900858","Q30900858","rugby union team",NA,NA,NA,NA,"Uruguay",NA,NA,NA,NA,NA,"/g/11dxl2s7_n"
"982","Q3094887","Galwegians RFC","rugby union team","1922-01-01T00:00:00Z",NA,NA,NA,"Ireland",NA,NA,NA,NA,NA,NA
"983","Q3094888","Galway Corinthians RFC","rugby union team","1932-01-01T00:00:00Z",NA,NA,NA,"Ireland",NA,NA,NA,NA,NA,NA
"984","Q3098495","Garryowen Football Club","rugby union team","1884-01-01T00:00:00Z",NA,NA,NA,"Ireland",NA,NA,NA,NA,NA,NA
"985","Q3104686","Getxo Rugby Taldea","rugby union team","1975-01-01T00:00:00Z",NA,NA,NA,"Spain",NA,NA,NA,NA,NA,NA
"986","Q3108474","Glamorgan County RFC","rugby union team",NA,NA,NA,NA,"United Kingdom",NA,NA,NA,NA,NA,NA
"987","Q3108544","Glasgow High Kelvinside","rugby union team","1982-01-01T00:00:00Z",NA,NA,NA,"United Kingdom",NA,NA,NA,NA,NA,"/g/11bw4vvhmq"
"988","Q3108545","Glasgow Academicals RFC","rugby union team","1866-01-01T00:00:00Z",NA,NA,NA,"United Kingdom",NA,NA,NA,NA,NA,NA
"989","Q3108546","Glasgow High School Former Pupils","rugby union team","1884-01-01T00:00:00Z",NA,NA,NA,"United Kingdom",NA,NA,NA,NA,NA,"/g/120knf4h"
"990","Q3108550","Glasgow Hutchesons Aloysians RFC","rugby union team","1923-01-01T00:00:00Z",NA,NA,NA,"United Kingdom",NA,NA,NA,NA,NA,NA
"991","Q3110921","Gordon RFC","rugby union team","1936-01-01T00:00:00Z",NA,NA,NA,"Australia",NA,NA,NA,NA,NA,NA
"992","Q3110943","Gordonians RFC","rugby union team","1923-01-01T00:00:00Z",NA,NA,NA,"United Kingdom",NA,NA,NA,NA,NA,NA
"993","Q3111699","Q3111699","rugby union team","1907-01-01T00:00:00Z",NA,NA,NA,"France",NA,NA,NA,"Gourdon",NA,"/g/122qy6lk"
"994","Q3116581","Greystones RFC","rugby union team","1937-01-01T00:00:00Z",NA,NA,NA,"Ireland",NA,NA,NA,NA,NA,NA
"995","Q3116637","Griffons","rugby union club","1968-01-01T00:00:00Z",NA,NA,"South African Rugby Union","South Africa","Currie Cup","North West Stadium","8500","Welkom",NA,NA
"996","Q3116637","Griffons","rugby union team","1968-01-01T00:00:00Z",NA,NA,"South African Rugby Union","South Africa","Currie Cup","North West Stadium","8500","Welkom",NA,NA
"997","Q31174","Bay of Plenty RU","rugby union team","1911-01-01T00:00:00Z",NA,NA,"New Zealand Rugby","New Zealand","ITM Cup",NA,NA,"Mount Maunganui",NA,NA
"998","Q3117931","GS Figeac","rugby union team","1913-01-01T00:00:00Z",NA,NA,NA,"France",NA,NA,NA,"Figeac",NA,"/g/1230v925"
"999","Q3118225","GD Direito","rugby union team",NA,NA,NA,NA,"Portugal",NA,NA,NA,"Lisbon",NA,NA
"1000","Q3121447","Guy's, Kings and St. Thomas' Rugby Football Club","rugby union club","1843-01-01T00:00:00Z",NA,NA,NA,"United Kingdom",NA,NA,NA,NA,NA,NA
"1001","Q31281653","Q31281653","rugby union team","1963-01-01T00:00:00Z",NA,NA,NA,"Spain",NA,NA,NA,"San Sebastián",NA,NA
"1002","Q31282285","Q31282285","rugby union team","2014-01-01T00:00:00Z",NA,NA,NA,"Spain",NA,NA,NA,"Ourense",NA,NA
"1003","Q3135433","Highfield RFC","rugby union team","1930-01-01T00:00:00Z",NA,NA,NA,"Ireland",NA,NA,NA,NA,NA,NA
"1004","Q3135671","Hillhead Jordanhill RFC","rugby union team","1988-01-01T00:00:00Z",NA,NA,NA,"United Kingdom","Scottish Premiership Division Two","Hughenden Stadium",NA,NA,NA,NA
"1005","Q3149412","Imperia-Dynamo Penza","rugby union club","2002-01-01T00:00:00Z",NA,NA,NA,"Russia",NA,NA,NA,NA,NA,NA
"1006","Q3194941","Kelso RFC","rugby union team","1876-01-01T00:00:00Z",NA,NA,NA,"United Kingdom","Scottish Premiership Division Two",NA,NA,NA,NA,NA
"1007","Q3196999","King Country Rugby Football Union","rugby union team","1922-01-01T00:00:00Z",NA,NA,NA,"New Zealand",NA,NA,NA,NA,NA,NA
"1008","Q3198123","Kobelco Kobe Steelers","rugby union club","1928-01-01T00:00:00Z",NA,NA,NA,"Japan","Japan Rugby League One","Wing Stadium Kobe; Kobe Universiade Memorial Stadium","30132; NA","Kobe",NA,NA
"1009","Q3211747","La Plata Rugby Club","rugby union club","1934-01-01T00:00:00Z",NA,NA,"Unión de Rugby de Buenos Aires","Argentina",NA,NA,NA,"Manuel Bernardo Gonnet",NA,NA
"1010","Q3220658","Bugue Athletic Club","rugby union team","1902-01-01T00:00:00Z","2013-01-01T00:00:00Z",NA,NA,"France",NA,NA,NA,"Le Bugue",NA,"/g/1q673pbw0"
"1011","Q3223482","Le Havre Athletic Club Rugby","rugby union team","1894-01-01T00:00:00Z",NA,NA,NA,"France",NA,NA,NA,"Le Havre",NA,NA
"1012","Q3240887","Lille Métropole rugby","rugby union team","1996-02-01T00:00:00Z","2016-04-06T00:00:00Z",NA,NA,"France",NA,"Stadium Lille Métropole",NA,"Villeneuve-d'Ascq",NA,"/g/1hcnfqt96"
"1013","Q325466","Heidelberger RK","rugby union team","1872-01-01T00:00:00Z",NA,NA,NA,"Germany","Rugby-Bundesliga",NA,NA,"Heidelberg",NA,NA
"1014","Q3257128","Liverpool St Helens F.C.","rugby union team","1857-01-01T00:00:00Z",NA,NA,NA,"United Kingdom",NA,NA,NA,NA,NA,NA
"1015","Q32790180","Union Cognac Saint-Jean-d'Angély","rugby union team","2017-07-01T00:00:00Z",NA,NA,NA,"France",NA,"Parc des sports de Cognac",NA,"Cognac",NA,"/g/11f06hrbr1"
"1016","Q3282316","Malone RFC","rugby union team","1892-01-01T00:00:00Z",NA,NA,NA,"Ireland",NA,NA,NA,NA,NA,NA
"1017","Q3285342","Manchester Rugby Club","rugby union team","1860-01-01T00:00:00Z",NA,NA,NA,"United Kingdom",NA,NA,NA,NA,NA,NA
"1018","Q3286022","Manly RUFC","rugby union team","1906-01-01T00:00:00Z",NA,NA,NA,"Australia",NA,NA,NA,NA,NA,NA
"1019","Q3291603","Dendermonde Rugby Club","rugby union team","1962-01-01T00:00:00Z",NA,NA,NA,"Belgium",NA,NA,NA,NA,NA,NA
"1020","Q3296656","Cameroon national rugby union team","rugby union team",NA,NA,NA,NA,"Cameroon",NA,NA,NA,NA,NA,NA
"1021","Q3301148","Kenya national rugby union team","national rugby union team","1955-01-01T00:00:00Z",NA,"Simbas",NA,"Kenya",NA,"RFUEA Ground","3000",NA,NA,NA
"1022","Q3312695","Midleton RFC","rugby union team","1927-01-01T00:00:00Z",NA,NA,NA,"Ireland",NA,NA,NA,NA,NA,NA
"1023","Q3322823","Montluçon Rugby","rugby union team","2005-01-01T00:00:00Z","2016-01-01T00:00:00Z",NA,NA,"France",NA,NA,NA,"Saint-Victor",NA,NA
"1024","Q3324822","Mosman Rugby Club","rugby union team","1890-01-01T00:00:00Z",NA,NA,NA,"Australia",NA,NA,NA,NA,NA,NA
"1025","Q3326862","Hernani Club Rugby Elkartea","rugby union team","1965-01-01T00:00:00Z",NA,NA,NA,"Basque Country",NA,NA,NA,NA,NA,NA
"1026","Q3334335","NEC Green Rockets Tokatsu","rugby union club","1985-01-01T00:00:00Z",NA,NA,NA,"Japan","Japan Rugby League One","Kashiwanoha Park Stadium",NA,NA,NA,NA
"1027","Q3335463","Welwitschias","rugby union team",NA,NA,NA,NA,NA,NA,NA,NA,NA,NA,"/g/120l2sf4"
"1028","Q3344238","North Brisbane Rugby Club","rugby union team","1927-01-01T00:00:00Z",NA,NA,NA,"Australia",NA,NA,NA,NA,NA,NA
"1029","Q3345530","RC Novokuznetsk","rugby union club","1967-01-01T00:00:00Z",NA,NA,NA,"Russia",NA,NA,NA,NA,NA,NA
"1030","Q334657","Chile national rugby union team","national rugby union team","1936-09-18T00:00:00Z",NA,"los Cóndores",NA,"Chile",NA,NA,NA,NA,NA,NA
"1031","Q3346707","Nyon Rugby Club","rugby union team","1972-01-01T00:00:00Z",NA,NA,NA,"Switzerland",NA,"Centre sportif de Colovray",NA,NA,NA,NA
"1032","Q3350183","Old Crescent","rugby union team","1947-01-01T00:00:00Z",NA,NA,NA,"Ireland",NA,NA,NA,NA,NA,NA
"1033","Q3350224","Old Wesley RFC","rugby union club","1891-01-01T00:00:00Z",NA,NA,NA,"Ireland",NA,"Donnybrook Stadium",NA,NA,NA,NA
"1034","Q335062","Belgium national rugby union team","national rugby union team","1930-07-01T00:00:00Z",NA,"Diables noirs",NA,"Belgium",NA,NA,NA,NA,NA,NA
"1035","Q3351667","Olympique","defunct rugby union club","1895-01-01T00:00:00Z","1902-01-01T00:00:00Z",NA,NA,"France",NA,"Parc des Princes",NA,"Paris",NA,"/g/155pbnq_"
"1036","Q3351703","Olympique de Marseille","rugby union team","1899-01-01T00:00:00Z","1940-01-01T00:00:00Z",NA,NA,"France",NA,"Stade de l'Huveaune",NA,"Marseille",NA,"/g/121k2ll_"
"1037","Q3356673","Orrell Rugby Club","rugby union club","1927-01-01T00:00:00Z",NA,NA,"Rugby Football Union","United Kingdom",NA,"St John Rigby College",NA,"Wigan",NA,NA
"1038","Q3358855","Q3358855","rugby union club","2003-01-01T00:00:00Z",NA,NA,NA,"France",NA,NA,NA,"Caen",NA,"/g/122jx12g"
"1039","Q3359056","Oxford University RFC","rugby union team","1869-01-01T00:00:00Z",NA,NA,NA,"United Kingdom",NA,"Iffley Road rugby football ground",NA,NA,NA,NA
"1040","Q3361904","Saiatama Panasonic Wild Knights","rugby union club","1960-01-01T00:00:00Z",NA,NA,NA,"Japan","Japan Rugby League One","Kumagaya Rugby Stadium",NA,"Kumagaya",NA,NA
"1041","Q3365354","Paris Université Club","rugby union team","1906-01-01T00:00:00Z",NA,"les Pucistes","French Rugby Federation","France","Fédérale 2","Stade Charléty","20000","Paris",NA,NA
"1042","Q3366023","Parramatta Two Blues","rugby union team","1879-01-01T00:00:00Z",NA,NA,NA,"Australia",NA,NA,NA,NA,NA,NA
"1043","Q3366115","Partenope Rugby","rugby union team","1951-01-01T00:00:00Z","1969-01-01T00:00:00Z",NA,"Italian Rugby Federation","Italy","Serie B","Stadio Militare dell'Arenaccia","3000",NA,NA,"/g/1230251p"
"1044","Q3373335","Q3373335","rugby union club","2000-01-01T00:00:00Z",NA,NA,NA,"France",NA,NA,NA,"Pauillac",NA,NA
"1045","Q3374636","Penarth RFC","rugby union team","1879-01-01T00:00:00Z",NA,NA,NA,"United Kingdom",NA,NA,NA,NA,NA,NA
"1046","Q3391693","CAU Rugby Valencia","rugby union team","1973-01-01T00:00:00Z",NA,NA,NA,"Spain",NA,NA,NA,NA,NA,NA
"1047","Q3391709","CR Cisneros","rugby union team","1943-01-01T00:00:00Z",NA,NA,NA,"Spain","División de Honor de Rugby","Estadio Nacional Complutense",NA,NA,NA,NA
"1048","Q3392807","Plymouth Albion R.F.C.","rugby union club","1875-01-01T00:00:00Z",NA,NA,NA,"United Kingdom","National League 1",NA,NA,"Plymouth",NA,NA
"1049","Q3394565","Shannon RFC","rugby union team","1884-01-01T00:00:00Z",NA,NA,NA,"Ireland",NA,"Thomond Park",NA,NA,NA,NA
"1050","Q3394573","St Mary's College RFC","rugby union team","1900-01-01T00:00:00Z",NA,NA,NA,"Ireland",NA,NA,NA,NA,NA,NA
"1051","Q3415102","SCM USV Timișoara","rugby union club","1949-10-01T00:00:00Z",NA,NA,NA,"Romania","Liga Naţională de Rugby","Stadionul Dan Păltinișanu","32972",NA,NA,NA
"1052","Q3415111","RC Aachen","rugby union team","1980-01-01T00:00:00Z",NA,NA,NA,"Germany","Rugby-Bundesliga",NA,NA,"Aachen",NA,NA
"1053","Q3415113","RC Kuban","rugby union club","1996-01-01T00:00:00Z",NA,NA,NA,"Russia",NA,NA,NA,NA,NA,"/g/155q5b_q"
"1054","Q3415114","RC Frameries","rugby union team","1966-01-01T00:00:00Z",NA,NA,NA,"Belgium",NA,NA,NA,NA,NA,NA
"1055","Q3415115","Q3415115","rugby union club",NA,NA,NA,NA,"France",NA,NA,NA,"Sélestat",NA,"/g/1214m3gs"
"1056","Q3415118","RC Soignies","rugby union team","1973-01-01T00:00:00Z",NA,NA,NA,"Belgium",NA,NA,NA,NA,NA,NA
"1057","Q3415234","RK Heusenstamm","rugby union team","1979-01-01T00:00:00Z",NA,NA,NA,"Germany","Rugby-Bundesliga",NA,NA,NA,NA,"/g/11cmffvf9b"
"1058","Q3416284","Racing Jet Bruxelles","rugby union team","1935-01-01T00:00:00Z",NA,NA,NA,"Belgium",NA,NA,NA,NA,NA,"/g/155sww0l"
"1059","Q3416290","Q3416290","rugby union team","1929-01-01T00:00:00Z",NA,NA,NA,"Morocco",NA,NA,NA,"Casablanca",NA,"/g/1hhzgq_cl"
"1060","Q3416293","Racing Club Vichy Rugby","rugby union team","1905-01-01T00:00:00Z",NA,NA,NA,"France",NA,NA,NA,"Vichy",NA,NA
"1061","Q3416294","RC Chalon","rugby union team","1899-01-01T00:00:00Z","2016-02-16T00:00:00Z",NA,NA,"France",NA,NA,NA,"Chalon-sur-Saône",NA,NA
"1062","Q3416304","Q3416304","rugby union team","2003-06-01T00:00:00Z","2011-07-26T00:00:00Z",NA,NA,"France",NA,NA,NA,"Pontoise",NA,"/g/121259c4"
"1063","Q3418861","Randwick DRUFC","rugby union team","1882-01-01T00:00:00Z",NA,"Galloping Greens; Wicks","Rugby Australia","Australia","Shute Shield",NA,NA,"City of Randwick",NA,NA
"1064","Q3431476","Richmond Rugby Club","rugby union club","1861-01-01T00:00:00Z",NA,NA,"Rugby Football Union","United Kingdom","National League 1","Athletic Ground","4500",NA,NA,NA
"1065","Q3435957","RC Dragon Brno","rugby union team","1946-01-01T00:00:00Z",NA,NA,NA,"Czech Republic",NA,NA,NA,NA,NA,NA
"1066","Q3442851","Rosslyn Park F.C.","rugby union team","1879-01-01T00:00:00Z",NA,NA,NA,"United Kingdom","National League 1","The Rock","2000",NA,NA,NA
"1067","Q3452817","Rugby Bologna","rugby union team","1928-01-01T00:00:00Z",NA,NA,"Italian Rugby Federation","Italy","Serie B","Arcoveggio Stadium","2700","Bologna",NA,"/g/120hnnh9"
"1068","Q3452824","Q3452824","rugby union team","1970-01-01T00:00:00Z",NA,NA,NA,"Belgium",NA,NA,NA,NA,NA,"/g/121n9rk2"
"1069","Q3452828","Rugby Club Luxembourg","rugby union team","1973-01-01T00:00:00Z",NA,NA,NA,"Luxembourg",NA,NA,NA,NA,NA,NA
"1070","Q3452837","Rugby Lions","rugby union team","1867-01-01T00:00:00Z",NA,NA,NA,"United Kingdom",NA,NA,NA,NA,NA,NA
"1071","Q3452840","Rugby Lyons Piacenza","rugby union team","1963-01-01T00:00:00Z",NA,NA,"Italian Rugby Federation","Italy","Serie A Élite","Stadio Walter Beltrametti","3000","Piacenza",NA,NA
"1072","Q3452845","Q3452845","rugby union team","1943-01-01T00:00:00Z",NA,NA,NA,"France",NA,NA,NA,"Saint-Jean-d'Angély",NA,"/g/119pfqjnh"
"1073","Q3452846","Rugby club Aubenas Vals","rugby union team","1966-01-01T00:00:00Z",NA,NA,NA,"France",NA,NA,NA,"Aubenas",NA,"/g/120p9y4s"
"1074","Q3452847","RC Hyères Carqueiranne La Crau","rugby union team","2000-01-01T00:00:00Z","2024-08-01T00:00:00Z",NA,NA,"France",NA,NA,NA,"Hyères",NA,"/g/11b6gk98c2"
"1075","Q3452848","Rugby Club Cannes Mandelieu","rugby union team",NA,"2009-01-01T00:00:00Z",NA,NA,"France",NA,NA,NA,"Mandelieu-la-Napoule",NA,NA
"1076","Q3452849","Rugby Club Châteaurenard","rugby union team","1945-01-01T00:00:00Z",NA,NA,NA,"France",NA,NA,NA,"Châteaurenard",NA,NA
"1077","Q3452852","RC Nîmes","rugby union team","1963-01-01T00:00:00Z",NA,NA,NA,"France",NA,NA,NA,"Nîmes",NA,NA
"1078","Q3452853","RC Orléans","rugby union team","1966-06-16T00:00:00Z",NA,NA,NA,"France",NA,NA,NA,"Orléans",NA,NA
"1079","Q3452854","Q3452854","rugby union team","1970-01-01T00:00:00Z","2019-02-25T00:00:00Z",NA,NA,"France",NA,NA,NA,"Strasbourg",NA,"/g/1218dl4p"
"1080","Q3452855","Q3452855","rugby union team","2008-01-01T00:00:00Z",NA,NA,NA,"France",NA,NA,NA,"La Teste-de-Buch",NA,"/g/120hnnhb"
"1081","Q3452856","Q3452856","rugby union club","1970-01-01T00:00:00Z",NA,NA,NA,"France",NA,NA,NA,"Auxerre",NA,"/g/1218cys7"
"1082","Q3452858","Rugby Club d'Arras","rugby union team","2000-01-01T00:00:00Z",NA,NA,NA,"France",NA,NA,NA,"Arras",NA,NA
"1083","Q3452861","Q3452861","rugby union team","1961-01-01T00:00:00Z",NA,NA,NA,"France",NA,NA,NA,"Metz",NA,"/g/120x5z9k"
"1084","Q3452862","Q3452862","rugby union team","1934-01-01T00:00:00Z",NA,NA,NA,"France",NA,NA,NA,"Dijon",NA,"/g/121c9zh1"
"1085","Q3452865","Rugby Club Suresnes Hauts-de-Seine","rugby union team","1973-01-01T00:00:00Z",NA,NA,NA,"France",NA,"Stade Jean-Moulin",NA,"Suresnes",NA,"/g/121vxmdc"
"1086","Q3452866","Rugby Club Vannes","rugby union club","1950-10-15T00:00:00Z",NA,NA,NA,"France","Pro D2","Jo Courtel stadium; Stade de la Rabine",NA,"Vannes",NA,"/g/121kq3td"
"1087","Q3452868","Rugby olympique de Grasse","rugby union team","1963-01-01T00:00:00Z",NA,NA,NA,"France",NA,NA,NA,"Grasse",NA,"/g/120jx04s"
"1088","Q3452872","Q3452872","rugby union club","1973-01-01T00:00:00Z",NA,NA,NA,"France",NA,NA,NA,"Lunel",NA,"/g/121dc71k"
"1089","Q3452875","Q3452875","rugby union team","1966-01-01T00:00:00Z",NA,NA,NA,"France",NA,NA,NA,"Épernay",NA,"/g/122_gc9l"
"1090","Q3459227","Q3459227","rugby union team",NA,NA,NA,NA,"France",NA,NA,NA,"Verdun",NA,"/g/121l5pvn"
"1091","Q3460270","SV 08 Ricklingen","rugby union team","1908-01-01T00:00:00Z",NA,NA,NA,"Germany","2. Rugby-Bundesliga",NA,NA,"Hanover",NA,"/g/11c2y2_rqp"
"1092","Q3462337","Q3462337","rugby union team",NA,NA,NA,NA,"France",NA,NA,NA,"Saint-Girons",NA,"/g/120z6z6r"
"1093","Q3462531","Saint-Jean-de-Luz Olympique rugby team","rugby union team","1927-01-01T00:00:00Z",NA,NA,NA,"France",NA,"Stade du Pavillon bleu",NA,"Saint-Jean-de-Luz",NA,"/g/122czl1r"
"1094","Q3463122","Saint-Paul Sports Rugby","rugby union team","1909-01-01T00:00:00Z",NA,NA,NA,"France",NA,NA,NA,"Saint-Paul-lès-Dax",NA,NA
"1095","Q3463991","Saint-Médard rugby club","rugby union team","1905-01-01T00:00:00Z",NA,NA,NA,"France",NA,"Stade Robert-Monseau",NA,"Saint-Médard-en-Jalles",NA,"/g/122fjygr"
"1096","Q3469726","Salford Red Devils","rugby union team","1873-01-01T00:00:00Z",NA,NA,NA,"United Kingdom",NA,"New Barnes; The Willows, Salford; Salford City Stadium",NA,NA,NA,NA
"1097","Q3471435","San Francisco Golden Gate RFC","rugby union team","2001-01-01T00:00:00Z",NA,NA,NA,"United States of America",NA,NA,NA,"San Francisco",NA,NA
"1098","Q3471485","San Gregorio Catania Rugby","rugby union team","1990-01-01T00:00:00Z","2013-01-01T00:00:00Z",NA,"Italian Rugby Federation","Italy",NA,NA,NA,NA,NA,NA
"1099","Q3472221","Q3472221","rugby union team",NA,NA,NA,NA,NA,NA,NA,NA,NA,NA,NA
"1100","Q3486559","Slava Moscow","rugby union club","1974-01-01T00:00:00Z",NA,NA,NA,"Russia",NA,NA,NA,NA,NA,NA
"1101","Q3492488","Soyaux Angoulême XV Charente","rugby union team","2010-07-24T00:00:00Z",NA,NA,"French Rugby Federation","France","Pro D2","Stade Chanzy","8000","Angoulême",NA,"/g/122cc17d"
"1102","Q3492730","Spartak GM Moscow","rugby union club","1936-01-01T00:00:00Z",NA,NA,NA,"Russia",NA,NA,NA,NA,NA,NA
"1103","Q3493859","Sport athlétique hagetmautien","rugby union team","1919-10-26T00:00:00Z",NA,NA,NA,"France",NA,NA,NA,"Hagetmau",NA,"/g/122sgc56"
"1104","Q3493863","SA Saint-Sever","rugby union team","1905-01-01T00:00:00Z",NA,NA,NA,"France",NA,NA,NA,"Saint-Sever",NA,"/g/121v782g"
"1105","Q3493865","Sport athlétique mauléonais","rugby union team","1905-01-01T00:00:00Z",NA,NA,NA,"France",NA,NA,NA,"Mauléon",NA,"/g/1238s6g4"
"1106","Q3494120","Q3494120","rugby union team","1904-01-01T00:00:00Z",NA,NA,NA,"France",NA,NA,NA,"Pamiers",NA,"/g/121_jmsg"
"1107","Q3494122","Q3494122","rugby union team","1933-01-01T00:00:00Z",NA,NA,NA,"France",NA,NA,NA,"Brioude",NA,"/g/1239_8dp"
"1108","Q3494126","Sporting club tulliste","rugby union team","1904-01-01T00:00:00Z",NA,NA,NA,"France",NA,"Q3495498",NA,"Tulle",NA,"/g/12dpwf79w"
"1109","Q3494127","Q3494127","rugby union team","1895-01-01T00:00:00Z",NA,NA,NA,"France",NA,NA,NA,"17th arrondissement of Paris",NA,"/g/120x67vn"
"1110","Q3494132","Q3494132","rugby union team","1908-01-01T00:00:00Z","2016-11-09T00:00:00Z",NA,NA,"France",NA,NA,NA,"Saint-Nazaire",NA,"/g/122dldyp"
"1111","Q3495318","Q3495318","rugby union team","1906-01-01T00:00:00Z",NA,NA,NA,NA,NA,NA,NA,NA,NA,"/g/113qbqkq2"
"1112","Q3495842","Stade Rodez Aveyron","rugby union team","1902-01-01T00:00:00Z","2019-01-01T00:00:00Z",NA,NA,"France",NA,"Stade Paul-Lignon",NA,"Rodez",NA,NA
"1113","Q3495929","Stade Bagnérais","rugby union team","1912-01-01T00:00:00Z",NA,NA,NA,"France",NA,NA,NA,"Bagnères-de-Bigorre",NA,NA
"1114","Q3495932","Q3495932","rugby union team","1903-01-01T00:00:00Z",NA,NA,NA,"France",NA,NA,NA,"Beaumont-de-Lomagne",NA,"/g/1216x1j4"
"1115","Q3495934","Stade Bordelais","rugby union team","1889-07-18T00:00:00Z",NA,NA,NA,"France",NA,NA,NA,"Le Bouscat",NA,NA
"1116","Q3496060","Stade Dijonnais Côte D'Or","rugby union team","1923-01-01T00:00:00Z",NA,NA,NA,"France",NA,NA,NA,"Longvic",NA,"/g/122j3mx9"
"1117","Q3496061","Stade domontois rugby club","rugby union club","1970-01-01T00:00:00Z",NA,NA,NA,"France",NA,"Q96210477",NA,"Domont",NA,NA
"1118","Q3496123","Q3496123","rugby union team","1908-01-01T00:00:00Z",NA,NA,NA,"France",NA,NA,NA,"Hendaye",NA,"/g/122np64f"
"1119","Q3496125","Stade Langonnais","rugby union team","1904-01-01T00:00:00Z",NA,NA,NA,"France",NA,NA,NA,"Langon",NA,"/g/121j1yqm"
"1120","Q3496127","Q3496127","rugby union team","1920-01-01T00:00:00Z",NA,NA,NA,"France",NA,NA,NA,"Lavelanet",NA,"/g/121dcvk6"
"1121","Q3496194","Stade Nantais","rugby union team","1907-01-01T00:00:00Z",NA,NA,NA,"France",NA,NA,NA,"Nantes",NA,"/g/1213jb7x"
"1122","Q3496202","Rugby Nice Côte d'Azur Université-Racing","rugby union team","2001-01-01T00:00:00Z","2012-06-01T00:00:00Z",NA,NA,"France",NA,NA,NA,"Nice",NA,NA
"1123","Q3496206","Stade Olympique Chambérien Rugby","rugby union team","1943-01-01T00:00:00Z",NA,NA,NA,"France",NA,NA,NA,"Chambéry",NA,"/g/1218d8m3"
"1124","Q3496217","Q3496217","rugby union club","1903-01-01T00:00:00Z",NA,NA,NA,"France",NA,NA,NA,"Millau",NA,"/g/120qklpt"
"1125","Q3496225","Stade Poitevin Rugby","rugby union team","1900-01-01T00:00:00Z",NA,NA,NA,"France",NA,NA,NA,"Poitiers",NA,NA
"1126","Q3496236","Stade rennais rugby","rugby union team",NA,NA,NA,NA,"France",NA,NA,NA,"Rennes",NA,"/g/121qmlvq"
"1127","Q3496238","Rouen Normandie Rugby","rugby union team","2009-01-01T00:00:00Z",NA,NA,NA,"France",NA,NA,NA,"Rouen",NA,"/g/1224td4r"
"1128","Q3499334","Stewart's Melville RFC","rugby union team","1875-01-01T00:00:00Z",NA,NA,NA,"United Kingdom",NA,"Inverleith Sports Ground",NA,NA,NA,NA
"1129","Q3499557","Stirling County RFC","rugby union team","1880-01-01T00:00:00Z",NA,NA,"Scottish Rugby Union","United Kingdom","Scottish Premiership","Bridgehaugh Park","4000",NA,NA,NA
"1130","Q3499631","RC Sparta Prague","rugby union team","1928-08-28T00:00:00Z",NA,NA,NA,"Czech Republic",NA,NA,NA,NA,NA,NA
"1131","Q3503982","Sunshine Coast Stingrays","rugby union team","2005-01-01T00:00:00Z",NA,NA,NA,"Australia",NA,NA,NA,NA,NA,NA
"1132","Q3503997","Tokyo Suntory Sungoliath","rugby union club","1980-01-01T00:00:00Z",NA,NA,NA,"Japan",NA,NA,NA,NA,NA,NA
"1133","Q3505813","Suttonians RFC","rugby union team","1924-01-01T00:00:00Z",NA,NA,NA,"Ireland",NA,NA,NA,NA,NA,NA
"1134","Q3506788","RC Říčany","rugby union team","1944-01-01T00:00:00Z",NA,NA,NA,"Czech Republic",NA,NA,NA,NA,NA,NA
"1135","Q3506818","Sydney Stars","rugby union team","2007-01-01T00:00:00Z","2015-01-01T00:00:00Z",NA,NA,"Australia",NA,NA,NA,NA,NA,NA
"1136","Q3506850","Sydney University Football Club","rugby union club","1863-01-01T00:00:00Z",NA,NA,NA,"Australia",NA,NA,NA,"Camperdown",NA,NA
"1137","Q3507248","RC Tatra Smíchov","rugby union team","1958-01-01T00:00:00Z",NA,NA,NA,"Czech Republic",NA,NA,NA,NA,NA,NA
"1138","Q3512374","TSV Handschuhsheim","rugby union club","1949-01-01T00:00:00Z",NA,NA,NA,"Germany","Rugby-Bundesliga",NA,NA,NA,NA,NA
"1139","Q3512623","TV Pforzheim","rugby union team","1834-01-01T00:00:00Z",NA,NA,NA,NA,"Rugby-Bundesliga",NA,NA,NA,NA,NA
"1140","Q3518327","Terenure College RFC","rugby union team",NA,NA,NA,NA,"Ireland",NA,NA,NA,NA,NA,NA
"1141","Q3525745","Thomond RFC","rugby union team","1944-09-01T00:00:00Z",NA,NA,NA,"Ireland",NA,NA,NA,NA,NA,NA
"1142","Q3532391","Toronto Welsh RFC","rugby union club","1961-01-01T00:00:00Z",NA,NA,NA,"Canada",NA,NA,NA,NA,NA,NA
"1143","Q3532617","Toshiba Brave Lupus","rugby union club","1948-01-01T00:00:00Z",NA,NA,NA,"Japan","Japan Rugby League One",NA,NA,"Fuchū",NA,NA
"1144","Q3532922","Football club TOAC TOEC rugby","rugby union team","1995-01-01T00:00:00Z",NA,NA,NA,"France",NA,NA,NA,"Toulouse",NA,"/g/1234ncqc"
"1145","Q3534154","Tournefeuille rugby XV","rugby union team","1977-01-01T00:00:00Z",NA,NA,NA,"France",NA,NA,NA,"Tournefeuille",NA,"/g/120htjpj"
"1146","Q3547320","Q3547320","rugby union team","2012-01-01T00:00:00Z",NA,"les Catalanes",NA,"France","Élite 2",NA,NA,"Perpignan",NA,"/g/1q5d5z_6v"
"1147","Q3550009","Q3550009","rugby union team","1992-01-01T00:00:00Z",NA,NA,NA,"France",NA,NA,NA,"Sigean",NA,"/g/1237k4n2"
"1148","Q3550034","UA Libourne","rugby union team","1893-01-01T00:00:00Z","2016-01-01T00:00:00Z",NA,NA,"France",NA,"Stade Jean-Antoine Moueix",NA,"Libourne",NA,"/g/120pnm4m"
"1149","Q3550478","Q3550478","rugby union team","1898-01-01T00:00:00Z",NA,NA,NA,"France",NA,NA,NA,"Annecy",NA,"/g/121y01pt"
"1150","Q3550481","US Bergerac","rugby union team","1902-02-01T00:00:00Z",NA,NA,NA,"France",NA,"Stade Gaston-Simounet",NA,"Bergerac",NA,"/g/121d1sct"
"1151","Q3550488","Union sportive Fumel Libos","rugby union team","1908-01-01T00:00:00Z","2019-06-06T00:00:00Z",NA,NA,"France",NA,NA,NA,"Fumel",NA,"/g/1236mw1z"
"1152","Q3550490","Union sportive Marmande rugby","rugby union team","1911-01-01T00:00:00Z",NA,NA,NA,"France",NA,NA,NA,"Marmande",NA,"/g/122s8wg9"
"1153","Q3550494","Q3550494","rugby union club","1912-01-01T00:00:00Z",NA,NA,NA,"France",NA,NA,NA,"Montmélian",NA,"/g/122czwx5"
"1154","Q3550496","Union sportive Morlaàs","rugby union club","1932-01-01T00:00:00Z",NA,NA,NA,"France",NA,NA,NA,"Morlaàs",NA,"/g/120xv2td"
"1155","Q3550500","Q3550500","rugby union team","2003-09-01T00:00:00Z",NA,NA,NA,"France",NA,NA,NA,"Saint-Jean-Pied-de-Port",NA,"/g/121_5z0p"
"1156","Q3550504","Q3550504","rugby union team","1903-01-01T00:00:00Z",NA,NA,NA,"France",NA,NA,NA,"Orthez",NA,"/g/121vfcct"
"1157","Q3550509","US Tours Rugby","rugby union team","1898-01-01T00:00:00Z",NA,NA,NA,"France",NA,NA,NA,"Tours",NA,NA
"1158","Q3550510","US Quillan","rugby union team","1902-01-01T00:00:00Z","2014-01-01T00:00:00Z",NA,NA,"France",NA,NA,NA,"Quillan",NA,NA
"1159","Q3550516","Union Sportive Tyrosse Rugby Côte Sud","rugby union team","1919-06-24T00:00:00Z",NA,NA,NA,"France",NA,NA,NA,"Saint-Vincent-de-Tyrosse",NA,NA
"1160","Q3550519","Q3550519","rugby union team","1908-09-17T00:00:00Z",NA,NA,NA,"France",NA,NA,NA,"Beaurepaire",NA,"/g/122mq_ck"
"1161","Q3550520","Union sportive carmausine","rugby union team","1906-01-01T00:00:00Z",NA,NA,NA,"France",NA,NA,NA,"Carmaux",NA,"/g/12340vt9"
"1162","Q3550526","US Carcassonne","rugby union club","1899-01-01T00:00:00Z",NA,NA,NA,"France","Pro D2","Stade d'Albert Domec",NA,"Carcassonne",NA,NA
"1163","Q3550573","US L'Isle-Jourdain","rugby union team","1907-01-01T00:00:00Z",NA,NA,NA,"France",NA,NA,NA,"L'Isle-Jourdain",NA,"/g/121bd1d2"
"1164","Q3550588","USON Nevers","rugby union team","1903-08-01T00:00:00Z",NA,NA,NA,"France",NA,NA,NA,"Nevers",NA,"/g/120w8c3f"
"1165","Q3550596","Q3550596","rugby union club","1902-01-01T00:00:00Z",NA,NA,NA,"France",NA,NA,NA,"La Seyne-sur-Mer",NA,"/g/12156nnl"
"1166","Q3550597","Q3550597","rugby union team","1905-01-01T00:00:00Z","2008-01-01T00:00:00Z",NA,NA,"France",NA,NA,NA,"La Teste-de-Buch",NA,"/g/121hxrtw"
"1167","Q3550598","Q3550598","rugby union team","1911-01-01T00:00:00Z",NA,NA,NA,"France",NA,NA,NA,"Thuir",NA,"/g/121m85c3"
"1168","Q3551336","University College Cork RFC","rugby union team","1872-01-01T00:00:00Z",NA,NA,NA,"Ireland",NA,NA,NA,NA,NA,NA
"1169","Q3551359","University of Queensland Rugby Club","rugby union team","1911-01-01T00:00:00Z",NA,NA,NA,"Australia",NA,NA,NA,NA,NA,NA
"1170","Q3553542","Valence Sportif","rugby union team","1905-01-01T00:00:00Z","2010-01-01T00:00:00Z",NA,NA,"France",NA,"Stade Georges Pompidou",NA,"Valence",NA,NA
"1171","Q3564635","RC Slavia Prague","rugby union team","1927-04-13T00:00:00Z",NA,NA,NA,"Czech Republic",NA,NA,NA,"Prague",NA,NA
"1172","Q3565240","Wakefield RFC","rugby union team","1901-01-01T00:00:00Z",NA,NA,NA,"United Kingdom",NA,NA,NA,NA,NA,NA
"1173","Q3565244","Wakefield Trinity","rugby union team","1873-01-01T00:00:00Z",NA,NA,NA,"United Kingdom",NA,"Belle Vue",NA,NA,NA,NA
"1174","Q3566416","Warringah RC","rugby union team","1963-01-01T00:00:00Z",NA,NA,NA,"Australia",NA,NA,NA,"Sydney",NA,NA
"1175","Q3566691","Waterloo FC","rugby union team","1882-01-01T00:00:00Z",NA,NA,NA,"United Kingdom",NA,NA,NA,"Blundellsands",NA,NA
"1176","Q3566734","Watsonians RFC","rugby union team","1875-01-01T00:00:00Z",NA,NA,NA,"United Kingdom","Scottish Premiership Division Two",NA,NA,NA,NA,NA
"1177","Q3567424","West Harbour RFC","rugby union club","1900-01-01T00:00:00Z",NA,NA,NA,"Australia",NA,NA,NA,NA,NA,NA
"1178","Q3567426","West Hartlepool RFC","rugby union team","1881-01-01T00:00:00Z",NA,NA,NA,"United Kingdom",NA,NA,NA,NA,NA,NA
"1179","Q3567454","West of Scotland FC","rugby union club","1865-01-01T00:00:00Z",NA,NA,NA,"United Kingdom","Scottish Premiership",NA,NA,NA,NA,NA
"1180","Q3572856","Young Munster","rugby union team","1895-01-01T00:00:00Z",NA,NA,NA,"Ireland",NA,NA,NA,NA,NA,NA
"1181","Q3589800","Indonesia national rugby union team","rugby union team",NA,NA,NA,NA,"Indonesia",NA,NA,NA,NA,NA,NA
"1182","Q3589807","Iran national rugby union team","national rugby union team",NA,NA,NA,NA,"Iran",NA,NA,NA,NA,NA,NA
"1183","Q3589850","Uganda national rugby union team","national rugby union team","1958-05-24T00:00:00Z",NA,"Rugby Cranes",NA,"Uganda",NA,NA,NA,NA,NA,NA
"1184","Q3589923","Brunei national rugby union team","national rugby union team",NA,NA,NA,NA,"Brunei",NA,NA,NA,NA,NA,NA
"1185","Q3590204","Q3590204","national rugby union team",NA,NA,NA,NA,"France",NA,NA,NA,NA,NA,"/g/11h1stppq"
"1186","Q3590233","Guadeloupe national rugby union team","national rugby union team",NA,NA,NA,NA,"France",NA,NA,NA,NA,NA,NA
"1187","Q3590249","Jamaica national rugby union team","national rugby union team",NA,NA,NA,NA,"Jamaica",NA,NA,NA,NA,NA,NA
"1188","Q3590255","Réunion national rugby union team","national rugby union team",NA,NA,NA,NA,"France",NA,NA,NA,NA,NA,NA
"1189","Q3590264","Martinique national rugby union team","national rugby union team",NA,NA,NA,NA,"France",NA,NA,NA,NA,NA,NA
"1190","Q3590267","Mauritania national rugby union team","national rugby union team",NA,NA,NA,NA,"Mauritania",NA,NA,NA,NA,NA,NA
"1191","Q3590279","New Caledonia national rugby union team","national rugby union team",NA,NA,NA,NA,"France",NA,NA,NA,NA,NA,NA
"1192","Q3590299","Q3590299","national rugby union team",NA,NA,NA,NA,"New Zealand",NA,NA,NA,NA,NA,"/g/11h1t4y8t"
"1193","Q3590407","Q3590407","national rugby union team",NA,NA,NA,NA,NA,NA,NA,NA,NA,NA,"/g/121g70fh"
"1194","Q3590414","Tanzania national rugby union team","national rugby union team",NA,NA,NA,NA,"Tanzania",NA,NA,NA,NA,NA,NA
"1195","Q3590483","Wallis and Futuna national rugby union team","national rugby union team",NA,NA,NA,NA,"France",NA,NA,NA,NA,NA,NA
"1196","Q3590489","Yugoslavia national rugby union team","national rugby union team","1968-01-01T00:00:00Z","1991-01-01T00:00:00Z","Plavi",NA,"Yugoslavia",NA,NA,NA,NA,NA,NA
"1197","Q3590491","Zambia national rugby union team","national rugby union team",NA,NA,NA,NA,"Zambia",NA,NA,NA,NA,NA,NA
"1198","Q3590499","Dominican Republic national rugby union team","national rugby union team",NA,NA,NA,NA,"Dominican Republic",NA,NA,NA,NA,NA,NA
"1199","Q3590533","Philippines national rugby union team","national rugby union team","2006-01-01T00:00:00Z",NA,"Volcanoes",NA,"Philippines",NA,"Rizal Memorial Stadium","30000",NA,NA,NA
"1200","Q3590538","American Samoa national rugby union team","national rugby union team",NA,NA,NA,NA,"American Samoa",NA,NA,NA,NA,NA,NA
"1201","Q3590553","Q3590553","national rugby union team",NA,NA,NA,NA,NA,NA,NA,NA,NA,NA,"/g/11h1v91fn"
"1202","Q3590576","British Virgin Islands national rugby union team","national rugby union team",NA,NA,NA,NA,"British Virgin Islands",NA,NA,NA,NA,NA,NA
"1203","Q3590593","Botswana national rugby union team","national rugby union team",NA,NA,NA,NA,"Botswana",NA,NA,NA,NA,NA,NA
"1204","Q3590606","Burkina Faso national rugby union team","national rugby union team",NA,NA,NA,NA,"Burkina Faso",NA,NA,NA,NA,NA,NA
"1205","Q3590608","Burundi national rugby union team","national rugby union team",NA,NA,NA,NA,"Burundi",NA,NA,NA,NA,NA,NA
"1206","Q3590611","Benin national rugby union team","national rugby union team",NA,NA,NA,NA,"Benin",NA,NA,NA,NA,NA,NA
"1207","Q3590612","Cambodia national rugby union team","national rugby union team",NA,NA,NA,NA,"Cambodia",NA,NA,NA,NA,NA,NA
"1208","Q3590649","Congo national rugby union team","national rugby union team",NA,NA,NA,NA,"Republic of the Congo",NA,NA,NA,NA,NA,"/g/11x1nqzb4"
"1209","Q3590669","Ghana national rugby union team","national rugby union team","2003-10-05T00:00:00Z",NA,"Eagles",NA,"Ghana",NA,NA,NA,NA,NA,NA
"1210","Q3590676","Guyana national rugby union team","national rugby union team","1979-01-01T00:00:00Z",NA,NA,NA,"Guyana",NA,NA,NA,NA,NA,NA
"1211","Q3590694","Laos national rugby union team","national rugby union team",NA,NA,NA,NA,"Laos",NA,NA,NA,NA,NA,NA
"1212","Q3590698","Lebanon national rugby union team","national rugby union team",NA,NA,NA,NA,"Lebanon",NA,NA,NA,NA,NA,NA
"1213","Q3590712","Mali national rugby union team","national rugby union team",NA,NA,NA,NA,"Mali",NA,NA,NA,NA,NA,NA
"1214","Q3590736","Niger national rugby union team","national rugby union team",NA,NA,NA,NA,"Niger",NA,NA,NA,NA,NA,NA
"1215","Q3590742","Nigeria national rugby union team","national rugby union team",NA,NA,NA,NA,"Nigeria",NA,NA,NA,NA,NA,NA
"1216","Q3590772","Rwanda national rugby union team","national rugby union team",NA,NA,NA,NA,"Rwanda",NA,NA,NA,NA,NA,NA
"1217","Q3590786","Senegal national rugby union team","rugby union team",NA,NA,NA,NA,"Senegal",NA,NA,NA,NA,NA,NA
"1218","Q3590791","Chad national rugby union team","national rugby union team",NA,NA,NA,NA,"Chad",NA,NA,NA,NA,NA,NA
"1219","Q3590799","Togo national rugby union team","national rugby union team",NA,NA,NA,NA,"Togo",NA,NA,NA,NA,NA,NA
"1220","Q3590839","Q3590839","national rugby union team",NA,NA,NA,NA,NA,NA,NA,NA,NA,NA,"/g/11h1stzht"
"1221","Q3592514","Étoile sportive catalane","rugby union team","1912-01-01T00:00:00Z",NA,NA,NA,"France",NA,NA,NA,"Argelès-sur-Mer",NA,NA
"1222","Q3592524","Q3592524","rugby union club","1923-01-01T00:00:00Z",NA,NA,NA,"France",NA,NA,NA,"Monteux",NA,"/g/120yxkvv"
"1223","Q3600349","Q3600349","rugby union team","1969-01-01T00:00:00Z",NA,NA,"Italian Rugby Federation","Italy","Serie B",NA,NA,NA,NA,"/g/120x6wz2"
"1224","Q3600350","Q3600350","rugby union club","1956-01-01T00:00:00Z",NA,"I Canguri","Italian Rugby Federation","Italy","Serie A",NA,NA,NA,NA,"/g/121l0t_z"
"1225","Q3600350","Q3600350","rugby union team","1956-01-01T00:00:00Z",NA,"I Canguri","Italian Rugby Federation","Italy","Serie A",NA,NA,NA,NA,"/g/121l0t_z"
"1226","Q3600362","A.S. Rugby Milano","rugby union team","1945-01-01T00:00:00Z","1965-01-01T00:00:00Z",NA,"Italian Rugby Federation","Italy","Serie A","G.B. Curioni Sports Centre","3000","Milan",NA,"/g/122np6nc"
"1227","Q3600363","Rugby Monza 1949","rugby union club","1949-01-01T00:00:00Z",NA,NA,"Italian Rugby Federation","Italy","Q3957792",NA,NA,NA,NA,"/g/122_4m1m"
"1228","Q3600363","Rugby Monza 1949","rugby union team","1949-01-01T00:00:00Z",NA,NA,"Italian Rugby Federation","Italy","Q3957792",NA,NA,NA,NA,"/g/122_4m1m"
"1229","Q3601249","Rugby Casale","rugby union club","1952-01-01T00:00:00Z",NA,"Caimani","Italian Rugby Federation","Italy","Serie A",NA,NA,NA,NA,"/g/1218f670"
"1230","Q3601250","Q3601250","rugby union team","1961-01-01T00:00:00Z",NA,NA,"Italian Rugby Federation","Italy","Q3957792","Q64410387","2000",NA,NA,"/g/121kq4bn"
"1231","Q3601251","Rugby Udine","rugby union team","1928-01-01T00:00:00Z",NA,NA,"Italian Rugby Federation","Italy","Serie A","Q3942409","1500","Udine",NA,"/g/11h1t36zj"
"1232","Q3606252","African Leopards","rugby union team",NA,NA,NA,NA,NA,NA,NA,NA,NA,NA,NA
"1233","Q3613715","Q3613715","rugby union team","1971-01-01T00:00:00Z",NA,NA,"Italian Rugby Federation","Italy","Serie B","Stadio Sergio Lanfranchi","5000",NA,NA,"/g/120r4vgv"
"1234","Q3613716","Q3613716","rugby union club","1972-01-01T00:00:00Z",NA,NA,"Italian Rugby Federation","Italy","Serie B",NA,NA,"Capoterra",NA,NA
"1235","Q3613716","Q3613716","rugby union team","1972-01-01T00:00:00Z",NA,NA,"Italian Rugby Federation","Italy","Serie B",NA,NA,"Capoterra",NA,NA
"1236","Q3613720","Alghero Rugby Alghero","rugby union club","1975-01-01T00:00:00Z",NA,NA,"Italian Rugby Federation","Italy","Serie A",NA,NA,NA,NA,"/g/122_gcxd"
"1237","Q3613720","Alghero Rugby Alghero","rugby union team","1975-01-01T00:00:00Z",NA,NA,"Italian Rugby Federation","Italy","Serie A",NA,NA,NA,NA,"/g/122_gcxd"
"1238","Q36181789","Rugby Club I Medicei","rugby union team","2015-01-01T00:00:00Z","2021-01-01T00:00:00Z",NA,"Italian Rugby Federation","Italy",NA,NA,NA,"Florence",NA,"/g/11fy2lq7lr"
"1239","Q3624648","Q3624648","rugby union team","1980-01-01T00:00:00Z",NA,NA,"Italian Rugby Federation","Italy",NA,NA,NA,NA,NA,NA
"1240","Q3627169","Q3627169","rugby union team","1969-01-01T00:00:00Z",NA,NA,"Italian Rugby Federation","Italy","Serie A",NA,NA,NA,NA,"/g/121kq4ch"
"1241","Q3627530","Q3627530","rugby union team",NA,NA,NA,"Italian Rugby Federation","Italy",NA,NA,NA,NA,NA,"/g/122whf7s"
"1242","Q3634172","Bangor RFC","rugby union team","1876-01-01T00:00:00Z",NA,NA,NA,"United Kingdom",NA,NA,NA,NA,NA,NA
"1243","Q3643092","Q3643092","rugby union team",NA,NA,NA,"Italian Rugby Federation","Italy",NA,NA,NA,NA,NA,"/g/122bg20j"
"1244","Q3644047","South Africa national under-20 rugby union team","national rugby union team",NA,NA,NA,NA,"South Africa",NA,NA,NA,NA,NA,NA
"1245","Q3648971","Q3648971","rugby union team","1947-01-01T00:00:00Z",NA,NA,"Italian Rugby Federation","Italy","Serie B",NA,NA,NA,NA,"/g/121dpmky"
"1246","Q3648975","Q3648975","rugby union club","1969-01-01T00:00:00Z",NA,NA,"Italian Rugby Federation","Italy","Q3957792",NA,NA,NA,NA,"/g/1234zsb7"
"1247","Q3648975","Q3648975","rugby union team","1969-01-01T00:00:00Z",NA,NA,"Italian Rugby Federation","Italy","Q3957792",NA,NA,NA,NA,"/g/1234zsb7"
"1248","Q3648981","CUS Genova Rugby","rugby union team",NA,NA,NA,"Italian Rugby Federation","Italy",NA,"Stadio Carlini-Bollesan","5700",NA,NA,"/g/121dcw37"
"1249","Q3648987","CUS Milano Rugby","rugby union team","1947-01-01T00:00:00Z",NA,NA,"Italian Rugby Federation","Italy",NA,"Mario Giuriati Sports Centre","1000",NA,NA,"/g/12mb39r55"
"1250","Q3649000","Q3649000","rugby union team",NA,NA,NA,"Italian Rugby Federation","Italy",NA,NA,NA,NA,NA,"/g/120wr0f8"
"1251","Q3649007","CUS Roma Rugby","rugby union team","1934-01-01T00:00:00Z",NA,NA,"Italian Rugby Federation","Italy",NA,"Campo Roma",NA,NA,NA,"/g/1215ck9k"
"1252","Q3649017","Verona Rugby","rugby union team","1963-01-01T00:00:00Z",NA,"Gli Antracite","Italian Rugby Federation","Italy","Serie A","Q111608527","2500","Verona",NA,"/g/11g0kd6q9j"
"1253","Q3651754","World XV","rugby union team",NA,NA,NA,NA,NA,NA,NA,NA,NA,NA,NA
"1254","Q3665605","Q3665605","rugby union team",NA,NA,NA,"Italian Rugby Federation","Italy",NA,NA,NA,NA,NA,"/g/112yggw5b"
"1255","Q367722","Denmark national rugby union team","national rugby union team","1949-01-01T00:00:00Z",NA,NA,NA,"Denmark",NA,NA,NA,NA,NA,NA
"1256","Q3681461","Club Atlético San Isidro (rugby)","rugby union team",NA,NA,NA,NA,"Argentina",NA,"Club Atlético San Isidro Stadium",NA,NA,NA,"/g/1hhzgb33p"
"1257","Q3682837","Q3682837","rugby union club","1965-01-01T00:00:00Z",NA,NA,"Italian Rugby Federation","Italy","Serie B","Q3967839","1650",NA,NA,"/g/1pzpdgqqx"
"1258","Q3682837","Q3682837","rugby union team","1965-01-01T00:00:00Z",NA,NA,"Italian Rugby Federation","Italy","Serie B","Q3967839","1650",NA,NA,"/g/1pzpdgqqx"
"1259","Q3725357","England Counties XV","national rugby union team","2001-01-01T00:00:00Z",NA,NA,NA,"United Kingdom",NA,NA,NA,NA,NA,NA
"1260","Q373704","Niue national rugby union team","national rugby union team","1983-01-01T00:00:00Z",NA,"Toa Niue",NA,"Niue",NA,NA,NA,NA,NA,NA
"1261","Q374255","Bosnia and Herzegovina national rugby union team","national rugby union team","1992-01-01T00:00:00Z",NA,NA,NA,"Bosnia and Herzegovina",NA,NA,NA,NA,NA,NA
"1262","Q374981","Glasgow Warriors","rugby union club","1996-01-01T00:00:00Z",NA,NA,"Scottish Rugby Union","United Kingdom","United Rugby Championship","Scotstoun Stadium","4765","Glasgow","glasgow",NA
"1263","Q3771858","Gladiatori Sanniti","defunct rugby union club","2009-01-01T00:00:00Z","2012-01-01T00:00:00Z",NA,"Italian Rugby Federation","Italy",NA,"Stadio Alfredo Dell’Oste","4000","Benevento",NA,"/g/120y84n7"
"1264","Q377914","Connemara RFC","rugby union team","1974-01-01T00:00:00Z",NA,NA,NA,"Ireland",NA,NA,NA,NA,NA,NA
"1265","Q378628","England national rugby union team","national rugby union team","1871-03-27T00:00:00Z",NA,NA,NA,"United Kingdom",NA,"Twickenham Stadium","82000",NA,NA,NA
"1266","Q3790180","Q3790180","rugby union team","1973-01-01T00:00:00Z",NA,NA,NA,"Italy",NA,NA,NA,NA,NA,"/g/120jxn92"
"1267","Q3790328","Q3790328","rugby union club","1977-01-01T00:00:00Z",NA,"I Lupi",NA,"Italy",NA,NA,NA,"Rome",NA,"/g/120zjflr"
"1268","Q3796742","Q3796742","rugby union team",NA,NA,NA,"Italian Rugby Federation","Italy",NA,NA,NA,NA,NA,"/g/122_sg26"
"1269","Q3808106","Q3808106","rugby union team",NA,NA,NA,"Italian Rugby Federation","Italy",NA,NA,NA,NA,NA,"/g/120jr4n7"
"1270","Q3858789","Q3858789","rugby union club","1957-01-01T00:00:00Z",NA,NA,"Italian Rugby Federation","Italy","Q3957792",NA,NA,NA,NA,"/g/121g0zjn"
"1271","Q3858789","Q3858789","rugby union team","1957-01-01T00:00:00Z",NA,NA,"Italian Rugby Federation","Italy","Q3957792",NA,NA,NA,NA,"/g/121g0zjn"
"1272","Q3859932","Q3859932","rugby union team","1965-01-01T00:00:00Z",NA,NA,"Italian Rugby Federation","Italy","Serie B",NA,NA,NA,NA,"/g/122qmh9w"
"1273","Q38605283","Fijian Drua","rugby union team","2017-01-01T00:00:00Z",NA,NA,NA,"Fiji",NA,"Churchill Park",NA,NA,NA,"/g/11f03pgs6l"
"1274","Q3873939","Libya national rugby union team","national rugby union team",NA,NA,NA,NA,"Libya",NA,NA,NA,NA,NA,NA
"1275","Q3873941","Republic of the Congo national rugby union team","national rugby union team",NA,NA,NA,NA,"Republic of the Congo",NA,NA,NA,NA,NA,NA
"1276","Q3873943","Panama national rugby union team","national rugby union team",NA,NA,NA,NA,"Panama",NA,NA,NA,NA,NA,NA
"1277","Q3875602","New Zealand Cavaliers","rugby union team","1986-01-01T00:00:00Z",NA,NA,NA,"New Zealand",NA,NA,NA,NA,NA,NA
"1278","Q3875619","Newbridge RFC","rugby union team","1888-01-01T00:00:00Z",NA,NA,NA,"United Kingdom",NA,NA,NA,NA,NA,NA
"1279","Q388269","Rugby Calvisano","rugby union club","1970-01-01T00:00:00Z",NA,NA,"Italian Rugby Federation","Italy","Serie A Élite","San Michele Stadium","5000","Calvisano",NA,NA
"1280","Q3886187","Orso RC","defunct rugby union club","2007-01-01T00:00:00Z","2009-01-01T00:00:00Z","le Orse","Italian Rugby Federation","Italy",NA,NA,NA,"Occhieppo Inferiore",NA,"/g/1226g6cx"
"1281","Q389007","CRC Pozuelo","rugby union team","1963-01-01T00:00:00Z",NA,NA,"Spanish Rugby Federation","Spain","División de Honor de Rugby","Campo de rugby Valle de las Cañas","500","Pozuelo de Alarcón",NA,NA
"1282","Q3901831","Q3901831","rugby union team","1947-01-01T00:00:00Z",NA,NA,"Italian Rugby Federation","Italy","Serie B","Stadio Walter Beltrametti","3000",NA,NA,"/g/120wr0ny"
"1283","Q39046783","Kirkby Lonsdale RUFC","rugby union team",NA,NA,NA,NA,"United Kingdom",NA,NA,NA,NA,NA,"/g/11g8_rrxhq"
"1284","Q39046789","Newbold-on-Avon RFC","rugby union club",NA,NA,NA,NA,"United Kingdom",NA,NA,NA,NA,NA,"/g/11fxfppdrs"
"1285","Q39049526","Whitley Bay Rockcliff RFC","rugby union club",NA,NA,NA,NA,"United Kingdom",NA,NA,NA,NA,NA,"/g/11f06hmpd8"
"1286","Q39049974","Canton RFC","rugby union club",NA,NA,NA,NA,"United Kingdom",NA,NA,NA,NA,NA,"/g/11f08kvyvm"
"1287","Q39059173","Droitwich RFC","rugby union club",NA,NA,NA,NA,"United Kingdom",NA,NA,NA,NA,NA,"/g/11f06l127m"
"1288","Q39059245","Seghill RFC","rugby union club",NA,NA,NA,NA,"United Kingdom",NA,NA,NA,NA,NA,"/g/11fy7klf73"
"1289","Q39072160","Q39072160","rugby union team","1912-01-01T00:00:00Z",NA,NA,NA,"France",NA,NA,NA,"Decazeville",NA,"/g/11d_w64zdm"
"1290","Q3909617","Poverty Bay Rugby Football Union","rugby union team","1890-01-01T00:00:00Z",NA,NA,NA,"New Zealand",NA,NA,NA,NA,NA,NA
"1291","Q3922245","Q3922245","rugby union club","1968-01-01T00:00:00Z",NA,"I Biancocelesti; Gli Squali della Riviera di Levante; Gli Squali","Italian Rugby Federation","Italy","Serie B",NA,NA,NA,NA,"/g/120hht3g"
"1292","Q3922245","Q3922245","rugby union team","1968-01-01T00:00:00Z",NA,"I Biancocelesti; Gli Squali della Riviera di Levante; Gli Squali","Italian Rugby Federation","Italy","Serie B",NA,NA,NA,NA,"/g/120hht3g"
"1293","Q3932978","Q3932978","rugby union team",NA,NA,NA,"Italian Rugby Federation","Italy",NA,NA,NA,NA,NA,"/g/11vk8tqz6"
"1294","Q3939536","Q3939536","rugby union team","1979-01-01T00:00:00Z",NA,NA,"Italian Rugby Federation","Italy",NA,NA,NA,NA,NA,NA
"1295","Q3940492","Q3940492","rugby union team","2006-01-01T00:00:00Z",NA,"I Galletti","Italian Rugby Federation","Italy","Serie A",NA,NA,NA,NA,"/g/120kng6q"
"1296","Q3942371","Q3942371","rugby union club","1981-01-01T00:00:00Z",NA,NA,"Italian Rugby Federation","Italy","Serie A",NA,NA,NA,NA,"/g/122jqww5"
"1297","Q3942371","Q3942371","rugby union team","1981-01-01T00:00:00Z",NA,NA,"Italian Rugby Federation","Italy","Serie A",NA,NA,NA,NA,"/g/122jqww5"
"1298","Q3942382","Rugby Frascati Union","rugby union club","1949-01-01T00:00:00Z",NA,"I Lupi","Italian Rugby Federation","Italy","Q3957792",NA,NA,NA,NA,"/g/11h1tvcpw"
"1299","Q3942382","Rugby Frascati Union","rugby union team","1949-01-01T00:00:00Z",NA,"I Lupi","Italian Rugby Federation","Italy","Q3957792",NA,NA,NA,NA,"/g/11h1tvcpw"
"1300","Q3942383","Q3942383","rugby union team","2004-01-01T00:00:00Z",NA,NA,"Italian Rugby Federation","San Marino",NA,NA,NA,NA,NA,"/g/122h6p0x"
"1301","Q3942383","Q3942383","rugby union team","2004-01-01T00:00:00Z",NA,NA,"Federazione Sammarinese Rugby","San Marino",NA,NA,NA,NA,NA,"/g/122h6p0x"
"1302","Q3942385","Rugby Club Valpolicella","rugby union team","1974-01-01T00:00:00Z",NA,NA,"Italian Rugby Federation","Italy","Serie A",NA,NA,NA,NA,"/g/121vl845"
"1303","Q3942386","Rugby Grande Milano","defunct rugby union club","2003-01-01T00:00:00Z","2015-01-01T00:00:00Z",NA,"Italian Rugby Federation","Italy",NA,"Mario Giuriati Sports Centre","1000",NA,NA,"/g/121k2ybm"
"1304","Q3942387","Rugby Colorno","rugby union club","1975-01-01T00:00:00Z",NA,NA,"Italian Rugby Federation","Italy","Serie A Élite",NA,NA,"Colorno",NA,"/g/120j39z6"
"1305","Q3942388","Rugby Lazio","defunct rugby union club","1992-01-01T00:00:00Z","2008-01-01T00:00:00Z",NA,"Italian Rugby Federation","Italy",NA,NA,NA,NA,NA,"/g/121v2dkm"
"1306","Q3942391","Rugby Noceto Football Club","rugby union club","1971-01-01T00:00:00Z",NA,NA,"Italian Rugby Federation","Italy","Serie A",NA,NA,"Noceto",NA,"/g/121jcffl"
"1307","Q3942391","Rugby Noceto Football Club","rugby union team","1971-01-01T00:00:00Z",NA,NA,"Italian Rugby Federation","Italy","Serie A",NA,NA,"Noceto",NA,"/g/121jcffl"
"1308","Q3942392","Rugby Livorno 1931","rugby union team","1931-01-01T00:00:00Z",NA,NA,"Italian Rugby Federation","Italy","Serie A",NA,NA,NA,NA,NA
"1309","Q3942399","Q3942399","rugby union team","1947-01-01T00:00:00Z",NA,NA,"Italian Rugby Federation","Italy","Q3957792",NA,NA,NA,NA,"/g/122qglxp"
"1310","Q3942400","Rugby Riviera 1975","rugby union team","1975-01-01T00:00:00Z",NA,NA,"Italian Rugby Federation","Italy","Q3957792",NA,NA,"Mira",NA,"/g/1ylhld6g4"
"1311","Q3942415","ASD Rugby Vicenza","rugby union team","1974-01-01T00:00:00Z",NA,"I Biancorossi","Italian Rugby Federation","Italy","Serie A Élite","Q113130924","1000","Vicenza",NA,"/g/12301y37"
"1312","Q3954857","Mayotte national rugby union team","national rugby union team",NA,NA,NA,NA,NA,NA,NA,NA,NA,NA,NA
"1313","Q3958419","VII Rugby Torino","rugby union team","1910-01-01T00:00:00Z","1950-01-01T00:00:00Z",NA,"Italian Rugby Federation","Italy","Serie A",NA,NA,"Settimo Torinese",NA,"/g/1ylhlf0m8"
"1314","Q3963744","Società Sportiva Rugby Reggio Calabria","defunct rugby union club","1965-01-01T00:00:00Z","1979-01-01T00:00:00Z",NA,"Italian Rugby Federation","Italy",NA,NA,NA,NA,NA,"/g/1225dn7f"
"1315","Q3964715","Q3964715","rugby union team","1962-01-01T00:00:00Z",NA,NA,"Italian Rugby Federation","Italy","Q3957792",NA,NA,"Sondrio",NA,"/g/121_4rv9"
"1316","Q3967137","Q3967137","rugby union team","1978-01-01T00:00:00Z","2006-01-01T00:00:00Z",NA,"Italian Rugby Federation","Italy",NA,NA,NA,"Catania",NA,"/g/112yfvqn5"
"1317","Q3976615","Sudamérica XV","rugby union team","1980-01-01T00:00:00Z",NA,NA,NA,"Uruguay; Brazil; Chile; Argentina; Colombia",NA,NA,NA,NA,NA,NA
"1318","Q4001395","Avezzano Rugby","rugby union team","1977-01-01T00:00:00Z",NA,"Orsi","Italian Rugby Federation","Italy","Serie A",NA,NA,"Avezzano",NA,"/g/1218dxz0"
"1319","Q4001580","Unione Sportiva Primavera Rugby","rugby union club","1976-01-01T00:00:00Z",NA,NA,"Italian Rugby Federation","Italy","Serie B",NA,NA,"Rome; Morlupo",NA,"/g/11b6gly442"
"1320","Q4001580","Unione Sportiva Primavera Rugby","rugby union team","1976-01-01T00:00:00Z",NA,NA,"Italian Rugby Federation","Italy","Serie B",NA,NA,"Rome; Morlupo",NA,"/g/11b6gly442"
"1321","Q4001742","U.S. Rugby Benevento","rugby union team","1966-01-01T00:00:00Z",NA,NA,NA,"Italy","Q3957792","Stadio Alfredo Dell’Oste","4000",NA,NA,"/g/120j8j34"
"1322","Q4005371","Rugby Parabiago 1948","rugby union team","1948-01-01T00:00:00Z",NA,"I Galletti","Italian Rugby Federation","Italy","Serie A",NA,NA,"Parabiago",NA,"/g/120hht67"
"1323","Q4005968","Unión Marplatense de Rugby","rugby union team","1951-01-01T00:00:00Z",NA,NA,"Argentine Rugby Union","Argentina",NA,NA,NA,"Mar del Plata",NA,NA
"1324","Q4057955","Q4057955","rugby union club","2009-01-01T00:00:00Z",NA,NA,NA,"Russia",NA,NA,NA,NA,NA,NA
"1325","Q4075","Lyon OU","rugby union team","1896-01-01T00:00:00Z",NA,NA,NA,"France","Top 14","Stade de Gerland",NA,"Lyon","lyon",NA
"1326","Q4120756","Argentina national under-20 rugby union team","national rugby union team",NA,NA,NA,NA,"Argentina",NA,NA,NA,NA,NA,NA
"1327","Q4120775","Chile national under-20 rugby union team","rugby union team",NA,NA,NA,NA,"Chile",NA,NA,NA,NA,NA,NA
"1328","Q4121056","Odder RK","rugby union team","1996-01-01T00:00:00Z",NA,NA,NA,"Denmark",NA,NA,NA,NA,NA,NA
"1329","Q4121069","Hamlet RK","rugby union team","1981-01-01T00:00:00Z",NA,NA,NA,"Denmark",NA,NA,NA,NA,NA,NA
"1330","Q4121070","Aalborg RK","rugby union team","1964-01-01T00:00:00Z",NA,NA,NA,"Denmark",NA,NA,NA,NA,NA,NA
"1331","Q4121077","Copenhagen Wolves RFC","rugby union team","2017-01-01T00:00:00Z",NA,NA,NA,"Denmark",NA,NA,NA,NA,NA,NA
"1332","Q4121080","CSR-Nanok","rugby union team",NA,NA,NA,NA,"Denmark",NA,NA,NA,NA,NA,NA
"1333","Q4121084","Frederiksberg RK","rugby union team",NA,NA,NA,NA,"Denmark",NA,NA,NA,NA,NA,NA
"1334","Q4121085","Lindø RSC","rugby union team","1960-01-01T00:00:00Z",NA,NA,NA,"Denmark",NA,NA,NA,NA,NA,NA
"1335","Q4121087","RK Speed","rugby union team","1949-01-01T00:00:00Z",NA,NA,NA,"Denmark",NA,NA,NA,NA,NA,NA
"1336","Q4121089","Hundested RK","rugby union team","1985-01-01T00:00:00Z",NA,NA,NA,"Denmark",NA,NA,NA,NA,NA,NA
"1337","Q4121092","Exiles RUFC","rugby union team","1968-01-01T00:00:00Z",NA,NA,NA,"Denmark",NA,NA,NA,NA,NA,NA
"1338","Q4121095","Roskilde Vikings Rugby Klub","rugby union team","2010-01-01T00:00:00Z",NA,NA,NA,"Denmark",NA,NA,NA,"Roskilde",NA,NA
"1339","Q4121096","Erritsø GIF Rugby","rugby union team","1984-01-01T00:00:00Z",NA,NA,NA,"Denmark",NA,NA,NA,NA,NA,NA
"1340","Q41497683","Seattle Seawolves","rugby union team","2017-01-01T00:00:00Z",NA,NA,NA,"United States of America",NA,NA,NA,"Tukwila",NA,"/g/11gbldwqc8"
"1341","Q4161830","Q4161830","rugby union club","1936-01-01T00:00:00Z",NA,NA,NA,"Russia",NA,NA,NA,NA,NA,"/g/121jcj9f"
"1342","Q4190339","Q4190339","rugby union club","2006-01-01T00:00:00Z",NA,NA,NA,"Russia",NA,NA,NA,NA,NA,"/g/122k6763"
"1343","Q42377539","Walsall RFC","rugby union club","1922-01-01T00:00:00Z",NA,NA,NA,"United Kingdom",NA,NA,NA,NA,NA,"/g/11f0_gfx26"
"1344","Q42531020","New Orleans Gold","rugby union team","2017-01-01T00:00:00Z",NA,NA,NA,"United States of America",NA,"Shrine on Airline; Archbishop Shaw High School",NA,NA,NA,"/g/11f19smtl_"
"1345","Q425906","Canberra Vikings","rugby union club","1994-01-01T00:00:00Z",NA,NA,NA,"Australia",NA,"Manuka Oval",NA,NA,NA,NA
"1346","Q4265824","RC Lokomotiv Moscow","rugby union club","1937-01-01T00:00:00Z",NA,NA,NA,"Russia",NA,NA,NA,NA,NA,NA
"1347","Q427312","Greece national rugby union team","national rugby union team","2005-10-22T00:00:00Z",NA,NA,NA,"Greece",NA,NA,NA,NA,NA,NA
"1348","Q42956124","Austin Gilgronis","rugby union team","2017-01-01T00:00:00Z",NA,NA,NA,"United States of America",NA,NA,NA,NA,NA,"/g/11f2ckcwcy"
"1349","Q43009164","rugby union club","rugby union team",NA,NA,NA,NA,NA,NA,NA,NA,NA,NA,NA
"1350","Q4303981","Q4303981","rugby union club","1997-01-01T00:00:00Z",NA,NA,NA,"Russia",NA,NA,NA,NA,NA,"/g/120ylmwf"
"1351","Q43080384","Houston SaberCats","rugby union team","2017-01-01T00:00:00Z",NA,NA,NA,"United States of America","Major League Rugby","Aveva Stadium",NA,NA,NA,"/g/11gbf8lsbc"
"1352","Q431412","Stade Toulousain","rugby union club","1907-01-01T00:00:00Z",NA,"Les rouge et noir; Le Stade","French Rugby Federation","France","Top 14","Stade Ernest-Wallon","19500","Toulouse","toulouse",NA
"1353","Q431717","Bulgaria national rugby union team","national rugby union team","1963-05-20T00:00:00Z",NA,NA,NA,"Bulgaria",NA,NA,NA,NA,NA,NA
"1354","Q4368880","RC Posnania","rugby union club","1956-01-01T00:00:00Z",NA,NA,NA,"Poland",NA,NA,NA,NA,NA,NA
"1355","Q4391897","Q4391897","rugby union club","2003-01-01T00:00:00Z",NA,NA,NA,"Russia",NA,NA,NA,NA,NA,NA
"1356","Q4457139","Q4457139","rugby union club","2006-01-01T00:00:00Z",NA,NA,NA,"Ukraine",NA,NA,NA,NA,NA,"/g/121qslxc"
"1357","Q45319371","St Ives RFC","rugby union club","1889-01-01T00:00:00Z",NA,NA,NA,"United Kingdom",NA,NA,NA,NA,NA,"/g/11f146kct3"
"1358","Q4533596","Juvenia Kraków","rugby union club","1973-01-01T00:00:00Z",NA,NA,NA,"Poland",NA,"Juvenia Stadium",NA,NA,NA,NA
"1359","Q455793","Amatori Catania","rugby union club","1963-01-01T00:00:00Z",NA,"Biancorossi","Italian Rugby Federation","Italy",NA,"Stadio Santa Maria Goretti","6000",NA,NA,NA
"1360","Q455793","Amatori Catania","rugby union team","1963-01-01T00:00:00Z",NA,"Biancorossi","Italian Rugby Federation","Italy",NA,"Stadio Santa Maria Goretti","6000",NA,NA,NA
"1361","Q46387","RC Massy","rugby union club","1971-06-17T00:00:00Z",NA,NA,NA,"France",NA,"Stade Jules Ladoumègue","6200","Massy",NA,NA
"1362","Q4653629","ARC Iuridica","rugby union team","1956-01-01T00:00:00Z",NA,NA,NA,"Czech Republic",NA,NA,NA,NA,NA,NA
"1363","Q4654064","ASA Tel Aviv Rugby Club","rugby union team","1973-01-01T00:00:00Z",NA,NA,"Tel Aviv Ibex RFC",NA,NA,NA,NA,NA,NA,NA
"1364","Q4654143","ASC Saint Apollinaire-Talant RC","rugby union team","1971-01-01T00:00:00Z",NA,NA,NA,"France",NA,NA,NA,"Saint-Apollinaire",NA,NA
"1365","Q4661719","Aarhus RK","rugby union team",NA,NA,NA,NA,"Denmark",NA,NA,NA,"Aarhus Municipality",NA,NA
"1366","Q4666776","Aberavon Green Stars RFC","rugby union team",NA,NA,NA,NA,"United Kingdom",NA,NA,NA,NA,NA,NA
"1367","Q4666778","Aberavon Quins RFC","rugby union team",NA,NA,NA,NA,"United Kingdom",NA,NA,NA,NA,NA,NA
"1368","Q4666798","Abercarn RFC","rugby union team",NA,NA,NA,NA,"United Kingdom",NA,NA,NA,NA,NA,NA
"1369","Q4666814","Abercrave RFC","rugby union team","1894-01-01T00:00:00Z",NA,NA,NA,"United Kingdom",NA,NA,NA,NA,NA,NA
"1370","Q4666842","Abercynon RFC","rugby union team","1886-01-01T00:00:00Z",NA,NA,NA,"United Kingdom",NA,NA,NA,NA,NA,NA
"1371","Q4666854","Aberdare RFC","rugby union team","1890-01-01T00:00:00Z",NA,NA,NA,"United Kingdom",NA,NA,NA,NA,NA,NA
"1372","Q4667001","Aberdeen University RFC","rugby union team","1871-01-01T00:00:00Z",NA,NA,NA,"United Kingdom",NA,NA,NA,NA,NA,NA
"1373","Q4667008","Aberdeen Wanderers RFC","rugby union team",NA,NA,NA,NA,"United Kingdom",NA,NA,NA,NA,NA,NA
"1374","Q4667091","Abergavenny Rugby Football Club","rugby union team","1877-01-01T00:00:00Z",NA,NA,NA,"United Kingdom",NA,NA,NA,NA,NA,NA
"1375","Q4667198","Abertillery RFC","rugby union team",NA,NA,NA,NA,"United Kingdom",NA,NA,NA,NA,NA,NA
"1376","Q4667222","Aberystwyth RFC","rugby union team","1947-01-01T00:00:00Z",NA,NA,NA,"United Kingdom",NA,NA,NA,NA,NA,NA
"1377","Q4681250","Addison Football Club","rugby union team","1869-01-01T00:00:00Z",NA,NA,NA,"United Kingdom",NA,NA,NA,NA,NA,NA
"1378","Q4694407","Agrária","rugby union team",NA,NA,NA,NA,"Portugal",NA,NA,NA,NA,NA,NA
"1379","Q4708942","Alba","national rugby union team",NA,NA,NA,NA,"United Kingdom",NA,NA,NA,NA,NA,NA
"1380","Q47266251","Q47266251","national rugby union team",NA,NA,NA,NA,"Kenya",NA,NA,NA,NA,NA,"/g/11dfwypyq2"
"1381","Q47327574","Tunisia national under-20 rugby union team","national rugby union team",NA,NA,NA,NA,"Tunisia",NA,NA,NA,NA,NA,"/g/11f3jyd8cr"
"1382","Q473372","Andorra national rugby union team","national rugby union team",NA,NA,NA,NA,"Andorra",NA,NA,NA,NA,NA,NA
"1383","Q4736996","Altrincham Kersal","rugby union team","1897-01-01T00:00:00Z",NA,NA,NA,"United Kingdom",NA,NA,NA,NA,NA,NA
"1384","Q4743536","American Cougars","rugby union team",NA,NA,NA,NA,"New Zealand",NA,NA,NA,NA,NA,NA
"1385","Q4744892","American Samoa national rugby sevens team","national rugby union team",NA,NA,NA,NA,NA,NA,NA,NA,NA,NA,NA
"1386","Q4745828","Amersham and Chiltern Rugby Football Club","rugby union team","1924-01-01T00:00:00Z",NA,NA,NA,"United Kingdom",NA,NA,NA,NA,NA,NA
"1387","Q4747139","Amman United RFC","rugby union team","1903-01-01T00:00:00Z",NA,NA,NA,"United Kingdom",NA,NA,NA,NA,NA,NA
"1388","Q4747155","Ammanford RFC","rugby union club","1887-01-01T00:00:00Z",NA,NA,NA,"Wales",NA,NA,NA,NA,NA,NA
"1389","Q4747155","Ammanford RFC","rugby union team","1887-01-01T00:00:00Z",NA,NA,NA,"Wales",NA,NA,NA,NA,NA,NA
"1390","Q4748551","Ampthill Rugby Club","rugby union club","1881-01-01T00:00:00Z",NA,NA,NA,"United Kingdom",NA,"Dillingham Park",NA,"Ampthill",NA,NA
"1391","Q474910","Unione Rugby Capitolina","rugby union team","1996-01-01T00:00:00Z",NA,NA,"Italian Rugby Federation","Italy","Serie B",NA,NA,NA,NA,NA
"1392","Q474910","Unione Rugby Capitolina","rugby union team","1996-01-01T00:00:00Z",NA,NA,"Italian Rugby Federation","Italy","Serie A",NA,NA,NA,NA,NA
"1393","Q4767911","Annan RFC","rugby union team",NA,NA,NA,NA,"United Kingdom",NA,NA,NA,NA,NA,NA
"1394","Q4774106","Anti-Assassins","rugby union team","1950-01-01T00:00:00Z",NA,NA,NA,"United Kingdom",NA,NA,NA,NA,NA,NA
"1395","Q4774838","Antigua and Barbuda national rugby union team","national rugby union team",NA,NA,NA,NA,"Antigua and Barbuda",NA,NA,NA,NA,NA,NA
"1396","Q4777344","Antrim RFC","rugby union team",NA,NA,NA,NA,"Ireland",NA,NA,NA,NA,NA,NA
"1397","Q4787876","Ardee RFC","rugby union team","1980-01-01T00:00:00Z",NA,NA,NA,"Ireland",NA,NA,NA,NA,NA,NA
"1398","Q4788284","Ards RFC","rugby union team","1928-01-01T00:00:00Z",NA,NA,NA,"United Kingdom",NA,NA,NA,NA,NA,NA
"1399","Q479194","SC 1880 Frankfurt","rugby union club","1880-01-01T00:00:00Z",NA,NA,NA,"Germany","Rugby-Bundesliga",NA,NA,"Frankfurt",NA,NA
"1400","Q4792025","Arklow RFC","rugby union team","1936-01-01T00:00:00Z",NA,NA,NA,"Ireland",NA,NA,NA,NA,NA,NA
"1401","Q4794237","Army Rugby Union","rugby union team","1906-01-01T00:00:00Z",NA,NA,NA,"United Kingdom",NA,NA,NA,NA,NA,NA
"1402","Q4794241","Army Rugby Football Club","rugby union team","1961-01-01T00:00:00Z",NA,NA,NA,"United States of America",NA,NA,NA,NA,NA,NA
"1403","Q4804630","Ashbourne RFC","rugby union team","1974-01-01T00:00:00Z",NA,NA,NA,"Ireland",NA,NA,NA,NA,NA,NA
"1404","Q4807743","Aspatria RUFC","rugby union team","1875-01-01T00:00:00Z",NA,NA,NA,"United Kingdom",NA,NA,NA,NA,NA,NA
"1405","Q4813069","Ateneo Cultural y Deportivo Don Bosco","rugby union club","1967-01-01T00:00:00Z",NA,NA,NA,"Argentina",NA,NA,NA,"Bernal",NA,NA
"1406","Q4813290","Athboy RFC","rugby union team","1978-01-01T00:00:00Z",NA,NA,NA,"Ireland",NA,NA,NA,NA,NA,NA
"1407","Q4813517","Athens Spartans RFC","rugby union team","1982-01-01T00:00:00Z",NA,NA,NA,"Greece",NA,NA,NA,NA,NA,NA
"1408","Q4815705","Athy Rugby Club","rugby union team","1880-01-01T00:00:00Z",NA,NA,NA,"Ireland",NA,NA,NA,NA,NA,NA
"1409","Q4819588","Auckland rugby union team","rugby union club","1883-01-01T00:00:00Z",NA,NA,NA,"New Zealand",NA,NA,NA,"Auckland",NA,NA
"1410","Q4823733","Australia national under-21 rugby union team","national rugby union team",NA,NA,NA,NA,"Australia",NA,NA,NA,NA,NA,NA
"1411","Q4823734","Australia national wheelchair rugby team","national rugby union team",NA,NA,NA,NA,"Australia",NA,NA,NA,NA,NA,NA
"1412","Q4823737","Australia national under-20 rugby union team","national rugby union team",NA,NA,NA,NA,"Australia",NA,NA,NA,NA,NA,NA
"1413","Q4824649","Australian Schoolboys national rugby union team","rugby union team",NA,NA,NA,NA,"Australia",NA,NA,NA,NA,NA,NA
"1414","Q4825453","Austria national under-18 rugby union team","national rugby union team",NA,NA,NA,NA,"Austria",NA,NA,NA,NA,NA,NA
"1415","Q4829353","Avonmouth Old Boys","rugby union team","1897-01-01T00:00:00Z",NA,NA,NA,"United Kingdom",NA,NA,NA,NA,NA,NA
"1416","Q4834534","BAE Warton Rugby","rugby union team","1992-01-01T00:00:00Z",NA,NA,NA,"United Kingdom",NA,NA,NA,NA,NA,NA
"1417","Q4836920","BYU men's rugby","rugby union team","1962-01-01T00:00:00Z",NA,NA,NA,"United States of America",NA,"South Field",NA,"Provo",NA,NA
"1418","Q4841969","Baglan RFC","rugby union team",NA,NA,NA,NA,"United Kingdom",NA,NA,NA,NA,NA,NA
"1419","Q484649","South Korea national rugby union team","national rugby union team","1969-03-16T00:00:00Z",NA,NA,NA,"South Korea",NA,NA,NA,NA,NA,NA
"1420","Q4849694","Bala RFC","rugby union team",NA,NA,NA,NA,"United Kingdom",NA,NA,NA,NA,NA,NA
"1421","Q4850210","Balbriggan RFC","rugby union team","1925-01-01T00:00:00Z",NA,NA,NA,"Ireland",NA,NA,NA,NA,NA,NA
"1422","Q4851719","Ballincollig RFC","rugby union team",NA,NA,NA,NA,"Ireland",NA,NA,NA,NA,NA,NA
"1423","Q4854001","Banbridge RFC","rugby union team","1925-01-01T00:00:00Z",NA,NA,NA,"Ireland",NA,NA,NA,NA,NA,NA
"1424","Q4857007","Bannockburn RFC","rugby union team",NA,NA,NA,NA,"United Kingdom",NA,NA,NA,NA,NA,NA
"1425","Q4857344","Banwen RFC","rugby union team","1947-01-01T00:00:00Z",NA,NA,NA,"United Kingdom",NA,NA,NA,NA,NA,NA
"1426","Q4860595","Bargoed RFC","rugby union team","1882-01-01T00:00:00Z",NA,NA,NA,"United Kingdom",NA,NA,NA,NA,NA,NA
"1427","Q4861045","Barking Rugby Football Club","rugby union team","1930-01-01T00:00:00Z",NA,NA,NA,"United Kingdom",NA,NA,NA,NA,NA,NA
"1428","Q4861546","Barnes Rugby Football Club","rugby union team","1920-01-01T00:00:00Z",NA,NA,NA,"United Kingdom",NA,NA,NA,NA,NA,NA
"1429","Q4861967","Barnstaple RFC","rugby union team","1877-01-01T00:00:00Z",NA,NA,NA,"United Kingdom",NA,NA,NA,NA,NA,NA
"1430","Q4864636","Barry RFC","rugby union team",NA,NA,NA,NA,"United Kingdom",NA,NA,NA,NA,NA,NA
"1431","Q4865799","Barts and The London RFC","rugby union team","1996-01-01T00:00:00Z",NA,NA,NA,"United Kingdom",NA,NA,NA,NA,NA,NA
"1432","Q4867519","Basingstoke R.F.C.","rugby union club","1948-01-01T00:00:00Z",NA,NA,NA,"United Kingdom",NA,NA,NA,NA,NA,NA
"1433","Q4867519","Basingstoke R.F.C.","rugby union team","1948-01-01T00:00:00Z",NA,NA,NA,"United Kingdom",NA,NA,NA,NA,NA,NA
"1434","Q4874226","Bay of Plenty Steamers","rugby union team",NA,NA,NA,NA,"New Zealand",NA,NA,NA,NA,NA,NA
"1435","Q48747180","Q48747180","rugby union team",NA,NA,NA,NA,"Japan",NA,NA,NA,NA,NA,"/g/11gbk4sq4_"
"1436","Q4876030","Beaconsfield Rugby Club","rugby union team","1952-01-01T00:00:00Z",NA,NA,NA,"United Kingdom",NA,NA,NA,NA,NA,NA
"1437","Q4878649","Beckenham Rugby Football Club","rugby union team","1894-01-01T00:00:00Z",NA,NA,NA,"United Kingdom",NA,NA,NA,NA,NA,NA
"1438","Q4879013","Beddau RFC","rugby union team",NA,NA,NA,NA,"United Kingdom",NA,NA,NA,NA,NA,NA
"1439","Q48790206","Club Universitario de Buenos Aires (rugby)","rugby union team","1918-05-11T00:00:00Z",NA,NA,"Unión de Rugby de Buenos Aires","Argentina",NA,NA,NA,NA,NA,"/g/11f3gd4pzv"
"1440","Q4879103","Bedford Athletic","rugby union team","1908-01-01T00:00:00Z",NA,NA,NA,"United Kingdom",NA,NA,NA,NA,NA,NA
"1441","Q4879302","Bedlinog RFC","rugby union team",NA,NA,NA,NA,"United Kingdom",NA,NA,NA,NA,NA,NA
"1442","Q4881389","Beirut Phoenicians Rugby Club","rugby union team","1995-01-01T00:00:00Z",NA,NA,NA,NA,NA,NA,NA,NA,NA,NA
"1443","Q48835249","United States national under-19 rugby union team","national rugby union team",NA,NA,NA,NA,"United States of America",NA,NA,NA,NA,NA,"/g/11fzd1fjdw"
"1444","Q48835514","Stade Niçois","rugby union team","2012-01-01T00:00:00Z",NA,NA,NA,"France",NA,NA,NA,"Nice",NA,"/g/11g9fms0rd"
"1445","Q48835878","Luxembourg national rugby sevens team","national rugby union team",NA,NA,NA,NA,"Luxembourg",NA,NA,NA,NA,NA,"/g/11gbk2xldz"
"1446","Q4884681","Belsize Park Football Club","rugby union team","1870-01-01T00:00:00Z",NA,NA,NA,"United Kingdom",NA,NA,NA,NA,NA,NA
"1447","Q4884682","Belsize Park Rugby Football Club","rugby union club","1870-01-01T00:00:00Z",NA,NA,NA,"United Kingdom",NA,NA,NA,NA,NA,NA
"1448","Q48861120","American Raptors","rugby union team","2006-01-01T00:00:00Z",NA,NA,NA,"United States of America",NA,NA,NA,"Glendale",NA,"/g/11bc6j88n0"
"1449","Q48861132","San Diego Legion","rugby union team","2017-01-01T00:00:00Z",NA,NA,NA,"United States of America",NA,NA,NA,"San Diego",NA,"/g/11gfm9vwj_"
"1450","Q4891542","Bergen Rugbyklubb","rugby union team","1999-01-01T00:00:00Z",NA,NA,NA,"Norway",NA,NA,NA,NA,NA,NA
"1451","Q4896005","Berwick RFC","rugby union team","1926-01-01T00:00:00Z",NA,NA,NA,"United Kingdom",NA,NA,NA,NA,NA,NA
"1452","Q4897999","Bethesda RFC","rugby union team",NA,NA,NA,NA,"United Kingdom",NA,NA,NA,NA,NA,NA
"1453","Q4898679","Bettws RFC","rugby union team",NA,NA,NA,NA,"United Kingdom",NA,NA,NA,NA,NA,NA
"1454","Q4899222","Betws RFC","rugby union team",NA,NA,NA,NA,"United Kingdom",NA,NA,NA,NA,NA,NA
"1455","Q4899430","Beverley RUFC","rugby union team","1959-01-01T00:00:00Z",NA,NA,NA,"United Kingdom",NA,NA,NA,NA,NA,NA
"1456","Q4903586","Bicester Rugby Club","rugby union team",NA,NA,NA,NA,"United Kingdom",NA,NA,NA,NA,NA,NA
"1457","Q4906932","Biggleswade Rugby Club","rugby union team","1949-01-01T00:00:00Z",NA,NA,NA,"United Kingdom",NA,NA,NA,NA,NA,NA
"1458","Q4911926","Billingham Rugby Union Football Club","rugby union team","1924-01-01T00:00:00Z",NA,NA,NA,"United Kingdom",NA,NA,NA,NA,NA,NA
"1459","Q4915736","Birchgrove RFC","rugby union team",NA,NA,NA,NA,"United Kingdom",NA,NA,NA,NA,NA,NA
"1460","Q4916436","Birkenhead Park FC","rugby union team","1871-01-01T00:00:00Z",NA,NA,NA,"United Kingdom",NA,NA,NA,NA,NA,NA
"1461","Q4916494","Birkirkara Alligators RFC","rugby union team","1990-01-01T00:00:00Z",NA,NA,NA,"Malta",NA,NA,NA,NA,NA,NA
"1462","Q4916942","Birr RFC","rugby union team","1887-01-01T00:00:00Z",NA,NA,NA,"Ireland",NA,NA,NA,NA,NA,NA
"1463","Q4916981","Birstall RFC","rugby union team","1975-01-01T00:00:00Z",NA,NA,NA,"United Kingdom",NA,NA,NA,NA,NA,NA
"1464","Q4917442","Bishop's Stortford RFC","rugby union club","1921-01-01T00:00:00Z",NA,NA,NA,"United Kingdom",NA,NA,NA,"Bishop's Stortford",NA,NA
"1465","Q4923635","Blackwood RFC","rugby union team","1889-01-01T00:00:00Z",NA,NA,NA,"United Kingdom",NA,NA,NA,NA,NA,NA
"1466","Q4923805","Blaenavon RFC","rugby union team","1877-01-01T00:00:00Z",NA,NA,NA,"United Kingdom",NA,NA,NA,NA,NA,NA
"1467","Q4923915","Blaina RFC","rugby union team",NA,NA,NA,NA,"United Kingdom",NA,NA,NA,NA,NA,NA
"1468","Q4925576","Blaydon RFC","rugby union team","1888-01-01T00:00:00Z",NA,NA,NA,"United Kingdom",NA,NA,NA,NA,NA,NA
"1469","Q4940217","Bolton R.U.F.C","rugby union team","1872-01-01T00:00:00Z",NA,NA,NA,"United Kingdom",NA,NA,NA,NA,NA,NA
"1470","Q4942697","Bonymaen RFC","rugby union team",NA,NA,NA,NA,"United Kingdom",NA,NA,NA,NA,NA,NA
"1471","Q4947842","Boston College Rugby Football Club","rugby union club","1967-01-01T00:00:00Z",NA,NA,NA,"United States of America",NA,NA,NA,"Boston",NA,NA
"1472","Q4947946","Boston Ironsides RFC","rugby union team","2001-01-01T00:00:00Z",NA,NA,NA,"United States of America",NA,NA,NA,NA,NA,NA
"1473","Q4948071","Boston Rugby Club","rugby union team","1927-01-01T00:00:00Z",NA,NA,NA,"United Kingdom",NA,NA,NA,NA,NA,NA
"1474","Q4950293","Bournemouth Rugby Club","rugby union team","1893-01-01T00:00:00Z",NA,NA,NA,"United Kingdom",NA,NA,NA,NA,NA,NA
"1475","Q4950323","Bournville RFC","rugby union club","1909-01-01T00:00:00Z",NA,NA,NA,"United Kingdom",NA,NA,NA,NA,NA,NA
"1476","Q4950323","Bournville RFC","rugby union team","1909-01-01T00:00:00Z",NA,NA,NA,"United Kingdom",NA,NA,NA,NA,NA,NA
"1477","Q4952563","Boyne RFC","rugby union team",NA,NA,NA,NA,"Ireland",NA,NA,NA,NA,NA,NA
"1478","Q4954569","Bradford & Bingley RFC","rugby union team","1982-01-01T00:00:00Z",NA,NA,NA,"United Kingdom",NA,NA,NA,NA,NA,NA
"1479","Q4960080","Brecon RFC","rugby union team","1879-01-01T00:00:00Z",NA,NA,NA,"United Kingdom",NA,NA,NA,NA,NA,NA
"1480","Q4966529","Bridgend Athletic RFC","rugby union team","1939-01-01T00:00:00Z",NA,NA,NA,"United Kingdom",NA,NA,NA,NA,NA,NA
"1481","Q4966541","Bridgend Sports RFC","rugby union team",NA,NA,NA,NA,"United Kingdom",NA,NA,NA,NA,NA,NA
"1482","Q4966914","Bridgwater & Albion","rugby union club","1875-01-01T00:00:00Z",NA,NA,NA,"United Kingdom",NA,NA,NA,NA,NA,NA
"1483","Q4966914","Bridgwater & Albion","rugby union team","1875-01-01T00:00:00Z",NA,NA,NA,"United Kingdom",NA,NA,NA,NA,NA,NA
"1484","Q4968805","Bristol Bisons RFC","rugby union team",NA,NA,NA,NA,"United Kingdom",NA,NA,NA,NA,NA,NA
"1485","Q4969476","British Army Germany rugby union team","rugby union team",NA,NA,NA,NA,NA,NA,NA,NA,NA,NA,NA
"1486","Q4971506","Briton Ferry RFC","rugby union team","1888-01-01T00:00:00Z",NA,NA,NA,"United Kingdom",NA,NA,NA,NA,NA,NA
"1487","Q4971708","Brixham Rugby Club","rugby union club","1874-01-01T00:00:00Z",NA,NA,NA,"United Kingdom",NA,NA,NA,NA,NA,NA
"1488","Q4971708","Brixham Rugby Club","rugby union team","1874-01-01T00:00:00Z",NA,NA,NA,"United Kingdom",NA,NA,NA,NA,NA,NA
"1489","Q4972313","Broadstreet Rugby Club","rugby union team","1929-01-01T00:00:00Z",NA,NA,NA,"United Kingdom",NA,NA,NA,NA,NA,NA
"1490","Q4973768","Bromsgrove RFC","rugby union club","1872-01-01T00:00:00Z",NA,NA,NA,"United Kingdom",NA,NA,NA,NA,NA,NA
"1491","Q4973768","Bromsgrove RFC","rugby union team","1872-01-01T00:00:00Z",NA,NA,NA,"United Kingdom",NA,NA,NA,NA,NA,NA
"1492","Q4975836","Broughton Park FC","rugby union team","1882-01-01T00:00:00Z",NA,NA,NA,"United Kingdom",NA,NA,NA,NA,NA,NA
"1493","Q4975839","Broughton RUFC","rugby union team","1869-01-01T00:00:00Z",NA,NA,NA,"United Kingdom",NA,NA,NA,NA,NA,NA
"1494","Q4975841","Broughton Rangers","rugby union team","1877-01-01T00:00:00Z","1955-01-01T00:00:00Z",NA,NA,"United Kingdom",NA,"Belle Vue Stadium; Wheater's Field; The Cliff",NA,NA,NA,NA
"1495","Q4978663","Bruff R.F.C.","rugby union team","1969-01-01T00:00:00Z",NA,NA,NA,"Ireland",NA,NA,NA,NA,NA,NA
"1496","Q4980935","Bryncethin RFC","rugby union team",NA,NA,NA,NA,"United Kingdom",NA,NA,NA,NA,NA,NA
"1497","Q4980937","Bryncoch RFC","rugby union team",NA,NA,NA,NA,"United Kingdom",NA,NA,NA,NA,NA,NA
"1498","Q4980990","Brynithel RFC","rugby union team","1974-01-01T00:00:00Z",NA,NA,NA,"United Kingdom",NA,NA,NA,NA,NA,NA
"1499","Q4981012","Brynmawr RFC","rugby union team",NA,NA,NA,NA,"United Kingdom",NA,NA,NA,NA,NA,NA
"1500","Q4984050","Budapest Exiles RFC","rugby union team","1991-01-01T00:00:00Z",NA,NA,NA,"Hungary",NA,NA,NA,NA,NA,NA
"1501","Q498478","South Africa national rugby union team","national rugby union team","1891-07-30T00:00:00Z",NA,"Springboks",NA,"South Africa",NA,NA,NA,NA,"south-africa",NA
"1502","Q4986693","Builth Wells RFC","rugby union team","1888-01-01T00:00:00Z",NA,NA,NA,"United Kingdom",NA,NA,NA,NA,NA,NA
"1503","Q4998591","Burgess Hill Rugby Football Club","rugby union team","1962-01-01T00:00:00Z",NA,NA,NA,"United Kingdom",NA,NA,NA,NA,NA,NA
"1504","Q4999605","Burnage Rugby","rugby union team","1936-01-01T00:00:00Z",NA,NA,NA,"United Kingdom",NA,NA,NA,NA,NA,NA
"1505","Q5000020","Burnley Rugby Club","rugby union team","1926-01-01T00:00:00Z",NA,NA,NA,"United Kingdom",NA,NA,NA,NA,NA,NA
"1506","Q5000543","Burry Port RFC","rugby union team",NA,NA,NA,NA,"United Kingdom",NA,NA,NA,NA,NA,NA
"1507","Q5000901","Burton RFC","rugby union team","1870-01-01T00:00:00Z",NA,NA,NA,"United Kingdom",NA,NA,NA,NA,NA,NA
"1508","Q5004999","Békéscsabai Benny Bulls RC","rugby union team","1992-01-01T00:00:00Z",NA,NA,NA,"Hungary",NA,NA,NA,NA,NA,NA
"1509","Q5014418","CSU Aurel Vlaicu Arad","rugby union team",NA,NA,NA,NA,"Romania",NA,NA,NA,NA,NA,NA
"1510","Q5014485","CS Rugby 1863","rugby union team","1863-01-01T00:00:00Z",NA,NA,NA,"United Kingdom",NA,NA,NA,NA,NA,NA
"1511","Q5014939","CYM RFC","rugby union team","1924-01-01T00:00:00Z",NA,NA,NA,"Ireland",NA,NA,NA,NA,NA,NA
"1512","Q5016906","Caerleon R.F.C.","rugby union team","1970-01-01T00:00:00Z",NA,NA,NA,"United Kingdom",NA,NA,NA,NA,NA,NA
"1513","Q5016913","Caernarfon RFC","rugby union team","1973-01-01T00:00:00Z",NA,NA,NA,"United Kingdom",NA,NA,NA,NA,NA,NA
"1514","Q501864","Uruguay national under-20 rugby union team","national rugby union team",NA,NA,NA,NA,"Uruguay",NA,NA,NA,NA,NA,NA
"1515","Q5019088","Caldicot RFC","rugby union team",NA,NA,NA,NA,"United Kingdom",NA,NA,NA,NA,NA,NA
"1516","Q5019181","Caldy Rugby Football Club","rugby union club","1924-01-01T00:00:00Z",NA,NA,NA,"United Kingdom",NA,NA,NA,"Thurstaston",NA,NA
"1517","Q5019454","Caledonian Thebans RFC","rugby union team",NA,NA,NA,NA,"United Kingdom",NA,NA,NA,NA,NA,NA
"1518","Q5025224","Camborne RFC","rugby union team","1878-01-01T00:00:00Z",NA,NA,NA,"United Kingdom",NA,NA,NA,NA,NA,NA
"1519","Q5025391","Cambridge Colts","rugby union team",NA,NA,NA,NA,"United Kingdom",NA,NA,NA,NA,NA,NA
"1520","Q5025504","Cambridge Rugby","rugby union team","1923-01-01T00:00:00Z",NA,NA,NA,"United Kingdom",NA,"West Renault Park",NA,"Cambridge",NA,NA
"1521","Q5025690","Cambuslang RFC","rugby union team",NA,NA,NA,NA,"United Kingdom",NA,NA,NA,NA,NA,NA
"1522","Q5025890","Camelford RFC","rugby union team","2008-01-01T00:00:00Z",NA,NA,NA,"United Kingdom",NA,NA,NA,NA,NA,NA
"1523","Q5033238","Yokohama Canon Eagles","rugby union club","1980-01-01T00:00:00Z",NA,NA,NA,"Japan","Japan Rugby League One","Nippatsu Mitsuzawa Stadium",NA,NA,NA,NA
"1524","Q5033683","Canterbury RFC","rugby union team","1929-01-01T00:00:00Z",NA,NA,NA,"United Kingdom",NA,NA,NA,NA,NA,NA
"1525","Q5038423","Cardiff Harlequins RFC","rugby union team",NA,NA,NA,NA,"United Kingdom",NA,NA,NA,NA,NA,NA
"1526","Q5038439","Cardiff Lions","rugby union team",NA,NA,NA,NA,"United Kingdom",NA,NA,NA,NA,NA,NA
"1527","Q5038454","Cardiff Quins RFC","rugby union team","1928-01-01T00:00:00Z",NA,NA,NA,"United Kingdom",NA,NA,NA,NA,NA,NA
"1528","Q5038459","Cardiff Saracens RFC","rugby union team",NA,NA,NA,NA,"United Kingdom",NA,NA,NA,NA,NA,NA
"1529","Q5038510","Cardigan RFC","rugby union team","1876-01-01T00:00:00Z",NA,NA,NA,"United Kingdom",NA,NA,NA,NA,NA,NA
"1530","Q5039423","Caribbean Select women's rugby union team","national rugby union team",NA,NA,NA,NA,NA,NA,NA,NA,NA,NA,NA
"1531","Q5043191","Carmarthen Athletic RFC","rugby union team","1944-01-01T00:00:00Z",NA,NA,NA,"United Kingdom",NA,NA,NA,NA,NA,NA
"1532","Q5048230","Cascais Rugby Linha","rugby union team",NA,NA,NA,NA,"Portugal",NA,NA,NA,"Cascais",NA,NA
"1533","Q5048727","Cashel RFC","rugby union club",NA,NA,NA,NA,"Ireland",NA,NA,NA,"Cashel",NA,NA
"1534","Q5050652","Castletown R.U.F.C.","rugby union team",NA,NA,NA,NA,"United Kingdom",NA,NA,NA,NA,NA,NA
"1535","Q5057252","Cefn Cribwr RFC","rugby union team",NA,NA,NA,NA,"United Kingdom",NA,NA,NA,NA,NA,NA
"1536","Q5057278","Cefneithin RFC","rugby union team",NA,NA,NA,NA,"United Kingdom",NA,NA,NA,NA,NA,NA
"1537","Q5057338","Ceglédi RC","rugby union team","2010-01-01T00:00:00Z",NA,NA,NA,"Hungary",NA,NA,NA,NA,NA,NA
"1538","Q5059047","Centauros Rugby Clube","rugby union team",NA,NA,NA,NA,"Brazil",NA,NA,NA,NA,NA,NA
"1539","Q50779319","Flaming Lions Rugby Football Club","rugby union team","1999-02-26T00:00:00Z",NA,NA,NA,"Peru",NA,NA,NA,NA,NA,"/g/11f53qtkg6"
"1540","Q5086325","Charlton Park","rugby union club","1893-01-01T00:00:00Z",NA,NA,NA,"United Kingdom",NA,NA,NA,"Kidbrooke",NA,NA
"1541","Q5089966","Chelmsford R.F.C.","rugby union team",NA,NA,NA,NA,"United Kingdom",NA,NA,NA,NA,NA,NA
"1542","Q5091734","Chepstow RFC","rugby union team","1878-01-01T00:00:00Z",NA,NA,NA,"United Kingdom",NA,NA,NA,NA,NA,NA
"1543","Q5093311","Chess Valley Rugby Football Club","rugby union team",NA,NA,NA,NA,"United Kingdom",NA,NA,NA,NA,NA,NA
"1544","Q5093693","Chester RUFC","rugby union team","1925-01-01T00:00:00Z",NA,NA,NA,"United Kingdom",NA,"Hare Lane",NA,NA,NA,NA
"1545","Q5093817","Chesterfield Panthers Rugby Union Football Club","rugby union team","2008-01-01T00:00:00Z",NA,NA,NA,"United Kingdom",NA,NA,NA,"Chesterfield",NA,NA
"1546","Q5101194","Chinnor R.F.C.","rugby union club","1962-01-01T00:00:00Z",NA,NA,NA,"United Kingdom",NA,"Kingsey Road",NA,"Thame",NA,NA
"1547","Q5101641","Chippenham RFC","rugby union team","1898-01-01T00:00:00Z",NA,NA,NA,"United Kingdom",NA,NA,NA,"Chippenham",NA,NA
"1548","Q5105169","Chorley RUFC","rugby union team","1973-01-01T00:00:00Z",NA,NA,NA,"United Kingdom",NA,NA,NA,NA,NA,NA
"1549","Q5118893","Châtenoy RC","rugby union team","1977-01-01T00:00:00Z",NA,NA,NA,"France",NA,NA,NA,"Châtenoy-le-Royal",NA,NA
"1550","Q511912","Sri Lanka national rugby union team","national rugby union team",NA,NA,NA,NA,"Sri Lanka",NA,NA,NA,NA,NA,NA
"1551","Q5119939","Cilfynydd RFC","rugby union team",NA,NA,NA,NA,"United Kingdom",NA,NA,NA,NA,NA,NA
"1552","Q5120000","Cill Dara RFC","rugby union team","1976-01-01T00:00:00Z",NA,NA,NA,"Ireland",NA,NA,NA,NA,NA,NA
"1553","Q5125781","Clane RFC","rugby union team","1984-01-01T00:00:00Z",NA,NA,NA,"Ireland",NA,NA,NA,NA,NA,NA
"1554","Q5125835","Clanwilliam Rugby Club","rugby union team",NA,NA,NA,NA,"Ireland",NA,NA,NA,NA,NA,NA
"1555","Q5131032","Cleckheaton RUFC","rugby union club","1888-01-01T00:00:00Z",NA,NA,NA,"United Kingdom",NA,NA,NA,NA,NA,NA
"1556","Q5131549","Clemson Rugby","rugby union team","1967-01-01T00:00:00Z",NA,NA,NA,"United States of America",NA,NA,NA,NA,NA,NA
"1557","Q5132009","Cleve RFC","rugby union team","1922-01-01T00:00:00Z",NA,NA,NA,"United Kingdom",NA,NA,NA,NA,NA,NA
"1558","Q5133308","Clifton RFC","rugby union team","1872-01-01T00:00:00Z",NA,NA,NA,"United Kingdom",NA,NA,NA,NA,NA,NA
"1559","Q5136304","Club Manuel Belgrano","rugby union club","1958-01-01T00:00:00Z",NA,NA,"Unión de Rugby de Buenos Aires","Argentina",NA,NA,NA,"Saavedra",NA,NA
"1560","Q5136360","Club San Andrés","rugby union club","1911-01-01T00:00:00Z",NA,NA,"Unión de Rugby de Buenos Aires","Argentina",NA,NA,NA,"Benavídez",NA,NA
"1561","Q5136430","Club de Rugby Los Tilos","rugby union club","1944-01-01T00:00:00Z",NA,NA,"Unión de Rugby de Buenos Aires","Argentina","URBA Top 12",NA,NA,"Tolosa",NA,NA
"1562","Q5138892","Cobham RFC","rugby union team","1863-01-01T00:00:00Z",NA,NA,NA,"United Kingdom",NA,NA,NA,NA,NA,NA
"1563","Q5146941","Collegians","rugby union team","1890-01-01T00:00:00Z",NA,NA,NA,"Ireland",NA,NA,NA,NA,NA,NA
"1564","Q5150337","Colwyn Bay RFC","rugby union team","1923-01-01T00:00:00Z",NA,NA,NA,"United Kingdom",NA,NA,NA,NA,NA,NA
"1565","Q5159581","Coney Hill RFC","rugby union team","1947-01-01T00:00:00Z",NA,NA,NA,"United Kingdom",NA,NA,NA,NA,NA,NA
"1566","Q5167030","Cooke RFC","rugby union team",NA,NA,NA,NA,"Ireland",NA,NA,NA,NA,NA,NA
"1567","Q5167516","Coolmine RFC","rugby union team","1980-01-01T00:00:00Z",NA,NA,NA,"Ireland",NA,NA,NA,NA,NA,NA
"1568","Q516893","Football Club Sportif Rumilly","rugby union team","1911-01-01T00:00:00Z",NA,NA,NA,"France",NA,NA,NA,"Rumilly",NA,NA
"1569","Q5173414","Corus (Port Talbot) RFC","rugby union team","1908-01-01T00:00:00Z",NA,NA,NA,"United Kingdom",NA,NA,NA,NA,NA,NA
"1570","Q517805","Real Oviedo Rugby","rugby union team","1983-01-01T00:00:00Z",NA,NA,NA,"Spain","División de Honor B de Rugby","Q54366220",NA,"Oviedo",NA,NA
"1571","Q5179615","Cowbridge RFC","rugby union team",NA,NA,NA,NA,"United Kingdom",NA,NA,NA,NA,NA,NA
"1572","Q518116","France national rugby union team","national rugby union team","1906-01-01T00:00:00Z",NA,NA,NA,"France",NA,"Stade de France; Yves du Manoir Stadium; Parc des Princes","80698; NA",NA,"france",NA
"1573","Q5182986","Crawley Rugby Football Club","rugby union team",NA,NA,NA,NA,"United Kingdom",NA,NA,NA,NA,NA,NA
"1574","Q5183011","Crawshays RFC","rugby union team",NA,NA,NA,NA,"United Kingdom",NA,NA,NA,NA,NA,NA
"1575","Q5187460","Croesyceiliog RFC","rugby union team","1881-01-01T00:00:00Z",NA,NA,NA,"United Kingdom",NA,NA,NA,NA,NA,NA
"1576","Q5188624","Crosshaven RFC","rugby union team",NA,NA,NA,NA,"Ireland",NA,NA,NA,NA,NA,NA
"1577","Q5189693","Croydon RFC","rugby union club","1956-01-01T00:00:00Z",NA,NA,NA,"United Kingdom",NA,NA,NA,NA,NA,NA
"1578","Q5189693","Croydon RFC","rugby union team","1956-01-01T00:00:00Z",NA,NA,NA,"United Kingdom",NA,NA,NA,NA,NA,NA
"1579","Q5190057","Crumlin RFC","rugby union team","1880-01-01T00:00:00Z",NA,NA,NA,"United Kingdom",NA,NA,NA,NA,NA,NA
"1580","Q5190493","Crymych RFC","rugby union team","1984-01-01T00:00:00Z",NA,NA,NA,"United Kingdom",NA,NA,NA,NA,NA,NA
"1581","Q5190496","Crynant RFC","rugby union team","1898-01-01T00:00:00Z",NA,NA,NA,"United Kingdom",NA,NA,NA,NA,NA,NA
"1582","Q5194001","Cumbernauld RFC","rugby union team",NA,NA,NA,NA,"United Kingdom",NA,NA,NA,NA,NA,NA
"1583","Q5196034","Curupaytí Club de Rugby","rugby union club","1924-07-30T00:00:00Z",NA,NA,NA,"Argentina",NA,NA,NA,"Hurlingham",NA,NA
"1584","Q5197226","Cwmavon RFC","rugby union team",NA,NA,NA,NA,"United Kingdom",NA,NA,NA,NA,NA,NA
"1585","Q5197231","Cwmbran RFC","rugby union team","1880-01-01T00:00:00Z",NA,NA,NA,"United Kingdom",NA,NA,NA,NA,NA,NA
"1586","Q5197249","Cwmgwrach RFC","rugby union team",NA,NA,NA,NA,"United Kingdom",NA,NA,NA,NA,NA,NA
"1587","Q5197250","Cwmllynfell RFC","rugby union team","1904-01-01T00:00:00Z",NA,NA,NA,"United Kingdom",NA,NA,NA,NA,NA,NA
"1588","Q5197257","Cwmtwrch RFC","rugby union team",NA,NA,NA,NA,"United Kingdom",NA,NA,NA,NA,NA,NA
"1589","Q5202679","Círculo Universitario de Quilmes","rugby union club","1938-01-01T00:00:00Z",NA,NA,NA,"Argentina",NA,NA,NA,"Quilmes",NA,NA
"1590","Q5211067","Dalkeith RFC","rugby union club","1898-01-01T00:00:00Z",NA,NA,NA,"United Kingdom",NA,NA,NA,NA,NA,NA
"1591","Q5211067","Dalkeith RFC","rugby union team","1898-01-01T00:00:00Z",NA,NA,NA,"United Kingdom",NA,NA,NA,NA,NA,NA
"1592","Q521129","Benetton Rugby Treviso","rugby union club","1932-01-01T00:00:00Z",NA,"I Leoni","Italian Rugby Federation","Italy","United Rugby Championship","Stadio di Monigo","5000","Treviso",NA,NA
"1593","Q5211811","Dalziel RFC","rugby union team","1924-01-01T00:00:00Z",NA,NA,NA,"United Kingdom",NA,NA,NA,NA,NA,NA
"1594","Q5223990","Darlington Mowden Park R.F.C.","rugby union team","1945-01-01T00:00:00Z",NA,NA,NA,"United Kingdom",NA,NA,NA,NA,NA,NA
"1595","Q5223995","Darlington RFC","rugby union team","1863-01-01T00:00:00Z",NA,NA,NA,"United Kingdom",NA,NA,NA,NA,NA,NA
"1596","Q5261499","Derby RFC","rugby union team","1891-01-01T00:00:00Z",NA,NA,NA,"United Kingdom",NA,"Haslams Lane",NA,NA,NA,NA
"1597","Q5262557","Deri RFC","rugby union team",NA,NA,NA,NA,"United Kingdom",NA,NA,NA,NA,NA,NA
"1598","Q52696564","Q52696564","rugby union team","1995-01-01T00:00:00Z",NA,NA,NA,"Spain",NA,"Hipódromo de Las Mestas",NA,NA,NA,"/g/11g0g4v_66"
"1599","Q5278270","Dings Crusaders RFC","rugby union team","1897-01-01T00:00:00Z",NA,NA,NA,"United Kingdom",NA,NA,NA,NA,NA,NA
"1600","Q5282734","Diss Rugby Club","rugby union team","1958-01-01T00:00:00Z",NA,NA,NA,"United Kingdom",NA,NA,NA,NA,NA,NA
"1601","Q5297620","Dorchester Rugby Football Club","rugby union team","1871-01-01T00:00:00Z",NA,NA,NA,"United Kingdom",NA,NA,NA,NA,NA,NA
"1602","Q5301903","Douglas R.U.F.C.","rugby union team",NA,NA,NA,NA,"United Kingdom",NA,NA,NA,NA,NA,NA
"1603","Q5302696","Dowlais RFC","rugby union team",NA,NA,NA,NA,"United Kingdom",NA,NA,NA,NA,NA,NA
"1604","Q5310860","Dublin City University RFC","rugby union team",NA,NA,NA,NA,NA,NA,NA,NA,NA,NA,NA
"1605","Q5311896","Dudley Kingswinford","rugby union team","1922-01-01T00:00:00Z",NA,NA,NA,"United Kingdom",NA,NA,NA,NA,NA,NA
"1606","Q5313800","Dumfries Saints RFC","rugby union club","1901-01-01T00:00:00Z",NA,NA,NA,"United Kingdom",NA,NA,NA,NA,NA,NA
"1607","Q5314155","Dunbar RFC","rugby union team","1923-01-01T00:00:00Z",NA,NA,NA,"United Kingdom",NA,NA,NA,NA,NA,NA
"1608","Q5314734","Dundalk R.F.C","rugby union team",NA,NA,NA,NA,"Ireland",NA,NA,NA,NA,NA,NA
"1609","Q5315050","Dunfermline RFC","rugby union team","1893-01-01T00:00:00Z",NA,NA,NA,"United Kingdom",NA,NA,NA,NA,NA,NA
"1610","Q5315664","Duns RFC","rugby union team","1878-01-01T00:00:00Z",NA,NA,NA,"United Kingdom",NA,NA,NA,NA,NA,NA
"1611","Q5315713","Dunstablians R.F.C.","rugby union team","1948-01-01T00:00:00Z",NA,NA,NA,"United Kingdom",NA,NA,NA,NA,NA,NA
"1612","Q5315784","Dunvant RFC","rugby union team",NA,NA,NA,NA,"United Kingdom",NA,NA,NA,NA,NA,NA
"1613","Q5325488","Ealing Rugby Club","rugby union club","1871-01-01T00:00:00Z",NA,NA,NA,"United Kingdom","Premiership Rugby","Trailfinders Sports Ground",NA,NA,NA,NA
"1614","Q5326546","Earlston RFC","rugby union team",NA,NA,NA,NA,"United Kingdom",NA,NA,NA,NA,NA,NA
"1615","Q5327644","East Africa rugby union team","national rugby union team",NA,NA,NA,NA,NA,NA,NA,NA,NA,NA,NA
"1616","Q5328727","East Kilbride RFC","rugby union team",NA,NA,NA,NA,"United Kingdom",NA,NA,NA,NA,NA,NA
"1617","Q5329479","East Tamaki RFC","rugby union club","1962-01-01T00:00:00Z",NA,NA,NA,"New Zealand",NA,NA,NA,NA,NA,NA
"1618","Q5334368","Ecuador national rugby union team","national rugby union team",NA,NA,NA,NA,"Ecuador",NA,NA,NA,NA,NA,NA
"1619","Q5336990","Edenderry RFC","rugby union team","1951-01-01T00:00:00Z",NA,NA,NA,"Ireland",NA,NA,NA,NA,NA,NA
"1620","Q5338230","Edinburgh Northern RFC","rugby union team",NA,NA,NA,NA,"United Kingdom",NA,NA,NA,NA,NA,NA
"1621","Q5338280","Edinburgh University RFC","rugby union club","1857-01-01T00:00:00Z",NA,NA,NA,"United Kingdom",NA,NA,NA,"Edinburgh",NA,NA
"1622","Q534417","New South Wales Waratahs","rugby union franchise","1882-01-01T00:00:00Z",NA,NA,NA,"Australia",NA,"Sydney Football Stadium",NA,"Sydney Olympic Park",NA,NA
"1623","Q5348362","Egypt national rugby union team","national rugby union team",NA,NA,NA,NA,"Egypt",NA,NA,NA,NA,NA,NA
"1624","Q5349827","Eintracht Frankfurt Rugby","rugby union team","1923-01-01T00:00:00Z",NA,NA,NA,"Germany",NA,NA,NA,"Frankfurt",NA,NA
"1625","Q535106","Gernika RT","rugby union team","1973-01-01T00:00:00Z",NA,"Basurde","Spanish Rugby Federation","Spain","División de Honor de Rugby",NA,NA,NA,NA,NA
"1626","Q535408","Fiamme Oro Rugby","rugby union club","1955-01-01T00:00:00Z","1978-01-01T00:00:00Z","Le Fiamme; Il XV della Polizia di Stato; I Poliziotti; I Cremisi","Italian Rugby Federation","Italy","Serie A Élite",NA,NA,NA,NA,NA
"1627","Q535408","Fiamme Oro Rugby","rugby union team","1955-01-01T00:00:00Z","1978-01-01T00:00:00Z","Le Fiamme; Il XV della Polizia di Stato; I Poliziotti; I Cremisi","Italian Rugby Federation","Italy","Serie A Élite",NA,NA,NA,NA,NA
"1628","Q5358642","Elefántok Rögbi SE","rugby union team","1993-01-01T00:00:00Z",NA,NA,NA,"Hungary",NA,NA,NA,NA,NA,NA
"1629","Q5362952","Hanazono Kintetsu Liners","rugby union team","1929-01-01T00:00:00Z",NA,NA,NA,"Japan","Japan Rugby League One","Hanazono Rugby Stadium",NA,"Higashiosaka",NA,NA
"1630","Q5366108","Ellon RFC","rugby union team",NA,NA,NA,NA,"United Kingdom",NA,NA,NA,NA,NA,NA
"1631","Q5378054","England national under-18 rugby union team","national rugby union team",NA,NA,NA,NA,"United Kingdom",NA,NA,NA,NA,NA,NA
"1632","Q5378379","English Shinty Team","national rugby union team",NA,NA,NA,NA,"United Kingdom",NA,NA,NA,NA,NA,NA
"1633","Q5379191","Ennis RFC","rugby union team","1923-01-01T00:00:00Z",NA,NA,NA,"Ireland",NA,NA,NA,NA,NA,NA
"1634","Q5379200","Enniscorthy RFC","rugby union team","1912-01-01T00:00:00Z",NA,NA,NA,"Ireland",NA,NA,NA,NA,NA,NA
"1635","Q5383893","Epping Rams Rugby Club","rugby union club",NA,NA,NA,NA,"Australia",NA,NA,NA,"Epping",NA,NA
"1636","Q538747","Scarlets","rugby union franchise","2003-01-01T00:00:00Z",NA,"The Turks","Welsh Rugby Union","United Kingdom","United Rugby Championship","Parc y Scarlets","14870","Llanelli",NA,NA
"1637","Q5396785","Esbjerg RK","rugby union team",NA,NA,NA,NA,"Denmark",NA,NA,NA,"Esbjerg Municipality",NA,NA
"1638","Q5397827","Esher RFC","rugby union team","1923-01-01T00:00:00Z",NA,NA,NA,"United Kingdom",NA,NA,NA,NA,NA,NA
"1639","Q5399918","Essington Rugby Union Football Club","rugby union team","1998-01-01T00:00:00Z",NA,NA,NA,"United Kingdom",NA,NA,NA,"Essington",NA,NA
"1640","Q5420146","Exeter University RFC","rugby union club","1860-01-01T00:00:00Z",NA,NA,NA,"United Kingdom",NA,NA,NA,NA,NA,NA
"1641","Q5420463","Exmouth RFC","rugby union team","1873-01-01T00:00:00Z",NA,NA,NA,"United Kingdom",NA,NA,NA,NA,NA,NA
"1642","Q5427255","FT Adler Kiel Rugby","rugby union team","1999-01-01T00:00:00Z",NA,NA,NA,NA,NA,NA,NA,NA,NA,NA
"1643","Q5431941","Falkirk RFC","rugby union team",NA,NA,NA,NA,"United Kingdom",NA,NA,NA,NA,NA,NA
"1644","Q5436518","RCJ Farul Constanța","rugby union team","1955-01-01T00:00:00Z",NA,NA,NA,"Romania",NA,NA,NA,NA,NA,NA
"1645","Q5441510","Fehérvár RC","rugby union team","1985-01-01T00:00:00Z",NA,NA,NA,"Hungary",NA,NA,NA,NA,NA,NA
"1646","Q5441552","Feilding Old Boys RFC","rugby union club",NA,NA,NA,NA,"New Zealand",NA,NA,NA,NA,NA,NA
"1647","Q5441918","Felinfoel RFC","rugby union team",NA,NA,NA,NA,"United Kingdom",NA,NA,NA,NA,NA,NA
"1648","Q5445067","Ferndale RFC","rugby union team",NA,NA,NA,NA,"United Kingdom",NA,NA,NA,NA,NA,NA
"1649","Q5445989","Fettesian-Lorettonian Club","rugby union team","1881-01-01T00:00:00Z",NA,NA,NA,"United Kingdom",NA,NA,NA,NA,NA,NA
"1650","Q5448181","Fiji national under-20 rugby union team","national rugby union team",NA,NA,NA,NA,"Fiji",NA,NA,NA,NA,NA,NA
"1651","Q5454979","Fishguard and Goodwick RFC","rugby union team",NA,NA,NA,NA,"United Kingdom",NA,NA,NA,NA,NA,NA
"1652","Q5455389","Fit World Gorillák RC","rugby union team","1993-01-01T00:00:00Z",NA,NA,NA,"Hungary",NA,NA,NA,NA,NA,NA
"1653","Q5458866","Fleur De Lys RFC","rugby union team","1966-01-01T00:00:00Z",NA,NA,NA,"United Kingdom",NA,NA,NA,NA,NA,NA
"1654","Q5466575","Footscray RUFC","rugby union team","1967-01-01T00:00:00Z",NA,NA,NA,"United Kingdom",NA,NA,NA,NA,NA,NA
"1655","Q5470552","Forrester RFC","rugby union team",NA,NA,NA,NA,"United Kingdom",NA,NA,NA,NA,NA,NA
"1656","Q5478453","France national under-18 rugby union team","national rugby union team",NA,NA,NA,NA,"France",NA,NA,NA,NA,NA,NA
"1657","Q5478456","France national under-20 rugby union team","rugby union team","2008-01-01T00:00:00Z",NA,"Les Bleuets",NA,"France",NA,NA,NA,NA,NA,NA
"1658","Q548720","Old Belvedere","rugby union team","1930-01-01T00:00:00Z",NA,NA,NA,"Ireland",NA,NA,NA,NA,NA,NA
"1659","Q548893","Royal Kituro Rugby Club","rugby union team","1961-01-01T00:00:00Z",NA,NA,"Belgian Rugby Federation","Belgium","Belgian Elite League",NA,NA,NA,NA,NA
"1660","Q54953803","Rugby New York","rugby union team","2018-01-01T00:00:00Z",NA,NA,"USA Rugby","United States of America","Major League Rugby","Q16560680",NA,"Brooklyn",NA,"/g/11g0gdjfxt"
"1661","Q55007171","Lima Rugby Club","rugby union team","1996-04-09T00:00:00Z",NA,NA,NA,"Peru",NA,NA,NA,NA,NA,"/g/11g0sltc8m"
"1662","Q550457","Ukraine national rugby union team","national rugby union team","1991-11-21T00:00:00Z",NA,NA,NA,"Ukraine",NA,NA,NA,NA,NA,NA
"1663","Q5507699","Munakata Sanix Blues","rugby union club","1994-01-01T00:00:00Z",NA,NA,NA,"Japan",NA,NA,NA,NA,NA,NA
"1664","Q5511219","Fylde Rugby Club","rugby union team","1919-01-01T00:00:00Z",NA,NA,NA,"United Kingdom",NA,NA,NA,NA,NA,NA
"1665","Q55137438","Toronto Arrows","rugby union team","2017-08-25T00:00:00Z",NA,NA,NA,"Canada",NA,NA,NA,"Toronto",NA,"/g/11g0gdhsxm"
"1666","Q5516516","Gael Force","rugby union team","2009-01-01T00:00:00Z",NA,NA,NA,"United Kingdom",NA,NA,NA,NA,NA,NA
"1667","Q55178435","Jaén Rugby","rugby union team","2003-01-01T00:00:00Z",NA,NA,NA,"Spain","División de Honor B de Rugby",NA,NA,"Jaén",NA,"/g/11g0slwxm5"
"1668","Q5522139","Garda RFC","rugby union team","1965-01-01T00:00:00Z",NA,NA,NA,"Ireland",NA,NA,NA,NA,NA,NA
"1669","Q5523592","Garndiffaith RFC","rugby union team","1922-01-01T00:00:00Z",NA,NA,NA,"United Kingdom",NA,NA,NA,NA,NA,NA
"1670","Q5523707","Garnock RFC","rugby union team",NA,NA,NA,NA,"United Kingdom",NA,NA,NA,NA,NA,NA
"1671","Q55263980","University of Michigan Rugby Football Club","rugby union team",NA,NA,NA,NA,"United States of America",NA,NA,NA,NA,NA,"/g/11hd62qmcc"
"1672","Q55318047","SA Trélissac","rugby union team","1961-01-01T00:00:00Z",NA,NA,NA,"France",NA,NA,NA,"Trélissac",NA,"/g/11g18_g266"
"1673","Q5547058","Georgetown University Rugby Football Club","rugby union team","1967-01-01T00:00:00Z",NA,NA,NA,"United States of America",NA,NA,NA,NA,NA,NA
"1674","Q5547938","Georgia national under-18 rugby union team","national rugby union team",NA,NA,NA,NA,NA,NA,NA,NA,NA,NA,NA
"1675","Q5547941","Georgia national under-20 rugby union team","national rugby union team",NA,NA,NA,NA,"Georgia",NA,NA,NA,NA,NA,NA
"1676","Q5552173","Germany national under-18 rugby union team","national rugby union team",NA,NA,NA,NA,"Germany",NA,NA,NA,NA,NA,NA
"1677","Q55522958","Q55522958","rugby union team",NA,NA,NA,NA,"Japan",NA,NA,NA,NA,NA,"/g/11f4v4wz8h"
"1678","Q55589761","Stade saint-gaudinois","rugby union team","1898-01-01T00:00:00Z","2013-01-01T00:00:00Z",NA,NA,"France",NA,"Stade Jules Ribet",NA,"Saint-Gaudens",NA,NA
"1679","Q55605896","Brentwood RFC","rugby union club",NA,NA,NA,NA,"United Kingdom",NA,NA,NA,NA,NA,"/g/11gjp8ngx4"
"1680","Q55607449","Chingford RFC","rugby union club",NA,NA,NA,NA,"United Kingdom",NA,NA,NA,NA,NA,"/g/11g1gtb2gq"
"1681","Q55610046","Drybrook RFC","rugby union club",NA,NA,NA,NA,"United Kingdom",NA,NA,NA,NA,NA,"/g/11f721n89t"
"1682","Q5564077","Gipsies Football Club","rugby union team","1868-01-01T00:00:00Z",NA,NA,NA,"United Kingdom",NA,NA,NA,NA,NA,NA
"1683","Q55641528","RC Academy Tbilisi","rugby union team",NA,NA,NA,NA,"Georgia",NA,NA,NA,NA,NA,"/g/11clt0tjyb"
"1684","Q5566543","Glamorgan Police RFC","rugby union team","1892-01-01T00:00:00Z",NA,NA,NA,"United Kingdom",NA,NA,NA,NA,NA,NA
"1685","Q5566952","Glasgow University RFC","rugby union team","1869-01-01T00:00:00Z",NA,NA,NA,"United Kingdom",NA,NA,NA,NA,NA,NA
"1686","Q5569297","Glenrothes RFC","rugby union team","1965-01-01T00:00:00Z",NA,NA,NA,"United Kingdom",NA,NA,NA,NA,NA,NA
"1687","Q5572911","Glyncorrwg RFC","rugby union team",NA,NA,NA,NA,"United Kingdom",NA,NA,NA,NA,NA,NA
"1688","Q5572999","Glynneath RFC","rugby union team","1889-01-01T00:00:00Z",NA,NA,NA,"United Kingdom",NA,NA,NA,NA,NA,NA
"1689","Q55801","New Zealand national rugby union team","national rugby union team","1903-08-15T00:00:00Z",NA,"Ōpango; All Blacks",NA,"New Zealand",NA,NA,NA,NA,NA,NA
"1690","Q55812022","Alumni Rugby Club","rugby union team","2000-01-01T00:00:00Z",NA,NA,NA,"Peru",NA,NA,NA,NA,NA,"/g/11f7dt7_tq"
"1691","Q5586198","Gorey RFC","rugby union team","1968-01-01T00:00:00Z",NA,NA,NA,"Ireland",NA,NA,NA,NA,NA,NA
"1692","Q5586878","Gorseinon RFC","rugby union team","1884-01-01T00:00:00Z",NA,NA,NA,"United Kingdom",NA,NA,NA,NA,NA,NA
"1693","Q5587214","Gosforth Rugby Football Club","rugby union team","1877-01-01T00:00:00Z",NA,NA,NA,"United Kingdom",NA,NA,NA,NA,NA,NA
"1694","Q5587448","Gosport and Fareham R.F.C.","rugby union team","1946-01-01T00:00:00Z",NA,NA,NA,"United Kingdom",NA,NA,NA,NA,NA,NA
"1695","Q5587814","Gotham Knights","rugby union team",NA,NA,NA,NA,"United States of America",NA,NA,NA,NA,NA,NA
"1696","Q5590061","Gowerton RFC","rugby union team","1884-01-01T00:00:00Z",NA,NA,NA,"United Kingdom",NA,NA,NA,NA,NA,NA
"1697","Q5598888","Great Britain national wheelchair rugby team","national rugby union team",NA,NA,NA,NA,"United Kingdom",NA,NA,NA,NA,NA,NA
"1698","Q5604352","Greenock Wanderers RFC","rugby union team","1873-01-01T00:00:00Z",NA,NA,NA,"United Kingdom",NA,NA,NA,NA,NA,NA
"1699","Q5614220","Guatemala Quetzal Rugby Club","rugby union team","2010-01-01T00:00:00Z",NA,NA,NA,"Guatemala",NA,NA,NA,NA,NA,NA
"1700","Q5614908","Guernsey RFC","rugby union team","1928-01-01T00:00:00Z",NA,NA,NA,"United Kingdom",NA,NA,NA,NA,NA,NA
"1701","Q5615840","Guildford Rugby Club","rugby union team",NA,NA,NA,NA,"United Kingdom",NA,NA,NA,NA,NA,NA
"1702","Q5623563","Gwernyfed RFC","rugby union team","1965-01-01T00:00:00Z",NA,NA,NA,"United Kingdom",NA,NA,NA,NA,NA,NA
"1703","Q56251781","Osos del Pardo Rugby Club","rugby union team",NA,NA,NA,NA,"Spain",NA,NA,NA,"Community of Madrid",NA,NA
"1704","Q5625607","Gyulai Várvédők RK","rugby union team","2010-01-01T00:00:00Z",NA,NA,NA,"Hungary",NA,NA,NA,NA,NA,NA
"1705","Q5625632","Gyöngyösi Farkasok RK","rugby union team","1991-01-01T00:00:00Z",NA,NA,NA,"Hungary",NA,NA,NA,NA,NA,NA
"1706","Q5626455","Gödöllői Ördögök RC","rugby union team","2006-01-01T00:00:00Z",NA,NA,NA,"Hungary",NA,NA,NA,NA,NA,NA
"1707","Q56291299","SCM Gloria Buzău","rugby union team","2005-01-01T00:00:00Z",NA,NA,NA,"Romania",NA,NA,NA,NA,NA,"/g/11g4cxdz9m"
"1708","Q56305829","Q56305829","rugby union team",NA,NA,NA,NA,NA,NA,NA,NA,NA,NA,"/g/11f61559_9"
"1709","Q56306976","Q56306976","rugby union team","1961-01-01T00:00:00Z",NA,NA,NA,"France",NA,NA,NA,"Rennes",NA,"/g/11ghtd2gdn"
"1710","Q5637375","Hackney RFC","rugby union team",NA,NA,NA,NA,"United Kingdom",NA,NA,NA,NA,NA,NA
"1711","Q5637667","Haddington RFC","rugby union team",NA,NA,NA,NA,"United Kingdom",NA,NA,NA,NA,NA,NA
"1712","Q5637768","Haderslev RC","rugby union team","1991-01-01T00:00:00Z",NA,NA,NA,"Denmark",NA,NA,NA,NA,NA,NA
"1713","Q5639053","Haifa Wild Boars","rugby union team",NA,NA,NA,NA,NA,NA,NA,NA,NA,NA,NA
"1714","Q5642223","Halifax RUFC","rugby union team","1919-01-01T00:00:00Z",NA,NA,NA,"United Kingdom",NA,NA,NA,NA,NA,NA
"1715","Q5642261","Halifax Vandals","rugby union team","1923-01-01T00:00:00Z",NA,NA,NA,"United Kingdom",NA,NA,NA,NA,NA,NA
"1716","Q5644343","Hamburger SV Rugby","rugby union team","1925-01-01T00:00:00Z",NA,NA,NA,"Germany",NA,NA,NA,NA,NA,NA
"1717","Q5647680","Handsworth Rugby Union Football Club","rugby union team",NA,NA,NA,NA,"United Kingdom",NA,NA,NA,NA,NA,NA
"1718","Q5656793","tomas meiser “el paquete”","rugby union team","1938-01-01T00:00:00Z",NA,NA,NA,"Chile",NA,NA,NA,NA,NA,"/g/122rv5x4"
"1719","Q5658644","Harlequin Amateurs","rugby union team",NA,NA,NA,NA,"United Kingdom",NA,NA,NA,NA,NA,NA
"1720","Q5658996","Harlow rugby club","rugby union team","1955-01-01T00:00:00Z",NA,NA,NA,"United Kingdom",NA,NA,NA,NA,NA,NA
"1721","Q5666423","Harrogate RUFC","rugby union team","1871-01-01T00:00:00Z",NA,NA,NA,"United Kingdom",NA,NA,NA,NA,NA,NA
"1722","Q5666580","Harrow RFC","rugby union team",NA,NA,NA,NA,"United Kingdom",NA,NA,NA,NA,NA,NA
"1723","Q5674821","Hartlepool Rovers","rugby union team","1879-01-01T00:00:00Z",NA,NA,NA,"United Kingdom",NA,NA,NA,NA,NA,NA
"1724","Q5676306","Harvard Business School RFC","rugby union team","1963-01-01T00:00:00Z",NA,NA,NA,"United States of America",NA,NA,NA,NA,NA,NA
"1725","Q5676639","Harvard rugby","rugby union club","1872-01-01T00:00:00Z",NA,NA,NA,"United States of America",NA,NA,NA,NA,NA,NA
"1726","Q5683135","Havant RFC","rugby union team","1951-01-01T00:00:00Z",NA,NA,NA,"United Kingdom",NA,NA,NA,NA,NA,NA
"1727","Q5683768","Haverfordwest RFC","rugby union team","1875-01-01T00:00:00Z",NA,NA,NA,"United Kingdom",NA,NA,NA,NA,NA,NA
"1728","Q56844124","Q56844124","rugby union team",NA,NA,NA,NA,"France",NA,"Sports complex Jesse Owens",NA,"Chilly-Mazarin",NA,"/g/11gnrlzbqf"
"1729","Q5684758","Hawick Harlequins RFC","rugby union team",NA,NA,NA,NA,"United Kingdom",NA,NA,NA,NA,NA,NA
"1730","Q5684764","Hawick Linden RFC","rugby union team","1921-01-01T00:00:00Z",NA,NA,NA,"United Kingdom",NA,NA,NA,NA,NA,NA
"1731","Q5687394","Haywards Heath RFC","rugby union team","1950-01-01T00:00:00Z",NA,NA,NA,"United Kingdom",NA,NA,NA,NA,NA,NA
"1732","Q5694423","Heaton Moor RUFC","rugby union team","1899-01-01T00:00:00Z",NA,NA,NA,"United Kingdom",NA,NA,NA,NA,NA,NA
"1733","Q570941","RC Olomouc","rugby union team","1953-01-01T00:00:00Z",NA,NA,NA,"Czech Republic",NA,NA,NA,NA,NA,NA
"1734","Q5710580","Helston RFC","rugby union team","1965-01-01T00:00:00Z",NA,NA,NA,"United Kingdom",NA,NA,NA,NA,NA,NA
"1735","Q5714086","Hendy RFC","rugby union team","1893-01-01T00:00:00Z",NA,NA,NA,"United Kingdom",NA,NA,NA,NA,NA,NA
"1736","Q5714642","Henley Hawks","rugby union team","1930-01-01T00:00:00Z",NA,NA,NA,"United Kingdom",NA,NA,NA,NA,NA,NA
"1737","Q5731584","Heol y Cyw RFC","rugby union team",NA,NA,NA,NA,"United Kingdom",NA,NA,NA,NA,NA,NA
"1738","Q5744712","Hertford Rugby Football Club","rugby union team","1932-01-01T00:00:00Z",NA,NA,NA,"United Kingdom",NA,NA,NA,NA,NA,NA
"1739","Q5759041","Highland RFC","rugby union club","1922-01-01T00:00:00Z",NA,NA,NA,"United Kingdom",NA,NA,NA,NA,NA,NA
"1740","Q576485","United States national under-20 rugby union team","national rugby union team",NA,NA,NA,NA,"United States of America",NA,NA,NA,NA,NA,NA
"1741","Q5765771","Hinckley RFC","rugby union team","1893-01-01T00:00:00Z",NA,NA,NA,"United Kingdom",NA,"Leicester Road",NA,NA,NA,NA
"1742","Q5773811","Q5773811","rugby union team","2001-01-01T00:00:00Z",NA,NA,NA,"Spain",NA,NA,NA,"Alcalá de Henares",NA,"/g/122nj8vh"
"1743","Q5774344","Club Italiano rugby","rugby union team",NA,NA,NA,NA,"Argentina",NA,NA,NA,NA,NA,"/g/122h5_ny"
"1744","Q580900","Esztergomi Vitézek Rugby SE","rugby union team","1983-01-01T00:00:00Z",NA,NA,NA,"Hungary",NA,NA,NA,NA,NA,NA
"1745","Q585080","FC Barcelona Rugby","rugby union team","1924-09-21T00:00:00Z",NA,"blaugrana","Spanish Rugby Federation","Spain","División de Honor de Rugby","Camp de Rugbi La Teixonera",NA,NA,NA,NA
"1746","Q5852829","Unione Rugby Sannio","rugby union team","1998-01-01T00:00:00Z",NA,NA,NA,"Italy",NA,NA,NA,NA,NA,NA
"1747","Q586617","Chiefs","rugby union club","1996-01-01T00:00:00Z",NA,NA,"New Zealand Rugby","New Zealand","Super Rugby","Waikato Stadium","25800","Hamilton",NA,NA
"1748","Q5871837","Hitchin Rugby Club","rugby union team",NA,NA,NA,NA,"United Kingdom",NA,NA,NA,NA,NA,NA
"1749","Q5884404","Gran Parma Rugby","rugby union team","1999-01-01T00:00:00Z",NA,NA,NA,"Italy",NA,NA,NA,NA,NA,"/g/121sr9gq"
"1750","Q5884448","Holstebro RK","rugby union team","1980-01-01T00:00:00Z",NA,NA,NA,"Denmark",NA,NA,NA,NA,NA,NA
"1751","Q5892505","Mie Honda Heat","rugby union team","1960-01-01T00:00:00Z",NA,NA,NA,"Japan","Japan Rugby League One","Suzuka Sports Garden",NA,"Suzuka",NA,NA
"1752","Q5902949","Horden Rugby Club","rugby union team","1925-01-01T00:00:00Z",NA,NA,NA,"United Kingdom",NA,NA,NA,NA,NA,NA
"1753","Q5904498","Hornsby Rugby Club","rugby union club","1962-01-01T00:00:00Z",NA,NA,NA,"Australia",NA,NA,NA,NA,NA,NA
"1754","Q5915985","Q5915985","rugby union club","1971-01-01T00:00:00Z",NA,NA,NA,"Spain","División de Honor B de Rugby",NA,NA,NA,NA,"/g/121l5nr3"
"1755","Q591846","Democratic Republic of the Congo national rugby union team","national rugby union team",NA,NA,NA,NA,"Democratic Republic of the Congo",NA,NA,NA,NA,NA,NA
"1756","Q5921630","Howe of Fife RFC","rugby union team","1921-01-01T00:00:00Z",NA,NA,NA,"United Kingdom",NA,NA,NA,NA,NA,NA
"1757","Q592714","Valladolid RAC","rugby union club","1986-01-01T00:00:00Z",NA,"los queseros","Spanish Rugby Federation","Spain","División de Honor de Rugby","Estadio Pepe Rojo","5000",NA,NA,NA
"1758","Q5928274","Huddersfield Rugby Union Football Club","rugby union team","1909-01-01T00:00:00Z",NA,NA,NA,"United Kingdom",NA,NA,NA,NA,NA,NA
"1759","Q593570","University College Dublin R.F.C.","rugby union team","1910-01-01T00:00:00Z",NA,NA,NA,"Ireland",NA,NA,NA,NA,NA,NA
"1760","Q5935936","Hull Ionians RUFC","rugby union team","1989-01-01T00:00:00Z",NA,NA,NA,"United Kingdom",NA,NA,NA,NA,NA,NA
"1761","Q59474562","Q59474562","rugby union team",NA,NA,NA,NA,"Switzerland",NA,NA,NA,NA,NA,"/g/11fj0_znqp"
"1762","Q596985","San Martín","rugby union club","1986-01-01T00:00:00Z",NA,NA,"French Rugby Federation","France","Top 14","Stade Yves-du-Manoir","12697","Montpellier","montpellier",NA
"1763","Q599903","Ireland national rugby union team","national rugby union team","1875-02-15T00:00:00Z",NA,"The Shamrocks XV",NA,"Ireland; United Kingdom",NA,"Aviva Stadium","51700",NA,NA,NA
"1764","Q601366","Vigo RC","rugby union team","1988-01-01T00:00:00Z",NA,NA,NA,"Spain","División de Honor B de Rugby",NA,NA,"Vigo",NA,NA
"1765","Q6017638","Independiente RC","rugby union team","1917-01-01T00:00:00Z",NA,NA,NA,"Spain",NA,NA,NA,NA,NA,NA
"1766","Q603010","Pakistan national rugby union team","national rugby union team",NA,NA,NA,NA,"Pakistan",NA,NA,NA,NA,NA,NA
"1767","Q6049694","Old Markhamians Rugby Football Club","rugby union team","1995-01-01T00:00:00Z",NA,NA,NA,"Peru",NA,NA,NA,NA,NA,"/g/11r_phc65"
"1768","Q605245","ACT Brumbies","rugby union franchise","1996-01-01T00:00:00Z",NA,NA,"Rugby Australia","Australia","Super Rugby","Canberra Stadium","25011","Canberra",NA,NA
"1769","Q6058831","Q6058831","rugby union team","1991-01-01T00:00:00Z",NA,NA,NA,"Spain",NA,"Estadio Nueva Balastera",NA,NA,NA,"/g/120jqt4z"
"1770","Q6060128","Inverleith RFC","rugby union team",NA,NA,NA,NA,"United Kingdom",NA,NA,NA,NA,NA,NA
"1771","Q6068681","Ireland national schoolboy rugby union team","national rugby union team",NA,NA,NA,NA,"Ireland",NA,NA,NA,NA,NA,NA
"1772","Q6068684","Ireland national under-20 rugby union team","national rugby union team",NA,NA,NA,NA,"Ireland",NA,NA,NA,NA,NA,NA
"1773","Q6070712","Irish Exiles","rugby union team","1989-01-01T00:00:00Z",NA,NA,NA,"United Kingdom",NA,NA,NA,NA,NA,NA
"1774","Q60743236","Bangladesh national rugby sevens team","national rugby union team",NA,NA,NA,NA,NA,NA,NA,NA,NA,NA,"/g/11gr6w3tnr"
"1775","Q6074370","Irvine RFC","rugby union team",NA,NA,NA,NA,"United Kingdom",NA,NA,NA,NA,NA,NA
"1776","Q60747040","New England Free Jacks","rugby union team","2018-09-21T00:00:00Z",NA,NA,NA,"United States of America","Major League Rugby","Veterans Memorial Stadium","5000",NA,NA,"/g/11fd6dj2yn"
"1777","Q60747726","Rugby ATL","rugby union team",NA,NA,NA,NA,"United States of America",NA,NA,NA,NA,NA,"/g/11gv06p7_h"
"1778","Q60754769","Workington RFC","rugby union club",NA,NA,NA,NA,"United Kingdom",NA,NA,NA,NA,NA,"/g/11gxssdy_5"
"1779","Q60775551","Old Glory DC","rugby union team",NA,NA,NA,NA,NA,NA,NA,NA,NA,NA,"/g/11gt__jyr0"
"1780","Q6093838","Italy national under-18 rugby union team","national rugby union team",NA,NA,NA,NA,"Italy",NA,NA,NA,NA,NA,NA
"1781","Q6093842","Italy national under-20 rugby union team","national rugby union team","2008-01-01T00:00:00Z",NA,"Azzurrini",NA,"Italy",NA,NA,NA,NA,NA,"/g/11bvtr5fm0"
"1782","Q609885","Georgia national rugby union team","national rugby union team","1991-11-21T00:00:00Z",NA,"lelos",NA,"Georgia",NA,"Dinamo Arena","54549",NA,NA,NA
"1783","Q6102027","Real Madrid Rugby","rugby union team","1924-01-01T00:00:00Z","1948-01-01T00:00:00Z","los Blancos; las Merengues","Spanish Rugby Federation","Spain",NA,"Estadio Chamartín","15000",NA,NA,"/g/1ym_l4sgb"
"1784","Q611331","CR La Vila","rugby union team","1982-02-13T00:00:00Z",NA,NA,NA,"Spain","División de Honor de Rugby",NA,NA,NA,NA,NA
"1785","Q61364981","Q61364981","rugby union team","1968-01-01T00:00:00Z",NA,NA,NA,"France",NA,NA,NA,"Saint-Pée-sur-Nivelle",NA,NA
"1786","Q6137222","NTT Shining Arcs","rugby union club","1976-01-01T00:00:00Z",NA,NA,NA,"Japan",NA,"Chichibunomiya Rugby Stadium",NA,NA,NA,NA
"1787","Q6156767","Universidad de Granada Rugby","rugby union team","1969-01-01T00:00:00Z",NA,NA,NA,"Spain","División de Honor B de Rugby","Campo de Rugby de Fuentenueva",NA,"Granada",NA,"/g/11dyjtflp"
"1788","Q6158042","Japan national under-20 rugby union team","national rugby union team","2008-01-01T00:00:00Z",NA,NA,NA,"Japan",NA,NA,NA,NA,NA,NA
"1789","Q61746557","US Nérac","rugby union team",NA,NA,NA,NA,"France",NA,NA,NA,"Nérac",NA,NA
"1790","Q61746578","Union athlétique gaillacoise","rugby union team",NA,NA,NA,NA,"France",NA,NA,NA,"Gaillac",NA,NA
"1791","Q61746595","Section paloise","rugby union team",NA,NA,NA,NA,"France",NA,NA,NA,"Pau",NA,NA
"1792","Q61746620","Stade bordelais rugby","rugby union team",NA,NA,NA,NA,"France",NA,NA,NA,"Le Bouscat",NA,NA
"1793","Q61790123","Q61790123","rugby union club","2011-01-01T00:00:00Z",NA,NA,NA,"Poland",NA,NA,NA,"Łódź",NA,"/g/11h06m97nz"
"1794","Q6184915","The Jersey Reds R.F.C.","rugby union club","1879-01-01T00:00:00Z",NA,NA,NA,"United Kingdom",NA,"St. Peter",NA,NA,NA,NA
"1795","Q62006391","France national under-21 rugby union team","national rugby union team",NA,NA,NA,NA,"France",NA,NA,NA,NA,NA,NA
"1796","Q620948","CR Arquitectura Técnica","rugby union club","1976-01-01T00:00:00Z",NA,NA,NA,"Spain",NA,NA,NA,"A Coruña",NA,"/g/1hf_wf5ms"
"1797","Q620948","CR Arquitectura Técnica","rugby union team","1976-01-01T00:00:00Z",NA,NA,NA,"Spain",NA,NA,NA,"A Coruña",NA,"/g/1hf_wf5ms"
"1798","Q622443","Australia national rugby union team","national rugby union team","1899-06-24T00:00:00Z",NA,NA,NA,"Australia",NA,NA,NA,NA,NA,NA
"1799","Q624092","Arabian Gulf rugby union team","national rugby union team",NA,NA,NA,NA,NA,NA,NA,NA,NA,NA,NA
"1800","Q62615889","U.R. L’Aquila","rugby union team","2018-01-01T00:00:00Z",NA,NA,"Italian Rugby Federation","Italy","Serie A",NA,NA,"L'Aquila",NA,NA
"1801","Q62911900","Q62911900","rugby union team","2018-01-01T00:00:00Z",NA,NA,NA,"Belgium",NA,NA,NA,NA,NA,NA
"1802","Q630112","Aviron Bayonnais","rugby union club","1906-10-14T00:00:00Z",NA,NA,"French Rugby Federation","France","Top 14","Stade Jean Dauger","16934","Bayonne",NA,NA
"1803","Q63257354","Q63257354","rugby union team","1912-01-01T00:00:00Z",NA,NA,NA,"France",NA,NA,NA,"Saint-Sulpice-sur-Lèze",NA,"/g/11fkw9f249"
"1804","Q63341740","Q63341740","rugby union team","1922-01-01T00:00:00Z",NA,NA,NA,"France",NA,NA,NA,"Beaune",NA,"/g/11h15wyzcp"
"1805","Q6345871","Kadıköy Rugby","rugby union team","2006-01-01T00:00:00Z",NA,NA,NA,"Turkey",NA,NA,NA,NA,NA,NA
"1806","Q63483939","Los Tordos Rugby Club","rugby union team","1961-02-08T00:00:00Z",NA,NA,NA,"Argentina",NA,NA,NA,"Mendoza",NA,"/g/11fkpws5sb"
"1807","Q634843","Tarbes Pyrénées Rugby","rugby union club","1902-01-01T00:00:00Z",NA,NA,NA,"France",NA,"Stade Maurice Trélut",NA,"Tarbes",NA,NA
"1808","Q635712","Cook Islands national rugby union team","national rugby union team","1971-09-01T00:00:00Z",NA,"Cook Is",NA,"Cook Islands",NA,"National Stadium","5000",NA,NA,NA
"1809","Q635725","Saint Lucia national rugby union team","national rugby union team",NA,NA,NA,NA,"Saint Lucia",NA,NA,NA,NA,NA,NA
"1810","Q635733","Saint Vincent and the Grenadines national rugby union team","national rugby union team",NA,NA,NA,NA,"Saint Vincent and the Grenadines",NA,NA,NA,NA,NA,NA
"1811","Q636019","Oyonnax Rugby","rugby union club","1909-01-01T00:00:00Z",NA,NA,NA,"France","Top 14","Stade Charles-Mathon",NA,"Oyonnax",NA,NA
"1812","Q6372599","Karlsruher SV Rugby","rugby union team","1991-01-01T00:00:00Z",NA,NA,NA,NA,NA,NA,NA,NA,NA,NA
"1813","Q637392","Tahiti national rugby union team","national rugby union team",NA,NA,NA,NA,"France",NA,NA,NA,NA,NA,NA
"1814","Q637404","Guam national rugby union team","national rugby union team",NA,NA,NA,NA,"United States of America",NA,"Wettengel Rugby Field",NA,NA,NA,NA
"1815","Q637436","Vanuatu national rugby union team","national rugby union team",NA,NA,NA,NA,"Vanuatu",NA,NA,NA,NA,NA,NA
"1816","Q637445","Solomon Islands national rugby union team","national rugby union team",NA,NA,NA,NA,"Solomon Islands",NA,NA,NA,NA,NA,NA
"1817","Q637465","Papua New Guinea national rugby union team","national rugby union team","1966-12-01T00:00:00Z",NA,"The Pukpuks",NA,"Papua New Guinea",NA,NA,NA,NA,NA,NA
"1818","Q6374828","Toyota Verblitz","rugby union club","1941-01-01T00:00:00Z",NA,NA,NA,"Japan","Japan Rugby League One","Toyota Stadium; Mizuho Rugby Stadium",NA,NA,NA,NA
"1819","Q6383589","Keighley RUFC","rugby union team","1920-01-01T00:00:00Z",NA,NA,NA,"United Kingdom",NA,NA,NA,NA,NA,NA
"1820","Q6388862","Kendal Rugby Union Football Club","rugby union team","1905-01-01T00:00:00Z",NA,NA,NA,"United Kingdom",NA,NA,NA,NA,NA,NA
"1821","Q6389298","Kenilworth RFC","rugby union team","1924-01-01T00:00:00Z",NA,NA,NA,"United Kingdom",NA,NA,NA,NA,NA,NA
"1822","Q639082","Bedford Blues","rugby union club","1886-01-01T00:00:00Z",NA,NA,NA,"United Kingdom",NA,"Goldington Road",NA,NA,NA,NA
"1823","Q6395476","Kettering Rugby Football Club","rugby union team","1875-01-01T00:00:00Z",NA,NA,NA,"United Kingdom",NA,NA,NA,NA,NA,NA
"1824","Q639797","Hurricanes","rugby union franchise","1996-01-01T00:00:00Z",NA,NA,"New Zealand Rugby","New Zealand","Super Rugby","Wellington Regional Stadium","34500","Wellington",NA,NA
"1825","Q6398564","Keyworth Rugby Union Football Club","rugby union team","1976-01-01T00:00:00Z",NA,NA,NA,"United Kingdom",NA,NA,NA,NA,NA,NA
"1826","Q64027245","Rugby Clermont la Plaine","rugby union team","2008-01-01T00:00:00Z",NA,NA,NA,"France",NA,NA,NA,"Clermont-Ferrand",NA,"/g/11jl4086mw"
"1827","Q6403665","Kia Toa RFC","rugby union club",NA,NA,NA,NA,"New Zealand",NA,NA,NA,NA,NA,NA
"1828","Q6405071","Kidwelly RFC","rugby union team",NA,NA,NA,NA,"United Kingdom",NA,NA,NA,NA,NA,NA
"1829","Q6406835","Kilfeacle and District RFC","rugby union team",NA,NA,NA,NA,"Ireland",NA,NA,NA,NA,NA,NA
"1830","Q6407045","Kilkenny RFC","rugby union team","1886-01-01T00:00:00Z",NA,NA,NA,"Ireland",NA,NA,NA,NA,NA,NA
"1831","Q6407987","Kilmarnock RFC","rugby union team",NA,NA,NA,NA,"United Kingdom",NA,NA,NA,NA,NA,NA
"1832","Q6410891","King's College Hospital RFC","rugby union club","1869-01-01T00:00:00Z",NA,NA,NA,"United Kingdom",NA,NA,NA,NA,NA,NA
"1833","Q6410899","King's College London Rugby Football Club","rugby union team","1869-01-01T00:00:00Z",NA,NA,NA,"United Kingdom",NA,NA,NA,NA,NA,NA
"1834","Q6412901","Kings Cross Steelers","rugby union team",NA,NA,NA,NA,"United Kingdom",NA,NA,NA,NA,NA,NA
"1835","Q6412970","Kings Norton RFC","rugby union team","1923-01-01T00:00:00Z",NA,NA,NA,"United Kingdom",NA,NA,NA,NA,NA,NA
"1836","Q6414242","Kinsale RFC","rugby union team","1982-01-01T00:00:00Z",NA,NA,NA,"Ireland",NA,NA,NA,NA,NA,NA
"1837","Q6415617","Kirkcaldy RFC","rugby union team","1873-01-01T00:00:00Z",NA,NA,NA,"United Kingdom",NA,NA,NA,NA,NA,NA
"1838","Q6430720","RC Valencia","rugby union team","1966-01-01T00:00:00Z",NA,NA,"Spanish Rugby Federation","Spain","División de Honor B de Rugby","Quatre Carreres",NA,"Valencia",NA,NA
"1839","Q6435992","Kraljevski Beogradski Ragbi Klub","rugby union team","2014-01-01T00:00:00Z",NA,NA,NA,"Serbia",NA,NA,NA,NA,NA,NA
"1840","Q6441306","Kubota Spears Funabashi Tokyo-Bay","rugby union club","1978-01-01T00:00:00Z",NA,NA,NA,"Japan","Japan Rugby League One","Edogawa Stadium",NA,"Funabashi",NA,NA
"1841","Q646070","Argentina national rugby union team","national rugby union team","1910-06-12T00:00:00Z",NA,"los Pumas",NA,"Argentina",NA,"José Amalfitani Stadium",NA,NA,NA,NA
"1842","Q64816584","US Issoire","rugby union team","1910-11-01T00:00:00Z",NA,NA,NA,"France",NA,NA,NA,"Issoire",NA,"/g/11hy_56hgr"
"1843","Q6482414","Lampeter Town RFC","rugby union team","1875-01-01T00:00:00Z",NA,NA,NA,"United Kingdom",NA,NA,NA,NA,NA,NA
"1844","Q6485379","Lane Cove Rugby","rugby union club","1949-01-01T00:00:00Z",NA,NA,NA,"Australia",NA,NA,NA,NA,NA,NA
"1845","Q6486096","Langholm RFC","rugby union team","1871-01-01T00:00:00Z",NA,NA,NA,"United Kingdom",NA,NA,NA,NA,NA,NA
"1846","Q6494082","Lasswade RFC","rugby union team",NA,NA,NA,NA,"United Kingdom",NA,NA,NA,NA,NA,NA
"1847","Q6498361","Launceston RUFC","rugby union team","1948-01-01T00:00:00Z",NA,NA,NA,"United Kingdom",NA,NA,NA,NA,NA,NA
"1848","Q65018297","Q65018297","rugby union team",NA,NA,NA,NA,"France",NA,NA,NA,"Villard-Bonnot",NA,"/g/11h4g00g0_"
"1849","Q6501981","Lausanne Football Club","rugby union team","1867-01-01T00:00:00Z",NA,NA,NA,"United Kingdom",NA,NA,NA,NA,NA,NA
"1850","Q6503040","Law FC","rugby union team","1870-01-01T00:00:00Z",NA,NA,NA,"United Kingdom",NA,NA,NA,NA,NA,NA
"1851","Q65041384","Caithness RFC","rugby union club",NA,NA,NA,NA,"United Kingdom",NA,NA,NA,NA,NA,"/g/11h1mjdgjh"
"1852","Q65042938","Milwaukee Barbarians","rugby union club",NA,NA,NA,NA,"United States of America",NA,NA,NA,NA,NA,"/g/11hy9tr1g3"
"1853","Q65043244","Drumchapel RFC","rugby union team",NA,NA,NA,NA,"United Kingdom",NA,NA,NA,NA,NA,"/g/11h7nbgrcc"
"1854","Q65043339","Blackburn RUFC","rugby union club",NA,NA,NA,NA,"United Kingdom",NA,NA,NA,NA,NA,"/g/11h3sn59q1"
"1855","Q65043343","Carlisle RFC","rugby union club",NA,NA,NA,NA,"United Kingdom",NA,NA,NA,NA,NA,"/g/11hy9tkyc9"
"1856","Q65043800","Paviors RFC","rugby union club",NA,NA,NA,NA,"United Kingdom",NA,NA,NA,NA,NA,"/g/11hy9tsp99"
"1857","Q65044750","Morpeth RFC","rugby union club",NA,NA,NA,NA,"United Kingdom",NA,NA,NA,NA,NA,"/g/11h3xbf_mq"
"1858","Q65045344","Sevenoaks RFC","rugby union club",NA,NA,NA,NA,"United Kingdom",NA,NA,NA,NA,NA,"/g/11h3_7_62h"
"1859","Q65045871","Scarborough RUFC","rugby union club",NA,NA,NA,NA,"United Kingdom",NA,NA,NA,NA,NA,"/g/11flrdjkqb"
"1860","Q65048033","Durham City RFC","rugby union club",NA,NA,NA,NA,"United Kingdom",NA,NA,NA,NA,NA,"/g/11flxwh1mx"
"1861","Q65048052","Stoke on Trent RUFC","rugby union club",NA,NA,NA,NA,"United Kingdom",NA,NA,NA,NA,NA,"/g/11flxwdxb1"
"1862","Q65048763","Sudbury RUFC","rugby union club",NA,NA,NA,NA,"United Kingdom",NA,NA,NA,NA,NA,"/g/11hyqzrfrt"
"1863","Q650503","Krasny Yar Krasnoyarsk","rugby union club","1969-01-01T00:00:00Z",NA,NA,NA,"Russia",NA,NA,NA,"Krasnoyarsk",NA,NA
"1864","Q65051741","High Wycombe RFC","rugby union club",NA,NA,NA,NA,"United Kingdom",NA,NA,NA,NA,NA,"/g/11h4cysr24"
"1865","Q65051787","Tabard RFC","rugby union club",NA,NA,NA,NA,"United Kingdom",NA,NA,NA,NA,NA,"/g/11hz0s8fgh"
"1866","Q65065461","St Boswells RFC","rugby union club",NA,NA,NA,NA,"United Kingdom",NA,NA,NA,NA,NA,"/g/11fkyzqsj2"
"1867","Q65067838","Hawick Trades","rugby union club",NA,NA,NA,NA,"United Kingdom",NA,NA,NA,NA,NA,"/g/11h1dnydm1"
"1868","Q65068100","Grangemouth Stags","rugby union club",NA,NA,NA,NA,"United Kingdom",NA,NA,NA,NA,NA,"/g/11h1fy_qhm"
"1869","Q65069044","Hillfoots RFC","rugby union club",NA,NA,NA,NA,"United Kingdom",NA,NA,NA,NA,NA,"/g/11h1hqwcxx"
"1870","Q65069403","Oban Lorne RFC","rugby union team","1962-01-01T00:00:00Z",NA,NA,"Scottish Rugby Union","United Kingdom",NA,NA,NA,"Oban",NA,"/g/11h1j31llg"
"1871","Q65070097","Strathmore RFC","rugby union club",NA,NA,NA,NA,"United Kingdom",NA,NA,NA,NA,NA,"/g/11h7b59mss"
"1872","Q65070825","Stornoway RFC","rugby union club",NA,NA,NA,NA,"United Kingdom",NA,NA,NA,NA,NA,"/g/11h1j_nfpl"
"1873","Q65070840","Shetland RFC","rugby union club",NA,NA,NA,NA,"United Kingdom",NA,NA,NA,NA,NA,"/g/11h1j_mmvb"
"1874","Q65071249","Orkney RFC","rugby union club",NA,NA,NA,NA,"United Kingdom",NA,NA,NA,NA,NA,"/g/11h7cpd1m1"
"1875","Q65089233","Corstorphine Cougars RFC","rugby union club","1950-01-01T00:00:00Z",NA,NA,NA,"United Kingdom",NA,NA,NA,NA,NA,"/g/11fkw7tj81"
"1876","Q65089239","Royal HSFP","rugby union team","1868-01-01T00:00:00Z","2003-01-01T00:00:00Z",NA,NA,"United Kingdom",NA,NA,NA,"Edinburgh",NA,"/g/11h6t_nb2n"
"1877","Q65117700","Winchester RFC","rugby union club",NA,NA,NA,NA,"United Kingdom",NA,NA,NA,NA,NA,NA
"1878","Q6516427","Leesbrook Rugby Football Club","rugby union team",NA,NA,NA,NA,"United Kingdom",NA,NA,NA,NA,NA,NA
"1879","Q65166931","Q65166931","rugby union team",NA,NA,NA,NA,"France",NA,NA,NA,"Condom",NA,"/g/11h0jd2r2n"
"1880","Q651731","Border Bulldogs","rugby union team","1891-01-01T00:00:00Z",NA,NA,"South African Rugby Union","South Africa","Currie Cup","Buffalo City Stadium","16000","East London",NA,NA
"1881","Q6519198","Leicester Lions RFC","rugby union club","1998-01-01T00:00:00Z",NA,NA,NA,"United Kingdom",NA,NA,NA,NA,NA,NA
"1882","Q6519742","Leighton Buzzard R.F.C.","rugby union team","1934-01-01T00:00:00Z",NA,NA,NA,"United Kingdom",NA,NA,NA,NA,NA,NA
"1883","Q6520395","Leith RFC","rugby union team",NA,NA,NA,NA,"United Kingdom",NA,NA,NA,NA,NA,NA
"1884","Q6522850","Lennox Football Club","rugby union team","1883-01-01T00:00:00Z",NA,NA,NA,"United Kingdom",NA,NA,NA,NA,NA,NA
"1885","Q65271278","Tokyo Sankyu Phoenix","rugby union team",NA,NA,NA,NA,"Japan",NA,NA,NA,NA,NA,"/g/11fk_8fh8r"
"1886","Q65295202","Q65295202","rugby union team",NA,NA,NA,NA,NA,NA,NA,NA,NA,NA,NA
"1887","Q65295409","Q65295409","rugby union team",NA,NA,NA,NA,NA,NA,NA,NA,NA,NA,NA
"1888","Q6533189","Letchworth Garden City rugby football club","rugby union team",NA,NA,NA,NA,"United Kingdom",NA,NA,NA,NA,NA,NA
"1889","Q6536140","Lewes Rugby Football Club","rugby union team",NA,NA,NA,NA,"United Kingdom",NA,NA,NA,NA,NA,NA
"1890","Q6543279","Lichfield Rugby Union Football Club","rugby union team","1874-01-01T00:00:00Z",NA,NA,NA,"United Kingdom",NA,NA,NA,NA,NA,NA
"1891","Q654755","Pontypridd RFC","rugby union team","1875-01-01T00:00:00Z",NA,NA,"Welsh Rugby Union","United Kingdom","Welsh Premier Division","Sardis Road","7861","Pontypridd",NA,NA
"1892","Q6548897","Limassol Crusaders","rugby union team",NA,NA,NA,NA,NA,NA,NA,NA,NA,NA,NA
"1893","Q6550823","Lincoln Lions","rugby union team",NA,NA,NA,NA,"United Kingdom",NA,NA,NA,NA,NA,NA
"1894","Q6552410","Lindenwood Lions men's rugby","rugby union team",NA,NA,NA,NA,"United States of America",NA,NA,NA,NA,NA,NA
"1895","Q6554475","Linlithgow RFC","rugby union team",NA,NA,NA,NA,"United Kingdom",NA,NA,NA,NA,NA,NA
"1896","Q6559031","Lismore RFC","rugby union team",NA,NA,NA,NA,"United Kingdom",NA,NA,NA,NA,NA,NA
"1897","Q65719214","Q65719214","rugby union team","1947-01-01T00:00:00Z",NA,NA,NA,"France",NA,"Q96210667",NA,"Drancy",NA,"/g/11fmhx2cnw"
"1898","Q657211","London Scottish F.C.","rugby union club","1878-01-01T00:00:00Z",NA,NA,NA,"United Kingdom",NA,NA,NA,NA,NA,NA
"1899","Q661552","AC Bobigny 93 Rugby","rugby union team","1965-01-01T00:00:00Z",NA,NA,NA,"France",NA,NA,NA,"Bobigny",NA,NA
"1900","Q66314447","Q66314447","rugby union team","1955-01-01T00:00:00Z",NA,NA,NA,"France",NA,NA,NA,"Noumea",NA,NA
"1901","Q663727","North Harbour Rugby Union","rugby union team","1985-01-01T00:00:00Z",NA,NA,NA,"New Zealand",NA,NA,NA,"Albany",NA,NA
"1902","Q6658676","Liversedge RFC","rugby union team","1877-01-01T00:00:00Z","1906-01-01T00:00:00Z",NA,NA,"United Kingdom",NA,"Whitcliffe; King George V playing field, Liversedge",NA,NA,NA,NA
"1903","Q6659677","Livingston RFC","rugby union team",NA,NA,NA,NA,"United Kingdom",NA,NA,NA,NA,NA,NA
"1904","Q6661133","Llandaff North RFC","rugby union team",NA,NA,NA,NA,"United Kingdom",NA,NA,NA,NA,NA,NA
"1905","Q6661135","Llandaff RFC","rugby union team","1876-01-01T00:00:00Z",NA,NA,NA,"Wales",NA,NA,NA,NA,NA,NA
"1906","Q6661192","Llandeilo RFC","rugby union team","1871-01-01T00:00:00Z",NA,NA,NA,"United Kingdom",NA,NA,NA,NA,NA,NA
"1907","Q6661259","Llandudno RFC","rugby union team","1952-01-01T00:00:00Z",NA,NA,NA,"United Kingdom",NA,NA,NA,NA,NA,NA
"1908","Q6661264","Llandybie RFC","rugby union team",NA,NA,NA,NA,"United Kingdom",NA,NA,NA,NA,NA,NA
"1909","Q6661293","Llanelli Wanderers RFC","rugby union team",NA,NA,NA,NA,"United Kingdom",NA,NA,NA,NA,NA,NA
"1910","Q6661447","Llangefni RFC","rugby union team","1972-01-01T00:00:00Z",NA,NA,NA,"United Kingdom",NA,NA,NA,NA,NA,NA
"1911","Q6661461","Llangennech RFC","rugby union team","1885-01-01T00:00:00Z",NA,"Bois y Llan",NA,"Wales; United Kingdom",NA,NA,NA,NA,NA,NA
"1912","Q6661599","Llanhilleth RFC","rugby union team","1894-01-01T00:00:00Z",NA,NA,NA,"United Kingdom",NA,NA,NA,NA,NA,NA
"1913","Q6661608","Llanidloes RFC","rugby union team",NA,NA,NA,NA,"United Kingdom",NA,NA,NA,NA,NA,NA
"1914","Q6661624","Llanishen RFC","rugby union team","1962-01-01T00:00:00Z",NA,NA,NA,"United Kingdom",NA,NA,NA,NA,NA,NA
"1915","Q6661803","Llantrisant RFC","rugby union team","1888-01-01T00:00:00Z",NA,NA,NA,"United Kingdom",NA,NA,NA,NA,NA,NA
"1916","Q6661812","Llantwit Fardre RFC","rugby union team","1946-01-01T00:00:00Z",NA,NA,NA,"United Kingdom",NA,NA,NA,NA,NA,NA
"1917","Q6662913","Llwynypia RFC","rugby union team","1891-01-01T00:00:00Z",NA,NA,NA,"Wales",NA,NA,NA,NA,NA,NA
"1918","Q6664959","Loch Lomond RFC","rugby union team",NA,NA,NA,NA,"United Kingdom",NA,NA,NA,NA,NA,NA
"1919","Q666510","Southland RFU","rugby union team","1887-01-01T00:00:00Z",NA,NA,NA,"New Zealand",NA,"Rugby Park Stadium",NA,"Invercargill",NA,NA
"1920","Q6668737","Lokomotiv RFC","rugby union team",NA,NA,NA,NA,"Bulgaria",NA,NA,NA,NA,NA,NA
"1921","Q666949","Mongolia national rugby union team","national rugby union team",NA,NA,NA,NA,"Mongolia",NA,NA,NA,NA,NA,NA
"1922","Q6670288","London Cornish Rugby Football Club","rugby union team","1962-01-01T00:00:00Z",NA,NA,NA,"United Kingdom",NA,NA,NA,NA,NA,NA
"1923","Q6673838","Longford RFC","rugby union team","1921-01-01T00:00:00Z",NA,NA,NA,"Ireland",NA,NA,NA,NA,NA,NA
"1924","Q6674363","Longton Rugby Club","rugby union team",NA,NA,NA,NA,"United Kingdom",NA,NA,NA,NA,NA,NA
"1925","Q667932","Otago RFU","rugby union team","1881-01-01T00:00:00Z",NA,NA,NA,"New Zealand",NA,"Forsyth Barr Stadium",NA,"Dunedin",NA,NA
"1926","Q6682316","Los Angeles Rebellion","rugby union team","2001-01-01T00:00:00Z",NA,NA,NA,"United States of America",NA,NA,NA,NA,NA,NA
"1927","Q6686168","Loughborough RFC","rugby union team","1891-01-01T00:00:00Z",NA,NA,NA,"United Kingdom",NA,NA,NA,NA,NA,NA
"1928","Q6686175","Loughborough Students RUFC","rugby union team","1919-01-01T00:00:00Z",NA,NA,NA,"United Kingdom",NA,NA,NA,NA,NA,NA
"1929","Q6686228","Loughor RFC","rugby union team","1882-01-01T00:00:00Z",NA,NA,NA,"United Kingdom",NA,NA,NA,NA,NA,NA
"1930","Q670755","Switzerland national rugby union team","national rugby union team","1973-04-11T00:00:00Z",NA,"Le XV de l'edelweiss",NA,"Switzerland",NA,NA,NA,NA,NA,NA
"1931","Q6707732","Lydney RFC","rugby union team","1888-01-01T00:00:00Z",NA,NA,NA,"United Kingdom",NA,NA,NA,NA,NA,NA
"1932","Q6708205","Lymm RFC","rugby union team","1960-01-01T00:00:00Z",NA,NA,NA,"United Kingdom",NA,NA,NA,NA,NA,NA
"1933","Q67087991","Lokomotiv Penza","rugby union club",NA,NA,NA,NA,"Russia",NA,"Q106786479",NA,NA,NA,"/g/11hzv3kqm0"
"1934","Q67200317","Q67200317","rugby union team","1920-04-01T00:00:00Z",NA,NA,NA,"France",NA,NA,NA,"Mimizan",NA,"/g/11h56jbxf3"
"1935","Q6722862","Maccabi RFC","rugby union club","1969-01-01T00:00:00Z",NA,NA,NA,"Australia",NA,NA,NA,"Bondi Beach",NA,NA
"1936","Q6722935","Macclesfield R.U.F.C.","rugby union team","1877-01-01T00:00:00Z",NA,NA,NA,"United Kingdom","National League 2 North",NA,NA,NA,NA,NA
"1937","Q6723487","Machen RFC","rugby union team",NA,NA,NA,NA,"United Kingdom",NA,NA,NA,NA,NA,NA
"1938","Q6728475","Madras College FP RFC","rugby union team",NA,NA,NA,NA,"United Kingdom",NA,NA,NA,NA,NA,NA
"1939","Q6729310","Maesteg Celtic RFC","rugby union team",NA,NA,NA,NA,"United Kingdom",NA,NA,NA,NA,NA,NA
"1940","Q6729311","Maesteg Harlequins RFC","rugby union team",NA,NA,NA,NA,"United Kingdom",NA,NA,NA,NA,NA,NA
"1941","Q6735439","Maidenhead RFC","rugby union team","1922-01-01T00:00:00Z",NA,NA,NA,"United Kingdom",NA,NA,NA,NA,NA,NA
"1942","Q6735518","Maidstone FC","rugby union team","1880-01-01T00:00:00Z",NA,NA,NA,"United Kingdom",NA,NA,NA,NA,NA,NA
"1943","Q6741072","Malahide RFC","rugby union team","1922-01-01T00:00:00Z",NA,NA,NA,"Ireland",NA,NA,NA,NA,NA,NA
"1944","Q6745084","Malvern RFC","rugby union team","1934-01-01T00:00:00Z",NA,NA,NA,"United Kingdom",NA,NA,NA,NA,NA,NA
"1945","Q674994","Macau national rugby union team","national rugby union team",NA,NA,NA,NA,"Macau",NA,NA,NA,NA,NA,NA
"1946","Q6751679","Mansfield Rugby Club","rugby union team","1956-01-01T00:00:00Z",NA,NA,NA,"United Kingdom",NA,NA,NA,NA,NA,NA
"1947","Q675305","Exeter Chiefs","rugby union club","1871-01-01T00:00:00Z",NA,"the Chiefs","Rugby Football Union","United Kingdom","Premiership Rugby","Sandy Park","10744","Exeter","exeter",NA
"1948","Q675856","Cyprus national rugby union team","national rugby union team","2007-03-24T00:00:00Z",NA,"Τα Αγρινά",NA,"Cyprus",NA,NA,NA,NA,NA,NA
"1949","Q6765660","Marist Brothers Old Boys RFC","rugby union team","1908-01-01T00:00:00Z",NA,NA,NA,"New Zealand",NA,NA,NA,NA,NA,NA
"1950","Q6771676","Marlborough Nomads","rugby union team","1868-01-01T00:00:00Z",NA,NA,NA,"United Kingdom",NA,NA,NA,NA,NA,NA
"1951","Q6772766","Marr RFC","rugby union club",NA,NA,NA,NA,"United Kingdom",NA,NA,NA,"Troon",NA,NA
"1952","Q6773260","Marseille Provence XV","rugby union team","2000-01-01T00:00:00Z",NA,NA,NA,"France",NA,NA,NA,"Marseille",NA,NA
"1953","Q67912841","Lochaber RFC","rugby union team",NA,NA,NA,NA,"United Kingdom",NA,NA,NA,NA,NA,"/g/11fm_474sv"
"1954","Q67913273","Helensburgh RFC","rugby union team",NA,NA,NA,NA,"United Kingdom",NA,NA,NA,NA,NA,"/g/11h4zr1nbw"
"1955","Q67913274","Cowal RFC","rugby union team",NA,NA,NA,NA,"United Kingdom",NA,NA,NA,NA,NA,"/g/11hztsdy8h"
"1956","Q67913290","Hawick and Wilton RFC","rugby union team",NA,NA,NA,NA,"United Kingdom",NA,NA,NA,NA,NA,"/g/11hzcy9_tz"
"1957","Q67913309","Alloa RFC","rugby union team","1931-01-01T00:00:00Z",NA,NA,NA,"United Kingdom",NA,NA,NA,NA,NA,"/g/11hzlfkm26"
"1958","Q67913328","Stewartry RFC","rugby union team",NA,NA,NA,NA,"United Kingdom",NA,NA,NA,NA,NA,"/g/11h4ylnfv4"
"1959","Q67913330","Wigtownshire RFC","rugby union team",NA,NA,NA,NA,"United Kingdom",NA,NA,NA,NA,NA,NA
"1960","Q6806628","Medicals RFC","rugby union team","1898-01-01T00:00:00Z",NA,NA,NA,"United Kingdom",NA,NA,NA,NA,NA,NA
"1961","Q6807390","Medvék RK","rugby union team","2003-01-01T00:00:00Z",NA,NA,NA,"Hungary",NA,NA,NA,NA,NA,NA
"1962","Q6811862","Melbourne Rugby Football Club","rugby union team","1982-01-01T00:00:00Z",NA,NA,NA,"United Kingdom",NA,NA,NA,NA,NA,NA
"1963","Q6818468","Merchistonian FC","rugby union team",NA,NA,NA,NA,"United Kingdom",NA,NA,NA,NA,NA,NA
"1964","Q6820679","Merthyr RFC","rugby union team","1876-01-01T00:00:00Z",NA,NA,NA,"United Kingdom",NA,NA,NA,NA,NA,NA
"1965","Q6827480","Miami Women's Rugby Club","rugby union team","1999-01-01T00:00:00Z",NA,NA,NA,"United States of America",NA,NA,NA,NA,NA,NA
"1966","Q68375523","Lanark RFC","rugby union team",NA,NA,NA,NA,"United Kingdom",NA,NA,NA,NA,NA,"/g/11fm_4jjgj"
"1967","Q68376322","Bishopton RFC","rugby union team",NA,NA,NA,NA,"United Kingdom",NA,NA,NA,NA,NA,"/g/11h51zwc12"
"1968","Q68376692","Waysiders Drumpellier","rugby union team",NA,NA,NA,NA,"United Kingdom",NA,NA,NA,NA,NA,"/g/11hzslmhhp"
"1969","Q68377166","Birkmyre RFC","rugby union team",NA,NA,NA,NA,"United Kingdom",NA,NA,NA,NA,NA,"/g/11fmvkjsxq"
"1970","Q68377625","Lenzie RFC","rugby union team",NA,NA,NA,NA,"United Kingdom",NA,NA,NA,NA,NA,"/g/11hzl27z_t"
"1971","Q68377627","Clydebank RFC","rugby union team",NA,NA,NA,NA,"United Kingdom",NA,NA,NA,NA,NA,"/g/11hzlhvsdq"
"1972","Q68377636","Allan Glen's RFC","rugby union team",NA,NA,NA,NA,"United Kingdom",NA,NA,NA,NA,NA,"/g/11fmrqmqw1"
"1973","Q68377641","Hyndland RFC","rugby union team",NA,NA,NA,NA,"United Kingdom",NA,NA,NA,NA,NA,"/g/11hzy8ptw9"
"1974","Q68377644","Cartha RFC","rugby union team",NA,NA,NA,NA,"United Kingdom",NA,NA,NA,NA,NA,"/g/11hzy8n8pl"
"1975","Q68377650","Queens Park F.P.","rugby union team",NA,NA,NA,NA,"United Kingdom",NA,NA,NA,NA,NA,"/g/11fmzt9b7t"
"1976","Q6840934","Mid Canterbury Rugby Football Union","rugby union club","1904-01-01T00:00:00Z",NA,NA,NA,"New Zealand",NA,NA,NA,NA,NA,NA
"1977","Q6841755","Middlebury College Rugby Club","rugby union club","1972-01-01T00:00:00Z",NA,NA,NA,"United States of America",NA,NA,NA,"Middlebury",NA,NA
"1978","Q6841859","Middlesbrough RUFC","rugby union team","1872-01-01T00:00:00Z",NA,NA,NA,"United Kingdom",NA,NA,NA,NA,NA,NA
"1979","Q6844162","Mighty Minnows","rugby union team",NA,NA,NA,NA,"United Kingdom",NA,NA,NA,NA,NA,NA
"1980","Q684546","Armenia national rugby union team","national rugby union team",NA,NA,NA,NA,"Armenia",NA,NA,NA,NA,NA,NA
"1981","Q6860130","Millwall Rugby Club","rugby union team","1995-01-01T00:00:00Z",NA,NA,NA,"United Kingdom",NA,NA,NA,NA,NA,NA
"1982","Q686057","Rotherham R.U.F.C.","rugby union club","1923-01-01T00:00:00Z",NA,NA,NA,"United Kingdom",NA,NA,NA,NA,NA,NA
"1983","Q6868001","Minneapolis Mayhem","rugby union team",NA,NA,NA,NA,"United States of America",NA,NA,NA,NA,NA,NA
"1984","Q6883038","Mitsubishi Sagamihara DynaBoars","rugby union team","1981-01-01T00:00:00Z",NA,NA,NA,"Japan","Japan Rugby League One","Sagamihara Gion Stadium",NA,NA,NA,NA
"1985","Q6890346","Moffat RFC","rugby union team","1994-01-01T00:00:00Z",NA,NA,NA,"United Kingdom",NA,NA,NA,NA,NA,NA
"1986","Q6894166","Mohicans Football Club","rugby union team","1869-01-01T00:00:00Z",NA,NA,NA,"United Kingdom",NA,NA,NA,NA,NA,NA
"1987","Q6895736","Mold RFC","rugby union team",NA,NA,NA,NA,"United Kingdom",NA,NA,NA,NA,NA,NA
"1988","Q6900983","Monkstown Football Club","rugby union team","1883-01-01T00:00:00Z",NA,NA,NA,"Ireland",NA,NA,NA,NA,NA,NA
"1989","Q6901107","Monmouth RFC","rugby union team",NA,NA,NA,NA,"United Kingdom",NA,NA,NA,"Monmouth; Druid's Head Inn",NA,NA
"1990","Q6901115","Monmouth Rugby Club","rugby union team","1973-01-01T00:00:00Z",NA,NA,NA,"United States of America",NA,NA,NA,NA,NA,NA
"1991","Q6906248","Montreal Barbarians","rugby union team",NA,NA,NA,NA,"Canada",NA,NA,NA,NA,NA,NA
"1992","Q6911569","Morgan Academy RFC","rugby union team",NA,NA,NA,NA,"United Kingdom",NA,NA,NA,NA,NA,NA
"1993","Q6912548","Morley R.F.C.","rugby union team","1878-01-01T00:00:00Z",NA,NA,NA,"United Kingdom",NA,NA,NA,NA,NA,NA
"1994","Q6914101","Morriston RFC","rugby union team","1876-01-01T00:00:00Z",NA,NA,NA,"United Kingdom",NA,NA,NA,NA,NA,NA
"1995","Q692299","Ordizia RE","rugby union club","1973-01-01T00:00:00Z",NA,NA,NA,"Spain",NA,NA,NA,NA,NA,NA
"1996","Q6924868","Mountain Ash RFC","rugby union team","1875-01-01T00:00:00Z",NA,NA,NA,"United Kingdom",NA,NA,NA,NA,NA,NA
"1997","Q6925828","Mounts Bay RFC","rugby union team","1999-01-01T00:00:00Z",NA,NA,NA,"United Kingdom",NA,NA,NA,NA,NA,NA
"1998","Q6935358","Mumbles RFC","rugby union team","1887-01-01T00:00:00Z",NA,NA,NA,"United Kingdom",NA,NA,NA,NA,NA,NA
"1999","Q6939543","Murrayfield Wanderers RFC","rugby union team",NA,NA,NA,NA,"United Kingdom",NA,NA,NA,NA,NA,NA
"2000","Q6943105","Musselburgh RFC","rugby union club",NA,NA,NA,NA,"United Kingdom",NA,NA,NA,NA,NA,NA
"2001","Q695374","Germany national rugby union team","national rugby union team","1927-04-17T00:00:00Z",NA,"Schwarze Adler",NA,"Germany",NA,NA,NA,NA,NA,NA
"2002","Q6955480","NTNUI Rugby","rugby union team",NA,NA,NA,NA,NA,NA,NA,NA,NA,NA,NA
"2003","Q6956670","Naas RFC","rugby union team","1922-01-01T00:00:00Z",NA,NA,NA,"Ireland",NA,NA,NA,NA,NA,NA
"2004","Q6964269","Nant Conwy RFC","rugby union team","1980-01-01T00:00:00Z",NA,NA,NA,"United Kingdom",NA,NA,NA,NA,NA,NA
"2005","Q6964396","Nantyffyllon RFC","rugby union team",NA,NA,NA,NA,"United Kingdom",NA,NA,NA,NA,NA,NA
"2006","Q6964397","Nantyglo RFC","rugby union team",NA,NA,NA,NA,"United Kingdom",NA,NA,NA,NA,NA,NA
"2007","Q6964402","Nantymoel RFC","rugby union team",NA,NA,NA,NA,"United Kingdom",NA,NA,NA,NA,NA,NA
"2008","Q6965587","Narberth RFC","rugby union team","1882-01-01T00:00:00Z",NA,NA,NA,"United Kingdom",NA,NA,NA,NA,NA,NA
"2009","Q6966973","Nashville Grizzlies RFC","rugby union team",NA,NA,NA,NA,"United States of America",NA,NA,NA,NA,NA,NA
"2010","Q6982078","Navan R.F.C.","rugby union team",NA,NA,NA,NA,"Ireland",NA,NA,NA,NA,NA,NA
"2011","Q6990701","Nelson RFC","rugby union team","1934-01-01T00:00:00Z",NA,NA,NA,"United Kingdom",NA,NA,NA,NA,NA,NA
"2012","Q7005690","New Brighton FC","rugby union club","1875-01-01T00:00:00Z",NA,NA,NA,"United Kingdom",NA,NA,NA,"Moreton",NA,NA
"2013","Q7011348","New Ross RFC","rugby union team","1970-01-01T00:00:00Z",NA,NA,NA,"Ireland",NA,NA,NA,NA,NA,NA
"2014","Q7012158","New Tredegar RFC","rugby union team","1977-01-01T00:00:00Z",NA,NA,NA,"United Kingdom",NA,NA,NA,NA,NA,NA
"2015","Q7015235","New Zealand Barbarians","rugby union club","1937-01-01T00:00:00Z",NA,NA,NA,"New Zealand",NA,NA,NA,"Kingsland",NA,NA
"2016","Q7015419","New Zealand Heartland XV","national rugby union team",NA,NA,NA,NA,"New Zealand",NA,NA,NA,NA,NA,NA
"2017","Q7016264","New Zealand national under-19 rugby union team","national rugby union team",NA,NA,NA,NA,"New Zealand",NA,NA,NA,NA,NA,NA
"2018","Q7016267","New Zealand national under-21 rugby union team","national rugby union team",NA,NA,NA,NA,"New Zealand",NA,NA,NA,NA,NA,NA
"2019","Q7016275","New Zealand national under-20 rugby union team","national rugby union team",NA,NA,NA,NA,"New Zealand",NA,NA,NA,NA,NA,NA
"2020","Q7017241","Newbury R.F.C.","rugby union team","1928-01-01T00:00:00Z",NA,NA,NA,"United Kingdom",NA,NA,NA,NA,NA,NA
"2021","Q7017409","Newcastle Emlyn RFC","rugby union team","1977-01-01T00:00:00Z",NA,NA,NA,"United Kingdom",NA,NA,NA,NA,NA,NA
"2022","Q7017465","Newcastle Ravens","rugby union team",NA,NA,NA,NA,"United Kingdom",NA,NA,NA,NA,NA,NA
"2023","Q7018743","Newport Salop RUFC","rugby union team","1871-01-01T00:00:00Z",NA,NA,NA,"United Kingdom",NA,NA,NA,NA,NA,NA
"2024","Q7018861","Newport HSOB RFC","rugby union team","1923-01-01T00:00:00Z",NA,NA,NA,"United Kingdom",NA,NA,NA,NA,NA,NA
"2025","Q7019141","Newry RFC","rugby union team",NA,NA,NA,NA,"United Kingdom",NA,NA,NA,NA,NA,NA
"2026","Q7020130","Newton Abbot RFC","rugby union team","1873-01-01T00:00:00Z",NA,NA,NA,"United Kingdom",NA,NA,NA,NA,NA,NA
"2027","Q70243155","RC CSKA Moscow","rugby union club",NA,NA,NA,NA,"Russia",NA,NA,NA,"Moscow",NA,"/g/11fzsd8qp5"
"2028","Q7048435","Nomads RFC","rugby union team",NA,NA,NA,NA,"United Kingdom",NA,NA,NA,NA,NA,NA
"2029","Q7055143","North Dorset Rugby Football Club","rugby union team",NA,NA,NA,NA,"United Kingdom",NA,NA,NA,NA,NA,NA
"2030","Q7055788","North Kildare RFC","rugby union team","1928-01-01T00:00:00Z",NA,NA,NA,"Ireland",NA,NA,NA,NA,NA,NA
"2031","Q7056038","North Manchester Rugby Club","rugby union team","1921-01-01T00:00:00Z",NA,NA,NA,"United Kingdom",NA,NA,NA,NA,NA,NA
"2032","Q7056065","North Meath RFC","rugby union team","2007-01-01T00:00:00Z",NA,NA,NA,"Ireland",NA,NA,NA,NA,NA,NA
"2033","Q7056706","North Shore Rugby Football Club","rugby union team","1873-01-01T00:00:00Z",NA,NA,NA,"New Zealand",NA,NA,NA,NA,NA,NA
"2034","Q7057178","North Walsham R.F.C.","rugby union team","1962-01-01T00:00:00Z",NA,NA,NA,"United Kingdom",NA,NA,NA,NA,NA,NA
"2035","Q7057523","North of Ireland F.C.","rugby union team","1868-01-01T00:00:00Z",NA,NA,NA,"Ireland",NA,NA,NA,NA,NA,NA
"2036","Q7058067","Northeastern University Rugby Club","rugby union team","1984-01-01T00:00:00Z",NA,NA,NA,"United States of America",NA,NA,NA,"Brookline",NA,NA
"2037","Q7058351","Northern Football Club","rugby union club","1875-01-01T00:00:00Z",NA,NA,NA,"United Kingdom",NA,NA,NA,NA,NA,NA
"2038","Q7059592","Northolt Rugby Football Club","rugby union team",NA,NA,NA,NA,"United Kingdom",NA,NA,NA,NA,NA,NA
"2039","Q7063469","Notre Dame Rugby Football Club","rugby union team","1961-01-01T00:00:00Z",NA,NA,NA,"United States of America",NA,NA,NA,NA,NA,NA
"2040","Q7063672","Nottingham Moderns R.F.C","rugby union team",NA,NA,NA,NA,"United Kingdom",NA,NA,NA,NA,NA,NA
"2041","Q7069804","Nuneaton RFC","rugby union club","1879-01-01T00:00:00Z",NA,NA,NA,"United Kingdom",NA,NA,NA,NA,NA,NA
"2042","Q7073813","Oakdale RFC","rugby union team",NA,NA,NA,NA,"United Kingdom",NA,NA,NA,NA,NA,NA
"2043","Q7074227","Oakthorpe Invitational","rugby union team",NA,NA,NA,NA,"United Kingdom",NA,NA,NA,NA,NA,NA
"2044","Q7083374","Old Albanian RFC","rugby union team","1924-01-01T00:00:00Z",NA,NA,NA,"United Kingdom",NA,NA,NA,NA,NA,NA
"2045","Q7083494","Old Blues RFC","rugby union team",NA,NA,NA,NA,"United Kingdom",NA,NA,NA,NA,NA,NA
"2046","Q7083546","Old Brodleians","rugby union team","1930-01-01T00:00:00Z",NA,NA,NA,"United Kingdom",NA,NA,NA,NA,NA,NA
"2047","Q7083657","Old Christians Club","rugby union club","1692-12-01T00:00:00Z",NA,NA,NA,"Uruguay",NA,NA,NA,NA,NA,NA
"2048","Q7083906","Old Elthamians","rugby union team","1911-01-01T00:00:00Z",NA,NA,NA,"United Kingdom",NA,NA,NA,NA,NA,NA
"2049","Q7084108","Old Gold Rugby","rugby union club","1974-01-01T00:00:00Z",NA,NA,NA,"United States of America",NA,NA,NA,NA,NA,NA
"2050","Q7084263","Old Illtydians RFC","rugby union team","1928-01-01T00:00:00Z",NA,NA,NA,"United Kingdom",NA,NA,NA,NA,NA,NA
"2051","Q7084508","Old Merchant Taylors' FC","rugby union team","1882-01-01T00:00:00Z",NA,NA,NA,"United Kingdom",NA,NA,NA,NA,NA,NA
"2052","Q7084641","Old Northamptonians RFC","rugby union team","1923-01-01T00:00:00Z",NA,NA,NA,"United Kingdom",NA,NA,NA,NA,NA,NA
"2053","Q7084707","Old Patesians R.F.C.","rugby union team","1913-01-01T00:00:00Z",NA,NA,NA,"United Kingdom",NA,NA,NA,NA,NA,NA
"2054","Q7084711","Old Penarthians RFC","rugby union team","1923-01-01T00:00:00Z",NA,NA,NA,"United Kingdom",NA,NA,NA,NA,NA,NA
"2055","Q7084827","Old Redcliffians","rugby union team","1918-01-01T00:00:00Z",NA,NA,NA,"United Kingdom",NA,NA,NA,NA,NA,NA
"2056","Q7085172","Old Swinford Hospital RFC","rugby union club",NA,NA,NA,NA,"United Kingdom",NA,NA,NA,NA,NA,NA
"2057","Q7085412","Old Wheatleyans RFC","rugby union team","1928-01-01T00:00:00Z",NA,NA,NA,"United Kingdom",NA,NA,NA,NA,NA,NA
"2058","Q7088456","Olney RFC","rugby union team",NA,NA,NA,NA,"United Kingdom",NA,NA,NA,NA,NA,NA
"2059","Q7089195","Olympique Marcquois Rugby","rugby union team",NA,NA,NA,NA,"France",NA,NA,NA,"Marcq-en-Barœul",NA,NA
"2060","Q7089249","Olympus Rugby XV Madrid","rugby union team","2009-01-01T00:00:00Z",NA,NA,NA,"Spain",NA,NA,NA,NA,NA,NA
"2061","Q7107044","Oslo RK","rugby union team","1964-01-01T00:00:00Z",NA,NA,NA,"Norway",NA,NA,NA,NA,NA,NA
"2062","Q7113927","Overseas RUFC","rugby union team","1946-01-01T00:00:00Z",NA,NA,NA,NA,NA,NA,NA,NA,NA,NA
"2063","Q7113937","Overseas Unions rugby union team","national rugby union team",NA,NA,NA,NA,"United Kingdom",NA,NA,NA,NA,NA,NA
"2064","Q7115345","Oxford Harlequins Rugby Football Club","rugby union team","1996-01-01T00:00:00Z",NA,NA,NA,"United Kingdom",NA,NA,NA,NA,NA,NA
"2065","Q7125194","Paisley RFC","rugby union team",NA,NA,NA,NA,"United Kingdom",NA,NA,NA,NA,NA,NA
"2066","Q7132791","Paphos Tigers","rugby union team",NA,NA,NA,NA,NA,NA,NA,NA,NA,NA,NA
"2067","Q7138616","Parkmore RFC","rugby union team","1907-01-01T00:00:00Z",NA,NA,NA,"Ireland",NA,NA,NA,NA,NA,NA
"2068","Q714402","Chinese Taipei national rugby union team","national rugby union team","1969-03-14T00:00:00Z",NA,NA,NA,"Taiwan",NA,NA,NA,NA,NA,NA
"2069","Q7161953","Pembroke Dock Harlequins RFC","rugby union team",NA,NA,NA,NA,"United Kingdom",NA,NA,NA,NA,NA,NA
"2070","Q7161970","Pembroke RFC","rugby union team",NA,NA,NA,NA,"United Kingdom",NA,NA,NA,NA,NA,NA
"2071","Q7162165","Penallta RFC","rugby union team","1952-01-01T00:00:00Z",NA,NA,NA,"United Kingdom",NA,NA,NA,NA,NA,NA
"2072","Q7162346","Penclawdd RFC","rugby union team","1888-01-01T00:00:00Z",NA,NA,NA,"United Kingdom",NA,NA,NA,NA,NA,NA
"2073","Q7162349","Pencoed RFC","rugby union team","1888-01-01T00:00:00Z",NA,NA,NA,"United Kingdom",NA,NA,NA,NA,NA,NA
"2074","Q7162872","Penicuik RFC","rugby union team",NA,NA,NA,NA,"United Kingdom",NA,NA,NA,NA,NA,NA
"2075","Q7164613","Penrith RUFC","rugby union team","1881-01-01T00:00:00Z",NA,NA,NA,"United Kingdom",NA,NA,NA,NA,NA,NA
"2076","Q7165335","Pentyrch RFC","rugby union team","1882-01-01T00:00:00Z",NA,NA,NA,"United Kingdom",NA,NA,NA,NA,NA,NA
"2077","Q7165410","Penygraig RFC","rugby union team","1877-01-01T00:00:00Z",NA,NA,NA,"United Kingdom",NA,NA,NA,NA,NA,NA
"2078","Q7170932","Perthshire RFC","rugby union team","1868-01-01T00:00:00Z",NA,NA,NA,"United Kingdom",NA,NA,NA,NA,NA,NA
"2079","Q7194094","Pill Harriers RFC","rugby union team","1880-01-01T00:00:00Z",NA,NA,NA,"United Kingdom",NA,NA,NA,NA,NA,NA
"2080","Q7228068","Pontardawe RFC","rugby union club",NA,NA,NA,NA,"United Kingdom",NA,NA,NA,NA,NA,NA
"2081","Q7232191","Portobello RFC","rugby union club",NA,NA,NA,NA,"United Kingdom",NA,NA,NA,NA,NA,NA
"2082","Q7241893","Preston Grasshoppers R.F.C.","rugby union team","1869-09-28T00:00:00Z",NA,NA,NA,"United Kingdom",NA,NA,NA,"Preston",NA,NA
"2083","Q7241930","Preston Lodge RFC","rugby union club",NA,NA,NA,NA,"United Kingdom",NA,NA,NA,NA,NA,NA
"2084","Q7245002","Princeton Rugby","rugby union club","1876-01-01T00:00:00Z",NA,NA,NA,"United States of America","Ivy Rugby Conference",NA,NA,NA,NA,NA
"2085","Q7262777","Pwllheli RFC","rugby union team","1972-01-01T00:00:00Z",NA,NA,NA,NA,NA,NA,NA,NA,NA,NA
"2086","Q7269730","Queanbeyan Whites","rugby union team","1954-01-01T00:00:00Z",NA,NA,NA,"Australia",NA,NA,NA,NA,NA,NA
"2087","Q7270137","Queen's University RFC","rugby union team","1869-01-01T00:00:00Z",NA,NA,NA,"United Kingdom",NA,NA,NA,NA,NA,NA
"2088","Q7276157","RC Aia","rugby union team",NA,NA,NA,NA,"Georgia",NA,"Aia Arena",NA,"Kutaisi",NA,"/g/11gdgrqj90"
"2089","Q7276158","RC Antares","rugby union club",NA,NA,NA,NA,NA,NA,NA,NA,NA,NA,NA
"2090","Q7276161","RC Aviator","rugby union club","1963-01-01T00:00:00Z",NA,NA,NA,"Ukraine","Q11221912","Spartak Stadium, Kyiv",NA,"Kyiv",NA,NA
"2091","Q7276169","RC Epokha-Polytechnic","rugby union club","1962-01-01T00:00:00Z",NA,NA,NA,"Ukraine",NA,NA,NA,"Kyiv",NA,NA
"2092","Q7276185","RC Olymp","rugby union club","1989-01-01T00:00:00Z",NA,NA,NA,NA,NA,NA,NA,"Kharkiv",NA,NA
"2093","Q7276187","RC Polytechnic","rugby union club","1965-01-01T00:00:00Z",NA,NA,NA,NA,NA,NA,NA,NA,NA,NA
"2094","Q7276196","RC Rivne","rugby union team","1999-01-01T00:00:00Z",NA,NA,NA,"Ukraine",NA,NA,NA,"Rivne",NA,NA
"2095","Q7276197","RC Roland","rugby union team",NA,NA,NA,NA,"Ukraine",NA,NA,NA,"Ivano-Frankivsk",NA,NA
"2096","Q7276641","RGC 1404","rugby union team","2008-01-01T00:00:00Z",NA,NA,"Welsh Rugby Union","United Kingdom",NA,NA,NA,NA,NA,NA
"2097","Q7276915","RK Nada","rugby union team","1959-02-23T00:00:00Z",NA,NA,NA,"Croatia",NA,NA,NA,NA,NA,NA
"2098","Q7282829","Ragbi Klub Crvena Zvezda","rugby union team",NA,NA,NA,NA,"Serbia",NA,NA,NA,NA,NA,NA
"2099","Q7300463","Reading Abbey R.F.C.","rugby union club",NA,NA,NA,NA,"United Kingdom",NA,NA,NA,NA,NA,NA
"2100","Q7300545","Reading R.F.C.","rugby union team","1898-01-01T00:00:00Z",NA,NA,NA,"United Kingdom",NA,NA,NA,NA,NA,NA
"2101","Q7305944","Rams RFC","rugby union club","1924-01-01T00:00:00Z",NA,NA,NA,"United Kingdom",NA,NA,NA,"Reading",NA,NA
"2102","Q7306238","Redruth R.F.C.","rugby union team","1875-01-01T00:00:00Z",NA,NA,NA,"United Kingdom",NA,NA,NA,NA,NA,NA
"2103","Q7315715","Resolven RFC","rugby union club",NA,NA,NA,NA,"United Kingdom",NA,NA,NA,NA,NA,NA
"2104","Q7320526","Rhigos RFC","rugby union club",NA,NA,NA,NA,"United Kingdom",NA,NA,NA,NA,NA,NA
"2105","Q733600","British & Irish Lions","rugby union team","1888-01-01T00:00:00Z",NA,NA,NA,"Ireland; United Kingdom",NA,NA,NA,"Dublin",NA,NA
"2106","Q735168","UL Bohemians R.F.C.","rugby union team","1999-01-01T00:00:00Z",NA,NA,NA,"Ireland",NA,NA,NA,NA,NA,NA
"2107","Q73631367","Gòtics RC","rugby union team","1984-01-01T00:00:00Z",NA,NA,NA,"Spain",NA,"Camp Municipal de Rugby La Foixarda",NA,"Barcelona",NA,"/g/11h8brzw71"
"2108","Q7374271","RHC Cougars RFC","rugby union team",NA,"2017-01-01T00:00:00Z",NA,NA,"United Kingdom",NA,NA,NA,NA,NA,NA
"2109","Q7381979","Russia national under-20 rugby union team","national rugby union team",NA,NA,NA,NA,"Russia",NA,NA,NA,NA,NA,NA
"2110","Q7392164","SO Voiron","rugby union team","1900-02-20T00:00:00Z",NA,NA,NA,"France",NA,NA,NA,"Coublevie",NA,NA
"2111","Q739613","Edinburgh Rugby","rugby union franchise","1872-01-01T00:00:00Z",NA,"The Gunners","Scottish Rugby Union","United Kingdom","United Rugby Championship","Murrayfield Stadium; Edinburgh Rugby Stadium","67044; 7800",NA,"edimbourg",NA
"2112","Q7409933","Samoa national under-20 rugby union team","national rugby union team","2008-01-01T00:00:00Z",NA,NA,NA,"Samoa",NA,NA,NA,NA,NA,NA
"2113","Q74110776","Detroit Tradesmen","rugby union club","1978-01-01T00:00:00Z",NA,NA,NA,"United States of America",NA,NA,NA,"Detroit",NA,"/g/11hzdqwydj"
"2114","Q74115763","Ballina Seahorses","rugby union team",NA,NA,NA,NA,NA,NA,NA,NA,NA,NA,"/g/11fmzcj8s9"
"2115","Q7414034","San Francisco Fog RFC","rugby union team","2001-01-01T00:00:00Z",NA,NA,NA,"United States of America",NA,NA,NA,NA,NA,NA
"2116","Q7435412","Scorpions RFC","rugby union team",NA,NA,NA,NA,NA,NA,NA,NA,NA,NA,NA
"2117","Q7435694","Scotland national shinty team","national rugby union team",NA,NA,NA,NA,"United Kingdom",NA,NA,NA,NA,NA,NA
"2118","Q7435697","Scotland national under-18 rugby union team","national rugby union team",NA,NA,NA,NA,"United Kingdom",NA,NA,NA,NA,NA,NA
"2119","Q7435699","Scotland national under-19 rugby union team","national rugby union team",NA,NA,NA,NA,"United Kingdom",NA,NA,NA,NA,NA,NA
"2120","Q7435701","Scotland national under-20 rugby union team","national rugby union team",NA,NA,NA,NA,"United Kingdom",NA,NA,NA,NA,NA,NA
"2121","Q7438750","Scranton Norseman Rugby","rugby union club","1985-01-01T00:00:00Z",NA,NA,NA,"United States of America",NA,NA,NA,NA,NA,NA
"2122","Q7439497","Scunthorpe Rugby Club","rugby union team","1929-01-01T00:00:00Z",NA,NA,NA,"United Kingdom",NA,NA,NA,NA,NA,NA
"2123","Q7445255","Sedgley Park R.U.F.C.","rugby union team","1932-01-01T00:00:00Z",NA,NA,NA,"United Kingdom",NA,NA,NA,NA,NA,NA
"2124","Q744636","Natal Sharks","rugby union team","1890-01-01T00:00:00Z",NA,NA,"South African Rugby Union","South Africa","Currie Cup","Kings Park Stadium","52000","Durban",NA,NA
"2125","Q7457436","Seven Sisters RFC","rugby union club",NA,NA,NA,NA,"United Kingdom",NA,NA,NA,NA,NA,NA
"2126","Q745758","Gloucester Rugby","rugby union club","1873-01-01T00:00:00Z",NA,NA,"Rugby Football Union","United Kingdom","Premiership Rugby","Kingsholm Stadium","16500","Gloucester","gloucester",NA
"2127","Q7458963","Seychelles national rugby union team","national rugby union team",NA,NA,NA,NA,"Seychelles",NA,NA,NA,NA,NA,NA
"2128","Q748103","Rugby Club I Cavalieri","rugby union team","2000-01-01T00:00:00Z","2015-01-01T00:00:00Z",NA,"Italian Rugby Federation","Italy",NA,NA,NA,NA,NA,"/g/11bc5wd2bx"
"2129","Q7487669","Shamrock Warriors RFC","national rugby union team","2009-01-01T00:00:00Z",NA,NA,NA,"Ireland",NA,NA,NA,NA,NA,NA
"2130","Q7492761","Sheffield Tigers RUFC","rugby union team","1932-01-01T00:00:00Z",NA,NA,NA,"United Kingdom","National League 2 North",NA,NA,NA,NA,NA
"2131","Q7494732","Sherborne RFC","rugby union club",NA,NA,NA,NA,"United Kingdom",NA,NA,NA,NA,NA,NA
"2132","Q7498115","Shipston-on-Stour Rugby Football Club","rugby union team",NA,NA,NA,NA,"United Kingdom",NA,NA,NA,NA,NA,NA
"2133","Q7534817","Skewen RFC","rugby union club",NA,NA,NA,NA,"United Kingdom",NA,NA,NA,NA,NA,NA
"2134","Q753618","Stade Aurillacois Cantal Auvergne","rugby union club","1904-01-01T00:00:00Z",NA,NA,NA,"France","Pro D2","Jean Alric stadium",NA,"Aurillac",NA,NA
"2135","Q75375252","Q75375252","rugby union team","1945-03-17T00:00:00Z",NA,NA,NA,"France",NA,NA,NA,"13th arrondissement of Paris",NA,"/g/11h8h89g1g"
"2136","Q75375259","Q75375259","rugby union team","1928-03-11T00:00:00Z","1945-03-17T00:00:00Z",NA,NA,"France",NA,NA,NA,"Paris",NA,"/g/11h8h8p_4h"
"2137","Q7565371","South Africa amateur national rugby union team","national rugby union team",NA,NA,NA,NA,"South Africa",NA,NA,NA,NA,NA,NA
"2138","Q7565434","South African Barbarians","national rugby union team","1960-01-01T00:00:00Z",NA,NA,NA,"South Africa",NA,NA,NA,NA,NA,NA
"2139","Q756594","Stade Rochelais","rugby union team","1898-01-01T00:00:00Z",NA,"les Maritimes","French Rugby Federation","France","Top 14","Stade Marcel-Deflandre","16000","La Rochelle","la-rochelle",NA
"2140","Q7567806","South Leicester RFC","rugby union team","1919-01-01T00:00:00Z",NA,NA,NA,"United Kingdom",NA,NA,NA,NA,NA,NA
"2141","Q7569546","Southend RFC","rugby union club",NA,NA,NA,NA,"United Kingdom",NA,NA,NA,NA,NA,NA
"2142","Q7570094","Southern Lions Rugby Union Football Club","rugby union team",NA,NA,NA,NA,NA,NA,NA,NA,NA,NA,NA
"2143","Q7570204","Southern Nomads R.U.F.C.","rugby union club","1982-01-01T00:00:00Z",NA,NA,NA,"United Kingdom",NA,NA,NA,NA,NA,NA
"2144","Q75754433","Q75754433","rugby union team",NA,NA,NA,NA,"France",NA,NA,NA,"Foix",NA,"/g/11j0hsv820"
"2145","Q758655","Auckland RFU","rugby union team","1883-01-01T00:00:00Z",NA,NA,"New Zealand Rugby","New Zealand","ITM Cup","Eden Park","50000","Auckland",NA,NA
"2146","Q7586894","St. Andrew's Rovers FC","rugby union team","1869-01-01T00:00:00Z",NA,NA,NA,"United Kingdom",NA,NA,NA,NA,NA,NA
"2147","Q7588322","St. Helens RUFC","rugby union club",NA,NA,NA,NA,"United Kingdom",NA,NA,NA,NA,NA,NA
"2148","Q7592279","St Albans RFC","rugby union club",NA,NA,NA,NA,"United Kingdom",NA,NA,NA,NA,NA,NA
"2149","Q7596132","Stade Lausanne Rugby Club","rugby union team","1969-01-01T00:00:00Z",NA,NA,NA,"Switzerland",NA,NA,NA,NA,NA,NA
"2150","Q7596188","Niort Rugby Club","rugby union team","1906-09-26T00:00:00Z",NA,NA,NA,"France",NA,NA,NA,"Niort",NA,"/g/121dcjq2"
"2151","Q7618168","Stockport RUFC","rugby union club",NA,NA,NA,NA,"United Kingdom",NA,NA,NA,NA,NA,NA
"2152","Q7620586","Stourbridge R.F.C.","rugby union team","1876-01-01T00:00:00Z",NA,NA,NA,"United Kingdom",NA,NA,NA,NA,NA,NA
"2153","Q7622028","Strathaven RFC","rugby union club","1984-01-01T00:00:00Z",NA,NA,NA,"United Kingdom",NA,NA,NA,NA,NA,NA
"2154","Q7622098","Strathendrick RFC","rugby union club",NA,NA,NA,NA,"United Kingdom",NA,NA,NA,NA,NA,NA
"2155","Q7622727","Streatham-Croydon RFC","rugby union club",NA,NA,NA,NA,"United Kingdom",NA,NA,NA,NA,NA,NA
"2156","Q7650213","Sutton & Epsom RFC","rugby union club",NA,NA,NA,NA,"United Kingdom",NA,NA,NA,NA,NA,NA
"2157","Q7650230","Sutton Coldfield RFC","rugby union club",NA,NA,NA,NA,"United Kingdom",NA,NA,NA,NA,NA,NA
"2158","Q7653713","Swansea University RFC","rugby union club",NA,NA,NA,NA,"United Kingdom",NA,NA,NA,NA,NA,NA
"2159","Q7653717","Swansea Uplands RFC","rugby union club",NA,NA,NA,NA,"United Kingdom",NA,NA,NA,NA,NA,NA
"2160","Q7663902","Syston RFC","rugby union club",NA,NA,NA,NA,"United Kingdom",NA,NA,NA,NA,NA,NA
"2161","Q7675878","Taibach RFC","rugby union club",NA,NA,NA,NA,"United Kingdom",NA,NA,NA,NA,NA,NA
"2162","Q7677251","Takapuna Rugby Football Club","rugby union team",NA,NA,NA,NA,"New Zealand",NA,NA,NA,NA,NA,NA
"2163","Q7681768","Tampere RC","rugby union team","2001-01-01T00:00:00Z",NA,NA,NA,"Finland","Finnish Championship League",NA,NA,"Tampere",NA,NA
"2164","Q7688802","Taunton R.F.C.","rugby union team","1875-01-01T00:00:00Z",NA,NA,NA,"United Kingdom",NA,NA,NA,NA,NA,NA
"2165","Q7690842","Te Kawau","rugby union club",NA,NA,NA,NA,NA,NA,NA,NA,NA,NA,NA
"2166","Q7699539","Tenby United RFC","rugby union club",NA,NA,NA,NA,"United Kingdom",NA,NA,NA,NA,NA,NA
"2167","Q774221","Canada national rugby union team","national rugby union team","1932-01-31T00:00:00Z",NA,"Canucks",NA,"Canada",NA,NA,NA,NA,NA,NA
"2168","Q779116","FC Auch Gers","rugby union club","1903-01-01T00:00:00Z","2017-01-01T00:00:00Z",NA,"French Rugby Federation","France",NA,"Stade du Moulias",NA,"Auch",NA,NA
"2169","Q7801705","Tigre Rugby Club","rugby union club","1981-01-01T00:00:00Z",NA,NA,NA,"Argentina",NA,NA,NA,"Tigre",NA,NA
"2170","Q7820769","Tonbridge Juddians RFC","rugby union club","1999-01-01T00:00:00Z",NA,NA,NA,"United Kingdom",NA,NA,NA,NA,NA,NA
"2171","Q7820993","Tonga national under-20 rugby union team","national rugby union team",NA,NA,NA,NA,"Tonga",NA,NA,NA,NA,NA,NA
"2172","Q7821561","Tonmawr RFC","rugby union club",NA,NA,NA,NA,"United Kingdom",NA,NA,NA,NA,NA,NA
"2173","Q7821565","Tonna RFC","rugby union club",NA,NA,NA,NA,"United Kingdom",NA,NA,NA,NA,NA,NA
"2174","Q7830799","Toyota Industries Shuttles Aichi","rugby union club","1984-01-01T00:00:00Z",NA,NA,NA,"Japan","Japan Rugby League One",NA,NA,NA,NA,NA
"2175","Q7837343","Trebanos RFC","rugby union club",NA,NA,NA,NA,"United Kingdom",NA,NA,NA,NA,NA,NA
"2176","Q7842559","Trinity Academicals RFC","rugby union club",NA,NA,NA,NA,"United Kingdom",NA,NA,NA,NA,NA,NA
"2177","Q7852548","Tumble RFC","rugby union team","1897-01-01T00:00:00Z",NA,"Y Piod",NA,NA,NA,NA,NA,NA,NA,NA
"2178","Q7860518","Tynedale R.F.C.","rugby union team","1876-01-01T00:00:00Z",NA,NA,NA,"United Kingdom",NA,NA,NA,NA,NA,NA
"2179","Q7863739","Club Deportivo UAI Urquiza","rugby union club","1950-01-01T00:00:00Z",NA,NA,NA,"Argentina",NA,"Monumental de Villa Lynch Stadium",NA,"Buenos Aires",NA,NA
"2180","Q7866373","USC Trojans men's rugby","rugby union team","1886-01-01T00:00:00Z",NA,NA,NA,"United States of America",NA,NA,NA,NA,NA,NA
"2181","Q786742","Guatemala national rugby union team","national rugby union team",NA,NA,NA,NA,"Guatemala",NA,NA,NA,NA,NA,NA
"2182","Q7879955","Ulster F.C.","rugby union team","1877-01-01T00:00:00Z",NA,NA,NA,"United Kingdom",NA,NA,NA,NA,NA,NA
"2183","Q7892604","United States national wheelchair rugby team","national rugby union team",NA,NA,NA,NA,"United States of America",NA,NA,NA,NA,NA,NA
"2184","Q7894623","University College Galway R.F.C.","rugby union team",NA,NA,NA,NA,"Ireland",NA,NA,NA,NA,NA,NA
"2185","Q7894991","University at Buffalo Rugby Football Club","rugby union club","1966-01-01T00:00:00Z",NA,NA,NA,"United States of America",NA,NA,NA,NA,NA,NA
"2186","Q7895746","University of Miami Rugby Football Club","rugby union team","1989-01-01T00:00:00Z",NA,NA,NA,"United States of America",NA,"University of Miami",NA,NA,NA,NA
"2187","Q7896354","University of St Andrews RFC","rugby union team","1858-01-01T00:00:00Z",NA,NA,NA,"United Kingdom",NA,NA,NA,"St Andrews",NA,NA
"2188","Q7902526","Utah Warriors","rugby union team","2010-01-01T00:00:00Z",NA,NA,NA,"United States of America",NA,NA,NA,"Herriman",NA,NA
"2189","Q7908441","Vagabonds R.U.F.C.","rugby union club",NA,NA,NA,NA,"United Kingdom",NA,NA,NA,NA,NA,NA
"2190","Q794479","Canada national under-20 rugby union team","national rugby union team",NA,NA,NA,NA,"Canada",NA,NA,NA,NA,NA,NA
"2191","Q794910","Stormers","rugby union club","1996-01-01T00:00:00Z",NA,NA,NA,"South Africa",NA,"Newlands Stadium",NA,"Cape Town",NA,NA
"2192","Q7961831","Wales national under-18 rugby union team","national rugby union team",NA,NA,NA,NA,"United Kingdom",NA,NA,NA,NA,NA,NA
"2193","Q7961834","Wales national under-20 rugby union team","national rugby union team",NA,NA,NA,NA,"United Kingdom",NA,NA,NA,NA,NA,NA
"2194","Q7971389","Waseda University Rugby Football Club","rugby union team","1918-01-01T00:00:00Z",NA,NA,NA,"Japan","Q11655915",NA,NA,NA,NA,NA
"2195","Q7972726","Wasps FC","rugby union team","1867-01-01T00:00:00Z",NA,NA,NA,"United Kingdom",NA,NA,NA,"London",NA,NA
"2196","Q7972728","Wasps Stabia Rugby","rugby union club","2006-01-01T00:00:00Z",NA,NA,NA,"Italy",NA,NA,NA,NA,NA,NA
"2197","Q7987290","Westcombe Park RFC","rugby union club","1904-01-01T00:00:00Z",NA,NA,NA,"United Kingdom",NA,NA,NA,NA,NA,NA
"2198","Q7989340","South Shields Westoe RFC","rugby union club",NA,NA,NA,NA,"United Kingdom",NA,NA,NA,NA,NA,NA
"2199","Q7989385","Weston-super-Mare RFC","rugby union club",NA,NA,NA,NA,"United Kingdom",NA,NA,NA,NA,NA,NA
"2200","Q7990676","Wharfedale R.U.F.C.","rugby union team","1923-01-01T00:00:00Z",NA,NA,NA,"United Kingdom",NA,NA,NA,NA,NA,NA
"2201","Q7994208","Whitchurch RFC","rugby union club","1936-01-01T00:00:00Z",NA,NA,NA,"United Kingdom",NA,NA,NA,NA,NA,NA
"2202","Q8037228","Worthing Rugby Football Club","rugby union team","1920-01-01T00:00:00Z",NA,NA,NA,"United Kingdom",NA,NA,NA,NA,NA,NA
"2203","Q8038123","Wrexham RFC","rugby union club",NA,NA,NA,NA,"United Kingdom",NA,NA,NA,NA,NA,NA
"2204","Q8072048","Zimbabwe national under-20 rugby union team","national rugby union team",NA,NA,NA,NA,"Zimbabwe",NA,NA,NA,NA,NA,NA
"2205","Q807749","Barbarian FC","rugby union club","1890-01-01T00:00:00Z",NA,"Baa-Baas",NA,"United Kingdom",NA,NA,NA,NA,NA,NA
"2206","Q810436","Basque Korsarioak","rugby union team","2009-01-01T00:00:00Z",NA,NA,NA,"Spain",NA,"Miniestadio de Anoeta",NA,NA,NA,"/g/121gpnfq"
"2207","Q810786","Bath Rugby","rugby union club","1865-01-01T00:00:00Z",NA,NA,"Rugby Football Union","United Kingdom","Premiership Rugby","Recreation Ground","14509","Bath","bath",NA
"2208","Q8196040","Q8196040","rugby union team","1997-01-01T00:00:00Z",NA,NA,NA,"Spain",NA,NA,NA,"Ferrol",NA,NA
"2209","Q820052","RC Leipzig","rugby union team","2003-01-01T00:00:00Z",NA,NA,NA,"Germany","Rugby-Bundesliga",NA,NA,"Leipzig",NA,NA
"2210","Q82216","Dragons","rugby union club","2003-01-01T00:00:00Z",NA,NA,NA,"Wales","United Rugby Championship","Rodney Parade","9097",NA,NA,NA
"2211","Q822877","Wales national rugby union team","national rugby union team","1881-02-19T00:00:00Z",NA,"The Red Dragons",NA,"United Kingdom",NA,"Millennium Stadium",NA,"Cardiff",NA,NA
"2212","Q828527","RK 03 Berlin","rugby union team","2003-01-01T00:00:00Z",NA,NA,NA,"Germany","Rugby-Bundesliga","Stadium Buschallee",NA,NA,NA,NA
"2213","Q8347100","Q8347100","rugby union team","1982-01-01T00:00:00Z",NA,NA,NA,"Spain",NA,NA,NA,"A Coruña",NA,NA
"2214","Q83558260","Ceibos Rugby","rugby union team","2019-01-01T00:00:00Z","2023-01-01T00:00:00Z",NA,NA,"Argentina","Super Liga Americana de Rugby",NA,NA,"Córdoba",NA,"/g/11frs28f9k"
"2215","Q83864890","Peñarol Rugby","rugby union team","2020-01-01T00:00:00Z",NA,NA,NA,"Uruguay","Super Liga Americana de Rugby","Estadio Charrúa",NA,NA,NA,"/g/11frqwfzq9"
"2216","Q83867801","Yacare XV","rugby union team","2019-01-01T00:00:00Z",NA,NA,NA,"Paraguay","Super Liga Americana de Rugby",NA,NA,"Asunción",NA,"/g/11frs2ch_f"
"2217","Q841966","Swansea RFC","rugby union club","1872-01-01T00:00:00Z",NA,"The Whites",NA,"United Kingdom",NA,"St. Helen's Rugby and Cricket Ground","10000",NA,NA,NA
"2218","Q842510","Cardiff RFC","rugby union team","1876-01-01T00:00:00Z",NA,NA,NA,"United Kingdom","Welsh Premier Division","Cardiff Arms Park",NA,"Cardiff",NA,NA
"2219","Q84348017","Selknam","rugby union team",NA,NA,NA,NA,"Chile",NA,NA,NA,NA,NA,"/g/11j7vj9gcn"
"2220","Q855496","Biarritz Olympique","rugby union club","1913-01-01T00:00:00Z",NA,NA,NA,"France","Pro D2","Parc des Sports Aguiléra",NA,"Biarritz",NA,NA
"2221","Q8565341","France amateur national rugby union team","national rugby union team",NA,NA,NA,NA,"France",NA,NA,NA,NA,NA,NA
"2222","Q85745453","Barkers Butts RFC","rugby union club",NA,NA,NA,NA,"United Kingdom",NA,NA,NA,NA,NA,"/g/11h4nhjp42"
"2223","Q85746695","Berry Hill RFC","rugby union club",NA,NA,NA,NA,"United Kingdom",NA,NA,NA,NA,NA,"/g/11hz9hyc7m"
"2224","Q85748766","Brazil national under-20 rugby union team","national rugby union team",NA,NA,NA,NA,"Brazil",NA,NA,NA,NA,NA,"/g/11b81xpdx1; /g/11hz6pmt7f"
"2225","Q85754086","Cobras Brasil XV","rugby union team","2021-01-01T00:00:00Z",NA,NA,NA,"Brazil",NA,NA,NA,NA,NA,"/g/11j2ltspk8"
"2226","Q85788038","Nauru national rugby union team","national rugby union team",NA,NA,NA,NA,"Nauru",NA,NA,NA,NA,NA,"/g/11fn0jcl6x"
"2227","Q85803557","Stockton RFC","rugby union club",NA,NA,NA,NA,"United Kingdom",NA,NA,NA,NA,NA,"/g/11h91cyjr1"
"2228","Q85814471","Warriston RFC","rugby union club",NA,NA,NA,NA,"United Kingdom",NA,NA,NA,NA,NA,"/g/11fs93ncmz"
"2229","Q85845658","Cincinnati Rugby Football Club","rugby union club","1974-01-01T00:00:00Z",NA,NA,NA,"United States of America",NA,NA,NA,"Cincinnati",NA,"/g/11h8f4m8p3"
"2230","Q85846875","Palmer College Rugby Football Club","rugby union club","1960-01-01T00:00:00Z",NA,NA,NA,"United States of America","Midwest Rugby Premiership",NA,NA,"Davenport",NA,"/g/11fpqw_cjy"
"2231","Q85883346","Hanazono University Rugby Football Club","rugby union team",NA,NA,NA,NA,"Japan",NA,NA,NA,NA,NA,"/g/11frs291tc"
"2232","Q86661679","Q86661679","rugby union team",NA,NA,NA,NA,"France",NA,NA,NA,"Vinay",NA,"/g/11fp0bg12h"
"2233","Q86668392","Q86668392","rugby union team","1941-01-01T00:00:00Z","2005-01-01T00:00:00Z",NA,NA,"France",NA,NA,NA,"Montluçon",NA,"/g/11h_cd45w4"
"2234","Q86674018","Q86674018","rugby union team",NA,NA,NA,NA,"France",NA,NA,NA,"Montélimar",NA,"/g/11fp3rpdxz"
"2235","Q86682258","AS Roanne","rugby union team","1925-01-01T00:00:00Z",NA,NA,NA,"France",NA,NA,NA,"Roanne",NA,"/g/11fqd6p8nc"
"2236","Q870753","Rudergesellschaft Heidelberg 1898","rugby union team","1898-01-01T00:00:00Z",NA,NA,NA,"Germany","Rugby-Bundesliga","Fritz-Grunebaum-Sportpark","5000","Heidelberg",NA,NA
"2237","Q881070","Blagnac SCR","rugby union team","1922-01-01T00:00:00Z",NA,NA,NA,"France",NA,NA,NA,"Blagnac",NA,NA
"2238","Q88288356","Q88288356","rugby union team","1932-01-01T00:00:00Z",NA,NA,NA,"France",NA,NA,NA,"Saverdun",NA,"/g/11jf9s9fsc"
"2239","Q885646","Blue Bulls","rugby union team","1938-01-01T00:00:00Z",NA,NA,"South African Rugby Union","South Africa","Currie Cup","Loftus Versfeld Stadium","51762","Pretoria",NA,NA
"2240","Q88870110","Q88870110","rugby union team","1904-01-01T00:00:00Z",NA,NA,NA,"France",NA,NA,NA,"Bort-les-Orgues",NA,"/g/11jfcchwjh"
"2241","Q89193963","Q89193963","rugby union team","1901-01-01T00:00:00Z",NA,NA,NA,"France",NA,NA,NA,"Port-Vendres",NA,"/g/11ft8y50sf"
"2242","Q893414","Border Reivers","defunct rugby union club","1999-01-01T00:00:00Z","2007-01-01T00:00:00Z",NA,NA,"United Kingdom",NA,NA,NA,NA,NA,NA
"2243","Q894098","Boroughmuir RFC","rugby union club","1919-01-01T00:00:00Z",NA,NA,"Scottish Rugby Union","United Kingdom","Super 6","Meggetland Sports Complex","3000",NA,NA,NA
"2244","Q89426327","Q89426327","rugby union team","2017-06-12T00:00:00Z",NA,NA,"French Rugby Federation","France",NA,"Stade du Moulias",NA,"Auch",NA,"/g/11j5q58snb"
"2245","Q89480381","Q89480381","rugby union team",NA,NA,NA,NA,"France","Q2950711",NA,NA,"Clamart",NA,"/g/11jfld0t6b"
"2246","Q8963652","Gaztedi RT","rugby union team",NA,NA,NA,NA,"Spain",NA,NA,NA,NA,NA,"/g/121fwdz5"
"2247","Q896965","Bradford (Park Avenue) A.F.C.","rugby union team","1907-01-01T00:00:00Z",NA,"The Green Army",NA,"United Kingdom",NA,"Horsfall Stadium",NA,"Bradford",NA,NA
"2248","Q9021861","CR Les Abelles","rugby union team","1971-01-01T00:00:00Z",NA,"Abejorros",NA,"Spain","División de Honor de Rugby",NA,NA,NA,NA,NA
"2249","Q910657","Newcastle Falcons","rugby union club","1877-01-01T00:00:00Z",NA,"The Falcons","Rugby Football Union","United Kingdom","RFU Championship","Kingston Park","10200",NA,"newcastle",NA
"2250","Q91253260","Q91253260","rugby union team",NA,NA,NA,NA,"France",NA,NA,NA,"Riscle",NA,"/g/11jg1s35b7"
"2251","Q915507","Western Force","rugby union franchise","2005-01-01T00:00:00Z",NA,NA,NA,"Australia",NA,"Perth Rectangular Stadium",NA,"Perth",NA,NA
"2252","Q917973","Bristol Bears","rugby union club","1888-01-01T00:00:00Z",NA,NA,"Rugby Football Union","United Kingdom","Premiership Rugby","Ashton Gate Stadium","21497","Bristol","bristol",NA
"2253","Q9181375","Budowlani Łódź (rugby union)","rugby union club","1968-01-01T00:00:00Z",NA,NA,NA,"Poland",NA,NA,NA,"Łódź",NA,NA
"2254","Q920928","England national under-20 rugby union team","national rugby union team",NA,NA,NA,NA,"United Kingdom",NA,NA,NA,NA,NA,NA
"2255","Q928517","Sale Sharks","rugby union club","1861-01-01T00:00:00Z",NA,NA,NA,"United Kingdom","Premiership Rugby","Salford City Stadium","11500","Salford","sale",NA
"2256","Q930661","Hawick RFC","rugby union team","1873-01-01T00:00:00Z",NA,NA,NA,"United Kingdom","Scottish Premiership Division Two",NA,NA,NA,NA,NA
"2257","Q930719","Yenisey-STM Krasnoyarsk","rugby union club","1975-01-01T00:00:00Z",NA,"тяжелая машина","Rugby Union of Russia","Russia","Russian Rugby Championship",NA,NA,NA,NA,NA
"2258","Q93110757","Q93110757","rugby union team","2014-01-01T00:00:00Z",NA,NA,NA,"Switzerland",NA,NA,NA,"Geneva",NA,"/g/11ggb2syyc"
"2259","Q932889","Hong Kong national rugby union team","national rugby union team","1969-03-09T00:00:00Z",NA,"Dragons",NA,"People's Republic of China",NA,NA,NA,NA,NA,NA
"2260","Q9338136","Skra Warszawa Rugby","rugby union team",NA,NA,NA,NA,"Poland",NA,NA,NA,NA,NA,"/g/1215cmtx"
"2261","Q93441437","Q93441437","rugby union team",NA,NA,NA,NA,"France",NA,"Q31062868",NA,NA,NA,NA
"2262","Q93928","Valorugby Emilia","rugby union club","1945-01-01T00:00:00Z",NA,"I Diavoli","Italian Rugby Federation","Italy",NA,"Stadio Mirabello","4400","Reggio Emilia",NA,NA
"2263","Q93928","Valorugby Emilia","rugby union team","1945-01-01T00:00:00Z",NA,"I Diavoli","Italian Rugby Federation","Italy",NA,"Stadio Mirabello","4400","Reggio Emilia",NA,NA
"2264","Q940179","Clontarf FC","rugby union team","1876-01-01T00:00:00Z",NA,NA,NA,"Ireland",NA,NA,NA,NA,NA,NA
"2265","Q942915","Madrid Gatos","rugby union team","2009-01-01T00:00:00Z",NA,NA,NA,"Spain",NA,NA,NA,NA,NA,"/g/120rrq8z"
"2266","Q942928","Catalunya Blaus Almogàvers","rugby union team","2009-01-01T00:00:00Z",NA,NA,NA,"Spain",NA,"Baldiri Aleu Stadium",NA,NA,NA,"/g/1237vwn8"
"2267","Q942941","Q942941","rugby union team","2009-01-01T00:00:00Z",NA,NA,NA,"Spain",NA,"Estadio de La Cartuja",NA,NA,NA,"/g/121fwdtr"
"2268","Q942962","La Vila Mariners","rugby union club","2009-01-01T00:00:00Z",NA,NA,NA,"Spain",NA,NA,NA,NA,NA,"/g/122152hm"
"2269","Q942999","Q942999","rugby union team","2009-01-01T00:00:00Z",NA,NA,NA,"Spain",NA,"Estadio Pepe Rojo",NA,NA,NA,"/g/122152ql"
"2270","Q945016","Scotland national rugby union team","national rugby union team","1871-03-27T00:00:00Z",NA,NA,NA,"United Kingdom",NA,NA,NA,NA,"scotland",NA
"2271","Q946174","Eswatini national rugby union team","national rugby union team",NA,NA,NA,NA,"Eswatini",NA,NA,NA,NA,NA,NA
"2272","Q948693","Asociación Alumni","rugby union club","1951-01-01T00:00:00Z",NA,NA,"Unión de Rugby de Buenos Aires","Argentina","URBA Top 12",NA,NA,"Tortuguitas",NA,NA
"2273","Q949807","Southern Kings","rugby union club","2009-01-01T00:00:00Z",NA,NA,NA,"South Africa",NA,"Nelson Mandela Bay Stadium",NA,"Gqeberha",NA,NA
"2274","Q950674","Zebre","rugby union franchise","2012-01-01T00:00:00Z",NA,"il XV del Nord-Ovest","Italian Rugby Federation","Italy","United Rugby Championship","Stadio Sergio Lanfranchi","5000","Parma","zebre",NA
"2275","Q951242","Provence Rugby","rugby union team","1970-01-01T00:00:00Z",NA,NA,NA,"France",NA,"stade Maurice-David",NA,"stade Maurice-David","provence-rugby",NA
"2276","Q952709","CA Périgueux","rugby union team","1901-01-01T00:00:00Z",NA,NA,NA,"France",NA,"Stade Francis-Rongiéras",NA,"Périgueux",NA,NA
"2277","Q953455","Czechoslovakia national rugby union team","national rugby union team","1927-05-22T00:00:00Z","1992-11-15T00:00:00Z",NA,NA,"Czechoslovakia",NA,NA,NA,NA,NA,NA
"2278","Q953823","Otley R.U.F.C.","rugby union team","1865-01-01T00:00:00Z",NA,NA,NA,"United Kingdom",NA,NA,NA,NA,NA,NA
"2279","Q95565441","Q95565441","rugby union club",NA,NA,NA,NA,"Russia",NA,NA,NA,"Saint Petersburg",NA,"/g/11ft3v_fjz"
"2280","Q956805","Celtic Warriors","defunct rugby union club","2003-01-01T00:00:00Z","2004-01-01T00:00:00Z",NA,NA,"United Kingdom",NA,"Brewery Field",NA,NA,NA,NA
"2281","Q959847","Crusaders","rugby union franchise","1996-01-01T00:00:00Z",NA,NA,NA,"New Zealand","Super Rugby","Rugby League Park",NA,"Christchurch",NA,NA
"2282","Q96071617","LA Giltinis","rugby union team",NA,NA,NA,NA,"United States of America",NA,NA,NA,NA,NA,"/g/11j6schclj"
"2283","Q96073676","Dallas Jackals","rugby union team",NA,NA,NA,NA,"United States of America",NA,NA,NA,NA,NA,"/g/11jn3hn0fn"
"2284","Q96147221","Netherlands national under-20 rugby union team","national rugby union team",NA,NA,NA,NA,"Netherlands",NA,NA,NA,NA,NA,"/g/11jn6chnlg; /g/11h5vk98_w"
"2285","Q96240634","France national under-17 rugby union team","national rugby union team",NA,NA,NA,NA,NA,NA,NA,NA,NA,NA,NA
"2286","Q96283181","Q96283181","rugby union team",NA,NA,NA,NA,"France",NA,NA,NA,"Gimont",NA,"/g/11jcfylj7_"
"2287","Q96356436","Club de Rugbi Bonanova","rugby union team","1969-01-01T00:00:00Z","2001-01-01T00:00:00Z",NA,NA,"Spain",NA,"Camp Municipal de Rugby La Foixarda",NA,NA,NA,NA
"2288","Q96356605","Q96356605","rugby union team","1991-01-01T00:00:00Z",NA,NA,NA,"Spain",NA,NA,NA,"Majadahonda",NA,NA
"2289","Q96371391","Aberdeen Nomads RFC","rugby union club",NA,NA,NA,NA,"United Kingdom",NA,NA,NA,NA,NA,"/g/11j5hn32t6"
"2290","Q96375642","Cranbrook RFC","rugby union club",NA,NA,NA,NA,"United Kingdom",NA,NA,NA,NA,NA,"/g/11jg8qpwzz"
"2291","Q9641","Saracens F.C.","rugby union club","1876-01-01T00:00:00Z",NA,"The Sarries; The Men in Black","Rugby Football Union","United Kingdom","Premiership Rugby","Barnet Copthall","10000","Hendon","saracens",NA
"2292","Q964957","Castres Olympique","rugby union club","1906-01-01T00:00:00Z",NA,NA,"French Rugby Federation","France","Top 14","Stade Pierre-Fabre",NA,"Labruguière",NA,NA
"2293","Q9663312","Braga Rugby","rugby union team","2010-01-01T00:00:00Z",NA,NA,NA,"Portugal",NA,NA,NA,"Braga",NA,NA
"2294","Q967505","Romania national rugby union team","national rugby union team","1919-07-01T00:00:00Z",NA,"Stejarii",NA,"Romania",NA,NA,NA,NA,NA,NA
"2295","Q969462","Rugby Roma","rugby union club","1930-01-01T00:00:00Z","2011-01-01T00:00:00Z",NA,"Italian Rugby Federation","Italy","Serie A",NA,NA,NA,NA,NA
"2296","Q97162969","York RUFC","rugby union club",NA,NA,NA,NA,"United Kingdom",NA,NA,NA,NA,NA,"/g/11j_v9f1mz"
"2297","Q97177935","Q97177935","rugby union team",NA,NA,NA,NA,"Italy",NA,NA,NA,"Rozzano",NA,"/g/11fv40jc3p"
"2298","Q97180206","Q97180206","rugby union team",NA,NA,NA,NA,"Serbia",NA,NA,NA,NA,NA,"/g/11jg4r5cn2"
"2299","Q971837","Tunisia national rugby union team","national rugby union team","1976-01-01T00:00:00Z",NA,"Aigles de Carthage",NA,"Tunisia",NA,"Stade Mustapha Ben Jannet","20000",NA,NA,NA
"2300","Q97356777","San Diego State Aztecs rugby","rugby union team",NA,NA,NA,NA,"United States of America",NA,NA,NA,NA,NA,"/g/11jp0fmjd1"
"2301","Q97368682","Saint-Priest rugby","rugby union team",NA,NA,NA,NA,"France",NA,NA,NA,"Saint-Priest",NA,NA
"2302","Q97491457","XV du Coudon","rugby union team","1965-01-01T00:00:00Z",NA,NA,NA,"France",NA,NA,NA,"La Valette-du-Var",NA,"/g/11k0qtx7rz"
"2303","Q979797","Rugby Rovigo","rugby union team","1935-01-01T00:00:00Z",NA,"I Rossoblu; I Bersaglieri","Italian Rugby Federation","Italy","Serie A Élite","Stadio Comunale Mario Battaglini","5500",NA,NA,NA
"2304","Q98462471","Q98462471","rugby union team","1962-03-12T00:00:00Z",NA,NA,NA,"France",NA,NA,NA,"Nay",NA,"/g/11jx604f41"
"2305","Q98539235","SG Odin/VfR Döhren","rugby union team","2007-01-01T00:00:00Z","2020-01-01T00:00:00Z",NA,NA,NA,NA,NA,NA,NA,NA,NA
"2306","Q98734347","Q98734347","rugby union team","2019-01-01T00:00:00Z",NA,NA,NA,"Spain",NA,NA,NA,NA,NA,NA
