origWdId,origName,debugComment,esName,esFullName,wpPage,birthDate,birthPlace,birthPlaceWP,deathDate,deathPlace,deathPlaceWP,height,weight,positions,positionsWP,citizenship
Q207,George W. Bush,No stint found,George W. Bush,,George_W._Bush,6 de julio de 1946,,,,,,183,,,,
Q5809,Ernesto Guevara,No stint found,ErnestoCheGuevara,,Che_Guevara,14 de junio de 1928,,,9 de octubre de 1967,(39 años),,176,,,,
Q7571,Patricio Albacete,,Patricio Albacete,Patricio Esteban Albacete,Patricio_Albacete,9 de febrero de 1981,Buenos Aires,/wiki/Buenos_Aires,,,,200,125,Segunda línea,,Argentina
Q12940,Jacques Chaban-Delmas,No stint found,Jacques Chaban-Delmas,,Jacques_Chaban-Delmas,7 de marzo de 1915,,,10 de noviembre de 2000,VII Distrito de París,/wiki/VII_distrito_de_Par%C3%ADs,,,Ala,,
Q18455,Ben Tune,,Ben Tune,Benjamin Newman Tune,Ben_Tune,28 de diciembre de 1976,Brisbane,/wiki/Brisbane,,,,185,96,Wing; centro,,Australia
Q26037,Quade Cooper,,Quade Cooper,Quade Santini Cooper[1]​[2]​[3]​[4]​,Quade_Cooper,5 de abril de 1988,Auckland,/wiki/Auckland,,,,186,5,Apertura,,Nueva Zelanda
Q29880,Ben Botica,No ES WP page,,,,,,,,,,,,,,
Q31193,Ben Smith,,Ben Smith,Benjamin Robert Smith,Ben_Smith,1 de junio de 1986,Dunedin,/wiki/Dunedin,,,,186,91,Fullback; Wing; centro exterior,,Nueva Zelanda
Q46171,Pekahou Cowan,No ES WP page,,,,,,,,,,,,,,
Q46223,Stephen Hoiles,No ES WP page,,,,,,,,,,,,,,
Q46393,Yoan Audrin,No ES WP page,,,,,,,,,,,,,,
Q46396,Benoît Paillaugue,No ES WP page,,,,,,,,,,,,,,
Q56812,Thomas Combezou,No ES WP page,,,,,,,,,,,,,,
Q56822,Gerhard Vosloo,No ES WP page,,,,,,,,,,,,,,
Q56824,Fabien Cibray,No ES WP page,,,,,,,,,,,,,,
Q71268,Hugo Betting,No ES WP page,,,,,,,,,,,,,,
Q72185,Manu Tuilagi,,Manu Tuilagi,Etuale Manu Samoa Tuilagi,Manu_Tuilagi,18 de mayo de 1991,Savai'i,/wiki/Savai%27i,,,,185,120,Centro,,Samoa
Q75480,Marco Platania,No ES WP page,,,,,,,,,,,,,,
Q75573,Robins Tchale-Watchou,No ES WP page,,,,,,,,,,,,,,
Q76869,Toby Flood,,Toby Flood,Tobias Gerald Albert Lieven Flood,Toby_Flood,8 de agosto de 1985,Surrey Heath,/wiki/Surrey_Heath,,,,188,91,Apertura,,"Inglaterra,Reino Unido"
Q77848,Sascha Fischer,No ES WP page,,,,,,,,,,,,,,
Q80607,George Pisi,No ES WP page,,,,,,,,,,,,,,
Q82942,Farid Sid,No ES WP page,,,,,,,,,,,,,,
Q86108,Clemens von Grumbkow,No ES WP page,,,,,,,,,,,,,,
Q87794,Robert Mohr,No ES WP page,,,,,,,,,,,,,,
Q90321,Erwin Thiesies,No ES WP page,,,,,,,,,,,,,,
Q94144,Massimo Ravazzolo,No ES WP page,,,,,,,,,,,,,,
Q94780,Joe Rokocoko,,Joe Rokocoko,Josevata Taliga Rokocoko,Joe_Rokocoko,06 de junio de 1983,Nadi,/wiki/Nadi_(Fiyi),,,,189,109,Wing (rugby),,Fiyi
Q94814,Ronnie Cooke,No ES WP page,,,,,,,,,,,,,,
Q98252,Manuel Wilhelm,No ES WP page,,,,,,,,,,,,,,
Q101586,Rudolf Finsterer,No ES WP page,,,,,,,,,,,,,,
Q106775,Richard Harris,No stint found,Richard Harris,,Richard_Harris,1 de octubre de 1930,,,25 de octubre de 2002,(72 años),,185,,,,
Q111624,Shinjirō Honryō,No ES WP page,,,,,,,,,,,,,,
Q113526,Adriaan Strauss,,Adriaan Strauss,Jan Adriaan Strauss,Adriaan_Strauss,18 de noviembre de 1985,Bloemfontein,/wiki/Bloemfontein,,,,185,113,hooker,,Sudáfrica
Q127613,Patrick Lambie,,Patrick Lambie,Patrick Jonathan Lambie,Patrick_Lambie,17 de octubre de 1990,Durban,/wiki/Durban,,,,177,87,Fullback,,Sudáfrica
Q127618,Chris Ashton,,Chris Ashton,Christopher John Ashton,Chris_Ashton,29 de marzo de 1987,Wigan,/wiki/Wigan,,,,182,92,Wing; fullback,,"Inglaterra,Reino Unido"
Q128407,Martín Bustos Moyano,,Bustos Moyano,,Mart%C3%ADn_Bustos_Moyano,12 de julio de 1985,Córdoba,/wiki/C%C3%B3rdoba_(Argentina),,,,186,92,Ala; Zaguero,,Argentina
Q131895,Ross Filipo,No ES WP page,,,,,,,,,,,,,,
Q134895,Javier Bardem,No stint found,Javier Bardem,,Javier_Bardem,1 de marzo de 1969,,,,,,,,,,
Q135385,Israel Dagg,,Israel Dagg,Israel Jamahl Akuhata Dagg,Israel_Dagg,6 de junio de 1988,Marton,/w/index.php?title=Marton_(Nueva_Zelanda)&action=edit&redlink=1,,,,185,96,Fullback,,Nueva Zelanda
Q138586,Gurthrö Steenkamp,,Gurthrö Steenkamp,Gurthrö Garth Steenkamp,Gurthr%C3%B6_Steenkamp,12 de junio de 1981,Paarl,/wiki/Paarl,,,,189,122,Pilar,,Sudáfrica
Q138722,Stephen Donald,,Stephen Donald,Stephen Rex Donald,Stephen_Donald,3 de diciembre de 1983,Auckland,/wiki/Auckland,,,,186,96,Apertura; centro,,Nueva Zelanda
Q147338,Morris Kirksey,No stint found,Morris Kirksey,,Morris_Kirksey,13 de septiembre de 1895,Waxahachie,/wiki/Waxahachie_(Texas),25 de noviembre de 1981,Stanford,/wiki/Stanford_(California),,,,,Estadounidense
Q151533,Sam Whitelock,,Sam Whitelock,Samuel Lawrence Whitelock,Sam_Whitelock,12 de octubre de 1988,Palmerston North,/wiki/Palmerston_North,,,,202,114,Segunda línea,,Nueva Zelanda
Q151572,Victor Vito,,Victor Vito,Victor Vasefanua Junior Vito,Victor_Vito,27 de marzo de 1987,Wellington,/wiki/Wellington,,,,192,112,Ala; N.º 8,,Nueva Zelanda
Q163452,Tom James,No ES WP page,,,,,,,,,,,,,,
Q165701,Ali Williams,No ES WP page,,,,,,,,,,,,,,
Q166094,Zane Kirchner,,Zane Kirchner,,Zane_Kirchner,16 de junio de 1984,George,/wiki/George_(Sud%C3%A1frica),,,,184,86,Fullback; centro; wing,,Sudáfrica
Q168675,Francois Pienaar,,François Pienaar,Jacobus François Pienaar,Francois_Pienaar,02 de enero de 1967,Vereeniging,/wiki/Vereeniging,,,,191,108,Flanker,,Sudáfrica
Q169368,Jean Monribot,,Jean Monribot,,Jean_Monribot,11 de octubre de 1987,Lalinde,/wiki/Lalinde,,,,183,91,3ª línea,,Francia
Q169397,Hugo Bonneval,No ES WP page,,,,,,,,,,,,,,
Q172174,Guy Ligier,No stint found,Guy Ligier,,Guy_Ligier,12 de julio de 1930,,,23 de agosto de 2015,Nevers,/wiki/Nevers,,,,,
Q174294,Ian James Clarke,No ES WP page,,,,,,,,,,,,,,
Q176596,Clive Rowlands,,Clive Rowlands,Daniel Clive Thomas Rowlands,Clive_Rowlands,14 de mayo de 1938,Upper Cwmtwrch,/w/index.php?title=Upper_Cwmtwrch&action=edit&redlink=1,29 de julio de 2023,Swansea,/wiki/Swansea,,,Scrum,,GalesGales
Q181263,François Steyn,,François Steyn,François Philippus Lodewyk Steyn,Fran%C3%A7ois_Steyn,14 de mayo de 1987,Aliwal North,/w/index.php?title=Aliwal_North&action=edit&redlink=1,,,,191,111,Centro; Fullback; apertura,,Sudáfrica
Q182609,Jacques Rogge,No stint found,Jacques Rogge,,Jacques_Rogge,2 de mayo de 1942,,,29 de agosto de 2021,Deinze,/wiki/Deinze,,,,,
Q188309,Sergio Parisse,,Sergio Parisse,Sergio Francisco Mateo Parisse,Sergio_Parisse,12 de septiembre de 1983,La Plata,/wiki/La_Plata,,,,196,110,Octavo; ala,,Argentina
Q193926,Aaron Cruden,,Aaron Cruden,Aaron Wiremu Cruden,Aaron_Cruden,8 de enero de 1989,Palmerston North,/wiki/Palmerston_North,,,,178,84,Apertura,,Nueva Zelanda
Q194026,Jimmy Cowan,,Jimmy Cowan,Quinton James Cowan,Jimmy_Cowan,6 de marzo de 1982,Gore,/wiki/Gore_(Nueva_Zelanda),,,,185,92,Medio scrum,,Nueva Zelanda
Q200427,Dimitri Szarzewski,,Dimitri Szarzewski,,Dimitri_Szarzewski,26 de enero de 1983,Narbona,/wiki/Narbona,,,,180,102,hooker,,Francia
Q200837,Anthony Tuitavake,No ES WP page,,,,,,,,,,,,,,
Q205288,Zinzan Brooke,,Zinzan Brooke,Murray Zinzan Brooke,Zinzan_Brooke,14 de febrero de 1965,Región de Auckland,/wiki/Regi%C3%B3n_de_Auckland,,,,190,102,Octavo; ala,,Nueva Zelanda
Q207709,Roland Garros,No stint found,Roland Garros,,Roland_Garros,6 de octubre de 1888,,,5 de octubre de 1918,cerca de Vouziers,,,,,,
Q209358,André Silva,No ES WP page,,,,,,,,,,,,,,
Q209365,Richie Gray,,Richie Gray,Richard James Gray,Richie_Gray,24 de agosto de 1989,Glasgow,/wiki/Glasgow,,,,206,126,Segunda línea,,"Escocia, Reino Unido"
Q221074,Bud Spencer,No stint found,Bud Spencer,,Bud_Spencer,31 de octubre de 1929,,,27 de junio de 2016,Roma,/wiki/Roma,192,125,,,
Q250054,Mark Donaldson,No ES WP page,,,,,,,,,,,,,,
Q250144,Irakli Giorgadze,No ES WP page,,,,,,,,,,,,,,
Q261176,Geoff Evans,No ES WP page,,,,,,,,,,,,,,
Q261477,Gareth Llewellyn,No ES WP page,,,,,,,,,,,,,,
Q261702,Sunia Koto,No ES WP page,,,,,,,,,,,,,,
Q266062,Gareth John Williams,No ES WP page,,,,,,,,,,,,,,
Q276102,Jean de Villiers,,Jean de Villiers,,Jean_de_Villiers_(rugbista),24 de febrero de 1981,Paarl,/wiki/Paarl,,,,190,103,Centro,,Sudáfrica
Q281187,George Chuter,No ES WP page,,,,,,,,,,,,,,
Q281715,Wessel Roux,No ES WP page,,,,,,,,,,,,,,
Q281871,Tom Kiernan,,Tom Kiernan,Thomas Joseph Kiernan,Tom_Kiernan,7 de enero de 1939,Cork,/wiki/Cork,4 de febrero de 2022,,,180,85,Fullback,,Irlanda
Q282219,Nikki Walker,No ES WP page,,,,,,,,,,,,,,
Q282754,Josh Taumalolo,No ES WP page,,,,,,,,,,,,,,
Q283441,Alexander Widiker,No ES WP page,,,,,,,,,,,,,,
Q284846,Schalk Willem Petrus Burger,,Schalk Burger,Willem Petrus Schalk Burger Jr.,Schalk_Burger,13 de abril de 1983,Puerto Elizabeth,/wiki/Puerto_Elizabeth,,,,193,114,Ala,,Sudáfrica
Q284926,George Whitelock,No ES WP page,,,,,,,,,,,,,,
Q285258,Ron Waldron,No ES WP page,,,,,,,,,,,,,,
Q285739,Valentin Ursache,,Valentin Ursache,,Valentin_Ursache,12 de agosto de 1985,Târgu Neamt,/wiki/T%C3%A2rgu_Neamt,,,,193,112,segunda línea,,Rumanía
Q286258,Yannick Jauzion,,Yannick Jauzion,,Yannick_Jauzion,28 de julio de 1978,Castres,/wiki/Castres_(Tarn),,,,193,107,Centro,,Francia
Q287936,Joe Launchbury,,Joe Launchbury,Joseph Oliver Launchbury,Joe_Launchbury,12 de abril de 1991,Exeter,/wiki/Exeter,,,,198,118,Segunda línea,,"Inglaterra,Reino Unido"
Q289223,Jerry Collins,,Jerry Collins,,Jerry_Collins,4 de noviembre de 1980,Apia,/wiki/Apia,5 de junio de 2015,Béziers,/wiki/B%C3%A9ziers,191,108,Ala; octavo,,SamoaSamoa
Q289332,George Travers,No ES WP page,,,,,,,,,,,,,,
Q301081,Jamie Salmon,,Jamie Salmon,James Lionel Broome Salmon,Jamie_Salmon,16 de octubre de 1959,Ciudad de Victoria,/wiki/Victoria_(Hong_Kong),,,,183,88,centro,,Hong KongHong Kong
Q302330,Aaron Mauger,,Aaron Mauger,Aaron Joseph Douglas Mauger,Aaron_Mauger,29 de noviembre de 1980,Christchurch,/wiki/Christchurch,,,,183,93,Centro,,Nueva Zelanda
Q311569,Michael Hester,No stint found,Michael Hester,,Michael_Hester,2 de mayo de 1972,,,,,,181,,,,
Q316676,Mariusz Pudzianowski,No stint found,Mariusz Pudzianowski,,Mariusz_Pudzianowski,7 de febrero de 1977,Biała Rawska,/w/index.php?title=Bia%C5%82a_Rawska&action=edit&redlink=1,,,,185,120,,,Polaca
Q317422,Eric Liddell,No stint found,Eric Liddel,Eric Henry Liddell,Eric_Liddell,16 de enero de 1902,Tianjin,/wiki/Tianjin,21 de febrero de 1945,Weixian,/w/index.php?title=Weixian&action=edit&redlink=1,,,,,Británico
Q318920,Jonny Wilkinson,,Jonny Wilkinson,Jonathan Peter Wilkinson,Jonny_Wilkinson,25 de mayo de 1979,Hospital Frimley Park,/wiki/Hospital_Frimley_Park,,,,178,84,Apertura,,"Inglaterra,Reino Unido"
Q319318,William Webb Ellis,No stint found,William Webb Ellis,,William_Webb_Ellis,24 de noviembre de 1806,,,24 de febrero de 1872,Menton,/wiki/Menton,,,,,
Q323192,Saïmoni Vaka,No ES WP page,,,,,,,,,,,,,,
Q325033,Jannie du Plessis,,Jannie du Plessis,Jan Nathaniël du Plessis,Jannie_du_Plessis,16 de noviembre de 1982,"Bethlehem,",,,,,188,121,pilier,,Sudáfrica
Q325881,Hugh Llewellyn Glyn Hughes,No ES WP page,,,,,,,,,,,,,,
Q327770,John Roe,No ES WP page,,,,,,,,,,,,,,
Q329393,David Auradou,No ES WP page,,,,,,,,,,,,,,
Q335197,Bryan Habana,,Bryan Habana,Bryan Gary Habana,Bryan_Habana,12 de junio de 1983,Benoni,/wiki/Benoni,,,,179,94,Wing,,Sudáfrica
Q335238,Rahul Bose,No stint found,রাহুল বসুराहुल वौसRahul Bose,,Rahul_Bose,27 de julio de 1967,,,,,,,,Ala,,
Q338006,Jean-Baptiste Élissalde,,Jean-Baptiste Élissalde,,Jean-Baptiste_%C3%89lissalde,23 de noviembre de 1977,La Rochelle,/wiki/La_Rochelle,,,,172,73,Medio scrum,,Francia
Q339938,Chris Budgen,No ES WP page,,,,,,,,,,,,,,
Q348855,Pat Sanderson,No ES WP page,,,,,,,,,,,,,,
Q348867,Ian Kirkpatrick,,Ian Kirkpatrick,Ian Andrew Kirkpatrick,Ian_Kirkpatrick,24 de mayo de 1946,Gisborne,/wiki/Gisborne_(ciudad),,,,190,100,Ala,,Nueva Zelanda
Q350686,Adam Rhys Jones,,Adam Jones,Adam Rhys Jones,Adam_Rhys_Jones,8 de marzo de 1981,Brecknockshire,/wiki/Brecknockshire,,,,183,120,Pilar,,"Gales,Reino Unido"
Q350967,Luke McAlister,,Luke McAlister,Charles Luke McAlister,Luke_McAlister,28 de agosto de 1983,Nueva Plymouth,/wiki/Nueva_Plymouth,,,,177,93,Centro,,Nueva Zelanda
Q351157,Adam Whitelock,No ES WP page,,,,,,,,,,,,,,
Q352068,Carl Hayman,No ES WP page,,,,,,,,,,,,,,
Q353833,Hosea Gear,No ES WP page,,,,,,,,,,,,,,
Q356460,Dick Spring,No ES WP page,,,,,,,,,,,,,,
Q360694,Charlie Hodgson,,Charlie Hodgson,,Charlie_Hodgson,12 de noviembre de 1980,Halifax,/wiki/Halifax_(Yorkshire_del_Oeste),,,,178,86,Apertura,,"InglaterraInglaterra, Reino Unido"
Q361549,David Bortolussi,No ES WP page,,,,,,,,,,,,,,
Q361732,Brian Ashton,No infobox found,,,Brian_Ashton,,,,,,,,,,,
Q363717,Jonah Lomu,,Jonah Lomu,Jonah Tali Lomu,Jonah_Lomu,12 de mayo de 1975,Auckland,/wiki/Auckland,18 de noviembre de 2015,Auckland,/wiki/Auckland,196,120,Wing,,Neozelandés
Q364461,Josh Lewsey,,Josh Lewsey,Owen Joshua Lewsey,Josh_Lewsey,30 de noviembre de 1976,Bromley,/wiki/Municipio_de_Bromley_(Londres),,,,180,87,Centro; wing; fullback,,"Inglaterra,Reino Unido"
Q364694,Lote Tuqiri,,Lote Tuqiri,Lote Daulako Tuqiri,Lote_Tuqiri,23 de septiembre de 1979,Suva,/wiki/Suva,,,,191,102,Wing; Centro,,Fiyi
Q364941,Matt Burke,,Matt Burke,Matthew Coleman Burke,Matt_Burke,26 de marzo de 1973,Sídney,/wiki/S%C3%ADdney,,,,184,94,Fullback,,Australia
Q365677,Adolphe Bousquet,No ES WP page,,,,,,,,,,,,,,
Q365731,Michael Lynagh,,Michael Lynagh,Michael Patrick Lynagh,Michael_Lynagh,25 de octubre de 1963,Brisbane,/wiki/Brisbane,,,,178,80,Apertura,,Australia
Q365879,Brian Lima,,Brian Lima,Brian Pala Lima,Brian_Lima,25 de enero de 1972,Apia,/wiki/Apia,,,,183,112,Wing; centro,,Samoa
Q366237,Jeff Wilson,,Jeff Wilson,Jeffrey William Wilson,Jeff_Wilson,24 de octubre de 1973,Invercargill,/wiki/Invercargill,,,,180,94,wing; Fullback,,Nueva Zelanda
Q367554,John Gwilliam,No ES WP page,,,,,,,,,,,,,,
Q369607,Salvatore Perugini,No ES WP page,,,,,,,,,,,,,,
Q369619,Gavin Johnson,,Gavin Johnson,Gavin Keith Johnson,Gavin_Johnson,17 de octubre de 1966,Provincia de Limpopo,/wiki/Provincia_de_Limpopo,,,,188,80,Wing; fullback,,Sudáfrica
Q370059,George Smith,,George Smith,George Benjamin Smith,George_Smith_(rugbista),14 de julio de 1980,Sídney,/wiki/S%C3%ADdney,,,,180,100,Ala,,Australia
Q371377,Gheorghe Benția,No ES WP page,,,,,,,,,,,,,,
Q371503,André Béhotéguy,No ES WP page,,,,,,,,,,,,,,
Q371838,William Cail,No ES WP page,,,,,,,,,,,,,,
Q372362,Mike Teague,No ES WP page,,,,,,,,,,,,,,
Q372453,Marcelo Loffreda,,Marcelo Loffreda,Marcelo Hernán Loffreda,Marcelo_Loffreda,17 de mayo de 1959,Buenos Aires,/wiki/Buenos_Aires,,,,,,Centro,,Argentina
Q372734,Adrian Cashmore,No ES WP page,,,,,,,,,,,,,,
Q373384,Noel Purcell,No ES WP page,,,,,,,,,,,,,,
Q373771,Mark Ella,,Mark Ella,Mark Gordon Ella,Mark_Ella,5 de junio de 1959,Sídney,/wiki/S%C3%ADdney,,,,178,83,Apertura,,Australia
Q374376,De Wet Barry,No ES WP page,,,,,,,,,,,,,,
Q374524,Sean Lynch,No ES WP page,,,,,,,,,,,,,,
Q375081,Pablo Canavosio,No ES WP page,,,,,,,,,,,,,,
Q375259,Alex Burdon,No ES WP page,,,,,,,,,,,,,,
Q375493,Jim Williams,No ES WP page,,,,,,,,,,,,,,
Q375894,Andrea De Marchi,No ES WP page,,,,,,,,,,,,,,
Q376270,Denis Fahey,No ES WP page,,,,,,,,,,,,,,
Q376378,David Humphreys,,David Humphreys,David George Humphreys,David_Humphreys,10 de septiembre de 1971,Belfast,/wiki/Belfast,,,,177,86,Apertura,,"Irlanda del Norte,Reino Unido"
Q376397,Japie Mulder,,Japie Mulder,Jacobus Cornelius Mulder,Japie_Mulder,18 de octubre de 1969,Provincia del Transvaal,/wiki/Provincia_del_Transvaal,,,,180,85,Centro,,Sudáfrica
Q376430,Mike Blair,,Mike Blair,Michael Robert Leighton Blair,Mike_Blair,20 de abril de 1981,Edimburgo,/wiki/Edimburgo,,,,175,85,Medio scrum,,"EscociaEscocia, Reino Unido"
Q377052,William Téchoueyres,,William Téchoueyres,,William_T%C3%A9choueyres,12 de febrero de 1966,Burdeos,/wiki/Burdeos,,,,183,88,Wing,,Francia
Q377476,Peter Winterbottom,,Peter Winterbottom,Peter James Winterbottom,Peter_Winterbottom,31 de mayo de 1960,Otley,/wiki/Otley,,,,183,94,Ala,,"Inglaterra,Reino Unido"
Q377498,Thierry de Martel,No ES WP page,,,,,,,,,,,,,,
Q378444,Rod Kafer,,Rod Kafer,Rodney Bruce Kafer,Rod_Kafer,25 de junio de 1971,Newcastle,/wiki/Newcastle_(Australia),,,,176,86,Centro,,Australia
Q380388,Frik du Preez,,Frik du Preez,Frederick Christoffel Hendrik du Preez,Frik_du_Preez,28 de noviembre de 1935,Rustenburg,/wiki/Rustenburg,,,,189,105,Segunda línea,,Sudáfrica
Q381641,Girvan Dempsey,,Girvan Dempsey,Girvan Thomas Dempsey,Girvan_Dempsey,2 de octubre de 1975,Dublín,/wiki/Dubl%C3%ADn,,,,183,91,Fullback,,Irlanda
Q381649,Gareth Cooper,No ES WP page,,,,,,,,,,,,,,
Q382731,John Warlow,No ES WP page,,,,,,,,,,,,,,
Q383727,Giovanbattista Venditti,,Giovanbattista Venditti,,Giovanbattista_Venditti,27 de marzo de 1990,Avezzano,/wiki/Avezzano,,,,187,111,ala; centro,,Italia
Q383886,Fourie du Preez,,Fourie du Preez,Petrus Fourie du Preez,Fourie_du_Preez,24 de marzo de 1982,Pretoria,/wiki/Pretoria,,,,182,91,Medio melée,,Sudáfrica
Q384650,Paul Carozza,No ES WP page,,,,,,,,,,,,,,
Q385574,Jim Webb,No ES WP page,,,,,,,,,,,,,,
Q385611,Brodie Henderson,No ES WP page,,,,,,,,,,,,,,
Q385839,Clive Sullivan,No ES WP page,,,,,,,,,,,,,,
Q387450,Franck Montanella,No ES WP page,,,,,,,,,,,,,,
Q387525,"Wavell Wakefield, 1st Baron Wakefield of Kendal",,Wavell Wakefield,William Wavell Wakefield,Wavell_Wakefield,10 de marzo de 1898,Beckenham,/w/index.php?title=Beckenham&action=edit&redlink=1,12 de agosto de 1983,Kendal,/wiki/Kendal,186,90,Ala,,"InglaterraInglaterra, Reino Unido"
Q387669,John Robbie,No ES WP page,,,,,,,,,,,,,,
Q387758,John Rudd,No ES WP page,,,,,,,,,,,,,,
Q389714,Imanol Harinordoquy,,Imanol Harinordoquy,,Imanol_Harinordoquy,20 de febrero de 1980,Bayona,/wiki/Bayona_(Francia),,,,192,105,Octavo; Flanker,,Francia
Q390102,Darren Crompton,No ES WP page,,,,,,,,,,,,,,
Q399410,Agustín Pichot,,Agustín Pichot,,Agust%C3%ADn_Pichot,22 de agosto de 1974,Buenos Aires,/wiki/Buenos_Aires,,,,177,77,Medio scrum,,Argentina
Q405431,Aiman Abdallah,No ES WP page,,,,,,,,,,,,,,
Q406125,Benjamin Dambielle,No ES WP page,,,,,,,,,,,,,,
Q406132,Romain Cabannes,No ES WP page,,,,,,,,,,,,,,
Q406142,Rémi Lamerat,No ES WP page,,,,,,,,,,,,,,
Q406148,Jean-Marc Mazzonetto,No ES WP page,,,,,,,,,,,,,,
Q406385,Rémi Tales,No ES WP page,,,,,,,,,,,,,,
Q406422,Julien Fritz,No ES WP page,,,,,,,,,,,,,,
Q406431,Armand Battle,No ES WP page,,,,,,,,,,,,,,
Q406610,Julien Audy,No ES WP page,,,,,,,,,,,,,,
Q406616,Rabah Slimani,,Rabah Slimani,,Rabah_Slimani,18 de octubre de 1989,Sarcelles,/wiki/Sarcelles,,,,178,110,pilier,,Francia
Q406637,Yohann Vivalda,No ES WP page,,,,,,,,,,,,,,
Q425547,Gonzalo Longo,,Gonzalo Longo,Gonzalo Matías Longo Elia,Gonzalo_Longo,14 de marzo de 1974,Buenos Aires,/wiki/Buenos_Aires,,,,193,102,Octavo,,Argentina
Q425576,Michael Lipman,No ES WP page,,,,,,,,,,,,,,
Q425580,Sitiveni Sivivatu,No ES WP page,,,,,,,,,,,,,,
Q427291,Gavin Hastings,,Gavin Hastings,,Gavin_Hastings,3 de enero de 1962,Edimburgo,/wiki/Edimburgo,,,,188,95,Fullback,,"Escocia,Reino Unido"
Q428564,Dan Drysdale,No ES WP page,,,,,,,,,,,,,,
Q429847,Mircea Paraschiv,,Mircea Paraschiv,,Mircea_Paraschiv,1 de julio de 1954,Bucarest,/wiki/Bucarest,,,,175,80,Medio scrum,,Rumania
Q430712,Charles William Miller,No stint found,Charles William Miller,,Charles_William_Miller,24 de noviembre de 1874,,,30 de junio de 1953,São Paulo (Brasil),,,,guardameta; delantero,,
Q431135,Ron Cribb,No ES WP page,,,,,,,,,,,,,,
Q432098,Tom Richards,,Tom Richards,Thomas James Richards,Tom_Richards,29 de abril de 1882,Nueva Gales del Sur,/wiki/Nueva_Gales_del_Sur,25 de septiembre de 1935,Brisbane,/wiki/Brisbane,183,83,Ala,,Australia
Q432329,Paul Sackey,,Paul Sackey,Paul Henry Sackey,Paul_Sackey,8 de septiembre de 1979,Lambeth,/wiki/Lambeth,,,,186,92,Wing,,"InglaterraInglaterra, Reino Unido"
Q433258,Ian McGeechan,,Ian McGeechan,Ian Robert McGeechan,Ian_McGeechan,30 de octubre de 1946,Headingley,/wiki/Headingley,,,,179,82,Apertura,,"InglaterraInglaterra, Reino Unido"
Q433324,Lee Mears,No ES WP page,,,,,,,,,,,,,,
Q433334,Phil Vickery,,Phil Vickery,Philip John Vickery,Phil_Vickery,14 de marzo de 1976,Barnstaple,/wiki/Barnstaple,,,,190,125,Pilar,,Reino Unido
Q433339,Andrew Sheridan,No ES WP page,,,,,,,,,,,,,,
Q433539,Nick Easter,,Nick Easter,Nicholas James Easter,Nick_Easter,15 de agosto de 1978,Epsom,/wiki/Epsom,,,,193,115,Octavo,,Reino Unido
Q433546,Steve Borthwick,,Steve Borthwick,Stephen William Borthwick,Steve_Borthwick,12 de octubre de 1979,Carlisle,/wiki/Carlisle,,,,198,111,Segunda línea,,"InglaterraInglaterra, Reino Unido"
Q433551,Lewis Moody,,Lewis Moody,Lewis Walton Moody,Lewis_Moody,12 de junio de 1978,Ascot,/wiki/Ascot,,,,191,102,Ala,,"Inglaterra, Reino Unido"
Q433555,Danny Care,,Danny Care,Daniel Stuart Care,Danny_Care,2 de enero de 1987,Leeds,/wiki/Leeds,,,,177,87,Medio scrum,,"InglaterraInglaterra, Reino Unido"
Q433643,Simon Shaw,No ES WP page,,,,,,,,,,,,,,
Q433670,Dumitru Armășel,No ES WP page,,,,,,,,,,,,,,
Q433780,Mathew Tait,,Mathew Tait,Mathew James Murray Tait,Mathew_Tait,6 de febrero de 1986,Consett,/w/index.php?title=Consett&action=edit&redlink=1,,,,183,90,Centro,,"InglaterraInglaterra, Reino Unido"
Q433791,Mark Cueto,,Mark Cueto,Mark John Cueto,Mark_Cueto,26 de diciembre de 1979,Allerdale,/wiki/Allerdale,,,,183,95,Fullback; wing,,"Inglaterra,Reino Unido"
Q433797,Danny Cipriani,No ES WP page,,,,,,,,,,,,,,
Q434398,Jerry Flannery,No ES WP page,,,,,,,,,,,,,,
Q434427,David Wallace,No ES WP page,,,,,,,,,,,,,,
Q434652,Simon Webster,No ES WP page,,,,,,,,,,,,,,
Q438506,John Yapp,No ES WP page,,,,,,,,,,,,,,
Q438515,Dafydd Jones,No ES WP page,,,,,,,,,,,,,,
Q439015,Riki Flutey,No ES WP page,,,,,,,,,,,,,,
Q439025,Donncha O'Callaghan,,Donncha O'Callaghan,Donnchadh O'Callaghan,Donncha_O%27Callaghan,24 de marzo de 1979,Cork,/wiki/Cork,,,,198,114,Segunda línea,,Irlanda
Q439402,Tommy Bowe,,Tommy Bowe,Thomas John Bowe,Tommy_Bowe,22 de febrero de 1984,Emyvale,/wiki/Emyvale,,,,191,102,Ala; centro,,Irlanda
Q439413,Harry Ellis,No ES WP page,,,,,,,,,,,,,,
Q439453,Keith Earls,,Keith Earls,Keith Gerard Earls,Keith_Earls,2 de octubre de 1987,Moyross,/w/index.php?title=Moyross&action=edit&redlink=1,,,,180,90,Centro; zaguero; ala,,República de Irlanda
Q439487,Tomás O'Leary,No ES WP page,,,,,,,,,,,,,,
Q439747,Theodor Haag,No ES WP page,,,,,,,,,,,,,,
Q439867,Mark Regan,,Mark Regan,Mark Peter Regan,Mark_Regan,28 de enero de 1972,Bristol,/wiki/Bristol,,,,177,100,Hooker,,Reino Unido
Q439880,Joe Worsley,,Joe Worsley,Joseph Paul Richard Worsley,Joe_Worsley,14 de junio de 1977,Londres,/wiki/Londres,,,,195,110,Ala,,Reino Unido
Q440131,Jamie Heaslip,,Jamie Heaslip,James Peter Richard Heaslip,Jamie_Heaslip,15 de diciembre de 1983,Tiberíades,/wiki/Tiber%C3%ADades,,,,192,110,Octavo,,IsraelIsrael
Q440625,Martin Corry,No ES WP page,,,,,,,,,,,,,,
Q441286,Tom Croft,,Tom Croft,Thomas Richard Croft,Tom_Croft,7 de noviembre de 1985,Basingstoke,/wiki/Basingstoke,,,,198,110,Ala,,"Inglaterra,Reino Unido"
Q441972,Tendai Mtawarira,,Tendai Mtawarira,Tendai Nihal Mtawarira,Tendai_Mtawarira,1 de agosto de 1985,Harare,/wiki/Harare,,,,185,116,Pilar,,Zimbabue
Q443117,Tim Payne,No ES WP page,,,,,,,,,,,,,,
Q446193,Norman Slater,No ES WP page,,,,,,,,,,,,,,
Q446200,Colby Slater,No ES WP page,,,,,,,,,,,,,,
Q446520,Dudley DeGroot,No ES WP page,,,,,,,,,,,,,,
Q446789,Dai Young,,Dai Young,David Young,Dai_Young,26 de julio de 1967,Aberdare,/wiki/Aberdare,,,,188,115,Pilar,,"GalesGales, Reino Unido"
Q446877,Alfred Eluère,No ES WP page,,,,,,,,,,,,,,
Q447937,Jack Kyle,,Jack Kyle,John Wilson Kyle,Jack_Kyle,10 de febrero de 1926,Belfast,/wiki/Belfast,27 de noviembre de 2014,Bryansford,/wiki/Bryansford,,,Apertura,,"Irlanda del Norte,Reino Unido"
Q447949,Bryn Meredith,No ES WP page,,,,,,,,,,,,,,
Q447961,Alun Wyn Jones,,Alun Wyn Jones,,Alun_Wyn_Jones,19 de septiembre de 1985,Swansea,/wiki/Swansea,,,,196,118,Segunda línea,,"GalesGales, Reino Unido"
Q448009,Jim Telfer,No infobox found,,,Jim_Telfer,,,,,,,,,,,
Q448172,Syd Millar,No stint found,Syd Millar,,Syd_Millar,23 de mayo de 1934,,,10 de diciembre de 2023,,,183,100,pilar,,
Q448182,Jeremy Guscott,,Jeremy Guscott,Jeremy Clayton Guscott,Jeremy_Guscott,7 de julio de 1965,Bath,/wiki/Bath,,,,185,90,Centro,,"Inglaterra,Reino Unido"
Q448212,Bobby Windsor,No ES WP page,,,,,,,,,,,,,,
Q448312,Willie John McBride,,Willie McBride,Willie James McBride,Willie_McBride,6 de junio de 1940,"Distrito de Antrim,",,,,,192,102,Segunda línea,,"Irlanda del Norte, Reino Unido"
Q448441,Tony O'Reilly,,Tony O'Reilly,Anthony Joseph Francis O'Reilly,Tony_O%27Reilly,7 de mayo de 1936,Dublín,/wiki/Dubl%C3%ADn,18 de mayo de 2024,Dublín,/wiki/Dubl%C3%ADn,188,90,Centro,,Irlanda
Q448515,David Nash,No ES WP page,,,,,,,,,,,,,,
Q448825,Will Greenwood,,Will Greenwood,William John Heaton Greenwood,Will_Greenwood,20 de octubre de 1972,Blackburn,/wiki/Blackburn,,,,193,100,Centro,,"Inglaterra,Reino Unido"
Q449012,Jamie Roberts,,Jamie Roberts,,Jamie_Roberts,8 de noviembre de 1986,Newport,/wiki/Newport,,,,193,110,Centro; zaguero; ala,,(Reino Unido)
Q449131,Luke Charteris,No ES WP page,,,,,,,,,,,,,,
Q452051,Graham Mourie,,Graham Mourie,Graham Neil Kenneth Mourie,Graham_Mourie,8 de septiembre de 1952,Ōpunake,/w/index.php?title=%C5%8Cpunake&action=edit&redlink=1,,,,183,90,Ala,,Nueva Zelanda
Q452373,Sid Going,No stint found,Sid Going,Sir Sidney Milton Going,Sid_Going,19 de agosto de 1943,Kawakawa,/wiki/Kawakawa,17 de mayo de 2024,Maromaku (,,178,81,Halfback,,Nueva ZelandaNueva Zelanda
Q452384,Julien Dupuy,,Julien Dupuy,,Julien_Dupuy,19 de diciembre de 1983,Périgueux,/wiki/P%C3%A9rigueux,,,,178,80,Medio scrum,,Francia
Q453066,Władysław Komar,No stint found,Władysław Komar,,W%C5%82adys%C5%82aw_Komar,11 de abril de 1940,Kaunas,/wiki/Kaunas,17 de agosto de 1998,Przybiernów (,,,,,,Polaca
Q454123,Rob Kearney,,Rob Kearney,Robert Kearney,Rob_Kearney,26 de marzo de 1986,Dundalk,/wiki/Dundalk,,,,185,95,Fullback,,Irlanda
Q455124,Wilson Whineray,,Wilson Whineray,Wilson James Whineray,Wilson_Whineray,10 de julio de 1935,Auckland,/wiki/Auckland,22 de octubre de 2012,Auckland,/wiki/Auckland,183,94,Pilar,,Nueva Zelanda
Q460627,Sam Warburton,,Sam Warburton,Sam Kennedy Warburton,Sam_Warburton,5 de octubre de 1988,Cardiff,/wiki/Cardiff,,,,188,106,Tercera linea-Ala,,"Gales,Reino Unido"
Q460637,Jonathan Davies,,Jonathan Davies,Jonathan James Vaughan Davies,Jonathan_Davies,5 de abril de 1988,Solihull,/wiki/Solihull,,,,185,104,Centro,,"Inglaterra,Reino Unido"
Q460934,Morgan Stoddart,No ES WP page,,,,,,,,,,,,,,
Q461349,Oscar Kreuzer,No stint found,Oscar Kreuzer,,Oscar_Kreuzer,14 de junio de 1887,,,3 de mayo de 1968,Wiesbaden,/wiki/Wiesbaden,,,Apertura,,
Q463531,Jean-Baptiste Charcot,No stint found,Jean-Baptiste Charcot,,Jean-Baptiste_Charcot,15 de julio de 1867,,,16 de septiembre de 1936,Islandia,/wiki/Islandia,,,pilar,,
Q465470,Sébastien Chabal,,Sébastien Chabal,,S%C3%A9bastien_Chabal,8 de diciembre de 1977,Valence,/wiki/Valence_(Dr%C3%B4me),,,,191,113,Flanker; octavo; segunda línea,,Francia
Q469706,Percy Montgomery,,Percy Montgomery,Percival Colin Montgomery,Percy_Montgomery,15 de marzo de 1974,Walvis Bay,/wiki/Walvis_Bay,,,,185,93,Fullback,,NamibiaNamibia
Q472853,Alan Quinlan,No ES WP page,,,,,,,,,,,,,,
Q474788,Matthew Rees,No infobox found,,,Matthew_Rees,,,,,,,,,,,
Q475438,Vincent Clerc,,Vincent Clerc,,Vincent_Clerc,7 de mayo de 1981,Échirolles,/wiki/%C3%89chirolles,,,,178,88,Wing,,Francia
Q496505,Heyneke Meyer,,Heyneke Meyer,,Heyneke_Meyer,6 de octubre de 1967,Nelspruit,/wiki/Nelspruit,,,,185,85,,,Sudáfrica
Q500156,Andreas Reckewerth,No ES WP page,,,,,,,,,,,,,,
Q501604,Florian Faure,No ES WP page,,,,,,,,,,,,,,
Q501628,Olivier Chaplain,No ES WP page,,,,,,,,,,,,,,
Q501868,Mathieu Nicolas,No ES WP page,,,,,,,,,,,,,,
Q501873,Lucas Dupont,No ES WP page,,,,,,,,,,,,,,
Q501877,Clément Darbo,No ES WP page,,,,,,,,,,,,,,
Q502251,Massimiliano Capuzzoni,No ES WP page,,,,,,,,,,,,,,
Q503407,James Haskell,,James Haskell,James Andrew Welbon Haskell,James_Haskell,2 de abril de 1985,Windsor,/wiki/Windsor_(Berkshire),,,,194,113,Octavo,,"Inglaterra,Reino Unido"
Q503493,John Bevan,No ES WP page,,,,,,,,,,,,,,
Q503776,Andrew Bishop,No ES WP page,,,,,,,,,,,,,,
Q504581,Andrew Ellis,,Andy Ellis,Andrew Michael Ellis,Andy_Ellis,21 de febrero de 1984,Christchurch,/wiki/Christchurch,,,,176,89,Medio scrum,,Nueva Zelanda
Q505193,Andrew Hore,No ES WP page,,,,,,,,,,,,,,
Q506299,Andrew Mehrtens,,Andrew Mehrtens,Andrew Philip Mehrtens,Andrew_Mehrtens,28 de abril de 1973,Durban,/wiki/Durban,,,,178,88,Apertura,,Sudáfrica
Q506434,Luke Fitzgerald,,Luke Fitzgerald,Luke Matthew Fitzgerald,Luke_Fitzgerald,13 de septiembre de 1987,Wicklow,/wiki/Wicklow,,,,186,92,Ala; centro,,República de Irlanda
Q506917,Marcos Ayerza,,Marcos Ayerza,Marcos Iván Ayerza,Marcos_Ayerza,12 de enero de 1983,Buenos Aires,/wiki/Buenos_Aires,,,,185,110,Pilar,,Argentina
Q507506,Fabio Staibano,No ES WP page,,,,,,,,,,,,,,
Q508105,Andrew Trimble,,Andrew Trimble,Andrew David Trimble,Andrew_Trimble,20 de octubre de 1984,Coleraine,/wiki/Coleraine,,,,186,99,Wing,,"Irlanda del NorteIrlanda del Norte, Reino Unido"
Q508342,André Venter,No ES WP page,,,,,,,,,,,,,,
Q509518,Teddy Sadaoui,No ES WP page,,,,,,,,,,,,,,
Q510441,Steve Bainbridge,No ES WP page,,,,,,,,,,,,,,
Q512161,Juan Severino Somoza,No ES WP page,,,,,,,,,,,,,,
Q512413,J. J. Williams,,J. J. Williams,John James Williams,J._J._Williams,1 de abril de 1948,Maesteg,/wiki/Maesteg,29 de octubre de 2020,,,175,80,Wing,,"Gales,Reino Unido"
Q513201,Ken Jones,No stint found,Ken Jones,,Ken_Jones_(atleta),30 de diciembre de 1921,Blaenavon,/wiki/Blaenavon,18 de abril de 2006,Newport,/wiki/Newport,,,,,BritánicayBritánica
Q513355,Gert Smal,No ES WP page,,,,,,,,,,,,,,
Q515485,Ricky Januarie,,Ricky Januarie,Enrico Ricardo Januarie,Ricky_Januarie,2 de enero de 1982,West Coast,/wiki/Distrito_Municipal_de_West_Coast,,,,168,83,Medio scrum,,Sudáfrica
Q517519,Norm Maxwell,No ES WP page,,,,,,,,,,,,,,
Q517812,Craig Green,,Craig Green,Craig Iván Green,Craig_Green,23 de marzo de 1961,Christchurch,/wiki/Christchurch,,,,178,80,Wing,,Nueva Zelanda
Q517871,Frederick Maurice Watson Harvey,No ES WP page,,,,,,,,,,,,,,
Q518014,Laurent Bénézech,No ES WP page,,,,,,,,,,,,,,
Q518349,Gary Botha,No ES WP page,,,,,,,,,,,,,,
Q519164,Wenceslas Lauret,,Wenceslas Lauret,,Wenceslas_Lauret,28 de marzo de 1989,Francia,/wiki/Francia,,,,188,103,Ala cerrado,,Francés
Q519358,Alex Cuthbert,,Alex Cuthbert,Alexander Charles G. Cuthbert,Alex_Cuthbert,5 de abril de 1990,Gloucester,/wiki/Gloucester,,,,198,103,Wing,,"Inglaterra,Reino Unido"
Q519589,Mike Phillips,,Mike Phillips,,Mike_Phillips_(rugbista),29 de agosto de 1982,Carmarthen,/wiki/Carmarthen,,,,191,101,medio melé,,(Reino Unido)
Q519903,Gavin Hume,No ES WP page,,,,,,,,,,,,,,
Q521927,Brad Thorn,,Brad Thorn,Bradley Carnegie Thorn,Brad_Thorn,3 de febrero de 1975,Dunedin,/wiki/Dunedin,,,,196,119,Segunda línea,,Nueva Zelanda
Q522429,Ned Haig,,Ned Haig,Edward Haig,Ned_Haig,7 de diciembre de 1858,Jedburgh,/wiki/Jedburgh,29 de marzo de 1939,Melrose,/wiki/Melrose_(Escocia),,,Medio scrum,,"Escocia,Reino Unido"
Q525873,Shane Williams,,Shane Williams,Shane Mark Williams,Shane_Williams,26 de febrero de 1977,Swansea,/wiki/Swansea,,,,170,77,Wing,,"Gales,Reino Unido"
Q526295,Andy Irvine,,Andy Irvine,Andrew Robertson Irvine,Andy_Irvine,16 de septiembre de 1951,Edimburgo,/wiki/Edimburgo,,,,178,83,Fullback,,"Escocia,Reino Unido"
Q527084,Andy Powell,No ES WP page,,,,,,,,,,,,,,
Q528784,Wynand Olivier,,Wynand Olivier,,Wynand_Olivier,11 de junio de 1983,Welkom,/wiki/Welkom,,,,186,93,Centro,,Sudáfrica
Q531221,Emyr Wyn Lewis,No stint found,Emyr Lewis,Emyr Wyn Lewis,Emyr_Lewis,3 de octubre de 1982,,,,,,182,110,,,
Q532570,Wyatt Crockett,,Wyatt Crockett,Wyatt William Vogels Crockett,Wyatt_Crockett,24 de enero de 1983,"Burwood,",,,,,193,116,Pilier,,Nueva Zelanda
Q533038,William Renwick,No ES WP page,,,,,,,,,,,,,,
Q534779,Tony Spreadbury,No ES WP page,,,,,,,,,,,,,,
Q537512,Michel Yachvili,No ES WP page,,,,,,,,,,,,,,
Q537574,Oscar Collodo,,Oscar Collodo,,Oscar_Collodo,16 de agosto de 1958,Berna,/wiki/Berna,,,,180,85,Apertura,,SuizaSuiza
Q537903,Levan Datunashvili,,Levan Datunashvili,,Levan_Datunashvili,18 de enero de 1983,Tiflis,/wiki/Tiflis,,,,196,114,Segunda línea,,URSS
Q537933,Joe Warbrick,,Joe Warbrick,Joseph Astbury Warbrick,Joe_Warbrick,1 de enero de 1862,Rotorua,/wiki/Rotorua,30 de agosto de 1903,Géiser Waimangu,/wiki/G%C3%A9iser_Waimangu,180,90,Fullback,,Nueva Zelanda
Q538355,Nelson Dalzell,No ES WP page,,,,,,,,,,,,,,
Q539740,Joe Ward,No ES WP page,,,,,,,,,,,,,,
Q540060,Ken Kennedy,No ES WP page,,,,,,,,,,,,,,
Q540685,Stu Wilson,,Stu Wilson,Stuart Sinclair Wilson,Stu_Wilson,22 de julio de 1954,Gore,/wiki/Gore_(Nueva_Zelanda),,,,183,86,Wing,,Nueva Zelanda
Q540932,Brian Carney,No ES WP page,,,,,,,,,,,,,,
Q541164,Bryan Williams,,Bryan Williams,Bryan George Williams,Bryan_Williams,3 de octubre de 1950,Auckland,/wiki/Auckland,,,,179,89,Wing,,Nueva Zelanda
Q542332,Paul Williams,,Paul Williams,Paul Bryan Williams,Paul_Williams_(rugbista),22 de abril de 1983,Auckland,/wiki/Auckland,,,,187,95,Centro,,Nueva ZelandaNueva Zelanda
Q542818,Nic Berry,No ES WP page,,,,,,,,,,,,,,
Q542948,Federico Nicolás Sánchez,,Nicolás Sánchez,,Nicol%C3%A1s_S%C3%A1nchez_(rugbista),26 de octubre de 1988,San Miguel de Tucumán,/wiki/San_Miguel_de_Tucum%C3%A1n,,,,175,83,Apertura,,Argentina
Q543135,Patrice Lagisquet,,Patrice Lagisquet,,Patrice_Lagisquet,4 de septiembre de 1962,Arcachón,/wiki/Arcach%C3%B3n,,,,183,80,Wing,,Francia
Q543795,Simon Best,No ES WP page,,,,,,,,,,,,,,
Q544142,Eoin Reddan,,Eoin Reddan,,Eoin_Reddan,20 de noviembre de 1980,Limerick,/wiki/Limerick,,,,176,83,Medio melée,,Irlanda
Q544444,Brett Papworth,,Brett Papworth,Brett W. Papworth,Brett_Papworth,5 de noviembre de 1963,Sídney,/wiki/S%C3%ADdney,,,,180,85,Centro,,Australia
Q544594,Tony Daly,,Tony Daly,Anthony John Daly,Tony_Daly,7 de marzo de 1966,Sídney,/wiki/S%C3%ADdney,,,,178,103,Pilar,,Australia
Q546277,André Pretorius,,André Pretorius,André Stefan Pretorius,Andr%C3%A9_Pretorius,29 de diciembre de 1978,Johannesburgo,/wiki/Johannesburgo,,,,176,90,Apertura,,Sudáfrica
Q547478,Mike Campbell-Lamerton,No ES WP page,,,,,,,,,,,,,,
Q549490,Anthony Foley,,Anthony Foley,Anthony Gerard Foley,Anthony_Foley,30 de octubre de 1973,Limerick,/wiki/Limerick,16 de octubre de 2016,Suresnes,/wiki/Suresnes,190,105,Número 8,,Irlanda
Q553979,Grzegorz Kacała,No ES WP page,,,,,,,,,,,,,,
Q568655,Joseph Roffo,No infobox found,,,Joseph_Roffo,,,,,,,,,,,
Q569150,David Aucagne,No ES WP page,,,,,,,,,,,,,,
Q570956,Antanas Bosas,No ES WP page,,,,,,,,,,,,,,
Q573987,Dave Gallaher,,Dave Gallaher,,Dave_Gallaher,30 de octubre de 1873,,,4 de octubre de 1917,,,183,85,Hooker,,Irlanda(actualidad)
Q577587,Martyn Jordan,No ES WP page,,,,,,,,,,,,,,
Q577765,Zachary Pangelinan,No ES WP page,,,,,,,,,,,,,,
Q577781,Bruno Bordenave,No ES WP page,,,,,,,,,,,,,,
Q577868,Jone Daunivucu,No ES WP page,,,,,,,,,,,,,,
Q578247,Denis Fogarty,No ES WP page,,,,,,,,,,,,,,
Q578310,Olivier Brouzet,No ES WP page,,,,,,,,,,,,,,
Q579257,Nicolas Mas,,Nicolas Mas,,Nicolas_Mas,25 de mayo de 1980,Perpiñán,/wiki/Perpi%C3%B1%C3%A1n,,,,180,108,Pilier,,Francia
Q579573,Louis Picamoles,,Louis Picamoles,,Louis_Picamoles,5 de febrero de 1986,París,/wiki/Par%C3%ADs,,,,192,113,Número 8,,Francia
Q579946,Len Killeen,No ES WP page,,,,,,,,,,,,,,
Q581829,Joe Maddock,No ES WP page,,,,,,,,,,,,,,
Q582609,Fernando Morel,No ES WP page,,,,,,,,,,,,,,
Q582826,Nando Parrado,No stint found,Fernando Parrado,,Fernando_Parrado,9 de diciembre de 1949,,,,,,,,,,
Q582926,Ephraim Taukafa,No ES WP page,,,,,,,,,,,,,,
Q584317,Mervyn Davies,,Mervyn Davies,Thomas Mervyn Davies,Mervyn_Davies,9 de diciembre de 1946,Swansea,/wiki/Swansea,15 de marzo de 2012,Swansea,,193,100,Octavo,,"GalesGales, Reino Unido"
Q585747,Jack Williams,No ES WP page,,,,,,,,,,,,,,
Q586437,Jason Robinson,,Jason Robinson,Jason Thorpe Robinson,Jason_Robinson_(rugbista),30 de julio de 1974,Leeds,/wiki/Leeds,,,,173,81,Wing; centro,,"Inglaterra,Reino Unido"
Q588193,Felipe Contepomi,,Felipe Contepomi,,Felipe_Contepomi,20 de agosto de 1977,Buenos Aires,/wiki/Buenos_Aires,,,,180,90,Apertura; centro,,Argentina
Q588403,Grant Batty,No ES WP page,,,,,,,,,,,,,,
Q590826,Rory Lamont,,Rory Lamont,Rory Patrick Lamont,Rory_Lamont,10 de octubre de 1982,Perth,/wiki/Perth_(Escocia),,,,188,100,Fullback,,"EscociaEscocia, Reino Unido"
Q590943,John Welborn,No ES WP page,,,,,,,,,,,,,,
Q591370,Serge Betsen,,Serge Betsen,Serge Betsen Tchoua,Serge_Betsen,25 de marzo de 1974,Región del Sudoeste,/wiki/Regi%C3%B3n_del_Sudoeste_(Camer%C3%BAn),,,,182,96,Ala,,CamerúnCamerún
Q591492,Shaun Perry,No ES WP page,,,,,,,,,,,,,,
Q592277,Anton Oliver,No ES WP page,,,,,,,,,,,,,,
Q593538,Alexandru Manta,No ES WP page,,,,,,,,,,,,,,
Q593893,Matteo Mazzantini,No ES WP page,,,,,,,,,,,,,,
Q594222,Marc Dal Maso,No ES WP page,,,,,,,,,,,,,,
Q594828,Peter Grigg,,Peter Grigg,Peter Clive Grigg,Peter_Grigg,20 de julio de 1958,Queensland,/wiki/Queensland,,,,,,Centro; wing,,Australia
Q595313,Andrew Blowers,No ES WP page,,,,,,,,,,,,,,
Q596064,Fulgence Ouedraogo,No ES WP page,,,,,,,,,,,,,,
Q597161,Butch James,,Butch James,Andrew David James,Butch_James,8 de enero de 1979,Johannesburgo,/wiki/Johannesburgo,,,,185,100,Apertura,,Sudáfrica
Q598270,Robert Ebersohn,,Robert Ebersohn,Robert Thompson Ebersohn,Robert_Ebersohn,23 de febrero de 1989,Bloemfontein,/wiki/Bloemfontein,,,,180,87,Centro,,Sudáfrica
Q598568,Robbie Brink,,Robby Brink,Robert Andrew Brink,Robby_Brink,21 de julio de 1971,Pretoria,/wiki/Pretoria,,,,195,112,Ala,,Sudáfrica
Q599061,Yoann Maestri,,Yoann Maestri,,Yoann_Maestri,14 de enero de 1988,Hyères (Var),,,,,200,119,Segunda línea,,Francia
Q599563,Jim Calder,No ES WP page,,,,,,,,,,,,,,
Q600196,Sean Fitzpatrick,,Sean Fitzpatrick,Sean Brian Thomas Fitzpatrick,Sean_Fitzpatrick,4 de junio de 1963,Auckland,/wiki/Auckland,,,,183,105,Hooker,,Nueva Zelanda
Q601678,Ben Youngs,,Ben Youngs,Benjamin Ryder Youngs,Ben_Youngs,5 de septiembre de 1989,Norwich,/wiki/Norwich,,,,178,92,Medio scrum,,"Inglaterra,Reino Unido"
Q602404,Teddy Morgan,No ES WP page,,,,,,,,,,,,,,
Q605301,Ben Cairns,No ES WP page,,,,,,,,,,,,,,
Q605864,Gabriel Fulcher,No ES WP page,,,,,,,,,,,,,,
Q606698,Stephen Fry,No ES WP page,,,,,,,,,,,,,,
Q607384,Mirco Bergamasco,,Mirco Bergamasco,,Mirco_Bergamasco,23 de febrero de 1983,Padua,/wiki/Padua,,,,180,90,Centro; wing; fullback,,Italia
Q607457,Louis Moolman,No ES WP page,,,,,,,,,,,,,,
Q609199,Hugo Horn,No ES WP page,,,,,,,,,,,,,,
Q609538,Chris Masoe,No ES WP page,,,,,,,,,,,,,,
Q610400,Theuns Kotzé,,Theuns Kotzé,Theuns Andries Willem Kotzé,Theuns_Kotz%C3%A9,16 de julio de 1987,Karasburg,/wiki/Karasburg,,,,181,90,medio de melé,,Namibia
Q611049,Austin Healey,No ES WP page,,,,,,,,,,,,,,
Q612984,Ian Hunter,No ES WP page,,,,,,,,,,,,,,
Q614602,Roberto Canessa,No stint found,Roberto Canessa,,Roberto_Canessa,17 de enero de 1953,,,,,,,,,,
Q614928,Cliff Morgan,,Cliff Morgan,Clifford Isaac Morgan,Cliff_Morgan,7 de abril de 1930,Trebanog,/w/index.php?title=Trebanog&action=edit&redlink=1,29 de agosto de 2013,Bembridge,/wiki/Bembridge,165,71,Apertura,,"GalesGales, Reino Unido"
Q616217,Santiago González Bonorino,,González Bonorino,Santiago Hernán González Bonorino,Santiago_Gonz%C3%A1lez_Bonorino,5 de mayo de 1975,Buenos Aires,/wiki/Buenos_Aires,,,,183,116,Pilar,,Argentina
Q616384,Haralambie Dumitraș,,Hari Dumitraș,Haralambie Dumitraș,Hari_Dumitra%C8%99,11 de febrero de 1960,Bucarest,/wiki/Bucarest,,,,191,110,Octavo,,Rumania
Q617154,Giambattista Croci,No ES WP page,,,,,,,,,,,,,,
Q617168,Mauro Dal Sie,No ES WP page,,,,,,,,,,,,,,
Q628564,Jean Bayard,No ES WP page,,,,,,,,,,,,,,
Q630058,Derick Hougaard,,Derick Hougaard,Derick Jacobus Hougaard,Derick_Hougaard,4 de enero de 1983,Provincia Occidental del Cabo,/wiki/Provincia_Occidental_del_Cabo,,,,175,85,Apertura,,Sudáfrica
Q630724,Michel Crauste,No ES WP page,,,,,,,,,,,,,,
Q631000,Glen Ella,No ES WP page,,,,,,,,,,,,,,
Q635409,Benn Robinson,No ES WP page,,,,,,,,,,,,,,
Q635697,Constantin Henriquez,,Constantin Henriquez,,Constantin_Henriquez,1880 o años 1870,Puerto Paz,/wiki/Port-de-Paix,1 de febrero de 1942,Puerto Príncipe,/wiki/Puerto_Pr%C3%ADncipe,,,Octavo,,HaitíHaití
Q635864,Dan Cole,,Dan Cole,Daniel Richard Cole,Dan_Cole,9 de mayo de 1987,Leicester,/wiki/Leicester,,,,189,118,Pilar,,"Inglaterra,Reino Unido"
Q636885,Tim Gavin,No ES WP page,,,,,,,,,,,,,,
Q638010,Mike Pletch,No ES WP page,,,,,,,,,,,,,,
Q639770,Josh Valentine,No ES WP page,,,,,,,,,,,,,,
Q639771,August Schmierer,No ES WP page,,,,,,,,,,,,,,
Q639951,Octavio Bartolucci,,Octavio Bartolucci,,Octavio_Bartolucci,8 de marzo de 1975,Rosario,/wiki/Rosario_(Argentina),,,,196,90,Wing,,Argentina
Q641995,Mike Barbieri,No ES WP page,,,,,,,,,,,,,,
Q641999,Will Genia,,Will Genia,Sanchez William Genia,Will_Genia,17 de enero de 1988,Puerto Moresby,/wiki/Puerto_Moresby,,,,174,82,medio melée,,Papúa Nueva Guinea
Q642380,Colin Meads,,Colin Meads,Colin Earl Meads,Colin_Meads,3 de junio de 1936,Cambridge,/wiki/Cambridge_(Nueva_Zelanda),20 de agosto de 2017,Te Kūiti (,,192,102,Segunda línea,,Nueva Zelanda
Q642630,Harry Payne,No ES WP page,,,,,,,,,,,,,,
Q644811,Robert Seddon,No ES WP page,,,,,,,,,,,,,,
Q645540,Nicolás Fernández Miranda,,N. Fernández Miranda,Nicolás Fernández Miranda,Nicol%C3%A1s_Fern%C3%A1ndez_Miranda,25 de noviembre de 1972,Buenos Aires,/wiki/Buenos_Aires,,,,177,84,Medio scrum,,Argentina
Q646015,James Grindal,No ES WP page,,,,,,,,,,,,,,
Q646952,Gillian Galan,No ES WP page,,,,,,,,,,,,,,
Q649080,Akvsenti Giorgadze,No ES WP page,,,,,,,,,,,,,,
Q649976,Laurent Emmanuelli,No ES WP page,,,,,,,,,,,,,,
Q650640,Frantz Reichel,No stint found,Medallero,,Frantz_Reichel,,,,,,,,,,,
Q651186,Gordon Brown,,Gordon Brown,Gordon Lamont Brown,Gordon_Brown_(rugbista),1 de noviembre de 1947,Troon,/wiki/Troon_(South_Ayrshire),19 de marzo de 2001,Troon,/wiki/Troon_(South_Ayrshire),196,110,Segunda línea,,"Escocia,Reino Unido"
Q651250,Dave Walder,No ES WP page,,,,,,,,,,,,,,
Q651983,Gary Whetton,,Gary Whetton,Gary William Whetton,Gary_Whetton,15 de diciembre de 1959,Auckland,/wiki/Auckland,,,,198,105,Segunda línea,,Nueva Zelanda
Q655903,Tioti Maati Toafa,No ES WP page,,,,,,,,,,,,,,
Q657322,Joël Jutge,No ES WP page,,,,,,,,,,,,,,
Q658254,Melrick Africa,No ES WP page,,,,,,,,,,,,,,
Q660403,Jean Prat,,Jean Prat,,Jean_Prat,1 de agosto de 1923,Lourdes,/wiki/Lourdes_(Altos_Pirineos),25 de febrero de 2005,Tarbes,/wiki/Tarbes,178,85,Ala,,Francia
Q660800,Frederick Stokes,No ES WP page,,,,,,,,,,,,,,
Q662781,Anthony Boric,No ES WP page,,,,,,,,,,,,,,
Q662951,Roy Mathias,No ES WP page,,,,,,,,,,,,,,
Q664074,Akapusi Qera,No ES WP page,,,,,,,,,,,,,,
Q664469,Sisa Koyamaibole,No ES WP page,,,,,,,,,,,,,,
Q665978,Diego Cash,,Diego Cash,Diego María Cash,Diego_Cash,10 de agosto de 1961,Buenos Aires,/wiki/Buenos_Aires,,,,183,98,Pilar,,Argentina
Q667580,Willie Kyle,No ES WP page,,,,,,,,,,,,,,
Q667796,Akona Ndungane,,Akona Ndungane,Akona Zilindlovu Ndungane,Akona_Ndungane,20 de febrero de 1981,Mthatha,/wiki/Mthatha,,,,183,93,Wing,,Sudáfrica
Q668066,Paul Tito,No ES WP page,,,,,,,,,,,,,,
Q668587,Fergie McCormick,No ES WP page,,,,,,,,,,,,,,
Q670241,Vladimir Aïtoff,No infobox found,,,Vladimir_A%C3%AFtoff,,,,,,,,,,,
Q670394,Nathan Hines,No ES WP page,,,,,,,,,,,,,,
Q671300,Keith Gleeson,No ES WP page,,,,,,,,,,,,,,
Q671369,Romain Teulet,No ES WP page,,,,,,,,,,,,,,
Q677184,Joe Pietersen,No ES WP page,,,,,,,,,,,,,,
Q677419,Kitch Christie,,Kitch Christie,George Moir Christie,Kitch_Christie,31 de enero de 1940,Johannesburgo,/wiki/Johannesburgo,22 de abril de 1998,Pretoria,/wiki/Pretoria,185,90,Ala,,Sudáfrica
Q679613,Ben McCalman,,Ben McCalman,Benjamin McCalman,Ben_McCalman,18 de marzo de 1988,Dubbo,/wiki/Dubbo,,,,192,108,Segunda línea,,Australia
Q680326,Matías Corral,No stint found,Matías Corral,,Mat%C3%ADas_Corral,10 de agosto de 1968,,,,,,181,95,Pilar,,
Q680818,Billy Twelvetrees,,Billy Twelvetrees,William Wesley Twelvetrees,Billy_Twelvetrees,15 de noviembre de 1988,Chichester,/wiki/Chichester,,,,193,83,Centro,,"Inglaterra, Reino Unido"
Q681795,Émile Sarrade,No infobox found,,,Emile_Sarrade,,,,,,,,,,,
Q682817,David Denton,No ES WP page,,,,,,,,,,,,,,
Q683284,Henry Birtles,No ES WP page,,,,,,,,,,,,,,
Q684865,Alexandre Audebert,No ES WP page,,,,,,,,,,,,,,
Q685157,Pat Spence,No ES WP page,,,,,,,,,,,,,,
Q690625,Didier Camberabero,,Didier Camberabero,,Didier_Camberabero,9 de enero de 1961,Valence,/wiki/Valence_(Dr%C3%B4me),,,,175,70,Apertura,,Francia
Q690729,Vilimoni Delasau,,Vilimoni Delasau,Vilimoni Waqatabu Delasau,Vilimoni_Delasau,12 de julio de 1977,Ba,/wiki/Ba_(Fiyi),,,,190,99,Wing,,Fiyi
Q692832,Hendrik le Roux,,Hennie le Roux,Hendrik Pieter Le Roux,Hennie_le_Roux,10 de julio de 1967,Grahamstown,/wiki/Grahamstown,,,,175,80,Centro,,Sudáfrica
Q693345,Marius Hurter,,Marius Hurter,Marius Hofmeyr Hurter,Marius_Hurter,8 de octubre de 1970,Potchefstroom,/wiki/Potchefstroom,,,,187,121,Pilar,,Sudáfrica
Q704657,John McKenna,No ES WP page,,,,,,,,,,,,,,
Q707683,Marcello Fiasconaro,No stint found,Marcello Fiasconaro,,Marcello_Fiasconaro,19 de julio de 1949,Ciudad del Cabo,/wiki/Ciudad_del_Cabo,,,,,,,,SudafricanaeItaliana
Q715091,Jacques Fouroux,,Jacques Fouroux,,Jacques_Fouroux,24 de julio de 1947,Auch,/wiki/Auch,17 de diciembre de 2005,Auch,/wiki/Auch,163,70,Medio scrum,,Francia
Q715492,Arturo Rodríguez,No stint found,Arturo Rodríguez Jurado,,Arturo_Rodr%C3%ADguez_Jurado,26 de mayo de 1907,San Luis,/wiki/San_Luis_(Argentina),21 de noviembre de 1982,,,,,,,Argentina
Q716246,Peter MacKay,No stint found,Peter MacKay,,Peter_MacKay,27 de septiembre de 1965,,,,,,,,,,
Q717879,John O'Neil,No ES WP page,,,,,,,,,,,,,,
Q718533,Owen Farrell,,Owen Farrell,Owen Andrew Farrell,Owen_Farrell,24 de septiembre de 1991,Wigan,/wiki/Wigan,,,,188,96,Apertura; Centro,,"Inglaterra,Reino Unido"
Q721331,Jacques Forestier,No ES WP page,,,,,,,,,,,,,,
Q722819,Leon MacDonald,,Leon MacDonald,Leon Raymond MacDonald,Leon_MacDonald,21 de diciembre de 1977,Blenheim,/wiki/Blenheim_(Nueva_Zelanda),,,,181,96,Fullback,,Nueva Zelanda
Q723044,Grant Fox,,Grant Fox,Grant James Fox,Grant_Fox,16 de junio de 1962,Nueva Plymouth,/wiki/Nueva_Plymouth_(Nueva_Zelanda),,,,175,72,Apertura,,Nueva Zelanda
Q723121,Byron Kelleher,,Byron Kelleher,Byron Terence Kelleher,Byron_Kelleher,3 de diciembre de 1976,Dunedin,/wiki/Dunedin,,,,175,90,Medio scrum,,Nueva Zelanda
Q723260,Justin Marshall,,Justin Marshall,Justin Warren Marshall,Justin_Marshall,5 de agosto de 1973,Southland,/wiki/Southland,,,,179,95,Medio scrum,,Nueva Zelanda
Q723355,Nick Evans,,Nick Evans,Nicholas John Evans,Nick_Evans,14 de agosto de 1980,Auckland,/wiki/Auckland,,,,185,90,Apertura; fullback,,Nueva Zelanda
Q723617,John Kirwan,,John Kirwan,John James Patrick Kirwan,John_Kirwan,16 de diciembre de 1964,Auckland,/wiki/Auckland,,,,191,100,Wing,,Nueva Zelanda
Q723626,Conrad Smith,,Conrad Smith,Conrad Gerard Smith,Conrad_Smith,12 de octubre de 1981,Hawera,/w/index.php?title=Hawera&action=edit&redlink=1,,,,186,95,Centro,,Nueva Zelanda
Q723754,Charles-Édouard Yachvili,No ES WP page,,,,,,,,,,,,,,
Q723836,Isaia Toeava,,Isaia Toeava,,Isaia_Toeava,15 de enero de 1986,Apia,/wiki/Apia,,,,181,99,Fullback,,SamoaSamoa
Q723988,Neemia Tialata,,Neemia Tialata,Neemiah Stanley Tialata,Neemia_Tialata,15 de julio de 1982,Lower Hutt,/wiki/Lower_Hutt,,,,187,136,Pilar,,Nueva Zelanda
Q724072,Bob Scott,No ES WP page,,,,,,,,,,,,,,
Q725298,Ondřej Sekora,No ES WP page,,,,,,,,,,,,,,
Q725555,J. P. R. Williams,,J.P.R. Williams,John Peter Rhys Williams,J._P._R._Williams,2 de marzo de 1949,Bridgend,/wiki/Bridgend,8 de enero de 2024,Cardiff,/wiki/Cardiff,185,89,Fullback,,"Gales,Reino Unido"
Q725671,Michael Jones,,Michael Jones,Michael Niko Jones,Michael_Jones_(rugbista),8 de abril de 1965,Auckland,/wiki/Auckland,,,,185,98,Flanker,,Nueva Zelanda
Q726148,Richie McCaw,,Richie McCaw,Richard Hugh McCaw,Richie_McCaw,31 de diciembre de 1980,Oamaru,/wiki/Oamaru,,,,187,107,Ala,,Nueva Zelanda
Q726173,Os du Randt,,Os du Randt,Jacobus Petrus du Randt,Os_du_Randt,8 de septiembre de 1972,Chris Hani,/wiki/Distrito_Municipal_de_Chris_Hani,,,,190,135,Pilar,,Sudáfrica
Q726199,Dan Carter,,Dan Carter,Daniel William Carter,Dan_Carter,5 de marzo de 1982,Southbridge,/w/index.php?title=Southbridge_(Canterbury)&action=edit&redlink=1,,,,178,85,Apertura,,Nueva Zelanda
Q726224,CJ van der Linde,No ES WP page,,,,,,,,,,,,,,
Q727503,Taniela Moa,No ES WP page,,,,,,,,,,,,,,
Q728126,Laloa Milford,No ES WP page,,,,,,,,,,,,,,
Q729183,Ben Alexander,No ES WP page,,,,,,,,,,,,,,
Q730127,Raoul Thiercelin,No ES WP page,,,,,,,,,,,,,,
Q730593,Paul Doran-Jones,No ES WP page,,,,,,,,,,,,,,
Q730932,Elliot Bunney,No stint found,Elliot Bunney,,Elliot_Bunney,11 de diciembre de 1966,Edimburgo,/wiki/Edimburgo,,,,,,,,Británica
Q732909,Greg Holmes,,Greg Holmes,Greg S. Holmes,Greg_Holmes_(rugbista),11 de junio de 1983,Warwick (Queensland),/w/index.php?title=Warwick_(Queensland)&action=edit&redlink=1,,,,183,114,pilier,,Australia
Q733440,Thomas Ellison,No ES WP page,,,,,,,,,,,,,,
Q733831,Ronan O'Gara,,Ronan O'Gara,Ronan John Ross O'Gara,Ronan_O%27Gara,7 de marzo de 1977,San Diego,/wiki/San_Diego_(California),,,,183,83,Apertura,,Estados Unidos
Q737072,Stirling Mortlock,,Stirling Mortlock,Stirling Austin Mortlock,Stirling_Mortlock,20 de mayo de 1977,Sídney,/wiki/S%C3%ADdney,,,,191,103,Centro; wing,,Australia
Q737700,Adolf Stockhausen,No ES WP page,,,,,,,,,,,,,,
Q740409,Marc Stcherbina,No ES WP page,,,,,,,,,,,,,,
Q741112,Ieuan Evans,,Ieuan Evans,Ieuan Cennydd Evans,Ieuan_Evans,21 de marzo de 1964,Swansea,/wiki/Swansea,,,,178,85,Wing,,"Gales,Reino Unido"
Q742133,Des Fitzgerald,No ES WP page,,,,,,,,,,,,,,
Q742873,Danie Craven,,Danie Craven,Daniël Hartman Craven,Danie_Craven,11 de octubre de 1910,"Lindley,",,4 de enero de 1993,Stellenbosch,/wiki/Stellenbosch,178,80,Medio scrum,,Unión Sudafricana
Q742960,Alessandro Troncon,,Alessandro Troncon,,Alessandro_Troncon,6 de septiembre de 1973,Treviso,/wiki/Treviso,,,,175,88,Medio scrum,,Italia
Q743099,Stuart Lancaster,,Stuart Lancaster,William Stuart Lancaster,Stuart_Lancaster_(rugbista),9 de octubre de 1969,Penrith,/wiki/Penrith_(Inglaterra),,,,182,92,Ala,,"InglaterraInglaterra, Reino Unido"
Q743330,Alex Brown,No ES WP page,,,,,,,,,,,,,,
Q745050,Antonio Beltrán Rodríguez,No stint found,"Antonio ""Nono"" Beltrán",Antonio Beltrán Rodríguez,Antonio_Beltr%C3%A1n_Rodr%C3%ADguez,20 de junio de 1981,,,,,,177,80,Medio melé,,
Q745663,Aleki Lutui,No ES WP page,,,,,,,,,,,,,,
Q746140,Dave Lougheed,No ES WP page,,,,,,,,,,,,,,
Q746834,Jeff Miller,No ES WP page,,,,,,,,,,,,,,
Q747292,Gavin Duffy,No ES WP page,,,,,,,,,,,,,,
Q747488,Mathieu Bonello,No ES WP page,,,,,,,,,,,,,,
Q747672,Mark Titley,No ES WP page,,,,,,,,,,,,,,
Q747885,Arnaud Marchois,No ES WP page,,,,,,,,,,,,,,
Q749148,Arnaud Costes,No ES WP page,,,,,,,,,,,,,,
Q751510,Lloyd Burns,No ES WP page,,,,,,,,,,,,,,
Q761487,Mathieu Bastareaud,,Mathieu Bastareaud,,Mathieu_Bastareaud,17 de septiembre de 1988,Créteil,/wiki/Cr%C3%A9teil,,,,183,120,Centro,,Francia
Q761775,Abel Albert,No ES WP page,,,,,,,,,,,,,,
Q762029,David Leslie,No ES WP page,,,,,,,,,,,,,,
Q762608,Ian Evans,,Ian Evans,Ian Richard Evans,Ian_Evans,4 de octubre de 1984,Johannesburgo,/wiki/Johannesburgo,,,,204,116,Pilar,,Sudáfrica
Q762620,Omar Hasan,,Omar Hasan,José Omar Hasan,Omar_Hasan,21 de abril de 1971,San Miguel de Tucumán,/wiki/San_Miguel_de_Tucum%C3%A1n,,,,183,112,Pilar,,Argentina
Q762944,Isoa Neivua,No ES WP page,,,,,,,,,,,,,,
Q763721,Haydn Tanner,No ES WP page,,,,,,,,,,,,,,
Q766509,Nigel Melville,No ES WP page,,,,,,,,,,,,,,
Q766796,Morné Schreuder,No ES WP page,,,,,,,,,,,,,,
Q767406,Sebastian Bozzi,No ES WP page,,,,,,,,,,,,,,
Q768777,Corné Krige,,Corné Krige,Cornelius Petrus Johannes Krige,Corn%C3%A9_Krige,21 de marzo de 1975,Lusaka,/wiki/Lusaka,,,,190,102,,,Zambia
Q768874,Sean O'Brien,,Sean O'Brien,Sean Kevin O'Brien,Sean_O%27Brien,14 de febrero de 1987,Carlow,/wiki/Carlow,,,,188,108,Flanker,,Irlanda
Q770412,Tom McGown,No ES WP page,,,,,,,,,,,,,,
Q772272,Alain Carminati,No ES WP page,,,,,,,,,,,,,,
Q774079,Simon Geoghegan,,Simon Geoghegan,Simon Patrick Geoghegan,Simon_Geoghegan,1 de junio de 1968,Knebworth,/wiki/Knebworth,,,,183,88,Wing,,"Inglaterra,Reino Unido"
Q775742,Barry John,,Barry John,,Barry_John,6 de enero de 1945,Cefneithin,/w/index.php?title=Cefneithin&action=edit&redlink=1,4 de febrero de 2024,Cardiff,/wiki/Cardiff,178,80,Apertura,,Reino Unido
Q776095,Joseph Pugsley,No ES WP page,,,,,,,,,,,,,,
Q776124,Olly Morgan,No ES WP page,,,,,,,,,,,,,,
Q776564,Jean-Pierre Rives,,Jean-Pierre Rives,,Jean-Pierre_Rives,31 de diciembre de 1952,Toulouse,/wiki/Toulouse,,,,178,85,Flanker,,Francia
Q777512,Raphaël Ibañez,,Raphaël Ibáñez,,Rapha%C3%ABl_Ib%C3%A1%C3%B1ez,17 de febrero de 1973,Dax,/wiki/Dax,,,,178,100,Hooker,,Francia
Q778307,Don Clarke,,Don Clarke,Donald Barry Clarke,Don_Clarke,10 de noviembre de 1933,Pihama,/w/index.php?title=Pihama&action=edit&redlink=1,29 de diciembre de 2002,Johannesburgo,/wiki/Johannesburgo,188,110,Fullback,,Nueva Zelanda
Q779888,Jonathan Kaplan,No ES WP page,,,,,,,,,,,,,,
Q780557,Sid Bevan,No ES WP page,,,,,,,,,,,,,,
Q780661,Keith Robinson,No ES WP page,,,,,,,,,,,,,,
Q780849,Scott Hastings,,Scott Hastings,,Scott_Hastings_(rugbista),4 de diciembre de 1964,Edimburgo,/wiki/Edimburgo,,,,186,90,Centro,,"Escocia,Reino Unido"
Q781211,Ian Gough,No ES WP page,,,,,,,,,,,,,,
Q783392,Ramiro Martínez,No ES WP page,,,,,,,,,,,,,,
Q783645,Jean-Pierre Pérez,No ES WP page,,,,,,,,,,,,,,
Q784026,Chris Jones,No ES WP page,,,,,,,,,,,,,,
Q785829,Sébastien Morel,No ES WP page,,,,,,,,,,,,,,
Q786285,Cameron Lillicrap,No ES WP page,,,,,,,,,,,,,,
Q786362,Nicky Robinson,No ES WP page,,,,,,,,,,,,,,
Q786824,Boy Louw,No ES WP page,,,,,,,,,,,,,,
Q787661,Matthias Rolland,No ES WP page,,,,,,,,,,,,,,
Q787770,John Timu,,John Timu,John Kakuhura Raymond Timu,John_Timu,8 de mayo de 1969,Dannevirke,/wiki/Dannevirke,,,,180,83,Fullback,,Nueva Zelanda
Q788236,Rima Wakarua,No ES WP page,,,,,,,,,,,,,,
Q793995,Zac Guildford,No ES WP page,,,,,,,,,,,,,,
Q799964,Mohamadou Diarra,No ES WP page,,,,,,,,,,,,,,
Q800108,Jean-Maurice Oulouma,No ES WP page,,,,,,,,,,,,,,
Q804456,Bakkies Botha,,Bakkies Botha,John Philip Botha,Bakkies_Botha,22 de septiembre de 1979,Newcastle,/w/index.php?title=Newcastle_(Sud%C3%A1frica)&action=edit&redlink=1,,,,202,124,Segunda línea,,Sudáfrica
Q813828,Frank Smith,No ES WP page,,,,,,,,,,,,,,
Q816494,Ben Franks,,Ben Franks,Benjamin John Franks,Ben_Franks,27 de marzo de 1984,Frankston (Victoria),,,,,185,120,Pilier,,Australia
Q827102,Berrick Barnes,,Berrick Barnes,Berrick Stephen Barnes,Berrick_Barnes,28 de mayo de 1986,Brisbane,/wiki/Brisbane,,,,183,87,Fullback; Apertura,,Australia
Q829262,Berwyn Jones,No stint found,Berwyn Jones,,Berwyn_Jones,13 de febrero de 1940,Rhymney,/wiki/Rhymney,12 de enero de 2007,Ross-on-Wye,/wiki/Ross-on-Wye,,,,,Británica
Q859787,Richard Kahui,No ES WP page,,,,,,,,,,,,,,
Q861935,Bill Beaumont,,Bill Beaumont,William Blackledge Beaumont,Bill_Beaumont,9 de marzo de 1952,Chorley,/wiki/Chorley,,,,191,102,Segunda línea,,"Inglaterra,Reino Unido"
Q862313,Bill McLaren,No stint found,Bill McLaren,William Pollock McLaren,Bill_McLaren,16 de octubre de 1923,,,19 de enero de 2010,"Hawick, R. U.",,,,Ala,,
Q863024,Billy Boston,No stint found,Billy Boston,William John Boston,Billy_Boston,6 de agosto de 1934,,,,,,,,,,
Q883404,Bleddyn Williams,,Bleddyn Williams,Bleddyn Llewellyn Williams,Bleddyn_Williams,22 de febrero de 1923,Taff's Well,/wiki/Taff%27s_Well,6 de julio de 2009,Cardiff,/wiki/Cardiff,178,83,Centro,,Reino Unido
Q892034,Carlin Isles,No ES WP page,,,,,,,,,,,,,,
Q893192,Roberto Favaro,No ES WP page,,,,,,,,,,,,,,
Q897007,Bradley Davies,No ES WP page,,,,,,,,,,,,,,
Q908859,Brendon Leonard,No ES WP page,,,,,,,,,,,,,,
Q912573,Brian Lochore,,Brian Lochore,Brian James Lochore,Brian_Lochore,3 de septiembre de 1940,Masterton,/wiki/Masterton,3 de agosto de 2019,Masterton,/wiki/Masterton,191,95,Octavo; ala,,Nueva Zelanda
Q912889,Brian O'Driscoll,,Brian O'Driscoll,Brian Gerald O'Driscoll,Brian_O%27Driscoll,21 de enero de 1979,Dublín,/wiki/Dubl%C3%ADn,,,,178,90,Centro,,Irlanda
Q914227,Justin Tipuric,,Justin Tipuric,Justin Charles Tipuric,Justin_Tipuric,6 de agosto de 1989,Neath,/wiki/Neath,,,,188,102,Ala,,Reino Unido
Q919397,Hugo Porta,No stint found,Hugo Porta,,Hugo_Porta,11 de julio de 1951,,,,,,,,Apertura,,
Q919501,Todd Clever,,Todd Clever,,Todd_Clever,16 de enero de 1983,Palm Springs,/wiki/Palm_Springs,,,,193,100,Ala,,Estados Unidos
Q921039,Philippe Sella,,Philippe Sella,,Philippe_Sella,14 de febrero de 1962,Tonneins,/wiki/Tonneins,,,,180,84,Centro,,Francia
Q921375,Chris Latham,,Chris Latham,Christopher Eric Latham,Chris_Latham,8 de septiembre de 1975,Nueva Gales del Sur,/wiki/Nueva_Gales_del_Sur,,,,192,99,Fullback,,Australia
Q921680,Clive Woodward,,Clive Woodward,Clive Ronald Woodward,Clive_Woodward,6 de enero de 1956,Gran Mánchester,/wiki/Gran_M%C3%A1nchester,,,,180,86,Centro,,"Inglaterra,Reino Unido"
Q921935,Ryan Caldwell,No ES WP page,,,,,,,,,,,,,,
Q922025,John Afoa,No ES WP page,,,,,,,,,,,,,,
Q922170,Matt Giteau,,Matt Giteau,Matthew James Giteau,Matt_Giteau,29 de septiembre de 1982,Sídney,/wiki/S%C3%ADdney,,,,178,85,Centro; apertura,,Australia
Q923207,Christophe Dominici,,Christophe Dominici,,Christophe_Dominici,20 de mayo de 1972,Tolón,/wiki/Tol%C3%B3n,24 de noviembre de 2020,Saint-Cloud,/wiki/Saint-Cloud,172,82,Wing,,Francés
Q924317,Alain Penaud,No ES WP page,,,,,,,,,,,,,,
Q924641,Marzio Innocenti,,Marzio Innocenti,,Marzio_Innocenti,4 de septiembre de 1958,Livorno,/wiki/Livorno,,,,185,90,Ala,,Italia
Q924729,Colin Slade,,Colin Slade,Colin Richard Slade,Colin_Slade,10 de octubre de 1987,Christchurch,/wiki/Christchurch,,,,183,90,Apertura; zaguero; Wing; centro,,Nueva Zelanda
Q925097,Stephen Larkham,,Stephen Larkham,,Stephen_Larkham,29 de mayo de 1974,Canberra,/wiki/Canberra,,,,189,88,Apertura,,Australia
Q925823,Richard Hyland,No ES WP page,,,,,,,,,,,,,,
Q926351,John Eales,,John Eales,John Anthony Eales,John_Eales,27 de junio de 1970,Brisbane,/wiki/Brisbane,,,,200,119,Segunda línea,,Australia
Q926984,Pedro Bordaberry,No stint found,Pedro Bordaberry,,Pedro_Bordaberry,28 de abril de 1960,,,,,,,,,,
Q927905,Géo André,No stint found,Georges André,,Georges_Andr%C3%A9,13 de agosto de 1889,VIII Distrito de París,/wiki/VIII_distrito_de_Par%C3%ADs,4 de mayo de 1943,Tánger,/wiki/T%C3%A1nger,188,85,,,Francesa
Q928783,Gavin Kerr,No ES WP page,,,,,,,,,,,,,,
Q930461,Duncan Jones,No ES WP page,,,,,,,,,,,,,,
Q930496,Rodrigo Roncero,,Rodrigo Roncero,,Rodrigo_Roncero,16 de febrero de 1977,Mayor Buratovich,,,,,178,110,Pilar,,Argentino
Q930517,Simon Taylor,,Simon Taylor,Simon Marcus Taylor,Simon_Taylor,17 de agosto de 1979,Stirling,/wiki/Stirling,,,,193,112,Octavo; ala; segunda línea,,"Escocia,Reino Unido"
Q930546,Jean-François Montauriol,No ES WP page,,,,,,,,,,,,,,
Q931973,Kini Murimurivalu,,Kini Murimurivalu,,Kini_Murimurivalu,15 de mayo de 1989,Suva,/wiki/Suva,,,,178,94,Ala; zaguero,,Fiyi
Q932094,Chris Cusiter,,Chris Cusiter,Christopher Peter Cusiter,Chris_Cusiter,13 de junio de 1982,Aberdeen,/wiki/Aberdeen,,,,178,85,Medio scrum,,"Escocia,Reino Unido"
Q932319,Jason White,No ES WP page,,,,,,,,,,,,,,
Q932726,Roman Šuster,No ES WP page,,,,,,,,,,,,,,
Q932939,Thinus Delport,No ES WP page,,,,,,,,,,,,,,
Q933941,Tom Shanklin,No ES WP page,,,,,,,,,,,,,,
Q934120,Jonathan Thomas,No ES WP page,,,,,,,,,,,,,,
Q934472,Dwayne Peel,No ES WP page,,,,,,,,,,,,,,
Q934531,Martyn Williams,,Martyn Williams,Martyn Elwyn Williams,Martyn_Williams,1 de septiembre de 1975,Rhondda Cynon Taff,/wiki/Rhondda_Cynon_Taff,,,,183,97,Ala,,"Gales,Reino Unido"
Q934587,Mark Jones,No ES WP page,,,,,,,,,,,,,,
Q934602,Colin Charvis,,Colin Charvis,Colin Lloyd Charvis,Colin_Charvis,27 de diciembre de 1972,Sutton Coldfield,/wiki/Sutton_Coldfield,,,,190,112,Ala; octavo,,"Inglaterra,Reino Unido"
Q934631,Gethin Jenkins,,Gethin Jenkins,,Gethin_Jenkins,17 de noviembre de 1980,Rhondda Cynon Taff,/wiki/Rhondda_Cynon_Taff,,,,188,115,Pilar,,"GalesGales,Reino Unido"
Q934769,Huw Bennett,No ES WP page,,,,,,,,,,,,,,
Q934781,Warren Gatland,,Warren Gatland,Warren David Gatland,Warren_Gatland,17 de septiembre de 1963,Hamilton,/wiki/Hamilton_(Nueva_Zelanda),,,,188,105,Hooker,,Nueva Zelanda
Q935470,Alex Wyllie,,Alex Wyllie,Alexander John Wyllie,Alex_Wyllie,30 de agosto de 1944,Christchurch,/wiki/Christchurch,22 de marzo de 2025,"Picton, Nueva Zelanda","/wiki/Picton,_Nueva_Zelanda",185,102,Ala,,Nueva Zelanda
Q935555,Olo Brown,,Olo Brown,Olo Max Brown,Olo_Brown,24 de octubre de 1967,Apia,/wiki/Apia,,,,183,110,Pilar,,Samoa
Q935913,Roberto Quartaroli,No ES WP page,,,,,,,,,,,,,,
Q936012,James Horwill,,James Horwill,,James_Horwill,29 de mayo de 1985,Brisbane,/wiki/Brisbane,,,,200,117,Segunda línea,,Australia
Q936035,Lionel Nallet,,Lionel Nallet,,Lionel_Nallet,14 de septiembre de 1976,Bourg-en-Bresse,/wiki/Bourg-en-Bresse,,,,195,114,Segunda línea,,Francia
Q936307,Deacon Manu,No ES WP page,,,,,,,,,,,,,,
Q936628,Brett Robinson,No ES WP page,,,,,,,,,,,,,,
Q936651,Cédric Heymans,,Cédric Heymans,,C%C3%A9dric_Heymans,20 de julio de 1978,Brive-la-Gaillarde,/wiki/Brive-la-Gaillarde,,,,180,96,Fullback,,Francia
Q936712,Dan Parks,,Dan Parks,Daniel Arthur Parks,Dan_Parks,26 de mayo de 1978,Hornsby,/wiki/Hornsby,,,,180,90,Apertura,,Australia
Q938312,Alejandro Allub,,Alejandro Allub,,Alejandro_Allub,11 de febrero de 1976,Ciudad de Córdoba,/wiki/Ciudad_de_C%C3%B3rdoba_(Argentina),,,,196,105,Segunda línea,,Argentina
Q938512,Mark Nicholls,No ES WP page,,,,,,,,,,,,,,
Q938743,David Codey,,David Codey,,David_Codey,7 de julio de 1957,Sídney,/wiki/S%C3%ADdney,,,,,,Octavo,,Australia
Q938814,Geordan Murphy,,Geordan Murphy,Geordan Edward Andrew Murphy,Geordan_Murphy,19 de abril de 1978,Dublín,/wiki/Dubl%C3%ADn,,,,185,90,Fullback,,Irlanda
Q941226,Ross Ford,,Ross Ford,Ross William Ford,Ross_Ford,23 de abril de 1984,Edimburgo,/wiki/Edimburgo,,,,185,113,Hooker,,"EscociaEscocia, Reino Unido"
Q941295,Mauro Bergamasco,,Mauro Bergamasco,,Mauro_Bergamasco,1 de mayo de 1979,Padua,/wiki/Padua,,,,185,95,Octavo; ala,,Italia
Q941509,Andrea Moretti,No ES WP page,,,,,,,,,,,,,,
Q941629,David MacMyn,No ES WP page,,,,,,,,,,,,,,
Q942066,Ian Roberts,No stint found,Ian Roberts,,Ian_Roberts_(rugbista),31 de julio de 1965,Londres,/wiki/Londres,,,,,112,,,Reino UnidoReino Unido
Q942535,Dugald MacDonald,No ES WP page,,,,,,,,,,,,,,
Q944046,Justin Harrison,No ES WP page,,,,,,,,,,,,,,
Q945352,Richie Collins,No ES WP page,,,,,,,,,,,,,,
Q945353,Dink Templeton,No ES WP page,,,,,,,,,,,,,,
Q945368,George Fish,No ES WP page,,,,,,,,,,,,,,
Q945433,Erwin Righter,No ES WP page,,,,,,,,,,,,,,
Q945457,Charles Doe,No ES WP page,,,,,,,,,,,,,,
Q945481,Daniel Carroll,,Daniel Carroll,Daniel Brendon Carroll,Daniel_Carroll_(rugbista),17 de noviembre de 1888,,,5 de agosto de 1956,Nueva Orleans,/wiki/Nueva_Orleans,175,80,Fullback,,Estadounidense
Q945495,Christopher McKivat,No ES WP page,,,,,,,,,,,,,,
Q946282,Marcel-Frédéric Lubin-Lebrère,No ES WP page,,,,,,,,,,,,,,
Q946830,George Dixon,No ES WP page,,,,,,,,,,,,,,
Q947144,Mike Gibson,,Mike Gibson,Cameron Michael Henderson Gibson,Mike_Gibson_(rugbista),3 de diciembre de 1942,Belfast,/wiki/Belfast,,,,180,82,Centro,,"Irlanda del Norte,Reino Unido"
Q947312,Phil Carmichael,No ES WP page,,,,,,,,,,,,,,
Q949204,Gareth Thomas,,Gareth Thomas,,Gareth_Thomas_(rugbista),25 de julio de 1974,Sarn,/wiki/Sarn_(Bridgend),,,,191,103,Fullback,,"GalesGales, Reino Unido"
Q949374,Wendell Sailor,,Wendell Sailor,Wendell Jermaine Sailor,Wendell_Sailor,16 de julio de 1974,Brisbane,/wiki/Brisbane,,,,190,105,Wing,,Australia
Q950114,Gwyn Nicholls,,Gwyn Nicholls,Erith Gwyn Nicholls,Gwyn_Nicholls,15 de julio de 1874,Westbury-on-Severn,/w/index.php?title=Westbury-on-Severn&action=edit&redlink=1,24 de marzo de 1939,Dinas Powys,/wiki/Dinas_Powys,180,80,Centro,,"InglaterraInglaterra, Reino Unido"
Q950241,Juan Martín Fernández Lobbe,,Juan Martín Fernández Lobbe,,Juan_Fern%C3%A1ndez_Lobbe,19 de noviembre de 1981,Buenos Aires,/wiki/Buenos_Aires,,,,193,108,ala; octavo,,Argentina
Q952707,John Schwalger,No ES WP page,,,,,,,,,,,,,,
Q953203,Ravuama Samo,No ES WP page,,,,,,,,,,,,,,
Q953492,Tasesa Lavea,No ES WP page,,,,,,,,,,,,,,
Q953736,Troy Coker,,Troy Coker,,Troy_Coker,30 de mayo de 1965,Brisbane,/wiki/Brisbane,,,,197,110,Octavo,,Australia
Q956769,Ilia Zedginidze,No ES WP page,,,,,,,,,,,,,,
Q957095,Poutasi Luafutu,No ES WP page,,,,,,,,,,,,,,
Q958264,Garath Archer,No ES WP page,,,,,,,,,,,,,,
Q958919,Conway Rees,No ES WP page,,,,,,,,,,,,,,
Q959311,Errol Tobias,,Errol Tobias,Errol George Tobias,Errol_Tobias,18 de marzo de 1950,Provincia Occidental del Cabo,/wiki/Provincia_Occidental_del_Cabo,,,,175,80,Centro; apertura,,Sudáfrica
Q960013,Dave Pearson,No ES WP page,,,,,,,,,,,,,,
Q960245,Arthur Harding,No ES WP page,,,,,,,,,,,,,,
Q960459,Mark Cardinal,,Mark Cardinal,Mark E. Cardinal,Mark_Cardinal,5 de mayo de 1961,Victoria,/wiki/Victoria_(Columbia_Brit%C3%A1nica),,,,180,93,Hooker,,Canadá
Q960657,Ronald Scobie,No stint found,Ronald Scobie,,Ronald_Scobie,8 de junio de 1893,,,1969,Aldershot,/wiki/Aldershot,,,,,
Q960699,Peter Dods,,Peter Dods,Peter William Dods,Peter_Dods,6 de enero de 1958,Galashiels,/wiki/Galashiels,,,,175,80,Fullback,,"Escocia,Reino Unido"
Q960819,Alexandru Penciu,No ES WP page,,,,,,,,,,,,,,
Q961659,Nicolas Spanghero,No ES WP page,,,,,,,,,,,,,,
Q963552,Cory Jane,,Cory Jane,Cory Steven Jane,Cory_Jane,8 de febrero de 1983,Lower Hutt,/wiki/Lower_Hutt,,,,183,91,Wing,,Nueva Zelanda
Q963878,Shane Horgan,,Shane Horgan,Shane Patrick Horgan,Shane_Horgan,18 de julio de 1978,Bellewstown,/w/index.php?title=Bellewstown&action=edit&redlink=1,,,,193,104,Wing,,Irlanda
Q964302,John Hayes,,John Hayes,John James Hayes,John_Hayes_(rugbista),2 de noviembre de 1973,Cappamore,/wiki/Cappamore,,,,193,128,Pilar,,Irlanda
Q964396,Peter Sutherland,No stint found,Peter Sutherland,,Peter_Sutherland,25 de abril de 1946,,,7 de enero de 2018,Dublín (Irlanda),,,,,,
Q964516,Gordon D'Arcy,,Gordon D'Arcy,Gordon William D'Arcy,Gordon_D%27Arcy,10 de febrero de 1980,Wexford,/wiki/Condado_de_Wexford,,,,180,91,Centro,,Irlanda
Q965304,Gareth Wyatt,No ES WP page,,,,,,,,,,,,,,
Q965327,M. L. Logan,No ES WP page,,,,,,,,,,,,,,
Q965625,Will Johnson,No ES WP page,,,,,,,,,,,,,,
Q966223,Jean Bruneval,No ES WP page,,,,,,,,,,,,,,
Q969935,Graeme Higginson,No ES WP page,,,,,,,,,,,,,,
Q970683,Joe Simpson,No ES WP page,,,,,,,,,,,,,,
Q971098,Ben Foden,,Ben Foden,Benjamin James Foden,Ben_Foden,22 de julio de 1985,Chester,/wiki/Chester,,,,183,95,Wing,,"Inglaterra,Reino Unido"
Q971418,Stephen Brett,No ES WP page,,,,,,,,,,,,,,
Q971565,Dow Travers,No ES WP page,,,,,,,,,,,,,,
Q971887,Santiago Dellapè,No stint found,Santiago Dellapè,,Santiago_Dellap%C3%A8,9 de mayo de 1978,,,,,,200,117,Segunda línea,,
Q971915,Joost van der Westhuizen,,Joost van der Westhuizen,,Joost_van_der_Westhuizen,20 de febrero de 1971,Pretoria,/wiki/Pretoria,6 de febrero de 2017,Johannesburgo,/wiki/Johannesburgo,185,88,Medio scrum,,Sudáfrica
Q972170,Georg Wenderoth,No ES WP page,,,,,,,,,,,,,,
Q972956,Jamie Noon,No ES WP page,,,,,,,,,,,,,,
Q976977,Jack Gregory,No ES WP page,,,,,,,,,,,,,,
Q979163,Carwyn James,,Carwyn James,Carwyn Rees James,Carwyn_James,2 de noviembre de 1929,Cefneithin,/w/index.php?title=Cefneithin&action=edit&redlink=1,10 de enero de 1983,Ámsterdam,/wiki/%C3%81msterdam,178,80,Apertura,,"GalesGales, Reino Unido"
Q979204,Gerald Davies,,Gerald Davies,Thomas Gerald Reames Davies,Gerald_Davies,7 de febrero de 1945,Carmarthenshire,/wiki/Carmarthenshire,,,,174,79,Wing,,"GalesGales, Reino Unido"
Q979301,John Dawes,,John Dawes,Sydney John Dawes,John_Dawes,29 de junio de 1940,Abercarn,/wiki/Abercarn,16 de abril de 2021,Cardiff,/wiki/Cardiff,178,82,Centro,,"GalesGales, Reino Unido"
Q979336,Delme Thomas,No ES WP page,,,,,,,,,,,,,,
Q981549,Sitiveni Rabuka,No stint found,Sitiveni Rabuka,,Sitiveni_Rabuka,13 de septiembre de 1948,,,,,,,,pilar,,
Q981688,Ryan Bevington,No ES WP page,,,,,,,,,,,,,,
Q981870,Robin Welsh,No ES WP page,,,,,,,,,,,,,,
Q981948,Rob Howley,No ES WP page,,,,,,,,,,,,,,
Q982144,Juan Smith,,Juan Smith,Juanne Hugo Smith,Juan_Smith,10 de julio de 1981,Bloemfontein,/wiki/Bloemfontein,,,,196,112,Ala; octavo,,Sudáfrica
Q982231,Nick Mallett,,Nick Mallett,Nicholas Vivian Haward Mallett,Nick_Mallett,20 de agosto de 1963,Hertford Heath,/wiki/Hertford_Heath,,,,193,102,Octavo,,"InglaterraInglaterra, Reino Unido"
Q984338,Corey Flynn,No ES WP page,,,,,,,,,,,,,,
Q984446,Kieran Read,,Kieran Read,Kieran James Read,Kieran_Read,26 de octubre de 1985,Papakura,/w/index.php?title=Papakura&action=edit&redlink=1,,,,193,110,N.º 8; ala,,Nueva Zelanda
Q984616,Owen Franks,,Owen Franks,Owen Thomas Franks,Owen_Franks,23 de diciembre de 1987,Motueka,/wiki/Motueka,,,,185,120,Pilar,,Nueva Zelanda
Q1026362,Kevin Skinner,No ES WP page,,,,,,,,,,,,,,
Q1026692,Richard White,No ES WP page,,,,,,,,,,,,,,
Q1027216,Frank Walsh,No ES WP page,,,,,,,,,,,,,,
Q1039026,Martin Castrogiovanni,,Martín Castrogiovanni,Martín Leandro Castrogiovanni,Mart%C3%ADn_Castrogiovanni,21 de octubre de 1981,Paraná,/wiki/Paran%C3%A1_(Argentina),,,,188,117,Pilar,,Argentina
Q1043259,Carlos Spencer,,Carlos Spencer,Carlos James Spencer,Carlos_Spencer,14 de octubre de 1975,Levin,/wiki/Levin,,,,184,98,Apertura,,Nueva Zelanda
Q1052808,Marco Bortolami,No stint found,Marco Bortolami,,Marco_Bortolami,12 de junio de 1980,,,,,,196,110,Segunda línea,,
Q1053176,Naas Botha,,Naas Botha,Hendrik Egnatius Botha,Naas_Botha,27 de febrero de 1958,Breyten,/wiki/Breyten,,,,179,,Apertura,,Sudáfrica
Q1055519,Stefano Bettarello,No stint found,Stefano Bettarello,Stefano Betarello,Stefano_Bettarello,2 de abril de 1958,,,,,,173,67,Apertura,,
Q1060582,Benoît Baby,No ES WP page,,,,,,,,,,,,,,
Q1061706,Andrea Scanavacca,No stint found,Andrea Scanavacca,,Andrea_Scanavacca,13 de julio de 1973,,,,,,175,75,Apertura,,
Q1061908,Michael Owen,No ES WP page,,,,,,,,,,,,,,
Q1061916,Jérôme Thion,No ES WP page,,,,,,,,,,,,,,
Q1061941,AJ Venter,No ES WP page,,,,,,,,,,,,,,
Q1061948,Rémy Martin,,Rémy Martin,,R%C3%A9my_Martin_(rugbista),10 de agosto de 1979,Aubenas,/wiki/Aubenas,,,,195,107,Segunda línea,,Francia
Q1064574,Charles Gondouin,No stint found,Charles Gondouin,,Charles_Gondouin,21 de julio de 1875,,,24 de diciembre de 1947,XV distrito de París,/wiki/XV_distrito_de_Par%C3%ADs,,,Apertura,,
Q1072699,Maurice Tillet,No stint found,Maurice Tillet,,Maurice_Tillet,23 de octubre de 1903,,,4 de septiembre de 1954,,,,139,,,
Q1077147,Chris Czekaj,No ES WP page,,,,,,,,,,,,,,
Q1077368,Chris Jack,,Chris Jack,Christopher Raymond Jack,Chris_Jack,5 de septiembre de 1978,Christchurch,/wiki/Christchurch,,,,202,112,Segunda línea,,Nueva Zelanda
Q1077440,Chris Laidlaw,,Chris Laidlaw,Christopher Robert Laidlaw,Chris_Laidlaw,16 de noviembre de 1943,Dunedin,/wiki/Dunedin,,,,175,78,Medio scrum,,Nueva Zelanda
Q1077593,Andrea Marcato,,Andrea Marcato,,Andrea_Marcato,17 de abril de 1983,Padua,/wiki/Padua,,,,183,80,Fullback; Apertura,,Italiana
Q1077641,Chris Paterson,,Chris Paterson,Christopher Douglas Paterson,Chris_Paterson,30 de marzo de 1978,Edimburgo,/wiki/Edimburgo,,,,183,80,Fullback,,"Escocia,Reino Unido"
Q1079231,Christian Cullen,,Christian Cullen,Christian Mathias Cullen,Christian_Cullen,12 de febrero de 1976,Isla Norte,/wiki/Isla_Norte,,,,180,85,Fullback; Wing; centro,,Nueva Zelanda
Q1081019,Daisuke Ohata,,Daisuke Ohata,,Daisuke_Ohata,11 de noviembre de 1975,Osaka,/wiki/Osaka,,,,175,85,Wing,,Japón
Q1090659,Renzo Nostini,No stint found,Renzo Nostini,,Renzo_Nostini,27 de mayo de 1914,Roma,/wiki/Roma,1 de octubre de 2005,Roma,/wiki/Roma,,,,,
Q1095816,Clarke Dermody,No ES WP page,,,,,,,,,,,,,,
Q1098565,Claus Himmer,No ES WP page,,,,,,,,,,,,,,
Q1106119,C. B. Fry,No ES WP page,,,,,,,,,,,,,,
Q1113393,Quintin Geldenhuys,No ES WP page,,,,,,,,,,,,,,
Q1113423,Julien Saby,No ES WP page,,,,,,,,,,,,,,
Q1115849,Jonathan Davies,,Jonathan Davies,,Jonathan_Davies_(n._en_1962),24 de octubre de 1962,Carmarthenshire,/wiki/Carmarthenshire,,,,175,80,Apertura,,"Gales,Reino Unido"
Q1116693,Ramiro Pez,,Ramiro Pez,Ramiro Eduardo Pez,Ramiro_Pez,6 de diciembre de 1978,Ciudad de Córdoba,/wiki/Ciudad_de_C%C3%B3rdoba_(Argentina),,,,177,86,Apertura,,Argentina
Q1117881,Georges Coste,No ES WP page,,,,,,,,,,,,,,
Q1125154,Mils Muliaina,,Mils Muliaina,Junior Malili Muliaina,Mils_Muliaina,31 de julio de 1980,Atua,/wiki/Atua_(distrito),,,,184,92,Fullback,,SamoaSamoa
Q1133612,Tim Visser,,Tim Visser,Tim Jan Willem Visser,Tim_Visser,29 de mayo de 1987,De Bilt,/wiki/De_Bilt,,,,194,109,Ala,,Países Bajos
Q1138615,Craig Mitchell,No ES WP page,,,,,,,,,,,,,,
Q1145792,Fabio Ongaro,No ES WP page,,,,,,,,,,,,,,
Q1145820,David Marty,,David Marty,,David_Marty,30 de octubre de 1982,Perpiñán,/wiki/Perpi%C3%B1%C3%A1n,,,,180,90,Centro,,Francia
Q1146089,Pierre Hola,No ES WP page,,,,,,,,,,,,,,
Q1146098,Andrea Masi,No stint found,Andrea Masi,,Andrea_Masi,30 de marzo de 1981,,,,,,186,92,zaguero,,
Q1146488,Malcolm O'Kelly,,Malcolm O'Kelly,Malcolm Eamonn O'Kelly,Malcolm_O%27Kelly,19 de julio de 1974,Chelmsford,/wiki/Chelmsford,,,,202,119,Segunda línea,,Reino Unido
Q1146510,Scott Murray,,Scott Murray,,Scott_Murray,15 de enero de 1976,East Lothian,/wiki/East_Lothian,,,,198,105,Segunda línea,,"Escocia,Reino Unido"
Q1150644,Casey Dunning,No ES WP page,,,,,,,,,,,,,,
Q1150866,Drew Mitchell,,Drew Mitchell,Drew Alan Mitchell,Drew_Mitchell,26 de marzo de 1984,"Liverpool, Nueva Gales del Sur",/wiki/Liverpool_(Australia),,,,182,92,Wing; zaguero,,Australia
Q1151497,Frano Botica,,Frano Botica,Frano Michael Botica,Frano_Botica,3 de agosto de 1963,Mangakino,/w/index.php?title=Mangakino&action=edit&redlink=1,,,,175,80,Apertura,,Nueva Zelanda
Q1151501,Haloti Ngata,,Haloti Ngata,Etuini Haloti Ngata,Haloti_Ngata,21 de enero de 1984,"Inglewood, California",/wiki/Inglewood_(California),,,,193,154,Defensive tackle,,Tongana
Q1152152,Finau Maka,No ES WP page,,,,,,,,,,,,,,
Q1152188,Abdelatif Benazzi,No ES WP page,,,,,,,,,,,,,,
Q1152349,Paolo Vaccari,,Paolo Vaccari,,Paolo_Vaccari,15 de enero de 1971,Calvisano,/wiki/Calvisano,,,,185,93,Centro; wing; fullback,,Italia
Q1153763,Robin McBryde,No ES WP page,,,,,,,,,,,,,,
Q1154165,Santiago Mesós,No stint found,Santiago Mesón,,Santiago_Mes%C3%B3n,25 de enero de 1968,San Miguel de Tucumán,/wiki/San_Miguel_de_Tucum%C3%A1n,,,,,,,,Argentina
Q1158723,Henry Tuilagi,No ES WP page,,,,,,,,,,,,,,
Q1158997,Dan Biggar,,Dan Biggar,Daniel Rhys Biggar,Dan_Biggar,16 de octubre de 1989,Morriston,/w/index.php?title=Morriston&action=edit&redlink=1,,,,183,89,Apertura,,Reino Unido
Q1159111,Dan Lydiate,No ES WP page,,,,,,,,,,,,,,
Q1168182,Neil Back,,Neil Back,Neil Anthony Back,Neil_Back,16 de enero de 1969,Coventry,/wiki/Coventry,,,,178,93,Ala,,"Inglaterra,Reino Unido"
Q1171148,David Skrela,,David Skrela,,David_Skrela,2 de marzo de 1979,Toulouse,/wiki/Toulouse,,,,190,98,Apertura; centro,,Francia
Q1173751,Julien Arias,,Julien Arias,,Julien_Arias,26 de octubre de 1983,Marsella,/wiki/Marsella,,,,178,83,Wing,,Francia
Q1173922,David Campese,,David Campese,David Ian Campese,David_Campese,21 de octubre de 1962,Queanbeyan,/wiki/Queanbeyan,,,,180,89,Wing,,Australia
Q1174510,Gonzalo Quesada,,Gonzalo Quesada,,Gonzalo_Quesada,2 de mayo de 1974,Buenos Aires,/wiki/Buenos_Aires,,,,183,88,Apertura,,Argentina
Q1174996,David Kirk,,David Kirk,David Edward Kirk,David_Kirk,5 de octubre de 1960,Wellington,/wiki/Wellington,,,,173,73,Medio scrum,,Nueva Zelanda
Q1178601,Davit Khinchagishvili,No ES WP page,,,,,,,,,,,,,,
Q1183309,Deiniol Jones,No ES WP page,,,,,,,,,,,,,,
Q1209805,Dick Thornett,No ES WP page,,,,,,,,,,,,,,
Q1220419,Diego Domínguez,,Diego Domínguez,Diego Daniel Domínguez,Diego_Dom%C3%ADnguez,25 de abril de 1966,Córdoba,/wiki/C%C3%B3rdoba_(Argentina),,,,174,78,Apertura,,Argentina
Q1242028,Donogh O'Malley,No ES WP page,,,,,,,,,,,,,,
Q1248312,Ma'a Nonu,,Ma'a Nonu,Ma'a Allan Nonu,Ma%27a_Nonu,21 de mayo de 1982,Wellington,/wiki/Wellington,,,,182,106,Centro,,Nueva Zelanda
Q1251763,Doug Howlett,,Doug Howlett,Doug Charles Howlett,Doug_Howlett,21 de septiembre de 1978,Auckland,/wiki/Auckland,,,,185,93,Fullback; wing,,Nueva Zelanda
Q1255252,James Cecil Parke,No stint found,James Cecil Parke,,James_Cecil_Parke,26 de julio de 1881,,,27 de febrero de 1946,Llandudno,/wiki/Llandudno,,,centro,,
Q1267572,Frank Stoker,No ES WP page,,,,,,,,,,,,,,
Q1285065,Alain Estève,No stint found,Alain Estève,,Alain_Est%C3%A8ve,15 de septiembre de 1946,Castelnaudary,/wiki/Castelnaudary,7 de noviembre de 2023,Béziers,/wiki/B%C3%A9ziers,202,120,Ala,,Francia
Q1290991,Eduardo Guerrero,No stint found,Eduardo Guerrero,,Eduardo_Guerrero_(remero),4 de marzo de 1928,,,17 de agosto de 2015,,,,,,,argentina
Q1292850,Edward Larkin,No ES WP page,,,,,,,,,,,,,,
Q1302969,Eifion Lewis-Roberts,No ES WP page,,,,,,,,,,,,,,
Q1308117,Pierre Spies,,Pierre Spies,Pierre Johan Spies,Pierre_Spies,8 de junio de 1985,Pretoria,/wiki/Pretoria,,,,194,111,Octavo,,Sudáfrica
Q1309925,Kel Tremain,No ES WP page,,,,,,,,,,,,,,
Q1313045,Frank Himmer,No ES WP page,,,,,,,,,,,,,,
Q1322456,Serge Blanco,,Serge Blanco,,Serge_Blanco,31 de agosto de 1958,Caracas,/wiki/Caracas,,,,183,88,Fullback,,Venezuela
Q1333347,Robbie Deans,,Robbie Deans,Robert Maxwell Deans,Robbie_Deans,4 de septiembre de 1959,Cheviot,/w/index.php?title=Cheviot&action=edit&redlink=1,,,,180,85,Fullback,,Nueva Zelanda
Q1340053,Pierre Failliot,No stint found,Pierre Failliot,,Pierre_Failliot,25 de febrero de 1887,IV Distrito de París,/wiki/IV_distrito_de_Par%C3%ADs,31 de diciembre de 1935,París,/wiki/Par%C3%ADs,,,,,Francesa
Q1343583,Kenta Kobashi,No stint found,Kenta Kobashi,,Kenta_Kobashi,27 de marzo de 1967,,,,,,,115,,,
Q1346897,Gavin Williams,No ES WP page,,,,,,,,,,,,,,
Q1349233,Thierry Dusautoir,,Thierry Dusautoir,,Thierry_Dusautoir,18 de noviembre de 1981,Abiyán,/wiki/Abiy%C3%A1n,,,,188,101,Ala,,Costa de Marfil
Q1354535,Reginald Baker,No stint found,Reginald Baker,Reginald Leslie Baker,Reginald_Baker,8 de febrero de 1884,Surry Hills,/wiki/Surry_Hills,2 de diciembre de 1953,,,178,Mediano,,,Australia
Q1364292,Albert Henry,No ES WP page,,,,,,,,,,,,,,
Q1372070,Euan Murray,No ES WP page,,,,,,,,,,,,,,
Q1375848,Piri Weepu,,Piri Weepu,Piri Awahou Tihou Weepu,Piri_Weepu,7 de septiembre de 1983,Lower Hutt,/wiki/Lower_Hutt,,,,175,88,Medio scrum,,Nueva Zelanda
Q1380216,Graham Henry,,Graham Henry,Graham William Henry,Graham_Henry,8 de junio de 1946,Christchurch,/wiki/Christchurch,,,,,,,,Nueva Zelanda
Q1380259,Lee Byrne,No ES WP page,,,,,,,,,,,,,,
Q1380938,Stephen Jones,,Stephen Jones,Stephen Michael Jones,Stephen_Jones,8 de diciembre de 1977,Aberystwyth,/wiki/Aberystwyth,,,,185,94,Apertura,,"Gales,Reino Unido"
Q1381032,Phil Bennett,,Phil Bennett,Jonathan James Vaughan Davies,Phil_Bennett,24 de octubre de 1948,Carmarthenshire,/wiki/Carmarthenshire,22 de junio de 2022,Felinfoel (,,170,75,Apertura,,"Inglaterra,Reino Unido"
Q1381089,Gareth Edwards,,Gareth Edwards,Gareth Owen Edwards,Gareth_Edwards,12 de julio de 1947,Neath-Port Talbot,/wiki/Neath-Port_Talbot,,,,173,80,Medio scrum,,"Gales,Reino Unido"
Q1381233,Neil Jenkins,,Neil Jenkins,Neil Roger Jenkins,Neil_Jenkins,8 de julio de 1971,Church Village,/wiki/Church_Village,,,,178,86,Apertura,,"Gales,Reino Unido"
Q1381758,Nicky Little,,Nicky Little,Nick Tyrone Little,Nicky_Little,13 de septiembre de 1976,Tokoroa,/w/index.php?title=Tokoroa&action=edit&redlink=1,,,,183,95,Apertura,,Nueva ZelandaNueva Zelanda
Q1381928,Lawrence Dallaglio,,Lawrence Dallaglio,Lorenzo Bruno Nero Dallaglio,Lawrence_Dallaglio,10 de agosto de 1972,Hammersmith y Fulham,/wiki/Hammersmith_y_Fulham,,,,193,112,Ala; octavo,,"Inglaterra,Reino Unido"
Q1386045,Juan Martín Hernández,,Juan M. Hernández,Juan Martín Hernández,Juan_Mart%C3%ADn_Hern%C3%A1ndez,7 de agosto de 1982,San Nicolás,/wiki/San_Nicol%C3%A1s_de_los_Arroyos,,,,187,90,Apertura; Centro; Fullback,,argentino
Q1386232,Owen Chadwick,No stint found,Owen Chadwick,,Owen_Chadwick,20 de mayo de 1916,,,17 de julio de 2015,Cambridge,/wiki/Cambridge,,,Hooker,,
Q1386825,Ryan Jones,,Ryan Jones,Ryan Paul Jones,Ryan_Jones,13 de marzo de 1981,Newport,/wiki/Newport,,,,196,114,Octavo; ala; segunda línea,,"Gales,Reino Unido"
Q1386944,Mike Tindall,,Mike Tindall,Michael James Tindall,Mike_Tindall,18 de octubre de 1978,Otley,/wiki/Otley,,,,185,100,Centro,,"Inglaterra,Reino Unido"
Q1388702,Keith Wood,,Keith Wood,Keith Gerard Mallinson Wood,Keith_Wood,27 de enero de 1972,Killaloe,/wiki/Killaloe,,,,183,106,Hooker,,Irlanda
Q1390425,Fabien Pelous,,Fabien Pelous,,Fabien_Pelous,7 de diciembre de 1973,Toulouse,/wiki/Toulouse,,,,198,108,Segunda línea,,Francia
Q1390892,Morné Steyn,,Morné Steyn,,Morn%C3%A9_Steyn,11 de julio de 1984,Ciudad del Cabo,/wiki/Ciudad_del_Cabo,,,,184,91,Apertura,,Sudáfrica
Q1390916,Jaque Fourie,,Jaque Fourie,,Jaque_Fourie,4 de marzo de 1983,Carletonville,/wiki/Carletonville,,,,189,92,Centro; wing,,Sudáfrica
Q1391013,Frederik van Zyl Slabbert,No ES WP page,,,,,,,,,,,,,,
Q1391022,JP Pietersen,,JP Pietersen,Jon-Paul Roger Pietersen,JP_Pietersen,12 de julio de 1986,Stellenbosch,/wiki/Stellenbosch,,,,190,96,Wing,,Sudáfrica
Q1392267,John Barnett,No ES WP page,,,,,,,,,,,,,,
Q1392497,Peter de Villiers,No infobox found,,,Peter_de_Villiers,,,,,,,,,,,
Q1396178,Winston Peters,No stint found,Winston Peters,,Winston_Peters,11 de abril de 1945,,,,,,,,,,
Q1396331,Frédéric Michalak,,Frédéric Michalak,,Fr%C3%A9d%C3%A9ric_Michalak,16 de octubre de 1982,Toulouse,/wiki/Toulouse,,,,181,85,apertura,,Francia
Q1396771,John Smit,,John Smit,John William Smit,John_Smit,3 de abril de 1978,Polokwane,/wiki/Polokwane,,,,188,116,Hooker,,Sudáfrica
Q1398207,Penaia Ganilau,No ES WP page,,,,,,,,,,,,,,
Q1398346,Leigh Halfpenny,,Leigh Halfpenny,Stephen Leigh Halfpenny,Leigh_Halfpenny,22 de diciembre de 1988,Swansea,/wiki/Swansea,,,,178,85,Fullback; wing,,"Gales,Reino Unido"
Q1400144,Jonathan Sexton,,Jonathan Sexton,Jonathan Jeremiah Sexton,Jonathan_Sexton,11 de julio de 1985,Dublín,/wiki/Dubl%C3%ADn,,,,188,90,Apertura,,Irlanda
Q1402244,Gonzalo Tiesi,,Gonzalo Tiesi,,Gonzalo_Tiesi,24 de abril de 1985,Buenos Aires,/wiki/Buenos_Aires,,,,184,90,Centro,,Argentina
Q1402511,Clément Poitrenaud,,Clément Poitrenaud,,Cl%C3%A9ment_Poitrenaud,20 de mayo de 1982,Castres,/wiki/Castres_(Tarn),,,,188,86,Fullback,,Francia
Q1403116,Arthur Gould,,Arthur Gould,Arthur Joseph Gould,Arthur_Gould,10 de octubre de 1864,Newport,/wiki/Newport,2 de enero de 1919,Newport,/wiki/Newport,179,85,Centro; fullback,,"Gales,Reino Unido"
Q1403131,Graham Price,,Graham Price,,Graham_Price,24 de noviembre de 1951,Gobernación de Ismailia,/wiki/Ismailia_(gobernaci%C3%B3n),,,,,,Pilar,,EgiptoEgipto
Q1403137,Dewi Bebb,No infobox found,,,Dewi_Bebb,,,,,,,,,,,
Q1403150,Derek Quinnell,No ES WP page,,,,,,,,,,,,,,
Q1403274,Johan Ackermann,No ES WP page,,,,,,,,,,,,,,
Q1403461,Ugo Monye,,Ugo Monye,Ugochukwu Chiedozie Monye,Ugo_Monye,13 de abril de 1983,Islington,/wiki/Islington,,,,188,92,Wing,,"Inglaterra,Reino Unido"
Q1403617,Juan Manuel Leguizamón,,Juan Leguizamón,Juan Manuel Leguizamón,Juan_Leguizam%C3%B3n,6 de junio de 1983,Santiago del Estero,/wiki/Santiago_del_Estero_(ciudad),,,,190,110,Ala,,Argentina
Q1403952,Rob Andrew,,Rob Andrew,Christopher Robert Andrew,Rob_Andrew,18 de febrero de 1963,Yorkshire del Norte,/wiki/Yorkshire_del_Norte,,,,175,80,Apertura,,"Inglaterra,Reino Unido"
Q1404165,Jeff Probyn,,Jeff Probyn,Jeffrey Alan Probyn,Jeff_Probyn,27 de abril de 1956,Bethnal Green,/wiki/Bethnal_Green,,,,178,102,Pilar,,Reino Unido
Q1404569,Gareth Jenkins,No infobox found,,,Gareth_Jenkins,,,,,,,,,,,
Q1404576,Mike Ruddock,No ES WP page,,,,,,,,,,,,,,
Q1404832,Perry Freshwater,No ES WP page,,,,,,,,,,,,,,
Q1405894,Ferdinand-Wilhelm Fricke,No ES WP page,,,,,,,,,,,,,,
Q1406223,Fergus Slattery,,Fergus Slattery,John Fergus Slattery,Fergus_Slattery,12 de febrero de 1949,Dún Laoghaire,/wiki/D%C3%BAn_Laoghaire,,,,185,97,Ala,,Irlanda
Q1407412,Watcyn Thomas,No ES WP page,,,,,,,,,,,,,,
Q1409027,Adam Ashley-Cooper,,Adam Ashley-Cooper,,Adam_Ashley-Cooper,27 de marzo de 1984,Sídney,/wiki/S%C3%ADdney,,,,185,98,Centro; Wing; Fullback,,Australia
Q1410416,Jim Sullivan,No ES WP page,,,,,,,,,,,,,,
Q1410667,Stephen Moore,,Stephen Moore,Stephen Thomas Moore,Stephen_Moore_(rugbista),20 de enero de 1983,Khamis Mushait,/w/index.php?title=Khamis_Mushait&action=edit&redlink=1,,,,186,112,hooker,,Arabia Saudí
Q1410678,Wycliff Palu,,Wycliff Palu,Wycliff L. Palu,Wycliff_Palu,27 de julio de 1982,Sídney,/wiki/S%C3%ADdney,,,,194,120,N.º 8; flanker,,Australia
Q1417556,Finlay Calder,,Finlay Calder,,Finlay_Calder,20 de agosto de 1957,Haddington,/wiki/Haddington,,,,186,90,Ala,,"EscociaEscocia, Reino Unido"
Q1420544,Roland Fairbairn McWilliams,No ES WP page,,,,,,,,,,,,,,
Q1421403,Nathan Sharpe,,Nathan Sharpe,Nathan Charles Sharpe,Nathan_Sharpe,26 de febrero de 1978,Wagga Wagga,/wiki/Wagga_Wagga,,,,200,115,Segunda línea,,Australia
Q1421525,Marcello Cuttitta,,Marcello Cuttitta,,Marcello_Cuttitta,2 de septiembre de 1966,Latina,/wiki/Latina_(Italia),,,,175,87,Wing,,Italia
Q1432627,Ignacio Corleto,,Ignacio Corleto,Ignacio Miguel Corleto,Ignacio_Corleto,21 de junio de 1978,Buenos Aires,/wiki/Buenos_Aires,,,,185,90,Fullback,,Argentina
Q1440699,Fran Cotton,No ES WP page,,,,,,,,,,,,,,
Q1443895,Frank Oliver,No ES WP page,,,,,,,,,,,,,,
Q1444739,Scott Johnson,No ES WP page,,,,,,,,,,,,,,
Q1445873,Peter Stringer,,Peter Stringer,Peter Alexander Stringer,Peter_Stringer,13 de diciembre de 1977,Cork,/wiki/Cork,,,,170,73,Medio scrum,,Irlanda
Q1451857,Andy Ripley,No ES WP page,,,,,,,,,,,,,,
Q1452199,Fred Allen,,Fred Allen,Frederick Richard Allen,Fred_Allen_(rugbista),9 de febrero de 1920,Oamaru,/wiki/Oamaru,28 de abril de 2012,Península de Whangaparaoa,/w/index.php?title=Pen%C3%ADnsula_de_Whangaparaoa&action=edit&redlink=1,178,80,Centro,,Nueva Zelanda
Q1452535,Frédéric Cermeno,No ES WP page,,,,,,,,,,,,,,
Q1455146,Massimo Giovanelli,No stint found,Massimo Giovanelli,,Massimo_Giovanelli,1 de marzo de 1967,,,,,,185,104,Flanker,,
Q1469095,Luke McLean,,Luke McLean,,Luke_McLean,29 de junio de 1987,Townsville,/wiki/Townsville,,,,190,95,Zaguero; ala; apertura,,Australia
Q1496438,Gavin Henson,,Gavin Henson,Gavin Lloyd Henson,Gavin_Henson,1 de febrero de 1982,Pencoed,/wiki/Pencoed,,,,183,85,Centro,,"GalesGales, Reino Unido"
Q1507452,George Gregan,,George Gregan,George Musarurwa Gregan,George_Gregan,19 de abril de 1973,Lusaka,/wiki/Lusaka,,,,173,79,Medio scrum,,Zambia
Q1507984,George Nēpia,,George Nepia,,George_Nepia,25 de abril de 1905,Hawke's Bay,/wiki/Hawke%27s_Bay,27 de agosto de 1986,Ruatoria (,,175,82,Fullback,,Nueva Zelanda
Q1533749,Goderdzi Shvelidze,No ES WP page,,,,,,,,,,,,,,
Q1544973,Greg Rawlinson,No ES WP page,,,,,,,,,,,,,,
Q1544987,Greg Somerville,No ES WP page,,,,,,,,,,,,,,
Q1558855,Paul James,,Paul James,,Paul_James_(rugbista),13 de mayo de 1982,Neath,/wiki/Neath,,,,185,115,pilier,,Reino Unido
Q1586658,Harry McKibbin,No ES WP page,,,,,,,,,,,,,,
Q1606696,Lucas Borges,,Lucas Borges,,Lucas_Borges,17 de febrero de 1980,Buenos Aires,/wiki/Buenos_Aires,,,,177,80,Wing,,Argentino
Q1611133,Pierre Mignoni,,Pierre Mignoni,,Pierre_Mignoni,28 de febrero de 1977,Tolón,/wiki/Tol%C3%B3n,,,,169,75,Medio scrum,,Francia
Q1613680,Yannick Bru,No ES WP page,,,,,,,,,,,,,,
Q1617770,Lloyd Johansson,No ES WP page,,,,,,,,,,,,,,
Q1617787,Tony Marsh,No ES WP page,,,,,,,,,,,,,,
Q1619707,Matthieu Lièvremont,No stint found,Matthieu Lièvremont,,Matthieu_Li%C3%A8vremont,6 de noviembre de 1975,,,,,,185,99,Flanker,,
Q1620977,Jeff Young,No ES WP page,,,,,,,,,,,,,,
Q1626795,Thierry Lacroix,,Thierry Lacroix,,Thierry_Lacroix,2 de marzo de 1967,Nogaro,/wiki/Nogaro,,,,180,84,Apertura,,Francia
Q1627760,Jean-Baptiste Lafond,,Jean-Baptiste Lafond,,Jean-Baptiste_Lafond,29 de diciembre de 1961,Bègles,/wiki/B%C3%A8gles,,,,180,82,Wing,,Francia
Q1637651,André Boniface,No stint found,André Boniface,,Andr%C3%A9_Boniface,14 de agosto de 1934,Montfort-en-Chalosse,/wiki/Montfort-en-Chalosse,8 de abril de 2024,Bayona,/wiki/Bayona_(Francia),179,82,Centro,,Francesa
Q1638027,Alexis Palisson,,Alexis Palisson,,Alexis_Palisson,9 de septiembre de 1987,Montauban,/wiki/Montauban,,,,176,83,Fullback,,Francia
Q1638162,Maxime Mermoz,,Maxime Mermoz,,Maxime_Mermoz,28 de julio de 1986,Épinal,/wiki/%C3%89pinal,,,,180,90,Centro,,Francia
Q1638760,Pascal Papé,,Pascal Papé,,Pascal_Pap%C3%A9,5 de octubre de 1980,Lyon,/wiki/Lyon,,,,195,122,Segunda línea,,Francia
Q1638997,Damien Chouly,,Damien Chouly,,Damien_Chouly,27 de noviembre de 1985,Limosín,/wiki/Limos%C3%ADn_(Francia),,,,192,111,Flanker,,Francia
Q1639698,Dan Vickerman,,Daniel Vickerman,Daniel Joseph Vickerman,Dan_Vickerman,4 de junio de 1979,Ciudad del Cabo,/wiki/Ciudad_del_Cabo,18 de febrero de 2017,Sídney,/wiki/S%C3%ADdney,204,119,Segunda línea,,Sudáfrica
Q1645731,Alain Rolland,No stint found,Alain Rolland,,Alain_Rolland,22 de agosto de 1966,Dublín,/wiki/Dubl%C3%ADn,,,,,,,,Irlanda
Q1645792,Santiago Phelan,,Santiago Phelan,,Santiago_Phelan,31 de marzo de 1974,Buenos Aires,/wiki/Buenos_Aires,,,,187,92,Ala,,Argentina
Q1648228,Carlos Ignacio Fernández Lobbe,,Carlos Fernández Lobbe,Carlos Ignacio Fernández Lobbe,Carlos_Fern%C3%A1ndez_Lobbe,20 de noviembre de 1974,Buenos Aires,/wiki/Buenos_Aires,,,,194,110,Segunda línea,,Argentina
Q1649008,Federico Méndez,No stint found,Federico Méndez,,Federico_M%C3%A9ndez,2 de agosto de 1972,Mendoza,/wiki/Mendoza_(Argentina),,,,183,107,Hooker,,Argentina
Q1649199,Rolando Martín,,Rolando Martin,Rolando Abel Martin,Rolando_Mart%C3%ADn,23 de septiembre de 1968,Maryland,/wiki/Maryland,,,,188,103,Ala,,Estados Unidos
Q1649587,Jake White,,Jake White,Jacob Westerduin[1]​,Jake_White,13 de diciembre de 1963,Johannesburgo,/wiki/Johannesburgo,,,,,,,,Sudáfrica
Q1650753,Diego Albanese,,Diego Albanese,Diego Luis Albanese,Diego_Albanese,17 de septiembre de 1973,Mar del Plata,/wiki/Mar_del_Plata,,,,172,80,Wing,,Argentina
Q1671549,Ron Jarden,No ES WP page,,,,,,,,,,,,,,
Q1680577,James Hook,,James Hook,James William Hook,James_Hook,27 de junio de 1985,Port Talbot,/wiki/Port_Talbot,,,,183,93,Apertura; wing; centro; fullback,,"Gales,Reino Unido"
Q1683939,Jason Leonard,,Jason Leonard,,Jason_Leonard,14 de agosto de 1968,Barking y Dagenham,/wiki/Barking_y_Dagenham,,,,178,110,Pilar,,"Inglaterra,Reino Unido"
Q1685495,Jean Dupuy,No ES WP page,,,,,,,,,,,,,,
Q1686268,Jeff Butterfield,No ES WP page,,,,,,,,,,,,,,
Q1700866,John Lloyd,No ES WP page,,,,,,,,,,,,,,
Q1701635,John Ryan,No ES WP page,,,,,,,,,,,,,,
Q1720081,Scott Quinnell,No ES WP page,,,,,,,,,,,,,,
Q1721469,Kaino Thomsen,No stint found,Kaino Thomsen-Fuataga,,Kaino_Thomsen-Fuataga,12 de mayo de 1991,Faga'alu (,,,,,,,,,
Q1727793,Stephen Ferris,No ES WP page,,,,,,,,,,,,,,
Q1737390,Kay Kocher,No ES WP page,,,,,,,,,,,,,,
Q1738602,Ken Gray,No ES WP page,,,,,,,,,,,,,,
Q1738716,Kendrick Lynn,No ES WP page,,,,,,,,,,,,,,
Q1747980,Lisandro Arbizu,,Lisandro Arbizu,,Lisandro_Arbizu,29 de septiembre de 1971,Buenos Aires,/wiki/Buenos_Aires,,,,174,83,Centro,,Argentina
Q1749900,Philipp Heineken,No ES WP page,,,,,,,,,,,,,,
Q1763959,Waka Nathan,No ES WP page,,,,,,,,,,,,,,
Q1766531,Jean-Pascal Barraque,No ES WP page,,,,,,,,,,,,,,
Q1767405,Rassie Jansen van Vuuren,No ES WP page,,,,,,,,,,,,,,
Q1768469,Rob Waddell,No stint found,Robert Waddell,Robert Norman Waddell,Robert_Waddell,7 de enero de 1975,Te Kuiti,/w/index.php?title=Te_Kuiti&action=edit&redlink=1,,,,,,,,
Q1773628,Eddie Jones,,Eddie Jones,Eddie M. Jones,Eddie_Jones_(entrenador),30 de enero de 1960,Burnie,/wiki/Burnie,,,,172,80,Hooker,,Australia
Q1773644,Martín Crosa,No ES WP page,,,,,,,,,,,,,,
Q1775702,Stan Pilecki,No ES WP page,,,,,,,,,,,,,,
Q1797402,Harry Bradshaw,No ES WP page,,,,,,,,,,,,,,
Q1805092,Charles Lee Tilden Jr.,No ES WP page,,,,,,,,,,,,,,
Q1805101,Rudolph Scholz,No ES WP page,,,,,,,,,,,,,,
Q1805115,Joseph Hunter,No ES WP page,,,,,,,,,,,,,,
Q1805220,John Muldoon,No ES WP page,,,,,,,,,,,,,,
Q1805225,James Fitzpatrick,No ES WP page,,,,,,,,,,,,,,
Q1805236,Heaton Wrenn,No ES WP page,,,,,,,,,,,,,,
Q1806370,Charles Mehan,No ES WP page,,,,,,,,,,,,,,
Q1809425,Charles McMurtrie,No ES WP page,,,,,,,,,,,,,,
Q1809461,Patrick McCue,No ES WP page,,,,,,,,,,,,,,
Q1809480,Thomas Griffen,No ES WP page,,,,,,,,,,,,,,
Q1809494,Malcolm McArthur,No ES WP page,,,,,,,,,,,,,,
Q1809503,Sydney Middleton,No ES WP page,,,,,,,,,,,,,,
Q1810413,Jean Etcheberry,No ES WP page,,,,,,,,,,,,,,
Q1810454,Jean Vaysse,No ES WP page,,,,,,,,,,,,,,
Q1810493,Gilbert Gérintès,No ES WP page,,,,,,,,,,,,,,
Q1810603,Étienne Bonnes,No ES WP page,,,,,,,,,,,,,,
Q1810618,Arthur McCabe,No ES WP page,,,,,,,,,,,,,,
Q1810631,Aimé Cassayet-Armagnac,No ES WP page,,,,,,,,,,,,,,
Q1810642,Louis Béguet,No ES WP page,,,,,,,,,,,,,,
Q1810653,Henri Galau,No ES WP page,,,,,,,,,,,,,,
Q1810662,Albert Dupouy,No ES WP page,,,,,,,,,,,,,,
Q1810682,Étienne Piquiral,No ES WP page,,,,,,,,,,,,,,
Q1810697,Clément Dupont,No ES WP page,,,,,,,,,,,,,,
Q1810709,Alexandre Bioussa,No ES WP page,,,,,,,,,,,,,,
Q1812395,André Chilo,No ES WP page,,,,,,,,,,,,,,
Q1812429,Maurice Labeyrie,No ES WP page,,,,,,,,,,,,,,
Q1812451,Édouard Bader,No ES WP page,,,,,,,,,,,,,,
Q1812764,Robert Levasseur,No ES WP page,,,,,,,,,,,,,,
Q1812787,François Borde,No ES WP page,,,,,,,,,,,,,,
Q1812808,Alphonse Castex,No ES WP page,,,,,,,,,,,,,,
Q1813780,Pierre Petiteau,No ES WP page,,,,,,,,,,,,,,
Q1814785,Norman Borrett,No ES WP page,,,,,,,,,,,,,,
Q1815689,John van Altena,No ES WP page,,,,,,,,,,,,,,
Q1816676,Lelia Masaga,No ES WP page,,,,,,,,,,,,,,
Q1848979,Namal Rajapaksa,No ES WP page,,,,,,,,,,,,,,
Q1855981,Kevin Barry,No stint found,Kevin Barry,,Kevin_Barry,20 de enero de 1902,,,1 de noviembre de 1920,Prisión de Mountjoy,/wiki/Prisi%C3%B3n_de_Mountjoy,,,,,
Q1877063,Luke Whitelock,No ES WP page,,,,,,,,,,,,,,
Q1896655,Rory Best,,Rory Best,,Rory_Best,15 de agosto de 1982,Craigavon,/wiki/Craigavon,,,,180,110,hooker,,Irlandesa
Q1904830,Martin Roberts,No ES WP page,,,,,,,,,,,,,,
Q1909280,Matt Todd,,Matt Todd,Matthew Brendon Todd,Matt_Todd,24 de marzo de 1988,Christchurch,/wiki/Christchurch,,,,186,105,Ala,,Nueva Zelanda
Q1911291,Maurice Colclough,No ES WP page,,,,,,,,,,,,,,
Q1913833,Maxim Lifontov,No ES WP page,,,,,,,,,,,,,,
Q1948458,Morrie Dixon,No ES WP page,,,,,,,,,,,,,,
Q1966601,Nathan Mauger,No ES WP page,,,,,,,,,,,,,,
Q1984070,Mat Rogers,,Mat Rogers,Mathew Steve Rogers,Mat_Rogers,1 de febrero de 1976,Sídney,/wiki/S%C3%ADdney,,,,182,87,Fullback,,Australia
Q1988054,Toutai Kefu,No ES WP page,,,,,,,,,,,,,,
Q1988772,Tiaan Strauss,No ES WP page,,,,,,,,,,,,,,
Q1989492,Nigel Barker,No ES WP page,,,,,,,,,,,,,,
Q1992030,Heinrich Reitz,No ES WP page,,,,,,,,,,,,,,
Q1992038,Jacob Herrmann,No ES WP page,,,,,,,,,,,,,,
Q1992089,Jean Hervé,No ES WP page,,,,,,,,,,,,,,
Q1992095,Arnold Landvoigt,No ES WP page,,,,,,,,,,,,,,
Q1992104,Fritz Müller,No ES WP page,,,,,,,,,,,,,,
Q1992406,Eduard Poppe,No ES WP page,,,,,,,,,,,,,,
Q1992432,Willy Hofmeister,No ES WP page,,,,,,,,,,,,,,
Q1992496,James Cantion,No ES WP page,,,,,,,,,,,,,,
Q1993074,Hans Latscha,No ES WP page,,,,,,,,,,,,,,
Q1993275,Francis Wilson,No ES WP page,,,,,,,,,,,,,,
Q1997696,Bismarck du Plessis,,Bismarck du Plessis,Bismarck Wilhelm du Plessis,Bismarck_du_Plessis,22 de mayo de 1984,"Bethlehem,",,,,,189,114,Hooker,,Sudáfrica
Q1999454,Tana Umaga,,Tana Umaga,Jonathan Ionatana Falefasa Umaga,Tana_Umaga,27 de mayo de 1973,Lower Hutt,/wiki/Lower_Hutt,,,,188,100,Centro,,Nueva Zelanda
Q2000145,Bobby Skinstad,,Bobby Skinstad,Robert Brian Skinstad,Bobby_Skinstad,3 de julio de 1976,Bulawayo,/wiki/Bulawayo,,,,193,105,Octavo,,Rodesia(hoyZimbabueZimbabue)
Q2000155,Johann Muller,,Johann Muller,Gysbert Johannes Muller,Johann_Muller,1 de junio de 1980,Mosselbaai,/wiki/Mosselbaai,,,,200,112,Segunda línea,,Sudáfrica
Q2012819,Jaco van der Westhuyzen,No ES WP page,,,,,,,,,,,,,,
Q2014424,Stefan Terblanche,No ES WP page,,,,,,,,,,,,,,
Q2014449,Rudolf Straeuli,,Rudolf Straeuli,Rudolf August Wilkens Straeuli,Rudolf_Straeuli,20 de agosto de 1963,Pretoria,/wiki/Pretoria,,,,195,110,Octavo,,Sudáfrica
Q2015500,Adrian Garvey,,Adrian Garvey,Adrian Christopher Garvey,Adrian_Garvey,25 de junio de 1968,Bulawayo,/wiki/Bulawayo,,,,191,116,Pilar,,Rodesia(actualZimbabue)
Q2016678,Tommaso Benvenuti,,Tommaso Benvenuti,,Tommaso_Benvenuti_(rugbista),12 de diciembre de 1990,Vittorio Veneto,/wiki/Vittorio_Veneto,,,,185,93,Wing,,Italia
Q2016688,Chiliboy Ralepelle,,Chiliboy Ralepelle,Mahlatse Ralepelle,Chiliboy_Ralepelle,11 de septiembre de 1986,Limpopo,/wiki/Limpopo,,,,180,104,Hooker,,Sudáfrica
Q2019466,Takudzwa Ngwenya,,Takudzwa Ngwenya,,Takudzwa_Ngwenya,22 de julio de 1985,Harare,/wiki/Harare,,,,178,85,Wing,,Zimbabue
Q2021505,André Vos,No ES WP page,,,,,,,,,,,,,,
Q2021513,Rassie Erasmus,,Rassie Erasmus,Johan C. Erasmus,Rassie_Erasmus,5 de noviembre de 1972,Puerto Elizabeth,/wiki/Puerto_Elizabeth,,,,191,100,Ala,,Sudáfrica
Q2036406,Martin Johnson,,Martin Johnson,Martin Osborne Johnson,Martin_Johnson_(rugbista),9 de marzo de 1970,Midlands Occidentales,/wiki/Midlands_Occidentales,,,,200,119,Segunda línea,,"Inglaterra,Reino Unido"
Q2038034,Paul O'Connell,,Paul O'Connell,Paul Jeremiah O'Connell,Paul_O%27Connell,20 de octubre de 1979,Limerick,/wiki/Limerick,,,,198,112,Segunda línea,,Irlanda
Q2047547,Lewis Robling,No ES WP page,,,,,,,,,,,,,,
Q2051641,William Servat,No ES WP page,,,,,,,,,,,,,,
Q2053062,Matt Banahan,No ES WP page,,,,,,,,,,,,,,
Q2053152,Jerome Kaino,,Jerome Kaino,,Jerome_Kaino,6 de abril de 1983,Faga'alu,/w/index.php?title=Faga%27alu&action=edit&redlink=1,,,,196,109,Ala; número 8,,Samoa Americana
Q2053771,Luc Ducalcon,No ES WP page,,,,,,,,,,,,,,
Q2053942,Adriaan Richter,,Adriaan Richter,Adriaanus Hendrikus Richter,Adriaan_Richter,10 de mayo de 1966,Roodepoort,/wiki/Roodepoort,,,,195,100,Octavo,,Sudáfrica
Q2053950,Heinrich Brüssow,,Heinrich Brüssow,Heinrich Wilhelm Brüssow,Heinrich_Br%C3%BCssow,21 de julio de 1986,Bloemfontein,/wiki/Bloemfontein,,,,180,103,Ala,,Sudáfrica
Q2053955,Gary Teichmann,,Gary Teichmann,Gary Hamilton Teichmann,Gary_Teichmann,9 de enero de 1967,Gweru,/wiki/Gweru,,,,195,100,Octavo,,Rodesia(hoyZimbabueZimbabue)
Q2053962,Francois Louw,,Francois Louw,Louis-Francois Pickard Louw,Francois_Louw,15 de junio de 1985,Ciudad del Cabo,/wiki/Ciudad_del_Cabo,,,,190,114,ala,,Sudáfrica
Q2054018,Raphaël Lakafia,No stint found,Rafaël Lakafia,,Rapha%C3%ABl_Lakafia,8 de octubre de 1988,,,,,,191,115,Número 8,,
Q2054824,Guy Novès,,Guy Novès,,Guy_Nov%C3%A8s,5 de febrero de 1954,Toulouse,/wiki/Toulouse,,,,180,78,Ala,,
Q2054904,Jean-Marc Doussain,,Jean-Marc Doussain,,Jean-Marc_Doussain,12 de febrero de 1991,Toulouse,/wiki/Toulouse,,,,174,85,Apertura,,Francia
Q2055503,Julien Pierre,No ES WP page,,,,,,,,,,,,,,
Q2056292,Gio Aplon,No ES WP page,,,,,,,,,,,,,,
Q2056296,Odwa Ndungane,No ES WP page,,,,,,,,,,,,,,
Q2056300,Francois Hougaard,,Francois Hougaard,,Francois_Hougaard,6 de abril de 1988,Paarl,/wiki/Paarl,,,,181,94,Medio scrum,,Sudáfrica
Q2056592,Pat Walsh,No ES WP page,,,,,,,,,,,,,,
Q2061836,Freddie Tuilagi,,Freddie Tuilagi,,Freddie_Tuilagi,9 de junio de 1971,Apia,/wiki/Apia,,,,180,101,Centro,,Samoa
Q2063331,Scott Higginbotham,No ES WP page,,,,,,,,,,,,,,
Q2063763,Saia Fainga'a,No ES WP page,,,,,,,,,,,,,,
Q2064248,Sekope Kepu,,Sekope Kepu,Sekope Miami Kepu[1]​,Sekope_Kepu,5 de febrero de 1986,Sídney,/wiki/S%C3%ADdney,,,,188,125,Pilier,,Australia
Q2065222,Salesi Ma'afu,No ES WP page,,,,,,,,,,,,,,
Q2066416,Tatafu Polota-Nau,,Tatafu Polota-Nau,Sione 'Utukiveisini Tatafu Polota-Nau,Tatafu_Polota-Nau,26 de julio de 1985,Sídney,/wiki/S%C3%ADdney,,,,185,115,hooker,,Australia
Q2067610,Victor Matfield,,Victor Matfield,,Victor_Matfield,11 de mayo de 1977,Polokwane,/wiki/Polokwane,,,,200,117,Segunda línea,,Sudáfrica
Q2067861,Arthur Wilson,No ES WP page,,,,,,,,,,,,,,
Q2068219,Bert Solomon,No ES WP page,,,,,,,,,,,,,,
Q2068224,Nicholas Tregurtha,No ES WP page,,,,,,,,,,,,,,
Q2068231,Barney Solomon,No ES WP page,,,,,,,,,,,,,,
Q2068237,J. T. Jose,No ES WP page,,,,,,,,,,,,,,
Q2068244,Thomas Wedge,No ES WP page,,,,,,,,,,,,,,
Q2068251,Joe Trevaskis,No ES WP page,,,,,,,,,,,,,,
Q2068258,Richard Jackett,No ES WP page,,,,,,,,,,,,,,
Q2068265,Edward Jackett,No ES WP page,,,,,,,,,,,,,,
Q2069565,Rob Simmons,,Rob Simmons,Robert A.  Simmons,Rob_Simmons,19 de abril de 1989,Theodore (Queensland),/w/index.php?title=Theodore_(Queensland)&action=edit&redlink=1,,,,200,115,segunda línea,,Australia
Q2074817,Kurtley Beale,,Kurtley Beale,Kurtley James Beale,Kurtley_Beale,6 de enero de 1989,Blacktown,/wiki/Blacktown,,,,183,90,Centro,,Australia
Q2074930,Luke Burgess,,Luke Burgess,,Luke_Burgess,20 de agosto de 1983,Newcastle,/wiki/Newcastle_(Australia),,,,179,89,Medio scrum,,Australia
Q2080001,Rob Horne,,Rob Horne,Robert George Horne,Rob_Horne,15 de agosto de 1989,Sídney,/wiki/S%C3%ADdney,,,,186,92,Wing,,Australia
Q2080039,Anthony Fainga'a,,Anthony Fainga'a,Anthony S. Fainga'a,Anthony_Fainga%27a,2 de febrero de 1987,Queanbeyan,/wiki/Queanbeyan,,,,182,92,Centro,,Australia
Q2080642,Mamuka Gorgodze,,Mamuka Gorgodze,,Mamuka_Gorgodze,14 de julio de 1984,Tiflis,/wiki/Tiflis,,,,196,119,ala; Segunda línea; N.º 8,,Georgia
Q2082385,Digby Ioane,No ES WP page,,,,,,,,,,,,,,
Q2082391,Pat McCabe,,Pat McCabe,Patrick Joseph McCabe,Pat_McCabe,21 de marzo de 1988,Manly,/wiki/Manly,,,,186,92,Centro,,Australia
Q2084110,Nicholas Phipps,,Nick Phipps,Nicholas James Phipps,Nick_Phipps,9 de enero de 1989,Baulkham Hills,/w/index.php?title=Baulkham_Hills&action=edit&redlink=1,,,,180,87,medio melé,,Australia
Q2085483,Adam Thomson,No ES WP page,,,,,,,,,,,,,,
Q2086349,"Philip Moore, Baron Moore of Wolvercote",No ES WP page,,,,,,,,,,,,,,
Q2117766,Álvaro Galindo,No stint found,Álvaro Galindo,,%C3%81lvaro_Galindo,26 de febrero de 1982,San Miguel de Tucumán,/wiki/San_Miguel_de_Tucum%C3%A1n,,,,193,102,Tercera línea,,Argentina
Q2144594,René Dufaure de Montmirail,No ES WP page,,,,,,,,,,,,,,
Q2148359,Rhys M. Thomas,No ES WP page,,,,,,,,,,,,,,
Q2149806,Richard Hibbard,,Richard Hibbard,Richard Martin Hibbard,Richard_Hibbard,13 de diciembre de 1983,Neath,/wiki/Neath,,,,183,114,Hooker,,"Gales,Reino Unido"
Q2151746,Rico Gear,No ES WP page,,,,,,,,,,,,,,
Q2159914,Robin Sowden-Taylor,No ES WP page,,,,,,,,,,,,,,
Q2164595,Herbert Arthur Loveitt,No ES WP page,,,,,,,,,,,,,,
Q2164605,Jean Collas,No stint found,Jean Collas,,Jean_Collas,3 de julio de 1874,IV Distrito de París,/wiki/IV_distrito_de_Par%C3%ADs,30 de diciembre de 1928,Asnières-sur-Seine,/wiki/Asni%C3%A8res-sur-Seine,,,,,Francesa
Q2164614,Joseph Olivier,No ES WP page,,,,,,,,,,,,,,
Q2165422,Ron Elvidge,No ES WP page,,,,,,,,,,,,,,
Q2172175,Rudi Wulf,No ES WP page,,,,,,,,,,,,,,
Q2182964,Maxime Médard,,Maxime Médard,,Maxime_M%C3%A9dard,16 de noviembre de 1986,Toulouse,/wiki/Toulouse,,,,180,89,Fullback,,Francia
Q2203638,James O'Connor,,James O'Connor,,James_O%27Connor_(rugbista),5 de julio de 1990,Gold Coast,/wiki/Gold_Coast_(Australia),,,,180,88,Apertura; Fullback; Centro; Wing,,Australia
Q2216592,Samuel Victor Perry,No ES WP page,,,,,,,,,,,,,,
Q2244780,James Slipper,,James Slipper,James A. Slipper,James_Slipper,6 de junio de 1989,"Gold Coast, Queensland",/wiki/Gold_Coast_(Australia),,,,185,117,Pilier,,Australia
Q2249503,Keven Mealamu,,Keven Mealamu,Keven Filipo Mealamu,Keven_Mealamu,20 de marzo de 1979,Tokoroa,/w/index.php?title=Tokoroa&action=edit&redlink=1,,,,181,111,hooker,,Nueva Zelanda
Q2250641,Sean Lamont,,Sean Lamont,Sean Fergus Lamont,Sean_Lamont,15 de enero de 1981,Perth,/wiki/Perth_(Escocia),,,,188,100,Wing,,"Escocia, Reino Unido"
Q2251158,Bernard Laporte,,Bernard Laporte,,Bernard_Laporte,1 de julio de 1964,Rodez,/wiki/Rodez,,,,184,89,Medio scrum,,
Q2251828,Alastair Kellock,No ES WP page,,,,,,,,,,,,,,
Q2272950,Joel Stransky,,Joel Stransky,Joel Theodore Stransky,Joel_Stransky,16 de julio de 1967,Pietermaritzburg,/wiki/Pietermaritzburg,,,,179,84,Apertura,,Sudáfrica
Q2275359,Sevian Daupi,No ES WP page,,,,,,,,,,,,,,
Q2278053,Sylvain Marconnet,,Sylvain Marconnet,,Sylvain_Marconnet,8 de abril de 1976,Givors,/wiki/Givors,,,,183,112,Pilar,,Francia
Q2278517,Ben Cohen,,Ben Cohen,Benjamin Christopher Cohen,Ben_Cohen,14 de septiembre de 1978,Northampton,/wiki/Northampton,,,,188,103,Wing,,"Inglaterra,Reino Unido"
Q2278581,Pieter de Villiers,No ES WP page,,,,,,,,,,,,,,
Q2280214,Julien Bonnaire,,Julien Bonnaire,,Julien_Bonnaire,20 de septiembre de 1978,Bourgoin-Jallieu,/wiki/Bourgoin-Jallieu,,,,193,100,Ala,,Francia
Q2280233,Gonzalo Canale,,Gonzalo Canale,Gonzalo Javier Canale,Gonzalo_Canale,11 de noviembre de 1982,Córdoba,/wiki/C%C3%B3rdoba_(Argentina),,,,180,90,Centro,,Argentina
Q2282348,Andrea Lo Cicero,,Andrea Lo Cicero,Andrea Lo Cicero Vaina,Andrea_Lo_Cicero,7 de mayo de 1976,Catania,/wiki/Catania,,,,186,112,Pilar,,Italia
Q2282931,Chester Williams,,Chester Williams,Chester Mornay Williams,Chester_Williams,8 de agosto de 1970,Provincia Occidental del Cabo,/wiki/Provincia_Occidental_del_Cabo,6 de septiembre de 2019,Ciudad del Cabo,/wiki/Ciudad_del_Cabo,174,84,Wing,,Sudáfrica
Q2288228,Roland de Marigny,No ES WP page,,,,,,,,,,,,,,
Q2289971,Scott Hamilton,No ES WP page,,,,,,,,,,,,,,
Q2296866,Alesana Tuilagi,,Alesana Tuilagi,,Alesana_Tuilagi,24 de febrero de 1981,Fogapoa,/w/index.php?title=Fogapoa&action=edit&redlink=1,,,,190,124,Ala,,Samoa
Q2303583,Rocky Elsom,,Rocky Elsom,Rocky Dan Elsom,Rocky_Elsom,14 de febrero de 1983,Melbourne,/wiki/Melbourne,,,,197,112,Ala,,Australia
Q2303942,Martin Bayfield,No stint found,Martin Bayfield,,Martin_Bayfield,21 de diciembre de 1966,,,,,,208,121,segunda línea,,
Q2309883,James Small,,James Small,James Terence Small,James_Small,10 de febrero de 1969,Ciudad del Cabo,/wiki/Ciudad_del_Cabo,10 de julio de 2019,Johannesburgo,/wiki/Johannesburgo,183,93,Wing,,Sudáfrica
Q2310451,Jean-Marc Souverbie,No ES WP page,,,,,,,,,,,,,,
Q2313220,Federico Martín Aramburú,,Federico Martín Aramburú,,Federico_Mart%C3%ADn_Arambur%C3%BA,20 de enero de 1980,La Plata,/wiki/La_Plata,19 de marzo de 2022,París,/wiki/Par%C3%ADs,,,,,Argentinayfrancesa
Q2314505,Bernard Lapasset,No stint found,Bernard Lapasset,,Bernard_Lapasset,20 de octubre de 1947,,,3 de mayo de 2023,Louit,/wiki/Louit,,,segunda línea,,
Q2314755,Alexander Obolensky,,Alexander Obolensky,Alexander Sergeevich Obolensky,Alexander_Obolensky,17 de febrero de 1916,Petrogrado,/wiki/San_Petersburgo,29 de marzo de 1940,RAF Martlesham Heath (,,175,80,Wing,,Imperio ruso
Q2330070,Stanley Meads,No ES WP page,,,,,,,,,,,,,,
Q2333026,Lionel Beauxis,,Lionel Beauxis,,Lionel_Beauxis,24 de octubre de 1985,Tarbes,/wiki/Tarbes,,,,180,86,Apertura,,Francia
Q2333694,Rimas Álvarez Kairelis,,Rimas Álvarez,Rimas Esteban Álvarez Kairelis,Rimas_%C3%81lvarez,22 de julio de 1974,Quilmes,/wiki/Partido_de_Quilmes,,,,197,107,Segunda línea,,Argentina
Q2334843,Fabien Galthié,,Fabien Galthié,,Fabien_Galthi%C3%A9,20 de marzo de 1969,Cahors,/wiki/Cahors,,,,175,84,Medio scrum,,Francia
Q2342037,Marc Lièvremont,,Marc Lièvremont,,Marc_Li%C3%A8vremont,28 de octubre de 1968,Dakar,/wiki/Dakar,,,,183,92,Ala,,Senegal
Q2342896,Kenzo Suzuki,No stint found,Kenzo Suzuki,,Kenzo_Suzuki,25 de julio de 1974,"Aichi, Japón","/wiki/Aichi,_Jap%C3%B3n",,,,,118,,,
Q2346730,Davit Zirakashvili,,Giorgi Nemsadze,,Davit_Zirakashvili,20 de septiembre de 1983,Rustavi,/wiki/Rustavi,,,,179,120,pilier,,URSS
Q2349424,Henry Brougham,No ES WP page,,,,,,,,,,,,,,
Q2359466,Guilhem Guirado,,Guilhem Guirado,,Guilhem_Guirado,17 de junio de 1986,Céret,/wiki/C%C3%A9ret,,,,183,105,Talonador,,Francia
Q2361687,Darren Junee,No ES WP page,,,,,,,,,,,,,,
Q2361853,Sébastien Bonnet,No ES WP page,,,,,,,,,,,,,,
Q2362012,Thomas Domingo,No stint found,Thomas Domingo,,Thomas_Domingo,20 de agosto de 1985,,,,,,173,107,pilar,,
Q2362025,Vincent Debaty,No ES WP page,,,,,,,,,,,,,,
Q2362945,Benjamin Collet,No ES WP page,,,,,,,,,,,,,,
Q2364164,Jason Holland,No ES WP page,,,,,,,,,,,,,,
Q2364869,Alifeleti Fakaongo,No ES WP page,,,,,,,,,,,,,,
Q2365231,Daniel Heenan,No ES WP page,,,,,,,,,,,,,,
Q2365957,Edward Kewley,No ES WP page,,,,,,,,,,,,,,
Q2366446,Bernard De Giusti,No ES WP page,,,,,,,,,,,,,,
Q2367456,Alan Cardy,No ES WP page,,,,,,,,,,,,,,
Q2367472,Jérôme Carrat,No ES WP page,,,,,,,,,,,,,,
Q2370253,Sébastien Boboul,No ES WP page,,,,,,,,,,,,,,
Q2371608,Tusi Pisi,,Tusi Pisi,Tusiata Pisi,Tusi_Pisi,18 de junio de 1982,Apia,/wiki/Apia,,,,183,93,apertura; zaguero,,Samoa
Q2372344,Heini Adams,No ES WP page,,,,,,,,,,,,,,
Q2373851,Josh Sole,No ES WP page,,,,,,,,,,,,,,
Q2374727,Roger Ripol Fortuny,No stint found,Roger Ripol,Roger Ripol Fortuny,Roger_Ripol_Fortuny,20 de septiembre de 1978,,,,,,175,95,Hooker,,
Q2375090,Colin McKenzie,,Colin McKenzie,J. Colin McKenzie,Colin_McKenzie,24 de noviembre de 1964,Vancouver,/wiki/Vancouver,,,,185,104,Octavo,,Canadá
Q2375928,John Langford,No ES WP page,,,,,,,,,,,,,,
Q2376911,Tom Clapp,No ES WP page,,,,,,,,,,,,,,
Q2377378,Courtney Lawes,,Courtney Lawes,,Courtney_Lawes,23 de febrero de 1989,Hackney,/wiki/Hackney,,,,200,118,Segunda línea,,Inglaterra
Q2377673,Ilarion Ciobanu,No ES WP page,,,,,,,,,,,,,,
Q2378740,Robin Roe,No ES WP page,,,,,,,,,,,,,,
Q2379722,Lyonel Vaïtanaki,No ES WP page,,,,,,,,,,,,,,
Q2381731,Pierre de Villiers,No ES WP page,,,,,,,,,,,,,,
Q2381897,Martin Purdy,No ES WP page,,,,,,,,,,,,,,
Q2382658,Don Tarr,No ES WP page,,,,,,,,,,,,,,
Q2382936,Ibrahim Diarra,No ES WP page,,,,,,,,,,,,,,
Q2383858,Charles Geli,No ES WP page,,,,,,,,,,,,,,
Q2384295,Sébastien Paillat,No ES WP page,,,,,,,,,,,,,,
Q2384407,Julien Janaudy,No ES WP page,,,,,,,,,,,,,,
Q2384444,Hrishikesh Pendse,No ES WP page,,,,,,,,,,,,,,
Q2386451,Robert Monier,No stint found,Robert Monier,,Robert_Monier,20 de febrero de 1885,Burdeos,/wiki/Burdeos,6 de diciembre de 1944,Burdeos,/wiki/Burdeos,,,,,
Q2386745,Trevor Leota,No ES WP page,,,,,,,,,,,,,,
Q2386766,Marin Moț,No ES WP page,,,,,,,,,,,,,,
Q2387382,Vassili Bost,No ES WP page,,,,,,,,,,,,,,
Q2387467,Jan Pickard,No ES WP page,,,,,,,,,,,,,,
Q2388323,Antranik Torossian,No ES WP page,,,,,,,,,,,,,,
Q2388353,Georges Carabignac,No ES WP page,,,,,,,,,,,,,,
Q2390821,Tjol Lategan,No ES WP page,,,,,,,,,,,,,,
Q2391241,Richard Majérus,No ES WP page,,,,,,,,,,,,,,
Q2391413,André Darrieussecq,No ES WP page,,,,,,,,,,,,,,
Q2391575,Christopher Brown,No ES WP page,,,,,,,,,,,,,,
Q2392164,Eric Evans,No ES WP page,,,,,,,,,,,,,,
Q2394577,Romeo Gontineac,No ES WP page,,,,,,,,,,,,,,
Q2394762,Lachlan Turner,No ES WP page,,,,,,,,,,,,,,
Q2394826,Dominique Bouet,No ES WP page,,,,,,,,,,,,,,
Q2395276,Guillaume Delmotte,No ES WP page,,,,,,,,,,,,,,
Q2396686,Daniel Frederick Rambaut,No ES WP page,,,,,,,,,,,,,,
Q2396802,Nathan Lane,No ES WP page,,,,,,,,,,,,,,
Q2397086,Arturo Bergamasco,No ES WP page,,,,,,,,,,,,,,
Q2397148,Edmund Forrest,No ES WP page,,,,,,,,,,,,,,
Q2397187,Horacio Agulla,,Horacio Agulla,,Horacio_Agulla,22 de octubre de 1984,Buenos Aires,/wiki/Buenos_Aires,,,,181,92,Wing,,Argentina
Q2397324,Éric Catinot,No ES WP page,,,,,,,,,,,,,,
Q2398256,Alexandre Menini,No ES WP page,,,,,,,,,,,,,,
Q2399442,Jim Evans,No ES WP page,,,,,,,,,,,,,,
Q2401184,Norman Wende,No ES WP page,,,,,,,,,,,,,,
Q2401864,Peter Short,No ES WP page,,,,,,,,,,,,,,
Q2401959,Martín Scelzo,,Martín Scelzo,Martín Alejandro Scelzo,Mart%C3%ADn_Scelzo,5 de febrero de 1976,Buenos Aires,/wiki/Buenos_Aires,,,,190,126,Pilar,,Argentina
Q2403782,Lucien Rogé,No ES WP page,,,,,,,,,,,,,,
Q2404259,Leicester Rutledge,No ES WP page,,,,,,,,,,,,,,
Q2404405,Franck Romanet,No ES WP page,,,,,,,,,,,,,,
Q2404573,Christophe Larroque,No ES WP page,,,,,,,,,,,,,,
Q2404782,Manu Tiko,No ES WP page,,,,,,,,,,,,,,
Q2405761,Marco Wentzel,No ES WP page,,,,,,,,,,,,,,
Q2406514,Jérôme Suderie,No ES WP page,,,,,,,,,,,,,,
Q2407192,Adrien Oléon,No ES WP page,,,,,,,,,,,,,,
Q2407541,Raymond Le Goff,No ES WP page,,,,,,,,,,,,,,
Q2408477,Jérôme Baradat,No ES WP page,,,,,,,,,,,,,,
Q2408780,Jean Estrade,No ES WP page,,,,,,,,,,,,,,
Q2408840,Yohann Authier,No ES WP page,,,,,,,,,,,,,,
Q2410123,Gérard Bouguyon,No ES WP page,,,,,,,,,,,,,,
Q2411645,Juan Lanza,,Juan Lanza,,Juan_Lanza,7 de junio de 1963,Buenos Aires,/wiki/Buenos_Aires,,,,,,Wing,,Argentina
Q2411672,Steve Kefu,No ES WP page,,,,,,,,,,,,,,
Q2412532,Richard Alonso,No ES WP page,,,,,,,,,,,,,,
Q2414780,Jeremy Tomuli,No ES WP page,,,,,,,,,,,,,,
Q2415284,Alexander Yanyushkin,No ES WP page,,,,,,,,,,,,,,
Q2415577,Fabrice Estebanez,No ES WP page,,,,,,,,,,,,,,
Q2415875,Guy Basquet,No ES WP page,,,,,,,,,,,,,,
Q2419858,Gaston Lane,No ES WP page,,,,,,,,,,,,,,
Q2420452,Dean Richards,,Dean Richards,,Dean_Richards,11 de julio de 1963,Nuneaton,/wiki/Nuneaton,,,,191,120,Octavo,,"Inglaterra,Reino Unido"
Q2420532,Mathurin Barbier,No ES WP page,,,,,,,,,,,,,,
Q2421296,Vickus Liebenberg,No ES WP page,,,,,,,,,,,,,,
Q2421605,Jo Maso,,Jo Maso,Joseph Maso,Jo_Maso,27 de diciembre de 1944,Toulouse,/wiki/Toulouse,,,,178,80,Centro,,Francia
Q2421928,Geraint Lewis,No ES WP page,,,,,,,,,,,,,,
Q2423674,George Parsons,No ES WP page,,,,,,,,,,,,,,
Q2424180,Robert Barbieri,No ES WP page,,,,,,,,,,,,,,
Q2440114,Tom Smith,No ES WP page,,,,,,,,,,,,,,
Q2442574,Tony Gray,,Tony Gray,Anthony John Gray,Tony_Gray,14 de junio de 1942,Stoke-on-Trent,/wiki/Stoke-on-Trent,,,,180,90,Ala,,Reino Unido
Q2443371,Erich Ludwig,No ES WP page,,,,,,,,,,,,,,
Q2443399,Clement Deykin,No ES WP page,,,,,,,,,,,,,,
Q2443411,Arthur Darby,No ES WP page,,,,,,,,,,,,,,
Q2443428,Hermann Kreuzer,No ES WP page,,,,,,,,,,,,,,
Q2443618,Richard Ludwig,No ES WP page,,,,,,,,,,,,,,
Q2443890,Claude Whittindale,No ES WP page,,,,,,,,,,,,,,
Q2443903,Herbert Nicol,No ES WP page,,,,,,,,,,,,,,
Q2443921,Raymond Whittindale,No ES WP page,,,,,,,,,,,,,,
Q2443936,Victor Lardanchet,No ES WP page,,,,,,,,,,,,,,
Q2464963,Morgan Parra,,Morgan Parra,,Morgan_Parra,15 de noviembre de 1988,Metz,/wiki/Metz,,,,180,77,Medio scrum,,Francia
Q2465068,Elvis Vermeulen,No ES WP page,,,,,,,,,,,,,,
Q2469802,Arnold Watson Hutton,No stint found,Arnold Watson Hutton,Arnold Pencliff Watson Hutton,Arnoldo_Watson_Hutton,20 de agosto de 1886,Buenos Aires,/wiki/Buenos_Aires,29 de julio de 1951,Buenos Aires,/wiki/Buenos_Aires,,,Delantero,,
Q2472720,Vladislav Korshunov,No ES WP page,,,,,,,,,,,,,,
Q2476819,Rupeni Caucaunibuca,No ES WP page,,,,,,,,,,,,,,
Q2480198,Jacques Brunel,,Jacques Brunel,,Jacques_Brunel,14 de enero de 1954,Courrensan,/wiki/Courrensan,,,,173,83,Fullback,,Francia
Q2481789,Sonny Bill Williams,,Sonny Bill Williams,Sonny William Williams,Sonny_Bill_Williams,3 de agosto de 1985,Auckland,/wiki/Auckland,,,,191,108,Centro,,Nueva Zelanda
Q2505333,Bob Craig,No ES WP page,,,,,,,,,,,,,,
Q2506103,James Davey,No ES WP page,,,,,,,,,,,,,,
Q2509738,Charles Russell,No ES WP page,,,,,,,,,,,,,,
Q2510117,Jack Hickey,No ES WP page,,,,,,,,,,,,,,
Q2524252,Carlos Deltour,No stint found,Carlos Deltour,,Carlos_Deltour,8 de abril de 1864,Guadalajara,/wiki/Guadalajara_(M%C3%A9xico),29 de mayo de 1920,Cambo-les-Bains,/wiki/Cambo-les-Bains,,,,,
Q2557424,Steve Hansen,,Steve Hansen,Stephen William Hansen,Steve_Hansen,7 de mayo de 1959,Dunedin,/wiki/Dunedin,,,,,92,Centro,,Nueva Zelanda
Q2568753,Ruan Pienaar,,Ruan Pienaar,,Ruan_Pienaar,10 de marzo de 1984,Bloemfontein,/wiki/Bloemfontein,,,,187,90,Medio scrum,,Sudáfrica
Q2578953,William Hirigoyen,No stint found,William Hirigoyen,William Gayraud-Hirigoyen,William_Hirigoyen,1 de mayo de 1898,Laroque-Timbaut,/wiki/Laroque-Timbaut,9 de diciembre de 1962,París,/wiki/Par%C3%ADs,,,,,
Q2602308,Yves du Manoir,No ES WP page,,,,,,,,,,,,,,
Q2603439,Alan Davies,No ES WP page,,,,,,,,,,,,,,
Q2607117,Mario Ledesma,,Mario Ledesma,Mario Ezequiel Ledesma Arocena,Mario_Ledesma,17 de mayo de 1973,Buenos Aires,/wiki/Buenos_Aires,,,,183,110,Hooker,,Argentino
Q2608846,Dimitri Yachvili,,Dimitri Yachvili,,Dimitri_Yachvili,19 de septiembre de 1980,Brive,/wiki/Brive,,,,182,83,medio melé,,Francia
Q2619055,Erik Lund,No ES WP page,,,,,,,,,,,,,,
Q2635850,David Robertson,No ES WP page,,,,,,,,,,,,,,
Q2636049,Franz Albert Amrhein,No ES WP page,,,,,,,,,,,,,,
Q2636058,André Roosevelt,No ES WP page,,,,,,,,,,,,,,
Q2636456,Jean-Guy Gautier,No ES WP page,,,,,,,,,,,,,,
Q2636650,Léon Binoche,No ES WP page,,,,,,,,,,,,,,
Q2647958,Allan Elsom,No ES WP page,,,,,,,,,,,,,,
Q2648015,Allan Muhr,No ES WP page,,,,,,,,,,,,,,
Q2662059,Harold Thomas,No ES WP page,,,,,,,,,,,,,,
Q2693545,Jim Stynes,No stint found,Jim Stynes,,Jim_Stynes,23 de abril de 1966,Dublín,/wiki/Dubl%C3%ADn,20 de marzo de 2012,St Kilda (,,,,,,Irlandesa
Q2700940,Hubert Lefèbvre,No ES WP page,,,,,,,,,,,,,,
Q2701263,André Rischmann,No ES WP page,,,,,,,,,,,,,,
Q2701355,Auguste Giroux,No ES WP page,,,,,,,,,,,,,,
Q2701529,Alexandre Pharamond,No ES WP page,,,,,,,,,,,,,,
Q2725608,Eric Tindill,No ES WP page,,,,,,,,,,,,,,
Q2735105,François Trinh-Duc,,François Trinh-Duc,,Fran%C3%A7ois_Trinh-Duc,11 de noviembre de 1986,Montpellier,/wiki/Montpellier,,,,184,85,Apertura,,Francia
Q2738338,Ferdie Aston,No ES WP page,,,,,,,,,,,,,,
Q2738926,Damien Traille,,Damien Traille,,Damien_Traille,12 de junio de 1979,Pau,/wiki/Pau_(Pirineos_Atl%C3%A1nticos),,,,192,90,Centro,,Francia
Q2739194,Aurélien Rougerie,,Aurélien Rougerie,,Aur%C3%A9lien_Rougerie,26 de septiembre de 1980,Beaumont,/wiki/Beaumont_(Puy-de-D%C3%B4me),,,,193,103,Centro,,Francia
Q2740657,Rui Cordeiro,No ES WP page,,,,,,,,,,,,,,
Q2740787,Duarte Cardoso Pinto,No ES WP page,,,,,,,,,,,,,,
Q2740857,Joaquim Ferreira,No ES WP page,,,,,,,,,,,,,,
Q2741547,Diogo Gama,No ES WP page,,,,,,,,,,,,,,
Q2741829,Pedro Carvalho,No ES WP page,,,,,,,,,,,,,,
Q2742643,Merab Kvirikashvili,,Merab Kvirikashvili,,Merab_Kvirikashvili,27 de diciembre de 1983,Tiflis,/wiki/Tiflis,,,,177,80,Medio apertura; Zaguero; medio melé,,Georgiana
Q2743474,A. N. Hornby,No ES WP page,,,,,,,,,,,,,,
Q2746129,António Maria de Aguilar,No ES WP page,,,,,,,,,,,,,,
Q2755519,Nigel Walker,No stint found,Nigel Walker,,Nigel_Walker,14 de mayo de 1957,,,,,,180,76,Ala,,
Q2761879,Radike Samo,No ES WP page,,,,,,,,,,,,,,
Q2777809,David Pocock,,David Pocock,,David_Pocock,23 de abril de 1988,Gweru,/wiki/Gweru,,,,183,103,Ala; N.º 8,,Zimbabue
Q2779131,Danie Gerber,,Danie Gerber,Daniël Mattheus Gerber,Danie_Gerber,14 de abril de 1958,Puerto Elizabeth,/wiki/Puerto_Elizabeth,,,,183,91,Centro,,Sudáfrica
Q2784728,Patricio Noriega,,Patricio Noriega,Ernesto Patricio Noriega,Patricio_Noriega,22 de octubre de 1971,Buenos Aires,/wiki/Buenos_Aires,,,,185,117,Pilar,,Argentina
Q2792014,Jamie Robinson,No ES WP page,,,,,,,,,,,,,,
Q2815225,"John Bannerman, Baron Bannerman of Kildonan",No ES WP page,,,,,,,,,,,,,,
Q2817187,Scott Palmer,No ES WP page,,,,,,,,,,,,,,
Q2820018,Aaron Abrams,No ES WP page,,,,,,,,,,,,,,
Q2820022,Aaron Bancroft,No ES WP page,,,,,,,,,,,,,,
Q2820032,Aaron Carpenter,,Aaron Carpenter,,Aaron_Carpenter,9 de enero de 1983,Brantford,/wiki/Brantford,,,,183,109,Flanker; N.º 8; hooker,,Canadá
Q2820060,Aaron Jarvis,No ES WP page,,,,,,,,,,,,,,
Q2820082,Aaron Persico,No ES WP page,,,,,,,,,,,,,,
Q2821149,Abdellatif Boutaty,No ES WP page,,,,,,,,,,,,,,
Q2821613,Abie Malan,No ES WP page,,,,,,,,,,,,,,
Q2821853,Abraham Tolofua,No ES WP page,,,,,,,,,,,,,,
Q2822185,Aca Ratuva,No ES WP page,,,,,,,,,,,,,,
Q2822932,Ace Tiatia,No ES WP page,,,,,,,,,,,,,,
Q2823947,Adam Freier,No ES WP page,,,,,,,,,,,,,,
Q2823963,Adam Jaulhac,No ES WP page,,,,,,,,,,,,,,
Q2823968,Adam Kleeberger,No ES WP page,,,,,,,,,,,,,,
Q2824000,Adam Robson,No ES WP page,,,,,,,,,,,,,,
Q2824170,Adedayo Adebayo,No ES WP page,,,,,,,,,,,,,,
Q2824719,Adolfo Cappelletti,No ES WP page,,,,,,,,,,,,,,
Q2824757,Adolphe Alésina,No ES WP page,,,,,,,,,,,,,,
Q2824783,Adolphe Bringeon,No ES WP page,,,,,,,,,,,,,,
Q2824849,Adolphe Jauréguy,No ES WP page,,,,,,,,,,,,,,
Q2825005,Adri Badenhorst,No ES WP page,,,,,,,,,,,,,,
Q2825023,Adrian Durston,No ES WP page,,,,,,,,,,,,,,
Q2825028,Adrian Jarvis,No ES WP page,,,,,,,,,,,,,,
Q2825029,Adrian Jacobs,No ES WP page,,,,,,,,,,,,,,
Q2825031,Adrian Hadley,,Adrian Hadley,Adrian Michael Hadley,Adrian_Hadley,1 de marzo de 1963,Cardiff,/wiki/Cardiff,,,,188,85,Wing,,"Gales,Reino Unido"
Q2825034,Adrian Lungu,,Adrian Lungu,,Adrian_Lungu,5 de septiembre de 1960,Năvodari,/wiki/N%C4%83vodari,,,,185,90,Centro,,Rumania
Q2825044,Alin Petrache,No ES WP page,,,,,,,,,,,,,,
Q2825053,Adrian Stoop,No ES WP page,,,,,,,,,,,,,,
Q2825118,Adrien Ayestaran,No ES WP page,,,,,,,,,,,,,,
Q2825157,Adrien Domec,No ES WP page,,,,,,,,,,,,,,
Q2825166,Adrien Falières,No ES WP page,,,,,,,,,,,,,,
Q2825169,Adrien Figueiredo,No ES WP page,,,,,,,,,,,,,,
Q2825215,Adrien Malavard,No ES WP page,,,,,,,,,,,,,,
Q2825228,Adrien N'Goma,No ES WP page,,,,,,,,,,,,,,
Q2825232,Adrien Pampouille,No ES WP page,,,,,,,,,,,,,,
Q2825247,Adrien Prat-Marty,No ES WP page,,,,,,,,,,,,,,
Q2825248,Adrien Planté,No ES WP page,,,,,,,,,,,,,,
Q2825275,Adrien Tomas,No ES WP page,,,,,,,,,,,,,,
Q2825281,Adrien Vigne-Donati,No ES WP page,,,,,,,,,,,,,,
Q2827344,Agustin Lopresti,No ES WP page,,,,,,,,,,,,,,
Q2827350,Agustín Creevy,,Agustín Creevy,,Agust%C3%ADn_Creevy,15 de marzo de 1985,La Plata,/wiki/La_Plata,,,,,,Hooker; Ala,,argentina
Q2827352,Agustín Figuerola,No ES WP page,,,,,,,,,,,,,,
Q2827355,Agustín Gosio,,Agustín Gosio,Agustín Oscar Gosio,Agust%C3%ADn_Gosio,17 de marzo de 1983,Buenos Aires,/wiki/Buenos_Aires,,,,178,85,Wing,,Argentina
Q2827775,Aidan McCullen,No ES WP page,,,,,,,,,,,,,,
Q2828035,Aimé Bardes,No ES WP page,,,,,,,,,,,,,,
Q2828064,Aimé Giral,No ES WP page,,,,,,,,,,,,,,
Q2828766,Aisea Tuilevu,No ES WP page,,,,,,,,,,,,,,
Q2828911,Akaki Sanadze,No ES WP page,,,,,,,,,,,,,,
Q2829074,Akira Yokoi,No ES WP page,,,,,,,,,,,,,,
Q2829140,Akrem Hamdi,No ES WP page,,,,,,,,,,,,,,
Q2829303,Al Baxter,No ES WP page,,,,,,,,,,,,,,
Q2829311,Al Charron,,Al Charron,,Al_Charron,27 de julio de 1966,Ottawa,/wiki/Ottawa,,,,195,123,Segunda línea,,Canadá
Q2829490,Alain-Bertrand Nuetsa-Fotso,No ES WP page,,,,,,,,,,,,,,
Q2829535,Alain Bayout,No ES WP page,,,,,,,,,,,,,,
Q2829568,Alain Besson,No ES WP page,,,,,,,,,,,,,,
Q2829645,Alain Caussade,No ES WP page,,,,,,,,,,,,,,
Q2829826,Alain Gaillard,No ES WP page,,,,,,,,,,,,,,
Q2829886,Alain Guettache,No ES WP page,,,,,,,,,,,,,,
Q2829887,Alain Guilbert,No ES WP page,,,,,,,,,,,,,,
Q2829916,Alain Hyardet,No ES WP page,,,,,,,,,,,,,,
Q2830046,Alain Lorieux,,Alain Lorieux,,Alain_Lorieux,26 de marzo de 1956,La Tronche,/wiki/La_Tronche,,,,196,109,Segunda línea,,Francia
Q2830058,Alain Macabiau,No ES WP page,,,,,,,,,,,,,,
Q2830062,Alain Maleig,No ES WP page,,,,,,,,,,,,,,
Q2830080,Alain Marot,No ES WP page,,,,,,,,,,,,,,
Q2830147,Alain Paco,No ES WP page,,,,,,,,,,,,,,
Q2830170,Alain Plantefol,No ES WP page,,,,,,,,,,,,,,
Q2830183,Alain Porthault,No ES WP page,,,,,,,,,,,,,,
Q2830204,Alain Rakotonirina,No ES WP page,,,,,,,,,,,,,,
Q2830313,Alain Teulé,No ES WP page,,,,,,,,,,,,,,
Q2830436,Alama Ieremia,No ES WP page,,,,,,,,,,,,,,
Q2830537,Alan Lawson,No ES WP page,,,,,,,,,,,,,,
Q2830572,Alan Phillips,,Alan Phillips,Alan John Phillips,Alan_Phillips,21 de agosto de 1954,Bridgend,/wiki/Bridgend,,,,180,100,Hooker,,"Gales,Reino Unido"
Q2830586,Alan Skene,No ES WP page,,,,,,,,,,,,,,
Q2830597,Alan Sutherland,No ES WP page,,,,,,,,,,,,,,
Q2830602,Alan Tait,,Alan Tait,Alan Victor Tait,Alan_Tait,2 de julio de 1964,Scottish Borders,/wiki/Scottish_Borders,,,,178,85,Centro,,"Escocia,Reino Unido"
Q2830604,Alan Tomes,No ES WP page,,,,,,,,,,,,,,
Q2830613,Alan Whetton,,Alan Whetton,Alan James Whetton,Alan_Whetton,15 de diciembre de 1959,Auckland,/wiki/Auckland,,,,193,100,Ala,,Nueva Zelanda
Q2830616,Alan Williams,No ES WP page,,,,,,,,,,,,,,
Q2830674,Alasdair Dickinson,No ES WP page,,,,,,,,,,,,,,
Q2830676,Alasdair Strokosch,No ES WP page,,,,,,,,,,,,,,
Q2830694,Alastair Biggar,No ES WP page,,,,,,,,,,,,,,
Q2830697,Alastair McHarg,No ES WP page,,,,,,,,,,,,,,
Q2830700,Alastair Smallwood,No ES WP page,,,,,,,,,,,,,,
Q2830762,Alban Genthieu,No ES WP page,,,,,,,,,,,,,,
Q2830774,Alban Moga,No ES WP page,,,,,,,,,,,,,,
Q2830915,Albert Ambert,No ES WP page,,,,,,,,,,,,,,
Q2830983,Albert Branlat,No ES WP page,,,,,,,,,,,,,,
Q2831024,Albert Cazenave,No stint found,Albert Cazenave,,Albert_Cazenave,7 de marzo de 1902,,,30 de agosto de 1982,Nay (Pirineos Atlánticos),/wiki/Nay_(Pirineos_Atl%C3%A1nticos),,,flanker,,
Q2831053,Albert Cigagna,No ES WP page,,,,,,,,,,,,,,
Q2831121,Albert Domec,No ES WP page,,,,,,,,,,,,,,
Q2831155,Albert Eutrope,No ES WP page,,,,,,,,,,,,,,
Q2831172,Albert Ferrasse,No ES WP page,,,,,,,,,,,,,,
Q2831239,Albert Henry Baskerville,No ES WP page,,,,,,,,,,,,,,
Q2831451,Albert Patrick Toetu,No ES WP page,,,,,,,,,,,,,,
Q2831596,Albert Tuipulotu,No ES WP page,,,,,,,,,,,,,,
Q2831603,Albert Valentin,No ES WP page,,,,,,,,,,,,,,
Q2831618,Albert van den Berg,,Albert van den Berg,Philippus Albertus van den Berg,Albert_van_den_Berg,26 de enero de 1974,Tswelopele,/w/index.php?title=Tswelopele&action=edit&redlink=1,,,,200,107,Segunda línea,,Sudáfrica
Q2831634,Albert VuliVuli,No ES WP page,,,,,,,,,,,,,,
Q2831761,Alberto de Marchi,No ES WP page,,,,,,,,,,,,,,
Q2831762,Alberto Di Bernardo,No ES WP page,,,,,,,,,,,,,,
Q2831832,Alberto Sgarbi,No ES WP page,,,,,,,,,,,,,,
Q2831847,Alberto Vernet Basualdo,,A. Vernet Basualdo,Alberto Vernet Basualdo,Alberto_Vernet_Basualdo,8 de junio de 1982,"Lincoln, Buenos Aires","/w/index.php?title=Lincoln,_Buenos_Aires&action=edit&redlink=1",,,,180,109,Hooker,,Argentina
Q2831858,Albertus Buckle,No ES WP page,,,,,,,,,,,,,,
Q2831884,Albin Louchard,No ES WP page,,,,,,,,,,,,,,
Q2832325,Aldo Quaglio,No ES WP page,,,,,,,,,,,,,,
Q2832389,Alec Boswell Timms,No ES WP page,,,,,,,,,,,,,,
Q2832399,Aled Brew,No ES WP page,,,,,,,,,,,,,,
Q2832401,Aled de Malmanche,No ES WP page,,,,,,,,,,,,,,
Q2832402,Alefoso Yalayalatabua,No ES WP page,,,,,,,,,,,,,,
Q2832428,Alejandro Campos,,Alejandro Campos,Alejandro Tomás Campos,Alejandro_Campos,21 de abril de 1983,Buenos Aires,/wiki/Buenos_Aires,,,,190,107,Ala,,Argentina
Q2832455,Alejandro Iachetti,No ES WP page,,,,,,,,,,,,,,
Q2832786,Alessandro Ghini,No ES WP page,,,,,,,,,,,,,,
Q2832797,Alex Moreno,No ES WP page,,,,,,,,,,,,,,
Q2832802,Alessandro Moscardi,No ES WP page,,,,,,,,,,,,,,
Q2832819,Cristian Stoica,No ES WP page,,,,,,,,,,,,,,
Q2832832,Alessandro Zanni,,Alessandro Zanni,,Alessandro_Zanni,31 de enero de 1984,Údine,/wiki/%C3%9Adine,,,,193,110,Flanker,,Italia
Q2832843,Alessio Galante,No ES WP page,,,,,,,,,,,,,,
Q2832849,Alessio Galasso,No ES WP page,,,,,,,,,,,,,,
Q2832918,Alex Codling,No ES WP page,,,,,,,,,,,,,,
Q2832924,Alex Corbisiero,,Alex Corbisiero,Alexander Richard Corbisiero,Alex_Corbisiero,30 de agosto de 1988,Nueva York,/wiki/Nueva_York,,,,187,124,Pilar,,
Q2832969,Al Kanaar,No ES WP page,,,,,,,,,,,,,,
Q2832979,Alex King,No ES WP page,,,,,,,,,,,,,,
Q2832986,Alex McDonald,No ES WP page,,,,,,,,,,,,,,
Q2833044,Alex Tulou,No ES WP page,,,,,,,,,,,,,,
Q2833119,Alexander Gillies,No ES WP page,,,,,,,,,,,,,,
Q2833172,Alexander Margvelashvili,No ES WP page,,,,,,,,,,,,,,
Q2833395,Alexandre Albouy,No ES WP page,,,,,,,,,,,,,,
Q2833427,Alexandre Barozzi,No ES WP page,,,,,,,,,,,,,,
Q2833436,Alexandre Barès,No ES WP page,,,,,,,,,,,,,,
Q2833437,Alexandre Bastin,No ES WP page,,,,,,,,,,,,,,
Q2833459,Alexandre Bias,No ES WP page,,,,,,,,,,,,,,
Q2833534,Alexandre Chazalet,No ES WP page,,,,,,,,,,,,,,
Q2833627,Alexandre Ducasse,No ES WP page,,,,,,,,,,,,,,
Q2833641,Alexandre Dumoulin,No ES WP page,,,,,,,,,,,,,,
Q2833670,Alexandre Flanquart,,Alexandre Flanquart,,Alexandre_Flanquart,9 de octubre de 1989,Cambrai,/wiki/Cambrai,,,,200,120,Segunda línea,,Francia
Q2833761,Alexandre Jaffrès,No ES WP page,,,,,,,,,,,,,,
Q2833812,Alexandre Lapandry,No ES WP page,,,,,,,,,,,,,,
Q2833989,Alexandre Péclier,,Alexandre Péclier,,Alexandre_P%C3%A9clier,26 de enero de 1975,Villefranche-sur-Saône,/wiki/Villefranche-sur-Sa%C3%B4ne,,,,183,89,Fullback,,Francia
Q2833994,Alexandre Ricaud,No ES WP page,,,,,,,,,,,,,,
Q2834096,Alexandre Valdant,No ES WP page,,,,,,,,,,,,,,
Q2834279,Alexandru Lupu,No ES WP page,,,,,,,,,,,,,,
Q2834287,Alexandru Tudori,No ES WP page,,,,,,,,,,,,,,
Q2834495,Alexis Driollet,No ES WP page,,,,,,,,,,,,,,
Q2834800,Alfie Vaeluaga,No ES WP page,,,,,,,,,,,,,,
Q2834997,Alfred Brice,No ES WP page,,,,,,,,,,,,,,
Q2835116,Alfred Fell,No ES WP page,,,,,,,,,,,,,,
Q2835186,Alfred Hind,No ES WP page,,,,,,,,,,,,,,
Q2835323,Alfred Mayssonnié,No ES WP page,,,,,,,,,,,,,,
Q2835429,Alfred Roques,No ES WP page,,,,,,,,,,,,,,
Q2835462,Alfred Shaw,No ES WP page,,,,,,,,,,,,,,
Q2835499,Alfred Uluinayau,No ES WP page,,,,,,,,,,,,,,
Q2835607,Alfredo Lalanne,,Alfredo Lalanne,,Alfredo_Lalanne,3 de marzo de 1983,Buenos Aires,/wiki/Buenos_Aires,,,,170,75,Medio scrum,,Argentina
Q2835696,Algernon Rutter,No ES WP page,,,,,,,,,,,,,,
Q2836131,Ali Belhocine,No ES WP page,,,,,,,,,,,,,,
Q2836235,Ali Guerraoui,No ES WP page,,,,,,,,,,,,,,
Q2836265,Ali Koko,No ES WP page,,,,,,,,,,,,,,
Q2836869,Alifereti Mocelutu,No ES WP page,,,,,,,,,,,,,,
Q2836870,Alifereti Doviverata,No ES WP page,,,,,,,,,,,,,,
Q2836916,Aliki Fakate,No ES WP page,,,,,,,,,,,,,,
Q2837121,Alipate Fatafehi,No ES WP page,,,,,,,,,,,,,,
Q2837135,Alisi Tupuailei,No ES WP page,,,,,,,,,,,,,,
Q2837188,Alistair Murdoch,No ES WP page,,,,,,,,,,,,,,
Q2837203,Alister James Campbell,No ES WP page,,,,,,,,,,,,,,
Q2837205,Alister Munro Campbell,No ES WP page,,,,,,,,,,,,,,
Q2837207,Alister Hopkinson,No ES WP page,,,,,,,,,,,,,,
Q2837292,Alix Popham,No ES WP page,,,,,,,,,,,,,,
Q2837676,Allan Bateman,No ES WP page,,,,,,,,,,,,,,
Q2837717,Allan Hewson,,Allan Hewson,Allan Roy Hewson,Allan_Hewson,6 de junio de 1954,Lower Hutt,/wiki/Lower_Hutt,,,,180,83,Fullback,,Nueva Zelanda
Q2837722,Allan Jacobsen,No ES WP page,,,,,,,,,,,,,,
Q2837744,Allan Martin,No ES WP page,,,,,,,,,,,,,,
Q2837760,Allan Roy,No ES WP page,,,,,,,,,,,,,,
Q2838356,Allister Hogg,No ES WP page,,,,,,,,,,,,,,
Q2839205,Aloisio Butonidualevu,No stint found,Aloisio Butonidualevu,,Aloisio_Butonidualevu,21 de octubre de 1983,Suva,/wiki/Suva,7 de noviembre de 2023,,,184,,Centro,,FiyiFiyi
Q2839905,Alphonse Massé,No ES WP page,,,,,,,,,,,,,,
Q2840331,Altenstadt Hulme,No ES WP page,,,,,,,,,,,,,,
Q2840540,Alun Thomas,No ES WP page,,,,,,,,,,,,,,
Q2840543,Alun Pask,No ES WP page,,,,,,,,,,,,,,
Q2840584,Alvaro Tejeda,No ES WP page,,,,,,,,,,,,,,
Q2841072,Oriol Ripol,No stint found,Oriol Ripol,Oriol Ripol Fortuny,Oriol_Ripol_Fortuny,6 de septiembre de 1975,,,,,,173,84,ala,,
Q2842417,Ambroise Ulma,No ES WP page,,,,,,,,,,,,,,
Q2843934,Amos du Plooy,No ES WP page,,,,,,,,,,,,,,
Q2844644,Amédée Domenech,No ES WP page,,,,,,,,,,,,,,
Q2844645,Amédée Domenech,No ES WP page,,,,,,,,,,,,,,
Q2846088,Ander Monro,No ES WP page,,,,,,,,,,,,,,
Q2846284,Andre Snyman,,André Snyman,Andries Hendrik Snyman,Andr%C3%A9_Snyman,2 de febrero de 1974,Newcastle,/w/index.php?title=Newcastle_(Sud%C3%A1frica)&action=edit&redlink=1,,,,187,100,Wing,,Sudáfrica
Q2846294,Andrea Bacchetti,No ES WP page,,,,,,,,,,,,,,
Q2846301,Andrea Benatti,No ES WP page,,,,,,,,,,,,,,
Q2846319,Andrea Castellani,No ES WP page,,,,,,,,,,,,,,
Q2846324,Andrea de Rossi,No ES WP page,,,,,,,,,,,,,,
Q2846342,Andrea Gritti,No ES WP page,,,,,,,,,,,,,,
Q2846414,Andrea Sgorlon,No ES WP page,,,,,,,,,,,,,,
Q2846418,Andrea Taveggia,No ES WP page,,,,,,,,,,,,,,
Q2846498,Andriy Kovalenco,,Andriy Kovalenco,Андрей Коваленко,Andriy_Kovalenco,12 de julio de 1971,Kiev,/wiki/Kiev,,,,180,90,Apertura,,UcraniaUcrania
Q2846539,Andrew Aitken,No ES WP page,,,,,,,,,,,,,,
Q2846568,Andrew Blades,No ES WP page,,,,,,,,,,,,,,
Q2846597,Andrew Farley,No ES WP page,,,,,,,,,,,,,,
Q2846621,Andrew Heath,No ES WP page,,,,,,,,,,,,,,
Q2846624,Andy Hazell,No ES WP page,,,,,,,,,,,,,,
Q2846629,Andrew Higgins,No ES WP page,,,,,,,,,,,,,,
Q2846631,Andrew Henderson,No ES WP page,,,,,,,,,,,,,,
Q2846661,Andrew Leeds,,Andrew Leeds,Andrew Jacob S. Leeds,Andrew_Leeds,19 de septiembre de 1964,Sídney,/wiki/S%C3%ADdney,,,,185,90,Fullback,,Australia
Q2846669,Andrew Ma'ilei,No ES WP page,,,,,,,,,,,,,,
Q2846679,Andrew McCormick,No ES WP page,,,,,,,,,,,,,,
Q2846690,Andrew Miller,No ES WP page,,,,,,,,,,,,,,
Q2846734,Andrew Slack,,Andrew Slack,Andrew Gerard Slack,Andrew_Slack,24 de septiembre de 1955,Brisbane,/wiki/Brisbane,,,,180,85,Centro,,Australia
Q2846737,Andrew Springgay,No ES WP page,,,,,,,,,,,,,,
Q2846744,Andrew Stoddart,No ES WP page,,,,,,,,,,,,,,
Q2846760,Andrew Walker,No ES WP page,,,,,,,,,,,,,,
Q2846773,Andrew Wilson,No ES WP page,,,,,,,,,,,,,,
Q2846836,Andrei Ostrikov,No ES WP page,,,,,,,,,,,,,,
Q2846872,Andries Bekker,No ES WP page,,,,,,,,,,,,,,
Q2846876,Andries van Heerden,No ES WP page,,,,,,,,,,,,,,
Q2847121,André Abadie,No ES WP page,,,,,,,,,,,,,,
Q2847124,André Abadie,No stint found,André Abadie,,Andr%C3%A9_Abadie,27 de julio de 1934,Toulouse,/wiki/Toulouse,6 de enero de 2020,Villefranche-de-Lauragais,/wiki/Villefranche-de-Lauragais,,,,,Francesa
Q2847149,André Alvarez,No ES WP page,,,,,,,,,,,,,,
Q2847267,André Berilhe,No ES WP page,,,,,,,,,,,,,,
Q2847282,André Berthozat,No ES WP page,,,,,,,,,,,,,,
Q2847386,André Brouat,No ES WP page,,,,,,,,,,,,,,
Q2847401,André Buonomo,No ES WP page,,,,,,,,,,,,,,
Q2847426,André Camel,No ES WP page,,,,,,,,,,,,,,
Q2847428,André Campaes,No ES WP page,,,,,,,,,,,,,,
Q2847669,André Dubertrand,No ES WP page,,,,,,,,,,,,,,
Q2847778,André Francquenelle,No ES WP page,,,,,,,,,,,,,,
Q2847785,André Frémaux,No ES WP page,,,,,,,,,,,,,,
Q2847921,André Haget,No ES WP page,,,,,,,,,,,,,,
Q2847957,André Herrero,No ES WP page,,,,,,,,,,,,,,
Q2847966,André Hough,No ES WP page,,,,,,,,,,,,,,
Q2848016,André Joubert,,André Joubert,André Johan Joubert,Andr%C3%A9_Joubert,15 de abril de 1964,Ladysmith,/wiki/Ladysmith_(Sud%C3%A1frica),,,,187,92,Fullback,,Sudáfrica
Q2848194,André Lubrano,No ES WP page,,,,,,,,,,,,,,
Q2848281,André McDonald,No ES WP page,,,,,,,,,,,,,,
Q2848323,André Morel,No ES WP page,,,,,,,,,,,,,,
Q2848436,André Piazza,No ES WP page,,,,,,,,,,,,,,
Q2848496,André Quilis,No ES WP page,,,,,,,,,,,,,,
Q2848589,André Ruiz,No ES WP page,,,,,,,,,,,,,,
Q2848596,André Sahuc,No ES WP page,,,,,,,,,,,,,,
Q2848609,André Sanac,No ES WP page,,,,,,,,,,,,,,
Q2848691,André Theuriet,No ES WP page,,,,,,,,,,,,,,
Q2848764,André Verger,No ES WP page,,,,,,,,,,,,,,
Q2848765,André Vergès,No ES WP page,,,,,,,,,,,,,,
Q2848805,André Watson,No ES WP page,,,,,,,,,,,,,,
Q2849008,Andrés Courreges,No ES WP page,,,,,,,,,,,,,,
Q2849057,Andy Beattie,No ES WP page,,,,,,,,,,,,,,
Q2849092,Andy Dalton,No ES WP page,,,,,,,,,,,,,,
Q2849101,Andy Earl,,Andy Earl,Andrew Thomas Earl,Andy_Earl,12 de septiembre de 1961,Christchurch,/wiki/Christchurch,,,,190,100,Octavo,,Nueva Zelanda
Q2849107,Andy Farrell,,Andy Farrell,Andrew David Farrell,Andy_Farrell,30 de mayo de 1975,Wigan,/wiki/Wigan,,,,193,108,Centro,,"InglaterraInglaterra, Reino Unido"
Q2849114,Andy Gomarsall,,Andy Gomarsall,Andrew Charles Thomas Gomarsall,Andy_Gomarsall,24 de julio de 1974,Durham,/wiki/Durham,,,,177,90,Medio scrum,,"Inglaterra,Reino Unido"
Q2849116,Andy Goode,No ES WP page,,,,,,,,,,,,,,
Q2849120,Andy Haden,No ES WP page,,,,,,,,,,,,,,
Q2849130,Andy Kyriacou,No ES WP page,,,,,,,,,,,,,,
Q2849136,Andy Long,No ES WP page,,,,,,,,,,,,,,
Q2849141,Andy McIntyre,,Andy McIntyre,Andrew John McIntyre,Andy_McIntyre,23 de diciembre de 1955,Toowoomba,/wiki/Toowoomba,,,,,,Pilar,,Australia
Q2849147,Andy Miller,No ES WP page,,,,,,,,,,,,,,
Q2849150,Andy Mulligan,No ES WP page,,,,,,,,,,,,,,
Q2849151,Andy Nicol,No ES WP page,,,,,,,,,,,,,,
Q2849157,Andy Reed,No ES WP page,,,,,,,,,,,,,,
Q2849163,Andy Robinson,,Andy Robinson,Richard Andrew Robinson,Andy_Robinson,3 de abril de 1964,Taunton,/wiki/Taunton,,,,175,88,Ala,,"InglaterraInglaterra, Reino Unido"
Q2849176,Andy Titterrell,No ES WP page,,,,,,,,,,,,,,
Q2849186,Andy Ward,No ES WP page,,,,,,,,,,,,,,
Q2849189,Andy Williams,No ES WP page,,,,,,,,,,,,,,
Q2849814,Angus Macdonald,No ES WP page,,,,,,,,,,,,,,
Q2850200,Anitelea Tuilagi,No ES WP page,,,,,,,,,,,,,,
Q2852790,Anthony Allen,No ES WP page,,,,,,,,,,,,,,
Q2852813,Anthony Bourgeois,No ES WP page,,,,,,,,,,,,,,
Q2852820,Anthony Buchanan,No ES WP page,,,,,,,,,,,,,,
Q2852851,Anthony Forest,No ES WP page,,,,,,,,,,,,,,
Q2852852,Anthony Floch,No ES WP page,,,,,,,,,,,,,,
Q2852853,Anthony Frenet,No ES WP page,,,,,,,,,,,,,,
Q2852858,Anthony Giacobazzi,No ES WP page,,,,,,,,,,,,,,
Q2852872,Anthony Hegarty,No ES WP page,,,,,,,,,,,,,,
Q2852873,Anthony Herbert,,Anthony Herbert,Anthony Gerrard Herbert,Anthony_Herbert,13 de agosto de 1966,Brisbane,/wiki/Brisbane,,,,180,85,Centro,,Australia
Q2852878,Anthony Horgan,No ES WP page,,,,,,,,,,,,,,
Q2852886,Anthony Lagardère,No ES WP page,,,,,,,,,,,,,,
Q2852897,Anthony Mazel,No ES WP page,,,,,,,,,,,,,,
Q2852905,Anthony Muleta,No ES WP page,,,,,,,,,,,,,,
Q2852920,Anthony Poujol,No ES WP page,,,,,,,,,,,,,,
Q2852922,Anthony Pradalie,No ES WP page,,,,,,,,,,,,,,
Q2852944,Anthony Roux,No ES WP page,,,,,,,,,,,,,,
Q2852948,Anthony Salle-Canne,No ES WP page,,,,,,,,,,,,,,
Q2852977,Anthony Sullivan,No ES WP page,,,,,,,,,,,,,,
Q2852979,Anthony Tesquet,No ES WP page,,,,,,,,,,,,,,
Q2852989,Antony Vigna,No ES WP page,,,,,,,,,,,,,,
Q2853657,Antoine Battut,No ES WP page,,,,,,,,,,,,,,
Q2853680,Antoine Blain,No ES WP page,,,,,,,,,,,,,,
Q2853718,Antoine Bourdin,No ES WP page,,,,,,,,,,,,,,
Q2853747,Antoine Burban,,Antoine Burban,,Antoine_Burban,22 de julio de 1987,Neuilly-sur-Seine,/wiki/Neuilly-sur-Seine,,,,189,97,Flanker,,Francia
Q2853751,Antoine Béguère,No ES WP page,,,,,,,,,,,,,,
Q2854035,Antoine Guillamon,No ES WP page,,,,,,,,,,,,,,
Q2854122,Antoine Labazuy,No ES WP page,,,,,,,,,,,,,,
Q2854125,Antoine Lagarès,No ES WP page,,,,,,,,,,,,,,
Q2854156,Antoine Lescalmel,No ES WP page,,,,,,,,,,,,,,
Q2854161,Antoine Loubière,No ES WP page,,,,,,,,,,,,,,
Q2854281,Antoine Nicoud,No ES WP page,,,,,,,,,,,,,,
Q2856764,Antoine Tichit,No stint found,Antoine Tichit,,Antoine_Tichit,13 de junio de 1989,Francia,/wiki/Francia,,,,187,115,Pilar izquierdo,,Francés
Q2856796,Antoine Vignau-Tuquet,No ES WP page,,,,,,,,,,,,,,
Q2857013,Anton Leonard,No ES WP page,,,,,,,,,,,,,,
Q2857019,Anton Peikrishvili,,Anton Peikrishvili,,Anton_Peikrishvili,18 de septiembre de 1987,Tiflis,/wiki/Tiflis,,,,182,118,pilar,,Georgia
Q2857035,Anton Rudoy,No ES WP page,,,,,,,,,,,,,,
Q2857049,Anton van Zyl,No ES WP page,,,,,,,,,,,,,,
Q2857068,Antoni Etchegaray,No ES WP page,,,,,,,,,,,,,,
Q2857096,Antonie Claassen,No ES WP page,,,,,,,,,,,,,,
Q2857106,Antonin Barbazanges,No ES WP page,,,,,,,,,,,,,,
Q2857396,Antonio Pavanello,No ES WP page,,,,,,,,,,,,,,
Q2858168,Apenisa Naevo,No ES WP page,,,,,,,,,,,,,,
Q2860084,Archibald Drummond,No ES WP page,,,,,,,,,,,,,,
Q2860862,Aretz Iguiniz,,Aretz Iguiniz,,Aretz_Iguiniz,3 de junio de 1983,Hendaya,/wiki/Hendaya,,,,188,108,pilier,,Francia
Q2861242,Ariel Castellina,No ES WP page,,,,,,,,,,,,,,
Q2861349,Aristide Barraud,No ES WP page,,,,,,,,,,,,,,
Q2861991,Armand Vaquerin,No ES WP page,,,,,,,,,,,,,,
Q2863025,Arnaldo Gruarin,No ES WP page,,,,,,,,,,,,,,
Q2863051,Arnaud Bazin,No ES WP page,,,,,,,,,,,,,,
Q2863062,Arnaud Boudie,No ES WP page,,,,,,,,,,,,,,
Q2863098,Arnaud Dorier,No ES WP page,,,,,,,,,,,,,,
Q2863107,Arnaud Epito,No ES WP page,,,,,,,,,,,,,,
Q2863110,Arnaud Ferreira,No ES WP page,,,,,,,,,,,,,,
Q2863134,Arnaud Héguy,No ES WP page,,,,,,,,,,,,,,
Q2863168,Arnaud Marquesuzaa,No ES WP page,,,,,,,,,,,,,,
Q2863169,Arnaud Martinez,No ES WP page,,,,,,,,,,,,,,
Q2863171,Arnaud Mathet,No ES WP page,,,,,,,,,,,,,,
Q2863178,Arnaud Miniaylo,No ES WP page,,,,,,,,,,,,,,
Q2863180,Arnaud Mignardi,No ES WP page,,,,,,,,,,,,,,
Q2863186,Arnaud Méla,No ES WP page,,,,,,,,,,,,,,
Q2863188,Arnaud Pic,No ES WP page,,,,,,,,,,,,,,
Q2863202,Arnaud Ramey,No ES WP page,,,,,,,,,,,,,,
Q2863270,Arnauld Tchougong,No ES WP page,,,,,,,,,,,,,,
Q2863340,Arnold Bideleux,No ES WP page,,,,,,,,,,,,,,
Q2864477,Arsène N'Nomo,No ES WP page,,,,,,,,,,,,,,
Q2864977,Arthur Anlezark,No ES WP page,,,,,,,,,,,,,,
Q2865002,"Sir Arthur Blakiston, 7th Baronet",No ES WP page,,,,,,,,,,,,,,
Q2865011,Arthur Boucher,No ES WP page,,,,,,,,,,,,,,
Q2865017,Arthur Budd,No ES WP page,,,,,,,,,,,,,,
Q2865048,Arthur Chollon,No ES WP page,,,,,,,,,,,,,,
Q2865120,Arthur Gomes,No ES WP page,,,,,,,,,,,,,,
Q2865165,Arthur Joly,No ES WP page,,,,,,,,,,,,,,
Q2865184,Arthur Lambourn,No ES WP page,,,,,,,,,,,,,,
Q2865205,Arthur Lewis,No ES WP page,,,,,,,,,,,,,,
Q2865234,Arthur McMaster,No ES WP page,,,,,,,,,,,,,,
Q2865345,Arthur Smith,No ES WP page,,,,,,,,,,,,,,
Q2865385,Arthur Young,No ES WP page,,,,,,,,,,,,,,
Q2866086,Arwel Thomas,No ES WP page,,,,,,,,,,,,,,
Q2866536,Ashley Clarke,No ES WP page,,,,,,,,,,,,,,
Q2866557,Ashley Smith,No ES WP page,,,,,,,,,,,,,,
Q2866598,Ashwin Willemse,,Ashwin Willemse,Ashwin Kennith Willemse,Ashwin_Willemse,8 de septiembre de 1981,Caledon,/wiki/Caledon_(Sud%C3%A1frica),,,,188,89,Wing,,Sudáfrica
Q2869593,Uini Atonio,,Uini Atonio,,Uini_Atonio,26 de marzo de 1990,Timaru,/w/index.php?title=Timaru&action=edit&redlink=1,,,,197,155,Pilier,,Nueva Zelanda
Q2870617,Aubin Hueber,No ES WP page,,,,,,,,,,,,,,
Q2871241,Auguste Jarasse,No ES WP page,,,,,,,,,,,,,,
Q2871262,Auguste Lassalle,No ES WP page,,,,,,,,,,,,,,
Q2871633,Augustin Petrechei,No ES WP page,,,,,,,,,,,,,,
Q2871635,Augustin Pujol,No ES WP page,,,,,,,,,,,,,,
Q2871698,Augusto Petrilli,No ES WP page,,,,,,,,,,,,,,
Q2872034,Aurélien Béco,No ES WP page,,,,,,,,,,,,,,
Q2872035,Aurélien Diotallevi,No ES WP page,,,,,,,,,,,,,,
Q2872057,Aurélien Sourrouille,No ES WP page,,,,,,,,,,,,,,
Q2874592,Avril Malan,No ES WP page,,,,,,,,,,,,,,
Q2874600,Avril Williams,,Avril Williams,Avril Percy Williams,Avril_Williams,10 de febrero de 1961,Cape Winelands,/wiki/Distrito_Municipal_de_Cape_Winelands,,,,175,82,Wing,,Sudáfrica
Q2874617,Avtandil Kopaliani,No ES WP page,,,,,,,,,,,,,,
Q2874998,Ayoola Erinle,No ES WP page,,,,,,,,,,,,,,
Q2880856,Balie Swart,,Balie Swart,Izak Stephanus de Villiers Swart,Balie_Swart,18 de mayo de 1964,Malmesbury,/w/index.php?title=Malmesbury_(Sud%C3%A1frica)&action=edit&redlink=1,,,,185,112,Pilar,,Sudáfrica
Q2883657,Baptiste Chedal,No ES WP page,,,,,,,,,,,,,,
Q2883675,Baptiste Rey-Gorrez,No ES WP page,,,,,,,,,,,,,,
Q2884437,Barend Britz,No ES WP page,,,,,,,,,,,,,,
Q2884703,Barney Mullan,No ES WP page,,,,,,,,,,,,,,
Q2885721,Barry Davies,No ES WP page,,,,,,,,,,,,,,
Q2885766,Barry Llewelyn,No ES WP page,,,,,,,,,,,,,,
Q2885775,Barry McGann,No ES WP page,,,,,,,,,,,,,,
Q2885784,Barry Murphy,No ES WP page,,,,,,,,,,,,,,
Q2885809,Barry Williams,No ES WP page,,,,,,,,,,,,,,
Q2886790,Basie van Wyk,No ES WP page,,,,,,,,,,,,,,
Q2886795,Basie Vivier,No ES WP page,,,,,,,,,,,,,,
Q2886804,Basil Kenyon,No ES WP page,,,,,,,,,,,,,,
Q2886805,Basil Maclear,,Basil Maclear,,Basil_Maclear,7 de abril de 1881,Portsmouth,/wiki/Portsmouth,26 de mayo de 1915,Ypres,/wiki/Ypres,180,85,Centro,,"InglaterraInglaterra, Reino Unido"
Q2886855,Basile Moraitis,No ES WP page,,,,,,,,,,,,,,
Q2887718,Bastien Sohet,No ES WP page,,,,,,,,,,,,,,
Q2887719,Bastien Siepielski,No ES WP page,,,,,,,,,,,,,,
Q2893556,Bedel Dogoui,No ES WP page,,,,,,,,,,,,,,
Q2894076,Beka Sheklashvili,No ES WP page,,,,,,,,,,,,,,
Q2894306,Jean Patrick Lesobre,No stint found,Jean-Patrick Lesobre,,Jean-Patrick_Lesobre,9 de julio de 1953,,,,,,180,82,Presidente,,
Q2894520,Belisario Agulla,No ES WP page,,,,,,,,,,,,,,
Q2895327,Ben Atiga,No ES WP page,,,,,,,,,,,,,,
Q2895331,Ben Barba,No ES WP page,,,,,,,,,,,,,,
Q2895345,Ben Blair,No ES WP page,,,,,,,,,,,,,,
Q2895361,Ben Castle,No ES WP page,,,,,,,,,,,,,,
Q2895382,Ben Clarke,No ES WP page,,,,,,,,,,,,,,
Q2895383,Ben Coutts,No ES WP page,,,,,,,,,,,,,,
Q2895394,Ben Darwin,No ES WP page,,,,,,,,,,,,,,
Q2895409,Benjamin Duff,No ES WP page,,,,,,,,,,,,,,
Q2895446,Ben Hand,No ES WP page,,,,,,,,,,,,,,
Q2895462,Ben Hinshelwood,No ES WP page,,,,,,,,,,,,,,
Q2895477,Ben Johnston,No ES WP page,,,,,,,,,,,,,,
Q2895492,Ben Kay,,Ben Kay,Benedict James Kay,Ben_Kay,14 de diciembre de 1975,Liverpool,/wiki/Liverpool,,,,198,120,Segunda línea,,Reino Unido
Q2895512,Ben MacDougall,No ES WP page,,,,,,,,,,,,,,
Q2895525,Ben Morgan,No ES WP page,,,,,,,,,,,,,,
Q2895554,Ben Skirving,No ES WP page,,,,,,,,,,,,,,
Q2895571,Ben Te'o,No ES WP page,,,,,,,,,,,,,,
Q2895598,Ben Woods,No ES WP page,,,,,,,,,,,,,,
Q2895998,Benjamin Basteres,No ES WP page,,,,,,,,,,,,,,
Q2895999,Benjamin Beaux,No ES WP page,,,,,,,,,,,,,,
Q2896013,Benjamin Boyet,No ES WP page,,,,,,,,,,,,,,
Q2896050,Benjamin Dechartres,No ES WP page,,,,,,,,,,,,,,
Q2896071,Benjamin Fall,,Benjamin Fall,,Benjamin_Fall,3 de marzo de 1989,Langon,/wiki/Langon,,,,186,90,Wing; Fullback,,Francia
Q2896072,Benjamin Ferrou,No ES WP page,,,,,,,,,,,,,,
Q2896081,Benjamin Gaillardet,No ES WP page,,,,,,,,,,,,,,
Q2896088,Benjamin Goze,No ES WP page,,,,,,,,,,,,,,
Q2896114,Benjamin Kayser,No stint found,Benjamin Kayser,,Benjamin_Kayser,26 de julio de 1984,,,,,,183,112,hooker,,
Q2896133,Benjamin Lapeyre,No ES WP page,,,,,,,,,,,,,,
Q2896150,Benjamin Lhande,No ES WP page,,,,,,,,,,,,,,
Q2896184,Benjamin Ollivier,No ES WP page,,,,,,,,,,,,,,
Q2896185,Benjamin Noirot,No ES WP page,,,,,,,,,,,,,,
Q2896192,Benjamin Petre,No ES WP page,,,,,,,,,,,,,,
Q2896211,Benjamin Rioux,No ES WP page,,,,,,,,,,,,,,
Q2896222,Benjamin Servien,No ES WP page,,,,,,,,,,,,,,
Q2896232,Benjamin Sore,No ES WP page,,,,,,,,,,,,,,
Q2896239,Benjamin Tardy,No ES WP page,,,,,,,,,,,,,,
Q2896252,Benjamin Thuries,No ES WP page,,,,,,,,,,,,,,
Q2896254,Benjamin Thiéry,,Benjamin Thiéry,,Benjamin_Thi%C3%A9ry,2 de junio de 1984,Reims,/wiki/Reims,,,,185,85,ala; zaguero,,Francia
Q2896267,Benjamín Urdapilleta,,Benjamín Urdapilleta,,Benjam%C3%ADn_Urdapilleta,11 de marzo de 1986,Buenos Aires,/wiki/Buenos_Aires,,,,178,80,Centro; Apertura,,Argentina
Q2896286,Benjamin de Jager,No ES WP page,,,,,,,,,,,,,,
Q2896305,Benji Marshall,No ES WP page,,,,,,,,,,,,,,
Q2896344,Bennie Osler,,Bennie Osler,Benjamin Louwrens Osler,Bennie_Osler,23 de noviembre de 1901,Aliwal North,/w/index.php?title=Aliwal_North&action=edit&redlink=1,28 de abril de 1962,Bellville (,,173,80,Apertura,,Sudáfrica
Q2896418,Benoît Albert,No ES WP page,,,,,,,,,,,,,,
Q2896429,Benoît August,No ES WP page,,,,,,,,,,,,,,
Q2896436,Benoît Bellot,No ES WP page,,,,,,,,,,,,,,
Q2896445,Benoît Bourrust,No ES WP page,,,,,,,,,,,,,,
Q2896446,Benoît Cabello,No ES WP page,,,,,,,,,,,,,,
Q2896486,Benoît Dauga,No stint found,Benoît Dauga,Benoît Dauga,Beno%C3%AEt_Dauga,8 de mayo de 1942,"Montgaillard, Landas","/wiki/Montgaillard,_Landas",3 de noviembre de 2022,Mont-de-Marsan,/wiki/Mont-de-Marsan,196,100,Lock,,Francia
Q2896487,Benoît Denoyelle,No ES WP page,,,,,,,,,,,,,,
Q2896573,Benoît Lecouls,No ES WP page,,,,,,,,,,,,,,
Q2896589,Benoît Manteaux,No ES WP page,,,,,,,,,,,,,,
Q2896590,Benoît Marfaing,No ES WP page,,,,,,,,,,,,,,
Q2896647,Benoît Sicart,No ES WP page,,,,,,,,,,,,,,
Q2896670,Benoît Zanon,No ES WP page,,,,,,,,,,,,,,
Q2896706,Benson Stanley,No ES WP page,,,,,,,,,,,,,,
Q2896778,Benvenuto Sella,No ES WP page,,,,,,,,,,,,,,
Q2897519,Bernard Bergès,No ES WP page,,,,,,,,,,,,,,
Q2897684,Bernard Chevallier,No ES WP page,,,,,,,,,,,,,,
Q2897838,Bernard Duprat,No ES WP page,,,,,,,,,,,,,,
Q2897848,Bernard Dutin,No ES WP page,,,,,,,,,,,,,,
Q2897995,Bernard Goutta,No ES WP page,,,,,,,,,,,,,,
Q2898047,Bernard Herrero,No ES WP page,,,,,,,,,,,,,,
Q2898098,Bernard Jackman,No ES WP page,,,,,,,,,,,,,,
Q2898141,Bernard Lacombe,No ES WP page,,,,,,,,,,,,,,
Q2898192,Bernard Lavigne,No ES WP page,,,,,,,,,,,,,,
Q2898198,Bernard Le Roux,,Bernard Le Roux,,Bernard_Le_Roux,4 de junio de 1989,Moorreesburg,/w/index.php?title=Moorreesburg&action=edit&redlink=1,,,,196,116,Flanker,,Sudáfrica
Q2898338,Bernard Momméjat,No ES WP page,,,,,,,,,,,,,,
Q2898729,Bernard Viviès,No ES WP page,,,,,,,,,,,,,,
Q2898956,Bernardo Stortoni,No ES WP page,,,,,,,,,,,,,,
Q2899060,Bernie Fraser,No ES WP page,,,,,,,,,,,,,,
Q2899064,Bernie McCahill,,Bernie McCahill,Bernard Joseph McCahill,Bernie_McCahill,28 de junio de 1964,Auckland,/wiki/Auckland,,,,183,80,Centro,,Nueva Zelanda
Q2899182,Bert Cooke,No ES WP page,,,,,,,,,,,,,,
Q2899185,Bert Dauncey,No ES WP page,,,,,,,,,,,,,,
Q2899186,Bert Gould,No ES WP page,,,,,,,,,,,,,,
Q2899188,Bert Kipling,No ES WP page,,,,,,,,,,,,,,
Q2899213,Bert Winfield,No ES WP page,,,,,,,,,,,,,,
Q2899351,Bertie O'Hanlon,No ES WP page,,,,,,,,,,,,,,
Q2899439,Bertrand Aurignac,No ES WP page,,,,,,,,,,,,,,
Q2899532,Bertrand Fourcade,No ES WP page,,,,,,,,,,,,,,
Q2899556,Bertrand Guilloux,No ES WP page,,,,,,,,,,,,,,
Q2899561,Bertrand Guiry,No ES WP page,,,,,,,,,,,,,,
Q2899782,Bertus Swanepoel,No ES WP page,,,,,,,,,,,,,,
Q2899784,Bertus Van der Merwe,No ES WP page,,,,,,,,,,,,,,
Q2900364,Bevan Holmes,No ES WP page,,,,,,,,,,,,,,
Q2900365,Bevan Wilson,No ES WP page,,,,,,,,,,,,,,
Q2900404,Bevin Fortuin,No ES WP page,,,,,,,,,,,,,,
Q2900567,Beñat Arrayet,No ES WP page,,,,,,,,,,,,,,
Q2903145,William Alexander Campbell,No ES WP page,,,,,,,,,,,,,,
Q2903163,Bill Clement,No ES WP page,,,,,,,,,,,,,,
Q2903176,Bill Cunningham,No ES WP page,,,,,,,,,,,,,,
Q2903181,Bill Cuthbertson,No ES WP page,,,,,,,,,,,,,,
Q2903183,Bill Dalley,No ES WP page,,,,,,,,,,,,,,
Q2903187,Bill Davis,No ES WP page,,,,,,,,,,,,,,
Q2903217,Bill Gadolo,No ES WP page,,,,,,,,,,,,,,
Q2903233,Bill Hardcastle,No ES WP page,,,,,,,,,,,,,,
Q2903281,William Mackrell,No ES WP page,,,,,,,,,,,,,,
Q2903284,Bill Maclagan,,Bill Maclagan,William Edward Maclagan,Bill_Maclagan,5 de abril de 1858,Edimburgo,/wiki/Edimburgo,10 de octubre de 1926,,,180,85,Centro,,"EscociaEscocia, Reino Unido"
Q2903290,Bill McCaw,No ES WP page,,,,,,,,,,,,,,
Q2903293,Bill McKay,No ES WP page,,,,,,,,,,,,,,
Q2903299,Bill Morris,No ES WP page,,,,,,,,,,,,,,
Q2903306,Bill Osborne,No ES WP page,,,,,,,,,,,,,,
Q2903371,Bill Tamplin,No ES WP page,,,,,,,,,,,,,,
Q2903413,Bill Young,No ES WP page,,,,,,,,,,,,,,
Q2903607,Billy Bush,No ES WP page,,,,,,,,,,,,,,
Q2903616,Billy Cleaver,No ES WP page,,,,,,,,,,,,,,
Q2903629,Billy Fulton,No ES WP page,,,,,,,,,,,,,,
Q2903633,Billy Glenn,No ES WP page,,,,,,,,,,,,,,
Q2903678,William McCutcheon,No ES WP page,,,,,,,,,,,,,,
Q2903685,Billy Moss,No ES WP page,,,,,,,,,,,,,,
Q2903688,Billy O'Neill,No ES WP page,,,,,,,,,,,,,,
Q2903706,Billy Raybould,No ES WP page,,,,,,,,,,,,,,
Q2903719,Billy Spiller,No ES WP page,,,,,,,,,,,,,,
Q2903724,William Steele,No ES WP page,,,,,,,,,,,,,,
Q2903742,Billy Wallace,No ES WP page,,,,,,,,,,,,,,
Q2903745,Billy Williams,No ES WP page,,,,,,,,,,,,,,
Q2903748,Billy Williams,No ES WP page,,,,,,,,,,,,,,
Q2905194,Bjorn Basson,No ES WP page,,,,,,,,,,,,,,
Q2905737,Blair Connor,No ES WP page,,,,,,,,,,,,,,
Q2905738,Blair Larsen,No ES WP page,,,,,,,,,,,,,,
Q2905740,Blair Stewart,No ES WP page,,,,,,,,,,,,,,
Q2907599,Bob Burgess,No ES WP page,,,,,,,,,,,,,,
Q2907611,Bob Challis,No ES WP page,,,,,,,,,,,,,,
Q2907612,Bob Casey,No ES WP page,,,,,,,,,,,,,,
Q2907626,Bob Deans,No ES WP page,,,,,,,,,,,,,,
Q2907639,Bob Dwyer,,Bob Dwyer,,Bob_Dwyer,29 de noviembre de 1940,Sídney,/wiki/S%C3%ADdney,,,,185,95,Segunda línea,,Australia
Q2907646,Bob Egerton,,Bob Egerton,Robert Henry Egerton,Bob_Egerton,6 de marzo de 1963,Lae,/wiki/Lae,,,,180,85,Wing,,Papúa Nueva GuineaPapúa Nueva Guinea
Q2907653,Bob Evans,No ES WP page,,,,,,,,,,,,,,
Q2907680,Bob Gould,No ES WP page,,,,,,,,,,,,,,
Q2907705,Bob Hiller,No ES WP page,,,,,,,,,,,,,,
Q2907739,Bob Loubser,No ES WP page,,,,,,,,,,,,,,
Q2907786,Bob Norster,No ES WP page,,,,,,,,,,,,,,
Q2907840,Bob Stirling,No ES WP page,,,,,,,,,,,,,,
Q2907842,Bob Stuart,No ES WP page,,,,,,,,,,,,,,
Q2908569,Boela du Plooy,No ES WP page,,,,,,,,,,,,,,
Q2908627,Bogdan Bălan,No ES WP page,,,,,,,,,,,,,,
Q2908634,Bogdan Leonte,No ES WP page,,,,,,,,,,,,,,
Q2908645,Bogdan Tudor,No ES WP page,,,,,,,,,,,,,,
Q2909459,Bolla Conradie,No ES WP page,,,,,,,,,,,,,,
Q2909460,Arthur Francis,No ES WP page,,,,,,,,,,,,,,
Q2910396,Bonzolé Mololo Guylain,No ES WP page,,,,,,,,,,,,,,
Q2910477,Charles Nicholl,No ES WP page,,,,,,,,,,,,,,
Q2910917,Boris Bouhraoua,No ES WP page,,,,,,,,,,,,,,
Q2910921,Boris Béthéry,No ES WP page,,,,,,,,,,,,,,
Q2911037,Boris Stankovich,No ES WP page,,,,,,,,,,,,,,
Q2918762,Paddy Mayne,No stint found,Robert Blair Mayne,,Paddy_Mayne,11 de enero de 1915,,,14 de diciembre de 1955,(40 años),,,,segunda línea,,
Q2922157,Boumedienne Allam,No ES WP page,,,,,,,,,,,,,,
Q2922979,Boy Morkel,No ES WP page,,,,,,,,,,,,,,
Q2923186,Braam van Straaten,,Braam van Straaten,Abraham Johannes Jacobus van Straaten,Braam_van_Straaten,28 de septiembre de 1971,Pretoria,/wiki/Pretoria,,,,184,94,Apertura,,Sudáfrica
Q2923187,Braam Immelman,No ES WP page,,,,,,,,,,,,,,
Q2923394,Brad Fleming,No ES WP page,,,,,,,,,,,,,,
Q2923399,Brad Johnstone,No ES WP page,,,,,,,,,,,,,,
Q2923416,Brad Mika,No ES WP page,,,,,,,,,,,,,,
Q2923730,Brando Va'aulu,No ES WP page,,,,,,,,,,,,,,
Q2924093,Bradley Langenhoven,No ES WP page,,,,,,,,,,,,,,
Q2924422,Brendan Cannon,No ES WP page,,,,,,,,,,,,,,
Q2924428,Brendan Laney,No ES WP page,,,,,,,,,,,,,,
Q2924434,Brendan Moon,No ES WP page,,,,,,,,,,,,,,
Q2924435,Brendan Reidy,No ES WP page,,,,,,,,,,,,,,
Q2924436,Brendan Mullin,,Brendan Mullin,Brendan John Mullin,Brendan_Mullin,30 de octubre de 1963,Jerusalén,/wiki/Jerusal%C3%A9n,,,,180,85,Centro,,IsraelIsrael
Q2924439,Brendan Venter,,Brendan Venter,,Brendan_Venter,29 de diciembre de 1969,Johannesburgo,/wiki/Johannesburgo,,,,184,93,Centro,,Sudáfrica
Q2924441,Brendon Nasser,No ES WP page,,,,,,,,,,,,,,
Q2924442,BJ Botha,No ES WP page,,,,,,,,,,,,,,
Q2924470,Brent Cockbain,No ES WP page,,,,,,,,,,,,,,
Q2924495,Brent Russell,No ES WP page,,,,,,,,,,,,,,
Q2924598,Brett Deacon,No ES WP page,,,,,,,,,,,,,,
Q2924628,Brett Sheehan,No ES WP page,,,,,,,,,,,,,,
Q2924631,Brett Sinkinson,No ES WP page,,,,,,,,,,,,,,
Q2924636,Brett Wilkinson,No ES WP page,,,,,,,,,,,,,,
Q2924768,Breyton Paulse,,Breyton Paulse,Breyton Jonathan Paulse,Breyton_Paulse,25 de abril de 1976,Provincia Occidental del Cabo,/wiki/Provincia_Occidental_del_Cabo,,,,176,80,Wing; fullback,,Sudáfrica
Q2924944,Brian Liebenberg,,Brian Liebenberg,,Brian_Liebenberg,19 de septiembre de 1979,Benoni,/wiki/Benoni,,,,185,106,Centro,,Sudáfrica
Q2924954,Brian McKechnie,No ES WP page,,,,,,,,,,,,,,
Q2924965,Brian Mujati,No ES WP page,,,,,,,,,,,,,,
Q2924966,Brian Moore,,Brian Moore,Brian Christopher Moore,Brian_Moore_(rugbista),11 de enero de 1962,Birmingham,/wiki/Birmingham,,,,175,95,Hooker,,Reino Unido
Q2924970,Brian O'Meara,No ES WP page,,,,,,,,,,,,,,
Q2924982,Brian Price,No ES WP page,,,,,,,,,,,,,,
Q2924991,Brian Robinson,,Brian Robinson,Brian Francis Robinson,Brian_Robinson_(rugbista),20 de marzo de 1966,Belfast,/wiki/Belfast,,,,185,100,Octavo,,"Irlanda del Norte,Reino Unido"
Q2925007,Brian Spillane,,Brian Spillane,Brian Jeremiah Spillane,Brian_Spillane,26 de enero de 1960,Cork,/wiki/Cork,,,,185,100,Octavo,,Irlanda
Q2925008,Brian Smith,,Brian Smith,Brian Anthony Smith,Brian_Smith_(rugbista),9 de septiembre de 1966,Saint George,/wiki/Saint_George_(Queensland),,,,,,Apertura,,Australia
Q2925023,Brian Thomas,No ES WP page,,,,,,,,,,,,,,
Q2925024,Brian Vizard,No ES WP page,,,,,,,,,,,,,,
Q2925033,Brian Williams,No ES WP page,,,,,,,,,,,,,,
Q2925074,Brice Bardou,No ES WP page,,,,,,,,,,,,,,
Q2925083,Brice Chevtchenko,No ES WP page,,,,,,,,,,,,,,
Q2925089,Brice Dulin,No ES WP page,,,,,,,,,,,,,,
Q2925096,Brice Mach,No ES WP page,,,,,,,,,,,,,,
Q2925098,Brice Martin,No ES WP page,,,,,,,,,,,,,,
Q2925103,Brice Miguel,No ES WP page,,,,,,,,,,,,,,
Q2925104,Brice Monzeglio,No ES WP page,,,,,,,,,,,,,,
Q2925107,Brice Salobert,No ES WP page,,,,,,,,,,,,,,
Q2925903,Brock James,No ES WP page,,,,,,,,,,,,,,
Q2926062,Charlie Seeling,No ES WP page,,,,,,,,,,,,,,
Q2926415,Bruce Douglas,No ES WP page,,,,,,,,,,,,,,
Q2926426,Bruce Hay,No ES WP page,,,,,,,,,,,,,,
Q2926427,Bruce Hunter,No ES WP page,,,,,,,,,,,,,,
Q2926470,Bruce Robertson,No stint found,Bruce Robertson,Bruce John Robertson,Bruce_John_Robertson,9 de abril de 1952,Hastings,/wiki/Hastings_(Nueva_Zelanda),12 de abril de 2023,Whangarei,/wiki/Whangarei,183,86,Centro,,Nueva ZelandaNueva Zelanda
Q2926472,Bruce Reihana,No ES WP page,,,,,,,,,,,,,,
Q2926784,Bruno Francescato,No ES WP page,,,,,,,,,,,,,,
Q2926832,Bruno Hiriart,No ES WP page,,,,,,,,,,,,,,
Q2926849,Bruno Lancelle,No ES WP page,,,,,,,,,,,,,,
Q2926867,Bruno Lom,No ES WP page,,,,,,,,,,,,,,
Q2926900,Bruno Motteroz,No ES WP page,,,,,,,,,,,,,,
Q2927055,Neville Mitchell,No ES WP page,,,,,,,,,,,,,,
Q2927135,Bryan Barley,No ES WP page,,,,,,,,,,,,,,
Q2927178,Bryan Redpath,No ES WP page,,,,,,,,,,,,,,
Q2927183,Bryan Young,No ES WP page,,,,,,,,,,,,,,
Q2927196,Bryce Lawrence,No ES WP page,,,,,,,,,,,,,,
Q2927197,Bryce Williams,No ES WP page,,,,,,,,,,,,,,
Q2927204,Bryn Cunningham,No ES WP page,,,,,,,,,,,,,,
Q2927442,Buck Buchanan,No ES WP page,,,,,,,,,,,,,,
Q2927462,Wayne Shelford,,Wayne Shelford,Wayne Thomas Shelford,Wayne_Shelford,13 de diciembre de 1957,Rotorua,/wiki/Rotorua,,,,189,93,Octavo,,Nueva Zelanda
Q2927538,Budge Pountney,,Budge Pountney,Anthony Charles Pountney,Budge_Pountney,13 de noviembre de 1973,Southampton,/wiki/Southampton,,,,183,97,Ala,,"Inglaterra,Reino Unido"
Q2927862,Buks Marais,No ES WP page,,,,,,,,,,,,,,
Q2928012,William Stadden,No ES WP page,,,,,,,,,,,,,,
Q2928014,William Henry Williams,No ES WP page,,,,,,,,,,,,,,
Q2928233,Bunner Travers,No ES WP page,,,,,,,,,,,,,,
Q2928234,Bunny Finlayson,No ES WP page,,,,,,,,,,,,,,
Q2928238,Harold Abbott,No ES WP page,,,,,,,,,,,,,,
Q2928825,Butch Lochner,No ES WP page,,,,,,,,,,,,,,
Q2933774,Caleb Ralph,No ES WP page,,,,,,,,,,,,,,
Q2934410,Calum MacRae,No ES WP page,,,,,,,,,,,,,,
Q2934768,Cameron Jowitt,No ES WP page,,,,,,,,,,,,,,
Q2934769,Cameron McIntyre,No ES WP page,,,,,,,,,,,,,,
Q2934772,Cameron Murray,,Cameron Murray,Cameron Alexander Murray,Cameron_Murray,31 de marzo de 1975,Hawick,/wiki/Hawick,,,,180,87,Wing,,"Escocia,Reino Unido"
Q2934777,Cameron Shepherd,No ES WP page,,,,,,,,,,,,,,
Q2934779,Cameron Treloar,No ES WP page,,,,,,,,,,,,,,
Q2934953,Camille Gérondeau,No ES WP page,,,,,,,,,,,,,,
Q2934993,Camille Levast,No ES WP page,,,,,,,,,,,,,,
Q2935003,Camille Lopez,,Camille Lopez,,Camille_L%C3%B3pez,3 de abril de 1989,Oloron-Sainte-Marie,/wiki/Oloron-Sainte-Marie,,,,175,90,,,Francia
Q2935018,Camille Montade,No ES WP page,,,,,,,,,,,,,,
Q2935083,Camille Traversa,No ES WP page,,,,,,,,,,,,,,
Q2935484,Campbell Johnstone,,Campbell Johnstone,Campbell Richard Johnstone,Campbell_Johnstone,7 de enero de 1980,Waipukurau,/w/index.php?title=Waipukurau&action=edit&redlink=1,,,,183,110,Pilar,,Nueva Zelanda
Q2938934,Carl Hoeft,No ES WP page,,,,,,,,,,,,,,
Q2938954,Carl Manu,No ES WP page,,,,,,,,,,,,,,
Q2938984,Carl Reid,No ES WP page,,,,,,,,,,,,,,
Q2939170,Carlo Caione,No ES WP page,,,,,,,,,,,,,,
Q2939177,Carlo Checchinato,No ES WP page,,,,,,,,,,,,,,
Q2939186,Carlo Del Fava,No ES WP page,,,,,,,,,,,,,,
Q2939194,Carlo Festuccia,No ES WP page,,,,,,,,,,,,,,
Q2939230,Carlo Orlandi,No ES WP page,,,,,,,,,,,,,,
Q2939422,Carlos Nieto,No ES WP page,,,,,,,,,,,,,,
Q2939465,Carlos Souto Vidal,,Carlos Souto,Carlos Souto Vidal,Carlos_Souto_Vidal,4 de noviembre de 1976,Oviedo,/wiki/Oviedo,,,,191,112,Número 8; Flanker,,
Q2939509,Carlos de Candamo,No stint found,Carlos de Candamo,,Carlos_de_Candamo,15 de febrero de 1871,,,16 de febrero de 1946,París,/wiki/Par%C3%ADs,,68,centro,,
Q2940436,Carston Catcheside,No ES WP page,,,,,,,,,,,,,,
Q2940990,Casey Laulala,No ES WP page,,,,,,,,,,,,,,
Q2941606,Cătălin Fercu,,Cătălin Fercu,,C%C4%83t%C4%83lin_Fercu,5 de septiembre de 1986,Brasov,/wiki/Brasov,,,,180,75,Zaguero; ala,,Rumanía
Q2944283,Census Johnston,,Census Johnston,Census Aokuso Iopu Johnston,Census_Johnston,6 de mayo de 1981,Auckland,/wiki/Auckland,,,,189,130,Pilar,,Nueva ZelandaNueva Zelanda
Q2946640,Ceri Jones,No ES WP page,,,,,,,,,,,,,,
Q2946644,Ceri Sweeney,No ES WP page,,,,,,,,,,,,,,
Q2946682,Cerith Rees,No ES WP page,,,,,,,,,,,,,,
Q2946961,Ces Badeley,No ES WP page,,,,,,,,,,,,,,
Q2946998,César Sempere,,César Sempere,César Sempere Padilla,C%C3%A9sar_Sempere,26 de mayo de 1984,Villajoyosa,/wiki/Villajoyosa,,,,182,86,Zaguero,,
Q2947198,Cezar Popescu,No ES WP page,,,,,,,,,,,,,,
Q2947428,Chad Erskine,No ES WP page,,,,,,,,,,,,,,
Q2957855,Charl Marais,No ES WP page,,,,,,,,,,,,,,
Q2957858,Charl van Vliet,No ES WP page,,,,,,,,,,,,,,
Q2957860,Charl van Rensburg,No ES WP page,,,,,,,,,,,,,,
Q2957861,Charl McLeod,,Charl McLeod,,Charl_McLeod,5 de agosto de 1983,Johannesburgo,/wiki/Johannesburgo,,,,180,88,Medio scrum,,Sudáfrica
Q2957941,Charles Gonnet,No ES WP page,,,,,,,,,,,,,,
Q2958510,Charles Beaurin,No ES WP page,,,,,,,,,,,,,,
Q2958556,Charles Bigot,No ES WP page,,,,,,,,,,,,,,
Q2958908,Charles Dick,No ES WP page,,,,,,,,,,,,,,
Q2959212,Charles Gimenez,No ES WP page,,,,,,,,,,,,,,
Q2959220,Charles Givone,No ES WP page,,,,,,,,,,,,,,
Q2959278,Charles Guiraist,No stint found,Charles Guiraist,,Charles_Guiraist,1887,,,1947,,,,,,,
Q2959303,Charles Hallaran,No ES WP page,,,,,,,,,,,,,,
Q2959306,Charles Hanrahan,No ES WP page,,,,,,,,,,,,,,
Q2959651,Charles Lewis,No ES WP page,,,,,,,,,,,,,,
Q2959898,Charlie Newman,No ES WP page,,,,,,,,,,,,,,
Q2959911,Charles Nieucel,No ES WP page,,,,,,,,,,,,,,
Q2959979,Charles Petit,No ES WP page,,,,,,,,,,,,,,
Q2960026,Charles Platek,No ES WP page,,,,,,,,,,,,,,
Q2960148,Charles Rooke,No ES WP page,,,,,,,,,,,,,,
Q2960293,Charles Taylor,No ES WP page,,,,,,,,,,,,,,
Q2960376,Charles Vareilles,No ES WP page,,,,,,,,,,,,,,
Q2960419,Sir Charles Gregory Wade,No ES WP page,,,,,,,,,,,,,,
Q2960741,Charles du Souich,No ES WP page,,,,,,,,,,,,,,
Q2960823,Charlie Bourdillas,No ES WP page,,,,,,,,,,,,,,
Q2960849,Charlie Faulkner,No ES WP page,,,,,,,,,,,,,,
Q2960850,Charlie Fourneau,No ES WP page,,,,,,,,,,,,,,
Q2960858,Charlie Hore,No ES WP page,,,,,,,,,,,,,,
Q2960878,Charlie Pritchard,No ES WP page,,,,,,,,,,,,,,
Q2960882,Charlie Sharples,No ES WP page,,,,,,,,,,,,,,
Q2960884,Charlie Ternisien,No ES WP page,,,,,,,,,,,,,,
Q2964643,Chris Anthony,No ES WP page,,,,,,,,,,,,,,
Q2964723,Chris Gray,No ES WP page,,,,,,,,,,,,,,
Q2964740,Chris Horsman,No ES WP page,,,,,,,,,,,,,,
Q2964762,Chris Koch,No ES WP page,,,,,,,,,,,,,,
Q2964797,Chris Mayor,No ES WP page,,,,,,,,,,,,,,
Q2964827,Chris Osentowski,No ES WP page,,,,,,,,,,,,,,
Q2964830,Chris Oti,No ES WP page,,,,,,,,,,,,,,
Q2964841,Chris Ralston,No ES WP page,,,,,,,,,,,,,,
Q2964847,Chris Rossouw,,Chris Rossouw,Christiaan le Cordier Rossouw,Chris_Rossouw,14 de septiembre de 1969,Nkangala,/wiki/Distrito_Municipal_de_Nkangala,,,,183,100,Hooker,,Sudáfrica
Q2964849,Chris Rossouw,No ES WP page,,,,,,,,,,,,,,
Q2964850,Chris Robshaw,,Chris Robshaw,Christopher Denis Robshaw,Chris_Robshaw,4 de junio de 1986,Surrey,/wiki/Surrey,,,,188,110,Ala,,"Inglaterra,Reino Unido"
Q2964863,Chris Siale,No ES WP page,,,,,,,,,,,,,,
Q2964877,Chris Tynan,,Chris Tynan,Christopher James Calhoun Tynan,Chris_Tynan,11 de julio de 1966,Vancouver,/wiki/Vancouver,,,,175,80,Medio scrum,,Canadá
Q2964893,Chris Whitaker,,Chris Whitaker,Christopher John Whitaker,Chris_Whitaker,19 de octubre de 1974,Sídney,/wiki/S%C3%ADdney,,,,179,84,Medio scrum,,Australia
Q2964897,Chris Wyles,,Chris Wyles,Christopher Thomas Wyles,Chris_Wyles,13 de septiembre de 1983,"Stamford, Connecticut","/wiki/Stamford,_Connecticut",,,,183,93,zaguero; ala; centro,,Estados Unidos
Q2964900,Chris Wyatt,No ES WP page,,,,,,,,,,,,,,
Q2964973,Christiaan Scholtz,,Christiaan Scholtz,Christiaan Petrus Scholtz,Christiaan_Scholtz,22 de octubre de 1970,Stutterheim,/w/index.php?title=Stutterheim&action=edit&redlink=1,,,,185,90,Centro,,Sudáfrica
Q2964975,Tiaan Liebenberg,No ES WP page,,,,,,,,,,,,,,
Q2965017,Christian Badin,No ES WP page,,,,,,,,,,,,,,
Q2965072,Christian Boujet,No ES WP page,,,,,,,,,,,,,,
Q2965083,Christian Breseghello,No ES WP page,,,,,,,,,,,,,,
Q2965102,Christian Béguerie,No ES WP page,,,,,,,,,,,,,,
Q2965104,Christian Bélascain,No ES WP page,,,,,,,,,,,,,,
Q2965112,Christian Califano,No ES WP page,,,,,,,,,,,,,,
Q2965121,Christian Carrère,No ES WP page,,,,,,,,,,,,,,
Q2965125,Christian Cauvy,No ES WP page,,,,,,,,,,,,,,
Q2965184,Christian Darrouy,,Christian Darrouy,,Christian_Darrouy,13 de enero de 1937,Pouydesseaux,/wiki/Pouydesseaux,,,,180,80,wing,,Francia
Q2965185,Christian Darlet,No ES WP page,,,,,,,,,,,,,,
Q2965195,Christian Day,No ES WP page,,,,,,,,,,,,,,
Q2965207,Christian Delage,No ES WP page,,,,,,,,,,,,,,
Q2965277,Christian Gajan,No ES WP page,,,,,,,,,,,,,,
Q2965317,Christian Guilbert,No ES WP page,,,,,,,,,,,,,,
Q2965386,Christian Labit,No ES WP page,,,,,,,,,,,,,,
Q2965394,Christian Lanta,No ES WP page,,,,,,,,,,,,,,
Q2965430,Christian Loader,No ES WP page,,,,,,,,,,,,,,
Q2965433,Christian Loamanu,No ES WP page,,,,,,,,,,,,,,
Q2965446,Christian Magnanou,No ES WP page,,,,,,,,,,,,,,
Q2965528,Christian Paul,No ES WP page,,,,,,,,,,,,,,
Q2965603,Christian Rouch,No ES WP page,,,,,,,,,,,,,,
Q2965632,Christian Short,No ES WP page,,,,,,,,,,,,,,
Q2965649,Christian Stewart,No ES WP page,,,,,,,,,,,,,,
Q2965654,Christian Swierczinski,No ES WP page,,,,,,,,,,,,,,
Q2965682,Christian Vignes,No ES WP page,,,,,,,,,,,,,,
Q2966033,Christo Bezuidenhout,No stint found,Christo Bezuidenhout,Christo Johannes Bezuidenhout,Christo_Bezuidenhout,14 de mayo de 1970,Tenerife,/wiki/Tenerife,,,,188,119,,,
Q2966105,Christophe Berdos,No ES WP page,,,,,,,,,,,,,,
Q2966155,Christophe Clarac,No ES WP page,,,,,,,,,,,,,,
Q2966177,Christophe Dasque,No ES WP page,,,,,,,,,,,,,,
Q2966182,Christophe David,No ES WP page,,,,,,,,,,,,,,
Q2966200,Christophe Deslandes,No ES WP page,,,,,,,,,,,,,,
Q2966210,Christophe Deylaud,No ES WP page,,,,,,,,,,,,,,
Q2966276,Christophe Guiter,No ES WP page,,,,,,,,,,,,,,
Q2966316,Christophe Juillet,No ES WP page,,,,,,,,,,,,,,
Q2966324,Christophe Lafoy,No ES WP page,,,,,,,,,,,,,,
Q2966333,Christophe Laurent,No ES WP page,,,,,,,,,,,,,,
Q2966334,Christophe Lamaison,,Christophe Lamaison,,Christophe_Lamaison,8 de abril de 1971,Dax,/wiki/Dax,,,,180,90,Apertura,,Francia
Q2966338,Christophe Laussucq,No ES WP page,,,,,,,,,,,,,,
Q2966360,Christophe Lucquiaud,No ES WP page,,,,,,,,,,,,,,
Q2966364,Christophe Maillol,No ES WP page,,,,,,,,,,,,,,
Q2966370,Christophe Manas,No ES WP page,,,,,,,,,,,,,,
Q2966377,Christophe Marth,No ES WP page,,,,,,,,,,,,,,
Q2966389,Christophe Milhères,No ES WP page,,,,,,,,,,,,,,
Q2966397,Christophe Moni,No ES WP page,,,,,,,,,,,,,,
Q2966398,Christophe Mougeot,No ES WP page,,,,,,,,,,,,,,
Q2966454,Christophe Porcu,No ES WP page,,,,,,,,,,,,,,
Q2966476,Christophe Saint-Lary,No ES WP page,,,,,,,,,,,,,,
Q2966485,Christophe Samson,No ES WP page,,,,,,,,,,,,,,
Q2966501,Christophe Tournier,No ES WP page,,,,,,,,,,,,,,
Q2966502,Christophe Urios,No ES WP page,,,,,,,,,,,,,,
Q2966630,Christopher Poulain,No ES WP page,,,,,,,,,,,,,,
Q2966641,Christopher Ruiz,No ES WP page,,,,,,,,,,,,,,
Q2966657,Christopher Tolofua,No ES WP page,,,,,,,,,,,,,,
Q2967632,Chum Ochse,No ES WP page,,,,,,,,,,,,,,
Q2972202,Cian Healy,,Cian Healy,Cian Eoin James Healy,Cian_Healy,7 de octubre de 1987,Dublín,/wiki/Dubl%C3%ADn,,,,185,115,Pilar,,Irlanda
Q2972218,Ciaran Fitzgerald,,Ciaran Fitzgerald,Ciaran Fintan Fitzgerald,Ciaran_Fitzgerald,4 de junio de 1952,Loughrea,/wiki/Loughrea,,,,175,86,Hooker,,Irlanda
Q2973296,Ciprian Caplescu,No ES WP page,,,,,,,,,,,,,,
Q2976625,Claude Davey,No ES WP page,,,,,,,,,,,,,,
Q2976626,Claud O'Donnell,No ES WP page,,,,,,,,,,,,,,
Q2976908,Claude Atcher,No ES WP page,,,,,,,,,,,,,,
Q2976996,Claude Besson,No ES WP page,,,,,,,,,,,,,,
Q2977188,Claude Chenevay,No ES WP page,,,,,,,,,,,,,,
Q2977307,Claude Dourthe,No ES WP page,,,,,,,,,,,,,,
Q2977315,Claude Dry,No ES WP page,,,,,,,,,,,,,,
Q2977420,Claude Freyssinet,No ES WP page,,,,,,,,,,,,,,
Q2977629,Claude Labatut,No ES WP page,,,,,,,,,,,,,,
Q2977630,Claude Laborde,No ES WP page,,,,,,,,,,,,,,
Q2977631,Claude Lacaze,No ES WP page,,,,,,,,,,,,,,
Q2977757,Claude Mantoulan,No ES WP page,,,,,,,,,,,,,,
Q2977990,Claude Portolan,No ES WP page,,,,,,,,,,,,,,
Q2978142,Claude Saurel,No ES WP page,,,,,,,,,,,,,,
Q2978170,Claude Spanghero,No ES WP page,,,,,,,,,,,,,,
Q2978800,Clem Thomas,No ES WP page,,,,,,,,,,,,,,
Q2979039,Cliff Bowen,No ES WP page,,,,,,,,,,,,,,
Q2979047,Cliff Davies,No ES WP page,,,,,,,,,,,,,,
Q2979054,Cliff Mytton,No ES WP page,,,,,,,,,,,,,,
Q2979062,Cliff Porter,No ES WP page,,,,,,,,,,,,,,
Q2979063,Cliff Pritchard,No ES WP page,,,,,,,,,,,,,,
Q2979357,Clinton Schifcofske,No ES WP page,,,,,,,,,,,,,,
Q2979449,Clive Williams,No ES WP page,,,,,,,,,,,,,,
Q2979742,Clovis Bioussa,No ES WP page,,,,,,,,,,,,,,
Q2980430,Clyde Rathbone,No ES WP page,,,,,,,,,,,,,,
Q2980573,Clément Baïocco,No ES WP page,,,,,,,,,,,,,,
Q2980580,Clément Cartier,No ES WP page,,,,,,,,,,,,,,
Q2980605,Clément Fromont,No ES WP page,,,,,,,,,,,,,,
Q2980620,Clément Imbert,No ES WP page,,,,,,,,,,,,,,
Q2980626,Clément Lagain,No ES WP page,,,,,,,,,,,,,,
Q2980640,Clément Marienval,No ES WP page,,,,,,,,,,,,,,
Q2980645,Clément Maynadier,,Clément Maynadier,,Cl%C3%A9ment_Maynadier,11 de octubre de 1988,Francia,/wiki/Francia,,,,187,110,Hooker,,Francés
Q2980656,Clément Médina,No ES WP page,,,,,,,,,,,,,,
Q2980668,Clément Praud,No ES WP page,,,,,,,,,,,,,,
Q2980684,Clément Ric,No ES WP page,,,,,,,,,,,,,,
Q2981178,Cobus Grobler,No ES WP page,,,,,,,,,,,,,,
Q2981183,Cobus Visagie,No ES WP page,,,,,,,,,,,,,,
Q2981788,Coenraad Basson,No ES WP page,,,,,,,,,,,,,,
Q2981971,Colin Windon,No ES WP page,,,,,,,,,,,,,,
Q2982589,Colin Deans,No ES WP page,,,,,,,,,,,,,,
Q2982610,Colin Gaston,No ES WP page,,,,,,,,,,,,,,
Q2982623,Colin Laird,No ES WP page,,,,,,,,,,,,,,
Q2982628,Colin James Loader,No ES WP page,,,,,,,,,,,,,,
Q2982642,Colin Noon,No ES WP page,,,,,,,,,,,,,,
Q2982645,Colin Patterson,No ES WP page,,,,,,,,,,,,,,
Q2982655,Colin Telfer,No ES WP page,,,,,,,,,,,,,,
Q2982664,Colin Yukes,No ES WP page,,,,,,,,,,,,,,
Q2984060,Colm Callan,No ES WP page,,,,,,,,,,,,,,
Q2984063,Colm Tucker,No ES WP page,,,,,,,,,,,,,,
Q2991572,Con Murphy,No ES WP page,,,,,,,,,,,,,,
Q2993552,Conor Murray,,Conor Murray,,Conor_Murray,20 de abril de 1989,Limerick,/wiki/Limerick,,,,188,95,Medio melé,,Irlanda
Q2993556,Conor O'Shea,,Conor O'Shea,Conor Michael Patrick O'Shea,Conor_O%27Shea,21 de octubre de 1970,Limerick,/wiki/Limerick,,,,188,100,Fullback,,Irlanda
Q2993590,Conrad Barnard,No ES WP page,,,,,,,,,,,,,,
Q2993606,Conrad Jantjes,No ES WP page,,,,,,,,,,,,,,
Q2993607,Conrad Marais,No ES WP page,,,,,,,,,,,,,,
Q2993628,Conrad Stoltz,No ES WP page,,,,,,,,,,,,,,
Q2996506,Coo Clinch,No ES WP page,,,,,,,,,,,,,,
Q2997440,Corne Powell,No ES WP page,,,,,,,,,,,,,,
Q2997522,Cornelius van Zyl,No ES WP page,,,,,,,,,,,,,,
Q2997565,Nathan Hannay,No ES WP page,,,,,,,,,,,,,,
Q2998289,Cosmin Rațiu,No ES WP page,,,,,,,,,,,,,,
Q2998452,Costica Mersoiu,No ES WP page,,,,,,,,,,,,,,
Q3001503,Courtney Meredith,No ES WP page,,,,,,,,,,,,,,
Q3001992,Craig Chalmers,,Craig Chalmers,Craig Minto Chalmers,Craig_Chalmers,15 de octubre de 1968,Galashiels,/wiki/Galashiels,,,,180,92,Apertura,,"Escocia,Reino Unido"
Q3001993,Craig Culpan,No ES WP page,,,,,,,,,,,,,,
Q3001996,Craig Davidson,No ES WP page,,,,,,,,,,,,,,
Q3002002,Craig Dowd,,Craig Dowd,Craig William Dowd,Craig_Dowd,26 de octubre de 1969,Auckland,/wiki/Auckland,,,,191,115,Pilar,,Nueva Zelanda
Q3002012,Craig Hamilton,No ES WP page,,,,,,,,,,,,,,
Q3002015,Craig Gower,No ES WP page,,,,,,,,,,,,,,
Q3002019,Craig Innes,,Craig Innes,Craig Ross Innes,Craig_Innes,10 de septiembre de 1969,Nueva Plymouth,/wiki/Nueva_Plymouth,,,,181,86,Centro,,Nueva Zelanda
Q3002022,Craig Joiner,No ES WP page,,,,,,,,,,,,,,
Q3002042,Craig Morgan,No ES WP page,,,,,,,,,,,,,,
Q3002046,Craig Newby,No ES WP page,,,,,,,,,,,,,,
Q3002051,Craig Quinnell,No ES WP page,,,,,,,,,,,,,,
Q3002061,Craig Smith,No ES WP page,,,,,,,,,,,,,,
Q3002782,Crisjan Van der Westhuizen,No ES WP page,,,,,,,,,,,,,,
Q3002839,Cristian Bezzi,No ES WP page,,,,,,,,,,,,,,
Q3002842,Cristian Lupu,No ES WP page,,,,,,,,,,,,,,
Q3002845,Cristian Mendy,No ES WP page,,,,,,,,,,,,,,
Q3002852,Cristian Onetto,No ES WP page,,,,,,,,,,,,,,
Q3002853,Cristian Petre,No ES WP page,,,,,,,,,,,,,,
Q3002857,Cristian Săuan,No ES WP page,,,,,,,,,,,,,,
Q3002862,Ruben Spachuck,No ES WP page,,,,,,,,,,,,,,
Q3002866,Cristiano Zanoletti,No ES WP page,,,,,,,,,,,,,,
Q3008941,Cyriac Ponnau,No ES WP page,,,,,,,,,,,,,,
Q3008965,Cyriel Blanchard,No ES WP page,,,,,,,,,,,,,,
Q3008973,Cyril Brownlie,No ES WP page,,,,,,,,,,,,,,
Q3008975,Cyril Burke,No ES WP page,,,,,,,,,,,,,,
Q3008982,Cyril Chavet,No ES WP page,,,,,,,,,,,,,,
Q3009010,Cyril Hijar,No ES WP page,,,,,,,,,,,,,,
Q3009035,Cyril Lowe,No ES WP page,,,,,,,,,,,,,,
Q3009044,Cyril Nana,No ES WP page,,,,,,,,,,,,,,
Q3009069,Cyril Rutherford,No ES WP page,,,,,,,,,,,,,,
Q3009075,Cyril Savy,No ES WP page,,,,,,,,,,,,,,
Q3009087,Cyril Veyret,No ES WP page,,,,,,,,,,,,,,
Q3009088,Cyril Towers,No ES WP page,,,,,,,,,,,,,,
Q3009851,Cédric Bergez,No ES WP page,,,,,,,,,,,,,,
Q3009864,Cédric Chastagner,No ES WP page,,,,,,,,,,,,,,
Q3009866,Cédric Beal,No ES WP page,,,,,,,,,,,,,,
Q3009870,Cédric Coll,No ES WP page,,,,,,,,,,,,,,
Q3009884,Cédric Desbrosse,No ES WP page,,,,,,,,,,,,,,
Q3009894,Cédric Garcia,,Cédric García,,C%C3%A9dric_Garcia,28 de diciembre de 1982,Toulouse,/wiki/Toulouse,,,,171,66,Medio melé,,Francia
Q3009900,Cédric Guironnet,No ES WP page,,,,,,,,,,,,,,
Q3009918,Cédric Leite,No ES WP page,,,,,,,,,,,,,,
Q3009926,Cédric Mallet,No ES WP page,,,,,,,,,,,,,,
Q3009932,Cédric Mathieu,No ES WP page,,,,,,,,,,,,,,
Q3009951,Cédric Rosalen,No ES WP page,,,,,,,,,,,,,,
Q3009961,Cédric Soulette,No ES WP page,,,,,,,,,,,,,,
Q3010432,César Caballero,No ES WP page,,,,,,,,,,,,,,
Q3010442,César Damiani,No ES WP page,,,,,,,,,,,,,,
Q3010443,César Delarue,No ES WP page,,,,,,,,,,,,,,
Q3010774,Cătălin Nicolae,No ES WP page,,,,,,,,,,,,,,
Q3011484,D.T.H. van der Merwe,,D. T. H. van der Merwe,Daniel Tailliferre Hauman van der Merwe,D._T._H._van_der_Merwe,28 de abril de 1986,Worcester (Sudáfrica),/wiki/Worcester_(Sud%C3%A1frica),,,,183,98,Centro; ala; zaguero,,República Sudafricana
Q3011556,Daan Human,No ES WP page,,,,,,,,,,,,,,
Q3011560,Daan Retief,No ES WP page,,,,,,,,,,,,,,
Q3011636,Dacien Olive,No ES WP page,,,,,,,,,,,,,,
Q3011848,Dafydd James,No ES WP page,,,,,,,,,,,,,,
Q3012007,Dai Fitzgerald,No ES WP page,,,,,,,,,,,,,,
Q3012009,David Jones,No ES WP page,,,,,,,,,,,,,,
Q3012010,Dai Jones,No ES WP page,,,,,,,,,,,,,,
Q3012016,Dai Morris,No ES WP page,,,,,,,,,,,,,,
Q3012023,Dai Williams,No ES WP page,,,,,,,,,,,,,,
Q3012314,Dale Rasmussen,No ES WP page,,,,,,,,,,,,,,
Q3012320,Dale Santon,No ES WP page,,,,,,,,,,,,,,
Q3012496,Dally Messenger,No ES WP page,,,,,,,,,,,,,,
Q3012691,Damian Browne,No ES WP page,,,,,,,,,,,,,,
Q3012694,Damian Cronin,No ES WP page,,,,,,,,,,,,,,
Q3012711,Damian Smith,,Damian Smith,Damian Paul Peter Smith,Damian_Smith,1 de febrero de 1969,Brisbane,/wiki/Brisbane,,,,191,101,Wing,,Australia
Q3012748,Damien Cler,No ES WP page,,,,,,,,,,,,,,
Q3012751,Damien Costanzo,No ES WP page,,,,,,,,,,,,,,
Q3012757,Damien Denechaud,No ES WP page,,,,,,,,,,,,,,
Q3012760,Damien Duffau,No ES WP page,,,,,,,,,,,,,,
Q3012764,Damien Fèvre,No ES WP page,,,,,,,,,,,,,,
Q3012795,Damien Lagrange,No ES WP page,,,,,,,,,,,,,,
Q3012815,Damien Minassian,No ES WP page,,,,,,,,,,,,,,
Q3012819,Damien Neveu,No ES WP page,,,,,,,,,,,,,,
Q3012846,Damien Vidal,No ES WP page,,,,,,,,,,,,,,
Q3012850,Damien Weber,No ES WP page,,,,,,,,,,,,,,
Q3012857,Damien Varley,No ES WP page,,,,,,,,,,,,,,
Q3013012,Dan Baugh,No ES WP page,,,,,,,,,,,,,,
Q3013047,Dan Crowley,,Dan Crowley,Daniel James Crowley,Dan_Crowley,28 de agosto de 1965,Brisbane,/wiki/Brisbane,,,,175,100,Pilar,,Australia
Q3013053,Dan Dumitru,No ES WP page,,,,,,,,,,,,,,
Q3013095,Daniel Herbert,,Daniel Herbert,Daniel Joseph Herbert,Daniel_Herbert,6 de febrero de 1974,Brisbane,/wiki/Brisbane,,,,187,100,Centro,,Australia
Q3013101,Dan Hipkiss,No ES WP page,,,,,,,,,,,,,,
Q3013109,Dan Jackart,No ES WP page,,,,,,,,,,,,,,
Q3013136,Dan Lyle,No ES WP page,,,,,,,,,,,,,,
Q3013138,Dan Luger,,Dan Luger,Daniel Darko Luger,Dan_Luger,11 de enero de 1975,Chiswick,/wiki/Chiswick,,,,185,90,Wing,,"Inglaterra,Reino Unido"
Q3013172,Dan Pletch,No ES WP page,,,,,,,,,,,,,,
Q3013182,Dan Rees,No ES WP page,,,,,,,,,,,,,,
Q3013196,Dan Scarbrough,No ES WP page,,,,,,,,,,,,,,
Q3013230,Dan Tudosa,No ES WP page,,,,,,,,,,,,,,
Q3013236,Dan Vlad,No ES WP page,,,,,,,,,,,,,,
Q3013237,Dan Ward-Smith,No ES WP page,,,,,,,,,,,,,,
Q3013444,Dane Haylett-Petty,,Dane Haylett-Petty,,Dane_Haylett-Petty,18 de junio de 1989,Durban,/wiki/Durban,,,,189,95,Ala; Fullback,,Sudáfrica
Q3013582,Danie Saayman,No ES WP page,,,,,,,,,,,,,,
Q3013585,Danie Coetzee,No ES WP page,,,,,,,,,,,,,,
Q3013588,Danie Thiart,No ES WP page,,,,,,,,,,,,,,
Q3013590,Danie de Beer,No ES WP page,,,,,,,,,,,,,,
Q3013593,Danie Rossouw,,Danie Rossouw,Daniel Jacobus Rossouw,Danie_Rossouw,5 de junio de 1978,Mpumalanga,/wiki/Mpumalanga,,,,196,116,Segunda línea; octavo,,Sudáfrica
Q3013594,Danie van Schalkwyk,No ES WP page,,,,,,,,,,,,,,
Q3013755,Daniel Blach,No ES WP page,,,,,,,,,,,,,,
Q3013784,Daniel Boulpiquante,No ES WP page,,,,,,,,,,,,,,
Q3013795,Daniel Braid,No ES WP page,,,,,,,,,,,,,,
Q3013806,Daniel Browne,No ES WP page,,,,,,,,,,,,,,
Q3013807,Daniel Bustaffa,No ES WP page,,,,,,,,,,,,,,
Q3013952,Daniel du Plessis,No ES WP page,,,,,,,,,,,,,,
Q3013963,Daniel Dubois,No ES WP page,,,,,,,,,,,,,,
Q3013976,Daniel Dubroca,,Daniel Dubroca,,Daniel_Dubroca,25 de marzo de 1954,Aiguillon,/wiki/Aiguillon_(Lot_y_Garona),,,,178,93,Hooker,,Francia
Q3014013,Daniel Evans,No ES WP page,,,,,,,,,,,,,,
Q3014019,Daniel Farani,No ES WP page,,,,,,,,,,,,,,
Q3014170,Daniel Herrero,No ES WP page,,,,,,,,,,,,,,
Q3014185,Daniel Humbert,No ES WP page,,,,,,,,,,,,,,
Q3014190,Daniel Héricé,No ES WP page,,,,,,,,,,,,,,
Q3014228,Daniel Kaczorowski,No ES WP page,,,,,,,,,,,,,,
Q3014259,Daniel Kötze,No ES WP page,,,,,,,,,,,,,,
Q3014282,Daniel Larrechea,No ES WP page,,,,,,,,,,,,,,
Q3014328,Daniel Leo,No ES WP page,,,,,,,,,,,,,,
Q3014401,Daniel Manu,No ES WP page,,,,,,,,,,,,,,
Q3014426,Daniel Marty,No ES WP page,,,,,,,,,,,,,,
Q3014478,Daniel Muller,No ES WP page,,,,,,,,,,,,,,
Q3014592,Daniel Revallier,No ES WP page,,,,,,,,,,,,,,
Q3014656,Daniel Santamans,No ES WP page,,,,,,,,,,,,,,
Q3014915,Daniele Baleinadogo,No ES WP page,,,,,,,,,,,,,,
Q3014922,Daniele Davo,No ES WP page,,,,,,,,,,,,,,
Q3015249,Danny Grewcock,No ES WP page,,,,,,,,,,,,,,
Q3015762,Danwel Demas,No ES WP page,,,,,,,,,,,,,,
Q3016486,Darren Adams,No ES WP page,,,,,,,,,,,,,,
Q3016509,Darren Garforth,No ES WP page,,,,,,,,,,,,,,
Q3016529,Darren Morris,No ES WP page,,,,,,,,,,,,,,
Q3016554,Darron Nell,No ES WP page,,,,,,,,,,,,,,
Q3016657,Daryl Gibson,No ES WP page,,,,,,,,,,,,,,
Q3016663,Daryl Halligan,No ES WP page,,,,,,,,,,,,,,
Q3017152,W. J. A. Davies,No ES WP page,,,,,,,,,,,,,,
Q3017179,Dave Hodges,No ES WP page,,,,,,,,,,,,,,
Q3017182,Dave Hilton,No ES WP page,,,,,,,,,,,,,,
Q3017192,Dave Loveridge,No ES WP page,,,,,,,,,,,,,,
Q3017270,Dave Tiueti,No ES WP page,,,,,,,,,,,,,,
Q3017276,Dave Vainqueur,No ES WP page,,,,,,,,,,,,,,
Q3017289,Dave Williams,No ES WP page,,,,,,,,,,,,,,
Q3017290,Dave von Hoesslin,No ES WP page,,,,,,,,,,,,,,
Q3017294,Dave Young,No ES WP page,,,,,,,,,,,,,,
Q3017356,David Aguilar,No ES WP page,,,,,,,,,,,,,,
Q3017401,David Arrieta,No ES WP page,,,,,,,,,,,,,,
Q3017427,David Attoub,No ES WP page,,,,,,,,,,,,,,
Q3017451,David Banquet,No ES WP page,,,,,,,,,,,,,,
Q3017452,David Barnes,No ES WP page,,,,,,,,,,,,,,
Q3017461,David Barrier,No ES WP page,,,,,,,,,,,,,,
Q3017472,David Bedell-Sivright,No ES WP page,,,,,,,,,,,,,,
Q3017503,David Berty,No ES WP page,,,,,,,,,,,,,,
Q3017508,David Biddle,No ES WP page,,,,,,,,,,,,,,
Q3017529,David Bonnecarrere,No ES WP page,,,,,,,,,,,,,,
Q3017537,David Bory,No ES WP page,,,,,,,,,,,,,,
Q3017574,David Brockhoff,No stint found,David Brockhoff,,David_Brockhoff,8 de julio de 1928,,,17 de junio de 2011,Australia,,,,flanker,,
Q3017598,Dave Callam,No ES WP page,,,,,,,,,,,,,,
Q3017705,David Corkery,No ES WP page,,,,,,,,,,,,,,
Q3017713,David Couzinet,No ES WP page,,,,,,,,,,,,,,
Q3017726,David Croft,No ES WP page,,,,,,,,,,,,,,
Q3017731,David Dadunashvili,No ES WP page,,,,,,,,,,,,,,
Q3017733,David Dal Maso,No ES WP page,,,,,,,,,,,,,,
Q3017734,David Dantiacq,No ES WP page,,,,,,,,,,,,,,
Q3017736,David Darricarrère,No ES WP page,,,,,,,,,,,,,,
Q3017782,David Doherty,No ES WP page,,,,,,,,,,,,,,
Q3017794,David Douy,No ES WP page,,,,,,,,,,,,,,
Q3017806,David Duckham,No ES WP page,,,,,,,,,,,,,,
Q3017897,David Fitter,No ES WP page,,,,,,,,,,,,,,
Q3017899,David Flatman,No ES WP page,,,,,,,,,,,,,,
Q3017945,David Gasviani,No ES WP page,,,,,,,,,,,,,,
Q3017962,David Giffin,No ES WP page,,,,,,,,,,,,,,
Q3018017,David Gérard,No ES WP page,,,,,,,,,,,,,,
Q3018063,David Hewitt,No ES WP page,,,,,,,,,,,,,,
Q3018064,Dave Hewett,No ES WP page,,,,,,,,,,,,,,
Q3018069,David Hill,No ES WP page,,,,,,,,,,,,,,
Q3018075,David Holwell,No ES WP page,,,,,,,,,,,,,,
Q3018134,David Irwin,No ES WP page,,,,,,,,,,,,,,
Q3018149,David Janin,No ES WP page,,,,,,,,,,,,,,
Q3018155,David Jaubert,No ES WP page,,,,,,,,,,,,,,
Q3018164,David Johnston,No ES WP page,,,,,,,,,,,,,,
Q3018168,David Wilson,,David Wilson,David John Wilson,David_Wilson_(rugbista),4 de enero de 1967,Brisbane,/wiki/Brisbane,,,,188,95,Ala,,Australia
Q3018208,David Knox,No ES WP page,,,,,,,,,,,,,,
Q3018261,David Laperne,No ES WP page,,,,,,,,,,,,,,
Q3018291,David Lemi,No ES WP page,,,,,,,,,,,,,,
Q3018333,David Lyons,,David Lyons,David John Lyons,David_Lyons_(rugbista),15 de junio de 1980,Nueva Gales del Sur,/wiki/Nueva_Gales_del_Sur,,,,192,117,Octavo,,Australia
Q3018410,David McHugh,No ES WP page,,,,,,,,,,,,,,
Q3018492,David Morton,No ES WP page,,,,,,,,,,,,,,
Q3018521,David Mélé,,David Mélé,,David_M%C3%A9l%C3%A9,22 de octubre de 1985,Narbona,/wiki/Narbona,,,,171,77,Medio melé,,
Q3018532,David Niu,No ES WP page,,,,,,,,,,,,,,
Q3018546,David Nucifora,No ES WP page,,,,,,,,,,,,,,
Q3018579,David Paice,No ES WP page,,,,,,,,,,,,,,
Q3018613,David Penalva,No ES WP page,,,,,,,,,,,,,,
Q3018623,David Pignol,No ES WP page,,,,,,,,,,,,,,
Q3018651,David Quinlan,No ES WP page,,,,,,,,,,,,,,
Q3018684,David Richards,No ES WP page,,,,,,,,,,,,,,
Q3018725,David Roumieu,,David Roumieu,,David_Roumieu,15 de octubre de 1981,Albi,/wiki/Albi_(Tarn),,,,176,94,hooker,,Sudáfrica
Q3018755,David Samuel,No ES WP page,,,,,,,,,,,,,,
Q3018809,David Sole,No ES WP page,,,,,,,,,,,,,,
Q3018816,Dave Spicer,No ES WP page,,,,,,,,,,,,,,
Q3018830,David Strettle,No ES WP page,,,,,,,,,,,,,,
Q3018856,David Tait,No ES WP page,,,,,,,,,,,,,,
Q3018935,David Venditti,No ES WP page,,,,,,,,,,,,,,
Q3018959,David Watkins,No stint found,David Watkins,Sir David Watkins,David_Watkins,5 de marzo de 1942,Blaina,/wiki/Blaina,3 de septiembre de 2023,,,168,66,Three-quarter backFullback,,GalesGales
Q3019005,Dave Wilson,No ES WP page,,,,,,,,,,,,,,
Q3019164,Davit Ashvetia,No ES WP page,,,,,,,,,,,,,,
Q3019167,Davit Kubriashvili,No ES WP page,,,,,,,,,,,,,,
Q3019217,Dawie Ackermann,No ES WP page,,,,,,,,,,,,,,
Q3019223,Dawie Theron,No ES WP page,,,,,,,,,,,,,,
Q3019235,Dawie de Villiers,No ES WP page,,,,,,,,,,,,,,
Q3019348,Dayna Edwards,No ES WP page,,,,,,,,,,,,,,
Q3020638,Dean Hall,No ES WP page,,,,,,,,,,,,,,
Q3020652,Dean Mumm,,Dean Mumm,,Dean_Mumm,5 de marzo de 1984,Auckland,/wiki/Auckland,,,,196,109,Segunda línea; flanker,,Nueva Zelanda
Q3020659,Dean Schofield,No ES WP page,,,,,,,,,,,,,,
Q3021031,Declan Kidney,,Declan Kidney,,Declan_Kidney,20 de octubre de 1959,Cork,/wiki/Cork,,,,175,80,Back,,Irlanda
Q3021702,Delkeith Pottas,No ES WP page,,,,,,,,,,,,,,
Q3021760,Delon Armitage,No ES WP page,,,,,,,,,,,,,,
Q3022527,Denis Avril,No ES WP page,,,,,,,,,,,,,,
Q3022578,Denis Cabreton,No ES WP page,,,,,,,,,,,,,,
Q3022583,Denis Cech,No ES WP page,,,,,,,,,,,,,,
Q3022595,Denis Charvet,,Denis Charvet,,Denis_Charvet,12 de mayo de 1962,Cahors,/wiki/Cahors,,,,180,85,Centro,,Francia
Q3022614,Denis Cussen,No ES WP page,,,,,,,,,,,,,,
Q3022636,Denis Dallan,No ES WP page,,,,,,,,,,,,,,
Q3022650,Denys Drozdz,No ES WP page,,,,,,,,,,,,,,
Q3022739,Denis Hickie,,Denis Hickie,Denis Anthony Hickie,Denis_Hickie,13 de febrero de 1976,Dublín,/wiki/Dubl%C3%ADn,,,,188,93,Wing,,Irlanda
Q3022741,Denis Hurley,No ES WP page,,,,,,,,,,,,,,
Q3022790,Denis Leamy,No ES WP page,,,,,,,,,,,,,,
Q3022793,Denis Lison,No ES WP page,,,,,,,,,,,,,,
Q3022828,Denis McBride,No ES WP page,,,,,,,,,,,,,,
Q3022844,Denis Navizet,No ES WP page,,,,,,,,,,,,,,
Q3022973,Dennis Young,No ES WP page,,,,,,,,,,,,,,
Q3023128,Denning Tyrell,No ES WP page,,,,,,,,,,,,,,
Q3023131,Fenwick Allison,No ES WP page,,,,,,,,,,,,,,
Q3023438,Denzil Williams,No ES WP page,,,,,,,,,,,,,,
Q3023453,Deon Carstens,No ES WP page,,,,,,,,,,,,,,
Q3023454,Deon Kayser,No ES WP page,,,,,,,,,,,,,,
Q3023456,Deon de Kock,No ES WP page,,,,,,,,,,,,,,
Q3023457,Deon Mouton,No ES WP page,,,,,,,,,,,,,,
Q3023707,Derek Daypuck,No ES WP page,,,,,,,,,,,,,,
Q3023744,Derek McGrath,No ES WP page,,,,,,,,,,,,,,
Q3023770,Derek Turnbull,,Derek Turnbull,Derek James Turnbull,Derek_Turnbull,2 de octubre de 1961,Hawick,/wiki/Hawick,,,,185,95,Ala,,"Escocia,Reino Unido"
Q3023780,Derek White,,Derek White,Derek Bolton White,Derek_White,30 de enero de 1958,East Lothian,/wiki/East_Lothian,,,,193,105,Octavo,,"Escocia,Reino Unido"
Q3023968,Derren Witcombe,No ES WP page,,,,,,,,,,,,,,
Q3023976,Derrick Grant,No ES WP page,,,,,,,,,,,,,,
Q3024039,Des O'Brien,No ES WP page,,,,,,,,,,,,,,
Q3024046,Des Tuiali'i,No ES WP page,,,,,,,,,,,,,,
Q3024225,Des van Jaarsveldt,No ES WP page,,,,,,,,,,,,,,
Q3024516,Des Connor,No ES WP page,,,,,,,,,,,,,,
Q3024519,Desmond Oliver,No ES WP page,,,,,,,,,,,,,,
Q3025557,Dewald Potgieter,No ES WP page,,,,,,,,,,,,,,
Q3025558,Dewald Senekal,,Dewald Senekal,,Dewald_Senekal,12 de enero de 1981,Uitenhage,/wiki/Uitenhage,,,,197,114,Segunda línea,,Sudáfrica
Q3025583,Dewi Morris,No ES WP page,,,,,,,,,,,,,,
Q3026584,Dick Greenwood,No ES WP page,,,,,,,,,,,,,,
Q3026585,Dick Hellings,No ES WP page,,,,,,,,,,,,,,
Q3026592,Dick Jones,No ES WP page,,,,,,,,,,,,,,
Q3026600,Dick Luyt,No ES WP page,,,,,,,,,,,,,,
Q3026609,Dick Moriarty,,Dick Moriarty,Richard Daniel Moriarty,Dick_Moriarty,1 de mayo de 1957,Gorseinon,/wiki/Gorseinon,,,,198,110,Segunda línea,,Reino Unido
Q3026611,Dick Muir,No ES WP page,,,,,,,,,,,,,,
Q3026630,Dick Thomas,No ES WP page,,,,,,,,,,,,,,
Q3026655,Dickie Garrett,No ES WP page,,,,,,,,,,,,,,
Q3026658,Dickie Jeeps,No ES WP page,,,,,,,,,,,,,,
Q3026669,Richard Lockwood,No ES WP page,,,,,,,,,,,,,,
Q3026670,Dicky Owen,No ES WP page,,,,,,,,,,,,,,
Q3026947,Didier Bès,No ES WP page,,,,,,,,,,,,,,
Q3026950,Didier Casadeï,No ES WP page,,,,,,,,,,,,,,
Q3026963,Didier Chouchan,No ES WP page,,,,,,,,,,,,,,
Q3026979,Didier Codorniou,No ES WP page,,,,,,,,,,,,,,
Q3027009,Didier Faugeron,No ES WP page,,,,,,,,,,,,,,
Q3027059,Didier Lacroix,No ES WP page,,,,,,,,,,,,,,
Q3027160,Didier Plana,No ES WP page,,,,,,,,,,,,,,
Q3027174,Didier Retière,No ES WP page,,,,,,,,,,,,,,
Q3027358,Diego Aguirre,No ES WP page,,,,,,,,,,,,,,
Q3027380,Diego Cuesta Silva,,Diego Cuesta Silva,,Diego_Cuesta_Silva,21 de enero de 1963,Buenos Aires,/wiki/Buenos_Aires,,,,187,85,Wing,,Argentina
Q3027390,Diego Giannantonio,,Diego Giannantonio,,Diego_Giannantonio,3 de enero de 1973,Córdoba,/wiki/C%C3%B3rdoba_(Argentina),,,,185,90,Apertura,,Argentina
Q3027406,Diego Lamelas,No ES WP page,,,,,,,,,,,,,,
Q3027432,Diego Ormaechea,,Diego Ormaechea,,Diego_Ormaechea,19 de septiembre de 1959,Montevideo,/wiki/Montevideo,,,,183,98,Octavo,,Uruguay
Q3027456,Diego Zarzosa,No stint found,Diego Zarzosa,Diego Zarzosa Peña,Diego_Zarzosa_Pe%C3%B1a,25 de diciembre de 1975,,,,,,179,106,Talonador,,
Q3028108,Dimitri Basilaia,No ES WP page,,,,,,,,,,,,,,
Q3028142,Dimitri Pelo,No ES WP page,,,,,,,,,,,,,,
Q3028145,Dimitri Senio,No ES WP page,,,,,,,,,,,,,,
Q3028377,Frank McGee,No ES WP page,,,,,,,,,,,,,,
Q3028684,Diogo Mateus,No ES WP page,,,,,,,,,,,,,,
Q3028719,Dion O'Cuinneagain,No ES WP page,,,,,,,,,,,,,,
Q3030774,Reg Birkett,No ES WP page,,,,,,,,,,,,,,
Q3032211,Divan Serfontein,No ES WP page,,,,,,,,,,,,,,
Q3032739,Djalil Narjissi,No ES WP page,,,,,,,,,,,,,,
Q3032930,Djibril Camara,,Djibril Camara,,Djibril_Camara,22 de junio de 1989,Juvisy-sur-Orge,/wiki/Juvisy-sur-Orge,,,,181,85,Fullback,,Francia
Q3033645,Doddie Weir,,Doddie Weir,George Wilson Weir,Doddie_Weir,4 de julio de 1970,Edimburgo,/wiki/Edimburgo,26 de noviembre de 2022,Melrose,/wiki/Melrose_(Escocia),198,109,Segunda línea,,Británica
Q3034852,Dominic Feau'nati,No ES WP page,,,,,,,,,,,,,,
Q3034877,Dominic Waldouck,No ES WP page,,,,,,,,,,,,,,
Q3035006,Dominique Bontemps,No ES WP page,,,,,,,,,,,,,,
Q3035139,Dominique Erbani,,Dominique Erbani,,Dominique_Erbani,16 de agosto de 1956,Eymet,/wiki/Eymet,,,,193,103,Ala,,Francia
Q3035218,Dominique Harize,No ES WP page,,,,,,,,,,,,,,
Q3035322,Dominique Mazille,No ES WP page,,,,,,,,,,,,,,
Q3035453,Dominique Sauzade,No ES WP page,,,,,,,,,,,,,,
Q3035898,Don Rutherford,No ES WP page,,,,,,,,,,,,,,
Q3035970,Donal Courtney,No ES WP page,,,,,,,,,,,,,,
Q3035973,Donal Lenihan,No ES WP page,,,,,,,,,,,,,,
Q3036037,Donald Kerslake,No ES WP page,,,,,,,,,,,,,,
Q3036774,Donnacha Ryan,No ES WP page,,,,,,,,,,,,,,
Q3036801,Donnie Macfadyen,No ES WP page,,,,,,,,,,,,,,
Q3037023,Dorian Seve,No ES WP page,,,,,,,,,,,,,,
Q3037029,Dorian West,,Dorian West,Dorian Edward West,Dorian_West,5 de octubre de 1967,Wrexham,/wiki/Wrexham,,,,180,102,Hooker,,Reino Unido
Q3037915,Doug Bruce,No ES WP page,,,,,,,,,,,,,,
Q3037927,Doug Davies,No ES WP page,,,,,,,,,,,,,,
Q3037931,Douglas Elliot,No ES WP page,,,,,,,,,,,,,,
Q3037939,Doug Hopwood,No ES WP page,,,,,,,,,,,,,,
Q3037947,Dougie Morgan,,Dougie Morgan,Douglas Waugh Morgan,Dougie_Morgan,9 de marzo de 1947,Edimburgo,/wiki/Edimburgo,4 de abril de 2020,Edimburgo,/wiki/Edimburgo,,,Medio scrum,,"Escocia,Reino Unido"
Q3037950,Doug Prentice,No ES WP page,,,,,,,,,,,,,,
Q3037976,Dougie Morkel,No ES WP page,,,,,,,,,,,,,,
Q3037983,Dougie Hall,No ES WP page,,,,,,,,,,,,,,
Q3038045,Douglas Vaughan,No ES WP page,,,,,,,,,,,,,,
Q3039448,Drikus Hancke,No ES WP page,,,,,,,,,,,,,,
Q3040327,Du Preez Grobler,No ES WP page,,,,,,,,,,,,,,
Q3041217,Duncan Bell,No ES WP page,,,,,,,,,,,,,,
Q3041228,"Duncan Hall, Jr.",No ES WP page,,,,,,,,,,,,,,
Q3041238,Duncan Hodge,No ES WP page,,,,,,,,,,,,,,
Q3041243,Duncan Macrae,No ES WP page,,,,,,,,,,,,,,
Q3041245,Duncan McGregor,No ES WP page,,,,,,,,,,,,,,
Q3041253,Duncan McRae,No ES WP page,,,,,,,,,,,,,,
Q3041256,Duncan Robertson,No ES WP page,,,,,,,,,,,,,,
Q3041257,George Shaw,No ES WP page,,,,,,,,,,,,,,
Q3041701,Dusty Hare,,Dusty Hare,William Henry Hare,Dusty_Hare,29 de noviembre de 1952,Newark-on-Trent,/wiki/Newark-on-Trent,,,,177,82,Fullback,,"InglaterraInglaterra, Reino Unido"
Q3041937,Dylan Hartley,,Dylan Hartley,,Dylan_Hartley,23 de marzo de 1986,Rotorua,/wiki/Rotorua,,,,185,110,Talonador,,Nueva Zelanda
Q3041939,Dylan Mika,,Dylan Mika,Dylan Gabriel Mika,Dylan_Mika,17 de abril de 1972,Auckland,/wiki/Auckland,20 de marzo de 2018,Auckland,/wiki/Auckland,194,100,Ala,,Nueva Zelanda
Q3043307,Julien Bardy,No ES WP page,,,,,,,,,,,,,,
Q3043618,Wesley Fofana,,Wesley Fofana,,Wesley_Fofana,20 de enero de 1988,París,/wiki/Par%C3%ADs,,,,178,88,Centro; wing,,Francia
Q3045201,Désiré d'Hooghe,No ES WP page,,,,,,,,,,,,,,
Q3045593,Dănuț Dumbravă,,Dănuţ Dumbravă,Dănuţ Marin Dumbravă,D%C4%83nu%C8%9B_Dumbrav%C4%83,6 de agosto de 1981,Bucarest,/wiki/Bucarest,,,,187,5,apertura; zaguero,,Rumanía
Q3045670,Džoni Mandić,No ES WP page,,,,,,,,,,,,,,
Q3046408,Earl Va'a,No ES WP page,,,,,,,,,,,,,,
Q3046417,Earle Kirton,No ES WP page,,,,,,,,,,,,,,
Q3046785,Ebbo Bastard,No ES WP page,,,,,,,,,,,,,,
Q3046794,Eben Etzebeth,,Eben Etzebeth,,Eben_Etzebeth,29 de octubre de 1991,Ciudad del Cabo,/wiki/Ciudad_del_Cabo,,,,204,123,Segunda línea,,Sudáfrica
Q3047167,Ed Fairhurst,No ES WP page,,,,,,,,,,,,,,
Q3047238,Eddie Andrews,No ES WP page,,,,,,,,,,,,,,
Q3047255,Eddie Evans,No ES WP page,,,,,,,,,,,,,,
Q3047296,Eddie O'Sullivan,,Eddie O'Sullivan,,Eddie_O%27Sullivan,21 de noviembre de 1958,Youghal,/wiki/Youghal,,,,168,74,Apertura,,Irlanda
Q3047745,Edmond Besset,No ES WP page,,,,,,,,,,,,,,
Q3048034,Edmond Élissalde,No ES WP page,,,,,,,,,,,,,,
Q3048197,Edoardo Gori,,Edoardo Gori,,Edoardo_Gori,5 de marzo de 1990,Prato,/wiki/Prato,,,,178,81,Medio de melé,,Italia
Q3048273,Eduard Coetzee,No ES WP page,,,,,,,,,,,,,,
Q3048339,Eduardo Laborde,,Eduardo Laborde,,Eduardo_Laborde,19 de octubre de 1967,Buenos Aires,/wiki/Buenos_Aires,4 de febrero de 2015,Provincia de Buenos Aires,/wiki/Provincia_de_Buenos_Aires,,,Apertura; fullback,,Argentina
Q3048383,Eduardo Simone,,Eduardo Simone,,Eduardo_Simone,16 de octubre de 1974,Buenos Aires,/wiki/Buenos_Aires,,,,183,89,Centro,,Argentina
Q3048473,Edward Fitzhardinge Campbell,No ES WP page,,,,,,,,,,,,,,
Q3048501,Weary Dunlop,No ES WP page,,,,,,,,,,,,,,
Q3048618,Edward Myers,No ES WP page,,,,,,,,,,,,,,
Q3048640,Edward Peake,No ES WP page,,,,,,,,,,,,,,
Q3048696,Edward Treharne,No ES WP page,,,,,,,,,,,,,,
Q3048785,Edwin Field,No ES WP page,,,,,,,,,,,,,,
Q3048796,Edwin Maka,No ES WP page,,,,,,,,,,,,,,
Q3049232,Egon Ryan Seconds,No ES WP page,,,,,,,,,,,,,,
Q3050840,Elgan Rees,No ES WP page,,,,,,,,,,,,,,
Q3051051,Eliota Fuimaono-Sapolu,No ES WP page,,,,,,,,,,,,,,
Q3051133,Eliseo Branca,,Eliseo Branca,Eliseo Nicolás Branca,Eliseo_Branca,20 de septiembre de 1957,Ciudad de Hurlingham,/wiki/Ciudad_de_Hurlingham,,,,191,110,Segunda línea,,Argentina
Q3051139,Elisi Vunipola,No ES WP page,,,,,,,,,,,,,,
Q3051471,Charles Elliot Allen,No ES WP page,,,,,,,,,,,,,,
Q3051778,Elton Flatley,,Elton Flatley,Elton John Flatley,Elton_Flatley,7 de mayo de 1977,Tamworth,/wiki/Tamworth_(Nueva_Gales_del_Sur),,,,178,87,Apertura,,Australiana
Q3051855,Elvis Seveali'i,No ES WP page,,,,,,,,,,,,,,
Q3052284,Emile Wessels,No ES WP page,,,,,,,,,,,,,,
Q3052543,Emmanuel Amapakabo,No ES WP page,,,,,,,,,,,,,,
Q3052694,Emmanuel Felsina,No ES WP page,,,,,,,,,,,,,,
Q3052768,Emmanuel Lunardi,No ES WP page,,,,,,,,,,,,,,
Q3052774,Emmanuel Maignien,No ES WP page,,,,,,,,,,,,,,
Q3052806,Emmanuel Ngom Priso,No ES WP page,,,,,,,,,,,,,,
Q3052921,Emmanuel Étien,No ES WP page,,,,,,,,,,,,,,
Q3053432,Emyr Lewis,No ES WP page,,,,,,,,,,,,,,
Q3054643,Enrico Patrizio,No ES WP page,,,,,,,,,,,,,,
Q3054645,Enrico Pavanello,No ES WP page,,,,,,,,,,,,,,
Q3054707,Enrique Rodríguez,,Enrique Rodríguez,Enrique Edgardo Rodríguez,Enrique_Rodr%C3%ADguez_(rugbista),20 de junio de 1952,Concordia,/wiki/Concordia_(Argentina),,,,180,110,Pilar,,Argentina
Q3055717,Epi Taione,No ES WP page,,,,,,,,,,,,,,
Q3056033,Erdinci Septar,No ES WP page,,,,,,,,,,,,,,
Q3056112,Eremodo Tuni,No ES WP page,,,,,,,,,,,,,,
Q3056258,Eric Elwood,,Eric Elwood,Eric Paul Elwood,Eric_Elwood,26 de febrero de 1969,Galway,/wiki/Galway,,,,180,87,Apertura,,Irlanda
Q3056350,Eric Miller,No ES WP page,,,,,,,,,,,,,,
Q3056376,Eric Peters,No ES WP page,,,,,,,,,,,,,,
Q3056393,Eric Rush,No ES WP page,,,,,,,,,,,,,,
Q3056876,Ernest Camo,No ES WP page,,,,,,,,,,,,,,
Q3056964,Ernest Frayssinet,No ES WP page,,,,,,,,,,,,,,
Q3057179,Ernest Simson,No ES WP page,,,,,,,,,,,,,,
Q3057182,Ernest Strathdee,No ES WP page,,,,,,,,,,,,,,
Q3057290,Ernesto Ure,,Ernesto Ure,Ernesto M. Ure,Ernesto_Ure,1 de julio de 1959,Buenos Aires,/wiki/Buenos_Aires,,,,198,95,Octavo,,Argentina
Q3057333,Ernst Dinkelmann,No ES WP page,,,,,,,,,,,,,,
Q3057402,Eroni Clarke,No ES WP page,,,,,,,,,,,,,,
Q3057516,Erwan Bérot,No ES WP page,,,,,,,,,,,,,,
Q3058870,Esteban Lozada,,Esteban Lozada,,Esteban_Lozada,8 de febrero de 1982,Ottignies-Louvain-la-Neuve,/wiki/Ottignies-Louvain-la-Neuve,,,,193,106,"Segunda líneaFamilia:
Mujer: MercedesHijos: Sofía ,Isidro y Agustín",,BélgicaBélgica
Q3058878,Esteban Roqué Segovia,No stint found,Esteban Roqué,Esteban Roqué Segovia,Esteban_Roqu%C3%A9_Segovia,16 de mayo de 1974,,,,,,175,73,Apertura,,
Q3059558,Eugene Davy,No ES WP page,,,,,,,,,,,,,,
Q3059565,Eugene Jantjies,,Eugene Jantjies,Eugene Anthony Jantjies,Eugene_Jantjies,10 de agosto de 1986,Gobabis,/wiki/Gobabis,,,,180,80,Medio scrum,,Namibia
Q3059577,Eugene van Staden,No ES WP page,,,,,,,,,,,,,,
Q3059727,Eugène Billac,No ES WP page,,,,,,,,,,,,,,
Q3059756,Eugène Buzy,No ES WP page,,,,,,,,,,,,,,
Q3059771,Eugène Chaud,No ES WP page,,,,,,,,,,,,,,
Q3059812,Eugène Delangre,No ES WP page,,,,,,,,,,,,,,
Q3060063,Eugène N'Zi,No ES WP page,,,,,,,,,,,,,,
Q3060138,Eugène Ribère,No ES WP page,,,,,,,,,,,,,,
Q3060177,Eugène Soulié,No ES WP page,,,,,,,,,,,,,,
Q3060976,Eusebio Guiñazú,,Eusebio Guiñazú,,Eusebio_Gui%C3%B1az%C3%BA,15 de enero de 1982,Ciudad de Mendoza,/wiki/Ciudad_de_Mendoza,,,,181,114,Pilar; hooker,,Argentina
Q3061307,Evan Botha,No ES WP page,,,,,,,,,,,,,,
Q3061708,Ewen McKenzie,No infobox found,,,Ewen_McKenzie,,,,,,,,,,,
Q3062836,Ezio Galon,No ES WP page,,,,,,,,,,,,,,
Q3063485,Fa'atonu Fili,No ES WP page,,,,,,,,,,,,,,
Q3063496,Faan Rautenbach,No ES WP page,,,,,,,,,,,,,,
Q3063541,Fabien Alexandre,No ES WP page,,,,,,,,,,,,,,
Q3063546,Fabien Berneau,No ES WP page,,,,,,,,,,,,,,
Q3063550,Fabien Barcella,No ES WP page,,,,,,,,,,,,,,
Q3063576,Fabien Domingo,No ES WP page,,,,,,,,,,,,,,
Q3063590,Fabien Dupuy,No ES WP page,,,,,,,,,,,,,,
Q3063599,Fabien Fortassin,No ES WP page,,,,,,,,,,,,,,
Q3063604,Fabien Gengenbacher,No ES WP page,,,,,,,,,,,,,,
Q3063609,Fabien Grammatico,No ES WP page,,,,,,,,,,,,,,
Q3063612,Fabien Grimaud,No ES WP page,,,,,,,,,,,,,,
Q3063624,Fabien Laurent,No ES WP page,,,,,,,,,,,,,,
Q3063633,Fabien Magnan,No ES WP page,,,,,,,,,,,,,,
Q3063636,Fabien Marque,No ES WP page,,,,,,,,,,,,,,
Q3063649,Fabien Rofes,No ES WP page,,,,,,,,,,,,,,
Q3063722,Fabio Galloppa,No ES WP page,,,,,,,,,,,,,,
Q3063725,Fabio Gómez,,Fabio Gómez,Esteban Fabio Gómez,Fabio_G%C3%B3mez,13 de julio de 1965,Buenos Aires,/wiki/Buenos_Aires,,,,180,84,Medio scrum,,Argentina
Q3063748,Fabio Semenzato,No ES WP page,,,,,,,,,,,,,,
Q3063769,Fabián Turnes,,Fabián Turnes,Fabián Alejandro Turnes,Fabi%C3%A1n_Turnes,12 de enero de 1965,Buenos Aires,/wiki/Buenos_Aires,,,,180,84,Centro,,Argentina
Q3063814,Fabrice Bassaber,No ES WP page,,,,,,,,,,,,,,
Q3063835,Fabrice Catala,No ES WP page,,,,,,,,,,,,,,
Q3063841,Fabrice Culinat,No ES WP page,,,,,,,,,,,,,,
Q3063842,Fabrice Culine,No ES WP page,,,,,,,,,,,,,,
Q3063852,Fabrice Dicka,No ES WP page,,,,,,,,,,,,,,
Q3063886,Fabrice Heyer,No ES WP page,,,,,,,,,,,,,,
Q3063897,Fabrice Landreau,No ES WP page,,,,,,,,,,,,,,
Q3063937,Fabrice Ribeyrolles,No ES WP page,,,,,,,,,,,,,,
Q3063948,Fabrice Soldan,No ES WP page,,,,,,,,,,,,,,
Q3064566,Fairy Heatlie,,Fairy Heatlie,Barry Heatlie,Fairy_Heatlie,25 de abril de 1872,Worcester,/wiki/Worcester_(Sud%C3%A1frica),19 de agosto de 1951,Ciudad del Cabo,/wiki/Ciudad_del_Cabo,190,100,Segunda línea,,Sudáfrica
Q3066405,Fanie Louw,No ES WP page,,,,,,,,,,,,,,
Q3067889,Federico Andres Genoud,No ES WP page,,,,,,,,,,,,,,
Q3067896,Federico Capó Ortega,No ES WP page,,,,,,,,,,,,,,
Q3067931,Federico Pucciariello,No ES WP page,,,,,,,,,,,,,,
Q3067933,Federico Serra Mirás,,F. Serra Mirás,Federico Serra Mirás,Federico_Serra_Mir%C3%A1s,3 de octubre de 1979,Buenos Aires,/wiki/Buenos_Aires,,,,178,85,Fullback,,Argentina
Q3067941,Federico Todeschini,,Federico Todeschini,Federico Jordán Todeschini,Federico_Todeschini,8 de agosto de 1975,Rosario,/wiki/Rosario_(Argentina),,,,185,85,Apertura,,Argentina
Q3068126,Felipe Grenho,No ES WP page,,,,,,,,,,,,,,
Q3068391,Takashi Kikutani,No ES WP page,,,,,,,,,,,,,,
Q3068446,Fepiko Tatafu,No ES WP page,,,,,,,,,,,,,,
Q3068487,Ferdie Bergh,No ES WP page,,,,,,,,,,,,,,
Q3068776,Fergus McFadden,,Fergus McFadden,Fergus L. McFadden,Fergus_McFadden,17 de junio de 1986,Condado de Kildare,/wiki/Condado_de_Kildare,,,,181,93,Wing,,Irlanda
Q3068779,Fergus Thomson,No ES WP page,,,,,,,,,,,,,,
Q3069043,Fernand Barthe,No ES WP page,,,,,,,,,,,,,,
Q3069068,Fernand Buscail,No ES WP page,,,,,,,,,,,,,,
Q3069080,Fernand Cazenave,,Fernand Cazenave,Fernand Lucien Cazenave,Fernand_Cazenave,26 de noviembre de 1924,Bérenx,/wiki/B%C3%A9renx,11 de enero de 2005,Mont-de-Marsan,/wiki/Mont-de-Marsan,180,80,Wing,,Francia
Q3069159,Fernand Forgues,No ES WP page,,,,,,,,,,,,,,
Q3069369,Fernand Vaquer,No ES WP page,,,,,,,,,,,,,,
Q3069378,Fernand Zago,No ES WP page,,,,,,,,,,,,,,
Q3069472,Fernando Guatieri,,Fernando Guatieri,,Fernando_Guatieri,17 de diciembre de 1970,Buenos Aires,/wiki/Buenos_Aires,,,,180,106,Pilar,,
Q3069601,Fero Lasagavibau,No ES WP page,,,,,,,,,,,,,,
Q3069637,Ferran Velazco Querol,No ES WP page,,,,,,,,,,,,,,
Q3071806,Fili Finau,No ES WP page,,,,,,,,,,,,,,
Q3071826,Filimoni Bolavucu,No ES WP page,,,,,,,,,,,,,,
Q3071860,Filipo Levi,No ES WP page,,,,,,,,,,,,,,
Q3072194,Filo Tiatia,No ES WP page,,,,,,,,,,,,,,
Q3072865,Firmin Bonnus,No ES WP page,,,,,,,,,,,,,,
Q3073548,Fletcher Dyson,No ES WP page,,,,,,,,,,,,,,
Q3073758,Philip J. Nel,No ES WP page,,,,,,,,,,,,,,
Q3074074,Florent Cazeaux,No ES WP page,,,,,,,,,,,,,,
Q3074082,Florent Fourcade,No ES WP page,,,,,,,,,,,,,,
Q3074084,Florent Gibouin,No ES WP page,,,,,,,,,,,,,,
Q3074114,Florent Roigt,No ES WP page,,,,,,,,,,,,,,
Q3074168,Florian Argel,No ES WP page,,,,,,,,,,,,,,
Q3074179,Florian Cazalot,No ES WP page,,,,,,,,,,,,,,
Q3074184,Florian Denos,No ES WP page,,,,,,,,,,,,,,
Q3074185,Florian Cazenave,No ES WP page,,,,,,,,,,,,,,
Q3074199,Florian Fritz,,Florian Fritz,,Florian_Fritz,17 de enero de 1984,Sens,/wiki/Sens_(Yonne),,,,185,96,Centro,,Francia
Q3074217,Florian Nicot,No ES WP page,,,,,,,,,,,,,,
Q3074218,Florian Ninard,No ES WP page,,,,,,,,,,,,,,
Q3074261,Florică Murariu,,Florică Murariu,,Floric%C4%83_Murariu,28 de marzo de 1955,Botoșani,/wiki/Boto%C8%99ani_(distrito),24 de diciembre de 1989,Bucarest,/wiki/Bucarest,185,95,Ala,,Rumania
Q3074315,Florin Corodeanu,No ES WP page,,,,,,,,,,,,,,
Q3074316,Florin Tatu,No ES WP page,,,,,,,,,,,,,,
Q3074324,Florin Vlaicu,,Florin Vlaicu,Florin Adrian Vlaicu,Florin_Vlaicu,26 de julio de 1986,Bucarest,/wiki/Bucarest,,,,186,92,Ala,,Rumanía
Q3075957,Fonnie du Toit,No ES WP page,,,,,,,,,,,,,,
Q3077687,Forrest Gainer,No ES WP page,,,,,,,,,,,,,,
Q3079757,Fotunuupule Auelua,No ES WP page,,,,,,,,,,,,,,
Q3079775,Fouad Adjimi,No ES WP page,,,,,,,,,,,,,,
Q3081020,Francesco Mazzariol,No ES WP page,,,,,,,,,,,,,,
Q3081113,Francesco Zani,No ES WP page,,,,,,,,,,,,,,
Q3081280,Francis Alvarez,No ES WP page,,,,,,,,,,,,,,
Q3081375,Francis Daguerre,No ES WP page,,,,,,,,,,,,,,
Q3081424,Francis Fainifo,No ES WP page,,,,,,,,,,,,,,
Q3081464,Frank Glasgow,No ES WP page,,,,,,,,,,,,,,
Q3081477,Francis Haget,No ES WP page,,,,,,,,,,,,,,
Q3081532,Francis Laruaz,No ES WP page,,,,,,,,,,,,,,
Q3081582,Francis Mas,No ES WP page,,,,,,,,,,,,,,
Q3081620,Francis Ntamack,No ES WP page,,,,,,,,,,,,,,
Q3081669,Francis Rui,No ES WP page,,,,,,,,,,,,,,
Q3081691,Francis Sénac,No ES WP page,,,,,,,,,,,,,,
Q3081722,Francis Vals,No ES WP page,,,,,,,,,,,,,,
Q3081810,Francisco Bosch,No ES WP page,,,,,,,,,,,,,,
Q3081871,Francisco Lecot,No ES WP page,,,,,,,,,,,,,,
Q3081875,Francisco Leonelli,,Francisco Leonelli,Francisco Javier Leonelli,Francisco_Leonelli,3 de mayo de 1978,Santa Cruz de la Sierra,/wiki/Santa_Cruz_de_la_Sierra,,,,188,96,Fullback,,BoliviaBolivia
Q3081898,Francisco Mira,No ES WP page,,,,,,,,,,,,,,
Q3081920,Francisco Puertas Soto,,Francisco Puertas,Francisco José Puertas Soto,Francisco_Jos%C3%A9_Puertas_Soto,18 de noviembre de 1963,Lazcano,/wiki/Lazcano,,,,185,91,Ala; Zaguero,,
Q3082044,Franck Alazet,No ES WP page,,,,,,,,,,,,,,
Q3082049,Franck Anglade,No ES WP page,,,,,,,,,,,,,,
Q3082059,Franck Azéma,No ES WP page,,,,,,,,,,,,,,
Q3082072,Franck Belot,No ES WP page,,,,,,,,,,,,,,
Q3082092,Franck Capdeville,No ES WP page,,,,,,,,,,,,,,
Q3082115,Franck Corrihons,No ES WP page,,,,,,,,,,,,,,
Q3082118,Franck Comba,No ES WP page,,,,,,,,,,,,,,
Q3082137,Franck Fournet,No ES WP page,,,,,,,,,,,,,,
Q3082160,Franck Hueber,No ES WP page,,,,,,,,,,,,,,
Q3082162,Franck Jacob,No ES WP page,,,,,,,,,,,,,,
Q3082172,Franck Labbe,No ES WP page,,,,,,,,,,,,,,
Q3082203,Franck Maréchal,No ES WP page,,,,,,,,,,,,,,
Q3082210,Franck Membrado,No ES WP page,,,,,,,,,,,,,,
Q3082223,Franck Mesnel,,Franck Mesnel,,Franck_Mesnel,30 de junio de 1961,Neuilly-sur-Seine,/wiki/Neuilly-sur-Seine,,,,181,90,Centro,,Francia
Q3082255,Franck Rimet,No ES WP page,,,,,,,,,,,,,,
Q3082306,Franck Tournaire,No ES WP page,,,,,,,,,,,,,,
Q3082313,Franck Villaz,No ES WP page,,,,,,,,,,,,,,
Q3082356,Franco Bargelli,No ES WP page,,,,,,,,,,,,,,
Q3082390,Franco Properzi,No ES WP page,,,,,,,,,,,,,,
Q3082393,Franco Sbaraglini,No ES WP page,,,,,,,,,,,,,,
Q3082399,Franco Smith,No ES WP page,,,,,,,,,,,,,,
Q3082524,Frank Bunce,,Frank Bunce,Frank Eneri Bunce,Frank_Bunce,4 de febrero de 1962,Auckland,/wiki/Auckland,,,,180,85,Centro,,Nueva Zelanda
Q3082604,Frank Evershed,No ES WP page,,,,,,,,,,,,,,
Q3082636,Frank Hadden,No ES WP page,,,,,,,,,,,,,,
Q3082640,Frank Hancock,,Frank Hancock,Francis Escott Hancock,Frank_Hancock,7 de febrero de 1859,Wiveliscombe,/wiki/Wiveliscombe,29 de octubre de 1943,"Wiveliscombe, Somerset",,180,80,Centro,,"InglaterraInglaterra, Reino Unido"
Q3082647,Frank Hewitt,No ES WP page,,,,,,,,,,,,,,
Q3082655,Frank Hill,No ES WP page,,,,,,,,,,,,,,
Q3082682,Frank Laidlaw,No ES WP page,,,,,,,,,,,,,,
Q3082723,Frank Mitchinson,No ES WP page,,,,,,,,,,,,,,
Q3082735,Frank Mitchell,No ES WP page,,,,,,,,,,,,,,
Q3082740,Frank Mills,No ES WP page,,,,,,,,,,,,,,
Q3082741,Frank Murphy,No ES WP page,,,,,,,,,,,,,,
Q3082771,Frank Purdon,No ES WP page,,,,,,,,,,,,,,
Q3082848,Frank Waring,No ES WP page,,,,,,,,,,,,,,
Q3082859,Frank Winterstein,No ES WP page,,,,,,,,,,,,,,
Q3082917,Frankie Sheahan,No ES WP page,,,,,,,,,,,,,,
Q3083020,Frans Viljoen,No ES WP page,,,,,,,,,,,,,,
Q3084159,François Cahuc,No ES WP page,,,,,,,,,,,,,,
Q3084276,François Clauzel,No ES WP page,,,,,,,,,,,,,,
Q3084342,François Da Ros,No ES WP page,,,,,,,,,,,,,,
Q3084489,François Duboisset,No ES WP page,,,,,,,,,,,,,,
Q3084712,François Gelez,No ES WP page,,,,,,,,,,,,,,
Q3085051,François Labat,No ES WP page,,,,,,,,,,,,,,
Q3085052,François Labazuy,No ES WP page,,,,,,,,,,,,,,
Q3085189,François Lombard,No ES WP page,,,,,,,,,,,,,,
Q3085397,François Moncla,No stint found,François Moncla,,Fran%C3%A7ois_Moncla,1 de abril de 1932,,,28 de noviembre de 2021,Pau,/wiki/Pau_(Francia),182,,segunda línea,,
Q3085411,François Morlaes,No ES WP page,,,,,,,,,,,,,,
Q3085420,François Mounier,No ES WP page,,,,,,,,,,,,,,
Q3085450,François Nell,No ES WP page,,,,,,,,,,,,,,
Q3085477,François Nouel,No ES WP page,,,,,,,,,,,,,,
Q3085645,François Ramoneda,No ES WP page,,,,,,,,,,,,,,
Q3085654,François Recaborde,No ES WP page,,,,,,,,,,,,,,
Q3085790,François Sangalli,No ES WP page,,,,,,,,,,,,,,
Q3085885,François Tandonnet,No ES WP page,,,,,,,,,,,,,,
Q3085917,François Tisseau,No ES WP page,,,,,,,,,,,,,,
Q3085926,François Trillo,No ES WP page,,,,,,,,,,,,,,
Q3085967,François van Schouwenburg,No ES WP page,,,,,,,,,,,,,,
Q3085970,François van der Merwe,No ES WP page,,,,,,,,,,,,,,
Q3085977,François Varenne,No ES WP page,,,,,,,,,,,,,,
Q3086020,Francois Viljoen,No ES WP page,,,,,,,,,,,,,,
Q3086682,Fraser Waters,No ES WP page,,,,,,,,,,,,,,
Q3086882,Fred Lucas,No ES WP page,,,,,,,,,,,,,,
Q3086902,Fred Miller,No ES WP page,,,,,,,,,,,,,,
Q3086914,Fred Newton,No ES WP page,,,,,,,,,,,,,,
Q3086926,Fred Parfitt,No ES WP page,,,,,,,,,,,,,,
Q3086936,Fred Roberts,No ES WP page,,,,,,,,,,,,,,
Q3086951,Fred Scrine,No ES WP page,,,,,,,,,,,,,,
Q3086995,Freddie Burns,No ES WP page,,,,,,,,,,,,,,
Q3087002,Freddie McLennan,No ES WP page,,,,,,,,,,,,,,
Q3087063,Freddy Turner,No ES WP page,,,,,,,,,,,,,,
Q3087088,Frederic Alderson,No ES WP page,,,,,,,,,,,,,,
Q3087129,Frederick Lohden,No ES WP page,,,,,,,,,,,,,,
Q3087147,Frederick Rawls,No ES WP page,,,,,,,,,,,,,,
Q3087191,Frederico Rodriguez,No ES WP page,,,,,,,,,,,,,,
Q3087197,Frederico Sousa,No ES WP page,,,,,,,,,,,,,,
Q3087746,Friedrich Lombard,No ES WP page,,,,,,,,,,,,,,
Q3087856,Frikkie Welsh,No ES WP page,,,,,,,,,,,,,,
Q3087955,Fritz van Heerden,No ES WP page,,,,,,,,,,,,,,
Q3089447,René Lasserre,No ES WP page,,,,,,,,,,,,,,
Q3089576,Frédéric Arniaud,No ES WP page,,,,,,,,,,,,,,
Q3089591,Raoul Got,No ES WP page,,,,,,,,,,,,,,
Q3089597,Frédéric Banquet,No ES WP page,,,,,,,,,,,,,,
Q3089614,Frédéric Benazech,No ES WP page,,,,,,,,,,,,,,
Q3089659,Frédéric Boyadjian,No ES WP page,,,,,,,,,,,,,,
Q3089705,Frédéric Charrier,No ES WP page,,,,,,,,,,,,,,
Q3089725,Frédéric Costes,No ES WP page,,,,,,,,,,,,,,
Q3089732,Frédéric Couzier,No ES WP page,,,,,,,,,,,,,,
Q3089753,Frédéric Desnoyer,No ES WP page,,,,,,,,,,,,,,
Q3089946,Frédéric Laluque,No ES WP page,,,,,,,,,,,,,,
Q3089966,Frédéric Leloir,No ES WP page,,,,,,,,,,,,,,
Q3090003,Frédéric Manca,No ES WP page,,,,,,,,,,,,,,
Q3090008,Frédéric Marconato,No ES WP page,,,,,,,,,,,,,,
Q3090031,Frédéric Medves,No ES WP page,,,,,,,,,,,,,,
Q3090061,Frédéric Montagnat,No ES WP page,,,,,,,,,,,,,,
Q3090230,Frédéric Torossian,No ES WP page,,,,,,,,,,,,,,
Q3090236,Frédéric Trescases,No ES WP page,,,,,,,,,,,,,,
Q3090240,Frédéric Urruty,No ES WP page,,,,,,,,,,,,,,
Q3090277,Frédéric Vélo,No ES WP page,,,,,,,,,,,,,,
Q3090450,Marius Tincu,No ES WP page,,,,,,,,,,,,,,
Q3090810,Fulvio Lorigiola,No ES WP page,,,,,,,,,,,,,,
Q3091374,Féao Latu,No ES WP page,,,,,,,,,,,,,,
Q3092361,Félix Barbe,No ES WP page,,,,,,,,,,,,,,
Q3092371,Félix Bergèze,No ES WP page,,,,,,,,,,,,,,
Q3092484,Félix Lacrampe,No ES WP page,,,,,,,,,,,,,,
Q3092489,Félix Le Bourhis,No ES WP page,,,,,,,,,,,,,,
Q3092542,Félix Mendy,No ES WP page,,,,,,,,,,,,,,
Q3093524,Gabiriele Lovobalavu,,Gabiriele Lovobalavu,Gabiriele Voduadua Lovobalavu,Gabiriele_Lovobalavu,20 de junio de 1985,Cakaudrove,/wiki/Cakaudrove,,,,182,95,Wing; centro,,Fiyi
Q3093632,Gabriel Bocca,No ES WP page,,,,,,,,,,,,,,
Q3093655,Gabriel Brezoianu,No ES WP page,,,,,,,,,,,,,,
Q3093691,Gabriel Dard,No ES WP page,,,,,,,,,,,,,,
Q3093955,Gabriel Serres,No ES WP page,,,,,,,,,,,,,,
Q3093986,Gabriel Travaglini,,Gabriel Travaglini,,Gabriel_Travaglini,14 de febrero de 1958,Buenos Aires,/wiki/Buenos_Aires,,,,196,100,Octavo,,Argentina
Q3094301,Gaffie du Toit,No ES WP page,,,,,,,,,,,,,,
Q3094850,Galo Álvarez,No ES WP page,,,,,,,,,,,,,,
Q3094947,Gambo Adamou,No ES WP page,,,,,,,,,,,,,,
Q3095279,Garan Evans,No ES WP page,,,,,,,,,,,,,,
Q3095478,Gardyne Maitland,No ES WP page,,,,,,,,,,,,,,
Q3097758,Vasco Uva,No ES WP page,,,,,,,,,,,,,,
Q3098293,Gareth Chilcott,No ES WP page,,,,,,,,,,,,,,
Q3098294,Gareth Davies,No ES WP page,,,,,,,,,,,,,,
Q3098295,Gareth Delve,No ES WP page,,,,,,,,,,,,,,
Q3098300,Gareth Evans,No ES WP page,,,,,,,,,,,,,,
Q3098305,Gareth Prothero,No ES WP page,,,,,,,,,,,,,,
Q3098306,Gareth Rees,,Gareth Rees,Gareth Lloyd Rees,Gareth_Rees,30 de junio de 1967,Isla de Vancouver,/wiki/Isla_de_Vancouver,,,,183,93,Apertura; fullback,,Canadá
Q3098309,Gareth Roberts,,Gareth Roberts,Gareth John Roberts,Gareth_Roberts,15 de enero de 1959,Swansea,/wiki/Swansea,,,,188,100,Octavo,,"Gales,Reino Unido"
Q3098316,Gareth Powell Williams,No ES WP page,,,,,,,,,,,,,,
Q3098336,Garfield Owen,No ES WP page,,,,,,,,,,,,,,
Q3098384,Garin Jenkins,No ES WP page,,,,,,,,,,,,,,
Q3098459,Garrick Morgan,No ES WP page,,,,,,,,,,,,,,
Q3098492,Garry Pagel,,Garry Pagel,Garry Louis Pagel,Garry_Pagel,17 de septiembre de 1966,Qonce,/wiki/Qonce,,,,188,117,Pilar,,Sudáfrica
Q3098496,Garth Cooke,No ES WP page,,,,,,,,,,,,,,
Q3098499,Garth Ziegler,No ES WP page,,,,,,,,,,,,,,
Q3098515,Gary Armstrong,,Gary Armstrong,,Gary_Armstrong,30 de septiembre de 1966,Jedburgh,/wiki/Jedburgh,,,,172,80,Medio scrum,,"Escocia,Reino Unido"
Q3098540,Gary Ella,No ES WP page,,,,,,,,,,,,,,
Q3098563,Gary Halpin,No ES WP page,,,,,,,,,,,,,,
Q3098572,Gary Albert Knight,No ES WP page,,,,,,,,,,,,,,
Q3098596,Gary Pearce,No ES WP page,,,,,,,,,,,,,,
Q3098605,Gary Rees,,Gary Rees,Gary William Rees,Gary_Rees,2 de mayo de 1960,Erewash,/wiki/Erewash,,,,185,92,Ala,,"Inglaterra,Reino Unido"
Q3098615,Gary Seear,No ES WP page,,,,,,,,,,,,,,
Q3099064,Gaston Llanos,No ES WP page,,,,,,,,,,,,,,
Q3099241,Gastón Szabo,No ES WP page,,,,,,,,,,,,,,
Q3099509,Gautier Gibouin,,Gautier Gibouin,Gautier Gibouin Fontana,Gautier_Gibouin,24 de marzo de 1989,Soyaux,/wiki/Soyaux,,,,184,102,Tercera línea,,
Q3099581,Gavin Evans,No ES WP page,,,,,,,,,,,,,,
Q3099584,Gavin Hickie,No ES WP page,,,,,,,,,,,,,,
Q3099587,Gavin Lawless,No ES WP page,,,,,,,,,,,,,,
Q3099601,Gavin Thomas,No ES WP page,,,,,,,,,,,,,,
Q3099832,Gaétan Landry,No ES WP page,,,,,,,,,,,,,,
Q3099842,Gaël Arandiga,No ES WP page,,,,,,,,,,,,,,
Q3099860,Gaël Fickou,,Gaël Fickou,,Ga%C3%ABl_Fickou,27 de marzo de 1994,La Seyne-sur-Mer,/wiki/La_Seyne-sur-Mer,,,,191,99,Centro,,Francia
Q3099913,Gaëtan Guyon,No ES WP page,,,,,,,,,,,,,,
Q3099915,Gaëtan Germain,No ES WP page,,,,,,,,,,,,,,
Q3100008,Gcobani Bobo,No ES WP page,,,,,,,,,,,,,,
Q3100446,Gene Fairbanks,No ES WP page,,,,,,,,,,,,,,
Q3101042,Geoff Appleford,No ES WP page,,,,,,,,,,,,,,
Q3101045,Geoff Cross,No ES WP page,,,,,,,,,,,,,,
Q3101048,Geoff Gray,No ES WP page,,,,,,,,,,,,,,
Q3101049,Geoff Evans,No ES WP page,,,,,,,,,,,,,,
Q3101054,Geoff Pimblett,No ES WP page,,,,,,,,,,,,,,
Q3101064,Geoff Wheel,No stint found,Geoff Wheel,Geoffrey Wheel,Geoff_Wheel,30 de junio de 1951,Swansea,/wiki/Swansea,26 de diciembre de 2024,,,,,Lock,,GalesGales
Q3101065,Geoffrey Abadie,No ES WP page,,,,,,,,,,,,,,
Q3101068,Geoffrey Conway,No ES WP page,,,,,,,,,,,,,,
Q3101074,Geoffrey Doumayrou,No ES WP page,,,,,,,,,,,,,,
Q3101152,Geoffroy Messina,No ES WP page,,,,,,,,,,,,,,
Q3101371,George Aitken,No ES WP page,,,,,,,,,,,,,,
Q3101430,George Boots,No ES WP page,,,,,,,,,,,,,,
Q3101435,George Bowen,No ES WP page,,,,,,,,,,,,,,
Q3101480,George Chiriac,No ES WP page,,,,,,,,,,,,,,
Q3101509,George Daneel,No ES WP page,,,,,,,,,,,,,,
Q3101515,George Davis,No ES WP page,,,,,,,,,,,,,,
Q3101517,George Davies,No ES WP page,,,,,,,,,,,,,,
Q3101528,George Dickinson,No ES WP page,,,,,,,,,,,,,,
Q3101598,George A. Gillett,No ES WP page,,,,,,,,,,,,,,
Q3101625,George Harder,,George Harder,George Allan Harder,George_Harder,22 de junio de 1974,Apia,/wiki/Apia,,,,185,100,Wing,,Samoa
Q3101626,George Frederick Harding,No ES WP page,,,,,,,,,,,,,,
Q3101630,George Hart,No ES WP page,,,,,,,,,,,,,,
Q3101635,George Hayward,No ES WP page,,,,,,,,,,,,,,
Q3101653,George Horsburgh,No ES WP page,,,,,,,,,,,,,,
Q3101700,George Kutarashvili,No ES WP page,,,,,,,,,,,,,,
Q3101723,George C. Lindsay,No ES WP page,,,,,,,,,,,,,,
Q3101736,George MacPherson,No ES WP page,,,,,,,,,,,,,,
Q3101791,George Nicholson,No ES WP page,,,,,,,,,,,,,,
Q3101802,George North,,George North,George Philip North,George_North,13 de abril de 1992,King's Lynn,/wiki/King%27s_Lynn,,,,194,109,Centro; wing,,
Q3101805,George Oprisor,No ES WP page,,,,,,,,,,,,,,
Q3101871,George Roberts,No ES WP page,,,,,,,,,,,,,,
Q3101874,George Robson,No ES WP page,,,,,,,,,,,,,,
Q3101921,George Skivington,No ES WP page,,,,,,,,,,,,,,
Q3101931,George Stephenson,No ES WP page,,,,,,,,,,,,,,
Q3101932,George Stevenson,No ES WP page,,,,,,,,,,,,,,
Q3101939,George Stowers,No ES WP page,,,,,,,,,,,,,,
Q3101964,George Tsiklauri,No ES WP page,,,,,,,,,,,,,,
Q3101968,George Tyler,No ES WP page,,,,,,,,,,,,,,
Q3101999,George Watson,No ES WP page,,,,,,,,,,,,,,
Q3102014,George William Smith,No ES WP page,,,,,,,,,,,,,,
Q3102165,Georges Aillères,No stint found,Georges Aillères,,Georges_Aill%C3%A8res,3 de diciembre de 1934,Poucharramet,/wiki/Poucharramet,20 de octubre de 2024,Rieumes,/wiki/Rieumes,,,PropSecond rowLoose forward,,Francia
Q3102233,Georges Baladié,No ES WP page,,,,,,,,,,,,,,
Q3102327,Georges Borchard,No ES WP page,,,,,,,,,,,,,,
Q3102389,Georges Brun,No ES WP page,,,,,,,,,,,,,,
Q3102390,Georges Bruni,No ES WP page,,,,,,,,,,,,,,
Q3102424,Georges Capdepuy,No ES WP page,,,,,,,,,,,,,,
Q3102756,Georges Gauby,No ES WP page,,,,,,,,,,,,,,
Q3102842,Georges Gérald,No ES WP page,,,,,,,,,,,,,,
Q3102958,Georges Jérome,No ES WP page,,,,,,,,,,,,,,
Q3103194,Georges Michel,No ES WP page,,,,,,,,,,,,,,
Q3103483,Georges Senal,No ES WP page,,,,,,,,,,,,,,
Q3103753,Giorgi Chkhaidze,,Giorgi Chkhaidze,,Giorgi_Chkhaidze,20 de agosto de 1981,Kutaisi,/wiki/Kutaisi,,,,195,109,N.º 8; flanker; segunda línea,,URSS
Q3103755,Georgi Katcharava,No ES WP page,,,,,,,,,,,,,,
Q3103948,Gerard Fraser,No ES WP page,,,,,,,,,,,,,,
Q3103949,Gerard McLoughlin,No ES WP page,,,,,,,,,,,,,,
Q3104059,Gerhard Morkel,No ES WP page,,,,,,,,,,,,,,
Q3104060,Gerhard Mostert,No ES WP page,,,,,,,,,,,,,,
Q3104239,German Llanes,,Germán Llanes,Germán Antonio Llanes,Germ%C3%A1n_Llanes,27 de mayo de 1968,Cañada Seca,/wiki/Ca%C3%B1ada_Seca,,,,198,105,Segunda línea,,Argentina
Q3104306,Gerrie Germishuys,,Gerrie Germishuys,Johannes Servaas Germishuys,Gerrie_Germishuys,29 de octubre de 1949,"Port Shepstone,",,,,,183,84,Wing,,Sudáfrica
Q3104309,Gerrie Britz,No ES WP page,,,,,,,,,,,,,,
Q3104322,Gerry Brand,No ES WP page,,,,,,,,,,,,,,
Q3104335,Gerry Doran,No ES WP page,,,,,,,,,,,,,,
Q3104382,Gert Muller,No ES WP page,,,,,,,,,,,,,,
Q3104384,Gert Peens,No ES WP page,,,,,,,,,,,,,,
Q3104447,Gerwyn Williams,No ES WP page,,,,,,,,,,,,,,
Q3104663,Gethin Jones,No ES WP page,,,,,,,,,,,,,,
Q3104826,Gheorghe Leonte,No ES WP page,,,,,,,,,,,,,,
Q3104829,Gheorghe Solomie,No ES WP page,,,,,,,,,,,,,,
Q3105137,Giampiero De Carli,No ES WP page,,,,,,,,,,,,,,
Q3105180,Giancarlo Pivetta,No ES WP page,,,,,,,,,,,,,,
Q3105225,Gianluca Guidi,No ES WP page,,,,,,,,,,,,,,
Q3105253,Gianni Di Martino,No ES WP page,,,,,,,,,,,,,,
Q3105282,Gianni Zanon,No ES WP page,,,,,,,,,,,,,,
Q3105526,Gil Evans,No ES WP page,,,,,,,,,,,,,,
Q3105628,Gilbert Brunat,No ES WP page,,,,,,,,,,,,,,
Q3105634,Gilbert Brutus,No ES WP page,,,,,,,,,,,,,,
Q3105687,Gilbert Doucet,No ES WP page,,,,,,,,,,,,,,
Q3105762,Gilbert Larréguy,No ES WP page,,,,,,,,,,,,,,
Q3105936,Gilberto Pavan,No ES WP page,,,,,,,,,,,,,,
Q3106059,Gilles Arnaudiès,No ES WP page,,,,,,,,,,,,,,
Q3106107,Gilles Bosch,No ES WP page,,,,,,,,,,,,,,
Q3106120,Gilles Bourguignon,No ES WP page,,,,,,,,,,,,,,
Q3106141,Gilles Camberabero,No ES WP page,,,,,,,,,,,,,,
Q3106177,Gilles Darlet,No ES WP page,,,,,,,,,,,,,,
Q3106186,Gilles Delaigue,No ES WP page,,,,,,,,,,,,,,
Q3106425,Gilles Pagnon,No ES WP page,,,,,,,,,,,,,,
Q3106790,Ginnosuke Tanaka,No ES WP page,,,,,,,,,,,,,,
Q3106872,Giorgi Elizbarashvili,No ES WP page,,,,,,,,,,,,,,
Q3106877,Giorgi Jgenti,No ES WP page,,,,,,,,,,,,,,
Q3106879,Giorgi Nemsadze,,Giorgi Nemsadze,,Giorgi_Nemsadze,26 de septiembre de 1984,Kutaisi,/wiki/Kutaisi,,,,196,120,segunda línea,,URSS
Q3106883,George Shkinin,No ES WP page,,,,,,,,,,,,,,
Q3106903,Giorgio Intoppa,No ES WP page,,,,,,,,,,,,,,
Q3106937,René Araou,No infobox found,,,Ren%C3%A9_Araou,,,,,,,,,,,
Q3107952,Giulio Rubini,No ES WP page,,,,,,,,,,,,,,
Q3107960,Giulio Toniolatti,No ES WP page,,,,,,,,,,,,,,
Q3108675,Glen Ennis,,Glen Ennis,Glen D. Ennis,Glen_Ennis,19 de mayo de 1964,Vancouver,/wiki/Vancouver,,,,190,110,Octavo,,Canadá
Q3108679,Glen Jackson,No ES WP page,,,,,,,,,,,,,,
Q3108686,Glen Osborne,,Glen Osborne,Glen Matthew Osborne,Glen_Osborne_(rugbista),27 de agosto de 1971,Whanganui,/wiki/Whanganui,,,,185,90,Fullback,,Nueva Zelanda
Q3108784,Glenn Davis,No ES WP page,,,,,,,,,,,,,,
Q3108789,Glenn Gelderbloom,No ES WP page,,,,,,,,,,,,,,
Q3108809,Glenn Metcalfe,No ES WP page,,,,,,,,,,,,,,
Q3108813,Glen Panoho,No ES WP page,,,,,,,,,,,,,,
Q3109364,Glyn Davies,No ES WP page,,,,,,,,,,,,,,
Q3109367,Glyn Moses,No ES WP page,,,,,,,,,,,,,,
Q3109368,Glyn Allen,No ES WP page,,,,,,,,,,,,,,
Q3109637,Gocha Khonelidze,No ES WP page,,,,,,,,,,,,,,
Q3110606,Gonzalo Camacho,,Gonzalo Camacho,Gonzalo Oscar Camacho,Gonzalo_Camacho,28 de agosto de 1984,Buenos Aires,/wiki/Buenos_Aires,,,,174,85,Wing,,Argentina
Q3110610,Gonzalo Camardón,,Gonzalo Camardón,Gonzalo Fernando Camardón,Gonzalo_Camard%C3%B3n,19 de diciembre de 1970,Buenos Aires,/wiki/Buenos_Aires,,,,180,92,Medio scrum; wing,,Argentina
Q3110622,Gonzalo Garcia,,Gonzalo García,Gonzalo Manuel García,Gonzalo_Garc%C3%ADa_(rugbista),18 de febrero de 1984,Mendoza,/wiki/Mendoza_(Argentina),,,,185,96,Centro,,Argentina
Q3110628,Gonzalo Padro,No ES WP page,,,,,,,,,,,,,,
Q3110645,Gonçalo Uva,No ES WP page,,,,,,,,,,,,,,
Q3110847,Gord MacKinnon,,Gord MacKinnon,Gordon MacKinnon,Gord_MacKinnon,27 de agosto de 1958,Glasgow,/wiki/Glasgow,,,,185,95,Ala,,Reino UnidoReino Unido
Q3110887,Gordon Bulloch,No ES WP page,,,,,,,,,,,,,,
Q3110924,Gordon Simpson,No ES WP page,,,,,,,,,,,,,,
Q3110925,Gordon Ross,No ES WP page,,,,,,,,,,,,,,
Q3110940,Gordon Wood,No ES WP page,,,,,,,,,,,,,,
Q3113185,Graeme Bond,No ES WP page,,,,,,,,,,,,,,
Q3113186,Graeme Beveridge,No ES WP page,,,,,,,,,,,,,,
Q3113187,Graeme Bachop,,Graeme Bachop,Graeme Thomas Miro Bachop,Graeme_Bachop,11 de junio de 1967,Christchurch,/wiki/Christchurch,,,,177,82,Medio scrum,,Nueva ZelandaNueva Zelanda
Q3113200,Graeme Morrison,No ES WP page,,,,,,,,,,,,,,
Q3113239,Graham Cooke,No ES WP page,,,,,,,,,,,,,,
Q3113241,Graham Dewes,No ES WP page,,,,,,,,,,,,,,
Q3113243,Graham Dawe,No ES WP page,,,,,,,,,,,,,,
Q3113272,Graham Shiel,,Graham Shiel,Andrew Graham Shiel,Graham_Shiel,13 de agosto de 1970,Galashiels,/wiki/Galashiels,,,,178,89,Centro,,"Escocia,Reino Unido"
Q3113276,Graham Rowntree,No ES WP page,,,,,,,,,,,,,,
Q3113280,Graham Whiting,No ES WP page,,,,,,,,,,,,,,
Q3113282,Grahame Thorne,No ES WP page,,,,,,,,,,,,,,
Q3114173,Nicolae Mărăscu,No ES WP page,,,,,,,,,,,,,,
Q3114177,Teodor Florian,No ES WP page,,,,,,,,,,,,,,
Q3115387,Grant Esterhuizen,No ES WP page,,,,,,,,,,,,,,
Q3115391,Grant Hill,No ES WP page,,,,,,,,,,,,,,
Q3115401,Grant Rees,No ES WP page,,,,,,,,,,,,,,
Q3116200,Greg Cornelsen,No ES WP page,,,,,,,,,,,,,,
Q3116204,Greg Davis,No ES WP page,,,,,,,,,,,,,,
Q3116218,Greg Feek,No ES WP page,,,,,,,,,,,,,,
Q3116225,Greg Goosen,No ES WP page,,,,,,,,,,,,,,
Q3116254,Greg Martin,No ES WP page,,,,,,,,,,,,,,
Q3116279,Greg Smith,No ES WP page,,,,,,,,,,,,,,
Q3116311,Gregor Townsend,,Gregor Townsend,Gregor Peter John Townsend,Gregor_Townsend,26 de abril de 1973,Edimburgo,/wiki/Edimburgo,,,,183,93,Apertura; centro; fullback,,"Escocia,Reino Unido"
Q3116317,Gia Labadze,No ES WP page,,,,,,,,,,,,,,
Q3116394,Greig Laidlaw,,Greig Laidlaw,Greig David Laidlaw,Greig_Laidlaw,12 de octubre de 1985,Edimburgo,/wiki/Edimburgo,,,,175,80,Medio de melé,,Escocia
Q3118478,Grégoire Lascubé,No ES WP page,,,,,,,,,,,,,,
Q3118516,Grégoire Yachvili,No ES WP page,,,,,,,,,,,,,,
Q3118532,Grégory Arganese,No ES WP page,,,,,,,,,,,,,,
Q3118533,Grégory Bernard,No ES WP page,,,,,,,,,,,,,,
Q3118537,Grégory Chambon,No ES WP page,,,,,,,,,,,,,,
Q3118542,Grégory Collet,No ES WP page,,,,,,,,,,,,,,
Q3118543,Grégory Coudol,No ES WP page,,,,,,,,,,,,,,
Q3118551,Grégory Fabro,No ES WP page,,,,,,,,,,,,,,
Q3118574,Grégory Lamboley,No ES WP page,,,,,,,,,,,,,,
Q3118577,Grégory Le Corvec,No ES WP page,,,,,,,,,,,,,,
Q3118580,Grégory Menkarska,No ES WP page,,,,,,,,,,,,,,
Q3118586,Grégory Moulis,No ES WP page,,,,,,,,,,,,,,
Q3118592,Grégory Parriel,No ES WP page,,,,,,,,,,,,,,
Q3118597,Grégory Puyo,No ES WP page,,,,,,,,,,,,,,
Q3118598,Grégory Saliba,No ES WP page,,,,,,,,,,,,,,
Q3118603,Grégory Sudre,No ES WP page,,,,,,,,,,,,,,
Q3118604,Grégory Ségur,No ES WP page,,,,,,,,,,,,,,
Q3118606,Grégory Tutard,No ES WP page,,,,,,,,,,,,,,
Q3119461,Guido Rossi,No ES WP page,,,,,,,,,,,,,,
Q3119648,Guillaume August,No ES WP page,,,,,,,,,,,,,,
Q3119669,Guillaume Bergos,No ES WP page,,,,,,,,,,,,,,
Q3119670,Guillaume Bernad,No ES WP page,,,,,,,,,,,,,,
Q3119682,Guillaume Blache,No ES WP page,,,,,,,,,,,,,,
Q3119704,Guillaume Borwin,No ES WP page,,,,,,,,,,,,,,
Q3119706,Guillaume Bortolaso,No ES WP page,,,,,,,,,,,,,,
Q3119709,Guillaume Bouic,No ES WP page,,,,,,,,,,,,,,
Q3119716,Guillaume Boussès,No ES WP page,,,,,,,,,,,,,,
Q3119744,Guillaume Chasseriau,No ES WP page,,,,,,,,,,,,,,
Q3119808,Guillaume Devade,No ES WP page,,,,,,,,,,,,,,
Q3120009,Guillaume Laterrade,No ES WP page,,,,,,,,,,,,,,
Q3120041,Guillaume Liabeuf,No ES WP page,,,,,,,,,,,,,,
Q3120089,Guillaume Meynard,No ES WP page,,,,,,,,,,,,,,
Q3120096,Guillaume Namy,No ES WP page,,,,,,,,,,,,,,
Q3120155,Guillaume Ribes,No ES WP page,,,,,,,,,,,,,,
Q3120189,Guillaume Taussac,No ES WP page,,,,,,,,,,,,,,
Q3120229,Guillaume Vilaceca,No ES WP page,,,,,,,,,,,,,,
Q3120536,Guillermo Angaut,,Guillermo Angaut,Guillermo Pablo Angaut,Guillermo_Angaut,16 de enero de 1965,La Plata,/wiki/La_Plata,,,,180,80,Fullback,,Argentina
Q3120566,Guillermo del Castillo,,Guillermo del Castillo,Guillermo José del Castillo,Guillermo_del_Castillo,14 de diciembre de 1963,Rosario,/wiki/Rosario_(Argentina),,,,,,Fullback; apertura,,Argentina
Q3120996,Gus Hart,No ES WP page,,,,,,,,,,,,,,
Q3120999,Gus Leger,No ES WP page,,,,,,,,,,,,,,
Q3121381,Gustavo Duarte,No ES WP page,,,,,,,,,,,,,,
Q3121508,Guy Accoceberry,No ES WP page,,,,,,,,,,,,,,
Q3121524,Guy Augey,No ES WP page,,,,,,,,,,,,,,
Q3121545,Guy Belletante,No ES WP page,,,,,,,,,,,,,,
Q3121574,Guy Boniface,,Guy Boniface,,Guy_Boniface,6 de marzo de 1937,Montfort-en-Chalosse,/wiki/Montfort-en-Chalosse,1 de enero de 1968,Saint-Sever,/wiki/Saint-Sever,172,72,Centro,,Francia
Q3121585,Guy Bowers,No ES WP page,,,,,,,,,,,,,,
Q3121615,Guy Calvo,No ES WP page,,,,,,,,,,,,,,
Q3121620,Guy Camberabero,No stint found,Guy Camberabero,,Guy_Camberabero,17 de marzo de 1936,Saubion,/wiki/Saubion,26 de octubre de 2023,"Valence, Francia","/wiki/Valence,_Francia",170,64,Fly-half,,Francia
Q3121669,Guy Colomine,No ES WP page,,,,,,,,,,,,,,
Q3121764,Guy Easterby,No ES WP page,,,,,,,,,,,,,,
Q3121800,Guy Gasparotto,No ES WP page,,,,,,,,,,,,,,
Q3121872,Guy Jeannard,No ES WP page,,,,,,,,,,,,,,
Q3121913,Guy Laporte,,Guy Laporte,,Guy_Laporte,15 de diciembre de 1952,Beaufort,/wiki/Beaufort_(Alto_Garona),28 de enero de 2022,Toulouse,/wiki/Toulouse,183,85,Apertura,,Francia
Q3122058,Guy Pauthe,No ES WP page,,,,,,,,,,,,,,
Q3122151,Guy Shepherdson,No ES WP page,,,,,,,,,,,,,,
Q3122154,Guy Stener,No ES WP page,,,,,,,,,,,,,,
Q3122394,Guédel Ndiaye,No ES WP page,,,,,,,,,,,,,,
Q3122536,Gwendal Ollivier,No ES WP page,,,,,,,,,,,,,,
Q3122747,Gysie Pienaar,No ES WP page,,,,,,,,,,,,,,
Q3123593,Gérald Branca,No ES WP page,,,,,,,,,,,,,,
Q3123609,Gérald Fabre,No ES WP page,,,,,,,,,,,,,,
Q3123615,Gérald Gambetta,No ES WP page,,,,,,,,,,,,,,
Q3123644,Gérald Martinez,No ES WP page,,,,,,,,,,,,,,
Q3123645,Gérald Orsoni,No ES WP page,,,,,,,,,,,,,,
Q3123650,Gérald Merceron,,Gérald Merceron,,G%C3%A9rald_Merceron,25 de febrero de 1975,Coñac,/wiki/Co%C3%B1ac_(Francia),,,,172,80,Apertura,,Francia
Q3123652,Gérald Porical,No ES WP page,,,,,,,,,,,,,,
Q3123801,Gérard Burguet,No ES WP page,,,,,,,,,,,,,,
Q3123843,Gerard Cholley,No ES WP page,,,,,,,,,,,,,,
Q3123928,Gérard Dufau,No ES WP page,,,,,,,,,,,,,,
Q3124146,Gérard Magnac,No ES WP page,,,,,,,,,,,,,,
Q3124151,Gérard Majoral,No ES WP page,,,,,,,,,,,,,,
Q3124169,Gérard Mauduy,No ES WP page,,,,,,,,,,,,,,
Q3124197,Gérard Murillo,No stint found,Gérard Murillo,,G%C3%A9rard_Murillo,9 de febrero de 1932,X Distrito de París,/wiki/X_distrito_de_Par%C3%ADs,11 de octubre de 2023,Ciboure,/wiki/Ciboure,,,,,Francesa
Q3124239,Gérard Picolo,No ES WP page,,,,,,,,,,,,,,
Q3124257,Gérard Portolan,No ES WP page,,,,,,,,,,,,,,
Q3124277,Gérard Roucariès,No ES WP page,,,,,,,,,,,,,,
Q3124317,Gérard Sutra,No ES WP page,,,,,,,,,,,,,,
Q3124359,Gérard Viard,No ES WP page,,,,,,,,,,,,,,
Q3124678,H.G. Wells,No ES WP page,,,,,,,,,,,,,,
Q3125806,Hajime Kiso,No ES WP page,,,,,,,,,,,,,,
Q3125858,Hakkies Husselman,No ES WP page,,,,,,,,,,,,,,
Q3125889,Hal Luscombe,No ES WP page,,,,,,,,,,,,,,
Q3126415,Hamid Arif,No ES WP page,,,,,,,,,,,,,,
Q3126468,Hamish Macdonald,No ES WP page,,,,,,,,,,,,,,
Q3126621,Hamza Zouhaïr,No ES WP page,,,,,,,,,,,,,,
Q3126858,Hannes Marais,No ES WP page,,,,,,,,,,,,,,
Q3126862,Hannes Strydom,,Hannes Strydom,Johannes Jacobus Strydom,Hannes_Strydom,13 de julio de 1965,Welkom,/wiki/Welkom,19 de noviembre de 2023,Mpumalanga,/wiki/Provincia_de_Mpumalanga,198,115,Segunda línea,,Sudáfrica
Q3126934,Hans Botzong,No ES WP page,,,,,,,,,,,,,,
Q3127068,Hansie Brewis,No ES WP page,,,,,,,,,,,,,,
Q3127099,Hanyani Shimange,No ES WP page,,,,,,,,,,,,,,
Q3127483,Harley Crane,No ES WP page,,,,,,,,,,,,,,
Q3127614,Harold Karele,No ES WP page,,,,,,,,,,,,,,
Q3127664,Harold von Schmidt,No ES WP page,,,,,,,,,,,,,,
Q3127791,Harry Bowen,No ES WP page,,,,,,,,,,,,,,
Q3127809,Harry Day,No ES WP page,,,,,,,,,,,,,,
Q3127841,Harry Jarman,No ES WP page,,,,,,,,,,,,,,
Q3127856,Harry Lindsay,No ES WP page,,,,,,,,,,,,,,
Q3127859,Harry Lind,No ES WP page,,,,,,,,,,,,,,
Q3127885,Harry Packer,No ES WP page,,,,,,,,,,,,,,
Q3127937,Harry Vaughan Watkins,No ES WP page,,,,,,,,,,,,,,
Q3128846,Hayden Smith,No ES WP page,,,,,,,,,,,,,,
Q3128848,Haydn Morgan,No ES WP page,,,,,,,,,,,,,,
Q3129012,Heamani Lavaka,No ES WP page,,,,,,,,,,,,,,
Q3129330,Hedley Wessels,No ES WP page,,,,,,,,,,,,,,
Q3129370,Hefin O'Hare,No ES WP page,,,,,,,,,,,,,,
Q3129457,Heini Bock,No ES WP page,,,,,,,,,,,,,,
Q3129458,Heinke van der Merwe,,Van der Merwe,Hendrik Schalk van der Merwe,Heinke_van_der_Merwe,3 de mayo de 1985,Johannesburgo,/wiki/Johannesburgo,,,,182,110,Pilar,,Sudáfrica
Q3129462,Heino Senekal,No ES WP page,,,,,,,,,,,,,,
Q3130239,Hendre Fourie,No ES WP page,,,,,,,,,,,,,,
Q3130247,Hendrik Bekker,No ES WP page,,,,,,,,,,,,,,
Q3130254,Hendrik Gerber,No ES WP page,,,,,,,,,,,,,,
Q3130272,Hendro Scholtz,No ES WP page,,,,,,,,,,,,,,
Q3130284,Henk Eksteen,No ES WP page,,,,,,,,,,,,,,
Q3130302,Hennie Muller,,Hennie Muller,Hendrik Scholtz Vosloo Muller,Hennie_Muller,26 de marzo de 1922,Witbank,/w/index.php?title=Witbank&action=edit&redlink=1,26 de abril de 1977,Ciudad del Cabo,/wiki/Ciudad_del_Cabo,190,105,Octavo,,Sudáfrica
Q3130315,Henno Mentz,No ES WP page,,,,,,,,,,,,,,
Q3130461,Henri-Pierre Vermis,No ES WP page,,,,,,,,,,,,,,
Q3130550,Henri Amand,No ES WP page,,,,,,,,,,,,,,
Q3130761,Henri Buisson,No ES WP page,,,,,,,,,,,,,,
Q3130764,Henri Béhotéguy,No ES WP page,,,,,,,,,,,,,,
Q3130770,Henri Cabrol,No ES WP page,,,,,,,,,,,,,,
Q3130806,Henri Cazaux,No ES WP page,,,,,,,,,,,,,,
Q3130839,Henri Claverie,No ES WP page,,,,,,,,,,,,,,
Q3130981,Henri Domec,No ES WP page,,,,,,,,,,,,,,
Q3131073,Henri Ferrero,No ES WP page,,,,,,,,,,,,,,
Q3131111,Henri Fourès,No ES WP page,,,,,,,,,,,,,,
Q3131255,Henri Haget,No ES WP page,,,,,,,,,,,,,,
Q3131265,Henri Helmer,No ES WP page,,,,,,,,,,,,,,
Q3131392,Henri Lacaze,No ES WP page,,,,,,,,,,,,,,
Q3131393,Henri Lacassagne,No ES WP page,,,,,,,,,,,,,,
Q3131433,Henri Lazies,No ES WP page,,,,,,,,,,,,,,
Q3131485,Henri Levée,No ES WP page,,,,,,,,,,,,,,
Q3131522,Henri Lugier,No ES WP page,,,,,,,,,,,,,,
Q3131537,Henri Magois,No ES WP page,,,,,,,,,,,,,,
Q3131578,Henri Marracq,No ES WP page,,,,,,,,,,,,,,
Q3131790,Henri Pistre,No ES WP page,,,,,,,,,,,,,,
Q3131879,Henri Rancoule,No ES WP page,,,,,,,,,,,,,,
Q3131939,Henri Romero,No ES WP page,,,,,,,,,,,,,,
Q3131988,Henri Sanz,No ES WP page,,,,,,,,,,,,,,
Q3132658,Henry Braddon,No ES WP page,,,,,,,,,,,,,,
Q3132659,Henry Broncan,No ES WP page,,,,,,,,,,,,,,
Q3132693,Henry Chavancy,,Henry Chavancy,,Henry_Chavancy,22 de mayo de 1988,Francia,/wiki/Francia,,,,181,97,Centro exterior,,Francés
Q3132813,Henry Grimes,No ES WP page,,,,,,,,,,,,,,
Q3132839,Henry Honiball,,Henry Honiball,Henry William Honiball,Henry_Honiball,1 de diciembre de 1965,KwaZulu-Natal,/wiki/KwaZulu-Natal,,,,185,98,Apertura,,Sudáfrica
Q3132998,Henry Paul,No ES WP page,,,,,,,,,,,,,,
Q3133023,Henry Qiodravu,No ES WP page,,,,,,,,,,,,,,
Q3133128,Henry Vanderglas,No ES WP page,,,,,,,,,,,,,,
Q3133452,Herbert Godwin,No ES WP page,,,,,,,,,,,,,,
Q3133514,Herbert Waddell,No ES WP page,,,,,,,,,,,,,,
Q3133875,Herb Lilburne,No ES WP page,,,,,,,,,,,,,,
Q3133950,Hercules Kruger,No ES WP page,,,,,,,,,,,,,,
Q3134048,Herman Bosman,,Herman Bosman,Herman Meyer Bosman,Herman_Bosman,19 de abril de 1985,Bethlehem,/w/index.php?title=Bethlehem_(Sud%C3%A1frica)&action=edit&redlink=1,,,,192,97,Centro,,Sudáfrica
Q3134079,Herman Lintvelt,No ES WP page,,,,,,,,,,,,,,
Q3134297,Hernán Senillosa,,Hernán Senillosa,,Hern%C3%A1n_Senillosa,1 de octubre de 1977,Buenos Aires,/wiki/Buenos_Aires,,,,179,90,Centro,,Argentina
Q3134443,Hervé Chabowski,No ES WP page,,,,,,,,,,,,,,
Q3134449,Hervé Chaffardon,No ES WP page,,,,,,,,,,,,,,
Q3134508,Hervé Gregoire-Mazzocco,No ES WP page,,,,,,,,,,,,,,
Q3134513,Hervé Guiraud,No ES WP page,,,,,,,,,,,,,,
Q3134551,Hervé Larrue,No ES WP page,,,,,,,,,,,,,,
Q3135173,Hicham Bendeq,No ES WP page,,,,,,,,,,,,,,
Q3135475,Hikairo Forbes,No ES WP page,,,,,,,,,,,,,,
Q3135476,Hika Reid,No ES WP page,,,,,,,,,,,,,,
Q3136382,Hirotoki Onozawa,,Hirotoki Onozawa,,Hirotoki_Onozawa,29 de marzo de 1978,Shimada,/wiki/Shimada,,,,180,85,Wing,,Japón
Q3136862,Juan Soler,No stint found,Juan Soler,,Juan_Soler,19 de enero de 1966,,,,,,,,,,
Q3137438,John Patrick,No ES WP page,,,,,,,,,,,,,,
Q3140414,Hoppie van Jaarsveld,No ES WP page,,,,,,,,,,,,,,
Q3140461,Horace Lyne,No ES WP page,,,,,,,,,,,,,,
Q3141214,Hottie Louw,No ES WP page,,,,,,,,,,,,,,
Q3141574,Howard Marshall,No ES WP page,,,,,,,,,,,,,,
Q3142225,Hugh Chalmers,No ES WP page,,,,,,,,,,,,,,
Q3142287,Hugh McLeod,No ES WP page,,,,,,,,,,,,,,
Q3142292,Hugh McMeniman,No ES WP page,,,,,,,,,,,,,,
Q3142300,Hugh Orr,No ES WP page,,,,,,,,,,,,,,
Q3142307,Hugh Rowley,No ES WP page,,,,,,,,,,,,,,
Q3142323,Hugh Vyvyan,No ES WP page,,,,,,,,,,,,,,
Q3142341,Hughes Comet,No ES WP page,,,,,,,,,,,,,,
Q3142381,Hugo Dupont,No ES WP page,,,,,,,,,,,,,,
Q3142418,Hugo MacNeill,,Hugo MacNeill,Hugh Patrick MacNeill,Hugo_MacNeill,16 de septiembre de 1958,Dublín,/wiki/Dubl%C3%ADn,,,,,,Fullback,,Irlanda
Q3142436,Hugo Rongieras,No ES WP page,,,,,,,,,,,,,,
Q3142449,Hugo Southwell,No ES WP page,,,,,,,,,,,,,,
Q3142464,Hugo van Zyl,No ES WP page,,,,,,,,,,,,,,
Q3142521,Hugues Briatte,No ES WP page,,,,,,,,,,,,,,
Q3142650,Hugues Miorin,No ES WP page,,,,,,,,,,,,,,
Q3143531,Huw Davies,No ES WP page,,,,,,,,,,,,,,
Q3147193,Iain Balshaw,,Iain Balshaw,Iain Robert Balshaw,Iain_Balshaw,14 de abril de 1979,Blackburn,/wiki/Blackburn,,,,185,94,Wing; fullback,,"Inglaterra,Reino Unido"
Q3147196,Iain Exner,No ES WP page,,,,,,,,,,,,,,
Q3147199,Iain Morrison,No ES WP page,,,,,,,,,,,,,,
Q3147200,Iain Milne,No ES WP page,,,,,,,,,,,,,,
Q3147201,Iain Paxton,,Iain Paxton,Iain Angus McLeod Paxton,Iain_Paxton,29 de diciembre de 1957,Dunfermline,/wiki/Dunfermline,,,,185,100,Octavo,,"Escocia,Reino Unido"
Q3147252,Ian Davidson,No ES WP page,,,,,,,,,,,,,,
Q3147254,Ian Dowling,No ES WP page,,,,,,,,,,,,,,
Q3147273,Ian Hall,No ES WP page,,,,,,,,,,,,,,
Q3147280,Ian Humphreys,No ES WP page,,,,,,,,,,,,,,
Q3147281,Ian Hurst,No ES WP page,,,,,,,,,,,,,,
Q3147284,Ian Jardine,No ES WP page,,,,,,,,,,,,,,
Q3147285,Ian Jones,,Ian Jones,Ian Donald Jones,Ian_Jones,17 de abril de 1967,Whangarei,/wiki/Whangarei,,,,198,104,Segunda línea,,Nueva Zelanda
Q3147291,Ian Kirkpatrick,No ES WP page,,,,,,,,,,,,,,
Q3147297,Nev MacEwan,No ES WP page,,,,,,,,,,,,,,
Q3147298,Ian MacRae,No ES WP page,,,,,,,,,,,,,,
Q3147303,Ian McCallum,No ES WP page,,,,,,,,,,,,,,
Q3147307,Ian McLauchlan,No ES WP page,,,,,,,,,,,,,,
Q3147322,Ian Smith,No ES WP page,,,,,,,,,,,,,,
Q3147324,Ian Smith,No infobox found,,,Ian_Smith_(rugbista),,,,,,,,,,,
Q3147328,Ian Stevens,No ES WP page,,,,,,,,,,,,,,
Q3147329,Ian Stephens,No ES WP page,,,,,,,,,,,,,,
Q3147333,Ian Watkins,No ES WP page,,,,,,,,,,,,,,
Q3147336,Ian Williams,No ES WP page,,,,,,,,,,,,,,
Q3147943,Idwal Rees,No ES WP page,,,,,,,,,,,,,,
Q3148027,Iestyn Harris,,Iestyn Harris,Iestyn Rhys Harris,Iestyn_Harris,25 de junio de 1976,Oldham,/wiki/Oldham,,,,183,92,Apertura; centro,,"Inglaterra,Reino Unido"
Q3148028,Iestyn Thomas,No ES WP page,,,,,,,,,,,,,,
Q3148091,Ifereimi Rawaqa,No ES WP page,,,,,,,,,,,,,,
Q3148198,Ignacio Conti,No ES WP page,,,,,,,,,,,,,,
Q3148207,Ignacio Mieres,No infobox found,,,Ignacio_Mieres,,,,,,,,,,,
Q3148285,Igor Juzon,No ES WP page,,,,,,,,,,,,,,
Q3148290,Igor Klyuchnikov,No ES WP page,,,,,,,,,,,,,,
Q3148386,Ikapoté Fono,No ES WP page,,,,,,,,,,,,,,
Q3148623,Ilaï Derenalagi,No ES WP page,,,,,,,,,,,,,,
Q3148653,Ilia Maissuradze,No ES WP page,,,,,,,,,,,,,,
Q3148668,Iliesa Keresoni,No ES WP page,,,,,,,,,,,,,,
Q3148671,Ilikena Bolakoro,No ES WP page,,,,,,,,,,,,,,
Q3148682,Ilivasi Tabua,,Ilivasi Tabua,Ilivasi Sevia Tabua Tamanivalu,Ilivasi_Tabua,30 de septiembre de 1964,Nadroga-Navosa,/wiki/Nadroga-Navosa,,,,193,106,Ala,,Fiyi
Q3149778,Inaki Basauri,No ES WP page,,,,,,,,,,,,,,
Q3151441,Inoke Afeaki,No ES WP page,,,,,,,,,,,,,,
Q3154034,Ioan Ciofu,No ES WP page,,,,,,,,,,,,,,
Q3154087,Ion Bucan,No ES WP page,,,,,,,,,,,,,,
Q3154089,Ion Constantin,No ES WP page,,,,,,,,,,,,,,
Q3154098,Ion Insausti Jiménez,No stint found,Ion Insausti,Ion Insausti Jiménez,Ion_Insausti_Jim%C3%A9nez,27 de abril de 1984,,,,,,180,110,Pilier,,
Q3154103,Ion Teodorescu,No ES WP page,,,,,,,,,,,,,,
Q3154124,Ionuț Botezatu,No ES WP page,,,,,,,,,,,,,,
Q3154126,Ionuț Tofan,No ES WP page,,,,,,,,,,,,,,
Q3154130,Ionuț Dimofte,No ES WP page,,,,,,,,,,,,,,
Q3154134,Joe Tekori,No ES WP page,,,,,,,,,,,,,,
Q3154264,Irakli Abuseridze,No ES WP page,,,,,,,,,,,,,,
Q3154267,Irakli Machkhaneli,No ES WP page,,,,,,,,,,,,,,
Q3154268,Irakli Modebadze,No ES WP page,,,,,,,,,,,,,,
Q3154273,Irakli Natriashvili,No ES WP page,,,,,,,,,,,,,,
Q3154721,Isa Nacewa,No ES WP page,,,,,,,,,,,,,,
Q3154733,Isaac Boss,,Isaac Boss,Isaac James Boss,Isaac_Boss,9 de abril de 1980,Tokoroa,/w/index.php?title=Tokoroa&action=edit&redlink=1,,,,178,88,Medio scrum,,Nueva ZelandaNueva Zelanda
Q3154769,Isaac Ross,No ES WP page,,,,,,,,,,,,,,
Q3155101,Isaia Rasila,No ES WP page,,,,,,,,,,,,,,
Q3155340,Isidoro Quaglio,No ES WP page,,,,,,,,,,,,,,
Q3155349,Isitolo Maka,No ES WP page,,,,,,,,,,,,,,
Q3155414,Ismaila Lassissi,No ES WP page,,,,,,,,,,,,,,
Q3155478,Isoa Domolailai,No ES WP page,,,,,,,,,,,,,,
Q3155646,Israel Folau,,Israel Folau,,Israel_Folau,3 de abril de 1989,Nueva Gales del Sur,/wiki/Nueva_Gales_del_Sur,,,,194,103,Fullback; wing; centro,,Australia
Q3156026,Iulian Dumitraș,No ES WP page,,,,,,,,,,,,,,
Q3156103,Ivan Francescato,,Ivan Francescato,,Ivan_Francescato,10 de febrero de 1967,Treviso,/wiki/Treviso,19 de enero de 1999,Treviso,/wiki/Treviso,178,83,Centro; medio scrum,,Italia
Q3156348,Ivor Morgan,No ES WP page,,,,,,,,,,,,,,
Q3156402,Iwan Tukalo,,Iwan Tukalo,Iwan Carmen Tukalo,Iwan_Tukalo,5 de marzo de 1961,Edimburgo,/wiki/Edimburgo,,,,175,80,Wing,,"Escocia,Reino Unido"
Q3156875,JC van der Westhuizen,No ES WP page,,,,,,,,,,,,,,
Q3157005,Jaba Bregvadze,No ES WP page,,,,,,,,,,,,,,
Q3157121,Jack Bancroft,No ES WP page,,,,,,,,,,,,,,
Q3157140,Jack Cantoni,No ES WP page,,,,,,,,,,,,,,
Q3157166,Jack Durling,No ES WP page,,,,,,,,,,,,,,
Q3157172,Jack Elliott,No ES WP page,,,,,,,,,,,,,,
Q3157182,Jack Forster,No ES WP page,,,,,,,,,,,,,,
Q3157184,Jack Gage,No ES WP page,,,,,,,,,,,,,,
Q3157192,Jack Griffiths,No ES WP page,,,,,,,,,,,,,,
Q3157222,Jack Jones,No ES WP page,,,,,,,,,,,,,,
Q3157256,Jack Manchester,No ES WP page,,,,,,,,,,,,,,
Q3157267,Jack Matthews,No ES WP page,,,,,,,,,,,,,,
Q3157310,Jack Rowell,,Jack Rowell,,Jack_Rowell,,Gosforth,/wiki/Gosforth,1 de julio de 2024,,,200,102,Segunda línea,,"InglaterraInglaterra, Reino Unido"
Q3157323,"John ""Jack"" Steel",No ES WP page,,,,,,,,,,,,,,
Q3157327,John Toothill,No ES WP page,,,,,,,,,,,,,,
Q3157487,Jacky Morkel,No ES WP page,,,,,,,,,,,,,,
Q3157502,Jaco Louw,No ES WP page,,,,,,,,,,,,,,
Q3157504,Jaco Pretorius,No ES WP page,,,,,,,,,,,,,,
Q3157505,Jaco Erasmus,No ES WP page,,,,,,,,,,,,,,
Q3157583,Jacob Rauluni,No ES WP page,,,,,,,,,,,,,,
Q3157631,Bees Roux,No ES WP page,,,,,,,,,,,,,,
Q3158180,Jacques Ballarin,No ES WP page,,,,,,,,,,,,,,
Q3158183,Jacques Baquey,No ES WP page,,,,,,,,,,,,,,
Q3158213,Jacques Bayardon,No ES WP page,,,,,,,,,,,,,,
Q3158353,Jacques Bouquet,No ES WP page,,,,,,,,,,,,,,
Q3158370,Jacques Boussuge,No ES WP page,,,,,,,,,,,,,,
Q3158435,Jacques Burger,,Jacques Burger,,Jacques_Burger,29 de julio de 1983,Windhoek,/wiki/Windhoek,,,,188,105,flanker,,Namibia
Q3158440,Jacques Bégu,No ES WP page,,,,,,,,,,,,,,
Q3158538,Jacques Chiberry,No ES WP page,,,,,,,,,,,,,,
Q3158548,Jacques Cimarosti,No ES WP page,,,,,,,,,,,,,,
Q3158566,Jacques Coq,No ES WP page,,,,,,,,,,,,,,
Q3158599,Jacques Crampagne,No ES WP page,,,,,,,,,,,,,,
Q3158607,Jacques Cristina,No ES WP page,,,,,,,,,,,,,,
Q3158609,Jacques Cronjé,No ES WP page,,,,,,,,,,,,,,
Q3158661,Jacques Deen,No ES WP page,,,,,,,,,,,,,,
Q3158685,Jacques Delmas,No ES WP page,,,,,,,,,,,,,,
Q3158795,Jacques Dufourcq,No ES WP page,,,,,,,,,,,,,,
Q3158903,Jacques Fort,No ES WP page,,,,,,,,,,,,,,
Q3158976,Jacques Gasc,No ES WP page,,,,,,,,,,,,,,
Q3158989,Jacques Genois,No ES WP page,,,,,,,,,,,,,,
Q3159029,Jacques Gratton,No ES WP page,,,,,,,,,,,,,,
Q3159378,Jacques Lepatey,No stint found,Jacques Lepatey,,Jacques_Lepatey,25 de septiembre de 1929,Mazamet,/wiki/Mazamet,1 de mayo de 2024,Montredon-des-Corbières,/wiki/Montredon-des-Corbi%C3%A8res,178,,Wing,,Francesa
Q3159412,Jacques Londios,No ES WP page,,,,,,,,,,,,,,
Q3159527,Jacques Mauran,No ES WP page,,,,,,,,,,,,,,
Q3159558,Jacques Merquey,No ES WP page,,,,,,,,,,,,,,
Q3159564,Jacques Meynard,No ES WP page,,,,,,,,,,,,,,
Q3159664,Jacques Nieuwenhuis,No ES WP page,,,,,,,,,,,,,,
Q3159709,Jacques Palat,No ES WP page,,,,,,,,,,,,,,
Q3159904,Jacques Rollet,No ES WP page,,,,,,,,,,,,,,
Q3159924,Jacques Rougerie,No stint found,Jacques Rougerie,,Jacques_Rougerie,11 de mayo de 1948,Pamiers,/wiki/Pamiers,12 de agosto de 2023,Ceyrat,/wiki/Ceyrat,180,105,PropHooker,,Francia
Q3159953,Jacques Sagols,No ES WP page,,,,,,,,,,,,,,
Q3159984,Jacques Schutte,No ES WP page,,,,,,,,,,,,,,
Q3160559,Jaime Arocena Mesones,No ES WP page,,,,,,,,,,,,,,
Q3160614,Jake Boer,No ES WP page,,,,,,,,,,,,,,
Q3160622,Jake Jacob,No ES WP page,,,,,,,,,,,,,,
Q3160675,Jakobus Kemp,No ES WP page,,,,,,,,,,,,,,
Q3160903,James Allan,No ES WP page,,,,,,,,,,,,,,
Q3160904,James Barnett Allison,No ES WP page,,,,,,,,,,,,,,
Q3160910,James Arlidge,No ES WP page,,,,,,,,,,,,,,
Q3160925,James Bailey,No ES WP page,,,,,,,,,,,,,,
Q3160940,James Bevan,No infobox found,,,James_Bevan,,,,,,,,,,,
Q3160957,James Buckland,No ES WP page,,,,,,,,,,,,,,
Q3160965,James Bush,No ES WP page,,,,,,,,,,,,,,
Q3160972,James Cannon,No ES WP page,,,,,,,,,,,,,,
Q3160986,James Clifford Milton,No ES WP page,,,,,,,,,,,,,,
Q3161007,James Dalton,,James Dalton,,James_Dalton,10 de agosto de 1972,Johannesburgo,/wiki/Johannesburgo,,,,177,95,Hooker,,Sudáfrica
Q3161045,Jimmy Dykes,No ES WP page,,,,,,,,,,,,,,
Q3161084,James Forrester,No ES WP page,,,,,,,,,,,,,,
Q3161139,James Hart,No ES WP page,,,,,,,,,,,,,,
Q3161157,James Holbeck,No ES WP page,,,,,,,,,,,,,,
Q3161174,James Ireland,No ES WP page,,,,,,,,,,,,,,
Q3161196,James Kavanagh,No ES WP page,,,,,,,,,,,,,,
Q3161216,James Lakepa,No ES WP page,,,,,,,,,,,,,,
Q3161232,James Lytle,No ES WP page,,,,,,,,,,,,,,
Q3161234,James MacDonald,No ES WP page,,,,,,,,,,,,,,
Q3161236,James MacKenzie,No ES WP page,,,,,,,,,,,,,,
Q3161273,James McLaren,No ES WP page,,,,,,,,,,,,,,
Q3161336,James Percival,No ES WP page,,,,,,,,,,,,,,
Q3161345,James Pritchard,No ES WP page,,,,,,,,,,,,,,
Q3161385,James Ryan,No ES WP page,,,,,,,,,,,,,,
Q3161397,James Scott,No ES WP page,,,,,,,,,,,,,,
Q3161398,Jim Sealy,No ES WP page,,,,,,,,,,,,,,
Q3161412,James Simpson-Daniel,No ES WP page,,,,,,,,,,,,,,
Q3161434,James Stuart,No ES WP page,,,,,,,,,,,,,,
Q3161451,James Topping,No ES WP page,,,,,,,,,,,,,,
Q3161493,James Winston,No ES WP page,,,,,,,,,,,,,,
Q3161527,Jamie Corsi,No ES WP page,,,,,,,,,,,,,,
Q3161528,Jamie Cudmore,No ES WP page,,,,,,,,,,,,,,
Q3161534,Jamie Hamilton,No ES WP page,,,,,,,,,,,,,,
Q3161537,Jamie Joseph,,Jamie Joseph,James Whitinui Joseph,Jamie_Joseph,21 de noviembre de 1969,Blenheim,/wiki/Blenheim_(Nueva_Zelanda),,,,196,110,Ala,,Nueva Zelanda
Q3161585,Jammie Clinch,No ES WP page,,,,,,,,,,,,,,
Q3161639,Jan Cunningham,No ES WP page,,,,,,,,,,,,,,
Q3161656,Jan Ellis,No ES WP page,,,,,,,,,,,,,,
Q3161712,Jan Lotz,No ES WP page,,,,,,,,,,,,,,
Q3161715,Jan Macháček,No ES WP page,,,,,,,,,,,,,,
Q3161737,Jan Prinsloo,No ES WP page,,,,,,,,,,,,,,
Q3161757,Jan Stegmann,No ES WP page,,,,,,,,,,,,,,
Q3161777,Jan Volschenk,No ES WP page,,,,,,,,,,,,,,
Q3161799,Jan du Preez,No ES WP page,,,,,,,,,,,,,,
Q3161839,Jandrè Mynhardt,No ES WP page,,,,,,,,,,,,,,
Q3161908,Jané du Toit,No ES WP page,,,,,,,,,,,,,,
Q3162059,Jannes Labuschagne,No ES WP page,,,,,,,,,,,,,,
Q3162065,Jannie Engelbrecht,No ES WP page,,,,,,,,,,,,,,
Q3162066,Jannie de Beer,,Jannie de Beer,Jan Hendrik de Beer,Jannie_de_Beer,22 de abril de 1971,Provincia del Estado Libre,/wiki/Provincia_del_Estado_Libre,,,,182,87,Apertura,,Sudáfrica
Q3162194,Jaouad Eziyar,No ES WP page,,,,,,,,,,,,,,
Q3162244,Japie Krige,No ES WP page,,,,,,,,,,,,,,
Q3162709,Jared Waerea-Hargreaves,No ES WP page,,,,,,,,,,,,,,
Q3162710,Jarek Goebel,No ES WP page,,,,,,,,,,,,,,
Q3162773,Jaroslav Tomcik,No ES WP page,,,,,,,,,,,,,,
Q3162930,Jason Eaton,No ES WP page,,,,,,,,,,,,,,
Q3162947,Jason Hobson,No ES WP page,,,,,,,,,,,,,,
Q3162956,Jason Jones-Hughes,No stint found,Jason Jones-Hughes,,Jason_Jones-Hughes,13 de septiembre de 1976,,,,,,,,centro,,
Q3162966,Jason Little,,Jason Little,Jason Sidney Little,Jason_Little,26 de agosto de 1970,Darling Downs,/wiki/Darling_Downs,,,,185,95,Centro,,Australia
Q3163002,Jason Spice,No ES WP page,,,,,,,,,,,,,,
Q3163153,Javier Irazusta,No ES WP page,,,,,,,,,,,,,,
Q3163166,Javier Pértile,No ES WP page,,,,,,,,,,,,,,
Q3163194,Jawad Djoudi,No ES WP page,,,,,,,,,,,,,,
Q3163827,Jean-Baptiste Amestoy,No ES WP page,,,,,,,,,,,,,,
Q3163910,Jean-Baptiste Brisé,No ES WP page,,,,,,,,,,,,,,
Q3163923,Jean-Baptiste Bédère,No ES WP page,,,,,,,,,,,,,,
Q3163995,Jean-Baptiste Dambielle,No ES WP page,,,,,,,,,,,,,,
Q3164117,Jean-Baptiste Gobelet,No ES WP page,,,,,,,,,,,,,,
Q3164335,Jean-Baptiste Paquet,No ES WP page,,,,,,,,,,,,,,
Q3164350,Jean-Baptiste Peyras-Loustalet,No ES WP page,,,,,,,,,,,,,,
Q3164351,Jean-Baptiste Pezet,No ES WP page,,,,,,,,,,,,,,
Q3164372,Jean-Baptiste Poux,No ES WP page,,,,,,,,,,,,,,
Q3164386,Jean-Baptiste Péjoine,No ES WP page,,,,,,,,,,,,,,
Q3164409,Jean-Baptiste Roidot,No ES WP page,,,,,,,,,,,,,,
Q3164422,Jean-Baptiste Rue,No ES WP page,,,,,,,,,,,,,,
Q3164574,Jean-Bernard Duplantier,No ES WP page,,,,,,,,,,,,,,
Q3164634,Jean-Charles Cistacq,No ES WP page,,,,,,,,,,,,,,
Q3164681,Jean-Charles Orioli,No ES WP page,,,,,,,,,,,,,,
Q3164683,Jean-Charles Orso,No ES WP page,,,,,,,,,,,,,,
Q3164822,Jean-Claude Baqué,No ES WP page,,,,,,,,,,,,,,
Q3164835,Jean-Claude Berejnoï,No ES WP page,,,,,,,,,,,,,,
Q3165020,Jean-Claude Hiquet,No ES WP page,,,,,,,,,,,,,,
Q3165037,Jean-Claude Lagrange,No ES WP page,,,,,,,,,,,,,,
Q3165039,Jean-Claude Langlade,No ES WP page,,,,,,,,,,,,,,
Q3165051,Jean-Claude Lasserre,No ES WP page,,,,,,,,,,,,,,
Q3165090,Jean-Claude Malbet,No ES WP page,,,,,,,,,,,,,,
Q3165145,Jean-Claude Noble,No ES WP page,,,,,,,,,,,,,,
Q3165173,Jean-Claude Pinéda,No ES WP page,,,,,,,,,,,,,,
Q3165204,Jean-Claude Roques,No ES WP page,,,,,,,,,,,,,,
Q3165206,Jean-Claude Rossignol,No ES WP page,,,,,,,,,,,,,,
Q3165207,Jean-Claude Rouan,No ES WP page,,,,,,,,,,,,,,
Q3165234,Jean-Claude Skrela,,Jean-Claude Skrela,,Jean-Claude_Skrela,1 de octubre de 1949,Colomiers,/wiki/Colomiers,,,,188,90,Ala,,Francia
Q3165235,Jean-Claude Soula,No ES WP page,,,,,,,,,,,,,,
Q3165362,Jean-Emmanuel Cassin,No ES WP page,,,,,,,,,,,,,,
Q3165462,Jean-François Beltran,No ES WP page,,,,,,,,,,,,,,
Q3165553,Jean-François Coux,No ES WP page,,,,,,,,,,,,,,
Q3165627,Jean-François Gourdon,No ES WP page,,,,,,,,,,,,,,
Q3165630,Jean-François Gourragne,No ES WP page,,,,,,,,,,,,,,
Q3165679,Jean-Francois Imbernon,No ES WP page,,,,,,,,,,,,,,
Q3165760,Jean-François Marchal,No ES WP page,,,,,,,,,,,,,,
Q3165766,Jean-François Martin-Culet,No ES WP page,,,,,,,,,,,,,,
Q3165810,Jean-François Pedesseau,No ES WP page,,,,,,,,,,,,,,
Q3165821,Jean-François Phliponeau,No ES WP page,,,,,,,,,,,,,,
Q3165917,Jean-François Tordo,No ES WP page,,,,,,,,,,,,,,
Q3165925,Jean-François Viars,No ES WP page,,,,,,,,,,,,,,
Q3165975,Jean-Frédéric Dubois,No ES WP page,,,,,,,,,,,,,,
Q3166114,Jean-Henri Mir,No ES WP page,,,,,,,,,,,,,,
Q3166117,Jean-Henri Pargade,No ES WP page,,,,,,,,,,,,,,
Q3166221,Jean-Jacques Crenca,,Jean-Jacques Crenca,,Jean-Jacques_Crenca,3 de abril de 1969,Marmande,/wiki/Marmande,,,,180,103,Pilar,,Francia
Q3166280,Jean-Jacques Gourdy,No ES WP page,,,,,,,,,,,,,,
Q3166336,Jean-Jacques Lénient,No ES WP page,,,,,,,,,,,,,,
Q3166413,Jean-Jacques Santos,No ES WP page,,,,,,,,,,,,,,
Q3166414,Jean-Jacques Sauveterre,No ES WP page,,,,,,,,,,,,,,
Q3166425,Jean-Jacques Taofifénua,No ES WP page,,,,,,,,,,,,,,
Q3166529,Jean-Joseph Rupert,No ES WP page,,,,,,,,,,,,,,
Q3166609,Jean-Louis Azarete,No ES WP page,,,,,,,,,,,,,,
Q3166633,Jean-Louis Bernès,No ES WP page,,,,,,,,,,,,,,
Q3166672,Jean-Louis Bérot,No ES WP page,,,,,,,,,,,,,,
Q3166733,Jean-Louis Dehez,No ES WP page,,,,,,,,,,,,,,
Q3166747,Jean-Louis Dupont,No ES WP page,,,,,,,,,,,,,,
Q3166806,Jean-Louis Gruarin,No ES WP page,,,,,,,,,,,,,,
Q3166831,Jean-Louis Jordana,No ES WP page,,,,,,,,,,,,,,
Q3166881,Jean-Louis Martin,No ES WP page,,,,,,,,,,,,,,
Q3166953,Jean-Louis Ribes,No ES WP page,,,,,,,,,,,,,,
Q3166997,Jean-Louis Tolot,No ES WP page,,,,,,,,,,,,,,
Q3167007,Jean-Louis Ugartemendia,No ES WP page,,,,,,,,,,,,,,
Q3167074,Jean-Luc Aqua,No ES WP page,,,,,,,,,,,,,,
Q3167081,Jean-Luc Averous,No ES WP page,,,,,,,,,,,,,,
Q3167179,Jean-Luc Joinel,No ES WP page,,,,,,,,,,,,,,
Q3167251,Jean-Luc Rivallo,No ES WP page,,,,,,,,,,,,,,
Q3167266,Jean-Luc Sadourny,No ES WP page,,,,,,,,,,,,,,
Q3167319,Jean-Marc Aué,No ES WP page,,,,,,,,,,,,,,
Q3167353,Jean-Marc Cordier,No ES WP page,,,,,,,,,,,,,,
Q3167416,Jean-Marc Lhermet,No ES WP page,,,,,,,,,,,,,,
Q3167522,Jean-Marcellin Buttin,No ES WP page,,,,,,,,,,,,,,
Q3167552,Jean-Marie Arnal,No ES WP page,,,,,,,,,,,,,,
Q3167573,Jean-Marie Bisaro,No ES WP page,,,,,,,,,,,,,,
Q3167578,Jean-Marie Bonal,No ES WP page,,,,,,,,,,,,,,
Q3167598,Jean-Marie Cadieu,No ES WP page,,,,,,,,,,,,,,
Q3167826,Jean-Marie Soubira,No ES WP page,,,,,,,,,,,,,,
Q3167827,Jean-Marie Spanghero,No ES WP page,,,,,,,,,,,,,,
Q3167851,Jean-Marie Usandisaga,No ES WP page,,,,,,,,,,,,,,
Q3167887,Jean-Martin Etchenique,No ES WP page,,,,,,,,,,,,,,
Q3167894,Jean-Matthieu Alcalde,No ES WP page,,,,,,,,,,,,,,
Q3167930,Jean-Michel Aguirre,No ES WP page,,,,,,,,,,,,,,
Q3167946,Jean-Michel Benacloï,No ES WP page,,,,,,,,,,,,,,
Q3167969,Jean-Michel Cabanier,No ES WP page,,,,,,,,,,,,,,
Q3167971,Jean-Michel Capendeguy,No ES WP page,,,,,,,,,,,,,,
Q3168017,Jean-Michel Esponda,No ES WP page,,,,,,,,,,,,,,
Q3168036,Jean-Michel Gonzalez,No ES WP page,,,,,,,,,,,,,,
Q3168118,Jean-Michel Rancoule,No ES WP page,,,,,,,,,,,,,,
Q3168320,Jean-Patrick Lescarboura,,Jean-Patrick Lescarboura,,Jean-Patrick_Lescarboura,19 de enero de 1961,Monein,/wiki/Monein,,,,185,90,Apertura,,Francia
Q3168355,Jean-Paul Baux,No ES WP page,,,,,,,,,,,,,,
Q3168364,Jean-Paul Beyssen,No ES WP page,,,,,,,,,,,,,,
Q3168470,Jean-Paul Dubois,No ES WP page,,,,,,,,,,,,,,
Q3168605,Jean-Paul Medina,No ES WP page,,,,,,,,,,,,,,
Q3168716,Jean-Paul Wolf,No ES WP page,,,,,,,,,,,,,,
Q3168751,Jean-Philippe Bonrepaux,No ES WP page,,,,,,,,,,,,,,
Q3168804,Jean-Philippe Genevois,No ES WP page,,,,,,,,,,,,,,
Q3168809,Jean-Philippe Grandclaude,No ES WP page,,,,,,,,,,,,,,
Q3168860,Jean-Philippe Revallier,No ES WP page,,,,,,,,,,,,,,
Q3168876,Jean-Philippe Swiadek,No ES WP page,,,,,,,,,,,,,,
Q3168886,Jean-Philippe Viard,No ES WP page,,,,,,,,,,,,,,
Q3168982,Jean-Pierre Bastiat,No ES WP page,,,,,,,,,,,,,,
Q3169166,Jean-Pierre Dales,No ES WP page,,,,,,,,,,,,,,
Q3169190,Jean-Pierre Delfour,No ES WP page,,,,,,,,,,,,,,
Q3169326,Jean-Pierre Garuet-Lempirou,No ES WP page,,,,,,,,,,,,,,
Q3169336,Jean-Pierre Genet,No ES WP page,,,,,,,,,,,,,,
Q3169404,Jean-Pierre Hortoland,No ES WP page,,,,,,,,,,,,,,
Q3169524,Jean-Pierre Lux,No ES WP page,,,,,,,,,,,,,,
Q3169559,Jean-Pierre Massines,No ES WP page,,,,,,,,,,,,,,
Q3169578,Jean-Pierre Mir,No ES WP page,,,,,,,,,,,,,,
Q3169596,Jean-Pierre Mouysset,No ES WP page,,,,,,,,,,,,,,
Q3169637,Jean-Pierre Pesteil,No ES WP page,,,,,,,,,,,,,,
Q3169672,Jean-Pierre Puidebois,No ES WP page,,,,,,,,,,,,,,
Q3169695,Jean-Pierre Razat,No ES WP page,,,,,,,,,,,,,,
Q3169722,Jean-Pierre Romeu,,Jean-Pierre Romeu,,Jean-Pierre_Romeu,15 de abril de 1948,Thuir,/wiki/Thuir,,,,180,80,Apertura,,Francia
Q3169749,Jean-Pierre Saux,No ES WP page,,,,,,,,,,,,,,
Q3169865,Jean-Pierre Élissalde,No ES WP page,,,,,,,,,,,,,,
Q3169878,Jean-Raphaël Alvarez,No ES WP page,,,,,,,,,,,,,,
Q3169893,Jean-René Bouscatel,No ES WP page,,,,,,,,,,,,,,
Q3169969,Jean-Roger Bourdeu,No ES WP page,,,,,,,,,,,,,,
Q3170068,Jean-Victor Bertrand,No ES WP page,,,,,,,,,,,,,,
Q3170616,Jean Barthe,No ES WP page,,,,,,,,,,,,,,
Q3170731,Jean Bernon,No ES WP page,,,,,,,,,,,,,,
Q3170776,Jean Bichindaritz,No ES WP page,,,,,,,,,,,,,,
Q3170799,Jean Blond,No ES WP page,,,,,,,,,,,,,,
Q3170863,Jean Boubée,No ES WP page,,,,,,,,,,,,,,
Q3170902,Jean Bouilhou,No ES WP page,,,,,,,,,,,,,,
Q3171060,Jean Bénetière,No ES WP page,,,,,,,,,,,,,,
Q3171114,Jean Capdouze,No stint found,Nano Capdouze,,Nano_Capdouze,30 de agosto de 1942,,,12 de junio de 1999,Lasseubetat,/wiki/Lasseubetat,,,centro,,
Q3171139,Jean Carrère,No ES WP page,,,,,,,,,,,,,,
Q3171167,Jean Castets,No ES WP page,,,,,,,,,,,,,,
Q3171177,Jean Caujolle,No ES WP page,,,,,,,,,,,,,,
Q3171342,Jean Clavé,No ES WP page,,,,,,,,,,,,,,
Q3171352,Jean Clément,No ES WP page,,,,,,,,,,,,,,
Q3171387,Jean Colombier,No ES WP page,,,,,,,,,,,,,,
Q3171408,Jean Condom,,Jean Condom,,Jean_Condom,15 de agosto de 1960,Saint-André-de-Seignanx,/wiki/Saint-Andr%C3%A9-de-Seignanx,,,,197,110,Segunda línea,,Francia
Q3171434,Jean Costantino,No ES WP page,,,,,,,,,,,,,,
Q3171541,Jean Danion,No ES WP page,,,,,,,,,,,,,,
Q3171558,Jean Darrieussecq,No ES WP page,,,,,,,,,,,,,,
Q3171568,Jean Daudé,No ES WP page,,,,,,,,,,,,,,
Q3171570,Jean Dauger,No ES WP page,,,,,,,,,,,,,,
Q3171597,Jean De Dieu Rakotonirina,No ES WP page,,,,,,,,,,,,,,
Q3171707,Jean Desclaux,,Jean Desclaux,,Jean_Desclaux,25 de junio de 1922,Dax,/wiki/Dax,23 de marzo de 2006,Dax,,180,85,Ala,,
Q3171850,Jean Duhau,No ES WP page,,,,,,,,,,,,,,
Q3171958,Jean Fabre,No ES WP page,,,,,,,,,,,,,,
Q3172178,Jean Gachassin,No ES WP page,,,,,,,,,,,,,,
Q3172200,Jean Galia,No ES WP page,,,,,,,,,,,,,,
Q3172744,Jean Iraçabal,No ES WP page,,,,,,,,,,,,,,
Q3172810,Jean Jo Marmouyet,No ES WP page,,,,,,,,,,,,,,
Q3173012,Jean Larrieu,No ES WP page,,,,,,,,,,,,,,
Q3173014,Jean Larribau,No ES WP page,,,,,,,,,,,,,,
Q3173026,Jean Laudouar,No ES WP page,,,,,,,,,,,,,,
Q3173071,Jean Le Droff,No ES WP page,,,,,,,,,,,,,,
Q3173231,Jean Liénard,No ES WP page,,,,,,,,,,,,,,
Q3173429,Jean Martin,No ES WP page,,,,,,,,,,,,,,
Q3173456,Jean Matheu-Cambas,No ES WP page,,,,,,,,,,,,,,
Q3173615,Jean Morère,No ES WP page,,,,,,,,,,,,,,
Q3173738,Jean Normand,No ES WP page,,,,,,,,,,,,,,
Q3173801,Jean Othats,No ES WP page,,,,,,,,,,,,,,
Q3173979,Jean Pierre-Antoine,No ES WP page,,,,,,,,,,,,,,
Q3174026,Jean Pilon,No ES WP page,,,,,,,,,,,,,,
Q3174033,Jean Piqué,No ES WP page,,,,,,,,,,,,,,
Q3174118,Jean Prin-Clary,No ES WP page,,,,,,,,,,,,,,
Q3174291,Jean Rey,No ES WP page,,,,,,,,,,,,,,
Q3174535,Jean Salut,No ES WP page,,,,,,,,,,,,,,
Q3174552,Jean Sarda,No ES WP page,,,,,,,,,,,,,,
Q3174610,Jean Semmartin,No ES WP page,,,,,,,,,,,,,,
Q3174629,Jean Sillières,No ES WP page,,,,,,,,,,,,,,
Q3174720,Jean Sébédio,No ES WP page,,,,,,,,,,,,,,
Q3174854,Jean Trillo,No ES WP page,,,,,,,,,,,,,,
Q3175442,Jean de Grégorio,No ES WP page,,,,,,,,,,,,,,
Q3175878,Jeandré Fourie,No ES WP page,,,,,,,,,,,,,,
Q3176327,Jebb Sinclair,No ES WP page,,,,,,,,,,,,,,
Q3176552,Jeff McLean,No ES WP page,,,,,,,,,,,,,,
Q3176589,Jeff Squire,No ES WP page,,,,,,,,,,,,,,
Q3176811,Jehoida Hodges,No ES WP page,,,,,,,,,,,,,,
Q3177273,Jeremaiya Tamanisau,No ES WP page,,,,,,,,,,,,,,
Q3177306,Jeremy Davidson,No ES WP page,,,,,,,,,,,,,,
Q3177328,Jeremy Manning,No ES WP page,,,,,,,,,,,,,,
Q3177333,Jeremy Nel,No ES WP page,,,,,,,,,,,,,,
Q3177336,Jeremy Paul,,Jeremy Paul,Jeremy Adam Paul,Jeremy_Paul,14 de marzo de 1977,Hamilton,/wiki/Hamilton_(Nueva_Zelanda),,,,186,102,Hooker,,Nueva ZelandaNueva Zelanda
Q3177350,Jeremy Staunton,No ES WP page,,,,,,,,,,,,,,
Q3177492,Jerry Meafou,No ES WP page,,,,,,,,,,,,,,
Q3178537,Jharay Russell,No ES WP page,,,,,,,,,,,,,,
Q3178722,Jim Aitken,No ES WP page,,,,,,,,,,,,,,
Q3178816,Jim Hamilton,,Jim Hamilton,James Leigh Hamilton,Jim_Hamilton,17 de noviembre de 1982,Swindon,/wiki/Swindon,,,,202,124,Segunda línea,,"Inglaterra,Reino Unido"
Q3178817,Jim Hannan,No ES WP page,,,,,,,,,,,,,,
Q3178879,Joseph Magee,No ES WP page,,,,,,,,,,,,,,
Q3178885,Jim McCarthy,No ES WP page,,,,,,,,,,,,,,
Q3178886,Jim McCoy,No ES WP page,,,,,,,,,,,,,,
Q3178933,Jim Renwick,No ES WP page,,,,,,,,,,,,,,
Q3178941,Jim Shanklin,No ES WP page,,,,,,,,,,,,,,
Q3178949,Jim Staples,,Jim Staples,James Edward Staples,Jim_Staples,20 de octubre de 1965,Bermondsey,/wiki/Bermondsey,,,,188,90,Fullback,,"Inglaterra,Reino Unido"
Q3179000,Jimmie O'Sullivan,No ES WP page,,,,,,,,,,,,,,
Q3179036,Jimmy Duncan,No ES WP page,,,,,,,,,,,,,,
Q3179047,James Leo Farrell,No ES WP page,,,,,,,,,,,,,,
Q3179051,Jimmy Gopperth,,Jimmy Gopperth,James Gopperth,Jimmy_Gopperth,29 de junio de 1983,Nueva Plymouth,/wiki/Nueva_Plymouth,,,,178,88,Apertura,,Nueva Zelanda
Q3179063,Jimmy Hunter,No ES WP page,,,,,,,,,,,,,,
Q3179073,Jimmy Ledgard,No ES WP page,,,,,,,,,,,,,,
Q3179079,Jimmy Marlu,No ES WP page,,,,,,,,,,,,,,
Q3179090,Jimmy Mill,No ES WP page,,,,,,,,,,,,,,
Q3179170,Jimmy Yobo,,Jimmy Yobo,,Jimmy_Yobo,20 de febrero de 1992,Grasse,/wiki/Grasse,,,,180,85,Centro,,Francia
Q3179435,Joachim Algisi,No ES WP page,,,,,,,,,,,,,,
Q3179564,Joan Caudullo,No ES WP page,,,,,,,,,,,,,,
Q3179753,Joaquin Pastore,No ES WP page,,,,,,,,,,,,,,
Q3179777,Joaquín Tuculet,,Joaquín Tuculet,,Joaqu%C3%ADn_Tuculet,8 de agosto de 1989,La Plata,/wiki/La_Plata,,,,181,91,Fullback,,
Q3179820,Jocelino Suta,No ES WP page,,,,,,,,,,,,,,
Q3179896,Jock Hobbs,No ES WP page,,,,,,,,,,,,,,
Q3179899,Jock Richardson,No ES WP page,,,,,,,,,,,,,,
Q3179950,Jody Jenneker,No ES WP page,,,,,,,,,,,,,,
Q3179966,Joé Anduran,No ES WP page,,,,,,,,,,,,,,
Q3179968,Joe Ansbro,No ES WP page,,,,,,,,,,,,,,
Q3180054,Joe El-Abd,No ES WP page,,,,,,,,,,,,,,
Q3180097,Joe Karam,No ES WP page,,,,,,,,,,,,,,
Q3180098,Joe Kaminer,No ES WP page,,,,,,,,,,,,,,
Q3180114,Joseph Mbu,No ES WP page,,,,,,,,,,,,,,
Q3180129,Joe McDonnell,,Joe McDonnell,Joseph Michael McDonnell,Joe_McDonnell,1 de marzo de 1973,Hastings,/wiki/Hastings_(Nueva_Zelanda),,,,175,108,Pilar,,Nueva Zelanda
Q3180173,Joe Roff,,Joe Roff,,Joe_Roff,20 de septiembre de 1975,Bendigo,/wiki/Bendigo,,,,192,100,Centro; wing,,Australia
Q3180190,Joe Stanley,,Joe Stanley,Joseph Tito Stanley,Joe_Stanley,13 de abril de 1957,Auckland,/wiki/Auckland,,,,178,83,Centro,,Nueva Zelanda
Q3180204,Joe van Niekerk,No ES WP page,,,,,,,,,,,,,,
Q3180275,Joeli Veitayaki,No ES WP page,,,,,,,,,,,,,,
Q3180277,Joeli Vidiri,No ES WP page,,,,,,,,,,,,,,
Q3180347,Joffrey Michel,No ES WP page,,,,,,,,,,,,,,
Q3180391,Johan Claassen,No ES WP page,,,,,,,,,,,,,,
Q3180394,Johan Dalla Riva,No ES WP page,,,,,,,,,,,,,,
Q3180404,Johan Goosen,,Johan Goosen,Johannes Lodewikus Goosen,Johan_Goosen,27 de julio de 1992,Burgersdorp,/w/index.php?title=Burgersdorp&action=edit&redlink=1,,,,185,90,Apertura,,Sudáfrica
Q3180407,Johan Hendriks,No ES WP page,,,,,,,,,,,,,,
Q3180454,Johan Roux,,Johan Roux,Johannes Petrus Roux,Johan_Roux,25 de febrero de 1969,Pretoria,/wiki/Pretoria,,,,180,85,Medio scrum,,Sudáfrica
Q3180457,Johan Steenekamp,No ES WP page,,,,,,,,,,,,,,
Q3180464,Johan van Zyl,No ES WP page,,,,,,,,,,,,,,
Q3180465,Johan Wasserman,No ES WP page,,,,,,,,,,,,,,
Q3180747,Johannes Geldenhuys,No ES WP page,,,,,,,,,,,,,,
Q3180823,Johañe Luro,No ES WP page,,,,,,,,,,,,,,
Q3180900,John Allan,No ES WP page,,,,,,,,,,,,,,
Q3180901,John Allan,No ES WP page,,,,,,,,,,,,,,
Q3180936,John Arthur Jones,No ES WP page,,,,,,,,,,,,,,
Q3180943,John Ashworth,No ES WP page,,,,,,,,,,,,,,
Q3180986,John Ballesty,No ES WP page,,,,,,,,,,,,,,
Q3180995,John Barclay,,John Barclay,John Adam Barclay,John_Barclay_(rugbista),25 de septiembre de 1986,Hong Kong británico,/wiki/Hong_Kong_brit%C3%A1nico,,,,188,102,Ala,,ChinaChina
Q3181016,John Beattie,No ES WP page,,,,,,,,,,,,,,
Q3181019,John Beattie,No ES WP page,,,,,,,,,,,,,,
Q3181022,Johnnie Beattie,No ES WP page,,,,,,,,,,,,,,
Q3181040,John Bentley,No ES WP page,,,,,,,,,,,,,,
Q3181054,John Bevan,No ES WP page,,,,,,,,,,,,,,
Q3181084,John Boe,No ES WP page,,,,,,,,,,,,,,
Q3181101,John Boswell,No ES WP page,,,,,,,,,,,,,,
Q3181124,John Brass,No ES WP page,,,,,,,,,,,,,,
Q3181139,John Buchanan,No ES WP page,,,,,,,,,,,,,,
Q3181199,John Carleton,No ES WP page,,,,,,,,,,,,,,
Q3181249,John Coffey,No ES WP page,,,,,,,,,,,,,,
Q3181253,John Cole,No ES WP page,,,,,,,,,,,,,,
Q3181263,John Connolly,No ES WP page,,,,,,,,,,,,,,
Q3181270,John Corbett,No ES WP page,,,,,,,,,,,,,,
Q3181285,John Crabbie,No ES WP page,,,,,,,,,,,,,,
Q3181318,John Dallas,No ES WP page,,,,,,,,,,,,,,
Q3181321,John Daly,No ES WP page,,,,,,,,,,,,,,
Q3181347,John Devereux,,John Devereux,John Anthony Devereux,John_Devereux,30 de marzo de 1966,Bridgend,/wiki/Bridgend,,,,188,97,Centro; wing,,"Gales,Reino Unido"
Q3181382,John Drake,,John Drake,John Alan Drake,John_Drake,22 de enero de 1959,Auckland,/wiki/Auckland,13 de diciembre de 2008,Mount Maunganui (,,183,100,Pilar,,Nueva Zelanda
Q3181504,John Fleming,No ES WP page,,,,,,,,,,,,,,
Q3181506,John Flett,,John Flett,John Alexander Flett,John_Flett,15 de junio de 1963,Manly,/wiki/Manly,,,,180,85,Wing,,Australia
Q3181513,John Fogarty,No ES WP page,,,,,,,,,,,,,,
Q3181521,John Forrest,No ES WP page,,,,,,,,,,,,,,
Q3181545,John Fulton,No ES WP page,,,,,,,,,,,,,,
Q3181556,John Gainsford,No ES WP page,,,,,,,,,,,,,,
Q3181557,John Anthony Gallagher,,John Gallagher,John Anthony Gallagher,John_Gallagher,29 de enero de 1964,Londres,/wiki/Londres,,,,188,85,Fullback,,"InglaterraInglaterra, Reino Unido"
Q3181584,John Gillespie,No ES WP page,,,,,,,,,,,,,,
Q3181624,John Graf,No ES WP page,,,,,,,,,,,,,,
Q3181626,John Graham,No ES WP page,,,,,,,,,,,,,,
Q3181639,John Greenwell,No ES WP page,,,,,,,,,,,,,,
Q3181702,John Hart,,John Hart,John Bernard Hart,John_Hart_(entrenador),1 de enero de 1946,Auckland,/wiki/Auckland,,,,178,,,,Nueva Zelanda
Q3181704,John Hastie,No ES WP page,,,,,,,,,,,,,,
Q3181759,John Hipwell,No ES WP page,,,,,,,,,,,,,,
Q3181779,John Hore,No ES WP page,,,,,,,,,,,,,,
Q3181780,John Horton,No ES WP page,,,,,,,,,,,,,,
Q3181813,John Isaac,No ES WP page,,,,,,,,,,,,,,
Q3181828,John Jeffrey,,John Jeffrey,,John_Jeffrey,25 de marzo de 1959,Scottish Borders,/wiki/Scottish_Borders,,,,188,104,Tercera Ala,,"Escocia,Reino Unido"
Q3181857,John Kelly,No ES WP page,,,,,,,,,,,,,,
Q3181859,John Kendall-Carpenter,No ES WP page,,,,,,,,,,,,,,
Q3181929,John Leslie,No ES WP page,,,,,,,,,,,,,,
Q3181938,John Liley,,John Liley,John Garin Liley,John_Liley,21 de agosto de 1967,Wakefield,/wiki/Wakefield,,,,183,90,Fullback,,"Inglaterra, Reino Unido"
Q3181964,John Lytle,No ES WP page,,,,,,,,,,,,,,
Q3181969,John MacCallum,No ES WP page,,,,,,,,,,,,,,
Q3181974,John Macauley,No ES WP page,,,,,,,,,,,,,,
Q3181992,John Mantle,No ES WP page,,,,,,,,,,,,,,
Q3182098,John Mitchell,,John Mitchell,,John_Mitchell_(entrenador),23 de marzo de 1964,Hawera,/w/index.php?title=Hawera&action=edit&redlink=1,,,,190,100,Ala,,Nueva Zelanda
Q3182102,John Moloney,No ES WP page,,,,,,,,,,,,,,
Q3182115,John Moore,No ES WP page,,,,,,,,,,,,,,
Q3182200,John O'Driscoll,No ES WP page,,,,,,,,,,,,,,
Q3182217,John Olver,No ES WP page,,,,,,,,,,,,,,
Q3182224,John Orwin,No ES WP page,,,,,,,,,,,,,,
Q3182246,John Palmer,No ES WP page,,,,,,,,,,,,,,
Q3182253,John Paterson,No ES WP page,,,,,,,,,,,,,,
Q3182273,John Payne,No ES WP page,,,,,,,,,,,,,,
Q3182320,John Pullin,No ES WP page,,,,,,,,,,,,,,
Q3182340,John Raphael,No ES WP page,,,,,,,,,,,,,,
Q3182401,John Rutherford,,John Rutherford,John Young Rutherford,John_Rutherford_(rugbista),4 de octubre de 1955,Scottish Borders,/wiki/Scottish_Borders,,,,180,85,Apertura,,"Escocia,Reino Unido"
Q3182405,John Ryan,No ES WP page,,,,,,,,,,,,,,
Q3182417,John Samuel,No ES WP page,,,,,,,,,,,,,,
Q3182442,John Scott,No ES WP page,,,,,,,,,,,,,,
Q3182443,John Scoular,No ES WP page,,,,,,,,,,,,,,
Q3182449,John Senio,No ES WP page,,,,,,,,,,,,,,
Q3182463,John Simson,No ES WP page,,,,,,,,,,,,,,
Q3182486,John Solomon,No ES WP page,,,,,,,,,,,,,,
Q3182511,Billy Stead,No ES WP page,,,,,,,,,,,,,,
Q3182526,John Stewart,No ES WP page,,,,,,,,,,,,,,
Q3182547,John Willie Sutcliffe,No ES WP page,,,,,,,,,,,,,,
Q3182560,John Tait,No ES WP page,,,,,,,,,,,,,,
Q3182576,John Taylor,No ES WP page,,,,,,,,,,,,,,
Q3182601,John Thornett,,John Thornett,John Edward Thornett,John_Thornett,30 de marzo de 1935,Paddington (,,4 de enero de 2019,Batemans Bay,/wiki/Batemans_Bay,190,100,Ala,,Australiana
Q3182629,John Uzzell,No ES WP page,,,,,,,,,,,,,,
Q3182710,John Wells,No ES WP page,,,,,,,,,,,,,,
Q3182829,Johne Murphy,No ES WP page,,,,,,,,,,,,,,
Q3182843,Johnnie Wallace,No ES WP page,,,,,,,,,,,,,,
Q3182865,Johnny Buchler,No ES WP page,,,,,,,,,,,,,,
Q3182933,Johnny Leo'o,No ES WP page,,,,,,,,,,,,,,
Q3182947,Johnny Ngauamo,No ES WP page,,,,,,,,,,,,,,
Q3182961,Johannes Redelinghuys,No ES WP page,,,,,,,,,,,,,,
Q3182987,Johnny Williams,No ES WP page,,,,,,,,,,,,,,
Q3183006,Johnson Falefa,No ES WP page,,,,,,,,,,,,,,
Q3183177,Jon Callard,,Jon Callard,Jonathan Edward Brooks Callard,Jon_Callard,1 de enero de 1966,Leicester,/wiki/Leicester,,,,178,83,Fullback,,"Inglaterra,Reino Unido"
Q3183195,Jon Hall,No ES WP page,,,,,,,,,,,,,,
Q3183200,Jon Iturriria,No ES WP page,,,,,,,,,,,,,,
Q3183225,Jon Petrie,No ES WP page,,,,,,,,,,,,,,
Q3183243,Jon Thiel,No ES WP page,,,,,,,,,,,,,,
Q3183245,Jon Welsh,No ES WP page,,,,,,,,,,,,,,
Q3183317,Jonathan Bell,No ES WP page,,,,,,,,,,,,,,
Q3183326,Jonathan Best,No ES WP page,,,,,,,,,,,,,,
Q3183330,Jonathan Bousquet,No ES WP page,,,,,,,,,,,,,,
Q3183360,Jonathan Elgoyhen,No ES WP page,,,,,,,,,,,,,,
Q3183372,Jonathan Garcia,No ES WP page,,,,,,,,,,,,,,
Q3183424,Jonathan Meredith,No ES WP page,,,,,,,,,,,,,,
Q3183437,Jonathan Pélissié,No ES WP page,,,,,,,,,,,,,,
Q3183471,Jonathan Stuart,No ES WP page,,,,,,,,,,,,,,
Q3183497,Jonathan Webb,,Jonathan Webb,Jonathan Mark Webb,Jonathan_Webb,24 de agosto de 1963,Londres,/wiki/Londres,,,,188,86,Fullback,,"Inglaterra,Reino Unido"
Q3183502,Jonathan Wisniewski,No ES WP page,,,,,,,,,,,,,,
Q3183539,Jone Qovu,No ES WP page,,,,,,,,,,,,,,
Q3183541,Jone Railomo,No ES WP page,,,,,,,,,,,,,,
Q3183546,Jone Tawake,No ES WP page,,,,,,,,,,,,,,
Q3183557,Jonetani Robanakadavu,No ES WP page,,,,,,,,,,,,,,
Q3183563,Jongi Nokwe,No ES WP page,,,,,,,,,,,,,,
Q3183595,Jonny Fa'amatuainu,No ES WP page,,,,,,,,,,,,,,
Q3183609,Johnny O'Connor,No ES WP page,,,,,,,,,,,,,,
Q3183616,Jono Gibbes,No ES WP page,,,,,,,,,,,,,,
Q3183684,Jordan Crane,No ES WP page,,,,,,,,,,,,,,
Q3183692,Jordan Garnier,No ES WP page,,,,,,,,,,,,,,
Q3183700,Jordan Merle,No ES WP page,,,,,,,,,,,,,,
Q3183783,Jorge Allen,No ES WP page,,,,,,,,,,,,,,
Q3183826,Jorge García,No ES WP page,,,,,,,,,,,,,,
Q3183939,Julian Gardner,No ES WP page,,,,,,,,,,,,,,
Q3183951,Jorrie Muller,No ES WP page,,,,,,,,,,,,,,
Q3184545,Joseph Augé,No ES WP page,,,,,,,,,,,,,,
Q3184580,Joseph Bavozet,No ES WP page,,,,,,,,,,,,,,
Q3184758,Joseph Choy,No ES WP page,,,,,,,,,,,,,,
Q3184798,Joseph Crespo,No ES WP page,,,,,,,,,,,,,,
Q3184842,Joseph Desclaux,No ES WP page,,,,,,,,,,,,,,
Q3184985,Joseph Galy,No ES WP page,,,,,,,,,,,,,,
Q3185148,Joseph Jourdain de Muizon,No ES WP page,,,,,,,,,,,,,,
Q3185316,Joseph Marmayou,No ES WP page,,,,,,,,,,,,,,
Q3185403,Joseph Navarro,No ES WP page,,,,,,,,,,,,,,
Q3185454,Joseph Pascot,No ES WP page,,,,,,,,,,,,,,
Q3185624,Joseph Sayrou,No ES WP page,,,,,,,,,,,,,,
Q3185694,Joe Tuineau,No ES WP page,,,,,,,,,,,,,,
Q3185703,Joseph Wilson Vaka,No ES WP page,,,,,,,,,,,,,,
Q3185918,Josese Bale,No ES WP page,,,,,,,,,,,,,,
Q3185975,Josh Holmes,No ES WP page,,,,,,,,,,,,,,
Q3185977,Josh Jackson,No ES WP page,,,,,,,,,,,,,,
Q3185986,Josh Kronfeld,,Josh Kronfeld,Joshua Adrian Kronfeld,Josh_Kronfeld,20 de junio de 1971,Hastings,/wiki/Hastings_(Nueva_Zelanda),,,,185,96,Ala,,Nueva Zelanda
Q3185989,Josh Matavesi,No ES WP page,,,,,,,,,,,,,,
Q3186060,Josias Jacobus Du Toit,No ES WP page,,,,,,,,,,,,,,
Q3186246,José Cilley,,José Cilley,José Luis Cilley,Jos%C3%A9_Cilley,28 de diciembre de 1972,Buenos Aires,/wiki/Buenos_Aires,,,,178,83,Apertura,,Argentina
Q3186267,José Díaz,,José Díaz,,Jos%C3%A9_D%C3%ADaz_(rugbista),31 de marzo de 1963,Valencia,/wiki/Valencia,,,,188,88,Tercera línea,,
Q3186451,José María Núñez Piossek,,José Núñez Piossek,José María Núñez Piossek,Jos%C3%A9_N%C3%BA%C3%B1ez_Piossek,6 de diciembre de 1976,San Miguel de Tucumán,/wiki/San_Miguel_de_Tucum%C3%A1n,,,,182,89,Wing,,Argentina
Q3186497,José Orengo,,José Orengo,José Ramón Orengo,Jos%C3%A9_Orengo,26 de abril de 1976,Rosario,/wiki/Rosario_(Argentina),,,,176,84,Centro,,Argentina
Q3186525,José Pinto,No ES WP page,,,,,,,,,,,,,,
Q3186536,José Rakoto,No ES WP page,,,,,,,,,,,,,,
Q3187310,João Luiz da Ros,No ES WP page,,,,,,,,,,,,,,
Q3187329,João Uva,No ES WP page,,,,,,,,,,,,,,
Q3187425,Joël Koffi,No ES WP page,,,,,,,,,,,,,,
Q3187436,Joël Merlaud,No ES WP page,,,,,,,,,,,,,,
Q3187451,Joël Pécune,No ES WP page,,,,,,,,,,,,,,
Q3187454,Joël Rey,No ES WP page,,,,,,,,,,,,,,
Q3187550,Juan Angelillo,No ES WP page,,,,,,,,,,,,,,
Q3187593,Juan Campomar,No ES WP page,,,,,,,,,,,,,,
Q3187595,Juan Carlos Bado,No ES WP page,,,,,,,,,,,,,,
Q3187645,Juan Figallo,,Juan Figallo,Juan Guillermo Figallo,Juan_Figallo,25 de marzo de 1988,Salta,/wiki/Salta,,,,190,115,Pilar,,Argentina
Q3187647,Juan Francisco Gomez,No ES WP page,,,,,,,,,,,,,,
Q3187685,Juan José Imhoff,,Juan Imhoff,,Juan_Imhoff,11 de mayo de 1988,Rosario,/wiki/Rosario_(Argentina),,,,180,85,wing,,
Q3187702,Juan Labat,No ES WP page,,,,,,,,,,,,,,
Q3187723,Juan Martín Berberián,No ES WP page,,,,,,,,,,,,,,
Q3187742,Juan Murré,No ES WP page,,,,,,,,,,,,,,
Q3187756,Juan Pablo Orlandi,,Juan Pablo Orlandi,,Juan_Orlandi,20 de junio de 1983,Mendoza,/wiki/Mendoza_(Argentina),,,,190,119,Pilier,,Argentina
Q3187834,Juan de Jongh,No ES WP page,,,,,,,,,,,,,,
Q3187851,Juan Fernández Miranda,,Juan Fernández Miranda,,Juan_Fern%C3%A1ndez_Miranda,7 de noviembre de 1974,Buenos Aires,/wiki/Buenos_Aires,,,,178,88,Centro,,Argentina
Q3187964,Judicaël Baquet,No ES WP page,,,,,,,,,,,,,,
Q3188462,Jules Cadenat,No ES WP page,,,,,,,,,,,,,,
Q3188653,Jules Hauc,No ES WP page,,,,,,,,,,,,,,
Q3188851,Jules Plisson,,Jules Plisson,,Jules_Plisson,20 de agosto de 1991,Neuilly-sur-Seine,/wiki/Neuilly-sur-Seine,,,,184,92,Apertura,,Francia
Q3189088,Julian Fiorini,No ES WP page,,,,,,,,,,,,,,
Q3189091,Julian Huxley,,Julian Huxley,Julian L. Huxley,Julian_Huxley_(rugbista),3 de agosto de 1979,Sídney,/wiki/S%C3%ADdney,,,,186,94,Fullback,,Australia
Q3189106,Julian Savea,,Julian Savea,Sio Julian Savea,Julian_Savea,7 de agosto de 1990,Wellington,/wiki/Wellington,,,,192,106,Wing,,Nueva Zelanda
Q3189111,Julian Vulakoro,No ES WP page,,,,,,,,,,,,,,
Q3189114,Julian White,No ES WP page,,,,,,,,,,,,,,
Q3189343,Julien Arrieta,No ES WP page,,,,,,,,,,,,,,
Q3189360,Julien Berger,No ES WP page,,,,,,,,,,,,,,
Q3189392,Julien Brugnaut,No ES WP page,,,,,,,,,,,,,,
Q3189405,Julien Campo,No ES WP page,,,,,,,,,,,,,,
Q3189406,Julien Caminati,No ES WP page,,,,,,,,,,,,,,
Q3189409,Julien Capdeillayre,No ES WP page,,,,,,,,,,,,,,
Q3189410,Julien Candelon,No ES WP page,,,,,,,,,,,,,,
Q3189416,Julien Cazenave,No ES WP page,,,,,,,,,,,,,,
Q3189423,Julien Chouquet,No ES WP page,,,,,,,,,,,,,,
Q3189480,Julien Dufau,No ES WP page,,,,,,,,,,,,,,
Q3189482,Julien Dumora,No stint found,Julien Dumora,,Julien_Dumora,24 de marzo de 1988,Francia,/wiki/Francia,,,,184,86,Fullback,,Francés
Q3189487,Julien Facundo,No ES WP page,,,,,,,,,,,,,,
Q3189489,Julien Faurois,No ES WP page,,,,,,,,,,,,,,
Q3189492,Julien Flanquart,No ES WP page,,,,,,,,,,,,,,
Q3189499,Julien Frier,No ES WP page,,,,,,,,,,,,,,
Q3189501,Julien Fumat,No ES WP page,,,,,,,,,,,,,,
Q3189506,Julien Gaultier,No ES WP page,,,,,,,,,,,,,,
Q3189512,Julien Gros,No ES WP page,,,,,,,,,,,,,,
Q3189532,Julien Jacquot,No ES WP page,,,,,,,,,,,,,,
Q3189536,Julien Jeuvrey,No ES WP page,,,,,,,,,,,,,,
Q3189549,Julien Laharrague,No ES WP page,,,,,,,,,,,,,,
Q3189554,Julien Le Devedec,No ES WP page,,,,,,,,,,,,,,
Q3189567,Julien Lesgourgues,No ES WP page,,,,,,,,,,,,,,
Q3189589,Julien Malzieu,No ES WP page,,,,,,,,,,,,,,
Q3189591,Julien Maréchal,No ES WP page,,,,,,,,,,,,,,
Q3189606,Julien Patey,No ES WP page,,,,,,,,,,,,,,
Q3189612,Julien Peyrelongue,No ES WP page,,,,,,,,,,,,,,
Q3189626,Julien Puricelli,No ES WP page,,,,,,,,,,,,,,
Q3189633,Julien Raynaud,No ES WP page,,,,,,,,,,,,,,
Q3189636,Julien Rey,No ES WP page,,,,,,,,,,,,,,
Q3189645,Julien Salellas,No ES WP page,,,,,,,,,,,,,,
Q3189650,Julien Saubade,No ES WP page,,,,,,,,,,,,,,
Q3189654,Julien Sentenac,No ES WP page,,,,,,,,,,,,,,
Q3189656,Julien Seron,No ES WP page,,,,,,,,,,,,,,
Q3189660,Julien Sidobre,No ES WP page,,,,,,,,,,,,,,
Q3189676,Julien Tastet,No ES WP page,,,,,,,,,,,,,,
Q3189680,Julien Tilloles,No ES WP page,,,,,,,,,,,,,,
Q3189681,Julien Tomas,No ES WP page,,,,,,,,,,,,,,
Q3189683,Julien Tourtoulou,No ES WP page,,,,,,,,,,,,,,
Q3189686,Julien Turini,No ES WP page,,,,,,,,,,,,,,
Q3189811,Julio Farías Cabello,,Julio Farías Cabello,Julio Alfredo Farías Cabello,Julio_Far%C3%ADas_Cabello,19 de septiembre de 1978,San Miguel de Tucumán,/wiki/San_Miguel_de_Tucum%C3%A1n,,,,194,111,Segunda línea; ala,,Argentina
Q3189813,Julio García,No ES WP page,,,,,,,,,,,,,,
Q3190060,Junior Poluleuligaga,No ES WP page,,,,,,,,,,,,,,
Q3190061,Junior Pelesasa,No ES WP page,,,,,,,,,,,,,,
Q3190062,Junior Sa'u,No ES WP page,,,,,,,,,,,,,,
Q3190195,Jurie van Tonder,No ES WP page,,,,,,,,,,,,,,
Q3190412,Justin Bishop,No ES WP page,,,,,,,,,,,,,,
Q3190423,Justin Collins,No ES WP page,,,,,,,,,,,,,,
Q3190437,Justin Fitzpatrick,No ES WP page,,,,,,,,,,,,,,
Q3190475,Justin Mensah-Coker,No ES WP page,,,,,,,,,,,,,,
Q3190488,Justin Purll,No ES WP page,,,,,,,,,,,,,,
Q3190490,Justin Purdie,No ES WP page,,,,,,,,,,,,,,
Q3190503,Justin Swart,No ES WP page,,,,,,,,,,,,,,
Q3190507,Justin Va'a,No ES WP page,,,,,,,,,,,,,,
Q3190631,Jye Mullane,No ES WP page,,,,,,,,,,,,,,
Q3190721,Jérémie Moles,No ES WP page,,,,,,,,,,,,,,
Q3190739,Jérémy Bertin,No ES WP page,,,,,,,,,,,,,,
Q3190740,Jérémy Bourlon,No ES WP page,,,,,,,,,,,,,,
Q3190741,Jérémy Castex,No ES WP page,,,,,,,,,,,,,,
Q3190754,Jérémy Gondrand,No ES WP page,,,,,,,,,,,,,,
Q3190755,Jérémy Hierso,No ES WP page,,,,,,,,,,,,,,
Q3190757,Jérémy Hurou,No ES WP page,,,,,,,,,,,,,,
Q3190770,Jérémy Sinzelle,No ES WP page,,,,,,,,,,,,,,
Q3190773,Jérémy Valls,No ES WP page,,,,,,,,,,,,,,
Q3190793,Jérôme Accorsi,No ES WP page,,,,,,,,,,,,,,
Q3190815,Jérôme Bianchi,No ES WP page,,,,,,,,,,,,,,
Q3190826,Jérôme Bonvoisin,No ES WP page,,,,,,,,,,,,,,
Q3190840,Jérôme Carré,No ES WP page,,,,,,,,,,,,,,
Q3190844,Jérôme Cazalbou,No ES WP page,,,,,,,,,,,,,,
Q3190851,Jérôme Cholley,No ES WP page,,,,,,,,,,,,,,
Q3190869,Jérôme Daret,No ES WP page,,,,,,,,,,,,,,
Q3190875,Jérôme Dhien,No ES WP page,,,,,,,,,,,,,,
Q3190887,Jérôme Durand,No ES WP page,,,,,,,,,,,,,,
Q3190896,Jérôme Filitoga-Taofifenua,No ES WP page,,,,,,,,,,,,,,
Q3190897,Jérôme Fillol,No ES WP page,,,,,,,,,,,,,,
Q3190908,Jérôme Gallion,No ES WP page,,,,,,,,,,,,,,
Q3190917,Jérôme Gendre,No ES WP page,,,,,,,,,,,,,,
Q3190928,Jérôme Guisset,No ES WP page,,,,,,,,,,,,,,
Q3190940,Jérôme Jacquet,No ES WP page,,,,,,,,,,,,,,
Q3190952,Jérôme Labat,No ES WP page,,,,,,,,,,,,,,
Q3191001,Jérôme Miquel,No ES WP page,,,,,,,,,,,,,,
Q3191006,Jérôme Moreau,No ES WP page,,,,,,,,,,,,,,
Q3191010,Jérôme Naves,No ES WP page,,,,,,,,,,,,,,
Q3191034,Jérôme Porical,No ES WP page,,,,,,,,,,,,,,
Q3191059,Jérôme Schuster,No ES WP page,,,,,,,,,,,,,,
Q3191062,Jérôme Sieurac,No ES WP page,,,,,,,,,,,,,,
Q3191082,Jérôme Troader,No ES WP page,,,,,,,,,,,,,,
Q3191084,Jérôme Vallée,No ES WP page,,,,,,,,,,,,,,
Q3191895,Kahn Fotuali'i,No ES WP page,,,,,,,,,,,,,,
Q3191973,Kaine Robertson,No ES WP page,,,,,,,,,,,,,,
Q3192385,Kameli Ratuvou,No ES WP page,,,,,,,,,,,,,,
Q3192615,Kane Thompson,No ES WP page,,,,,,,,,,,,,,
Q3193135,Karena Wihongi,No ES WP page,,,,,,,,,,,,,,
Q3193192,Karim Ghezal,No ES WP page,,,,,,,,,,,,,,
Q3193197,Karim Kouider,No ES WP page,,,,,,,,,,,,,,
Q3193403,Karl Janik,No ES WP page,,,,,,,,,,,,,,
Q3193431,Karl Mullen,No ES WP page,,,,,,,,,,,,,,
Q3193456,Karl Rudzki,No ES WP page,,,,,,,,,,,,,,
Q3193473,Karl Svoboda,No ES WP page,,,,,,,,,,,,,,
Q3193517,Karmichael Hunt,No ES WP page,,,,,,,,,,,,,,
Q3193561,Karolis Navickas,No ES WP page,,,,,,,,,,,,,,
Q3193649,Kas Lealamanua,No ES WP page,,,,,,,,,,,,,,
Q3194387,Kaya Malotana,No ES WP page,,,,,,,,,,,,,,
Q3194613,Keegan Daniel,No ES WP page,,,,,,,,,,,,,,
Q3194644,Kees Lensing,No ES WP page,,,,,,,,,,,,,,
Q3194645,Kees Meeuws,No ES WP page,,,,,,,,,,,,,,
Q3194730,Keith Crossan,,Keith Crossan,Keith Derek Crossan,Keith_Crossan,29 de diciembre de 1959,Belfast,/wiki/Belfast,,,,180,85,Wing,,"Irlanda del Norte,Reino Unido"
Q3194731,Keith Davis,No ES WP page,,,,,,,,,,,,,,
Q3194743,Keith Jarrett,No ES WP page,,,,,,,,,,,,,,
Q3194758,Keith Oxlee,No ES WP page,,,,,,,,,,,,,,
Q3194767,Keith Robertson,No ES WP page,,,,,,,,,,,,,,
Q3194849,Kele Leawere,,Kele Leawere,Senikavika Kelemete Leawere,Kele_Leawere,27 de abril de 1974,Levuka,/wiki/Levuka,,,,193,120,Segunda línea,,Fiyi
Q3194886,Kelly Brown,,Kelly Brown,Kelly David Robert Brown,Kelly_Brown,8 de junio de 1982,Edimburgo,/wiki/Edimburgo,,,,193,111,Flanker; N°8,,"Escocia,Reino Unido"
Q3194950,Kel Coslett,No ES WP page,,,,,,,,,,,,,,
Q3194951,Kelvin Deaker,No ES WP page,,,,,,,,,,,,,,
Q3195021,Ken Carrington,No ES WP page,,,,,,,,,,,,,,
Q3195023,Ken Catchpole,,Ken Catchpole,Kenneth William Catchpole,Ken_Catchpole,21 de junio de 1936,Sídney,/wiki/S%C3%ADdney,21 de diciembre de 2017,Sídney,/wiki/S%C3%ADdney,165,72,Medio scrum,,Australia
Q3195031,Ken Fyfe,No ES WP page,,,,,,,,,,,,,,
Q3195050,Ken Jones,No ES WP page,,,,,,,,,,,,,,
Q3195079,Ken Owens,,Ken Owens,Kenneth James Owens,Ken_Owens,3 de enero de 1987,Carmarthen,/wiki/Carmarthen,,,,183,110,Hooker,,"GalesGales, Reino Unido"
Q3195090,Ken Stewart,No ES WP page,,,,,,,,,,,,,,
Q3195106,Kenan Mutapcic,No ES WP page,,,,,,,,,,,,,,
Q3195189,K. G. MacLeod,No ES WP page,,,,,,,,,,,,,,
Q3195194,Kenneth McKenzie,No ES WP page,,,,,,,,,,,,,,
Q3195204,Ken Scotland,No ES WP page,,,,,,,,,,,,,,
Q3195228,Kenny Logan,,Kenny Logan,Kenneth McKerrow Logan,Kenny_Logan,3 de abril de 1972,Stirling,/wiki/Stirling,,,,185,94,Wing,,"Escocia,Reino Unido"
Q3195231,Kenny Milne,No ES WP page,,,,,,,,,,,,,,
Q3195261,Kensuke Hatakeyama,No stint found,Kensuke Hatakeyama,,Kensuke_Hatakeyama,2 de agosto de 1985,,,,,,178,113,Pilier,,
Q3195263,Kensuke Iwabuchi,No ES WP page,,,,,,,,,,,,,,
Q3195289,Kent Lambert,No ES WP page,,,,,,,,,,,,,,
Q3195662,Kevin Boulogne,No ES WP page,,,,,,,,,,,,,,
Q3195664,Kevin Briscoe,No ES WP page,,,,,,,,,,,,,,
Q3195671,Kevin Buys,No ES WP page,,,,,,,,,,,,,,
Q3195689,Kevin Dalzell,,Kevin Dalzell,,Kevin_Dalzell,25 de enero de 1974,Durban,/wiki/Durban,,,,173,80,Medio scrum,,Sudáfrica
Q3195704,Kévin Gimeno,No ES WP page,,,,,,,,,,,,,,
Q3195748,Kevin Maggs,,Kevin Maggs,Kevin Michael Maggs,Kevin_Maggs,3 de junio de 1974,Brístol,/wiki/Br%C3%ADstol,,,,180,93,Centro,,"Inglaterra,Reino Unido"
Q3195767,Kevin Morgan,No ES WP page,,,,,,,,,,,,,,
Q3195782,Kevin O'Neill,No ES WP page,,,,,,,,,,,,,,
Q3195786,Kevin Phillips,No ES WP page,,,,,,,,,,,,,,
Q3195804,Kevin Senio,No ES WP page,,,,,,,,,,,,,,
Q3195806,Kevin Simms,,Kevin Simms,Kevin Gerard Simms,Kevin_Simms,25 de diciembre de 1964,Merseyside,/wiki/Merseyside,,,,175,80,centro,,"Inglaterra,Reino Unido"
Q3195812,Kevin Swiryn,No ES WP page,,,,,,,,,,,,,,
Q3195819,Kevin Tkachuk,No ES WP page,,,,,,,,,,,,,,
Q3195830,Kevin Yates,No ES WP page,,,,,,,,,,,,,,
Q3195984,Khaled Zagar,No ES WP page,,,,,,,,,,,,,,
Q3196231,Khrist Kopetzky,No ES WP page,,,,,,,,,,,,,,
Q3196457,Kieran Crowley,,Kieran Crowley,Kieran James Crowley,Kieran_Crowley,31 de agosto de 1961,Taranaki,/wiki/Taranaki_(Nueva_Zelanda),,,,184,85,Fullback,,Nueva Zelanda
Q3196468,Kieron Dawson,No ES WP page,,,,,,,,,,,,,,
Q3196881,Sione Lauaki,,Sione Lauaki,Sione Tuitupu Lauaki,Sione_Lauaki,22 de junio de 1981,Lifuka,/wiki/Lifuka,12 de febrero de 2017,Auckland,/wiki/Auckland,194,115,Octavo,,Tonga
Q3197330,Kiri Mariner,No ES WP page,,,,,,,,,,,,,,
Q3197356,Kirill Kulemin,No ES WP page,,,,,,,,,,,,,,
Q3197377,Kirk Dixon,No ES WP page,,,,,,,,,,,,,,
Q3197468,Kisi Pulu,No ES WP page,,,,,,,,,,,,,,
Q3197587,Kitiona Viliamu,No ES WP page,,,,,,,,,,,,,,
Q3197588,Kitione Salawa,No ES WP page,,,,,,,,,,,,,,
Q3197763,Klaus Wesch,No ES WP page,,,,,,,,,,,,,,
Q3198147,Kobus Wiese,,Kobus Wiese,Jakobus Johannes Wiese,Kobus_Wiese,16 de mayo de 1964,Paarl,/wiki/Paarl,,,,198,119,Segunda línea,,Sudáfrica
Q3198452,Koli Rakoroi,No ES WP page,,,,,,,,,,,,,,
Q3198453,Koli Sewabu,No ES WP page,,,,,,,,,,,,,,
Q3198774,Konstantin Rachkov,No ES WP page,,,,,,,,,,,,,,
Q3199017,Kort Schubert,No ES WP page,,,,,,,,,,,,,,
Q3199130,Kosuke Endo,No ES WP page,,,,,,,,,,,,,,
Q3199344,Kosei Ono,No ES WP page,,,,,,,,,,,,,,
Q3199720,Kris Chesney,No ES WP page,,,,,,,,,,,,,,
Q3199721,Kristopher Burton,No ES WP page,,,,,,,,,,,,,,
Q3199745,Krisnan Inu,No ES WP page,,,,,,,,,,,,,,
Q3200017,Krynauw Otto,,Krynauw Otto,,Krynauw_Otto,8 de octubre de 1971,Nkangala,/wiki/Distrito_Municipal_de_Nkangala,,,,200,117,Segunda línea,,Sudáfrica
Q3200598,Kurt Morath,,Kurt Morath,,Kurt_Morath,13 de noviembre de 1984,North Shore City,/wiki/North_Shore_City,,,,180,90,Apertura,,Nueva ZelandaNueva Zelanda
Q3200916,Kyle Eastmond,No ES WP page,,,,,,,,,,,,,,
Q3200986,Kyran Bracken,,Kyran Bracken,Kyran Paul Patrick Bracken,Kyran_Bracken,22 de noviembre de 1971,Dublín,/wiki/Dubl%C3%ADn,,,,180,85,Medio scrum,,Irlanda
Q3201099,Kélian Galletier,No stint found,Kélian Galletier,,K%C3%A9lian_Galletier,18 de marzo de 1992,Francia,/wiki/Francia,,,,190,101,Ala abierto,,Francés
Q3201146,Kévin Burgaud,No ES WP page,,,,,,,,,,,,,,
Q3201159,Kévin Kervarec,No ES WP page,,,,,,,,,,,,,,
Q3215813,Lachlan MacKay,No ES WP page,,,,,,,,,,,,,,
Q3215962,Ladislav Vondrášek,No ES WP page,,,,,,,,,,,,,,
Q3216166,Lagi Setu,No ES WP page,,,,,,,,,,,,,,
Q3216567,Lama Tone,No ES WP page,,,,,,,,,,,,,,
Q3216777,Frederick Luyt,No ES WP page,,,,,,,,,,,,,,
Q3218300,Lasha Malaghuradze,,Lasha Malaghuradze,,Lasha_Malaghuradze,2 de enero de 1986,Tiflis,/wiki/Tiflis,,,,185,92,apertura; centro,,URSS
Q3218923,Laurence Ovens,No ES WP page,,,,,,,,,,,,,,
Q3218996,Laurent Arbo,No ES WP page,,,,,,,,,,,,,,
Q3219000,Laurent Armand,No ES WP page,,,,,,,,,,,,,,
Q3219019,Laurent Baluc-Rittener,No ES WP page,,,,,,,,,,,,,,
Q3219039,Laurent Bidart,No ES WP page,,,,,,,,,,,,,,
Q3219050,Laurent Bonventre,No ES WP page,,,,,,,,,,,,,,
Q3219055,Laurent Bouchet,No ES WP page,,,,,,,,,,,,,,
Q3219077,Laurent Buchet,No ES WP page,,,,,,,,,,,,,,
Q3219082,Laurent Burg,No ES WP page,,,,,,,,,,,,,,
Q3219087,Laurent Cabarry,No ES WP page,,,,,,,,,,,,,,
Q3219089,Laurent Cabannes,No ES WP page,,,,,,,,,,,,,,
Q3219096,Laurent Campourcy,No ES WP page,,,,,,,,,,,,,,
Q3219097,Laurent Capdevielle,No ES WP page,,,,,,,,,,,,,,
Q3219112,Laurent Cettolo,No ES WP page,,,,,,,,,,,,,,
Q3219166,Laurent Dehez,No ES WP page,,,,,,,,,,,,,,
Q3219167,Laurent Delboulbès,No ES WP page,,,,,,,,,,,,,,
Q3219177,Laurent Desnoyer,No ES WP page,,,,,,,,,,,,,,
Q3219182,Laurent Diaz,No ES WP page,,,,,,,,,,,,,,
Q3219214,Laurent Ferrères,No ES WP page,,,,,,,,,,,,,,
Q3219254,Laurent Gomez,No ES WP page,,,,,,,,,,,,,,
Q3219274,Laurent Hairabetian,No ES WP page,,,,,,,,,,,,,,
Q3219286,Laurent Husson,No ES WP page,,,,,,,,,,,,,,
Q3219313,Laurent Labit,No ES WP page,,,,,,,,,,,,,,
Q3219344,Laurent Leflamand,No ES WP page,,,,,,,,,,,,,,
Q3219359,Laurent Magnaval,No ES WP page,,,,,,,,,,,,,,
Q3219372,Laurent Marticorena,No ES WP page,,,,,,,,,,,,,,
Q3219377,Laurent Martine,No ES WP page,,,,,,,,,,,,,,
Q3219383,Laurent Mazas,No ES WP page,,,,,,,,,,,,,,
Q3219422,Laurent Pakihivatau,No ES WP page,,,,,,,,,,,,,,
Q3219425,Laurent Pardo,No ES WP page,,,,,,,,,,,,,,
Q3219488,Laurent Rodriguez,,Laurent Rodríguez,,Laurent_Rodr%C3%ADguez,25 de junio de 1960,Poitiers,/wiki/Poitiers,,,,190,115,Octavo,,Francia
Q3219517,Laurent Seigne,No ES WP page,,,,,,,,,,,,,,
Q3219519,Laurent Sempéré,No ES WP page,,,,,,,,,,,,,,
Q3219522,Laurent Simutoga,No ES WP page,,,,,,,,,,,,,,
Q3219538,Laurent Thuéry,No ES WP page,,,,,,,,,,,,,,
Q3219549,Laurent Tranier,No ES WP page,,,,,,,,,,,,,,
Q3219550,Laurent Travers,No ES WP page,,,,,,,,,,,,,,
Q3219555,Laurent Travini,No ES WP page,,,,,,,,,,,,,,
Q3219650,Laurie Duff,No ES WP page,,,,,,,,,,,,,,
Q3219656,Laurie Mains,,Laurie Mains,Laurence William Mains,Laurie_Mains,16 de febrero de 1946,Dunedin,/wiki/Dunedin,,,,178,80,Fullback,,Nueva Zelanda
Q3219885,Lawrence Bulger,No ES WP page,,,,,,,,,,,,,,
Q3219921,Lawrence Sephaka,No ES WP page,,,,,,,,,,,,,,
Q3219934,Lawrie Knight,No ES WP page,,,,,,,,,,,,,,
Q3228892,Lee Jarvis,No ES WP page,,,,,,,,,,,,,,
Q3228933,Lee Smith,No ES WP page,,,,,,,,,,,,,,
Q3228937,Lee Stensness,No ES WP page,,,,,,,,,,,,,,
Q3228944,Lee Thomas,No ES WP page,,,,,,,,,,,,,,
Q3229077,Legi Matiu,No ES WP page,,,,,,,,,,,,,,
Q3229136,Lei Tomiki,No ES WP page,,,,,,,,,,,,,,
Q3229550,Leo Cullen,No ES WP page,,,,,,,,,,,,,,
Q3229569,Leo Lafaiali'i,No ES WP page,,,,,,,,,,,,,,
Q3229643,Leon Karemaker,No ES WP page,,,,,,,,,,,,,,
Q3229646,Leon Lloyd,No ES WP page,,,,,,,,,,,,,,
Q3229693,Leonard West,No ES WP page,,,,,,,,,,,,,,
Q3229715,Leonardo Ghiraldini,,Leonardo Ghiraldini,Leonardo Lorenzo Ghiraldini,Leonardo_Ghiraldini,26 de diciembre de 1984,Padua,/wiki/Padua,,,,183,103,hooker,,ItaliaItalia
Q3229729,Leonardo Perziano,No ES WP page,,,,,,,,,,,,,,
Q3229737,Leonardo Senatore,,Leonardo Senatore,Leonardo Vicente Senatore,Leonardo_Senatore,13 de mayo de 1984,Rosario,/wiki/Rosario_(Argentina),,,,188,106,Octavo; ala,,Argentina
Q3229756,Leone Nakarawa,,Leone Nakarawa,,Leone_Nakarawa,2 de abril de 1988,Ba,/wiki/Ba_(Fiyi),,,,198,109,Segunda línea,,Fiyi
Q3229814,Leopoldo De Chazal,No ES WP page,,,,,,,,,,,,,,
Q3230260,Leroy Houston,No ES WP page,,,,,,,,,,,,,,
Q3231875,Les Cupples,No ES WP page,,,,,,,,,,,,,,
Q3236188,Leslie Williams,No ES WP page,,,,,,,,,,,,,,
Q3236679,Lesley Vainikolo,No ES WP page,,,,,,,,,,,,,,
Q3236684,Leslie Balfour-Melville,No ES WP page,,,,,,,,,,,,,,
Q3237167,Levan Ghvaberidze,No ES WP page,,,,,,,,,,,,,,
Q3237297,Lewis Jones,No ES WP page,,,,,,,,,,,,,,
Q3237298,Lewis MacLeod,No ES WP page,,,,,,,,,,,,,,
Q3237647,Liam Messam,,Liam Messam,Liam Justin Messam,Liam_Messam,25 de marzo de 1984,Blenheim,/wiki/Blenheim_(Nueva_Zelanda),,,,188,108,Ala,,Nueva Zelanda
Q3238397,Lifeimi Mafi,No ES WP page,,,,,,,,,,,,,,
Q3240802,Lilian Camberabero,No ES WP page,,,,,,,,,,,,,,
Q3240805,Lilian Ducos,No ES WP page,,,,,,,,,,,,,,
Q3240809,Lilian Majesté,No ES WP page,,,,,,,,,,,,,,
Q3241827,Lionel Campergue,No ES WP page,,,,,,,,,,,,,,
Q3241828,Lionel Camisuli,No ES WP page,,,,,,,,,,,,,,
Q3241851,Lionel Dargier,No ES WP page,,,,,,,,,,,,,,
Q3241868,Lionel Dutilh,No ES WP page,,,,,,,,,,,,,,
Q3241871,Lionel Faure,No ES WP page,,,,,,,,,,,,,,
Q3241876,Lionel Gautherie,No ES WP page,,,,,,,,,,,,,,
Q3241902,Lionel Mallier,No ES WP page,,,,,,,,,,,,,,
Q3241906,Lionel Mazars,No ES WP page,,,,,,,,,,,,,,
Q3242461,Lisandro Villagra,No ES WP page,,,,,,,,,,,,,,
Q3242574,Lisiate Fa'aoso,No ES WP page,,,,,,,,,,,,,,
Q3257496,Llewellyn Lloyd,No ES WP page,,,,,,,,,,,,,,
Q3257547,Lloyd Williams,No ES WP page,,,,,,,,,,,,,,
Q3257794,Lodie Britz,No ES WP page,,,,,,,,,,,,,,
Q3257838,Loftie Fourie,No ES WP page,,,,,,,,,,,,,,
Q3258722,Loki Crichton,No ES WP page,,,,,,,,,,,,,,
Q3258811,Lolo Lui,No ES WP page,,,,,,,,,,,,,,
Q3258838,Jean-Louis Basei,No ES WP page,,,,,,,,,,,,,,
Q3258864,Lome Fa'atau,No ES WP page,,,,,,,,,,,,,,
Q3259468,Lorenzo Cittadini,,Lorenzo Cittadini,,Lorenzo_Cittadini,17 de diciembre de 1982,Bérgamo,/wiki/B%C3%A9rgamo,,,,191,125,pilar,,Italia
Q3259622,Lorne Ward,No ES WP page,,,,,,,,,,,,,,
Q3260054,Lotu Taukeiaho,No ES WP page,,,,,,,,,,,,,,
Q3260389,Louis-Benoît Madaule,No ES WP page,,,,,,,,,,,,,,
Q3260391,Louis-Bernard Dancausse,No ES WP page,,,,,,,,,,,,,,
Q3260585,Louis-Henry Destel,No ES WP page,,,,,,,,,,,,,,
Q3260969,Louis Acosta,No ES WP page,,,,,,,,,,,,,,
Q3261102,Louis Armary,No ES WP page,,,,,,,,,,,,,,
Q3261118,Louis Attrill,No stint found,Louis Attrill,Louis Mark Attrill,Louis_Attrill,5 de marzo de 1975,Newport,/wiki/Newport_(isla_de_Wight),,,,,,,,
Q3261267,Louis Bilbao,No ES WP page,,,,,,,,,,,,,,
Q3261281,Louis Blanc,No ES WP page,,,,,,,,,,,,,,
Q3261431,Louis Carrère,No ES WP page,,,,,,,,,,,,,,
Q3261440,Louis Casaux,No ES WP page,,,,,,,,,,,,,,
Q3261543,Louis Cluchague,No ES WP page,,,,,,,,,,,,,,
Q3261666,Louis Deacon,No ES WP page,,,,,,,,,,,,,,
Q3261674,Louis Dedet,No ES WP page,,,,,,,,,,,,,,
Q3261722,Louis Destarac,No ES WP page,,,,,,,,,,,,,,
Q3261826,Louis Dutrey,No ES WP page,,,,,,,,,,,,,,
Q3261834,Louis Echave,No ES WP page,,,,,,,,,,,,,,
Q3262074,Louis Greig,No ES WP page,,,,,,,,,,,,,,
Q3262118,Louis Guinle,No ES WP page,,,,,,,,,,,,,,
Q3262390,Louis Junquas,No ES WP page,,,,,,,,,,,,,,
Q3262400,Louis Koen,No ES WP page,,,,,,,,,,,,,,
Q3262521,Louis Lepatey,No ES WP page,,,,,,,,,,,,,,
Q3262565,Louis Luyt,No ES WP page,,,,,,,,,,,,,,
Q3262584,Louis Magee,No ES WP page,,,,,,,,,,,,,,
Q3262657,Louis Massabeau,No ES WP page,,,,,,,,,,,,,,
Q3262891,Lou Phillips,No ES WP page,,,,,,,,,,,,,,
Q3262965,Louis Puech,No ES WP page,,,,,,,,,,,,,,
Q3263098,Louis Schmidt,No ES WP page,,,,,,,,,,,,,,
Q3263144,Louis Strydom,No ES WP page,,,,,,,,,,,,,,
Q3264487,Loïc Bernad,No ES WP page,,,,,,,,,,,,,,
Q3264494,Loïc Charlon,No ES WP page,,,,,,,,,,,,,,
Q3264504,Loïc Fior,No ES WP page,,,,,,,,,,,,,,
Q3264513,Loïc Jacquet,No ES WP page,,,,,,,,,,,,,,
Q3264536,Loïc Mazières,No ES WP page,,,,,,,,,,,,,,
Q3264549,Loïc Van der Linden,No ES WP page,,,,,,,,,,,,,,
Q3264570,Lu-Wayne Botes,No ES WP page,,,,,,,,,,,,,,
Q3264589,Tukulua Lokotui,No ES WP page,,,,,,,,,,,,,,
Q3264609,Luatangi Vatuvei,No ES WP page,,,,,,,,,,,,,,
Q3264848,Luc Lafforgue,No ES WP page,,,,,,,,,,,,,,
Q3264985,Luca Martin,No ES WP page,,,,,,,,,,,,,,
Q3265049,Lucas González Amorosino,,Lucas González Amorosino,,Lucas_Gonz%C3%A1lez_Amorosino,2 de noviembre de 1985,Buenos Aires,/wiki/Buenos_Aires,,,,185,88,Wing; Apertura; Fullback,,Argentina
Q3265064,Lucas Onyango,No ES WP page,,,,,,,,,,,,,,
Q3265066,Lucas Ostiglia,,Lucas Ostiglia,,Lucas_Ostiglia,3 de mayo de 1976,Buenos Aires,/wiki/Buenos_Aires,,,,188,100,Ala,,Argentina
Q3265182,Lucian Sîrbu,No ES WP page,,,,,,,,,,,,,,
Q3265216,Luciano Orquera,No ES WP page,,,,,,,,,,,,,,
Q3265331,Lucien Abadie,No ES WP page,,,,,,,,,,,,,,
Q3265350,Lucien Augras,No ES WP page,,,,,,,,,,,,,,
Q3265377,Lucien Besset,No ES WP page,,,,,,,,,,,,,,
Q3265638,Lucien Mias,,Lucien Mias,,Lucien_Mias,29 de septiembre de 1930,Saint-Germain-de-Calberte,/wiki/Saint-Germain-de-Calberte,13 de mayo de 2024,Mazamet,/wiki/Mazamet,189,108,Segunda línea,,Francia
Q3265666,Lucien Pariès,No ES WP page,,,,,,,,,,,,,,
Q3265700,Lucien Rouffia,No ES WP page,,,,,,,,,,,,,,
Q3265719,Lucien Serin,No ES WP page,,,,,,,,,,,,,,
Q3265879,Lucius Gwynn,No ES WP page,,,,,,,,,,,,,,
Q3266114,Ludovic Courtade,No ES WP page,,,,,,,,,,,,,,
Q3266134,Ludovic Labarthe,No ES WP page,,,,,,,,,,,,,,
Q3266140,Ludovic Le Cadre,No ES WP page,,,,,,,,,,,,,,
Q3266144,Ludovic Loustau,No ES WP page,,,,,,,,,,,,,,
Q3266151,Ludovic Mercier,No ES WP page,,,,,,,,,,,,,,
Q3266152,Ludovic Michaux,No ES WP page,,,,,,,,,,,,,,
Q3266164,Ludovic Radosavljevic,No ES WP page,,,,,,,,,,,,,,
Q3266167,Ludovic Saunier,No ES WP page,,,,,,,,,,,,,,
Q3266174,Ludovic Valbon,No ES WP page,,,,,,,,,,,,,,
Q3266180,Ludovic Zanini,No ES WP page,,,,,,,,,,,,,,
Q3266198,Ludovico Nitoglia,No ES WP page,,,,,,,,,,,,,,
Q3266349,Lugha Verling,No ES WP page,,,,,,,,,,,,,,
Q3266391,Luigi Bricchi,No ES WP page,,,,,,,,,,,,,,
Q3266442,Luigi Francescato,No ES WP page,,,,,,,,,,,,,,
Q3266493,Luigi Milani,No ES WP page,,,,,,,,,,,,,,
Q3266557,Luigi Troiani,No ES WP page,,,,,,,,,,,,,,
Q3266763,Luis Molina,,Luis Molina,Luis Enrique Molina,Luis_Molina_(rugbista),3 de noviembre de 1959,San Miguel de Tucumán,/wiki/San_Miguel_de_Tucum%C3%A1n,,,,183,105,Pilar,,Argentina
Q3267019,Lukáš Rapant,No ES WP page,,,,,,,,,,,,,,
Q3267022,Lukas van Biljon,No ES WP page,,,,,,,,,,,,,,
Q3267047,Luke Abraham,No ES WP page,,,,,,,,,,,,,,
Q3267071,Luke Gross,No ES WP page,,,,,,,,,,,,,,
Q3267075,Luke Harbut,No ES WP page,,,,,,,,,,,,,,
Q3267097,Luke Morahan,No ES WP page,,,,,,,,,,,,,,
Q3267099,Luke Narraway,No ES WP page,,,,,,,,,,,,,,
Q3267111,Luke Rooney,No ES WP page,,,,,,,,,,,,,,
Q3267123,Luke Tait,No ES WP page,,,,,,,,,,,,,,
Q3267129,Luke Watson,No ES WP page,,,,,,,,,,,,,,
Q3268204,Luís Pissarra,No ES WP page,,,,,,,,,,,,,,
Q3269487,Lyn Jaffray,No ES WP page,,,,,,,,,,,,,,
Q3269512,Lyndon Mustoe,No ES WP page,,,,,,,,,,,,,,
Q3269729,Herschelle Gibbs,No ES WP page,,,,,,,,,,,,,,
Q3270437,Léo Bastien,No ES WP page,,,,,,,,,,,,,,
Q3270476,Léo Griffoul,No ES WP page,,,,,,,,,,,,,,
Q3270543,Léo Pesteil,No ES WP page,,,,,,,,,,,,,,
Q3270752,Léon Bordenave,No ES WP page,,,,,,,,,,,,,,
Q3271162,Léon Loppy,No ES WP page,,,,,,,,,,,,,,
Q3271798,Léopold Fabre,No ES WP page,,,,,,,,,,,,,,
Q3271882,Léopold Servole,No ES WP page,,,,,,,,,,,,,,
Q3273380,Ma'afu Pale,No ES WP page,,,,,,,,,,,,,,
Q3273918,Mack Herewini,No ES WP page,,,,,,,,,,,,,,
Q3276474,Mafileo Kefu,No ES WP page,,,,,,,,,,,,,,
Q3277058,Magname Koïta,No ES WP page,,,,,,,,,,,,,,
Q3277265,Magnus Lund,No ES WP page,,,,,,,,,,,,,,
Q3280287,Raul Martins,No ES WP page,,,,,,,,,,,,,,
Q3281487,Malakai Bakaniceva,No ES WP page,,,,,,,,,,,,,,
Q3281686,Malcolm Dick,No ES WP page,,,,,,,,,,,,,,
Q3281692,Malcolm Jellicoe,No ES WP page,,,,,,,,,,,,,,
Q3281723,Malcolm Thomas,No ES WP page,,,,,,,,,,,,,,
Q3281847,Maleli Kunavore,No ES WP page,,,,,,,,,,,,,,
Q3282063,Malik Hamadache,No ES WP page,,,,,,,,,,,,,,
Q3282160,Malkhaz Urjukashvili,No ES WP page,,,,,,,,,,,,,,
Q3285081,Mamuka Magrakvelidze,No ES WP page,,,,,,,,,,,,,,
Q3285858,Mani Vakaloa,No ES WP page,,,,,,,,,,,,,,
Q3286058,Mannetjies Roux,No ES WP page,,,,,,,,,,,,,,
Q3286112,Manoa Vosawai,No ES WP page,,,,,,,,,,,,,,
Q3286504,Manoël Dall'igna,No ES WP page,,,,,,,,,,,,,,
Q3286657,Manu Ahotaeiloa,No ES WP page,,,,,,,,,,,,,,
Q3286671,Manu Diaz,No ES WP page,,,,,,,,,,,,,,
Q3286735,Manuel Aguirre,No ES WP page,,,,,,,,,,,,,,
Q3286771,Manuel Carpentier,No ES WP page,,,,,,,,,,,,,,
Q3286775,Manuel Nicolás Carizza,,Manuel Carizza,Manuel Nicolás Carizza,Manuel_Carizza,23 de agosto de 1984,Rosario,/wiki/Rosario_(Argentina),,,,202,118,Segunda línea,,Argentina
Q3286790,Manuel Contepomi,,Manuel Contepomi,,Manuel_Contepomi,20 de agosto de 1977,Buenos Aires,/wiki/Buenos_Aires,,,,187,90,Centro,,Argentina
Q3286797,Manuel Dallan,No ES WP page,,,,,,,,,,,,,,
Q3286801,Manny Edmonds,No ES WP page,,,,,,,,,,,,,,
Q3286935,Manuel Sierra,No ES WP page,,,,,,,,,,,,,,
Q3287666,Marc-Antoine Rallier,No ES WP page,,,,,,,,,,,,,,
Q3287746,Marc Andreu,,Marc Andreu,,Marc_Andreu,27 de diciembre de 1985,Fréjus,/wiki/Fr%C3%A9jus,,,,165,75,Wing,,Francia
Q3287748,Marc Andrieu,,Marc Andrieu,,Marc_Andrieu,19 de septiembre de 1959,Carmaux,/wiki/Carmaux,,,,188,93,Wing,,Francia
Q3287778,Marc Azon,No ES WP page,,,,,,,,,,,,,,
Q3287784,Marc Baget,No ES WP page,,,,,,,,,,,,,,
Q3287900,Marc Clerc,No ES WP page,,,,,,,,,,,,,,
Q3287919,Marc Dantin,No ES WP page,,,,,,,,,,,,,,
Q3287923,Marc Cécillon,No ES WP page,,,,,,,,,,,,,,
Q3287936,Marc Delpoux,No ES WP page,,,,,,,,,,,,,,
Q3287995,Marc Ellis,,Marc Ellis,Marc Christopher Ellis,Marc_Ellis,8 de octubre de 1971,Wellington,/wiki/Wellington,,,,178,82,Wing,,Nueva Zelanda
Q3288001,Marc Etcheverry,No ES WP page,,,,,,,,,,,,,,
Q3288069,Marc Giacardy,No ES WP page,,,,,,,,,,,,,,
Q3288070,Marc Giraud,No ES WP page,,,,,,,,,,,,,,
Q3288158,Marc Laffon,No ES WP page,,,,,,,,,,,,,,
Q3288245,Marc Maury,No ES WP page,,,,,,,,,,,,,,
Q3288329,Marc Pujolle,No ES WP page,,,,,,,,,,,,,,
Q3288332,Marc Raynaud,No ES WP page,,,,,,,,,,,,,,
Q3288375,Marc Sallefranque,No ES WP page,,,,,,,,,,,,,,
Q3288533,Marc de Rougemont,No ES WP page,,,,,,,,,,,,,,
Q3288634,Marcel Baillette,No ES WP page,,,,,,,,,,,,,,
Q3288647,Marcel Batigne,No ES WP page,,,,,,,,,,,,,,
Q3288674,Marcel Besson,No ES WP page,,,,,,,,,,,,,,
Q3288748,Marcel Burgun,No ES WP page,,,,,,,,,,,,,,
Q3288757,Marcel Camel,No ES WP page,,,,,,,,,,,,,,
Q3288775,Marcel Cassiède,No ES WP page,,,,,,,,,,,,,,
Q3288818,Marcel Communeau,,Marcel Communeau,,Marcel_Communeau,11 de septiembre de 1885,Beauvais,/wiki/Beauvais,26 de junio de 1971,Beauvais,/wiki/Beauvais,181,86,Ala,,Francia
Q3289061,Marcel Jol,No ES WP page,,,,,,,,,,,,,,
Q3289082,Marcel Laffitte,No ES WP page,,,,,,,,,,,,,,
Q3289103,Marcel Laurent,No ES WP page,,,,,,,,,,,,,,
Q3289132,Marcel Legrain,No ES WP page,,,,,,,,,,,,,,
Q3289150,Marcel Lewin,No ES WP page,,,,,,,,,,,,,,
Q3289227,Marcel Michelin,No ES WP page,,,,,,,,,,,,,,
Q3289312,Marcel Puget,No ES WP page,,,,,,,,,,,,,,
Q3289381,Marcel Salsé,No ES WP page,,,,,,,,,,,,,,
Q3289408,Marcel Socaciu,No ES WP page,,,,,,,,,,,,,,
Q3289468,Marcel Verchère,No ES WP page,,,,,,,,,,,,,,
Q3289476,Marcel Volot,No ES WP page,,,,,,,,,,,,,,
Q3289523,Marcell Coetzee,No ES WP page,,,,,,,,,,,,,,
Q3289633,Marcello d'Orey,No ES WP page,,,,,,,,,,,,,,
Q3289653,Marcelo Bosch,,Marcelo Bosch,Marcelo Tristán Bosch,Marcelo_Bosch,7 de enero de 1984,Buenos Aires,/wiki/Buenos_Aires,,,,186,92,Centro; apertura,,Argentina
Q3289654,Marcelo Campo,No stint found,Marcelo Campo,,Marcelo_Campo,1 de julio de 1957,,,26 de junio de 2021,República Oriental del Uruguay,/wiki/Uruguay,180,85,Wing,,
Q3290064,Marco Bollesan,No ES WP page,,,,,,,,,,,,,,
Q3290065,Marco Caputo,No ES WP page,,,,,,,,,,,,,,
Q3290072,Marco Coletti,No ES WP page,,,,,,,,,,,,,,
Q3290089,Marco Pinto Ferrer,,Marco Pinto,Marco Pinto Ferrer,Marco_Pinto,11 de noviembre de 1987,Barcelona,/wiki/Barcelona,,,,180,105,Talonador,,
Q3290125,Marco Neethling,No ES WP page,,,,,,,,,,,,,,
Q3290256,Marcus Di Rollo,No ES WP page,,,,,,,,,,,,,,
Q3290269,Marcus Horan,No ES WP page,,,,,,,,,,,,,,
Q3290296,Marcus Rose,No ES WP page,,,,,,,,,,,,,,
Q3291370,Mariano Galarza,No stint found,Mariano Galarza,,Mariano_Galarza,12 de noviembre de 1986,Partido de 25 de Mayo,/wiki/Partido_de_25_de_Mayo,,,,202,118,Segunda línea,,Argentina
Q3291399,Mariano Sambucetti,No ES WP page,,,,,,,,,,,,,,
Q3293062,Marika Vunibaka,No ES WP page,,,,,,,,,,,,,,
Q3293448,Mario Gerosa,,Mario Gerosa,Mario Oscar Gerosa,Mario_Gerosa,27 de abril de 1967,Rosario,/wiki/Rosario_(Argentina),,,,180,85,Wing,,Argentina
Q3293502,Mario Mazzuca,No ES WP page,,,,,,,,,,,,,,
Q3293767,Marius Bejan,No ES WP page,,,,,,,,,,,,,,
Q3293807,Marius Goosen,No ES WP page,,,,,,,,,,,,,,
Q3293826,Marius Joubert,No ES WP page,,,,,,,,,,,,,,
Q3293876,Marius Visser,No ES WP page,,,,,,,,,,,,,,
Q3293980,"Mark ""Bull"" Allen",No ES WP page,,,,,,,,,,,,,,
Q3293985,Mark Andrews,,Mark Andrews,,Mark_Andrews,21 de febrero de 1972,Distrito Municipal de Chris Hani,/wiki/Distrito_Municipal_de_Chris_Hani,,,,200,115,Segunda línea,,Sudáfrica
Q3293990,Mark Bailey,No ES WP page,,,,,,,,,,,,,,
Q3293992,Mark Beale,No ES WP page,,,,,,,,,,,,,,
Q3294023,Mark Carter,No ES WP page,,,,,,,,,,,,,,
Q3294030,Mark Chisholm,,Mark Chisholm,,Mark_Chisholm,18 de septiembre de 1981,Gladstone,/w/index.php?title=Gladstone_(Queensland)&action=edit&redlink=1,,,,197,117,Segunda línea,,Australia
Q3294035,Mark Connors,No ES WP page,,,,,,,,,,,,,,
Q3294085,Mark Gasnier,No ES WP page,,,,,,,,,,,,,,
Q3294092,Mark Gerrard,No ES WP page,,,,,,,,,,,,,,
Q3294093,Mark Giacheri,No ES WP page,,,,,,,,,,,,,,
Q3294099,Mark Hammett,No ES WP page,,,,,,,,,,,,,,
Q3294101,Mark Hartill,,Mark Hartill,Mark Norman Hartill,Mark_Hartill,29 de mayo de 1964,Sídney,/wiki/S%C3%ADdney,,,,183,109,Pilar,,Australia
Q3294141,Mark Lawson,No ES WP page,,,,,,,,,,,,,,
Q3294150,Mark Luafalealo,No ES WP page,,,,,,,,,,,,,,
Q3294151,Mark Loane,No ES WP page,,,,,,,,,,,,,,
Q3294160,Mark Mayerhofler,No ES WP page,,,,,,,,,,,,,,
Q3294161,Mark McCall,No ES WP page,,,,,,,,,,,,,,
Q3294162,Mark McBain,No ES WP page,,,,,,,,,,,,,,
Q3294170,Mark McHugh,No ES WP page,,,,,,,,,,,,,,
Q3294173,Mark McMillan,No ES WP page,,,,,,,,,,,,,,
Q3294183,Mark Coxon Morrison,No ES WP page,,,,,,,,,,,,,,
Q3294213,Mark Ranby,No ES WP page,,,,,,,,,,,,,,
Q3294217,Mark Rennie,No ES WP page,,,,,,,,,,,,,,
Q3294221,Mark Ring,,Mark Ring,Mark Gerarde Ring,Mark_Ring,15 de octubre de 1962,Cardiff,/wiki/Cardiff,,,,182,91,Apertura,,"Gales,Reino Unido"
Q3294225,Mark Robinson,No ES WP page,,,,,,,,,,,,,,
Q3294236,Mark Shaw,No ES WP page,,,,,,,,,,,,,,
Q3294244,Mark Sweeney,No ES WP page,,,,,,,,,,,,,,
Q3294245,Mark Sugden,No ES WP page,,,,,,,,,,,,,,
Q3294253,Mark Taylor,No ES WP page,,,,,,,,,,,,,,
Q3294292,Mark Wyatt,,Mark Wyatt,Mark Andrew Wyatt,Mark_Wyatt,12 de abril de 1961,,,,,,175,80,Fullback,,Reino UnidoReino Unido
Q3294295,Mark van Gisbergen,No ES WP page,,,,,,,,,,,,,,
Q3294382,Marko Stanojevic,No ES WP page,,,,,,,,,,,,,,
Q3295271,Martial Servantes,No ES WP page,,,,,,,,,,,,,,
Q3295430,Martin Gady,No ES WP page,,,,,,,,,,,,,,
Q3295483,Martin Jágr,No ES WP page,,,,,,,,,,,,,,
Q3295486,Martin Kafka,,Martin Kafka,,Martin_Kafka,25 de julio de 1978,Región de Bohemia Central,/wiki/Regi%C3%B3n_de_Bohemia_Central,,,,180,85,Apertura,,República Checa
Q3295519,Martin Leslie,No ES WP page,,,,,,,,,,,,,,
Q3295578,Martin Offiah,No ES WP page,,,,,,,,,,,,,,
Q3295584,Martin Pelser,No ES WP page,,,,,,,,,,,,,,
Q3295645,Martín Terán,,Martín Terán,Martín José Terán,Mart%C3%ADn_Ter%C3%A1n,25 de julio de 1969,,,,,,174,83,Wing,,Argentina
Q3295663,Martin Vickers-Pearson,No ES WP page,,,,,,,,,,,,,,
Q3295675,Martin Worthington,No ES WP page,,,,,,,,,,,,,,
Q3295922,Marty Holah,,Marty Holah,Martin Rowan Holah,Marty_Holah,10 de septiembre de 1976,Hamilton,/wiki/Hamilton_(Nueva_Zelanda),,,,184,100,Ala,,Nueva Zelanda
Q3295929,Marty Roebuck,,Marty Roebuck,Martin Clive Roebuck,Marty_Roebuck,10 de enero de 1965,Sídney,/wiki/S%C3%ADdney,,,,198,100,Fullback,,Australia
Q3295939,Martyn Wood,No ES WP page,,,,,,,,,,,,,,
Q3295981,Martín Durand,,Martín Durand,Martín Alberto Durand,Mart%C3%ADn_Durand,30 de mayo de 1976,Buenos Aires,/wiki/Buenos_Aires,,,,182,96,Ala,,Argentina
Q3295989,Martín Gaitán,,Martín Gaitán,,Mart%C3%ADn_Gait%C3%A1n,15 de junio de 1978,Paraná,/wiki/Paran%C3%A1_(Argentina),,,,177,85,Centro,,Argentina
Q3295994,Martín Rodríguez,,Martín Rodríguez Gurruchaga,,Mart%C3%ADn_Rodr%C3%ADguez_Gurruchaga,4 de diciembre de 1985,Rosario,/wiki/Rosario_(Argentina),,,,185,92,Fullback; centro,,Argentina
Q3296002,Martín Schusterman,,Martín Schusterman,,Mart%C3%ADn_Schusterman,13 de septiembre de 1975,San Juan,/wiki/San_Juan_(Argentina),,,,189,102,Ala,,Argentina
Q3296004,Martín Yangüela,No ES WP page,,,,,,,,,,,,,,
Q3296076,Marvin O'Connor,,Marvin O'Connor,,Marvin_O%27Connor,18 de abril de 1991,Annemasse,/wiki/Annemasse,,,,175,85,Wing,,Francia
Q3297401,Massa Johnston,No ES WP page,,,,,,,,,,,,,,
Q3297725,Massimiliano Perziano,No ES WP page,,,,,,,,,,,,,,
Q3297727,Massimiliano Ravalle,No ES WP page,,,,,,,,,,,,,,
Q3297745,Massimo Bonomi,,Massimo Bonomi,,Massimo_Bonomi,22 de junio de 1967,Brescia,/wiki/Brescia,,,,180,90,Apertura; centro,,Italia
Q3297752,Massimo Cuttitta,,Massimo Cuttitta,,Massimo_Cuttitta,2 de septiembre de 1966,Latina,/wiki/Latina_(Italia),11 de abril de 2021,Albano Laziale,/wiki/Albano_Laziale,180,110,Pilar,,Italia
Q3298403,Matekitonga Moeakiola,No ES WP page,,,,,,,,,,,,,,
Q3298623,Mathieu Acebes,No ES WP page,,,,,,,,,,,,,,
Q3298635,Mathieu Badel,No ES WP page,,,,,,,,,,,,,,
Q3298638,Mathieu Barrau,No ES WP page,,,,,,,,,,,,,,
Q3298650,Mathieu Bélie,,Mathieu Belie,,Mathieu_Belie,28 de febrero de 1988,Toulouse,/wiki/Toulouse,,,,181,78,Apertura,,
Q3298659,Mathieu Blin,No ES WP page,,,,,,,,,,,,,,
Q3298673,Matthieu Bourret,No ES WP page,,,,,,,,,,,,,,
Q3298688,Mathieu Cidre,No ES WP page,,,,,,,,,,,,,,
Q3298695,Mathieu De Pauw,No ES WP page,,,,,,,,,,,,,,
Q3298703,Mathieu Diebolt,No ES WP page,,,,,,,,,,,,,,
Q3298706,Mathieu Dourthe,No ES WP page,,,,,,,,,,,,,,
Q3298729,Mathieu Giudicelli,No ES WP page,,,,,,,,,,,,,,
Q3298732,Mathieu Glavany,No ES WP page,,,,,,,,,,,,,,
Q3298735,Mathieu Gouagout,No ES WP page,,,,,,,,,,,,,,
Q3298749,Mathieu Guyou-Kreis,No ES WP page,,,,,,,,,,,,,,
Q3298754,Mathieu Horb,No ES WP page,,,,,,,,,,,,,,
Q3298783,Mathieu Larrouy,No ES WP page,,,,,,,,,,,,,,
Q3298794,Mathieu Lescure,No ES WP page,,,,,,,,,,,,,,
Q3298800,Mathieu Lorée,No ES WP page,,,,,,,,,,,,,,
Q3298802,Mathieu Mandement,No ES WP page,,,,,,,,,,,,,,
Q3298804,Mathieu Maillard,No ES WP page,,,,,,,,,,,,,,
Q3298807,Mathieu Lopez,No stint found,Matthieu López,Matthieu López Herrero,Matthieu_L%C3%B3pez_Herrero,23 de agosto de 1982,,,,,,165,73,Medio melé,,
Q3298813,Mathieu Maumus,No ES WP page,,,,,,,,,,,,,,
Q3298818,Mathieu Mercier,No ES WP page,,,,,,,,,,,,,,
Q3298832,Mathieu Petitdemange,No ES WP page,,,,,,,,,,,,,,
Q3298837,Mathieu Pla,No ES WP page,,,,,,,,,,,,,,
Q3298859,Mathieu Sans,No ES WP page,,,,,,,,,,,,,,
Q3298872,Mathieu Siro,No ES WP page,,,,,,,,,,,,,,
Q3298877,Mathieu Tachdjian,No ES WP page,,,,,,,,,,,,,,
Q3299044,Mathys Ferreira,No ES WP page,,,,,,,,,,,,,,
Q3299075,Matias Albina,No ES WP page,,,,,,,,,,,,,,
Q3299076,Matias Arocena,No ES WP page,,,,,,,,,,,,,,
Q3299080,Matias Cortese,,Matias Cortese,,Mat%C3%ADas_Cortese,1 de octubre de 1985,Mendoza,/wiki/Mendoza_(Argentina),,,,183,107,Talonador,,Argentina
Q3299087,Matias Viazzo,No ES WP page,,,,,,,,,,,,,,
Q3299406,Matt Cairns,No ES WP page,,,,,,,,,,,,,,
Q3299416,Matt Cornwell,No ES WP page,,,,,,,,,,,,,,
Q3299432,Matt Dawson,,Matt Dawson,Matthew James Sutherland Dawson,Matt_Dawson,31 de octubre de 1972,Birkenhead,/wiki/Birkenhead,,,,178,83,Medio scrum,,"Inglaterra,Reino Unido"
Q3299449,Matt Dunning,No ES WP page,,,,,,,,,,,,,,
Q3299469,Matt Henjak,No ES WP page,,,,,,,,,,,,,,
Q3299475,Matt Hodgson,No ES WP page,,,,,,,,,,,,,,
Q3299479,Matt Hopper,No ES WP page,,,,,,,,,,,,,,
Q3299529,Matt McCullough,No ES WP page,,,,,,,,,,,,,,
Q3299535,Matt Mostyn,No ES WP page,,,,,,,,,,,,,,
Q3299539,Matt Mullan,No ES WP page,,,,,,,,,,,,,,
Q3299551,Matt Perry,No ES WP page,,,,,,,,,,,,,,
Q3299552,Matt Pini,No ES WP page,,,,,,,,,,,,,,
Q3299556,Matt Smith,No ES WP page,,,,,,,,,,,,,,
Q3299562,Matt Toomua,,Matt Toomua,Matthew P. Toomua,Matt_Toomua,2 de enero de 1990,Melbourne,/wiki/Melbourne,,,,182,89,Centro interior; apertura,,Australia
Q3299568,Matt Weingart,No ES WP page,,,,,,,,,,,,,,
Q3299617,Matteo Barbini,No ES WP page,,,,,,,,,,,,,,
Q3299636,Matteo Pratichetti,No ES WP page,,,,,,,,,,,,,,
Q3299684,Matthew Burke,,Matthew Burke,Matthew Peter Burke,Matthew_Burke,15 de septiembre de 1964,Sídney,/wiki/S%C3%ADdney,,,,,,Wing,,Australia
Q3299685,Matthew Carraro,No ES WP page,,,,,,,,,,,,,,
Q3299688,Matthew Clarkin,No ES WP page,,,,,,,,,,,,,,
Q3299694,Matt Cockbain,,Matt Cockbain,Matthew James Cockbain,Matt_Cockbain,19 de septiembre de 1972,Coffs Harbour,/wiki/Coffs_Harbour,,,,197,105,Segunda línea,,Australia
Q3299740,Matthew Jolly,No ES WP page,,,,,,,,,,,,,,
Q3299747,Matthew Jones,No ES WP page,,,,,,,,,,,,,,
Q3299783,Matthew Phillips,No ES WP page,,,,,,,,,,,,,,
Q3299804,Matt Stevens,No ES WP page,,,,,,,,,,,,,,
Q3299818,Matthew Watkins,No ES WP page,,,,,,,,,,,,,,
Q3299906,Matthieu Lazerges,No ES WP page,,,,,,,,,,,,,,
Q3299948,Matthys Stoltz,No ES WP page,,,,,,,,,,,,,,
Q3299977,Mattin Auzqui,,Mattin Auzqui,,Mattin_Auzqui,6 de septiembre de 1982,Bayona,/wiki/Bayona_(Francia),,,,174,115,Pilar,,
Q3300062,Matías Agüero,No ES WP page,,,,,,,,,,,,,,
Q3300358,Maurice Barragué,No ES WP page,,,,,,,,,,,,,,
Q3300424,Maurice Biraben,No ES WP page,,,,,,,,,,,,,,
Q3300490,Maurice Boyau,No ES WP page,,,,,,,,,,,,,,
Q3300499,Maurice Bruneau,No ES WP page,,,,,,,,,,,,,,
Q3300500,Maurice Brownlie,No ES WP page,,,,,,,,,,,,,,
Q3300538,Maurice Celhay,No ES WP page,,,,,,,,,,,,,,
Q3301056,Maurice Leuvielle,No ES WP page,,,,,,,,,,,,,,
Q3301069,Maurice Lira,No ES WP page,,,,,,,,,,,,,,
Q3301279,Maurice Porra,No ES WP page,,,,,,,,,,,,,,
Q3301285,Maurice Prat,No ES WP page,,,,,,,,,,,,,,
Q3301335,Maurice Richards,No ES WP page,,,,,,,,,,,,,,
Q3301389,Maurice Savy,No ES WP page,,,,,,,,,,,,,,
Q3301411,Maurice Siman,No ES WP page,,,,,,,,,,,,,,
Q3301447,Maurice Terreau,No ES WP page,,,,,,,,,,,,,,
Q3301470,Maurice Trélut,No ES WP page,,,,,,,,,,,,,,
Q3301624,Mauricio Reggiardo,,Mauricio Reggiardo,Mauricio Horacio Reggiardo,Mauricio_Reggiardo,22 de febrero de 1970,Bragado,/wiki/Bragado,,,,190,120,Pilar,,Argentina
Q3301636,Maurie Fa'asavalu,No ES WP page,,,,,,,,,,,,,,
Q3301720,Maurizio Zaffiri,No ES WP page,,,,,,,,,,,,,,
Q3302013,Max Barrau,No ES WP page,,,,,,,,,,,,,,
Q3302040,Max Brito,,Max Brito,Maxime Brito,Max_Brito,8 de abril de 1971,Abiyán,/wiki/Abiy%C3%A1n,19 de diciembre de 2022,Burdeos,/wiki/Burdeos,182,83,Wing,,Costa de Marfil
Q3302099,Max Evans,No ES WP page,,,,,,,,,,,,,,
Q3302306,Max Rousié,No ES WP page,,,,,,,,,,,,,,
Q3302503,Maxime Carabignac,No ES WP page,,,,,,,,,,,,,,
Q3302506,Maxime Castell,No ES WP page,,,,,,,,,,,,,,
Q3302512,Maxime Champel,No ES WP page,,,,,,,,,,,,,,
Q3302534,Maxime Delonca,No ES WP page,,,,,,,,,,,,,,
Q3302582,Maxime Guiho,No ES WP page,,,,,,,,,,,,,,
Q3302611,Maxime Le Bourhis,No ES WP page,,,,,,,,,,,,,,
Q3302643,Maxime Machenaud,,Maxime Machenaud,,Maxime_Machenaud,30 de diciembre de 1988,Burdeos,/wiki/Burdeos,,,,174,84,Medio scrum,,Francia
Q3302661,Maxime Petitjean,No ES WP page,,,,,,,,,,,,,,
Q3302686,Maxime Santoni,No ES WP page,,,,,,,,,,,,,,
Q3302706,Maxime Veau,No ES WP page,,,,,,,,,,,,,,
Q3302735,Maximiliano Bustos,No ES WP page,,,,,,,,,,,,,,
Q3303530,Mboazafy Noé Rakotoarivelo,No ES WP page,,,,,,,,,,,,,,
Q3304186,Mefin Davies,No ES WP page,,,,,,,,,,,,,,
Q3304450,Mehadji Tidjini,No ES WP page,,,,,,,,,,,,,,
Q3304519,Mehdi Mérabet,No ES WP page,,,,,,,,,,,,,,
Q3304839,Mel Baker,No ES WP page,,,,,,,,,,,,,,
Q3306807,Mesake Davu,No ES WP page,,,,,,,,,,,,,,
Q3307963,Micha Sujashvili,No ES WP page,,,,,,,,,,,,,,
Q3308048,Michael Bradley,No ES WP page,,,,,,,,,,,,,,
Q3308051,Michael Bradley,,Michael Bradley,Michael Timothy Bradley,Michael_Bradley_(rugbista),17 de noviembre de 1962,Cork,/wiki/Cork,,,,180,85,Medio scrum,,Irlanda
Q3308056,Michael Brial,No ES WP page,,,,,,,,,,,,,,
Q3308068,Mike Burak,No ES WP page,,,,,,,,,,,,,,
Q3308087,Michael Carroll,No ES WP page,,,,,,,,,,,,,,
Q3308102,Michael Cheika,,Michael Cheika,Michael A. Cheika,Michael_Cheika,4 de marzo de 1967,Sídney,/wiki/S%C3%ADdney,,,,,,Octavo,,Australia
Q3308111,Michael Claassens,No ES WP page,,,,,,,,,,,,,,
Q3308113,Michael Coetzee,No ES WP page,,,,,,,,,,,,,,
Q3308116,Michael Collins,No ES WP page,,,,,,,,,,,,,,
Q3308125,Michael Cook,No ES WP page,,,,,,,,,,,,,,
Q3308195,Michael Foley,,Michael Foley,Michael Anthony Foley,Michael_Foley,7 de junio de 1967,Sídney,/wiki/S%C3%ADdney,,,,180,100,Hooker,,Australia
Q3308215,Michael Gibson,No ES WP page,,,,,,,,,,,,,,
Q3308254,Michael Holford,No ES WP page,,,,,,,,,,,,,,
Q3308257,Michael Horak,No ES WP page,,,,,,,,,,,,,,
Q3308294,Mike Kiernan,,Michael Kiernan,Michael Joseph Kiernan,Michael_Kiernan,17 de enero de 1961,Cork,/wiki/Cork,,,,,,Centro,,Irlanda
Q3308345,Michael MacKenzie,No ES WP page,,,,,,,,,,,,,,
Q3308412,Michael O'Callaghan,No ES WP page,,,,,,,,,,,,,,
Q3308413,Michael O'Connor,No ES WP page,,,,,,,,,,,,,,
Q3308466,Mick Quinn,No ES WP page,,,,,,,,,,,,,,
Q3308491,Michael Ryan,No ES WP page,,,,,,,,,,,,,,
Q3308533,Michael Stephenson,No ES WP page,,,,,,,,,,,,,,
Q3308564,Michael Vukovic,No ES WP page,,,,,,,,,,,,,,
Q3308889,Michel Arino,No ES WP page,,,,,,,,,,,,,,
Q3308893,Michel Arnaudet,No ES WP page,,,,,,,,,,,,,,
Q3309015,Michel Billière,No ES WP page,,,,,,,,,,,,,,
Q3309055,Michel Bonnus,No ES WP page,,,,,,,,,,,,,,
Q3309070,Michel Boucheron,No ES WP page,,,,,,,,,,,,,,
Q3309220,Michel Celaya,No ES WP page,,,,,,,,,,,,,,
Q3309288,Michel Clémente,No ES WP page,,,,,,,,,,,,,,
Q3309337,Michel Coutin,No ES WP page,,,,,,,,,,,,,,
Q3309348,Michel Courtiols,No ES WP page,,,,,,,,,,,,,,
Q3309351,Michel Crémaschi,No ES WP page,,,,,,,,,,,,,,
Q3309451,Michel Denêtre,No ES WP page,,,,,,,,,,,,,,
Q3309481,Michel Dieudé,No ES WP page,,,,,,,,,,,,,,
Q3309515,Michel Droitecourt,No ES WP page,,,,,,,,,,,,,,
Q3309569,Michel Escommier,No ES WP page,,,,,,,,,,,,,,
Q3309591,Michel Fabre,No ES WP page,,,,,,,,,,,,,,
Q3309818,Michel Greffe,No ES WP page,,,,,,,,,,,,,,
Q3309830,Shane O'Connor,No ES WP page,,,,,,,,,,,,,,
Q3309885,Michel Hauser,No ES WP page,,,,,,,,,,,,,,
Q3309913,Michel Hoche,No ES WP page,,,,,,,,,,,,,,
Q3309918,Michel Hondagné-Monge,No ES WP page,,,,,,,,,,,,,,
Q3310046,Michel Konieck,No ES WP page,,,,,,,,,,,,,,
Q3310051,Michel Lacome,No ES WP page,,,,,,,,,,,,,,
Q3310069,Michel Laguerre-Basse,No ES WP page,,,,,,,,,,,,,,
Q3310106,Michel Lasserre,No ES WP page,,,,,,,,,,,,,,
Q3310151,Michel Lecointre,No ES WP page,,,,,,,,,,,,,,
Q3310246,Michel Macurdy,No ES WP page,,,,,,,,,,,,,,
Q3310284,Michel Marfaing,No ES WP page,,,,,,,,,,,,,,
Q3310367,Michel Moly,No ES WP page,,,,,,,,,,,,,,
Q3310510,Michel Palmié,No ES WP page,,,,,,,,,,,,,,
Q3310532,Michel Pebeyre,No ES WP page,,,,,,,,,,,,,,
Q3310611,Michel Pomathios,No ES WP page,,,,,,,,,,,,,,
Q3310642,Michel Périé,No ES WP page,,,,,,,,,,,,,,
Q3310696,Michel Ringeval,No ES WP page,,,,,,,,,,,,,,
Q3310820,Michel Sappa,No ES WP page,,,,,,,,,,,,,,
Q3310825,Michel Saturnin,No ES WP page,,,,,,,,,,,,,,
Q3310831,Michel Savitsky,No ES WP page,,,,,,,,,,,,,,
Q3310866,Michel Sitjar,No ES WP page,,,,,,,,,,,,,,
Q3310882,Michel Sorondo,No ES WP page,,,,,,,,,,,,,,
Q3310932,Michel Tachdjian,No ES WP page,,,,,,,,,,,,,,
Q3310933,Michel Taffary,No ES WP page,,,,,,,,,,,,,,
Q3310983,Michel Tonon,No ES WP page,,,,,,,,,,,,,,
Q3310992,Michel Trilles,No ES WP page,,,,,,,,,,,,,,
Q3311016,Michel Urtizverea,No ES WP page,,,,,,,,,,,,,,
Q3311043,Michel Vannier,No ES WP page,,,,,,,,,,,,,,
Q3311321,Michele Sepe,No ES WP page,,,,,,,,,,,,,,
Q3311725,Mick Galwey,No ES WP page,,,,,,,,,,,,,,
Q3311736,Mickael Ait Issad,No ES WP page,,,,,,,,,,,,,,
Q3311738,Mickael De Marco,,Mickael De Marco,,Mickael_De_Marco,22 de abril de 1989,Montpellier,/wiki/Montpellier,,,,197,118,Segunda línea,,
Q3311741,Mick O'Driscoll,No ES WP page,,,,,,,,,,,,,,
Q3311749,Mickaël Bert,No ES WP page,,,,,,,,,,,,,,
Q3311756,Mickaël Campeggia,No ES WP page,,,,,,,,,,,,,,
Q3311770,Mickaël Drouard,No ES WP page,,,,,,,,,,,,,,
Q3311771,Mickaël Etcheverria,No ES WP page,,,,,,,,,,,,,,
Q3311778,Mickaël Gracia,No ES WP page,,,,,,,,,,,,,,
Q3311779,Mickaël Forest,No ES WP page,,,,,,,,,,,,,,
Q3311782,Mickaël Ivaldi,No stint found,Mickaël Ivaldi,,Micka%C3%ABl_Ivaldi,20 de febrero de 1990,Francia,/wiki/Francia,,,,181,108,Hooker,,Francés
Q3311789,Mickaël Lopez,No ES WP page,,,,,,,,,,,,,,
Q3311790,Mickaël Mabilon,No ES WP page,,,,,,,,,,,,,,
Q3311794,Mickaël Ladhuie,No ES WP page,,,,,,,,,,,,,,
Q3311795,Mickaël Mokhtar,No ES WP page,,,,,,,,,,,,,,
Q3311853,Quinton Gerber,No ES WP page,,,,,,,,,,,,,,
Q3311889,Michael Skinner,,Michael Skinner,Michael Gordon Skinner,Michael_Skinner_(rugbista),26 de noviembre de 1958,Newcastle upon Tyne,/wiki/Newcastle_upon_Tyne,,,,187,100,Octavo,,"Inglaterra,Reino Unido"
Q3312949,Miguel Avramovic,No stint found,Miguel Avramovic,,Miguel_Avramovic,18 de julio de 1981,Buenos Aires,/wiki/Buenos_Aires,,,,185,98,Centro; Zaguero,,Argentina
Q3312998,Miguel Portela,No ES WP page,,,,,,,,,,,,,,
Q3313054,Mihai Vioreanu,No ES WP page,,,,,,,,,,,,,,
Q3313064,Mihai Lazăr,No ES WP page,,,,,,,,,,,,,,
Q3313154,Mikaera Tewhata,No ES WP page,,,,,,,,,,,,,,
Q3313157,Mikaele Tuugahala,No ES WP page,,,,,,,,,,,,,,
Q3313219,Mike Biggar,No ES WP page,,,,,,,,,,,,,,
Q3313238,Mike Brewer,,Mike Brewer,Michael Robert Brewer,Mike_Brewer_(rugbista),6 de noviembre de 1964,Pukekohe,/w/index.php?title=Pukekohe&action=edit&redlink=1,,,,195,103,Ala,,Nueva Zelanda
Q3313242,Mike Brown,,Mike Brown,Michael Noel Brown,Mike_Brown_(rugbista),4 de septiembre de 1985,Southampton,/wiki/Southampton,,,,183,89,Fullback,,"Inglaterra,Reino Unido"
Q3313261,Mike Catt,,Mike Catt,Michael John Catt,Mike_Catt,17 de septiembre de 1971,Puerto Elizabeth,/wiki/Puerto_Elizabeth,,,,177,86,Fullback; apertura; centro,,Sudáfrica
Q3313275,Mike Delany,No ES WP page,,,,,,,,,,,,,,
Q3313349,Mike Griffiths,No ES WP page,,,,,,,,,,,,,,
Q3313351,Mike Hall,No ES WP page,,,,,,,,,,,,,,
Q3313357,Mike Harrison,,Mike Harrison,Michael Edward Harrison,Mike_Harrison,19 de abril de 1956,Barnsley,/wiki/Barnsley,,,,178,82,Wing,,"Inglaterra,Reino Unido"
Q3313363,Mike Hercus,,Mike Hercus,Michael Hercus,Mike_Hercus,5 de junio de 1979,Falls Church,/wiki/Falls_Church,,,,178,83,Apertura,,Estados Unidos
Q3313377,Mike James,No ES WP page,,,,,,,,,,,,,,
Q3313418,Mike MacDonald,No ES WP page,,,,,,,,,,,,,,
Q3313424,Mike Mangan,No ES WP page,,,,,,,,,,,,,,
Q3313449,Michael Mika,No ES WP page,,,,,,,,,,,,,,
Q3313472,Mike Mullins,No ES WP page,,,,,,,,,,,,,,
Q3313475,Mike Noble,No ES WP page,,,,,,,,,,,,,,
Q3313486,Mike Palefau,No ES WP page,,,,,,,,,,,,,,
Q3313503,Mike Pyke,No ES WP page,,,,,,,,,,,,,,
Q3313505,Mike Prendergast,No ES WP page,,,,,,,,,,,,,,
Q3313509,Mike Rafter,No ES WP page,,,,,,,,,,,,,,
Q3313516,Mike Roberts,No ES WP page,,,,,,,,,,,,,,
Q3313522,Mike Ross,,Mike Ross,Michael Robert Ross,Mike_Ross,21 de diciembre de 1979,Cork,/wiki/Cork_(ciudad),,,,188,127,Pilier,,Irlanda
Q3313546,Mike Slemen,No ES WP page,,,,,,,,,,,,,,
Q3313569,Mike Umaga,No ES WP page,,,,,,,,,,,,,,
Q3313577,Mike Webb,No ES WP page,,,,,,,,,,,,,,
Q3313585,Mike Weston,No ES WP page,,,,,,,,,,,,,,
Q3313720,Mikheil Nariashvili,No ES WP page,,,,,,,,,,,,,,
Q3314536,Milton Ngauamo,No ES WP page,,,,,,,,,,,,,,
Q3315671,Minya Csaba Gál,,Minya Csaba Gál,,Minya_Csaba_G%C3%A1l,7 de marzo de 1985,Cluj-Napoca,/wiki/Cluj-Napoca,,,,183,90,Centro,,Rumanía
Q3316068,Mirko Lozupone,No ES WP page,,,,,,,,,,,,,,
Q3316147,Miroslav Němeček,No ES WP page,,,,,,,,,,,,,,
Q3317062,Mitch Hardy,No ES WP page,,,,,,,,,,,,,,
Q3317548,Mahonri Schwalger,No ES WP page,,,,,,,,,,,,,,
Q3317566,Moaner van Heerden,No ES WP page,,,,,,,,,,,,,,
Q3318500,Mohamed Dridi,No ES WP page,,,,,,,,,,,,,,
Q3318559,Mohamed Gouasmia,No ES WP page,,,,,,,,,,,,,,
Q3320064,Mona Thomson,No ES WP page,,,,,,,,,,,,,,
Q3323185,Monty Dumond,No ES WP page,,,,,,,,,,,,,,
Q3323773,Moray Low,No ES WP page,,,,,,,,,,,,,,
Q3323997,Morgan Saout,No ES WP page,,,,,,,,,,,,,,
Q3324008,Morgan Turinui,,Morgan Turinui,Morgan Paratene Turinui,Morgan_Turinui,5 de enero de 1982,Sídney,/wiki/S%C3%ADdney,,,,181,100,Centro,,Australia
Q3324010,Morgan Williams,No ES WP page,,,,,,,,,,,,,,
Q3324191,Morne Loxton,No ES WP page,,,,,,,,,,,,,,
Q3324209,Morné du Plessis,,Morné du Plessis,,Morn%C3%A9_du_Plessis,21 de octubre de 1949,Vereeniging,/wiki/Vereeniging,,,,195,100,Octavo,,Sudáfrica
Q3324416,Morris Zimerman,No ES WP page,,,,,,,,,,,,,,
Q3324419,Morrisson Faaletino,No ES WP page,,,,,,,,,,,,,,
Q3324728,Mose Tuiali'i,No ES WP page,,,,,,,,,,,,,,
Q3324771,Mosese Makasini,No ES WP page,,,,,,,,,,,,,,
Q3324772,Mosese Moala,No ES WP page,,,,,,,,,,,,,,
Q3324774,Mosese Ratuvou,No ES WP page,,,,,,,,,,,,,,
Q3324778,Mosese Rauluni,No ES WP page,,,,,,,,,,,,,,
Q3324939,Moss Finn,No ES WP page,,,,,,,,,,,,,,
Q3324946,Moss Keane,No ES WP page,,,,,,,,,,,,,,
Q3326146,Mouritz Botha,No ES WP page,,,,,,,,,,,,,,
Q3327609,Muliufi Salanoa,No ES WP page,,,,,,,,,,,,,,
Q3328170,Murphy Taele,No ES WP page,,,,,,,,,,,,,,
Q3328208,Murray Mexted,No ES WP page,,,,,,,,,,,,,,
Q3328211,Murray Pierce,,Murray Pierce,Murray James Pierce,Murray_Pierce,1 de noviembre de 1957,Timaru,/w/index.php?title=Timaru&action=edit&redlink=1,,,,198,107,Segunda línea,,Nueva Zelanda
Q3328217,Murray Watts,No ES WP page,,,,,,,,,,,,,,
Q3328219,Murray Taylor,No ES WP page,,,,,,,,,,,,,,
Q3328311,Pablo Feijoo,,Pablo Feijoo,Pablo Feijoo Ugalde,Pablo_Feijoo,18 de mayo de 1982,San Sebastián,/wiki/San_Sebasti%C3%A1n,,,,172,73,Medio melé,,
Q3328348,John Currie,No ES WP page,,,,,,,,,,,,,,
Q3329966,Ulick O'Connor,No ES WP page,,,,,,,,,,,,,,
Q3334653,Na'ama Leleimalefaga,No ES WP page,,,,,,,,,,,,,,
Q3335226,Nairn McEwan,No ES WP page,,,,,,,,,,,,,,
Q3335328,Naka Drotské,,Naka Drotské,Allen Erasmus Drotské,Naka_Drotsk%C3%A9,15 de marzo de 1971,Senekal,/w/index.php?title=Senekal&action=edit&redlink=1,,,,182,108,Hooker,,Sudáfrica
Q3335909,Napolioni Nalaga,,Napolioni Nalaga,Napolioni Vonowale Nalaga,Napolioni_Nalaga,7 de abril de 1986,Viti Levu,/wiki/Viti_Levu,,,,191,105,Wing,,Fiyi
Q3336238,Nasser Hussain,No ES WP page,,,,,,,,,,,,,,
Q3336253,Nassim Arif,No ES WP page,,,,,,,,,,,,,,
Q3336450,Nataniela Oto,No ES WP page,,,,,,,,,,,,,,
Q3336729,Nathan Grey,,Nathan Grey,Nathan Patrick Grey,Nathan_Grey,31 de marzo de 1975,Gosford,/w/index.php?title=Gosford&action=edit&redlink=1,,,,185,98,Centro,,Australia
Q3336753,Nathan Spooner,No ES WP page,,,,,,,,,,,,,,
Q3337138,Naude Beukes,No ES WP page,,,,,,,,,,,,,,
Q3337801,Neil Bennett,No ES WP page,,,,,,,,,,,,,,
Q3337803,Neil Best,No ES WP page,,,,,,,,,,,,,,
Q3337816,Neil Francis,No ES WP page,,,,,,,,,,,,,,
Q3337826,Neil McGregor,No ES WP page,,,,,,,,,,,,,,
Q3337848,Neil de Kock,No ES WP page,,,,,,,,,,,,,,
Q3337982,Nemani Nadolo,,Nemani Nadolo,Ratu Nemani Driu Nasiganiyavi,Nemani_Nadolo,31 de enero de 1988,Sigatoka,/wiki/Sigatoka,,,,196,126,Wing; Centro,,Fiyi
Q3338508,Netani Talei,No ES WP page,,,,,,,,,,,,,,
Q3338643,Neumi Nanuku,No ES WP page,,,,,,,,,,,,,,
Q3338883,Nevin Spence,No ES WP page,,,,,,,,,,,,,,
Q3339277,Ngapaku Ngapaku,No ES WP page,,,,,,,,,,,,,,
Q3339448,Niall Hogan,No ES WP page,,,,,,,,,,,,,,
Q3339541,Nic Henderson,No ES WP page,,,,,,,,,,,,,,
Q3339545,Nic Strauss,No ES WP page,,,,,,,,,,,,,,
Q3339675,Nicholas Shehadie,No ES WP page,,,,,,,,,,,,,,
Q3339700,Nick Abendanon,No ES WP page,,,,,,,,,,,,,,
Q3339702,Nick Adams,No ES WP page,,,,,,,,,,,,,,
Q3339714,Nick Beal,,Nick Beal,Nicholas David Beal,Nick_Beal,2 de diciembre de 1970,Yorkshire del Este,/wiki/Yorkshire_del_Este,,,,188,93,Fullback,,"Inglaterra,Reino Unido"
Q3339729,Nick De Luca,No ES WP page,,,,,,,,,,,,,,
Q3339743,Nick Farr-Jones,,Nick Farr-Jones,Nicholas Campbell Farr-Jones,Nick_Farr-Jones,18 de abril de 1962,Sídney,/wiki/S%C3%ADdney,,,,178,84,Medio scrum,,Australia
Q3339761,Nick Labuschagne,No ES WP page,,,,,,,,,,,,,,
Q3339762,Nick Kennedy,No ES WP page,,,,,,,,,,,,,,
Q3339768,Nick Lloyd,No ES WP page,,,,,,,,,,,,,,
Q3339788,Nick Preston,No ES WP page,,,,,,,,,,,,,,
Q3339789,Nick Popplewell,,Nick Popplewell,Nicholas James Popplewell,Nick_Popplewell,6 de abril de 1964,Dublín,/wiki/Dubl%C3%ADn,,,,178,110,Pilar,,Irlanda
Q3339795,Nick Stiles,No ES WP page,,,,,,,,,,,,,,
Q3339802,Nick Trenkel,No ES WP page,,,,,,,,,,,,,,
Q3339811,Nick Williams,No ES WP page,,,,,,,,,,,,,,
Q3339812,Nick Wood,No ES WP page,,,,,,,,,,,,,,
Q3339838,Nicky Allen,No ES WP page,,,,,,,,,,,,,,
Q3339839,Nicky Barr,No stint found,Nicky Barr,,Nicky_Barr,10 de diciembre de 1915,,,12 de junio de 2006,Gold Coast,/wiki/Gold_Coast_(Australia),,,Hooker,,
Q3339857,Nico Breedt,No ES WP page,,,,,,,,,,,,,,
Q3339894,Nicola Mazzucato,No ES WP page,,,,,,,,,,,,,,
Q3339923,Nicolaas Pretorius,No ES WP page,,,,,,,,,,,,,,
Q3339924,Nicolaas Smit,No ES WP page,,,,,,,,,,,,,,
Q3339927,Nicolae Dragos Dima,No ES WP page,,,,,,,,,,,,,,
Q3340020,Nicolas Agnesi,No ES WP page,,,,,,,,,,,,,,
Q3340052,Nicolas Bacqué,No ES WP page,,,,,,,,,,,,,,
Q3340059,Nicolas Barthomeuf,No ES WP page,,,,,,,,,,,,,,
Q3340089,Nicolas Benoît,No ES WP page,,,,,,,,,,,,,,
Q3340124,Nicolas Bontinck,No ES WP page,,,,,,,,,,,,,,
Q3340148,Nicolas Brindel,No ES WP page,,,,,,,,,,,,,,
Q3340152,Nicolas Brignoni,No ES WP page,,,,,,,,,,,,,,
Q3340158,Nicolas Brusque,,Nicolas Brusque,,Nicolas_Brusque,7 de agosto de 1976,Pau,/wiki/Pau_(Pirineos_Atl%C3%A1nticos),,,,189,87,Fullback,,Francia
Q3340172,Nicolas Bézy,No ES WP page,,,,,,,,,,,,,,
Q3340175,Nicolas Carmona,No ES WP page,,,,,,,,,,,,,,
Q3340234,Nicolas Decamps,No ES WP page,,,,,,,,,,,,,,
Q3340263,Nicolas Djebaïli,No ES WP page,,,,,,,,,,,,,,
Q3340271,Nicolas Dospital,No ES WP page,,,,,,,,,,,,,,
Q3340277,Nicolas Duffard,No ES WP page,,,,,,,,,,,,,,
Q3340294,Nicolas Durand,No ES WP page,,,,,,,,,,,,,,
Q3340299,Nicolas Etcheverry,No ES WP page,,,,,,,,,,,,,,
Q3340376,Nicolas Grelon,No ES WP page,,,,,,,,,,,,,,
Q3340452,Nicolas Jeanjean,No ES WP page,,,,,,,,,,,,,,
Q3340483,Nicolas Lafitte,No ES WP page,,,,,,,,,,,,,,
Q3340489,Nicolas Laharrague,No ES WP page,,,,,,,,,,,,,,
Q3340523,Nicolas Le Roux,No ES WP page,,,,,,,,,,,,,,
Q3340526,Nicolas Lesburguères,No ES WP page,,,,,,,,,,,,,,
Q3340592,Nicolas Meeùs,No ES WP page,,,,,,,,,,,,,,
Q3340614,Nicolas Morlaes,No ES WP page,,,,,,,,,,,,,,
Q3340617,Nicolas Mouret,No ES WP page,,,,,,,,,,,,,,
Q3340624,Nicolas Nadau,No ES WP page,,,,,,,,,,,,,,
Q3340647,Nicolas Pagotto,No ES WP page,,,,,,,,,,,,,,
Q3340694,Nicolas Portier,No ES WP page,,,,,,,,,,,,,,
Q3340720,Nicolas Raffault,No ES WP page,,,,,,,,,,,,,,
Q3340736,Nicolas Rey,No ES WP page,,,,,,,,,,,,,,
Q3340782,Nicolas Sentous,No ES WP page,,,,,,,,,,,,,,
Q3340793,Nicolas Sisombath,No ES WP page,,,,,,,,,,,,,,
Q3341176,Nicolás Basile,No ES WP page,,,,,,,,,,,,,,
Q3341190,Nicolás Vergallo,,Nicolás Vergallo,,Nicol%C3%A1s_Vergallo,20 de agosto de 1983,Rosario,/wiki/Rosario_(Argentina),,,,168,75,Medio scrum,,Argentina
Q3341343,Nigel Brady,No ES WP page,,,,,,,,,,,,,,
Q3341344,Nigel Carr,No ES WP page,,,,,,,,,,,,,,
Q3341351,Nigel Heslop,,Nigel Heslop,Nigel John Heslop,Nigel_Heslop,4 de diciembre de 1963,Hartlepool,/wiki/Hartlepool,,,,178,83,Wing,,"Inglaterra,Reino Unido"
Q3341356,Nigel Hunt,No ES WP page,,,,,,,,,,,,,,
Q3341358,Nigel Horton,No ES WP page,,,,,,,,,,,,,,
Q3341363,Nigel Redman,,Nigel Redman,Nigel Charles Redman,Nigel_Redman,16 de agosto de 1964,Cardiff,/wiki/Cardiff,,,,193,110,Segunda línea,,"Gales,Reino Unido"
Q3341493,Nik Witkowski,No ES WP page,,,,,,,,,,,,,,
Q3342655,Falie Oelschig,No ES WP page,,,,,,,,,,,,,,
Q3343694,Norm Berryman,No ES WP page,,,,,,,,,,,,,,
Q3343700,Norm Hadley,No ES WP page,,,,,,,,,,,,,,
Q3343747,Norman Biggs,No ES WP page,,,,,,,,,,,,,,
Q3343775,Norman Gale,No ES WP page,,,,,,,,,,,,,,
Q3343789,Norman Jordaan,No ES WP page,,,,,,,,,,,,,,
Q3343800,Norman Ligairi,No ES WP page,,,,,,,,,,,,,,
Q3344890,Noureddine Karoui,No ES WP page,,,,,,,,,,,,,,
Q3345765,Noël Baudry,No ES WP page,,,,,,,,,,,,,,
Q3345774,Noël Brazès,No ES WP page,,,,,,,,,,,,,,
Q3345785,Noël Cessieux,No ES WP page,,,,,,,,,,,,,,
Q3345799,Noël Curnier,No ES WP page,,,,,,,,,,,,,,
Q3345828,Noël Henderson,No ES WP page,,,,,,,,,,,,,,
Q3345864,Noel Murphy,No infobox found,,,Noel_Murphy,,,,,,,,,,,
Q3348745,Ockert Booyse,No ES WP page,,,,,,,,,,,,,,
Q3348846,Octave Léry,No ES WP page,,,,,,,,,,,,,,
Q3349746,Ofisa Tonu'u,No ES WP page,,,,,,,,,,,,,,
Q3350035,Okey Geffin,No ES WP page,,,,,,,,,,,,,,
Q3350202,Tony Lewis,No ES WP page,,,,,,,,,,,,,,
Q3350252,Ole Avei,No ES WP page,,,,,,,,,,,,,,
Q3350639,Oliver Atkinson,No ES WP page,,,,,,,,,,,,,,
Q3350770,Olivier August,No ES WP page,,,,,,,,,,,,,,
Q3350776,Olivier Azam,No ES WP page,,,,,,,,,,,,,,
Q3350802,Olivier Beaudon,No ES WP page,,,,,,,,,,,,,,
Q3350812,Olivier Benassis,No ES WP page,,,,,,,,,,,,,,
Q3350878,Olivier Caisso,No ES WP page,,,,,,,,,,,,,,
Q3350882,Olivier Campan,No ES WP page,,,,,,,,,,,,,,
Q3350885,Olivier Carbonneau,No ES WP page,,,,,,,,,,,,,,
Q3350982,Olivier Diomandé,No ES WP page,,,,,,,,,,,,,,
Q3351054,Olivier Gallion,No ES WP page,,,,,,,,,,,,,,
Q3351071,Olivier Grimaud,No ES WP page,,,,,,,,,,,,,,
Q3351185,Olivier Magne,,Olivier Magne,Olivier Claude Charles Magne,Olivier_Magne,11 de abril de 1973,Aurillac,/wiki/Aurillac,,,,193,95,Flanker,,Francia
Q3351222,Olivier Merle,No ES WP page,,,,,,,,,,,,,,
Q3351223,Olivier Missoup,No ES WP page,,,,,,,,,,,,,,
Q3351228,Olivier Milloud,No ES WP page,,,,,,,,,,,,,,
Q3351244,Olivier Nauroy,No ES WP page,,,,,,,,,,,,,,
Q3351263,Olivier Olibeau,No ES WP page,,,,,,,,,,,,,,
Q3351340,Olivier Rosemplatt,No ES WP page,,,,,,,,,,,,,,
Q3351349,Olivier Roumat,,Olivier Roumat,,Olivier_Roumat,16 de junio de 1966,Mont-de-Marsan,/wiki/Mont-de-Marsan,,,,200,117,Segunda línea; octavo,,Francia
Q3351368,Olivier Saïsset,No ES WP page,,,,,,,,,,,,,,
Q3351370,Olivier Sarramea,No ES WP page,,,,,,,,,,,,,,
Q3351392,Olivier Sourgens,No ES WP page,,,,,,,,,,,,,,
Q3351395,Olivier Sverzut,No ES WP page,,,,,,,,,,,,,,
Q3351407,Olivier Tissot,No ES WP page,,,,,,,,,,,,,,
Q3351415,Olivier Toulouze,No ES WP page,,,,,,,,,,,,,,
Q3351501,Ollie Campbell,,Ollie Campbell,Seamus Oliver Campbell,Ollie_Campbell,5 de marzo de 1954,Dublín,/wiki/Dubl%C3%ADn,,,,187,85,Apertura,,Irlanda
Q3351505,Ollie Phillips,No ES WP page,,,,,,,,,,,,,,
Q3351507,Ollie le Roux,No ES WP page,,,,,,,,,,,,,,
Q3351509,Ollie Smith,No ES WP page,,,,,,,,,,,,,,
Q3351519,Olly Barkley,No ES WP page,,,,,,,,,,,,,,
Q3351859,Omar Hassanein,No ES WP page,,,,,,,,,,,,,,
Q3354096,Opeta Palepoi,No ES WP page,,,,,,,,,,,,,,
Q3354097,Opeti Fonua,No ES WP page,,,,,,,,,,,,,,
Q3355146,Orazio Arancio,No ES WP page,,,,,,,,,,,,,,
Q3355837,Orene Ai'i,No ES WP page,,,,,,,,,,,,,,
Q3356944,Oscar Astarloa,No ES WP page,,,,,,,,,,,,,,
Q3357354,Ossie Williams,No ES WP page,,,,,,,,,,,,,,
Q3357573,Otar Eloshvili,No ES WP page,,,,,,,,,,,,,,
Q3358954,Ovidiu Tonița,,Ovidiu Toniţa,,Ovidiu_Toni%C8%9Ba,6 de agosto de 1980,Bârlad,/wiki/B%C3%A2rlad,,,,195,109,flanker,,Rumanía
Q3358989,Owen Badger,No ES WP page,,,,,,,,,,,,,,
Q3358996,Owen Finegan,,Owen Finegan,Owen Desmond Anthony Finegan,Owen_Finegan,22 de abril de 1972,Sídney,/wiki/S%C3%ADdney,,,,197,119,Segunda línea,,Australia
Q3359960,Pablo Camerlinckx,No ES WP page,,,,,,,,,,,,,,
Q3359961,Pablo Cardinali,No ES WP page,,,,,,,,,,,,,,
Q3359963,Pablo Bouza,No stint found,Pablo Bouza,,Pablo_Bouza,9 de mayo de 1973,Rosario,/wiki/Rosario_(Argentina),,,,193,,Segunda línea,,Argentina
Q3359970,Pablo Gambarini,No ES WP page,,,,,,,,,,,,,,
Q3359971,Pablo Gomez Cora,No ES WP page,,,,,,,,,,,,,,
Q3359973,Pablo Garretón,,Pablo Garretón,Pablo Arturo Garretón,Pablo_Garret%C3%B3n,26 de junio de 1966,San Miguel de Tucumán,/wiki/San_Miguel_de_Tucum%C3%A1n,,,,185,93,Ala,,Argentina
Q3359976,Pablo Henn,No ES WP page,,,,,,,,,,,,,,
Q3359982,Pablo Lemoine,,Pablo Lemoine,Pablo Adrián Lemoine,Pablo_Lemoine,1 de marzo de 1975,Montevideo,/wiki/Montevideo,,,,185,120,Pilar,,Uruguay
Q3360253,Paco Rodriguez,No ES WP page,,,,,,,,,,,,,,
Q3360340,Paddy Johns,No ES WP page,,,,,,,,,,,,,,
Q3360343,Paddy O'Brien,No ES WP page,,,,,,,,,,,,,,
Q3360349,Paddy Wallace,No ES WP page,,,,,,,,,,,,,,
Q3360612,Paino Hehea,No ES WP page,,,,,,,,,,,,,,
Q3362658,Paolo Rosi,No ES WP page,,,,,,,,,,,,,,
Q3367248,Pascal Ancelin,No ES WP page,,,,,,,,,,,,,,
Q3367270,Pascal Bazani,No ES WP page,,,,,,,,,,,,,,
Q3367300,Pascal Bomati,No ES WP page,,,,,,,,,,,,,,
Q3367316,Pascal Béraud,No ES WP page,,,,,,,,,,,,,,
Q3367351,Pascal Cotet,No ES WP page,,,,,,,,,,,,,,
Q3367429,Pascal Giordani,No ES WP page,,,,,,,,,,,,,,
Q3367455,Pascal Idieder,No ES WP page,,,,,,,,,,,,,,
Q3367463,Pascal Jehl,No ES WP page,,,,,,,,,,,,,,
Q3367475,Pascal Lacroix,No ES WP page,,,,,,,,,,,,,,
Q3367479,Pascal Laporte,No ES WP page,,,,,,,,,,,,,,
Q3367547,Pascal Ondarts,,Pascal Ondarts,,Pascal_Ondarts,1 de abril de 1956,Méharin,/wiki/M%C3%A9harin,,,,178,101,Pilar,,Francia
Q3367560,Pascal Peyron,No ES WP page,,,,,,,,,,,,,,
Q3367629,Pascal Vignard,No ES WP page,,,,,,,,,,,,,,
Q3368519,Pat Barnard,No ES WP page,,,,,,,,,,,,,,
Q3368542,Pat Howard,No ES WP page,,,,,,,,,,,,,,
Q3368550,Pat Lam,,Pat Lam,Patrick Richard Lam,Pat_Lam,29 de septiembre de 1968,Auckland,/wiki/Auckland,,,,188,105,Octavo,,Nueva ZelandaNueva Zelanda
Q3368574,Pat O'Connor,No ES WP page,,,,,,,,,,,,,,
Q3368577,Pat Palmer,,Pat Palmer,Patrick Palmer,Pat_Palmer,6 de noviembre de 1962,Vancouver,/wiki/Vancouver,,,,180,85,Wing,,Canadá
Q3368588,Pat Riordan,No ES WP page,,,,,,,,,,,,,,
Q3368863,Patrice Auboiroux,No ES WP page,,,,,,,,,,,,,,
Q3368874,Patrice Blachère,No ES WP page,,,,,,,,,,,,,,
Q3368910,Patrice Collazo,No ES WP page,,,,,,,,,,,,,,
Q3369031,Patrice Serre,No ES WP page,,,,,,,,,,,,,,
Q3369037,Patrice Teisseire,No ES WP page,,,,,,,,,,,,,,
Q3369046,Patrice Vacchino,No ES WP page,,,,,,,,,,,,,,
Q3369192,Patrick Arlettaz,No ES WP page,,,,,,,,,,,,,,
Q3369223,Patrick Bentaboulet,No ES WP page,,,,,,,,,,,,,,
Q3369247,Patrick Blanco,No ES WP page,,,,,,,,,,,,,,
Q3369253,Patrick Bonal,No ES WP page,,,,,,,,,,,,,,
Q3369263,Patrick Bosque,No ES WP page,,,,,,,,,,,,,,
Q3369269,Patrick Boucheix,No ES WP page,,,,,,,,,,,,,,
Q3369432,Patrick Estève,,Patrick Estève,,Patrick_Est%C3%A8ve,14 de febrero de 1959,Lavelanet,/wiki/Lavelanet,,,,183,85,Wing,,Francia
Q3369451,Patrick Fort,No ES WP page,,,,,,,,,,,,,,
Q3369457,Patrick Furet,No ES WP page,,,,,,,,,,,,,,
Q3369473,Patrick Goirand,No ES WP page,,,,,,,,,,,,,,
Q3369501,Patrick Hancock,No ES WP page,,,,,,,,,,,,,,
Q3369596,Pat Lavery,No ES WP page,,,,,,,,,,,,,,
Q3369637,Patrick Louchart,No ES WP page,,,,,,,,,,,,,,
Q3369646,Patrick Lubungu,No ES WP page,,,,,,,,,,,,,,
Q3369691,Patrick Mesny,No ES WP page,,,,,,,,,,,,,,
Q3369725,Patrick Munro,No ES WP page,,,,,,,,,,,,,,
Q3369761,Patrick Perrier,No ES WP page,,,,,,,,,,,,,,
Q3369806,Paddy Reid,No ES WP page,,,,,,,,,,,,,,
Q3369831,Patrick Salas,No ES WP page,,,,,,,,,,,,,,
Q3369847,Patrick Serrière,No ES WP page,,,,,,,,,,,,,,
Q3369876,Patrick Sykes,No ES WP page,,,,,,,,,,,,,,
Q3369881,Patrick Tabacco,No ES WP page,,,,,,,,,,,,,,
Q3370427,Paul Ackford,No ES WP page,,,,,,,,,,,,,,
Q3370513,Paul Arnold,,Paul Arnold,Paul D. Arnold,Paul_Arnold,28 de abril de 1968,Swansea,/wiki/Swansea,,,,196,100,Segunda línea,,"Gales,Reino Unido"
Q3370575,Paul Barrère,No ES WP page,,,,,,,,,,,,,,
Q3370657,Paul Blanc,No ES WP page,,,,,,,,,,,,,,
Q3370690,Paul Bonnefond,No ES WP page,,,,,,,,,,,,,,
Q3370703,Paul Bosch,No ES WP page,,,,,,,,,,,,,,
Q3370720,Paul Boyer,No ES WP page,,,,,,,,,,,,,,
Q3370767,Paul Burnell,No ES WP page,,,,,,,,,,,,,,
Q3370769,Paul Burke,No ES WP page,,,,,,,,,,,,,,
Q3370925,Paul Cooke,No ES WP page,,,,,,,,,,,,,,
Q3370930,Paul Cornish,No ES WP page,,,,,,,,,,,,,,
Q3370941,Paul Couet-Lannes,No ES WP page,,,,,,,,,,,,,,
Q3370967,Paul Dabrin,No ES WP page,,,,,,,,,,,,,,
Q3370998,Paul Dean,No ES WP page,,,,,,,,,,,,,,
Q3371004,Paul Dedeyn,No ES WP page,,,,,,,,,,,,,,
Q3371005,Paul Dedieu,No ES WP page,,,,,,,,,,,,,,
Q3371048,Paul Derbyshire,No ES WP page,,,,,,,,,,,,,,
Q3371076,Paul Diggin,No ES WP page,,,,,,,,,,,,,,
Q3371089,Paul Dodge,No ES WP page,,,,,,,,,,,,,,
Q3371165,Paul Emerick,No ES WP page,,,,,,,,,,,,,,
Q3371272,Paul Galiay,No ES WP page,,,,,,,,,,,,,,
Q3371288,Paul Garrigues,No ES WP page,,,,,,,,,,,,,,
Q3371352,Paul Goze,No ES WP page,,,,,,,,,,,,,,
Q3371365,Paul Grayson,,Paul Grayson,Paul James Grayson,Paul_Grayson,30 de mayo de 1971,Lancashire,/wiki/Lancashire,,,,178,88,Apertura,,"Inglaterra,Reino Unido"
Q3371372,Paul Griffen,No ES WP page,,,,,,,,,,,,,,
Q3371380,Paul Guffroy,No ES WP page,,,,,,,,,,,,,,
Q3371409,Paul Gustard,No ES WP page,,,,,,,,,,,,,,
Q3371471,Paul Hodgson,No ES WP page,,,,,,,,,,,,,,
Q3371478,Paul Honiss,No infobox found,,,Paul_Honiss,,,,,,,,,,,
Q3371541,Paul Johnstone,No ES WP page,,,,,,,,,,,,,,
Q3371597,Paul Labadie,No ES WP page,,,,,,,,,,,,,,
Q3371640,Paul Lasaosa,No ES WP page,,,,,,,,,,,,,,
Q3371811,Paul Mauriat,No ES WP page,,,,,,,,,,,,,,
Q3371822,Paul McLean,,Paul McLean,Paul Edward McLean,Paul_McLean_(rugbista),12 de octubre de 1953,Ipswich,/wiki/Ipswich_(Australia),,,,178,80,Apertura,,Australia
Q3371870,Paul Moriarty,,Paul Moriarty,William Paul Moriarty,Paul_Moriarty,16 de julio de 1964,Swansea,/wiki/Swansea,,,,195,110,Segunda línea,,"Gales,Reino Unido"
Q3372031,Paul Porical,No ES WP page,,,,,,,,,,,,,,
Q3372090,Paul Rendall,No stint found,Paul Rendall,Paul Anthony George Rendall,Paul_Rendall,18 de febrero de 1954,Londres,/wiki/Londres,12 de junio de 2023,,,180,107,Pilar,,Reino UnidoReino Unido
Q3372102,Paul Ringer,No ES WP page,,,,,,,,,,,,,,
Q3372131,Paul Roos,No ES WP page,,,,,,,,,,,,,,
Q3372148,Paul Sagot,No ES WP page,,,,,,,,,,,,,,
Q3372289,Paul Thorburn,,Paul Thorburn,Paul Huw Thorburn,Paul_Thorburn,24 de noviembre de 1962,Mönchengladbach,/wiki/M%C3%B6nchengladbach,,,,183,90,Fullback,,AlemaniaAlemania
Q3372292,Paul Tignol,No ES WP page,,,,,,,,,,,,,,
Q3372319,Paul Tupai,No ES WP page,,,,,,,,,,,,,,
Q3372394,Paul Volley,No ES WP page,,,,,,,,,,,,,,
Q3372399,Paul Wallace,No ES WP page,,,,,,,,,,,,,,
Q3372404,Paul Warwick,No ES WP page,,,,,,,,,,,,,,
Q3372650,Paulică Ion,,Ion Paulică,,Ion_Paulic%C4%83,10 de enero de 1983,Brăila,/wiki/Br%C4%83ila,,,,183,119,Pilier,,Rumanía
Q3372654,Paulin Bascou,No ES WP page,,,,,,,,,,,,,,
Q3372836,Paulo do Rio Branco,No ES WP page,,,,,,,,,,,,,,
Q3372974,Pavel Šťastný,No ES WP page,,,,,,,,,,,,,,
Q3372995,Paliko Jimsheladze,No ES WP page,,,,,,,,,,,,,,
Q3374000,Pedrie Wannenburg,No ES WP page,,,,,,,,,,,,,,
Q3374070,Pedro Ledesma Arocena,No ES WP page,,,,,,,,,,,,,,
Q3374073,Pedro Leal,No ES WP page,,,,,,,,,,,,,,
Q3374132,Pedro Sporleder,,Pedro Sporleder,Pedro Luis Sporleder,Pedro_Sporleder,2 de enero de 1971,Buenos Aires,/wiki/Buenos_Aires,,,,198,117,Segunda línea,,Argentina
Q3374566,Pelu Taele-Pavihi,,Pelu Taele-Pavihi,,Pelu_Taele-Pavihi,28 de septiembre de 1981,Dunedin,/wiki/Dunedin,,,,198,114,Segunda línea,,NeozelandesaSamoana
Q3374729,Peni Fakalelu,No ES WP page,,,,,,,,,,,,,,
Q3375183,Percy Bush,No ES WP page,,,,,,,,,,,,,,
Q3375217,Percy Phillips,No ES WP page,,,,,,,,,,,,,,
Q3376472,Peter Bracken,No ES WP page,,,,,,,,,,,,,,
Q3376482,Peter Brown,No stint found,Peter Brown,,Peter_Brown_(rugby),16 de diciembre de 1941 o 6 de diciembre de 1941,Troon,/wiki/Troon_(South_Ayrshire),12 de enero de 2025,,,,,Number 8Lock,,EscociaEscocia
Q3376484,Peter Burge,No ES WP page,,,,,,,,,,,,,,
Q3376486,Peter Buxton,No ES WP page,,,,,,,,,,,,,,
Q3376505,Peter Clohessy,No ES WP page,,,,,,,,,,,,,,
Q3376542,Peter Dixon,No stint found,Peter Dixon,Peter-John Dixon,Peter_Dixon,30 de abril de 1944,Keighley,/wiki/Keighley,2 de agosto de 2023,Cumbria,/wiki/Cumbria,,,,,InglaterraInglaterra
Q3376552,Peter Durcan,No ES WP page,,,,,,,,,,,,,,
Q3376570,Peter FitzSimons,No ES WP page,,,,,,,,,,,,,,
Q3376578,Peter Jones,No ES WP page,,,,,,,,,,,,,,
Q3376624,Peter Grant,No ES WP page,,,,,,,,,,,,,,
Q3376641,Peter Hewat,No ES WP page,,,,,,,,,,,,,,
Q3376657,Peter Howard,No stint found,Peter Howard,Peter Dunsmore Howard,Peter_Howard,1908,,,1965,,,,,,,
Q3376661,Peter Hynes,No ES WP page,,,,,,,,,,,,,,
Q3376668,Peter Jackson,No ES WP page,,,,,,,,,,,,,,
Q3376673,Peter Johnson,No ES WP page,,,,,,,,,,,,,,
Q3376694,Peter Kimlin,No ES WP page,,,,,,,,,,,,,,
Q3376765,Peter Morgan,No ES WP page,,,,,,,,,,,,,,
Q3376820,Peter Poulos,No ES WP page,,,,,,,,,,,,,,
Q3376849,Peter Richards,No ES WP page,,,,,,,,,,,,,,
Q3376855,Peter Rogers,No ES WP page,,,,,,,,,,,,,,
Q3376886,Peter Slattery,,Peter Slattery,Peter John Slattery,Peter_Slattery,6 de junio de 1965,Brisbane,/wiki/Brisbane,,,,179,87,Medio scrum,,Australia
Q3376889,Peter Squires,No ES WP page,,,,,,,,,,,,,,
Q3376918,Peter Thompson,No ES WP page,,,,,,,,,,,,,,
Q3376925,Peter Tom,No ES WP page,,,,,,,,,,,,,,
Q3376950,Peter Walton,No ES WP page,,,,,,,,,,,,,,
Q3376963,Peter Wheeler,No ES WP page,,,,,,,,,,,,,,
Q3376966,Peter Williams,No ES WP page,,,,,,,,,,,,,,
Q3376972,Peter Wright,No ES WP page,,,,,,,,,,,,,,
Q3377603,Petre Mitu,No ES WP page,,,,,,,,,,,,,,
Q3377610,Petrișor Toderașc,No ES WP page,,,,,,,,,,,,,,
Q3377669,Petru Bălan,No ES WP page,,,,,,,,,,,,,,
Q3377682,Petrus Hauman,No ES WP page,,,,,,,,,,,,,,
Q3377852,Peyo Roussarie,No ES WP page,,,,,,,,,,,,,,
Q3378742,Phil Blakeway,No ES WP page,,,,,,,,,,,,,,
Q3378749,Phil Christophers,No ES WP page,,,,,,,,,,,,,,
Q3378755,W. P. C. Davies,No ES WP page,,,,,,,,,,,,,,
Q3378756,Phil Davies,No ES WP page,,,,,,,,,,,,,,
Q3378758,Phil Davies,No ES WP page,,,,,,,,,,,,,,
Q3378774,Phil Godman,No ES WP page,,,,,,,,,,,,,,
Q3378783,Phil Greening,,Phil Greening,Philip Bradley Thomas Greening,Phil_Greening,3 de octubre de 1975,Gloucester,/wiki/Gloucester,,,,178,105,Hooker,,"Inglaterra,Reino Unido"
Q3378791,Phil Hawthorne,No ES WP page,,,,,,,,,,,,,,
Q3378800,Phil Kearns,,Phil Kearns,Philip Nicholas Kearns,Phil_Kearns,27 de junio de 1967,Sídney,/wiki/S%C3%ADdney,,,,183,109,Hooker,,Australia
Q3378814,Phil Mostert,No ES WP page,,,,,,,,,,,,,,
Q3378818,Phil Murphy,No ES WP page,,,,,,,,,,,,,,
Q3378823,Philip Orr,No ES WP page,,,,,,,,,,,,,,
Q3378835,Phil Waller,No ES WP page,,,,,,,,,,,,,,
Q3378838,Phil Waugh,,Phil Waugh,Philip Robert Waugh,Phil_Waugh,22 de septiembre de 1979,Sídney,/wiki/S%C3%ADdney,,,,175,100,Ala,,Australia
Q3378839,Phil de Glanville,No ES WP page,,,,,,,,,,,,,,
Q3378891,Philemon Toleafoa,No ES WP page,,,,,,,,,,,,,,
Q3378918,Philibert Capitani,No ES WP page,,,,,,,,,,,,,,
Q3378984,Philip Burger,No ES WP page,,,,,,,,,,,,,,
Q3379005,Philip Fitzgerald,No ES WP page,,,,,,,,,,,,,,
Q3379022,Phil Hopkins,No ES WP page,,,,,,,,,,,,,,
Q3379044,Philip Maud,No ES WP page,,,,,,,,,,,,,,
Q3379116,Philipp Lemmer,No ES WP page,,,,,,,,,,,,,,
Q3379325,Philippe Berbizier,No ES WP page,,,,,,,,,,,,,,
Q3379329,Philippe Benetton,No ES WP page,,,,,,,,,,,,,,
Q3379342,Philippe Bernat-Salles,,Philippe Bernat-Salles,,Philippe_Bernat-Salles,17 de febrero de 1970,Pau,/wiki/Pau_(Pirineos_Atl%C3%A1nticos),,,,180,80,Wing,,Francia
Q3379358,Philippe Bidabé,No ES WP page,,,,,,,,,,,,,,
Q3379375,Philippe Boher,No ES WP page,,,,,,,,,,,,,,
Q3379385,Philippe Bonhoure,No ES WP page,,,,,,,,,,,,,,
Q3379484,Philippe Bérot,No ES WP page,,,,,,,,,,,,,,
Q3379506,Philippe Carbonneau,No ES WP page,,,,,,,,,,,,,,
Q3379541,Philippe Chamayou,No ES WP page,,,,,,,,,,,,,,
Q3379707,Philippe Delannoy,No ES WP page,,,,,,,,,,,,,,
Q3379735,Philippe Destribats,No ES WP page,,,,,,,,,,,,,,
Q3379743,Philippe Dintrans,No ES WP page,,,,,,,,,,,,,,
Q3379804,Philippe Escande,No ES WP page,,,,,,,,,,,,,,
Q3379810,Philippe Etchegaray,No ES WP page,,,,,,,,,,,,,,
Q3379878,Philippe Gallart,No ES WP page,,,,,,,,,,,,,,
Q3379913,Philippe Gilibert,No ES WP page,,,,,,,,,,,,,,
Q3379921,Philippe Gimbert,No ES WP page,,,,,,,,,,,,,,
Q3379970,Philippe Guicherd,No ES WP page,,,,,,,,,,,,,,
Q3379974,Philippe Guillard,No ES WP page,,,,,,,,,,,,,,
Q3380078,Philippe Jouanolou,No ES WP page,,,,,,,,,,,,,,
Q3380146,Philippe Lapoutge,No ES WP page,,,,,,,,,,,,,,
Q3380327,Philippe Marocco,No ES WP page,,,,,,,,,,,,,,
Q3380368,Philippe Meunier,No ES WP page,,,,,,,,,,,,,,
Q3380418,Philippe Morrisson,No ES WP page,,,,,,,,,,,,,,
Q3380666,Philippe Rougé-Thomas,No ES WP page,,,,,,,,,,,,,,
Q3380687,Philippe Saint-André,,Philippe Saint-André,Philippe Georges Saint-André,Philippe_Saint-Andr%C3%A9,19 de abril de 1967,Romans-sur-Isère,/wiki/Romans-sur-Is%C3%A8re,,,,180,90,Wing,,Francia
Q3380699,Philippe Sauton,No ES WP page,,,,,,,,,,,,,,
Q3380748,Philippe Struxiano,No ES WP page,,,,,,,,,,,,,,
Q3380758,Philippe Tapié,No ES WP page,,,,,,,,,,,,,,
Q3381083,Phillip Matthews,No ES WP page,,,,,,,,,,,,,,
Q3381093,Phillip Van Schalkwyk,No ES WP page,,,,,,,,,,,,,,
Q3382665,Pier-Nicol Feldis,No ES WP page,,,,,,,,,,,,,,
Q3382698,Pierce O'Brien-Butler,No ES WP page,,,,,,,,,,,,,,
Q3382766,Pierre-Alain Nègre-Gauthier,No ES WP page,,,,,,,,,,,,,,
Q3382778,Pierre-Alexandre Dut,No ES WP page,,,,,,,,,,,,,,
Q3382983,Pierre-Emmanuel Garcia,No ES WP page,,,,,,,,,,,,,,
Q3383091,Pierre-Gilles Lakafia,No ES WP page,,,,,,,,,,,,,,
Q3383119,Pierre-Henry Broncan,No ES WP page,,,,,,,,,,,,,,
Q3383423,Pierre-Olivier Julien,No ES WP page,,,,,,,,,,,,,,
Q3383471,Pierre-Philippe Lafond,No ES WP page,,,,,,,,,,,,,,
Q3383577,Pierre-Yves Montagnat,No ES WP page,,,,,,,,,,,,,,
Q3383592,Pierre-Édouard Detrez,No ES WP page,,,,,,,,,,,,,,
Q3383646,Pierre Aguillon,No ES WP page,,,,,,,,,,,,,,
Q3383662,Pierre Albaladejo,,Pierre Albaladejo,,Pierre_Albaladejo,14 de diciembre de 1933,Dax,/wiki/Dax,,,,180,85,Fullback,,Francia
Q3383765,Pierre Aristouy,No ES WP page,,,,,,,,,,,,,,
Q3383778,Pierre Arthapignet,No ES WP page,,,,,,,,,,,,,,
Q3383842,Pierre Balineau,No ES WP page,,,,,,,,,,,,,,
Q3383932,Pierre Bérard,No ES WP page,,,,,,,,,,,,,,
Q3383935,Pierre Berbizier,,Pierre Berbizier,,Pierre_Berbizier,17 de junio de 1958,Saint-Gaudens,/wiki/Saint-Gaudens,,,,169,70,Medio scrum,,Francia
Q3383946,Pierre Bernard,No ES WP page,,,,,,,,,,,,,,
Q3383963,Pierre Bertrand,No ES WP page,,,,,,,,,,,,,,
Q3383977,Pierre Besson,No ES WP page,,,,,,,,,,,,,,
Q3383981,Pierre Bessot,No ES WP page,,,,,,,,,,,,,,
Q3384019,Pierre Biémouret,No ES WP page,,,,,,,,,,,,,,
Q3384066,Pierre Bondouy,No ES WP page,,,,,,,,,,,,,,
Q3384263,Pierre Caillet,No ES WP page,,,,,,,,,,,,,,
Q3384273,Pierre Camou,No ES WP page,,,,,,,,,,,,,,
Q3384280,Pierre Capdevielle,No ES WP page,,,,,,,,,,,,,,
Q3384323,Pierre Cazals,No ES WP page,,,,,,,,,,,,,,
Q3384342,Pierre Chadebech,No ES WP page,,,,,,,,,,,,,,
Q3384531,Pierre Corréia,No ES WP page,,,,,,,,,,,,,,
Q3384623,Pierre Danos,No stint found,Pierre Danos,,Pierre_Danos,4 de junio de 1929,Toulouse,/wiki/Toulouse,16 de enero de 2023,Béziers,/wiki/B%C3%A9ziers,175,76,Medio scrum,,Francia
Q3384624,Pierre Darbos,No ES WP page,,,,,,,,,,,,,,
Q3384772,Pierre Dizabo,No ES WP page,,,,,,,,,,,,,,
Q3384790,Peio Dospital,No ES WP page,,,,,,,,,,,,,,
Q3385164,Pierre Gaudermen,No ES WP page,,,,,,,,,,,,,,
Q3385205,Pierre Gicollet,No ES WP page,,,,,,,,,,,,,,
Q3385373,Pierre Guillemin,No ES WP page,,,,,,,,,,,,,,
Q3385375,Pierre Guilleux,No ES WP page,,,,,,,,,,,,,,
Q3385462,Pierre Hontas,No ES WP page,,,,,,,,,,,,,,
Q3385591,Pierre Jeanjean,No ES WP page,,,,,,,,,,,,,,
Q3385705,Pierre Lacaze,No ES WP page,,,,,,,,,,,,,,
Q3385707,Pierre Lacans,No ES WP page,,,,,,,,,,,,,,
Q3385720,Pierre Lacroix,No ES WP page,,,,,,,,,,,,,,
Q3385808,Pierre Lauga,No ES WP page,,,,,,,,,,,,,,
Q3385819,Pierre Laurent,No ES WP page,,,,,,,,,,,,,,
Q3385826,Pierre Lavergne,No ES WP page,,,,,,,,,,,,,,
Q3386155,Pierre Marsaud,No ES WP page,,,,,,,,,,,,,,
Q3386335,Pierre Montlaur,No ES WP page,,,,,,,,,,,,,,
Q3386362,Pierre Mounicq,No ES WP page,,,,,,,,,,,,,,
Q3386371,Pierre Moureu,No ES WP page,,,,,,,,,,,,,,
Q3386516,Pierre Pascalin,No ES WP page,,,,,,,,,,,,,,
Q3386648,Pierre Pons,No ES WP page,,,,,,,,,,,,,,
Q3386711,Pierre Pédeutour,No ES WP page,,,,,,,,,,,,,,
Q3386738,Pierre Rabadan,No ES WP page,,,,,,,,,,,,,,
Q3386755,Pierre Raschi,No ES WP page,,,,,,,,,,,,,,
Q3386834,Pierre Rochette,No ES WP page,,,,,,,,,,,,,,
Q3386909,Pierre Saby,No ES WP page,,,,,,,,,,,,,,
Q3386918,Pierre Salettes,No ES WP page,,,,,,,,,,,,,,
Q3387016,Pierre Som,No ES WP page,,,,,,,,,,,,,,
Q3387077,Pierre Tarricq,No ES WP page,,,,,,,,,,,,,,
Q3387094,Pierre Thiers,No ES WP page,,,,,,,,,,,,,,
Q3387165,Pierre Triep-Capdeville,No ES WP page,,,,,,,,,,,,,,
Q3387182,Pierre Trémouille,No ES WP page,,,,,,,,,,,,,,
Q3387200,Pierré Uys,No ES WP page,,,,,,,,,,,,,,
Q3387250,Pierre Venayre,No ES WP page,,,,,,,,,,,,,,
Q3387296,Pierre Vigouroux,No ES WP page,,,,,,,,,,,,,,
Q3387305,Pierre Villepreux,,Pierre Villepreux,,Pierre_Villepreux,5 de julio de 1943,Arnac-Pompadour,/wiki/Arnac-Pompadour,,,,180,85,Fullback,,Francia
Q3387923,Pierrick Gunther,No ES WP page,,,,,,,,,,,,,,
Q3387972,Piet Greyling,No ES WP page,,,,,,,,,,,,,,
Q3387977,Piet Visagie,No ES WP page,,,,,,,,,,,,,,
Q3387981,Piet du Toit,No ES WP page,,,,,,,,,,,,,,
Q3387986,Piet van Zyl,No ES WP page,,,,,,,,,,,,,,
Q3387996,Pieter Dixon,No ES WP page,,,,,,,,,,,,,,
Q3387997,Pieter Grobler,No ES WP page,,,,,,,,,,,,,,
Q3388004,Pieter Hendriks,,Pieter Hendriks,,Pieter_Hendriks,13 de abril de 1970,Provincia Septentrional del Cabo,/wiki/Provincia_Septentrional_del_Cabo,,,,183,86,Wing,,Sudáfrica
Q3388016,Pieter Louw,No ES WP page,,,,,,,,,,,,,,
Q3388021,Pieter Muller,No ES WP page,,,,,,,,,,,,,,
Q3388026,Pieter Rossouw,,Pieter Rossouw,Pieter Willem Gabriel Rossouw,Pieter_Rossouw,3 de diciembre de 1971,Swellendam,/wiki/Swellendam,,,,193,94,Wing,,Sudáfrica
Q3388031,Pieter van Niekerk,No ES WP page,,,,,,,,,,,,,,
Q3388200,Pietro Travagli,No ES WP page,,,,,,,,,,,,,,
Q3388366,Pila Fifita,No ES WP page,,,,,,,,,,,,,,
Q3389323,Pita Alatini,No ES WP page,,,,,,,,,,,,,,
Q3391029,William Heather,No ES WP page,,,,,,,,,,,,,,
Q3394086,Peter Whiting,No ES WP page,,,,,,,,,,,,,,
Q3396220,Ponie van der Westhuizen,No ES WP page,,,,,,,,,,,,,,
Q3397936,Popeye Strydom,No ES WP page,,,,,,,,,,,,,,
Q3399714,Tavis Knoyle,No ES WP page,,,,,,,,,,,,,,
Q3399737,Wilf Wooller,No ES WP page,,,,,,,,,,,,,,
Q3399746,Rhys H. Williams,No ES WP page,,,,,,,,,,,,,,
Q3399819,Scott Williams,No ES WP page,,,,,,,,,,,,,,
Q3401357,Rhys Gabe,No ES WP page,,,,,,,,,,,,,,
Q3401755,Toby Faletau,,Taulupe Faletau,Tangaki Taulupe Faletau,Taulupe_Faletau,12 de noviembre de 1990,Ha'apai,/wiki/Ha%27apai,,,,187,110,Octavo,,Tonga
Q3403741,Rhys Priestland,,Rhys Priestland,,Rhys_Priestland,9 de enero de 1987,Carmarthen,/wiki/Carmarthen,,,,188,95,Apertura; zaguero,,Reino Unido
Q3404909,Ray Gravell,No ES WP page,,,,,,,,,,,,,,
Q3410621,Puig Aubert,No ES WP page,,,,,,,,,,,,,,
Q3411871,Pépito Elhorga,,Pépito Elhorga,,P%C3%A9pito_Elhorga,6 de enero de 1978,Agboville,/wiki/Agboville,,,,178,85,Fullback,,Costa de MarfilCosta de Marfil
Q3414173,Quentin Donald,No ES WP page,,,,,,,,,,,,,,
Q3414174,Quentin Doumayrou,No ES WP page,,,,,,,,,,,,,,
Q3414188,Quentin Nauroy,No ES WP page,,,,,,,,,,,,,,
Q3414198,Quentin Valançon,No ES WP page,,,,,,,,,,,,,,
Q3414199,Quentin d'Aram de Valada,No ES WP page,,,,,,,,,,,,,,
Q3414655,Quinton Davids,No ES WP page,,,,,,,,,,,,,,
Q3416191,Rachid Ourak,No ES WP page,,,,,,,,,,,,,,
Q3417156,Radu Demian,No ES WP page,,,,,,,,,,,,,,
Q3417243,Rafael Madero,,Rafael Madero,Rafael M. Madero,Rafael_Madero,16 de julio de 1958,Buenos Aires,/wiki/Buenos_Aires,,,,180,85,Centro,,Argentina
Q3417306,Rafael Carballo,No ES WP page,,,,,,,,,,,,,,
Q3418242,Ralph Caulton,No stint found,Ralph Caulton,Ralph Walter Caulton,Ralph_Caulton,10 de enero de 1937,Wellington,/wiki/Wellington,11 de junio de 2024,Stoke (,,181,77,Wing,,Nueva ZelandaNueva Zelanda
Q3418271,Ralph Keyes,No stint found,Ralph Keyes,Ralph Patrick Keyes,Ralph_Keyes,1 de agosto de 1961,Cork,/wiki/Cork,,,,178,80,Apertura,,Irlanda
Q3418409,Rambo Tavana,No ES WP page,,,,,,,,,,,,,,
Q3418991,Ranji Wilson,No ES WP page,,,,,,,,,,,,,,
Q3419125,Raoul Barrière,No ES WP page,,,,,,,,,,,,,,
Q3419132,Raoul Bonamy,No ES WP page,,,,,,,,,,,,,,
Q3419208,Raoul Jonathan Larson,No ES WP page,,,,,,,,,,,,,,
Q3419243,Raoul Paoli,No stint found,Raoul Paoli,Jacques Marie Lucien Raoul Simonpaoli,Raoul_Paoli,24 de noviembre de 1887,Courtalain,/wiki/Courtalain,23 de marzo de 1960,París,/wiki/Par%C3%ADs,,,,,
Q3419402,Raphaël Bastide,No stint found,Rafael Bastide,Rafael Bastide Gutiérrez,Rafael_Bastide_Guti%C3%A9rrez,24 de noviembre de 1977,,,,,,187,91,Ala,,
Q3419415,Raphaël Chanal,No ES WP page,,,,,,,,,,,,,,
Q3419417,Raphaël Chaume,No ES WP page,,,,,,,,,,,,,,
Q3419466,Raphaël Jéchoux,No ES WP page,,,,,,,,,,,,,,
Q3419469,Raphaël Lagarde,No ES WP page,,,,,,,,,,,,,,
Q3419476,Raphaël Lavaud,No ES WP page,,,,,,,,,,,,,,
Q3419512,Raphaël Poulain,No ES WP page,,,,,,,,,,,,,,
Q3419517,Raphaël Saint-André,No ES WP page,,,,,,,,,,,,,,
Q3420485,Ray Cale,No ES WP page,,,,,,,,,,,,,,
Q3420512,Ray French,No ES WP page,,,,,,,,,,,,,,
Q3420523,Ray Hopkins,No ES WP page,,,,,,,,,,,,,,
Q3420542,Ray McLoughlin,No ES WP page,,,,,,,,,,,,,,
Q3420543,Ray Mordt,No ES WP page,,,,,,,,,,,,,,
Q3420549,Ray Nelson,,Ray Nelson,Raymond Brian Nelson,Ray_Nelson_(rugbista),11 de junio de 1961,,,,,,,,Fullback,,Reino UnidoReino Unido
Q3421130,Raymond Rébujent,No ES WP page,,,,,,,,,,,,,,
Q3421294,Rayno Gerber,No ES WP page,,,,,,,,,,,,,,
Q3421392,Răzvan Mavrodin,No ES WP page,,,,,,,,,,,,,,
Q3421543,Read Masters,No ES WP page,,,,,,,,,,,,,,
Q3423032,Rees Stephens,No ES WP page,,,,,,,,,,,,,,
Q3423316,Reg Higgins,No ES WP page,,,,,,,,,,,,,,
Q3423320,Reg Skrimshire,No ES WP page,,,,,,,,,,,,,,
Q3423337,Regan King,No ES WP page,,,,,,,,,,,,,,
Q3423419,Reggie Corrigan,No ES WP page,,,,,,,,,,,,,,
Q3423421,Reggie Gibbs,No ES WP page,,,,,,,,,,,,,,
Q3423515,Reginald Morrison,No ES WP page,,,,,,,,,,,,,,
Q3424661,Remus Lungu,No ES WP page,,,,,,,,,,,,,,
Q3424851,Renaud Boyoud,No ES WP page,,,,,,,,,,,,,,
Q3424879,Renaud Dulin,No ES WP page,,,,,,,,,,,,,,
Q3424941,Renaud Pérez,No ES WP page,,,,,,,,,,,,,,
Q3425307,Rene Ranger,No ES WP page,,,,,,,,,,,,,,
Q3425763,René Arotca,No ES WP page,,,,,,,,,,,,,,
Q3425825,René Bergès-Cau,No ES WP page,,,,,,,,,,,,,,
Q3425829,René Bernard,No ES WP page,,,,,,,,,,,,,,
Q3425867,René Biénès,No ES WP page,,,,,,,,,,,,,,
Q3425902,René Boudreaux,No ES WP page,,,,,,,,,,,,,,
Q3425918,René Bousquet,No ES WP page,,,,,,,,,,,,,,
Q3425926,René Brejassou,No ES WP page,,,,,,,,,,,,,,
Q3425947,René Bénésis,No ES WP page,,,,,,,,,,,,,,
Q3426056,René Crabos,No ES WP page,,,,,,,,,,,,,,
Q3426077,René Deleris,No ES WP page,,,,,,,,,,,,,,
Q3426289,René Graciet,No ES WP page,,,,,,,,,,,,,,
Q3426372,René Hourquet,No ES WP page,,,,,,,,,,,,,,
Q3426483,René Le Bourhis,No ES WP page,,,,,,,,,,,,,,
Q3426638,René Monié,No ES WP page,,,,,,,,,,,,,,
Q3426676,René Namur,No ES WP page,,,,,,,,,,,,,,
Q3426915,René Séguier,No ES WP page,,,,,,,,,,,,,,
Q3426947,René Traille,No ES WP page,,,,,,,,,,,,,,
Q3427061,René de Mallemann,No ES WP page,,,,,,,,,,,,,,
Q3428099,Retief Uys,No ES WP page,,,,,,,,,,,,,,
Q3428323,Reuben Thorne,,Reuben Thorne,Reuben David Thorne,Reuben_Thorne,2 de enero de 1975,Christchurch,/wiki/Christchurch,,,,192,107,Segunda línea,,Nueva Zelanda
Q3428390,Revaz Gigauri,No ES WP page,,,,,,,,,,,,,,
Q3428841,Rex Willis,No ES WP page,,,,,,,,,,,,,,
Q3429868,Rhys Duggan,No ES WP page,,,,,,,,,,,,,,
Q3429880,Rhys Williams,No ES WP page,,,,,,,,,,,,,,
Q3430269,Ricardo Le Fort,,Ricardo Le Fort,,Ricardo_Le_Fort,13 de octubre de 1971,San Miguel de Tucumán,/wiki/San_Miguel_de_Tucum%C3%A1n,,,,180,110,Hooker,,Argentina
Q3430273,Ricardo Loubscher,No ES WP page,,,,,,,,,,,,,,
Q3430360,Riccardo Bocchino,No ES WP page,,,,,,,,,,,,,,
Q3430379,Riccardo Pavan,No ES WP page,,,,,,,,,,,,,,
Q3430473,Richard Apanui,No ES WP page,,,,,,,,,,,,,,
Q3430480,Richard Astre,No ES WP page,,,,,,,,,,,,,,
Q3430498,Richard Bands,No ES WP page,,,,,,,,,,,,,,
Q3430537,Richard Birkett,No ES WP page,,,,,,,,,,,,,,
Q3430549,Richard Blaze,No ES WP page,,,,,,,,,,,,,,
Q3430581,Richard Brown,No ES WP page,,,,,,,,,,,,,,
Q3430625,Richard Castel,No ES WP page,,,,,,,,,,,,,,
Q3430637,Richard Choirat,No ES WP page,,,,,,,,,,,,,,
Q3430647,Richard Cockerill,No ES WP page,,,,,,,,,,,,,,
Q3430660,Richard Coulas,No ES WP page,,,,,,,,,,,,,,
Q3430667,Richard Crespy,No ES WP page,,,,,,,,,,,,,,
Q3430728,Richard Dourthe,,Richard Dourthe,,Richard_Dourthe,13 de diciembre de 1974,Dax,/wiki/Dax,,,,188,99,Centro,,Francia
Q3430841,Richard Harding,No ES WP page,,,,,,,,,,,,,,
Q3430846,Richard Harry,No ES WP page,,,,,,,,,,,,,,
Q3430851,Richard Haughton,No ES WP page,,,,,,,,,,,,,,
Q3430866,Richard Hill,,Richard Hill,Richard Anthony Hill,Richard_Hill,23 de mayo de 1973,Dormansland,/wiki/Dormansland,,,,188,108,Ala,,"InglaterraInglaterra, Reino Unido"
Q3430868,Richard Hill,No ES WP page,,,,,,,,,,,,,,
Q3430989,Richard Loe,,Richard Loe,Richard Wyllie Loe,Richard_Loe,6 de abril de 1960,Christchurch,/wiki/Christchurch,,,,188,110,Pilar,,Nueva Zelanda
Q3431040,Richard Menotti,No ES WP page,,,,,,,,,,,,,,
Q3431047,Richard Milliken,No ES WP page,,,,,,,,,,,,,,
Q3431101,Richard Parks,No ES WP page,,,,,,,,,,,,,,
Q3431132,Richard Pool-Jones,No ES WP page,,,,,,,,,,,,,,
Q3431217,Richard Sharp,No ES WP page,,,,,,,,,,,,,,
Q3431260,Richard Tardits,No ES WP page,,,,,,,,,,,,,,
Q3431274,Richard Tombs,No ES WP page,,,,,,,,,,,,,,
Q3431310,Richard Wallace,No ES WP page,,,,,,,,,,,,,,
Q3431321,Richard Webster,No ES WP page,,,,,,,,,,,,,,
Q3431328,Richard Wigglesworth,No ES WP page,,,,,,,,,,,,,,
Q3431329,Richard Garnons Williams,No ES WP page,,,,,,,,,,,,,,
Q3431456,Richie Vernon,No ES WP page,,,,,,,,,,,,,,
Q3431636,Rickus Lubbe,No ES WP page,,,,,,,,,,,,,,
Q3431650,Ricky Nebbett,No ES WP page,,,,,,,,,,,,,,
Q3431692,Rida Jahouer,No ES WP page,,,,,,,,,,,,,,
Q3432261,Rino Francescato,No ES WP page,,,,,,,,,,,,,,
Q3434143,Robert Ackerman,No ES WP page,,,,,,,,,,,,,,
Q3434170,Rob Dewey,No ES WP page,,,,,,,,,,,,,,
Q3434179,Rob Hawkins,No ES WP page,,,,,,,,,,,,,,
Q3434180,Rob Henderson,No ES WP page,,,,,,,,,,,,,,
Q3434197,Rob Liley,No ES WP page,,,,,,,,,,,,,,
Q3434198,Rob Linde,No ES WP page,,,,,,,,,,,,,,
Q3434200,Rob Louw,No ES WP page,,,,,,,,,,,,,,
Q3434228,Rob Saunders,No ES WP page,,,,,,,,,,,,,,
Q3434244,Rob Wainwright,No ES WP page,,,,,,,,,,,,,,
Q3434246,Rob Webber,No ES WP page,,,,,,,,,,,,,,
Q3434282,Robbie Fleck,No ES WP page,,,,,,,,,,,,,,
Q3434284,Robbie Fruean,No ES WP page,,,,,,,,,,,,,,
Q3434286,Robbie Hutton,No ES WP page,,,,,,,,,,,,,,
Q3434289,Robbie Kydd,No ES WP page,,,,,,,,,,,,,,
Q3434290,Robbie Malneek,No ES WP page,,,,,,,,,,,,,,
Q3434291,Robbie McGrath,No ES WP page,,,,,,,,,,,,,,
Q3434513,Robert Barran,No ES WP page,,,,,,,,,,,,,,
Q3434525,Robert Basauri,No ES WP page,,,,,,,,,,,,,,
Q3434527,Robert Baulon,No ES WP page,,,,,,,,,,,,,,
Q3434720,Robert Cals,No ES WP page,,,,,,,,,,,,,,
Q3434738,Robert Carrère,No ES WP page,,,,,,,,,,,,,,
Q3434752,Robert Caunegre,No ES WP page,,,,,,,,,,,,,,
Q3435056,James Baxter,No stint found,James Baxter,,James_Baxter_(regatista),8 de junio de 1870,Birkenhead,/wiki/Birkenhead,4 de julio de 1940,Birkenhead,/wiki/Birkenhead,,,,,
Q3435416,Robert Houdet,No ES WP page,,,,,,,,,,,,,,
Q3435422,Robert Howie,No ES WP page,,,,,,,,,,,,,,
Q3435430,Robert Hunt,No ES WP page,,,,,,,,,,,,,,
Q3435545,Robert Jones,,Robert Jones,Robert Nicholas Jones,Robert_Jones_(rugbista),10 de octubre de 1965,Glanamman,/w/index.php?title=Glanamman&action=edit&redlink=1,,,,173,77,Medio scrum,,"Gales,Reino Unido"
Q3435619,Robert Labarthète,No ES WP page,,,,,,,,,,,,,,
Q3435794,Robert MacMillan,No ES WP page,,,,,,,,,,,,,,
Q3435814,Robert Maitland,No ES WP page,,,,,,,,,,,,,,
Q3435995,Robert Miln Neill,No ES WP page,,,,,,,,,,,,,,
Q3436034,Robert Paparemborde,No stint found,Robert Paparemborde,,Robert_Paparemborde,5 de julio de 1948,,,18 de abril de 2001,Paris,/wiki/Paris,,,pilar,,
Q3436227,Robert Samatan,No ES WP page,,,,,,,,,,,,,,
Q3436266,Robert Scohy,No ES WP page,,,,,,,,,,,,,,
Q3436303,Robert Sidoli,No ES WP page,,,,,,,,,,,,,,
Q3436323,Robert Soro,No ES WP page,,,,,,,,,,,,,,
Q3436331,Robert Spagnolo,No ES WP page,,,,,,,,,,,,,,
Q3436395,Robert Thierry,No ES WP page,,,,,,,,,,,,,,
Q3436485,Robert Vigier,No ES WP page,,,,,,,,,,,,,,
Q3436498,Robert Voves,No ES WP page,,,,,,,,,,,,,,
Q3436522,Robert Walkington,No ES WP page,,,,,,,,,,,,,,
Q3436532,Robert Warren,No ES WP page,,,,,,,,,,,,,,
Q3436745,Robert de Winton,No ES WP page,,,,,,,,,,,,,,
Q3436908,Roberto Diego Grau,,Roberto Grau,Roberto Diego Grau,Roberto_Grau_(rugbista),16 de julio de 1970,Mendoza,/wiki/Mendoza_(Argentina),,,,182,108,Pilar,,Argentina
Q3436929,Roberto Mandelli,No ES WP page,,,,,,,,,,,,,,
Q3437048,Robin Brooke,,Robin Brooke,Robin Matthew Brooke,Robin_Brooke,10 de diciembre de 1966,Warkworth,/w/index.php?title=Warkworth_(Nueva_Zelanda)&action=edit&redlink=1,,,,197,109,Segunda línea,,Nueva Zelanda
Q3437079,Robin Guignouard,No ES WP page,,,,,,,,,,,,,,
Q3437124,Robin Solana,No ES WP page,,,,,,,,,,,,,,
Q3437134,Robin Thompson,No ES WP page,,,,,,,,,,,,,,
Q3437297,Ion Gârleșteanu,No ES WP page,,,,,,,,,,,,,,
Q3437305,Mihai Vardală,No ES WP page,,,,,,,,,,,,,,
Q3438087,Rod Macqueen,,Rod Macqueen,Roderick Ian Macqueen,Rod_Macqueen,31 de diciembre de 1949,Sídney,/wiki/S%C3%ADdney,,,,,,,,Australia
Q3438093,Rod MacKenzie,No ES WP page,,,,,,,,,,,,,,
Q3438094,Rod McCall,No ES WP page,,,,,,,,,,,,,,
Q3438098,Rod Moore,No ES WP page,,,,,,,,,,,,,,
Q3438107,Rod Snow,,Rod Snow,Gerald Arthur Rod Snow,Rod_Snow,1 de mayo de 1970,Terranova y Labrador,/wiki/Terranova_y_Labrador,,,,180,115,Pilar,,Canadá
Q3438134,Rodd Penney,No ES WP page,,,,,,,,,,,,,,
Q3438175,Rodger Arneil,No ES WP page,,,,,,,,,,,,,,
Q3438213,Rodney Blake,No ES WP page,,,,,,,,,,,,,,
Q3438231,Rodney O'Donnell,No ES WP page,,,,,,,,,,,,,,
Q3438240,Rodney So'oialo,,Rodney So'oialo,,Rodney_So%27oialo,3 de octubre de 1979,Apia,/wiki/Apia,,,,190,112,Octavo,,SamoaSamoa
Q3438352,Rodolphe Modin,,Rodolphe Modin,,Rodolphe_Modin,26 de marzo de 1959,Gennevilliers,/wiki/Gennevilliers,,,,177,80,Medio scrum,,Francia
Q3438451,Rodrigo Capó Ortega,No ES WP page,,,,,,,,,,,,,,
Q3438455,Rodrigo Crexell,,Rodrigo Crexell,Rodrigo Hugo Crexell,Rodrigo_Crexell,5 de febrero de 1968,Rosario,/wiki/Rosario_(Argentina),,,,,,Medio scrum,,Argentina
Q3438635,Roger Aguerre,No ES WP page,,,,,,,,,,,,,,
Q3438654,Roger Arcalis,No ES WP page,,,,,,,,,,,,,,
Q3438666,Roger Baird,No ES WP page,,,,,,,,,,,,,,
Q3438677,Roger Bastié,No ES WP page,,,,,,,,,,,,,,
Q3438734,Roger Bourgarel,No ES WP page,,,,,,,,,,,,,,
Q3438748,Roger Brethes,No ES WP page,,,,,,,,,,,,,,
Q3438860,Sorin Mihăilescu,No ES WP page,,,,,,,,,,,,,,
Q3438939,Roger Fabien,No ES WP page,,,,,,,,,,,,,,
Q3438958,Roger Ferrien,No ES WP page,,,,,,,,,,,,,,
Q3438960,Roger Fite,No ES WP page,,,,,,,,,,,,,,
Q3438986,Roger Furcade,No ES WP page,,,,,,,,,,,,,,
Q3439013,Roger Gensane,No ES WP page,,,,,,,,,,,,,,
Q3439040,Roger Gould,,Roger Gould,Roger George Gould,Roger_Gould,4 de abril de 1957,Brisbane,/wiki/Brisbane,,,,188,90,Fullback,,Australia
Q3439201,Roger Lerou,No ES WP page,,,,,,,,,,,,,,
Q3439252,Roger Martine,No ES WP page,,,,,,,,,,,,,,
Q3439348,Roger Paul,No ES WP page,,,,,,,,,,,,,,
Q3439369,Roger Piteu,No ES WP page,,,,,,,,,,,,,,
Q3439403,Roger Ramis,No ES WP page,,,,,,,,,,,,,,
Q3439404,Roger Randle,No ES WP page,,,,,,,,,,,,,,
Q3439481,Roger Taddéï,No ES WP page,,,,,,,,,,,,,,
Q3439507,Roger Triviaux,No ES WP page,,,,,,,,,,,,,,
Q3439513,Roger Uttley,No ES WP page,,,,,,,,,,,,,,
Q3439546,Roger Viel,No ES WP page,,,,,,,,,,,,,,
Q3439563,Roger Warren,No ES WP page,,,,,,,,,,,,,,
Q3439575,Roger Wilson,No ES WP page,,,,,,,,,,,,,,
Q3439958,Roland Bernard,No ES WP page,,,,,,,,,,,,,,
Q3439961,Roland Bertranne,No ES WP page,,,,,,,,,,,,,,
Q3440015,Roland Crancée,No ES WP page,,,,,,,,,,,,,,
Q3440143,Roland Lefèvre,No ES WP page,,,,,,,,,,,,,,
Q3440225,Roland Pétrissans,No ES WP page,,,,,,,,,,,,,,
Q3440544,Roly Meates,No ES WP page,,,,,,,,,,,,,,
Q3440595,Romain Boscus,No ES WP page,,,,,,,,,,,,,,
Q3440600,Romain Brison,No ES WP page,,,,,,,,,,,,,,
Q3440603,Romain Bézian,No ES WP page,,,,,,,,,,,,,,
Q3440606,Romain Carmignani,No ES WP page,,,,,,,,,,,,,,
Q3440622,Romain David,No ES WP page,,,,,,,,,,,,,,
Q3440631,Romain Dibel,No ES WP page,,,,,,,,,,,,,,
Q3440641,Romain Edmond-Samuel,No ES WP page,,,,,,,,,,,,,,
Q3440642,Romain Fernandez,No ES WP page,,,,,,,,,,,,,,
Q3440647,Romain Friand,No ES WP page,,,,,,,,,,,,,,
Q3440648,Romain Froment,No ES WP page,,,,,,,,,,,,,,
Q3440650,Romain Frou,No ES WP page,,,,,,,,,,,,,,
Q3440651,Romain Fuertès,No ES WP page,,,,,,,,,,,,,,
Q3440685,Romain Lacoste,No ES WP page,,,,,,,,,,,,,,
Q3440687,Romain Lafourcade,No ES WP page,,,,,,,,,,,,,,
Q3440690,Romain Lauga,No ES WP page,,,,,,,,,,,,,,
Q3440703,Romain Loursac,No ES WP page,,,,,,,,,,,,,,
Q3440712,Romain Martial,,Romain Martial,,Romain_Martial,13 de noviembre de 1984,Clermont-Ferrand,/wiki/Clermont-Ferrand,,,,195,100,Wing,,Francia
Q3440719,Romain Miro,No ES WP page,,,,,,,,,,,,,,
Q3440722,Romain Millo-Chluski,No ES WP page,,,,,,,,,,,,,,
Q3440724,Romain Mémain,No ES WP page,,,,,,,,,,,,,,
Q3440731,Romain Pairault,No ES WP page,,,,,,,,,,,,,,
Q3440739,Romain Plantey,No ES WP page,,,,,,,,,,,,,,
Q3440746,Romain Raine,No ES WP page,,,,,,,,,,,,,,
Q3440753,Romain Rongieras,No ES WP page,,,,,,,,,,,,,,
Q3440754,Romain Roques,No ES WP page,,,,,,,,,,,,,,
Q3440766,Romain Sazy,No ES WP page,,,,,,,,,,,,,,
Q3440771,Romain Sola,No ES WP page,,,,,,,,,,,,,,
Q3440777,Romain Taofifénua,No ES WP page,,,,,,,,,,,,,,
Q3440779,Romain Terrain,No ES WP page,,,,,,,,,,,,,,
Q3441074,Romano Bettarello,No ES WP page,,,,,,,,,,,,,,
Q3441217,Romi Ropati,No ES WP page,,,,,,,,,,,,,,
Q3441279,Romuald Paillat,No ES WP page,,,,,,,,,,,,,,
Q3441385,Ron Fanuatanu,No ES WP page,,,,,,,,,,,,,,
Q3441402,Ron Horsley,No ES WP page,,,,,,,,,,,,,,
Q3441417,Ronald King,No ES WP page,,,,,,,,,,,,,,
Q3441461,Ron Stewart,No ES WP page,,,,,,,,,,,,,,
Q3441469,Ron Urlich,No ES WP page,,,,,,,,,,,,,,
Q3441507,Ronald Cove-Smith,No ES WP page,,,,,,,,,,,,,,
Q3441549,Ronald Poulton-Palmer,No ES WP page,,,,,,,,,,,,,,
Q3441608,Ronan McCormack,No ES WP page,,,,,,,,,,,,,,
Q3441784,Ronnie Dawson,,Ronnie Dawson,Alfred Ronald Dawson,Ronnie_Dawson_(rugbista),5 de junio de 1932,Dublín,/wiki/Dubl%C3%ADn,11 de mayo de 2024,,,180,105,Hooker,,Irlanda
Q3441820,Ronny Uipa Sua,No ES WP page,,,,,,,,,,,,,,
Q3441950,Ropate Ratu,No ES WP page,,,,,,,,,,,,,,
Q3442046,Rory Kockott,,Rory Kockott,,Rory_Kockott,25 de junio de 1986,East London,/wiki/East_London,,,,180,89,Medio de melé,,Sudáfrica
Q3442047,Rory Lawson,No ES WP page,,,,,,,,,,,,,,
Q3442054,Rory Sidey,No ES WP page,,,,,,,,,,,,,,
Q3442059,Rory Teague,No ES WP page,,,,,,,,,,,,,,
Q3442064,Rory Underwood,,Rory Underwood,,Rory_Underwood,19 de junio de 1963,Middlesbrough,/wiki/Middlesbrough,,,,173,86,Wing,,"Inglaterra,Reino Unido"
Q3442741,Ross Beattie,No ES WP page,,,,,,,,,,,,,,
Q3442742,Ross Brown,No ES WP page,,,,,,,,,,,,,,
Q3442747,Ross Skeate,No ES WP page,,,,,,,,,,,,,,
Q3442754,Ross Geldenhuys,No ES WP page,,,,,,,,,,,,,,
Q3442765,Ross Logan,No ES WP page,,,,,,,,,,,,,,
Q3442772,Ross McMillan,No ES WP page,,,,,,,,,,,,,,
Q3442781,Ross Rennie,No ES WP page,,,,,,,,,,,,,,
Q3442783,Ross Reynolds,No ES WP page,,,,,,,,,,,,,,
Q3443556,Linn Farrish,No ES WP page,,,,,,,,,,,,,,
Q3443579,Norman Cleaveland,No ES WP page,,,,,,,,,,,,,,
Q3443588,Alan Williams,No ES WP page,,,,,,,,,,,,,,
Q3443621,Edward Turkington,No ES WP page,,,,,,,,,,,,,,
Q3443663,Philip Clark,No ES WP page,,,,,,,,,,,,,,
Q3443943,Caesar Mannelli,No ES WP page,,,,,,,,,,,,,,
Q3443960,Edward Graff,No ES WP page,,,,,,,,,,,,,,
Q3443975,William Rogers,No ES WP page,,,,,,,,,,,,,,
Q3444910,Paul Vidrașcu,No ES WP page,,,,,,,,,,,,,,
Q3444926,Anastasie Tănăsescu,No ES WP page,,,,,,,,,,,,,,
Q3444952,Paul Nedelcovici,No ES WP page,,,,,,,,,,,,,,
Q3444975,Iosif Nemeș,No ES WP page,,,,,,,,,,,,,,
Q3444986,Dumitru Volvoreanu,No ES WP page,,,,,,,,,,,,,,
Q3445238,Mircea Sfetescu,No ES WP page,,,,,,,,,,,,,,
Q3445242,Teodor Marian,No ES WP page,,,,,,,,,,,,,,
Q3445244,Sterian Soare,No ES WP page,,,,,,,,,,,,,,
Q3445247,Eugen Sfetescu,No ES WP page,,,,,,,,,,,,,,
Q3445257,Alan Valentine,No ES WP page,,,,,,,,,,,,,,
Q3445558,Rowan Frost,No ES WP page,,,,,,,,,,,,,,
Q3445568,Rowe Harding,No ES WP page,,,,,,,,,,,,,,
Q3445577,Rowland Griffiths,No ES WP page,,,,,,,,,,,,,,
Q3445664,Rowley Thomas,No ES WP page,,,,,,,,,,,,,,
Q3445745,Roy Bish,No ES WP page,,,,,,,,,,,,,,
Q3445756,Roy Burnett,No ES WP page,,,,,,,,,,,,,,
Q3445784,Roy John,No ES WP page,,,,,,,,,,,,,,
Q3445786,Roy Kinikinilau,No ES WP page,,,,,,,,,,,,,,
Q3445793,Roy Laidlaw,No ES WP page,,,,,,,,,,,,,,
Q3445842,Roy Winters,No ES WP page,,,,,,,,,,,,,,
Q3446312,Royce Willis,No ES WP page,,,,,,,,,,,,,,
Q3446414,Rua Tipoki,No ES WP page,,,,,,,,,,,,,,
Q3446415,Ruaan du Preez,No ES WP page,,,,,,,,,,,,,,
Q3446435,Ruaridh Jackson,No ES WP page,,,,,,,,,,,,,,
Q3446467,Ruben Kruger,,Ruben Kruger,Ruben Jacobus Kruger,Ruben_Kruger,30 de marzo de 1970,Provincia del Estado Libre,/wiki/Provincia_del_Estado_Libre,27 de enero de 2010,Pretoria,/wiki/Pretoria,188,100,Ala,,Sudáfrica
Q3446653,Rudi Coetzee,No ES WP page,,,,,,,,,,,,,,
Q3446664,Rudie van Vuuren,No ES WP page,,,,,,,,,,,,,,
Q3446767,Rudolph Bérek,No ES WP page,,,,,,,,,,,,,,
Q3446787,Rudy Chéron,No ES WP page,,,,,,,,,,,,,,
Q3453280,Rupert Moon,No ES WP page,,,,,,,,,,,,,,
Q3453455,Russell Fairfax,No ES WP page,,,,,,,,,,,,,,
Q3453460,Russell Bennett,No ES WP page,,,,,,,,,,,,,,
Q3453505,Russell Watt,No ES WP page,,,,,,,,,,,,,,
Q3453539,Russlan Boukerou,No ES WP page,,,,,,,,,,,,,,
Q3453764,Ryan Cross,No ES WP page,,,,,,,,,,,,,,
Q3453812,Ryan Kankowski,No ES WP page,,,,,,,,,,,,,,
Q3453815,Ryan Lamb,No ES WP page,,,,,,,,,,,,,,
Q3453834,Ryan Nicholas,No ES WP page,,,,,,,,,,,,,,
Q3453844,Ryan Powell,No ES WP page,,,,,,,,,,,,,,
Q3453858,Ryan Smith,No ES WP page,,,,,,,,,,,,,,
Q3453878,Ryan Witbooi,No ES WP page,,,,,,,,,,,,,,
Q3453937,Ryk van Schoor,No ES WP page,,,,,,,,,,,,,,
Q3453951,Ryno van der Merwe,No ES WP page,,,,,,,,,,,,,,
Q3454073,Ryō Yamamura,No ES WP page,,,,,,,,,,,,,,
Q3455694,Régis Bianco,No ES WP page,,,,,,,,,,,,,,
Q3455753,Régis Lespinas,No ES WP page,,,,,,,,,,,,,,
Q3455772,Régis Rameau,No ES WP page,,,,,,,,,,,,,,
Q3455791,Régis Sigoire,No ES WP page,,,,,,,,,,,,,,
Q3455795,Régis Sonnes,No ES WP page,,,,,,,,,,,,,,
Q3455995,Rémi Bonfils,,Rémi Bonfils,,R%C3%A9mi_Bonfils,26 de septiembre de 1988,París,/wiki/Par%C3%ADs,,,,178,100,Hooker,,Francia
Q3456012,Rémi Delavallée,No ES WP page,,,,,,,,,,,,,,
Q3456015,Rémi Espitalier,No ES WP page,,,,,,,,,,,,,,
Q3456142,Rémy Grosso,,Rémy Grosso,,R%C3%A9my_Grosso,4 de diciembre de 1988,Lyon,/wiki/Lyon,,,,189,103,Wing,,Francia
Q3456145,Rémy Hugues,No ES WP page,,,,,,,,,,,,,,
Q3456190,Rémy Vaquin,No ES WP page,,,,,,,,,,,,,,
Q3456192,Rémy Vigneaux,No ES WP page,,,,,,,,,,,,,,
Q3460915,Sacha Vanden Berghen,No ES WP page,,,,,,,,,,,,,,
Q3461569,Saia Fekitoa,No ES WP page,,,,,,,,,,,,,,
Q3461642,Sailosi Tagicakibau,No ES WP page,,,,,,,,,,,,,,
Q3461646,Saimone Taumoepeau,No ES WP page,,,,,,,,,,,,,,
Q3467416,Morné van der Merwe,No ES WP page,,,,,,,,,,,,,,
Q3469386,Sakkie van Zyl,No ES WP page,,,,,,,,,,,,,,
Q3469388,Sakiusa Matadigo,No ES WP page,,,,,,,,,,,,,,
Q3469699,Salemane Sa,No ES WP page,,,,,,,,,,,,,,
Q3469719,Salesi Finau,No ES WP page,,,,,,,,,,,,,,
Q3469720,Salesi Sika,No ES WP page,,,,,,,,,,,,,,
Q3469776,Salim Boukanoucha,No ES WP page,,,,,,,,,,,,,,
Q3469792,Salim Tebani,No ES WP page,,,,,,,,,,,,,,
Q3470274,Salty du Rand,No ES WP page,,,,,,,,,,,,,,
Q3470378,Salvatore Costanzo,No ES WP page,,,,,,,,,,,,,,
Q3470452,Sam Broomhall,No ES WP page,,,,,,,,,,,,,,
Q3470454,Sam Burgess,No ES WP page,,,,,,,,,,,,,,
Q3470458,Sam Cane,,Sam Cane,Samuel Jordan Cane,Sam_Cane,13 de enero de 1992,Rotorua,/wiki/Rotorua,,,,189,103,Ala,,Nueva Zelanda
Q3470471,Sam Cordingley,,Sam Cordingley,Samuel John Cordingley,Sam_Cordingley,20 de marzo de 1976,Sídney,/wiki/S%C3%ADdney,,,,178,87,Medio scrum,,Australia
Q3470490,Sam Gerber,No ES WP page,,,,,,,,,,,,,,
Q3470496,Sam Harding,No ES WP page,,,,,,,,,,,,,,
Q3470507,Sam Lee,No ES WP page,,,,,,,,,,,,,,
Q3470526,Sam Payne,No ES WP page,,,,,,,,,,,,,,
Q3470528,Sam Pinder,No ES WP page,,,,,,,,,,,,,,
Q3470529,Sam Norton-Knight,No ES WP page,,,,,,,,,,,,,,
Q3470542,Sam Scott-Young,No ES WP page,,,,,,,,,,,,,,
Q3470553,Sam Strahan,No ES WP page,,,,,,,,,,,,,,
Q3470564,Sam Tucker,No ES WP page,,,,,,,,,,,,,,
Q3470567,Sam Tuitupou,No ES WP page,,,,,,,,,,,,,,
Q3470569,Sam Vesty,No ES WP page,,,,,,,,,,,,,,
Q3470781,Sami Nasagavesi,No ES WP page,,,,,,,,,,,,,,
Q3470841,Samir Khamouche,No ES WP page,,,,,,,,,,,,,,
Q3470865,Samiu Vahafolau,No ES WP page,,,,,,,,,,,,,,
Q3471075,Samuel Chinarro,No ES WP page,,,,,,,,,,,,,,
Q3471190,Samuel Nouchi,No ES WP page,,,,,,,,,,,,,,
Q3471284,Samuele Pace,No ES WP page,,,,,,,,,,,,,,
Q3471287,Samueli Naulu,No ES WP page,,,,,,,,,,,,,,
Q3472029,Sandro Esakia,No ES WP page,,,,,,,,,,,,,,
Q3472041,Sandro Vigliano,No ES WP page,,,,,,,,,,,,,,
Q3472094,Sandy Carmichael,No ES WP page,,,,,,,,,,,,,,
Q3472139,Sanele Vavae Tuilagi,No ES WP page,,,,,,,,,,,,,,
Q3472849,Santiago Artese,No ES WP page,,,,,,,,,,,,,,
Q3472858,Santiago Bottini,No ES WP page,,,,,,,,,,,,,,
Q3472873,Santiago Fernández,,Santiago Fernández,,Santiago_Fern%C3%A1ndez_(rugbista),28 de noviembre de 1985,Buenos Aires,/wiki/Buenos_Aires,,,,183,83,Apertura; centro,,
Q3472877,Santiago Guzmán,No stint found,Santiago Guzmán,,Santiago_Guzm%C3%A1n_(rugbier),11 de enero de 1989,San Miguel de Tucumán,/wiki/San_Miguel_de_Tucum%C3%A1n,,,,,,Segunda línea,,
Q3473595,Sarel Jacobus Louw,No ES WP page,,,,,,,,,,,,,,
Q3473875,Sateki Tuipulotu,No ES WP page,,,,,,,,,,,,,,
Q3474518,Savenaca Aria,No ES WP page,,,,,,,,,,,,,,
Q3474804,Saïd Hireche,No ES WP page,,,,,,,,,,,,,,
Q3475287,Schalk Brits,,Schalk Brits,Schalk Burger Brits,Schalk_Brits,16 de mayo de 1981,Empangeni,/w/index.php?title=Empangeni&action=edit&redlink=1,,,,182,100,hooker,,Sudáfrica
Q3476181,Scott Bemand,No ES WP page,,,,,,,,,,,,,,
Q3476188,Scott Bowen,No ES WP page,,,,,,,,,,,,,,
Q3476212,Scott Fava,No ES WP page,,,,,,,,,,,,,,
Q3476214,Scott Franklin,No ES WP page,,,,,,,,,,,,,,
Q3476218,Scott Gibbs,No ES WP page,,,,,,,,,,,,,,
Q3476223,Scott Gray,No ES WP page,,,,,,,,,,,,,,
Q3476246,Scott LaValla,No ES WP page,,,,,,,,,,,,,,
Q3476251,Scott Lawson,No ES WP page,,,,,,,,,,,,,,
Q3476261,Scott MacLeod,No ES WP page,,,,,,,,,,,,,,
Q3476277,Scott Morgan,No ES WP page,,,,,,,,,,,,,,
Q3476297,Scott Robertson,,Scott Robertson,Scott Maurice Robertson,Scott_Robertson_(rugbista),21 de agosto de 1974,Tauranga,/wiki/Tauranga,,,,190,109,Octavo,,Nueva Zelanda
Q3476309,Scott Spedding,,Scott Spedding,Scott Leonard Spedding,Scott_Spedding,4 de mayo de 1986,Krugersdorp,/wiki/Krugersdorp,,,,187,97,Zaguero,,Sudáfrica
Q3476314,Scott Stewart,,Scott Stewart,Douglas Scott Stewart,Scott_Stewart_(rugbista),16 de enero de 1969,Vancouver,/wiki/Vancouver,,,,187,95,Fullback,,Canadá
Q3476318,Scott Staniforth,,Scott Staniforth,Scott Nicholas Gelling Staniforth,Scott_Staniforth,12 de diciembre de 1977,West Wyalong,/w/index.php?title=West_Wyalong&action=edit&redlink=1,,,,188,100,Wing,,Australia
Q3476338,Scott Zimmerman,No ES WP page,,,,,,,,,,,,,,
Q3476694,Sean-Michael Stephen,No ES WP page,,,,,,,,,,,,,,
Q3476709,Sean Cronin,,Sean Cronin,Seán M. Cronin,Se%C3%A1n_Cronin,6 de mayo de 1986,Limerick,/wiki/Limerick,,,,181,105,hooker,,República de Irlanda
Q3476719,Sean Furter,No ES WP page,,,,,,,,,,,,,,
Q3476732,Sean Hardman,No ES WP page,,,,,,,,,,,,,,
Q3476736,Sean Lineen,No ES WP page,,,,,,,,,,,,,,
Q3476744,Sean Maitland,,Sean Maitland,Sean Daniel Maitland,Sean_Maitland,14 de septiembre de 1988,Tokoroa,/w/index.php?title=Tokoroa&action=edit&redlink=1,,,,189,97,Wing; Fullback,,Nueva Zelanda
Q3476835,Seb Stegmann,No ES WP page,,,,,,,,,,,,,,
Q3476884,Sebastián Salvat,,Sebastián Salvat,,Sebasti%C3%A1n_Salvat,05 de abril de 1967,Buenos Aires,/wiki/Buenos_Aires,,,,181,85,Fullback; centro,,Argentina
Q3477699,Sefulu Gaugau,No ES WP page,,,,,,,,,,,,,,
Q3477909,Seilala Mapusua,No ES WP page,,,,,,,,,,,,,,
Q3478056,Selborne Boome,No ES WP page,,,,,,,,,,,,,,
Q3478230,Selwyn Biggs,No ES WP page,,,,,,,,,,,,,,
Q3478445,Semisi Naevo,No ES WP page,,,,,,,,,,,,,,
Q3478446,Semisi Telefoni,No ES WP page,,,,,,,,,,,,,,
Q3478461,Semo Sititi,No ES WP page,,,,,,,,,,,,,,
Q3478532,Sene Ta'ala,No ES WP page,,,,,,,,,,,,,,
Q3479111,Serafino Ghizzoni,No ES WP page,,,,,,,,,,,,,,
Q3479112,Serafín Dengra,,Serafín Dengra,,Seraf%C3%ADn_Dengra,21 de septiembre de 1960,,,,,,185,100,Pilar,,Argentina
Q3479139,Seremaia Bai,,Seremaia Bai,Seremaia Baïkeinuku,Seremaia_Bai,4 de enero de 1979,Nausori,/wiki/Nausori,,,,187,100,Centro,,Fiyi
Q3479231,Serge Castiglioni,No ES WP page,,,,,,,,,,,,,,
Q3479285,Serge Doumayrou,No ES WP page,,,,,,,,,,,,,,
Q3479312,Serge Gabernet,No ES WP page,,,,,,,,,,,,,,
Q3479351,Serge Huard,No ES WP page,,,,,,,,,,,,,,
Q3479402,Serge Lairle,No ES WP page,,,,,,,,,,,,,,
Q3479452,Serge Milhas,No ES WP page,,,,,,,,,,,,,,
Q3479459,Serge Méricq,No ES WP page,,,,,,,,,,,,,,
Q3479477,Serge Pasquier,No ES WP page,,,,,,,,,,,,,,
Q3479495,Serge Plantey,No ES WP page,,,,,,,,,,,,,,
Q3479529,Serge Saulnier,No ES WP page,,,,,,,,,,,,,,
Q3479538,Serge Simon,No ES WP page,,,,,,,,,,,,,,
Q3479559,Serge Torreilles,No ES WP page,,,,,,,,,,,,,,
Q3479668,Sergio Lanfranchi,No ES WP page,,,,,,,,,,,,,,
Q3479690,Sergio Souto Vidal,No stint found,Sergio Souto,Sergio Souto Vidal,Sergio_Souto_Vidal,4 de noviembre de 1976,,,,,,194,111,Flanker,,
Q3479696,Sergio Valdés,No stint found,Sergio Valdés,,Sergio_Vald%C3%A9s_(rugbista),17 de septiembre de 1978,,,,,,194,110,Segunda línea,,
Q3479767,Sergej Sergeev,No ES WP page,,,,,,,,,,,,,,
Q3480000,Seru Rabeni,No ES WP page,,,,,,,,,,,,,,
Q3480630,Seta Tuilevuka,No ES WP page,,,,,,,,,,,,,,
Q3480632,Setaimata Sa,No ES WP page,,,,,,,,,,,,,,
Q3480667,Seti Filo,No ES WP page,,,,,,,,,,,,,,
Q3480669,Seti Kiole,No ES WP page,,,,,,,,,,,,,,
Q3480767,Seva Rokobaro,No ES WP page,,,,,,,,,,,,,,
Q3480830,Severo Koroduadua Waqanibau,,Severo Koroduadua,Severo Koroduadua Waqanibau,Severo_Koroduadua,22 de diciembre de 1960,Kadavu,/wiki/Kadavu,,,,186,90,Fullback,,Fiyi
Q3481354,Shane Byrne,No ES WP page,,,,,,,,,,,,,,
Q3481360,Shane Geraghty,,Shane Geraghty,Shane Joseph James Geraghty,Shane_Geraghty,12 de agosto de 1986,Coventry,/wiki/Coventry,,,,180,90,Apertura,,"Inglaterra, Reino Unido"
Q3481366,Shane Howarth,No ES WP page,,,,,,,,,,,,,,
Q3481368,Shane Jennings,No ES WP page,,,,,,,,,,,,,,
Q3481439,Shannon Paku,No ES WP page,,,,,,,,,,,,,,
Q3481564,Shaun Berne,No ES WP page,,,,,,,,,,,,,,
Q3481569,Shaun Hegarty,No ES WP page,,,,,,,,,,,,,,
Q3481576,Shaun Longstaff,No ES WP page,,,,,,,,,,,,,,
Q3481579,Shaun Payne,No ES WP page,,,,,,,,,,,,,,
Q3481582,Shaun Sowerby,No ES WP page,,,,,,,,,,,,,,
Q3482463,Shontayne Hape,No ES WP page,,,,,,,,,,,,,,
Q3482545,Shota Horie,,Shota Horie,,Shota_Horie,21 de enero de 1986,Suita,/wiki/Suita_(Osaka),,,,180,104,hooker,,Japón
Q3482883,Siaki Tukino,No ES WP page,,,,,,,,,,,,,,
Q3482885,Siale Piutau,No ES WP page,,,,,,,,,,,,,,
Q3482905,Siaosi Vaili,No ES WP page,,,,,,,,,,,,,,
Q3483324,Sidney Galopin,No ES WP page,,,,,,,,,,,,,,
Q3483359,Sidonie Rakotoarisoa,No ES WP page,,,,,,,,,,,,,,
Q3483785,Sila Va'enuku,No ES WP page,,,,,,,,,,,,,,
Q3483791,Silao Leaega,No ES WP page,,,,,,,,,,,,,,
Q3483792,Silao Vaisola-Sefo,No ES WP page,,,,,,,,,,,,,,
Q3483880,Sililo Martens,No ES WP page,,,,,,,,,,,,,,
Q3483970,Silvano Tartaglini,No ES WP page,,,,,,,,,,,,,,
Q3484067,Silvio Orlando,No ES WP page,,,,,,,,,,,,,,
Q3484071,Silviu Florea,No ES WP page,,,,,,,,,,,,,,
Q3484075,Silvère Tian,No ES WP page,,,,,,,,,,,,,,
Q3484195,Simon Azoulai,No ES WP page,,,,,,,,,,,,,,
Q3484246,Simon Culhane,,Simon Culhane,Simon David Culhane,Simon_Culhane,10 de marzo de 1968,Invercargill,/wiki/Invercargill,,,,175,90,Apertura,,Nueva Zelanda
Q3484250,Simon Danielli,No ES WP page,,,,,,,,,,,,,,
Q3484266,Simon Easterby,,Simon Easterby,Simon Henry Easterby,Simon_Easterby,21 de julio de 1975,Harrogate,/wiki/Harrogate,,,,193,100,Ala,,"InglaterraInglaterra, Reino Unido"
Q3484297,Simon Halliday,No ES WP page,,,,,,,,,,,,,,
Q3484300,Simon Hodgkinson,,Simon Hodgkinson,Simon David Hodgkinson,Simon_Hodgkinson,15 de diciembre de 1962,South Gloucestershire,/wiki/South_Gloucestershire,,,,180,85,Fullback,,"Inglaterra,Reino Unido"
Q3484347,Simon Lemalu,No ES WP page,,,,,,,,,,,,,,
Q3484359,Simon Maling,No ES WP page,,,,,,,,,,,,,,
Q3484362,Simon Mannix,No ES WP page,,,,,,,,,,,,,,
Q3484383,Simon Michaux,No ES WP page,,,,,,,,,,,,,,
Q3484392,Simon Mynott,No ES WP page,,,,,,,,,,,,,,
Q3484417,Simon Picone,No ES WP page,,,,,,,,,,,,,,
Q3484422,Simon Poidevin,,Simon Poidevin,Simon Paul Poidevin,Simon_Poidevin,31 de octubre de 1958,Goulburn,/wiki/Goulburn,,,,185,90,Ala,,Australia
Q3484428,Simon Raiwalui,No ES WP page,,,,,,,,,,,,,,
Q3484463,Simon Ternisien,No ES WP page,,,,,,,,,,,,,,
Q3484858,Sinali Latu,No ES WP page,,,,,,,,,,,,,,
Q3485047,Sinoti Sinoti,No ES WP page,,,,,,,,,,,,,,
Q3485103,Sioeli Nau,No ES WP page,,,,,,,,,,,,,,
Q3485117,Sione Fonua,No ES WP page,,,,,,,,,,,,,,
Q3485120,Sione Piukala,No ES WP page,,,,,,,,,,,,,,
Q3485123,Sione Tu'amoheloa,No ES WP page,,,,,,,,,,,,,,
Q3485124,Sione Tu'ipulotu,No ES WP page,,,,,,,,,,,,,,
Q3485246,Sireli Bobo,,Sireli Bobo,Isireli Bobo,Sireli_Bobo,28 de enero de 1976,Ra,/wiki/Ra_(Fiyi),,,,190,99,Wing,,Fiyi
Q3485537,Siu Lafaialii,No ES WP page,,,,,,,,,,,,,,
Q3486316,Skipper Badenhorst,No ES WP page,,,,,,,,,,,,,,
Q3487208,Kenneth Svenson,No ES WP page,,,,,,,,,,,,,,
Q3487291,Soane Toevalu,No ES WP page,,,,,,,,,,,,,,
Q3487294,Soane Tonga'uiha,,Soane Tonga'uiha,Soane Longopoa Tonga'uiha,Soane_Tonga%27uiha,21 de enero de 1982,Houma,/wiki/Houma,,,,191,131,pilier,,Tonga
Q3488842,Sofiane Guitoune,,Sofiane Guitoune,,Sofiane_Guitoune,27 de marzo de 1989,Argel,/wiki/Argel,,,,184,97,Zaguero,,Argelia
Q3488863,Sofiene Chaari,No ES WP page,,,,,,,,,,,,,,
Q3489527,Solly Tyibilika,No ES WP page,,,,,,,,,,,,,,
Q3490044,Sona Taumalolo,No ES WP page,,,,,,,,,,,,,,
Q3490638,Sonny Falconetti,No ES WP page,,,,,,,,,,,,,,
Q3490651,Sonny Parker,No ES WP page,,,,,,,,,,,,,,
Q3491217,Sorin Socol,No infobox found,,,Sorin_Socol,,,,,,,,,,,
Q3491328,Sosene Anesi,No ES WP page,,,,,,,,,,,,,,
Q3491389,Sotele Puleoto,No ES WP page,,,,,,,,,,,,,,
Q3495444,Stack Stevens,No ES WP page,,,,,,,,,,,,,,
Q3496500,Stan McKeen,No ES WP page,,,,,,,,,,,,,,
Q3496517,Stan Wright,No ES WP page,,,,,,,,,,,,,,
Q3496611,Standish Cagney,No ES WP page,,,,,,,,,,,,,,
Q3496682,Stanislas Krzesinski,No ES WP page,,,,,,,,,,,,,,
Q3496829,Stanley Hodgson,No ES WP page,,,,,,,,,,,,,,
Q3497845,Ștefan Ciuntu,No ES WP page,,,,,,,,,,,,,,
Q3497885,Stefan Nel,No ES WP page,,,,,,,,,,,,,,
Q3497946,Stefano Bordon,No ES WP page,,,,,,,,,,,,,,
Q3497992,Stefano Saviozzi,No ES WP page,,,,,,,,,,,,,,
Q3498028,Steffon Armitage,No ES WP page,,,,,,,,,,,,,,
Q3498108,Stelian Burcea,,Stelian Burcea,Sandu Stelian Burcea,Stelian_Burcea,7 de octubre de 1983,Pitesti,/wiki/Pitesti,,,,193,102,segunda línea; N.º 8,,Rumanía
Q3498430,Stephan Gerber,No ES WP page,,,,,,,,,,,,,,
Q3498438,Stephan Saint-Lary,No ES WP page,,,,,,,,,,,,,,
Q3498501,Stephen Bachop,,Stephen Bachop,Stephen John Bachop,Stephen_Bachop,2 de abril de 1966,Christchurch,/wiki/Christchurch,,,,178,92,Apertura,,Nueva ZelandaNueva Zelanda
Q3498596,Stephen Keogh,No ES WP page,,,,,,,,,,,,,,
Q3498621,Stephen Myler,No ES WP page,,,,,,,,,,,,,,
Q3498851,Steve Bates,No ES WP page,,,,,,,,,,,,,,
Q3498860,Steve Booth,No ES WP page,,,,,,,,,,,,,,
Q3498867,Steve Brain,No ES WP page,,,,,,,,,,,,,,
Q3498878,Steve Casey,No ES WP page,,,,,,,,,,,,,,
Q3498896,Steve Cutler,No ES WP page,,,,,,,,,,,,,,
Q3498905,Steve Devine,No ES WP page,,,,,,,,,,,,,,
Q3498924,Steve Fenwick,No ES WP page,,,,,,,,,,,,,,
Q3498946,Steve Hanley,No ES WP page,,,,,,,,,,,,,,
Q3498970,Steve Jones,No ES WP page,,,,,,,,,,,,,,
Q3499002,Steve Malonga,No ES WP page,,,,,,,,,,,,,,
Q3499015,Steve McDowall,,Steve McDowall,Steven Clark McDowall,Steve_McDowall,27 de agosto de 1961,Rotorua,/wiki/Rotorua,,,,182,102,Pilar,,Nueva ZelandaNueva Zelanda
Q3499024,Steve Meyer,No ES WP page,,,,,,,,,,,,,,
Q3499042,Steve Ojomoh,No ES WP page,,,,,,,,,,,,,,
Q3499100,Steve Scott,No ES WP page,,,,,,,,,,,,,,
Q3499120,Steve Smith,No ES WP page,,,,,,,,,,,,,,
Q3499139,Steve Thompson,,Steve Thompson,Steve Geoffrey Thompson,Steve_Thompson_(rugbista),15 de julio de 1978,Hemel Hempstead,/wiki/Hemel_Hempstead,,,,188,118,Hooker,,"InglaterraInglaterra, Reino Unido"
Q3499146,Steve Tuynman,,Steve Tuynman,Steven Norman Tuynman,Steve_Tuynman,30 de mayo de 1963,Sídney,/wiki/S%C3%ADdney,,,,185,100,Octavo,,Australia
Q3499177,Steven Bates,No ES WP page,,,,,,,,,,,,,,
Q3499185,Steve Blackmore,No ES WP page,,,,,,,,,,,,,,
Q3499227,Steven Hall,No ES WP page,,,,,,,,,,,,,,
Q3499261,Steven Pokere,No ES WP page,,,,,,,,,,,,,,
Q3499275,Steven So'oialo,No ES WP page,,,,,,,,,,,,,,
Q3499281,Steven Sykes,No ES WP page,,,,,,,,,,,,,,
Q3499351,Steve Llewellyn,No ES WP page,,,,,,,,,,,,,,
Q3500765,Stu Ault,No ES WP page,,,,,,,,,,,,,,
Q3500777,Stuart Abbott,,Stuart Abbott,Stuart Richard Abbott,Stuart_Abbott,3 de junio de 1978,Ciudad del Cabo,/wiki/Ciudad_del_Cabo,,,,182,89,Centro,,Sudáfrica
Q3500779,Stuart Barnes,No ES WP page,,,,,,,,,,,,,,
Q3500801,Stuart Grimes,No ES WP page,,,,,,,,,,,,,,
Q3500807,Stuart Hogg,,Stuart Hogg,Stuart William Hogg,Stuart_Hogg,24 de junio de 1992,Melrose,/wiki/Melrose_(Scottish_Borders),,,,180,93,Fullback,,"Escocia,Reino Unido"
Q3500808,Stuart Hooper,No ES WP page,,,,,,,,,,,,,,
Q3500814,Stuart Legg,No ES WP page,,,,,,,,,,,,,,
Q3500816,Stuart Lane,No ES WP page,,,,,,,,,,,,,,
Q3500821,Stuart Moffat,No ES WP page,,,,,,,,,,,,,,
Q3500841,Stuart Turner,No ES WP page,,,,,,,,,,,,,,
Q3500845,Stuart Watkins,No ES WP page,,,,,,,,,,,,,,
Q3501537,Stéphan Vitalla,No ES WP page,,,,,,,,,,,,,,
Q3501569,Stéphane Aussel,No ES WP page,,,,,,,,,,,,,,
Q3501604,Stéphane Bohn,No ES WP page,,,,,,,,,,,,,,
Q3501615,Stéphane Borel,No ES WP page,,,,,,,,,,,,,,
Q3501664,Stéphane Castaignède,No ES WP page,,,,,,,,,,,,,,
Q3501669,Stéphane Clément,No ES WP page,,,,,,,,,,,,,,
Q3501713,Stéphane Delpuech,No ES WP page,,,,,,,,,,,,,,
Q3501772,Stéphane Geraci,No ES WP page,,,,,,,,,,,,,,
Q3501792,Stéphane Glas,No ES WP page,,,,,,,,,,,,,,
Q3501802,Stéphane Graou,No ES WP page,,,,,,,,,,,,,,
Q3501913,Stéphane Logerot,No ES WP page,,,,,,,,,,,,,,
Q3501989,Stéphane Ougier,No ES WP page,,,,,,,,,,,,,,
Q3502023,Stéphane Prosper,No ES WP page,,,,,,,,,,,,,,
Q3502131,Stéphane Weller,No ES WP page,,,,,,,,,,,,,,
Q3502138,Stéphane de Bésombes,No ES WP page,,,,,,,,,,,,,,
Q3503362,Suka Hufanga,No ES WP page,,,,,,,,,,,,,,
Q3506791,Syd Nomis,No ES WP page,,,,,,,,,,,,,,
Q3506814,Sydney Edouard,No ES WP page,,,,,,,,,,,,,,
Q3506924,Sylvain Bes,No ES WP page,,,,,,,,,,,,,,
Q3506944,Sylvain Bégon,No ES WP page,,,,,,,,,,,,,,
Q3506950,Sylvain Changeat,No ES WP page,,,,,,,,,,,,,,
Q3506953,Sylvain Charlet,No ES WP page,,,,,,,,,,,,,,
Q3506972,Sylvain Deroeux,No ES WP page,,,,,,,,,,,,,,
Q3506978,Sylvain Dispagne,No ES WP page,,,,,,,,,,,,,,
Q3506994,Sylvain Dupuy,No ES WP page,,,,,,,,,,,,,,
Q3507027,Sylvain Jonnet,No ES WP page,,,,,,,,,,,,,,
Q3507068,Sylvain Martin,No ES WP page,,,,,,,,,,,,,,
Q3507080,Sylvain Meyer,No ES WP page,,,,,,,,,,,,,,
Q3507084,Sylvain Mirande,No ES WP page,,,,,,,,,,,,,,
Q3507096,Sylvain Nicolas,,Sylvain Nicolas,,Sylvain_Nicolas,21 de junio de 1987,Bourgoin-Jallieu,/wiki/Bourgoin-Jallieu,,,,188,102,Ala,,Francia
Q3507100,Sylvain Pages,No ES WP page,,,,,,,,,,,,,,
Q3509958,Sébastien Bertrank,No ES WP page,,,,,,,,,,,,,,
Q3509963,Sébastien Bisciglia,No ES WP page,,,,,,,,,,,,,,
Q3509965,Sébastien Bonetti,No ES WP page,,,,,,,,,,,,,,
Q3509969,Sébastien Bortolucci,No ES WP page,,,,,,,,,,,,,,
Q3509973,Sébastien Bouillot,No ES WP page,,,,,,,,,,,,,,
Q3509977,Sébastien Bria,No ES WP page,,,,,,,,,,,,,,
Q3509980,Sébastien Bruère,No ES WP page,,,,,,,,,,,,,,
Q3509982,Sébastien Buada,No ES WP page,,,,,,,,,,,,,,
Q3509985,Sébastien Bruno,No ES WP page,,,,,,,,,,,,,,
Q3509986,Sébastien Bézy,No ES WP page,,,,,,,,,,,,,,
Q3509990,Sébastien Carrat,No ES WP page,,,,,,,,,,,,,,
Q3509997,Sébastien Caujolle,No ES WP page,,,,,,,,,,,,,,
Q3510010,Sébastien Chobet,No ES WP page,,,,,,,,,,,,,,
Q3510041,Sébastien Descons,No ES WP page,,,,,,,,,,,,,,
Q3510067,Sébastien Fauqué,No ES WP page,,,,,,,,,,,,,,
Q3510088,Sébastien Galtier,No ES WP page,,,,,,,,,,,,,,
Q3510138,Sébastien Inigo,No ES WP page,,,,,,,,,,,,,,
Q3510158,Sébastien Kuzbik,No ES WP page,,,,,,,,,,,,,,
Q3510167,Sébastien Laloo,No ES WP page,,,,,,,,,,,,,,
Q3510205,Sébastien Loubsens,No ES WP page,,,,,,,,,,,,,,
Q3510221,Sébastien Mercier,No ES WP page,,,,,,,,,,,,,,
Q3510245,Sébastien Ormaechea,No ES WP page,,,,,,,,,,,,,,
Q3510247,Sébastien Pagès,No ES WP page,,,,,,,,,,,,,,
Q3510252,Sébastien Petit,No ES WP page,,,,,,,,,,,,,,
Q3510254,Sébastien Pettigiani,No ES WP page,,,,,,,,,,,,,,
Q3510278,Sébastien Regy,No ES WP page,,,,,,,,,,,,,,
Q3510299,Sébastien Roque,No ES WP page,,,,,,,,,,,,,,
Q3510306,Sébastien Rouet,,Sébastien Rouet,Sébastien Patricio Rouet Piffard,S%C3%A9bastien_Rouet,19 de febrero de 1985,Bayona,/wiki/Bayona_(Francia),,,,171,70,Medio melé,,
Q3510327,Sébastien Taofifénua,No ES WP page,,,,,,,,,,,,,,
Q3510331,Sébastien Torresin,No ES WP page,,,,,,,,,,,,,,
Q3510337,Sébastien Tillous-Borde,,Morgan Sébastien Tillous-Borde,,S%C3%A9bastien_Tillous-Borde,29 de abril de 1985,Oloron-Sainte-Marie,/wiki/Oloron-Sainte-Marie,,,,176,76,Medio melé,,Francia
Q3510346,Sébastien Vahaamahina,No ES WP page,,,,,,,,,,,,,,
Q3510351,Sébastien Viars,No ES WP page,,,,,,,,,,,,,,
Q3511453,Séverin Prats,No ES WP page,,,,,,,,,,,,,,
Q3513952,Tai McIsaac,No ES WP page,,,,,,,,,,,,,,
Q3514043,Taine Randell,,Taine Randell,Taine Cheyenne Randell,Taine_Randell,5 de noviembre de 1974,Hastings,/wiki/Hastings_(Nueva_Zelanda),,,,188,110,Octavo,,Nueva Zelanda
Q3514313,Takeomi Ito,No ES WP page,,,,,,,,,,,,,,
Q3514378,Taku Inoguchi,No ES WP page,,,,,,,,,,,,,,
Q3514395,Takuro Miuchi,No ES WP page,,,,,,,,,,,,,,
Q3514698,Tamato Leupolu,No ES WP page,,,,,,,,,,,,,,
Q3515029,Tane Tu'ipulotu,No ES WP page,,,,,,,,,,,,,,
Q3515030,Tane Norton,No stint found,Tane Norton,Rangitane Will Norton,Tane_Norton,30 de marzo de 1942,Waikari,/w/index.php?title=Waikari&action=edit&redlink=1,4 de agosto de 2023,,,183,87,Hooker,,Nueva ZelandaNueva Zelanda
Q3515163,Tani Fuga,No ES WP page,,,,,,,,,,,,,,
Q3515193,Taniela Rawaqa,No ES WP page,,,,,,,,,,,,,,
Q3515236,Tanner Vili,No ES WP page,,,,,,,,,,,,,,
Q3515387,Tao Tapasu,No ES WP page,,,,,,,,,,,,,,
Q3516136,Taufa'ao Filise,No ES WP page,,,,,,,,,,,,,,
Q3516500,Taylor Paris,No ES WP page,,,,,,,,,,,,,,
Q3517042,Ted Omondi,No ES WP page,,,,,,,,,,,,,,
Q3517057,Ted Woodward,No ES WP page,,,,,,,,,,,,,,
Q3517078,Teddy Iribaren,No ES WP page,,,,,,,,,,,,,,
Q3517099,Tedo Zibzibadze,No ES WP page,,,,,,,,,,,,,,
Q3517924,Temur Sokhadze,No ES WP page,,,,,,,,,,,,,,
Q3518104,Tennant Sloan,No ES WP page,,,,,,,,,,,,,,
Q3518885,Terry Bouhraoua,,Terry Bouhraoua,,Terry_Bouhraoua,29 de agosto de 1987,Châteaudun,/wiki/Ch%C3%A2teaudun,,,,169,77,Medio scrum,,Francia
Q3518894,Terry Cobner,No ES WP page,,,,,,,,,,,,,,
Q3518897,Terry Fanolua,No ES WP page,,,,,,,,,,,,,,
Q3518904,Terry Holmes,No ES WP page,,,,,,,,,,,,,,
Q3518906,Terry Kingston,,Terry Kingston,Terrence John Kingston,Terry_Kingston,19 de septiembre de 1963,Cork,/wiki/Cork,,,,178,100,Hooker,,Irlanda
Q3518922,Terry Price,No ES WP page,,,,,,,,,,,,,,
Q3518949,Tertius Losper,No ES WP page,,,,,,,,,,,,,,
Q3519290,Tevita Taumoepeau,No ES WP page,,,,,,,,,,,,,,
Q3519294,Tevita Tu'ifua,No ES WP page,,,,,,,,,,,,,,
Q3523641,Theo Harding,No ES WP page,,,,,,,,,,,,,,
Q3523902,"Harold Caccia, Baron Caccia",No ES WP page,,,,,,,,,,,,,,
Q3523958,Theuns Stofberg,No stint found,Theuns Stofberg,Marthinus Theunis Steyn Stofberg,Theuns_Stofberg,6 de junio de 1955,Free State,/wiki/Free_State,23 de agosto de 2023,Sudáfrica,/wiki/Sud%C3%A1frica,193,108,FlankerLock,,Sudáfrica
Q3524008,Thibault Algret,No ES WP page,,,,,,,,,,,,,,
Q3524021,Thibault Dubarry,No ES WP page,,,,,,,,,,,,,,
Q3524022,Thibault Duvallet,No ES WP page,,,,,,,,,,,,,,
Q3524030,Thibault Lacroix,No ES WP page,,,,,,,,,,,,,,
Q3524034,Thibault Lassalle,No ES WP page,,,,,,,,,,,,,,
Q3524067,Thibaut Privat,No ES WP page,,,,,,,,,,,,,,
Q3524135,Thierry Berhabé,No ES WP page,,,,,,,,,,,,,,
Q3524155,Thierry Brana,No ES WP page,,,,,,,,,,,,,,
Q3524182,Thierry Cléda,No ES WP page,,,,,,,,,,,,,,
Q3524230,Thierry Devergie,No ES WP page,,,,,,,,,,,,,,
Q3524336,Thierry Janeczek,No ES WP page,,,,,,,,,,,,,,
Q3524352,Thierry Labrousse,No ES WP page,,,,,,,,,,,,,,
Q3524357,Thierry Lacrampe,No ES WP page,,,,,,,,,,,,,,
Q3524393,Thierry Louvet,No ES WP page,,,,,,,,,,,,,,
Q3524423,Thierry Mentières,No ES WP page,,,,,,,,,,,,,,
Q3524424,Thierry Merlos,No ES WP page,,,,,,,,,,,,,,
Q3524474,Thierry Picard,No ES WP page,,,,,,,,,,,,,,
Q3524496,Thierry Ruet,No ES WP page,,,,,,,,,,,,,,
Q3524507,Thierry Savio,No ES WP page,,,,,,,,,,,,,,
Q3524537,Thierry Teixeira,No ES WP page,,,,,,,,,,,,,,
Q3524808,Thom Evans,No ES WP page,,,,,,,,,,,,,,
Q3524864,Thomas Aniès,No ES WP page,,,,,,,,,,,,,,
Q3524889,Thomas Bastellica,No ES WP page,,,,,,,,,,,,,,
Q3524913,Thomas Bianchin,No ES WP page,,,,,,,,,,,,,,
Q3524934,Thomas Bouquié,No ES WP page,,,,,,,,,,,,,,
Q3524979,Thomas Castaignède,,Thomas Castaignède,,Thomas_Castaign%C3%A8de,21 de enero de 1975,Mont-de-Marsan,/wiki/Mont-de-Marsan,,,,175,84,Apertura,,Francia
Q3524989,Thomas Choveau,No ES WP page,,,,,,,,,,,,,,
Q3525028,Tom David,No ES WP page,,,,,,,,,,,,,,
Q3525050,Thomas Dhalluin,No ES WP page,,,,,,,,,,,,,,
Q3525063,Jimmy Sinclair,No ES WP page,,,,,,,,,,,,,,
Q3525121,Thomas Fournil,No ES WP page,,,,,,,,,,,,,,
Q3525149,Thomas Genevois,No ES WP page,,,,,,,,,,,,,,
Q3525170,Tom Graham,No ES WP page,,,,,,,,,,,,,,
Q3525255,Thomas Pryce-Jenkins,No ES WP page,,,,,,,,,,,,,,
Q3525277,Thomas Judson,No ES WP page,,,,,,,,,,,,,,
Q3525311,Thomas Lasserre,No ES WP page,,,,,,,,,,,,,,
Q3525361,Thomas Lode,No ES WP page,,,,,,,,,,,,,,
Q3525363,Thomas Lièvremont,No ES WP page,,,,,,,,,,,,,,
Q3525365,Thomas Lombard,No ES WP page,,,,,,,,,,,,,,
Q3525387,Thomas Mantérola,No ES WP page,,,,,,,,,,,,,,
Q3525469,Tom Pearson,No ES WP page,,,,,,,,,,,,,,
Q3525479,Thomas Pieter Loftus,No ES WP page,,,,,,,,,,,,,,
Q3525484,Thomas Poitrenaud,No ES WP page,,,,,,,,,,,,,,
Q3525485,Thomas Pochelu,No ES WP page,,,,,,,,,,,,,,
Q3525517,T. Rhys Thomas,No ES WP page,,,,,,,,,,,,,,
Q3525522,Roy McLean,No ES WP page,,,,,,,,,,,,,,
Q3525534,William Henry Milton,No ES WP page,,,,,,,,,,,,,,
Q3525544,Thomas Sanchou,No ES WP page,,,,,,,,,,,,,,
Q3525582,Thomas Soucaze,No ES WP page,,,,,,,,,,,,,,
Q3525583,Thomas Sourice,No ES WP page,,,,,,,,,,,,,,
Q3525604,Thomas Synaeghel,No ES WP page,,,,,,,,,,,,,,
Q3525616,Thomas Trautmann,No ES WP page,,,,,,,,,,,,,,
Q3525629,Thomas Vervoort,No ES WP page,,,,,,,,,,,,,,
Q3525648,Thomas Waldrom,No ES WP page,,,,,,,,,,,,,,
Q3525666,Thomas Whitford,No ES WP page,,,,,,,,,,,,,,
Q3525786,Kim Elgie,No ES WP page,,,,,,,,,,,,,,
Q3525959,Thretton Palamo,No ES WP page,,,,,,,,,,,,,,
Q3526191,M. J. K. Smith,No ES WP page,,,,,,,,,,,,,,
Q3526305,Théo Cazenave,No ES WP page,,,,,,,,,,,,,,
Q3526430,George Vernon,No ES WP page,,,,,,,,,,,,,,
Q3526507,Théodore Varvier,No ES WP page,,,,,,,,,,,,,,
Q3526537,Gilbert Parkhouse,No ES WP page,,,,,,,,,,,,,,
Q3526638,Théophile Cambre,No ES WP page,,,,,,,,,,,,,,
Q3526860,Maurice Turnbull,No ES WP page,,,,,,,,,,,,,,
Q3526923,Reggie Spooner,No ES WP page,,,,,,,,,,,,,,
Q3526952,Steve James,No ES WP page,,,,,,,,,,,,,,
Q3527961,Ti’i Paulo,No ES WP page,,,,,,,,,,,,,,
Q3528579,Tim Barker,No ES WP page,,,,,,,,,,,,,,
Q3528591,Tim Bowker,No ES WP page,,,,,,,,,,,,,,
Q3528613,Tim Cowley,No ES WP page,,,,,,,,,,,,,,
Q3528624,Tim Donnelly,No ES WP page,,,,,,,,,,,,,,
Q3528646,Tim Horan,,Tim Horan,Timothy James Horan,Tim_Horan,18 de mayo de 1970,Sídney,/wiki/S%C3%ADdney,,,,183,93,Centro,,Australia
Q3528651,Tim Kelaher,No ES WP page,,,,,,,,,,,,,,
Q3528659,Tim Lane,No ES WP page,,,,,,,,,,,,,,
Q3528684,Tim Rodber,No ES WP page,,,,,,,,,,,,,,
Q3528685,Tim Ryan,No ES WP page,,,,,,,,,,,,,,
Q3528697,Tim Stimpson,No ES WP page,,,,,,,,,,,,,,
Q3528706,Tim Wallace,No ES WP page,,,,,,,,,,,,,,
Q3528719,Timana Tahu,No ES WP page,,,,,,,,,,,,,,
Q3529025,Timoci Nagusa,No ES WP page,,,,,,,,,,,,,,
Q3529026,Timoci Matanavou,,Timoci Matanavou,,Timoci_Matanavou,8 de julio de 1984,Lautoka,/wiki/Lautoka,,,,186,89,Wing,,Fiyi
Q3529238,Tinus Van Rensburg,No ES WP page,,,,,,,,,,,,,,
Q3529239,Tinus du Plessis,No ES WP page,,,,,,,,,,,,,,
Q3529242,Tiny Naude,No ES WP page,,,,,,,,,,,,,,
Q3529408,Johnny Briggs,No ES WP page,,,,,,,,,,,,,,
Q3529589,Tito Tebaldi,No ES WP page,,,,,,,,,,,,,,
Q3530245,Todd Blackadder,No ES WP page,,,,,,,,,,,,,,
Q3530661,Tom Bowman,No ES WP page,,,,,,,,,,,,,,
Q3530666,Tom Broadley,No ES WP page,,,,,,,,,,,,,,
Q3530696,Tom Court,No ES WP page,,,,,,,,,,,,,,
Q3530701,Thomas Crean,No ES WP page,,,,,,,,,,,,,,
Q3530718,Tom Evans,No ES WP page,,,,,,,,,,,,,,
Q3530726,Tom French,No ES WP page,,,,,,,,,,,,,,
Q3530733,Tom Grace,No ES WP page,,,,,,,,,,,,,,
Q3530744,Tom Hewitt,No ES WP page,,,,,,,,,,,,,,
Q3530773,Tom Lawton,No ES WP page,,,,,,,,,,,,,,
Q3530790,Tom May,No ES WP page,,,,,,,,,,,,,,
Q3530800,Tom Mercey,No ES WP page,,,,,,,,,,,,,,
Q3530807,Tom Morgan,No ES WP page,,,,,,,,,,,,,,
Q3530833,Tom Palmer,No ES WP page,,,,,,,,,,,,,,
Q3530852,Tom Prydie,No ES WP page,,,,,,,,,,,,,,
Q3530858,Tom Rees,No ES WP page,,,,,,,,,,,,,,
Q3530869,Tom Ryder,No ES WP page,,,,,,,,,,,,,,
Q3530903,Tom Tierney,No stint found,Tom Tierney,,Tom_Tierney,1 de septiembre de 1976,Limerick,/wiki/Limerick,24 de febrero de 2023,,,183,83,Medio scrum,,Irlanda
Q3530908,Tom Varndell,No ES WP page,,,,,,,,,,,,,,
Q3530910,Tom Voyce,No ES WP page,,,,,,,,,,,,,,
Q3530926,Tom Williams,No ES WP page,,,,,,,,,,,,,,
Q3530931,Tom Wood,,Tom Wood,Thomas Andrew Wood,Tom_Wood,3 de noviembre de 1986,Coventry,/wiki/Coventry,,,,193,113,Ala; Octavo,,"Inglaterra,Reino Unido"
Q3530945,Tom van Vollenhoven,No ES WP page,,,,,,,,,,,,,,
Q3530987,Tomasz Putra,No ES WP page,,,,,,,,,,,,,,
Q3531012,Tomaz Morais,No ES WP page,,,,,,,,,,,,,,
Q3531257,Tommaso D'Apice,No ES WP page,,,,,,,,,,,,,,
Q3531270,Tommaso Reato,No ES WP page,,,,,,,,,,,,,,
Q3531274,Tommaso Visentin,No ES WP page,,,,,,,,,,,,,,
Q3531304,Tommy Bedford,No ES WP page,,,,,,,,,,,,,,
Q3531312,Tom Dorward,No ES WP page,,,,,,,,,,,,,,
Q3531318,Tommy Gentles,No ES WP page,,,,,,,,,,,,,,
Q3531412,George Cotterill,No ES WP page,,,,,,,,,,,,,,
Q3531451,Tomás Vallejos Cinalli,,Tomás Vallejos Cinalli,,Tom%C3%A1s_Vallejos_Cinalli,16 de octubre de 1984,Rosario,/wiki/Rosario_(Argentina),,,,196,115,Segunda línea,,Argentina
Q3531455,Tomás de Vedia,No ES WP page,,,,,,,,,,,,,,
Q3531523,Tonderai Chavhanga,No ES WP page,,,,,,,,,,,,,,
Q3531533,Tone Kopelani,No ES WP page,,,,,,,,,,,,,,
Q3531544,Tonga Lea'aetoa,No ES WP page,,,,,,,,,,,,,,
Q3531622,Jackie Powell,No ES WP page,,,,,,,,,,,,,,
Q3531641,Cecil Boyle,No ES WP page,,,,,,,,,,,,,,
Q3531649,Alfred Richards,No ES WP page,,,,,,,,,,,,,,
Q3531657,Paddy Carolin,No ES WP page,,,,,,,,,,,,,,
Q3531662,Bob Snedden,No ES WP page,,,,,,,,,,,,,,
Q3531675,Herbert Hayton Castens,No ES WP page,,,,,,,,,,,,,,
Q3531701,Tony Brown,No ES WP page,,,,,,,,,,,,,,
Q3531703,Tony Buckley,No ES WP page,,,,,,,,,,,,,,
Q3531720,Tony Clement,No ES WP page,,,,,,,,,,,,,,
Q3531751,Tony Diprose,No ES WP page,,,,,,,,,,,,,,
Q3531758,Tony Ensor,No ES WP page,,,,,,,,,,,,,,
Q3531845,Tony Neary,No ES WP page,,,,,,,,,,,,,,
Q3531900,Tony Stanger,,Tony Stanger,Anthony George Stanger,Tony_Stanger,14 de mayo de 1968,Hawick,/wiki/Hawick,,,,188,95,Wing,,"Escocia,Reino Unido"
Q3531902,Tony Swift,No ES WP page,,,,,,,,,,,,,,
Q3531908,Tony Testa,No ES WP page,,,,,,,,,,,,,,
Q3531920,Tony Underwood,,Tony Underwood,Anthony Underwood,Tony_Underwood,17 de febrero de 1969,Ipoh,/wiki/Ipoh,,,,175,86,Wing,,MalasiaMalasia
Q3531929,Tony Ward,,Tony Ward,Anthony Joseph Patrick Ward,Tony_Ward_(rugbista),8 de octubre de 1954,Dublín,/wiki/Dubl%C3%ADn,,,,183,90,Apertura,,Irlanda
Q3532170,Topsy Ojo,No ES WP page,,,,,,,,,,,,,,
Q3532646,Toshiyuki Hayashi,No ES WP page,,,,,,,,,,,,,,
Q3533201,Alastair Hignell,No stint found,Alastair Hignell,,Alastair_Hignell,4 de septiembre de 1955,,,,,,,,ZagueroBateador,,
Q3533522,Mahesh Rodrigo,No ES WP page,,,,,,,,,,,,,,
Q3538318,Trefor Evans,No ES WP page,,,,,,,,,,,,,,
Q3538553,Trevor Allan,No ES WP page,,,,,,,,,,,,,,
Q3538563,Trevor Brennan,No ES WP page,,,,,,,,,,,,,,
Q3538565,Trevor Brewer,No ES WP page,,,,,,,,,,,,,,
Q3538582,Trevor Halstead,No ES WP page,,,,,,,,,,,,,,
Q3538586,Trevor Hogan,No ES WP page,,,,,,,,,,,,,,
Q3538604,Trevor Ringland,,Trevor Ringland,Trevor Maxwell Ringland,Trevor_Ringland,13 de noviembre de 1959,Belfast,/wiki/Belfast,,,,180,85,Wing,,"Irlanda del Norte,Reino Unido"
Q3538616,Trevor Woodman,,Trevor Woodman,Trevor James Woodman,Trevor_Woodman,4 de agosto de 1976,Plymouth,/wiki/Plymouth,,,,180,112,Pilar,,Reino Unido
Q3541024,Troy Flavell,No ES WP page,,,,,,,,,,,,,,
Q3541025,Troy Jaques,No ES WP page,,,,,,,,,,,,,,
Q3546023,Tyler Hotson,No ES WP page,,,,,,,,,,,,,,
Q3546366,Tyrone Howe,No ES WP page,,,,,,,,,,,,,,
Q3546369,Tyrone Smith,No ES WP page,,,,,,,,,,,,,,
Q3547082,Toru Kurihara,No ES WP page,,,,,,,,,,,,,,
Q3547754,Ueleni Fono,No ES WP page,,,,,,,,,,,,,,
Q3547810,Ugo Mola,,Ugo Mola,,Ugo_Mola,14 de mayo de 1973,Sainte-Foy-la-Grande,/wiki/Sainte-Foy-la-Grande,,,,183,90,Fullback,,Francia
Q3547924,Ulia Ulia,No ES WP page,,,,,,,,,,,,,,
Q3547960,Ulrich Chabot,No ES WP page,,,,,,,,,,,,,,
Q3553044,Va'aiga Tuigamala,,Va'aiga Tuigamala,Va'aiga Lealuga Tuigamala,Va%27aiga_Tuigamala,4 de septiembre de 1969,Faleasiu,/w/index.php?title=Faleasiu&action=edit&redlink=1,24 de febrero de 2022,Auckland,/wiki/Auckland,180,100,Wing,,Samoa
Q3553236,Warren Spragg,No ES WP page,,,,,,,,,,,,,,
Q3553278,Vahanoa Faleovalu,No ES WP page,,,,,,,,,,,,,,
Q3553572,Valentin Calafeteanu,,Valentin Calafeteanu,Valentin Niculae Calafeteanu,Valentin_Calafeteanu,25 de enero de 1985,Bucarest,/wiki/Bucarest,,,,182,82,medio melée,,Rumanía
Q3553576,Valentin Courrent,No ES WP page,,,,,,,,,,,,,,
Q3553585,Valentin Maftei,No ES WP page,,,,,,,,,,,,,,
Q3553719,Valerio Bernabò,No ES WP page,,,,,,,,,,,,,,
Q3554909,Vasil Kakovin,No ES WP page,,,,,,,,,,,,,,
Q3554911,Vasil Katsadze,No ES WP page,,,,,,,,,,,,,,
Q3554913,Vasile Ghioc,No ES WP page,,,,,,,,,,,,,,
Q3554936,Vasily Artemyev,No ES WP page,,,,,,,,,,,,,,
Q3555070,Vaughan Going,No ES WP page,,,,,,,,,,,,,,
Q3555838,Vereniki Goneva,,Vereniki Goneva,Tevita Gucake Naqaqa Cavubati,Vereniki_Goneva,5 de abril de 1984,Lautoka,/wiki/Lautoka,,,,178,97,Centro; Wing,,Fiyi
Q3555839,Vereniki Sauturaga,No ES WP page,,,,,,,,,,,,,,
Q3555942,Vern Cotter,No ES WP page,,,,,,,,,,,,,,
Q3555990,Vernon Cooper,No ES WP page,,,,,,,,,,,,,,
Q3556850,Vic Roberts,No ES WP page,,,,,,,,,,,,,,
Q3556856,Victor Yates,No ES WP page,,,,,,,,,,,,,,
Q3557162,Victor Boffelli,No ES WP page,,,,,,,,,,,,,,
Q3557237,Victor Costello,No ES WP page,,,,,,,,,,,,,,
Q3557276,Victor Didebulidze,No ES WP page,,,,,,,,,,,,,,
Q3557400,Victor Labat,No ES WP page,,,,,,,,,,,,,,
Q3557411,Victor Le Fanu,No ES WP page,,,,,,,,,,,,,,
Q3557619,Victor Ubogu,No ES WP page,,,,,,,,,,,,,,
Q3557634,Victor da Silva,No ES WP page,,,,,,,,,,,,,,
Q3558299,Viktor Gresev,No ES WP page,,,,,,,,,,,,,,
Q3558410,Viliami Hakalo,No ES WP page,,,,,,,,,,,,,,
Q3558411,Viliami Ma'afu,No ES WP page,,,,,,,,,,,,,,
Q3558412,Viliame Satala,,Viliame Satala,,Viliame_Satala,19 de julio de 1972,Lautoka,/wiki/Lautoka,,,,188,95,Centro,,Fiyi
Q3558413,Viliame Waqaseduadua,No ES WP page,,,,,,,,,,,,,,
Q3558418,Viliami Vaki,No ES WP page,,,,,,,,,,,,,,
Q3558420,Viliami Tupoulahi Mailefihi Tukuʻaho,No stint found,Guillermo Tupoulahi Mailefihi Tuku'aho,,Guillermo_Tupoulahi_Mailefihi_Tuku%27aho,17 de junio de 1957,,,14 de junio de 2014,Haveluloto (Tonga),,,,,,
Q3559404,Vinaya Wakanivuga,No ES WP page,,,,,,,,,,,,,,
Q3559466,Vincent Barrière,No ES WP page,,,,,,,,,,,,,,
Q3559480,Vincent Becker,No ES WP page,,,,,,,,,,,,,,
Q3559495,Vincent Bourdeaux,No ES WP page,,,,,,,,,,,,,,
Q3559505,Vincent Caldayroux,No ES WP page,,,,,,,,,,,,,,
Q3559510,Vincent Campo,No ES WP page,,,,,,,,,,,,,,
Q3559542,Vincent Claireaux,No ES WP page,,,,,,,,,,,,,,
Q3559544,Vincent Clément,No ES WP page,,,,,,,,,,,,,,
Q3559547,Vincent Colliat,No ES WP page,,,,,,,,,,,,,,
Q3559552,Vincent Cortes,No ES WP page,,,,,,,,,,,,,,
Q3559580,Vincent Deniau,No ES WP page,,,,,,,,,,,,,,
Q3559614,Vincent Etcheto,No ES WP page,,,,,,,,,,,,,,
Q3559624,Vincent Forgues,No ES WP page,,,,,,,,,,,,,,
Q3559652,Vincent Graule,No ES WP page,,,,,,,,,,,,,,
Q3559673,Vincent Inigo,No ES WP page,,,,,,,,,,,,,,
Q3559734,Vincent Martin,No ES WP page,,,,,,,,,,,,,,
Q3559759,Vincent Moscato,No ES WP page,,,,,,,,,,,,,,
Q3559768,Vincent Noutary,No ES WP page,,,,,,,,,,,,,,
Q3559776,Vincent Pagès,No ES WP page,,,,,,,,,,,,,,
Q3559783,Vincent Pelo,No ES WP page,,,,,,,,,,,,,,
Q3559807,Vincent Quivet,No ES WP page,,,,,,,,,,,,,,
Q3559826,Vincent Roumiguié,No ES WP page,,,,,,,,,,,,,,
Q3559827,Vincent Roux,No ES WP page,,,,,,,,,,,,,,
Q3559832,Vincent Sabardeil,No ES WP page,,,,,,,,,,,,,,
Q3559841,Vincent Sohet,No ES WP page,,,,,,,,,,,,,,
Q3559878,Vincent Volle,No ES WP page,,,,,,,,,,,,,,
Q3559922,Vincenzo Bertolotto,No ES WP page,,,,,,,,,,,,,,
Q3560508,Viorel Morariu,No ES WP page,,,,,,,,,,,,,,
Q3560618,Virgile Lacombe,No ES WP page,,,,,,,,,,,,,,
Q3560816,Virimi Vakatawa,No stint found,Virimi Vakatawa,,Virimi_Vakatawa,1 de mayo de 1992,,,,,,187,99,Centro o wing,,
Q3561285,Vitolio Manukula,No ES WP page,,,,,,,,,,,,,,
Q3561372,Vittorio Munari,No ES WP page,,,,,,,,,,,,,,
Q3561558,Vivian Jenkins,No ES WP page,,,,,,,,,,,,,,
Q3563801,Vula Maimuri,No ES WP page,,,,,,,,,,,,,,
Q3563848,Vunga Lilo,,Vunga Lilo,Vungakoto Filimone Lilo,Vunga_Lilo,28 de febrero de 1983,Koulo,/wiki/Koulo,,,,193,111,Zaguero,,Tonga
Q3564939,Uakazuwaka Kazombiaze,No ES WP page,,,,,,,,,,,,,,
Q3564982,Wade Dooley,,Wade Dooley,Wade Anthony Dooley,Wade_Dooley,2 de octubre de 1957,Warrington,/wiki/Warrington,,,,202,110,Segunda línea,,"Inglaterra,Reino Unido"
Q3565170,Waisale Serevi,,Waisale Serevi,Waisale Tikoisolomoni Serevi,Waisale_Serevi,20 de mayo de 1968,Suva,/wiki/Suva,,,,169,80,Fullback; medio scrum; apertura,,Fiyi
Q3565173,Waisale Sukanaveita,No ES WP page,,,,,,,,,,,,,,
Q3565174,Waisea Luveniyali,No ES WP page,,,,,,,,,,,,,,
Q3565472,Wallace Watts,No ES WP page,,,,,,,,,,,,,,
Q3565728,Walter Cristofoletto,No ES WP page,,,,,,,,,,,,,,
Q3565761,Walter Torrie Forrest,No ES WP page,,,,,,,,,,,,,,
Q3565811,Walter Little,,Walter Little,Walter Kenneth Little,Walter_Little,14 de octubre de 1969,Waikato,/wiki/Waikato,,,,178,80,Centro,,Nueva Zelanda
Q3565857,Walter Pozzebon,No ES WP page,,,,,,,,,,,,,,
Q3565896,Walter Spanghero,No ES WP page,,,,,,,,,,,,,,
Q3565988,Wame Lewaravu,No ES WP page,,,,,,,,,,,,,,
Q3566380,Warren Britz,No ES WP page,,,,,,,,,,,,,,
Q3566386,Warren Fury,No ES WP page,,,,,,,,,,,,,,
Q3566468,Warwick Taylor,,Warwick Taylor,Warwick Thomas Taylor,Warwick_Taylor,11 de marzo de 1960,Hamilton,/wiki/Hamilton_(Nueva_Zelanda),,,,179,82,Centro,,Nueva Zelanda
Q3566471,Warwick Waugh,No ES WP page,,,,,,,,,,,,,,
Q3566805,Waylon Murray,No ES WP page,,,,,,,,,,,,,,
Q3566842,Wayne Julies,,Wayne Julies,,Wayne_Julies,23 de octubre de 1978,Paarl,/wiki/Paarl,,,,186,90,Centro,,Sudáfrica
Q3566851,Wayne Pivac,No ES WP page,,,,,,,,,,,,,,
Q3566853,Wayne Proctor,No ES WP page,,,,,,,,,,,,,,
Q3566861,Wayne Smith,,Wayne Smith,Wayne Ross Smith,Wayne_Smith,19 de abril de 1957,Waikato,/wiki/Waikato,,,,178,80,Apertura,,Nueva Zelanda
Q3567318,Werner Greeff,No ES WP page,,,,,,,,,,,,,,
Q3567325,Werner Loftus,No ES WP page,,,,,,,,,,,,,,
Q3567340,Werner Swanepoel,No ES WP page,,,,,,,,,,,,,,
Q3567392,Wessel Jooste,No ES WP page,,,,,,,,,,,,,,
Q3568079,Wikus van Heerden,,Wikus van Heerden,Johannes Lodewikus van Heerden,Wikus_van_Heerden,25 de febrero de 1979,Johannesburgo,/wiki/Johannesburgo,,,,193,108,Ala,,Sudáfrica
Q3568169,Wilf Rosenberg,No ES WP page,,,,,,,,,,,,,,
Q3568191,Wilfrid Crawford,No ES WP page,,,,,,,,,,,,,,
Q3568278,Will Caldwell,No ES WP page,,,,,,,,,,,,,,
Q3568280,Will Carling,,Will Carling,William David Charles Carling,Will_Carling,12 de diciembre de 1965,Sudoeste de Inglaterra,/wiki/Sudoeste_de_Inglaterra,,,,180,90,Centro,,"Inglaterra,Reino Unido"
Q3568285,Will Green,No ES WP page,,,,,,,,,,,,,,
Q3568290,Will James,No ES WP page,,,,,,,,,,,,,,
Q3568294,Will Joseph,No ES WP page,,,,,,,,,,,,,,
Q3568300,Will Skinner,No ES WP page,,,,,,,,,,,,,,
Q3568305,Willa Delport,No ES WP page,,,,,,,,,,,,,,
Q3568328,Willem Alberts,,Willem Alberts,Willem Schalk Alberts,Willem_Alberts,11 de mayo de 1984,Pretoria,/wiki/Pretoria,,,,192,120,ala; número 8,,Sudáfrica
Q3568329,Willem Barnard,No ES WP page,,,,,,,,,,,,,,
Q3568347,Willem Meyer,No ES WP page,,,,,,,,,,,,,,
Q3568352,Willem Stoltz,No ES WP page,,,,,,,,,,,,,,
Q3568362,Willem de Waal,No ES WP page,,,,,,,,,,,,,,
Q3568414,Billy Bancroft,No ES WP page,,,,,,,,,,,,,,
Q3568442,William Bonet,No ES WP page,,,,,,,,,,,,,,
Q3568451,William Bowen,No ES WP page,,,,,,,,,,,,,,
Q3568459,William Ernest Bromet,No ES WP page,,,,,,,,,,,,,,
Q3568470,William Byron,No ES WP page,,,,,,,,,,,,,,
Q3568510,William Collis,No ES WP page,,,,,,,,,,,,,,
Q3568513,William Collins,No ES WP page,,,,,,,,,,,,,,
Q3568526,William Crichton,No ES WP page,,,,,,,,,,,,,,
Q3568547,William Demotte,No ES WP page,,,,,,,,,,,,,,
Q3568566,William Dowell,No ES WP page,,,,,,,,,,,,,,
Q3568645,William Gardiner,No ES WP page,,,,,,,,,,,,,,
Q3568721,William Inglis,No ES WP page,,,,,,,,,,,,,,
Q3568821,William McKee,No ES WP page,,,,,,,,,,,,,,
Q3568920,William Russell,No ES WP page,,,,,,,,,,,,,,
Q3568942,William Patrick Scott,No ES WP page,,,,,,,,,,,,,,
Q3569004,Billy Trew,No ES WP page,,,,,,,,,,,,,,
Q3569062,Willie Anderson,No ES WP page,,,,,,,,,,,,,,
Q3569069,Willie Duggan,No ES WP page,,,,,,,,,,,,,,
Q3569085,Willie Llewellyn,No ES WP page,,,,,,,,,,,,,,
Q3569090,Willie Meyer,No ES WP page,,,,,,,,,,,,,,
Q3569098,Viliami Ofahengaue,No ES WP page,,,,,,,,,,,,,,
Q3569108,Willie Welsh,No ES WP page,,,,,,,,,,,,,,
Q3569109,Willie Wepener,No ES WP page,,,,,,,,,,,,,,
Q3569111,Willie du Plessis,No ES WP page,,,,,,,,,,,,,,
Q3569140,Willy Begarie,No ES WP page,,,,,,,,,,,,,,
Q3569187,Willy Taofifénua,No ES WP page,,,,,,,,,,,,,,
Q3569218,Robert Wilson Shaw,No ES WP page,,,,,,,,,,,,,,
Q3569393,Winston Stanley,No ES WP page,,,,,,,,,,,,,,
Q3569703,Wolfie Duvenhage,No ES WP page,,,,,,,,,,,,,,
Q3570190,Wyatt Gould,No ES WP page,,,,,,,,,,,,,,
Q3570212,Wylie Human,No ES WP page,,,,,,,,,,,,,,
Q3570606,Xavier Blond,No ES WP page,,,,,,,,,,,,,,
Q3570620,Xavier Cambres,No ES WP page,,,,,,,,,,,,,,
Q3570628,Xavier Chiocci,No ES WP page,,,,,,,,,,,,,,
Q3570669,Xavier Fiard,No ES WP page,,,,,,,,,,,,,,
Q3570685,Xavier Garbajosa,,Xavier Garbajosa,,Xavier_Garbajosa,5 de diciembre de 1976,Toulouse,/wiki/Toulouse,,,,185,89,Fullback; centro; wing,,Francia
Q3570749,Xavier Naulleau,No ES WP page,,,,,,,,,,,,,,
Q3570768,Xavier Plataret,No ES WP page,,,,,,,,,,,,,,
Q3570776,Xavier Péméja,No ES WP page,,,,,,,,,,,,,,
Q3570789,Xavier Sadourny,No ES WP page,,,,,,,,,,,,,,
Q3570791,Xavier Rush,No ES WP page,,,,,,,,,,,,,,
Q3570805,Xavier Verdy,No ES WP page,,,,,,,,,,,,,,
Q3571614,Yann Braendlin,No ES WP page,,,,,,,,,,,,,,
Q3571633,Yann David,No ES WP page,,,,,,,,,,,,,,
Q3571639,Yann Delaigue,No ES WP page,,,,,,,,,,,,,,
Q3571642,Yann Fior,No ES WP page,,,,,,,,,,,,,,
Q3571653,Yann Labrit,No ES WP page,,,,,,,,,,,,,,
Q3571675,Yann Lesgourgues,No stint found,Yann Lesgourgues,,Yann_Lesgourgues,17 de enero de 1991,Francia,/wiki/Francia,,,,177,76,Medioscrum,,Francés
Q3571741,Yannick Caballero,No ES WP page,,,,,,,,,,,,,,
Q3571751,Yannick Forestier,No ES WP page,,,,,,,,,,,,,,
Q3571763,Yannick Lafforgue,No ES WP page,,,,,,,,,,,,,,
Q3571766,Yannick Lacrouts,No ES WP page,,,,,,,,,,,,,,
Q3571769,Yannick Larguet,No ES WP page,,,,,,,,,,,,,,
Q3571786,Yannick N'Gog,No ES WP page,,,,,,,,,,,,,,
Q3571790,Yannick Ricardo,No ES WP page,,,,,,,,,,,,,,
Q3571791,Yannick Nyanga,,Yannick Nyanga,Yannick Nyanga Kabasele,Yannick_Nyanga,19 de diciembre de 1983,Kinsasa,/wiki/Kinsasa,,,,187,96,Flanker,,Zaire
Q3571993,Yasunori Watanabe,No ES WP page,,,,,,,,,,,,,,
Q3572341,Yoan Anthian,No ES WP page,,,,,,,,,,,,,,
Q3572366,Yoann Huget,,Yoann Huget,,Yoann_Huget,2 de febrero de 1987,Pamiers,/wiki/Pamiers,,,,190,97,Wing; fullback,,Francia
Q3572406,Yogane Corréa,No ES WP page,,,,,,,,,,,,,,
Q3572420,Yohan Marty,No ES WP page,,,,,,,,,,,,,,
Q3572425,Yohan Montès,No ES WP page,,,,,,,,,,,,,,
Q3572427,Yohann Artru,No ES WP page,,,,,,,,,,,,,,
Q3572428,Yohann Carpentier,No ES WP page,,,,,,,,,,,,,,
Q3572432,Yohann Durquet,No ES WP page,,,,,,,,,,,,,,
Q3572434,Yohann Le Provost,No ES WP page,,,,,,,,,,,,,,
Q3572435,Yohann Misse,No ES WP page,,,,,,,,,,,,,,
Q3572786,Youcef Hanou,No ES WP page,,,,,,,,,,,,,,
Q3573304,Yuya Saito,No ES WP page,,,,,,,,,,,,,,
Q3573331,Yvan Buonomo,No ES WP page,,,,,,,,,,,,,,
Q3573340,Yvan Chevalier,No ES WP page,,,,,,,,,,,,,,
Q3573375,Yvan Manhès,No ES WP page,,,,,,,,,,,,,,
Q3573381,Yvan Roux,No ES WP page,,,,,,,,,,,,,,
Q3573394,Yvan Watremez,No ES WP page,,,,,,,,,,,,,,
Q3573482,Yves Bergougnan,No ES WP page,,,,,,,,,,,,,,
Q3573517,Yves Bressy,No ES WP page,,,,,,,,,,,,,,
Q3573520,Yves Brunet,No ES WP page,,,,,,,,,,,,,,
Q3573626,Yves Donguy,No ES WP page,,,,,,,,,,,,,,
Q3573627,Yves Duffaut,No ES WP page,,,,,,,,,,,,,,
Q3573628,Yves Duhard,No ES WP page,,,,,,,,,,,,,,
Q3573738,Yves Lafarge,No ES WP page,,,,,,,,,,,,,,
Q3573814,Yves Malquier,No ES WP page,,,,,,,,,,,,,,
Q3573842,Yves Menthillier,No ES WP page,,,,,,,,,,,,,,
Q3573873,Yves Noé,No ES WP page,,,,,,,,,,,,,,
Q3573885,Yves Pedrosa,No ES WP page,,,,,,,,,,,,,,
Q3574150,Yvon Rousset,No ES WP page,,,,,,,,,,,,,,
Q3574638,Zak Feau'nati,No ES WP page,,,,,,,,,,,,,,
Q3576295,Zurab Mtchedlishvili,No ES WP page,,,,,,,,,,,,,,
Q3579716,Édouard Ainciart,No ES WP page,,,,,,,,,,,,,,
Q3580002,Édouard Ponsinet,No ES WP page,,,,,,,,,,,,,,
Q3587722,Élie Brousse,No ES WP page,,,,,,,,,,,,,,
Q3587723,Élie Cester,No ES WP page,,,,,,,,,,,,,,
Q3587763,Élie Pebeyre,No ES WP page,,,,,,,,,,,,,,
Q3588622,Émile Lesieur,No ES WP page,,,,,,,,,,,,,,
Q3588678,Émile Ntamack,,Émile Ntamack,,%C3%89mile_Ntamack,25 de junio de 1970,Lyon,/wiki/Lyon,,,,189,92,Centro; fullback; wing,,Francia
Q3590935,Éric Alabarbe,No ES WP page,,,,,,,,,,,,,,
Q3590942,Éric Alégret,No ES WP page,,,,,,,,,,,,,,
Q3590949,Éric Artiguste,No ES WP page,,,,,,,,,,,,,,
Q3590995,Éric Blanc,No ES WP page,,,,,,,,,,,,,,
Q3591004,Eric Bonneval,,Éric Bonneval,,%C3%89ric_Bonneval,12 de noviembre de 1963,Toulouse,/wiki/Toulouse,,,,180,83,Centro,,Francia
Q3591015,Éric Buchet,No ES WP page,,,,,,,,,,,,,,
Q3591019,Éric Béchu,No ES WP page,,,,,,,,,,,,,,
Q3591043,Éric Champ,No ES WP page,,,,,,,,,,,,,,
Q3591069,Éric Dasalmartini,No ES WP page,,,,,,,,,,,,,,
Q3591111,Éric Escande,No ES WP page,,,,,,,,,,,,,,
Q3591112,Éric Espagno,No ES WP page,,,,,,,,,,,,,,
Q3591126,Éric Ferruit,No ES WP page,,,,,,,,,,,,,,
Q3591176,Eric Harper,No ES WP page,,,,,,,,,,,,,,
Q3591232,Éric Lecomte,No ES WP page,,,,,,,,,,,,,,
Q3591268,Eric Melville,No ES WP page,,,,,,,,,,,,,,
Q3591272,Éric Michaud,No ES WP page,,,,,,,,,,,,,,
Q3591282,Éric Morisse,No ES WP page,,,,,,,,,,,,,,
Q3591295,Éric Nicol,No ES WP page,,,,,,,,,,,,,,
Q3591321,Éric Quesada,No ES WP page,,,,,,,,,,,,,,
Q3591346,Éric San Vicente,No ES WP page,,,,,,,,,,,,,,
Q3591359,Éric Smara,No ES WP page,,,,,,,,,,,,,,
Q3592099,Étienne Cayrol,No ES WP page,,,,,,,,,,,,,,
Q3592260,Étienne Léobet,No ES WP page,,,,,,,,,,,,,,
Q3595057,Charles Graham,No ES WP page,,,,,,,,,,,,,,
Q3603065,Aaron Cowie,No ES WP page,,,,,,,,,,,,,,
Q3604979,Adam Byrnes,No ES WP page,,,,,,,,,,,,,,
Q3604991,Adam M. Jones,No ES WP page,,,,,,,,,,,,,,
Q3605497,Adolphe Klingelhoefer,No ES WP page,,,,,,,,,,,,,,
Q3605612,Adrian Donald,No ES WP page,,,,,,,,,,,,,,
Q3606810,Agostino Puppo,No ES WP page,,,,,,,,,,,,,,
Q3606939,Agustín Cavalieri,No ES WP page,,,,,,,,,,,,,,
Q3606940,Agustín Canalda,,Agustín Canalda,,Agust%C3%ADn_Canalda,18 de abril de 1977,Buenos Aires,/wiki/Buenos_Aires,,,,183,100,Hooker,,Argentina
Q3608146,Alberto Bergamo,No ES WP page,,,,,,,,,,,,,,
Q3608388,Alberto Lucchese,No ES WP page,,,,,,,,,,,,,,
Q3608408,Alberto Marconato,No ES WP page,,,,,,,,,,,,,,
Q3608650,Alberto Zorzi,No ES WP page,,,,,,,,,,,,,,
Q3609130,Aldo Birchall,No ES WP page,,,,,,,,,,,,,,
Q3609429,Alejandro Abadie,No ES WP page,,,,,,,,,,,,,,
Q3609858,Alessandro Bollati,No ES WP page,,,,,,,,,,,,,,
Q3609879,Alessandro Bottacchiari,No ES WP page,,,,,,,,,,,,,,
Q3609897,Alessandro Caranci,No ES WP page,,,,,,,,,,,,,,
Q3610024,Alessandro Fusco,No ES WP page,,,,,,,,,,,,,,
Q3610596,Alessio Zdrilich,No ES WP page,,,,,,,,,,,,,,
Q3610665,Alec Evans,No ES WP page,,,,,,,,,,,,,,
Q3611407,Alfredo Gavazzi,No ES WP page,,,,,,,,,,,,,,
Q3613815,Ambrogio Bona,No ES WP page,,,,,,,,,,,,,,
Q3615613,Andrea Cococcetta,No ES WP page,,,,,,,,,,,,,,
Q3615737,Andrea Gavazzi,No ES WP page,,,,,,,,,,,,,,
Q3615813,Andrea Lovotti,No ES WP page,,,,,,,,,,,,,,
Q3616029,Andrea Sartoretto,No ES WP page,,,,,,,,,,,,,,
Q3616253,Andy Craig,No ES WP page,,,,,,,,,,,,,,
Q3616280,Andrew Lewis,No ES WP page,,,,,,,,,,,,,,
Q3616293,Andrew Skeen,No ES WP page,,,,,,,,,,,,,,
Q3616300,Andy Vilk,No ES WP page,,,,,,,,,,,,,,
Q3616447,André De Bonis,No ES WP page,,,,,,,,,,,,,,
Q3616552,Andy Marinos,No ES WP page,,,,,,,,,,,,,,
Q3619432,Antonio Colella,No ES WP page,,,,,,,,,,,,,,
Q3619616,Antonio Galeazzo,No ES WP page,,,,,,,,,,,,,,
Q3620233,Antonio Spagnoli,No ES WP page,,,,,,,,,,,,,,
Q3624265,Arthur Emyr,,Arthur Emyr,Arthur Emyr Jones,Arthur_Emyr,27 de julio de 1962,Bangor,/wiki/Bangor_(Gales),,,,188,93,Wing,,"Gales,Reino Unido"
Q3637951,Ben Smith,No ES WP page,,,,,,,,,,,,,,
Q3639985,Bill Leversee,No ES WP page,,,,,,,,,,,,,,
Q3641358,Bob Wilkinson,No ES WP page,,,,,,,,,,,,,,
Q3644238,Brendan Williams,No ES WP page,,,,,,,,,,,,,,
Q3646462,Budge Rogers,No ES WP page,,,,,,,,,,,,,,
Q3647870,Byran Black,No stint found,Byran Black,,Byran_Black,1912,,,2002,,,,,,,
Q3659238,Carlo Damasco,No ES WP page,,,,,,,,,,,,,,
Q3665437,Cesare Ghezzi,No ES WP page,,,,,,,,,,,,,,
Q3675525,Chris MacKintosh,No stint found,Chris MacKintosh,Charles Ernest Whistler Christopher Mackintosh,Chris_MacKintosh,31 de octubre de 1903,,,12 de enero de 1974,,,,,,,
Q3679945,Claudio Bincaz,No ES WP page,,,,,,,,,,,,,,
Q3679959,Claudio Buezas,No ES WP page,,,,,,,,,,,,,,
Q3680441,Clemente Caccianiga,No ES WP page,,,,,,,,,,,,,,
Q3694299,Corrado Pilat,No ES WP page,,,,,,,,,,,,,,
Q3695553,Costantino Ricciardi,No ES WP page,,,,,,,,,,,,,,
Q3701242,Damian Hopley,No ES WP page,,,,,,,,,,,,,,
Q3702086,Daniele Tebaldi,No ES WP page,,,,,,,,,,,,,,
Q3703205,David Harvey,No ES WP page,,,,,,,,,,,,,,
Q3703309,David Rees,No ES WP page,,,,,,,,,,,,,,
Q3703373,David Williams,No ES WP page,,,,,,,,,,,,,,
Q3703542,Davide Duca,No ES WP page,,,,,,,,,,,,,,
Q3707244,Diego Saccà,No ES WP page,,,,,,,,,,,,,,
Q3707248,Diego Scaglia,No ES WP page,,,,,,,,,,,,,,
Q3709167,Dirk Naudè,No ES WP page,,,,,,,,,,,,,,
Q3713600,Don White,No ES WP page,,,,,,,,,,,,,,
Q3716869,Dylan des Fountain,No ES WP page,,,,,,,,,,,,,,
Q3718921,Eddie Butler,No ES WP page,,,,,,,,,,,,,,
Q3719101,Edgardo Venturi,No ES WP page,,,,,,,,,,,,,,
Q3722914,Elia Violi,No ES WP page,,,,,,,,,,,,,,
Q3723013,Elio De Anna,No ES WP page,,,,,,,,,,,,,,
Q3723026,Elio Fusco,No ES WP page,,,,,,,,,,,,,,
Q3723891,Emanuele Bellandi,No ES WP page,,,,,,,,,,,,,,
Q3724301,Emiliano Mulieri,No ES WP page,,,,,,,,,,,,,,
Q3725497,Ennio Ponzi,No ES WP page,,,,,,,,,,,,,,
Q3725680,Enrico Ceccato,No ES WP page,,,,,,,,,,,,,,
Q3734342,Eugenio Eugenio,No ES WP page,,,,,,,,,,,,,,
Q3737719,Fabio Gaetaniello,,Fabio Gaetaniello,,Fabio_Gaetaniello,25 de agosto de 1958,Livorno,/wiki/Livorno,,,,183,88,Centro,,Italia
Q3737820,Fabio Roselli,No ES WP page,,,,,,,,,,,,,,
Q3738038,Fabrizio Franzoni,No ES WP page,,,,,,,,,,,,,,
Q3738119,Fabrizio Sepe,No ES WP page,,,,,,,,,,,,,,
Q3739635,Giovanni Grespan,No ES WP page,,,,,,,,,,,,,,
Q3741906,Federico Sossi,No ES WP page,,,,,,,,,,,,,,
Q3742780,Fergus Aherne,No ES WP page,,,,,,,,,,,,,,
Q3742902,Fernando Díaz Alberdi,,Fernando Díaz Alberdi,,Fernando_D%C3%ADaz_Alberdi,2 de julio de 1972,Buenos Aires,/wiki/Buenos_Aires,,,,180,108,Pilar,,Argentina
Q3743819,Ferruccio Tozzi,No ES WP page,,,,,,,,,,,,,,
Q3749948,Francesco Faia Pappalardo,No ES WP page,,,,,,,,,,,,,,
Q3750304,Francesco Minto,No ES WP page,,,,,,,,,,,,,,
Q3750468,Francesco Pietrosanti,No ES WP page,,,,,,,,,,,,,,
Q3751040,Francisco Rubio,No ES WP page,,,,,,,,,,,,,,
Q3751145,Franco Berni,No ES WP page,,,,,,,,,,,,,,
Q3751223,Franco Cioni,No ES WP page,,,,,,,,,,,,,,
Q3751785,Frank Chevallier-Boutell,No ES WP page,,,,,,,,,,,,,,
Q3756475,Gabriel Filizzola,No ES WP page,,,,,,,,,,,,,,
Q3756549,Gabriele Brussolo,No ES WP page,,,,,,,,,,,,,,
Q3756568,Gabriele Cicchinelli,No ES WP page,,,,,,,,,,,,,,
Q3756639,Gabriele Morelli,No ES WP page,,,,,,,,,,,,,,
Q3758824,Gastón de Robertis,No ES WP page,,,,,,,,,,,,,,
Q3758994,Gavin Quinnell,No ES WP page,,,,,,,,,,,,,,
Q3760509,George Graham,No ES WP page,,,,,,,,,,,,,,
Q3761168,Germán Bustos,No ES WP page,,,,,,,,,,,,,,
Q3762006,Giacomo Brancoli,No ES WP page,,,,,,,,,,,,,,
Q3762321,Giacomo Zoli,No ES WP page,,,,,,,,,,,,,,
Q3762531,Giampiero Mazzi,No ES WP page,,,,,,,,,,,,,,
Q3762778,Gianantonio Bulgheroni,No ES WP page,,,,,,,,,,,,,,
Q3762833,Giancarlo Cucchiella,,Giancarlo Cucchiella,,Giancarlo_Cucchiella,18 de febrero de 1953,L'Aquila,/wiki/L%27Aquila,,,,182,100,Pilar,,Italia
Q3762846,Giancarlo Dondi,No ES WP page,,,,,,,,,,,,,,
Q3763221,Gianluca Faliva,No ES WP page,,,,,,,,,,,,,,
Q3763256,Gianluca Limone,No ES WP page,,,,,,,,,,,,,,
Q3763628,Gianni Salamon,No ES WP page,,,,,,,,,,,,,,
Q3764114,Gigi Savoia,No ES WP page,,,,,,,,,,,,,,
Q3765614,Giorgio Morelli,No ES WP page,,,,,,,,,,,,,,
Q3765798,Giorgio Troncon,No ES WP page,,,,,,,,,,,,,,
Q3767294,Giovanni Frapporti,No ES WP page,,,,,,,,,,,,,,
Q3767615,Giovanni Maistri,No ES WP page,,,,,,,,,,,,,,
Q3768004,Giovanni Raineri,No ES WP page,,,,,,,,,,,,,,
Q3770024,Giuseppe Artuso,No ES WP page,,,,,,,,,,,,,,
Q3771445,Giuseppe Sessa,No ES WP page,,,,,,,,,,,,,,
Q3778981,Guglielmo Palazzani,No ES WP page,,,,,,,,,,,,,,
Q3779967,Gustavo Milano,,Gustavo Milano,Gustavo E. Milano,Gustavo_Milano,11 de febrero de 1961,Rosario,/wiki/Rosario_(Argentina),,,,200,105,Segunda línea,,Argentina
Q3780050,Guy Pardiès,No ES WP page,,,,,,,,,,,,,,
Q3785281,Hernán Mazino,No ES WP page,,,,,,,,,,,,,,
Q3787517,Hugo Torres,,Hugo Torres,,Hugo_Torres,24 de abril de 1962,Córdoba,/wiki/C%C3%B3rdoba_(Argentina),,,,182,102,Pilar,,Argentina
Q3788117,Héctor Luis Silva,,Héctor Silva,Héctor Luis Silva,H%C3%A9ctor_Silva_(rugbista),10 de septiembre de 1944,La Plata,/wiki/La_Plata,17 de mayo de 2021,La Plata,/wiki/La_Plata,190,100,Octavo,,Argentina
Q3792247,Ignacio Fernandez Rouyet,No ES WP page,,,,,,,,,,,,,,
Q3805933,Jacopo Salvetti,No ES WP page,,,,,,,,,,,,,,
Q3808352,Jim Love,No ES WP page,,,,,,,,,,,,,,
Q3808383,Jim Thompson,No ES WP page,,,,,,,,,,,,,,
Q3808729,Joe van Niekerk,No ES WP page,,,,,,,,,,,,,,
Q3809448,John Mallett,No ES WP page,,,,,,,,,,,,,,
Q3809624,John Smith,No ES WP page,,,,,,,,,,,,,,
Q3810820,Juan Cruz Légora,No ES WP page,,,,,,,,,,,,,,
Q3810880,Juan Manuel Queirolo,No ES WP page,,,,,,,,,,,,,,
Q3811161,Julio Clement,No ES WP page,,,,,,,,,,,,,,
Q3814405,Kelly Rolleston,No ES WP page,,,,,,,,,,,,,,
Q3814797,Kevin Bowring,No ES WP page,,,,,,,,,,,,,,
Q3830242,Leo Chiosso,No ES WP page,,,,,,,,,,,,,,
Q3835650,Liviu Pascu,No ES WP page,,,,,,,,,,,,,,
Q3837077,Lorenzo Sebastiani,No stint found,Lorenzo Sebastiani,,Lorenzo_Sebastiani,28 de septiembre de 1988,L'Aquila,/wiki/L%27Aquila,6 de abril de 2009,L'Aquila,/wiki/L%27Aquila,,,Pilar,,Italiana
Q3838031,Luca Beccaris,No ES WP page,,,,,,,,,,,,,,
Q3838087,Luca Corona,No ES WP page,,,,,,,,,,,,,,
Q3838212,Luca Morisi,,Luca Morisi,,Luca_Morisi,14 de febrero de 1991,Milán,/wiki/Mil%C3%A1n,,,,183,95,Centro,,Italia
Q3838273,Luca Scarsini,No ES WP page,,,,,,,,,,,,,,
Q3838302,Luca Tramontin,No infobox found,,,Luca_Tramontin,,,,,,,,,,,
Q3838320,Luca Zara,No ES WP page,,,,,,,,,,,,,,
Q3838347,Lucas Barrera Oro,No ES WP page,,,,,,,,,,,,,,
Q3838816,Lucio Boccaletto,No ES WP page,,,,,,,,,,,,,,
Q3839630,Luigi Ferraro,No ES WP page,,,,,,,,,,,,,,
Q3844859,Manrico Marchetto,No ES WP page,,,,,,,,,,,,,,
Q3845629,Marcello Martone,No ES WP page,,,,,,,,,,,,,,
Q3845978,Marco Buscarini,No ES WP page,,,,,,,,,,,,,,
Q3846121,Marco Filippucci,No ES WP page,,,,,,,,,,,,,,
Q3846150,Marco Gavazzi,No ES WP page,,,,,,,,,,,,,,
Q3846157,Marco Geraci,No ES WP page,,,,,,,,,,,,,,
Q3846509,Marco Susio,No ES WP page,,,,,,,,,,,,,,
Q3848325,Mario Battaglini,No stint found,Mario Battaglini,,Mario_Battaglini,20 de octubre de 1919,,,1 de enero de 1971,Padua,/wiki/Padua,185,105,Flanker; Segunda línea; Apertura,,
Q3848930,Mario Pavin,No ES WP page,,,,,,,,,,,,,,
Q3849446,Mark Bingham,No stint found,Mark Bingham,Mark Kendall Bingham,Mark_Bingham,22 de mayo de 1970,,,11 de septiembre de 2001,Stonycreek,"/wiki/Municipio_de_Stonycreek_(condado_de_Somerset,_Pensilvania)",193,,,,
Q3851152,Massimo Brunello,No ES WP page,,,,,,,,,,,,,,
Q3851349,Massimo Mascioletti,,Massimo Mascioletti,,Massimo_Mascioletti,4 de marzo de 1958,L'Aquila,/wiki/L%27Aquila,,,,169,74,Wing,,Italia
Q3852057,Matteo Appiani,No ES WP page,,,,,,,,,,,,,,
Q3852126,Matteo Foschi,No ES WP page,,,,,,,,,,,,,,
Q3852496,Maurizio Aluigi,No ES WP page,,,,,,,,,,,,,,
Q3852828,Mauro Gardin,No ES WP page,,,,,,,,,,,,,,
Q3854365,Memo Geremia,No ES WP page,,,,,,,,,,,,,,
Q3856488,Michele Andreotti,No ES WP page,,,,,,,,,,,,,,
Q3856546,Michele Carlotto,No ES WP page,,,,,,,,,,,,,,
Q3856775,Michele Rizzo,,Michele Rizzo,,Michele_Rizzo,16 de septiembre de 1982,Dolo,/wiki/Dolo_(Italia),,,,188,115,Pilar; hooker,,Italia
Q3856837,Michele Visentin,No ES WP page,,,,,,,,,,,,,,
Q3857283,Miguel Ruiz,,Miguel Ruiz,Miguel Ángel Ruiz,Miguel_Ruiz_(rugbista),10 de enero de 1975,Mendoza,/wiki/Mendoza_(Argentina),,,,193,107,Octavo,,Argentina
Q3857367,Mike Burton,No ES WP page,,,,,,,,,,,,,,
Q3857474,Mike Worsley,No ES WP page,,,,,,,,,,,,,,
Q3862942,Moreno Trevisiol,No ES WP page,,,,,,,,,,,,,,
Q3870706,Nate Ebner,No ES WP page,,,,,,,,,,,,,,
Q3874309,Neil McCarthy,No ES WP page,,,,,,,,,,,,,,
Q3876032,Nick Screnci,No ES WP page,,,,,,,,,,,,,,
Q3876046,Nick Youngs,No ES WP page,,,,,,,,,,,,,,
Q3876047,Nick Zisti,No ES WP page,,,,,,,,,,,,,,
Q3876109,Nicola Aldrovandi,No ES WP page,,,,,,,,,,,,,,
Q3876128,Nicola Belardo,No ES WP page,,,,,,,,,,,,,,
Q3876190,Nicola De Meneghi,No ES WP page,,,,,,,,,,,,,,
Q3876256,Nicola Leonardi,No ES WP page,,,,,,,,,,,,,,
Q3876311,Nicola Pavin,No ES WP page,,,,,,,,,,,,,,
Q3876507,Nicolás Bossicovich,No ES WP page,,,,,,,,,,,,,,
Q3877008,Nili Latu,No ES WP page,,,,,,,,,,,,,,
Q3887366,Ottorino Bettarello,No ES WP page,,,,,,,,,,,,,,
Q3888366,Pablo Calanchini,No stint found,Pablo Calanchini,,Pablo_Calanchini,9 de enero de 1974,,,,,,188,103,Octavo,,
Q3893830,Paolo Buso,No ES WP page,,,,,,,,,,,,,,
Q3894332,Paolo Paoletti,No ES WP page,,,,,,,,,,,,,,
Q3897121,Pasquale Presutti,No ES WP page,,,,,,,,,,,,,,
Q3898672,Pedro Lanza,No ES WP page,,,,,,,,,,,,,,
Q3903021,Piergianni Farina,No ES WP page,,,,,,,,,,,,,,
Q3903086,Pierluigi Camiscioni,No ES WP page,,,,,,,,,,,,,,
Q3903111,Pierluigi Gentile,No ES WP page,,,,,,,,,,,,,,
Q3903139,Piermarcello Farinelli,No ES WP page,,,,,,,,,,,,,,
Q3903145,Piermassimiliano Dotto,No ES WP page,,,,,,,,,,,,,,
Q3903412,Pierpaolo Pedroni,No ES WP page,,,,,,,,,,,,,,
Q3929074,Raffaele Dolfato,No ES WP page,,,,,,,,,,,,,,
Q3930845,Raúl Pérez,No stint found,Raúl Pérez,,Ra%C3%BAl_P%C3%A9rez_(rugbista),2 de julio de 1965,Rosario,/wiki/Rosario_(Argentina),,,,194,104,Ala,,Argentina
Q3934898,Richard West,No ES WP page,,,,,,,,,,,,,,
Q3939134,Roberto Saetti,No ES WP page,,,,,,,,,,,,,,
Q3939560,Rocco Caligiuri,No ES WP page,,,,,,,,,,,,,,
Q3939915,Rodolfo Ambrosio,,Rodolfo Ambrosio,Carlos Rodolfo Ambrosio,Rodolfo_Ambrosio,27 de diciembre de 1961,Córdoba,/wiki/C%C3%B3rdoba_(Argentina),,,,177,87,Apertura,,Argentina
Q3945991,Salvatore Carbone,No ES WP page,,,,,,,,,,,,,,
Q3946072,Salvatore Garozzo,No ES WP page,,,,,,,,,,,,,,
Q3946330,Sam Cox,No ES WP page,,,,,,,,,,,,,,
Q3946663,Samuela Vunisa,No ES WP page,,,,,,,,,,,,,,
Q3948202,Sandro Ceppolino,No ES WP page,,,,,,,,,,,,,,
Q3953568,Sean Hohneck,No ES WP page,,,,,,,,,,,,,,
Q3953752,Sebastiano Dusi,No ES WP page,,,,,,,,,,,,,,
Q3956056,Sergio Carossio,No ES WP page,,,,,,,,,,,,,,
Q3956345,Sergio Zorzi,No ES WP page,,,,,,,,,,,,,,
Q3961123,Simon Mason,,Simon Mason,Simon John Peter Mason,Simon_Mason,22 de octubre de 1973,Wirral,/w/index.php?title=Wirral&action=edit&redlink=1,,,,185,91,Fullback,,"Inglaterra, Reino Unido"
Q3961221,Simone Favaro,No ES WP page,,,,,,,,,,,,,,
Q3972353,Stefano Annibal,No ES WP page,,,,,,,,,,,,,,
Q3972362,Stefano Barba,,Stefano Barba,,Stefano_Barba,10 de enero de 1964,Roma,/wiki/Roma,,,,175,80,Centro,,Italia
Q3972693,Stefano Romagnoli,No ES WP page,,,,,,,,,,,,,,
Q3972720,Stefano Scanferla,No ES WP page,,,,,,,,,,,,,,
Q3973205,Stephen Nicol,No ES WP page,,,,,,,,,,,,,,
Q3973423,Steven Bortolussi,No ES WP page,,,,,,,,,,,,,,
Q3991365,Tim Manawatu,No ES WP page,,,,,,,,,,,,,,
Q3991607,Tino Paoletti,No ES WP page,,,,,,,,,,,,,,
Q3991877,Tito Lupini,No ES WP page,,,,,,,,,,,,,,
Q3992106,Tobie Botes,No ES WP page,,,,,,,,,,,,,,
Q3992734,Tommaso Castello,No ES WP page,,,,,,,,,,,,,,
Q3992760,Tommaso Fattori,No ES WP page,,,,,,,,,,,,,,
Q4003038,Ulises Gamboa,No ES WP page,,,,,,,,,,,,,,
Q4003343,Umberto Calcinai,No ES WP page,,,,,,,,,,,,,,
Q4007925,Valerio Vicerè,No ES WP page,,,,,,,,,,,,,,
Q4010127,Vernon Pugh,No stint found,Vernon Pugh,,Vernon_Pugh,5 de julio de 1945,,,24 de abril de 2003,,,,,,,
Q4015869,Vladimír Pácl,No ES WP page,,,,,,,,,,,,,,
Q4019876,Will Johnson,No ES WP page,,,,,,,,,,,,,,
Q4020100,William McCrum,No ES WP page,,,,,,,,,,,,,,
Q4020143,William Ryder,No ES WP page,,,,,,,,,,,,,,
Q4081218,Frank Bayliss,No ES WP page,,,,,,,,,,,,,,
Q4120947,Craig Gilroy,No ES WP page,,,,,,,,,,,,,,
Q4120957,Simon Zebo,No ES WP page,,,,,,,,,,,,,,
Q4160419,Kingsley Jones,No ES WP page,,,,,,,,,,,,,,
Q4179196,Greg Jeloudev,No ES WP page,,,,,,,,,,,,,,
Q4208918,George Cakobau,No ES WP page,,,,,,,,,,,,,,
Q4242734,Sergey Leonidovich Kryksa,No ES WP page,,,,,,,,,,,,,,
Q4249759,Nahuel Lobo,No ES WP page,,,,,,,,,,,,,,
Q4283258,Charlie Marshall,No ES WP page,,,,,,,,,,,,,,
Q4285752,Mahmudov Nizami Tofiq oğlu,No ES WP page,,,,,,,,,,,,,,
Q4339148,Vladimir Ostroushko,No ES WP page,,,,,,,,,,,,,,
Q4385268,Grigory Dmitrievich Pylnov,No ES WP page,,,,,,,,,,,,,,
Q4404614,Sədməliyev Zahid Vahid oğlu,No ES WP page,,,,,,,,,,,,,,
Q4410317,Marcel Garvey,No ES WP page,,,,,,,,,,,,,,
Q4419837,Denis Simplikevich,No ES WP page,,,,,,,,,,,,,,
Q4424859,Valentine Smith,No ES WP page,,,,,,,,,,,,,,
Q4446191,Blair Swannell,No ES WP page,,,,,,,,,,,,,,
Q4459664,M. W. Talbot,No ES WP page,,,,,,,,,,,,,,
Q4474828,Eddy Ben Arous,,Eddy Ben Arous,,Eddy_Ben_Arous,25 de agosto de 1990,Trappes,/wiki/Trappes,,,,183,117,pilier,,Francia
Q4476131,Joseph Wallis,No ES WP page,,,,,,,,,,,,,,
Q4502068,Leslie Hood,No ES WP page,,,,,,,,,,,,,,
Q4526394,Piet Malan,No ES WP page,,,,,,,,,,,,,,
Q4535628,Ewen Fergusson,No ES WP page,,,,,,,,,,,,,,
Q4647168,A. G. G. Asher,No ES WP page,,,,,,,,,,,,,,
Q4647267,A.P. Penketh,No ES WP page,,,,,,,,,,,,,,
Q4647784,A. G. Guillemard,No ES WP page,,,,,,,,,,,,,,
Q4648100,Arthur Lawrey,No ES WP page,,,,,,,,,,,,,,
Q4648542,Thomas Willcocks,No ES WP page,,,,,,,,,,,,,,
Q4652099,AJ Gilbert,No ES WP page,,,,,,,,,,,,,,
Q4652114,AJ le Roux,No ES WP page,,,,,,,,,,,,,,
Q4661114,Aadel Kardooni,No ES WP page,,,,,,,,,,,,,,
Q4661867,Aaron Bramwell,No ES WP page,,,,,,,,,,,,,,
Q4661935,Aaron Coundley,No ES WP page,,,,,,,,,,,,,,
Q4661978,Aaron Dundon,No ES WP page,,,,,,,,,,,,,,
Q4662101,Aaron Hopa,No ES WP page,,,,,,,,,,,,,,
Q4662207,Aaron Liffchak,No ES WP page,,,,,,,,,,,,,,
Q4662251,Aaron McCloskey,No ES WP page,,,,,,,,,,,,,,
Q4662429,Aaron Shingler,No ES WP page,,,,,,,,,,,,,,
Q4662456,Aaron Smith,,Aaron Smith,Aaron Luke Smith,Aaron_Smith,21 de noviembre de 1988,Palmerston North,/wiki/Palmerston_North,,,,173,80,Medio scrum,,Nueva Zelanda
Q4664152,Abbie Shadbolt,No ES WP page,,,,,,,,,,,,,,
Q4666535,Abel Ashworth,No ES WP page,,,,,,,,,,,,,,
Q4666550,Abel Davies,No ES WP page,,,,,,,,,,,,,,
Q4668545,Aboubacar Soulama,No ES WP page,,,,,,,,,,,,,,
Q4675641,Jeremy Su'a,No ES WP page,,,,,,,,,,,,,,
Q4678666,Adam Balding,No ES WP page,,,,,,,,,,,,,,
Q4678730,Adam Black,No ES WP page,,,,,,,,,,,,,,
Q4678792,Adam Brown,No ES WP page,,,,,,,,,,,,,,
Q4678803,Adam Burdett,No ES WP page,,,,,,,,,,,,,,
Q4678925,Adam D'Arcy,No ES WP page,,,,,,,,,,,,,,
Q4679025,Adam Eustace,No ES WP page,,,,,,,,,,,,,,
Q4679157,Adam Greendale,No ES WP page,,,,,,,,,,,,,,
Q4679263,Adam Hughes,No ES WP page,,,,,,,,,,,,,,
Q4679265,Adam Hughes,No ES WP page,,,,,,,,,,,,,,
Q4679383,Adam Larkin,No ES WP page,,,,,,,,,,,,,,
Q4679407,Adam Lile,No ES WP page,,,,,,,,,,,,,,
Q4679436,Adam Macklin,No ES WP page,,,,,,,,,,,,,,
Q4679623,Adam Powell,No ES WP page,,,,,,,,,,,,,,
Q4679891,Adam Thompstone,No ES WP page,,,,,,,,,,,,,,
Q4679892,Adam Thomas,No ES WP page,,,,,,,,,,,,,,
Q4679937,Adam Wallace-Harrison,No ES WP page,,,,,,,,,,,,,,
Q4679946,Adam Warren,No ES WP page,,,,,,,,,,,,,,
Q4681266,Addison Lockley,No ES WP page,,,,,,,,,,,,,,
Q4684136,Adolf Malan,No ES WP page,,,,,,,,,,,,,,
Q4684775,Adriaan Fondse,No ES WP page,,,,,,,,,,,,,,
Q4684847,Adrian Barone,No ES WP page,,,,,,,,,,,,,,
Q4684916,Adrian Cambriani,No ES WP page,,,,,,,,,,,,,,
Q4684968,Adrian Davies,,Adrian Davies,,Adrian_Davies,9 de febrero de 1969,Bridgend,/wiki/Bridgend,,,,175,80,Apertura,,"Gales, Reino Unido"
Q4685017,Adrian Flavin,No ES WP page,,,,,,,,,,,,,,
Q4688839,Afeleke Pelenise,No ES WP page,,,,,,,,,,,,,,
Q4690859,Afusipa Taumoepeau,No ES WP page,,,,,,,,,,,,,,
Q4696738,Aidan Toua,No ES WP page,,,,,,,,,,,,,,
Q4697493,Ainslie Sheil,No ES WP page,,,,,,,,,,,,,,
Q4699101,Aisake Tarogi,No ES WP page,,,,,,,,,,,,,,
Q4699113,Aisea Havili,No ES WP page,,,,,,,,,,,,,,
Q4704046,Al Hobman,No ES WP page,,,,,,,,,,,,,,
Q4704375,Al Manning,No ES WP page,,,,,,,,,,,,,,
Q4705556,Alafoti Fa'osiliva,No ES WP page,,,,,,,,,,,,,,
Q4705612,Alaifatu Junior Fatialofa,No ES WP page,,,,,,,,,,,,,,
Q4706052,Alan Adams,No ES WP page,,,,,,,,,,,,,,
Q4706095,Alan Ayre-Smith,No ES WP page,,,,,,,,,,,,,,
Q4706271,Alan Buckley,No ES WP page,,,,,,,,,,,,,,
Q4706274,Alan Bulloch,No ES WP page,,,,,,,,,,,,,,
Q4706312,Alan Cameron,No ES WP page,,,,,,,,,,,,,,
Q4706419,Alan Cotter,No ES WP page,,,,,,,,,,,,,,
Q4706510,Alan Dickens,No ES WP page,,,,,,,,,,,,,,
Q4706576,Alan Edwards,No ES WP page,,,,,,,,,,,,,,
Q4706664,Alan Gaffney,No ES WP page,,,,,,,,,,,,,,
Q4707200,Alan MacDonald,No ES WP page,,,,,,,,,,,,,,
Q4707318,Alan Menter,No ES WP page,,,,,,,,,,,,,,
Q4707367,Alan Morley,No ES WP page,,,,,,,,,,,,,,
Q4707454,Alan Old,No ES WP page,,,,,,,,,,,,,,
Q4707597,Alan Rees,No ES WP page,,,,,,,,,,,,,,
Q4707669,Alan Rotherham,,Alan Rotherham,,Alan_Rotherham,31 de julio de 1862,Coventry,/wiki/Coventry,30 de agosto de 1898,Marylebone,/wiki/Marylebone,165,70,Medio scrum,,"InglaterraInglaterra, Reino Unido"
Q4707717,Alan Sayers,No ES WP page,,,,,,,,,,,,,,
Q4707778,Alan Skinner,No ES WP page,,,,,,,,,,,,,,
Q4707790,Alan Smith,No ES WP page,,,,,,,,,,,,,,
Q4707800,Alan Solomons,No ES WP page,,,,,,,,,,,,,,
Q4707838,Alan Stewart,No ES WP page,,,,,,,,,,,,,,
Q4707912,Alan Thorpe,No ES WP page,,,,,,,,,,,,,,
Q4707975,Alan Walker,No ES WP page,,,,,,,,,,,,,,
Q4708195,Alando Soakai,No ES WP page,,,,,,,,,,,,,,
Q4708328,Alapati Leiua,No ES WP page,,,,,,,,,,,,,,
Q4708421,Alasdair Boyle,No ES WP page,,,,,,,,,,,,,,
Q4708691,Alastair Bressington,No ES WP page,,,,,,,,,,,,,,
Q4708696,Alastair Cranston,No ES WP page,,,,,,,,,,,,,,
Q4708706,Alastair Fisher,No ES WP page,,,,,,,,,,,,,,
Q4708739,Alastair MacGregor Martin,No ES WP page,,,,,,,,,,,,,,
Q4708751,Alastair McNeil,No ES WP page,,,,,,,,,,,,,,
Q4708762,Alastair Ogilvy,No ES WP page,,,,,,,,,,,,,,
Q4708824,Alatini Saulala,No ES WP page,,,,,,,,,,,,,,
Q4708997,Alban Davies,No ES WP page,,,,,,,,,,,,,,
Q4709542,Alberico Passadore,No ES WP page,,,,,,,,,,,,,,
Q4709628,Albert Anae,No ES WP page,,,,,,,,,,,,,,
Q4709631,Albert Anderson,,Albert Anderson,,Albert_Anderson,5 de febrero de 1961,Christchurch,/wiki/Christchurch,,,,197,111,Segunda línea,,Nueva Zelanda
Q4709654,Albert Asher,No ES WP page,,,,,,,,,,,,,,
Q4709666,Albert Avery,No ES WP page,,,,,,,,,,,,,,
Q4709832,Albert Burge,No ES WP page,,,,,,,,,,,,,,
Q4710141,Albert Elliott,No ES WP page,,,,,,,,,,,,,,
Q4710188,Albert Fear,No ES WP page,,,,,,,,,,,,,,
Q4710254,Albert Fulivai,No ES WP page,,,,,,,,,,,,,,
Q4710323,Albert Goldthorpe,No ES WP page,,,,,,,,,,,,,,
Q4710449,Albert Henry,No ES WP page,,,,,,,,,,,,,,
Q4710496,Albert House,No ES WP page,,,,,,,,,,,,,,
Q4710519,Albert Hybart,No ES WP page,,,,,,,,,,,,,,
Q4710569,Albert Jenkin,No ES WP page,,,,,,,,,,,,,,
Q4710573,Albert Jenkins,No ES WP page,,,,,,,,,,,,,,
Q4710758,Albert Luvian Wade,No ES WP page,,,,,,,,,,,,,,
Q4710899,Albert Nikoro,No ES WP page,,,,,,,,,,,,,,
Q4711034,Albert Powell,No ES WP page,,,,,,,,,,,,,,
Q4711078,Albert Ramsden,No ES WP page,,,,,,,,,,,,,,
Q4711277,Albert Stock,No ES WP page,,,,,,,,,,,,,,
Q4711495,Albert Wood,No ES WP page,,,,,,,,,,,,,,
Q4712104,Alberto Malo i Navio,No stint found,Alberto Malo,Albert Malo Navio,Alberto_Malo_Navio,3 de abril de 1964,,,,,,,,Número 8,,
Q4712878,Alby Mathewson,No ES WP page,,,,,,,,,,,,,,
Q4714179,Alec Jenkins,No ES WP page,,,,,,,,,,,,,,
Q4714236,Alec Parker,No ES WP page,,,,,,,,,,,,,,
Q4714279,Alec Valentine,No ES WP page,,,,,,,,,,,,,,
Q4714328,Aled Davies,No ES WP page,,,,,,,,,,,,,,
Q4714333,Aled James,No ES WP page,,,,,,,,,,,,,,
Q4714342,Aled Thomas,No ES WP page,,,,,,,,,,,,,,
Q4714716,Alejo Corral,,Alejo Corral,,Alejo_Corral,11 de septiembre de 1981,Buenos Aires,/wiki/Buenos_Aires,,,,180,108,Pilar,,Argentina
Q4716624,Alex Angus,No ES WP page,,,,,,,,,,,,,,
Q4716729,Alex Bradley,No ES WP page,,,,,,,,,,,,,,
Q4716813,Alex Cheesman,No ES WP page,,,,,,,,,,,,,,
Q4716832,Alex Clarke,No ES WP page,,,,,,,,,,,,,,
Q4716863,Alex Crockett,No ES WP page,,,,,,,,,,,,,,
Q4716935,Alex Dunbar,No ES WP page,,,,,,,,,,,,,,
Q4716992,Alex Fiddes,No ES WP page,,,,,,,,,,,,,,
Q4717021,Alex Frew,No ES WP page,,,,,,,,,,,,,,
Q4717057,Alex Givvons,No ES WP page,,,,,,,,,,,,,,
Q4717065,Alex Goode,,Alex Goode,David Alexander Vallance Goode,Alex_Goode,7 de mayo de 1988,Cambridge,/wiki/Cambridge,,,,181,85,Fullback; apertura,,"Inglaterra,Reino Unido"
Q4717072,Alex Gordon,No ES WP page,,,,,,,,,,,,,,
Q4717088,Alex Gray,No ES WP page,,,,,,,,,,,,,,
Q4717149,Alex Hastie,No ES WP page,,,,,,,,,,,,,,
Q4717287,Alex Kelly,No ES WP page,,,,,,,,,,,,,,
Q4717296,Alex Kersey-Brown,No ES WP page,,,,,,,,,,,,,,
Q4717336,Alex Laidlaw,No ES WP page,,,,,,,,,,,,,,
Q4717470,Alex McKinnon,No ES WP page,,,,,,,,,,,,,,
Q4717658,Alex Purves,No ES WP page,,,,,,,,,,,,,,
Q4717667,Alex Rae,No ES WP page,,,,,,,,,,,,,,
Q4717701,Alex Rokobaro,No ES WP page,,,,,,,,,,,,,,
Q4717705,Alex Rogers,No ES WP page,,,,,,,,,,,,,,
Q4717716,Alex Ross,No ES WP page,,,,,,,,,,,,,,
Q4717743,Alex Sanderson,No ES WP page,,,,,,,,,,,,,,
Q4717785,Alex Shaw,No ES WP page,,,,,,,,,,,,,,
Q4717871,Alex Tait,No ES WP page,,,,,,,,,,,,,,
Q4717947,Alex Walker,No ES WP page,,,,,,,,,,,,,,
Q4717948,Alex Walker,No ES WP page,,,,,,,,,,,,,,
Q4717951,Alex Waller,No stint found,Alex Waller,Alexander Marshall Waller,Alex_Waller,14 de febrero de 1990,Kettering,/wiki/Kettering,,,,187,120,Pilar izquierdo,,Inglés
Q4718013,Alex Woodburn,No ES WP page,,,,,,,,,,,,,,
Q4718257,Alexander Armstrong,No ES WP page,,,,,,,,,,,,,,
Q4718381,Alexander Bland,No ES WP page,,,,,,,,,,,,,,
Q4718575,Alexander Charles O'Sullivan,No ES WP page,,,,,,,,,,,,,,
Q4718756,Alexander Downes,No ES WP page,,,,,,,,,,,,,,
Q4719019,Alexander Grigoryants,No ES WP page,,,,,,,,,,,,,,
Q4719098,Alexander Hauck,No ES WP page,,,,,,,,,,,,,,
Q4719168,Alexander Hug,No ES WP page,,,,,,,,,,,,,,
Q4719304,Alexander Khrokin,No ES WP page,,,,,,,,,,,,,,
Q4719476,Alexander MacKenzie,No ES WP page,,,,,,,,,,,,,,
Q4719527,Alexander Magleby,No ES WP page,,,,,,,,,,,,,,
Q4719647,Alexander Metz,No ES WP page,,,,,,,,,,,,,,
Q4719852,Alexander Pipa,No ES WP page,,,,,,,,,,,,,,
Q4720067,Alexander Shakirov,No ES WP page,,,,,,,,,,,,,,
Q4720236,Alexander Todd,No ES WP page,,,,,,,,,,,,,,
Q4720373,Alexander William Duncan,No ES WP page,,,,,,,,,,,,,,
Q4720376,Alexander William Pearson,No ES WP page,,,,,,,,,,,,,,
Q4720906,Alexandre Tichonov,No ES WP page,,,,,,,,,,,,,,
Q4721196,Alexandru Țăruș,No ES WP page,,,,,,,,,,,,,,
Q4721328,Alexey Makovetskiy,No ES WP page,,,,,,,,,,,,,,
Q4721640,Alf Bucher,No ES WP page,,,,,,,,,,,,,,
Q4721658,Alf Dunbar,No ES WP page,,,,,,,,,,,,,,
Q4721741,Alf Rainbow,No ES WP page,,,,,,,,,,,,,,
Q4721757,Alf Smairl,No ES WP page,,,,,,,,,,,,,,
Q4721802,Alf Wood,No ES WP page,,,,,,,,,,,,,,
Q4722011,Alfonso Cardoso,No ES WP page,,,,,,,,,,,,,,
Q4722025,Alfonso Feijoo,No stint found,Alfonso Feijoo García,,Alfonso_Feijoo,1953,,,,,,,,centro,,
Q4722222,Alfred Allport,No ES WP page,,,,,,,,,,,,,,
Q4722297,Alfred Barraclough,No ES WP page,,,,,,,,,,,,,,
Q4722428,Alfred Cattell,No ES WP page,,,,,,,,,,,,,,
Q4722457,Alfred Clunies-Ross,No ES WP page,,,,,,,,,,,,,,
Q4722516,Alfred Davenport,No ES WP page,,,,,,,,,,,,,,
Q4722605,Alfred Eckhold,No ES WP page,,,,,,,,,,,,,,
Q4723134,Alfred Mathews,No ES WP page,,,,,,,,,,,,,,
Q4723235,Alfred Okou,No ES WP page,,,,,,,,,,,,,,
Q4723464,Alfred Hamersley,No ES WP page,,,,,,,,,,,,,,
Q4723505,Alfred Tedford,No ES WP page,,,,,,,,,,,,,,
Q4723584,Alfred Walker,No ES WP page,,,,,,,,,,,,,,
Q4723590,Alfred Warbrick,No ES WP page,,,,,,,,,,,,,,
Q4723593,Alfred Warrington-Morris,No ES WP page,,,,,,,,,,,,,,
Q4723610,Alfred West,No ES WP page,,,,,,,,,,,,,,
Q4724908,Ali James,No ES WP page,,,,,,,,,,,,,,
Q4725007,Ali McKenzie,No ES WP page,,,,,,,,,,,,,,
Q4726550,Alifeleti Mafi,No ES WP page,,,,,,,,,,,,,,
Q4726811,Alipate Noilea,No ES WP page,,,,,,,,,,,,,,
Q4726814,Alipate Tuilevuka,No ES WP page,,,,,,,,,,,,,,
Q4727286,Alistair Hargreaves,No ES WP page,,,,,,,,,,,,,,
Q4727298,Alistair Lyon,No ES WP page,,,,,,,,,,,,,,
Q4727309,Alistair Moffat,No ES WP page,,,,,,,,,,,,,,
Q4727315,Alistair Scown,No ES WP page,,,,,,,,,,,,,,
Q4727329,Alistar Boyd,No ES WP page,,,,,,,,,,,,,,
Q4727332,Alister Atkinson,No ES WP page,,,,,,,,,,,,,,
Q4730557,Allan Dell,No ES WP page,,,,,,,,,,,,,,
Q4730784,Allan Lewis,No ES WP page,,,,,,,,,,,,,,
Q4730882,Allan Musoke,No ES WP page,,,,,,,,,,,,,,
Q4731512,Allen Arthur,No ES WP page,,,,,,,,,,,,,,
Q4731543,Allen Bowers,No ES WP page,,,,,,,,,,,,,,
Q4731649,Allen Forward,No ES WP page,,,,,,,,,,,,,,
Q4731796,Allen Munsie,No ES WP page,,,,,,,,,,,,,,
Q4731804,Allen Oxlade,No ES WP page,,,,,,,,,,,,,,
Q4731877,Allen Sloan,No ES WP page,,,,,,,,,,,,,,
Q4735425,Alphonsus Carroll,No ES WP page,,,,,,,,,,,,,,
Q4735444,Alpin Thomson,No ES WP page,,,,,,,,,,,,,,
Q4737500,Alun Lewis,No ES WP page,,,,,,,,,,,,,,
Q4737502,Alun Pugh,No ES WP page,,,,,,,,,,,,,,
Q4737512,Alun Walker,No ES WP page,,,,,,,,,,,,,,
Q4737516,Alun Wyn Davies,No ES WP page,,,,,,,,,,,,,,
Q4738522,Alwyn Hollenbach,No ES WP page,,,,,,,,,,,,,,
Q4738562,Aly Muldowney,No ES WP page,,,,,,,,,,,,,,
Q4740401,Amasio Valence,No ES WP page,,,,,,,,,,,,,,
Q4741760,Ambrose Baker,No ES WP page,,,,,,,,,,,,,,
Q4747601,Amor Hamdi,No ES WP page,,,,,,,,,,,,,,
Q4754466,Andile Witbooi,No ES WP page,,,,,,,,,,,,,,
Q4754827,Andre Markgraaff,No ES WP page,,,,,,,,,,,,,,
Q4754886,Andre Taylor,No ES WP page,,,,,,,,,,,,,,
Q4756269,Andrew Balfour,No ES WP page,,,,,,,,,,,,,,
Q4756427,Andrew Broatch,No ES WP page,,,,,,,,,,,,,,
Q4756448,Andrew Brown,No ES WP page,,,,,,,,,,,,,,
Q4756449,Andrew Brown,No ES WP page,,,,,,,,,,,,,,
Q4756456,Andrew Browne,No ES WP page,,,,,,,,,,,,,,
Q4756475,Andrew Bulteel,No ES WP page,,,,,,,,,,,,,,
Q4756664,Andrew Conway,No ES WP page,,,,,,,,,,,,,,
Q4756669,Andrew Coombs,No ES WP page,,,,,,,,,,,,,,
Q4756752,Andrew Daish,No ES WP page,,,,,,,,,,,,,,
Q4756856,Andrew Dunne,No ES WP page,,,,,,,,,,,,,,
Q4756859,Andrew Durutalo,No ES WP page,,,,,,,,,,,,,,
Q4756864,Andrew Dykes,No ES WP page,,,,,,,,,,,,,,
Q4756912,Andrew Everingham,No ES WP page,,,,,,,,,,,,,,
Q4757083,Andrew Gibbs,No ES WP page,,,,,,,,,,,,,,
Q4757122,Andrew Goodman,No ES WP page,,,,,,,,,,,,,,
Q4757214,Andrew Hall,No ES WP page,,,,,,,,,,,,,,
Q4757237,Andrew Harriman,No ES WP page,,,,,,,,,,,,,,
Q4757335,Andrew Hore,No ES WP page,,,,,,,,,,,,,,
Q4757339,Andrew Horrell,No ES WP page,,,,,,,,,,,,,,
Q4757387,Andrew Ian Pahulu,No ES WP page,,,,,,,,,,,,,,
Q4757592,Andrew Kelly,No ES WP page,,,,,,,,,,,,,,
Q4757603,Andrew Ker,No ES WP page,,,,,,,,,,,,,,
Q4757743,Andrew Leota,No ES WP page,,,,,,,,,,,,,,
Q4757836,Andrew MacDonald,No ES WP page,,,,,,,,,,,,,,
Q4757903,Andrew Mason,No ES WP page,,,,,,,,,,,,,,
Q4758034,Andrew Millward,No ES WP page,,,,,,,,,,,,,,
Q4758059,Andrew Moore,No ES WP page,,,,,,,,,,,,,,
Q4758083,Andrew Murdison,No ES WP page,,,,,,,,,,,,,,
Q4758140,Andrew O'Brien,No ES WP page,,,,,,,,,,,,,,
Q4758358,Andrew Ramsay Don-Wauchope,No ES WP page,,,,,,,,,,,,,,
Q4758436,Andrew Ross,No ES WP page,,,,,,,,,,,,,,
Q4758437,Andrew Ross,No ES WP page,,,,,,,,,,,,,,
Q4758605,Andrew Smith,No ES WP page,,,,,,,,,,,,,,
Q4758669,Andrew Suniula,No ES WP page,,,,,,,,,,,,,,
Q4758728,Andrew Thornley,No ES WP page,,,,,,,,,,,,,,
Q4758731,Andrew Tiedemann,No ES WP page,,,,,,,,,,,,,,
Q4758772,Andrew Turnbull,No ES WP page,,,,,,,,,,,,,,
Q4759035,Andrew van der Heijden,No ES WP page,,,,,,,,,,,,,,
Q4759311,Andries Coetzee,,Andries Coetzee,,Andries_Coetzee,1 de marzo de 1990,Bethal,/w/index.php?title=Bethal&action=edit&redlink=1,,,,182,92,Fullback,,Sudáfrica
Q4759314,Andries Ferreira,No ES WP page,,,,,,,,,,,,,,
Q4759320,Andries Pretorius,No ES WP page,,,,,,,,,,,,,,
Q4759325,Andries Strauss,No ES WP page,,,,,,,,,,,,,,
Q4759327,Andries Venter,No ES WP page,,,,,,,,,,,,,,
Q4760062,André Schlechter,No ES WP page,,,,,,,,,,,,,,
Q4760139,Andrés Allamand,No stint found,Andrés Allamand,,Andr%C3%A9s_Allamand,7 de febrero de 1956,,,,,,,,,,
Q4760358,Andy Allen,No ES WP page,,,,,,,,,,,,,,
Q4760565,Andy Currier,No ES WP page,,,,,,,,,,,,,,
Q4760660,Andy Fenby,No ES WP page,,,,,,,,,,,,,,
Q4760679,Andy Forsyth,No ES WP page,,,,,,,,,,,,,,
Q4760686,Andy Friend,No ES WP page,,,,,,,,,,,,,,
Q4760940,Andy Leslie,No ES WP page,,,,,,,,,,,,,,
Q4760958,Andy Lloyd,No ES WP page,,,,,,,,,,,,,,
Q4761002,Andy Maxwell,No ES WP page,,,,,,,,,,,,,,
Q4761062,Andy Moore,No ES WP page,,,,,,,,,,,,,,
Q4761077,Andy Mullins,No ES WP page,,,,,,,,,,,,,,
Q4761096,Andy Northey,No ES WP page,,,,,,,,,,,,,,
Q4761160,Andy Perry,No ES WP page,,,,,,,,,,,,,,
Q4761215,Andy Reay,No ES WP page,,,,,,,,,,,,,,
Q4761246,Andy Rock,No ES WP page,,,,,,,,,,,,,,
Q4761280,Andy Saull,No ES WP page,,,,,,,,,,,,,,
Q4761316,Andy Short,No ES WP page,,,,,,,,,,,,,,
Q4761764,Aneurin Rees,No ES WP page,,,,,,,,,,,,,,
Q4762874,Angelo Esposito,No ES WP page,,,,,,,,,,,,,,
Q4764068,Angus Black,No ES WP page,,,,,,,,,,,,,,
Q4764074,Angus Buchanan,No ES WP page,,,,,,,,,,,,,,
Q4764083,Angus Cameron,No ES WP page,,,,,,,,,,,,,,
Q4764092,Angus Cottrell,No ES WP page,,,,,,,,,,,,,,
Q4764198,Angus McKeen,No ES WP page,,,,,,,,,,,,,,
Q4764234,Angus Roberts,No ES WP page,,,,,,,,,,,,,,
Q4764256,Angus Stuart,No ES WP page,,,,,,,,,,,,,,
Q4764259,Angus Ta'avao,No ES WP page,,,,,,,,,,,,,,
Q4772451,Anthony Elliott,No ES WP page,,,,,,,,,,,,,,
Q4772696,Anthony Henniker-Gotley,No ES WP page,,,,,,,,,,,,,,
Q4772718,Anthony Hill,No ES WP page,,,,,,,,,,,,,,
Q4772950,Anthony Little,No ES WP page,,,,,,,,,,,,,,
Q4773269,Anthony Perenise,No ES WP page,,,,,,,,,,,,,,
Q4773310,Anthony Purpura,No ES WP page,,,,,,,,,,,,,,
Q4773512,Anthony Starks,No ES WP page,,,,,,,,,,,,,,
Q4773540,Anthony Swann,No ES WP page,,,,,,,,,,,,,,
Q4773646,Anthony Volmink,No ES WP page,,,,,,,,,,,,,,
Q4773726,Anthony Windham Jones,No ES WP page,,,,,,,,,,,,,,
Q4775691,Anton Bresler,No ES WP page,,,,,,,,,,,,,,
Q4775872,Anton La Vin,No ES WP page,,,,,,,,,,,,,,
Q4777254,Antony Sumich,No ES WP page,,,,,,,,,,,,,,
Q4777261,Antony Warr,No ES WP page,,,,,,,,,,,,,,
Q4779344,Apenisa Tuta Vodo,No ES WP page,,,,,,,,,,,,,,
Q4780336,Apollo Perelini,No ES WP page,,,,,,,,,,,,,,
Q4780446,Apolosi Satala,No ES WP page,,,,,,,,,,,,,,
Q4785290,Arch Boyd,No ES WP page,,,,,,,,,,,,,,
Q4786311,Archibald Fargus,No ES WP page,,,,,,,,,,,,,,
Q4786533,Archibald Symington,No ES WP page,,,,,,,,,,,,,,
Q4786539,Archibald Walker,No ES WP page,,,,,,,,,,,,,,
Q4786631,Archie Brown,No ES WP page,,,,,,,,,,,,,,
Q4786773,Archie Rigg,No ES WP page,,,,,,,,,,,,,,
Q4786791,Archie Siswick,No ES WP page,,,,,,,,,,,,,,
Q4786792,Archie Skym,No ES WP page,,,,,,,,,,,,,,
Q4788055,Ardie Savea,,Ardie Savea,Ardie Suemalo Savea,Ardie_Savea,14 de octubre de 1993,Wellington,/wiki/Wellington,,,,188,100,Octavo; Ala,,Nueva Zelanda
Q4792715,Armand du Preez,No ES WP page,,,,,,,,,,,,,,
Q4793659,Armon Trick,No ES WP page,,,,,,,,,,,,,,
Q4794874,Arno Botha,No ES WP page,,,,,,,,,,,,,,
Q4795072,Arnold Harvey,No ES WP page,,,,,,,,,,,,,,
Q4795273,Arnold Tancred,No ES WP page,,,,,,,,,,,,,,
Q4797118,Art Turnbull,No ES WP page,,,,,,,,,,,,,,
Q4797944,Arthur Bassett,No ES WP page,,,,,,,,,,,,,,
Q4798083,Arthur Briggs,No ES WP page,,,,,,,,,,,,,,
Q4798186,Arthur Callum,No ES WP page,,,,,,,,,,,,,,
Q4798309,Arthur Collins,No ES WP page,,,,,,,,,,,,,,
Q4798338,Arthur Cornish,No ES WP page,,,,,,,,,,,,,,
Q4798340,Arthur Corfe,No ES WP page,,,,,,,,,,,,,,
Q4798487,Arthur Dorward,No ES WP page,,,,,,,,,,,,,,
Q4798495,Arthur Douglas,No ES WP page,,,,,,,,,,,,,,
Q4798596,Arthur Ellis,No ES WP page,,,,,,,,,,,,,,
Q4798609,Arthur Erby,No ES WP page,,,,,,,,,,,,,,
Q4798690,Arthur Finlay,No ES WP page,,,,,,,,,,,,,,
Q4798802,Arthur George Paul,No ES WP page,,,,,,,,,,,,,,
Q4798879,Arthur Gray,No ES WP page,,,,,,,,,,,,,,
Q4798924,Arthur Gwynn,No ES WP page,,,,,,,,,,,,,,
Q4798996,Arthur Hayley,No ES WP page,,,,,,,,,,,,,,
Q4799005,Arthur Heath,No ES WP page,,,,,,,,,,,,,,
Q4799063,Arthur Hickman,No ES WP page,,,,,,,,,,,,,,
Q4799123,Arthur Horan,No ES WP page,,,,,,,,,,,,,,
Q4799141,Arthur Hudson,No ES WP page,,,,,,,,,,,,,,
Q4799241,Arthur Jamieson,No ES WP page,,,,,,,,,,,,,,
Q4799338,Arthur Kelly,No ES WP page,,,,,,,,,,,,,,
Q4799340,Arthur Kemble,No ES WP page,,,,,,,,,,,,,,
Q4799480,Arthur Lees,No ES WP page,,,,,,,,,,,,,,
Q4799486,Arthur Lemon,No ES WP page,,,,,,,,,,,,,,
Q4799520,Arthur Leyland Harrison,No ES WP page,,,,,,,,,,,,,,
Q4799588,Arthur Luxmoore,No ES WP page,,,,,,,,,,,,,,
Q4799594,Arthur Lyon,No ES WP page,,,,,,,,,,,,,,
Q4799665,Arthur Massey Stone,No ES WP page,,,,,,,,,,,,,,
Q4799684,Arthur Mayne,No ES WP page,,,,,,,,,,,,,,
Q4799704,Arthur Meares,No ES WP page,,,,,,,,,,,,,,
Q4799851,Arthur O'Brien,No ES WP page,,,,,,,,,,,,,,
Q4800100,Arthur Rees,No ES WP page,,,,,,,,,,,,,,
Q4800177,Arthur Rotherham,No ES WP page,,,,,,,,,,,,,,
Q4800184,Arthur Royle,No ES WP page,,,,,,,,,,,,,,
Q4800316,Arthur Smith,No ES WP page,,,,,,,,,,,,,,
Q4800395,Arthur Summons,No ES WP page,,,,,,,,,,,,,,
Q4800396,Arthur Gibson,No ES WP page,,,,,,,,,,,,,,
Q4800472,Arthur Toby,No ES WP page,,,,,,,,,,,,,,
Q4800476,Arthur Tonkin,No ES WP page,,,,,,,,,,,,,,
Q4800500,Arthur Turner,No ES WP page,,,,,,,,,,,,,,
Q4800776,Arthur Zeiler,No ES WP page,,,,,,,,,,,,,,
Q4800789,Arthur de Kock,No ES WP page,,,,,,,,,,,,,,
Q4802064,Arumugam Vijiaratnam,No ES WP page,,,,,,,,,,,,,,
Q4803098,Asa Amone,,Asa Amone,Aasaeli Amone,Asa_Amone,8 de enero de 1966,Nukualofa,/wiki/Nukualofa,,,,,,Apertura,,Tonga
Q4803290,Asaeli Boko,No ES WP page,,,,,,,,,,,,,,
Q4803294,Asaeli Tikoirotuma,No ES WP page,,,,,,,,,,,,,,
Q4804368,Ash Dixon,No ES WP page,,,,,,,,,,,,,,
Q4805364,Ashley Beck,No ES WP page,,,,,,,,,,,,,,
Q4805367,Ashley Billington,No ES WP page,,,,,,,,,,,,,,
Q4805377,Ashley Buys,No ES WP page,,,,,,,,,,,,,,
Q4805490,Ashley Johnson,No ES WP page,,,,,,,,,,,,,,
Q4806120,Ashura Hara,No stint found,Susumu Hara,,Ashura_Hara,8 de enero de 1947,Isahaya,/w/index.php?title=Isahaya&action=edit&redlink=1,28 de abril de 2015,Isahaya,/w/index.php?title=Isahaya&action=edit&redlink=1,,92,,,
Q4806195,Ashwin Scott,No ES WP page,,,,,,,,,,,,,,
Q4810962,Aston Croall,No ES WP page,,,,,,,,,,,,,,
Q4813207,Athanase Dali,No ES WP page,,,,,,,,,,,,,,
Q4815685,Athula Wikramanayake,No ES WP page,,,,,,,,,,,,,,
Q4815766,Atieli Pakalani,,Atieli Pakalani,Atieli Moruto Pakalani Nonu,Atieli_Pakalani,26 de diciembre de 1989,Kawakawa,/w/index.php?title=Kawakawa_(Nueva_Zelanda)&action=edit&redlink=1,,,,170,113,Wing,,Tonga
Q4818365,Attie van Heerden,No ES WP page,,,,,,,,,,,,,,
Q4819010,Aub Hodgson,No ES WP page,,,,,,,,,,,,,,
Q4819060,Aubone Surtees,No ES WP page,,,,,,,,,,,,,,
Q4821207,Augustine Pulu,No ES WP page,,,,,,,,,,,,,,
Q4821567,Augustus Walker,No ES WP page,,,,,,,,,,,,,,
Q4823105,Austin Gralton,No ES WP page,,,,,,,,,,,,,,
Q4823193,Austin Matthews,No ES WP page,,,,,,,,,,,,,,
Q4827954,Aveau Niko Palamo,No ES WP page,,,,,,,,,,,,,,
Q4831827,Ayumu Goromaru,,Ayumu Goromaru,,Ayumu_Goromaru,1 de marzo de 1986,Fukuoka,/wiki/Fukuoka,,,,185,98,zaguero,,Japón
Q4833863,Boris Gavrilov,No ES WP page,,,,,,,,,,,,,,
Q4833918,B. B. Mann,No ES WP page,,,,,,,,,,,,,,
Q4838367,Baby Michau,No ES WP page,,,,,,,,,,,,,,
Q4839117,Back Kwang-soo,No ES WP page,,,,,,,,,,,,,,
Q4840757,Baden Kerr,No ES WP page,,,,,,,,,,,,,,
Q4843834,George Cunningham,No ES WP page,,,,,,,,,,,,,,
Q4848345,Bailey Davies,No ES WP page,,,,,,,,,,,,,,
Q4849674,Bala Jones,No ES WP page,,,,,,,,,,,,,,
Q4854613,Bandise Maku,No ES WP page,,,,,,,,,,,,,,
Q4860440,Barend Pieterse,No ES WP page,,,,,,,,,,,,,,
Q4863487,Barrie-Jon Mather,No ES WP page,,,,,,,,,,,,,,
Q4863527,Barrie Hutchinson,No ES WP page,,,,,,,,,,,,,,
Q4863809,Barron Kilner,No ES WP page,,,,,,,,,,,,,,
Q4864037,Barry Bresnihan,No ES WP page,,,,,,,,,,,,,,
Q4864138,Barry Cumberlege,No ES WP page,,,,,,,,,,,,,,
Q4864155,Barry Davies,No ES WP page,,,,,,,,,,,,,,
Q4864211,Barry Evans,No ES WP page,,,,,,,,,,,,,,
Q4864213,Barry Everitt,No ES WP page,,,,,,,,,,,,,,
Q4864249,Barry Geel,No ES WP page,,,,,,,,,,,,,,
Q4864255,Barry Girling,No ES WP page,,,,,,,,,,,,,,
Q4864317,Barry Holmes,No ES WP page,,,,,,,,,,,,,,
Q4864348,Barry Jackson,No ES WP page,,,,,,,,,,,,,,
Q4864487,Barry McDonald,No ES WP page,,,,,,,,,,,,,,
Q4864579,Barry O'Mahony,No ES WP page,,,,,,,,,,,,,,
Q4864678,Barry Roberts,No ES WP page,,,,,,,,,,,,,,
Q4864786,Barry Stewart,No ES WP page,,,,,,,,,,,,,,
Q4867094,Basil Alexander Hill,No ES WP page,,,,,,,,,,,,,,
Q4867209,Basil Lucas,No ES WP page,,,,,,,,,,,,,,
Q4867215,Basil McFarland,No ES WP page,,,,,,,,,,,,,,
Q4867266,Basil Travers,No ES WP page,,,,,,,,,,,,,,
Q4877382,Beau Robinson,No ES WP page,,,,,,,,,,,,,,
Q4877438,Beauden Barrett,,Beauden Barrett,Beauden John Barrett,Beauden_Barrett,27 de mayo de 1991,Nueva Plymouth,/wiki/Nueva_Plymouth,,,,187,92,Apertura,,Nueva Zelanda
Q4885195,Ben Afeaki,No ES WP page,,,,,,,,,,,,,,
Q4885279,Ben Batger,No ES WP page,,,,,,,,,,,,,,
Q4885297,Ben Beynon,No ES WP page,,,,,,,,,,,,,,
Q4885334,Ben Breeze,No ES WP page,,,,,,,,,,,,,,
Q4885350,Ben Broster,No ES WP page,,,,,,,,,,,,,,
Q4885467,Ben Couch,No ES WP page,,,,,,,,,,,,,,
Q4885475,Ben Cronin,No ES WP page,,,,,,,,,,,,,,
Q4885496,Ben Daley,No ES WP page,,,,,,,,,,,,,,
Q4885497,Ben Daly,No ES WP page,,,,,,,,,,,,,,
Q4885512,Ben Davies,No ES WP page,,,,,,,,,,,,,,
Q4885611,Ben Evans,No ES WP page,,,,,,,,,,,,,,
Q4885643,Ben Flower,No ES WP page,,,,,,,,,,,,,,
Q4885691,Ben Funnell,No ES WP page,,,,,,,,,,,,,,
Q4885721,Ben Gollings,No ES WP page,,,,,,,,,,,,,,
Q4885727,Ben Gotting,No ES WP page,,,,,,,,,,,,,,
Q4885760,Ben Gulliver,No ES WP page,,,,,,,,,,,,,,
Q4885835,Ben Herring,No ES WP page,,,,,,,,,,,,,,
Q4885907,Ben J. Russell,No ES WP page,,,,,,,,,,,,,,
Q4885920,Ben Jacobs,No ES WP page,,,,,,,,,,,,,,
Q4885931,Ben John,No ES WP page,,,,,,,,,,,,,,
Q4886034,Ben Lam,No ES WP page,,,,,,,,,,,,,,
Q4886058,Ben Lewis,No ES WP page,,,,,,,,,,,,,,
Q4886060,Ben Lewitt,No ES WP page,,,,,,,,,,,,,,
Q4886083,Ben Lucas,No ES WP page,,,,,,,,,,,,,,
Q4886180,Ben Moon,No ES WP page,,,,,,,,,,,,,,
Q4886198,Ben Mowen,No ES WP page,,,,,,,,,,,,,,
Q4886278,Ben Patston,No ES WP page,,,,,,,,,,,,,,
Q4886292,Ben Phillips,No ES WP page,,,,,,,,,,,,,,
Q4886294,Ben Pienaar,No ES WP page,,,,,,,,,,,,,,
Q4886327,Ben Ransom,No ES WP page,,,,,,,,,,,,,,
Q4886399,Ben Ryan,No ES WP page,,,,,,,,,,,,,,
Q4886437,Ben Seymour,No ES WP page,,,,,,,,,,,,,,
Q4886527,Ben Sturnham,No ES WP page,,,,,,,,,,,,,,
Q4886535,Ben T. Russell,No ES WP page,,,,,,,,,,,,,,
Q4886540,Ben Tameifuna,No ES WP page,,,,,,,,,,,,,,
Q4886543,Ben Tapuai,No ES WP page,,,,,,,,,,,,,,
Q4886609,Ben Volavola,,Ben Volavola,Ben Thomas Tuvula Volavola,Ben_Volavola,12 de enero de 1991,Sídney,/wiki/S%C3%ADdney,,,,191,96,Apertura; Fullback,,Australia
Q4886636,Ben Waters,No ES WP page,,,,,,,,,,,,,,
Q4886685,Ben White,No ES WP page,,,,,,,,,,,,,,
Q4886688,Ben Whittaker,No ES WP page,,,,,,,,,,,,,,
Q4888332,Benjamin Brierley,No ES WP page,,,,,,,,,,,,,,
Q4888351,Benjamin Burns,No ES WP page,,,,,,,,,,,,,,
Q4888464,Benjamin Danso,No ES WP page,,,,,,,,,,,,,,
Q4888734,Benjamin Gronow,No ES WP page,,,,,,,,,,,,,,
Q4888881,Benjamin John,No ES WP page,,,,,,,,,,,,,,
Q4888925,Benjamin Krause,No ES WP page,,,,,,,,,,,,,,
Q4889227,Benjamin Simm,No ES WP page,,,,,,,,,,,,,,
Q4889314,Benjamin Tuke,No ES WP page,,,,,,,,,,,,,,
Q4889319,Benjamin Ulrich,No ES WP page,,,,,,,,,,,,,,
Q4892990,Bernard Charles Hartley,No ES WP page,,,,,,,,,,,,,,
Q4892994,Bernard Charreyre,No ES WP page,,,,,,,,,,,,,,
Q4893031,Bernard Cowey,No ES WP page,,,,,,,,,,,,,,
Q4893034,Bernard Croft,No ES WP page,,,,,,,,,,,,,,
Q4893136,Bernard Foley,,Bernard Foley,,Bernard_Foley,8 de septiembre de 1989,Sídney,/wiki/S%C3%ADdney,,,,182,90,Apertura; zaguero,,Australia
Q4893143,Bernard Frederick,No ES WP page,,,,,,,,,,,,,,
Q4893149,Bernard Gadney,No ES WP page,,,,,,,,,,,,,,
Q4893514,Bernard Oughtred,No ES WP page,,,,,,,,,,,,,,
Q4893711,Bernard Turnbull,No ES WP page,,,,,,,,,,,,,,
Q4894962,Bert Avery,No ES WP page,,,,,,,,,,,,,,
Q4895017,Bert Cook,No ES WP page,,,,,,,,,,,,,,
Q4895132,Bert Hollingdale,No ES WP page,,,,,,,,,,,,,,
Q4895151,Bert Jenkins,No ES WP page,,,,,,,,,,,,,,
Q4895159,Bert Jones,No ES WP page,,,,,,,,,,,,,,
Q4895738,Berton Klaasen,No ES WP page,,,,,,,,,,,,,,
Q4895925,Bertus O'Callaghan,No ES WP page,,,,,,,,,,,,,,
Q4897933,Bethel Solomons,No ES WP page,,,,,,,,,,,,,,
Q4899327,Bev Risman,No ES WP page,,,,,,,,,,,,,,
Q4904085,Biddy Anderson,No ES WP page,,,,,,,,,,,,,,
Q4904303,Bidzina Samkharadze,No ES WP page,,,,,,,,,,,,,,
Q4908155,Bill Bisset,No ES WP page,,,,,,,,,,,,,,
Q4908432,Bill Carson,No ES WP page,,,,,,,,,,,,,,
Q4908449,Bill Cavubati,No ES WP page,,,,,,,,,,,,,,
Q4908480,Bill Clark,No ES WP page,,,,,,,,,,,,,,
Q4908513,Bill Cody,No ES WP page,,,,,,,,,,,,,,
Q4908587,Bill Cotty,No ES WP page,,,,,,,,,,,,,,
Q4908755,Bill Devine,No ES WP page,,,,,,,,,,,,,,
Q4908765,Bill Dickinson,No ES WP page,,,,,,,,,,,,,,
Q4908778,Bill Dix,No ES WP page,,,,,,,,,,,,,,
Q4908814,Bill Douglas,No ES WP page,,,,,,,,,,,,,,
Q4908928,Bill Evans,No ES WP page,,,,,,,,,,,,,,
Q4908933,Bill Everson,No ES WP page,,,,,,,,,,,,,,
Q4909084,Bill Gammell,No ES WP page,,,,,,,,,,,,,,
Q4909090,Bill Gardiner,No ES WP page,,,,,,,,,,,,,,
Q4909287,Bill Hammon,No ES WP page,,,,,,,,,,,,,,
Q4909481,Bill Hopkin,No ES WP page,,,,,,,,,,,,,,
Q4909550,Bill Igoe,No ES WP page,,,,,,,,,,,,,,
Q4909860,Bill Laycock,No ES WP page,,,,,,,,,,,,,,
Q4910031,Bill Marrott,No ES WP page,,,,,,,,,,,,,,
Q4910104,Bill McEwan,No ES WP page,,,,,,,,,,,,,,
Q4910134,Bill McLean,No ES WP page,,,,,,,,,,,,,,
Q4910135,Bill McLaughlin,No ES WP page,,,,,,,,,,,,,,
Q4910257,Bill Morris,No ES WP page,,,,,,,,,,,,,,
Q4910281,Bill Mulcahy,No ES WP page,,,,,,,,,,,,,,
Q4910406,Bill Oughton,No ES WP page,,,,,,,,,,,,,,
Q4910477,Bill Perry,No ES WP page,,,,,,,,,,,,,,
Q4911057,Bill Sullivan,No ES WP page,,,,,,,,,,,,,,
Q4911096,Bill Taberer,No ES WP page,,,,,,,,,,,,,,
Q4911188,Bill Tucker,No ES WP page,,,,,,,,,,,,,,
Q4911304,Bill Webb,No ES WP page,,,,,,,,,,,,,,
Q4912241,Billy Bowen,No ES WP page,,,,,,,,,,,,,,
Q4912301,Billy Burns,,Billy Burns,Billy Sean Burns,Billy_Burns,13 de junio de 1994,Bath,/wiki/Bath,,,,180,80,Apertura,,"Inglaterra, Reino Unido"
Q4912430,Billy Davies,No ES WP page,,,,,,,,,,,,,,
Q4912481,Billy Douglas,No ES WP page,,,,,,,,,,,,,,
Q4912588,Billy Geen,No ES WP page,,,,,,,,,,,,,,
Q4912622,Billy Gore,No ES WP page,,,,,,,,,,,,,,
Q4912657,Billy Hall,No ES WP page,,,,,,,,,,,,,,
Q4912723,Billy Holland,No ES WP page,,,,,,,,,,,,,,
Q4912750,Billy Hullin,No ES WP page,,,,,,,,,,,,,,
Q4912779,Billy James,No ES WP page,,,,,,,,,,,,,,
Q4912852,Billy King,No ES WP page,,,,,,,,,,,,,,
Q4912940,Billy Mainwaring,No ES WP page,,,,,,,,,,,,,,
Q4913043,Billy Mitchell,No ES WP page,,,,,,,,,,,,,,
Q4913055,Billy Moore,No ES WP page,,,,,,,,,,,,,,
Q4913099,Billy Ngawini,No ES WP page,,,,,,,,,,,,,,
Q4913238,Billy Richards,No ES WP page,,,,,,,,,,,,,,
Q4913296,Billy Sheehan,No ES WP page,,,,,,,,,,,,,,
Q4913341,Billy Stone,No ES WP page,,,,,,,,,,,,,,
Q4913438,Billy Watkins,No ES WP page,,,,,,,,,,,,,,
Q4913472,Billy Williams,No ES WP page,,,,,,,,,,,,,,
Q4923708,Blade Thomson,No ES WP page,,,,,,,,,,,,,,
Q4923976,Blaine Scully,,Blaine Scully,Blaine Hansen Scully,Blaine_Scully,29 de febrero de 1988,Sacramento,/wiki/Sacramento_(California),,,,191,93,Wing,,Estados Unidos
Q4924071,Blair Cowan,No ES WP page,,,,,,,,,,,,,,
Q4924081,Blair Feeney,No ES WP page,,,,,,,,,,,,,,
Q4924090,Blair Furlong,No ES WP page,,,,,,,,,,,,,,
Q4924342,Blake Burdette,No ES WP page,,,,,,,,,,,,,,
Q4924373,Blake Enever,No ES WP page,,,,,,,,,,,,,,
Q4925838,Bleddyn Bowen,,Bleddyn Bowen,,Bleddyn_Bowen,16 de julio de 1961,Neath-Port Talbot,/wiki/Neath-Port_Talbot,,,,180,85,Centro,,"Gales,Reino Unido"
Q4925842,Bleddyn Taylor,No ES WP page,,,,,,,,,,,,,,
Q4929061,Blue Dixon,No ES WP page,,,,,,,,,,,,,,
Q4931630,Bob Adamson,No ES WP page,,,,,,,,,,,,,,
Q4931952,Bob Brown,No ES WP page,,,,,,,,,,,,,,
Q4932218,Bob Davidson,No ES WP page,,,,,,,,,,,,,,
Q4932833,Bob Honan,No ES WP page,,,,,,,,,,,,,,
Q4932960,Bob Jones,No ES WP page,,,,,,,,,,,,,,
Q4933203,Bob Loudon,No ES WP page,,,,,,,,,,,,,,
Q4933220,Bob Mable,No ES WP page,,,,,,,,,,,,,,
Q4933321,Bob McCowan,No ES WP page,,,,,,,,,,,,,,
Q4933364,Bob McLean,No ES WP page,,,,,,,,,,,,,,
Q4933369,Bob McMaster,No ES WP page,,,,,,,,,,,,,,
Q4933571,Bob Outterside,No ES WP page,,,,,,,,,,,,,,
Q4933623,Bob Penberthy,No ES WP page,,,,,,,,,,,,,,
Q4933834,Bob Rowell,No ES WP page,,,,,,,,,,,,,,
Q4933934,Bob Shand,No ES WP page,,,,,,,,,,,,,,
Q4934110,Bob Stuart,No ES WP page,,,,,,,,,,,,,,
Q4934163,Bob Taylor,No ES WP page,,,,,,,,,,,,,,
Q4934179,Bob Thomas,No ES WP page,,,,,,,,,,,,,,
Q4934228,Bob Tubman,No ES WP page,,,,,,,,,,,,,,
Q4934332,Bob Weighill,No ES WP page,,,,,,,,,,,,,,
Q4934350,Bob Westfield,No ES WP page,,,,,,,,,,,,,,
Q4934405,Bob Williams,No ES WP page,,,,,,,,,,,,,,
Q4934718,Bobby Ancell,No ES WP page,,,,,,,,,,,,,,
Q4934923,Bobby Delahay,No ES WP page,,,,,,,,,,,,,,
Q4934965,Bobby Dyer,No ES WP page,,,,,,,,,,,,,,
Q4935526,Bobby Ross,No ES WP page,,,,,,,,,,,,,,
Q4935715,Bobby Whiteley,No ES WP page,,,,,,,,,,,,,,
Q4936709,Bodo Sieber,No ES WP page,,,,,,,,,,,,,,
Q4937166,Boela Abrahams,No ES WP page,,,,,,,,,,,,,,
Q4941870,Bongi Mbonambi,,Bongi Mbonambi,Mbongeni Theo Mbonambi,Bongi_Mbonambi,7 de enero de 1991,Belén,/w/index.php?title=Bel%C3%A9n_(Sud%C3%A1frica)&action=edit&redlink=1,,,,176,106,Hooker,,Sudáfrica
Q4943434,Boom Prinsloo,No ES WP page,,,,,,,,,,,,,,
Q4948388,Bot Stanley,No ES WP page,,,,,,,,,,,,,,
Q4953713,Brackin Karauria-Henry,No ES WP page,,,,,,,,,,,,,,
Q4954134,Brad Moran,No ES WP page,,,,,,,,,,,,,,
Q4954255,Brad Shields,No ES WP page,,,,,,,,,,,,,,
Q4954874,Bradley Barritt,No ES WP page,,,,,,,,,,,,,,
Q4954985,Bradley Moolman,No ES WP page,,,,,,,,,,,,,,
Q4958547,Brayden Mitchell,No ES WP page,,,,,,,,,,,,,,
Q4960977,Brendan Macken,No ES WP page,,,,,,,,,,,,,,
Q4961000,Brendan McKibbin,No ES WP page,,,,,,,,,,,,,,
Q4961030,Brendan Neilson,No ES WP page,,,,,,,,,,,,,,
Q4961133,Brenden Olivier,No ES WP page,,,,,,,,,,,,,,
Q4961148,Brendon Bracewell,No ES WP page,,,,,,,,,,,,,,
Q4961160,Brendon Dawson,,Brendon Dawson,Brendon Neil Dawson,Brendon_Dawson,2 de septiembre de 1967,Bulawayo,/wiki/Bulawayo,,,,188,102,Ala,,Rodesia(actualZimbabue)
Q4961188,Brendon O'Connor,No ES WP page,,,,,,,,,,,,,,
Q4961202,Brendon Winslow,No ES WP page,,,,,,,,,,,,,,
Q4961509,Brent Pope,No ES WP page,,,,,,,,,,,,,,
Q4961583,Brent Ward,No ES WP page,,,,,,,,,,,,,,
Q4962190,Brett Gosper,No ES WP page,,,,,,,,,,,,,,
Q4962279,Brett Mather,No ES WP page,,,,,,,,,,,,,,
Q4962370,Brett Sharman,No ES WP page,,,,,,,,,,,,,,
Q4962388,Brett Stapleton,No ES WP page,,,,,,,,,,,,,,
Q4962396,Brett Sturgess,No ES WP page,,,,,,,,,,,,,,
Q4963128,Brian Blaney,No ES WP page,,,,,,,,,,,,,,
Q4963235,Brian Butler,No ES WP page,,,,,,,,,,,,,,
Q4963657,Brian Edgar,No ES WP page,,,,,,,,,,,,,,
Q4963680,Brian Erichsen,No ES WP page,,,,,,,,,,,,,,
Q4963868,Bryan Gossman,No ES WP page,,,,,,,,,,,,,,
Q4963986,Brian Hayes,No ES WP page,,,,,,,,,,,,,,
Q4964008,Brian Hegarty,No ES WP page,,,,,,,,,,,,,,
Q4964194,Brian Jefferson,No ES WP page,,,,,,,,,,,,,,
Q4964251,Brian Jones,No ES WP page,,,,,,,,,,,,,,
Q4964262,Brian Juliff,No ES WP page,,,,,,,,,,,,,,
Q4964461,Brian Leauma,No ES WP page,,,,,,,,,,,,,,
Q4964606,Brian Mansfield,No ES WP page,,,,,,,,,,,,,,
Q4964659,Brian McClenahan,No ES WP page,,,,,,,,,,,,,,
Q4964845,Brian Murphy,No ES WP page,,,,,,,,,,,,,,
Q4964898,Brian O'Connor,No ES WP page,,,,,,,,,,,,,,
Q4964934,Brian O'Riordan,No ES WP page,,,,,,,,,,,,,,
Q4965064,Brian Pope,No ES WP page,,,,,,,,,,,,,,
Q4965133,Brian Rigney,No ES WP page,,,,,,,,,,,,,,
Q4965280,Brian Shillinglaw,No ES WP page,,,,,,,,,,,,,,
Q4965296,Brian Simmers,No ES WP page,,,,,,,,,,,,,,
Q4965353,Brian Sparks,No ES WP page,,,,,,,,,,,,,,
Q4965538,Brian Verdon McCleary,No ES WP page,,,,,,,,,,,,,,
Q4965619,Brian Whitcombe,No ES WP page,,,,,,,,,,,,,,
Q4966006,Brickey Farmer,No ES WP page,,,,,,,,,,,,,,
Q4967481,Bright Sodje,No ES WP page,,,,,,,,,,,,,,
Q4968100,Brimah Kebbie,No ES WP page,,,,,,,,,,,,,,
Q4968450,Brinley Williams,No ES WP page,,,,,,,,,,,,,,
Q4973036,Brodie Retallick,,Brodie Retallick,Brodie Allan Retallick,Brodie_Retallick,31 de mayo de 1991,Rangiora,/w/index.php?title=Rangiora&action=edit&redlink=1,,,,204,121,Segunda línea,,Nueva Zelanda
Q4973253,Brok Harris,No ES WP page,,,,,,,,,,,,,,
Q4977120,Bruce Battishall,No ES WP page,,,,,,,,,,,,,,
Q4977215,Bruce Caldwell,No ES WP page,,,,,,,,,,,,,,
Q4977222,Bruce Cameron,No ES WP page,,,,,,,,,,,,,,
Q4977298,Bruce Cooke,No ES WP page,,,,,,,,,,,,,,
Q4977366,Bruce Deans,,Bruce Deans,Ian Bruce Deans,Bruce_Deans,25 de noviembre de 1960,Distrito de Hurunui,/w/index.php?title=Distrito_de_Hurunui&action=edit&redlink=1,16 de agosto de 2019,,,179,80,Medio scrum,,Nueva Zelanda
Q4977577,Bruce Greensill,No ES WP page,,,,,,,,,,,,,,
Q4977616,Bruce Hamilton,No ES WP page,,,,,,,,,,,,,,
Q4977763,Bruce Judd,No ES WP page,,,,,,,,,,,,,,
Q4978003,Bruce McPhail,No ES WP page,,,,,,,,,,,,,,
Q4978342,Bruce Taafe,No ES WP page,,,,,,,,,,,,,,
Q4978448,Bruce Wells,No ES WP page,,,,,,,,,,,,,,
Q4978813,Brummer Badenhorst,No ES WP page,,,,,,,,,,,,,,
Q4979155,Bruno Brown,No ES WP page,,,,,,,,,,,,,,
Q4979364,Bruno Postiglioni,No ES WP page,,,,,,,,,,,,,,
Q4980061,Bryan Desmond Hughes,No ES WP page,,,,,,,,,,,,,,
Q4980285,Bryan Palmer,No ES WP page,,,,,,,,,,,,,,
Q4980334,Bryan Rennie,No ES WP page,,,,,,,,,,,,,,
Q4980462,Bryan West,No ES WP page,,,,,,,,,,,,,,
Q4980717,Bryce Robins,No ES WP page,,,,,,,,,,,,,,
Q4980848,Bryn Day,No ES WP page,,,,,,,,,,,,,,
Q4980855,Bryn Evans,No ES WP page,,,,,,,,,,,,,,
Q4980857,Bryn Evans,No ES WP page,,,,,,,,,,,,,,
Q4980861,Bryn Griffiths,No ES WP page,,,,,,,,,,,,,,
Q4980867,Bryn Hall,No ES WP page,,,,,,,,,,,,,,
Q4980875,Bryn Howells,No ES WP page,,,,,,,,,,,,,,
Q4980884,Bryn Lewis,No ES WP page,,,,,,,,,,,,,,
Q4980910,Bryn Phillips,No ES WP page,,,,,,,,,,,,,,
Q4980927,Brynard Stander,No ES WP page,,,,,,,,,,,,,,
Q4981021,Brynmor Williams,No ES WP page,,,,,,,,,,,,,,
Q4983367,Buckley Roderick,No ES WP page,,,,,,,,,,,,,,
Q4996724,Bulldog Irvine,No ES WP page,,,,,,,,,,,,,,
Q4997511,Bundee Aki,,Bundee Aki,Fua Leiofi Bundellu Aki,Bundee_Aki,7 de abril de 1990,Auckland,/wiki/Auckland,,,,178,98,Centro,,Nueva ZelandaNueva Zelanda
Q4997875,Bunny Reid,No ES WP page,,,,,,,,,,,,,,
Q4998535,Burger Geldenhuys,No ES WP page,,,,,,,,,,,,,,
Q4998553,Burger Schoeman,No ES WP page,,,,,,,,,,,,,,
Q5000855,Burton Francis,No ES WP page,,,,,,,,,,,,,,
Q5003276,Buxton Popoali'i,No ES WP page,,,,,,,,,,,,,,
Q5004379,Byron Hayward,No ES WP page,,,,,,,,,,,,,,
Q5004423,Byron McGuigan,No ES WP page,,,,,,,,,,,,,,
Q5006106,C.G. Timms,No ES WP page,,,,,,,,,,,,,,
Q5006779,C. R. De Silva,No ES WP page,,,,,,,,,,,,,,
Q5012275,CJ Stander,No ES WP page,,,,,,,,,,,,,,
Q5016451,Cadeyrn Neville,No ES WP page,,,,,,,,,,,,,,
Q5017482,Cai Griffiths,No ES WP page,,,,,,,,,,,,,,
Q5019219,Caleb Brown,No ES WP page,,,,,,,,,,,,,,
Q5022100,Callie Visagie,No ES WP page,,,,,,,,,,,,,,
Q5022944,Callum Black,No ES WP page,,,,,,,,,,,,,,
Q5022949,Callum Bruce,No ES WP page,,,,,,,,,,,,,,
Q5022957,Callum Gibbins,No ES WP page,,,,,,,,,,,,,,
Q5024026,Calum Clark,No ES WP page,,,,,,,,,,,,,,
Q5024028,Calum Forrester,No ES WP page,,,,,,,,,,,,,,
Q5024030,Calum Green,No ES WP page,,,,,,,,,,,,,,
Q5024819,Cam Crawford,No ES WP page,,,,,,,,,,,,,,
Q5024830,Cam Gordon,No ES WP page,,,,,,,,,,,,,,
Q5026188,Cameron Boyle,No ES WP page,,,,,,,,,,,,,,
Q5026250,Cameron Glasgow,No ES WP page,,,,,,,,,,,,,,
Q5026278,Cameron Jacobs,No ES WP page,,,,,,,,,,,,,,
Q5026298,Cameron Mather,No ES WP page,,,,,,,,,,,,,,
Q5028328,Campese Ma'afu,No ES WP page,,,,,,,,,,,,,,
Q5032084,Candy Evans,No ES WP page,,,,,,,,,,,,,,
Q5038989,Carel du Plessis,,Carel du Plessis,Carel Johan du Plessis,Carel_du_Plessis,24 de junio de 1960,Somerset East,/w/index.php?title=Somerset_East&action=edit&redlink=1,,,,183,85,Wing,,Sudáfrica
Q5039790,Carl Aarvold,,Carl Aarvold,Carl Douglas Aarvold,Carl_Aarvold,7 de junio de 1907,Hartlepool,/wiki/Hartlepool,17 de marzo de 1991,Westhumble,/wiki/Westhumble,,,Wing,,"Inglaterra,Reino Unido"
Q5039903,Carl Bezuidenhout,No ES WP page,,,,,,,,,,,,,,
Q5040045,Carl Doherty,No ES WP page,,,,,,,,,,,,,,
Q5040120,Carl Fearns,No ES WP page,,,,,,,,,,,,,,
Q5040707,Carl Rimmer,No ES WP page,,,,,,,,,,,,,,
Q5040943,Carl Wegner,No ES WP page,,,,,,,,,,,,,,
Q5042386,Carlos Mold,No ES WP page,,,,,,,,,,,,,,
Q5042440,Carlos Nobre,No ES WP page,,,,,,,,,,,,,,
Q5042507,Carlos Páez Rodríguez,No stint found,Carlos Páez Rodríguez,,Carlos_P%C3%A1ez_Rodr%C3%ADguez,31 de octubre de 1953,,,,,,,,,,
Q5052049,Cathal Sheridan,No ES WP page,,,,,,,,,,,,,,
Q5055332,Caylib Oosthuizen,No ES WP page,,,,,,,,,,,,,,
Q5055919,Cecil Afrika,No ES WP page,,,,,,,,,,,,,,
Q5055923,Cecil Abercrombie,No ES WP page,,,,,,,,,,,,,,
Q5055951,Cecil Banes-Walker,No ES WP page,,,,,,,,,,,,,,
Q5055956,Cecil Biggs,No ES WP page,,,,,,,,,,,,,,
Q5055971,Cecil Boyd,No ES WP page,,,,,,,,,,,,,,
Q5056171,Cecil Kershaw,No ES WP page,,,,,,,,,,,,,,
Q5056202,Cecil MacKenzie,No ES WP page,,,,,,,,,,,,,,
Q5056221,Cecil Milton,No ES WP page,,,,,,,,,,,,,,
Q5056228,Cecil Moriarty,No ES WP page,,,,,,,,,,,,,,
Q5056230,Cecil Moss,,Cecil Moss,,Cecil_Moss,12 de febrero de 1925,Riversdale,/wiki/Riversdale_(Sud%C3%A1frica),27 de octubre de 2017,,,170,80,Wing,,Sudáfrica
Q5056263,Cecil Pedlow,No ES WP page,,,,,,,,,,,,,,
Q5057386,Ceiron Thomas,No ES WP page,,,,,,,,,,,,,,
Q5065391,Ces Dacre,No ES WP page,,,,,,,,,,,,,,
Q5066227,Chad Eagle,No ES WP page,,,,,,,,,,,,,,
Q5066352,Chad Slade,No ES WP page,,,,,,,,,,,,,,
Q5066372,Chad Tuoro,No ES WP page,,,,,,,,,,,,,,
Q5074594,Charl du Plessis,No ES WP page,,,,,,,,,,,,,,
Q5075203,Charles Arthur Crompton,No ES WP page,,,,,,,,,,,,,,
Q5076217,Charles Chester,No ES WP page,,,,,,,,,,,,,,
Q5076338,Charles Coates,No ES WP page,,,,,,,,,,,,,,
Q5076568,Charles Crosse,No ES WP page,,,,,,,,,,,,,,
Q5077016,Charles Dunning,No ES WP page,,,,,,,,,,,,,,
Q5077314,Charles Edward Wilson,No ES WP page,,,,,,,,,,,,,,
Q5077392,Charles Emmott,No ES WP page,,,,,,,,,,,,,,
Q5077637,Charles Fernandes,No ES WP page,,,,,,,,,,,,,,
Q5077690,Charles Fitzgerald,No ES WP page,,,,,,,,,,,,,,
Q5077775,Charles Francis Constantine,No ES WP page,,,,,,,,,,,,,,
Q5078489,Charles Gurdon,No ES WP page,,,,,,,,,,,,,,
Q5078491,Charles Gunner,No ES WP page,,,,,,,,,,,,,,
Q5078730,Charles Hammand,No ES WP page,,,,,,,,,,,,,,
Q5078786,Charles Harper,No ES WP page,,,,,,,,,,,,,,
Q5079107,Charles Hooper,No ES WP page,,,,,,,,,,,,,,
Q5079133,Charles Horley,No ES WP page,,,,,,,,,,,,,,
Q5079534,Charles Monro,No ES WP page,,,,,,,,,,,,,,
Q5079596,Charles Jordan,No ES WP page,,,,,,,,,,,,,,
Q5079616,Charles Joseph Newbold,No ES WP page,,,,,,,,,,,,,,
Q5079759,Charles Kent,No ES WP page,,,,,,,,,,,,,,
Q5079813,Charles Kingstone,No ES WP page,,,,,,,,,,,,,,
Q5080412,Charles Lynn Davies,No ES WP page,,,,,,,,,,,,,,
Q5080669,Charles Marriott,No ES WP page,,,,,,,,,,,,,,
Q5081106,Charles Morrissey,No ES WP page,,,,,,,,,,,,,,
Q5081382,Charles Orr,No ES WP page,,,,,,,,,,,,,,
Q5081606,Charles Peter Allen,No ES WP page,,,,,,,,,,,,,,
Q5081683,Charles Piutau,No ES WP page,,,,,,,,,,,,,,
Q5081699,Charles Plumpton Wilson,No ES WP page,,,,,,,,,,,,,,
Q5081988,Charles Renilson,No ES WP page,,,,,,,,,,,,,,
Q5082053,Charles Riechelmann,No ES WP page,,,,,,,,,,,,,,
Q5082319,Charles Sage,No ES WP page,,,,,,,,,,,,,,
Q5082367,Charles Savory,No ES WP page,,,,,,,,,,,,,,
Q5082369,Charles Sawyer,No ES WP page,,,,,,,,,,,,,,
Q5082373,Charles Saxton,No ES WP page,,,,,,,,,,,,,,
Q5082484,Charles Sherrard,No ES WP page,,,,,,,,,,,,,,
Q5082550,Charles Smith,No ES WP page,,,,,,,,,,,,,,
Q5082743,Charles Stuart,No ES WP page,,,,,,,,,,,,,,
Q5082928,Charles Thompson,No ES WP page,,,,,,,,,,,,,,
Q5082987,Charles Touzel,No ES WP page,,,,,,,,,,,,,,
Q5083111,Charles Vanderspar,No ES WP page,,,,,,,,,,,,,,
Q5083143,Charles Vintcent,No ES WP page,,,,,,,,,,,,,,
Q5083604,Charles Williams,No ES WP page,,,,,,,,,,,,,,
Q5084431,Charlie Adamson,No ES WP page,,,,,,,,,,,,,,
Q5084446,Charlie Amesbury,No ES WP page,,,,,,,,,,,,,,
Q5084458,Charlie Arthur,No ES WP page,,,,,,,,,,,,,,
Q5084523,Charlie Beech,No ES WP page,,,,,,,,,,,,,,
Q5084558,Charlie Bott,No ES WP page,,,,,,,,,,,,,,
Q5084761,Charlie Davies,No ES WP page,,,,,,,,,,,,,,
Q5084770,Charlie Devenish,No ES WP page,,,,,,,,,,,,,,
Q5084803,Charlie Ellis,No ES WP page,,,,,,,,,,,,,,
Q5084829,Charlie Faumuina,,Charlie Faumuina,Charlie C. Faumuina,Charlie_Faumuina,24 de diciembre de 1986,South Auckland,/w/index.php?title=South_Auckland&action=edit&redlink=1,,,,185,130,Pilier,,Nueva Zelanda
Q5084832,Charlie Fellows,No ES WP page,,,,,,,,,,,,,,
Q5084840,Charlie Fetoai,No ES WP page,,,,,,,,,,,,,,
Q5084867,Charlie Fox,No ES WP page,,,,,,,,,,,,,,
Q5085032,Charlie Hodgins,No ES WP page,,,,,,,,,,,,,,
Q5085213,Charlie McAlister,No ES WP page,,,,,,,,,,,,,,
Q5085299,Charlie Ngatai,,Charlie Ngatai,,Charlie_Ngatai,17 de agosto de 1990,Gisborne,/wiki/Gisborne_(ciudad),,,,185,95,Fullback,,Nueva Zelanda
Q5085327,Charlie Oliver,No ES WP page,,,,,,,,,,,,,,
Q5085376,Charlie Pearce,No ES WP page,,,,,,,,,,,,,,
Q5085414,Charlie Pugh,No ES WP page,,,,,,,,,,,,,,
Q5085431,Charlie Redwood,No ES WP page,,,,,,,,,,,,,,
Q5085603,Charlie Thomas,No ES WP page,,,,,,,,,,,,,,
Q5085609,Charlie Thompson,No ES WP page,,,,,,,,,,,,,,
Q5085630,Charlie Usher,No ES WP page,,,,,,,,,,,,,,
Q5085696,Charlie White,No ES WP page,,,,,,,,,,,,,,
Q5085718,Charlie Winslade,No ES WP page,,,,,,,,,,,,,,
Q5085759,Charlie van Renen,No ES WP page,,,,,,,,,,,,,,
Q5087168,Chase Minnaar,No ES WP page,,,,,,,,,,,,,,
Q5088254,Chauncey O'Toole,No ES WP page,,,,,,,,,,,,,,
Q5089292,Cheeky Watson,No ES WP page,,,,,,,,,,,,,,
Q5089931,Chelliah Thurairaja,No ES WP page,,,,,,,,,,,,,,
Q5094274,Chev Walker,No ES WP page,,,,,,,,,,,,,,
Q5094451,Chevvy Pennycook,No ES WP page,,,,,,,,,,,,,,
Q5096119,Chick Henderson,No ES WP page,,,,,,,,,,,,,,
Q5096125,Chick Jenkins,No ES WP page,,,,,,,,,,,,,,
Q5105709,Chris Alcock,No ES WP page,,,,,,,,,,,,,,
Q5105766,Chris Ashwin,No ES WP page,,,,,,,,,,,,,,
Q5105877,Chris Bell,No ES WP page,,,,,,,,,,,,,,
Q5105887,Chris Bentley,No ES WP page,,,,,,,,,,,,,,
Q5105902,Chris Biller,No ES WP page,,,,,,,,,,,,,,
Q5105910,Chris Bishay,No ES WP page,,,,,,,,,,,,,,
Q5105973,Chris Brightwell,No ES WP page,,,,,,,,,,,,,,
Q5105986,Chris Brooker,No ES WP page,,,,,,,,,,,,,,
Q5106075,Chris Camilleri,No ES WP page,,,,,,,,,,,,,,
Q5106087,Chris Carberry,No ES WP page,,,,,,,,,,,,,,
Q5106206,Chris Cochrane,No ES WP page,,,,,,,,,,,,,,
Q5106251,Chris Cook,No ES WP page,,,,,,,,,,,,,,
Q5106290,Chris Cracknell,No ES WP page,,,,,,,,,,,,,,
Q5106395,Chris Dicomidis,No ES WP page,,,,,,,,,,,,,,
Q5106438,Chris Duckworth,No ES WP page,,,,,,,,,,,,,,
Q5106467,Chris Eaton,No ES WP page,,,,,,,,,,,,,,
Q5106535,Chris Feauai-Sautia,No ES WP page,,,,,,,,,,,,,,
Q5106576,Chris Fortey,No ES WP page,,,,,,,,,,,,,,
Q5106607,Chris Fusaro,No ES WP page,,,,,,,,,,,,,,
Q5106684,Chris Goodman,No ES WP page,,,,,,,,,,,,,,
Q5106759,Chris Hala'ufia,No ES WP page,,,,,,,,,,,,,,
Q5106860,Chris Henry,,Chris Henry,Christopher G. Henry,Chris_Henry,17 de octubre de 1984,Belfast,/wiki/Belfast,,,,191,107,Flanker,,Reino Unido
Q5107042,Chris Jones,No ES WP page,,,,,,,,,,,,,,
Q5107075,Chris Keane,No ES WP page,,,,,,,,,,,,,,
Q5107115,Chris King,No ES WP page,,,,,,,,,,,,,,
Q5107141,Chris Kohlhase,No ES WP page,,,,,,,,,,,,,,
Q5107218,Chris Leck,No ES WP page,,,,,,,,,,,,,,
Q5107279,Chris Lowrey,No ES WP page,,,,,,,,,,,,,,
Q5107315,Chris Mahony,No ES WP page,,,,,,,,,,,,,,
Q5107319,Chris Malone,No ES WP page,,,,,,,,,,,,,,
Q5107461,Chris Micklewood,No ES WP page,,,,,,,,,,,,,,
Q5107478,Chris Moller,No ES WP page,,,,,,,,,,,,,,
Q5107596,Chris Noakes,No ES WP page,,,,,,,,,,,,,,
Q5107635,Chris O'Young,No ES WP page,,,,,,,,,,,,,,
Q5107729,Chris Pennell,No ES WP page,,,,,,,,,,,,,,
Q5107771,Chris Pilgrim,No ES WP page,,,,,,,,,,,,,,
Q5107831,Chris Rea,No ES WP page,,,,,,,,,,,,,,
Q5108034,Chris Sheasby,No ES WP page,,,,,,,,,,,,,,
Q5108109,Chris Smylie,No ES WP page,,,,,,,,,,,,,,
Q5108266,Chris Thomson,No ES WP page,,,,,,,,,,,,,,
Q5108317,Chris Tuatara-Morrison,No ES WP page,,,,,,,,,,,,,,
Q5108466,Chris Whitehead,No ES WP page,,,,,,,,,,,,,,
Q5108541,Chris Yates,No ES WP page,,,,,,,,,,,,,,
Q5108542,Chris York,No ES WP page,,,,,,,,,,,,,,
Q5109315,Christian Baracat,No ES WP page,,,,,,,,,,,,,,
Q5109747,Christian Hug,No ES WP page,,,,,,,,,,,,,,
Q5109832,Christian Lealiifano,,Christian Lealiifano,Christian P. Leali'ifano,Christian_Lealiifano,24 de septiembre de 1987,Auckland,/wiki/Auckland,,,,179,90,Centro,,Nueva ZelandaNueva Zelanda
Q5109911,Christian Melville,No ES WP page,,,,,,,,,,,,,,
Q5110218,Christian Tyrer,No ES WP page,,,,,,,,,,,,,,
Q5110257,Christian Wade,,Christian Wade,,Christian_Wade,15 de mayo de 1991,Slough,/wiki/Slough,,,,173,85,wing,,"Inglaterra,Reino Unido"
Q5111618,Christo Kasabi,No ES WP page,,,,,,,,,,,,,,
Q5111624,Christo le Roux,No ES WP page,,,,,,,,,,,,,,
Q5112739,Christopher Liebig,No ES WP page,,,,,,,,,,,,,,
Q5112979,Christopher O'Brien,No ES WP page,,,,,,,,,,,,,,
Q5113212,Christopher Seldon,No ES WP page,,,,,,,,,,,,,,
Q5113316,Christopher Tanner,No ES WP page,,,,,,,,,,,,,,
Q5113404,Christopher Weselek,No ES WP page,,,,,,,,,,,,,,
Q5113628,Christy Condon,No ES WP page,,,,,,,,,,,,,,
Q5113637,Christy Elliot,No ES WP page,,,,,,,,,,,,,,
Q5114530,Chrysander Botha,No ES WP page,,,,,,,,,,,,,,
Q5115259,Chubb Vigne,No ES WP page,,,,,,,,,,,,,,
Q5119140,Ciaran Hearn,No ES WP page,,,,,,,,,,,,,,
Q5119154,Ciaran Scally,No ES WP page,,,,,,,,,,,,,,
Q5119186,Ciarán O'Boyle,No ES WP page,,,,,,,,,,,,,,
Q5120023,Cillian Willis,No ES WP page,,,,,,,,,,,,,,
Q5127769,Clarrie Prentice,No ES WP page,,,,,,,,,,,,,,
Q5127773,Clarrie Wallach,No ES WP page,,,,,,,,,,,,,,
Q5130187,Clayton Blommetjies,No ES WP page,,,,,,,,,,,,,,
Q5131184,Clem Lewis,No ES WP page,,,,,,,,,,,,,,
Q5131386,Clement Pearson Simpson,No ES WP page,,,,,,,,,,,,,,
Q5132552,Cliff Brittle,No ES WP page,,,,,,,,,,,,,,
Q5132650,Cliff Jones,No ES WP page,,,,,,,,,,,,,,
Q5132743,Cliff Richards,No ES WP page,,,,,,,,,,,,,,
Q5132796,Cliff Williams,No ES WP page,,,,,,,,,,,,,,
Q5133031,Clifford Richardson,No ES WP page,,,,,,,,,,,,,,
Q5133076,Clifford Williams,No ES WP page,,,,,,,,,,,,,,
Q5133877,Clinker Birt,No ES WP page,,,,,,,,,,,,,,
Q5133990,Clint Newland,No ES WP page,,,,,,,,,,,,,,
Q5134238,Clinton Toopi,No ES WP page,,,,,,,,,,,,,,
Q5134498,Clive Best,No ES WP page,,,,,,,,,,,,,,
Q5134500,Clive Bondfield,No ES WP page,,,,,,,,,,,,,,
Q5134514,Clive Burgess,No ES WP page,,,,,,,,,,,,,,
Q5134561,Clive Farquhar,No ES WP page,,,,,,,,,,,,,,
Q5134586,Clive Griffiths,No ES WP page,,,,,,,,,,,,,,
Q5134610,Clive Jones,No ES WP page,,,,,,,,,,,,,,
Q5134640,Clive Norling,No ES WP page,,,,,,,,,,,,,,
Q5134654,Clive Rees,No ES WP page,,,,,,,,,,,,,,
Q5134670,Clive Shell,No ES WP page,,,,,,,,,,,,,,
Q5134687,Clive Ulyate,No ES WP page,,,,,,,,,,,,,,
Q5134710,Clive van Ryneveld,No ES WP page,,,,,,,,,,,,,,
Q5139034,Cobus Reinach,,Cobus Reinach,Jacobus Meyer Reinach,Cobus_Reinach,7 de febrero de 1990,Bloemfontein,/wiki/Bloemfontein,,,,175,84,Medio scrum,,Sudáfrica
Q5139035,Cobus Grobbelaar,No ES WP page,,,,,,,,,,,,,,
Q5140290,Codie Taylor,,Codie Taylor,Codie Joshua Dane Taylor,Codie_Taylor,31 de marzo de 1991,Levin,/wiki/Levin,,,,183,106,hooker,,Nueva Zelanda
Q5140723,Coenie van Wyk,No ES WP page,,,,,,,,,,,,,,
Q5140724,Coenie Oosthuizen,,Coenie Oosthuizen,Coenraad Victor Oosthuizen,Coenie_Oosthuizen,22 de marzo de 1989,Potchefstroom,/wiki/Potchefstroom,,,,181,127,Pilar,,Sudáfrica
Q5140789,Coenraad Breytenbach,No ES WP page,,,,,,,,,,,,,,
Q5142022,Colby Fainga'a,No ES WP page,,,,,,,,,,,,,,
Q5145005,Colin Cooper,No ES WP page,,,,,,,,,,,,,,
Q5145044,Colin Dixon,No ES WP page,,,,,,,,,,,,,,
Q5145057,Colin Duff,No ES WP page,,,,,,,,,,,,,,
Q5145075,Colin Evans,No ES WP page,,,,,,,,,,,,,,
Q5145080,Colin Farrell,No ES WP page,,,,,,,,,,,,,,
Q5145088,Colin Fisher,No ES WP page,,,,,,,,,,,,,,
Q5145094,Colin Forbes,No ES WP page,,,,,,,,,,,,,,
Q5145158,Colin Greenwood,No ES WP page,,,,,,,,,,,,,,
Q5145159,Colin Gregor,No ES WP page,,,,,,,,,,,,,,
Q5145164,Colin Grzanna,No ES WP page,,,,,,,,,,,,,,
Q5145190,Colin Hawley,No ES WP page,,,,,,,,,,,,,,
Q5145200,Colin Hillman,No ES WP page,,,,,,,,,,,,,,
Q5145219,Colin Hutton,No ES WP page,,,,,,,,,,,,,,
Q5145367,Colin McFadyean,No ES WP page,,,,,,,,,,,,,,
Q5145550,Colin Scotts,No ES WP page,,,,,,,,,,,,,,
Q5145562,Colin Shaw,No ES WP page,,,,,,,,,,,,,,
Q5145585,Colin Standing,No ES WP page,,,,,,,,,,,,,,
Q5147387,Collins Injera,No ES WP page,,,,,,,,,,,,,,
Q5157987,Con Murphy,No ES WP page,,,,,,,,,,,,,,
Q5158110,Conan Doyle,No ES WP page,,,,,,,,,,,,,,
Q5162263,Conor McPhillips,No ES WP page,,,,,,,,,,,,,,
Q5162285,Conor O'Loughlin,No ES WP page,,,,,,,,,,,,,,
Q5162305,Conor Trainor,No ES WP page,,,,,,,,,,,,,,
Q5162494,Conrad Byrne,No ES WP page,,,,,,,,,,,,,,
Q5162535,Conrad Hoffmann,No ES WP page,,,,,,,,,,,,,,
Q5167835,Cooper Vuna,No ES WP page,,,,,,,,,,,,,,
Q5168741,Copper Kent,No ES WP page,,,,,,,,,,,,,,
Q5171074,Cornal Hendricks,No ES WP page,,,,,,,,,,,,,,
Q5171381,Cornelius Henry,No ES WP page,,,,,,,,,,,,,,
Q5171530,Cornell Hess,No ES WP page,,,,,,,,,,,,,,
Q5171577,Cornell du Preez,No ES WP page,,,,,,,,,,,,,,
Q5172060,Corné Fourie,No ES WP page,,,,,,,,,,,,,,
Q5172694,Corra Dirksen,No ES WP page,,,,,,,,,,,,,,
Q5173537,Cory Allen,,Cory Allen,Cory Lloyd Allen,Cory_Allen,11 de febrero de 1993,Cardiff,/wiki/Cardiff,,,,191,99,centro,,Reino Unido
Q5173551,Cory Blair,No ES WP page,,,,,,,,,,,,,,
Q5178624,Courtney Ireland,No ES WP page,,,,,,,,,,,,,,
Q5179547,Cowboy Saunders,No ES WP page,,,,,,,,,,,,,,
Q5180780,Craig Burden,,Craig Burden,,Craig_Burden,13 de mayo de 1985,Durban,/wiki/Durban,,,,184,100,Hooker,,Sudáfrica
Q5180827,Craig Clare,No ES WP page,,,,,,,,,,,,,,
Q5180829,Craig Clarke,No ES WP page,,,,,,,,,,,,,,
Q5180889,Craig De Goldi,No ES WP page,,,,,,,,,,,,,,
Q5180917,Craig Dunlea,No ES WP page,,,,,,,,,,,,,,
Q5180934,Craig Emmerson,No ES WP page,,,,,,,,,,,,,,
Q5180946,Craig Evans,No ES WP page,,,,,,,,,,,,,,
Q5180990,Craig Gillies,No ES WP page,,,,,,,,,,,,,,
Q5181044,Craig Hill,No ES WP page,,,,,,,,,,,,,,
Q5181251,Craig Moir,No ES WP page,,,,,,,,,,,,,,
Q5181341,Craig Price,No ES WP page,,,,,,,,,,,,,,
Q5181371,Craig Richards,No ES WP page,,,,,,,,,,,,,,
Q5181569,Craig Warlow,No ES WP page,,,,,,,,,,,,,,
Q5181590,Craig Wickes,No ES WP page,,,,,,,,,,,,,,
Q5181605,Craig Wing,No ES WP page,,,,,,,,,,,,,,
Q5190339,Cruze Ah-Nau,No ES WP page,,,,,,,,,,,,,,
Q5193705,Culum Retallick,No ES WP page,,,,,,,,,,,,,,
Q5194886,Curly Hammond,No ES WP page,,,,,,,,,,,,,,
Q5194890,Curly Page,No ES WP page,,,,,,,,,,,,,,
Q5195849,Curtis Palmer,No ES WP page,,,,,,,,,,,,,,
Q5196754,Cuth Mullins,No ES WP page,,,,,,,,,,,,,,
Q5200702,Cyril Edward Evans,No ES WP page,,,,,,,,,,,,,,
Q5200764,Cyril Holmes,No ES WP page,,,,,,,,,,,,,,
Q5200858,Cyril Rickards,No ES WP page,,,,,,,,,,,,,,
Q5200922,Cyril Wells,No ES WP page,,,,,,,,,,,,,,
Q5200930,Cyril Wright,No ES WP page,,,,,,,,,,,,,,
Q5203681,D. K. A. MacKenzie,No ES WP page,,,,,,,,,,,,,,
Q5203818,D. Somerville,No ES WP page,,,,,,,,,,,,,,
Q5205318,DJ Forbes,No ES WP page,,,,,,,,,,,,,,
Q5208377,Dafydd Carter,No ES WP page,,,,,,,,,,,,,,
Q5208381,Dafydd Hewitt,No ES WP page,,,,,,,,,,,,,,
Q5208384,Dafydd Lockyer,No ES WP page,,,,,,,,,,,,,,
Q5208985,Dai Davies,No ES WP page,,,,,,,,,,,,,,
Q5208987,Dai Davies,No ES WP page,,,,,,,,,,,,,,
Q5208990,Dai Edwards,No ES WP page,,,,,,,,,,,,,,
Q5208993,Dai Evans,No ES WP page,,,,,,,,,,,,,,
Q5208995,Dai Flanagan,No ES WP page,,,,,,,,,,,,,,
Q5209004,Dai Hiddlestone,No ES WP page,,,,,,,,,,,,,,
Q5209015,Dai Lewis,No ES WP page,,,,,,,,,,,,,,
Q5209025,Dai Parker,No ES WP page,,,,,,,,,,,,,,
Q5209027,Dai Prosser,No ES WP page,,,,,,,,,,,,,,
Q5209028,Dai Rees,No ES WP page,,,,,,,,,,,,,,
Q5209031,Dai Rees,No ES WP page,,,,,,,,,,,,,,
Q5209035,Dai Royston Bevan,No ES WP page,,,,,,,,,,,,,,
Q5209037,Dai Thomas,No ES WP page,,,,,,,,,,,,,,
Q5209044,Dai Westacott,No ES WP page,,,,,,,,,,,,,,
Q5210379,Dale Chadwick,No ES WP page,,,,,,,,,,,,,,
Q5210441,Dale Ford,No ES WP page,,,,,,,,,,,,,,
Q5210548,Dale McIntosh,No ES WP page,,,,,,,,,,,,,,
Q5211210,Dallan Murphy,No ES WP page,,,,,,,,,,,,,,
Q5211408,Dallas Seymour,No ES WP page,,,,,,,,,,,,,,
Q5212296,Damian McInally,No ES WP page,,,,,,,,,,,,,,
Q5212361,Damian de Allende,,Damian de Allende,,Damian_de_Allende,25 de noviembre de 1991,Ciudad del Cabo,/wiki/Ciudad_del_Cabo,,,,189,101,Centro; Wing,,Sudáfrica
Q5212427,Damien Fitzpatrick,No ES WP page,,,,,,,,,,,,,,
Q5212433,Damien Frawley,No ES WP page,,,,,,,,,,,,,,
Q5212452,Damien Hudd,No ES WP page,,,,,,,,,,,,,,
Q5212528,Damien Tussac,No ES WP page,,,,,,,,,,,,,,
Q5212532,Damien Welch,No ES WP page,,,,,,,,,,,,,,
Q5213203,Dan Buckingham,No ES WP page,,,,,,,,,,,,,,
Q5213482,Dan Fish,No ES WP page,,,,,,,,,,,,,,
Q5213518,Dan Frazier,No ES WP page,,,,,,,,,,,,,,
Q5213554,Dan George,No ES WP page,,,,,,,,,,,,,,
Q5213612,Dan Griffiths,No ES WP page,,,,,,,,,,,,,,
Q5213667,Dan Hemingway,No ES WP page,,,,,,,,,,,,,,
Q5214079,Dan Murphy,No ES WP page,,,,,,,,,,,,,,
Q5214106,Dan Norton,No ES WP page,,,,,,,,,,,,,,
Q5214161,Dan Palmer,No ES WP page,,,,,,,,,,,,,,
Q5214182,Dan Payne,No ES WP page,,,,,,,,,,,,,,
Q5214222,Dan Power,No ES WP page,,,,,,,,,,,,,,
Q5214230,Dan Qeqe,No ES WP page,,,,,,,,,,,,,,
Q5214295,Dan Robson,No ES WP page,,,,,,,,,,,,,,
Q5214493,Dan Thomas,No ES WP page,,,,,,,,,,,,,,
Q5214513,Dan Tuohy,No ES WP page,,,,,,,,,,,,,,
Q5214559,Dan Watchurst,No ES WP page,,,,,,,,,,,,,,
Q5214562,Dan Way,No ES WP page,,,,,,,,,,,,,,
Q5214584,Dan White,No ES WP page,,,,,,,,,,,,,,
Q5214598,Dan Williams,No ES WP page,,,,,,,,,,,,,,
Q5214644,Dan van Zyl,No ES WP page,,,,,,,,,,,,,,
Q5215794,Dane Coles,,Dane Coles,Dane Stuart Coles,Dane_Coles,10 de diciembre de 1986,Paraparaumu,/w/index.php?title=Paraparaumu&action=edit&redlink=1,,,,184,103,Hooker,,Nueva Zelanda
Q5215859,Dane van der Westhuizen,No ES WP page,,,,,,,,,,,,,,
Q5216289,Danie Erasmus,No ES WP page,,,,,,,,,,,,,,
Q5216290,Danie Faasen,No ES WP page,,,,,,,,,,,,,,
Q5216293,Danie Poolman,No ES WP page,,,,,,,,,,,,,,
Q5216363,Daniel Adongo,No ES WP page,,,,,,,,,,,,,,
Q5216633,Daniel Bowden,No ES WP page,,,,,,,,,,,,,,
Q5216748,Daniel Caprice,No ES WP page,,,,,,,,,,,,,,
Q5216764,Daniel Carpo,,Daniel Carpo,,Daniel_Carpo,26 de noviembre de 1984,Tulcea,/wiki/Tulcea,,,,191,106,N.º 8,,Rumanía
Q5217194,Daniel Fraser,No ES WP page,,,,,,,,,,,,,,
Q5217264,Daniel George,No ES WP page,,,,,,,,,,,,,,
Q5217282,Daniel Gilchrist,No ES WP page,,,,,,,,,,,,,,
Q5217351,Daniel Griffiths,No ES WP page,,,,,,,,,,,,,,
Q5217402,Daniel Halangahu,No ES WP page,,,,,,,,,,,,,,
Q5217514,Daniel Hondo,No ES WP page,,,,,,,,,,,,,,
Q5217713,Daniel Jones,No ES WP page,,,,,,,,,,,,,,
Q5217805,Daniel Kirkpatrick,No ES WP page,,,,,,,,,,,,,,
Q5218257,Daniel Newton,No ES WP page,,,,,,,,,,,,,,
Q5218391,Daniel Pascoe,No ES WP page,,,,,,,,,,,,,,
Q5218488,Daniel Preussner,No ES WP page,,,,,,,,,,,,,,
Q5218539,Daniel Ramsay,No ES WP page,,,,,,,,,,,,,,
Q5218584,Daniel Riordan,No ES WP page,,,,,,,,,,,,,,
Q5220119,Danny Barnes,No ES WP page,,,,,,,,,,,,,,
Q5220252,Danny Crates,No ES WP page,,,,,,,,,,,,,,
Q5220396,Danny Gray,No ES WP page,,,,,,,,,,,,,,
Q5220422,Danny Harris,No ES WP page,,,,,,,,,,,,,,
Q5220457,Danny Hurcombe,No ES WP page,,,,,,,,,,,,,,
Q5220506,Danny Kelleher,No ES WP page,,,,,,,,,,,,,,
Q5220548,Danny Lee,No ES WP page,,,,,,,,,,,,,,
Q5220727,Danny Paul,No ES WP page,,,,,,,,,,,,,,
Q5220940,Danny Williams,No ES WP page,,,,,,,,,,,,,,
Q5220946,Danny Wilson,No ES WP page,,,,,,,,,,,,,,
Q5222271,Darby Loudon,No ES WP page,,,,,,,,,,,,,,
Q5222371,Darcy Heeney,No ES WP page,,,,,,,,,,,,,,
Q5222534,Daren O'Leary,No ES WP page,,,,,,,,,,,,,,
Q5222833,Dario Chistolini,No ES WP page,,,,,,,,,,,,,,
Q5224226,Darragh Hurley,No ES WP page,,,,,,,,,,,,,,
Q5224236,Darragh O'Mahony,No ES WP page,,,,,,,,,,,,,,
Q5224249,Darrall Shelford,No ES WP page,,,,,,,,,,,,,,
Q5224748,Darren Allinson,No ES WP page,,,,,,,,,,,,,,
Q5224836,Darren Cave,No ES WP page,,,,,,,,,,,,,,
Q5224868,Darren Daniel,No ES WP page,,,,,,,,,,,,,,
Q5224875,Darren Dawidiuk,No ES WP page,,,,,,,,,,,,,,
Q5224901,Darren Edwards,No ES WP page,,,,,,,,,,,,,,
Q5225068,Darren Molloy,No ES WP page,,,,,,,,,,,,,,
Q5225185,Darren Sweetnam,No ES WP page,,,,,,,,,,,,,,
Q5225221,Darren Waters,No ES WP page,,,,,,,,,,,,,,
Q5225546,Darsie Anderson,No ES WP page,,,,,,,,,,,,,,
Q5228266,Dave Attwood,No ES WP page,,,,,,,,,,,,,,
Q5228415,Dave Brown,No ES WP page,,,,,,,,,,,,,,
Q5228591,Dave Cowper,No ES WP page,,,,,,,,,,,,,,
Q5228658,Dave Dennis,No ES WP page,,,,,,,,,,,,,,
Q5228747,Dave Ewers,No ES WP page,,,,,,,,,,,,,,
Q5228983,Dave Holland,No ES WP page,,,,,,,,,,,,,,
Q5229005,Dave Howie,No ES WP page,,,,,,,,,,,,,,
Q5229190,Dave Lewis,No ES WP page,,,,,,,,,,,,,,
Q5229366,Dave McSharry,No ES WP page,,,,,,,,,,,,,,
Q5229408,Dave Moonlight,No ES WP page,,,,,,,,,,,,,,
Q5229486,Dave O'Callaghan,No ES WP page,,,,,,,,,,,,,,
Q5229656,Dave Rennie,,Dave Rennie,,Dave_Rennie,22 de noviembre de 1963,Lower Hutt,/wiki/Lower_Hutt,,,,185,95,Centro,,Nueva ZelandaNueva Zelanda
Q5229717,Dave Rollitt,No ES WP page,,,,,,,,,,,,,,
Q5229752,Dave Ryan,No ES WP page,,,,,,,,,,,,,,
Q5229797,Dave Scully,No ES WP page,,,,,,,,,,,,,,
Q5229841,Dave Sims,No ES WP page,,,,,,,,,,,,,,
Q5229887,Dave Solomon,No ES WP page,,,,,,,,,,,,,,
Q5230029,Dave Valentine,No ES WP page,,,,,,,,,,,,,,
Q5230326,Davey Cope,No ES WP page,,,,,,,,,,,,,,
Q5230454,David A. Cooke,No ES WP page,,,,,,,,,,,,,,
Q5231257,David Beggy,No ES WP page,,,,,,,,,,,,,,
Q5231283,David Bell,No ES WP page,,,,,,,,,,,,,,
Q5231424,David Bishop,No ES WP page,,,,,,,,,,,,,,
Q5231425,David Bishop,No ES WP page,,,,,,,,,,,,,,
Q5231455,David Blair,No ES WP page,,,,,,,,,,,,,,
Q5231467,David Blaney,No ES WP page,,,,,,,,,,,,,,
Q5231882,David Bulbring,No ES WP page,,,,,,,,,,,,,,
Q5231897,David Burcher,No ES WP page,,,,,,,,,,,,,,
Q5232123,David Campbell,No ES WP page,,,,,,,,,,,,,,
Q5232290,David Changleng,No ES WP page,,,,,,,,,,,,,,
Q5232348,David Chisholm,No ES WP page,,,,,,,,,,,,,,
Q5232394,David Clark,No ES WP page,,,,,,,,,,,,,,
Q5232535,David Cook,No ES WP page,,,,,,,,,,,,,,
Q5232734,David Curtis,,David Curtis,David Michael Curtis,David_Curtis_(rugbista),10 de abril de 1965,Harare,/wiki/Harare,,,,175,80,Centro,,ZimbabueZimbabue
Q5232811,David Daniel,No ES WP page,,,,,,,,,,,,,,
Q5233307,David Egerton,No ES WP page,,,,,,,,,,,,,,
Q5233383,David Emms,No ES WP page,,,,,,,,,,,,,,
Q5233466,David Evans,No ES WP page,,,,,,,,,,,,,,
Q5233468,David Evans,No ES WP page,,,,,,,,,,,,,,
Q5234008,David Gannon,No ES WP page,,,,,,,,,,,,,,
Q5234123,David Gibson,No ES WP page,,,,,,,,,,,,,,
Q5234302,David Graham,No ES WP page,,,,,,,,,,,,,,
Q5234492,David Gwynn,No ES WP page,,,,,,,,,,,,,,
Q5234510,David H. Cooke,No ES WP page,,,,,,,,,,,,,,
Q5234642,David Hall,No ES WP page,,,,,,,,,,,,,,
Q5234749,David Harris,No ES WP page,,,,,,,,,,,,,,
Q5234750,David Harris Davies,No ES WP page,,,,,,,,,,,,,,
Q5234961,David Hewitt,No ES WP page,,,,,,,,,,,,,,
Q5235145,David Horodam,No ES WP page,,,,,,,,,,,,,,
Q5235561,David James,No ES WP page,,,,,,,,,,,,,,
Q5235562,David James,No ES WP page,,,,,,,,,,,,,,
Q5235621,David Jenkins,No ES WP page,,,,,,,,,,,,,,
Q5235622,David Jenkins,No ES WP page,,,,,,,,,,,,,,
Q5235651,David John,No ES WP page,,,,,,,,,,,,,,
Q5235664,David John Hayward,No ES WP page,,,,,,,,,,,,,,
Q5235681,David John Thomas,No ES WP page,,,,,,,,,,,,,,
Q5235746,David Jones,No ES WP page,,,,,,,,,,,,,,
Q5235886,David Kearney,,David Kearney,,David_Kearney,19 de julio de 1989,Dundalk,/wiki/Dundalk,,,,181,02,ala,,República de Irlanda
Q5235997,David Kilcoyne,No ES WP page,,,,,,,,,,,,,,
Q5236379,David Laws,No ES WP page,,,,,,,,,,,,,,
Q5236691,David Llewellyn,No ES WP page,,,,,,,,,,,,,,
Q5236869,David Lyons,No ES WP page,,,,,,,,,,,,,,
Q5236998,David MacKenzie,No ES WP page,,,,,,,,,,,,,,
Q5237034,David Maddocks,No ES WP page,,,,,,,,,,,,,,
Q5237144,David Marques,No ES WP page,,,,,,,,,,,,,,
Q5237209,David Mateus,No ES WP page,,,,,,,,,,,,,,
Q5237334,David McDuling,No ES WP page,,,,,,,,,,,,,,
Q5237416,David McLaren Bain,No ES WP page,,,,,,,,,,,,,,
Q5237458,David McPhail,No ES WP page,,,,,,,,,,,,,,
Q5237594,David Milne,No ES WP page,,,,,,,,,,,,,,
Q5237684,David Moore,No ES WP page,,,,,,,,,,,,,,
Q5237715,David Morgan,No ES WP page,,,,,,,,,,,,,,
Q5237721,David Morgan Evans,No ES WP page,,,,,,,,,,,,,,
Q5237724,David Morgan Jenkins,No ES WP page,,,,,,,,,,,,,,
Q5237764,David Moses,No ES WP page,,,,,,,,,,,,,,
Q5237773,David Mota,No ES WP page,,,,,,,,,,,,,,
Q5238012,David Nicholl,No ES WP page,,,,,,,,,,,,,,
Q5238067,David Nolan,No ES WP page,,,,,,,,,,,,,,
Q5238474,David Pears,No ES WP page,,,,,,,,,,,,,,
Q5238535,David Perry,No ES WP page,,,,,,,,,,,,,,
Q5238564,David Phillips Jones,No ES WP page,,,,,,,,,,,,,,
Q5238568,David Pickering,No ES WP page,,,,,,,,,,,,,,
Q5238639,David Pollock,No ES WP page,,,,,,,,,,,,,,
Q5238683,David Powell,No ES WP page,,,,,,,,,,,,,,
Q5238782,David Quinlan,No ES WP page,,,,,,,,,,,,,,
Q5238872,David Raikuna,No ES WP page,,,,,,,,,,,,,,
Q5238916,David Rathie,No ES WP page,,,,,,,,,,,,,,
Q5239186,David Rollo,No ES WP page,,,,,,,,,,,,,,
Q5239208,David Rose,No ES WP page,,,,,,,,,,,,,,
Q5239655,David Seymour,No ES WP page,,,,,,,,,,,,,,
Q5239702,David Shedden,No ES WP page,,,,,,,,,,,,,,
Q5239725,David Shepherd,No ES WP page,,,,,,,,,,,,,,
Q5239882,David Smith,No ES WP page,,,,,,,,,,,,,,
Q5239883,David Smith,No ES WP page,,,,,,,,,,,,,,
Q5240070,David Stephenson,No ES WP page,,,,,,,,,,,,,,
Q5240199,David Swarbrick,No ES WP page,,,,,,,,,,,,,,
Q5240296,David Te Moana,No ES WP page,,,,,,,,,,,,,,
Q5240483,David Trail,No ES WP page,,,,,,,,,,,,,,
Q5240533,David Turquand-Young,No ES WP page,,,,,,,,,,,,,,
Q5240590,David Vaealiki,No ES WP page,,,,,,,,,,,,,,
Q5240863,David Waterston,No ES WP page,,,,,,,,,,,,,,
Q5240883,David Watts,No ES WP page,,,,,,,,,,,,,,
Q5241114,David William Evans,No ES WP page,,,,,,,,,,,,,,
Q5241152,David Williams,No ES WP page,,,,,,,,,,,,,,
Q5241167,David Willicombe,No ES WP page,,,,,,,,,,,,,,
Q5241562,Davide Giazzon,No ES WP page,,,,,,,,,,,,,,
Q5242072,Davon Raubenheimer,No ES WP page,,,,,,,,,,,,,,
Q5242225,Davy Tweed,No ES WP page,,,,,,,,,,,,,,
Q5242363,Dawie Steyn,No ES WP page,,,,,,,,,,,,,,
Q5242685,Dawson Turner,No ES WP page,,,,,,,,,,,,,,
Q5243809,De-Jay Terblanche,No ES WP page,,,,,,,,,,,,,,
Q5244473,De Kock Steenkamp,No ES WP page,,,,,,,,,,,,,,
Q5246185,Dean Greyling,No ES WP page,,,,,,,,,,,,,,
Q5246448,Dean Ryan,No ES WP page,,,,,,,,,,,,,,
Q5249330,Declan Cusack,No ES WP page,,,,,,,,,,,,,,
Q5249332,Declan Danaher,No ES WP page,,,,,,,,,,,,,,
Q5249340,Declan Fitzpatrick,No ES WP page,,,,,,,,,,,,,,
Q5249378,Declan O'Donnell,No ES WP page,,,,,,,,,,,,,,
Q5255212,Demetri Catrakilis,No ES WP page,,,,,,,,,,,,,,
Q5256580,Denan Kemp,No ES WP page,,,,,,,,,,,,,,
Q5257129,Denis Buckley,No ES WP page,,,,,,,,,,,,,,
Q5257361,Denis Lutge,No ES WP page,,,,,,,,,,,,,,
Q5257371,Denis Majstorović,No ES WP page,,,,,,,,,,,,,,
Q5258234,Dennis Brown,No ES WP page,,,,,,,,,,,,,,
Q5258538,Dennis Hughes,No ES WP page,,,,,,,,,,,,,,
Q5258575,Dennis John,No ES WP page,,,,,,,,,,,,,,
Q5259043,Dennis Walger,No ES WP page,,,,,,,,,,,,,,
Q5259850,Denys Dobson,No stint found,Denys Dobson,,Denys_Dobson,28 de octubre de 1880,,,10 de julio de 1916,Ngama (,,,,,,
Q5260001,Deon Fourie,No ES WP page,,,,,,,,,,,,,,
Q5260002,Deon Helberg,No ES WP page,,,,,,,,,,,,,,
Q5260008,Deon Oosthuysen,No ES WP page,,,,,,,,,,,,,,
Q5260011,Deon Scholtz,No ES WP page,,,,,,,,,,,,,,
Q5260013,Deon Stegmann,No ES WP page,,,,,,,,,,,,,,
Q5260018,Deon van Rensburg,No ES WP page,,,,,,,,,,,,,,
Q5261777,Derek Arnold,No ES WP page,,,,,,,,,,,,,,
Q5262063,Derek Howes,No ES WP page,,,,,,,,,,,,,,
Q5262465,Derek Williams,No ES WP page,,,,,,,,,,,,,,
Q5262483,Derek Wyatt,No ES WP page,,,,,,,,,,,,,,
Q5262579,Derick Minnie,No ES WP page,,,,,,,,,,,,,,
Q5263051,Derrick Lee,No ES WP page,,,,,,,,,,,,,,
Q5263378,Derwyn Jones,No ES WP page,,,,,,,,,,,,,,
Q5263418,Des Bannon,No ES WP page,,,,,,,,,,,,,,
Q5263436,Des Case,No ES WP page,,,,,,,,,,,,,,
Q5263554,Des Sinclair,No ES WP page,,,,,,,,,,,,,,
Q5266437,Devaka Fernando,No ES WP page,,,,,,,,,,,,,,
Q5267512,Devin Oosthuizen,No ES WP page,,,,,,,,,,,,,,
Q5267522,Devin Toner,No ES WP page,,,,,,,,,,,,,,
Q5268030,Dewald Pieters,No ES WP page,,,,,,,,,,,,,,
Q5268033,Dewald Pretorius,No ES WP page,,,,,,,,,,,,,,
Q5268037,Dewaldt Duvenage,No ES WP page,,,,,,,,,,,,,,
Q5272333,Diccon Edwards,No ES WP page,,,,,,,,,,,,,,
Q5272670,Dick Best,No ES WP page,,,,,,,,,,,,,,
Q5272791,Dick Cowman,No ES WP page,,,,,,,,,,,,,,
Q5273043,Dick Huxtable,No ES WP page,,,,,,,,,,,,,,
Q5273081,Dick Kedzlie,No ES WP page,,,,,,,,,,,,,,
Q5273218,Dick Motz,No ES WP page,,,,,,,,,,,,,,
Q5273406,Dick Stafford,No ES WP page,,,,,,,,,,,,,,
Q5273464,Dick Tooth,No ES WP page,,,,,,,,,,,,,,
Q5273495,Dick Uren,No ES WP page,,,,,,,,,,,,,,
Q5273682,Dickie David,No ES WP page,,,,,,,,,,,,,,
Q5273699,Dickie Lloyd,No ES WP page,,,,,,,,,,,,,,
Q5273709,Dickie Williams,No ES WP page,,,,,,,,,,,,,,
Q5273850,Dicky Ralph,No ES WP page,,,,,,,,,,,,,,
Q5275153,Dietlof Maré,No ES WP page,,,,,,,,,,,,,,
Q5277723,Dimmy Franks,No ES WP page,,,,,,,,,,,,,,
Q5279192,Diogo Coutinho,No ES WP page,,,,,,,,,,,,,,
Q5279264,Dion Bates,No ES WP page,,,,,,,,,,,,,,
Q5279300,Dion Waller,No ES WP page,,,,,,,,,,,,,,
Q5280839,Dirk Kuhnen,No ES WP page,,,,,,,,,,,,,,
Q5289697,Dolway Walkington,No ES WP page,,,,,,,,,,,,,,
Q5289755,Dom Shipperley,No ES WP page,,,,,,,,,,,,,,
Q5290055,Domenick Davies,No ES WP page,,,,,,,,,,,,,,
Q5290378,Domingo Kamonga,No ES WP page,,,,,,,,,,,,,,
Q5290466,Dominic Bird,No ES WP page,,,,,,,,,,,,,,
Q5290495,Dominic Chapman,No ES WP page,,,,,,,,,,,,,,
Q5290509,Dominic Crotty,No ES WP page,,,,,,,,,,,,,,
Q5290516,Dominic Day,No ES WP page,,,,,,,,,,,,,,
Q5290640,Dominic Ryan,No ES WP page,,,,,,,,,,,,,,
Q5291007,Dominiko Waqaniburotu,No ES WP page,,,,,,,,,,,,,,
Q5292168,Don Armand,No ES WP page,,,,,,,,,,,,,,
Q5292513,Don Devereux,No ES WP page,,,,,,,,,,,,,,
Q5292649,Don Furness,No ES WP page,,,,,,,,,,,,,,
Q5292760,Don Hayward,No ES WP page,,,,,,,,,,,,,,
Q5293014,Don Logan,No ES WP page,,,,,,,,,,,,,,
Q5293606,Don Telford,No ES WP page,,,,,,,,,,,,,,
Q5294013,Donald Barrell,No ES WP page,,,,,,,,,,,,,,
Q5294092,Donald Bull,No ES WP page,,,,,,,,,,,,,,
Q5294135,Donald Cameron,No ES WP page,,,,,,,,,,,,,,
Q5294137,Donald Cameron,No ES WP page,,,,,,,,,,,,,,
Q5294175,Donald Cobden,No ES WP page,,,,,,,,,,,,,,
Q5294449,Donald Gullick,No ES WP page,,,,,,,,,,,,,,
Q5294614,Donald Jowett,No ES WP page,,,,,,,,,,,,,,
Q5294743,Donald MacDonald,No ES WP page,,,,,,,,,,,,,,
Q5294756,Donald MacMillan,No ES WP page,,,,,,,,,,,,,,
Q5294879,Donald Metcalfe,No ES WP page,,,,,,,,,,,,,,
Q5295163,Donald Sloan,No ES WP page,,,,,,,,,,,,,,
Q5295244,Donald Vines,No ES WP page,,,,,,,,,,,,,,
Q5295291,Donald Watt,No ES WP page,,,,,,,,,,,,,,
Q5297003,Dooee Tanner,No ES WP page,,,,,,,,,,,,,,
Q5297346,Doppies la Grange,No ES WP page,,,,,,,,,,,,,,
Q5300266,Doug Baker,No ES WP page,,,,,,,,,,,,,,
Q5300734,"Doug McLean, Jnr.",No ES WP page,,,,,,,,,,,,,,
Q5300735,"Doug McLean, Sr.",No ES WP page,,,,,,,,,,,,,,
Q5300818,Doug Phillips,No ES WP page,,,,,,,,,,,,,,
Q5300961,Doug Tietjens,No ES WP page,,,,,,,,,,,,,,
Q5301125,Dougie Fife,No ES WP page,,,,,,,,,,,,,,
Q5301131,Dougie McGregor,No ES WP page,,,,,,,,,,,,,,
Q5301477,Douglas Flockhart,No ES WP page,,,,,,,,,,,,,,
Q5301679,Douglas Anthony Kendrew,No ES WP page,,,,,,,,,,,,,,
Q5301779,Douglas Marsden-Jones,No ES WP page,,,,,,,,,,,,,,
Q5301823,Douglas Monypenny,No ES WP page,,,,,,,,,,,,,,
Q5301859,Douglas Osborne,No ES WP page,,,,,,,,,,,,,,
Q5307193,Drew Hickey,No ES WP page,,,,,,,,,,,,,,
Q5307220,Drew Locke,No ES WP page,,,,,,,,,,,,,,
Q5307294,Drew Turnbull,No ES WP page,,,,,,,,,,,,,,
Q5309222,Drummond Ford,No ES WP page,,,,,,,,,,,,,,
Q5310335,Duane Goodfield,No ES WP page,,,,,,,,,,,,,,
Q5310394,Duane Vermeulen,,Duane Vermeulen,Daniel Johannes Vermeulen,Duane_Vermeulen,3 de julio de 1986,Nelspruit,/wiki/Nelspruit,,,,193,117,Octavo,,Sudáfrica
Q5310426,Duarte Figueiredo,No ES WP page,,,,,,,,,,,,,,
Q5311993,Dudley Suttor,No ES WP page,,,,,,,,,,,,,,
Q5313829,Dumisani Matyeshana,No ES WP page,,,,,,,,,,,,,,
Q5314269,Duncan Bell,No ES WP page,,,,,,,,,,,,,,
Q5314320,Duncan Cumming,No ES WP page,,,,,,,,,,,,,,
Q5314352,Duncan Fowles,No ES WP page,,,,,,,,,,,,,,
Q5314398,Duncan Irvine,No ES WP page,,,,,,,,,,,,,,
Q5314454,Duncan MacGregor,No ES WP page,,,,,,,,,,,,,,
Q5314561,Duncan Paterson,No ES WP page,,,,,,,,,,,,,,
Q5314649,Duncan Weir,,Duncan Weir,,Duncan_Weir,10 de mayo de 1991,Rutherglen,/wiki/Rutherglen,,,,172,91,Apertura,,Reino Unido
Q5314654,Duncan Williams,No ES WP page,,,,,,,,,,,,,,
Q5315453,Dunlop McCosh Cunningham,No ES WP page,,,,,,,,,,,,,,
Q5317086,Dustin Cooper,No ES WP page,,,,,,,,,,,,,,
Q5317198,Dusty Noble,No ES WP page,,,,,,,,,,,,,,
Q5318033,Dwayne Sweeney,No ES WP page,,,,,,,,,,,,,,
Q5318756,Dylan O'Grady,No ES WP page,,,,,,,,,,,,,,
Q5319196,Dyne Fenton Smith,No ES WP page,,,,,,,,,,,,,,
Q5319504,Dyson Wilson,No ES WP page,,,,,,,,,,,,,,
Q5321951,E. J. Jones,No ES WP page,,,,,,,,,,,,,,
Q5326068,Earl Rose,No ES WP page,,,,,,,,,,,,,,
Q5331605,Eben Joubert,No ES WP page,,,,,,,,,,,,,,
Q5334530,Ed Barnes,No ES WP page,,,,,,,,,,,,,,
Q5334828,Ed Fry,No ES WP page,,,,,,,,,,,,,,
Q5334993,Ed Jenkins,No ES WP page,,,,,,,,,,,,,,
Q5335008,Ed Kalman,No ES WP page,,,,,,,,,,,,,,
Q5335233,Ed O'Donoghue,No ES WP page,,,,,,,,,,,,,,
Q5335299,Ed Quirk,No ES WP page,,,,,,,,,,,,,,
Q5335340,Ed Rolston,No ES WP page,,,,,,,,,,,,,,
Q5335402,Ed Shervington,No ES WP page,,,,,,,,,,,,,,
Q5335414,Ed Slater,No ES WP page,,,,,,,,,,,,,,
Q5335464,Ed Stubbs,No ES WP page,,,,,,,,,,,,,,
Q5335588,Ed Williamson,No ES WP page,,,,,,,,,,,,,,
Q5335755,Edd Thrower,No ES WP page,,,,,,,,,,,,,,
Q5335802,Eddie Aholelei,No ES WP page,,,,,,,,,,,,,,
Q5335805,Eddie Aila,No ES WP page,,,,,,,,,,,,,,
Q5335880,Eddie Broad,No ES WP page,,,,,,,,,,,,,,
Q5336040,Eddie Fredericks,No ES WP page,,,,,,,,,,,,,,
Q5336097,Eddie Halvey,No ES WP page,,,,,,,,,,,,,,
Q5336328,Eddie Morgan,No ES WP page,,,,,,,,,,,,,,
Q5336379,Eddie Paea,No ES WP page,,,,,,,,,,,,,,
Q5336422,Eddie Purkiss,No ES WP page,,,,,,,,,,,,,,
Q5336508,Eddie Stapleton,No ES WP page,,,,,,,,,,,,,,
Q5336537,Eddie Thompson,No ES WP page,,,,,,,,,,,,,,
Q5336559,Eddie Watkins,No ES WP page,,,,,,,,,,,,,,
Q5336886,Eden Love,No ES WP page,,,,,,,,,,,,,,
Q5337040,Ederies Arendse,No ES WP page,,,,,,,,,,,,,,
Q5337115,Edgar Babou,No ES WP page,,,,,,,,,,,,,,
Q5337138,Edgar Bonham-Carter,No ES WP page,,,,,,,,,,,,,,
Q5337225,Edgar Elliot,No ES WP page,,,,,,,,,,,,,,
Q5337290,Edgar Holmes,No ES WP page,,,,,,,,,,,,,,
Q5337317,Edgar Jones,No ES WP page,,,,,,,,,,,,,,
Q5337367,Edgar Marutlulle,No ES WP page,,,,,,,,,,,,,,
Q5337379,Edgar Mobbs,No ES WP page,,,,,,,,,,,,,,
Q5337384,Edgar Morgan,No ES WP page,,,,,,,,,,,,,,
Q5337386,Edgar Morgan,No ES WP page,,,,,,,,,,,,,,
Q5337515,Edgar Wilkinson,No ES WP page,,,,,,,,,,,,,,
Q5337531,Edgar Wrigley,No ES WP page,,,,,,,,,,,,,,
Q5339219,Edmoore Takaendesa,No ES WP page,,,,,,,,,,,,,,
Q5339288,Edmund Beswick,No ES WP page,,,,,,,,,,,,,,
Q5340156,Edoardo Candiago,No ES WP page,,,,,,,,,,,,,,
Q5340363,Eduan van der Walt,No ES WP page,,,,,,,,,,,,,,
Q5341719,Edward Baird,No ES WP page,,,,,,,,,,,,,,
Q5341751,Edward Bannerman,No ES WP page,,,,,,,,,,,,,,
Q5341784,Edward Barrett,No ES WP page,,,,,,,,,,,,,,
Q5341825,Edward Beadon Turner,No ES WP page,,,,,,,,,,,,,,
Q5341900,Edward Bishop,No ES WP page,,,,,,,,,,,,,,
Q5342023,Edward Bromet,No ES WP page,,,,,,,,,,,,,,
Q5342063,Edward Bullough,No ES WP page,,,,,,,,,,,,,,
Q5342452,Edward Crean,No ES WP page,,,,,,,,,,,,,,
Q5342952,Edward Forbes Walker,No ES WP page,,,,,,,,,,,,,,
Q5343598,Edward Innes Pocock,No ES WP page,,,,,,,,,,,,,,
Q5343701,Edward J Kavanagh,No ES WP page,,,,,,,,,,,,,,
Q5343788,Edward John Lewis,No ES WP page,,,,,,,,,,,,,,
Q5343971,Edward Knowles,No ES WP page,,,,,,,,,,,,,,
Q5344155,Edward Little,No ES WP page,,,,,,,,,,,,,,
Q5344315,Edward Mandible,No ES WP page,,,,,,,,,,,,,,
Q5344470,Edward Millton,No ES WP page,,,,,,,,,,,,,,
Q5344615,Edward Newman Fuller,No ES WP page,,,,,,,,,,,,,,
Q5344713,Edward Owen,No ES WP page,,,,,,,,,,,,,,
Q5344807,Edward Pegge,No ES WP page,,,,,,,,,,,,,,
Q5344829,Edward Perkins Alexander,No ES WP page,,,,,,,,,,,,,,
Q5344832,Edward Perrott,No ES WP page,,,,,,,,,,,,,,
Q5345104,Edward Rombo,No ES WP page,,,,,,,,,,,,,,
Q5345117,Edward Ross,No ES WP page,,,,,,,,,,,,,,
Q5345262,Edward Scott,No ES WP page,,,,,,,,,,,,,,
Q5345328,Edward Siggery,No ES WP page,,,,,,,,,,,,,,
Q5345562,Edward Taylor,No ES WP page,,,,,,,,,,,,,,
Q5345568,Edward Temple Gurdon,No ES WP page,,,,,,,,,,,,,,
Q5345674,Edward Tyne,No ES WP page,,,,,,,,,,,,,,
Q5346309,Edwin Cocker,No ES WP page,,,,,,,,,,,,,,
Q5346347,Edwin Davy,No ES WP page,,,,,,,,,,,,,,
Q5346514,Edwin Hewitt,No ES WP page,,,,,,,,,,,,,,
Q5346653,Edwin Mayfield,No ES WP page,,,,,,,,,,,,,,
Q5346868,Edwin Thomas Maynard,No ES WP page,,,,,,,,,,,,,,
Q5346920,Edwin Williams,No ES WP page,,,,,,,,,,,,,,
Q5349836,Eion Crossan,No ES WP page,,,,,,,,,,,,,,
Q5353425,Elandré Huggett,No ES WP page,,,,,,,,,,,,,,
Q5359971,Elgar Watts,No ES WP page,,,,,,,,,,,,,,
Q5360339,Eli Walker,No ES WP page,,,,,,,,,,,,,,
Q5365477,Elliot Dixon,No ES WP page,,,,,,,,,,,,,,
Q5365540,Elliot Nicholson,No ES WP page,,,,,,,,,,,,,,
Q5365732,Elliott Stooke,No ES WP page,,,,,,,,,,,,,,
Q5367852,Elton Jantjies,,Elton Jantjies,Elton Thomas Jantjies,Elton_Jantjies,1 de agosto de 1990,Graaff-Reinet,/wiki/Graaff-Reinet,,,,176,86,Apertura,,Sudáfrica
Q5368039,Elvet Jones,No ES WP page,,,,,,,,,,,,,,
Q5368244,Elvis Taione,No ES WP page,,,,,,,,,,,,,,
Q5368370,Elwyn Gwyther,No ES WP page,,,,,,,,,,,,,,
Q5371478,Emil Vartazarian,No ES WP page,,,,,,,,,,,,,,
Q5371608,Emile de Lissa,No ES WP page,,,,,,,,,,,,,,
Q5372673,Emlyn Davies,No ES WP page,,,,,,,,,,,,,,
Q5372676,Emlyn Gwynne,No ES WP page,,,,,,,,,,,,,,
Q5372680,Emlyn Jenkins,No ES WP page,,,,,,,,,,,,,,
Q5372684,Emlyn Walters,No ES WP page,,,,,,,,,,,,,,
Q5372687,Emlyn Watkins,No ES WP page,,,,,,,,,,,,,,
Q5373476,Emmet Byrne,No ES WP page,,,,,,,,,,,,,,
Q5373739,Emosi Kauhenga,No ES WP page,,,,,,,,,,,,,,
Q5373740,Emosi Koloto,No ES WP page,,,,,,,,,,,,,,
Q5373742,Emosi Vucago,No ES WP page,,,,,,,,,,,,,,
Q5374801,Emrys Evans,No ES WP page,,,,,,,,,,,,,,
Q5374908,Emyr Phillips,No ES WP page,,,,,,,,,,,,,,
Q5376735,Enele Taufa,No ES WP page,,,,,,,,,,,,,,
Q5378833,Eni Gesinde,No ES WP page,,,,,,,,,,,,,,
Q5379522,Enrico Acker,No ES WP page,,,,,,,,,,,,,,
Q5381675,Eoghan Grace,No ES WP page,,,,,,,,,,,,,,
Q5381677,Eoghan Hickey,No ES WP page,,,,,,,,,,,,,,
Q5381719,Eoin Griffin,No ES WP page,,,,,,,,,,,,,,
Q5381729,Eoin McKeon,No ES WP page,,,,,,,,,,,,,,
Q5381739,Eoin O'Malley,No ES WP page,,,,,,,,,,,,,,
Q5382093,Epeli Ruivadra,No ES WP page,,,,,,,,,,,,,,
Q5386047,Eric Arthur Cleugh,No ES WP page,,,,,,,,,,,,,,
Q5386086,Eric Bardsley,No ES WP page,,,,,,,,,,,,,,
Q5386360,Eric Davis,No ES WP page,,,,,,,,,,,,,,
Q5386384,Eric Dore,No ES WP page,,,,,,,,,,,,,,
Q5386403,Eric Dunn,No ES WP page,,,,,,,,,,,,,,
Q5386454,Eric Evans,No ES WP page,,,,,,,,,,,,,,
Q5386501,Eric Ford,No ES WP page,,,,,,,,,,,,,,
Q5386515,Eric Francis,No ES WP page,,,,,,,,,,,,,,
Q5386535,Eric Fry,No ES WP page,,,,,,,,,,,,,,
Q5386768,Eric Hutchinson,No ES WP page,,,,,,,,,,,,,,
Q5386991,Eric Loudoun-Shand,No ES WP page,,,,,,,,,,,,,,
Q5387108,Eric Milroy,No ES WP page,,,,,,,,,,,,,,
Q5387524,Eric Sione,No ES WP page,,,,,,,,,,,,,,
Q5387616,Eric Templeton Young,No ES WP page,,,,,,,,,,,,,,
Q5387634,Eric Tindall,No ES WP page,,,,,,,,,,,,,,
Q5387737,Eric Whiteley,No ES WP page,,,,,,,,,,,,,,
Q5392857,Ernest Button,No ES WP page,,,,,,,,,,,,,,
Q5392901,Ernest Cheston,No ES WP page,,,,,,,,,,,,,,
Q5392941,Ernest Currie,No ES WP page,,,,,,,,,,,,,,
Q5392958,Ernest Deane,No ES WP page,,,,,,,,,,,,,,
Q5393070,Ernest Fookes,No ES WP page,,,,,,,,,,,,,,
Q5393399,Ernest Knapman,No ES WP page,,,,,,,,,,,,,,
Q5393758,Ernest Rowland,No ES WP page,,,,,,,,,,,,,,
Q5393853,Ernest Still,No ES WP page,,,,,,,,,,,,,,
Q5393880,Ernest Taylor,No ES WP page,,,,,,,,,,,,,,
Q5394007,Ernest William Roberts,No ES WP page,,,,,,,,,,,,,,
Q5394036,Ernest Woodhead,No ES WP page,,,,,,,,,,,,,,
Q5394339,Ernie Asher,No ES WP page,,,,,,,,,,,,,,
Q5394365,Ernie Booth,No ES WP page,,,,,,,,,,,,,,
Q5394403,Ernie Carr,No ES WP page,,,,,,,,,,,,,,
Q5394440,Ernie Crawford,No ES WP page,,,,,,,,,,,,,,
Q5394472,Ernie Finch,No ES WP page,,,,,,,,,,,,,,
Q5394482,Ernie George,No ES WP page,,,,,,,,,,,,,,
Q5394529,Ernie Hills,No ES WP page,,,,,,,,,,,,,,
Q5394553,Ernie Jenkins,No ES WP page,,,,,,,,,,,,,,
Q5394632,Ernie Michie,No ES WP page,,,,,,,,,,,,,,
Q5394700,Ernie Reid,No ES WP page,,,,,,,,,,,,,,
Q5394705,Ernie Ritchie,No ES WP page,,,,,,,,,,,,,,
Q5394805,Jamie Hendrie,No ES WP page,,,,,,,,,,,,,,
Q5395054,Ernst Joubert,No ES WP page,,,,,,,,,,,,,,
Q5395519,Errie Claassens,No ES WP page,,,,,,,,,,,,,,
Q5395557,Errol Brain,No ES WP page,,,,,,,,,,,,,,
Q5395631,Errol Stewart,No ES WP page,,,,,,,,,,,,,,
Q5395940,Eruera Te Whiti o Rongomai Love,No ES WP page,,,,,,,,,,,,,,
Q5396711,Esala Teleni,No ES WP page,,,,,,,,,,,,,,
Q5398568,Esmond Martelli,No ES WP page,,,,,,,,,,,,,,
Q5398573,Esmond Parkinson,No ES WP page,,,,,,,,,,,,,,
Q5403496,Ethienne Reynecke,No ES WP page,,,,,,,,,,,,,,
Q5405012,Ettiene Smit,No ES WP page,,,,,,,,,,,,,,
Q5406903,Eugen Căpățână,No ES WP page,,,,,,,,,,,,,,
Q5407091,Eugene Butterworth,No ES WP page,,,,,,,,,,,,,,
Q5407395,Yevgeny Klebanov,No ES WP page,,,,,,,,,,,,,,
Q5407466,Eugene Luther Vidal,No ES WP page,,,,,,,,,,,,,,
Q5407520,Eugene McGovern,No ES WP page,,,,,,,,,,,,,,
Q5414310,Eustace North,No ES WP page,,,,,,,,,,,,,,
Q5415351,Evan Crawford,No ES WP page,,,,,,,,,,,,,,
Q5415361,Evan Davies,No ES WP page,,,,,,,,,,,,,,
Q5415435,Evan James,No ES WP page,,,,,,,,,,,,,,
Q5415464,Evan Lloyd,No ES WP page,,,,,,,,,,,,,,
Q5415519,Evan Rees,No ES WP page,,,,,,,,,,,,,,
Q5415523,Evan Richards,No ES WP page,,,,,,,,,,,,,,
Q5415528,Evan Roberts,No ES WP page,,,,,,,,,,,,,,
Q5415565,Evan Watkins,No ES WP page,,,,,,,,,,,,,,
Q5415574,Evan Williams,No infobox found,,,Evan_Williams_(rugbista),,,,,,,,,,,
Q5418903,Ewan Davies,No ES WP page,,,,,,,,,,,,,,
Q5418905,Ewan Dowes,No ES WP page,,,,,,,,,,,,,,
Q5422952,Eynon Hawkins,No ES WP page,,,,,,,,,,,,,,
Q5423222,Ezequiel Jurado,,Ezequiel Jurado,,Ezequiel_Jurado,17 de abril de 1973,Rosario,/wiki/Rosario_(Argentina),,,,185,90,Fullback,,Argentina
Q5423422,Ezra Taylor,No ES WP page,,,,,,,,,,,,,,
Q5427627,"Fabian ""Fabe"" McCarthy",No ES WP page,,,,,,,,,,,,,,
Q5427647,Fabian Heimpel,No ES WP page,,,,,,,,,,,,,,
Q5427651,Fabian Juries,No ES WP page,,,,,,,,,,,,,,
Q5427875,Fabio da Silva Lopes,No ES WP page,,,,,,,,,,,,,,
Q5429649,Faifili Levave,No ES WP page,,,,,,,,,,,,,,
Q5431837,Fale Simitaitoko,No stint found,Bad Luck Fale,,Bad_Luck_Fale,8 de enero de 1982,,,,,,,132,,,
Q5433818,Fangatapu Apikotoa,No ES WP page,,,,,,,,,,,,,,
Q5437250,Fata Sini,No ES WP page,,,,,,,,,,,,,,
Q5439275,Fe'ao Vunipola,No ES WP page,,,,,,,,,,,,,,
Q5442242,Felix Jones,No ES WP page,,,,,,,,,,,,,,
Q5442372,Felix du Plessis,No ES WP page,,,,,,,,,,,,,,
Q5445018,Fernando del Castillo,No ES WP page,,,,,,,,,,,,,,
Q5445997,Fetu'u Vainikolo,,Fetu’u Vainikolo,Fetu'u Moana Vainikolo,Fetu%27u_Vainikolo,30 de enero de 1985,Tofoa,/wiki/Tofoa,,,,182,95,ala,,Tonga
Q5447418,Fifita Mounga,No ES WP page,,,,,,,,,,,,,,
Q5448417,Fili Seru,No ES WP page,,,,,,,,,,,,,,
Q5449188,Filo Paulo,No ES WP page,,,,,,,,,,,,,,
Q5450532,Finlay Gillies,No ES WP page,,,,,,,,,,,,,,
Q5450535,Finlay Jackson,No ES WP page,,,,,,,,,,,,,,
Q5451138,Fionn Carr,No ES WP page,,,,,,,,,,,,,,
Q5454431,Fischer Watson,No ES WP page,,,,,,,,,,,,,,
Q5459680,Flip van der Merwe,No ES WP page,,,,,,,,,,,,,,
Q5464240,Folau Niua,No ES WP page,,,,,,,,,,,,,,
Q5473347,Fosi Pala'amo,No ES WP page,,,,,,,,,,,,,,
Q5477623,Frae Wilson,No ES WP page,,,,,,,,,,,,,,
Q5478656,Andrea Pratichetti,No ES WP page,,,,,,,,,,,,,,
Q5480348,Francis Browning,No ES WP page,,,,,,,,,,,,,,
Q5480355,Francis Bryant,No ES WP page,,,,,,,,,,,,,,
Q5480743,Francis Dods,No ES WP page,,,,,,,,,,,,,,
Q5480933,Francis Finley,No ES WP page,,,,,,,,,,,,,,
Q5481154,Francis Gregory,No ES WP page,,,,,,,,,,,,,,
Q5481351,Francis Hugh Fox,No ES WP page,,,,,,,,,,,,,,
Q5481400,Francis Isherwood,No ES WP page,,,,,,,,,,,,,,
Q5481780,Francis Luscombe,No ES WP page,,,,,,,,,,,,,,
Q5481940,Francis Moncreiff,No ES WP page,,,,,,,,,,,,,,
Q5482378,Francis Saili,No ES WP page,,,,,,,,,,,,,,
Q5482511,Francis Stone,No ES WP page,,,,,,,,,,,,,,
Q5482912,Francis d'Aguilar,No ES WP page,,,,,,,,,,,,,,
Q5483080,Francisco Albarracín,No ES WP page,,,,,,,,,,,,,,
Q5483396,Francisco García,No ES WP page,,,,,,,,,,,,,,
Q5483434,Francisco Gómez Kodela,No stint found,Francisco Gómez Kodela,,Francisco_G%C3%B3mez_Kodela,3 de julio de 1985,Buenos Aires,/wiki/Buenos_Aires,,,,184,120,Pilar,,argentina
Q5484425,Franck Moutsinga,No ES WP page,,,,,,,,,,,,,,
Q5484572,Franco Marais,No ES WP page,,,,,,,,,,,,,,
Q5484584,Franco Mostert,,Franco Mostert,Francois John Mostert,Franco_Mostert,27 de noviembre de 1990,Welkom,/wiki/Welkom,,,,198,112,Segunda línea,,Sudáfrica
Q5484634,Francois Brummer,No ES WP page,,,,,,,,,,,,,,
Q5484650,Francois Kleinhans,No ES WP page,,,,,,,,,,,,,,
Q5484677,Francois Venter,No ES WP page,,,,,,,,,,,,,,
Q5484684,Faf de Klerk,,Faf de Klerk,François de Klerk,Faf_de_Klerk,19 de octubre de 1991,Nelspruit,/wiki/Nelspruit,,,,172,88,Medio scrum,,Sudáfrica
Q5485025,Frank Andrews,No ES WP page,,,,,,,,,,,,,,
Q5485328,Frank Bingham,No ES WP page,,,,,,,,,,,,,,
Q5485436,Frank Boylen,No ES WP page,,,,,,,,,,,,,,
Q5485720,Frank Castle,No ES WP page,,,,,,,,,,,,,,
Q5486506,Frank Evans,No ES WP page,,,,,,,,,,,,,,
Q5486721,Frank Futter,No ES WP page,,,,,,,,,,,,,,
Q5486902,Frank Gordon,No ES WP page,,,,,,,,,,,,,,
Q5486990,Frank Guthrie,No ES WP page,,,,,,,,,,,,,,
Q5487066,Frank Halai,No ES WP page,,,,,,,,,,,,,,
Q5487081,Frank Hamilton,No ES WP page,,,,,,,,,,,,,,
Q5487087,Frank Handford,No ES WP page,,,,,,,,,,,,,,
Q5487225,Frank Herne,No ES WP page,,,,,,,,,,,,,,
Q5488395,Frank Mellish,No ES WP page,,,,,,,,,,,,,,
Q5488675,Frank Nicholson,No ES WP page,,,,,,,,,,,,,,
Q5488823,Frank Osmond,No ES WP page,,,,,,,,,,,,,,
Q5489175,Frank Reginald Adams,No ES WP page,,,,,,,,,,,,,,
Q5489284,Frank Row,No ES WP page,,,,,,,,,,,,,,
Q5489556,Frank Shugars,No ES WP page,,,,,,,,,,,,,,
Q5489769,Frank Stephens,No ES WP page,,,,,,,,,,,,,,
Q5489815,Frank Stout,No ES WP page,,,,,,,,,,,,,,
Q5489975,Frank Tobin,No ES WP page,,,,,,,,,,,,,,
Q5490242,Frank Waters,No ES WP page,,,,,,,,,,,,,,
Q5490324,Frank Whitcombe,No ES WP page,,,,,,,,,,,,,,
Q5490337,Frank Whitcombe Jr,No ES WP page,,,,,,,,,,,,,,
Q5490389,Frank Williams,No ES WP page,,,,,,,,,,,,,,
Q5490423,Frank Wilson,No stint found,Frank Wilson,,Frank_Wilson_(rugby),5 de abril de 1944,Cardiff,/wiki/Cardiff,27 de diciembre de 2024,,,,,AlaCentroStand-off,,GalesGales
Q5490493,Frank Wrentmore,No ES WP page,,,,,,,,,,,,,,
Q5490537,Frank Young,No ES WP page,,,,,,,,,,,,,,
Q5492374,Frans Malherbe,,Frans Malherbe,Jozua Francois Malherbe,Frans_Malherbe,14 de marzo de 1991,Paarl,/wiki/Paarl,,,,190,143,pilar,,Sudáfrica
Q5492427,Frans ten Bos,No ES WP page,,,,,,,,,,,,,,
Q5493562,Fraser Anderson,No ES WP page,,,,,,,,,,,,,,
Q5493638,Fraser McKenzie,No ES WP page,,,,,,,,,,,,,,
Q5494430,Fred Alexander,No ES WP page,,,,,,,,,,,,,,
Q5494458,Fred Andrews,No ES WP page,,,,,,,,,,,,,,
Q5494638,Fred Birt,No ES WP page,,,,,,,,,,,,,,
Q5494660,Fred Bonsor,No ES WP page,,,,,,,,,,,,,,
Q5494893,Fred Cornish,No ES WP page,,,,,,,,,,,,,,
Q5495530,Fred Hutchinson,No ES WP page,,,,,,,,,,,,,,
Q5495622,Fred Jowett,No ES WP page,,,,,,,,,,,,,,
Q5496000,Fred Nicholson,No ES WP page,,,,,,,,,,,,,,
Q5496060,Fred Perrett,No ES WP page,,,,,,,,,,,,,,
Q5496211,Fred Samuel,No ES WP page,,,,,,,,,,,,,,
Q5496305,Fred Smollan,No ES WP page,,,,,,,,,,,,,,
Q5496401,Fred Thompson,No ES WP page,,,,,,,,,,,,,,
Q5496587,Fred Wood,No ES WP page,,,,,,,,,,,,,,
Q5496693,Freddie Brooks,No ES WP page,,,,,,,,,,,,,,
Q5497366,Frederick Belson,No ES WP page,,,,,,,,,,,,,,
Q5497610,Frederick Currey,No ES WP page,,,,,,,,,,,,,,
Q5497766,Frederick Firth,No ES WP page,,,,,,,,,,,,,,
Q5497868,Frederick Goodhue,No ES WP page,,,,,,,,,,,,,,
Q5497961,Frederick Harding Turner,No ES WP page,,,,,,,,,,,,,,
Q5498030,Frederick Higginson,No ES WP page,,,,,,,,,,,,,,
Q5498304,Frederick Lowrie,No ES WP page,,,,,,,,,,,,,,
Q5498353,Frederick Margrave,No ES WP page,,,,,,,,,,,,,,
Q5498409,Frederick Mills,No ES WP page,,,,,,,,,,,,,,
Q5498745,Frederick Smithwick,No ES WP page,,,,,,,,,,,,,,
Q5498864,Frederick Timbury,No ES WP page,,,,,,,,,,,,,,
Q5498869,Frederick Toone,No ES WP page,,,,,,,,,,,,,,
Q5498928,Frederick Vorrath,No ES WP page,,,,,,,,,,,,,,
Q5503879,Friedrich Michau,No ES WP page,,,,,,,,,,,,,,
Q5504557,Frik Kirsten,No ES WP page,,,,,,,,,,,,,,
Q5504559,Frikkie Spies,No ES WP page,,,,,,,,,,,,,,
Q5504964,Fritz Lee,No ES WP page,,,,,,,,,,,,,,
Q5506249,Froude Hancock,No ES WP page,,,,,,,,,,,,,,
Q5507064,Fudge Mabeta,No ES WP page,,,,,,,,,,,,,,
Q5508557,Fumiaki Tanaka,,Fumiaki Tanaka,,Fumiaki_Tanaka,3 de enero de 1985,Kioto,/wiki/Kioto,,,,166,72,Medio de melé,,Japón
Q5511982,G.A.M. Isherwood,No ES WP page,,,,,,,,,,,,,,
Q5512417,G. R. Symes,No ES WP page,,,,,,,,,,,,,,
Q5512446,G. S. Brown,No ES WP page,,,,,,,,,,,,,,
Q5515582,Gabriel Conache,No ES WP page,,,,,,,,,,,,,,
Q5516587,Gael Tallec,No ES WP page,,,,,,,,,,,,,,
Q5522780,Gareth Anscombe,,Gareth Anscombe,Gareth William Anscombe,Gareth_Anscombe,10 de mayo de 1991,Auckland,/wiki/Auckland,,,,183,80,Apertura,,Nueva ZelandaNueva Zelanda
Q5522787,Gareth Baber,No ES WP page,,,,,,,,,,,,,,
Q5522798,Gareth Chapman,No ES WP page,,,,,,,,,,,,,,
Q5522821,Gareth Davies,No ES WP page,,,,,,,,,,,,,,
Q5522826,Gareth Drabble,No ES WP page,,,,,,,,,,,,,,
Q5522833,Gareth Evans,No ES WP page,,,,,,,,,,,,,,
Q5522852,Gareth Griffiths,No ES WP page,,,,,,,,,,,,,,
Q5522867,Gareth Holgate,No ES WP page,,,,,,,,,,,,,,
Q5522889,Gareth Jones,No ES WP page,,,,,,,,,,,,,,
Q5522905,Gareth Maule,No ES WP page,,,,,,,,,,,,,,
Q5522920,Gareth Morton,No ES WP page,,,,,,,,,,,,,,
Q5522934,Gareth Owen,No ES WP page,,,,,,,,,,,,,,
Q5522939,Gareth Payne,No ES WP page,,,,,,,,,,,,,,
Q5522949,Gareth Raynor,No ES WP page,,,,,,,,,,,,,,
Q5522976,Gareth Steenson,No ES WP page,,,,,,,,,,,,,,
Q5523005,Gareth Williams,No ES WP page,,,,,,,,,,,,,,
Q5523978,Garrick Cowley,No ES WP page,,,,,,,,,,,,,,
Q5524090,Garry Adey,No stint found,Garry Adey,Garry John Adey,Garry_Adey,13 de junio de 1945,Loughborough,/wiki/Loughborough,19 de agosto de 2023,,,,,Número 8,,InglaterraInglaterra
Q5524140,Garry Hemingway,No ES WP page,,,,,,,,,,,,,,
Q5524742,Gary Braid,No ES WP page,,,,,,,,,,,,,,
Q5524768,Gary Brown,No ES WP page,,,,,,,,,,,,,,
Q5524811,Gary Callander,No ES WP page,,,,,,,,,,,,,,
Q5525321,Gary Johnson,No ES WP page,,,,,,,,,,,,,,
Q5525432,Gary Lambert,,Gary Lambert,,Gary_Lambert,21 de enero de 1959,Baton Rouge,/wiki/Baton_Rouge,,,,190,100,Ala,,Estados Unidos
Q5525482,Gary Longwell,No ES WP page,,,,,,,,,,,,,,
Q5525578,Gary McMurray,No ES WP page,,,,,,,,,,,,,,
Q5525727,Gary Pearce,No ES WP page,,,,,,,,,,,,,,
Q5525779,Gary Powell,No ES WP page,,,,,,,,,,,,,,
Q5526227,Gary van Aswegen,No ES WP page,,,,,,,,,,,,,,
Q5526232,Garyn Lucas,No ES WP page,,,,,,,,,,,,,,
Q5527993,Gavan Horsley,No ES WP page,,,,,,,,,,,,,,
Q5528098,Gavin Cattle,No ES WP page,,,,,,,,,,,,,,
Q5528118,Gavin DeBartolo,No ES WP page,,,,,,,,,,,,,,
Q5528178,Gavin Hill,No ES WP page,,,,,,,,,,,,,,
Q5529630,Ged Robinson,No ES WP page,,,,,,,,,,,,,,
Q5529694,Gediminas Marcišauskas,No ES WP page,,,,,,,,,,,,,,
Q5530883,Genaro Fessia,No stint found,Genaro Fessia,,Genaro_Fessia,22 de julio de 1981,,,,,,188,105,blindside,,
Q5534153,Geoff Griffin,No ES WP page,,,,,,,,,,,,,,
Q5534256,Geoff Parling,,Geoff Parling,Geoffrey Matthew W. Parling,Geoff_Parling,28 de octubre de 1983,Stockton-on-Tees,/wiki/Stockton-on-Tees,,,,198,115,Segunda línea,,"Inglaterra,Reino Unido"
Q5534290,Geoff Richardson,No ES WP page,,,,,,,,,,,,,,
Q5534294,Geoff Robinson,No ES WP page,,,,,,,,,,,,,,
Q5534332,Geoff Storey,No ES WP page,,,,,,,,,,,,,,
Q5534520,Geoffrey Clarkson,No ES WP page,,,,,,,,,,,,,,
Q5534926,Geoff Alley,No ES WP page,,,,,,,,,,,,,,
Q5534936,Geoffrey Tomkinson,No ES WP page,,,,,,,,,,,,,,
Q5534947,Geoffrey Vaughan,No ES WP page,,,,,,,,,,,,,,
Q5534983,Geoffrey Wyld,No ES WP page,,,,,,,,,,,,,,
Q5535914,George A.W. Lamond,No ES WP page,,,,,,,,,,,,,,
Q5536043,George Abell,No ES WP page,,,,,,,,,,,,,,
Q5536092,George Agathocleous,No ES WP page,,,,,,,,,,,,,,
Q5536260,George Andrews,No ES WP page,,,,,,,,,,,,,,
Q5536432,George Arthren McIlwaine,No ES WP page,,,,,,,,,,,,,,
Q5536515,George Avery Young,No ES WP page,,,,,,,,,,,,,,
Q5536821,George Beamish,No ES WP page,,,,,,,,,,,,,,
Q5536893,George Bennet,No ES WP page,,,,,,,,,,,,,,
Q5536963,George Biagi,No ES WP page,,,,,,,,,,,,,,
Q5537130,George Bouffler,No ES WP page,,,,,,,,,,,,,,
Q5537381,George Buchanan-Smith,No ES WP page,,,,,,,,,,,,,,
Q5537388,George Buchanan McClure,No ES WP page,,,,,,,,,,,,,,
Q5537460,George Burrell,No ES WP page,,,,,,,,,,,,,,
Q5537474,George Burton,No ES WP page,,,,,,,,,,,,,,
Q5537724,George Carter,No ES WP page,,,,,,,,,,,,,,
Q5537767,George Cawkwell,No ES WP page,,,,,,,,,,,,,,
Q5538105,George Cookson,No ES WP page,,,,,,,,,,,,,,
Q5538186,George Crabbie,No ES WP page,,,,,,,,,,,,,,
Q5538235,George Crook,No ES WP page,,,,,,,,,,,,,,
Q5538401,George Davidge,No ES WP page,,,,,,,,,,,,,,
Q5538555,George Dobson,No ES WP page,,,,,,,,,,,,,,
Q5538600,George Douglas,No ES WP page,,,,,,,,,,,,,,
Q5538812,George Earle,No ES WP page,,,,,,,,,,,,,,
Q5538955,George Elliot,No ES WP page,,,,,,,,,,,,,,
Q5539171,George Fairbairn,No ES WP page,,,,,,,,,,,,,,
Q5539348,George Ford,,George Ford,George Thomas Ford,George_Ford,16 de marzo de 1993,Oldham,/wiki/Oldham,,,,175,87,Apertura,,"Inglaterra,Reino Unido"
Q5539596,George Gallie,No ES WP page,,,,,,,,,,,,,,
Q5540183,George Hamilton D'Oyly Lyon,No ES WP page,,,,,,,,,,,,,,
Q5540238,George Harman,No ES WP page,,,,,,,,,,,,,,
Q5540391,George Helmore,No ES WP page,,,,,,,,,,,,,,
Q5540815,George Hubbard,No ES WP page,,,,,,,,,,,,,,
Q5540817,George Hucks,No ES WP page,,,,,,,,,,,,,,
Q5540834,George Hughes,No ES WP page,,,,,,,,,,,,,,
Q5541430,George Kruis,No ES WP page,,,,,,,,,,,,,,
Q5541706,George Lewis,No ES WP page,,,,,,,,,,,,,,
Q5541768,George Littlewood Hirst,No ES WP page,,,,,,,,,,,,,,
Q5541799,George Lockwood Morris,No ES WP page,,,,,,,,,,,,,,
Q5541830,George Lorimer,No ES WP page,,,,,,,,,,,,,,
Q5541849,George Lowe,No ES WP page,,,,,,,,,,,,,,
Q5542022,George Mackay,No ES WP page,,,,,,,,,,,,,,
Q5542155,George Marsden,No ES WP page,,,,,,,,,,,,,,
Q5542321,George McGuigan,No ES WP page,,,,,,,,,,,,,,
Q5542325,George McKay,No ES WP page,,,,,,,,,,,,,,
Q5542527,George Moala,No ES WP page,,,,,,,,,,,,,,
Q5542722,George Murray,No ES WP page,,,,,,,,,,,,,,
Q5542786,George Naoupu,No ES WP page,,,,,,,,,,,,,,
Q5542814,George Neilson,No ES WP page,,,,,,,,,,,,,,
Q5543029,George Oliver,No ES WP page,,,,,,,,,,,,,,
Q5543080,George Owens,No ES WP page,,,,,,,,,,,,,,
Q5543506,George Porter,No ES WP page,,,,,,,,,,,,,,
Q5543575,George Pugh,No ES WP page,,,,,,,,,,,,,,
Q5543695,George Ralph Gibson,No ES WP page,,,,,,,,,,,,,,
Q5543774,George Rees,No ES WP page,,,,,,,,,,,,,,
Q5543904,George Ritchie,No ES WP page,,,,,,,,,,,,,,
Q5543956,George Robertson,No ES WP page,,,,,,,,,,,,,,
Q5544086,George Rowles,No ES WP page,,,,,,,,,,,,,,
Q5544096,George Ruddick,No ES WP page,,,,,,,,,,,,,,
Q5544101,George Ruebner,No ES WP page,,,,,,,,,,,,,,
Q5544733,George Spencer,No ES WP page,,,,,,,,,,,,,,
Q5544841,George Stevenson,No ES WP page,,,,,,,,,,,,,,
Q5545143,George Thomas,No ES WP page,,,,,,,,,,,,,,
Q5545144,George Thomas,No ES WP page,,,,,,,,,,,,,,
Q5545194,George Thomson,No ES WP page,,,,,,,,,,,,,,
Q5545331,George Truelove,No ES WP page,,,,,,,,,,,,,,
Q5545889,George Warner,No ES WP page,,,,,,,,,,,,,,
Q5546223,George Whitehead,No ES WP page,,,,,,,,,,,,,,
Q5546415,George Wilson,No ES WP page,,,,,,,,,,,,,,
Q5546493,George Wood,No ES WP page,,,,,,,,,,,,,,
Q5549028,Gerald Cordle,No ES WP page,,,,,,,,,,,,,,
Q5549092,Gerald Dunn,No ES WP page,,,,,,,,,,,,,,
Q5549305,Gerald Kyrke,No ES WP page,,,,,,,,,,,,,,
Q5549973,Gerard Crole,No ES WP page,,,,,,,,,,,,,,
Q5550563,Geremy Tinker,No ES WP page,,,,,,,,,,,,,,
Q5550793,Gerhard van den Heever,No ES WP page,,,,,,,,,,,,,,
Q5552547,Gerrit-Jan van Velze,No ES WP page,,,,,,,,,,,,,,
Q5552612,Gerrit van Look,No ES WP page,,,,,,,,,,,,,,
Q5552633,Gerry Ainscough,No ES WP page,,,,,,,,,,,,,,
Q5552809,Gerry Hurley,No ES WP page,,,,,,,,,,,,,,
Q5552937,Gerry Murphy,,Gerry Murphy,Gerard Frank Murphy,Gerry_Murphy,5 de abril de 1945,Dublín,/wiki/Dubl%C3%ADn,,,,180,90,Fullback,,Irlanda
Q5553180,Gert Coetzer,No ES WP page,,,,,,,,,,,,,,
Q5554442,Gethin Robinson,No ES WP page,,,,,,,,,,,,,,
Q5556263,Gheorghe Bizo,No ES WP page,,,,,,,,,,,,,,
Q5560314,Gigi Militaru,No ES WP page,,,,,,,,,,,,,,
Q5560867,Gilbert Collett,No ES WP page,,,,,,,,,,,,,,
Q5560958,Gilbert Harrison,No ES WP page,,,,,,,,,,,,,,
Q5563032,Ginger Colton,No ES WP page,,,,,,,,,,,,,,
Q5563445,Giorgi Tskitishvili,No ES WP page,,,,,,,,,,,,,,
Q5563602,Giotto Griffiths,No ES WP page,,,,,,,,,,,,,,
Q5567752,Glen Fisiiahi,No ES WP page,,,,,,,,,,,,,,
Q5567815,Glen Horton,No ES WP page,,,,,,,,,,,,,,
Q5568095,Glen Webbe,,Glen Webbe,Glenfield Michael Charles Webbe,Glen_Webbe,21 de enero de 1962,Cardiff,/wiki/Cardiff,,,,180,85,Wing,,"Gales,Reino Unido"
Q5568772,Glenn Dickson,No ES WP page,,,,,,,,,,,,,,
Q5569010,Glenn Moore,No ES WP page,,,,,,,,,,,,,,
Q5572834,Glyn Davidge,No ES WP page,,,,,,,,,,,,,,
Q5572880,Glyn Prosser,No ES WP page,,,,,,,,,,,,,,
Q5572885,Glyn Shaw,No stint found,Glyn Shaw,,Glyn_Shaw,11 de abril de 1951,,,10 de mayo de 2022,,,188,96,pilar,,
Q5572889,Glyn Stephens,No ES WP page,,,,,,,,,,,,,,
Q5572896,Glyn Turner,No ES WP page,,,,,,,,,,,,,,
Q5574698,Go Aruga,No ES WP page,,,,,,,,,,,,,,
Q5576586,Godfrey Wrentmore,No ES WP page,,,,,,,,,,,,,,
Q5581158,Gomer Gunn,No ES WP page,,,,,,,,,,,,,,
Q5581165,Gomer Hughes,No ES WP page,,,,,,,,,,,,,,
Q5582322,Gonçalo Foro,No ES WP page,,,,,,,,,,,,,,
Q5582326,Gonçalo Malheiro,,Gonçalo Malheiro,,Gon%C3%A7alo_Malheiro,11 de mayo de 1978,Oporto,/wiki/Oporto,,,,173,80,Apertura,,Portugal
Q5584902,Gordon Bray,No ES WP page,,,,,,,,,,,,,,
Q5585013,Gordon Connell,No ES WP page,,,,,,,,,,,,,,
Q5585025,Gordon Cottington,No ES WP page,,,,,,,,,,,,,,
Q5585123,Gordon Falcon,No ES WP page,,,,,,,,,,,,,,
Q5585191,Gordon Gray,No ES WP page,,,,,,,,,,,,,,
Q5585242,Gordon Hamilton,,Gordon Hamilton,Gordon Frederic Hamilton,Gordon_Hamilton,13 de mayo de 1964,Belfast,/wiki/Belfast,,,,,,Ala,,"Irlanda del Norte,Reino Unido"
Q5585331,Gordon Hunter,No ES WP page,,,,,,,,,,,,,,
Q5585456,Gordon Lewis,No ES WP page,,,,,,,,,,,,,,
Q5585537,Gordon McGhie,No ES WP page,,,,,,,,,,,,,,
Q5585543,Gordon McIlwham,No ES WP page,,,,,,,,,,,,,,
Q5585604,Gordon Neilson,No ES WP page,,,,,,,,,,,,,,
Q5585687,Gordon Pritchard,No ES WP page,,,,,,,,,,,,,,
Q5585722,Gordon Reid,No ES WP page,,,,,,,,,,,,,,
Q5585822,Gordon Slater,No ES WP page,,,,,,,,,,,,,,
Q5585877,Gordon Strachan,No ES WP page,,,,,,,,,,,,,,
Q5585951,Gordon Waddell,No ES WP page,,,,,,,,,,,,,,
Q5588510,Gouws Prinsloo,No ES WP page,,,,,,,,,,,,,,
Q5592329,Graeme Macdougall,No ES WP page,,,,,,,,,,,,,,
Q5592783,Graham Dowd,No ES WP page,,,,,,,,,,,,,,
Q5592976,Graham Kennedy,No ES WP page,,,,,,,,,,,,,,
Q5592987,Graham Kitchener,No ES WP page,,,,,,,,,,,,,,
Q5593053,Graham Marshall,No ES WP page,,,,,,,,,,,,,,
Q5593066,Graham Mexted,No ES WP page,,,,,,,,,,,,,,
Q5593171,Graham Rees,No ES WP page,,,,,,,,,,,,,,
Q5593332,Graham Walters,No ES WP page,,,,,,,,,,,,,,
Q5593407,Grahame Budge,No ES WP page,,,,,,,,,,,,,,
Q5593416,Grahame Donald,No ES WP page,,,,,,,,,,,,,,
Q5593419,Grahame Hodgson,No ES WP page,,,,,,,,,,,,,,
Q5593424,Grahame Parker,No ES WP page,,,,,,,,,,,,,,
Q5596100,Grant Anderson,No ES WP page,,,,,,,,,,,,,,
Q5596226,Grant Gilchrist,No ES WP page,,,,,,,,,,,,,,
Q5596250,Grant Hattingh,No ES WP page,,,,,,,,,,,,,,
Q5596291,Grant Kemp,No ES WP page,,,,,,,,,,,,,,
Q5596407,Grant Pointer,No ES WP page,,,,,,,,,,,,,,
Q5596443,Grant Sharman,No ES WP page,,,,,,,,,,,,,,
Q5596578,Grant Webb,No ES WP page,,,,,,,,,,,,,,
Q5596880,Granville Coghlan,No ES WP page,,,,,,,,,,,,,,
Q5596915,Granville James,No ES WP page,,,,,,,,,,,,,,
Q5598408,Grayson Hart,No ES WP page,,,,,,,,,,,,,,
Q5605259,Greg Barden,No ES WP page,,,,,,,,,,,,,,
Q5605832,Greg King,No ES WP page,,,,,,,,,,,,,,
Q5606132,Greg Peterson,No ES WP page,,,,,,,,,,,,,,
Q5606209,Greg Sammons,No ES WP page,,,,,,,,,,,,,,
Q5606276,Greg Smith,No ES WP page,,,,,,,,,,,,,,
Q5606644,Gregor George,No ES WP page,,,,,,,,,,,,,,
Q5606663,Gregor MacGregor,No ES WP page,,,,,,,,,,,,,,
Q5607163,Gregory Shambrook,No ES WP page,,,,,,,,,,,,,,
Q5607292,Greig Tonks,No ES WP page,,,,,,,,,,,,,,
Q5613343,Randolph Aston,No ES WP page,,,,,,,,,,,,,,
Q5616043,Guillaume Franke,No ES WP page,,,,,,,,,,,,,,
Q5616273,Guillermo Storace,No ES WP page,,,,,,,,,,,,,,
Q5620315,Gurth Hoyer-Millar,No ES WP page,,,,,,,,,,,,,,
Q5620625,Gus Broughton,No ES WP page,,,,,,,,,,,,,,
Q5622183,Guy Cronjé,No ES WP page,,,,,,,,,,,,,,
Q5622231,Guy Evers,No ES WP page,,,,,,,,,,,,,,
Q5622463,Guy Mercer,No ES WP page,,,,,,,,,,,,,,
Q5622477,Guy Morgan,No ES WP page,,,,,,,,,,,,,,
Q5623765,Gwyn Davies,No ES WP page,,,,,,,,,,,,,,
Q5623770,Gwyn Evans,No ES WP page,,,,,,,,,,,,,,
Q5623771,Gwyn Francis,No ES WP page,,,,,,,,,,,,,,
Q5623791,Gwyn Jones,No ES WP page,,,,,,,,,,,,,,
Q5623794,Gwyn Richards,No ES WP page,,,,,,,,,,,,,,
Q5623797,Gwyn Rowlands,No ES WP page,,,,,,,,,,,,,,
Q5623800,Gwyn Thomas,No ES WP page,,,,,,,,,,,,,,
Q5623807,Gwyn Thomas,No ES WP page,,,,,,,,,,,,,,
Q5623810,Gwyn Williams,No ES WP page,,,,,,,,,,,,,,
Q5623862,Gwynfor Williams,No ES WP page,,,,,,,,,,,,,,
Q5627930,H.G.S. Gray,No ES WP page,,,,,,,,,,,,,,
Q5627947,H.J.C. Turner,No ES WP page,,,,,,,,,,,,,,
Q5628463,H. P. M. Beames,No ES WP page,,,,,,,,,,,,,,
Q5638528,Hagan Evans,No ES WP page,,,,,,,,,,,,,,
Q5639081,Haig Sare,No ES WP page,,,,,,,,,,,,,,
Q5640929,Hal Sever,No ES WP page,,,,,,,,,,,,,,
Q5641082,Halani Aulika,No ES WP page,,,,,,,,,,,,,,
Q5641428,Hale T-Pole,No ES WP page,,,,,,,,,,,,,,
Q5642566,Hall Charlton,No ES WP page,,,,,,,,,,,,,,
Q5642749,Hallam Amos,,Hallam Amos,Hallam Benjamen Amos,Hallam_Amos,24 de septiembre de 1994,Stockport,/wiki/Stockport,,,,186,92,Ala; zaguero,,Reino Unido
Q5643862,Ham Lambert,No ES WP page,,,,,,,,,,,,,,
Q5645349,Hamish Dawson,No ES WP page,,,,,,,,,,,,,,
Q5645355,Hamish Gard,No ES WP page,,,,,,,,,,,,,,
Q5645366,Hamish Kemp,No ES WP page,,,,,,,,,,,,,,
Q5647368,Handel Greville,No ES WP page,,,,,,,,,,,,,,
Q5649103,Hannes Franklin,No ES WP page,,,,,,,,,,,,,,
Q5649205,Hanno Dirksen,No ES WP page,,,,,,,,,,,,,,
Q5651140,Hansie Graaff,No ES WP page,,,,,,,,,,,,,,
Q5653694,Harald Baker,No ES WP page,,,,,,,,,,,,,,
Q5660453,Harold Davies,No ES WP page,,,,,,,,,,,,,,
Q5660473,Harold Day,No ES WP page,,,,,,,,,,,,,,
Q5660499,Harold Dingwall Bateson,No ES WP page,,,,,,,,,,,,,,
Q5660721,Harold Freeman,No ES WP page,,,,,,,,,,,,,,
Q5660990,Harold Hayward,No ES WP page,,,,,,,,,,,,,,
Q5661013,Harold Herd,No ES WP page,,,,,,,,,,,,,,
Q5661075,Harold Hodges,No ES WP page,,,,,,,,,,,,,,
Q5661301,Harold Jones,No ES WP page,,,,,,,,,,,,,,
Q5661309,Harold Judd,No ES WP page,,,,,,,,,,,,,,
Q5661877,Harold Nicholls,No ES WP page,,,,,,,,,,,,,,
Q5662240,Harold Rosen,No ES WP page,,,,,,,,,,,,,,
Q5662407,Harold Snell,No ES WP page,,,,,,,,,,,,,,
Q5662581,Harold Tyrie,No ES WP page,,,,,,,,,,,,,,
Q5662716,Harold Wesley George,No ES WP page,,,,,,,,,,,,,,
Q5663385,Harper Hamshaw,No ES WP page,,,,,,,,,,,,,,
Q5665157,Alejandro Krancz,No stint found,Alejandro Krancz,,Alejandro_Krancz,26 de marzo de 1981,San Isidro,/wiki/San_Isidro_(Buenos_Aires),,,,179,94,3.ª Línea,,Argentina
