"wikidataId","fullName","frName","birthDate","birthPlace","deathDate","deathPlace","height","positions"
"Q207","George W. Bush",NA,1946-07-06,"New Haven",NA,NA,NA,NA
"Q5809","Ernesto Guevara","Ernesto « Che » Guevara",1928-06-14,"Rosario",1967-10-09,"La Higuera",176,NA
"Q7571","Patricio Albacete","Patricio Albacete",1981-02-09,"Buenos Aires",NA,NA,200,"2nd Row"
"Q12940","Jacques Chaban-Delmas",NA,1915-03-07,"13th arrondissement of Paris",2000-11-10,"7th arrondissement of Paris",NA,NA
"Q18455","Ben Tune","Ben Tune",1976-12-28,"Brisbane",NA,NA,185,"Winger; Centre"
"Q26037","Quade Cooper","Quade Cooper",1988-04-05,"Tokoroa",NA,NA,186,"Fly-Half"
"Q29880","Ben Botica","Ben Botica",1989-10-07,"Takapuna",NA,NA,178,"Fly-Half; Centre"
"Q31193","Ben Smith","Ben Smith",1986-06-01,"Dunedin",NA,NA,186,"Fullback; Winger; Centre"
"Q46171","Pekahou Cowan","Pekahou Cowan",1986-06-02,"Wellington",NA,NA,185,"Prop"
"Q46223","Stephen Hoiles","Stephen Hoiles",1981-10-13,"Sydney",NA,NA,190,"Number 8; Flanker"
"Q46393","Yoan Audrin","Yoan Audrin",1981-08-14,"Pézenas",NA,NA,179,"Centre; Winger"
"Q46396","Benoît Paillaugue","Benoît Paillaugue",1987-11-17,"La Rochelle",NA,NA,172,"Scrum-Half; Fly-Half"
"Q56812","Thomas Combezou","Thomas Combezou",1987-01-26,"Tulle",NA,NA,181,"Centre; Winger"
"Q56822","Gerhard Vosloo","Gerhard Vosloo",1979-05-10,"Pretoria",NA,NA,188,"Flanker"
"Q56824","Fabien Cibray","Fabien Cibray",1985-10-15,"Auch",NA,NA,178,"Scrum-Half"
"Q72185","Manu Tuilagi","Manu Tuilagi",1991-05-18,"Fogapoa",NA,NA,183,"Centre"
"Q75573","Robins Tchale-Watchou","Robins Tchale-Watchou",1983-05-10,"Dschang",NA,NA,198,"2nd Row"
"Q76869","Toby Flood","Toby Flood",1985-08-08,"Frimley",NA,NA,188,"Fly-Half; Centre"
"Q77848","Sascha Fischer","Sascha Fischer",1971-12-24,"Stuttgart",NA,NA,208,"2nd Row"
"Q80607","George Pisi","George Pisi",1986-06-29,"Apia",NA,NA,188,"Centre; Fullback"
"Q82942","Farid Sid","Farid Sid",1979-03-27,"Perpignan",NA,NA,176,"Winger"
"Q86108","Clemens von Grumbkow","Clemens von Grumbkow",1983-07-22,"Leimen (Baden)",NA,NA,191,"Winger; Centre"
"Q87794","Robert Mohr","Robert Mohr",1978-08-25,"Hanover",NA,NA,194,"2nd Row; Number 8"
"Q90321","Erwin Thiesies","Erwin Thiesies",1908-08-22,"Berlin",1993-02-18,"Hennigsdorf",NA,"2nd Row"
"Q94144","Massimo Ravazzolo","Massimo Ravazzolo",1972-09-05,NA,NA,NA,190,"Fullback"
"Q94780","Joe Rokocoko","Joe Rokocoko",1983-06-06,"Nadi",NA,NA,189,"Winger"
"Q94814","Ronnie Cooke","Ronnie Cooke",1984-04-05,"Pretoria",NA,NA,183,"Centre; Winger"
"Q106775","Richard Harris","Richard Harris",NA,NA,NA,NA,NA,NA
"Q113526","Adriaan Strauss","Adriaan Strauss",1985-11-18,"Bloemfontein",NA,NA,184,"Hooker"
"Q127613","Patrick Lambie","Patrick Lambie",1990-10-17,"Durban",NA,NA,178,"Fly-Half; Centre; Fullback"
"Q127618","Chris Ashton","Chris Ashton",1987-03-29,"Wigan",NA,NA,183,"Winger"
"Q128407","Martín Bustos Moyano","Martín Bustos Moyano",1985-07-12,"Córdoba; Argentina",NA,NA,186,"Winger; Fullback"
"Q131895","Ross Filipo","Ross Filipo",1979-04-14,"Lower Hutt",NA,NA,196,"2nd Row; Flanker"
"Q134895","Javier Bardem","Javier Bardem",NA,NA,NA,NA,NA,NA
"Q135385","Israel Dagg","Israel Dagg",1988-06-06,"Marton; New Zealand",NA,NA,186,"Fullback; Winger"
"Q138586","Gurthrö Steenkamp","Gurthrö Steenkamp",1981-06-12,"Paarl",NA,NA,189,"Prop"
"Q138722","Stephen Donald","Stephen Donald",1983-12-03,"Papakura District",NA,NA,190,"Fly-Half; Centre"
"Q147338","Morris Kirksey",NA,1895-09-13,"Waxahachie; Texas",1981-11-25,"San Mateo; California",NA,NA
"Q151533","Sam Whitelock","Sam Whitelock",1988-10-12,"Palmerston North",NA,NA,202,"2nd Row"
"Q151572","Victor Vito","Victor Vito",1987-03-27,"Wellington",NA,NA,192,"Number 8; Flanker"
"Q163452","Tom James","Tom James",1987-04-17,"Merthyr Tydfil",NA,NA,187,"Winger"
"Q165701","Ali Williams","Ali Williams",1981-04-30,"Auckland",NA,NA,202,"2nd Row"
"Q166094","Zane Kirchner","Zane Kirchner",1984-06-16,"George; South Africa",NA,NA,184,"Fullback"
"Q168675","Francois Pienaar","Francois Pienaar",1967-01-02,"Vereeniging",NA,NA,190,"Flanker"
"Q169368","Jean Monribot","Jean Monribot",1987-10-11,"Lalinde",NA,NA,184,"3rd Row"
"Q169397","Hugo Bonneval","Hugo Bonneval",1990-11-19,"Toulouse",NA,NA,185,"Fullback; Winger"
"Q172174","Guy Ligier","Guy Ligier",NA,NA,NA,NA,NA,NA
"Q174294","Ian James Clarke","Ian Clarke",1931-03-05,NA,1997-06-29,NA,NA,"Prop"
"Q176596","Clive Rowlands","Clive Rowlands",1938-05-14,"Cwmtwrch",2023-07-29,NA,175,"Scrum-Half"
"Q181263","François Steyn","François Steyn",1987-05-14,"Aliwal North",NA,NA,191,"Centre; Fullback; Fly-Half; Winger"
"Q182609","Jacques Rogge",NA,1942-05-02,"Ghent",2021-08-29,"Deinze",NA,NA
"Q188309","Sergio Parisse","Sergio Parisse",1983-09-12,"La Plata",NA,NA,196,"Number 8"
"Q193926","Aaron Cruden","Aaron Cruden",1989-01-08,"Palmerston North",NA,NA,178,"Fly-Half; Centre"
"Q194026","Jimmy Cowan","Jimmy Cowan",1982-03-06,"Gore; New Zealand",NA,NA,182,"Scrum-Half"
"Q200427","Dimitri Szarzewski","Dimitri Szarzewski",1983-01-26,"Narbonne",NA,NA,181,"Hooker"
"Q200837","Anthony Tuitavake","Anthony Tuitavake",1982-02-12,"Auckland",NA,NA,182,"Centre; Winger"
"Q205288","Zinzan Brooke","Zinzan Brooke",1965-02-14,"Waiuku",NA,NA,190,"Flanker; Number 8"
"Q207709","Roland Garros","Roland Garros",1888-10-06,"Saint-Denis; Réunion",1918-10-05,"Saint-Morel",NA,NA
"Q209358","André Silva","André da Silva",1975-02-09,"Paris",NA,NA,174,"Prop"
"Q209365","Richie Gray","Richie Gray",1989-08-24,"Rutherglen",NA,NA,206,"2nd Row"
"Q221074","Bud Spencer","Bud Spencer",1929-10-31,NA,2016-06-27,NA,192,NA
"Q250054","Mark Donaldson","Mark Donaldson",1955-11-06,"Palmerston North",NA,NA,175,"Scrum-Half"
"Q250144","Irakli Giorgadze","Irakli Giorgadze",1982-12-17,"Kutaisi",NA,NA,190,"Centre; Winger"
"Q261176","Geoff Evans","Geoff Evans",1950-12-10,"Coventry",NA,NA,178,"Centre"
"Q261477","Gareth Llewellyn","Gareth Llewellyn",1969-02-27,"Cardiff",NA,NA,199,"2nd Row"
"Q261702","Sunia Koto","Sunia Koto Vuli",1980-04-15,"Suva",NA,NA,178,"Hooker"
"Q266062","Gareth John Williams","Gareth Williams",1978-12-19,"Bridgend",NA,NA,173,"Hooker"
"Q276102","Jean de Villiers","Jean de Villiers",1981-02-24,"Paarl",NA,NA,190,"Centre; Winger"
"Q281187","George Chuter","George Chuter",1976-07-09,"Greenwich",NA,NA,180,"Hooker"
"Q281715","Wessel Roux","Wessel Roux",1976-10-18,"Bothaville",NA,NA,183,"Prop"
"Q281871","Tom Kiernan","Tom Kiernan",1939-01-07,"Cork (city)",2022-02-03,NA,NA,"Fullback"
"Q282219","Nikki Walker","Nikki Walker",1982-03-05,"Aberdeen",NA,NA,193,"Winger"
"Q282754","Josh Taumalolo","Josh Taumalolo",1976-07-08,"Nukuʻalofa",NA,NA,178,"Fullback; Centre; Winger"
"Q283441","Alexander Widiker","Alexander Widiker",1982-04-27,"Kostanay",NA,NA,171,"Prop; Hooker"
"Q284846","Schalk Willem Petrus Burger","Schalk Burger",1983-04-13,"Gqeberha",NA,NA,193,"Flanker"
"Q284926","George Whitelock","George Whitelock",1986-03-27,"Palmerston North",NA,NA,190,"Flanker; Number 8"
"Q285258","Ron Waldron","Ron Waldron",1933-12-14,"Neath Abbey",NA,NA,NA,"Prop"
"Q285739","Valentin Ursache","Valentin Ursache",1985-08-12,"Târgu Neamț",NA,NA,188,"2nd Row; Flanker"
"Q286258","Yannick Jauzion","Yannick Jauzion",1978-07-28,"Castres",NA,NA,193,"Centre; Fullback"
"Q287936","Joe Launchbury","Joe Launchbury",1991-04-12,"Exeter",NA,NA,199,"2nd Row"
"Q289223","Jerry Collins","Jerry Collins",1980-11-04,"Apia",2015-06-05,"Béziers",191,"Flanker"
"Q289332","George Travers","Twyber Travers",1877-06-09,"Newport; Wales",1945-12-26,"Newport; Wales",NA,"Hooker"
"Q301081","Jamie Salmon","Jamie Salmon",1959-10-16,NA,NA,NA,183,"Centre"
"Q302330","Aaron Mauger","Aaron Mauger",1980-11-29,"Christchurch",NA,NA,183,"Centre; Fly-Half"
"Q311569","Michael Hester","Michael Hester",1972-05-02,NA,NA,NA,181,NA
"Q316676","Mariusz Pudzianowski",NA,NA,NA,NA,NA,NA,NA
"Q317422","Eric Liddell",NA,NA,NA,NA,NA,NA,NA
"Q318920","Jonny Wilkinson","Jonny Wilkinson",1979-05-25,"Frimley",NA,NA,178,"Fly-Half"
"Q319318","William Webb Ellis","William Webb Ellis",1806-11-24,NA,1872-02-24,NA,NA,NA
"Q323192","Saïmoni Vaka","Saïmoni Vaka",1987-06-02,"Suva",NA,NA,183,"Winger"
"Q325033","Jannie du Plessis","Jannie du Plessis",1982-11-16,"Bethlehem; South Africa",NA,NA,188,"Prop"
"Q327770","John Roe","John Roe",1977-04-10,NA,NA,NA,187,"Number 8"
"Q329393","David Auradou","David Auradou",1973-11-13,"Harfleur",NA,NA,200,"2nd Row"
"Q335197","Bryan Habana","Bryan Habana",1983-06-12,"Benoni; South Africa",NA,NA,180,"Winger"
"Q335238","Rahul Bose","Rahul Bose",1967-07-27,"Bengaluru",NA,NA,NA,"Winger"
"Q338006","Jean-Baptiste Élissalde","Jean-Baptiste Élissalde",1977-11-23,"La Rochelle",NA,NA,172,"Scrum-Half; Fly-Half"
"Q339938","Chris Budgen","Chris Budgen",1973-01-21,"Hamilton; New Zealand",NA,NA,175,"Prop"
"Q348855","Pat Sanderson","Pat Sanderson",1977-09-06,"Chester",NA,NA,188,"Flanker; Number 8"
"Q348867","Ian Kirkpatrick","Ian Kirkpatrick",1946-05-24,"Gisborne; New Zealand",NA,NA,190,"Flanker"
"Q350686","Adam Rhys Jones","Adam Jones",1981-03-08,"Abercrave",NA,NA,183,"Prop"
"Q350967","Luke McAlister","Luke McAlister",1983-08-28,"Waitara; New Zealand",NA,NA,177,"Fly-Half; Centre"
"Q351157","Adam Whitelock","Adam Whitelock",1987-04-17,"Palmerston North",NA,NA,185,"Centre; Winger"
"Q352068","Carl Hayman","Carl Hayman",1979-11-14,"Ōpunake",NA,NA,193,"Prop"
"Q353833","Hosea Gear","Hosea Gear",1984-03-16,"Gisborne; New Zealand",NA,NA,188,"Winger; Centre"
"Q356460","Dick Spring","Dick Spring",1950-08-29,"Tralee",NA,NA,NA,"Fullback"
"Q360694","Charlie Hodgson","Charlie Hodgson",1980-11-12,"Halifax; West Yorkshire",NA,NA,178,"Fly-Half; Centre"
"Q361549","David Bortolussi","David Bortolussi",1981-06-21,"Auch",NA,NA,188,"Fullback"
"Q361732","Brian Ashton","Brian Ashton",1946-09-03,"Leigh; Greater Manchester",NA,NA,NA,"Scrum-Half"
"Q363717","Jonah Lomu","Jonah Lomu",1975-05-12,"Auckland",2015-11-18,"Auckland",196,"Winger"
"Q364461","Josh Lewsey","Josh Lewsey",1976-11-30,"Bromley",NA,NA,180,"Centre; Fullback"
"Q364694","Lote Tuqiri","Lote Tuqiri",1979-09-23,"Suva",NA,NA,191,"Winger"
"Q364941","Matt Burke","Matt Burke",1973-03-26,"Sydney",NA,NA,NA,"Fullback; Centre; Winger"
"Q365677","Adolphe Bousquet","Adolphe Bousquet",1899-08-14,"Maraussan",1972-03-17,"Béziers",168,"Scrum-Half; Fly-Half"
"Q365731","Michael Lynagh","Michael Lynagh",1963-10-25,"Brisbane",NA,NA,178,"Fly-Half"
"Q365879","Brian Lima","Brian Lima",1972-01-25,"Apia",NA,NA,186,"Centre; Winger"
"Q366237","Jeff Wilson","Jeff Wilson",1973-10-24,"Invercargill",NA,NA,180,"Fullback; Winger"
"Q367554","John Gwilliam","John Gwilliam",1923-02-28,"Pontypridd",2016-12-21,"Deganwy",188,"Number 8"
"Q369607","Salvatore Perugini","Salvatore Perugini",1978-03-06,"Pontelandolfo",NA,NA,183,"Prop"
"Q369619","Gavin Johnson","Gavin Johnson",1966-10-17,"Louis Trichardt",NA,NA,188,"Winger; Fullback"
"Q370059","George Smith","George Smith",1980-07-14,"Manly; New South Wales",NA,NA,180,"Flanker"
"Q371503","André Béhotéguy","André Béhotéguy",1900-10-19,"Bayonne",1960-07-14,"Nice",166,"Centre"
"Q372362","Mike Teague","Mike Teague",1960-10-08,NA,NA,NA,190,"Flanker"
"Q372453","Marcelo Loffreda","Marcelo Loffreda",1959-05-17,"Buenos Aires",NA,NA,NA,"Centre"
"Q372734","Adrian Cashmore","Adrian Cashmore",1973-07-23,"Tokoroa",NA,NA,183,"Fullback; Winger"
"Q373771","Mark Ella","Mark Ella",1959-06-05,"La Perouse; New South Wales",NA,NA,NA,"Fly-Half"
"Q374376","De Wet Barry","De Wet Barry",1978-06-24,"Ceres; South Africa",NA,NA,188,"Centre"
"Q374524","Sean Lynch","Sean Lynch",1942-09-22,NA,NA,NA,NA,"Prop"
"Q375081","Pablo Canavosio","Pablo Canavosio",1981-12-26,"Córdoba; Argentina",NA,NA,175,"Scrum-Half; Winger"
"Q375259","Alex Burdon","Alex Burdon",1879-03-31,"Glebe; New South Wales",1943-12-13,"Branxton",NA,"Prop"
"Q375493","Jim Williams","Jim Williams",1968-12-08,"Young; New South Wales",NA,NA,193,"Flanker"
"Q375894","Andrea De Marchi","Andrea De Marchi",1988-11-19,"Montebelluna",NA,NA,187,"Prop"
"Q376270","Denis Fahey","Denis Fahey",NA,NA,NA,NA,NA,NA
"Q376378","David Humphreys","David Humphreys",1971-09-10,"Belfast",NA,NA,177,"Fly-Half"
"Q376397","Japie Mulder","Japie Mulder",1969-10-18,"Springs; South Africa",NA,NA,184,"Centre"
"Q376430","Mike Blair","Mike Blair",1981-04-20,"Edinburgh",NA,NA,181,"Scrum-Half"
"Q377052","William Téchoueyres","William Téchoueyres",1966-02-12,"Bordeaux",NA,NA,183,"Winger"
"Q377476","Peter Winterbottom","Peter Winterbottom",1960-05-31,"Otley",NA,NA,183,"Flanker"
"Q377498","Thierry de Martel","Thierry de Martel",1875-03-07,NA,1940-06-14,NA,NA,NA
"Q378444","Rod Kafer","Rod Kafer",1971-06-25,"Newcastle; New South Wales",NA,NA,176,"Centre; Fly-Half"
"Q380388","Frik du Preez","Frik du Preez",1935-11-28,"Rustenburg",NA,NA,188,"2nd Row; Flanker"
"Q381641","Girvan Dempsey","Girvan Dempsey",1975-10-02,"Dublin",NA,NA,182,"Fullback"
"Q381649","Gareth Cooper","Gareth Cooper",1979-05-07,"Bridgend",NA,NA,171,"Scrum-Half"
"Q382731","John Warlow","John Warlow",1939-02-13,"Dafen",NA,NA,NA,"Prop"
"Q383727","Giovanbattista Venditti","Giovanbattista Venditti",1990-03-27,"Avezzano",NA,NA,188,"Winger"
"Q383886","Fourie du Preez","Fourie du Preez",1982-03-24,"Pretoria",NA,NA,182,"Scrum-Half"
"Q384650","Paul Carozza","Paul Carozza",1966-04-14,"Brisbane",NA,NA,168,"Winger"
"Q385574","Jim Webb","Jim Webb",1882-11-23,"Coleford; Gloucestershire",1955-01-29,"Soudley",NA,"Prop; 2nd Row; Flanker"
"Q385611","Brodie Henderson","Brodie Henderson",1983-12-12,"Vancouver",NA,NA,185,"Winger"
"Q385839","Clive Sullivan","Clive Sullivan",1943-04-09,"Cardiff",1985-10-08,"Kingston upon Hull",NA,"Winger"
"Q387450","Franck Montanella","Franck Montanella",1982-03-26,"Cannes",NA,NA,185,"Prop"
"Q387525","Wavell Wakefield, 1st Baron Wakefield of Kendal","Wavell Wakefield",1898-03-10,"London",1983-08-12,"Kendal",186,"Flanker"
"Q387669","John Robbie","John Robbie",1955-11-17,NA,NA,NA,175,"Scrum-Half"
"Q387758","John Rudd","John Rudd",1981-05-26,NA,NA,NA,NA,"Winger"
"Q389714","Imanol Harinordoquy","Imanol Harinordoquy",1980-02-20,"Bayonne",NA,NA,192,"Number 8; Flanker"
"Q390102","Darren Crompton","Darren Crompton",1972-09-12,"Exeter",NA,NA,188,"Prop"
"Q399410","Agustín Pichot","Agustín Pichot",1974-08-22,"Buenos Aires",NA,NA,175,"Scrum-Half"
"Q406125","Benjamin Dambielle","Benjamin Dambielle",1985-07-15,"Auch",NA,NA,183,"Fullback; Fly-Half"
"Q406132","Romain Cabannes","Romain Cabannes",1984-12-02,"Mont-de-Marsan",NA,NA,183,"Centre"
"Q406142","Rémi Lamerat","Rémi Lamerat",1990-01-14,"Sainte-Foy-la-Grande",NA,NA,184,"Centre"
"Q406148","Jean-Marc Mazzonetto","Jean-Marc Mazzonetto",1983-10-07,"Agen",2018-01-09,"Gaillères",180,"Fullback; Winger"
"Q406385","Rémi Tales","Rémi Talès",1984-05-02,"Mont-de-Marsan",NA,NA,186,"Fly-Half"
"Q406422","Julien Fritz","Julien Fritz",1990-01-10,"Sens",NA,NA,189,"Centre; Fullback"
"Q406431","Armand Battle","Armand Batlle",1987-04-12,"Perpignan",NA,NA,188,"Winger; Fullback"
"Q406610","Julien Audy","Julien Audy",1984-11-21,"Tulle",NA,NA,171,"Scrum-Half"
"Q406616","Rabah Slimani","Rabah Slimani",1989-10-18,"Sarcelles",NA,NA,178,"Tighthead Prop"
"Q406637","Yohann Vivalda","Yohann Vivalda",1988-12-09,"Agen",NA,NA,200,"2nd Row"
"Q425547","Gonzalo Longo","Gonzalo Longo",1974-03-14,"San Isidro; Buenos Aires",NA,NA,193,"Number 8"
"Q425576","Michael Lipman","Michael Lipman",1980-01-16,"London",NA,NA,185,"Flanker"
"Q425580","Sitiveni Sivivatu","Sitiveni Sivivatu",1982-04-19,"Suva",NA,NA,185,"Winger"
"Q427291","Gavin Hastings","Gavin Hastings",1962-01-03,"Edinburgh",NA,NA,188,"Fullback"
"Q428564","Dan Drysdale","Dan Drysdale",1901-05-18,"Kippen",1987-10-15,"Yeovil",NA,"Fullback"
"Q429847","Mircea Paraschiv","Mircea Paraschiv",1954-12-14,"Bucharest",NA,NA,NA,"Scrum-Half"
"Q430712","Charles William Miller",NA,NA,NA,NA,NA,NA,NA
"Q431135","Ron Cribb","Ron Cribb",1976-07-07,"Whanganui",NA,NA,194,"Number 8"
"Q432098","Tom Richards","Tom Richards",1882-04-29,"Australia",1935-09-25,"Brisbane",NA,"Forward"
"Q432329","Paul Sackey","Paul Sackey",1979-11-08,"London",NA,NA,183,"Winger"
"Q433258","Ian McGeechan","Ian McGeechan",1946-10-30,"Leeds",NA,NA,174,"Fly-Half; Centre"
"Q433324","Lee Mears","Lee Mears",1979-03-05,"Torquay",NA,NA,NA,"Hooker"
"Q433334","Phil Vickery","Phil Vickery",1976-03-14,"Barnstaple",NA,NA,190,"Prop"
"Q433339","Andrew Sheridan","Andrew Sheridan",1979-11-01,"Bromley",NA,NA,195,"Prop"
"Q433539","Nick Easter","Nick Easter",1978-08-15,"Epsom",NA,NA,193,"Number 8; 2nd Row"
"Q433546","Steve Borthwick","Steve Borthwick",1979-10-12,"Carlisle",NA,NA,198,"2nd Row"
"Q433551","Lewis Moody","Lewis Moody",1978-06-12,"Ascot; Berkshire",NA,NA,195,"Flanker"
"Q433555","Danny Care","Danny Care",1987-01-02,"Leeds",NA,NA,173,"Scrum-Half; Fly-Half"
"Q433643","Simon Shaw","Simon Shaw",1973-09-01,"Nairobi",NA,NA,202,"2nd Row"
"Q433780","Mathew Tait","Mathew Tait",1986-02-06,"Shotley Bridge",NA,NA,183,"Winger; Centre"
"Q433791","Mark Cueto","Mark Cueto",1979-12-26,"Workington",NA,NA,183,"Winger; Fullback"
"Q433797","Danny Cipriani","Danny Cipriani",1987-11-02,"Roehampton",NA,NA,183,"Fly-Half; Centre; Fullback"
"Q434398","Jerry Flannery","Jerry Flannery",1978-10-17,"Galway",NA,NA,180,"Hooker"
"Q434427","David Wallace","David Wallace",1976-07-08,"Limerick",NA,NA,188,"Flanker"
"Q434652","Simon Webster","Simon Webster",1981-03-08,"Hartlepool",NA,NA,184,"Centre; Winger"
"Q438506","John Yapp","John Yapp",1983-04-09,"Cardiff",NA,NA,188,"Prop"
"Q438515","Dafydd Jones","Dafydd Jones",1979-06-24,"Aberystwyth",NA,NA,198,"Flanker; Number 8"
"Q439015","Riki Flutey","Riki Flutey",1980-02-10,"Featherston; New Zealand",NA,NA,180,"Centre; Fly-Half; Scrum-Half; Fullback"
"Q439025","Donncha O'Callaghan","Donncha O'Callaghan",1979-03-24,"Cork (city)",NA,NA,198,"2nd Row"
"Q439402","Tommy Bowe","Tommy Bowe",1984-02-22,"County Monaghan",NA,NA,191,"Winger"
"Q439413","Harry Ellis","Harry Ellis",1982-05-17,"Wigston",NA,NA,178,"Scrum-Half"
"Q439453","Keith Earls","Keith Earls",1987-10-02,"Limerick",NA,NA,180,"Centre; Winger; Fullback"
"Q439487","Tomás O'Leary","Tomás O'Leary",1983-10-22,"Cork (city)",NA,NA,174,"Scrum-Half"
"Q439867","Mark Regan","Mark Regan",1972-01-28,"Bristol",NA,NA,177,"Hooker"
"Q439880","Joe Worsley","Joe Worsley",1977-06-14,"Redbridge; London",NA,NA,195,"Flanker"
"Q440131","Jamie Heaslip","Jamie Heaslip",1983-12-15,"Tiberias",NA,NA,193,"Number 8"
"Q440625","Martin Corry","Martin Corry",1973-10-12,"Birmingham",NA,NA,195,"Number 8; Flanker"
"Q441286","Tom Croft","Tom Croft",1985-04-07,"Basingstoke",NA,NA,196,"2nd Row; Flanker"
"Q441972","Tendai Mtawarira","Tendai Mtawarira",1985-08-01,"Harare",NA,NA,183,"Prop"
"Q443117","Tim Payne","Tim Payne",1979-04-29,"Swindon",NA,NA,185,"Prop"
"Q446200","Colby Slater","Colby Slater",1896-04-30,"Berkeley; California",1965-01-30,"Clarksburg; California",191,"2nd Row"
"Q446789","Dai Young","David Young",1967-07-26,"Aberdare",NA,NA,185,"Prop"
"Q446877","Alfred Eluère",NA,1893-07-28,"Saint-Clément-des-Levées",1985-03-12,"Narrosse",NA,NA
"Q447937","Jack Kyle","Jack Kyle",1926-01-10,"Belfast",2014-11-27,"Northern Ireland",NA,"Fly-Half"
"Q447949","Bryn Meredith","Bryn Meredith",1930-11-21,"Cwmbran",NA,NA,180,"Hooker"
"Q447961","Alun Wyn Jones","Alun Wyn Jones",1985-09-19,"Swansea",NA,NA,198,"2nd Row"
"Q448009","Jim Telfer","Jim Telfer",1940-03-17,"Pathhead; Midlothian",NA,NA,188,"Number 8"
"Q448172","Syd Millar","Syd Millar",1934-05-23,"Ballymena",2023-12-10,NA,NA,"Prop"
"Q448182","Jeremy Guscott","Jeremy Guscott",1965-07-07,"Bath; Somerset",NA,NA,185,"Centre"
"Q448212","Bobby Windsor","Bobby Windsor",1948-01-31,"Newport; Wales",NA,NA,175,"Hooker"
"Q448312","Willie John McBride","Willie-John McBride",1940-08-06,"Toomebridge",NA,NA,194,"2nd Row"
"Q448441","Tony O'Reilly","Tony O'Reilly",1936-05-07,"Dublin",2024-05-18,"Dublin",NA,"Centre; Winger"
"Q448825","Will Greenwood","Will Greenwood",1972-10-20,"Blackburn",NA,NA,193,"Centre"
"Q449012","Jamie Roberts","Jamie Roberts",1986-11-08,"Newport; Wales",NA,NA,193,"Centre; Winger"
"Q449131","Luke Charteris","Luke Charteris",1983-03-09,"Camborne",NA,NA,210,"2nd Row"
"Q452051","Graham Mourie","Graham Mourie",1952-09-08,"Ōpunake",NA,NA,183,"Flanker"
"Q452373","Sid Going","Sid Going",1943-08-19,"Kawakawa; New Zealand",2024-05-17,"Maromaku",170,"Scrum-Half"
"Q452384","Julien Dupuy","Julien Dupuy",1983-12-19,"Périgueux",NA,NA,178,"Scrum-Half"
"Q453066","Władysław Komar","Władysław Komar",1940-04-11,NA,1998-08-17,NA,196,NA
"Q454123","Rob Kearney","Rob Kearney",1986-03-26,"County Louth",NA,NA,185,"Fullback; Winger"
"Q455124","Wilson Whineray","Wilson Whineray",1935-07-10,"Auckland",2012-10-22,"Auckland",183,"Prop"
"Q460627","Sam Warburton","Sam Warburton",1988-10-05,"Cardiff",NA,NA,188,"Flanker"
"Q460637","Jonathan Davies","Jonathan Davies",1988-04-05,"Solihull",NA,NA,186,"Centre"
"Q460934","Morgan Stoddart","Morgan Stoddart",1984-09-23,"Trealaw",NA,NA,186,"Fullback; Winger"
"Q461349","Oscar Kreuzer",NA,NA,NA,NA,NA,NA,NA
"Q463531","Jean-Baptiste Charcot","Jean-Baptiste Charcot",1867-07-15,NA,1936-09-16,NA,NA,"Prop"
"Q465470","Sébastien Chabal","Sébastien Chabal",1977-12-08,"Valence; Drôme",NA,NA,191,"Number 8; Flanker; 2nd Row"
"Q469706","Percy Montgomery","Percy Montgomery",1974-03-15,"Walvis Bay",NA,NA,183,"Fullback"
"Q472853","Alan Quinlan","Alan Quinlan",1974-07-13,"Tipperary (town)",NA,NA,190,"Flanker"
"Q474788","Matthew Rees","Matthew Rees",1980-12-09,"Tonyrefail",NA,NA,188,"Hooker"
"Q475438","Vincent Clerc","Vincent Clerc",1981-05-07,"Échirolles",NA,NA,178,"Winger"
"Q496505","Heyneke Meyer","Heyneke Meyer",1967-10-06,"Mbombela",NA,NA,NA,NA
"Q501604","Florian Faure","Florian Faure",1983-03-26,"La Tronche",NA,NA,194,"3rd Row"
"Q501628","Olivier Chaplain","Olivier Chaplain",1982-01-06,"Paris",NA,NA,191,"Number 8"
"Q501868","Mathieu Nicolas","Matthieu Nicolas",1987-02-11,"Valence; Drôme",NA,NA,180,"Winger; Fullback; Fly-Half"
"Q501873","Lucas Dupont","Lucas Dupont",1990-03-19,"Échirolles",NA,NA,178,"Winger"
"Q501877","Clément Darbo","Clément Darbo",1986-01-13,"Pau; Pyrénées-Atlantiques",NA,NA,176,"Scrum-Half"
"Q503407","James Haskell","James Haskell",1985-04-02,"Windsor; Berkshire",NA,NA,193,"Flanker"
"Q503493","John Bevan","John Bevan",1948-03-12,"Neath",1986-06-05,"Port Talbot",173,"Fly-Half"
"Q503776","Andrew Bishop","Andrew Bishop",1985-08-07,"Llantrisant",NA,NA,183,"Centre"
"Q504581","Andrew Ellis","Andy Ellis",1984-02-21,"Christchurch",NA,NA,182,"Scrum-Half"
"Q505193","Andrew Hore","Andrew Hore",1978-09-13,"Dunedin",NA,NA,183,"Hooker"
"Q506299","Andrew Mehrtens","Andrew Mehrtens",1973-04-28,"Durban",NA,NA,178,"Fly-Half"
"Q506434","Luke Fitzgerald","Luke Fitzgerald",1987-09-13,"County Wicklow",NA,NA,185,"Centre; Winger; Fullback"
"Q506917","Marcos Ayerza","Marcos Ayerza",1983-01-12,"Buenos Aires",NA,NA,186,"Prop"
"Q507506","Fabio Staibano","Fabio Staibano",1983-04-20,"Eboli",NA,NA,183,"Prop"
"Q508105","Andrew Trimble","Andrew Trimble",1984-10-20,"Coleraine",NA,NA,188,"Winger; Centre"
"Q508342","André Venter","André Venter",1970-11-14,"Vereeniging",NA,NA,195,"Flanker; 2nd Row"
"Q509518","Teddy Sadaoui","Teddy Sadaoui",1983-04-18,"Carcassonne",NA,NA,190,NA
"Q510441","Steve Bainbridge","Steve Bainbridge",1956-10-07,NA,NA,NA,200,"2nd Row"
"Q512161","Juan Severino Somoza","Juan Severino",1981-09-16,NA,NA,NA,185,"Flanker; Number 8; 2nd Row"
"Q512413","J. J. Williams","J. J. Williams",1948-04-01,"Nantyffyllon",2020-10-29,NA,175,"Winger"
"Q513201","Ken Jones","Ken Jones",1921-12-30,"Blaenavon",2006-04-18,"Newport; Wales",NA,"Winger"
"Q515485","Ricky Januarie","Enrico Januarie",1982-02-01,"Hopefield",NA,NA,168,"Scrum-Half"
"Q517519","Norm Maxwell","Norm Maxwell",1976-03-05,"Rawene",NA,NA,198,"2nd Row"
"Q517812","Craig Green","Craig Green",1961-03-23,"Christchurch",NA,NA,178,"Winger; Centre"
"Q517871","Frederick Maurice Watson Harvey","Fred Harvey",1888-09-01,NA,1980-08-24,NA,NA,"Fly-Half"
"Q518014","Laurent Bénézech","Laurent Bénézech",1966-12-19,"Pamiers",NA,NA,183,"Prop"
"Q518349","Gary Botha","Gary Botha",1981-10-12,"Pretoria",NA,NA,181,"Hooker"
"Q519164","Wenceslas Lauret","Wenceslas Lauret",1989-03-28,"Tarbes",NA,NA,188,"Flanker"
"Q519358","Alex Cuthbert","Alex Cuthbert",1990-04-05,"Gloucester",NA,NA,198,"Winger"
"Q519589","Mike Phillips","Michael Phillips",1982-08-29,"Carmarthen",NA,NA,191,"Scrum-Half"
"Q519903","Gavin Hume","Gavin Hume",1980-03-25,"Riversdale; South Africa",NA,NA,187,"Centre; Fly-Half; Fullback"
"Q521927","Brad Thorn","Brad Thorn",1975-02-03,"Mosgiel",NA,NA,195,"2nd Row"
"Q522429","Ned Haig","Ned Haig",1858-12-07,NA,1939-03-29,NA,NA,"Scrum-Half"
"Q525873","Shane Williams","Shane Williams",1977-02-26,"Swansea",NA,NA,170,"Winger"
"Q526295","Andy Irvine","Andy Irvine",1951-09-16,"Edinburgh",NA,NA,177,"Fullback"
"Q527084","Andy Powell","Andy Powell",1981-08-23,"Brecon",NA,NA,193,"Number 8"
"Q528784","Wynand Olivier","Wynand Olivier",1983-06-11,"Welkom",NA,NA,186,"Centre"
"Q532570","Wyatt Crockett","Wyatt Crockett",1983-01-24,"Christchurch",NA,NA,193,"Prop"
"Q533038","William Renwick","William Renwick",1914-11-29,"Edinburgh",1944-06-15,"Bolsena",NA,"Winger"
"Q534779","Tony Spreadbury","Tony Spreadbury",1962-03-28,NA,NA,NA,NA,NA
"Q537512","Michel Yachvili","Michel Yachvili",1946-09-25,"Tulle",NA,NA,178,"Hooker; Flanker"
"Q537574","Oscar Collodo","Oscar Collodo",1958-08-16,NA,NA,NA,NA,"Fly-Half"
"Q537903","Levan Datunashvili","Levan Datunashvili",1983-01-18,"Tbilisi",NA,NA,196,"2nd Row"
"Q537933","Joe Warbrick","Joe Warbrick",1862-01-01,"Rotorua",1903-08-30,"Waimungu",NA,"Three-Quarter"
"Q538355","Nelson Dalzell","Nelson Dalzell",1921-04-26,"Rotherham; New Zealand",1989-04-30,"Christchurch",188,"2nd Row"
"Q539740","Joe Ward","Joe Ward",1980-06-03,"Dannevirke",NA,NA,183,"Hooker"
"Q540060","Ken Kennedy","Ken Kennedy",1941-05-10,"Rochester; Kent",2022-07-14,NA,182,"Hooker"
"Q540685","Stu Wilson","Stu Wilson",1954-07-22,"Gore; New Zealand",NA,NA,183,"Winger"
"Q540932","Brian Carney","Brian Carney",1976-07-23,"Cork (city)",NA,NA,180,"Winger"
"Q541164","Bryan Williams","Bryan Williams",1950-10-03,"Auckland",NA,NA,179,"Winger"
"Q542332","Paul Williams","Paul Williams",1983-04-22,"Auckland",NA,NA,188,"Centre; Fullback; Winger"
"Q542818","Nic Berry","Nic Berry",1984-03-13,"Brisbane",NA,NA,173,"Scrum-Half"
"Q542948","Federico Nicolás Sánchez","Nicolás Sánchez",1988-10-26,"San Miguel de Tucumán",NA,NA,178,"Fly-Half"
"Q543135","Patrice Lagisquet","Patrice Lagisquet",1962-09-04,"Arcachon",NA,NA,183,"Winger"
"Q543795","Simon Best","Simon Best",1978-02-11,"Craigavon",NA,NA,185,"Prop"
"Q544142","Eoin Reddan","Eoin Reddan",1980-11-20,"Limerick",NA,NA,176,"Scrum-Half"
"Q544444","Brett Papworth","Brett Papworth",1963-11-05,"Sydney",NA,NA,NA,"Centre"
"Q544594","Tony Daly","Tony Daly",1966-03-07,NA,NA,NA,178,"Prop"
"Q546277","André Pretorius","Andre Pretorius",1978-12-29,"Johannesburg",NA,NA,176,"Fly-Half"
"Q547478","Mike Campbell-Lamerton","Mike Campbell-Lamerton",1933-08-01,"Valletta",2005-03-17,"Warwickshire",NA,"2nd Row"
"Q549490","Anthony Foley","Anthony Foley",1973-10-30,"Limerick",2016-10-16,"Suresnes",191,"Number 8"
"Q553979","Grzegorz Kacała","Gregory Kacala",1966-03-15,"Gdańsk",NA,NA,194,"Flanker"
"Q568655","Joseph Roffo",NA,1879-01-21,"10th arrondissement of Paris",1933-02-05,"16th arrondissement of Paris",NA,NA
"Q569150","David Aucagne","David Aucagne",1973-02-14,"Vichy",NA,NA,178,"Fly-Half"
"Q573987","Dave Gallaher","David Gallaher",1873-10-30,"Ramelton",1917-10-04,"Passendale",183,"Winger"
"Q577587","Martyn Jordan","Martyn Jordan",1865-03-07,"Clifton; Bristol",1902-07-14,"Newport; Wales",NA,"Three-Quarter"
"Q577765","Zachary Pangelinan",NA,NA,NA,NA,NA,NA,NA
"Q577781","Bruno Bordenave","Bruno Bordenave",1982-06-26,NA,NA,NA,192,"Flanker"
"Q577868","Jone Daunivucu","Jone Daunivucu",1977-06-01,"Lautoka",NA,NA,180,"Winger; Scrum-Half"
"Q578247","Denis Fogarty","Denis Fogarty",1983-07-16,"Limerick",NA,NA,183,"Hooker"
"Q578310","Olivier Brouzet","Olivier Brouzet",1972-11-22,"Béziers",NA,NA,204,"2nd Row"
"Q579257","Nicolas Mas","Nicolas Mas",1980-05-23,"Perpignan",NA,NA,180,"Tighthead Prop"
"Q579573","Louis Picamoles","Louis Picamoles",1986-02-05,"Paris",NA,NA,192,"Number 8"
"Q579946","Len Killeen","Len Killeen",1938-11-19,"Gqeberha",2011-10-31,"Gqeberha",180,"Winger"
"Q581829","Joe Maddock","Joe Maddock",1978-12-20,"Christchurch",NA,NA,173,"Winger; Fullback"
"Q582609","Fernando Morel","Fernando Morel",1958-07-01,"Buenos Aires",NA,NA,NA,"Prop"
"Q582826","Nando Parrado","Fernando Parrado",1949-12-09,NA,NA,NA,NA,NA
"Q582926","Ephraim Taukafa","Ephraim Taukafa",1976-06-26,"Auckland",NA,NA,180,"Hooker"
"Q584317","Mervyn Davies","Mervyn Davies",1946-12-09,"Swansea",2012-03-15,"Swansea",194,"Number 8"
"Q585747","Jack Williams","Jack Williams",1882-11-18,"Wales",1911-08-28,"Sokoto (city)",NA,"2nd Row"
"Q586437","Jason Robinson","Jason Robinson",1974-07-30,"Leeds",NA,NA,172,"Winger; Fullback"
"Q588193","Felipe Contepomi","Felipe Contepomi",1977-08-20,"Buenos Aires",NA,NA,180,"Fly-Half; Centre"
"Q588403","Grant Batty","Grant Batty",1951-08-31,"Greytown; New Zealand",NA,NA,165,"Winger; Centre"
"Q590826","Rory Lamont","Rory Lamont",1982-10-10,"Perth; Scotland",NA,NA,188,"Winger; Fullback"
"Q590943","John Welborn","John Welborn",1970-09-08,NA,NA,NA,NA,"2nd Row"
"Q591370","Serge Betsen","Serge Betsen",1974-03-25,"Kumba",NA,NA,182,"Flanker"
"Q591492","Shaun Perry","Shawn Perry",1978-05-04,"Wolverhampton",NA,NA,180,"Scrum-Half"
"Q592277","Anton Oliver","Anton Oliver",1975-09-09,"Invercargill",NA,NA,184,"Hooker"
"Q593538","Alexandru Manta","Alexandru Manta",1977-06-07,"Bucharest",NA,NA,190,"Number 8; Flanker"
"Q593893","Matteo Mazzantini","Matteo Mazzantini",1976-10-24,"Livorno",NA,NA,178,"Scrum-Half"
"Q594222","Marc Dal Maso","Marc Dal Maso",1967-02-14,"Escalans",NA,NA,180,"Hooker"
"Q594828","Peter Grigg","Peter Grigg",1958-07-20,"Millaa Millaa",NA,NA,NA,"Winger"
"Q595313","Andrew Blowers","Andrew Blowers",1975-03-27,"Auckland",NA,NA,193,"Flanker; Number 8"
"Q596064","Fulgence Ouedraogo","Fulgence Ouedraogo",1986-07-21,"Ouagadougou",NA,NA,187,"Flanker"
"Q597161","Butch James","Butch James",1979-01-08,"Johannesburg",NA,NA,186,"Fly-Half; Centre"
"Q598270","Robert Ebersohn","Robert Ebersohn",1989-02-23,"Bloemfontein",NA,NA,180,"Centre"
"Q598568","Robbie Brink","Robbie Brink",1971-07-21,NA,NA,NA,196,"Flanker"
"Q599061","Yoann Maestri","Yoann Maestri",1988-01-14,"Hyères",NA,NA,202,"2nd Row"
"Q599563","Jim Calder","Jim Calder",1957-08-20,NA,NA,NA,NA,"Flanker"
"Q600196","Sean Fitzpatrick","Sean Fitzpatrick",1963-06-04,"Auckland",NA,NA,183,"Hooker"
"Q601678","Ben Youngs","Ben Youngs",1989-09-05,"Cawston; Norfolk",NA,NA,178,"Scrum-Half"
"Q602404","Teddy Morgan","Teddy Morgan",1880-05-22,"Aberdare",1949-09-01,"North Walsham",NA,"Winger"
"Q605301","Ben Cairns","Ben Cairns",1985-09-29,"Leeds",NA,NA,183,"Centre"
"Q605864","Gabriel Fulcher","Gabriel Fulcher",1969-11-27,"Aldershot",NA,NA,195,"2nd Row"
"Q606698","Stephen Fry","Stephen Fry",1924-07-14,NA,2002-06-29,NA,NA,"Flanker"
"Q607384","Mirco Bergamasco","Mirco Bergamasco",1983-02-23,"Padua",NA,NA,181,"Centre; Winger"
"Q607457","Louis Moolman","Louis Moolman",1951-01-21,NA,2006-02-10,NA,NA,"2nd Row"
"Q609199","Hugo Horn","Hugo Horn",1977-05-09,"Mariental; Namibia",NA,NA,182,"Hooker"
"Q609538","Chris Masoe","Chris Masoe",1979-05-15,"Savaiʻi",NA,NA,183,"Flanker; Number 8"
"Q610400","Theuns Kotzé","Theuns Kotzé",1987-07-16,"Karasburg",NA,NA,181,"Fly-Half"
"Q611049","Austin Healey","Austin Healey",1973-10-26,"Wallasey",NA,NA,178,"Scrum-Half; Winger; Fly-Half; Fullback"
"Q612984","Ian Hunter","Ian Hunter",1969-02-15,"Harrow; London",NA,NA,188,"Winger; Fullback"
"Q614602","Roberto Canessa","Roberto Canessa",1953-01-17,NA,NA,NA,NA,NA
"Q614928","Cliff Morgan","Cliff Morgan",1930-04-07,"Trebanog",2013-08-29,"Bembridge",170,"Fly-Half"
"Q616217","Santiago González Bonorino","Santiago González Bonorino",1975-05-05,"Buenos Aires",NA,NA,190,"Prop"
"Q616384","Haralambie Dumitraș","Hari Dumitras",1960-02-11,"Siret",NA,NA,192,"Number 8"
"Q617154","Giambattista Croci","Giambattista Croci",1965-07-28,"San Benedetto del Tronto",NA,NA,200,"2nd Row"
"Q628564","Jean Bayard","Jean Bayard",1897-10-23,"Toulouse",1995-03-11,"Toulouse",172,"Hooker"
"Q630058","Derick Hougaard","Derick Hougaard",1983-01-04,"Citrusdal",NA,NA,175,"Fly-Half"
"Q630724","Michel Crauste","Michel Crauste",1934-07-06,"Saint-Laurent-de-Gosse",2019-05-02,"Pau; Pyrénées-Atlantiques",181,"Flanker; Number 8"
"Q631000","Glen Ella","Glen Ella",1959-06-05,"La Perouse; New South Wales",NA,NA,NA,"Fullback"
"Q635409","Benn Robinson","Benn Robinson",1984-07-19,"Sydney",NA,NA,183,"Prop"
"Q635697","Constantin Henriquez","Constantin Henriquez",1876-01-01,"Port-de-Paix",1942-02-01,"Port-au-Prince",NA,NA
"Q635864","Dan Cole","Dan Cole",1987-05-09,"Leicester",NA,NA,191,"Prop"
"Q636885","Tim Gavin","Tim Gavin",1963-11-20,"Cumnock",NA,NA,198,"Number 8"
"Q638010","Mike Pletch","Mike Pletch",1983-04-12,NA,NA,NA,NA,"Prop"
"Q639770","Josh Valentine","Joshua Valentine",1983-02-22,"Newcastle; New South Wales",NA,NA,177,"Scrum-Half"
"Q639951","Octavio Bartolucci","Octavio Bartolucci",1975-03-08,"Rosario",NA,NA,196,"Winger"
"Q641995","Mike Barbieri","Mike Barbieri",1978-07-07,"Toronto",NA,NA,185,"Prop"
"Q641999","Will Genia","Will Genia",1988-01-17,"Port Moresby",NA,NA,174,"Scrum-Half"
"Q642380","Colin Meads","Colin Meads",1936-06-03,"Cambridge; New Zealand",2017-08-20,"Te Kūiti",192,"2nd Row"
"Q642630","Harry Payne","Harry Payne",1907-12-10,"Llangyfelach",2000-12-22,"Morriston",NA,"Prop"
"Q644811","Robert Seddon","Bob Seddon",1860-07-01,"Salford",1888-08-15,"Maitland; New South Wales",NA,"Forward"
"Q645540","Nicolás Fernández Miranda","Nicolás Fernández Miranda",1972-11-25,"Buenos Aires",NA,NA,177,"Scrum-Half"
"Q646015","James Grindal","James Grindal",1980-08-18,"Nuneaton",NA,NA,175,"Scrum-Half"
"Q646952","Gillian Galan","Gillian Galan",1991-08-07,"Montauban",NA,NA,193,"Number 8; 2nd Row"
"Q649080","Akvsenti Giorgadze","Akvsenti Giorgadze",1976-06-04,"Kutaisi",NA,NA,177,"Hooker"
"Q649976","Laurent Emmanuelli","Laurent Emmanuelli",1976-09-10,"Toulon",NA,NA,190,"Prop"
"Q650640","Frantz Reichel",NA,NA,NA,NA,NA,NA,NA
"Q651186","Gordon Brown","Gordon Brown",1947-11-01,"Troon",2001-03-19,"Ayr",193,"2nd Row"
"Q651250","Dave Walder","Dave Walder",1978-05-07,"Newcastle upon Tyne",NA,NA,178,"Fly-Half; Fullback"
"Q651983","Gary Whetton","Gary Whetton",1959-12-15,"Auckland",NA,NA,198,"2nd Row"
"Q657322","Joël Jutge",NA,1966-04-05,"Lavaur; Tarn",NA,NA,NA,NA
"Q658254","Melrick Africa","Melrick Africa",1978-01-18,"Rehoboth; Namibia",NA,NA,182,"Winger"
"Q660403","Jean Prat","Jean Prat",1923-08-01,"Lourdes",2005-02-25,"Tarbes",178,"Flanker"
"Q660800","Frederick Stokes","Frederick Stokes",1850-07-12,"Greenwich",1929-02-07,"Baughurst",NA,NA
"Q662781","Anthony Boric","Anthony Boric",1983-12-27,"Auckland",NA,NA,200,"2nd Row; Flanker"
"Q662951","Roy Mathias","Roy Mathias",1949-09-02,"Llanelli",NA,NA,NA,"Winger"
"Q664074","Akapusi Qera","Akapusi Qera",1984-04-24,"Suva",NA,NA,194,"Flanker; Number 8"
"Q664469","Sisa Koyamaibole","Sisa Koyamaibole",1980-03-06,"Suva",NA,NA,192,"Number 8; Flanker"
"Q665978","Diego Cash","Diego Cash",1961-08-10,"Buenos Aires",NA,NA,NA,"Prop"
"Q667580","Willie Kyle","William Kyle",1881-07-13,"Hawick",1959-12-11,NA,NA,"Forward"
"Q667796","Akona Ndungane","Akona Ndungane",1981-02-20,"Mthatha",NA,NA,183,"Winger"
"Q668066","Paul Tito","Paul Tito",1978-06-09,"Taumarunui",NA,NA,198,"2nd Row"
"Q668587","Fergie McCormick","Fergie McCormick",1939-04-24,"Ashburton; New Zealand",2018-04-10,"Christchurch",170,"Fullback"
"Q670241","Vladimir Aïtoff","Vladimir Aïtoff",1879-08-05,"Paris",1963-09-06,NA,180,NA
"Q670394","Nathan Hines","Nathan Hines",1976-11-29,"Wagga Wagga",NA,NA,200,"2nd Row"
"Q671300","Keith Gleeson","Keith Gleeson",1976-06-17,"Dublin",NA,NA,186,"Flanker"
"Q671369","Romain Teulet","Romain Teulet",1978-02-05,"Bergerac; Dordogne",NA,NA,163,"Fullback; Scrum-Half; Fly-Half"
"Q677184","Joe Pietersen","Joe Pietersen",1984-05-18,"Vryheid",NA,NA,180,"Winger; Fullback"
"Q677419","Kitch Christie","Kitch Christie",1940-01-31,"Johannesburg",1998-04-22,"Pretoria",NA,"Flanker"
"Q679613","Ben McCalman","Ben McCalman",1988-03-18,"Dubbo",NA,NA,191,"Flanker; Number 8"
"Q680326","Matías Corral","Matías Corral",1968-08-10,"Buenos Aires",NA,NA,NA,"Prop"
"Q680818","Billy Twelvetrees","Billy Twelvetrees",1988-11-15,"Chichester",NA,NA,191,"Centre; Fly-Half"
"Q681795","Émile Sarrade","Émile Sarrade",1877-03-10,NA,1953-10-14,NA,NA,NA
"Q682817","David Denton","David Denton",1990-02-05,"Marondera",NA,NA,196,"Number 8; Flanker"
"Q684865","Alexandre Audebert","Alexandre Audebert",1977-08-04,"Suresnes",NA,NA,187,"Flanker"
"Q685157","Pat Spence",NA,NA,NA,NA,NA,NA,NA
"Q690625","Didier Camberabero","Didier Camberabero",1961-01-09,"Valence; Drôme",NA,NA,176,"Fly-Half"
"Q690729","Vilimoni Delasau","Vilimoni Delasau",1977-07-12,"Ba (town)",NA,NA,190,"Winger"
"Q692832","Hendrik le Roux","Hennie le Roux",1967-07-10,"Makhanda; South Africa",NA,NA,175,"Fly-Half; Centre"
"Q693345","Marius Hurter","Marius Hurter",1970-10-08,NA,NA,NA,188,"Prop"
"Q704657","John McKenna",NA,NA,NA,NA,NA,NA,NA
"Q707683","Marcello Fiasconaro",NA,NA,NA,NA,NA,NA,NA
"Q715091","Jacques Fouroux","Jacques Fouroux",1947-07-24,"Auch",2005-12-17,"Auch",163,"Scrum-Half"
"Q715492","Arturo Rodríguez",NA,NA,NA,NA,NA,NA,NA
"Q716246","Peter MacKay",NA,NA,NA,NA,NA,NA,NA
"Q717879","John O'Neil","John O'Neil",1898-10-04,"Faulkton; South Dakota",1950-03-25,"Los Angeles",177,"Prop; Hooker"
"Q718533","Owen Farrell","Owen Farrell",1991-09-24,"Wigan",NA,NA,188,"Fly-Half; Centre"
"Q721331","Jacques Forestier","Jacques Forestier",1890-07-27,NA,1978-03-17,NA,NA,"Prop"
"Q722819","Leon MacDonald","Leon MacDonald",1977-12-21,"Blenheim; New Zealand",NA,NA,181,"Fullback; Centre; Fly-Half"
"Q723044","Grant Fox","Grant Fox",1962-06-06,"New Plymouth",NA,NA,175,"Fly-Half"
"Q723121","Byron Kelleher","Byron Kelleher",1976-12-03,"Dunedin",NA,NA,175,"Scrum-Half"
"Q723260","Justin Marshall","Justin Marshall",1973-08-05,"Gore; New Zealand",NA,NA,179,"Scrum-Half"
"Q723355","Nick Evans","Nick Evans",1980-08-14,"North Shore; New Zealand",NA,NA,180,"Fly-Half; Fullback"
"Q723617","John Kirwan","John Kirwan",1964-12-16,"Auckland",NA,NA,192,"Winger"
"Q723626","Conrad Smith","Conrad Smith",1981-10-12,"Hāwera",NA,NA,186,"Centre"
"Q723836","Isaia Toeava","Isaia Toeava",1986-01-15,"Moto'otua",NA,NA,181,"Centre; Winger; Fullback; Fly-Half"
"Q723988","Neemia Tialata","Neemia Tialata",1982-07-15,"Lower Hutt",NA,NA,187,"Prop"
"Q724072","Bob Scott","Bob Scott",1921-02-06,"Wellington",2012-11-16,"Coromandel; New Zealand",178,"Fullback"
"Q725298","Ondřej Sekora","Ondřej Sekora",1899-09-25,NA,1967-07-04,NA,NA,NA
"Q725555","J. P. R. Williams","JPR Williams",1949-03-02,"Bridgend",2024-01-08,"Cardiff",185,"Fullback"
"Q725671","Michael Jones","Michael Jones",1965-04-08,"Auckland",NA,NA,185,"Flanker"
"Q726148","Richie McCaw","Richie McCaw",1980-12-31,"Oamaru",NA,NA,187,"Flanker"
"Q726173","Os du Randt","Os du Randt",1972-09-08,"Elliot",NA,NA,190,"Loosehead Prop"
"Q726199","Dan Carter","Dan Carter",1982-03-05,"Leeston",NA,NA,178,"Fly-Half; Centre"
"Q726224","CJ van der Linde","CJ van der Linde",1980-08-27,"Welkom",NA,NA,190,"Tighthead Prop"
"Q727503","Taniela Moa","Taniela Moa",1985-03-11,"Tongatapu",2021-12-16,"Auckland",180,"Scrum-Half; Fly-Half"
"Q728126","Laloa Milford","Laloa Milford",1976-09-20,NA,NA,NA,176,"Winger"
"Q729183","Ben Alexander","Ben Alexander",1984-11-13,"Sydney",NA,NA,189,"Prop"
"Q730127","Raoul Thiercelin","Raoul Thiercelin",1898-03-12,"Savigny-sur-Braye",1988-05-01,"Saint-Mandé",NA,"Scrum-Half"
"Q730593","Paul Doran-Jones","Paul Doran-Jones",1985-05-02,"London Borough of Enfield",NA,NA,188,"Prop"
"Q730932","Elliot Bunney",NA,NA,NA,NA,NA,NA,NA
"Q732909","Greg Holmes","Greg Holmes",1983-06-11,"Warwick; Queensland",NA,NA,183,"Prop"
"Q733440","Thomas Ellison","Thomas  Ellison",1867-11-11,"Otakou",1904-10-02,"Wellington",NA,"Forward"
"Q733831","Ronan O'Gara","Ronan O'Gara",1977-03-07,"San Diego",NA,NA,183,"Fly-Half"
"Q737072","Stirling Mortlock","Stirling Mortlock",1977-05-20,"Sydney",NA,NA,191,"Centre"
"Q740409","Marc Stcherbina","Marc Stcherbina",1976-12-07,"Sydney",NA,NA,183,"Centre"
"Q741112","Ieuan Evans","Ieuan Evans",1964-03-21,"Pontarddulais",NA,NA,178,"Winger"
"Q742133","Des Fitzgerald","Des Fitzgerald",1957-12-20,"Dublin",NA,NA,186,"Prop"
"Q742873","Danie Craven","Danie Craven",1910-10-11,"Lindley; Free State",1993-01-04,"Stellenbosch",179,"Scrum-Half"
"Q742960","Alessandro Troncon","Alessandro Troncon",1973-09-06,"Treviso",NA,NA,178,"Scrum-Half"
"Q743099","Stuart Lancaster","Stuart Lancaster",1969-10-09,"Penrith; Cumbria",NA,NA,NA,"Flanker"
"Q743330","Alex Brown","Alex Brown",1979-05-17,"Bristol",NA,NA,200,"2nd Row"
"Q745050","Antonio Beltrán Rodríguez","Antonio Beltran",1981-06-26,"Seville",NA,NA,177,"Scrum-Half"
"Q745663","Aleki Lutui","Aleki Lutui",1978-07-01,"Tongatapu",NA,NA,178,"Hooker; Prop"
"Q746140","Dave Lougheed","Dave Lougheed",1968-04-11,"Toronto",NA,NA,188,"Winger; Centre"
"Q746834","Jeff Miller","Jeff Miller",1962-07-04,NA,NA,NA,NA,"Flanker"
"Q747292","Gavin Duffy","Gavin Duffy",1981-09-18,"Ballina; County Mayo",NA,NA,185,"Fullback; Centre"
"Q747488","Mathieu Bonello","Mathieu Bonello",1982-09-23,"Albi",NA,NA,181,"Hooker"
"Q747885","Arnaud Marchois","Arnaud Marchois",1983-06-18,"Châtenay-Malabry",NA,NA,200,"2nd Row"
"Q749148","Arnaud Costes","Arnaud Costes",1973-06-16,"Tulle",NA,NA,186,"Flanker"
"Q751510","Lloyd Burns","Lloyd Burns",1984-12-09,"Panteg",NA,NA,183,"Hooker"
"Q761487","Mathieu Bastareaud","Mathieu Bastareaud",1988-09-17,"Créteil",NA,NA,185,"Centre; Number 8"
"Q761775","Abel Albert","Abel Albert",1873-01-31,"6th arrondissement of Paris",1919-09-27,"4th arrondissement of Paris",NA,"Fly-Half"
"Q762029","David Leslie","David Leslie",1952-04-14,"Dundee",NA,NA,NA,"Flanker"
"Q762608","Ian Evans","Ian Evans",1984-10-04,"Johannesburg",NA,NA,204,"2nd Row"
"Q762620","Omar Hasan","Omar Hasan",1971-04-21,"Tucumán Province",NA,NA,183,"Prop"
"Q762944","Isoa Neivua","Isoa Neivua",1978-07-19,"Sigatoka",NA,NA,174,"Winger"
"Q763721","Haydn Tanner","Haydn Tanner",1917-01-09,"Penclawdd",2009-06-05,"East Goscote",NA,"Scrum-Half"
"Q766509","Nigel Melville","Nigel Melville",1961-01-06,NA,NA,NA,178,"Scrum-Half"
"Q766796","Morné Schreuder","Morne Schreuder",1979-09-05,NA,NA,NA,NA,"Fly-Half"
"Q767406","Sebastian Bozzi","Sebastian Bozzi",1971-06-01,"Buenos Aires",NA,NA,188,"Prop; Hooker"
"Q768777","Corné Krige","Corné Krige",1975-03-21,"Lusaka",NA,NA,190,"Flanker"
"Q768874","Sean O'Brien","Sean O'Brien",1987-02-14,"Carlow",NA,NA,188,"Flanker; Number 8"
"Q770412","Tom McGown","Tom McGown",1876-02-22,"Belfast",1956-07-15,"High Wycombe",NA,"Forward"
"Q772272","Alain Carminati","Alain Carminati",1966-08-17,"Champagnole",NA,NA,195,"Number 8; Flanker"
"Q774079","Simon Geoghegan","Simon Geoghegan",1968-09-01,"Knebworth",NA,NA,183,"Winger"
"Q775742","Barry John","Barry John",1945-01-06,"Cefneithin",2024-02-04,"Cardiff",178,"Fly-Half"
"Q776095","Joseph Pugsley","Joe Pugsley",1885-05-10,"Swansea",1976-06-13,"Cardiff",NA,"Hooker"
"Q776124","Olly Morgan","Olly Morgan",1985-11-03,"London",NA,NA,188,"Fullback"
"Q776564","Jean-Pierre Rives","Jean-Pierre Rives",1952-12-31,"Toulouse",NA,NA,180,"Flanker"
"Q777512","Raphaël Ibañez","Raphaël Ibañez",1973-02-17,"Dax; Landes",NA,NA,180,"Hooker"
"Q778307","Don Clarke","Don Clarke",1933-11-10,"Pihama",2002-12-29,"Johannesburg",188,"Fullback"
"Q779888","Jonathan Kaplan",NA,NA,NA,NA,NA,NA,NA
"Q780557","Sid Bevan","Sid Bevan",1877-05-02,"Morriston",1933-10-17,"Swansea",NA,"Forward"
"Q780661","Keith Robinson","Keith Robinson",1976-12-14,"Te Aroha",NA,NA,198,"2nd Row"
"Q780849","Scott Hastings","Scott Hastings",1964-12-04,"Edinburgh",NA,NA,NA,"Centre"
"Q781211","Ian Gough","Ian Gough",1976-11-10,"Panteg",NA,NA,196,"2nd Row"
"Q783392","Ramiro Martínez","Ramiro Martinez",1970-10-23,NA,NA,NA,183,"Prop"
"Q783645","Jean-Pierre Pérez","Jean-Pierre Pérez",1984-04-03,"Perpignan",NA,NA,188,"Flanker"
"Q784026","Chris Jones","Chris Jones",1980-06-24,"Manchester",NA,NA,199,"2nd Row"
"Q785829","Sébastien Morel","Sébastien Morel",1981-01-21,"Vichy",NA,NA,180,"Centre"
"Q786285","Cameron Lillicrap","Cameron Lillicrap",1963-04-19,"Brisbane",NA,NA,NA,"Prop"
"Q786362","Nicky Robinson","Nicky Robinson",1982-01-03,"Cardiff",NA,NA,185,"Fly-Half"
"Q786824","Boy Louw","Boy Louw",1906-02-21,"Wellington; South Africa",1988-05-03,"Bellville; South Africa",180,"Prop; 2nd Row; 3rd Row"
"Q787661","Matthias Rolland","Matthias Rolland",1979-07-02,"Dijon",NA,NA,198,"2nd Row"
"Q787770","John Timu","John Timu",1969-05-08,"Dannevirke",NA,NA,180,"Winger; Fullback"
"Q788236","Rima Wakarua","Rima Wakarua",1976-03-25,"North Shore; New Zealand",NA,NA,177,"Fly-Half; Fullback; Winger"
"Q793995","Zac Guildford","Zac Guildford",1989-02-08,"Greytown; New Zealand",NA,NA,182,"Winger; Fullback"
"Q799964","Mohamadou Diarra","Mohamadou Diarra",1983-09-26,NA,NA,NA,171,"Winger; Centre"
"Q800108","Jean-Maurice Oulouma","Jean-Maurice Oulouma",1983-03-12,NA,NA,NA,180,"Centre; Winger"
"Q804456","Bakkies Botha","Bakkies Botha",1979-09-22,"Newcastle; KwaZulu-Natal",NA,NA,202,"2nd Row"
"Q816494","Ben Franks","Ben Franks",1984-03-27,"Melbourne",NA,NA,185,"Prop"
"Q827102","Berrick Barnes","Berrick Barnes",1986-05-28,"Brisbane",NA,NA,183,"Fly-Half; Centre; Fullback"
"Q859787","Richard Kahui","Richard Kahui",1985-06-09,"Tokoroa",NA,NA,190,"Centre; Winger"
"Q861935","Bill Beaumont","Bill Beaumont",1952-03-09,"Preston; Lancashire",NA,NA,NA,"2nd Row"
"Q862313","Bill McLaren",NA,NA,NA,NA,NA,NA,NA
"Q863024","Billy Boston","Billy Boston",1934-08-06,"Butetown",NA,NA,NA,"Winger; Centre"
"Q883404","Bleddyn Williams","Bleddyn Williams",1923-02-22,"Taff's Well",2009-07-06,"Cardiff",NA,"Centre"
"Q892034","Carlin Isles","Carlin Isles",1989-11-12,NA,NA,NA,173,"Winger"
"Q897007","Bradley Davies","Bradley Davies",1987-01-09,"Llantrisant",NA,NA,198,"2nd Row"
"Q908859","Brendon Leonard","Brendon Leonard",1985-04-16,"Morrinsville",NA,NA,181,"Scrum-Half"
"Q912573","Brian Lochore","Brian Lochore",1940-09-03,"Masterton",2019-08-03,"Masterton",191,"Number 8"
"Q912889","Brian O'Driscoll","Brian O'Driscoll",1979-01-21,"Dublin",NA,NA,177,"Centre"
"Q914227","Justin Tipuric","Justin Tipuric",1989-08-06,"Neath",NA,NA,188,"Flanker"
"Q919397","Hugo Porta","Hugo Porta",1951-09-11,"Buenos Aires",NA,NA,NA,"Fly-Half"
"Q919501","Todd Clever","Todd Clever",1983-01-16,"Palm Springs; California",NA,NA,193,"Flanker"
"Q921039","Philippe Sella","Philippe Sella",1962-02-14,"Tonneins",NA,NA,181,"Centre"
"Q921375","Chris Latham","Chris Latham",1975-09-08,"Narrabri",NA,NA,192,"Fullback"
"Q921680","Clive Woodward","Clive Woodward",1956-01-06,"Ely; Cambridgeshire",NA,NA,180,"Centre"
"Q921935","Ryan Caldwell","Ryan Caldwell",1984-09-01,"Belfast",NA,NA,200,"2nd Row"
"Q922025","John Afoa","John Afoa",1983-10-16,"Auckland",NA,NA,183,"Prop"
"Q922170","Matt Giteau","Matthew Giteau",1982-09-29,"Sydney",NA,NA,178,"Fly-Half; Centre"
"Q923207","Christophe Dominici","Christophe Dominici",1972-05-20,"Toulon",2020-11-24,"Saint-Cloud",172,"Winger"
"Q924317","Alain Penaud","Alain Penaud",1969-07-19,"Juillac; Corrèze",NA,NA,182,"Fly-Half"
"Q924641","Marzio Innocenti","Marzio Innocenti",1958-09-04,"Livorno",NA,NA,NA,"Flanker"
"Q924729","Colin Slade","Colin Slade",1987-10-10,"Christchurch",NA,NA,183,"Fly-Half; Fullback; Winger"
"Q925097","Stephen Larkham","Stephen Larkham",1974-05-29,"Canberra",NA,NA,189,"Fly-Half; Fullback"
"Q925823","Richard Hyland","Dick Hyland",1900-07-26,"San Francisco",1981-07-16,"Wawona; California",NA,"Centre"
"Q926351","John Eales","John Eales",1970-06-27,"Brisbane",NA,NA,NA,"2nd Row"
"Q926984","Pedro Bordaberry","Pedro Bordaberry",1960-04-28,NA,NA,NA,NA,NA
"Q927905","Géo André",NA,1889-08-13,"Paris",1943-05-04,"Mateur",188,"Winger"
"Q928783","Gavin Kerr","Gavin Kerr",1977-04-03,"Newcastle upon Tyne",NA,NA,180,"Prop"
"Q930461","Duncan Jones","Duncan Jones",1978-09-18,"Neath",NA,NA,183,"Prop"
"Q930496","Rodrigo Roncero","Rodrigo Roncero",1977-02-16,"Buenos Aires",NA,NA,177,"Loosehead Prop"
"Q930517","Simon Taylor","Simon Taylor",1979-08-17,"Stirling",NA,NA,194,"Number 8"
"Q930546","Jean-François Montauriol","Jean-François Montauriol",1983-03-21,"Muret",NA,NA,199,"Flanker; 2nd Row"
"Q931973","Kini Murimurivalu","Kini Murimurivalu",1989-05-15,"Lami; Fiji",NA,NA,184,"Fullback; Winger; Centre"
"Q932094","Chris Cusiter","Chris Cusiter",1982-06-13,"Aberdeen",NA,NA,178,"Scrum-Half"
"Q932319","Jason White","Jason White",1978-04-17,"Edinburgh",NA,NA,196,"2nd Row; Flanker"
"Q932726","Roman Šuster","Roman Šuster",1978-01-08,"Prague",NA,NA,186,"Prop"
"Q932939","Thinus Delport","Thinus Delport",1975-02-02,"Gqeberha",NA,NA,188,"Fullback; Winger"
"Q933941","Tom Shanklin","Tom Shanklin",1979-11-24,"Harrow; London",NA,NA,188,"Centre; Winger"
"Q934120","Jonathan Thomas","Jonathan Thomas",1982-12-27,"Pembroke; Pembrokeshire",NA,NA,196,"2nd Row; Number 8; Flanker"
"Q934472","Dwayne Peel","Dwayne Peel",1981-08-31,"Carmarthen",NA,NA,175,"Scrum-Half"
"Q934531","Martyn Williams","Martyn Williams",1975-09-01,"Pontypridd",NA,NA,183,"Flanker"
"Q934587","Mark Jones","Mark Jones",1979-11-07,"Builth Wells",NA,NA,188,"Winger"
"Q934602","Colin Charvis","Colin Charvis",1972-12-27,"Sutton Coldfield",NA,NA,190,"Flanker; Number 8"
"Q934631","Gethin Jenkins","Gethin Jenkins",1980-11-17,"Llantwit Fardre",NA,NA,188,"Prop"
"Q934769","Huw Bennett","Huw Bennett",1983-06-11,"Ebbw Vale",NA,NA,183,"Hooker"
"Q934781","Warren Gatland","Warren Gatland",1963-09-17,"Hamilton; New Zealand",NA,NA,188,"Hooker"
"Q935470","Alex Wyllie","Alex Wyllie",1944-08-30,"Christchurch",NA,NA,185,"Flanker"
"Q935555","Olo Brown","Olo Brown",1967-10-24,"Apia",NA,NA,185,"Prop"
"Q935913","Roberto Quartaroli","Roberto Quartaroli",1988-03-24,"L'Aquila",NA,NA,185,"Centre; Winger"
"Q936012","James Horwill","James Horwill",1985-05-29,"Brisbane",NA,NA,200,"2nd Row"
"Q936035","Lionel Nallet","Lionel Nallet",1976-09-14,"Bourg-en-Bresse",NA,NA,197,"2nd Row"
"Q936307","Deacon Manu","Deacon Manu",1979-02-18,"New Plymouth",NA,NA,182,"Prop"
"Q936628","Brett Robinson","Brett Robinson",1970-01-24,"Toowoomba",NA,NA,188,"Flanker"
"Q936651","Cédric Heymans","Cédric Heymans",1978-07-20,"Brive-la-Gaillarde",NA,NA,179,"Winger; Fullback"
"Q936712","Dan Parks","Dan Parks",1978-05-26,"Hornsby; New South Wales",NA,NA,180,"Fly-Half"
"Q938312","Alejandro Allub","Alejandro Allub",1976-12-11,"Córdoba; Argentina",NA,NA,196,"2nd Row"
"Q938512","Mark Nicholls","Mark Nicholls",1901-07-13,"Greytown; New Zealand",1972-06-10,"Tauranga",178,"Fly-Half; Centre"
"Q938743","David Codey","David Codey",1957-07-07,"Sydney",NA,NA,NA,"Flanker"
"Q938814","Geordan Murphy","Geordan Murphy",1978-04-19,"Dublin",NA,NA,185,"Winger; Fullback"
"Q941226","Ross Ford","Ross Ford",1984-04-23,"Edinburgh",NA,NA,185,"Hooker"
"Q941295","Mauro Bergamasco","Mauro Bergamasco",1979-05-01,"Padua",NA,NA,185,"Flanker"
"Q941509","Andrea Moretti","Andrea Moretti",1972-11-13,"Mantua",NA,NA,178,"Hooker"
"Q941629","David MacMyn","David MacMyn",1903-02-18,"Kirkcudbright",1978-03-16,"Kirkcudbright",NA,"2nd Row"
"Q942066","Ian Roberts","Ian Roberts",1965-07-31,"London",NA,NA,NA,"Prop; 2nd Row"
"Q942535","Dugald MacDonald","Dugald MacDonald",1950-01-20,"Durban",NA,NA,185,"Number 8"
"Q944046","Justin Harrison","Justin Harrison",1974-04-20,"Sydney",NA,NA,202,"2nd Row"
"Q945352","Richie Collins","Richie Collins",1962-03-02,NA,NA,NA,NA,"Flanker"
"Q945353","Dink Templeton","Dink Templeton",1897-05-27,"Helena; Montana",1962-08-07,"Palo Alto; California",178,"Fullback"
"Q945368","George Fish","George Fish",1895-04-04,"Los Angeles",1977-02-22,"East Hampton; New York",173,"Number 8"
"Q945433","Erwin Righter",NA,NA,NA,NA,NA,NA,NA
"Q945457","Charles Doe","Charlie Doe",1898-09-04,"San Francisco",1995-11-19,"Contra Costa County; California",NA,"Scrum-Half"
"Q945481","Daniel Carroll","Daniel Carroll",1888-11-17,"Melbourne",1956-08-05,"New Orleans",NA,"Centre; Fullback; Winger"
"Q945495","Christopher McKivat","Chris McKivat",1880-11-27,"Cumnock",1941-05-04,"Camperdown; New South Wales",NA,"Fly-Half; Scrum-Half"
"Q946282","Marcel-Frédéric Lubin-Lebrère","Marcel-Frédéric Lubin-Lebrère",1891-07-21,NA,1972-07-07,NA,NA,"Prop"
"Q946830","George Dixon",NA,NA,NA,NA,NA,NA,NA
"Q947144","Mike Gibson","Mike Gibson",1942-12-03,"Belfast",NA,NA,181,"Centre"
"Q949204","Gareth Thomas","Gareth Thomas",1974-07-25,"Bridgend",NA,NA,190,"Centre; Fullback; Winger"
"Q949374","Wendell Sailor","Wendell Sailor",1974-07-16,"Sarina",NA,NA,191,"Winger"
"Q950114","Gwyn Nicholls","Erith Gwyn Nicholls",1874-07-15,"Westbury-on-Severn",1939-03-24,"Dinas Powys",NA,"Centre"
"Q950241","Juan Martín Fernández Lobbe","Juan MartínFernández Lobbe",1981-11-19,"Buenos Aires",NA,NA,194,"Flanker"
"Q952707","John Schwalger","John Schwalger",1983-09-28,"Apia",NA,NA,187,"Prop"
"Q953492","Tasesa Lavea","Tasesa Lavea",1980-01-10,"Taihape",NA,NA,176,"Fly-Half; Centre"
"Q953736","Troy Coker","Troy Coker",1965-05-30,"Brisbane",NA,NA,198,"Number 8; 2nd Row"
"Q956769","Ilia Zedginidze","Ilia Zedguinidze",1977-01-20,"Tbilisi",NA,NA,195,"2nd Row"
"Q957095","Poutasi Luafutu","Poutasi Luafutu",1987-12-02,"Invercargill",NA,NA,188,"Flanker"
"Q958264","Garath Archer","Garath Archer",1974-12-15,"Durham; England",NA,NA,198,"2nd Row"
"Q958919","Conway Rees","Conway Rees",1870-01-13,"Llandovery",1932-08-30,"Westminster",NA,"Centre"
"Q959311","Errol Tobias","Errol Tobias",1950-03-18,NA,NA,NA,175,"Centre"
"Q960013","Dave Pearson","Dave Pearson",1966-08-09,NA,NA,NA,NA,NA
"Q960245","Arthur Harding","Arthur Harding",1878-08-08,"Market Rasen",1947-05-15,"Whanganui",NA,"Forward"
"Q960459","Mark Cardinal","Mark Cardinal",1961-05-05,NA,NA,NA,NA,"Hooker"
"Q960657","Ronald Scobie",NA,NA,NA,NA,NA,NA,NA
"Q960699","Peter Dods","Peter Dods",1958-01-06,NA,NA,NA,NA,"Fullback"
"Q960819","Alexandru Penciu","Alex Penciu",1932-11-01,"Bucharest",2023-08-11,"Belluno",175,"Fullback; Centre"
"Q961659","Nicolas Spanghero","Nicolas Spanghero",1976-10-21,NA,NA,NA,NA,"2nd Row"
"Q963552","Cory Jane","Cory Jane",1983-02-08,"Lower Hutt",NA,NA,183,"Winger; Fullback"
"Q963878","Shane Horgan","Shane Horgan",1978-07-18,"Bellewstown",NA,NA,193,"Winger"
"Q964302","John Hayes","John Hayes",1973-11-02,"Limerick",NA,NA,193,"Prop"
"Q964396","Peter Sutherland","Peter Sutherland",1946-04-25,NA,2018-01-07,NA,NA,NA
"Q964516","Gordon D'Arcy","Gordon D'Arcy",1980-02-10,"Wexford",NA,NA,180,"Centre; Winger"
"Q965304","Gareth Wyatt","Gareth Wyatt",1977-03-04,"Pontypridd",NA,NA,177,"Winger; Fullback"
"Q965625","Will Johnson","Will Johnson",1974-03-18,"Solihull",NA,NA,193,"Flanker; Number 8"
"Q966223","Jean Bruneval","Jean Bruneval",1899-12-28,"Rennes",1975-12-09,"Paris",NA,"2nd Row"
"Q970683","Joe Simpson","Joe Simpson",1988-07-05,"Sydney",NA,NA,178,"Scrum-Half"
"Q971098","Ben Foden","Ben Foden",1985-07-22,"Chester",NA,NA,183,"Fullback; Scrum-Half"
"Q971418","Stephen Brett","Stephen Brett",1985-11-23,"Waiouru",NA,NA,185,"Fly-Half; Centre; Fullback"
"Q971565","Dow Travers",NA,NA,NA,NA,NA,NA,NA
"Q971887","Santiago Dellapè","Santiago Dellapè",1978-05-09,"La Plata",NA,NA,198,"2nd Row"
"Q971915","Joost van der Westhuizen","Joost van der Westhuizen",1971-02-20,"Pretoria",2017-02-06,"Johannesburg",185,"Scrum-Half"
"Q972956","Jamie Noon","Jamie Noon",1979-05-09,"Goole",NA,NA,178,"Centre"
"Q976977","Jack Gregory",NA,NA,NA,NA,NA,NA,NA
"Q979163","Carwyn James","Carwyn James",1929-11-02,"Cefneithin",1983-01-10,"Amsterdam",NA,"Fly-Half; Centre"
"Q979204","Gerald Davies","Gerald Davies",1945-02-07,"Llansaint",NA,NA,175,"Winger"
"Q979301","John Dawes","John Dawes",1940-06-29,"Abercarn",2021-04-16,NA,178,"Centre"
"Q979336","Delme Thomas","Delme Thomas",1942-09-12,"Bancyfelin",NA,NA,191,"2nd Row"
"Q981549","Sitiveni Rabuka",NA,NA,NA,NA,NA,NA,NA
"Q981688","Ryan Bevington","Ryan Bevington",1988-12-09,"Bridgend",NA,NA,182,"Loosehead Prop"
"Q981870","Robin Welsh","Robin Welsh",1869-10-20,NA,1934-10-21,NA,NA,"Winger"
"Q981948","Rob Howley","Rob Howley",1970-10-13,"Bridgend",NA,NA,175,"Scrum-Half"
"Q982144","Juan Smith","Juan Smith",1981-07-30,"Bloemfontein",NA,NA,196,"Flanker; Number 8"
"Q982231","Nick Mallett","Nick Mallett",1956-10-30,"Haileybury",NA,NA,NA,"Number 8"
"Q984338","Corey Flynn","Corey Flynn",1981-01-05,"Invercargill",NA,NA,184,"Hooker"
"Q984446","Kieran Read","Kieran Read",1985-10-26,"Papakura District",NA,NA,193,"Number 8; Flanker"
"Q984616","Owen Franks","Owen Franks",1987-12-23,"Motueka",NA,NA,185,"Tighthead Prop"
"Q1026362","Kevin Skinner","Kevin Skinner",1927-11-24,"Dunedin",2014-07-21,"Auckland",183,"Prop"
"Q1026692","Richard White","Tiny White",1925-06-11,"Gisborne; New Zealand",2012-03-10,"Gisborne; New Zealand",188,"2nd Row"
"Q1039026","Martin Castrogiovanni","Martin Castrogiovanni",1981-10-21,"Paraná; Entre Ríos",NA,NA,188,"Prop"
"Q1043259","Carlos Spencer","Carlos Spencer",1975-10-14,"Levin; New Zealand",NA,NA,184,"Fly-Half"
"Q1052808","Marco Bortolami","Marco Bortolami",1980-06-12,"Padua",NA,NA,196,"2nd Row"
"Q1053176","Naas Botha","Naas Botha",1958-02-27,"Breyten",NA,NA,NA,"Fly-Half"
"Q1055519","Stefano Bettarello","Stefano Bettarello",1958-04-20,NA,NA,NA,173,"Fly-Half"
"Q1060582","Benoît Baby","Benoît Baby",1983-09-07,"Lavelanet",NA,NA,178,"Fly-Half; Centre; Fullback; Winger"
"Q1061706","Andrea Scanavacca","Andrea Scanavacca",1973-07-23,"Rovigo",NA,NA,175,"Fly-Half"
"Q1061908","Michael Owen","Michael Owen",1980-01-07,"Pontypridd",NA,NA,198,"Number 8; Flanker; 2nd Row"
"Q1061916","Jérôme Thion","Jérôme Thion",1977-12-02,"Senlis",NA,NA,199,"2nd Row"
"Q1061941","AJ Venter","AJ Venter",1973-07-29,"Zastron",NA,NA,195,"2nd Row; Number 8; Flanker"
"Q1061948","Rémy Martin","Rémy Martin",1979-08-10,"Aubenas",NA,NA,195,"Flanker; 2nd Row"
"Q1064574","Charles Gondouin","Charles Gondouin",1875-07-21,NA,1947-12-24,NA,NA,"Fly-Half"
"Q1072699","Maurice Tillet","Maurice Tillet",NA,NA,NA,NA,NA,NA
"Q1077147","Chris Czekaj","Chris Czekaj",1985-12-14,"Cardiff",NA,NA,191,"Winger; Fullback"
"Q1077368","Chris Jack","Chris Jack",1978-09-05,"Christchurch",NA,NA,202,"2nd Row"
"Q1077440","Chris Laidlaw","Chris Laidlaw",1943-11-16,"Dunedin",NA,NA,175,"Scrum-Half"
"Q1077593","Andrea Marcato","Andrea Marcato",1983-04-17,"Padua",NA,NA,183,"Fly-Half; Fullback"
"Q1077641","Chris Paterson","Chris Paterson",1978-03-30,"Edinburgh",NA,NA,182,"Winger; Fullback; Fly-Half"
"Q1079231","Christian Cullen","Christian Cullen",1976-02-12,"Paraparaumu",NA,NA,180,"Fullback; Winger"
"Q1081019","Daisuke Ohata","Daisuke Ohata",1975-11-11,"Osaka",NA,NA,177,"Winger; Centre"
"Q1090659","Renzo Nostini",NA,NA,NA,NA,NA,NA,NA
"Q1095816","Clarke Dermody","Clarke Dermody",1980-04-22,"Invercargill",NA,NA,183,"Prop"
"Q1106119","C. B. Fry",NA,NA,NA,NA,NA,NA,NA
"Q1113393","Quintin Geldenhuys","Quintin Geldenhuys",1981-06-19,"Klerksdorp",NA,NA,202,"2nd Row"
"Q1113423","Julien Saby","Julien Saby",1902-09-15,"Saint-Fons",1992-11-15,"Saint-Ismier",NA,"Winger"
"Q1115849","Jonathan Davies","Jonathan Davies",1962-10-24,"Trimsaran",NA,NA,173,"Fly-Half"
"Q1116693","Ramiro Pez","Ramiro Pez",1978-12-06,"Córdoba; Argentina",NA,NA,177,"Fly-Half"
"Q1117881","Georges Coste","Georges Coste",1943-12-07,"Corbère-les-Cabanes",NA,NA,NA,"Scrum-Half"
"Q1125154","Mils Muliaina","Mils Muliaina",1980-07-31,"Samoa",NA,NA,184,"Fullback; Winger; Centre"
"Q1133612","Tim Visser","Tim Visser",1987-05-29,"Zeewolde",NA,NA,193,"Winger"
"Q1138615","Craig Mitchell","Craig Mitchell",1986-05-03,"Neath",NA,NA,184,"Prop"
"Q1145792","Fabio Ongaro","Fabio Ongaro",1977-09-23,"Venice",NA,NA,183,"Hooker"
"Q1145820","David Marty","David Marty",1982-10-30,"Perpignan",NA,NA,181,"Centre"
"Q1146089","Pierre Hola","Pierre Hola",1978-06-09,"Longolongo",NA,NA,183,"Fly-Half; Centre; Fullback; Winger"
"Q1146098","Andrea Masi","Andrea Masi",1981-03-30,"L'Aquila",NA,NA,185,"Centre; Fullback; Fly-Half; Winger"
"Q1146488","Malcolm O'Kelly","Malcolm O'Kelly",1974-07-19,"Chelmsford",NA,NA,202,"2nd Row"
"Q1146510","Scott Murray","Scott Murray",1976-01-15,"Musselburgh",NA,NA,198,"2nd Row"
"Q1150644","Casey Dunning","Casey Dunning",1980-06-18,"Calgary",NA,NA,183,"Prop"
"Q1150866","Drew Mitchell","Drew Mitchell",1984-03-26,"Brisbane",NA,NA,182,"Winger; Fullback"
"Q1151497","Frano Botica","Frano Botica",1963-08-03,"Mangakino",NA,NA,175,"Fly-Half"
"Q1151501","Haloti Ngata","Haloti Ngata",NA,NA,NA,NA,NA,NA
"Q1152152","Finau Maka","Finau Maka",1977-07-11,"Longoteme",NA,NA,191,"Number 8; Flanker"
"Q1152188","Abdelatif Benazzi","Abdelatif Benazzi",1968-08-20,"Oujda",NA,NA,198,"2nd Row; Number 8"
"Q1152349","Paolo Vaccari","Paolo Vaccari",1971-01-15,"Calvisano",NA,NA,185,"Centre; Winger; Fullback"
"Q1153763","Robin McBryde","Robin McBryde",1970-07-03,NA,NA,NA,183,"Hooker"
"Q1154165","Santiago Mesós","Santiago Mesón",1968-01-25,NA,NA,NA,NA,"Fullback"
"Q1158723","Henry Tuilagi","Henry Tuilagi",1976-08-12,"Fogapoa",NA,NA,186,"Number 8"
"Q1158997","Dan Biggar","Dan Biggar",1989-10-16,"Morriston",NA,NA,188,"Fly-Half"
"Q1159111","Dan Lydiate","Dan Lydiate",1987-12-18,"Salford",NA,NA,194,"Flanker"
"Q1168182","Neil Back","Neil Back",1969-01-16,"Coventry",NA,NA,178,"Flanker"
"Q1171148","David Skrela","David Skrela",1979-03-02,"Toulouse",NA,NA,191,"Fly-Half; Centre"
"Q1173751","Julien Arias","Julien Arias",1983-10-26,"Marseille",NA,NA,178,"Winger"
"Q1173922","David Campese","David Campese",1962-10-21,"Queanbeyan",NA,NA,180,"Winger; Fullback"
"Q1174510","Gonzalo Quesada","Gonzalo Quesada",1974-05-02,"Buenos Aires",NA,NA,182,"Fly-Half; Fullback"
"Q1174996","David Kirk","David Kirk",1960-10-05,"Wellington",NA,NA,173,"Scrum-Half"
"Q1178601","Davit Khinchagishvili","Davit Khinchagishvili",1982-07-24,"Tbilisi",NA,NA,181,"Prop"
"Q1220419","Diego Domínguez","Diego Domínguez",1966-04-25,"Córdoba; Argentina",NA,NA,172,"Fly-Half"
"Q1242028","Donogh O'Malley","Donogh O'Malley",1921-01-01,NA,1968-03-10,NA,NA,NA
"Q1248312","Ma'a Nonu","Ma'a Nonu",1982-05-21,"Wellington",NA,NA,182,"Centre; Winger"
"Q1251763","Doug Howlett","Doug Howlett",1978-09-21,"Auckland",NA,NA,185,"Right Winger"
"Q1255252","James Cecil Parke",NA,NA,NA,NA,NA,NA,NA
"Q1267572","Frank Stoker",NA,NA,NA,NA,NA,NA,NA
"Q1285065","Alain Estève","Alain Estève",1946-09-15,"Castelnaudary",2023-11-07,"Béziers",202,"2nd Row; Number 8; Flanker"
"Q1290991","Eduardo Guerrero",NA,NA,NA,NA,NA,NA,NA
"Q1302969","Eifion Lewis-Roberts","Eifion Lewis-Roberts",1981-02-13,"St Asaph",NA,NA,186,"Prop"
"Q1308117","Pierre Spies","Pierre Spies",1985-06-08,"Pretoria",NA,NA,194,"Flanker; Number 8"
"Q1309925","Kel Tremain","Kelvin Tremain",1938-02-21,"Auckland",1992-05-02,"Napier; New Zealand",188,"Flanker"
"Q1322456","Serge Blanco","Serge Blanco",1958-08-31,"Caracas",NA,NA,183,"Fullback"
"Q1333347","Robbie Deans","Robbie Deans",1959-09-04,"Cheviot; New Zealand",NA,NA,180,"Fullback"
"Q1340053","Pierre Failliot",NA,1889-02-25,"4th arrondissement of Paris",1935-12-31,"18th arrondissement of Paris",180,"Winger"
"Q1343583","Kenta Kobashi","Kenta Kobashi",NA,NA,NA,NA,NA,NA
"Q1346897","Gavin Williams","Gavin Williams",1979-10-25,"Auckland",NA,NA,186,"Centre; Fullback"
"Q1349233","Thierry Dusautoir","Thierry Dusautoir",1981-11-18,"Abidjan",NA,NA,188,"Flanker"
"Q1354535","Reginald Baker",NA,NA,NA,NA,NA,NA,NA
"Q1364292","Albert Henry",NA,NA,NA,NA,NA,NA,NA
"Q1372070","Euan Murray","Euan Murray",1980-08-07,"Glasgow",NA,NA,188,"Prop"
"Q1375848","Piri Weepu","Piri Weepu",1983-09-07,"Lower Hutt",NA,NA,178,"Scrum-Half; Fly-Half"
"Q1380216","Graham Henry","Graham Henry",1946-06-08,"Christchurch",NA,NA,NA,NA
"Q1380259","Lee Byrne","Lee Byrne",1980-06-01,"Bridgend",NA,NA,188,"Fullback"
"Q1380938","Stephen Jones","Stephen Jones",1977-12-08,"Aberystwyth",NA,NA,183,"Fly-Half"
"Q1381032","Phil Bennett","Phil Bennett",1948-10-24,"Felinfoel",2022-06-12,"Felinfoel",170,"Fly-Half"
"Q1381089","Gareth Edwards","Gareth Edwards",1947-07-12,"Pontardawe",NA,NA,NA,"Scrum-Half"
"Q1381233","Neil Jenkins","Neil Jenkins",1971-07-08,"Church Village",NA,NA,178,"Fly-Half"
"Q1381758","Nicky Little","Nicky Little",1976-09-13,"Tokoroa",NA,NA,183,"Fly-Half"
"Q1381928","Lawrence Dallaglio","Lawrence Dallaglio",1972-08-10,"Shepherd's Bush",NA,NA,191,"Flanker; Number 8"
"Q1386045","Juan Martín Hernández","Juan Martín Hernández",1982-08-07,"Buenos Aires",NA,NA,187,"Fly-Half; Centre; Winger; Fullback"
"Q1386232","Owen Chadwick","Owen Chadwick",1916-05-20,NA,2015-07-17,NA,NA,"Hooker"
"Q1386825","Ryan Jones","Ryan Jones",1981-03-13,"Newport; Wales",NA,NA,196,"Flanker; Number 8"
"Q1386944","Mike Tindall","Mike Tindall",1978-10-18,"Otley",NA,NA,185,"Centre"
"Q1388702","Keith Wood","Keith Wood",1972-01-27,"Limerick",NA,NA,183,"Hooker"
"Q1390425","Fabien Pelous","Fabien Pelous",1973-12-07,"Toulouse",NA,NA,198,"2nd Row"
"Q1390892","Morné Steyn","Morné Steyn",1984-07-11,"Cape Town",NA,NA,184,"Fly-Half; Fullback"
"Q1390916","Jaque Fourie","Jaque Fourie",1983-03-04,"Carletonville",NA,NA,190,"Centre; Fullback; Winger"
"Q1391013","Frederik van Zyl Slabbert","Frederik van Zyl Slabbert",1940-03-02,NA,2010-05-14,NA,NA,NA
"Q1391022","JP Pietersen","JP Pietersen",1986-07-12,"Stellenbosch",NA,NA,190,"Fullback; Winger; Centre"
"Q1392267","John Barnett","John Barnett",1880-01-19,"Tuena",1918-10-02,"Parramatta",NA,"Prop"
"Q1392497","Peter de Villiers","Peter de Villiers",1957-06-03,NA,NA,NA,165,NA
"Q1396178","Winston Peters",NA,NA,NA,NA,NA,NA,NA
"Q1396331","Frédéric Michalak","Frédéric Michalak",1982-10-16,"Toulouse",NA,NA,182,"Scrum-Half; Fly-Half"
"Q1396771","John Smit","John Smit",1978-04-03,"Polokwane",NA,NA,188,"Hooker; Prop"
"Q1398207","Penaia Ganilau",NA,NA,NA,NA,NA,NA,NA
"Q1398346","Leigh Halfpenny","Leigh Halfpenny",1988-12-22,"Swansea",NA,NA,178,"Fullback; Winger"
"Q1400144","Jonathan Sexton","Jonathan Sexton",1985-07-11,"Dublin",NA,NA,188,"Fly-Half"
"Q1402244","Gonzalo Tiesi","Gonzalo Tiesi",1985-04-24,"Buenos Aires",NA,NA,185,"Centre"
"Q1402511","Clément Poitrenaud","Clément Poitrenaud",1982-05-20,"Castres",NA,NA,188,"Fullback; Centre"
"Q1403116","Arthur Gould","Arthur Gould",1864-10-10,"Newport; Wales",1919-01-02,"Newport; Wales",179,"Centre; Fullback"
"Q1403131","Graham Price","Graham Price",1951-11-24,"Egypt",NA,NA,NA,"Prop"
"Q1403137","Dewi Bebb","Dewi Bebb",1938-08-07,"Bangor; Gwynedd",1996-03-14,"Pontypridd",175,"Winger"
"Q1403150","Derek Quinnell","Derek Quinnell",1949-05-22,"Llanelli",NA,NA,NA,"Number 8; Flanker; 2nd Row"
"Q1403274","Johan Ackermann","Johan Ackermann",1970-06-03,"Benoni; South Africa",NA,NA,198,"2nd Row"
"Q1403461","Ugo Monye","Ugo Monye",1983-04-13,"Islington",NA,NA,185,"Centre; Winger"
"Q1403617","Juan Manuel Leguizamón","Juan Manuel Leguizamón",1983-06-06,"Santiago del Estero",NA,NA,190,"Number 8"
"Q1403952","Rob Andrew","Rob Andrew",1963-02-18,"Richmond; North Yorkshire",NA,NA,175,"Fly-Half"
"Q1404165","Jeff Probyn","Jeff Probyn",1956-04-27,"Bethnal Green",NA,NA,178,"Prop"
"Q1404569","Gareth Jenkins","Gareth Jenkins",1951-09-11,"Burry Port",NA,NA,185,"Flanker"
"Q1404576","Mike Ruddock","Mike Ruddock",1959-09-05,NA,NA,NA,NA,"Flanker"
"Q1404832","Perry Freshwater","Perry Freshwater",1973-07-27,"Wellington",NA,NA,183,"Prop"
"Q1406223","Fergus Slattery","John Fergus Slattery",1949-02-12,"Dún Laoghaire",NA,NA,185,"Flanker"
"Q1407412","Watcyn Thomas","Watcyn Thomas",1906-01-16,"Llanelli",1977-08-10,"Birmingham",NA,"Number 8"
"Q1409027","Adam Ashley-Cooper","Adam Ashley-Cooper",1984-03-27,"Sydney",NA,NA,182,"Winger; Centre; Fullback"
"Q1410416","Jim Sullivan","James Sullivan",1903-12-02,"Cardiff",1977-09-14,"Cardiff",NA,"Fullback"
"Q1410667","Stephen Moore","Stephen Moore",1983-01-20,"Khamis Mushait",NA,NA,186,"Hooker"
"Q1410678","Wycliff Palu","Wycliff Palu",1982-07-27,"Sydney",NA,NA,194,"Number 8"
"Q1417556","Finlay Calder","Finlay Calder",1957-08-20,"Haddington; East Lothian",NA,NA,NA,"Flanker"
"Q1420544","Roland Fairbairn McWilliams","Roland Fairbairn McWilliams",1874-10-10,NA,1957-12-10,NA,NA,NA
"Q1421403","Nathan Sharpe","Nathan Sharpe",1978-02-26,"Wagga Wagga",NA,NA,200,"2nd Row"
"Q1421525","Marcello Cuttitta","Marcello Cuttitta",1966-09-02,"Latina; Lazio",NA,NA,181,"Winger"
"Q1432627","Ignacio Corleto","Ignacio Corleto",1978-06-21,"Buenos Aires",NA,NA,185,"Fullback; Winger"
"Q1440699","Fran Cotton","Fran Cotton",1947-01-03,"Wigan",NA,NA,195,"Prop"
"Q1443895","Frank Oliver","Frank Oliver",1948-12-24,"Dunedin",2014-03-16,"Palmerston North",191,"2nd Row"
"Q1444739","Scott Johnson","Scott Johnson",1962-08-19,"Sydney",NA,NA,180,"Centre; Fly-Half"
"Q1445873","Peter Stringer","Peter Stringer",1977-12-13,"Cork (city)",NA,NA,170,"Scrum-Half"
"Q1451857","Andy Ripley","Andy Ripley",1947-12-01,"Liverpool",2010-06-17,NA,196,"Number 8"
"Q1452199","Fred Allen","Fred Allen",1920-02-09,"Oamaru",2012-04-28,"Orewa",178,"Centre"
"Q1452535","Frédéric Cermeno","Frédéric Cermeno",1979-06-20,"Perpignan",NA,NA,175,"Fullback; Winger"
"Q1455146","Massimo Giovanelli","Massimo Giovanelli",1967-03-01,"Parma",NA,NA,184,"Flanker"
"Q1469095","Luke McLean","Luke McLean",1987-06-29,"Townsville",NA,NA,190,"Fullback; Fly-Half; Winger"
"Q1496438","Gavin Henson","Gavin Henson",1982-02-01,"Bridgend",NA,NA,183,"Centre; Fly-Half; Fullback"
"Q1507452","George Gregan","George Gregan",1973-04-19,"Lusaka",NA,NA,173,"Scrum-Half"
"Q1507984","George Nēpia","George Nepia",1905-04-25,"Wairoa",1986-08-27,"Ruatoria",175,"Fullback"
"Q1533749","Goderdzi Shvelidze","Goderdzi Shvelidze",1978-04-17,"Rustavi",NA,NA,178,"Prop"
"Q1544973","Greg Rawlinson","Greg Rawlinson",1978-08-14,"Durban",NA,NA,200,"2nd Row"
"Q1544987","Greg Somerville","Greg Somerville",1977-11-28,"Wairoa",NA,NA,187,"Prop"
"Q1558855","Paul James","Paul James",1982-05-13,"Neath",NA,NA,185,"Prop"
"Q1606696","Lucas Borges","Lucas Borges",1980-02-17,"Buenos Aires",NA,NA,177,"Winger"
"Q1611133","Pierre Mignoni","Pierre Mignoni",1977-02-28,"Toulon",NA,NA,169,"Scrum-Half"
"Q1613680","Yannick Bru","Yannick Bru",1973-05-22,"Auch",NA,NA,180,"Hooker"
"Q1617770","Lloyd Johansson","Lloyd Johansson",1985-05-02,"Melbourne",NA,NA,181,"Centre; Fly-Half"
"Q1617787","Tony Marsh","Tony Marsh",1972-08-12,"Rotorua",NA,NA,185,"Centre"
"Q1619707","Matthieu Lièvremont","Matthieu Lièvremont",1975-11-06,"Perpignan",NA,NA,185,"Flanker"
"Q1620977","Jeff Young","Jeff Young",1942-09-16,"Blaengarw",2005-10-03,"Harrogate",178,"Hooker"
"Q1626795","Thierry Lacroix","Thierry Lacroix",1967-03-02,"Nogaro",NA,NA,184,"Fly-Half; Centre"
"Q1627760","Jean-Baptiste Lafond","Jean Baptiste Lafond",1961-12-29,"Neuilly-sur-Seine",NA,NA,182,"Winger; Fullback"
"Q1637651","André Boniface","André Boniface",1934-08-14,"Montfort-en-Chalosse",2024-04-08,"Bayonne",180,"Centre; Winger"
"Q1638027","Alexis Palisson","Alexis Palisson",1987-09-09,"Montauban",NA,NA,177,"Winger; Fullback"
"Q1638162","Maxime Mermoz","Maxime Mermoz",1986-07-28,"Épinal",NA,NA,180,"Centre"
"Q1638760","Pascal Papé","Pascal Papé",1980-10-05,"Lyon",NA,NA,195,"2nd Row"
"Q1638997","Damien Chouly","Damien Chouly",1985-11-27,"Limoges",NA,NA,192,"Number 8"
"Q1639698","Dan Vickerman","Daniel Vickerman",1979-06-04,"Cape Town",2017-02-18,"Sydney",204,"2nd Row"
"Q1645731","Alain Rolland","Alain Rolland",1966-08-22,NA,NA,NA,178,"Scrum-Half"
"Q1645792","Santiago Phelan","Santiago Phelan",1974-03-31,"San Isidro; Buenos Aires",NA,NA,187,"Flanker"
"Q1648228","Carlos Ignacio Fernández Lobbe","Carlos Ignacio Fernández Lobbe",1974-11-20,"Buenos Aires",NA,NA,194,"2nd Row"
"Q1649008","Federico Méndez","Federico Méndez",1972-08-02,"Mendoza; Argentina",NA,NA,183,"Hooker; Prop"
"Q1649199","Rolando Martín","Rolando Martín",1968-09-28,"Maryland",NA,NA,189,"Flanker"
"Q1649587","Jake White","Jake White",1963-12-13,"Johannesburg",NA,NA,NA,NA
"Q1650753","Diego Albanese","Diego Albanese",1973-09-17,"Mar del Plata",NA,NA,175,"Winger"
"Q1671549","Ron Jarden","Ron Jarden",1929-12-14,"Lower Hutt",1977-02-18,"Lower Hutt",173,"Winger"
"Q1680577","James Hook","James Hook",1985-06-27,"Neath",NA,NA,183,"Fly-Half; Centre; Fullback"
"Q1683939","Jason Leonard","Jason Leonard",1968-08-14,"Barking; London",NA,NA,178,"Prop"
"Q1685495","Jean Dupuy","Jean Dupuy",1934-05-25,"Vic-en-Bigorre",2010-10-27,"Tarbes",175,"Winger; Centre"
"Q1686268","Jeff Butterfield","Jeff Butterfield",1929-08-09,NA,2004-04-30,NA,NA,"Centre"
"Q1700866","John Lloyd","David Lloyd",1943-03-29,"Pontycymer",NA,NA,NA,"Prop"
"Q1701635","John Ryan","John Ryan",1939-09-29,NA,2022-11-18,NA,NA,NA
"Q1720081","Scott Quinnell","Scott Quinnell",1972-08-20,NA,NA,NA,NA,"Flanker"
"Q1727793","Stephen Ferris","Stephen Ferris",1985-08-02,"Portadown",NA,NA,193,"Flanker"
"Q1738602","Ken Gray","Ken Gray",1938-06-24,NA,1992-11-18,NA,NA,"Prop"
"Q1738716","Kendrick Lynn","Kendrick Lynn",1982-11-30,"Tokoroa (Nouvelle-Zélande)",NA,NA,184,"Centre; Fullback; Winger"
"Q1747980","Lisandro Arbizu","Lisandro Arbizu",1971-09-29,"Buenos Aires",NA,NA,175,"Centre; Fly-Half"
"Q1763959","Waka Nathan","Waka Nathan",1940-07-08,"Auckland",2021-09-24,"Auckland",180,"Flanker"
"Q1766531","Jean-Pascal Barraque","Jean-Pascal Barraque",1991-04-24,"Le Chesnay",NA,NA,182,"Fly-Half; Centre; Fullback"
"Q1767405","Rassie Jansen van Vuuren","Erasmus Jansen van Vuuren",1985-05-23,"Mokopane",NA,NA,189,"Prop; Hooker"
"Q1768469","Rob Waddell",NA,NA,NA,NA,NA,NA,NA
"Q1773628","Eddie Jones","Eddie Jones",1960-01-30,"Burnie",NA,NA,NA,"Hooker"
"Q1775702","Stan Pilecki","Stan Pilecki",1947-02-04,NA,2017-12-20,NA,NA,"Prop"
"Q1797402","Harry Bradshaw","Harry Bradshaw",1868-04-07,"Bramley",1910-12-31,"Halifax; West Yorkshire",NA,"Forward"
"Q1805092","Charles Lee Tilden Jr.","Charles Tilden",1894-06-04,"Alameda; California",1968-11-01,"Fairfield; California",184,"2nd Row"
"Q1805101","Rudolph Scholz","Rudy Scholz",1896-06-17,"Kewanee; Illinois",1981-12-09,"Palo Alto; California",167,"Scrum-Half; Fly-Half; Winger"
"Q1805115","Joseph Hunter","Lou Hunter",1899-10-04,"Louisville; Kentucky",1984-09-10,"Santa Barbara; California",NA,"2nd Row"
"Q1805220","John Muldoon","John Muldoon",1896-03-02,"Ione; California",1944-01-02,"Napa; California",183,"2nd Row"
"Q1805225","James Fitzpatrick","Jim Fitzpatrick",1892-06-02,"Los Angeles",1973-10-09,"San Marino; California",NA,"Centre"
"Q1805236","Heaton Wrenn","Heaton Wrenn",1900-01-18,"San Francisco",1978-01-16,"Honolulu",178,"3rd Row"
"Q1806370","Charles Mehan","Charles Mehan",1896-05-15,"Nogales; Arizona",1972-08-11,"Santa Rosa; California",178,"1st Row"
"Q1810413","Jean Etcheberry","Jean Etcheberry",1901-08-27,"Boucau",1982-02-05,"Les Côtes-d'Arey",173,"Number 8; Flanker; Loosehead Prop"
"Q1810454","Jean Vaysse","Jean Vaysse",1900-04-28,NA,1974-10-17,NA,173,"Centre"
"Q1810493","Gilbert Gérintès","Gilbert Gérintès",1902-08-16,"Saint-Étienne",1968-05-15,NA,180,"Flanker"
"Q1810603","Étienne Bonnes","Étienne Bonnes",1894-09-16,"Argeliers",1941-02-20,"Narbonne",173,"Fullback"
"Q1810618","Arthur McCabe","Arthur McCabe",1887-06-23,NA,1924-07-30,NA,NA,"Fly-Half"
"Q1810631","Aimé Cassayet-Armagnac","Aimé Cassayet-Armagnac",1893-04-09,"Mont-de-Marsan",1927-05-26,"Narbonne",182,"2nd Row; Flanker"
"Q1810642","Louis Béguet","Louis Béguet",1894-12-07,NA,1983-03-02,NA,172,"Hooker"
"Q1810653","Henri Galau","Henri Galau",1897-07-18,"Villefranche-de-Conflent",1950-02-01,"Toulouse",173,"Fly-Half"
"Q1810662","Albert Dupouy","Albert Dupouy",1901-02-21,"Carignan-de-Bordeaux",1973-12-01,"Mérignac; Gironde",NA,"Centre"
"Q1810682","Étienne Piquiral","Étienne Piquiral",1901-06-15,"Perpignan",1945-03-13,"Lübeck",180,"Number 8; Flanker"
"Q1810697","Clément Dupont","Clément Dupont",1899-04-11,"Argelès-Gazost",1993-11-01,"Mérignac; Gironde",165,"Scrum-Half"
"Q1810709","Alexandre Bioussa","Alex Bioussa",1901-03-17,NA,1966-09-14,NA,173,"Number 8"
"Q1812395","André Chilo","André Chilo",1898-07-05,NA,1982-11-03,NA,NA,"Fullback"
"Q1812429","Maurice Labeyrie","Maurice Labeyrie",1887-10-03,"Saint-Geours-de-Maremne",1969-03-10,"Chelles; Seine-et-Marne",172,"2nd Row"
"Q1812451","Édouard Bader","Édouard Bader",1899-07-26,"Ferrières-en-Brie",1983-04-21,"Ferrières-en-Brie",172,"Scrum-Half"
"Q1812764","Robert Levasseur","Robert Levasseur",1898-01-27,"Paris",1974-05-25,"Biarritz",179,"2nd Row"
"Q1812787","François Borde",NA,1899-12-08,"Lourdes",1987-12-15,"Bayonne",NA,NA
"Q1812808","Alphonse Castex","Alphonse Castex",1899-01-06,"Dax; Landes",1969-12-16,"Saint-Paul-lès-Dax",NA,NA
"Q1813780","Pierre Petiteau","Pierre Petiteau",1899-05-14,"La Réole",1974-04-09,"Bordeaux",NA,"Hooker"
"Q1816676","Lelia Masaga","Lelia Masaga",1986-08-30,"Wellington",NA,NA,183,"Winger"
"Q1848979","Namal Rajapaksa","Namal Rajapaksa",1986-04-10,NA,NA,NA,NA,NA
"Q1855981","Kevin Barry","Kevin Barry",1902-01-20,NA,1920-11-01,NA,NA,NA
"Q1877063","Luke Whitelock","Luke Whitelock",1991-01-29,"Palmerston North",NA,NA,194,"Number 8; Flanker"
"Q1896655","Rory Best","Rory Best",1982-08-15,"Craigavon",NA,NA,180,"Hooker"
"Q1909280","Matt Todd","Matt Todd",1988-03-24,"Christchurch",NA,NA,185,"Flanker"
"Q1911291","Maurice Colclough","Maurice Colclough",1953-09-02,NA,2006-01-27,NA,NA,"2nd Row"
"Q1948458","Morrie Dixon","Morrie Dixon",1929-02-06,"Christchurch",2004-07-29,"Christchurch",173,"Winger"
"Q1966601","Nathan Mauger","Nathan Mauger",1978-04-08,"Christchurch",NA,NA,184,"Centre"
"Q1984070","Mat Rogers","Mat Rogers",1976-02-01,"Sydney",NA,NA,182,"Fullback; Winger; Centre; Fly-Half"
"Q1988054","Toutai Kefu","Toutai Kefu",1974-04-08,NA,NA,NA,191,"Number 8"
"Q1988772","Tiaan Strauss","Tiaan Strauss",1965-06-28,"Upington",NA,NA,188,"Number 8"
"Q1992089","Jean Hervé","Jean Hervé",1884-03-30,NA,1966-11-27,NA,NA,NA
"Q1997696","Bismarck du Plessis","Bismarck du Plessis",1984-05-22,"Bethlehem; South Africa",NA,NA,189,"Hooker"
"Q1999454","Tana Umaga","Tana Umaga",1973-05-27,"Lower Hutt",NA,NA,187,"Centre; Winger"
"Q2000145","Bobby Skinstad","Bobby Skinstad",1976-07-03,"Bulawayo",NA,NA,193,"Number 8; Flanker"
"Q2000155","Johann Muller","Johann Muller",1980-01-06,"Mossel Bay",NA,NA,200,"2nd Row"
"Q2012819","Jaco van der Westhuyzen","Jaco van der Westhuyzen",1978-04-06,"Mbombela",NA,NA,180,"Fullback; Fly-Half; Winger"
"Q2014424","Stefan Terblanche","Stefan Terblanche",1975-07-02,"Mossel Bay",NA,NA,187,"Winger; Fullback; Centre"
"Q2014449","Rudolf Straeuli","Rudolf Straeuli",1963-08-20,"Pretoria",NA,NA,190,"2nd Row; Number 8; Flanker"
"Q2015500","Adrian Garvey","Adrian Garvey",1968-06-25,"Bulawayo",NA,NA,189,"Prop"
"Q2016678","Tommaso Benvenuti","Tommaso Benvenuti",1990-12-12,"Vittorio Veneto",NA,NA,186,"Centre; Winger"
"Q2016688","Chiliboy Ralepelle","Chiliboy Ralepelle",1986-09-11,"Tzaneen",NA,NA,179,"Hooker"
"Q2019466","Takudzwa Ngwenya","Takudzwa Ngwenya",1985-07-22,"Harare",NA,NA,177,"Winger"
"Q2021505","André Vos","André Vos",1975-01-09,"East London; South Africa",NA,NA,196,"Flanker; Number 8"
"Q2021513","Rassie Erasmus","Johan Erasmus",1972-11-05,"Despatch; South Africa",NA,NA,190,"Flanker"
"Q2036406","Martin Johnson","Martin Johnson",1970-03-09,"Solihull",NA,NA,200,"2nd Row"
"Q2038034","Paul O'Connell","Paul O'Connell",1979-10-20,"Limerick",NA,NA,198,"2nd Row"
"Q2051641","William Servat","William Servat",1978-02-09,"Saint-Gaudens; Haute-Garonne",NA,NA,185,"Hooker"
"Q2053062","Matt Banahan","Matt Banahan",1986-12-30,"Jersey",NA,NA,200,"Winger"
"Q2053152","Jerome Kaino","Jerome Kaino",1983-04-06,"Tutuila",NA,NA,196,"Flanker; Number 8; 2nd Row"
"Q2053771","Luc Ducalcon","Luc Ducalcon",1984-01-02,"La Fère",NA,NA,183,"Prop"
"Q2053942","Adriaan Richter","Adriaan Richter",1966-05-10,"Roodepoort",NA,NA,195,"Number 8"
"Q2053950","Heinrich Brüssow","Heinrich Brussow",1986-07-21,"Bloemfontein",NA,NA,181,"Flanker"
"Q2053955","Gary Teichmann","Gary Teichmann",1967-01-09,"Gweru",NA,NA,195,"Number 8"
"Q2053962","Francois Louw","Francois Louw",1985-06-15,"Cape Town",NA,NA,190,"Flanker; Number 8"
"Q2054018","Raphaël Lakafia","Raphaël Lakafia",1988-10-28,"Tours",NA,NA,191,"Flanker; Number 8"
"Q2054824","Guy Novès","Guy Novès",1954-02-05,"Toulouse",NA,NA,180,"Winger"
"Q2054904","Jean-Marc Doussain","Jean-Marc Doussain",1991-02-12,"Toulouse",NA,NA,174,"Scrum-Half; Fly-Half"
"Q2055503","Julien Pierre","Julien Pierre",1981-07-31,"Rodez",NA,NA,197,"2nd Row"
"Q2056292","Gio Aplon","Gio Aplon",1982-10-06,"Hawston",NA,NA,175,"Fullback; Winger"
"Q2056296","Odwa Ndungane","Odwa Ndungane",1981-02-20,"Mthatha",NA,NA,184,"Winger"
"Q2056300","Francois Hougaard","Francois Hougaard",1988-04-06,"Paarl",NA,NA,179,"Scrum-Half; Winger"
"Q2061836","Freddie Tuilagi","Fereti ""Freddie"" Tuilagi",1971-06-09,"Apia",NA,NA,180,"Centre"
"Q2063331","Scott Higginbotham","Scott Higginbotham",1986-09-05,"Perth",NA,NA,195,"Flanker; Number 8"
"Q2063763","Saia Fainga'a","Saia Fainga'a",1987-02-02,"Queanbeyan",NA,NA,187,"Hooker"
"Q2064248","Sekope Kepu","Sekope Kepu",1986-02-05,"Sydney",NA,NA,188,"Prop"
"Q2065222","Salesi Ma'afu","Salesi Ma'afu",1983-03-22,"Sydney",NA,NA,184,"Prop"
"Q2066416","Tatafu Polota-Nau","Tatafu Polota-Nau",1985-07-26,"Sydney",NA,NA,181,"Hooker"
"Q2067610","Victor Matfield","Victor Matfield",1977-05-11,"Polokwane",NA,NA,200,"2nd Row"
"Q2069565","Rob Simmons","Rob Simmons",1989-04-19,"Theodore",NA,NA,200,"2nd Row"
"Q2074817","Kurtley Beale","Kurtley Beale",1989-01-06,"Blacktown City Council",NA,NA,184,"Fly-Half; Centre; Fullback; Winger"
"Q2074930","Luke Burgess","Luke Burgess",1983-08-20,"Newcastle; New South Wales",NA,NA,180,"Scrum-Half"
"Q2080001","Rob Horne","Rob Horne",1989-08-15,"Sydney",NA,NA,186,"Centre"
"Q2080039","Anthony Fainga'a","Anthony Fainga'a",1987-02-02,"Queanbeyan",NA,NA,182,"Centre"
"Q2080642","Mamuka Gorgodze","Mamuka Gorgodze",1984-07-14,"Tbilisi",NA,NA,195,"2nd Row; Flanker; Number 8"
"Q2082385","Digby Ioane","Digby Ioane",1985-07-14,"Wellington",NA,NA,179,"Winger; Centre"
"Q2082391","Pat McCabe","Pat McCabe",1988-03-21,"Manly; New South Wales",NA,NA,186,"Centre; Winger; Fullback"
"Q2084110","Nicholas Phipps","Nick Phipps",1989-01-09,"Baulkham Hills",NA,NA,180,"Scrum-Half"
"Q2085483","Adam Thomson","Adam Thomson",1982-03-23,"Ashburton; New Zealand",NA,NA,196,"Flanker; Number 8"
"Q2086349","Philip Moore, Baron Moore of Wolvercote","Philip Moore",1921-04-06,NA,2009-04-07,NA,NA,NA
"Q2117766","Álvaro Galindo","Alvaro Galindo",1982-02-26,"Tucumán Province",NA,NA,192,"Flanker"
"Q2144594","René Dufaure de Montmirail","René Dufaure de Montmirail",1876-02-08,NA,1917-02-09,NA,NA,NA
"Q2148359","Rhys M. Thomas","Rhys Thomas",1982-07-31,"Johannesburg",NA,NA,185,"Prop"
"Q2149806","Richard Hibbard","Richard Hibbard",1983-12-13,"Neath",NA,NA,183,"Hooker"
"Q2151746","Rico Gear","Rico Gear",1978-02-26,"Gisborne; New Zealand",NA,NA,181,"Winger; Centre"
"Q2159914","Robin Sowden-Taylor","Robin Sowden-Taylor",1982-06-09,"Cardiff",NA,NA,185,"Flanker"
"Q2164605","Jean Collas","Jean Collas",1874-07-03,"4th arrondissement of Paris",1928-12-30,"Asnières-sur-Seine",NA,"Centre"
"Q2164614","Joseph Olivier","Joseph Olivier",1874-12-02,"6th arrondissement of Paris",1901-05-21,"Neuilly-sur-Seine",180,"2nd Row; Prop"
"Q2172175","Rudi Wulf","Rudi Wulf",1984-02-02,"Auckland",NA,NA,182,"Winger; Centre; Fullback"
"Q2182964","Maxime Médard","Maxime Médard",1986-11-16,"Toulouse",NA,NA,180,"Winger; Fullback"
"Q2203638","James O'Connor","James O'Connor",1990-07-05,"Southport; Queensland",NA,NA,180,"Fly-Half; Centre; Fullback; Winger"
"Q2244780","James Slipper","James Slipper",1989-06-06,"Gold Coast; Queensland",NA,NA,185,"Prop"
"Q2249503","Keven Mealamu","Keven Mealamu",1979-03-20,"Tokoroa",NA,NA,181,"Hooker"
"Q2250641","Sean Lamont","Sean Lamont",1981-01-15,"Perth; Scotland",NA,NA,188,"Winger; Centre"
"Q2251158","Bernard Laporte","Bernard Laporte",1964-07-01,NA,NA,NA,NA,"Scrum-Half"
"Q2251828","Alastair Kellock","Alastair Kellock",1981-06-14,"Bishopbriggs",NA,NA,204,"2nd Row"
"Q2272950","Joel Stransky","Joel Stransky",1967-07-16,"Pietermaritzburg",NA,NA,179,"Fly-Half"
"Q2278053","Sylvain Marconnet","Sylvain Marconnet",1976-04-08,"Givors",NA,NA,183,"Loosehead Prop; Tighthead Prop"
"Q2278517","Ben Cohen","Ben Cohen",1978-09-14,"Northampton",NA,NA,188,"Winger"
"Q2278581","Pieter de Villiers","Pieter de Villiers",1972-07-03,"Malmesbury; South Africa",NA,NA,184,"Prop"
"Q2280214","Julien Bonnaire","Julien Bonnaire",1978-09-20,"Bourgoin-Jallieu",NA,NA,193,"Number 8; Winger"
"Q2280233","Gonzalo Canale","Gonzalo Canale",1982-11-11,"Córdoba; Argentina",NA,NA,181,"Centre"
"Q2282348","Andrea Lo Cicero","Andrea Lo Cicero",1976-05-07,"Catania",NA,NA,185,"Prop"
"Q2282931","Chester Williams","Chester Williams",1970-08-08,"Paarl",2019-09-06,"Cape Town",172,"Winger"
"Q2288228","Roland de Marigny","Roland de Marigny",1975-11-17,"Durban",NA,NA,180,"Fly-Half; Fullback"
"Q2289971","Scott Hamilton","Scott Hamilton",1980-03-04,"Christchurch",NA,NA,190,"Fullback; Winger"
"Q2296866","Alesana Tuilagi","Alesana Tuilagi",1981-02-24,"Samoa",NA,NA,185,"Winger; Centre"
"Q2303583","Rocky Elsom","Rocky Elsom",1983-02-14,"Melbourne",NA,NA,197,"Flanker"
"Q2303942","Martin Bayfield","Martin Bayfield",1966-12-21,"Bedford",NA,NA,208,"2nd Row"
"Q2309883","James Small","James Small",1969-02-10,"Cape Town",2019-07-10,"Johannesburg",182,"Winger"
"Q2310451","Jean-Marc Souverbie","Jean-Marc Souverbie",1975-04-09,"Pau; Pyrénées-Atlantiques",NA,NA,175,"Winger; Fullback"
"Q2313220","Federico Martín Aramburú","Federico Martín Aramburú",1980-01-20,"La Plata",2022-03-19,"6th arrondissement of Paris",182,"Centre; Winger"
"Q2314505","Bernard Lapasset","Bernard Lapasset",1947-10-20,NA,2023-05-03,NA,NA,"2nd Row"
"Q2314755","Alexander Obolensky","Alexander Obolensky",1916-02-17,"Saint Petersburg",1940-03-29,"RAF Martlesham Heath",NA,"Winger"
"Q2333026","Lionel Beauxis","Lionel Beauxis",1985-10-24,"Tarbes",NA,NA,180,"Fly-Half; Fullback"
"Q2333694","Rimas Álvarez Kairelis","Rimas Álvarez Kairelis",1974-07-22,"Quilmes",NA,NA,199,"2nd Row; 3rd Row"
"Q2334843","Fabien Galthié","Fabien Galthié",1969-03-20,"Cahors",NA,NA,180,"Scrum-Half"
"Q2342037","Marc Lièvremont","Marc Lièvremont",1968-10-28,"Dakar",NA,NA,182,"Flanker"
"Q2342896","Kenzo Suzuki","Kenzo Suzuki",NA,NA,NA,NA,NA,NA
"Q2346730","Davit Zirakashvili","Davit Zirakashvili",1983-10-10,"Rustavi",NA,NA,183,"Prop"
"Q2359466","Guilhem Guirado","Guilhem Guirado",1986-06-17,"Céret",NA,NA,183,"Hooker"
"Q2361687","Darren Junee","Darren Junee",1969-07-02,"Darlinghurst",NA,NA,178,"Fullback"
"Q2361853","Sébastien Bonnet","Sébastien Bonnet",1974-11-02,"Ussel; Corrèze",NA,NA,170,"Scrum-Half"
"Q2362012","Thomas Domingo","Thomas Domingo",1985-08-20,"Tulle",NA,NA,173,"Prop"
"Q2362025","Vincent Debaty","Vincent Debaty",1981-10-02,"Woluwe-Saint-Lambert",NA,NA,192,"Prop"
"Q2362945","Benjamin Collet","Benjamin Collet",1989-04-11,NA,NA,NA,185,"Flanker"
"Q2364164","Jason Holland","Jason Holland",1972-08-18,"New Plymouth",NA,NA,175,"Fly-Half; Centre"
"Q2364869","Alifeleti Fakaongo","Alifeleti Fakaongo",1970-08-16,"Toula Vavau",NA,NA,192,"2nd Row; Flanker"
"Q2365231","Daniel Heenan","Daniel Heenan",1981-11-17,"Gatton",NA,NA,196,"2nd Row; Flanker"
"Q2365957","Edward Kewley","Edward Kewley",1852-06-20,"Buckinghamshire",1940-04-17,"Winchester",NA,NA
"Q2366446","Bernard De Giusti","Bernard De Giusti",1972-02-16,NA,NA,NA,187,"Flanker"
"Q2367456","Alan Cardy","Alan Cardy",1945-09-12,"Sydney",2021-12-19,"Sydney",NA,"Winger"
"Q2367472","Jérôme Carrat","Jérôme Carrat",1976-12-07,NA,NA,NA,NA,"Fullback"
"Q2370253","Sébastien Boboul","Sébastien Boboul",1981-09-13,"Clermont-Ferrand",NA,NA,175,"Fullback"
"Q2371608","Tusi Pisi","Tusi Pisi",1982-06-18,"Apia",NA,NA,183,"Fly-Half; Centre; Fullback"
"Q2372344","Heini Adams","Heini Adams",1980-05-29,"Worcester; South Africa",NA,NA,168,"Scrum-Half"
"Q2373851","Josh Sole","Josh Sole",1980-02-15,"Hamilton; New Zealand",NA,NA,196,"Flanker; Number 8; 2nd Row"
"Q2374727","Roger Ripol Fortuny","Roger Ripol",1978-09-20,"Barcelona",NA,NA,175,"Hooker"
"Q2375090","Colin McKenzie","Colin McKenzie",1964-11-24,"Vancouver",NA,NA,185,"Number 8"
"Q2375928","John Langford","John Langford",1968-06-26,NA,NA,NA,NA,"2nd Row"
"Q2376911","Tom Clapp","Tom Clapp",1858-10-25,"Marylebone",1933-11-15,"California",NA,"Forward"
"Q2377378","Courtney Lawes","Courtney Lawes",1989-02-23,"London Borough of Hackney",NA,NA,200,"2nd Row; Flanker"
"Q2377673","Ilarion Ciobanu","Ilarion Ciobanu",NA,NA,NA,NA,NA,NA
"Q2378740","Robin Roe","Robin Roe",1928-10-11,"Republic of Ireland",2010-07-15,"Guildford",NA,"Hooker"
"Q2379722","Lyonel Vaïtanaki","Lyonel Vaïtanaki",1970-09-07,"Nouméa",NA,NA,196,"2nd Row"
"Q2381731","Pierre de Villiers","Pierre de Villiers",1905-06-14,"Worcester; South Africa",1975-11-14,"Paarl",175,"Scrum-Half"
"Q2381897","Martin Purdy","Martin Purdy",1981-10-29,"Crawley",NA,NA,200,"2nd Row"
"Q2382658","Don Tarr","Don Tarr",1910-03-11,"Llandeilo Fawr",1980-06-04,"Fareham",NA,"Hooker"
"Q2382936","Ibrahim Diarra","Ibrahim Diarra",1983-05-25,"Savigny-sur-Orge",2019-12-18,"15th arrondissement of Paris",185,"Flanker"
"Q2383858","Charles Geli","Charles Géli",1987-03-26,"Toulouse",NA,NA,183,"Hooker"
"Q2384295","Sébastien Paillat","Sébastien Paillat",1970-09-11,NA,NA,NA,NA,"Fullback"
"Q2384407","Julien Janaudy","Julien Janaudy",1989-02-21,"Bourgoin-Jallieu",2018-04-01,"Saint-Jean-de-Soudain",180,"Hooker"
"Q2384444","Hrishikesh Pendse","Hrishikesh Pendse",1986-04-08,NA,NA,NA,190,"Flanker; 2nd Row"
"Q2386451","Robert Monier",NA,1885-02-20,"Bordeaux",1944-12-06,"Bordeaux",NA,NA
"Q2386745","Trevor Leota","Trevor Leota",1975-02-08,"Auckland",NA,NA,175,"Hooker"
"Q2386766","Marin Moț","Marin Moț",1956-07-09,"Meri",NA,NA,172,"Hooker"
"Q2387382","Vassili Bost","Vassili Bost",1985-04-28,NA,NA,NA,196,"3rd Row"
"Q2387467","Jan Pickard","Jan Pickard",1927-12-25,"Paarl",1998-05-30,"Cape Town",191,"2nd Row"
"Q2388323","Antranik Torossian","Antranik Torossian",1944-04-22,"Auch",NA,NA,171,"Hooker"
"Q2388353","Georges Carabignac","Georges Carabignac",1929-10-10,"Boé",1973-02-21,"Moissac",NA,"Fly-Half"
"Q2390821","Tjol Lategan","Tjol Lategan",1925-09-29,NA,2015-03-08,NA,NA,"Centre"
"Q2391241","Richard Majérus","Richard Majérus",1905-06-10,NA,1972-01-20,NA,NA,"2nd Row"
"Q2391413","André Darrieussecq","André Darrieussecq",1947-06-04,"Saint-Jean-de-Luz",2020-08-01,"Bayonne",180,"Prop"
"Q2391575","Christopher Brown","Christopher Brown",1984-06-03,NA,NA,NA,184,"Fly-Half"
"Q2392164","Eric Evans","Eric Evans",1921-02-01,"Droylsden",1991-01-12,"Stockport",NA,"Hooker"
"Q2394577","Romeo Gontineac","Romeo Gontineac",1973-12-18,"Botoșani",NA,NA,175,"Centre"
"Q2394762","Lachlan Turner","Lachie Turner",1987-05-11,"Sydney",NA,NA,189,"Fullback; Winger"
"Q2394826","Dominique Bouet","Dominique Bouet",1964-03-31,"Sort-en-Chalosse",1990-07-02,"Nouméa",188,"Hooker"
"Q2395276","Guillaume Delmotte","Guillaume Delmotte",1977-10-25,"Fréjus",NA,NA,173,"Centre"
"Q2396686","Daniel Frederick Rambaut","Daniel Rambaut",1865-08-06,"Waterford",1937-11-30,"Northampton",NA,"Three-Quarter"
"Q2396802","Nathan Lane","Nathan Lane",1988-09-29,"Saint-Pol-sur-Ternoise",NA,NA,193,"Flanker"
"Q2397086","Arturo Bergamasco","Arturo Bergamasco",1951-03-15,"Due Carrare",NA,NA,NA,"Flanker"
"Q2397148","Edmund Forrest","Edmund Forrest",1870-10-05,"Dublin",1902-02-20,"Aden",NA,"Forward"
"Q2397187","Horacio Agulla","Horacio Agulla",1984-10-22,"Buenos Aires",NA,NA,181,"Winger"
"Q2397324","Éric Catinot","Éric Catinot",1964-01-28,NA,NA,NA,NA,"Fly-Half; Fullback"
"Q2398256","Alexandre Menini","Alexandre Menini",1983-08-05,"Basse-Ham",NA,NA,183,"Prop"
"Q2399442","Jim Evans","Jim Evans",1980-08-02,"Orsett",NA,NA,200,"2nd Row"
"Q2401184","Norman Wende","Norman Wende",1982-04-13,NA,NA,NA,183,"Hooker; Prop"
"Q2401864","Peter Short","Peter Short",1979-06-20,"Liverpool",NA,NA,196,"2nd Row; Flanker"
"Q2401959","Martín Scelzo","Martín Scelzo",1976-02-05,"Buenos Aires",NA,NA,189,"Prop"
"Q2403782","Lucien Rogé","Lucien Rogé",1932-10-19,"Cessenon-sur-Orb",NA,NA,177,"Winger"
"Q2404259","Leicester Rutledge","Leicester Rutledge",1952-04-12,"Christchurch",NA,NA,185,"Flanker"
"Q2404405","Franck Romanet","Franck Romanet",1986-05-02,NA,NA,NA,178,"Winger"
"Q2404782","Manu Tiko","Manu Tiko",1974-09-30,"Nausori",NA,NA,183,"Winger"
"Q2405761","Marco Wentzel","Marco Wentzel",1979-05-06,"George; South Africa",NA,NA,200,"2nd Row"
"Q2406514","Jérôme Suderie","Jérôme Suderie",1980-03-11,NA,NA,NA,NA,"Fullback"
"Q2407192","Adrien Oléon","Adrien Oléron",1989-03-12,"Clermont-Ferrand",NA,NA,173,"Prop"
"Q2407541","Raymond Le Goff","Raymond Le Goff",1913-07-04,"8th arrondissement of Paris",2005-07-08,"Bry-sur-Marne",NA,"Winger"
"Q2408477","Jérôme Baradat","Jérôme Baradat",1975-12-19,NA,NA,NA,NA,"Flanker"
"Q2408780","Jean Estrade","Jean Estrade",1921-05-29,"Pontacq",2015-10-04,"Lourdes",175,"Winger"
"Q2408840","Yohann Authier","Johann Authier",1981-12-16,"Noisy-le-Sec",NA,NA,166,"Scrum-Half"
"Q2410123","Gérard Bouguyon","Gérard Bouguyon",1935-11-24,NA,2016-01-06,NA,185,"2nd Row"
"Q2411645","Juan Lanza","Juan Lanza",1963-06-07,NA,NA,NA,NA,"Winger"
"Q2411672","Steve Kefu","Steve Kefu",1979-12-16,"Brisbane",NA,NA,188,"Centre"
"Q2412532","Richard Alonso","Richard Alonso",1948-09-22,"Paraza",2022-04-28,"Narbonne",NA,NA
"Q2414780","Jeremy Tomuli","Jeremy Tomuli",1971-10-13,"Auckland",NA,NA,178,"Prop"
"Q2415284","Alexander Yanyushkin","Alexander Yanyushkin",1982-10-30,"Penza",NA,NA,165,"Scrum-Half"
"Q2415577","Fabrice Estebanez","Fabrice Estebanez",1981-12-26,"Carcassonne",NA,NA,186,"Centre; Fly-Half; Fullback"
"Q2415875","Guy Basquet","Guy Basquet",1921-07-13,"Layrac",2006-02-01,"Agen",181,"Number 8; Flanker"
"Q2419858","Gaston Lane","Gaston Lane",1883-01-23,"Paris",1914-09-23,"Lironville",168,"Winger; Centre"
"Q2420452","Dean Richards","Dean Richards",1963-07-11,"Nuneaton",NA,NA,191,"Number 8"
"Q2420532","Mathurin Barbier","Mathurin Barbier",1981-07-16,"Chenôve",NA,NA,184,"Winger; Fullback"
"Q2421296","Vickus Liebenberg","Vickus Liebenberg",1985-02-20,"Upington",NA,NA,198,"2nd Row"
"Q2421605","Jo Maso","Jo Maso",1944-12-27,"Toulouse",NA,NA,178,"Centre; Fly-Half"
"Q2421928","Geraint Lewis","Geraint Lewis",1974-01-12,"Pontypridd",NA,NA,190,"Flanker; Number 8"
"Q2423674","George Parsons","George Parsons",1926-04-21,"Newbridge",2009-11-24,"Llangynidr",NA,"Prop; 2nd Row"
"Q2424180","Robert Barbieri","Robert Barbieri",1984-06-05,"Toronto",NA,NA,185,"Flanker; Number 8"
"Q2440114","Tom Smith","Tom Smith",1971-10-31,"London",2022-04-06,"Libourne",177,"Prop"
"Q2443371","Erich Ludwig","Erich Ludwig",NA,NA,NA,NA,NA,"Forward"
"Q2443618","Richard Ludwig","Richard Ludwig",1877-05-22,"Frankfurt",1946-08-10,"Königstein im Taunus",NA,"Back"
"Q2443936","Victor Lardanchet","Victor Lardanchet",1863-12-29,"Desnes; Jura",1936-11-08,"Nice",NA,"Forward"
"Q2464963","Morgan Parra","Morgan Parra",1988-11-15,"Metz",NA,NA,180,"Scrum-Half; Fly-Half"
"Q2465068","Elvis Vermeulen","Elvis Vermeulen",1979-04-05,"Senlis",NA,NA,189,"Number 8"
"Q2472720","Vladislav Korshunov","Vladislav Korshunov",1983-02-13,"Khabarovsk",NA,NA,183,"Hooker"
"Q2476819","Rupeni Caucaunibuca","Rupeni Caucaunibuca",1980-06-05,"Nabouwalu",NA,NA,178,"Winger; Centre"
"Q2480198","Jacques Brunel","Jacques Brunel",1954-01-14,"Courrensan",NA,NA,NA,"Fullback"
"Q2481789","Sonny Bill Williams","Sonny Bill Williams",1985-08-03,"Auckland",NA,NA,193,"Centre; Winger"
"Q2505333","Bob Craig","Bob Craig",1881-09-01,"Sydney",1935-03-05,"Leichhardt",NA,"Flanker"
"Q2509738","Charles Russell","Boxer Russell",1884-12-05,"St Peters",1957-05-15,"Sydney",NA,"Winger"
"Q2510117","Jack Hickey","Jack Hickey",1887-01-04,"Sydney",1950-05-15,"Sydney",NA,"Centre"
"Q2524252","Carlos Deltour",NA,1964-04-08,"Guadalajara",1920-05-29,"Cambo-les-Bains",NA,NA
"Q2557424","Steve Hansen","Steve Hansen",1959-05-07,"Dunedin",NA,NA,NA,"Centre"
"Q2568753","Ruan Pienaar","Ruan Pienaar",1984-03-10,"Bloemfontein",NA,NA,187,"Scrum-Half; Fly-Half; Fullback"
"Q2578953","William Hirigoyen","William Gayraud",1898-05-01,"Laroque-Timbaut",1962-12-09,"9th arrondissement of Paris",176,"Hooker"
"Q2602308","Yves du Manoir","Yves du Manoir",1904-08-11,"Vaucresson",1928-01-02,"Reuilly; Indre",170,"Fly-Half"
"Q2607117","Mario Ledesma","Mario Ledesma",1973-05-17,"Buenos Aires",NA,NA,183,"Hooker"
"Q2608846","Dimitri Yachvili","Dimitri Yachvili",1980-09-19,"Brive-la-Gaillarde",NA,NA,182,"Scrum-Half"
"Q2619055","Erik Lund","Erik Lund",1979-07-03,"Fredrikstad",NA,NA,202,"2nd Row"
"Q2635850","David Robertson",NA,NA,NA,NA,NA,NA,NA
"Q2636049","Franz Albert Amrhein","Albert Amrhein",1870-12-29,"Frankfurt",1945-05-20,"Frankfurt",NA,"Prop"
"Q2636058","André Roosevelt","Albert Roosevelt",1879-04-24,NA,1962-07-21,NA,NA,"Flanker"
"Q2636456","Jean-Guy Gautier",NA,1875-12-13,"Jarnac",1938-10-23,"Cognac; France",175,"Centre; Number 8; Loosehead Prop; 2nd Row"
"Q2636650","Léon Binoche","Léon Binoche",1878-08-16,"Champs-sur-Yonne",1962-08-28,"Ferney-Voltaire",NA,"Fly-Half"
"Q2647958","Allan Elsom","Allan Elsom",1925-07-18,"Christchurch",2010-09-25,"Christchurch",183,"Centre; Winger"
"Q2648015","Allan Muhr","Allan Muhr",1882-01-23,"Philadelphia",1944-12-29,"Neuengamme concentration camp",NA,"2nd Row; Number 8"
"Q2700940","Hubert Lefèbvre","Hubert Lefèbvre",1878-11-29,NA,1937-09-26,"Labaroche",168,"2nd Row"
"Q2701263","André Rischmann","André Rischmann",1882-01-26,"1st arrondissement of Paris",1955-11-09,"17th arrondissement of Paris",NA,"Winger"
"Q2701355","Auguste Giroux","Auguste Giroux",1874-07-29,NA,1953-08-09,NA,168,"Winger"
"Q2701529","Alexandre Pharamond","Alexandre Pharamond",1876-10-20,NA,1953-05-04,NA,164,"Fullback"
"Q2725608","Eric Tindill","Eric Tindill",1910-12-18,"Nelson; New Zealand",2010-08-01,"Wellington",NA,"Fly-Half; Centre"
"Q2735105","François Trinh-Duc","François Trinh-Duc",1986-11-11,"Montpellier",NA,NA,184,"Fly-Half; Centre; Fullback"
"Q2738338","Ferdie Aston","Ferdy Aston",1871-09-18,"Cheltenham",1926-10-15,"Durban",NA,"Centre; Winger"
"Q2738926","Damien Traille","Damien Traille",1979-06-12,"Pau; Pyrénées-Atlantiques",NA,NA,192,"Centre; Fullback; Fly-Half"
"Q2739194","Aurélien Rougerie","Aurélien Rougerie",1980-09-26,"Beaumont; Puy-de-Dôme",NA,NA,193,"Centre; Winger; Fullback"
"Q2740657","Rui Cordeiro","Rui Cordeiro",1976-10-14,NA,NA,NA,NA,"Hooker"
"Q2740787","Duarte Cardoso Pinto","Duarte Cardoso Pinto",1982-03-17,"Lisbon",NA,NA,173,"Fly-Half"
"Q2740857","Joaquim Ferreira","Joaquim Ferreira",1973-04-27,"Porto",NA,NA,175,"Prop; Hooker"
"Q2741547","Diogo Gama","Diogo Gama",1981-06-15,"Lisbon",NA,NA,181,"Winger; Centre"
"Q2741829","Pedro Carvalho","Pedro Carvalho",1984-06-29,NA,NA,NA,NA,"Winger"
"Q2742643","Merab Kvirikashvili","Merab Kvirikashvili",1983-12-27,"Tbilisi",NA,NA,175,"Fly-Half; Fullback"
"Q2743474","A. N. Hornby",NA,NA,NA,NA,NA,NA,NA
"Q2746129","António Maria de Aguilar","António Aguilar",1978-07-06,"Lisbon",NA,NA,192,"Winger; Fullback"
"Q2755519","Nigel Walker","Nigel Walker",1963-06-15,"Cardiff",NA,NA,180,"Winger"
"Q2761879","Radike Samo","Radike Samo",1976-07-09,"Nadi",NA,NA,197,"2nd Row; Number 8; Flanker"
"Q2777809","David Pocock","David Pocock",1988-04-23,"Gweru",NA,NA,184,"Flanker; Number 8"
"Q2779131","Danie Gerber","Danie Gerber",1958-04-14,"Gqeberha",NA,NA,185,"Centre"
"Q2784728","Patricio Noriega","Patricio Noriega",1971-10-22,"Buenos Aires",NA,NA,185,"Prop"
"Q2792014","Jamie Robinson","Jamie Robinson",1980-04-07,"Penarth",NA,NA,188,"Centre; Winger"
"Q2815225","John Bannerman, Baron Bannerman of Kildonan","John Bannerman",1901-09-01,"Glasgow",1969-04-10,"Tidworth",NA,"2nd Row"
"Q2817187","Scott Palmer","Scott Palmer",1977-11-10,"Palmerston North",NA,NA,190,"Flanker; Number 8"
"Q2820018","Aaron Abrams","Aaron Abrams",1979-07-09,"London; Ontario",NA,NA,183,"Hooker"
"Q2820022","Aaron Bancroft","Aaron Bancroft",1985-01-01,"Blenheim; New Zealand",NA,NA,180,"Centre; Fly-Half"
"Q2820032","Aaron Carpenter","Aaron Carpenter",1983-01-09,"Brantford",NA,NA,183,"Number 8; Hooker"
"Q2820060","Aaron Jarvis","Aaron Jarvis",1986-05-20,"Exeter",NA,NA,183,"Prop"
"Q2820082","Aaron Persico","Aaron Persico",1978-03-29,"Lower Hutt",NA,NA,183,"Flanker"
"Q2821149","Abdellatif Boutaty","Abdellatif Boutaty",1983-06-04,"Casablanca",NA,NA,195,"2nd Row"
"Q2821613","Abie Malan","Abie Malan",1935-11-18,"Kenhardt",2014-10-23,"Upington",182,"Hooker"
"Q2821853","Abraham Tolofua","Abraham Tolofua",1972-08-27,"Nouméa",NA,NA,182,"Prop"
"Q2822185","Aca Ratuva","Aca Ratuva",1978-12-30,NA,NA,NA,185,"Flanker"
"Q2822932","Ace Tiatia","Ace Tiatia",1976-06-18,"Wellington",NA,NA,187,"Hooker; 3rd Row"
"Q2823947","Adam Freier","Adam Freier",1980-03-20,"Sydney",NA,NA,175,"Hooker"
"Q2823963","Adam Jaulhac","Adam Jaulhac",1988-01-31,"Brive-la-Gaillarde",NA,NA,198,"2nd Row"
"Q2823968","Adam Kleeberger","Adam Kleeberger",1984-03-02,"Elk Point; Alberta",NA,NA,185,"Flanker"
"Q2824000","Adam Robson","Adam Robson",1928-08-16,"Hawick",2007-03-15,"Dollar; Clackmannanshire",NA,"Flanker"
"Q2824170","Adedayo Adebayo","Adedayo Adebayo",1970-09-30,"Ibadan",NA,NA,180,"Winger"
"Q2824719","Adolfo Cappelletti","Adolfo Cappelletti",1954-07-01,"Buenos Aires",NA,NA,NA,"Winger"
"Q2824757","Adolphe Alésina","Adolphe Alésina",1969-05-27,"Pamiers",NA,NA,NA,NA
"Q2824783","Adolphe Bringeon","Adolphe Bringeon",1895-01-23,"Saint-Jean-de-Luz",1944-05-14,"Saint-Jean-de-Luz",NA,"Winger"
"Q2824849","Adolphe Jauréguy","Adolphe Jauréguy",1898-02-18,"Ostabat-Asme",1977-09-04,"Saint-Jean-Pied-de-Port",183,"Winger"
"Q2825005","Adri Badenhorst","Adri Badenhorst",1978-07-18,"Prieska",NA,NA,196,"2nd Row"
"Q2825023","Adrian Durston","Adrian Durston",1975-10-28,"Neath",NA,NA,182,"Fullback"
"Q2825028","Adrian Jarvis","Adrian Jarvis",1983-12-12,"London",NA,NA,188,"Fly-Half"
"Q2825029","Adrian Jacobs","Adrian Jacobs",1980-08-14,"Kraaifontein",NA,NA,179,"Centre; Winger; Fly-Half"
"Q2825031","Adrian Hadley","Adrian Hadley",1963-03-01,"Cardiff",NA,NA,188,"Winger"
"Q2825034","Adrian Lungu","Adrian Lungu",1960-09-05,"Năvodari",NA,NA,185,"Centre; Winger"
"Q2825044","Alin Petrache","Alin Petrache",1976-10-29,"Bucharest",NA,NA,193,"Flanker; Number 8"
"Q2825053","Adrian Stoop","Adrian Stoop",1883-03-27,"Kensington",1956-11-27,"Aldershot",NA,"Fly-Half"
"Q2825118","Adrien Ayestaran","Adrien Ayestaran",1987-09-07,"Épinay-sur-Seine",NA,NA,174,"Scrum-Half"
"Q2825157","Adrien Domec","Adrien Domec",1990-03-15,NA,NA,NA,177,"Winger; Fullback; Centre"
"Q2825166","Adrien Falières","Adrien Falières",1983-01-12,"Verdun",NA,NA,179,"Prop"
"Q2825169","Adrien Figueiredo","Adrien Figueiredo",1984-06-22,"Saint-Palais; Pyrénées-Atlantiques",NA,NA,181,"Winger; Centre"
"Q2825215","Adrien Malavard","Adrien Malavard",1986-06-27,"Nice",NA,NA,192,"Fullback"
"Q2825228","Adrien N'Goma","Adrien N'Goma",1976-08-30,"Albertville",NA,NA,185,"Centre"
"Q2825232","Adrien Pampouille","Adrien Pampouille",1987-08-04,"Bergerac; Dordogne",NA,NA,178,"Fullback"
"Q2825247","Adrien Prat-Marty","Adrien Pratmarty",1987-12-27,"Toulouse",NA,NA,178,"Winger"
"Q2825248","Adrien Planté","Adrien Planté",1985-04-21,"Longjumeau",NA,NA,184,"Winger"
"Q2825275","Adrien Tomas","Adrien Tomas",1988-03-17,"Montpellier",NA,NA,172,"Scrum-Half"
"Q2825281","Adrien Vigne-Donati","Adrien Vigne-Donati",1984-03-01,"Annemasse",NA,NA,183,"Prop"
"Q2827344","Agustin Lopresti","Agustin Lopresti",1974-11-15,"Salta",NA,NA,185,"Prop"
"Q2827350","Agustín Creevy","Agustín Creevy",1985-03-15,"La Plata",NA,NA,182,"Hooker; Number 8; Flanker"
"Q2827352","Agustín Figuerola","Agustín Figuerola",1985-01-27,"Buenos Aires",NA,NA,170,"Scrum-Half"
"Q2827355","Agustín Gosio","Agustín Gosio",1983-03-17,"Buenos Aires",NA,NA,180,"Winger"
"Q2827775","Aidan McCullen","Aidan McCullen",1977-01-05,"Drogheda",NA,NA,193,"Flanker; Number 8"
"Q2828035","Aimé Bardes","Aimé Bardes",1914-06-21,"Le Boulou",2005-12-06,"Arles-sur-Tech",NA,NA
"Q2828064","Aimé Giral","Aimé Giral",1895-08-08,"Perpignan",1915-07-22,"Somme-Suippe",177,"Fly-Half"
"Q2828766","Aisea Tuilevu","Aisea Tuilevu",1972-07-13,"Sigatoka",NA,NA,185,"Winger"
"Q2828911","Akaki Sanadze","Akaki Sanadze",1983-03-14,NA,NA,NA,174,"Prop"
"Q2829074","Akira Yokoi","Akira Yokoi",1941-05-01,"Osaka Prefecture",NA,NA,NA,"Centre"
"Q2829140","Akrem Hamdi","Akrem Hamdi",1987-02-01,"Drancy",NA,NA,185,"Winger; Centre"
"Q2829303","Al Baxter","Al Baxter",1977-01-21,"Canberra",NA,NA,190,"Prop"
"Q2829311","Al Charron","Al Charron",1966-07-27,"Ottawa",NA,NA,195,"2nd Row"
"Q2829490","Alain-Bertrand Nuetsa-Fotso","Alain-Bertrand Nuetsa-fotso",1982-08-24,NA,NA,NA,178,"Tighthead Prop"
"Q2829535","Alain Bayout","Alain Bayout",1960-02-24,"Saint-Germain-les-Vergnes",NA,NA,182,"Winger; Centre"
"Q2829568","Alain Besson","Alain Besson",1943-03-21,"Saint-Astier; Dordogne",2022-12-09,"Saint-Yzan-de-Soudiac",169,"Winger"
"Q2829645","Alain Caussade","Alain Caussade",1952-07-27,"Juillan",NA,NA,178,"Fly-Half; Fullback"
"Q2829826","Alain Gaillard","Alain Gaillard",1949-01-01,"Castres",NA,NA,NA,"Scrum-Half"
"Q2829886","Alain Guettache","Alain Guettache",1968-05-19,"Fumel",NA,NA,175,"Fly-Half"
"Q2829887","Alain Guilbert","Alain Guilbert",1950-09-28,"Saint-Maur-des-Fossés",NA,NA,195,"2nd Row; 3rd Row"
"Q2829916","Alain Hyardet","Alain Hyardet",1964-11-28,"Aix-en-Provence",NA,NA,178,"Centre"
"Q2830046","Alain Lorieux","Alain Lorieux",1956-03-26,"La Tronche",NA,NA,196,"2nd Row"
"Q2830058","Alain Macabiau","Alain Macabiau",1966-05-15,"Perpignan",NA,NA,178,"Scrum-Half"
"Q2830062","Alain Maleig","Alain Maleig",1952-07-10,NA,NA,NA,NA,"2nd Row"
"Q2830080","Alain Marot","Alain Marot",1948-03-11,"Bergerac; Dordogne",NA,NA,170,"Centre; Fullback"
"Q2830147","Alain Paco","Alain Paco",1952-05-01,"Béziers",NA,NA,178,"Hooker"
"Q2830170","Alain Plantefol","Alain Plantefol",1942-12-26,"Colombes",2022-06-23,"Agen",194,"2nd Row"
"Q2830183","Alain Porthault","Alain Porthault",1929-07-15,NA,2019-11-25,NA,180,"Winger"
"Q2830204","Alain Rakotonirina","Alain Rakotonirina",NA,NA,NA,NA,NA,"Fullback"
"Q2830313","Alain Teulé","Alain Teulé",1958-03-05,"Vic-en-Bigorre",NA,NA,180,"Prop"
"Q2830436","Alama Ieremia","Alama Ieremia",1970-10-27,"Apia",NA,NA,186,"Centre"
"Q2830537","Alan Lawson","Alan Lawson",1948-05-19,"Kirkcaldy",NA,NA,NA,"Scrum-Half"
"Q2830572","Alan Phillips","Alan Phillips",1954-08-21,"Kenfig Hill",NA,NA,180,"Hooker"
"Q2830586","Alan Skene","Alan Skene",1932-10-02,"Cape Town",2001-08-13,"George; South Africa",180,"Centre"
"Q2830597","Alan Sutherland","Alan Sutherland",1944-01-04,"Blenheim; New Zealand",2020-05-04,NA,191,"Number 8; 2nd Row"
"Q2830602","Alan Tait","Alan Tait",1964-07-02,"Kelso; Scottish Borders",NA,NA,180,"Centre"
"Q2830604","Alan Tomes","Alan Tomes",1951-11-06,"Hawick",NA,NA,NA,"2nd Row"
"Q2830613","Alan Whetton","Alan Whetton",1959-12-15,"Auckland",NA,NA,193,"Flanker"
"Q2830616","Alan Williams","Alan Williams",1987-12-11,NA,NA,NA,186,"Fly-Half; Fullback"
"Q2830674","Alasdair Dickinson","Alasdair Dickinson",1983-09-11,"Dundee",NA,NA,183,"Prop"
"Q2830676","Alasdair Strokosch","Alasdair Strokosch",1983-02-21,"Paisley; Renfrewshire",NA,NA,191,"Flanker"
"Q2830694","Alastair Biggar","Alastair Biggar",1946-08-04,"Edinburgh",2016-02-06,NA,NA,"Winger"
"Q2830697","Alastair McHarg","Alastair McHarg",1944-06-17,"Irvine; North Ayrshire",NA,NA,195,"2nd Row"
"Q2830700","Alastair Smallwood","Alastair Smallwood",1892-11-18,"Alloa",1985-06-12,"Uppingham",NA,"Winger"
"Q2830762","Alban Genthieu","Alban Genthieu",1985-05-17,"Pau; Pyrénées-Atlantiques",NA,NA,181,"Centre"
"Q2830774","Alban Moga","Alban Moga",1923-05-01,"Bordeaux",1983-04-05,"Pessac",187,"2nd Row"
"Q2830915","Albert Ambert","Albert Ambert",1902-03-15,"Béziers",1988-06-21,"Bize-Minervois",NA,"Hooker"
"Q2830983","Albert Branlat","Albert Branlat",1879-11-15,"Saint-Vivien-de-Médoc",1943-03-01,"Curepipe",174,"Prop; 2nd Row"
"Q2831024","Albert Cazenave","Albert Cazenave",1902-03-07,NA,1982-08-30,NA,NA,"Flanker"
"Q2831053","Albert Cigagna","Albert Cigagna",1960-09-25,"Toulouse",NA,NA,186,"Number 8"
"Q2831121","Albert Domec","Albert Domec",1901-10-07,"Saint-Pé-de-Bigorre",1948-11-20,"Carcassonne",172,"Winger"
"Q2831155","Albert Eutrope","Albert Eutrope",1888-01-10,"Cayenne",1915-05-26,"Cameroon",172,"Number 8; Winger"
"Q2831172","Albert Ferrasse","Albert Ferrasse",1917-08-12,NA,2011-07-28,NA,NA,NA
"Q2831239","Albert Henry Baskerville","Albert Henry Baskerville",1883-01-15,NA,1908-05-20,NA,NA,NA
"Q2831451","Albert Patrick Toetu","Albert Patrick Toetu",1984-03-14,"Auckland",NA,NA,180,"Prop"
"Q2831596","Albert Tuipulotu","Albert Tuipulotu",1979-02-27,"San Mateo; California",NA,NA,182,"Centre"
"Q2831603","Albert Valentin","Albert Valentin",1988-09-29,"Nouméa",NA,NA,178,"Winger"
"Q2831618","Albert van den Berg","Albert van den Berg",1974-01-26,"Hoopstad",NA,NA,200,"2nd Row"
"Q2831634","Albert VuliVuli","Albert Vulivuli",1985-05-26,"Savusavu",NA,NA,190,"Centre; Winger"
"Q2831761","Alberto de Marchi","Alberto De Marchi",1986-03-13,"Jesolo",NA,NA,183,"Prop"
"Q2831762","Alberto Di Bernardo","Alberto Di Bernardo",1980-11-04,"Rosario",NA,NA,178,"Fly-Half; Fullback"
"Q2831832","Alberto Sgarbi","Alberto Sgarbi",1986-11-26,"Montebelluna",NA,NA,190,"Centre"
"Q2831847","Alberto Vernet Basualdo","Alberto Vernet Basualdo",1982-06-08,"Buenos Aires",NA,NA,181,"Hooker; Prop"
"Q2831858","Albertus Buckle","Albertus Buckle",1983-09-09,NA,NA,NA,180,"Prop"
"Q2831884","Albin Louchard","Albin Louchard",1987-02-19,"Vienne; Isère",NA,NA,198,"2nd Row"
"Q2832325","Aldo Quaglio","Aldo Quaglio",1932-02-17,"Saverdun",2017-03-09,"Saint-Lizier",175,"Flanker; Prop"
"Q2832389","Alec Boswell Timms","Alec Timms",1872-03-02,"Geelong",1922-05-05,"Marylebone",NA,"Centre"
"Q2832399","Aled Brew","Aled Brew",1986-08-09,"Cardiff",NA,NA,183,"Winger"
"Q2832401","Aled de Malmanche","Aled de Malmanche",1984-09-11,"Palmerston North",NA,NA,185,"Hooker; Prop"
"Q2832402","Alefoso Yalayalatabua","Alefoso Yalayalatabua",1977-01-22,"Suva",2020-07-18,"Suva",183,"Prop"
"Q2832428","Alejandro Campos","Alejandro Campos",1983-04-21,"Buenos Aires",NA,NA,190,"Number 8"
"Q2832455","Alejandro Iachetti","Alejandro Iachetti",1956-11-06,NA,NA,NA,NA,"2nd Row"
"Q2832786","Alessandro Ghini","Alessandro Ghini",1961-05-04,"Parma",NA,NA,173,"Scrum-Half"
"Q2832797","Alex Moreno","Alejandro Moreno",1973-04-21,"Buenos Aires",NA,NA,183,"Prop"
"Q2832802","Alessandro Moscardi","Alessandro Moscardi",1969-03-26,"Rovigo",NA,NA,193,"Hooker"
"Q2832819","Cristian Stoica","Alessandro Stoïca",1976-08-01,"Bucharest",NA,NA,188,"Centre; Fullback"
"Q2832832","Alessandro Zanni","Alessandro Zanni",1984-01-31,"Udine",NA,NA,195,"Flanker; Number 8; 2nd Row"
"Q2832843","Alessio Galante","Alessio Galante",1983-10-24,"Varese",NA,NA,188,"Winger"
"Q2832849","Alessio Galasso","Alessio Galasso",1974-05-29,"Dakar",NA,NA,179,"Tighthead Prop"
"Q2832918","Alex Codling","Alex Codling",1973-09-25,"Lewisham",NA,NA,195,"2nd Row"
"Q2832924","Alex Corbisiero","Alex Corbisiero",1988-08-30,"New York City",NA,NA,188,"Prop"
"Q2832969","Al Kanaar","Alex Kanaar",1983-03-04,"Nowra",NA,NA,195,"Flanker; 2nd Row"
"Q2832979","Alex King","Alex King",1975-01-17,"Brighton",NA,NA,182,"Fly-Half"
"Q2832986","Alex McDonald","Alex McDonald",1883-04-23,"Dunedin",1967-05-04,"Wellington",178,"Flanker"
"Q2833044","Alex Tulou","Alex Tulou",1987-03-21,"Faga'alu",NA,NA,192,"Number 8; Flanker"
"Q2833119","Alexander Gillies","Alexander Gillies",1900-03-25,"Easdale",1980-01-22,NA,NA,"Number 8"
"Q2833172","Alexander Margvelashvili","Alexander Margvelashvili",1973-06-05,"Kutaisi",NA,NA,188,"Prop"
"Q2833395","Alexandre Albouy","Alexandre Albouy",1979-05-26,"Castres",NA,NA,170,"Scrum-Half"
"Q2833427","Alexandre Barozzi","Alexandre Barozzi",1986-10-31,"Tarbes",NA,NA,191,"Prop"
"Q2833436","Alexandre Barès","Alexandre Barès",1982-02-26,NA,NA,NA,188,"Prop"
"Q2833437","Alexandre Bastin","Alexandre Bastin",1984-06-09,"Le Puy-en-Velay",NA,NA,188,"Prop"
"Q2833459","Alexandre Bias","Alexandre Bias",1981-04-21,"Saint-Denis; Seine-Saint-Denis",NA,NA,195,"Flanker"
"Q2833534","Alexandre Chazalet","Alexandre Chazalet",1972-03-13,"Valence; Drôme",NA,NA,186,"Flanker"
"Q2833627","Alexandre Ducasse","Alexandre Ducasse",1986-06-17,NA,NA,NA,183,"Prop; Hooker"
"Q2833641","Alexandre Dumoulin","Alexandre Dumoulin",1989-08-24,"Bourgoin-Jallieu",NA,NA,189,"Centre"
"Q2833670","Alexandre Flanquart","Alexandre Flanquart",1989-10-09,"Cambrai",NA,NA,206,"2nd Row"
"Q2833761","Alexandre Jaffrès","Alexandre Jaffrès",1978-12-11,NA,NA,NA,185,"Centre"
"Q2833812","Alexandre Lapandry","Alexandre Lapandry",1989-04-13,"Paray-le-Monial",NA,NA,194,"Flanker"
"Q2833989","Alexandre Péclier","Alexandre Péclier",1975-01-26,"Villefranche-sur-Saône",NA,NA,183,"Fullback; Fly-Half"
"Q2833994","Alexandre Ricaud","Alexandre Ricaud",1984-03-23,NA,NA,NA,181,"Number 8; Flanker"
"Q2834096","Alexandre Valdant","Alexandre Valdant",1987-01-07,NA,NA,NA,191,"3rd Row"
"Q2834279","Alexandru Lupu","Alexandru Lupu",1978-03-20,NA,NA,NA,178,"Scrum-Half"
"Q2834287","Alexandru Tudori","Marian Tudori",1978-10-11,"Bucharest",NA,NA,194,"Flanker"
"Q2834495","Alexis Driollet","Alexis Driollet",1984-08-10,"Enghien-les-Bains",NA,NA,188,"Flanker; Number 8"
"Q2834800","Alfie Vaeluaga","Alfie Vaeluaga",1980-01-30,"Apia",NA,NA,186,"Number 8; Flanker"
"Q2834997","Alfred Brice","Alfred Brice",1871-09-23,"Weare; Somerset",1938-05-28,"Port Talbot",NA,"Forward"
"Q2835116","Alfred Fell","Alfred Fell",1878-01-17,"Nelson; New Zealand",1953-04-20,"Colchester",NA,"Winger"
"Q2835186","Alfred Hind","Alfred Hind",1878-04-07,"Preston; Lancashire",1947-03-21,"Oadby",NA,NA
"Q2835323","Alfred Mayssonnié","Alfred Mayssonnié",1884-02-10,"Lavernose-Lacasse",1914-09-06,"Osches",NA,"Scrum-Half; Fly-Half"
"Q2835429","Alfred Roques","Alfred Roques",1925-02-17,"Cazes-Mondenard",2004-11-07,"Cahors",178,"Prop"
"Q2835462","Alfred Shaw","Alfred Shaw",1842-08-29,NA,1907-01-16,NA,NA,NA
"Q2835499","Alfred Uluinayau","Alfred Uluinayau",1970-02-20,"Suva",NA,NA,180,"Fullback; Centre; Winger"
"Q2835607","Alfredo Lalanne","Alfredo Lalanne",1983-03-03,"Buenos Aires",NA,NA,172,"Scrum-Half"
"Q2835696","Algernon Rutter","Algernon Rutter",NA,NA,NA,NA,NA,NA
"Q2836131","Ali Belhocine","Ali Belhocine",1982-07-27,"Vénissieux",NA,NA,181,"Flanker"
"Q2836235","Ali Guerraoui","Ali Guerraoui",1986-03-12,NA,NA,NA,177,"Prop"
"Q2836265","Ali Koko","Ali Koko",1974-02-09,"Pago Pago; American Samoa",NA,NA,184,"Winger"
"Q2836869","Alifereti Mocelutu","Alifereti Mocelutu",1971-07-09,NA,NA,NA,193,"Number 8"
"Q2836870","Alifereti Doviverata","Alifereti Doviverata",1976-06-14,"Suva",NA,NA,185,"Flanker; Number 8"
"Q2836916","Aliki Fakate","Aliki Fakate",1985-09-04,"Nouméa",NA,NA,202,"2nd Row"
"Q2837121","Alipate Fatafehi","Alipate Fatafehi",1984-12-13,"Sigatoka",NA,NA,193,"Winger; Centre; Number 8"
"Q2837135","Alisi Tupuailei","Alisi Tupuailei",1982-02-01,"Manunu",NA,NA,187,"Centre; Winger"
"Q2837188","Alistair Murdoch","Alistair Murdoch",1967-05-09,"Sydney",NA,NA,185,"Winger; Centre"
"Q2837203","Alister James Campbell","Alister Campbell",1959-01-01,"Hawick",NA,NA,NA,"2nd Row"
"Q2837205","Alister Munro Campbell","Alister Campbell",1979-07-17,"Newcastle; New South Wales",NA,NA,200,"2nd Row"
"Q2837207","Alister Hopkinson","Alister Hopkinson",1941-05-30,"Mosgiel",1999-01-17,"Christchurch",NA,"Prop"
"Q2837292","Alix Popham","Alix Popham",1979-10-17,"Newport; Wales",NA,NA,190,"Number 8; Flanker"
"Q2837676","Allan Bateman","Allan Bateman",1965-03-06,"Maesteg",NA,NA,175,"Centre"
"Q2837717","Allan Hewson","Allan Hewson",1954-06-06,"Lower Hutt",NA,NA,180,"Fullback"
"Q2837722","Allan Jacobsen","Allan Jacobsen",1978-09-22,"Edinburgh",NA,NA,178,"Prop"
"Q2837744","Allan Martin","Allan Martin",1948-12-11,"Port Talbot",NA,NA,196,"2nd Row"
"Q2837760","Allan Roy","Allan Roy",1911-05-13,"Ainsdale",2011-04-16,"Southport",NA,"2nd Row"
"Q2838356","Allister Hogg","Allister Hogg",1983-01-20,"Stirling",NA,NA,191,"Number 8"
"Q2839205","Aloisio Butonidualevu","Aloisio Butonidualevu",1983-10-21,"Suva",2023-11-07,NA,184,"Centre"
"Q2839905","Alphonse Massé","Alphonse Massé",1883-05-23,"Saint-Christophe-de-Double",1953-06-10,"Saint-Laurent-Médoc",175,"2nd Row; Flanker"
"Q2840331","Altenstadt Hulme","Altenstadt Hulme",1981-10-10,"George; South Africa",NA,NA,200,"2nd Row; Number 8"
"Q2840540","Alun Thomas","Alun Thomas",1926-02-03,"Cwmafan",1991-05-08,"Swansea",NA,"Centre; Fly-Half; Winger"
"Q2840543","Alun Pask","Alun Pask",1937-09-10,"Blackwood; Caerphilly",1995-11-01,"Blackwood; Caerphilly",NA,"Number 8"
"Q2840584","Alvaro Tejeda","Alvaro Tejeda",1977-06-06,"San Miguel de Tucumán",NA,NA,178,"Hooker"
"Q2841072","Oriol Ripol","Oriol Ripol",1975-09-06,"Barcelona",NA,NA,175,"Winger; Centre"
"Q2842417","Ambroise Ulma","Ambroise Ulma",1921-11-29,"Alénya",2005-09-30,"Perpignan",179,NA
"Q2843934","Amos du Plooy","Amos du Plooy",1921-05-31,"Douglas",1980-05-17,"Thornhill; Ontario",NA,"Prop"
"Q2844644","Amédée Domenech","Amédée Domenech",1984-07-18,"Brive-la-Gaillarde",NA,NA,182,"Hooker; Flanker"
"Q2844645","Amédée Domenech","Amédée Domenech",1933-05-03,"Narbonne",2003-09-21,"Brive-la-Gaillarde",180,"Prop"
"Q2846088","Ander Monro","Ander Monro",1981-09-06,"Toronto",NA,NA,178,"Fly-Half"
"Q2846284","Andre Snyman","André Snyman",1974-02-02,"Newcastle; KwaZulu-Natal",NA,NA,187,"Centre; Winger"
"Q2846294","Andrea Bacchetti","Andrea Bacchetti",1988-07-04,"Rovigo",NA,NA,184,"Winger"
"Q2846301","Andrea Benatti","Andrea Benatti",1979-11-08,"Viadana; Lombardy",NA,NA,191,"Flanker"
"Q2846319","Andrea Castellani","Andrea Castellani",1972-05-15,NA,NA,NA,191,"Prop"
"Q2846324","Andrea de Rossi","Andrea De Rossi",1972-08-07,"Genoa",NA,NA,184,"Number 8"
"Q2846342","Andrea Gritti","Andrea Gritti",1974-05-28,"Treviso",NA,NA,199,"2nd Row"
"Q2846414","Andrea Sgorlon","Andrea Sgorlon",1968-01-20,"San Donà di Piave",NA,NA,180,"Flanker"
"Q2846418","Andrea Taveggia","Andrea Taveggia",1933-02-23,"Milan",NA,NA,NA,"Prop"
"Q2846498","Andriy Kovalenco","Andrei Kovalenco",1971-07-12,"Kyiv",NA,NA,180,"Fly-Half"
"Q2846539","Andrew Aitken","Andrew Aitken",1968-06-10,"Durban",NA,NA,186,"Flanker"
"Q2846568","Andrew Blades","Andrew Blades",1967-06-04,"Sydney",NA,NA,175,"Prop"
"Q2846597","Andrew Farley","Andrew Farley",1980-08-21,"Brisbane",NA,NA,198,"2nd Row"
"Q2846621","Andrew Heath","Andrew Heath",1969-10-22,"Melbourne",NA,NA,185,"Prop"
"Q2846624","Andy Hazell","Andrew Hazell",1978-04-25,"Gloucester",NA,NA,183,"Flanker"
"Q2846629","Andrew Higgins","Andrew Higgins",1981-07-13,"Epping; Essex",NA,NA,181,"Centre"
"Q2846631","Andrew Henderson","Andrew Henderson",1980-02-03,"Chatham; Kent",NA,NA,193,"Centre"
"Q2846661","Andrew Leeds","Andrew Leeds",1964-09-19,"Sydney",NA,NA,185,"Fullback"
"Q2846669","Andrew Ma'ilei","Andrew Ma'ilei",1980-05-24,"Auckland",NA,NA,180,"Centre"
"Q2846679","Andrew McCormick","Andrew McCormick",1967-02-05,"Christchurch",NA,NA,185,"Centre"
"Q2846690","Andrew Miller","Andrew Miller",1972-09-13,"Te Puke",NA,NA,177,"Fly-Half"
"Q2846734","Andrew Slack","Andrew Slack",1955-09-24,"Brisbane",NA,NA,NA,"Centre"
"Q2846737","Andrew Springgay","Andrew Springgay",1981-08-14,"Gateshead",NA,NA,197,"2nd Row"
"Q2846744","Andrew Stoddart","Andrew Stoddart",1863-03-11,"South Shields",1915-04-04,"London",NA,"Forward"
"Q2846760","Andrew Walker","Andrew Walker",1973-11-22,"Shoalhaven",NA,NA,178,"Fullback; Winger"
"Q2846773","Andrew Wilson","Andy Wilson",1980-12-09,"Fort Brown",NA,NA,194,"Flanker"
"Q2846836","Andrei Ostrikov","Andreï Ostrikov",1987-07-02,"Moscow",NA,NA,197,"2nd Row; Flanker"
"Q2846872","Andries Bekker","Andries Bekker",1983-12-05,"Goodwood; Western Cape",NA,NA,208,"2nd Row"
"Q2846876","Andries van Heerden","Andries van Heerden",1961-10-06,"Cape Town",NA,NA,195,"Number 8"
"Q2847121","André Abadie","André Abadie",1932-01-31,"Aureilhan; Hautes-Pyrénées",2014-02-02,"Lourdes",170,"Prop; Hooker"
"Q2847124","André Abadie","André Abadie",1934-07-27,"Toulouse",2020-01-06,"Villefranche-de-Lauragais",180,"Prop"
"Q2847149","André Alvarez","André Alvarez",1923-05-26,"Bayonne",2005-05-28,"Urt",173,"Fullback"
"Q2847267","André Berilhe","André Berilhe",1932-04-17,"Dax; Landes",2012-10-29,"Dax; Landes",179,"Tighthead Prop"
"Q2847282","André Berthozat","André Berthozat",1964-05-14,"Lons-le-Saunier",NA,NA,NA,"2nd Row"
"Q2847386","André Brouat","André Brouat",1924-04-07,NA,2002-11-27,NA,NA,"Centre"
"Q2847401","André Buonomo","André Buonomo",1950-01-22,"Sète",NA,NA,188,"Flanker"
"Q2847426","André Camel","André Camel",1905-02-09,"Toulouse",1980-03-01,"Toulouse",182,"2nd Row"
"Q2847428","André Campaes","André Campaes",1944-03-30,"Lourdes",NA,NA,NA,"Winger"
"Q2847669","André Dubertrand","André Dubertrand",1950-04-25,"Saubion",NA,NA,175,"Winger; Centre; Scrum-Half"
"Q2847778","André Francquenelle","André Francquenelle",1889-08-15,"Rochefort; Charente-Maritime",1965-07-11,"Clermont-Ferrand",168,"Centre"
"Q2847785","André Frémaux","André Frémaux",1928-11-06,"14th arrondissement of Paris",2006-05-15,"Caen",182,"Number 8"
"Q2847921","André Haget","André Haget",1931-04-26,"Biarritz",1989-01-31,"Thiais",175,"Fly-Half"
"Q2847957","André Herrero","André Herrero",1938-01-28,"Puisserguier",NA,NA,188,"2nd Row; Number 8; Flanker"
"Q2847966","André Hough","André Hough",1983-06-13,"Bellville; South Africa",NA,NA,191,"Fly-Half"
"Q2848016","André Joubert","André Joubert",1964-04-15,"Ladysmith; KwaZulu-Natal",NA,NA,187,"Fullback; Centre"
"Q2848194","André Lubrano","André Lubrano",1946-09-19,NA,NA,NA,NA,"Hooker"
"Q2848281","André McDonald","André McDonald",1909-02-17,NA,1991-07-13,NA,NA,"Flanker"
"Q2848323","André Morel","André Morel",1927-11-20,"La Tronche",2022-03-03,"France",178,"Winger"
"Q2848436","André Piazza","André Piazza",1947-12-01,"Moissac",NA,NA,175,"Winger"
"Q2848496","André Quilis","André Quilis",1941-10-28,"Coursan",2020-11-19,"Narbonne",NA,"Flanker"
"Q2848589","André Ruiz","André Ruiz",1947-03-30,"Séméac",NA,NA,NA,"Centre"
"Q2848596","André Sahuc","André Sahuc",1914-08-04,"Castelnau-Montratier",1963-08-28,"Zarautz",185,"Number 8"
"Q2848609","André Sanac","André Sanac",1929-08-04,NA,2015-02-05,NA,NA,"Prop"
"Q2848691","André Theuriet","André Theuriet",1887-03-30,"2nd arrondissement of Lyon",1965-03-21,"20th arrondissement of Paris",168,"Scrum-Half"
"Q2848764","André Verger","André Verger",1906-05-28,"Limoges",1978-03-27,"Paris",175,"Fly-Half"
"Q2848765","André Vergès","André Vergès",NA,NA,NA,NA,NA,"Prop; 2nd Row"
"Q2848805","André Watson","André Watson",1958-04-24,NA,NA,NA,NA,NA
"Q2849008","Andrés Courreges","Andrés Courreges",NA,NA,NA,NA,NA,"Hooker"
"Q2849057","Andy Beattie","Andy Beattie",1978-09-06,"London",NA,NA,196,"2nd Row; Flanker"
"Q2849092","Andy Dalton","Andy Dalton",1951-11-16,"Dunedin",NA,NA,178,"Hooker"
"Q2849101","Andy Earl","Andrew Heath",1961-09-12,"Christchurch",NA,NA,191,"2nd Row; Flanker; Number 8"
"Q2849107","Andy Farrell","Andy Farrell",1975-05-30,"Wigan",NA,NA,190,"Centre; Fly-Half; Flanker"
"Q2849114","Andy Gomarsall","Andy Gomarsall",1974-07-24,"Durham; England",NA,NA,178,"Scrum-Half"
"Q2849116","Andy Goode","Andy Goode",1980-04-03,"Coventry",NA,NA,180,"Fly-Half; Fullback"
"Q2849120","Andy Haden","Andy Haden",1950-09-26,"Whanganui",2020-07-29,"Auckland",199,"2nd Row"
"Q2849130","Andy Kyriacou","Andy Kyriacou",1983-01-04,"Liverpool",NA,NA,180,"Hooker"
"Q2849136","Andy Long","Andy Long",1977-09-02,"Poole",NA,NA,180,"Hooker"
"Q2849141","Andy McIntyre","Andy McIntyre",1955-12-23,"Toowoomba",NA,NA,NA,"Prop"
"Q2849147","Andy Miller","Andy Miller",1982-04-01,"Galashiels",NA,NA,183,"Flanker"
"Q2849150","Andy Mulligan","Andy Mulligan",1936-02-04,"Kasauli",2001-02-24,"Medford; Oregon",NA,"Scrum-Half"
"Q2849151","Andy Nicol","Andrew Douglas Nicol",1971-03-12,"Dundee",NA,NA,NA,"Scrum-Half"
"Q2849157","Andy Reed","Andy Reed",1969-05-04,"St Austell",NA,NA,200,"2nd Row"
"Q2849163","Andy Robinson","Andy Robinson",1964-04-03,"Taunton",NA,NA,175,"Flanker"
"Q2849176","Andy Titterrell","Andy Titterrell",1981-01-10,"Dartford",NA,NA,173,"Hooker"
"Q2849186","Andy Ward","Andy Ward",1970-09-08,"Whangārei",NA,NA,191,"Flanker"
"Q2849189","Andy Williams","Andy Williams",1981-02-07,"Swansea",NA,NA,178,"Scrum-Half"
"Q2849814","Angus Macdonald","Angus MacDonald",1981-01-12,"Whangārei",NA,NA,194,"Flanker; Number 8; 2nd Row"
"Q2850200","Anitelea Tuilagi","Anitele'a Tuilagi",1986-06-05,"Apia",NA,NA,185,"Centre; Winger"
"Q2852790","Anthony Allen","Anthony Allen",1986-09-01,"Southampton",NA,NA,180,"Centre"
"Q2852813","Anthony Bourgeois","Anthony Bourgeois",1986-05-16,NA,NA,NA,177,"Fly-Half"
"Q2852820","Anthony Buchanan","Anthony Buchanan",1955-06-30,"Ystradgynlais",NA,NA,NA,"Prop"
"Q2852851","Anthony Forest","Anthony Forest",1979-01-16,"Chambéry",NA,NA,187,"Winger; Fullback"
"Q2852852","Anthony Floch","Anthony Floch",1983-02-12,"Clermont-Ferrand",NA,NA,182,"Fullback"
"Q2852853","Anthony Frenet","Anthony Frenet",1983-07-18,NA,NA,NA,183,"Fullback; Centre"
"Q2852858","Anthony Giacobazzi","Anthony Giacobazzi",1988-06-15,"Toulon",NA,NA,175,"Scrum-Half"
"Q2852872","Anthony Hegarty","Anthony Hegarty",1987-05-11,"Canberra",NA,NA,183,"Hooker"
"Q2852873","Anthony Herbert","Anthony Herbert",1966-08-13,"Brisbane",NA,NA,NA,"Centre"
"Q2852878","Anthony Horgan","Anthony Horgan",1976-11-15,"Cork (city)",NA,NA,180,"Winger"
"Q2852886","Anthony Lagardère","Anthony Lagardère",1980-12-09,"Tarbes",NA,NA,178,"Fly-Half; Centre"
"Q2852897","Anthony Mazel","Anthony Mazel",1981-03-15,NA,NA,NA,195,"2nd Row"
"Q2852905","Anthony Muleta","Anthony Muleta",1986-01-31,"Marseille",NA,NA,173,"Hooker"
"Q2852920","Anthony Poujol","Anthony Poujol",1987-04-01,"Aubagne",NA,NA,178,"Winger; Scrum-Half"
"Q2852922","Anthony Pradalie","Anthony Pradalie",1986-02-18,"Pau; Pyrénées-Atlantiques",NA,NA,189,"Prop"
"Q2852944","Anthony Roux","Anthony Roux",1983-10-28,NA,NA,NA,175,"Prop"
"Q2852948","Anthony Salle-Canne","Anthony Salle-Canne",1982-10-12,"Lannemezan",NA,NA,175,"Scrum-Half"
"Q2852977","Anthony Sullivan","Anthony Sullivan",1968-11-23,"Kingston upon Hull",NA,NA,177,"Winger"
"Q2852979","Anthony Tesquet","Anthony Tesquet",1986-02-17,NA,NA,NA,175,"Fly-Half; Scrum-Half; Centre"
"Q2852989","Antony Vigna","Anthony Vigna",1976-07-07,"Nice",NA,NA,184,"Prop"
"Q2853657","Antoine Battut","Antoine Battut",1984-01-01,"Toulouse",NA,NA,192,"3rd Row"
"Q2853680","Antoine Blain","Antoine Blain",1911-12-24,"Limoux",1973-08-31,"Perpignan",186,"Scrum-Half; Fly-Half; 2nd Row; 3rd Row"
"Q2853718","Antoine Bourdin","Antoine Bourdin",1981-08-31,"Fontainebleau",NA,NA,193,"2nd Row"
"Q2853747","Antoine Burban","Antoine Burban",1987-07-22,"Neuilly-sur-Seine",NA,NA,189,"Flanker"
"Q2853751","Antoine Béguère","Antoine Béguère",1901-09-29,NA,1960-10-23,NA,NA,"Flanker"
"Q2854035","Antoine Guillamon","Antoine Guillamon",1991-06-04,"Marsonnas",NA,NA,192,"Tighthead Prop"
"Q2854122","Antoine Labazuy","Antoine Labazuy",1929-02-09,"Carcassonne",2004-04-13,"Lourdes",176,"Fly-Half"
"Q2854125","Antoine Lagarès","Antoine Lagarès",1985-10-12,NA,NA,NA,174,"Scrum-Half"
"Q2854156","Antoine Lescalmel","Antoine Lesclamel",1987-11-20,"La Rochelle",NA,NA,174,"Fly-Half"
"Q2854161","Antoine Loubière","Antoine Loubière",1988-02-26,"Bordeaux",NA,NA,199,"3rd Row; 2nd Row"
"Q2854281","Antoine Nicoud","Antoine Nicoud",1979-04-30,"Chambéry",NA,NA,171,"Scrum-Half"
"Q2856764","Antoine Tichit","Antoine Tichit",1989-06-13,"Rouen",NA,NA,184,"Loosehead Prop"
"Q2856796","Antoine Vignau-Tuquet","Antoine Vignau-Tuquet",1981-07-27,"Oloron-Sainte-Marie",NA,NA,177,"Fullback; Centre; Fly-Half"
"Q2857013","Anton Leonard","Anton Leonard",1974-05-31,"Durban",NA,NA,190,"Number 8"
"Q2857019","Anton Peikrishvili","Anton Peikrishvili",1987-09-18,"Tbilisi",NA,NA,183,"Prop"
"Q2857035","Anton Rudoy","Anton Rudoy",1983-02-21,"Almaty",NA,NA,189,"Flanker; Number 8"
"Q2857049","Anton van Zyl","Anton van Zyl",1980-02-23,"Cape Town",NA,NA,197,"2nd Row"
"Q2857068","Antoni Etchegaray","Antoni Etchegaray",1986-03-15,NA,NA,NA,198,"2nd Row"
"Q2857096","Antonie Claassen","Antonie Claassen",1984-10-20,"Durban",NA,NA,191,"Number 8"
"Q2857106","Antonin Barbazanges","Antonin Barbazanges",1907-04-15,"Toulouse",1994-09-09,"Toulouse",175,"Fly-Half; Centre"
"Q2857396","Antonio Pavanello","Antonio Pavanello",1982-10-13,"Rovigo",NA,NA,195,"2nd Row"
"Q2858168","Apenisa Naevo","Apenisa Naevo",1973-02-24,"Nadi",NA,NA,195,"2nd Row; Flanker"
"Q2860084","Archibald Drummond","Archibald Drummond",1915-04-02,"Glasgow",1990-09-16,"Jedburgh",NA,"Winger"
"Q2860862","Aretz Iguiniz","Aretz Iguiniz",1983-06-03,NA,NA,NA,188,"Loosehead Prop"
"Q2861242","Ariel Castellina","Ariel Castellina",1982-01-01,"San Miguel de Tucumán",NA,NA,185,"Prop"
"Q2861349","Aristide Barraud","Aristide Barraud",1989-03-17,"Saint-Cloud",NA,NA,178,"Fly-Half; Scrum-Half"
"Q2861991","Armand Vaquerin","Armand Vaquerin",1951-02-21,"Sévérac-le-Château",1993-07-10,"Béziers",183,"Prop"
"Q2863025","Arnaldo Gruarin","Arnaldo Gruarin",1938-02-05,"Gruaro",2025-01-29,"Toulon",180,"Prop"
"Q2863051","Arnaud Bazin","Arnaud Bazin",1964-11-24,NA,NA,NA,185,"Prop"
"Q2863062","Arnaud Boudie","Arnaud Boudie",1972-05-08,"Brive-la-Gaillarde",NA,NA,186,"Prop"
"Q2863098","Arnaud Dorier","Arnaud Dorier",1986-04-30,NA,NA,NA,190,"Number 8"
"Q2863107","Arnaud Epito","Arnaud Epito",1985-12-06,NA,NA,NA,187,"3rd Row"
"Q2863110","Arnaud Ferreira","Arnaud Ferreira",1984-09-05,NA,NA,NA,192,"Flanker; 2nd Row"
"Q2863134","Arnaud Héguy","Arnaud Héguy",1985-01-23,"Bayonne",NA,NA,174,"Hooker"
"Q2863168","Arnaud Marquesuzaa","Arnaud Marquesuzaa",1934-06-14,"Saint-Palais; Pyrénées-Atlantiques",2020-02-29,"Mauléon-Licharre",173,"Centre; Flanker"
"Q2863169","Arnaud Martinez","Arnaud Martinez",1976-02-24,NA,NA,NA,NA,"Prop"
"Q2863171","Arnaud Mathet","Arnaud Mathet",1984-01-03,"Tarbes",NA,NA,182,"Fullback; Winger"
"Q2863178","Arnaud Miniaylo","Arnaud Miniaylo",1984-03-19,NA,NA,NA,175,"Fly-Half"
"Q2863180","Arnaud Mignardi","Arnaud Mignardi",1986-11-01,"Auch",NA,NA,180,"Centre"
"Q2863186","Arnaud Méla","Arnaud Méla",1980-01-19,"Saint-Gaudens; Haute-Garonne",NA,NA,196,"2nd Row"
"Q2863188","Arnaud Pic","Arnaud Pic",1985-11-21,"Le Puy-en-Velay",NA,NA,170,"Scrum-Half"
"Q2863202","Arnaud Ramey","Arnaud Ramey",1986-02-04,"Nemours",NA,NA,182,"Prop"
"Q2863270","Arnauld Tchougong","Arnauld Tchougong",1980-03-17,NA,NA,NA,174,"Prop"
"Q2863340","Arnold Bideleux","Arnold Bideleux",1869-07-09,"Clapham",1953-01-16,"Blackheath; London",NA,"Winger"
"Q2864477","Arsène N'Nomo","Arsène N'Nomo",1980-08-06,NA,NA,NA,181,"Prop"
"Q2864977","Arthur Anlezark","Arthur Anlezark",1882-12-29,"Bathurst; New South Wales",1961-05-14,"Crewe",NA,"Fly-Half"
"Q2865002","Sir Arthur Blakiston, 7th Baronet","Arthur Blakiston",1892-06-16,"West Derby",1974-01-31,"Salisbury",NA,"Flanker"
"Q2865011","Arthur Boucher","Arthur Boucher",1870-06-29,"Gobowen",1948-04-25,"Dinas Powys",NA,"Forward"
"Q2865017","Arthur Budd","Arthur Budd",1853-10-14,"Bristol",1899-08-27,"London",NA,"Forward"
"Q2865048","Arthur Chollon","Arthur Chollon",1988-12-15,"Bordeaux",NA,NA,188,"Flanker"
"Q2865120","Arthur Gomes","Arthur Gomes",1969-10-05,"Ribeira de Pena",NA,NA,183,"Fullback"
"Q2865165","Arthur Joly","Arthur Joly",1988-02-20,"Lagny-sur-Marne",NA,NA,189,"Tighthead Prop"
"Q2865184","Arthur Lambourn","Arthur Lambourn",1910-01-11,"Maryborough; Queensland",1999-09-24,"Lower Hutt",NA,"Prop; Hooker"
"Q2865205","Arthur Lewis","Arthur Lewis",1941-09-26,"Crumlin; Caerphilly",NA,NA,181,"Centre"
"Q2865234","Arthur McMaster","Arthur McMaster",1945-12-02,"Ballymena",NA,NA,NA,"Winger"
"Q2865345","Arthur Smith","Arthur Smith",1933-01-23,"Castle Douglas",1975-02-02,"Edinburgh",NA,"Winger"
"Q2865385","Arthur Young","Arthur Young",1901-10-14,"Darjeeling",1933-02-26,"Bareilly",163,"Scrum-Half"
"Q2866086","Arwel Thomas","Arwel Thomas",1974-11-08,"Glanamman",NA,NA,175,"Fly-Half"
"Q2866536","Ashley Clarke","Ashley Clarke",1982-02-12,"Cape Town",NA,NA,182,"Flanker"
"Q2866557","Ashley Smith","Ashley Smith",1987-02-13,"Caerleon",NA,NA,183,"Centre; Fullback"
"Q2866598","Ashwin Willemse","Ashwin Willemse",1981-09-08,"Caledon; Ontario",NA,NA,188,"Winger"
"Q2869593","Uini Atonio","Uini Atonio",1990-03-26,"Timaru",NA,NA,197,"Tighthead Prop; 2nd Row"
"Q2870617","Aubin Hueber","Aubin Hueber",1967-04-05,"Tarbes",NA,NA,173,"Scrum-Half"
"Q2871241","Auguste Jarasse","Auguste Jarasse",1915-02-12,NA,2007-12-14,NA,NA,"Hooker"
"Q2871262","Auguste Lassalle","Auguste Lassalle",1914-08-28,NA,1998-04-23,NA,NA,"Centre"
"Q2871633","Augustin Petrechei","Augustin Petrechei",1980-08-04,"Constanța",NA,NA,198,"2nd Row"
"Q2871635","Augustin Pujol","Augustin Pujol",1883-05-10,"Toulouse",1962-05-06,"Bagnères-de-Luchon",172,"Winger"
"Q2871698","Augusto Petrilli","Augusto Petrilli",1974-05-05,"Moreno; Buenos Aires",NA,NA,188,"Number 8; Flanker"
"Q2872034","Aurélien Béco","Aurélien Béco",1986-03-12,"Brive-la-Gaillarde",NA,NA,191,"Flanker"
"Q2872035","Aurélien Diotallevi","Aurélien Diotallevi",1984-03-01,NA,NA,NA,193,"Flanker"
"Q2872057","Aurélien Sourrouille","Aurélien Sourrouille",1984-10-26,NA,NA,NA,178,"Centre; Winger"
"Q2874592","Avril Malan","Avril Malan",1937-04-09,"Pretoria",NA,NA,185,"2nd Row"
"Q2874600","Avril Williams","Avril Williams",1961-02-10,"Paarl",NA,NA,NA,"Winger"
"Q2874617","Avtandil Kopaliani","Avto Kopaliani",1982-06-13,"Kutaisi",NA,NA,182,"Prop"
"Q2874998","Ayoola Erinle","Ayoola Erinle",1980-02-20,"Lagos",NA,NA,193,"Centre; Winger"
"Q2880856","Balie Swart","Balie Swart",1964-05-18,"Malmesbury; South Africa",NA,NA,185,"Prop"
"Q2883657","Baptiste Chedal","Baptiste Chedal-Bornu",1982-02-07,"France",NA,NA,188,"Centre"
"Q2883675","Baptiste Rey-Gorrez","Baptiste Rey-Gorrez",1987-12-15,NA,NA,NA,185,"Flanker"
"Q2884437","Barend Britz","Barend Britz",1954-12-14,"Bela-Bela",2018-12-06,"Perpignan",202,"2nd Row"
"Q2884703","Barney Mullan","Barney Mullan",NA,NA,1986-09-25,"Naas",NA,"Winger"
"Q2885721","Barry Davies","Barry Davies",1981-03-05,"Carmarthen",NA,NA,180,"Fullback"
"Q2885766","Barry Llewelyn","Barry Llewelyn",1948-01-06,"Ashton-on-Ribble",NA,NA,189,"Prop"
"Q2885775","Barry McGann","Barry McGann",1948-05-28,"Cork (city)",NA,NA,NA,"Fly-Half"
"Q2885784","Barry Murphy","Barry Murphy",1982-11-28,"Limerick",NA,NA,183,"Centre; Winger"
"Q2885809","Barry Williams","Barry Williams",1974-01-06,"Carmarthen",NA,NA,180,"Hooker"
"Q2886790","Basie van Wyk","Basie van Wyk",1923-11-05,"Vryburg",2002-08-29,"Bela-Bela",NA,"Flanker"
"Q2886795","Basie Vivier","Basie Viviers",1927-03-01,"Polokwane",2009-10-18,"Brandfort",NA,"Fullback; Fly-Half"
"Q2886804","Basil Kenyon","Basil Kenyon",1918-05-19,"Mthatha",1996-05-09,"Plettenberg Bay",183,"Flanker"
"Q2886805","Basil Maclear","Basil MacLear",1881-04-07,"Portsmouth",1915-05-24,"Ypres",NA,"Centre"
"Q2886855","Basile Moraitis","Basile Moraitis",1946-01-12,"Marseille",2005-06-04,"Toulon",175,"Winger"
"Q2887718","Bastien Sohet","Bastien Sohet",1986-09-16,"Vélizy-Villacoublay",NA,NA,190,"Flanker"
"Q2887719","Bastien Siepielski","Bastien Sipielski",1980-02-28,"Gonesse",NA,NA,185,"Prop"
"Q2893556","Bedel Dogoui","Bedel Dogoui",1976-12-11,"Abidjan",NA,NA,184,"Fullback; Winger"
"Q2894076","Beka Sheklashvili","Beka Sheklashvili",1986-07-06,"Tbilisi",NA,NA,189,"Prop"
"Q2894520","Belisario Agulla","Belisario Agulla",1988-05-20,"Buenos Aires",NA,NA,178,"Winger"
"Q2895327","Ben Atiga","Ben Atiga",1983-05-05,"Auckland",NA,NA,175,"Centre; Fullback"
"Q2895331","Ben Barba","Ben Barba",1989-06-13,"Darwin; Northern Territory",NA,NA,177,"Fullback; Fly-Half; Scrum-Half"
"Q2895345","Ben Blair","Ben Blair",NA,"Westport; New Zealand",NA,NA,175,"Fullback"
"Q2895361","Ben Castle","Ben Castle",1980-01-13,"Wellington",NA,NA,185,"Prop"
"Q2895382","Ben Clarke","Ben Clarke",1968-04-15,"Bishop's Stortford",NA,NA,197,"Number 8; Flanker"
"Q2895383","Ben Coutts","Ben Coutts",1979-08-15,"Canberra",NA,NA,190,"Prop"
"Q2895394","Ben Darwin","Ben Darwin",1976-10-17,"Australia",NA,NA,185,"Prop"
"Q2895409","Benjamin Duff","Ben Duff",1867-10-16,"Swellendam",1943-06-25,"Pretoria",NA,"Fullback"
"Q2895446","Ben Hand","Ben Hand",1982-04-24,"Sydney",NA,NA,199,"2nd Row"
"Q2895462","Ben Hinshelwood","Ben Hinshelwood",1977-03-22,"Melbourne",NA,NA,190,"Fullback"
"Q2895477","Ben Johnston","Ben Johnston",1978-11-08,"Clatterbridge",NA,NA,188,"Centre"
"Q2895492","Ben Kay","Ben Kay",1975-12-14,"Liverpool",NA,NA,198,"2nd Row"
"Q2895512","Ben MacDougall","Ben MacDougall",1977-05-25,"Sydney",NA,NA,193,"Centre; Winger"
"Q2895525","Ben Morgan","Ben Morgan",1989-02-18,"Bristol",NA,NA,193,"Number 8"
"Q2895554","Ben Skirving","Ben Skirving",1983-10-09,"Harlow",NA,NA,193,"Number 8"
"Q2895571","Ben Te'o","Ben Te'o",1987-01-27,"Auckland",NA,NA,189,"Centre"
"Q2895598","Ben Woods","Ben Woods",1982-06-09,"Barnsley",NA,NA,187,"Flanker"
"Q2895998","Benjamin Basteres","Benjamin Bastères",1984-12-09,"Bastia",NA,NA,184,"Prop"
"Q2895999","Benjamin Beaux","Benjamin Beaux",1986-06-30,"Narbonne",NA,NA,NA,"Flanker"
"Q2896013","Benjamin Boyet","Benjamin Boyet",1979-08-08,"Vienne; Isère",NA,NA,185,"Fly-Half"
"Q2896050","Benjamin Dechartres","Benjamin Dechartres",1987-03-29,"Le Havre",NA,NA,196,"2nd Row"
"Q2896071","Benjamin Fall","Benjamin Fall",1989-03-03,"Langon; Gironde",NA,NA,186,"Winger; Fullback"
"Q2896072","Benjamin Ferrou","Benjamin Ferrou",1978-09-14,"Le Creusot",NA,NA,177,"Scrum-Half"
"Q2896081","Benjamin Gaillardet","Benjamin Gaillardet",1985-05-12,NA,NA,NA,181,"Fullback; Centre"
"Q2896088","Benjamin Goze","Benjamin Goze",1983-05-03,"Montpellier",NA,NA,196,"2nd Row"
"Q2896114","Benjamin Kayser","Benjamin Kayser",1984-07-26,"Paris",NA,NA,182,"Hooker"
"Q2896133","Benjamin Lapeyre","Benjamin Lapeyre",1986-09-24,"Castres",NA,NA,181,"Winger; Fullback"
"Q2896150","Benjamin Lhande","Benjamin Lhande",1977-03-29,"Pau; Pyrénées-Atlantiques",NA,NA,175,"Winger"
"Q2896184","Benjamin Ollivier","Benjamin Ollivier",1980-10-29,NA,NA,NA,174,"Hooker"
"Q2896185","Benjamin Noirot","Benjamin Noirot",1980-12-17,"Chenôve",NA,NA,182,"Hooker"
"Q2896192","Benjamin Petre","Benjamin Pêtre",1990-01-04,NA,NA,NA,186,"Centre; Winger"
"Q2896211","Benjamin Rioux","Benjamin Rioux",1982-07-14,NA,NA,NA,NA,"Hooker"
"Q2896222","Benjamin Servien","Benjamin Servien",1985-05-26,"Romans-sur-Isère",NA,NA,184,"Centre; Fly-Half; Fullback"
"Q2896232","Benjamin Sore","Benjamin Sore",1987-02-08,"Langon; Gironde",NA,NA,179,"Prop"
"Q2896239","Benjamin Tardy","Benjamin Tardy",1988-08-12,"Châtenay-Malabry",NA,NA,172,"Scrum-Half"
"Q2896252","Benjamin Thuries","Benjamin Thuries",1987-04-12,"Toulouse",NA,NA,181,"Centre; Fullback; Winger; Fly-Half"
"Q2896254","Benjamin Thiéry","Benjamin Thiéry",1984-06-02,"Reims",NA,NA,185,"Fullback; Winger"
"Q2896267","Benjamín Urdapilleta","Benjamín Urdapilleta",1986-03-11,"Buenos Aires",NA,NA,176,"Fly-Half"
"Q2896286","Benjamin de Jager","Benjamin de Jager",1980-01-12,"Cape Town",NA,NA,196,"Winger; Centre; Fullback"
"Q2896305","Benji Marshall","Benji Marshall",1985-02-25,"Whakatāne",NA,NA,181,NA
"Q2896344","Bennie Osler","Bennie Osler",1901-11-23,"Aliwal North",1962-04-23,"Bellville; South Africa",173,"Fly-Half"
"Q2896418","Benoît Albert","Benoît Albert",1977-08-13,"Castres",NA,NA,185,"Centre; Fly-Half"
"Q2896429","Benoît August","Benoît August",1976-12-20,"Mont-de-Marsan",NA,NA,183,"Hooker"
"Q2896436","Benoît Bellot","Benoît Bellot",1971-03-13,"Albi",NA,NA,180,"Fly-Half"
"Q2896445","Benoît Bourrust","Benoît Bourrust",1985-06-16,"Auch",NA,NA,184,"Prop"
"Q2896446","Benoît Cabello","Benoît Cabello",1980-02-27,"Perpignan",NA,NA,178,"Hooker"
"Q2896486","Benoît Dauga","Benoît Dauga",1942-05-08,"Montgaillard; Landes",2022-11-03,"Mont-de-Marsan",195,"2nd Row; Number 8"
"Q2896487","Benoît Denoyelle","Benoît Denoyelle",1985-12-02,"Dunkirk",NA,NA,173,"Hooker"
"Q2896573","Benoît Lecouls","Benoît Lecouls",1978-03-22,"Agen",NA,NA,185,"Prop"
"Q2896589","Benoît Manteaux","Benoît Manteaux",1989-09-25,"Brive-la-Gaillarde",NA,NA,180,"Centre"
"Q2896590","Benoît Marfaing","Benoît Marfaing",1983-04-30,"Foix",NA,NA,176,"Scrum-Half"
"Q2896647","Benoît Sicart","Benoît Sicart",1990-04-23,"Narbonne",NA,NA,180,"Fullback; Winger"
"Q2896670","Benoît Zanon","Benoît Zanon",1985-07-28,"Marmande",NA,NA,181,"Prop"
"Q2896706","Benson Stanley","Benson Stanley",1984-09-11,"Wollongong",NA,NA,184,"Centre; Winger"
"Q2896778","Benvenuto Sella","Benvenuto Sella",1914-07-13,NA,1994-11-15,NA,NA,NA
"Q2897519","Bernard Bergès","Bernard Bergès",1900-02-01,"Vic-en-Bigorre",1989-03-23,"Toulouse",170,"Scrum-Half"
"Q2897684","Bernard Chevallier","Bernard Chevallier",1925-09-07,"Rougnat",2018-07-11,"Clermont-Ferrand",187,"2nd Row; Prop"
"Q2897838","Bernard Duprat","Bernard Duprat",1943-07-17,"Bayonne",NA,NA,178,"Winger"
"Q2897848","Bernard Dutin","Bernard Dutin",1944-12-09,"Thônes",2015-05-15,"Dax; Landes",188,"Flanker; 2nd Row"
"Q2897995","Bernard Goutta","Bernard Goutta",1972-09-28,"Perpignan",NA,NA,185,"Flanker"
"Q2898047","Bernard Herrero","Bernard Herrero",1957-09-19,NA,NA,NA,NA,"Hooker"
"Q2898098","Bernard Jackman","Bernard Jackman",1976-05-05,"Tullow",NA,NA,183,"Hooker"
"Q2898141","Bernard Lacombe","Bernard Lacombe",1963-02-08,NA,NA,NA,NA,"Winger"
"Q2898192","Bernard Lavigne","Bernard Lavigne",1954-08-23,NA,2019-12-27,NA,NA,"Winger"
"Q2898198","Bernard Le Roux","Bernard Le Roux",1989-06-04,"Moorreesburg",NA,NA,197,"Flanker; 2nd Row"
"Q2898338","Bernard Momméjat","Bernard Momméjat",1934-05-18,"15th arrondissement of Paris",2011-12-09,"Toulouse",191,"2nd Row"
"Q2898729","Bernard Viviès","Bernard Viviès",1955-09-03,"Rieumes",NA,NA,178,"Fly-Half; Fullback"
"Q2898956","Bernardo Stortoni","Bernardo Stortoni",1976-12-17,"Bahía Blanca",NA,NA,184,"Fullback; Winger"
"Q2899060","Bernie Fraser","Bernie Fraser",1953-07-21,"Lautoka",NA,NA,178,"Winger"
"Q2899064","Bernie McCahill","Bernie McCahill",1964-06-28,"Auckland",NA,NA,183,"Centre"
"Q2899182","Bert Cooke","Bert Cooke",1901-10-05,"Auckland",1977-09-29,"Auckland",175,"Centre"
"Q2899185","Bert Dauncey","Bert Dauncey",1871-12-01,"Pontypool",1955-10-30,"Newport; Wales",NA,"Winger"
"Q2899186","Bert Gould","Bert Gould",1870-04-18,"Newport; Wales",1913-12-19,"Germiston",NA,"Centre"
"Q2899188","Bert Kipling","Bert Kipling",1903-12-24,"Kimberley; Northern Cape",1981-09-13,"East London; South Africa",NA,"Hooker"
"Q2899213","Bert Winfield","Bert Winfield",1878-05-05,"Nottingham",1919-09-21,"Cardiff",NA,"Fullback"
"Q2899351","Bertie O'Hanlon","Bertie O'Hanlon",1924-10-23,"Cork (city)",2016-09-25,"Cork (city)",NA,"Winger"
"Q2899439","Bertrand Aurignac","Bertrand Aurignac",1979-10-05,NA,NA,NA,194,"2nd Row"
"Q2899532","Bertrand Fourcade","Bertrand Fourcade",1942-12-27,"Laloubère",2024-08-01,"Nantes",178,"Fullback"
"Q2899556","Bertrand Guilloux","Bertrand Guilloux",1977-06-13,"Beauvais",NA,NA,183,"Fly-Half; Winger"
"Q2899561","Bertrand Guiry","Bertrand Guiry",1988-07-30,"Perpignan",NA,NA,192,"Flanker"
"Q2899782","Bertus Swanepoel","Bertus Swanepoel",1981-01-28,"Lichtenburg",NA,NA,195,"Winger; Fullback; Centre"
"Q2899784","Bertus Van der Merwe","Bertus van der Merwe",1929-07-14,"Rawsonville",1971-11-23,"Rawsonville",NA,"Hooker"
"Q2900364","Bevan Holmes","Bevan Holmes",1946-04-07,"Christchurch",NA,NA,188,"Flanker; Number 8"
"Q2900365","Bevan Wilson","Bevan Wilson",1956-03-22,"Dunstan",NA,NA,185,"Fullback"
"Q2900404","Bevin Fortuin","Bevin Fortuin",1979-02-06,"George; South Africa",NA,NA,179,"Fullback; Centre; Fly-Half"
"Q2900567","Beñat Arrayet","Beñat Arrayet",1980-05-20,"Ordiarp",NA,NA,174,"Fly-Half"
"Q2903145","William Alexander Campbell","Bill Campbell",1961-11-28,"Brisbane",NA,NA,202,"2nd Row"
"Q2903163","Bill Clement","Bill Clement",1915-04-09,"Llanelli",2007-02-11,"Llanishen",NA,"Winger"
"Q2903176","Bill Cunningham","Bill Cunningham",1874-07-08,"Rangiaohia",1927-09-03,"Auckland",180,"2nd Row"
"Q2903181","Bill Cuthbertson","Bill Cuthbertson",1949-12-06,"Kilwinning",NA,NA,NA,"2nd Row"
"Q2903183","Bill Dalley","Bill Dalley",1901-11-18,"Lyttelton; New Zealand",1989-02-09,"Christchurch",163,"Scrum-Half"
"Q2903187","Bill Davis","Bill Davis",1942-12-15,"Hastings; New Zealand",NA,NA,180,"Centre"
"Q2903217","Bill Gadolo","Bill Gadolo",1977-05-01,"Suva",NA,NA,177,"Hooker"
"Q2903233","Bill Hardcastle","Bill Hardcastle",1874-08-30,"Wellington",1944-07-11,"Sydney",175,"Flanker"
"Q2903281","William Mackrell","Bill Mackrell",1881-07-20,"Milton; New South Wales",1917-07-15,"Auckland",178,"Hooker"
"Q2903284","Bill Maclagan","Bill Maclagan",1858-04-05,"Edinburgh",1926-10-10,"Edinburgh",NA,"Fullback; Centre; Winger"
"Q2903290","Bill McCaw","Bill McCaw",1927-08-26,"Gore; New Zealand",NA,NA,183,"Number 8; Flanker"
"Q2903293","Bill McKay","Bill McKay",1921-07-12,"Waterford",1997-10-15,"Gisborne; New Zealand",NA,"Flanker"
"Q2903299","Bill Morris","Bill Morris",1941-06-16,"Melbourne",NA,NA,191,"2nd Row"
"Q2903306","Bill Osborne","Bill Osborne",1955-04-24,"Whanganui",NA,NA,178,"Centre"
"Q2903371","Bill Tamplin","Bill Tamplin",1917-05-10,"Risca",1989-10-20,"Pontypool",NA,"2nd Row"
"Q2903413","Bill Young","Bill Young",1974-03-04,"Sydney",NA,NA,187,"Prop"
"Q2903607","Billy Bush","Billy Bush",1949-01-24,"Napier; New Zealand",NA,NA,185,"Prop"
"Q2903616","Billy Cleaver","Billy Cleaver",1921-09-15,"Treorchy",2003-09-10,"Cardiff",NA,"Fly-Half"
"Q2903629","Billy Fulton","Billy Fulton",1977-04-22,"Auckland",NA,NA,175,"Scrum-Half"
"Q2903633","Billy Glenn","Billy Glenn",1877-02-21,"Greymouth",1953-10-05,"Whanganui",180,"Flanker"
"Q2903678","William McCutcheon","Billy McCutcheon",1870-06-21,"Swansea",1949-07-03,"Oldham",180,"Winger"
"Q2903685","Billy Moss","Billy Moss",1988-04-08,"Royal Tunbridge Wells",NA,NA,186,"Prop"
"Q2903688","Billy O'Neill","Billy O'Neill",1878-06-05,"Cardiff",1955-04-02,"Cardiff",NA,"Prop"
"Q2903706","Billy Raybould","Billy Raybould",1944-03-06,"Cardiff",NA,NA,178,"Centre"
"Q2903719","Billy Spiller","Billy Spiller",1886-07-08,"Cardiff",1970-06-09,"Cardiff",NA,"Centre"
"Q2903724","William Steele","Billy Steele",1947-04-18,"Langholm",NA,NA,NA,"Winger"
"Q2903742","Billy Wallace","Billy Wallace",1878-08-02,"Wellington",1972-03-02,"Wellington",173,"Winger; Fullback"
"Q2903745","Billy Williams","Billy Williams",1921-09-09,"Talywain",2002-08-02,"Newport; Wales",NA,"Scrum-Half"
"Q2903748","Billy Williams","Billy Williams",1929-11-19,"Gowerton",2013-03-29,"Gowerton",NA,"Prop"
"Q2905194","Bjorn Basson","Bjorn Basson",1987-02-11,"Qonce",NA,NA,185,"Winger; Fullback"
"Q2905737","Blair Connor","Blair Connor",1988-09-29,"Brisbane",NA,NA,183,"Winger"
"Q2905738","Blair Larsen","Blair Larsen",1969-01-20,"Takapuna",NA,NA,198,"Flanker; 2nd Row"
"Q2905740","Blair Stewart","Blair Stewart",1983-10-02,"Christchurch",NA,NA,179,"Fly-Half"
"Q2907599","Bob Burgess","Bob Burgess",1949-03-26,"New Plymouth",NA,NA,175,"Fly-Half"
"Q2907611","Bob Challis","Bob Challis",1932-03-09,"Long Ashton",2000-05-12,NA,NA,"Fullback"
"Q2907612","Bob Casey","Bob Casey",1978-07-18,"Dublin",NA,NA,200,"2nd Row"
"Q2907626","Bob Deans","Bob Deans",1884-02-19,"Christchurch",1908-09-30,"Christchurch",183,"Centre"
"Q2907639","Bob Dwyer","Bob Dwyer",1940-11-29,NA,NA,NA,NA,NA
"Q2907646","Bob Egerton","Bob Egerton",1963-03-06,"Lae",NA,NA,182,"Winger"
"Q2907653","Bob Evans","Bob Evans",1921-02-16,"Rhymney",2003-04-14,"Abergavenny",183,"Flanker"
"Q2907680","Bob Gould","Bob Gould",1863-07-01,"Newport; Wales",1931-12-29,"Nice",NA,"Forward"
"Q2907705","Bob Hiller","Bob Hiller",1942-10-14,"Woking",NA,NA,188,"Fullback"
"Q2907739","Bob Loubser","Bob Loubser",1884-08-06,"Durbanville",1962-12-07,"Stellenbosch",173,"Winger"
"Q2907786","Bob Norster","Bob Norster",1957-06-23,"Ebbw Vale",NA,NA,196,"2nd Row"
"Q2907840","Bob Stirling","Bob Stirling",1919-09-04,"Lichfield",1991-01-15,"Halton; Buckinghamshire",NA,"Prop"
"Q2907842","Bob Stuart","Bob Stuart",1920-10-28,"Dunedin",2005-05-10,"Wellington",184,"Flanker; Number 8"
"Q2908569","Boela du Plooy","Boela du Plooy",1977-02-15,NA,NA,NA,193,"2nd Row"
"Q2908627","Bogdan Bălan","Bogdan Bălan",1980-02-11,"Brăila",NA,NA,185,"Prop"
"Q2908634","Bogdan Leonte","Bogdan Leonte",1986-05-13,"Bucharest",NA,NA,190,"Flanker"
"Q2908645","Bogdan Tudor","Bogdan Tudor",1976-11-29,NA,NA,NA,189,"2nd Row"
"Q2909459","Bolla Conradie","Bolla Conradie",1978-02-24,"Cape Town",NA,NA,170,"Scrum-Half"
"Q2909460","Arthur Francis","Bolla Francis",1882-06-08,"Whanganui",1957-06-15,"Takapuna",190,"2nd Row"
"Q2910396","Bonzolé Mololo Guylain","Guylain Bonzolé Mololo",1980-03-03,"Kinshasa",NA,NA,184,"Prop"
"Q2910477","Charles Nicholl","Boomer Nicholl",1870-06-19,"Llanegwad",1939-07-09,"Tiverton; Devon",NA,"Forward"
"Q2910917","Boris Bouhraoua","Boris Bouhraoua",1984-05-04,NA,NA,NA,166,"Scrum-Half"
"Q2910921","Boris Béthéry","Boris Béthéry",1983-08-08,"Perpignan",NA,NA,179,"Hooker"
"Q2911037","Boris Stankovich","Boris Stankovich",1980-01-09,"Auckland",NA,NA,183,"Prop"
"Q2918762","Paddy Mayne","Paddy Mayne",1915-01-11,NA,1955-12-14,NA,NA,"2nd Row"
"Q2922157","Boumedienne Allam","Boumedienne Allam",1979-11-19,"Avignon",NA,NA,195,"Number 8"
"Q2922979","Boy Morkel","Boy Morkel",1885-01-02,"Somerset West",1955-02-06,"Worcester; South Africa",185,NA
"Q2923186","Braam van Straaten","Braam van Straaten",1971-09-28,"Pretoria",NA,NA,186,"Fly-Half; Centre"
"Q2923187","Braam Immelman","Braam Immelman",1981-10-26,"Victoria West",NA,NA,195,"Number 8"
"Q2923394","Brad Fleming","Brad Fleming",1976-01-26,"Tauranga",NA,NA,180,"Winger"
"Q2923399","Brad Johnstone","Brad Johnstone",1950-07-30,"Auckland",NA,NA,188,"Prop"
"Q2923416","Brad Mika","Brad Mika",1981-06-02,"Auckland",NA,NA,198,"2nd Row; Number 8"
"Q2923730","Brando Va'aulu","Brando Vaaulu",1987-05-03,"Auckland",NA,NA,179,"Winger; Centre; Fullback"
"Q2924093","Bradley Langenhoven","Bradley Langenhoven",1983-12-03,"Walvis Bay",NA,NA,191,"Winger; Centre"
"Q2924422","Brendan Cannon","Brendan Cannon",1973-04-05,"Brisbane",NA,NA,188,"Hooker"
"Q2924428","Brendan Laney","Brendan Laney",1973-11-16,"Invercargill",NA,NA,182,"Fly-Half; Centre; Fullback"
"Q2924434","Brendan Moon","Brendan Moon",1958-10-10,"Melbourne",NA,NA,NA,"Winger"
"Q2924435","Brendan Reidy","Brendan Reidy",1968-09-13,"Wellington",NA,NA,185,"Prop"
"Q2924436","Brendan Mullin","Brendan Mullin",1963-10-30,"Jerusalem",NA,NA,186,"Centre"
"Q2924439","Brendan Venter","Brendan Venter",1969-12-29,"Johannesburg",NA,NA,185,"Centre"
"Q2924441","Brendon Nasser","Brendon Nasser",1964-06-06,"Brisbane",NA,NA,NA,"Flanker"
"Q2924442","BJ Botha","Brendon Botha",1980-01-04,"Durban",NA,NA,182,"Prop"
"Q2924470","Brent Cockbain","Brent Cockbain",1974-11-15,"Coffs Harbour",NA,NA,202,"2nd Row"
"Q2924495","Brent Russell","Brent Russell",1980-03-05,"Gqeberha",NA,NA,174,"Winger; Fullback; Fly-Half"
"Q2924598","Brett Deacon","Brett Deacon",1982-03-07,"Leicester",NA,NA,193,"2nd Row"
"Q2924628","Brett Sheehan","Brett Sheehan",1979-09-16,"Geraldton",NA,NA,173,"Scrum-Half"
"Q2924631","Brett Sinkinson","Brett Sinkinson",1971-12-30,"Rotorua",NA,NA,180,"Flanker"
"Q2924636","Brett Wilkinson","Brett Wilkinson",1983-11-29,"Makhanda; South Africa",NA,NA,183,"Prop"
"Q2924768","Breyton Paulse","Breyton Paulse",1976-04-25,"South Africa",NA,NA,178,"Winger"
"Q2924944","Brian Liebenberg","Brian Liebenberg",1979-09-19,"Benoni; South Africa",NA,NA,186,"Centre; Fly-Half"
"Q2924954","Brian McKechnie","Brian McKechnie",1953-11-06,"Gore; New Zealand",NA,NA,173,"Fly-Half; Fullback"
"Q2924965","Brian Mujati","Brian Mujati",1984-09-28,"Bulawayo",NA,NA,181,"Prop"
"Q2924966","Brian Moore","Brian Moore",1962-01-11,"Birmingham",NA,NA,175,"Hooker"
"Q2924970","Brian O'Meara","Brian O'Meara",1976-04-05,"Cork (city)",NA,NA,175,"Scrum-Half"
"Q2924982","Brian Price","Brian Price",1937-10-30,"Deri",2023-12-18,"Caldicot",193,"2nd Row"
"Q2924991","Brian Robinson","Brian Robinson",1966-03-20,"Belfast",NA,NA,NA,"Number 8"
"Q2925007","Brian Spillane","Brian Spillane",1960-01-26,"Cork (city)",NA,NA,NA,"Number 8"
"Q2925008","Brian Smith","Brian Smith",1966-09-09,"St George; Queensland",NA,NA,NA,"Scrum-Half; Fly-Half"
"Q2925023","Brian Thomas","Brian Thomas",1940-05-18,"Pontwalby",2012-07-09,"Tonna; Neath",NA,"2nd Row; Prop"
"Q2925024","Brian Vizard","Brian Vizard",1959-07-04,"Grand Rapids; Michigan",NA,NA,NA,"Number 8"
"Q2925033","Brian Williams","Brian Williams",1960-07-09,"Penyffordd",2007-02-07,"Llangolman",NA,"Prop"
"Q2925074","Brice Bardou","Brice Bardou",1969-02-13,NA,NA,NA,174,"Winger"
"Q2925083","Brice Chevtchenko","Brice Chevtchenko",1986-07-19,"Béziers",NA,NA,175,"Scrum-Half; Fullback; Winger"
"Q2925089","Brice Dulin","Brice Dulin",1990-04-13,"Agen",NA,NA,176,"Fullback"
"Q2925096","Brice Mach","Brice Mach",1986-04-02,"Perpignan",NA,NA,178,"Hooker"
"Q2925098","Brice Martin","Brice Martin",1984-11-30,"Évreux",NA,NA,188,"Winger"
"Q2925103","Brice Miguel","Brice Miguel",1977-05-31,"Béziers",NA,NA,182,"Hooker"
"Q2925104","Brice Monzeglio","Brice Monzeglio",1983-06-28,"Chambéry",NA,NA,191,"Number 8; Flanker"
"Q2925107","Brice Salobert","Brice Salobert",1980-12-29,"Agen",NA,NA,173,"Scrum-Half"
"Q2925903","Brock James","Brock James",1981-10-22,"Geelong",NA,NA,179,"Fly-Half; Fullback"
"Q2926062","Charlie Seeling","Bronco Seeling",1883-05-14,"Whanganui",1956-05-29,"Stalybridge",183,"Flanker"
"Q2926415","Bruce Douglas","Bruce Douglas",1980-02-10,"Edinburgh",NA,NA,180,"Prop"
"Q2926426","Bruce Hay","Bruce Hay",1950-05-23,"Edinburgh",2007-09-30,"Edinburgh",NA,"Fullback; Winger"
"Q2926427","Bruce Hunter","Bruce Hunter",1950-09-16,"Oamaru",NA,NA,175,"Winger"
"Q2926470","Bruce Robertson","Bruce Robertson",1952-04-09,"Hastings; New Zealand",2023-05-12,"Whangārei",183,"Centre"
"Q2926472","Bruce Reihana","Bruce Reihana",1976-04-06,"Thames; New Zealand",NA,NA,184,"Fullback; Winger"
"Q2926784","Bruno Francescato","Bruno Francescato",1955-04-03,"Sardara",NA,NA,172,"Centre"
"Q2926832","Bruno Hiriart","Bruno Hiriart",1983-08-10,"Bayonne",NA,NA,180,"Winger"
"Q2926849","Bruno Lancelle","Bruno Lancelle",1986-05-30,"La Seyne-sur-Mer",NA,NA,173,"Fly-Half; Scrum-Half"
"Q2926867","Bruno Lom","Bruno Lom",1959-06-22,NA,NA,NA,NA,NA
"Q2926900","Bruno Motteroz","Bruno Motteroz",1960-05-12,"Marseille",NA,NA,191,"2nd Row"
"Q2927055","Neville Mitchell","Brushy Mitchell",1913-11-22,"Invercargill",1981-05-21,"Auckland",180,"Centre; Winger"
"Q2927135","Bryan Barley","Bryan Barley",1960-01-04,"Wakefield",NA,NA,178,"Centre"
"Q2927178","Bryan Redpath","Bryan Redpath",1971-07-02,"Galashiels",NA,NA,170,"Scrum-Half"
"Q2927183","Bryan Young","Bryan Young",1981-06-11,"Ballymena",NA,NA,185,"Prop"
"Q2927196","Bryce Lawrence",NA,NA,NA,NA,NA,NA,NA
"Q2927197","Bryce Williams","Bryce Williams",1980-04-14,"Dargaville",NA,NA,202,"2nd Row"
"Q2927204","Bryn Cunningham","Bryn Cunningham",1978-03-30,"Bangor; County Down",NA,NA,182,"Fullback"
"Q2927442","Buck Buchanan","Buck Buchanan",1904-05-21,NA,1956-11-24,"Chipping Barnet",NA,"Prop"
"Q2927462","Wayne Shelford","Buck Shelford",1957-12-13,"Rotorua",NA,NA,189,"Number 8"
"Q2927538","Budge Pountney","Budge Pountney",1973-11-13,"Southampton",NA,NA,183,"Flanker"
"Q2927862","Buks Marais","Buks Marais",1927-12-12,"Worcester; South Africa",1996-12-12,"Durbanville",176,"Winger"
"Q2928012","William Stadden","Buller Stadden",1861-01-01,"Cardiff",1906-12-30,"Dewsbury",NA,"Scrum-Half; Fly-Half"
"Q2928014","William Henry Williams","Buller Williams",1873-05-02,"Pontlottyn",1936-01-09,"Barry; Vale of Glamorgan",NA,"Flanker"
"Q2928233","Bunner Travers","Bunner Travers",1913-12-02,"Newport; Wales",1998-06-04,"Newport; Wales",NA,"Hooker"
"Q2928234","Bunny Finlayson","Bunny Finlayson",1899-07-04,"Maungaturoto",1980-01-29,"Whangārei",188,"Flanker"
"Q2928238","Harold Abbott","Bunny Abbott",1882-06-17,"Camerontown",1971-01-16,"Palmerston North",179,"Winger"
"Q2928825","Butch Lochner","Butch Lochner",1931-02-01,"Stellenbosch",2010-08-27,"Langebaan",183,"Number 8; Flanker"
"Q2933774","Caleb Ralph","Caleb Ralph",1977-09-10,"Rotorua",NA,NA,187,"Centre; Winger"
"Q2934410","Calum MacRae","Calum MacRae",1980-01-26,"Edinburgh",NA,NA,185,"Centre; Fullback; Fly-Half"
"Q2934768","Cameron Jowitt","Cameron Jowitt",1983-02-05,"Auckland",NA,NA,200,"2nd Row; Flanker"
"Q2934769","Cameron McIntyre","Cameron McIntyre",1981-06-03,"Christchurch",NA,NA,181,"Fly-Half; Centre; Fullback"
"Q2934772","Cameron Murray","Cameron Murray",1975-03-31,"Hawick",NA,NA,180,"Winger"
"Q2934777","Cameron Shepherd","Cameron Shepherd",1984-03-30,"Windsor; Berkshire",NA,NA,189,"Fullback; Winger"
"Q2934779","Cameron Treloar","Cameron Treloar",1980-05-13,"Cooma",NA,NA,200,"2nd Row"
"Q2934953","Camille Gérondeau","Camille Gérondeau",1988-03-12,"Bordeaux",NA,NA,194,"Flanker; Number 8"
"Q2934993","Camille Levast","Camille Levast",1976-09-27,"Pithiviers",NA,NA,195,"2nd Row; Number 8"
"Q2935003","Camille Lopez","Camille Lopez",1989-04-03,"Oloron-Sainte-Marie",NA,NA,175,"Fly-Half"
"Q2935018","Camille Montade","Camille Montade",1901-04-01,"Villeneuve-de-la-Raho",1949-01-06,"Villeneuve-sur-Lot",184,"Prop; 2nd Row"
"Q2935083","Camille Traversa","Camille Traversa",1981-02-28,"La Seyne-sur-Mer",NA,NA,172,"Hooker"
"Q2935484","Campbell Johnstone","Campbell Johnstone",1980-01-07,"Waipukurau",NA,NA,183,"Prop"
"Q2938934","Carl Hoeft","Carl Hoeft",1974-11-13,"Auckland",NA,NA,184,"Prop"
"Q2938954","Carl Manu","Carl Manu",1983-04-03,"Christchurch",NA,NA,173,"Centre; Fly-Half"
"Q2938984","Carl Reid","Carl Reid",1877-02-23,"Derry",1957-05-16,"Wimbledon; London",NA,"Centre"
"Q2939170","Carlo Caione","Carlo Caione",1973-02-18,"L'Aquila",NA,NA,187,"Flanker"
"Q2939177","Carlo Checchinato","Carlo Checchinato",1970-08-30,"Adria",NA,NA,198,"2nd Row; Number 8"
"Q2939186","Carlo Del Fava","Carlo Del Fava",1981-07-01,"Mthatha",NA,NA,NA,"2nd Row"
"Q2939194","Carlo Festuccia","Carlo Festuccia",1980-06-20,"L'Aquila",NA,NA,180,"Hooker"
"Q2939230","Carlo Orlandi","Carlo Orlandi",1967-11-01,"Piacenza",NA,NA,183,"Hooker"
"Q2939422","Carlos Nieto","Carlos Nieto",1976-06-25,"La Plata",NA,NA,185,"Prop"
"Q2939465","Carlos Souto Vidal","Carlos Souto Vidal",1976-11-04,"Oviedo",NA,NA,190,"Flanker"
"Q2939509","Carlos de Candamo",NA,NA,NA,NA,NA,NA,NA
"Q2940436","Carston Catcheside","Carston Catcheside",1899-08-18,"Sunderland",1987-05-10,"Wandsworth",NA,"Winger"
"Q2940990","Casey Laulala","Casey Laulala",1982-05-03,"Apia",NA,NA,186,"Centre"
"Q2941606","Cătălin Fercu","Cătălin Fercu",1986-09-05,"Brașov",NA,NA,181,"Fullback; Winger"
"Q2944283","Census Johnston","Census Johnston",1981-05-06,"Auckland",NA,NA,191,"Prop"
"Q2946640","Ceri Jones","Ceri Jones",1977-06-19,"Newport; Wales",NA,NA,183,"Prop"
"Q2946644","Ceri Sweeney","Ceri Sweeney",1980-01-21,"Glyncoch",NA,NA,176,"Fly-Half; Centre"
"Q2946682","Cerith Rees","Cerith Rees",1979-03-01,"Carmarthen",NA,NA,177,"Fly-Half"
"Q2946961","Ces Badeley","Ces Badeley",1896-11-07,"Auckland",1986-11-10,"Auckland",170,"Fly-Half"
"Q2946998","César Sempere","César Sempere",1984-05-26,"Villajoyosa",NA,NA,182,"Fly-Half; Fullback"
"Q2947198","Cezar Popescu","Cezar Popescu",1976-12-29,"Bucharest",NA,NA,188,"Prop"
"Q2947428","Chad Erskine","Chad Erskine",1980-08-01,"Pietermaritzburg",NA,NA,177,"Scrum-Half"
"Q2957855","Charl Marais","Charl Marais",1970-09-02,"Bothaville",NA,NA,185,"Hooker"
"Q2957858","Charl van Vliet","Charl van Vliet",1978-07-13,"Klerksdorp",NA,NA,186,"Flanker"
"Q2957860","Charl van Rensburg","Charl van Rensburg",1973-09-04,NA,NA,NA,197,"Flanker; 2nd Row"
"Q2957861","Charl McLeod","Charl McLeod",1983-08-05,"Johannesburg",NA,NA,180,"Scrum-Half"
"Q2957941","Charles Gonnet","Charles-Anthoine Gonnet",1897-11-03,"Laon",1985-09-26,"2nd arrondissement of Lyon",NA,"Hooker"
"Q2958510","Charles Beaurin","Charles Beaurin",1879-10-25,"16th arrondissement of Paris",1957-08-13,"Le Kremlin-Bicêtre",175,"2nd Row; Prop; Number 8; Flanker"
"Q2958556","Charles Bigot","Charles Bigot",1906-02-04,"Lézignan-Corbières",1979-08-25,"Orange; Vaucluse",177,"Hooker; Flanker"
"Q2958908","Charles Dick","Charles Dick",1913-07-01,"Sevenoaks",2004-05-19,NA,NA,"Centre"
"Q2959212","Charles Gimenez","Charles Gimenez",1988-02-11,"Pamiers",NA,NA,180,"Centre; Winger"
"Q2959220","Charles Givone","Charles Givone",1988-09-05,"Lyon",NA,NA,177,"Prop"
"Q2959278","Charles Guiraist",NA,1887-05-31,"Bordeaux",1947-09-07,"Bordeaux",NA,NA
"Q2959303","Charles Hallaran","Charles Hallaran",1897-06-10,"British Ceylon",1941-03-21,"Worcester; England",NA,"2nd Row"
"Q2959306","Charles Hanrahan","Charles Hanrahan",NA,NA,1969-07-28,"Cork (city)",NA,"Prop"
"Q2959651","Charles Lewis","Charles Lewis",1853-08-20,"Llangadog",1923-05-28,"Llandovery",NA,"Fullback"
"Q2959898","Charlie Newman","Charles Newman",1857-02-28,"Newport; Wales",1922-09-28,"Lucerne",NA,"Fly-Half"
"Q2959911","Charles Nieucel","Charles Nieucel",1949-03-19,NA,NA,NA,NA,"2nd Row"
"Q2959979","Charles Petit","Charles Petit",1903-01-05,"Saint-Ouen-sur-Seine",1981-01-21,"Villeurbanne",NA,"2nd Row"
"Q2960026","Charles Platek","Charles Platek",1986-10-12,NA,NA,NA,178,"Fullback; Centre; Winger"
"Q2960148","Charles Rooke","Charles Rooke",1869-09-24,"Dublin",1946-01-06,"Wellington",NA,"Forward"
"Q2960293","Charles Taylor","Charles Taylor",1863-05-08,"Ruabon",1915-01-24,"Dogger Bank",NA,"Three-Quarter"
"Q2960376","Charles Vareilles","Charles Vareilles",1885-07-25,"Côn Đảo",1929-01-15,"French Indochina",168,"Winger"
"Q2960419","Sir Charles Gregory Wade","Gregory Wade",1863-01-26,NA,1922-09-26,NA,NA,NA
"Q2960741","Charles du Souich","Charles du Souich",1890-05-07,"Tours",1970-08-11,"Sedan; Ardennes",174,"Centre"
"Q2960849","Charlie Faulkner","Charlie Faulkner",1941-02-27,"Newport; Wales",2023-02-09,NA,NA,"Prop"
"Q2960850","Charlie Fourneau","Charlie Fourneau",1983-05-10,"Braine-l'Alleud",NA,NA,190,"2nd Row; Number 8"
"Q2960858","Charlie Hore","Charlie Hore",1976-08-28,"Dunedin",NA,NA,186,"Fly-Half; Fullback"
"Q2960878","Charlie Pritchard","Charlie Pritchard",1882-09-30,"Newport; Wales",1916-08-14,"Chocques",NA,"Forward"
"Q2960882","Charlie Sharples","Charlie Sharples",1989-08-17,"Hong Kong",NA,NA,181,"Winger"
"Q2960884","Charlie Ternisien","Charlie Ternisien",1984-02-27,"Saint-Palais; Pyrénées-Atlantiques",NA,NA,188,"Flanker; Number 8"
"Q2964643","Chris Anthony","Chris Anthony",1976-07-23,"Neath",NA,NA,183,"Prop"
"Q2964723","Chris Gray","Chris Gray",1960-07-11,"Haddington; East Lothian",NA,NA,NA,"2nd Row"
"Q2964740","Chris Horsman","Chris Horsman",1977-02-02,"Newport Pagnell",NA,NA,190,"Prop"
"Q2964762","Chris Koch","Chris Koch",1927-09-21,"Moorreesburg",1986-03-21,"Moorreesburg",186,"Prop"
"Q2964797","Chris Mayor","Chris Mayor",1982-05-19,"Wigan",NA,NA,188,"Centre"
"Q2964827","Chris Osentowski","Chris Osentowski",1975-02-26,"Des Moines; Iowa",NA,NA,180,"Prop"
"Q2964830","Chris Oti","Chris Oti",1965-06-16,"Paddington",NA,NA,180,"Winger"
"Q2964841","Chris Ralston","Chris Ralston",1944-05-25,"Hendon",NA,NA,196,"2nd Row"
"Q2964847","Chris Rossouw","Chris Rossouw",1969-09-14,"Delmas; South Africa",NA,NA,182,"Hooker"
"Q2964849","Chris Rossouw","Chris Rossouw",1976-11-14,"Bellville; South Africa",NA,NA,187,"Fly-Half"
"Q2964850","Chris Robshaw","Chris Robshaw",1986-06-04,"Redhill; Surrey",NA,NA,188,"Flanker"
"Q2964863","Chris Siale","Chris Siale",1983-07-31,"Auckland",NA,NA,178,"Centre"
"Q2964877","Chris Tynan","Chris Tynan",1966-07-11,"Vancouver",NA,NA,175,"Scrum-Half"
"Q2964893","Chris Whitaker","Chris J. Whitaker",1974-10-19,"Sydney",NA,NA,180,"Scrum-Half"
"Q2964897","Chris Wyles","Chris Wyles",1983-09-13,"Stamford; Connecticut",NA,NA,183,"Fullback; Winger; Centre"
"Q2964900","Chris Wyatt","Chris Wyatt",1973-06-10,"Newport; Wales",NA,NA,195,"2nd Row"
"Q2964973","Christiaan Scholtz","Christiaan Scholtz",1970-10-22,"Stutterheim",NA,NA,185,"Centre"
"Q2964975","Tiaan Liebenberg","Christiaan Liebenberg",1981-12-18,"Kimberley; Northern Cape",NA,NA,182,"Hooker"
"Q2965017","Christian Badin","Christian Badin",1949-09-11,"Pont-de-Vaux",NA,NA,183,"Centre"
"Q2965072","Christian Boujet","Christian Boujet",1942-08-29,"Jarrie",NA,NA,178,"Fly-Half; Fullback"
"Q2965083","Christian Breseghello","Christian Breseghello",1955-01-23,"Mazères; Ariège",NA,NA,179,"Prop"
"Q2965102","Christian Béguerie","Christian Béguerie",1955-07-26,"Layrac",2024-01-05,"Agen",186,"Flanker"
"Q2965104","Christian Bélascain","Christian Bélascain",1953-11-01,NA,2004-01-08,NA,NA,"Centre"
"Q2965112","Christian Califano","Christian Califano",1972-05-16,"Toulon",NA,NA,180,"Prop"
"Q2965121","Christian Carrère","Christian Carrère",1943-07-27,"Tarbes",NA,NA,183,"Flanker"
"Q2965125","Christian Cauvy","Christian Cauvy",1956-03-17,"Oullins",NA,NA,173,"Fly-Half"
"Q2965184","Christian Darrouy","Christian Darrouy",1937-01-13,"Pouydesseaux",NA,NA,180,"Winger"
"Q2965185","Christian Darlet","Christian Darlet",1946-12-16,"Romans-sur-Isère",NA,NA,174,"Hooker"
"Q2965195","Christian Day","Christian Day",1983-06-24,"Blackpool",NA,NA,198,"2nd Row"
"Q2965207","Christian Delage","Claude Delage",1954-01-16,"Brive-la-Gaillarde",NA,NA,175,"Fly-Half; Fullback"
"Q2965277","Christian Gajan","Christian Gajan",1957-09-06,"Toulouse",NA,NA,NA,NA
"Q2965317","Christian Guilbert","Christian Guilbert",1928-01-03,NA,2014-08-20,NA,185,"2nd Row"
"Q2965386","Christian Labit","Christian Labit",1971-02-11,"Lézignan-Corbières",NA,NA,189,"Number 8"
"Q2965394","Christian Lanta","Christian Lanta",1952-06-20,"Toulouse",NA,NA,NA,"Flanker"
"Q2965430","Christian Loader","Christian Loader",1973-10-26,"Neath",NA,NA,178,"Prop"
"Q2965433","Christian Loamanu","Christian Loamanu",1986-05-13,"Tatakamotonga",NA,NA,188,"Winger; Centre; Number 8"
"Q2965446","Christian Magnanou","Christian Magnanou",1903-01-15,"Périgueux",1943-10-15,"Biarritz",175,"Centre; Fly-Half; Fullback"
"Q2965528","Christian Paul","Christian Paul",1950-07-02,"Bordères-sur-l'Échez",2017-08-21,"Tarbes",NA,"Number 8"
"Q2965603","Christian Rouch","Christian Rouch",1943-06-20,"Lavaur; Tarn",2019-03-13,"Labastide-Saint-Georges",178,"Winger"
"Q2965632","Christian Short","Christian Short",1979-11-15,"Newcastle upon Tyne",NA,NA,200,"2nd Row"
"Q2965649","Christian Stewart","Christian Stewart",1966-10-17,"Toronto",NA,NA,183,"Centre"
"Q2965654","Christian Swierczinski","Christian Swierczinski",1946-07-28,"Saint-Mayme-de-Péreyrol",2012-12-23,"Bègles",176,"Hooker"
"Q2965682","Christian Vignes","Christian Vignes",1934-06-05,"Biarritz",NA,NA,180,"Scrum-Half; Centre"
"Q2966033","Christo Bezuidenhout","Christo Bezuidenhout",1970-05-14,"Tenerife",NA,NA,187,"Prop"
"Q2966105","Christophe Berdos",NA,1970-04-17,NA,NA,NA,NA,NA
"Q2966155","Christophe Clarac","Christophe Clarac",1985-01-05,"Auch",NA,NA,173,"Scrum-Half"
"Q2966177","Christophe Dasque","Christophe Dasque",1987-01-05,NA,NA,NA,186,"Fullback"
"Q2966182","Christophe David","Christophe David",1991-07-31,NA,NA,NA,178,"Hooker"
"Q2966200","Christophe Deslandes","Christophe Deslandes",1965-01-02,"Saint-Mandé",NA,NA,199,"Number 8; 2nd Row; Flanker"
"Q2966210","Christophe Deylaud","Christophe Deylaud",1964-10-02,"Toulouse",NA,NA,175,"Fly-Half"
"Q2966276","Christophe Guiter","Christophe Guiter",1970-02-11,"Toulouse",NA,NA,180,"Hooker"
"Q2966316","Christophe Juillet","Christophe Juillet",1969-03-20,"Villeneuve-sur-Lot",NA,NA,191,"Number 8; Flanker"
"Q2966324","Christophe Lafoy","Christophe Lafoy",1980-07-16,"Poitiers",NA,NA,189,"Prop"
"Q2966333","Christophe Laurent","Christophe Laurent",1976-03-08,"Toulouse",NA,NA,182,"Hooker"
"Q2966334","Christophe Lamaison","Christophe Lamaison",1971-04-08,"Dax; Landes",NA,NA,180,"Centre; Fly-Half; Fullback"
"Q2966338","Christophe Laussucq","Christophe Laussucq",1973-05-20,"Bordeaux",NA,NA,172,"Scrum-Half"
"Q2966360","Christophe Lucquiaud","Christophe Lucquiaud",1969-09-14,"Saintes; Charente-Maritime",NA,NA,178,"Scrum-Half; Winger"
"Q2966364","Christophe Maillol","Christophe Maillol",NA,NA,NA,NA,NA,NA
"Q2966370","Christophe Manas","Christophe Manas",1975-11-28,"Villepinte; Seine-Saint-Denis",NA,NA,178,"Winger; Centre"
"Q2966377","Christophe Marth","Christophe Marth",1981-11-04,"Sarreguemines",NA,NA,192,"Flanker; Number 8"
"Q2966389","Christophe Milhères","Christophe Milhères",1972-01-03,"Bayonne",NA,NA,185,"Flanker"
"Q2966397","Christophe Moni","Christophe Moni",1972-01-15,"Nice",NA,NA,188,"Flanker"
"Q2966398","Christophe Mougeot","Christophe Mougeot",1963-11-22,"Dijon",NA,NA,194,"2nd Row"
"Q2966454","Christophe Porcu","Christophe Porcu",1971-05-05,"Mauvezin; Gers",NA,NA,193,"2nd Row"
"Q2966476","Christophe Saint-Lary","Christophe Saint-Lary",1977-07-23,"Toulouse",NA,NA,187,"Prop"
"Q2966485","Christophe Samson","Christophe Samson",1984-03-01,"Clermont-Ferrand",NA,NA,198,"2nd Row"
"Q2966501","Christophe Tournier","Christophe Tournier",1980-01-20,"Ris-Orangis",NA,NA,186,"Flanker"
"Q2966502","Christophe Urios","Christophe Urios",1965-12-20,"Montpellier",NA,NA,NA,"Hooker"
"Q2966630","Christopher Poulain","Christopher Poulain",1987-06-25,"Creutzwald",NA,NA,182,"Prop"
"Q2966641","Christopher Ruiz","Christopher Ruiz",1984-05-29,"Perpignan",NA,NA,171,"Fly-Half"
"Q2966657","Christopher Tolofua","Christopher Tolofua",1993-12-31,"Fréjus",NA,NA,182,"Hooker"
"Q2967632","Chum Ochse","Chum Ochse",1925-02-09,NA,1996-07-13,NA,NA,"Winger"
"Q2972202","Cian Healy","Cian Healy",1987-10-07,"Clontarf; Dublin",NA,NA,185,"Prop"
"Q2972218","Ciaran Fitzgerald","Ciaran Fitzgerald",1952-06-04,"Loughrea",NA,NA,175,"Hooker"
"Q2973296","Ciprian Caplescu","Ciprian Caplescu",1986-07-28,NA,NA,NA,165,"Scrum-Half"
"Q2976625","Claude Davey","Claud Davey",1908-12-14,"Garnant",2001-02-18,"Brecon",NA,"Centre"
"Q2976626","Claud O'Donnell","Claud O'Donnell",1886-01-30,"Sydney",1953-08-04,"Glebe; New South Wales",NA,"Hooker"
"Q2976908","Claude Atcher","Claude Atcher",1955-12-06,NA,NA,NA,NA,"Number 8"
"Q2976996","Claude Besson","Claude Besson",1942-01-05,"Saint-Astier; Dordogne",NA,NA,168,"Centre"
"Q2977188","Claude Chenevay","Claude Chenevay",1943-02-09,NA,NA,NA,NA,"Flanker"
"Q2977307","Claude Dourthe","Claude Dourthe",1948-11-20,"Magescq",NA,NA,178,"Centre"
"Q2977315","Claude Dry","Claude Dry",1985-10-29,"Durban",NA,NA,202,"2nd Row"
"Q2977420","Claude Freyssinet","Claude Freyssinet",1938-10-01,"Brive-la-Gaillarde",NA,NA,175,"Prop"
"Q2977629","Claude Labatut","Claude Labatut",1942-03-27,"Mirepoix; Ariège",NA,NA,176,"Flanker"
"Q2977630","Claude Laborde","Claude Laborde",1940-08-25,"Peyrehorade",NA,NA,170,"Scrum-Half"
"Q2977631","Claude Lacaze","Claude Lacaze",1940-03-05,"Pontacq",NA,NA,172,"Fullback; Fly-Half"
"Q2977757","Claude Mantoulan","Claude Mantoulan",1936-03-05,"Pau; Pyrénées-Atlantiques",1983-11-09,"Perpignan",175,"Fly-Half"
"Q2977990","Claude Portolan","Claude Portolan",1960-12-16,"Auterive; Haute-Garonne",NA,NA,183,"Tighthead Prop"
"Q2978142","Claude Saurel","Claude Saurel",1948-04-15,"Béziers",NA,NA,208,"Flanker"
"Q2978170","Claude Spanghero","Claude Spanghero",1948-06-05,"Payra-sur-l'Hers",NA,NA,196,"2nd Row; Number 8"
"Q2978800","Clem Thomas","Clem Thomas",1929-01-28,"Cardiff",1996-09-05,"Swansea",NA,"Flanker"
"Q2979039","Cliff Bowen","Cliff Bowen",1875-01-03,"Morriston",1929-04-30,"Rickmansworth",NA,"Winger"
"Q2979047","Cliff Davies","Cliff Davies",1919-12-12,"Kenfig Hill",1967-01-28,"Bridgend",NA,"Prop"
"Q2979054","Cliff Mytton","Cliff Mytton",1969-01-24,"Auckland",NA,NA,183,"Centre"
"Q2979062","Cliff Porter","Cliff Porter",1899-05-05,"Govan",1976-11-12,"Wellington",173,"Flanker"
"Q2979063","Cliff Pritchard","Cliff Pritchard",1881-10-01,"Pontypool",1954-12-14,"Pontypool",NA,"Centre"
"Q2979357","Clinton Schifcofske","Clinton Schifcofske",1975-11-10,"Moranbah",NA,NA,183,"Fullback; Winger"
"Q2979449","Clive Williams","Clive Williams",1947-11-02,"Porthcawl",NA,NA,183,"Prop"
"Q2979742","Clovis Bioussa","Clovis Bioussa",1893-10-09,"Toulouse",1964-07-03,"Caudéran",168,"Fly-Half"
"Q2980430","Clyde Rathbone","Clyde Rathbone",1981-07-23,"Durban",NA,NA,180,"Winger; Centre"
"Q2980573","Clément Baïocco","Clément Baïocco",1979-12-03,"Montpellier",NA,NA,182,"Prop"
"Q2980580","Clément Cartier","Clément Cartier",1983-04-14,NA,NA,NA,189,"Prop"
"Q2980605","Clément Fromont","Clément Fromont",1979-06-18,"Bourg-en-Bresse",NA,NA,182,"Fullback"
"Q2980620","Clément Imbert","Clément Imbert",1988-02-28,NA,NA,NA,173,"Winger"
"Q2980626","Clément Lagain","Clément Lagain",1990-06-02,NA,NA,NA,185,"Winger; Fullback"
"Q2980640","Clément Marienval","Clément Marienval",1985-07-10,"Paris",NA,NA,188,"Centre; Winger; Fullback"
"Q2980645","Clément Maynadier","Clément Maynadier",1988-10-11,NA,NA,NA,187,"Hooker"
"Q2980656","Clément Médina","Clément Médina",1988-01-19,"Béziers",NA,NA,193,"Winger; Centre"
"Q2980668","Clément Praud","Clément Praud",1987-04-04,"Saint-Jean-d'Angély",NA,NA,198,"2nd Row"
"Q2980684","Clément Ric","Clément Ric",1988-07-18,"Mauriac; Cantal",NA,NA,182,"Tighthead Prop"
"Q2981178","Cobus Grobler","Cobus Grobler",1981-02-02,"Pretoria",NA,NA,195,"2nd Row; Number 8"
"Q2981183","Cobus Visagie","Cobus Visagie",1973-10-31,"Stellenbosch",NA,NA,185,"Prop"
"Q2981788","Coenraad Basson","Coenraad Basson",1981-09-25,"Cape Town",NA,NA,194,"2nd Row"
"Q2981971","Colin Windon","Col Windon",1921-11-08,NA,2003-12-03,NA,NA,"Flanker"
"Q2982589","Colin Deans","Colin Deans",1955-05-03,"Hawick",NA,NA,NA,"Hooker"
"Q2982610","Colin Gaston","Colin Gaston",1973-04-22,"Toulouse",NA,NA,202,"2nd Row"
"Q2982623","Colin Laird","Colin Laird",1908-09-03,"London",1971-10-03,"Marylebone",NA,"Fly-Half"
"Q2982628","Colin James Loader","Colin Loader",1931-03-10,"Dannevirke",NA,NA,178,"Centre"
"Q2982642","Colin Noon","Colin Noon",1975-10-24,"Bridgend",NA,NA,180,"Prop"
"Q2982645","Colin Patterson","Colin Patterson",1955-03-03,"Belfast",NA,NA,NA,"Scrum-Half"
"Q2982655","Colin Telfer","Colin Telfer",1947-02-26,"Hawick",NA,NA,NA,"Fly-Half"
"Q2982664","Colin Yukes","Colin Yukes",1979-10-23,"Edmonton",NA,NA,200,"2nd Row; Flanker"
"Q2984060","Colm Callan","Colm Callan",1923-01-06,"Republic of Ireland",2010-05-30,NA,NA,"2nd Row"
"Q2984063","Colm Tucker","Colm Tucker",1952-09-22,"Limerick",2012-01-11,"Dublin",NA,"Flanker"
"Q2991572","Con Murphy","Con Murphy",1914-09-19,"Dublin",2002-04-09,NA,NA,"Fullback"
"Q2993552","Conor Murray","Conor Murray",1989-04-20,"Limerick",NA,NA,188,"Scrum-Half"
"Q2993556","Conor O'Shea","Conor O'Shea",1970-10-21,"Limerick",NA,NA,188,"Fullback"
"Q2993590","Conrad Barnard","Conrad Barnard",1979-07-27,"Gqeberha",NA,NA,181,"Fly-Half"
"Q2993606","Conrad Jantjes","Conrad Jantjes",1980-03-24,"Boksburg",NA,NA,183,"Fullback; Winger"
"Q2993607","Conrad Marais","Conrad Marais",1989-04-26,"Walvis Bay",NA,NA,193,"Winger"
"Q2993628","Conrad Stoltz","Conrad Stoltz",1974-09-14,"Pretoria",NA,NA,189,"Centre"
"Q2996506","Coo Clinch","Coo Clinch",1867-11-28,"Dublin",1937-02-01,"Dublin",NA,"Forward"
"Q2997440","Corne Powell","Corne Powell",1974-05-27,"Windhoek",NA,NA,NA,"Centre"
"Q2997522","Cornelius van Zyl","Cornelius van Zyl",1979-01-27,"Mbombela",NA,NA,200,"2nd Row"
"Q2998289","Cosmin Rațiu","Cosmin Rațiu",1979-07-18,"Petroșani",NA,NA,192,"Number 8; Flanker; 2nd Row"
"Q2998452","Costica Mersoiu","Costica Mersoiu",1977-10-30,"Focșani",NA,NA,190,"Flanker; Number 8"
"Q3001503","Courtney Meredith","Courtenay Meredith",1926-09-23,"Pontypridd",2024-05-30,NA,NA,"Prop"
"Q3001992","Craig Chalmers","Craig Chalmers",1968-10-15,"Galashiels",NA,NA,180,"Fly-Half"
"Q3001993","Craig Culpan","Craig Culpan",1982-05-17,"Vancouver",NA,NA,190,"Centre"
"Q3001996","Craig Davidson","Craig Davidson",1977-02-23,"Qonce",NA,NA,175,"Scrum-Half"
"Q3002002","Craig Dowd","Craig Dowd",1969-10-26,"Auckland",NA,NA,191,"Prop"
"Q3002012","Craig Hamilton","Craig Hamilton",1979-09-01,"Dumfries",NA,NA,202,"2nd Row"
"Q3002015","Craig Gower","Craig Gower",1978-04-29,"Penrith; New South Wales",NA,NA,174,"Fly-Half; Centre"
"Q3002019","Craig Innes","Craig Innes",1969-09-10,"New Plymouth",NA,NA,181,"Centre; Winger"
"Q3002022","Craig Joiner","Craig Joiner",1974-04-21,"Glasgow",NA,NA,178,"Winger"
"Q3002042","Craig Morgan","Craig Morgan",1978-09-06,"Pontypridd",NA,NA,180,"Fullback; Winger"
"Q3002046","Craig Newby","Craig Newby",1979-07-27,"Rotorua",NA,NA,190,"Flanker"
"Q3002051","Craig Quinnell","Craig Quinnell",1975-07-09,"Swansea",NA,NA,198,"2nd Row"
"Q3002061","Craig Smith","Craig Smith",1978-08-30,"Fulford; North Yorkshire",NA,NA,188,"Prop"
"Q3002782","Crisjan Van der Westhuizen","Crisjan Van der Westhuysen",1976-03-07,"Johannesburg",NA,NA,202,"2nd Row"
"Q3002839","Cristian Bezzi","Cristian Bezzi",1975-05-13,"Reggio Emilia",NA,NA,195,"2nd Row"
"Q3002842","Cristian Lupu","Cristian Lupu",1975-06-19,"Bucharest",NA,NA,175,"Centre"
"Q3002845","Cristian Mendy","Cristian Mendy",1966-01-30,NA,NA,NA,NA,"Winger"
"Q3002852","Cristian Onetto","Cristian Onetto",1983-02-11,"Santiago",NA,NA,180,"Fly-Half"
"Q3002853","Cristian Petre","Cristian Petre",1979-03-22,"Oradea",NA,NA,195,"2nd Row"
"Q3002857","Cristian Săuan","Cristian Săuan",1974-03-18,"Cluj-Napoca",NA,NA,NA,"Winger; Centre"
"Q3002862","Ruben Spachuck","Cristian Spachuk",1981-02-14,"Argentina",NA,NA,181,"Prop"
"Q3002866","Cristiano Zanoletti","Cristiano Zanoletti",1974-11-17,"Brescia",NA,NA,184,"Centre"
"Q3008941","Cyriac Ponnau","Cyriac Ponnau",1987-09-08,"Suresnes",NA,NA,182,"Hooker"
"Q3008965","Cyriel Blanchard","Cyriel Blanchard",1984-06-03,"Aire-sur-l'Adour",NA,NA,171,"Hooker"
"Q3008973","Cyril Brownlie","Cyril Brownlie",1895-08-06,"Whanganui",1954-05-07,"Wairoa",190,"2nd Row"
"Q3008975","Cyril Burke","Cyril Burke",1925-11-07,"Waratah",2010-01-18,"Newcastle; New South Wales",NA,"Scrum-Half"
"Q3008982","Cyril Chavet","Cyril Chavet",1982-12-09,NA,NA,NA,195,"2nd Row; Number 8"
"Q3009010","Cyril Hijar","Cyril Hijar",1984-01-25,"Toulouse",NA,NA,191,"Flanker"
"Q3009035","Cyril Lowe","Cyril Lowe",1891-10-07,"Holbeach",1983-02-06,"Mid-East Surrey",NA,"Left Winger"
"Q3009044","Cyril Nana","Cyril Nana",1977-04-17,NA,NA,NA,194,"2nd Row; Number 8"
"Q3009069","Cyril Rutherford","Cyril Rutherford",1873-08-20,"Pulborough",1951-04-09,NA,NA,"Centre; Three-Quarter"
"Q3009075","Cyril Savy","Cyril Savy",1968-07-11,"Rodez",NA,NA,190,"Fullback"
"Q3009087","Cyril Veyret","Cyril Veyret",1988-01-30,NA,NA,NA,197,"2nd Row"
"Q3009088","Cyril Towers","Cyril Towers",1906-07-30,"Mansfield; Victoria",1985-06-09,"Sydney",NA,"Centre"
"Q3009851","Cédric Bergez","Cédric Bergez",1975-02-08,"Bayonne",NA,NA,197,"2nd Row"
"Q3009866","Cédric Beal","Cédric Béal",1986-10-17,"Orange; Vaucluse",NA,NA,191,"Flanker"
"Q3009870","Cédric Coll","Cédric Coll",1988-08-08,"Céret",NA,NA,182,"Centre; Fly-Half; Fullback"
"Q3009884","Cédric Desbrosse","Cédric Desbrosse",1971-11-09,"Sainte-Foy-lès-Lyon",NA,NA,190,"Centre"
"Q3009894","Cédric Garcia","Cédric Garcia",1982-12-28,"Toulouse",NA,NA,171,"Scrum-Half"
"Q3009900","Cédric Guironnet","Cédric Guironnet",1985-07-14,NA,NA,NA,196,"2nd Row"
"Q3009918","Cédric Leite","Cédric Leite",1977-12-17,"Brive-la-Gaillarde",NA,NA,179,"Centre"
"Q3009926","Cédric Mallet","Cédric Mallet",1979-07-03,"Lure; Haute-Saône",NA,NA,189,"Number 8"
"Q3009932","Cédric Mathieu","Cédric Mathieu",1975-04-19,"Guilherand-Granges",NA,NA,193,"Flanker"
"Q3009951","Cédric Rosalen","Cédric Rosalen",1980-04-10,"Narbonne",2024-01-09,"Béziers",175,"Fly-Half"
"Q3009961","Cédric Soulette","Cédric Soulette",1972-05-30,"Béziers",NA,NA,188,"Prop"
"Q3010432","César Caballero","Cesar Caballero",1979-05-05,NA,NA,NA,176,"Prop; Hooker"
"Q3010442","César Damiani","César Damiani",1986-10-09,"Toulon",NA,NA,202,"2nd Row"
"Q3010443","César Delarue","César Delarue",1987-12-11,"Toulon",NA,NA,195,"2nd Row"
"Q3010774","Cătălin Nicolae","Cătălin Nicolae",1980-07-22,"Bucharest",NA,NA,183,"Winger; Fullback"
"Q3011484","D.T.H. van der Merwe","DTH van der Merwe",1986-04-28,"Worcester; South Africa",NA,NA,182,"Winger; Centre"
"Q3011556","Daan Human","Daan Human",1976-03-04,"Bloemfontein",NA,NA,187,"Prop"
"Q3011560","Daan Retief","Daan Retief",1925-06-28,"Lichtenburg; South Africa",2010-09-22,"Bedfordview",186,"Number 8; Flanker"
"Q3011636","Dacien Olive","Dacien Olive",1924-07-12,"Claira",2003-11-19,"Thiers; Puy-de-Dôme",178,"Winger"
"Q3011848","Dafydd James","Dafydd James",1975-07-24,"Mufulira",NA,NA,190,"Centre; Winger"
"Q3012007","Dai Fitzgerald","Dai Fitzgerald",1872-01-03,"Cardiff",1951-11-30,"Cardiff",NA,"Centre"
"Q3012009","David Jones","Dai Jones",1881-05-16,"Tynewydd",1933-01-21,"Aberdare",NA,"Forward"
"Q3012010","Dai Jones","Dai Jones",1916-04-30,"Morriston",2000-02-20,"Swansea",NA,"Prop"
"Q3012016","Dai Morris","Dai Morris",1941-11-11,"Rhigos",NA,NA,NA,"Flanker"
"Q3012023","Dai Williams","Dai Williams",1913-06-16,"Mowbray; Cape Town",1975-12-24,"Wynberg; Cape Town",NA,"Winger"
"Q3012314","Dale Rasmussen","Dale Rasmussen",1977-07-05,"Auckland",NA,NA,188,"Centre"
"Q3012320","Dale Santon","Dale Santon",1969-08-18,"Cape Town",NA,NA,178,"Hooker"
"Q3012496","Dally Messenger","Dally Messenger",1883-04-12,"Balmain; New South Wales",1959-11-24,"Gunnedah",NA,"Winger"
"Q3012691","Damian Browne","Damian Browne",1980-05-17,"Galway",NA,NA,196,"2nd Row"
"Q3012694","Damian Cronin","Damian Cronin",1963-04-17,"Wegberg",NA,NA,198,"2nd Row"
"Q3012711","Damian Smith","Damian Smith",1969-02-01,"Brisbane",NA,NA,191,"Winger"
"Q3012748","Damien Cler","Damien Cler",1983-10-02,NA,NA,NA,185,"Winger"
"Q3012751","Damien Costanzo","Damien Costanzo",1983-01-08,NA,NA,NA,192,"Flanker"
"Q3012757","Damien Denechaud","Damien Denechaud",1980-08-15,NA,NA,NA,180,"Centre"
"Q3012760","Damien Duffau","Damien Duffau",1982-08-31,"Toulouse",NA,NA,182,"Fullback; Fly-Half"
"Q3012764","Damien Fèvre","Damien Fèvre",1984-05-10,"Dijon",2016-03-11,"Pau; Pyrénées-Atlantiques",197,"2nd Row"
"Q3012795","Damien Lagrange","Damien Lagrange",1987-07-04,"Bayonne",NA,NA,199,"2nd Row"
"Q3012815","Damien Minassian","Damien Minassian",1979-06-14,"Grenoble",NA,NA,187,"Loosehead Prop"
"Q3012819","Damien Neveu","Damien Neveu",1986-06-29,"Chambray-lès-Tours",NA,NA,175,"Scrum-Half"
"Q3012846","Damien Vidal","Damien Vidal",1985-03-03,"Capestang",NA,NA,181,"Fly-Half"
"Q3012850","Damien Weber","Damien Weber",1986-01-11,"Forbach",NA,NA,178,"Loosehead Prop"
"Q3012857","Damien Varley","Damien Varley",1983-10-29,"Limerick",NA,NA,180,"Hooker"
"Q3013012","Dan Baugh","Dan Baugh",1974-09-10,"Regina; Saskatchewan",NA,NA,NA,"Flanker"
"Q3013047","Dan Crowley","Dan Crowley",1965-08-28,"Brisbane",NA,NA,175,"Prop"
"Q3013053","Dan Dumitru","Dan Dumitru",1982-10-04,NA,NA,NA,193,"Centre"
"Q3013095","Daniel Herbert","Dan Herbert",1974-02-06,"Brisbane",NA,NA,188,"Centre"
"Q3013101","Dan Hipkiss","Daniel Hipkiss",1982-06-04,"Ipswich",NA,NA,178,"Centre"
"Q3013109","Dan Jackart","Dan Jackart",1962-05-04,"Natal",NA,NA,175,"Prop"
"Q3013136","Dan Lyle","Dan Lyle",1970-09-28,"Louisville; Kentucky",NA,NA,196,"Number 8; Flanker"
"Q3013138","Dan Luger","Dan Luger",1975-01-11,"Chiswick",NA,NA,185,"Winger"
"Q3013172","Dan Pletch","Dan Pletch",1983-04-12,"Lucan Biddulph",NA,NA,180,"Prop; Hooker"
"Q3013182","Dan Rees","Dan Rees",1876-07-01,NA,NA,NA,NA,"Centre"
"Q3013196","Dan Scarbrough","Dan Scarbrough",1978-02-16,"Bingley",NA,NA,185,"Fullback; Winger"
"Q3013230","Dan Tudosa","Dan Tudosa",1975-03-19,"Bucharest",NA,NA,183,"Prop"
"Q3013236","Dan Vlad","Dan Vlad",1983-07-12,"Bucharest",NA,NA,185,"Winger; Centre"
"Q3013237","Dan Ward-Smith","Dan Ward-Smith",1978-01-02,"Palmerston North",NA,NA,193,"Number 8"
"Q3013444","Dane Haylett-Petty","Dane Haylett-Petty",1989-06-18,"Durban",NA,NA,190,"Fullback; Winger; Centre"
"Q3013582","Danie Saayman","Danie Saayman",1974-11-28,"Greytown; South Africa",NA,NA,188,"Prop"
"Q3013585","Danie Coetzee","Danie Coetzee",1977-09-02,"Harrismith",NA,NA,185,"Hooker"
"Q3013588","Danie Thiart","Danie Thiart",1980-04-29,"Vredendal",NA,NA,188,"Prop"
"Q3013590","Danie de Beer","Danie de Beer",1978-12-07,"Odendaalsrus",NA,NA,180,"Fly-Half; Centre"
"Q3013593","Danie Rossouw","Danie Rossouw",1978-06-05,"Sabie",NA,NA,198,"2nd Row; Flanker; Number 8"
"Q3013594","Danie van Schalkwyk","Danie van Schalkwyk",1975-02-01,"Boksburg",NA,NA,188,"Centre"
"Q3013755","Daniel Blach","Daniel Blach",NA,NA,NA,NA,NA,NA
"Q3013784","Daniel Boulpiquante","Daniel Boulpiquante",1950-07-23,"Figeac",2017-03-26,"Cambo-les-Bains",185,"Flanker"
"Q3013795","Daniel Braid","Dan Braid",1981-02-13,"Tauranga",NA,NA,185,"Flanker"
"Q3013806","Daniel Browne","Daniel Browne",1979-04-16,"Auckland",NA,NA,195,"Number 8; Flanker"
"Q3013807","Daniel Bustaffa","Daniel Bustaffa",1956-01-11,"Carcassonne",NA,NA,NA,"Winger"
"Q3013952","Daniel du Plessis","Daniel du Plessis",1982-09-22,"Pretoria",NA,NA,182,"Centre"
"Q3013963","Daniel Dubois","Daniel Dubois",1944-06-17,"Montivilliers",2001-05-23,"Bordeaux",190,"Flanker"
"Q3013976","Daniel Dubroca","Daniel Dubroca",1954-04-25,"Aiguillon; Lot-et-Garonne",NA,NA,178,"Hooker; Prop"
"Q3014013","Daniel Evans","Daniel Evans",1988-11-15,"Swansea",NA,NA,183,"Fullback; Winger"
"Q3014019","Daniel Farani","Daniel Farani",1977-03-14,"Wellington",NA,NA,195,"Number 8; Flanker"
"Q3014170","Daniel Herrero","Daniel Herrero",1948-06-19,"Puisserguier",NA,NA,188,"Number 8"
"Q3014185","Daniel Humbert","Daniel Humbert",1984-02-05,"Matadi",NA,NA,178,"Hooker"
"Q3014190","Daniel Héricé","Daniel Héricé",1921-09-07,"Saint-Émilion",2005-06-27,"Bordeaux",183,"Flanker; Number 8"
"Q3014228","Daniel Kaczorowski","Daniel Kaczorowski",1952-10-31,"Le Creusot",NA,NA,183,"3rd Row"
"Q3014259","Daniel Kötze","Daniel Kotze",1987-03-28,"Frankfort; Free State",NA,NA,185,"Tighthead Prop"
"Q3014282","Daniel Larrechea","Daniel Larrechea",1977-07-09,"Bayonne",NA,NA,184,"Fly-Half; Fullback"
"Q3014328","Daniel Leo","Daniel Leo",1982-10-02,"Palmerston North",NA,NA,198,"2nd Row"
"Q3014401","Daniel Manu","Daniel Tai Manu",1970-06-04,"Brisbane",NA,NA,195,"Flanker"
"Q3014426","Daniel Marty","Daniel Marty",1952-08-22,NA,1985-03-07,NA,NA,"Centre"
"Q3014478","Daniel Muller","Daniel Muller",1980-07-07,NA,NA,NA,185,"Prop"
"Q3014592","Daniel Revallier","Daniel Revallier",1948-08-20,"Rabastens",NA,NA,188,"2nd Row"
"Q3014656","Daniel Santamans","Daniel Santamans",1959-09-04,"Lombez",2008-07-26,"Cugnaux",NA,"Hooker"
"Q3014915","Daniele Baleinadogo","Daniele Baleinadogo",1978-04-03,"Suva",NA,NA,182,"Centre"
"Q3014922","Daniele Davo","Daniele Davo",1968-01-14,"Isorella",NA,NA,185,"Prop"
"Q3015249","Danny Grewcock","Danny Grewcock",1972-11-07,"Coventry",NA,NA,198,"2nd Row"
"Q3015762","Danwel Demas","Danwel Demas",1981-10-01,"Paarl",NA,NA,188,"Winger"
"Q3016486","Darren Adams","Darren Adams",1965-07-12,"Rotorua",NA,NA,194,"Centre; Number 8"
"Q3016509","Darren Garforth","Darren Garforth",1966-04-09,"Coventry",NA,NA,180,"Prop"
"Q3016529","Darren Morris","Darren Morris",1974-09-24,"Pontypridd",NA,NA,185,"Prop"
"Q3016554","Darron Nell","Darron Nell",1980-08-03,"Uitenhage",NA,NA,193,"Flanker; Number 8"
"Q3016657","Daryl Gibson","Daryl Gibson",1975-03-02,"Lumsden; New Zealand",NA,NA,181,"Centre"
"Q3016663","Daryl Halligan","Daryl Halligan",1966-07-25,"Waikato",NA,NA,192,"Fullback"
"Q3017152","W. J. A. Davies","Dave Davies",1890-06-21,"Pembroke; Pembrokeshire",1967-04-26,"Richmond; London",NA,"Fly-Half"
"Q3017179","Dave Hodges","Dave Hodges",1968-09-15,"Long Beach; California",NA,NA,193,"3rd Row; 2nd Row"
"Q3017182","Dave Hilton","Dave Hilton",1970-04-03,"Bristol",NA,NA,180,"Prop"
"Q3017192","Dave Loveridge","Dave Loveridge",1952-04-22,"Stratford; New Zealand",NA,NA,175,"Scrum-Half"
"Q3017270","Dave Tiueti","Dave Tiueti",1973-06-06,"Tongatapu",NA,NA,183,"Centre; Winger"
"Q3017276","Dave Vainqueur","Dave Vainqueur",1981-02-15,"Pointe-à-Pitre",NA,NA,190,"Winger"
"Q3017289","Dave Williams","Dave Williams",1978-11-26,"Boston",NA,NA,NA,"Scrum-Half"
"Q3017290","Dave von Hoesslin","Dave von Hoesslin",1975-05-10,"Stellenbosch",NA,NA,168,"Scrum-Half"
"Q3017294","Dave Young","Dave Young",1985-02-18,"Belfast",NA,NA,185,"Prop"
"Q3017356","David Aguilar","David Aguilar",1905-11-25,"Pau; Pyrénées-Atlantiques",1967-08-05,"Pau; Pyrénées-Atlantiques",180,"2nd Row"
"Q3017401","David Arrieta","David Arrieta",1969-11-15,"Bordeaux",NA,NA,178,"Fullback; Fly-Half"
"Q3017427","David Attoub","David Attoub",1981-06-07,"Valence; Drôme",NA,NA,183,"Tighthead Prop"
"Q3017451","David Banquet","David Banquet",1974-07-22,"Libourne",NA,NA,180,"Prop"
"Q3017452","David Barnes","David Barnes",1976-07-12,"Leicester",NA,NA,183,"Prop"
"Q3017461","David Barrier","David Barrier",1975-04-14,"Montluçon",NA,NA,195,"2nd Row"
"Q3017472","David Bedell-Sivright","David Bedell-Sivright",1880-12-08,"Edinburgh",1915-09-05,NA,NA,"Forward"
"Q3017503","David Berty","David Berty",1970-06-11,"Toulouse",NA,NA,180,"Winger"
"Q3017508","David Biddle","David Biddle",1985-08-10,"Vancouver",NA,NA,189,"Flanker"
"Q3017529","David Bonnecarrere","David Bonnecarrère",1989-04-15,NA,NA,NA,NA,"Flanker"
"Q3017537","David Bory","David Bory",1976-03-08,"Vichy",NA,NA,182,"Winger"
"Q3017574","David Brockhoff","David Brockhoff",1928-07-08,"Sydney",2011-06-17,NA,NA,"Flanker"
"Q3017598","Dave Callam","David Callam",1983-02-15,"Edinburgh",NA,NA,193,"Number 8"
"Q3017705","David Corkery","David Corkery",1972-11-06,"Cork (city)",NA,NA,193,"Flanker"
"Q3017713","David Couzinet","David Couzinet",1975-06-07,"Toulouse",NA,NA,202,"2nd Row"
"Q3017726","David Croft","David Croft",1979-02-22,"Brisbane",NA,NA,185,"Flanker"
"Q3017731","David Dadunashvili","David Dadunashvili",1982-01-27,"Kutaisi",NA,NA,184,"Prop; Hooker"
"Q3017733","David Dal Maso","David Dal Maso",1980-08-14,"Legnago",NA,NA,188,"Flanker"
"Q3017734","David Dantiacq","David Dantiacq",1970-01-10,"Paris",NA,NA,178,"Centre"
"Q3017736","David Darricarrère","David Darricarrère",1971-03-17,"Tartas",NA,NA,182,"Fly-Half"
"Q3017782","David Doherty","David Doherty",1987-01-28,"Leeds",NA,NA,180,"Fullback; Winger; Centre"
"Q3017794","David Douy","David Douy",1975-04-20,"Toulon",NA,NA,176,"Centre"
"Q3017806","David Duckham","David Duckham",1946-06-28,"Coventry",2023-01-09,"London",185,"Winger; Centre"
"Q3017897","David Fitter","David Fitter",1977-01-27,"Melbourne",NA,NA,183,"Prop"
"Q3017899","David Flatman","David Flatman",1980-01-21,"Maidstone",NA,NA,183,"Prop"
"Q3017945","David Gasviani","Davit Gasviani",1981-05-10,NA,NA,NA,177,"Prop"
"Q3017962","David Giffin","David Giffin",1973-11-06,"Brisbane",NA,NA,198,"2nd Row"
"Q3018017","David Gérard","David Gérard",1977-11-26,"Toulon",NA,NA,199,"2nd Row"
"Q3018063","David Hewitt","David Hewitt",1980-01-15,NA,NA,NA,180,"Fly-Half; Fullback"
"Q3018064","Dave Hewett","David Hewett",1971-07-14,"Christchurch",NA,NA,191,"Prop"
"Q3018069","David Hill","David Hill",1978-07-31,"Blenheim; New Zealand",NA,NA,188,"Fly-Half; Centre"
"Q3018075","David Holwell","David Holwell",1975-01-07,"Whangārei",NA,NA,178,"Fly-Half"
"Q3018134","David Irwin","David Irwin",1959-02-01,"Belfast",NA,NA,NA,"Centre"
"Q3018149","David Janin","David Janin",1977-05-09,"France",NA,NA,194,"Winger; Centre; Fullback"
"Q3018155","David Jaubert","David Jaubert",1968-08-29,"Toulon",NA,NA,175,"Winger"
"Q3018164","David Johnston","David Johnston",1958-10-20,"Edinburgh",NA,NA,NA,"Centre"
"Q3018168","David Wilson","David John Wilson",1967-01-04,"Brisbane",NA,NA,188,"Flanker"
"Q3018208","David Knox","David Knox",1963-08-03,"Coogee",NA,NA,185,"Fly-Half"
"Q3018261","David Laperne","David Laperne",1972-09-13,"Oloron-Sainte-Marie",NA,NA,182,"Prop"
"Q3018291","David Lemi","David Lemi",1982-02-10,"Apia",NA,NA,175,"Winger; Fullback"
"Q3018333","David Lyons","David Lyons",1980-06-15,"Orange; New South Wales",NA,NA,192,"Number 8; Flanker"
"Q3018410","David McHugh","David McHugh",1955-12-21,NA,NA,NA,NA,NA
"Q3018492","David Morton","David Morton",1861-07-23,"Glasgow",1937-05-07,"Glasgow",NA,"Forward"
"Q3018521","David Mélé","David Mélé",1985-10-22,"Narbonne",NA,NA,171,"Scrum-Half"
"Q3018532","David Niu","David Niu",1966-01-03,"Sydney",NA,NA,180,"Fly-Half"
"Q3018546","David Nucifora","David Nucifora",1962-01-15,"Brisbane",NA,NA,NA,"Hooker"
"Q3018579","David Paice","David Paice",1983-11-24,"Darwin; Northern Territory",NA,NA,185,"Hooker"
"Q3018613","David Penalva","David Penalva",1980-01-26,NA,NA,NA,192,"2nd Row"
"Q3018623","David Pignol","David Pignol",1984-08-27,"Montauban",NA,NA,178,"Centre"
"Q3018651","David Quinlan","David Quinlan",1978-01-04,"Dublin",NA,NA,193,"Centre"
"Q3018684","David Richards","David Richards",1954-05-23,"Cwmgwrach",NA,NA,NA,"Centre"
"Q3018725","David Roumieu","David Roumieu",1981-10-15,"Toulouse",NA,NA,173,"Hooker"
"Q3018755","David Samuel","David Samuel",1869-08-29,"Swansea",1943-09-15,"Killay; Swansea",NA,"Forward"
"Q3018809","David Sole","David Sole",1962-05-08,"Aylesbury",NA,NA,180,"Prop"
"Q3018816","Dave Spicer","David Spicer",1985-05-31,"Victoria; British Columbia",NA,NA,NA,"Centre; Fly-Half"
"Q3018830","David Strettle","David Strettle",1983-06-23,"Warrington",NA,NA,183,"Winger"
"Q3018856","David Tait","David Tait",1987-07-05,"Sale; Greater Manchester",2012-12-12,"Hong Kong",194,"Number 8; 2nd Row"
"Q3018935","David Venditti","David Venditti",1973-06-01,"Bellegarde-sur-Valserine",NA,NA,188,"Winger"
"Q3018959","David Watkins","David Watkins",1942-03-05,"Blaina",2023-09-03,NA,168,"Fly-Half"
"Q3019005","Dave Wilson","David Wilson",1985-04-09,"South Shields",NA,NA,184,"Prop"
"Q3019164","Davit Ashvetia","Davit Ashvetia",1975-05-16,NA,NA,NA,180,"Prop"
"Q3019167","Davit Kubriashvili","Davit Kubriashvili",1986-12-03,"Tbilisi",NA,NA,183,"Prop"
"Q3019217","Dawie Ackermann","Dawie Ackermann",1930-06-03,"Aliwal North",1970-01-01,"Johannesburg",191,"Flanker"
"Q3019223","Dawie Theron","Dawie Theron",1966-09-15,"Bloemfontein",NA,NA,190,"Prop"
"Q3019235","Dawie de Villiers","Dawie de Villiers",1940-07-10,NA,2022-04-23,NA,NA,"Scrum-Half"
"Q3019348","Dayna Edwards","Dayna Edwards",1985-03-14,"Whanganui",NA,NA,181,"Prop"
"Q3020638","Dean Hall","Dean Hall",1977-09-02,"Springs; South Africa",NA,NA,185,"Winger"
"Q3020652","Dean Mumm","Dean Mumm",1984-03-05,"Auckland",NA,NA,196,"Flanker; 2nd Row"
"Q3020659","Dean Schofield","Dean Schofield",1979-01-19,"Manchester",NA,NA,198,"2nd Row"
"Q3021031","Declan Kidney","Declan Kidney",1959-10-20,"Republic of Ireland",NA,NA,NA,NA
"Q3021702","Delkeith Pottas","Delkeith Pottas",1981-03-19,"South Africa",NA,NA,181,"Fly-Half; Centre"
"Q3021760","Delon Armitage","Delon Armitage",1983-12-15,"San Fernando; Trinidad and Tobago",NA,NA,190,"Fullback; Winger"
"Q3022527","Denis Avril","Denis Avril",1972-10-31,"Thouars",NA,NA,177,"Prop"
"Q3022578","Denis Cabreton","Denis Cabreton",1984-04-15,"Pau; Pyrénées-Atlantiques",NA,NA,190,"3rd Row"
"Q3022583","Denis Cech","Denis Cech",1974-01-21,"Paris",NA,NA,187,"Centre"
"Q3022595","Denis Charvet","Denis Charvet",1962-05-12,"Cahors",NA,NA,180,"Centre"
"Q3022614","Denis Cussen","Denis Cussen",1901-07-19,"Newcastle West",1980-12-15,"Richmond; North Yorkshire",NA,"Winger"
"Q3022636","Denis Dallan","Denis Dallan",1978-03-04,"Asolo",NA,NA,188,"Winger"
"Q3022650","Denys Drozdz","Denys Drozdz",1985-06-12,"Tulle",2023-03-05,"Brive-la-Gaillarde",202,"2nd Row"
"Q3022739","Denis Hickie","Denis Hickie",1976-02-13,"Dublin",NA,NA,187,"Winger"
"Q3022741","Denis Hurley","Denis Hurley",1984-07-15,"Cork (city)",NA,NA,191,"Fullback"
"Q3022790","Denis Leamy","Denis Leamy",1981-11-27,"Cashel; County Tipperary",NA,NA,188,"Flanker"
"Q3022793","Denis Lison","Denis Lison",1983-02-25,NA,NA,NA,187,"Centre"
"Q3022828","Denis McBride","Denis McBride",1964-09-09,"Belfast",NA,NA,180,"Flanker"
"Q3022844","Denis Navizet","Denis Navizet",1975-09-09,NA,NA,NA,188,"Winger"
"Q3022973","Dennis Young","Dennis Young",1930-04-01,"Christchurch",2020-06-21,"Christchurch",173,"Hooker"
"Q3023128","Denning Tyrell","Denning Tyrell",1976-05-09,"Apia",NA,NA,170,"Scrum-Half"
"Q3023131","Fenwick Allison","Dennis Allison",1931-04-20,"Tynemouth",2009-04-01,"Leeds",NA,"Fullback"
"Q3023438","Denzil Williams","Denzil Williams",1938-10-17,"Trefil",NA,NA,NA,"Prop"
"Q3023453","Deon Carstens","Deon Carstens",1979-06-03,"Goodwood; Western Cape",NA,NA,184,"Prop"
"Q3023454","Deon Kayser","Deon Kayser",1970-07-03,"Uitenhage",NA,NA,175,"Winger; Centre"
"Q3023456","Deon de Kock","Deon de Kock",1975-05-11,"Empangeni",NA,NA,188,"Scrum-Half"
"Q3023457","Deon Mouton","Deon Mouton",1974-11-20,"Rehoboth; Namibia",NA,NA,184,"Winger"
"Q3023707","Derek Daypuck","Derek Daypuck",1978-02-20,"London; Ontario",NA,NA,183,"Fly-Half; Centre; Fullback"
"Q3023744","Derek McGrath","Derek McGrath",1960-05-03,"Dublin",NA,NA,NA,"Flanker"
"Q3023770","Derek Turnbull","Derek Turnbull",1961-10-02,"Hawick",NA,NA,NA,"Flanker"
"Q3023780","Derek White","Derek White",1958-01-30,"Haddington; East Lothian",NA,NA,193,"Number 8; 2nd Row"
"Q3023968","Derren Witcombe","Derren Witcombe",1978-10-30,"Hobart",NA,NA,185,"Hooker"
"Q3023976","Derrick Grant","Derrick Grant",1938-04-19,"Hawick",2024-11-10,NA,NA,"Flanker"
"Q3024039","Des O'Brien","Des O'Brien",1919-05-22,"Dublin",2005-12-26,"Lasswade",NA,"Number 8"
"Q3024046","Des Tuiali'i","Des Tuiavi'i",1970-01-14,"Apia",NA,NA,185,"Flanker"
"Q3024225","Des van Jaarsveldt","Des van Jaarsveldt",1929-03-31,"Bulawayo",NA,NA,NA,"Flanker"
"Q3024516","Des Connor","Desmond Connor",1935-08-09,"Ashgrove",NA,NA,180,"Scrum-Half"
"Q3024519","Desmond Oliver","Desmond Oliver",1930-10-26,"Palmerston North",1997-10-25,"Oxford",187,"Flanker"
"Q3025557","Dewald Potgieter","Dewald Potgieter",1987-02-22,"Gqeberha",NA,NA,190,"Flanker; Number 8"
"Q3025558","Dewald Senekal","Dewald Senekal",1981-01-12,"Uitenhage",NA,NA,199,"2nd Row"
"Q3025583","Dewi Morris","Dewi Morris",1964-02-09,"Crickhowell",NA,NA,182,"Scrum-Half"
"Q3026584","Dick Greenwood","Dick Greenwood",1940-09-11,"Macclesfield",NA,NA,190,"Flanker"
"Q3026585","Dick Hellings","Dick Hellings",1874-12-01,"Tiverton; Devon",1938-02-09,"Tonyrefail",NA,"Hooker"
"Q3026592","Dick Jones","Dick Jones",1878-11-27,NA,1958-11-24,"Swansea",NA,"Fly-Half"
"Q3026600","Dick Luyt","Dick Luyt",1886-04-16,"Ceres; South Africa",1967-01-14,"Worcester; South Africa",NA,"Centre"
"Q3026609","Dick Moriarty","Dick Moriarty",1957-05-01,"Gorseinon",NA,NA,NA,"2nd Row"
"Q3026611","Dick Muir","Dick Muir",1965-03-20,"Kokstad",NA,NA,185,"Centre"
"Q3026630","Dick Thomas","Dick Thomas",1880-10-14,"Ferndale; Rhondda Cynon Taf",1916-07-07,"Mametz; Somme",NA,"Forward"
"Q3026655","Dickie Garrett","Dickie Garrett",NA,"Cardiff",1908-02-17,"Penarth",NA,"Centre"
"Q3026658","Dickie Jeeps","Dickie Jeeps",1931-11-25,"Cambridgeshire",2016-10-08,"Newmarket; Suffolk",NA,"Scrum-Half"
"Q3026669","Richard Lockwood","Dicky Lockwood",1867-11-11,"Crigglestone",1915-11-10,"Leeds",NA,"Three-Quarter"
"Q3026670","Dicky Owen","Dicky Owen",1876-11-17,"Swansea",1932-02-27,"Swansea",NA,"Scrum-Half"
"Q3026947","Didier Bès","Didier Bès",1966-05-02,"Castres",NA,NA,180,"Hooker"
"Q3026950","Didier Casadeï","Didier Casadeï",1971-04-10,"Brive-la-Gaillarde",NA,NA,180,"Prop"
"Q3026963","Didier Chouchan","Didier Chouchan",1977-03-19,"Noyon",NA,NA,NA,"Flanker"
"Q3026979","Didier Codorniou","Didier Codorniou",1958-02-13,"Narbonne",NA,NA,170,"Centre"
"Q3027009","Didier Faugeron","Didier Faugeron",1962-05-08,"Brive-la-Gaillarde",NA,NA,180,NA
"Q3027059","Didier Lacroix","Didier Lacroix",1970-02-09,"Toulouse",NA,NA,181,"Flanker"
"Q3027160","Didier Plana","Didier Plana",1972-08-21,"Perpignan",NA,NA,184,"Centre"
"Q3027174","Didier Retière","Didier Retière",1968-06-23,"Cholet",NA,NA,172,NA
"Q3027358","Diego Aguirre","Diego Aguirre",1974-09-23,"Montevideo",NA,NA,187,"Fly-Half; Centre; Fullback"
"Q3027380","Diego Cuesta Silva","Diego Cuesta Silva",1963-01-20,"Buenos Aires",NA,NA,175,"Centre; Winger"
"Q3027390","Diego Giannantonio","Diego Giannantonio",1973-01-03,"Buenos Aires",NA,NA,NA,"Fullback; Centre; Winger"
"Q3027406","Diego Lamelas","Diego Lamelas",1972-11-14,"Montevideo",NA,NA,170,"Hooker"
"Q3027432","Diego Ormaechea","Diego Ormaechea",1959-09-19,"Montevideo",NA,NA,183,"Number 8"
"Q3027456","Diego Zarzosa","Diego Zarzosa",1975-12-25,"Valladolid",NA,NA,179,"Hooker"
"Q3028108","Dimitri Basilaia","Dimitri Basilaia",1985-11-27,"Tbilisi",NA,NA,192,"Number 8"
"Q3028142","Dimitri Pelo","Dimitri Pelo",1985-04-17,"Nouméa",NA,NA,175,"Winger"
"Q3028145","Dimitri Senio","Dimitri Senio",1977-05-16,"Auckland",NA,NA,179,"Centre; Winger"
"Q3028377","Frank McGee","Frank McGee",NA,NA,NA,NA,NA,NA
"Q3028684","Diogo Mateus","Diogo Mateus",1980-02-07,"Lisbon",NA,NA,175,"Centre"
"Q3028719","Dion O'Cuinneagain","Dion O'Cuinneagain",1972-05-24,"Cape Town",NA,NA,193,"Number 8; Flanker"
"Q3030774","Reg Birkett","Reg Birkett",1849-03-28,"London",1898-06-30,"Kingston upon Thames",NA,"Forward"
"Q3032211","Divan Serfontein","Divan Serfontein",1954-08-03,"Krugersdorp",NA,NA,167,"Scrum-Half"
"Q3032739","Djalil Narjissi","Jalil Narjissi",1980-01-18,"Casablanca",NA,NA,180,"Hooker"
"Q3032930","Djibril Camara","Djibril Camara",1989-06-22,"Juvisy-sur-Orge",NA,NA,181,"Winger; Fullback"
"Q3033645","Doddie Weir","Doddie Weir",1970-07-04,"Edinburgh",2022-11-26,"Edinburgh",198,"2nd Row"
"Q3034852","Dominic Feau'nati","Dominic Feau'nati",1978-06-14,"Wellington",NA,NA,185,"Winger; Centre"
"Q3034877","Dominic Waldouck","Dominic Waldouck",1987-09-26,"Hammersmith",NA,NA,180,"Centre"
"Q3035006","Dominique Bontemps","Dominique Bontemps",1946-05-27,"Rochefort; Charente-Maritime",NA,NA,178,"Flanker"
"Q3035139","Dominique Erbani","Dominique Erbani",1956-08-16,"Eymet",NA,NA,194,"Number 8; Flanker; 2nd Row"
"Q3035218","Dominique Harize","Dominique Harize",1956-02-26,"Saint-Céré",NA,NA,183,"Winger"
"Q3035322","Dominique Mazille","Dominique Mazille",1961-12-10,"Mâcon",NA,NA,174,"Scrum-Half"
"Q3035453","Dominique Sauzade","Dominique Sauzade",1956-07-26,"Clermont-Ferrand",2001-12-17,"Clermont-Ferrand",180,"Prop"
"Q3035898","Don Rutherford","Don Rutherford",1937-09-22,"Tynemouth",2016-11-12,"Penzance",NA,"Fullback"
"Q3035970","Donal Courtney",NA,NA,NA,NA,NA,NA,NA
"Q3035973","Donal Lenihan","Donal Lenihan",1959-09-12,"Cork (city)",NA,NA,195,"2nd Row"
"Q3036037","Donald Kerslake","Donald Kerslake",1980-08-06,"Christchurch",NA,NA,178,"Prop"
"Q3036774","Donnacha Ryan","Donnacha Ryan",1983-12-11,"Nenagh",NA,NA,199,"2nd Row"
"Q3036801","Donnie Macfadyen","Donnie Macfadyen",1979-10-11,"Edinburgh",NA,NA,180,"Flanker"
"Q3037023","Dorian Seve","Dorian Seve",1986-07-27,"Villefranche-sur-Saône",NA,NA,199,"Flanker; 2nd Row"
"Q3037029","Dorian West","Dorian West",1967-10-05,"Wrexham",NA,NA,180,"Hooker"
"Q3037915","Doug Bruce","Doug Bruce",1947-05-23,"Dunedin",NA,NA,178,"Fly-Half"
"Q3037927","Doug Davies","Doug Davies",1899-07-23,"Ashkirk",1987-03-09,"Peel; Isle of Man",NA,"Number 8"
"Q3037931","Douglas Elliot","Doug Elliot",1923-04-18,"Stow of Wedale",2005-03-12,"Hawick",NA,"Flanker"
"Q3037939","Doug Hopwood","Doug Hopwood",1934-06-03,"Cape Town",2002-01-10,"Cape Town",190,"Number 8"
"Q3037947","Dougie Morgan","Doug Morgan",1947-03-09,"Edinburgh",2020-04-04,"Edinburgh",175,"Scrum-Half"
"Q3037950","Doug Prentice","Doug Prentice",1898-09-21,"Leicester",1962-10-03,"Paddington",NA,"Number 8"
"Q3037976","Dougie Morkel","Dougie Morkel",1885-10-25,"Kimberley; Northern Cape",1950-02-20,"Johannesburg",183,"Forward"
"Q3037983","Dougie Hall","Dougie Hall",1980-09-24,"Dingwall",NA,NA,183,"Hooker"
"Q3038045","Douglas Vaughan","Douglas Vaughan",1925-07-15,"Wrexham",1977-04-19,"Isle of Man",NA,"Number 8"
"Q3039448","Drikus Hancke","Drikus Hancke",1978-12-14,"Uitenhage",NA,NA,199,"2nd Row"
"Q3040327","Du Preez Grobler","Du Preez Grobler",1977-06-08,"Keetmanshoop",NA,NA,183,"Centre"
"Q3041217","Duncan Bell","Duncan Bell",1979-06-12,"Apia",NA,NA,188,"Centre"
"Q3041228","Duncan Hall, Jr.","Duncan Hall",1956-03-16,"Brisbane",NA,NA,NA,"2nd Row"
"Q3041238","Duncan Hodge","Duncan Hodge",1974-08-18,"Dumfries",NA,NA,184,"Fly-Half"
"Q3041243","Duncan Macrae","Duncan Macrae",1914-11-04,"Balmacara",2007-05-15,"Gairloch",NA,"Centre"
"Q3041245","Duncan McGregor","Duncan McGregor",1881-07-16,"Kaiapoi",1947-03-11,"Timaru",175,"Winger"
"Q3041253","Duncan McRae","Duncan McRae",1974-09-27,"Sydney",NA,NA,170,"Fullback; Fly-Half"
"Q3041256","Duncan Robertson","Duncan Robertson",1947-02-06,"Dunedin",NA,NA,178,"Fly-Half; Centre; Fullback"
"Q3041257","George Shaw","Duncan Shaw",1915-05-29,"Galashiels",1999-11-14,"Galashiels",NA,"Flanker"
"Q3041701","Dusty Hare","Dusty Hare",1952-11-22,"Newark-on-Trent",NA,NA,NA,"Fullback"
"Q3041937","Dylan Hartley","Dylan Hartley",1986-03-24,"Rotorua",NA,NA,185,"Hooker"
"Q3041939","Dylan Mika","Dylan Mika",1972-04-17,"Auckland",2018-03-20,"Auckland",194,"Flanker"
"Q3043307","Julien Bardy","Julien Bardy",1986-04-03,"Clermont-Ferrand",NA,NA,188,"Flanker"
"Q3043618","Wesley Fofana","Wesley Fofana",1988-01-20,"Paris",NA,NA,182,"Centre; Winger"
"Q3045201","Désiré d'Hooghe","Désiré d'Hooghe",1910-01-01,NA,1973-01-01,NA,NA,NA
"Q3045593","Dănuț Dumbravă","Dan Dumbravă",1981-08-06,"Bucharest",NA,NA,187,"Fly-Half; Fullback"
"Q3045670","Džoni Mandić","Džoni Mandić",1966-09-06,"Zenica",NA,NA,195,"Number 8"
"Q3046408","Earl Va'a","Earl Va'a",1972-05-01,"Wellington",NA,NA,167,"Fly-Half"
"Q3046417","Earle Kirton","Earle Kirton",1940-12-29,"Taumarunui",NA,NA,178,"Fly-Half"
"Q3046785","Ebbo Bastard","Ebbo Bastard",1912-02-10,"Kokstad",1949-02-14,"South Africa",NA,"Flanker"
"Q3046794","Eben Etzebeth","Eben Etzebeth",1991-10-29,"Cape Town",NA,NA,202,"2nd Row"
"Q3047167","Ed Fairhurst","Ed Fairhurst",1979-05-07,"Regina; Saskatchewan",NA,NA,183,"Scrum-Half; Fly-Half; Fullback"
"Q3047238","Eddie Andrews","Eddie Andrews",1977-03-18,"Cape Town",NA,NA,188,"Prop"
"Q3047255","Eddie Evans","Eddie Evans",1964-09-15,"Terrace; British Columbia",NA,NA,180,"Prop"
"Q3047296","Eddie O'Sullivan","Eddie O'Sullivan",1958-11-21,"Republic of Ireland",NA,NA,NA,NA
"Q3047745","Edmond Besset","Edmond Besset",1901-12-01,NA,1975-10-06,NA,NA,"Fullback"
"Q3048034","Edmond Élissalde","Edmond Élissalde",1908-01-30,"Biarritz",2006-05-16,"Bayonne",168,"Fly-Half; Centre"
"Q3048197","Edoardo Gori","Edoardo Gori",1990-03-05,"Borgo San Lorenzo",NA,NA,178,"Scrum-Half"
"Q3048273","Eduard Coetzee","Eduard Coetzee",1979-09-08,"Pretoria",NA,NA,181,"Prop"
"Q3048339","Eduardo Laborde","Eduardo Laborde",1967-10-19,NA,2015-02-04,NA,NA,"Centre"
"Q3048383","Eduardo Simone","Eduardo Simone",1974-10-16,"Buenos Aires",NA,NA,183,"Centre"
"Q3048473","Edward Fitzhardinge Campbell","Edward Campbell",1880-01-17,"Dublin",1957-12-13,"Daventry",NA,"Winger"
"Q3048501","Weary Dunlop","Weary Dunlop",1907-07-12,NA,1993-07-02,NA,NA,"Number 8"
"Q3048618","Edward Myers","Edward Myers",1895-09-23,"New York City",1956-03-29,"Bradford",NA,"Centre"
"Q3048640","Edward Peake","Edward Peake",1860-03-29,"Tidenham",1945-01-03,"Huntingdonshire",NA,"Centre"
"Q3048696","Edward Treharne","Edward Treharne",1862-03-22,"Ystradyfodwg",1904-12-29,"Barry; Vale of Glamorgan",NA,"Forward"
"Q3048785","Edwin Field","Edwin Field",1871-12-16,"Hampstead",1947-01-09,"Bromley",NA,"Fullback"
"Q3048796","Edwin Maka","Edwin Maka",1993-02-25,"Ōtāhuhu",NA,NA,202,"2nd Row; Number 8"
"Q3049232","Egon Ryan Seconds","Egon Ryan Seconds",1980-11-16,"Cape Town",NA,NA,180,"Winger"
"Q3050840","Elgan Rees","Elgan Rees",1954-01-05,"Clydach; Swansea",NA,NA,NA,"Winger"
"Q3051051","Eliota Fuimaono-Sapolu","Eliota Fuimaono-Sapolu",1980-10-31,"Apia",NA,NA,185,"Centre; Fly-Half"
"Q3051133","Eliseo Branca","Eliseo Branca",1957-09-20,"Hurlingham; Buenos Aires",NA,NA,NA,"2nd Row"
"Q3051139","Elisi Vunipola","Elisi Vunipola",1972-06-05,"Nukuʻalofa",NA,NA,172,"Fly-Half"
"Q3051471","Charles Elliot Allen","Ellie Allen",1880-10-14,"Gibraltar",1966-01-15,"Winnipeg",NA,"Forward"
"Q3051778","Elton Flatley","Elton Flatley",1977-05-07,"Tamworth; New South Wales",NA,NA,178,"Fly-Half; Centre"
"Q3051855","Elvis Seveali'i","Elvis Seveali'i",1978-06-20,"Wellington",NA,NA,179,"Centre; Winger"
"Q3052284","Emile Wessels","Emile Wessels",1979-06-27,"Windhoek",NA,NA,180,"Fly-Half; Centre"
"Q3052543","Emmanuel Amapakabo","Emmanuel Amapakabo",1973-12-23,"Orlu; Imo",NA,NA,195,"Flanker; Number 8; 2nd Row"
"Q3052694","Emmanuel Felsina","Emmanuel Felsina",1985-02-22,"Créteil",NA,NA,190,"Loosehead Prop"
"Q3052768","Emmanuel Lunardi","Emmanuel Lunardi",1974-06-26,"Montélimar",NA,NA,198,"2nd Row"
"Q3052774","Emmanuel Maignien","Emmanuel Maignien",1982-01-05,"Montélimar",NA,NA,184,"Hooker"
"Q3052806","Emmanuel Ngom Priso",NA,1984-12-15,"Nkongsamba",NA,NA,182,"Centre; Winger"
"Q3052921","Emmanuel Étien","Emmanuel Étien",1981-03-14,"Vichy",NA,NA,187,"Flanker"
"Q3053432","Emyr Lewis","Emyr Lewis",1968-08-29,"Carmarthen",NA,NA,193,"Flanker; Number 8"
"Q3054643","Enrico Patrizio","Enrico Patrizio",1985-01-15,"Camposampiero",NA,NA,182,"Centre; Winger"
"Q3054645","Enrico Pavanello","Enrico Pavanello",1980-10-15,"Montebelluna",NA,NA,194,"2nd Row; Flanker"
"Q3054707","Enrique Rodríguez","Enrique Rodríguez",1952-06-20,"Concordia; Entre Ríos",NA,NA,NA,"Prop"
"Q3055717","Epi Taione","Epeli Taione",1979-03-02,"Tonga",NA,NA,193,"Centre; Winger; Flanker"
"Q3056033","Erdinci Septar","Erdinci Septar",1973-02-12,"Constanța",NA,NA,193,"Flanker; Number 8"
"Q3056112","Eremodo Tuni","Eremodo Tuni",1972-08-25,NA,NA,NA,177,"Centre; Winger"
"Q3056258","Eric Elwood","Eric Elwood",1969-02-26,"Galway",NA,NA,180,"Fly-Half"
"Q3056350","Eric Miller","Eric Miller",1975-09-23,"Dublin",NA,NA,191,"Number 8"
"Q3056376","Eric Peters","Eric Peters",1969-01-28,"Glasgow",NA,NA,196,"Number 8"
"Q3056393","Eric Rush","Eric Rush",1965-02-11,"Kaeo",NA,NA,183,"Flanker; Winger"
"Q3056876","Ernest Camo","Ernest Camo",1902-05-29,"Saint-Féliu-d'Avall",1978-10-23,"Villeneuve-sur-Lot",180,"3rd Row; 2nd Row"
"Q3056964","Ernest Frayssinet","Ernest Frayssinet",1901-07-05,"Saint-Jean-de-Marcel",1989-11-28,"Saint-Jean-de-Marcel",182,"Number 8"
"Q3057179","Ernest Simson","Ernest Simson",1882-03-13,"Edinburgh",1910-07-22,"Nowshera; Khyber Pakhtunkhwa",NA,"Fly-Half"
"Q3057182","Ernest Strathdee","Ernest Strathdee",1921-05-26,"Belfast",1971-07-17,"Belfast",NA,"Scrum-Half"
"Q3057290","Ernesto Ure","Ernesto Ure",1959-07-01,"Buenos Aires",NA,NA,NA,"Number 8"
"Q3057333","Ernst Dinkelmann","Ernst Dinkelman",1927-05-14,"Ermelo; South Africa",2010-10-22,"Mbombela",192,"2nd Row"
"Q3057402","Eroni Clarke","Eroni Clarke",1969-03-31,"Apia",NA,NA,186,"Centre; Winger"
"Q3057516","Erwan Bérot","Erwan Bérot",1988-03-02,NA,NA,NA,NA,"Centre; Fullback; Winger"
"Q3058870","Esteban Lozada","Esteban Lozada",1982-01-08,"Ottignies-Louvain-la-Neuve",NA,NA,194,"2nd Row"
"Q3058878","Esteban Roqué Segovia","Esteban Roqué Segovia",1974-05-16,"Córdoba; Argentina",NA,NA,175,"Fly-Half"
"Q3059558","Eugene Davy","Eugene Davy",1904-07-26,"Dublin",1996-11-11,"Rathigan",NA,"Fly-Half"
"Q3059565","Eugene Jantjies","Eugene Jantjies",1986-08-10,"Gobabis",NA,NA,177,"Scrum-Half"
"Q3059577","Eugene van Staden","Eugene van Staden",1980-12-16,"Cradock; South Africa",NA,NA,181,"Tighthead Prop"
"Q3059727","Eugène Billac","Eugène Billac",1898-03-16,"Bayonne",1957-11-29,"Bayonne",165,"Fly-Half"
"Q3059756","Eugène Buzy","Eugène Buzy",1917-02-13,NA,2001-05-19,NA,NA,"Prop"
"Q3059771","Eugène Chaud","Eugène Chaud",1906-03-03,"Roanne",1984-06-14,"Brignoles",NA,"Fullback; Winger"
"Q3059812","Eugène Delangre","Eugène Delangre",1904-06-19,"Toulon",1970-03-15,"Six-Fours-les-Plages",178,"Flanker"
"Q3060063","Eugène N'Zi","Eugène N'Zi",1986-10-18,"Lyon",NA,NA,186,"Flanker"
"Q3060138","Eugène Ribère","Eugène Ribère",1902-06-14,"Thuir",1988-03-21,"Bordeaux",188,"Flanker"
"Q3060177","Eugène Soulié","Eugène Soulié",1898-01-30,"14th arrondissement of Paris",1926-06-20,"Berck",NA,"Prop"
"Q3060976","Eusebio Guiñazú","Eusebio Guiñazú",1982-01-15,"Mendoza; Argentina",NA,NA,181,"Prop; Hooker"
"Q3061307","Evan Botha","Evan Botha",1982-04-21,"Johannesburg",NA,NA,197,"2nd Row; Flanker"
"Q3061708","Ewen McKenzie","Ewen McKenzie",1965-06-21,"Melbourne",NA,NA,183,"Prop"
"Q3062836","Ezio Galon","Ezio Galon",1977-07-22,"Treviso",NA,NA,187,"Fullback; Winger; Centre"
"Q3063485","Fa'atonu Fili","Fa'atonu Fili",1981-08-31,"Wellington",NA,NA,180,"Fly-Half; Fullback"
"Q3063496","Faan Rautenbach","Faan Rautenbach",1976-02-22,"Bethlehem; South Africa",NA,NA,191,"Prop"
"Q3063541","Fabien Alexandre","Fabien Alexandre",1985-05-14,"Échirolles",NA,NA,187,"Flanker; Number 8"
"Q3063546","Fabien Berneau","Fabien Berneau",1980-09-07,"Perpignan",NA,NA,187,"Flanker"
"Q3063550","Fabien Barcella","Fabien Barcella",1983-10-27,"Agen",NA,NA,181,"Loosehead Prop"
"Q3063576","Fabien Domingo","Fabien Domingo",1976-09-24,"Tulle",NA,NA,187,"Number 8"
"Q3063590","Fabien Dupuy","Fabien Dupuy",1986-04-29,NA,NA,NA,182,"Hooker"
"Q3063599","Fabien Fortassin","Fabien Fortassin",1984-01-08,"Auch",NA,NA,178,"Fly-Half"
"Q3063604","Fabien Gengenbacher","Fabien Gengenbacher",1984-01-13,"Albertville",NA,NA,182,"Fullback; Fly-Half"
"Q3063609","Fabien Grammatico","Fabien Grammatico",1985-05-16,"Perpignan",NA,NA,181,"Centre"
"Q3063612","Fabien Grimaud","Fabien Grimaud",1986-04-07,NA,NA,NA,188,"Winger"
"Q3063624","Fabien Laurent","Fabien Laurent",1984-07-20,"Seoul",NA,NA,188,"Flanker"
"Q3063633","Fabien Magnan","Fabien Magnan",1984-03-14,NA,NA,NA,182,"Prop"
"Q3063636","Fabien Marque","Fabien Marque",1980-07-05,"Tarbes",NA,NA,182,"Hooker"
"Q3063649","Fabien Rofes","Fabien Rofes",1981-05-18,"Perpignan",NA,NA,182,"Hooker"
"Q3063722","Fabio Galloppa","Fabio Galloppa",1977-01-01,NA,NA,NA,197,"2nd Row"
"Q3063725","Fabio Gómez","Fabio Gómez",1965-07-13,"Buenos Aires",NA,NA,NA,"Scrum-Half"
"Q3063748","Fabio Semenzato","Fabio Semenzato",1986-05-06,"Treviso",NA,NA,175,"Scrum-Half"
"Q3063769","Fabián Turnes","Fabián Turnes",1965-01-12,"Buenos Aires",NA,NA,180,"Centre"
"Q3063814","Fabrice Bassaber","Fabrice Bassaber",1975-05-24,NA,NA,NA,192,"Flanker; Number 8"
"Q3063835","Fabrice Catala","Fabrice Catala",1992-03-11,"Toulouse",NA,NA,185,"Centre"
"Q3063841","Fabrice Culinat","Fabrice Culinat",1978-09-19,"Ussel; Corrèze",NA,NA,172,"Scrum-Half"
"Q3063842","Fabrice Culine","Fabrice Culine",1983-06-29,NA,NA,NA,193,"3rd Row"
"Q3063852","Fabrice Dicka","Fabrice Dicka",1982-08-21,"Douala",NA,NA,178,"Centre"
"Q3063886","Fabrice Heyer","Fabrice Heyer",1965-11-05,"Clermont-Ferrand",NA,NA,180,"Prop"
"Q3063897","Fabrice Landreau","Fabrice Landreau",1968-08-01,"Angoulême",NA,NA,178,"Hooker"
"Q3063937","Fabrice Ribeyrolles","Fabrice RibeyrollesStade des Pérouses Romagnat 01/10/2023(Photo Le Projecteur)",1972-11-07,"Riom",NA,NA,178,"Centre"
"Q3063948","Fabrice Soldan","Fabrice Soldan",1979-04-02,"Montauban",NA,NA,187,"Number 8"
"Q3064566","Fairy Heatlie","Fairy Heatlie",1872-04-25,"Worcester; South Africa",1951-08-19,"Cape Town",192,"Forward"
"Q3066405","Fanie Louw","Fanie Louw",1909-09-16,"Paarl",1940-07-13,"Johannesburg",183,"Prop"
"Q3067889","Federico Andres Genoud","Federico Andres Genoud",1981-07-03,"Mendoza; Argentina",NA,NA,190,"Flanker"
"Q3067896","Federico Capó Ortega","Federico Capó Ortega",1983-11-12,NA,NA,NA,185,"Prop"
"Q3067931","Federico Pucciariello","Federico Pucciariello",1975-06-24,"Rosario",NA,NA,175,"Prop"
"Q3067933","Federico Serra Mirás","Federico Serra",1979-10-03,"Buenos Aires",NA,NA,178,"Fullback"
"Q3067941","Federico Todeschini","Federico Todeschini",1975-08-08,"Rosario",NA,NA,185,"Fly-Half; Fullback"
"Q3068126","Felipe Grenho","Felipe Grenho",1979-04-17,NA,NA,NA,182,"Fullback"
"Q3068391","Takashi Kikutani","Takashi Kikutani",1980-02-24,"Nara (city)",NA,NA,187,"Flanker"
"Q3068446","Fepiko Tatafu","Fepikou Tatafu",1975-03-02,NA,NA,NA,185,"Centre; Winger"
"Q3068487","Ferdie Bergh","Ferdie Bergh",1906-11-02,"Stellenbosch",1973-05-28,"Cape Town",192,"2nd Row; Number 8"
"Q3068776","Fergus McFadden","Fergus McFadden",1986-06-17,"Kildare",NA,NA,183,"Centre"
"Q3068779","Fergus Thomson","Fergus Thomson",1983-10-18,"Dundee",NA,NA,183,"Hooker"
"Q3069043","Fernand Barthe","Fernand Barthe",1898-12-12,"Saint-Macaire",1961-12-02,"Saint-Macaire",188,"Flanker"
"Q3069068","Fernand Buscail","Fernand Buscail",1894-10-16,"Brive-la-Gaillarde",1968-11-14,"Le Kremlin-Bicêtre",171,"Winger"
"Q3069080","Fernand Cazenave","Fernand Cazenave",1924-11-26,NA,2005-01-10,NA,180,"Winger"
"Q3069159","Fernand Forgues","Fernand Forgues",1884-11-30,"Pau; Pyrénées-Atlantiques",1973-04-12,"Bayonne",174,"Tighthead Prop; 2nd Row; Flanker"
"Q3069369","Fernand Vaquer","Fernand Vaquer",1889-06-22,"Latour-Bas-Elne",1979-09-17,"Tresserre",175,NA
"Q3069378","Fernand Zago","Fernand Zago",1942-02-27,"Saint-Lys",2022-11-08,"Pertuis",174,"Prop"
"Q3069472","Fernando Guatieri","Fernando Guatieri",1970-12-17,"Buenos Aires",NA,NA,180,"Prop"
"Q3069601","Fero Lasagavibau","Fero Lasagavibau",1976-05-27,"Nadroga-Navosa Province",NA,NA,175,"Winger"
"Q3069637","Ferran Velazco Querol","Ferran Velazco Querol",1976-06-23,"Barcelona",NA,NA,180,"Fullback"
"Q3071806","Fili Finau","Fili Finau",1972-01-04,"Neiafu (Vavaʻu)",NA,NA,183,"Number 8; Flanker"
"Q3071826","Filimoni Bolavucu","Filimone Bolavucu",1981-02-13,"Suva",NA,NA,178,"Winger; Centre"
"Q3071860","Filipo Levi","Filipo Levi",1979-09-06,"Huntly; New Zealand",NA,NA,198,"2nd Row"
"Q3072194","Filo Tiatia","Filo Tiatia",1971-06-04,"Wellington",NA,NA,192,"Number 8; Flanker"
"Q3072865","Firmin Bonnus","Firmin Bonnus",1924-08-24,"Toulon",1970-04-27,"Toulon",183,"2nd Row"
"Q3073548","Fletcher Dyson","Fletcher Dyson",1973-05-27,"Melbourne",NA,NA,183,"Prop"
"Q3073758","Philip J. Nel","Flip Nel",1902-06-17,"Kranskop",1984-02-12,"Pietermaritzburg",NA,"2nd Row"
"Q3074074","Florent Cazeaux","Florent Cazeaux",1982-07-08,"Périgueux",NA,NA,177,"Fullback"
"Q3074082","Florent Fourcade","Florent Fourcade",1986-02-05,"Rabastens-de-Bigorre",NA,NA,193,"Flanker"
"Q3074084","Florent Gibouin","Florent Gibouin",1986-01-09,"Soyaux",NA,NA,190,"Fullback"
"Q3074168","Florian Argel","Florian Argel",1982-08-24,NA,NA,NA,182,"Centre"
"Q3074179","Florian Cazalot","Florian Cazalot",1985-04-22,"Aire-sur-l'Adour",NA,NA,183,"Hooker; Prop"
"Q3074184","Florian Denos","Florian Denos",1985-05-20,"Le Mans",NA,NA,183,"Fullback"
"Q3074185","Florian Cazenave","Florian Cazenave",1989-12-30,"Tarbes",NA,NA,182,"Scrum-Half"
"Q3074199","Florian Fritz","Florian Fritz",1984-01-17,"Sens",NA,NA,180,"Centre"
"Q3074217","Florian Nicot","Florian Nicot",1986-09-30,NA,NA,NA,184,"Centre"
"Q3074218","Florian Ninard","Florian Ninard",1981-10-19,"Toulouse",NA,NA,185,"Winger"
"Q3074261","Florică Murariu","Florică Murariu",1955-03-28,"Botoșani",1989-12-24,"Bucharest",NA,"Flanker"
"Q3074315","Florin Corodeanu","Florin Corodeanu",1977-03-26,"Piatra Neamț",NA,NA,190,"Flanker"
"Q3074316","Florin Tatu","Florin Tatu",1983-07-12,"Sibiu",NA,NA,196,"Flanker"
"Q3074324","Florin Vlaicu","Florin Vlaicu",1986-07-26,"Bucharest",NA,NA,186,"Fullback; Centre; Fly-Half"
"Q3075957","Fonnie du Toit","Fonnie du Toit",1920-03-13,"Vryburg",2001-07-21,"Pretoria",174,"Scrum-Half"
"Q3077687","Forrest Gainer","Forrest Gainer",1979-04-15,"Edmonton",NA,NA,182,"Prop"
"Q3079757","Fotunuupule Auelua","Fotunu'upule Auelua",1984-01-29,"Wellington",NA,NA,189,"Number 8; Flanker; Centre"
"Q3079775","Fouad Adjimi","Fouad Adjimi",1974-11-18,NA,NA,NA,185,"Winger; Fullback"
"Q3081020","Francesco Mazzariol","Francesco Mazzariol",1975-03-01,NA,NA,NA,172,"Fly-Half"
"Q3081113","Francesco Zani","Francesco Zani",1938-10-24,"Iseo; Lombardy",NA,NA,NA,"Number 8; 2nd Row"
"Q3081280","Francis Alvarez","Francis Alvarez",1982-09-29,"Oloron-Sainte-Marie",NA,NA,175,"Winger"
"Q3081375","Francis Daguerre","Francis Daguerre",1908-10-31,"Saint Pierre and Miquelon",1985-11-27,NA,170,"Hooker; Prop"
"Q3081424","Francis Fainifo","Francis Fainifo",1983-11-25,"Auckland",NA,NA,190,"Winger"
"Q3081464","Frank Glasgow","Franck Glasgow",1880-08-17,"Dunedin",1939-02-20,"Wellington",178,"2nd Row; Hooker"
"Q3081477","Francis Haget","Francis Haget",1949-10-01,"Sauveterre-de-Béarn",NA,NA,194,"2nd Row"
"Q3081532","Francis Laruaz","Francis Laruaz",1966-10-01,"Annecy-le-Vieux",NA,NA,182,"Tighthead Prop"
"Q3081582","Francis Mas","Francis Mas",1938-11-08,"Cazouls-lès-Béziers",2006-12-11,"Rivesaltes",NA,"Prop"
"Q3081620","Francis Ntamack","Francis Ntamack",1972-11-15,"Lyon",NA,NA,188,"Number 8"
"Q3081669","Francis Rui","Francis Rui",1959-02-23,"Gimont",2001-09-21,"Toulouse",180,"Fly-Half"
"Q3081691","Francis Sénac","Francis Sénac",1953-08-10,"Tostat",NA,NA,193,"2nd Row"
"Q3081722","Francis Vals",NA,1910-01-09,"Leucate",1974-06-26,"Luxembourg City",NA,NA
"Q3081810","Francisco Bosch","Francisco Bosch",1982-12-31,"Buenos Aires",NA,NA,182,"Winger"
"Q3081871","Francisco Lecot","Francisco Lecot",1979-05-27,"San Fernando del Valle de Catamarca",NA,NA,182,"Prop"
"Q3081875","Francisco Leonelli","Francisco Leonelli",1978-05-03,"Santa Cruz de la Sierra",NA,NA,188,"Fullback; Winger"
"Q3081898","Francisco Mira","Francisco Mira",1986-01-07,NA,NA,NA,179,"Winger"
"Q3081920","Francisco Puertas Soto","Francisco Puertas Soto",1963-11-18,NA,NA,NA,NA,"Fullback"
"Q3082044","Franck Alazet","Franck Alazet",1971-08-31,"Nice",NA,NA,192,"2nd Row; 3rd Row"
"Q3082049","Franck Anglade","Franck Anglade",1981-03-21,"Bayonne",NA,NA,173,"Hooker"
"Q3082059","Franck Azéma","Franck Azéma",1971-04-07,"Ambilly",NA,NA,182,"Centre"
"Q3082072","Franck Belot","Franck Belot",1972-03-18,"Athis-Mons",NA,NA,194,"2nd Row"
"Q3082092","Franck Capdeville","Franck Capdeville",1964-05-26,"Vic-Fezensac",NA,NA,178,"Prop"
"Q3082115","Franck Corrihons","Franck Corrihons",1970-09-07,"Dax; Landes",NA,NA,178,"Scrum-Half; Winger; Fullback"
"Q3082118","Franck Comba","Franck Comba",1971-03-16,"Hyères",NA,NA,173,"Centre"
"Q3082137","Franck Fournet","Franck Fournet",1922-11-26,"Clermont-Ferrand",1982-07-03,"Clermont-Ferrand",173,"Fly-Half; Scrum-Half"
"Q3082160","Franck Hueber","Franck Hueber",1972-03-26,"Tarbes",NA,NA,170,"Scrum-Half"
"Q3082162","Franck Jacob","Franck Jacob",1981-10-14,NA,NA,NA,193,"Flanker; 2nd Row"
"Q3082172","Franck Labbe","Franck Labbe",1980-02-28,NA,NA,NA,189,"Prop"
"Q3082203","Franck Maréchal","Franck Maréchal",1982-06-12,"Saint-Julien-en-Genevois",NA,NA,197,"Flanker"
"Q3082223","Franck Mesnel","Franck Mesnel",1961-06-30,"Carrières-sur-Seine",NA,NA,181,"Fly-Half; Centre"
"Q3082255","Franck Rimet","Franck Rimet",1971-03-07,NA,NA,NA,184,"Centre; Winger"
"Q3082306","Franck Tournaire","Franck Tournaire",1972-12-04,"Narbonne",NA,NA,181,"Tighthead Prop"
"Q3082313","Franck Villaz","Franck Villaz",1986-04-14,"Béziers",NA,NA,185,"Prop"
"Q3082356","Franco Bargelli","Franco Bargelli",1954-10-04,"Frascati",NA,NA,NA,"Flanker"
"Q3082390","Franco Properzi","Franco Properzi-Curti",1965-11-04,"Dehradun",NA,NA,187,"Prop"
"Q3082393","Franco Sbaraglini","Franco Sbaraglini",1982-12-03,"Mar del Plata",NA,NA,179,"Hooker"
"Q3082399","Franco Smith","Franco Smith",1972-07-29,NA,NA,NA,183,"Fly-Half"
"Q3082524","Frank Bunce","Frank Bunce",1962-02-04,"Auckland",NA,NA,180,"Centre"
"Q3082604","Frank Evershed","Frank Evershed",1866-09-06,"Stapenhill",1954-06-29,"Winshill",NA,"Forward"
"Q3082636","Frank Hadden","Frank Hadden",1954-06-14,"Dundee",NA,NA,NA,"Fly-Half"
"Q3082640","Frank Hancock","Frank Hancock",1859-02-07,"Wiveliscombe",1943-10-29,"Wiveliscombe",NA,"Centre"
"Q3082647","Frank Hewitt","Frank Hewitt",1906-10-03,"Belfast",NA,NA,NA,"Fly-Half; Centre"
"Q3082655","Frank Hill","Frank Hill",1866-01-13,"Cardiff",1927-04-20,"Cardiff",NA,"Forward"
"Q3082682","Frank Laidlaw","Frank Laidlaw",1940-09-20,"Hawick",NA,NA,NA,"Hooker"
"Q3082723","Frank Mitchinson","Frank Mitchinson",1884-09-03,"Lawrence; New Zealand",1978-03-27,"Whanganui",NA,"Centre"
"Q3082735","Frank Mitchell",NA,NA,NA,NA,NA,NA,NA
"Q3082740","Frank Mills","Frank Mills",1873-03-18,"Mountain Ash; Rhondda Cynon Taf",1925-02-18,"Porthcawl",NA,"Forward"
"Q3082741","Frank Murphy","Frank Murphy",1981-12-02,"Crosshaven",NA,NA,183,"Scrum-Half"
"Q3082771","Frank Purdon","Frank Purdon",1857-11-08,"County Westmeath",NA,NA,NA,"Forward"
"Q3082848","Frank Waring","Frank Waring",1908-11-07,"Cape Town",2000-01-24,"Cape Town",177,"Centre"
"Q3082859","Frank Winterstein","Frank Winterstein",1986-12-17,"Canterbury",NA,NA,194,NA
"Q3082917","Frankie Sheahan","Frankie Sheahan",1976-08-27,"Toronto",NA,NA,180,"Hooker"
"Q3083020","Frans Viljoen","Frans Viljoen",1982-10-22,"Ficksburg",NA,NA,190,"Number 8; Flanker"
"Q3084159","François Cahuc","François Cahuc",1892-07-04,"Pamiers",1972-09-04,"Saint-Girons; Ariège",178,"Flanker"
"Q3084276","François Clauzel","François Clauzel",1900-03-19,"Coursan",1965-10-27,"Béziers",191,"Number 8"
"Q3084342","François Da Ros","François Da Ros",1983-09-29,"Albi",NA,NA,178,"Hooker"
"Q3084489","François Duboisset","François Duboisset",1967-11-28,"Limoges",NA,NA,190,"Number 8; Flanker"
"Q3084712","François Gelez","François Gelez",1979-01-15,"Bayonne",NA,NA,180,"Fly-Half"
"Q3085051","François Labat","François Labat",1960-09-30,NA,NA,NA,188,"Number 8"
"Q3085052","François Labazuy","François Labazuy",1924-03-07,"Carcassonne",1999-12-17,"Lourdes",167,"Scrum-Half"
"Q3085189","François Lombard","François Lombard",1906-02-10,"Narbonne",1996-09-07,"Brive-la-Gaillarde",172,"Flanker; Scrum-Half"
"Q3085397","François Moncla","François Moncla",1932-04-01,"Louvie-Juzon",2021-11-28,"Pau; Pyrénées-Atlantiques",182,"Flanker"
"Q3085411","François Morlaes","François Morlaes",1943-10-06,"Pau; Pyrénées-Atlantiques",NA,NA,178,"Scrum-Half"
"Q3085420","François Mounier","François Mounier",1978-03-02,NA,NA,NA,195,"2nd Row; 3rd Row"
"Q3085450","François Nell","François Nell",1963-11-11,NA,NA,NA,178,"Prop"
"Q3085477","François Nouel","François Nouel",1908-06-12,"Troyes",1966-09-27,"Le Bouscat",NA,"Centre"
"Q3085645","François Ramoneda","François Ramonéda",1986-08-31,NA,NA,NA,190,"Flanker; Number 8"
"Q3085654","François Recaborde","François Récaborde",1902-04-02,"Pau; Pyrénées-Atlantiques",1951-01-21,"Pau; Pyrénées-Atlantiques",175,"Flanker"
"Q3085790","François Sangalli","François Sangalli",1952-09-08,"Narbonne",NA,NA,174,"Centre"
"Q3085885","François Tandonnet","François Tandonnet",1977-08-20,NA,NA,NA,179,"Scrum-Half"
"Q3085917","François Tisseau","François Tisseau",1983-11-25,"Cholet",NA,NA,198,"2nd Row"
"Q3085926","François Trillo","François Trillo",NA,NA,NA,NA,NA,NA
"Q3085967","François van Schouwenburg","François van Schouwenburg",1979-01-16,"Cape Town",NA,NA,198,"Flanker; 2nd Row"
"Q3085970","François van der Merwe","François van der Merwe",1983-10-04,"Bloemfontein",NA,NA,198,"2nd Row"
"Q3085977","François Varenne","François Varenne",1926-07-26,NA,2018-05-18,NA,NA,"2nd Row"
"Q3086020","Francois Viljoen","François Viljoen",1981-05-16,"Oakland; California",NA,NA,183,"Fullback"
"Q3086682","Fraser Waters","Fraser Waters",1976-03-31,"Cape Town",NA,NA,183,"Centre"
"Q3086882","Fred Lucas","Fred Lucas",1902-01-30,"Auckland",1957-09-17,"Auckland",178,"Centre"
"Q3086902","Fred Miller","Fred Miller",1873-07-01,"Derby",NA,NA,NA,"Forward"
"Q3086914","Fred Newton","Fred Newton",1881-05-07,"Christchurch",1955-12-10,"Christchurch",183,"2nd Row"
"Q3086926","Fred Parfitt","Fred Parfitt",1869-08-12,"Pontnewydd",1953-03-20,"Newport; Wales",NA,"Scrum-Half"
"Q3086936","Fred Roberts","Fred Roberts",1882-04-07,"Wellington",1956-07-21,"Wellington",170,"Scrum-Half"
"Q3086951","Fred Scrine","Fred Scrine",1877-03-25,"Swansea",1962-06-08,"Parkmill",NA,"Flanker"
"Q3086995","Freddie Burns","Freddie Burns",1990-05-13,"Bath; Somerset",NA,NA,183,"Fly-Half; Fullback"
"Q3087002","Freddie McLennan","Freddie McLennan",1951-02-08,"Dublin",NA,NA,NA,"Winger"
"Q3087063","Freddy Turner","Freddy Turner",1914-03-18,NA,2003-09-12,NA,NA,"Winger"
"Q3087088","Frederic Alderson","Frederick Alderson",1867-06-27,"Hartford; Cheshire",1925-02-18,"Hartlepool",NA,"Three-Quarter"
"Q3087129","Frederick Lohden","Frederick Lohden",1871-06-13,"Hartlepool",1954-04-13,"Cheam",NA,"Forward"
"Q3087147","Frederick Rawls","Frederick Rawls",1985-03-05,"Les Sables-d'Olonne",NA,NA,195,"2nd Row"
"Q3087191","Frederico Rodriguez","Feche Rodriguez",1980-12-25,NA,NA,NA,183,"Hooker"
"Q3087197","Frederico Sousa","Frederico Sousa",1978-08-18,"Lisbon",NA,NA,175,"Centre"
"Q3087746","Friedrich Lombard","Friedrich Lombard",1979-03-04,"Frankfort; Free State",NA,NA,187,"Winger"
"Q3087856","Frikkie Welsh","Frikkie Welsh",1978-10-26,"Middelburg; Mpumalanga",NA,NA,182,"Centre; Winger"
"Q3087955","Fritz van Heerden","Fritz van Heerden",1970-06-29,"Roodepoort",NA,NA,198,"2nd Row; Flanker"
"Q3089447","René Lasserre","Félix Lasserre",1895-10-09,"Bayonne",1965-08-19,"Saint-Avold",178,"Fullback"
"Q3089576","Frédéric Arniaud","Frédéric Arniaud",1981-11-09,"Toulon",NA,NA,180,"Centre; Fly-Half"
"Q3089591","Raoul Got","Raoul Got",1900-02-11,"Perpignan",1955-11-20,"Perpignan",165,"Winger"
"Q3089597","Frédéric Banquet","Frédéric Banquet",1974-02-23,"Carcassonne",NA,NA,NA,"Fullback"
"Q3089614","Frédéric Benazech","Frédéric Benazech",1972-11-13,"Bédarieux",NA,NA,188,"Fullback"
"Q3089659","Frédéric Boyadjian","Frédéric Boyadjian",1977-02-13,NA,NA,NA,NA,"Fly-Half"
"Q3089705","Frédéric Charrier","Frédéric Charrier",1977-11-15,"Lourdes",NA,NA,183,"Centre"
"Q3089725","Frédéric Costes","Frédéric Costes",1957-06-27,"La Rochelle",NA,NA,177,"Winger"
"Q3089732","Frédéric Couzier","Frédéric Couzier",1983-01-16,"Auch",NA,NA,172,"Fly-Half; Centre; Fullback"
"Q3089753","Frédéric Desnoyer","Frédéric Desnoyer",1955-05-11,"Objat",NA,NA,177,"Winger"
"Q3089946","Frédéric Laluque","Frédéric Laluque",1974-02-14,NA,NA,NA,196,"2nd Row"
"Q3089966","Frédéric Leloir","Frédéric Leloir",1972-03-02,NA,NA,NA,183,"Centre"
"Q3090003","Frédéric Manca","Frédéric Manca",1980-04-23,"Albi",NA,NA,179,"Fullback; Fly-Half"
"Q3090008","Frédéric Marconato","Frédéric Marconato",1981-02-20,"Revel; Haute-Garonne",NA,NA,181,"Prop"
"Q3090031","Frédéric Medves","Frédéric Medves",1984-08-27,NA,NA,NA,186,"3rd Row"
"Q3090061","Frédéric Montagnat","Frédéric Montagnat",1984-04-29,NA,NA,NA,186,"Hooker"
"Q3090230","Frédéric Torossian","Frédéric Torossian",1966-05-15,"Auch",NA,NA,175,"Scrum-Half"
"Q3090236","Frédéric Trescases","Frédéric Trescases",1921-11-20,"Argelès-sur-Mer",2014-07-26,"Argelès-sur-Mer",175,NA
"Q3090240","Frédéric Urruty","Frédéric Urruty",1986-09-11,NA,NA,NA,178,"Scrum-Half; Fly-Half"
"Q3090277","Frédéric Vélo","Frédéric Vélo",1966-01-04,"Chambéry",NA,NA,184,"Fly-Half; Centre; Fullback"
"Q3090450","Marius Tincu","Marius Tincu",1978-04-07,"Vânători; Iași",NA,NA,181,"Hooker"
"Q3090810","Fulvio Lorigiola","Fulvio Lorigiola",1959-01-06,"Padua",NA,NA,NA,"Scrum-Half"
"Q3091374","Féao Latu","Fe'ao Latu",1980-04-16,NA,2009-01-11,"Cahors",190,"3rd Row"
"Q3092361","Félix Barbe","Félix Barbe",1885-02-16,"Perpignan",1981-12-14,"Perpignan",171,"Fly-Half; Centre"
"Q3092371","Félix Bergèze","Félix Bergèse",1914-01-11,"Boucau",2003-09-22,"Carcassonne",171,"Centre; Fly-Half"
"Q3092484","Félix Lacrampe","Félix Lacrampe",1924-12-12,NA,2010-07-08,NA,NA,"Number 8"
"Q3092489","Félix Le Bourhis","Félix Le Bourhis",1988-04-07,"Pithiviers",NA,NA,182,"Centre; Winger"
"Q3092542","Félix Mendy","Félix Mendy",1976-09-04,NA,NA,NA,NA,NA
"Q3093524","Gabiriele Lovobalavu","Gabiriele Lovobalavu",1985-06-20,"Suvasavu",NA,NA,182,"Centre; Winger"
"Q3093632","Gabriel Bocca","Gabriel Bocca",1977-06-15,"Buenos Aires",NA,NA,178,"Prop"
"Q3093655","Gabriel Brezoianu","Gabriel Brezoianu",1977-01-18,"Bucharest",NA,NA,175,"Centre"
"Q3093691","Gabriel Dard","Gabriel Dard",1875-12-31,NA,1951-01-13,NA,NA,NA
"Q3093955","Gabriel Serres","Gabriel Serres",1899-01-14,"Toulouse",1950-03-14,"Toulouse",177,"Prop"
"Q3093986","Gabriel Travaglini","Gabriel Travaglini",1958-02-14,NA,NA,NA,NA,"Number 8"
"Q3094301","Gaffie du Toit","Gaffie du Toit",1976-03-24,"Cape Town",NA,NA,181,"Fly-Half; Fullback"
"Q3094850","Galo Álvarez","Galo Álvarez",1978-09-08,"Córdoba; Argentina",NA,NA,184,"Prop"
"Q3094947","Gambo Adamou","Gambo Adamou",1986-02-05,"Yaoundé",NA,NA,194,"Flanker"
"Q3095279","Garan Evans","Garan Evans",1973-02-16,"Trimsaran",NA,NA,182,"Fullback"
"Q3095478","Gardyne Maitland","Gardyne Maitland",1865-12-07,"Alloa",1907-02-13,NA,NA,"Three-Quarter"
"Q3097758","Vasco Uva","Vasco Uva",1982-12-15,"Lisbon",NA,NA,187,"Flanker; Number 8"
"Q3098293","Gareth Chilcott","Gareth Chilcott",1956-11-20,"Bristol",NA,NA,175,"Prop"
"Q3098294","Gareth Davies","Gareth Davies",1955-09-29,"Carmarthen",NA,NA,NA,"Fly-Half"
"Q3098295","Gareth Delve","Gareth Delve",1982-12-30,"Cardiff",NA,NA,193,"Number 8"
"Q3098300","Gareth Evans","Gareth Evans",1952-11-02,"Newport; Wales",NA,NA,180,"Winger"
"Q3098305","Gareth Prothero","Gareth Prothero",1941-12-07,"Beddau",NA,NA,NA,"Flanker"
"Q3098306","Gareth Rees","Gareth Rees",1967-06-30,"Duncan; British Columbia",NA,NA,183,"Fly-Half; Centre; Fullback"
"Q3098309","Gareth Roberts","Gareth Roberts",1959-01-15,"Pontlliw",NA,NA,188,"Number 8"
"Q3098316","Gareth Powell Williams","Gareth Williams",1954-11-06,"Bedlinog",2018-05-12,"Bridgend",193,"Number 8"
"Q3098336","Garfield Owen","Garfield Owen",1932-03-20,"Llanharan",2019-01-17,NA,NA,"Fullback"
"Q3098384","Garin Jenkins","Garin Jenkins",1966-08-18,"Ynysybwl",NA,NA,178,"Hooker"
"Q3098459","Garrick Morgan","Garrick Morgan",1970-01-25,"Sydney",NA,NA,200,"2nd Row"
"Q3098492","Garry Pagel","Garry Pagel",1966-09-17,"Qonce",NA,NA,188,"Prop"
"Q3098496","Garth Cooke","Garth Cooke",1977-04-18,"Grand Forks; British Columbia",NA,NA,172,"Prop"
"Q3098499","Garth Ziegler","Garth Ziegler",1986-03-21,NA,NA,NA,186,"Winger"
"Q3098515","Gary Armstrong","Gary Armstrong",1966-09-30,"Edinburgh",NA,NA,172,"Scrum-Half"
"Q3098540","Gary Ella","Gary Ella",1960-07-23,"La Perouse; New South Wales",NA,NA,NA,"Centre"
"Q3098563","Gary Halpin","Gary Halpin",1966-02-14,"Dublin",2021-02-23,NA,183,"Prop"
"Q3098572","Gary Albert Knight","Gary Knight",1951-08-26,"Wellington",NA,NA,187,"Prop"
"Q3098596","Gary Pearce","Gary Pearce",1956-03-02,"Dinton; Buckinghamshire",NA,NA,NA,"Prop"
"Q3098605","Gary Rees","Gary Rees",1960-05-02,"Long Eaton",NA,NA,NA,"Flanker"
"Q3098615","Gary Seear","Gary Seear",1952-02-19,NA,2018-02-08,NA,NA,"Number 8"
"Q3099064","Gaston Llanos","Gaston Llanos",1980-12-20,"Río Cuarto; Córdoba",NA,NA,202,"2nd Row"
"Q3099241","Gastón Szabo","Gastón Szabo",1984-11-20,"Montevideo",NA,NA,190,"Prop"
"Q3099509","Gautier Gibouin","Gautier Gibouin",1989-03-24,"Soyaux",NA,NA,184,"Flanker"
"Q3099581","Gavin Evans","Gavin Evans",1986-07-18,"Swansea",NA,NA,188,"Centre"
"Q3099584","Gavin Hickie","Gavin Hickie",1980-04-24,"Dublin",NA,NA,178,"Hooker"
"Q3099587","Gavin Lawless","Gavin Lawless",1970-04-28,NA,NA,NA,182,"Fullback"
"Q3099601","Gavin Thomas","Gavin Thomas",1977-10-22,"Leamington Spa",NA,NA,185,"Flanker; Number 8"
"Q3099832","Gaétan Landry","Gaétan Landry",1987-06-06,NA,NA,NA,183,"Prop"
"Q3099842","Gaël Arandiga","Gaël Arandiga",1975-04-03,NA,NA,NA,NA,"Fly-Half"
"Q3099860","Gaël Fickou","Gaël Fickou",1994-03-26,"La Seyne-sur-Mer",NA,NA,190,"Centre; Winger"
"Q3099913","Gaëtan Guyon","Gaëtan Guyon",1988-09-20,"La Rochelle",NA,NA,187,"Prop"
"Q3099915","Gaëtan Germain","Gaëtan Germain",1990-07-02,"Romans-sur-Isère",NA,NA,190,"Fullback"
"Q3100008","Gcobani Bobo","Gcobani Bobo",1979-09-12,"Qonce",NA,NA,180,"Centre; Winger"
"Q3100446","Gene Fairbanks","Gene Fairbanks",1982-08-08,"Goondiwindi",NA,NA,174,"Centre; Fly-Half"
"Q3101042","Geoff Appleford","Geoff Appleford",1977-09-26,"Dundee; KwaZulu-Natal",NA,NA,190,"Centre"
"Q3101045","Geoff Cross","Geoff Cross",1982-12-11,"Edinburgh",NA,NA,185,"Prop"
"Q3101048","Geoff Gray","Geoff Gray",1909-07-28,"Hastings",1989-08-04,"Cape Town",NA,"Centre"
"Q3101049","Geoff Evans","Geoff Evans",1942-05-01,"Llanelli",NA,NA,NA,"2nd Row"
"Q3101054","Geoff Pimblett","Geoff Pimblett",1944-05-11,"St Helens; Merseyside",2018-02-19,NA,NA,"Fullback"
"Q3101064","Geoff Wheel","Geoff Wheel",1951-06-30,"Swansea",2024-12-26,NA,NA,"2nd Row"
"Q3101065","Geoffrey Abadie","Geofrey Abadie",1965-04-01,"Toulouse",2015-06-06,"Issy-les-Moulineaux",183,"Winger"
"Q3101068","Geoffrey Conway","Geoffrey Conway",1897-11-15,"Cardiff",1984-09-03,NA,NA,"Number 8"
"Q3101074","Geoffrey Doumayrou","Geoffrey Doumayrou",1989-09-16,"Montpellier",NA,NA,186,"Centre"
"Q3101152","Geoffroy Messina","Geoffroy Messina",1982-05-29,"La Tronche",NA,NA,188,"Centre"
"Q3101371","George Aitken","George Aitken",1898-07-02,"Westport; New Zealand",1952-07-08,"Wellington",175,"Centre"
"Q3101430","George Boots","George Boots",1874-07-02,"Aberbeeg",1928-12-29,"Newport; Wales",179,"Forward"
"Q3101435","George Bowen","George Bowen",1863-06-01,"Swansea",1919-01-13,"Porthcawl",NA,"Three-Quarter"
"Q3101480","George Chiriac","George Chiriac",1979-10-30,"Bârlad",NA,NA,191,"Flanker"
"Q3101509","George Daneel","George Daneel",1904-08-29,"Calvinia",2004-10-19,"Franschhoek",186,"Number 8"
"Q3101515","George Davis","George Davis",NA,NA,NA,NA,NA,"Fullback"
"Q3101517","George Davies","George Davies",1875-12-25,"Llandeilo",1959-07-23,"Llandeilo",NA,"Centre; Fullback"
"Q3101528","George Dickinson","George Dickinson",1903-03-11,"Dunedin",1978-03-17,"Lower Hutt",NA,"Centre; Fly-Half"
"Q3101598","George A. Gillett","George Gillett",1877-04-23,"Leeston",1956-09-12,"Auckland",183,"Winger; Fullback"
"Q3101625","George Harder","George Harder",1974-06-22,"Apia",NA,NA,185,"Winger; Centre"
"Q3101626","George Frederick Harding","George Harding",1858-08-14,"Chorlton-cum-Hardy",1927-07-08,"Newport; Wales",NA,"Forward"
"Q3101630","George Hart","George Hart",1909-02-10,"Christchurch",1944-06-03,"Sora; Lazio",170,"Winger"
"Q3101635","George Hayward","George Hayward",1888-02-13,"Skewen",1948-02-14,"Swansea",NA,"Forward"
"Q3101653","George Horsburgh","George Horsburgh",1910-10-27,"Stirling",1986-03-10,"London Borough of Wandsworth",NA,"2nd Row"
"Q3101700","George Kutarashvili","George Kutarashvili",1978-03-27,"Mtskheta",NA,NA,173,"Prop"
"Q3101723","George C. Lindsay","George Lindsay",1863-01-03,NA,1905-04-05,"Hampstead",NA,"Three-Quarter"
"Q3101736","George MacPherson","George MacPherson",1903-10-16,"Newtonmore",1981-03-02,"Thame",NA,"Centre"
"Q3101791","George Nicholson","George Nicholson",1878-08-03,"Auckland",1968-09-13,"Auckland",191,"2nd Row"
"Q3101802","George North","George North",1992-04-13,"King's Lynn",NA,NA,193,"Winger; Centre"
"Q3101805","George Oprisor","George Oprisor",1976-11-01,"Ocna Sibiului",NA,NA,193,"Flanker; 2nd Row"
"Q3101871","George Roberts","George Roberts",1914-02-13,"Edinburgh",1943-08-02,"Kanchanaburi",NA,"Fullback"
"Q3101874","George Robson","George Robson",1985-11-04,"Stourbridge",NA,NA,196,"2nd Row"
"Q3101921","George Skivington","George Skivington",1982-12-03,"Warrington",NA,NA,200,"2nd Row"
"Q3101931","George Stephenson","George Stephenson",1901-12-22,"Dromore; County Down",1970-08-06,"Lambeth",NA,"Centre"
"Q3101932","George Stevenson","George Stevenson",1933-05-30,"Hawick",2012-10-24,"Currie",188,"Centre"
"Q3101939","George Stowers","George Stowers",1979-02-14,"Apia",NA,NA,191,"Number 8; Flanker"
"Q3101964","George Tsiklauri","George Tsiklauri",1981-09-09,NA,NA,NA,196,"Flanker; 2nd Row"
"Q3101968","George Tyler","Bubs Tyler",1879-02-10,"Auckland",1942-04-15,"Auckland",178,"Hooker"
"Q3101999","George Watson","George Watson",1885-01-06,"Brisbane",1961-11-19,NA,NA,"Winger"
"Q3102014","George William Smith","George William Smith",1874-09-20,"Auckland",1954-12-07,"Oldham",170,"Winger"
"Q3102165","Georges Aillères","Georges Aillères",1934-12-03,"Poucharramet",2024-10-20,"Rieumes",180,NA
"Q3102233","Georges Baladié","Georges Baladié",1917-05-20,"Ville-d'Avray",1998-11-18,"Mouleydier",178,"Centre; Winger"
"Q3102327","Georges Borchard","Georges Borchard",1885-12-25,"Bordeaux",1962-02-23,"Bordeaux",180,"Flanker; 2nd Row; Hooker"
"Q3102389","Georges Brun","Georges Brun",1922-12-23,"Aix-les-Bains",1995-01-02,"La Tronche",172,"Fullback; Centre; Winger"
"Q3102390","Georges Bruni","Georges Bruni",1887-01-27,NA,1973-09-19,NA,NA,NA
"Q3102424","Georges Capdepuy","Georges Capdepuy",1946-02-15,"Dax; Landes",2015-08-11,"Seignosse",172,"Fly-Half; Scrum-Half"
"Q3102756","Georges Gauby","Georges Gauby",1933-06-27,"Rivesaltes",NA,NA,173,"Scrum-Half"
"Q3102842","Georges Gérald","Georges Gérald",1904-03-17,"Aixe-sur-Vienne",1977-11-07,"Neuilly-sur-Seine",175,"Centre"
"Q3102958","Georges Jérome","Georges Jérome",1883-02-09,"Cayenne",1929-03-16,"Le Bouscat",171,"2nd Row"
"Q3103194","Georges Michel","Georges Michel",1946-12-09,"Juillan",2022-03-08,"Tarbes",182,"Fullback"
"Q3103483","Georges Senal","Georges Senal",1947-04-21,"Sérignan",NA,NA,193,"2nd Row"
"Q3103753","Giorgi Chkhaidze","Giorgi Chkhaidze",1981-08-20,"Kutaisi",NA,NA,196,"Flanker"
"Q3103755","Georgi Katcharava","Georgi Katcharava",1982-01-28,NA,NA,NA,183,"Scrum-Half; Fly-Half"
"Q3103948","Gerard Fraser","Gerard Fraser",1978-11-05,"Rangiora",NA,NA,182,"Fly-Half"
"Q3103949","Gerard McLoughlin","Gerard McLoughlin",1952-06-11,"Limerick",NA,NA,NA,"Prop"
"Q3104059","Gerhard Morkel","Gerhard Morkel",1888-10-15,"Somerset West",1963-09-05,"Somerset West",NA,"Fullback"
"Q3104060","Gerhard Mostert","Gerhard Mostert",1984-10-04,"Rustenburg",NA,NA,199,"2nd Row"
"Q3104239","German Llanes","Germán Llanes",1968-05-27,"Cañada Seca",NA,NA,198,"2nd Row"
"Q3104306","Gerrie Germishuys","Gerrie Germishuys",1949-10-29,"Port Shepstone",NA,NA,183,"Winger"
"Q3104309","Gerrie Britz","Gerrie Britz",1978-04-14,"Bloemfontein",NA,NA,198,"2nd Row"
"Q3104322","Gerry Brand","Gerry Brand",1906-10-08,"Cape Town",1996-02-04,"Cape Town",178,"Fullback"
"Q3104335","Gerry Doran","Gerry Doran",1877-07-15,"Dublin",1943-03-31,"Dún Laoghaire",NA,"Winger"
"Q3104382","Gert Muller","Gert Muller",1986-02-05,NA,NA,NA,186,"Prop"
"Q3104384","Gert Peens","Gert Peens",1974-03-22,"Germiston",NA,NA,182,"Fullback"
"Q3104447","Gerwyn Williams","Gerwyn Williams",1924-04-22,"Glyncorrwg",2009-02-10,"Clare; Suffolk",NA,"Fullback"
"Q3104663","Gethin Jones","Gethin Jones",NA,NA,NA,NA,NA,NA
"Q3104826","Gheorghe Leonte","Gheorghe Leonte",1963-02-12,"Fetești",NA,NA,NA,"Prop"
"Q3104829","Gheorghe Solomie","Gheorghe Solomie",1969-03-05,"Beiuș",NA,NA,186,"Winger"
"Q3105137","Giampiero De Carli","Giampiero de Carli",1970-03-17,"Rome",NA,NA,184,"Prop"
"Q3105180","Giancarlo Pivetta","Giancarlo Pivetta",1957-06-18,"Musile di Piave",NA,NA,183,"Prop"
"Q3105225","Gianluca Guidi","Gianluca Guidi",1968-02-02,"Livorno",NA,NA,180,"Scrum-Half"
"Q3105253","Gianni Di Martino","Gianni Di Martino",1972-06-06,NA,NA,NA,NA,"Centre"
"Q3105282","Gianni Zanon","Gianni Zanon",1960-03-03,"Treviso",NA,NA,192,"Flanker"
"Q3105526","Gil Evans","Gil Evans",NA,NA,NA,NA,NA,NA
"Q3105628","Gilbert Brunat","Gilbert Brunat",1958-02-23,"Vinay; Isère",2019-11-16,"Grenoble",181,"Flanker; Hooker"
"Q3105634","Gilbert Brutus","Gilbert Brutus",1887-08-02,NA,1944-03-07,NA,NA,NA
"Q3105687","Gilbert Doucet","Gilbert Doucet",1956-03-25,NA,2020-07-07,NA,182,"Flanker"
"Q3105762","Gilbert Larréguy","Gilbert Larréguy",1931-05-06,"Mouguerre",1969-02-17,"Bayonne",175,"Flanker"
"Q3105936","Gilberto Pavan","Gilberto Pavan",1986-10-13,"Conegliano",NA,NA,186,"Centre"
"Q3106059","Gilles Arnaudiès","Gilles Arnaudiès",1990-07-15,"Perpignan",NA,NA,190,"Flanker"
"Q3106107","Gilles Bosch","Gilles Bosch",1990-07-12,"Perpignan",NA,NA,179,"Fly-Half"
"Q3106120","Gilles Bourguignon","Gilles Bourguignon",1964-01-31,"Évreux",NA,NA,200,"2nd Row"
"Q3106141","Gilles Camberabero","Gilles Camberabero",1963-01-11,"Valence; Drôme",NA,NA,171,"Scrum-Half"
"Q3106177","Gilles Darlet","Gilles Darlet",1965-01-09,"Bourg-de-Péage",NA,NA,184,"Fullback"
"Q3106186","Gilles Delaigue","Gilles Delaigue",1949-11-23,"Sainte-Colombe; Rhône",NA,NA,173,"Centre"
"Q3106425","Gilles Pagnon","Gilles Pagnon",1984-02-20,NA,NA,NA,177,"Centre"
"Q3106790","Ginnosuke Tanaka","Ginnosuke Tanaka",1873-01-20,NA,1933-08-27,NA,NA,NA
"Q3106872","Giorgi Elizbarashvili","Giorgi Elizbarashvili",1984-01-21,"Tbilisi",NA,NA,184,"Winger"
"Q3106877","Giorgi Jgenti","Giorgi Jgenti",1985-11-13,NA,NA,NA,180,"Tighthead Prop"
"Q3106879","Giorgi Nemsadze","Giorgi Nemsadze",1984-09-26,"Kutaisi",NA,NA,196,"2nd Row; Number 8; Flanker"
"Q3106883","George Shkinin","Giorgi Shkinin",1983-03-07,"Tbilisi",NA,NA,170,"Winger"
"Q3106903","Giorgio Intoppa","Giorgio Intoppa",1981-02-15,"Milan",NA,NA,182,"Hooker"
"Q3106937","René Araou","René Araou",1902-10-18,"Narbonne",1955-01-08,"Narbonne",175,"Prop; 2nd Row"
"Q3107952","Giulio Rubini","Giulio Rubini",1987-04-24,"Frascati",NA,NA,175,"Winger"
"Q3107960","Giulio Toniolatti","Giulio Toniolatti",1984-01-15,"Rome",NA,NA,180,"Winger; Scrum-Half"
"Q3108675","Glen Ennis","Glen Ennis",1964-05-19,"Vancouver",NA,NA,193,"Number 8"
"Q3108679","Glen Jackson","Glen Jackson",1975-10-23,"Feilding",NA,NA,180,"Fly-Half"
"Q3108686","Glen Osborne","Glen Osborne",1971-08-27,"Whanganui",NA,NA,185,"Fullback; Winger"
"Q3108784","Glenn Davis","Glenn Davis",1974-02-20,"Christchurch",NA,NA,184,"Centre"
"Q3108789","Glenn Gelderbloom","Glenn Gelderbloom",1969-12-11,"Cape Town",NA,NA,180,"Centre"
"Q3108809","Glenn Metcalfe","Glenn Metcalfe",1970-04-15,"Auckland",NA,NA,180,"Fullback"
"Q3108813","Glen Panoho","Glenn Panoho",1971-05-12,"Kaikohe",NA,NA,183,"Prop"
"Q3109364","Glyn Davies","Glyn Davies",1927-08-24,"Cifynydd",1976-11-07,"Bristol",NA,"Fly-Half"
"Q3109367","Glyn Moses","Glyn Moses",1928-05-30,"Nantymoel",2021-09-29,NA,NA,"Fullback"
"Q3109368","Glyn Allen","Glyn Allen",1874-03-14,"Gibraltar",1949-01-04,"Liverpool",NA,"Fly-Half; Scrum-Half"
"Q3109637","Gocha Khonelidze","Gocha Khonelidze",1976-02-02,NA,NA,NA,177,"Winger"
"Q3110606","Gonzalo Camacho","Gonzalo Camacho",1984-08-28,"Buenos Aires",NA,NA,178,"Winger; Centre"
"Q3110610","Gonzalo Camardón","Gonzalo Camardón",1970-12-19,"Buenos Aires",NA,NA,180,"Scrum-Half; Centre; Winger"
"Q3110622","Gonzalo Garcia","Gonzalo García",1984-02-18,"Mendoza; Argentina",NA,NA,185,"Centre"
"Q3110628","Gonzalo Padro","Gonzalo Padro",1983-06-13,"San Miguel de Tucumán",NA,NA,193,"Number 8; 2nd Row"
"Q3110645","Gonçalo Uva","Gonçalo Uva",1984-10-03,"Lisbon",NA,NA,200,"2nd Row"
"Q3110847","Gord MacKinnon","Gord MacKinnon",1958-08-27,"Glasgow",NA,NA,NA,"Flanker"
"Q3110887","Gordon Bulloch","Gordon Bulloch",1975-03-26,"Glasgow",NA,NA,180,"Hooker"
"Q3110924","Gordon Simpson","Gordon Simpson",1971-09-21,"Takapuna",NA,NA,185,"Number 8"
"Q3110925","Gordon Ross","Gordon Ross",1978-03-08,"Edinburgh",NA,NA,173,"Fly-Half"
"Q3110940","Gordon Wood","Gordon Wood",1931-06-20,"Limerick",1982-05-18,"Limerick",178,"Prop"
"Q3113185","Graeme Bond","Graeme Bond",1974-05-21,"Duke of York Islands",NA,NA,180,"Centre"
"Q3113186","Graeme Beveridge","Graeme Beveridge",1976-02-17,"Edinburgh",NA,NA,167,"Scrum-Half"
"Q3113187","Graeme Bachop","Graeme Bachop",1967-06-11,"Christchurch",NA,NA,177,"Scrum-Half"
"Q3113200","Graeme Morrison","Graeme Morrison",1982-10-17,"Hong Kong",NA,NA,188,"Centre"
"Q3113239","Graham Cooke","Graham Cooke",1912-01-03,"Nanango",1996-05-24,"Coolum",NA,"2nd Row"
"Q3113241","Graham Dewes","Graham Dewes",1982-01-24,"Suva",NA,NA,180,"Prop"
"Q3113243","Graham Dawe","Graham Dawe",1959-09-04,"Tavistock",NA,NA,180,"Hooker"
"Q3113272","Graham Shiel","Graham Shiel",1970-08-13,"Galashiels",NA,NA,178,"Centre"
"Q3113276","Graham Rowntree","Graham Rowntree",1971-04-18,"Stockton-on-Tees",NA,NA,182,"Loosehead Prop"
"Q3113280","Graham Whiting","Graham Whiting",1946-06-04,"Whanganui",NA,NA,191,"Prop"
"Q3113282","Grahame Thorne","Grahame Thorne",1946-02-25,"Auckland",NA,NA,178,"Centre; Winger"
"Q3114173","Nicolae Mărăscu","Nicolae Mărăscu",1898-09-01,"Bucharest",1938-01-01,NA,NA,"Centre"
"Q3114177","Teodor Florian","Teodor Florian",1899-07-01,NA,NA,NA,NA,"Fullback"
"Q3115387","Grant Esterhuizen","Grant Esterhuizen",1976-04-28,"Alexander Bay; South Africa",NA,NA,179,"Centre"
"Q3115391","Grant Hill","Grant Hill",1976-09-13,"Hastings; New Zealand",NA,NA,180,"Hooker; Prop"
"Q3115401","Grant Rees","Grant Rees",1981-10-17,"Pietermaritzburg",NA,NA,191,"Centre"
"Q3116200","Greg Cornelsen","Greg Cornelsen",1952-08-29,"Sydney",NA,NA,NA,"Flanker; Number 8"
"Q3116204","Greg Davis","Greg Davis",1939-07-27,"Matamata",1979-07-24,"Rotorua",NA,"Flanker"
"Q3116218","Greg Feek","Greg Feek",1975-07-20,"New Plymouth",NA,NA,185,"Prop"
"Q3116225","Greg Goosen","Greg Goosen",1983-09-09,"Durban",NA,NA,187,"Fullback"
"Q3116254","Greg Martin","Greg Martin",1963-06-30,"Brisbane",NA,NA,NA,"Fullback"
"Q3116279","Greg Smith","Greg Smith",1974-07-14,"Hamilton; New Zealand",NA,NA,180,"Hooker"
"Q3116311","Gregor Townsend","Gregor Townsend",1973-04-26,"Edinburgh",NA,NA,183,"Fly-Half; Centre"
"Q3116317","Gia Labadze","Gregori Labadze",1973-09-21,"Tbilisi",NA,NA,195,"Flanker"
"Q3116394","Greig Laidlaw","Greig Laidlaw",1985-10-12,"Edinburgh",NA,NA,175,"Scrum-Half; Fly-Half"
"Q3118478","Grégoire Lascubé","Grégoire Lascubé",1962-04-03,"Saint-Pée-sur-Nivelle",NA,NA,188,"Prop"
"Q3118516","Grégoire Yachvili","Grégoire Yachvili",1977-05-30,"Brive-la-Gaillarde",NA,NA,190,"Flanker"
"Q3118532","Grégory Arganese","Grégory Arganese",1982-09-15,"Castres",NA,NA,182,"Hooker"
"Q3118533","Grégory Bernard","Grégory Bernard",1984-02-24,"Digne-les-Bains",NA,NA,195,"2nd Row"
"Q3118537","Grégory Chambon","Grégory Chambon",1985-07-16,NA,NA,NA,174,"Scrum-Half"
"Q3118542","Grégory Collet","Grégory Collet",1985-01-03,"Le Blanc-Mesnil",NA,NA,178,"Fly-Half"
"Q3118543","Grégory Coudol","Grégory Coudol",1984-03-29,NA,NA,NA,170,"Scrum-Half"
"Q3118551","Grégory Fabro","Grégory Fabro",1986-02-28,"Fontaine; Isère",NA,NA,183,"Prop"
"Q3118574","Grégory Lamboley","Grégory Lamboley",1982-01-12,"Paris",NA,NA,198,"2nd Row; Flanker; Number 8"
"Q3118577","Grégory Le Corvec","Grégory Le Corvec",1977-03-04,"Toulon",NA,NA,194,"Flanker"
"Q3118580","Grégory Menkarska","Grégory Menkarska",1981-10-06,"Meaux",NA,NA,182,"Tighthead Prop"
"Q3118586","Grégory Moulis","Grégory Moulis",1983-12-07,"Toulouse",NA,NA,176,"Hooker"
"Q3118592","Grégory Parriel","Grégory Parriel",1986-03-02,"Toulouse",NA,NA,175,"Hooker"
"Q3118597","Grégory Puyo","Grégory Puyo",1985-03-19,NA,NA,NA,175,"Centre; Winger"
"Q3118598","Grégory Saliba","Grégory Saliba",1979-09-08,"Toulouse",NA,NA,188,"Prop"
"Q3118603","Grégory Sudre","Grégory Sudre",1974-11-26,NA,NA,NA,NA,"Scrum-Half"
"Q3118604","Grégory Ségur","Grégory Ségur",1983-07-24,NA,NA,NA,183,"Prop"
"Q3118606","Grégory Tutard","Grégory Tutard",1975-01-02,"Villeneuve-sur-Lot",NA,NA,186,"Centre; Winger"
"Q3119461","Guido Rossi","Guido Rossi",1959-04-28,"Treviso",NA,NA,185,"Prop"
"Q3119648","Guillaume August","Guillaume August",1980-01-04,"Mont-de-Marsan",NA,NA,194,"2nd Row"
"Q3119669","Guillaume Bergos","Guillaume Bergos",1983-10-02,"Oloron-Sainte-Marie",NA,NA,180,"Prop"
"Q3119670","Guillaume Bernad","Guillaume Bernad",1983-06-08,NA,NA,NA,185,"Flanker"
"Q3119682","Guillaume Blache","Guillaume Blache",1985-07-19,"Tulle",NA,NA,190,"Flanker"
"Q3119704","Guillaume Borwin","Guillaume Borwin",1986-11-11,NA,NA,NA,186,"Flanker"
"Q3119706","Guillaume Bortolaso","Guillaume Bortolaso",1981-03-21,"Agen",NA,NA,196,"Number 8"
"Q3119709","Guillaume Bouic","Guillaume Bouic",1970-01-21,"Bazas",NA,NA,175,"Centre; Fly-Half"
"Q3119716","Guillaume Boussès","Guillaume Boussès",1981-10-12,"Toulouse",NA,NA,184,"Centre"
"Q3119744","Guillaume Chasseriau","Guillaume Chasseriau",1974-11-30,NA,NA,NA,196,"2nd Row"
"Q3119808","Guillaume Devade","Guillaume Devade",1987-03-23,"Paris",NA,NA,178,"Centre"
"Q3120009","Guillaume Laterrade","Guillaume Laterrade",1889-05-19,"Tarbes",1929-07-13,"Tarbes",NA,"Scrum-Half"
"Q3120041","Guillaume Liabeuf","Guillaume Liabeuf",1984-11-29,NA,NA,NA,NA,"Winger"
"Q3120089","Guillaume Meynard","Guillaume Meynard",1977-02-04,"Bourgoin-Jallieu",NA,NA,177,"Hooker"
"Q3120096","Guillaume Namy","Guillaume Namy",1989-04-03,"Thuir",NA,NA,182,"Centre; Winger"
"Q3120155","Guillaume Ribes","Guillaume Ribes",1984-11-18,"Toulouse",NA,NA,170,"Hooker"
"Q3120189","Guillaume Taussac","Guillaume Taussac",1977-06-30,"Pézenas",NA,NA,190,"Flanker; Number 8"
"Q3120229","Guillaume Vilaceca","Guillaume Vilaceca",1983-11-07,"Perpignan",NA,NA,197,"2nd Row"
"Q3120536","Guillermo Angaut","Guillermo Angaut",1965-01-16,NA,NA,NA,NA,"Fullback"
"Q3120566","Guillermo del Castillo","Guillermo del Castillo",1963-12-14,"Rosario",NA,NA,NA,"Fullback; Fly-Half"
"Q3120996","Gus Hart","Gus Hart",1898-03-28,"Auckland",1965-02-01,"Auckland",168,"Winger"
"Q3120999","Gus Leger","Gus Leger",1974-10-12,"Tokoroa",NA,NA,185,"Centre; Fullback"
"Q3121381","Gustavo Duarte","Gustavo Duarte",1982-01-03,NA,NA,NA,NA,"Prop"
"Q3121508","Guy Accoceberry","Guy Accoceberry",1967-05-05,"Vittel",NA,NA,182,"Scrum-Half"
"Q3121524","Guy Augey","Guy Augey",1922-01-20,"Bergerac; Dordogne",2000-08-04,"Castelnau-le-Lez",NA,"Flanker"
"Q3121545","Guy Belletante","Guy Belletante",1927-03-13,"Périgueux",2010-09-24,"Saint-Martin-d'Hères",175,"Centre"
"Q3121574","Guy Boniface","Guy Boniface",1937-03-06,"Montfort-en-Chalosse",1968-01-01,"Saint-Sever",175,"Centre"
"Q3121585","Guy Bowers","Guy Bowers",1932-11-05,"New Zealand",2000-06-11,"New Zealand",170,"Fly-Half"
"Q3121615","Guy Calvo","Guy Calvo",1933-05-13,NA,1999-01-03,NA,NA,"Winger"
"Q3121620","Guy Camberabero","Guy Camberabero",1936-05-17,"Saubion",2023-10-26,"Valence; Drôme",169,"Fly-Half"
"Q3121669","Guy Colomine","Guy Colomine",1955-07-11,"Narbonne",NA,NA,185,"Prop"
"Q3121764","Guy Easterby","Guy Easterby",1971-03-21,"Tadcaster",NA,NA,183,"Scrum-Half"
"Q3121800","Guy Gasparotto","Guy Gasparotto",1948-06-02,"Aucamville; Haute-Garonne",NA,NA,198,"2nd Row"
"Q3121872","Guy Jeannard","Guy Jeannard",1972-02-24,"Douala",NA,NA,200,"2nd Row"
"Q3121913","Guy Laporte","Guy Laporte",1952-12-15,"Beaufort; Haute-Garonne",2022-01-28,"Toulouse",183,"Fly-Half"
"Q3122058","Guy Pauthe","Guy Pauthe",1932-10-24,NA,2023-05-17,NA,NA,"Scrum-Half"
"Q3122151","Guy Shepherdson","Guy Shepherdson",1982-02-17,"Jakarta",NA,NA,188,"Prop"
"Q3122154","Guy Stener","Guy Stener",1931-02-11,"Vichy",1967-12-12,NA,178,"Centre; Winger"
"Q3122394","Guédel Ndiaye","Guédel Ndiaye",1954-03-01,NA,NA,NA,NA,NA
"Q3122536","Gwendal Ollivier","Gwendal Ollivier",1977-12-27,"La Tronche",NA,NA,186,"Flanker"
"Q3122747","Gysie Pienaar","Gysie Pienaar",1954-12-21,"Bloemfontein",NA,NA,178,"Fullback"
"Q3123593","Gérald Branca","Gérald Branca",1902-12-29,"Sedan; Ardennes",1983-12-04,"Badens",183,"Number 8"
"Q3123609","Gérald Fabre","Gérald Fabre",1974-05-06,NA,NA,NA,180,"Winger"
"Q3123615","Gérald Gambetta","Gérald Gambetta",1984-04-22,"Villeurbanne",NA,NA,184,"Flanker"
"Q3123644","Gérald Martinez","Gérald Martinez",1955-03-30,NA,NA,NA,NA,"Scrum-Half"
"Q3123645","Gérald Orsoni","Gérald Orsoni",1972-08-09,NA,NA,NA,NA,"2nd Row"
"Q3123650","Gérald Merceron","Gérald Merceron",1973-02-25,"Cognac; France",NA,NA,172,"Fly-Half; Scrum-Half"
"Q3123652","Gérald Porical","Gérald Porical",1950-03-30,"Pézilla-la-Rivière",NA,NA,170,"Fullback"
"Q3123801","Gérard Burguet","Gérard Burguet",1941-01-24,NA,NA,NA,NA,"Flanker"
"Q3123843","Gerard Cholley","Gérard Cholley",1945-06-06,"Luxeuil-les-Bains",NA,NA,193,"Prop; 2nd Row"
"Q3123928","Gérard Dufau","Gérard Dufau",1924-08-27,"Dax; Landes",2002-07-04,"Antibes",173,"Scrum-Half"
"Q3124146","Gérard Magnac","Gérard Magnac",1946-10-14,NA,1981-05-26,NA,NA,"Number 8"
"Q3124151","Gérard Majoral","Gérard Majoral",1966-02-23,"Perpignan",NA,NA,187,"Flanker"
"Q3124169","Gérard Mauduy","Gérard Mauduy",1937-12-10,"Périgueux",2022-03-10,"Limoges",178,"Winger"
"Q3124197","Gérard Murillo","Gérard Murillo",1932-02-09,NA,2023-10-11,NA,NA,"Winger"
"Q3124239","Gérard Picolo","Gérard Picolo",1947-01-01,NA,NA,NA,NA,"Flanker"
"Q3124257","Gérard Portolan","Gérard Portolan",1957-01-04,"Auterive; Haute-Garonne",NA,NA,187,"2nd Row; Loosehead Prop"
"Q3124277","Gérard Roucariès","Gérard Roucariès",1932-08-13,NA,2009-08-19,NA,NA,"2nd Row"
"Q3124317","Gérard Sutra","Gérard Sutra",1946-03-21,"Narbonne",NA,NA,169,"Scrum-Half"
"Q3124359","Gérard Viard","Gérard Viard",1945-05-19,NA,NA,NA,188,"Number 8; Flanker"
"Q3124678","H.G. Wells","H.G. Wells",1871-05-01,"Agra",1941-05-15,"Hendon",NA,"Three-Quarter"
"Q3125806","Hajime Kiso","Hajime Kiso",1978-11-07,"Osaka",NA,NA,195,"2nd Row; 3rd Row"
"Q3125858","Hakkies Husselman","Hakkies Husselman",1972-11-03,NA,NA,NA,NA,"Scrum-Half"
"Q3125889","Hal Luscombe","Hal Luscombe",1981-02-23,"Laingsburg; South Africa",NA,NA,191,"Centre; Winger"
"Q3126415","Hamid Arif","Hamid Arif",1977-09-13,NA,NA,NA,NA,"Flanker"
"Q3126468","Hamish Macdonald","Hamish Macdonald",1947-01-11,NA,NA,NA,NA,"2nd Row"
"Q3126621","Hamza Zouhaïr","Hamza Zouhaïr",1984-03-29,NA,NA,NA,182,"Flanker"
"Q3126858","Hannes Marais","Hannes Marais",1941-09-21,"Somerset East",NA,NA,182,"Prop"
"Q3126862","Hannes Strydom","Hannes Strydom",1965-07-13,"Welkom",2023-11-19,"Mpumalanga",199,"2nd Row"
"Q3126934","Hans Botzong","Hans Botzong",NA,NA,NA,NA,NA,"Winger"
"Q3127068","Hansie Brewis","Hansie Brewis",1920-06-15,NA,2007-09-09,NA,NA,"Scrum-Half"
"Q3127099","Hanyani Shimange","Hanyani Shimange",1978-04-17,"Elim",NA,NA,178,"Hooker"
"Q3127483","Harley Crane","Harley Crane",1976-02-23,"Ōtāhuhu",NA,NA,180,"Scrum-Half; Centre"
"Q3127614","Harold Karele","Harold Karele",1971-06-29,"Cape Town",NA,NA,197,"2nd Row; Number 8"
"Q3127664","Harold von Schmidt","Harold von Schmidt",NA,NA,NA,NA,NA,NA
"Q3127791","Harry Bowen","Harry Bowen",1864-05-04,"Llanelli",1913-08-17,"Bynea",NA,"Fullback"
"Q3127809","Harry Day","Harry Day",1863-08-31,"Newport; Wales",1911-07-12,"Newport; Wales",NA,"Forward"
"Q3127841","Harry Jarman","Harry Jarman",1883-07-01,NA,1928-12-13,NA,NA,"2nd Row"
"Q3127856","Harry Lindsay","Harry Lindsay",NA,"Armagh",1908-07-17,"Ballymoney",NA,"Forward"
"Q3127859","Harry Lind","Harry Lind",1906-03-27,"Fifeshire",1986-12-18,"Dunfermline",NA,"Centre"
"Q3127885","Harry Packer","Harry Packer",1868-09-09,"Chipping Norton",1946-05-25,"Newport; Wales",NA,"Prop"
"Q3127937","Harry Vaughan Watkins","Harry Watkins",1875-09-10,"Trecastle",1945-05-16,"Llandovery",NA,"Forward"
"Q3128846","Hayden Smith",NA,NA,NA,NA,NA,NA,NA
"Q3128848","Haydn Morgan","Haydn Morgan",1936-07-30,"Oakdale",2018-07-20,"Monmouth",178,"Flanker"
"Q3129012","Heamani Lavaka","Heamani Lavaka",1969-01-10,NA,2024-04-22,"Sydney",183,"Prop"
"Q3129330","Hedley Wessels","Hedley Wessels",1975-10-27,"South Africa",NA,NA,185,"Prop"
"Q3129370","Hefin O'Hare","Hefin O'Hare",1979-06-02,"Wrexham",NA,NA,177,"Centre; Winger"
"Q3129457","Heini Bock","Heini Bock",1981-12-28,"Oranjemund",NA,NA,180,"Fullback; Winger"
"Q3129458","Heinke van der Merwe","Heinke van der Merwe",1985-05-03,"Johannesburg",NA,NA,181,"Prop"
"Q3129462","Heino Senekal","Heino Senekal",1975-10-20,"Tsumeb",NA,NA,200,"2nd Row"
"Q3130239","Hendre Fourie","Hendre Fourie",1979-09-19,"Burgersdorp",NA,NA,183,"Flanker"
"Q3130247","Hendrik Bekker","Hendrik Bekker",1925-02-11,"Dordrecht",1999-08-06,"Pretoria",NA,"Prop"
"Q3130254","Hendrik Gerber","Hendrik Gerber",1976-04-12,"George; South Africa",NA,NA,190,"Flanker"
"Q3130272","Hendro Scholtz","Hendro Scholtz",1979-03-22,"Bethlehem; South Africa",NA,NA,187,"Flanker"
"Q3130284","Henk Eksteen","Henk Eksteen",1980-02-29,"Mossel Bay",NA,NA,200,"2nd Row"
"Q3130302","Hennie Muller","Hennie Muller",1922-03-26,"Witbank",1977-04-26,"Cape Town",180,"Number 8"
"Q3130315","Henno Mentz","Henno Mentz",1979-09-25,"Ermelo; South Africa",NA,NA,185,"Winger"
"Q3130461","Henri-Pierre Vermis","Henri-Pierre Vermis",1980-08-16,NA,NA,NA,NA,"Centre"
"Q3130550","Henri Amand","Henri Amand",1873-09-17,"Paris",1967-09-29,"Villeneuve-sur-Yonne",163,"Winger; Fly-Half"
"Q3130761","Henri Buisson","Henri Buisson",1904-08-04,"Béziers",1987-07-10,"Béziers",181,"Prop"
"Q3130764","Henri Béhotéguy","Henri Béhotéguy",1898-10-18,NA,1975-06-18,NA,NA,"Centre"
"Q3130770","Henri Cabrol","Henri Cabrol",1947-02-12,"Bize-Minervois",NA,NA,179,"Fullback; Fly-Half"
"Q3130806","Henri Cazaux","Henri Cazaux",1917-09-22,"Toulouse",2005-07-29,"Toulouse",NA,"Winger"
"Q3130839","Henri Claverie","Henri Claverie",1925-01-21,NA,2004-10-11,NA,NA,"Fullback"
"Q3130981","Henri Domec","Henri Domec",1932-08-09,"Lourdes",2018-11-18,"Lourdes",183,"Flanker"
"Q3131073","Henri Ferrero","Henri Ferrero",1951-08-21,NA,NA,NA,NA,"Winger"
"Q3131111","Henri Fourès","Henri Fourès",1925-08-29,"Issus; Haute-Garonne",2019-05-04,"Labastidette",NA,"2nd Row"
"Q3131255","Henri Haget","Henri Haget",1905-10-12,"Biarritz",1967-09-29,"Biarritz",172,"Centre; Fly-Half"
"Q3131265","Henri Helmer","Henri Helmer",1907-05-04,NA,1991-08-27,NA,NA,"Fly-Half"
"Q3131392","Henri Lacaze","Henri Lacaze",1898-04-11,NA,1981-04-09,NA,NA,"2nd Row"
"Q3131393","Henri Lacassagne","Henri Lacassagne",1883-12-27,"Viella; Gers",1918-09-14,NA,169,"2nd Row"
"Q3131433","Henri Lazies","Henri Lazies",1929-11-01,"Belloc-Saint-Clamens",2018-02-25,"Decazeville",180,"Prop; 2nd Row; Number 8"
"Q3131485","Henri Levée","Henri Levée",1885-03-17,"4th arrondissement of Paris",1943-03-26,"Sachsenhausen concentration camp",NA,"Centre"
"Q3131522","Henri Lugier","Henri Lugier",1969-04-09,"Cayenne",NA,NA,197,"Winger"
"Q3131537","Henri Magois","Henri Magois",1947-01-01,NA,NA,NA,NA,"Fullback"
"Q3131578","Henri Marracq","Henri Marracq",1937-11-21,"Pontacq",2003-05-14,"Aressy",183,"Flanker"
"Q3131790","Henri Pistre","Henri PistreAbbé Pistre",1900-12-26,"Mazamet",1981-01-27,"Noailhac; Tarn",NA,NA
"Q3131879","Henri Rancoule","Henri Rancoule",1933-02-06,"Bram; Aude",2021-03-15,"Lourdes",172,"Winger"
"Q3131939","Henri Romero","Henri Romero",1935-09-21,NA,2017-11-22,NA,NA,"Number 8"
"Q3131988","Henri Sanz","Henri Sanz",1963-01-17,"Versailles; Yvelines",NA,NA,175,"Scrum-Half"
"Q3132658","Henry Braddon","Henry Braddon",1863-04-27,"Kolkata",1955-09-07,"Sydney",NA,"Fullback"
"Q3132659","Henry Broncan","Henry Broncan",1944-02-26,"Mirande",NA,NA,NA,NA
"Q3132693","Henry Chavancy","Henry Chavancy",1988-05-22,"Strasbourg",NA,NA,181,"Centre"
"Q3132813","Henry Grimes","Henry Grimes",1980-01-25,"Pretoria",NA,NA,200,"2nd Row"
"Q3132839","Henry Honiball","Henry Honiball",1965-12-01,"Estcourt",NA,NA,185,"Fly-Half; Centre"
"Q3132998","Henry Paul","Henry Paul",1974-02-10,NA,NA,NA,NA,"Centre"
"Q3133023","Henry Qiodravu","Henry Qiodravu",1977-02-08,"Fiji",NA,NA,178,"Prop"
"Q3133128","Henry Vanderglas","Henry Vanderglas",1986-05-09,"Canberra",NA,NA,194,"Flanker"
"Q3133452","Herbert Godwin","Herbert Godwin",1935-12-21,"Abergavenny",2006-01-01,"Teignbridge",NA,"Hooker"
"Q3133514","Herbert Waddell","Herbert Waddell",1902-09-19,"Glasgow",1988-01-05,"Erskine; Renfrewshire",NA,"Fly-Half"
"Q3133875","Herb Lilburne","Herbie Lilburne",1908-03-16,"Burnham",1976-07-12,"Dunedin",173,"Fly-Half; Fullback"
"Q3133950","Hercules Kruger","Hercules Kruger",1979-03-21,"Kempton Park; South Africa",NA,NA,183,"Fly-Half; Centre"
"Q3134048","Herman Bosman","Herman Bosman",1985-04-19,"Bethlehem; South Africa",NA,NA,192,"Fly-Half; Centre"
"Q3134079","Herman Lintvelt","Herman Lintvelt",1976-09-06,NA,NA,NA,NA,"Flanker"
"Q3134297","Hernán Senillosa","Hernán Senillosa",1977-10-01,"Buenos Aires",NA,NA,180,"Winger; Fullback; Centre"
"Q3134443","Hervé Chabowski","Hervé Chabowski",1959-08-20,"Cavaillon",NA,NA,183,"Loosehead Prop; Tighthead Prop"
"Q3134449","Hervé Chaffardon","Hervé Chaffardon",1965-08-27,"Chambéry",NA,NA,196,"2nd Row; 3rd Row"
"Q3134508","Hervé Gregoire-Mazzocco","Hervé Gregoire-Mazzocco",1977-11-21,NA,NA,NA,NA,NA
"Q3134513","Hervé Guiraud","Hervé Guiraud",1966-11-25,"Castelnaudary",NA,NA,175,"Hooker"
"Q3134551","Hervé Larrue","Hervé Larrue",1935-07-05,"Boissezon",NA,NA,188,"2nd Row"
"Q3135173","Hicham Bendeq","Hicham Bendeq",NA,NA,NA,NA,NA,"Centre"
"Q3135475","Hikairo Forbes","Hikairo Forbes",1986-03-05,"Raglan; New Zealand",NA,NA,180,"Prop; Hooker"
"Q3135476","Hika Reid","Hika Reid",1958-04-08,"Rotorua",NA,NA,180,"Hooker"
"Q3136382","Hirotoki Onozawa","Hirotoki Onozawa",1978-03-29,"Shimada; Shizuoka",NA,NA,180,"Winger; Fullback"
"Q3136862","Juan Soler","Juan Soler",NA,NA,NA,NA,NA,NA
"Q3137438","John Patrick","Jack Patrick",1898-11-25,"Palo Alto; California",1959-05-31,"San Francisco",187,"2nd Row"
"Q3140414","Hoppie van Jaarsveld","Hoppie van Jaarsveld",1917-02-21,"Bloemhof",1980-12-08,"Krugersdorp",NA,"Prop"
"Q3140461","Horace Lyne","Horace Lyne",1860-12-31,"Newport; Wales",1949-05-01,"Newport; Wales",NA,"Forward"
"Q3141214","Hottie Louw","Hottie Louw",1976-03-02,"Paarl",NA,NA,199,"2nd Row"
"Q3141574","Howard Marshall","Howard Marshall",1870-12-20,"Sunderland",1929-10-09,"Westminster",NA,"Fly-Half"
"Q3142225","Hugh Chalmers","Hugh Chalmers",1984-11-28,"Rawene",NA,NA,192,"Flanker"
"Q3142287","Hugh McLeod","Hugh McLeod",1932-06-08,"Hawick",2014-05-12,"Hawick",NA,"Prop"
"Q3142292","Hugh McMeniman","Hugh McMeniman",1983-11-01,"Brisbane",NA,NA,200,"2nd Row; Flanker"
"Q3142300","Hugh Orr","Hugh Orr",1878-01-21,"Deniliquin",1946-05-16,"Wandsworth",NA,"Centre"
"Q3142307","Hugh Rowley","Hugh Rowley",1858-04-27,NA,NA,NA,NA,"Winger"
"Q3142323","Hugh Vyvyan","Hugh Vyvyan",1976-09-08,"Guildford",NA,NA,198,"2nd Row; 3rd Row"
"Q3142341","Hughes Comet","Hughes Comet",1958-12-16,"Rabat",NA,NA,190,"Number 8"
"Q3142381","Hugo Dupont","Hugo Dupont",1988-09-29,"Échirolles",NA,NA,179,"Fullback"
"Q3142418","Hugo MacNeill","Hugo MacNeill",1958-09-16,"Dublin",NA,NA,NA,"Fullback"
"Q3142436","Hugo Rongieras","Hugo Rongieras",1986-09-04,NA,NA,NA,192,"Flanker"
"Q3142449","Hugo Southwell","Hugo Southwell",1980-05-14,"London",NA,NA,189,"Fullback"
"Q3142464","Hugo van Zyl","Hugo van Zyl",1932-08-20,"Porterville",2007-05-09,NA,188,"Flanker"
"Q3142521","Hugues Briatte","Hugues Briatte",1990-03-11,"Suresnes",NA,NA,193,"Number 8"
"Q3142650","Hugues Miorin","Hugues Miorin",1968-10-30,"Fumel",NA,NA,192,"2nd Row"
"Q3143531","Huw Davies","Huw Davies",1959-02-18,NA,NA,NA,NA,"Fly-Half"
"Q3147193","Iain Balshaw","Iain Balshaw",1979-04-14,"Blackburn",NA,NA,182,"Winger; Fullback"
"Q3147196","Iain Exner","Iain Exner",1979-04-09,NA,NA,NA,NA,"Prop"
"Q3147199","Iain Morrison","Iain Morrison",1962-12-14,NA,NA,NA,NA,"Flanker"
"Q3147200","Iain Milne","Iain Milne",1956-06-17,NA,NA,NA,NA,"Prop"
"Q3147201","Iain Paxton","Iain Paxton",1957-12-29,NA,NA,NA,NA,"Number 8"
"Q3147252","Ian Davidson","Ian Davidson",1877-08-10,"Ballyhackamore",1939-06-22,"Port Alberni",NA,"Winger"
"Q3147254","Ian Dowling","Ian Dowling",1982-10-05,NA,NA,NA,NA,"Winger"
"Q3147273","Ian Hall","Ian Hall",1946-11-04,"Gilfach Goch",NA,NA,NA,"Centre"
"Q3147280","Ian Humphreys","Ian Humphreys",1982-04-24,"Belfast",NA,NA,180,"Fly-Half"
"Q3147281","Ian Hurst","Ian Hurst",1951-08-27,NA,NA,NA,NA,"Centre"
"Q3147284","Ian Jardine","Ian Carrick Jardine",1964-10-20,"Dunfermline",NA,NA,185,"Centre"
"Q3147285","Ian Jones","Ian Jones",1967-04-17,"Whangārei",NA,NA,198,"2nd Row"
"Q3147291","Ian Kirkpatrick","Ian Kirkpatrick",1930-07-25,"Bloemfontein",2012-11-18,"Somerset West",183,"Centre; Fly-Half"
"Q3147297","Nev MacEwan","Ian MacEwan",1934-05-01,NA,NA,NA,NA,"Number 8"
"Q3147298","Ian MacRae","Ian MacRae",1943-04-06,NA,NA,NA,NA,"Centre"
"Q3147303","Ian McCallum","Ian McCallum",1944-07-03,"Kitwe",NA,NA,186,"Fullback"
"Q3147307","Ian McLauchlan","Ian McLauchlan",1942-04-14,"Tarbolton",NA,NA,176,"Prop"
"Q3147322","Ian Smith","Ian Smith",1965-03-16,"Gloucester",NA,NA,185,"Flanker"
"Q3147324","Ian Smith","Ian Smith",1903-10-31,"Melbourne",1972-09-18,"Edinburgh",NA,"Winger"
"Q3147328","Ian Stevens","Ian Stevens",1948-04-13,NA,NA,NA,NA,NA
"Q3147329","Ian Stephens","Ian Stephens",1952-05-25,NA,NA,NA,NA,"Prop"
"Q3147333","Ian Watkins","Ian Watkins",1963-03-10,"Ebbw Vale",NA,NA,178,"Hooker"
"Q3147336","Ian Williams","Ian Williams",1963-09-23,"Sydney",NA,NA,NA,"Winger"
"Q3147943","Idwal Rees","Idwal Rees",1910-07-25,"Swansea",1991-08-31,"Cefn Coed",NA,"Centre; Winger"
"Q3148027","Iestyn Harris","Iestyn Harris",1976-06-25,NA,NA,NA,NA,"Fly-Half"
"Q3148028","Iestyn Thomas","Iestyn Thomas",1976-12-15,"Pontypool",NA,NA,185,"Prop"
"Q3148091","Ifereimi Rawaqa","Ifereimi Rawaqa",1980-09-20,"Lautoka",NA,NA,197,"2nd Row"
"Q3148198","Ignacio Conti","Ignacio Conti",NA,"Montevideo",NA,NA,178,"2nd Row; Number 8"
"Q3148207","Ignacio Mieres","Ignacio Mieres",1987-04-06,"Buenos Aires",NA,NA,189,"Fly-Half; Centre"
"Q3148285","Igor Juzon","Igor Juzon",1972-05-21,"Lyon",NA,NA,182,"Winger; Centre"
"Q3148290","Igor Klyuchnikov","Igor Klioutchnikov",1983-01-07,"Moscow",NA,NA,188,"Fullback"
"Q3148386","Ikapoté Fono","Ikapote Fono",1985-11-09,NA,NA,NA,196,"2nd Row; Number 8"
"Q3148623","Ilaï Derenalagi","Ilaï Derenalagi",1976-04-13,NA,NA,NA,190,"Winger"
"Q3148653","Ilia Maissuradze","Ilia Maissuradze",1977-07-31,NA,NA,NA,NA,NA
"Q3148668","Iliesa Keresoni","Iliesa Keresoni",1987-01-27,"Nausori",NA,NA,182,"Winger; Fullback; Centre"
"Q3148671","Ilikena Bolakoro","Ilikena Bolakoro",1987-08-22,"Suva",NA,NA,182,"Centre; Winger"
"Q3148682","Ilivasi Tabua","Ilivasi Tabua",1964-09-30,"Fiji",NA,NA,193,"Flanker"
"Q3149778","Inaki Basauri","Inaki Basauri",1984-10-01,"Monterrey",NA,NA,196,"Flanker"
"Q3151441","Inoke Afeaki","Inoke Afeaki",1973-07-12,"Tongatapu",NA,NA,198,"2nd Row; Flanker; Number 8"
"Q3154034","Ioan Ciofu","Ioan Ciofu",1978-01-01,"Hârlău",NA,NA,202,"2nd Row"
"Q3154087","Ion Bucan","Ion Bucan",1955-01-27,"Pașcani",NA,NA,NA,"Prop"
"Q3154089","Ion Constantin","Ion Constantin",1951-06-15,"Fundulea",2012-06-09,"Bucharest",NA,"Centre"
"Q3154098","Ion Insausti Jiménez","Ion Insausti Jiménez",1984-04-27,"Hernani; Spain",NA,NA,NA,"Prop"
"Q3154103","Ion Teodorescu","Ion Teodorescu",1976-07-27,"Bucharest",NA,NA,175,"Winger"
"Q3154124","Ionuț Botezatu","Ionuț Botezatu",1987-12-12,"Pașcani",NA,NA,178,"Winger; Fullback"
"Q3154126","Ionuț Tofan","Ionuț Tofan",1977-03-08,"Bucharest",NA,NA,178,"Fly-Half; Centre"
"Q3154130","Ionuț Dimofte","Ionuț Dimofte",1984-09-30,"Suceava",NA,NA,186,"Centre; Fly-Half; Fullback"
"Q3154134","Joe Tekori","Iosefa Tekori",1983-12-17,"Motoʻotua",NA,NA,198,"2nd Row; Number 8; Flanker"
"Q3154264","Irakli Abuseridze","Irakli Abuseridze",1977-11-25,"Tbilisi",NA,NA,175,"Scrum-Half"
"Q3154267","Irakli Machkhaneli","Irakli Machkhaneli",1981-07-18,"Tbilisi",NA,NA,187,"Winger"
"Q3154268","Irakli Modebadze","Irakli Modebadze",1979-11-22,NA,NA,NA,NA,"Scrum-Half"
"Q3154273","Irakli Natriashvili","Irakli Natriashvili",1984-01-25,"Baghdati",NA,NA,178,"Hooker"
"Q3154721","Isa Nacewa","Isa Nacewa",1982-07-22,"Auckland",NA,NA,180,"Winger; Fullback; Centre; Fly-Half"
"Q3154733","Isaac Boss","Isaac Boss",1980-04-09,"Tokoroa",NA,NA,177,"Scrum-Half"
"Q3154769","Isaac Ross","Isaac Ross",1984-10-27,"Ashburton; New Zealand",NA,NA,200,"2nd Row"
"Q3155101","Isaia Rasila","Isaia Rasila",1969-04-29,"Vunavutu",2010-10-08,"Rakirakilevu",180,"Hooker"
"Q3155340","Isidoro Quaglio","Isidoro Quaglio",1942-07-11,"Rovigo",2008-04-02,"Rovigo",178,"2nd Row"
"Q3155349","Isitolo Maka","Isitolo Maka",1975-05-25,"Longoteme",NA,NA,188,"Number 8"
"Q3155414","Ismaila Lassissi","Ismaila Lassissi",1969-09-11,"Abidjan",NA,NA,190,"Number 8; Flanker"
"Q3155478","Isoa Domolailai","Isoa Domolailai",1981-01-13,"Sigatoka",NA,NA,204,"2nd Row"
"Q3155646","Israel Folau","Israel Folau",1989-04-03,"Minto",NA,NA,195,"Winger; Centre; Fullback"
"Q3156026","Iulian Dumitraș","Iulian Dumitraș",1982-06-22,"Suceava",NA,NA,191,"Fly-Half; Fullback"
"Q3156103","Ivan Francescato","Ivan Francescato",1967-02-10,NA,1999-01-19,NA,178,"Scrum-Half"
"Q3156348","Ivor Morgan","Ivor Morgan",1884-08-15,"Haverfordwest",1943-12-10,"Blackpill",NA,"Flanker"
"Q3156402","Iwan Tukalo","Iwan Tukalo",1961-03-05,NA,NA,NA,NA,"Winger"
"Q3156875","JC van der Westhuizen","JC van der Westhuizen",1905-11-22,NA,2003-07-08,NA,NA,"Centre"
"Q3157005","Jaba Bregvadze","Jaba Bregvadze",1987-04-23,"Tbilisi",NA,NA,181,"Hooker"
"Q3157121","Jack Bancroft","Jack Bancroft",1879-10-09,"Swansea",1942-01-07,"Swansea",NA,"Fullback"
"Q3157140","Jack Cantoni","Jack Cantoni",1948-05-11,"Carmaux",2013-06-24,"Béziers",175,"Winger; Fullback"
"Q3157172","Jack Elliott","Jack Elliott",1871-08-13,"South Shields",1938-03-30,"Cardiff",NA,"Scrum-Half"
"Q3157182","Jack Forster","Jack Forster",1987-03-19,"Wigan",NA,NA,185,"Prop"
"Q3157184","Jack Gage","Jack Gage",1907-04-02,NA,1989-06-30,NA,NA,"Winger"
"Q3157192","Jack Griffiths","Jack Griffiths",1912-04-08,NA,2001-11-13,NA,NA,NA
"Q3157222","Jack Jones","Jack Jones",1886-03-02,"Pontymoile",1951-03-19,"Llantarnam",NA,"Centre"
"Q3157256","Jack Manchester","John Manchester",1908-01-29,NA,1983-09-06,NA,NA,"Flanker"
"Q3157267","Jack Matthews","Jack Matthews",1920-06-21,"Bridgend",2012-07-18,"Porthcawl",161,"Centre"
"Q3157310","Jack Rowell","Jack Rowell",1936-11-01,NA,2024-07-01,NA,200,NA
"Q3157323","John ""Jack"" Steel","Jack Steel",1898-11-10,"Dillmanstown",1941-08-04,"Greymouth",178,"Winger"
"Q3157327","John Toothill","Jack Toothill",1866-03-16,"Thornton; West Yorkshire",1947-06-29,"Bradford",NA,"Forward"
"Q3157487","Jacky Morkel","Jacky Morkel",1890-11-13,"Somerset West",1916-05-15,"Kondoa Mjini",180,"Centre"
"Q3157502","Jaco Louw","Jaco Louw",1981-09-02,NA,NA,NA,NA,"Prop"
"Q3157504","Jaco Pretorius","Jaco Pretorius",1979-12-10,"Johannesburg",NA,NA,183,"Centre; Winger"
"Q3157505","Jaco Erasmus","Jaco Erasmus",1979-07-31,"Empangeni",NA,NA,198,"Flanker"
"Q3157583","Jacob Rauluni","Jacob Rauluni",1972-06-25,"Suva",NA,NA,178,"Scrum-Half"
"Q3157631","Bees Roux","Jacobus Roux",1981-12-09,"Uitenhage",NA,NA,186,"Prop"
"Q3158180","Jacques Ballarin","Jacques Ballarin",1902-04-11,NA,1982-08-17,NA,NA,"Winger"
"Q3158183","Jacques Baquey","Jacques Baquey",1895-11-25,"Saint-Médard-en-Jalles",1933-08-11,"Toulouse",173,"Winger"
"Q3158213","Jacques Bayardon","Jacques Bayardon",1934-01-25,NA,1999-08-03,NA,NA,"Prop"
"Q3158353","Jacques Bouquet","Jacques Bouquet",1933-06-03,"Tullins",2009-10-26,"Jardin; Isère",175,NA
"Q3158370","Jacques Boussuge","Jacques Boussuge",1985-05-15,"Paris",NA,NA,187,"Winger"
"Q3158435","Jacques Burger","Jacques Burger",1983-07-29,"Windhoek",NA,NA,188,"Flanker"
"Q3158440","Jacques Bégu","Jacques Bégu",1957-04-22,"Dax; Landes",NA,NA,178,"Winger"
"Q3158538","Jacques Chiberry","Jacques Chiberry",1929-09-07,NA,2010-06-05,NA,NA,"Winger"
"Q3158548","Jacques Cimarosti","Jacques Cimarosti",1950-10-23,"Lourdes",NA,NA,175,"Centre"
"Q3158566","Jacques Coq","Jacques Coq",1950-07-23,"Brive-la-Gaillarde",NA,NA,176,"Centre"
"Q3158599","Jacques Crampagne","Jacques Crampagne",1944-04-07,NA,NA,NA,NA,"Winger"
"Q3158607","Jacques Cristina","Jacques Cristina",1948-07-07,"Clermont-Ferrand",NA,NA,188,"Number 8; Flanker"
"Q3158609","Jacques Cronjé","Jacques Cronjé",1982-08-04,"Klerksdorp",NA,NA,194,"Number 8; Flanker; 2nd Row"
"Q3158661","Jacques Deen","Jacques Deen",1977-09-09,"Pretoria",NA,NA,195,"2nd Row"
"Q3158685","Jacques Delmas","Jacques Delmas",1957-09-16,"Montpellier",NA,NA,NA,"Hooker"
"Q3158795","Jacques Dufourcq","Jacques Dufourcq",1881-08-19,"Salies-de-Béarn",1975-10-31,"Salies-de-Béarn",173,"Flanker"
"Q3158903","Jacques Fort","Jacques Fort",1938-01-16,NA,2018-02-03,NA,NA,"2nd Row"
"Q3158976","Jacques Gasc","Jacques Gasc",1949-12-24,"Graulhet",NA,NA,183,"Flanker"
"Q3158989","Jacques Genois","Jacques Génois",1950-09-17,"Donzenac",NA,NA,200,"2nd Row"
"Q3159029","Jacques Gratton","Jacques Gratton",1957-11-29,NA,NA,NA,NA,"Flanker"
"Q3159378","Jacques Lepatey","Jacques Lepatey",1929-09-25,"Mazamet",2024-05-01,"Montredon-des-Corbières",178,"Winger"
"Q3159412","Jacques Londios","Jacques Londios",1946-01-14,NA,NA,NA,NA,"Winger"
"Q3159527","Jacques Mauran","Jacques Mauran",1929-05-01,NA,2014-09-28,NA,NA,"Centre"
"Q3159558","Jacques Merquey","Jacques Merquey",1929-09-26,"Souillac; Lot",NA,NA,168,"Centre; Fly-Half"
"Q3159564","Jacques Meynard","Jacques Meynard",1935-09-28,"Cognac; France",NA,NA,180,"Centre"
"Q3159664","Jacques Nieuwenhuis","Jacques Nieuwenhuis",1980-03-23,"Brakpan",NA,NA,188,"Flanker; Number 8"
"Q3159709","Jacques Palat","Jacques Palat",1915-05-25,NA,1961-11-19,NA,NA,"Flanker"
"Q3159904","Jacques Rollet","Jacques Rollet",1934-08-18,"Bayonne",NA,NA,173,"Hooker"
"Q3159924","Jacques Rougerie","Jacques Rougerie",1945-06-21,"Pamiers",2023-08-12,"Ceyrat",180,"Prop; Hooker"
"Q3159953","Jacques Sagols","Jacques Sagols",1929-11-22,"Banyuls-sur-Mer",1992-05-07,"Banyuls-sur-Mer",NA,"Fullback"
"Q3159984","Jacques Schutte","Jacques Schutte",1980-05-31,"Kempton Park; South Africa",NA,NA,181,"Fullback; Winger; Fly-Half"
"Q3160559","Jaime Arocena Mesones","Jaime Arocena Mesones",1978-06-15,NA,NA,NA,200,"2nd Row"
"Q3160614","Jake Boer","Jake Boer",1975-11-01,"Cape Town",NA,NA,185,"Flanker"
"Q3160622","Jake Jacob","Jake Jacob",1902-10-12,"Elham; Kent",1996-07-08,"Myaree",NA,"Winger"
"Q3160675","Jakobus Kemp","Jakobus Kemp",1982-11-09,"Paarl",NA,NA,182,"Centre"
"Q3160903","James Allan","James Allan",1860-09-11,NA,1934-09-02,NA,NA,NA
"Q3160904","James Barnett Allison","James Allison",1880-06-28,"Monaghan",1907-03-31,"Montreal",NA,"Centre"
"Q3160910","James Arlidge","James Arlidge",1979-08-11,"Hamilton; New Zealand",NA,NA,185,"Fly-Half; Centre; Fullback"
"Q3160925","James Bailey","James Bailey",1983-08-05,"London",NA,NA,180,"Winger; Fullback"
"Q3160940","James Bevan","James Bevan",1858-04-15,"St Kilda",1938-02-03,"Leytonstone",NA,"Centre"
"Q3160957","James Buckland","James Buckland",NA,"Aylesbury",NA,NA,180,"Hooker"
"Q3160965","James Bush",NA,NA,NA,NA,NA,NA,NA
"Q3160972","James Cannon","James Cannon",1988-09-24,"Kettering",NA,NA,198,"2nd Row"
"Q3160986","James Clifford Milton","Cliff Milton",1984-11-10,"Mbombela",NA,NA,202,"2nd Row"
"Q3161007","James Dalton","James Dalton",1972-08-16,"Johannesburg",NA,NA,177,"Hooker"
"Q3161045","Jimmy Dykes","James Dykes",1901-07-04,"Partick",1967-07-03,"Nairn",NA,"Centre; Fly-Half"
"Q3161084","James Forrester","James Forrester",1981-02-09,"Oxford",NA,NA,196,"Number 8"
"Q3161139","James Hart","James Hart",1991-07-28,"Dublin",NA,NA,179,"Scrum-Half; Fly-Half"
"Q3161157","James Holbeck","James Holbeck",1973-07-10,"Ipswich; Queensland",NA,NA,182,"Centre"
"Q3161174","James Ireland","James Ireland",1903-12-10,"Glasgow",1998-10-25,"Polmont",NA,"Hooker"
"Q3161196","James Kavanagh","James Kavanagh",1931-01-21,"Dublin",NA,NA,NA,"Flanker"
"Q3161216","James Lakepa","James Lakepa",1980-06-04,"Manly; New South Wales",NA,NA,179,"Prop"
"Q3161232","James Lytle","James Lytle",1875-05-18,"Belfast",1928-07-11,"Buenos Aires",NA,"Forward"
"Q3161234","James MacDonald","James MacDonald",NA,"Stellenbosch",NA,"Stellenbosch",NA,"Winger"
"Q3161236","James MacKenzie","James MacKenzie",1886-10-17,"Sunderland",1963-01-22,"Chichester",NA,NA
"Q3161273","James McLaren","James McLaren",1972-07-28,"Stirling",NA,NA,191,"Centre"
"Q3161336","James Percival","James Percival",1983-11-09,"Wordsley",NA,NA,196,"2nd Row"
"Q3161345","James Pritchard","James Pritchard",1979-07-21,"Parkes; New South Wales",NA,NA,175,"Winger; Centre; Fullback"
"Q3161385","James Ryan","James Ryan",1983-02-10,"Christchurch",NA,NA,200,"2nd Row"
"Q3161397","James Scott","James Scott",1903-09-24,NA,1949-08-24,"St Helens; Merseyside",NA,"2nd Row"
"Q3161398","Jim Sealy","James Sealy",1876-03-19,"Dundrum; Dublin",1949-02-04,"Donnybrook; Dublin",NA,"Forward"
"Q3161412","James Simpson-Daniel","James Simpson-Daniel",1982-05-30,"Stockton-on-Tees",NA,NA,183,"Centre; Winger; Fullback"
"Q3161434","James Stuart","James Stuart",1981-05-27,"Buenos Aires",NA,NA,198,"2nd Row"
"Q3161451","James Topping","James Topping",1974-12-18,"Belfast",NA,NA,180,"Winger"
"Q3161493","James Winston","James Winston",NA,NA,NA,NA,NA,"Forward"
"Q3161527","Jamie Corsi","Jamie Corsi",1987-12-30,"Cardiff",NA,NA,191,"Prop"
"Q3161528","Jamie Cudmore","Jamie Cudmore",1978-09-06,"Winnipeg",NA,NA,196,"2nd Row"
"Q3161534","Jamie Hamilton","Jamie Hamilton",1970-07-01,"Guildford",NA,NA,NA,"Scrum-Half"
"Q3161537","Jamie Joseph","Jamie Joseph",1969-11-21,"Blenheim; New Zealand",NA,NA,196,"Flanker"
"Q3161585","Jammie Clinch","Jamie Clinch",1901-09-28,"Clondalkin",1981-05-01,"Dublin",NA,"Flanker"
"Q3161639","Jan Cunningham","Jan Cunningham",1974-09-13,NA,NA,NA,183,"Centre; Winger"
"Q3161656","Jan Ellis","Jan Ellis",1942-01-05,"Brakpan",2013-02-08,"Pretoria",185,"Flanker"
"Q3161712","Jan Lotz","Jan Lotz",1910-08-26,NA,1986-08-13,NA,NA,"Hooker"
"Q3161715","Jan Macháček","Jan Macháček",1972-02-15,"Prague",NA,NA,193,"Flanker; Number 8; 2nd Row"
"Q3161737","Jan Prinsloo","Jan Prinsloo",1935-01-28,"Pretoria",1966-06-27,"Wellington; South Africa",180,"Winger"
"Q3161757","Jan Stegmann","Jan Stegmann",1887-06-21,"Bedford",1984-12-07,"Bloemfontein",183,"Winger"
"Q3161777","Jan Volschenk","Jan Volschenk",1986-03-29,NA,NA,NA,184,"Tighthead Prop"
"Q3161799","Jan du Preez","Jan du Preez",1930-10-06,"Piketberg",2024-06-19,NA,NA,"Winger; Centre"
"Q3161839","Jandrè Mynhardt","Jandrè Mynhardt",1981-11-05,"Middelburg; Mpumalanga",NA,NA,200,"2nd Row"
"Q3161908","Jané du Toit","Jané du Toit",1975-10-02,"Windhoek",NA,NA,186,"Prop"
"Q3162059","Jannes Labuschagne","Jannes Labuschagne",1976-04-16,"Bloemhof",NA,NA,196,"2nd Row"
"Q3162065","Jannie Engelbrecht","Jannie Engelbrecht",1938-11-10,NA,NA,NA,NA,"Winger"
"Q3162066","Jannie de Beer","Jannie de Beer",1971-04-22,"Welkom",NA,NA,182,"Fly-Half"
"Q3162194","Jaouad Eziyar","Jaouad Eziyar",1979-05-19,"Morocco",NA,NA,175,"Winger; Fullback"
"Q3162244","Japie Krige","Japie Krige",1879-07-05,NA,1961-01-14,NA,NA,"Centre"
"Q3162709","Jared Waerea-Hargreaves","Jared Waerea-Hargreaves",1989-01-20,"Rotorua",NA,NA,NA,NA
"Q3162710","Jarek Goebel","Jarek Goebel",1985-02-13,NA,NA,NA,186,"Winger; Fullback"
"Q3162773","Jaroslav Tomcik","Jaroslav Tomcik",NA,NA,NA,NA,NA,"Centre; Fly-Half"
"Q3162930","Jason Eaton","Jason Eaton",1982-08-21,"Palmerston North",NA,NA,202,"2nd Row; Flanker"
"Q3162947","Jason Hobson","Jason Hobson",1983-02-10,"Swansea",NA,NA,180,"Prop"
"Q3162956","Jason Jones-Hughes","Jason Jones-Hughes",1976-09-13,"Sydney",NA,NA,191,"Centre"
"Q3162966","Jason Little","Jason Little",1970-08-26,"Toowoomba",NA,NA,185,"Centre"
"Q3163002","Jason Spice","Jason Spice",1974-12-07,"Matamata",NA,NA,178,"Scrum-Half"
"Q3163153","Javier Irazusta","Javier Irazusta",1983-06-05,NA,NA,NA,186,"Centre"
"Q3163166","Javier Pértile","Javier Pértile",1968-10-26,"General San Martín Partido",NA,NA,185,"Fullback"
"Q3163194","Jawad Djoudi","Jawad Djoudi",1976-05-08,"Saint-Rémy; Saône-et-Loire",NA,NA,178,"Hooker"
"Q3163827","Jean-Baptiste Amestoy","Jean-Baptiste Amestoy",1935-08-28,NA,NA,NA,NA,"Prop"
"Q3163910","Jean-Baptiste Brisé","Jean-Baptiste Brisé",1889-08-07,"Saint-Just-Ibarre",1917-06-03,"Craonne",169,"Centre"
"Q3163923","Jean-Baptiste Bédère","Jean-Baptiste Bédère",1902-02-06,NA,1969-06-01,NA,NA,"2nd Row"
"Q3163995","Jean-Baptiste Dambielle","Jean-Baptiste Dambielle",1981-08-15,"Auch",NA,NA,178,"Fullback; Fly-Half"
"Q3164117","Jean-Baptiste Gobelet","Jean-Baptiste Gobelet",1982-03-13,"Tulle",NA,NA,197,"Winger; Fullback; Centre"
"Q3164335","Jean-Baptiste Paquet","Jean-Baptiste Paquet",1981-06-11,"Dijon",NA,NA,178,"Fly-Half"
"Q3164350","Jean-Baptiste Peyras-Loustalet","Jean-Baptiste Peyras-Loustalet",1984-01-05,"Pau; Pyrénées-Atlantiques",NA,NA,188,"Fullback; Winger"
"Q3164351","Jean-Baptiste Pezet","Jean-Baptiste Pezet",1983-01-17,"Neuilly-sur-Seine",NA,NA,173,"Scrum-Half"
"Q3164372","Jean-Baptiste Poux","Jean-Baptiste Poux",1979-09-26,"Béziers",NA,NA,180,"Prop"
"Q3164386","Jean-Baptiste Péjoine","Jean-Baptiste Péjoine",1980-07-17,"Aubergenville",NA,NA,174,"Scrum-Half"
"Q3164409","Jean-Baptiste Roidot","Jean-Baptiste Roidot",1988-03-09,NA,NA,NA,202,"2nd Row"
"Q3164422","Jean-Baptiste Rue","Jean-Baptiste Rué",1974-07-06,"Boulogne-Billancourt",NA,NA,173,"Hooker"
"Q3164574","Jean-Bernard Duplantier","Jean-Bernard Duplantier",1957-12-30,"Vergoignan",NA,NA,179,"Hooker"
"Q3164634","Jean-Charles Cistacq","Jean-Charles Cistacq",1974-07-22,"Auch",NA,NA,192,"Centre"
"Q3164681","Jean-Charles Orioli","Jean-Charles Orioli",1989-08-09,"Châtillon-sur-Seine",NA,NA,179,"Hooker"
"Q3164683","Jean-Charles Orso","Jean-Charles Orso",1958-01-06,NA,NA,NA,NA,"2nd Row"
"Q3164822","Jean-Claude Baqué","Jean-Claude Baqué",1939-01-01,NA,NA,NA,NA,NA
"Q3164835","Jean-Claude Berejnoï","Jean-Claude Berejnoï",1939-04-20,NA,2024-09-08,NA,NA,"Prop"
"Q3165020","Jean-Claude Hiquet","Jean-Claude Hiquet",1939-11-04,NA,2022-09-27,NA,NA,"Fly-Half"
"Q3165037","Jean-Claude Lagrange","Jean-Claude Lagrange",1942-12-04,NA,NA,NA,NA,"Centre"
"Q3165039","Jean-Claude Langlade","Jean-Claude Langlade",1963-02-02,"Clermont-Ferrand",NA,NA,185,"Fullback; Centre"
"Q3165051","Jean-Claude Lasserre","Jean-Claude Lasserre",1938-05-12,"Hussein Dey (commune)",NA,NA,175,"Scrum-Half"
"Q3165090","Jean-Claude Malbet","Jean-Claude Malbet",1937-08-28,NA,2021-07-10,NA,NA,"Hooker"
"Q3165145","Jean-Claude Noble","Jean-Claude Noble",1944-12-29,NA,2003-01-11,NA,NA,"Prop"
"Q3165173","Jean-Claude Pinéda","Jean-Claude Pinéda",1958-02-06,NA,NA,NA,NA,"Prop"
"Q3165204","Jean-Claude Roques","Jean-Claude Roques",1943-03-19,NA,NA,NA,NA,"Fly-Half"
"Q3165206","Jean-Claude Rossignol","Jean-Claude Rossignol",1945-08-10,NA,2016-11-24,NA,NA,"Prop"
"Q3165207","Jean-Claude Rouan","Jean-Claude Rouan",1933-10-30,NA,1993-01-23,NA,NA,"Fullback"
"Q3165234","Jean-Claude Skrela","Jean-Claude Skréla",1949-10-01,"Colomiers",NA,NA,189,"Flanker"
"Q3165235","Jean-Claude Soula","Jean-Claude Soula",1939-02-22,"Lafox",2008-08-21,"Saint-Michel; Charente",169,"Winger"
"Q3165362","Jean-Emmanuel Cassin","Jean-Emmanuel Cassin",1980-02-29,"Toulouse",NA,NA,176,"Centre"
"Q3165462","Jean-François Beltran","Jean-François Beltran",1948-06-30,NA,NA,NA,NA,"Fullback"
"Q3165553","Jean-François Coux","Jean-François Coux",1980-12-23,"Grenoble",NA,NA,180,"Winger"
"Q3165627","Jean-François Gourdon","Jean-François Gourdon",1954-09-28,NA,NA,NA,NA,"Winger"
"Q3165630","Jean-François Gourragne","Jean-Francois Gourragne",1963-11-20,"Condom; Gers",NA,NA,195,"2nd Row"
"Q3165679","Jean-Francois Imbernon","Jean-François Imbernon",1951-10-17,"Perpignan",NA,NA,197,"2nd Row"
"Q3165760","Jean-François Marchal","Jean-François Marchal",1949-12-16,NA,2018-08-08,NA,NA,"2nd Row"
"Q3165766","Jean-François Martin-Culet","Jean-François Martin-Culet",1974-01-19,"Grenoble",NA,NA,183,"Hooker"
"Q3165810","Jean-François Pedesseau","Jean-François Pedesseau",1978-02-05,NA,NA,NA,NA,"Prop"
"Q3165821","Jean-François Phliponeau","Jean-Francois Phliponeau",1950-11-23,"Bordj El Kiffan",1976-05-08,"Clermont-Ferrand",170,"Winger"
"Q3165917","Jean-François Tordo","Jean-François Tordo",1964-08-01,"Nice",NA,NA,NA,"Hooker; Flanker"
"Q3165925","Jean-François Viars","Jean-François Viars",1975-01-01,"Aurillac",NA,NA,174,"Winger; Fullback"
"Q3165975","Jean-Frédéric Dubois","Jean-Frédéric Dubois",1973-05-17,"Dax; Landes",NA,NA,182,"Fly-Half"
"Q3166114","Jean-Henri Mir","Jean-Henri Mir",1945-02-21,NA,NA,NA,NA,"Scrum-Half"
"Q3166117","Jean-Henri Pargade","Jean-Henri Pargade",1928-09-21,NA,1977-09-04,NA,NA,"Centre"
"Q3166221","Jean-Jacques Crenca","Jean-Jacques Crenca",1969-04-03,"Marmande",NA,NA,181,"Prop"
"Q3166280","Jean-Jacques Gourdy","Jean-Jacques Gourdy",1948-08-12,"Tulle",NA,NA,181,"Winger"
"Q3166336","Jean-Jacques Lénient","Jean-Jacques Lénient",1943-03-23,NA,NA,NA,NA,"Winger"
"Q3166413","Jean-Jacques Santos","Jean-Jacques Santos",NA,"Colomiers",NA,NA,194,"2nd Row"
"Q3166414","Jean-Jacques Sauveterre","Jean-Jacques Sauveterre",1962-05-21,NA,NA,NA,184,"Prop"
"Q3166425","Jean-Jacques Taofifénua","Jean-Jacques Taofifénua",1971-04-25,"Nouméa",NA,NA,172,"Hooker"
"Q3166529","Jean-Joseph Rupert","Jean-Joseph Rupert",1938-03-07,NA,2013-02-08,NA,NA,"Flanker"
"Q3166609","Jean-Louis Azarete","Jean-Louis Azarete",1945-05-08,"Urrugne",2020-12-20,"Bayonne",181,"Prop"
"Q3166633","Jean-Louis Bernès","Jean-Louis Bernès",1948-02-07,NA,NA,NA,NA,"Fly-Half"
"Q3166672","Jean-Louis Bérot","Jean-Louis Bérot",1947-07-28,"Dax; Landes",NA,NA,178,"Scrum-Half; Fly-Half"
"Q3166733","Jean-Louis Dehez","Jean-Louis Dehez",1944-05-06,"Mont-de-Marsan",NA,NA,170,"Fly-Half; Fullback"
"Q3166747","Jean-Louis Dupont","Jean-Louis Dupont",1956-03-17,NA,NA,NA,NA,"Hooker"
"Q3166806","Jean-Louis Gruarin","Jean-Louis Gruarin",1965-05-07,"Toulon",NA,NA,182,"Fly-Half"
"Q3166831","Jean-Louis Jordana","Jean-Louis Jordana",1968-11-07,NA,NA,NA,NA,"Prop"
"Q3166881","Jean-Louis Martin","Jean-Louis Martin",1948-07-17,"Béziers",NA,NA,182,"Prop"
"Q3166953","Jean-Louis Ribes","Jean-Louis Ribes",1959-01-01,NA,NA,NA,NA,NA
"Q3166997","Jean-Louis Tolot","Jean-Louis Tolot",1957-06-13,NA,NA,NA,178,"Prop"
"Q3167007","Jean-Louis Ugartemendia","Jean-Louis Ugartemendia",1943-07-10,"Bayonne",2020-12-21,"Bayonne",175,"Hooker"
"Q3167074","Jean-Luc Aqua","Jean-Luc Aqua",1968-03-03,NA,NA,NA,NA,"Number 8"
"Q3167081","Jean-Luc Averous","Jean-Luc Averous",1954-10-22,"Béziers",NA,NA,NA,"Winger"
"Q3167179","Jean-Luc Joinel","Jean-Luc Joinel",1953-09-21,"Saint-Vincent-de-Cosse",NA,NA,195,"Flanker; Centre"
"Q3167251","Jean-Luc Rivallo","Jean-Luc Rivallo",1955-01-29,NA,NA,NA,NA,"Centre"
"Q3167266","Jean-Luc Sadourny","Jean-Luc Sadourny",1966-08-26,"Toulouse",NA,NA,181,"Fullback"
"Q3167319","Jean-Marc Aué","Jean-Marc Aué",1973-05-10,"Carmaux",NA,NA,183,"Centre"
"Q3167353","Jean-Marc Cordier","Jean-Marc Cordier",1958-01-03,"Thionville",NA,NA,187,"Flanker"
"Q3167416","Jean-Marc Lhermet","Jean-Marc Lhermet",1967-08-14,"Montluçon",NA,NA,192,"Flanker"
"Q3167522","Jean-Marcellin Buttin","Jean-Marcellin Buttin",1991-12-16,"Colmar",NA,NA,192,"Fullback"
"Q3167552","Jean-Marie Arnal","Jean-Marie Arnal",1892-11-15,NA,1958-10-21,NA,NA,"2nd Row"
"Q3167573","Jean-Marie Bisaro","Jean-Marie Bisaro",1976-04-03,NA,NA,NA,NA,"Flanker"
"Q3167578","Jean-Marie Bonal","Jean-Marie Bonal",1943-05-31,"Saint-Cirgues-de-Jordanne",NA,NA,175,NA
"Q3167598","Jean-Marie Cadieu","Jean-Marie Cadieu",1963-10-16,"Tulle",NA,NA,193,"2nd Row"
"Q3167826","Jean-Marie Soubira","Jean-Marie Soubira",1969-05-09,"Brive-la-Gaillarde",2015-05-07,"Limoges",178,"Centre"
"Q3167827","Jean-Marie Spanghero","Jean-Marie Spanghero",1945-12-23,NA,NA,NA,NA,"2nd Row"
"Q3167851","Jean-Marie Usandisaga","Jean-Marie Usandisaga",1974-08-22,NA,NA,NA,182,"Prop"
"Q3167887","Jean-Martin Etchenique","Jean-Martin Etchenique",1954-01-17,NA,NA,NA,NA,"Centre"
"Q3167894","Jean-Matthieu Alcalde","Jean-Matthieu Alcalde",1985-05-15,"Guilherand-Granges",NA,NA,182,"Fullback; Winger"
"Q3167930","Jean-Michel Aguirre","Jean-Michel Aguirre",1951-11-02,"Tostat",NA,NA,185,"Scrum-Half; Fullback"
"Q3167946","Jean-Michel Benacloï","Jean-Michel Benacloï",1948-12-19,NA,NA,NA,NA,NA
"Q3167969","Jean-Michel Cabanier","Jean-Michel Cabanier",1936-05-13,"Montpezat-de-Quercy",2010-04-25,"Montauban",178,"Hooker"
"Q3167971","Jean-Michel Capendeguy","Jean-Michel Capendeguy",1944-03-05,NA,1968-01-04,NA,NA,"Winger"
"Q3168017","Jean-Michel Esponda","Jean-Michel Esponda",1943-04-24,NA,NA,NA,NA,"Prop"
"Q3168036","Jean-Michel Gonzalez","Jean-Michel Gonzalez",1967-07-10,"Bayonne",NA,NA,175,"Hooker; Prop"
"Q3168118","Jean-Michel Rancoule","Jean-Michel Rancoule",1959-02-28,"Lourdes",NA,NA,171,"Winger"
"Q3168320","Jean-Patrick Lescarboura","Jean-Patrick Lescarboura",1961-01-09,"Monein",NA,NA,185,"Fly-Half"
"Q3168355","Jean-Paul Baux","Jean-Paul Baux",1946-06-16,NA,2011-10-21,NA,NA,"Hooker"
"Q3168364","Jean-Paul Beyssen","Jean-Paul Beyssen",1973-03-01,"Toulouse",NA,NA,186,"Prop"
"Q3168470","Jean-Paul Dubois","Jean-Paul Dubois",1983-03-08,"Narbonne",NA,NA,189,"Number 8"
"Q3168605","Jean-Paul Medina","Jean-Paul Medina",1960-12-14,NA,NA,NA,NA,NA
"Q3168716","Jean-Paul Wolf","Jean-Paul Wolf",1960-11-07,NA,NA,NA,NA,"Prop"
"Q3168751","Jean-Philippe Bonrepaux","Jean-Philippe Bonrepaux",1978-12-07,"Toulouse",NA,NA,174,"Hooker"
"Q3168804","Jean-Philippe Genevois","Jean-Philippe Genevois",1987-02-03,"Le Creusot",NA,NA,181,"Hooker"
"Q3168809","Jean-Philippe Grandclaude","Jean-Philippe Grandclaude",1982-08-04,"Fréjus",NA,NA,183,"Centre"
"Q3168860","Jean-Philippe Revallier","Jean-Philippe Revallier",1967-12-10,NA,NA,NA,187,"2nd Row"
"Q3168876","Jean-Philippe Swiadek","Jean-Philippe Swiadek",1965-12-21,"Saint-Claude; Jura",NA,NA,193,"Number 8"
"Q3168886","Jean-Philippe Viard","Jean-Philippe Viard",1977-07-20,"Narbonne",NA,NA,190,"Centre"
"Q3168982","Jean-Pierre Bastiat","Jean-Pierre Bastiat",1949-04-11,"Pouillon; Landes",2021-02-03,"Dax; Landes",199,"2nd Row; Number 8"
"Q3169166","Jean-Pierre Dales","Jean-Pierre Dales",1951-07-09,"Brive-la-Gaillarde",NA,NA,178,"Prop"
"Q3169190","Jean-Pierre Delfour","Jean-Pierre Delfour",1941-10-30,"Brive-la-Gaillarde",NA,NA,180,"Number 8"
"Q3169326","Jean-Pierre Garuet-Lempirou","Jean-Pierre Garuet-Lempirou",1953-06-15,"Lourdes",NA,NA,177,"Prop"
"Q3169336","Jean-Pierre Genet","Jean-Pierre Genet",1962-10-15,NA,NA,NA,NA,"Hooker"
"Q3169404","Jean-Pierre Hortoland","Jean-Pierre Hortoland",1947-05-28,NA,NA,NA,NA,"Prop"
"Q3169524","Jean-Pierre Lux","Jean-Pierre Lux",1946-01-09,"Dax; Landes",2020-12-14,"Dax; Landes",180,"Centre; Winger"
"Q3169559","Jean-Pierre Massines","Jean-Pierre Massines",1965-09-09,NA,NA,NA,NA,"2nd Row"
"Q3169578","Jean-Pierre Mir","Jean-Pierre Mir",1947-06-25,NA,2015-06-02,NA,NA,"Centre"
"Q3169596","Jean-Pierre Mouysset","Jean-Pierre Mouysset",1938-10-06,"Arles",1994-07-31,"Le Castellet; Var",192,"2nd Row"
"Q3169637","Jean-Pierre Pesteil","Jean-Pierre Pesteil",1954-11-12,NA,NA,NA,NA,"Fly-Half"
"Q3169672","Jean-Pierre Puidebois","Jean-Pierre Puidebois",1945-11-11,NA,2000-02-13,NA,NA,"Winger"
"Q3169695","Jean-Pierre Razat","Jean-Pierre Razat",1940-10-15,"Fumel",2025-02-02,"Agen",175,"Fullback; Fly-Half"
"Q3169722","Jean-Pierre Romeu","Jean-Pierre Romeu",1948-04-15,"Thuir",NA,NA,188,"Fly-Half"
"Q3169749","Jean-Pierre Saux","Jean-Pierre Saux",1928-11-13,"Paris",2007-11-18,"Biarritz",185,"2nd Row"
"Q3169865","Jean-Pierre Élissalde","Jean-Pierre Élissalde",1953-12-31,NA,NA,NA,NA,"Scrum-Half"
"Q3169878","Jean-Raphaël Alvarez","Jean-Raphaël Alvarez",1979-06-24,NA,NA,NA,NA,"Fullback"
"Q3169893","Jean-René Bouscatel","René Bouscatel",1946-04-16,NA,NA,NA,NA,NA
"Q3169969","Jean-Roger Bourdeu","Jean-Roger Bourdeu",1927-01-06,"Gan; Pyrénées-Atlantiques",2007-12-03,"Anglet",182,"Flanker"
"Q3170068","Jean-Victor Bertrand","Jean-Victor Bertrand",1972-03-12,"Valence; Drôme",NA,NA,182,"Winger"
"Q3170616","Jean Barthe","Jean Barthe",1932-07-22,"Lourdes",2017-12-02,"Carcassonne",182,"Number 8"
"Q3170731","Jean Bernon","Jean Bernon",1893-06-04,"Toulouse",1960-01-13,"Marseille",175,"2nd Row; Prop"
"Q3170776","Jean Bichindaritz","Jean Bichindaritz",1928-05-03,NA,1994-01-04,NA,NA,"Prop"
"Q3170799","Jean Blond","Jean Blond",1909-04-11,NA,1974-05-07,NA,NA,"Flanker"
"Q3170863","Jean Boubée","Jean Boubée",1900-10-11,NA,1973-04-07,NA,NA,"Number 8"
"Q3170902","Jean Bouilhou","Jean Bouilhou",1978-12-07,"Pau; Pyrénées-Atlantiques",NA,NA,193,"Flanker"
"Q3171060","Jean Bénetière","Jean Bénetière",1928-10-02,"Le Coteau",2006-07-07,"Roanne",NA,"Hooker"
"Q3171114","Jean Capdouze","Jean Capdouze",1942-08-30,"Salies-de-Béarn",1999-06-12,"Lasseubetat",172,"Fly-Half; Centre"
"Q3171139","Jean Carrère","Jean Carrère",1930-04-05,"Argelès-sur-Mer",2022-05-27,"Perpignan",180,"Flanker"
"Q3171167","Jean Castets","Jean Castets",1900-09-07,NA,1957-02-17,NA,NA,"2nd Row"
"Q3171177","Jean Caujolle","Jean Caujolle",1888-07-31,"Saint-Girons; Ariège",1943-03-30,"Renneville; Haute-Garonne",170,"Fullback"
"Q3171342","Jean Clavé","Jean Clavé",1915-03-02,NA,2003-12-09,NA,NA,"Hooker"
"Q3171352","Jean Clément","Jean Clément",1899-09-25,"Tarbes",1933-02-10,"Tarbes",175,"Fullback"
"Q3171387","Jean Colombier","Jean Colombier",1928-03-28,NA,2013-06-08,NA,NA,"Winger"
"Q3171408","Jean Condom","Jean Condom",1960-08-15,"Saint-André-de-Seignanx",NA,NA,197,"2nd Row"
"Q3171434","Jean Costantino","Jean Costantino",1944-09-28,"Montauban",NA,NA,175,"Hooker; Prop"
"Q3171541","Jean Danion","Jean Danion",1902-01-03,NA,1927-11-02,NA,NA,"Prop"
"Q3171558","Jean Darrieussecq","Jean Darrieussecq",1924-03-06,NA,1992-12-29,NA,NA,"Scrum-Half"
"Q3171568","Jean Daudé","Jean Daudé",1973-10-20,"Nîmes",NA,NA,198,"2nd Row"
"Q3171570","Jean Dauger","Jean Dauger",1919-11-12,"Cambo-les-Bains",1999-10-23,"Cambo-les-Bains",187,"Centre"
"Q3171597","Jean De Dieu Rakotonirina",NA,NA,NA,NA,NA,NA,NA
"Q3171707","Jean Desclaux","Jean Desclaux",1922-06-25,"Dax; Landes",2006-03-23,"Dax; Landes",NA,"Flanker"
"Q3171850","Jean Duhau","Jean Duhau",1906-05-01,"Ondres",1973-09-22,"Marseille",183,"Prop; Hooker; 3rd Row"
"Q3171958","Jean Fabre","Jean Fabre",1935-11-07,"Rodez",NA,NA,NA,"Flanker"
"Q3172178","Jean Gachassin","Jean Gachassin",1941-12-23,"Bagnères-de-Bigorre",NA,NA,162,"Fly-Half; Winger; Fullback; Centre"
"Q3172200","Jean Galia","Jean Galia",1905-03-20,"Ille-sur-Têt",1949-01-18,"Toulouse",184,"2nd Row; 3rd Row"
"Q3172744","Jean Iraçabal","Jean Iraçabal",1941-07-06,"Larressore",NA,NA,178,"Prop"
"Q3172810","Jean Jo Marmouyet","Jean-Joseph Marmouyet",1984-08-09,NA,NA,NA,192,"Flanker"
"Q3173012","Jean Larrieu","Jean Larrieu",1895-06-02,"Toulouse",1989-01-27,"Toulouse",174,"Flanker; Hooker"
"Q3173014","Jean Larribau","Léon Larribau",1889-03-02,"Anglet",1916-12-31,"Louvemont-Côte-du-Poivre",160,"Scrum-Half"
"Q3173026","Jean Laudouar","Jean Laudouar",1934-01-03,"Soustons",2003-04-06,"Rivière-Saas-et-Gourby",175,"Hooker"
"Q3173071","Jean Le Droff","Jean Le Droff",1939-06-22,"Ordan-Larroque",2021-11-11,"Toulouse",195,"2nd Row"
"Q3173231","Jean Liénard","Jean Liénard",1928-09-21,"Chaourse",2005-11-16,"La Tronche",168,"Scrum-Half"
"Q3173429","Jean Martin","Jean Martin",1905-07-03,NA,1984-02-09,NA,NA,NA
"Q3173456","Jean Matheu-Cambas","Jean Matheu-Cambas",1920-06-23,"Gelos",1989-05-26,"Castres",180,"Flanker"
"Q3173615","Jean Morère","Jean Morère",1902-05-08,"Castelnau-Magnoac",1968-01-06,"Castelnau-Magnoac",182,"Tighthead Prop"
"Q3173738","Jean Normand","Jean Normand",1934-12-11,NA,2016-11-12,NA,NA,"2nd Row"
"Q3173801","Jean Othats","Jean Othats",1937-05-06,"Bugnein",1964-09-10,"Lesperon",183,"Centre"
"Q3173979","Jean Pierre-Antoine","Jean Pierre-Antoine",1921-03-16,"Saint-Juéry; Tarn",1956-10-02,"Toulouse",183,"2nd Row"
"Q3174026","Jean Pilon","Jean Pilon",1925-10-14,NA,2000-11-30,NA,NA,"Fly-Half"
"Q3174033","Jean Piqué","Jean Piqué",1935-09-17,"Pau; Pyrénées-Atlantiques",2019-11-07,"Pau; Pyrénées-Atlantiques",181,"Centre"
"Q3174118","Jean Prin-Clary","Jean Prin-Clary",1912-07-15,"Marseille",1997-03-09,"Hyères",NA,"Prop"
"Q3174291","Jean Rey","Jean André Rey",1898-03-21,"Ginestet",1967-01-01,"Bergerac; Dordogne",NA,NA
"Q3174535","Jean Salut","Jean Salut",1943-04-14,"Beaumont-de-Lomagne",NA,NA,178,"Flanker"
"Q3174552","Jean Sarda","Jean Sarda",1941-06-13,"Béziers",2008-10-07,"Béziers",172,"Centre"
"Q3174610","Jean Semmartin","Jean Semmartin",1892-04-30,"Ars-en-Ré",1971-07-11,"Biarritz",171,"Fullback"
"Q3174629","Jean Sillières","Jean Sillières",1946-11-15,"Marciac",NA,NA,180,NA
"Q3174720","Jean Sébédio","Jean Sébédio",1890-12-12,"Saint-Jean-de-Luz",1951-06-12,"Saint-Jean-de-Luz",NA,"Prop; 2nd Row"
"Q3174854","Jean Trillo","Jean Trillo",1944-10-27,"Condom; Gers",NA,NA,180,"Centre"
"Q3175442","Jean de Grégorio","Jean de Gregorio",1935-12-09,"Romans-sur-Isère",2021-05-15,"La Tronche",175,"Hooker; Prop"
"Q3175878","Jeandré Fourie","Jeandré Fourie",1983-04-15,"Oudtshoorn",NA,NA,190,"Fly-Half; Fullback"
"Q3176327","Jebb Sinclair","Jebb Sinclair",1986-08-04,"Red Deer; Alberta",NA,NA,193,"Flanker; 2nd Row"
"Q3176552","Jeff McLean","Jeff McLean",1947-01-26,"Ipswich; Queensland",2010-08-06,NA,NA,"Winger"
"Q3176589","Jeff Squire","Jeff Squire",1951-09-23,NA,NA,NA,190,"Number 8"
"Q3176811","Jehoida Hodges","Jehoida Hodges",1876-07-15,NA,1930-09-13,NA,NA,NA
"Q3177273","Jeremaiya Tamanisau","Jeremaiya Tuilevu Tamanisau",1982-09-11,"Fiji",NA,NA,186,"Winger"
"Q3177306","Jeremy Davidson","Jeremy Davidson",1974-04-28,"Belfast",NA,NA,198,"2nd Row"
"Q3177328","Jeremy Manning","Jeremy Manning",1985-09-11,"Blenheim; New Zealand",NA,NA,178,"Fullback; Fly-Half"
"Q3177333","Jeremy Nel","Jeremy Nel",1934-09-21,"Louis Trichardt",2023-06-25,NA,NA,"Centre"
"Q3177336","Jeremy Paul","Jeremy Paul",1977-03-14,"Hamilton; New Zealand",NA,NA,186,"Hooker"
"Q3177350","Jeremy Staunton","Jeremy Staunton",1980-05-07,"Limerick",NA,NA,185,"Fly-Half"
"Q3177492","Jerry Meafou","Jerry Meafou",1982-04-22,"Apia",NA,NA,180,"Centre"
"Q3178537","Jharay Russell","Jharay Russell",1974-07-13,"Plymouth",NA,NA,190,"Number 8"
"Q3178722","Jim Aitken","Jim Aitken",1947-11-22,"Penicuik",NA,NA,NA,"Prop"
"Q3178816","Jim Hamilton","Jim Hamilton",1982-11-17,"Swindon",NA,NA,202,"2nd Row"
"Q3178817","Jim Hannan","Jim Hannan",1864-10-12,"Newport; Wales",1905-06-22,"Newport; Wales",NA,"Forward"
"Q3178879","Joseph Magee","Jim Magee",1870-03-25,"Dublin",1924-05-18,NA,NA,"Winger"
"Q3178885","Jim McCarthy","Jim McCarthy",1924-06-30,NA,2015-04-21,NA,NA,"Flanker"
"Q3178886","Jim McCoy","Jim McCoy",1958-06-28,NA,NA,NA,NA,"Prop"
"Q3178933","Jim Renwick","Jim Renwick",1952-02-12,"Hawick",NA,NA,174,"Centre"
"Q3178941","Jim Shanklin","Jim Shanklin",1948-12-11,NA,NA,NA,NA,"Winger"
"Q3178949","Jim Staples","Jim Staples",1965-10-20,"Bermondsey",NA,NA,188,"Fullback"
"Q3179000","Jimmie O'Sullivan","Jimmie O'Sullivan",1883-02-05,"Okaiawa",1960-12-21,"Hāwera",178,"2nd Row"
"Q3179036","Jimmy Duncan","Jimmy Duncan",1869-11-12,"Dunedin",1953-10-19,"Dunedin",175,"Flanker; Centre"
"Q3179047","James Leo Farrell","Jimmy Farrell",1903-08-07,"County Meath",1979-10-24,"Cirencester",NA,"2nd Row; Number 8"
"Q3179051","Jimmy Gopperth","Jimmy Gopperth",1983-06-29,"New Plymouth",NA,NA,179,"Fly-Half"
"Q3179063","Jimmy Hunter","Jimmy Hunter",1879-03-06,"Hāwera",1962-12-14,"Whanganui",168,"Centre; Fly-Half"
"Q3179073","Jimmy Ledgard","James Ledgard",1922-06-09,"Wakefield",2007-01-26,"Dewsbury",NA,NA
"Q3179079","Jimmy Marlu","Jimmy Marlu",1977-05-25,"Saint-Joseph; Martinique",NA,NA,180,"Centre; Winger; Fullback"
"Q3179090","Jimmy Mill","Jimmy Mill",1899-11-19,"Tokomaru Bay",1950-03-29,"Gisborne; New Zealand",170,"Scrum-Half"
"Q3179170","Jimmy Yobo","Jimmy Yobo",1992-02-20,"Grasse",NA,NA,180,"Centre"
"Q3179435","Joachim Algisi","Joachim Algisi",1986-05-27,NA,NA,NA,180,"Hooker"
"Q3179564","Joan Caudullo","Joan Caudullo",1982-01-05,NA,NA,NA,176,"Hooker"
"Q3179753","Joaquin Pastore","Joaquin Pastore",1981-12-08,"Montevideo",NA,NA,179,"Winger; Centre"
"Q3179777","Joaquín Tuculet","Joaquín Tuculet",1989-08-08,"La Plata",NA,NA,183,"Fullback; Winger; Centre; Fly-Half"
"Q3179820","Jocelino Suta","Jocelino Suta",1982-11-18,"Port Vila",NA,NA,195,"2nd Row; 3rd Row"
"Q3179896","Jock Hobbs","Jock Hobbs",1960-02-15,"Christchurch",2012-03-13,"Wellington",185,"Flanker"
"Q3179899","Jock Richardson","Jock Richardson",1899-04-02,"Dunedin",1994-10-28,"Nowra",185,"2nd Row"
"Q3179950","Jody Jenneker","Jody Jenneker",1984-04-10,"Durban",NA,NA,182,"Hooker"
"Q3179966","Joé Anduran","Joe Anduran",1882-05-24,"Bayonne",1914-10-02,"Bois-Bernard",174,"Hooker"
"Q3179968","Joe Ansbro","Joe Ansbro",1985-10-29,"Glasgow",NA,NA,183,"Centre"
"Q3180054","Joe El-Abd","Joe El Abd",1980-02-23,"Brighton",NA,NA,188,"Flanker"
"Q3180097","Joe Karam","Joe Karam",1951-11-21,"Taumarunui",NA,NA,173,"Fullback"
"Q3180098","Joe Kaminer","Joe Kaminer",1934-01-25,"Bela-Bela Local Municipality",2021-08-02,NA,183,"Centre"
"Q3180114","Joseph Mbu","Joe Mbu",1981-12-24,"Lagos",NA,NA,185,"Winger"
"Q3180129","Joe McDonnell","Joe McDonnell",1973-03-01,"Hastings; New Zealand",NA,NA,180,"Loosehead Prop"
"Q3180173","Joe Roff","Joe Roff",1975-09-20,"Heathcote",NA,NA,191,"Winger; Fullback"
"Q3180190","Joe Stanley","Joe Stanley",1957-04-13,"Auckland",NA,NA,178,"Centre"
"Q3180204","Joe van Niekerk","Joe van Niekerk",1980-05-14,"Gqeberha",NA,NA,193,"Number 8; Flanker"
"Q3180275","Joeli Veitayaki","Joeli Veitayaki",1967-01-12,"Matuku Island",NA,NA,185,"Prop"
"Q3180277","Joeli Vidiri","Joeli Vidiri",1973-11-23,"Nausori",2022-02-23,"Sacramento; California",190,"Winger"
"Q3180347","Joffrey Michel","Joffrey Michel",1987-03-04,"Arles",NA,NA,191,"Fullback; Winger"
"Q3180391","Johan Claassen","Johan Claassen",1929-09-23,"Prince Albert; South Africa",2019-01-06,"Pretoria",NA,"2nd Row"
"Q3180394","Johan Dalla Riva","Johan Dalla Riva",1978-09-02,"Lavaur; Tarn",NA,NA,185,"Winger; Fullback"
"Q3180404","Johan Goosen","Johan Goosen",1992-07-27,"Burgersdorp",NA,NA,184,"Fly-Half; Fullback"
"Q3180407","Johan Hendriks","Johan Hendriks",1973-02-01,"Vryheid",NA,NA,186,"Prop"
"Q3180454","Johan Roux","Johan Roux",1969-02-25,"Pretoria",NA,NA,180,"Scrum-Half"
"Q3180457","Johan Steenekamp","Johan Steenekamp",1935-09-02,"Alberton; South Africa",2007-08-16,NA,192,"2nd Row"
"Q3180464","Johan van Zyl","Johan van Zyl",1980-11-11,"Lutzville",NA,NA,197,"2nd Row"
"Q3180465","Johan Wasserman","Johan Wasserman",1977-07-29,"Ermelo; South Africa",NA,NA,187,"Flanker"
"Q3180823","Johañe Luro","Johañe Luro",1984-04-30,NA,NA,NA,182,"Hooker"
"Q3180900","John Allan","John Allan",1905-06-04,NA,1958-12-29,NA,NA,"Prop"
"Q3180901","John Allan","John Allan",1963-11-25,"Glasgow",NA,NA,178,"Hooker"
"Q3180936","John Arthur Jones","Arthur Jones",1856-05-26,"Risca",1919-01-20,"Llandaff",NA,"Forward"
"Q3180943","John Ashworth","John Ashworth",1949-09-15,"Waikari",NA,NA,188,"Prop"
"Q3180986","John Ballesty","John Ballesty",1945-05-20,NA,NA,NA,NA,"Fly-Half"
"Q3180995","John Barclay","John Barclay",1986-09-24,"Hong Kong",NA,NA,191,"Flanker"
"Q3181016","John Beattie","John Beattie",1907-01-05,"Hawick",1977-02-10,"Hawick",NA,"2nd Row"
"Q3181019","John Beattie","John Beattie",1957-11-27,NA,NA,NA,NA,"Number 8"
"Q3181022","Johnnie Beattie","John Beattie",1985-11-21,"Glasgow",NA,NA,193,"Number 8"
"Q3181040","John Bentley","John Bentley",1966-09-05,NA,NA,NA,NA,"Winger"
"Q3181054","John Bevan","John Bevan",1950-10-28,"Tylorstown",NA,NA,183,"Winger"
"Q3181084","John Boe","John Boe",1955-11-23,"Auckland",NA,NA,178,"Centre; Fly-Half"
"Q3181101","John Boswell","John Boswell",1867-02-16,NA,1948-01-08,"Edinburgh",NA,"Forward"
"Q3181124","John Brass","John Brass",1946-10-07,NA,NA,NA,NA,"Centre"
"Q3181139","John Buchanan","John Buchanan",1896-06-18,"Blantyre",1976-02-19,"Tonbridge",NA,"Hooker"
"Q3181199","John Carleton","John Carleton",1955-11-24,NA,NA,NA,180,"Winger"
"Q3181249","John Coffey","John Coffey",1877-05-06,"Dublin",1945-09-28,"Dublin",NA,"3rd Row"
"Q3181253","John Cole","John Cole",1946-09-20,NA,NA,NA,NA,"Winger"
"Q3181263","John Connolly","John Connolly",1951-06-26,NA,NA,NA,NA,NA
"Q3181270","John Corbett","John Corbett",1880-01-01,"Reefton",1945-04-11,"Ratapiko",180,"2nd Row"
"Q3181285","John Crabbie","John Crabbie",1879-04-11,"Edinburgh",1937-08-21,"Port of Monteith",NA,"Winger"
"Q3181318","John Dallas","John Dallas",1878-06-11,"Edinburgh",1942-07-31,"Aberdeen",NA,"Forward"
"Q3181321","John Daly","John Daly",1917-12-12,"Cobh",1988-11-10,"Chertsey",NA,"Prop"
"Q3181347","John Devereux","John Devereux",1966-03-30,NA,NA,NA,NA,"Centre"
"Q3181382","John Drake","John Drake",1959-01-22,"Auckland",2008-12-12,"Mount Maunganui",183,"Prop"
"Q3181504","John Fleming","John Fleming",1953-05-02,"Auckland",NA,NA,196,"2nd Row"
"Q3181506","John Flett","John Flett",1963-06-15,"Manly; New South Wales",NA,NA,NA,"Winger"
"Q3181513","John Fogarty","John Fogarty",1928-10-18,"Brisbane",2007-07-09,NA,NA,"Winger"
"Q3181521","John Forrest","John Forrest",1917-04-28,"Glasgow",1942-09-14,NA,NA,"Winger"
"Q3181545","John Fulton","John Fulton",1871-07-01,NA,1948-04-17,NA,NA,"Fullback"
"Q3181556","John Gainsford","John Gainsford",1938-08-04,NA,2015-11-18,NA,NA,"Centre"
"Q3181557","John Anthony Gallagher","John Gallagher",1964-01-29,"London",NA,NA,190,"Fullback"
"Q3181584","John Gillespie","John Gillespie",1879-01-16,"Edinburgh",1943-12-05,"Edinburgh",NA,NA
"Q3181624","John Graf","John Graf",1968-12-03,NA,NA,NA,NA,"Scrum-Half"
"Q3181626","John Graham","John Graham",1935-01-09,"Stratford; New Zealand",2017-08-02,"Auckland",178,"Flanker; Number 8"
"Q3181639","John Greenwell","John Greenwell",1864-08-10,"Tynemouth",1943-11-22,"Northumberland",NA,"Forward"
"Q3181702","John Hart","John Hart",1946-01-01,"Auckland",NA,NA,NA,"Scrum-Half"
"Q3181704","John Hastie","John Hastie",1908-03-16,"Peebles",1965-01-19,NA,NA,"Hooker"
"Q3181759","John Hipwell","John Hipwell",1948-01-24,"Mayfield",2013-09-23,"Ballina; New South Wales",NA,"Scrum-Half"
"Q3181779","John Hore","John Hore",1907-08-09,"Dunedin",1979-07-07,"Dunedin",177,"Prop; Hooker"
"Q3181780","John Horton","John Horton",1951-04-11,NA,NA,NA,NA,"Fly-Half"
"Q3181813","John Isaac","Jack Isaac",1972-03-11,"Wagga Wagga",NA,NA,186,"Centre"
"Q3181828","John Jeffrey","John Jeffrey",1959-03-25,"Kelso; Scottish Borders",NA,NA,NA,"Flanker"
"Q3181857","John Kelly","John Kelly",1974-04-18,NA,NA,NA,178,"Winger"
"Q3181859","John Kendall-Carpenter","John Kendall-Carpenter",1925-09-01,NA,1990-05-24,NA,NA,"Number 8"
"Q3181929","John Leslie","John Leslie",1970-11-25,"Lower Hutt",NA,NA,193,"Centre"
"Q3181938","John Liley","John Liley",1967-08-21,"Wakefield",NA,NA,183,"Fullback"
"Q3181964","John Lytle","John Lytle",1869-07-01,NA,1904-08-01,NA,NA,NA
"Q3181969","John MacCallum","John MacCallum",1883-10-11,NA,1957-11-29,NA,NA,NA
"Q3181974","John Macauley","John Macaulay",1867-01-01,"Limerick",1957-08-17,"Listowel",NA,"Forward"
"Q3181992","John Mantle","John Mantle",1942-03-13,"Cardiff",2018-11-18,"St Helens; Merseyside",NA,"2nd Row"
"Q3182098","John Mitchell","John Mitchell",1964-03-23,"Hāwera",NA,NA,190,"2nd Row; Number 8; Flanker"
"Q3182102","John Moloney","John Moloney",1949-08-27,NA,NA,NA,NA,"Scrum-Half"
"Q3182115","John Moore","John Moore",1978-05-03,"Rotorua",NA,NA,198,"2nd Row"
"Q3182200","John O'Driscoll","John O'Driscoll",1953-11-26,"Dublin",NA,NA,NA,"Flanker"
"Q3182217","John Olver","John Olver",1961-04-23,NA,NA,NA,NA,"Hooker"
"Q3182224","John Orwin","John Orwin",1954-03-20,NA,NA,NA,NA,"2nd Row"
"Q3182246","John Palmer","John Palmer",1957-02-13,"Malta",NA,NA,NA,"Centre"
"Q3182253","John Paterson","John Paterson",1900-12-19,NA,1970-09-25,"Liverpool",NA,"Flanker"
"Q3182273","John Payne","John Payne",1980-02-01,"Manly; New South Wales",NA,NA,185,"Centre"
"Q3182320","John Pullin","John Pullin",1941-11-01,NA,2021-02-05,NA,182,"Hooker"
"Q3182340","John Raphael","John Raphael",1882-04-30,"Brussels metropolitan area",1917-06-11,"Rémy; Pas-de-Calais",NA,"Centre"
"Q3182401","John Rutherford","John Rutherford",1955-10-04,NA,NA,NA,NA,"Fly-Half"
"Q3182405","John Ryan","John Ryan",NA,NA,1937-10-01,"Cashel; County Tipperary",NA,"Forward"
"Q3182417","John Samuel","John Samuel",1867-05-11,"Swansea",1947-12-23,"Manselton",NA,"Forward"
"Q3182442","John Scott","John Scott",1954-09-28,"Exeter",NA,NA,NA,"2nd Row"
"Q3182443","John Scoular","John Scoular",1885-09-17,"Whitehaven",1953-09-07,"Wakefield",NA,"Fullback"
"Q3182449","John Senio","John Senio",1982-09-10,"Auckland",NA,NA,182,"Scrum-Half"
"Q3182463","John Simson","John Simson",1884-10-21,"Edinburgh",1976-03-30,NA,NA,"Winger"
"Q3182486","John Solomon","John Solomon",1929-10-15,NA,2020-03-18,NA,NA,"Winger"
"Q3182511","Billy Stead","Billy Stead",1877-09-18,"Invercargill",1958-07-21,"Bluff; New Zealand",173,"Fly-Half"
"Q3182526","John Stewart","John Stewart",1981-01-30,"Christchurch",NA,NA,193,"Fullback; Centre"
"Q3182547","John Willie Sutcliffe","John Sutcliffe",1868-04-14,"Shibden",1947-07-07,"Bradford",183,NA
"Q3182560","John Tait","John Tait",1973-08-14,"Orangeville; Ontario",NA,NA,202,"2nd Row"
"Q3182576","John Taylor","John Taylor",1945-07-21,"Watford",NA,NA,180,"Flanker"
"Q3182601","John Thornett","John Thornett",1935-03-30,NA,2019-01-04,NA,NA,"Flanker"
"Q3182629","John Uzzell","John Uzzell",1942-03-28,"Deri",NA,NA,NA,"Centre"
"Q3182710","John Wells","John Wells",1963-05-12,"Driffield",NA,NA,NA,"Flanker"
"Q3182829","Johne Murphy","Johne Murphy",1984-11-10,"Rathangan; County Kildare",NA,NA,188,"Winger; Fullback"
"Q3182843","Johnnie Wallace","Johnnie Wallace",1900-10-05,NA,1975-11-03,NA,NA,"Winger"
"Q3182865","Johnny Buchler","Johnny Buchler",1930-04-07,NA,2017-08-01,NA,NA,"Fullback"
"Q3182933","Johnny Leo'o","Johnny Leo'o",1978-10-13,"Auckland",NA,NA,185,"Flanker; Number 8"
"Q3182947","Johnny Ngauamo","Johnny Ngauamo",1969-07-20,"Nukuʻalofa",NA,NA,185,"Centre"
"Q3182961","Johannes Redelinghuys","Johnny Redelinghuys",1984-02-07,"Windhoek",NA,NA,180,"Prop"
"Q3182987","Johnny Williams","Johnny Williams",1882-01-03,"Whitchurch; Cardiff",1916-07-12,"Mametz; Somme",NA,"Winger"
"Q3183006","Johnson Falefa","Johnson Falefa",1989-07-26,NA,NA,NA,187,"Prop"
"Q3183177","Jon Callard","Jon Callard",1966-01-01,NA,NA,NA,180,"Fullback"
"Q3183195","Jon Hall","John Hall",1962-03-15,"Bath; Somerset",NA,NA,191,"Flanker"
"Q3183200","Jon Iturriria","Jon Iturriria",1985-03-28,NA,NA,NA,187,"Fly-Half; Fullback"
"Q3183225","Jon Petrie","Jon Petrie",1976-10-19,"Dundee",NA,NA,193,"Flanker; Number 8"
"Q3183243","Jon Thiel","Jon Thiel",1975-05-31,"White Rock; British Columbia",NA,NA,185,"Tighthead Prop"
"Q3183245","Jon Welsh","Jon Welsh",1986-10-13,"Glasgow",NA,NA,185,"Prop"
"Q3183317","Jonathan Bell","Jonathan Bell",1974-02-07,"Belfast",NA,NA,180,"Centre"
"Q3183326","Jonathan Best","Jonathan Best",1983-08-02,"Romans-sur-Isère",NA,NA,193,"2nd Row; Number 8; Flanker"
"Q3183330","Jonathan Bousquet","Jonathan Bousquet",1988-03-05,"Béziers",NA,NA,170,"Fullback; Winger"
"Q3183360","Jonathan Elgoyhen","Jonathan Elgoyhen",1987-12-18,NA,NA,NA,193,"Flanker; Number 8; 2nd Row"
"Q3183372","Jonathan Garcia","Jonathan Garcia",1984-12-05,"Bordeaux",NA,NA,190,"Prop"
"Q3183424","Jonathan Meredith","Jonathan Meredith",1978-07-09,"Apia",NA,NA,175,"Hooker"
"Q3183437","Jonathan Pélissié","Jonathan Pélissié",1988-06-06,"Aubergenville",NA,NA,179,"Scrum-Half; Fly-Half"
"Q3183471","Jonathan Stuart","Jonathan Stuart",1975-12-29,"Burnley",NA,NA,183,"Centre"
"Q3183497","Jonathan Webb","Jonathan Webb",1963-08-24,NA,NA,NA,188,"Fullback"
"Q3183502","Jonathan Wisniewski","Jonathan Wisniewski",1985-07-16,"Albi",NA,NA,182,"Fly-Half"
"Q3183539","Jone Qovu","Jone Qovu",1985-07-26,"Sigatoka",NA,NA,197,"2nd Row; Number 8; Flanker"
"Q3183541","Jone Railomo","Jone Railomo",1981-02-26,"Suva",2009-08-08,"Suva",183,"Prop"
"Q3183546","Jone Tawake","Jone Tawake",1982-04-17,"Suva",NA,NA,187,"Number 8"
"Q3183557","Jonetani Robanakadavu","Jonetani Robanakadavu",1978-07-20,NA,NA,NA,198,"2nd Row; Number 8"
"Q3183563","Jongi Nokwe","Jongi Nokwe",1981-12-30,"Ciskei",NA,NA,184,"Winger"
"Q3183595","Jonny Fa'amatuainu","Jonny Fa'amatuainu",1983-12-29,"Auckland",NA,NA,199,"2nd Row; Flanker"
"Q3183609","Johnny O'Connor","Jonny O'Connor",1980-02-09,"Galway",NA,NA,180,"Flanker"
"Q3183616","Jono Gibbes","Jono Gibbes",1977-01-22,"Henderson; New Zealand",NA,NA,193,"Flanker; 2nd Row"
"Q3183684","Jordan Crane","Jordan Crane",1986-06-03,"Bromsgrove",NA,NA,191,"Number 8"
"Q3183692","Jordan Garnier","Jordan Garnier",1982-05-01,"Martigues",NA,NA,184,"Fly-Half; Fullback"
"Q3183700","Jordan Merle","Jordan Merle",1988-02-26,"Bourgoin-Jallieu",NA,NA,180,"Hooker"
"Q3183783","Jorge Allen","Jorge Allen",NA,"Vicente López Partido",NA,NA,190,"Flanker"
"Q3183826","Jorge García","Jorge García",1977-09-27,"Jesús María; Argentina",NA,NA,184,"Prop"
"Q3183939","Julian Gardner","Julian Gardner",1964-05-12,"Brisbane",NA,NA,193,"Flanker"
"Q3183951","Jorrie Muller","Jorrie Muller",1981-03-01,NA,NA,NA,180,NA
"Q3184545","Joseph Augé","Joseph Augé",1904-03-19,"Dax; Landes",1984-06-10,"Dax; Landes",178,"Number 8; Flanker; 2nd Row"
"Q3184580","Joseph Bavozet","Joseph Bavozet",1887-05-26,"2nd arrondissement of Lyon",1967-05-15,"7th arrondissement of Lyon",175,"Flanker"
"Q3184758","Joseph Choy","Joseph Choy",1905-08-19,NA,1990-06-01,NA,NA,"Prop"
"Q3184798","Joseph Crespo","Joseph Crespo",1925-01-01,"Elne",2004-05-07,"Mably; Loire",172,"Scrum-Half"
"Q3184842","Joseph Desclaux",NA,1912-02-01,"Collioure",1988-03-26,"Collioure",168,"Centre; Fly-Half"
"Q3184985","Joseph Galy","Joseph Galy",1929-12-22,NA,1997-06-26,NA,NA,"Centre"
"Q3185148","Joseph Jourdain de Muizon","Joseph Jourdain de Muizon",1890-12-29,NA,1958-10-23,NA,NA,"Winger"
"Q3185316","Joseph Marmayou","Joseph Marmayou",1898-10-02,"Perpignan",1978-10-20,"Vichy",170,"Fullback"
"Q3185403","Joseph Navarro","Joseph Navarro",1946-03-27,"Caudete",2011-12-13,"Béziers",170,"Centre"
"Q3185454","Joseph Pascot","Joseph Pascot",1897-12-11,NA,1974-06-04,NA,NA,"Fly-Half"
"Q3185624","Joseph Sayrou","Joseph Sayrou",1898-08-12,NA,1975-07-29,NA,NA,"Prop"
"Q3185694","Joe Tuineau","Joseph Tu'ineau",1981-08-18,"Suva",NA,NA,202,"2nd Row"
"Q3185703","Joseph Wilson Vaka","Joseph Vaka",1980-11-21,"Nukuʻalofa",NA,NA,186,"Winger; Centre"
"Q3185918","Josese Bale","Josese Bale",1976-02-10,"Waiyevo",NA,NA,182,"Prop"
"Q3185975","Josh Holmes","Josh Holmes",1987-01-06,"Sydney",NA,NA,186,"Scrum-Half"
"Q3185977","Josh Jackson","Josh Jackson",1980-10-02,"Fergus",NA,NA,198,"2nd Row"
"Q3185986","Josh Kronfeld","Josh Kronfeld",1971-06-20,"Hastings; New Zealand",NA,NA,185,"Flanker"
"Q3185989","Josh Matavesi","Josh Matavesi",1990-10-05,"Camborne",NA,NA,184,"Fly-Half; Centre; Fullback"
"Q3186060","Josias Jacobus Du Toit","Josias Jacobus du Toit",1984-06-20,"Kroonstad",NA,NA,182,"Hooker"
"Q3186246","José Cilley","José Cilley",1972-12-28,NA,NA,NA,178,"Fly-Half"
"Q3186267","José Díaz","José Díaz",1963-03-31,"Valencia",NA,NA,188,"Flanker"
"Q3186451","José María Núñez Piossek","José María Núñez Piossek",1976-12-06,"San Miguel de Tucumán",NA,NA,184,"Winger"
"Q3186497","José Orengo","José Orengo",1976-04-26,"Rosario",NA,NA,175,"Centre"
"Q3186525","José Pinto","José Pinto",1981-02-05,"Lisbon",NA,NA,175,"Scrum-Half"
"Q3186536","José Rakoto","José Rakoto",1980-12-11,NA,NA,NA,NA,NA
"Q3187310","João Luiz da Ros","João Luiz da Ros",1982-10-07,"Florianópolis",NA,NA,NA,NA
"Q3187329","João Uva","João Uva",1980-05-19,"Lisbon",NA,NA,182,"Flanker"
"Q3187425","Joël Koffi","Joël Koffi",1984-11-07,NA,NA,NA,189,"Flanker"
"Q3187436","Joël Merlaud","Joël Merlaud",1944-02-25,NA,NA,NA,188,"2nd Row"
"Q3187451","Joël Pécune","Joël Pécune",1951-03-03,NA,NA,NA,NA,"Centre"
"Q3187454","Joël Rey","Joël Rey",1965-04-14,NA,NA,NA,176,"Hooker"
"Q3187550","Juan Angelillo","Juan Angelillo",1963-04-10,NA,NA,NA,NA,"Hooker"
"Q3187593","Juan Campomar","Juan Campomar",1982-03-10,NA,NA,NA,173,"Scrum-Half"
"Q3187595","Juan Carlos Bado","Juan Carlos Bado",1973-12-29,"Montevideo",NA,NA,197,"2nd Row"
"Q3187645","Juan Figallo","Juan Figallo",1988-03-25,"Salta",NA,NA,189,"Prop"
"Q3187647","Juan Francisco Gomez","Juan Gomez",1984-03-27,"Buenos Aires",NA,NA,183,"Prop"
"Q3187685","Juan José Imhoff","Juan Imhoff",1988-05-11,"Rosario",NA,NA,185,"Winger"
"Q3187702","Juan Labat","Juan Labat",NA,NA,NA,NA,NA,"Winger"
"Q3187723","Juan Martín Berberián","Juan Martín Berberián",1977-04-25,NA,NA,NA,190,"Winger"
"Q3187742","Juan Murré","Juan Murré",1980-03-21,NA,NA,NA,185,"Prop"
"Q3187756","Juan Pablo Orlandi","Juan Pablo Orlandi",1983-06-20,"Mendoza; Argentina",NA,NA,190,"Prop"
"Q3187834","Juan de Jongh","Juan de Jongh",1988-04-15,"Paarl",NA,NA,177,"Centre"
"Q3187851","Juan Fernández Miranda","Juan de la Cruz Fernandez Miranda",1974-11-07,"Buenos Aires",NA,NA,179,"Fly-Half; Centre"
"Q3187964","Judicaël Baquet","Judicaël Baquet",1982-01-18,NA,NA,NA,183,"Prop"
"Q3188462","Jules Cadenat","Jules Cadenat",1885-09-18,"Béziers",1966-12-07,"Béziers",181,"Number 8; 2nd Row; Prop"
"Q3188653","Jules Hauc","Jules Hauc",1905-05-20,"Maureilhan",1957-12-08,"Toulon",175,"Prop; Number 8"
"Q3188851","Jules Plisson","Jules Plisson",1991-08-20,"Neuilly-sur-Seine",NA,NA,184,"Fly-Half"
"Q3189088","Julian Fiorini","Julian Fiorini",1982-05-26,"Angers",NA,NA,178,"Prop"
"Q3189091","Julian Huxley","Julian Huxley",1979-08-06,"Sydney",NA,NA,186,"Fullback; Fly-Half"
"Q3189106","Julian Savea","Julian Savea",1990-08-07,"Wellington",NA,NA,192,"Winger; Centre"
"Q3189111","Julian Vulakoro","Julian Vulakoro",1981-06-30,"Suva",NA,NA,180,"Centre"
"Q3189114","Julian White","Julian White",1973-05-14,"Plymouth",NA,NA,185,"Prop"
"Q3189343","Julien Arrieta","Julien Arrieta",1924-09-11,"Irun",2017-03-09,"Saint-Jean-de-Luz",168,"Hooker"
"Q3189360","Julien Berger","Julien Berger",1990-01-10,NA,NA,NA,171,"Scrum-Half"
"Q3189392","Julien Brugnaut","Julien Brugnaut",1981-11-17,"Lille",NA,NA,183,"Prop"
"Q3189405","Julien Campo","Julien Campo",1981-05-01,"Auch",NA,NA,180,"Hooker"
"Q3189406","Julien Caminati","Julien Caminati",1985-10-28,"Nantua",NA,NA,178,"Winger; Fullback; Centre"
"Q3189409","Julien Capdeillayre","Julien Capdeillayre",1981-10-16,"Toulouse",NA,NA,187,"Number 8"
"Q3189410","Julien Candelon","Julien Candelon",1980-07-08,"Agen",NA,NA,169,"Winger"
"Q3189416","Julien Cazenave","Julien Cazenave",1985-08-15,NA,NA,NA,182,"Winger; Fullback"
"Q3189423","Julien Chouquet","Julien Chouquet",1987-05-30,"Toulon",NA,NA,183,"Fullback; Centre"
"Q3189480","Julien Dufau","Julien Dufau",1888-02-18,"Biarritz",1888-02-18,"Agadez",174,"Centre; Winger"
"Q3189482","Julien Dumora","Julien Dumora",1988-03-24,"Arudy",NA,NA,184,"Fly-Half; Fullback"
"Q3189487","Julien Facundo","Julien Facundo",1986-03-26,NA,NA,NA,190,"Prop"
"Q3189489","Julien Faurois","Julien Faurois",1981-12-01,"Metz",NA,NA,180,"Prop; Hooker"
"Q3189492","Julien Flanquart","Julien Flanquart",1983-08-18,NA,NA,NA,196,"2nd Row"
"Q3189499","Julien Frier","Julien Frier",1974-09-28,"Grenoble",NA,NA,190,"Number 8"
"Q3189501","Julien Fumat","Julien Fumat",1987-03-26,"Pau; Pyrénées-Atlantiques",NA,NA,180,"Centre"
"Q3189506","Julien Gaultier","Julien Gaulthier",1984-04-30,NA,NA,NA,181,"Centre"
"Q3189512","Julien Gros","Julien Gros",1991-07-20,NA,NA,NA,177,"Fly-Half; Fullback"
"Q3189532","Julien Jacquot","Julien Jacquot",1982-05-18,"Dole; Jura",NA,NA,183,"Prop"
"Q3189536","Julien Jeuvrey","Julien Jeuvrey",1985-04-18,"Dijon",NA,NA,182,"Fullback; Winger"
"Q3189549","Julien Laharrague","Julien Laharrague",1978-07-29,"Tarbes",NA,NA,185,"Fullback"
"Q3189554","Julien Le Devedec","Julien Le Devedec",1986-06-04,"Sainte-Foy-la-Grande",NA,NA,199,"2nd Row; Number 8"
"Q3189567","Julien Lesgourgues","Julien Lesgourgues",1979-01-04,NA,NA,NA,NA,"Scrum-Half; Fly-Half"
"Q3189589","Julien Malzieu","Julien Malzieu",1983-05-04,"Le Puy-en-Velay",NA,NA,193,"Winger"
"Q3189591","Julien Maréchal","Julien Maréchal",1986-01-07,NA,NA,NA,193,"2nd Row"
"Q3189606","Julien Patey","Julien Patey",1984-04-25,"Léhon",NA,NA,181,"Centre"
"Q3189612","Julien Peyrelongue","Julien Peyrelongue",1981-04-02,"Bayonne",NA,NA,188,"Fly-Half"
"Q3189626","Julien Puricelli","Julien Puricelli",1981-08-01,"France",NA,NA,196,"Flanker"
"Q3189633","Julien Raynaud","Julien Raynaud",1987-05-28,"Toulouse",NA,NA,189,"Flanker"
"Q3189636","Julien Rey","Julien Rey",1986-09-01,"Toulouse",NA,NA,191,"Centre"
"Q3189645","Julien Salellas","Julien Salellas",1981-08-30,NA,NA,NA,NA,"Number 8"
"Q3189650","Julien Saubade","Julien Saubade",1983-11-05,"Bayonne",NA,NA,173,"Winger"
"Q3189654","Julien Sentenac","Julien Sentenac",1986-01-30,NA,NA,NA,NA,"Scrum-Half"
"Q3189656","Julien Seron","Julien Seron",1983-11-01,NA,NA,NA,177,"Scrum-Half"
"Q3189660","Julien Sidobre","Julien Sidobre",1975-01-01,"Carcassonne",NA,NA,188,"Hooker"
"Q3189676","Julien Tastet","Julien Tastet",1987-01-27,"Labastide-d'Armagnac",NA,NA,188,"Flanker"
"Q3189680","Julien Tilloles","Julien Tilloles",1977-10-29,NA,NA,NA,NA,"Scrum-Half"
"Q3189681","Julien Tomas","Julien Tomas",1985-04-21,"Montpellier",NA,NA,178,"Scrum-Half"
"Q3189683","Julien Tourtoulou","Julien Tourtoulou",1983-11-05,NA,NA,NA,198,"Flanker; Number 8"
"Q3189686","Julien Turini","Julien Turini",1983-11-29,"Toulouse",NA,NA,187,"Prop"
"Q3189811","Julio Farías Cabello","Julio Farías Cabello",1978-09-19,"San Miguel de Tucumán",NA,NA,193,"2nd Row; Flanker; Number 8"
"Q3189813","Julio García","Julio García",1975-07-03,"Córdoba; Argentina",NA,NA,185,"Prop"
"Q3190060","Junior Poluleuligaga","Junior Poluleuligaga",1981-02-05,"Ōtāhuhu",NA,NA,183,"Scrum-Half"
"Q3190061","Junior Pelesasa","Junior Pelesasa",1980-10-17,"Auckland",NA,NA,180,"Centre"
"Q3190062","Junior Sa'u","Junior Sau",1987-04-18,"Ōtāhuhu",NA,NA,NA,"Centre; Winger"
"Q3190195","Jurie van Tonder","Jurie van Tonder",1980-04-09,"Windhoek",NA,NA,182,"Scrum-Half"
"Q3190412","Justin Bishop","Justin Bishop",1974-11-08,"Crawley",NA,NA,185,"Winger"
"Q3190423","Justin Collins","Justin Collins",1974-04-09,"Hobart",NA,NA,194,"Flanker"
"Q3190437","Justin Fitzpatrick","Justin Fitzpatrick",1973-11-21,"Chichester",NA,NA,188,"Prop"
"Q3190475","Justin Mensah-Coker","Justin Mensah-Coker",1983-11-18,"Vancouver",NA,NA,196,"Winger"
"Q3190488","Justin Purll","Justin Purll",1979-11-13,NA,NA,NA,197,"2nd Row"
"Q3190490","Justin Purdie","Justin Purdie",1980-05-30,"Wellington",NA,NA,193,"Flanker"
"Q3190503","Justin Swart","Justin Swart",1972-07-23,"Stellenbosch",NA,NA,183,"Winger"
"Q3190507","Justin Va'a","Justin Va'a",1978-07-26,"Lower Hutt",NA,NA,183,"Prop"
"Q3190631","Jye Mullane","Jye Mullane",1981-12-21,NA,NA,NA,NA,"Centre"
"Q3190721","Jérémie Moles","Jérémie Moles",1982-11-09,NA,NA,NA,177,"Scrum-Half"
"Q3190739","Jérémy Bertin","Jérémy Bertin",1982-10-04,"Draguignan",NA,NA,170,"Scrum-Half"
"Q3190740","Jérémy Bourlon","Jérémy Bourlon",1987-05-04,NA,NA,NA,174,"Fly-Half"
"Q3190741","Jérémy Castex","Jérémy Castex",1981-08-19,"Dax; Landes",NA,NA,176,"Prop"
"Q3190754","Jérémy Gondrand","Jérémy Gondrand",1990-02-23,"La Côte-Saint-André",NA,NA,179,"Fly-Half"
"Q3190755","Jérémy Hierso","Jérémy Hierso",1982-03-15,"Champigny-sur-Marne",NA,NA,193,"3rd Row"
"Q3190757","Jérémy Hurou","Jérémy Hurou",1984-03-26,"Tarbes",NA,NA,182,"Prop"
"Q3190770","Jérémy Sinzelle","Jérémy Sinzelle",1990-07-02,"Nice",NA,NA,184,"Centre; Fullback; Winger; Fly-Half"
"Q3190773","Jérémy Valls","Jérémy Valls",1974-02-18,"Mauguio",NA,NA,178,"Fly-Half"
"Q3190793","Jérôme Accorsi","Jérôme Accorsi",1981-08-24,NA,NA,NA,NA,"Fly-Half"
"Q3190815","Jérôme Bianchi","Jérôme Bianchi",1961-07-31,NA,NA,NA,NA,"Fullback"
"Q3190826","Jérôme Bonvoisin","Jérôme Bonvoisin",1973-08-08,"Toulouse",NA,NA,183,"Flanker"
"Q3190840","Jérôme Carré","Jérôme Carré",1975-04-22,NA,NA,NA,NA,"Flanker"
"Q3190844","Jérôme Cazalbou","Jérôme Cazalbou",1969-04-30,"Toulouse",NA,NA,175,"Scrum-Half"
"Q3190851","Jérôme Cholley","Jérôme Cholley",1978-08-19,"Toulouse",NA,NA,195,"2nd Row"
"Q3190869","Jérôme Daret","Jérôme Daret",1974-12-26,"Dax; Landes",NA,NA,178,"Scrum-Half"
"Q3190875","Jérôme Dhien","Jérôme Dhien",1973-08-26,"Voiron",NA,NA,195,"3rd Row; 2nd Row"
"Q3190887","Jérôme Durand","Jérôme Durand",1975-01-16,NA,NA,NA,NA,"Winger"
"Q3190896","Jérôme Filitoga-Taofifenua","Jérôme Filitoga-Taofifénua",1980-12-02,"Wallis and Futuna",NA,NA,185,"Prop"
"Q3190897","Jérôme Fillol","Jérôme Fillol",1978-02-10,"Agen",NA,NA,172,"Scrum-Half"
"Q3190908","Jérôme Gallion","Jérôme Gallion",1955-04-04,"Toulon",NA,NA,172,"Scrum-Half"
"Q3190917","Jérôme Gendre","Jérôme Gendre",1977-03-20,"Perpignan",2020-10-04,"Perpignan",174,"Fly-Half; Fullback"
"Q3190928","Jérôme Guisset","Jérôme Guisset",1978-08-29,"Perpignan",NA,NA,184,NA
"Q3190940","Jérôme Jacquet","Jérôme Jacquet",1987-11-02,NA,NA,NA,192,"Centre"
"Q3190952","Jérôme Labat","Jérôme Labat",1979-07-20,NA,NA,NA,189,"Flanker"
"Q3191001","Jérôme Miquel","Jérôme Miquel",1974-07-30,NA,NA,NA,NA,"Fly-Half"
"Q3191006","Jérôme Moreau","Jérôme Moreau",1980-01-01,"Clermont-Ferrand",NA,NA,172,"Scrum-Half"
"Q3191010","Jérôme Naves","Jérôme Naves",1979-09-08,"Tulle",NA,NA,185,"Winger; Fullback"
"Q3191034","Jérôme Porical","Jérôme Porical",1985-09-20,"Perpignan",NA,NA,183,"Fullback"
"Q3191059","Jérôme Schuster","Jérôme Schuster",1985-06-29,"Perpignan",NA,NA,181,"Prop"
"Q3191062","Jérôme Sieurac","Jérôme Sieurac",1973-05-31,NA,NA,NA,NA,"Centre"
"Q3191082","Jérôme Troader","Jérôme Troader",1976-07-22,"Agen",NA,NA,193,"3rd Row"
"Q3191084","Jérôme Vallée","Jérôme Vallée",1976-04-19,"Royan",NA,NA,198,"Flanker"
"Q3191895","Kahn Fotuali'i","Kahn Fotuali'i",1982-05-22,"Auckland",NA,NA,183,"Scrum-Half; Fly-Half"
"Q3191973","Kaine Robertson","Kaine Robertson",1980-10-29,"Auckland",NA,NA,178,"Winger"
"Q3192385","Kameli Ratuvou","Kameli Ratuvou",1983-11-06,"Moala",NA,NA,191,"Centre; Winger; Fullback"
"Q3192615","Kane Thompson","Kane Thompson",1982-01-09,"Paraparaumu",NA,NA,197,"2nd Row"
"Q3193135","Karena Wihongi","Karena Wihongi",1979-09-29,"Whangārei",NA,NA,186,"Tighthead Prop"
"Q3193192","Karim Ghezal","Karim Ghezal",1981-04-29,"Toulouse",NA,NA,194,"2nd Row"
"Q3193197","Karim Kouider","Karim Kouider",1985-09-15,"Béziers",NA,NA,180,"Prop"
"Q3193403","Karl Janik","Karl Janik",1960-01-12,"Oujda",NA,NA,184,"Flanker"
"Q3193431","Karl Mullen","Karl Mullen",1926-11-26,"Courtown Harbour",2009-04-26,"Kilcullen",NA,"Hooker"
"Q3193456","Karl Rudzki","Karl Rudzki",1980-02-29,NA,NA,NA,NA,"2nd Row"
"Q3193473","Karl Svoboda","Karl Svoboda",1962-03-23,"Belleville; Ontario",NA,NA,NA,"Hooker"
"Q3193517","Karmichael Hunt","Karmichael Hunt",1986-11-17,"Auckland",NA,NA,186,"Centre; Fly-Half; Fullback"
"Q3193561","Karolis Navickas","Karolis Navickas",1990-04-09,"Šiauliai",NA,NA,202,"2nd Row"
"Q3193649","Kas Lealamanua","Kas Lealamanu'a",1976-12-15,"Wellington",NA,NA,180,"Prop"
"Q3194387","Kaya Malotana","Kaya Malotana",1976-01-30,"Lady Frere",NA,NA,187,"Centre; Winger"
"Q3194613","Keegan Daniel","Keegan Daniel",1985-03-05,"Humansdorp",NA,NA,188,"Flanker"
"Q3194644","Kees Lensing","Kees Lensing",1978-06-01,"Keetmanshoop",NA,NA,190,"Prop"
"Q3194645","Kees Meeuws","Kees Meeuws",1974-07-26,"Auckland",NA,NA,183,"Prop"
"Q3194730","Keith Crossan","Keith Crossan",1959-12-29,NA,NA,NA,NA,"Winger"
"Q3194731","Keith Davis","Keith Davis",1930-05-21,"Whakatāne",2019-03-02,"Auckland",170,"Scrum-Half"
"Q3194743","Keith Jarrett","Keith Jarrett",1948-05-18,"Newport; Wales",NA,NA,183,"Centre"
"Q3194758","Keith Oxlee","Keith Oxlee",1934-12-17,NA,1998-08-31,NA,NA,"Fly-Half"
"Q3194767","Keith Robertson","Keith Robertson",1954-12-05,"Hawick",NA,NA,NA,"Winger"
"Q3194849","Kele Leawere","Kele Leawere",1974-04-27,"Levuka",NA,NA,196,"2nd Row"
"Q3194886","Kelly Brown","Kelly Brown",1982-06-08,"Edinburgh",NA,NA,193,"Flanker; Number 8"
"Q3194950","Kel Coslett","Kelvin Coslett",1942-01-14,"Bynea",NA,NA,NA,"Fullback"
"Q3194951","Kelvin Deaker","Kelvin Deaker",1965-10-19,NA,NA,NA,NA,NA
"Q3195021","Ken Carrington","Ken Carrington",1950-09-03,"Whakatāne",NA,NA,178,"Winger"
"Q3195023","Ken Catchpole","Ken Catchpole",1939-06-21,"Paddington; New South Wales",2017-12-21,"Sydney",NA,"Scrum-Half"
"Q3195031","Ken Fyfe","Ken Fyfe",1914-04-14,"Karachi",1974-01-29,"Johannesburg",NA,"Winger"
"Q3195050","Ken Jones","Ken Jones",1941-08-07,"Cross Hands",2022-08-25,NA,NA,"Centre"
"Q3195079","Ken Owens","Ken Owens",1987-01-03,"Carmarthen",NA,NA,185,"Hooker"
"Q3195090","Ken Stewart","Ken Stewart",1953-01-03,"Gore; New Zealand",NA,NA,183,"Flanker"
"Q3195106","Kenan Mutapcic","Kenan Mutapčić",1979-11-06,"Zenica",NA,NA,180,"Loosehead Prop"
"Q3195189","K. G. MacLeod","Kenneth MacLeod",1888-02-02,"New Kilpatrick",1967-03-07,NA,NA,"Winger; Centre"
"Q3195194","Kenneth McKenzie","Kenneth McKenzie",1982-01-30,"Ermelo; South Africa",NA,NA,183,"Prop"
"Q3195204","Ken Scotland","Ken Scotland",1936-08-29,NA,2023-01-07,NA,NA,"Fullback"
"Q3195228","Kenny Logan","Kenny Logan",1972-04-03,"Stirling",NA,NA,185,"Winger"
"Q3195231","Kenny Milne","Kenny Milne",1961-12-01,NA,NA,NA,NA,"Hooker"
"Q3195261","Kensuke Hatakeyama","Kensuke Hatakeyama",1985-08-02,"Kesennuma",NA,NA,178,"Prop"
"Q3195263","Kensuke Iwabuchi","Kensuke Iwabuchi",1975-12-30,"Tokyo",NA,NA,180,"Fullback"
"Q3195289","Kent Lambert","Kent Lambert",1952-03-23,"Wairoa",NA,NA,180,"Prop"
"Q3195662","Kevin Boulogne","Kevin Boulogne",1986-03-19,"Libourne",NA,NA,175,"Scrum-Half; Fly-Half"
"Q3195664","Kevin Briscoe","Kevin Briscoe",1936-08-20,NA,2009-04-01,NA,NA,"Scrum-Half"
"Q3195671","Kevin Buys","Kevin Buys",1986-04-26,"Benoni; South Africa",NA,NA,191,"Prop"
"Q3195689","Kevin Dalzell","Kevin Dalzell",1974-01-25,"Durban",NA,NA,173,"Scrum-Half"
"Q3195704","Kévin Gimeno","Kévin Gimeno",1991-09-11,"Béziers",NA,NA,196,"Flanker; 2nd Row"
"Q3195748","Kevin Maggs","Kevin Maggs",1974-06-03,"Bristol",NA,NA,180,"Centre"
"Q3195767","Kevin Morgan","Kevin Morgan",1977-02-23,"Pontypridd",NA,NA,178,"Fullback; Winger"
"Q3195782","Kevin O'Neill","Kevin O'Neill",1982-02-24,"Te Aroha",NA,NA,200,"2nd Row"
"Q3195786","Kevin Phillips","Kevin Phillips",1961-06-15,"Wales",NA,NA,NA,"Hooker"
"Q3195804","Kevin Senio","Kevin Senio",1978-07-06,"Auckland",NA,NA,178,"Scrum-Half"
"Q3195806","Kevin Simms","Kevin Simms",1964-12-25,"Prescot",NA,NA,NA,"Centre"
"Q3195812","Kevin Swiryn","Kevin Swiryn",1984-12-16,"San Jose; California",NA,NA,183,"Winger; Centre"
"Q3195819","Kevin Tkachuk","Kevin Tkachuk",1976-09-11,"Thompson; Manitoba",NA,NA,182,"Prop"
"Q3195830","Kevin Yates","Kevin Yates (rugby à XV)",1972-11-06,"Medicine Hat",NA,NA,181,"Prop"
"Q3195984","Khaled Zagar","Khaled Zagar",1988-07-27,"Monaco",NA,NA,174,"Winger"
"Q3196231","Khrist Kopetzky","Khrist Kopetzky",1982-02-05,"Saintes; Charente-Maritime",NA,NA,170,"Scrum-Half; Fly-Half; Fullback; Winger"
"Q3196457","Kieran Crowley","Kieran Crowley",1961-08-31,"Kaponga",NA,NA,184,"Fullback"
"Q3196468","Kieron Dawson","Kieron Dawson",1975-01-29,"Bangor; County Down",NA,NA,185,"Flanker"
"Q3196881","Sione Lauaki","Sione Lauaki",1981-06-22,"Haʻapai",2017-02-12,"Auckland",194,"Flanker; Number 8"
"Q3197330","Kiri Mariner","Kiri Mariner",1984-08-26,"Moata'a",NA,NA,182,"Centre; Winger"
"Q3197356","Kirill Kulemin","Kirill Koulemine",1980-10-13,"Moscow",NA,NA,198,"2nd Row"
"Q3197377","Kirk Dixon","Kirk Dixon",1984-07-19,NA,NA,NA,187,"Winger; Centre"
"Q3197468","Kisi Pulu","Kisi Pulu",1979-01-31,"Leimatu'a",NA,NA,180,"Prop"
"Q3197587","Kitiona Viliamu","Kitiona Viliamu",1980-09-27,"Wellington",NA,NA,191,"2nd Row; Flanker"
"Q3197588","Kitione Salawa","Kitione Salawa",1976-07-26,"Lautoka",NA,NA,190,"Flanker"
"Q3197763","Klaus Wesch","Klaus Wesch",1936-01-01,NA,NA,NA,NA,NA
"Q3198147","Kobus Wiese","Kobus Wiese",1964-05-16,"Paarl",NA,NA,198,"2nd Row"
"Q3198452","Koli Rakoroi","Koli Rakoroi",1956-07-01,NA,NA,NA,196,"2nd Row; Number 8"
"Q3198453","Koli Sewabu","Koli Sewabu",1975-01-15,"Nausori",NA,NA,195,"Number 8; Flanker"
"Q3198774","Konstantin Rachkov","Konstantin Rachkov",1978-10-08,"Almaty",NA,NA,182,"Centre; Fullback; Fly-Half"
"Q3199017","Kort Schubert","Kort Schubert",1979-07-24,"Sacramento; California",NA,NA,187,"Flanker; Number 8"
"Q3199130","Kosuke Endo","Kosuke Endo",1980-11-11,"Nakashibetsu; Hokkaido",NA,NA,186,"Winger; Fullback; Centre"
"Q3199344","Kosei Ono","Kōsei Ono",1987-04-17,"Nagoya",NA,NA,171,"Fly-Half; Centre"
"Q3199720","Kris Chesney","Kris Chesney",1974-03-02,"Ilford",NA,NA,198,"2nd Row; Flanker"
"Q3199721","Kristopher Burton","Kris Burton",1980-08-04,"Brisbane",NA,NA,175,"Fly-Half; Fullback"
"Q3199745","Krisnan Inu","Krisnan Inu",1987-03-17,"Auckland",NA,NA,187,"Fullback; Winger"
"Q3200017","Krynauw Otto","Krynauw Otto",1971-10-08,NA,NA,NA,200,"2nd Row"
"Q3200598","Kurt Morath","Kurt Morath",1984-11-13,"Takapuna",NA,NA,183,"Fly-Half; Fullback"
"Q3200916","Kyle Eastmond","Kyle Eastmond",1989-07-17,"Oldham",NA,NA,170,"Centre"
"Q3200986","Kyran Bracken","Kyran Bracken",1971-11-22,"Dublin",NA,NA,180,"Scrum-Half"
"Q3201099","Kélian Galletier","Kélian Galletier",1992-03-18,"Montpellier",NA,NA,190,"Number 8; Flanker"
"Q3201146","Kévin Burgaud","Kévin Burgaud",1987-11-27,NA,NA,NA,185,"Centre; Winger"
"Q3201159","Kévin Kervarec","Kévin Kervarec",1988-07-11,NA,NA,NA,186,"Prop"
"Q3215813","Lachlan MacKay","Lachlan MacKay",1982-11-30,"Sydney",NA,NA,188,"Fly-Half; Centre"
"Q3215962","Ladislav Vondrášek","Ladislav Vondrášek",NA,NA,NA,NA,NA,"Flanker"
"Q3216166","Lagi Setu","Lagi Setu",1988-02-25,"Auckland",NA,NA,189,NA
"Q3216567","Lama Tone","Lama Tone",1971-01-24,"Auckland",NA,NA,198,"2nd Row"
"Q3216777","Frederick Luyt","Lammetjie Luyt",1888-02-26,NA,1965-06-06,NA,NA,"Fly-Half"
"Q3218300","Lasha Malaghuradze","Lasha Malaguradze",1986-01-02,"Tbilisi",NA,NA,183,"Fly-Half; Centre; Fullback"
"Q3218923","Laurence Ovens","Laurence Ovens",1985-09-06,"Bath; Somerset",NA,NA,188,"Prop"
"Q3218996","Laurent Arbo","Laurent Arbo",1973-02-23,"Béziers",NA,NA,173,"Winger"
"Q3219000","Laurent Armand","Laurent Armand",1970-07-23,NA,NA,NA,180,"Hooker"
"Q3219019","Laurent Baluc-Rittener","Laurent Baluc-Rittener",1981-11-24,"Narbonne",NA,NA,188,"Flanker"
"Q3219039","Laurent Bidart","Laurent Bidart",1930-01-11,"Boucau",2000-06-04,"Sainte-Soulle",NA,"Fly-Half"
"Q3219050","Laurent Bonventre","Laurent Bonventre",1969-08-09,"Le Creusot",NA,NA,NA,"2nd Row; Number 8"
"Q3219055","Laurent Bouchet","Laurent Bouchet",1988-08-23,NA,NA,NA,183,"Hooker"
"Q3219077","Laurent Buchet","Laurent Buchet",1982-09-06,NA,NA,NA,NA,"Winger"
"Q3219082","Laurent Burg","Laurent Burg",1967-08-10,"Brive-la-Gaillarde",NA,NA,176,"Centre; Winger"
"Q3219087","Laurent Cabarry","Laurent Cabarry",1985-01-18,NA,NA,NA,182,"Prop"
"Q3219089","Laurent Cabannes","Laurent Cabannes",1964-02-06,"Reims",NA,NA,189,"Flanker"
"Q3219096","Laurent Campourcy","Laurent Campourcy",1981-04-27,NA,NA,NA,189,"Prop"
"Q3219097","Laurent Capdevielle","Laurent Capdevielle",1981-01-14,"Oloron-Sainte-Marie",NA,NA,185,"Number 8"
"Q3219112","Laurent Cettolo","Laurent Cettolo",1974-03-06,"Toulouse",NA,NA,180,"Prop"
"Q3219166","Laurent Dehez","Laurent Dehez",1973-12-04,NA,NA,NA,NA,"Hooker"
"Q3219167","Laurent Delboulbès","Laurent Delboulbès",1986-11-17,"Montauban",NA,NA,181,"Prop"
"Q3219177","Laurent Desnoyer","Laurent Desnoyer",1948-05-19,NA,NA,NA,NA,"Winger"
"Q3219182","Laurent Diaz","Laurent Diaz",1980-11-08,"Arles",NA,NA,177,"Scrum-Half; Fullback; Fly-Half; Winger"
"Q3219214","Laurent Ferrères","Laurent Ferrères",1980-08-30,"Lézignan-Corbières",NA,NA,175,"Fullback"
"Q3219254","Laurent Gomez","Laurent Gomez",1970-08-15,"Vénissieux",NA,NA,190,"Prop"
"Q3219274","Laurent Hairabetian","Laurent Hairabetian",1970-01-02,"Enghien-les-Bains",NA,NA,190,"Flanker; Number 8"
"Q3219286","Laurent Husson","Laurent Husson",1959-02-23,"Toulouse",NA,NA,170,"Winger"
"Q3219313","Laurent Labit","Laurent Labit",1968-05-08,"Revel; Haute-Garonne",NA,NA,181,"Fullback"
"Q3219344","Laurent Leflamand","Laurent Leflamand",1968-04-04,"France",NA,NA,191,"Winger"
"Q3219359","Laurent Magnaval","Laurent Magnaval",1991-03-24,"Rosny-sous-Bois",NA,NA,168,"Scrum-Half"
"Q3219372","Laurent Marticorena","Laurent Marticorena",1978-04-12,"Bayonne",NA,NA,193,"Fly-Half"
"Q3219377","Laurent Martine","Laurent Martine",1981-08-29,NA,NA,NA,185,"Prop"
"Q3219383","Laurent Mazas","Laurent Mazas",1970-12-19,"Villefranche-de-Lauragais",NA,NA,175,"Fly-Half; Scrum-Half"
"Q3219422","Laurent Pakihivatau","Laurent Pakihivatau",1973-11-09,"La Foa",NA,NA,185,"Prop"
"Q3219425","Laurent Pardo","Laurent Pardo",1958-02-19,"Bayonne",NA,NA,180,"Winger; Fullback"
"Q3219488","Laurent Rodriguez","Laurent Rodriguez",1960-06-25,"Poitiers",NA,NA,190,"Number 8; Flanker; 2nd Row"
"Q3219517","Laurent Seigne","Laurent Seigne",1960-08-12,"Tulle",NA,NA,178,"Prop"
"Q3219519","Laurent Sempéré","Laurent Sempéré",1985-07-09,"Perpignan",NA,NA,180,"Hooker"
"Q3219522","Laurent Simutoga","Laurent Simutoga",1987-12-08,NA,NA,NA,186,"Loosehead Prop"
"Q3219538","Laurent Thuéry","Laurent Thuéry",1988-12-15,"Agen",NA,NA,185,"Flanker"
"Q3219549","Laurent Tranier","Laurent Tranier",1989-07-16,"Toulouse",NA,NA,187,"Centre; Fly-Half"
"Q3219550","Laurent Travers","Laurent Travers",1968-10-21,"Sarlat-la-Canéda",NA,NA,NA,"Hooker"
"Q3219555","Laurent Travini","Laurent Travini",1972-11-24,"Gap; Hautes-Alpes",NA,NA,193,"2nd Row; Number 8"
"Q3219650","Laurie Duff","Laurie Duff",1912-11-12,"Bothwell",2002-11-06,"Stirling",NA,"Number 8"
"Q3219656","Laurie Mains","Laurie Mains",1946-02-16,NA,NA,NA,178,"Fullback"
"Q3219885","Lawrence Bulger","Lawrence Bulger",1870-02-05,"County Clare",1928-03-17,"Twickenham",NA,"Winger"
"Q3219921","Lawrence Sephaka","Lawrence Sephaka",1978-08-08,"Johannesburg",NA,NA,178,"Prop"
"Q3219934","Lawrie Knight","Lawrie Knight",1949-09-24,NA,NA,NA,NA,"Number 8"
"Q3228892","Lee Jarvis","Lee Jarvis",1976-09-30,"Pontypridd",NA,NA,178,"Fly-Half"
"Q3228933","Lee Smith","Lee Smith",1986-08-08,"Leeds",NA,NA,NA,"Fullback; Winger; Centre"
"Q3228937","Lee Stensness","Lee Stensness",1970-12-24,"Auckland",NA,NA,180,"Centre; Fly-Half"
"Q3228944","Lee Thomas","Lee Thomas",1984-06-02,"Cardiff",NA,NA,185,"Centre; Fly-Half"
"Q3229077","Legi Matiu","Legi Matiu",1969-01-17,"Auckland",NA,NA,195,"2nd Row"
"Q3229136","Lei Tomiki","Lei Tomiki",1983-07-22,"Tongatapu",NA,NA,183,"Flanker"
"Q3229550","Leo Cullen","Leo Cullen",1978-01-09,"Wicklow",NA,NA,198,"2nd Row"
"Q3229569","Leo Lafaiali'i","Leo Lafaiali'i",1974-01-30,"Auckland",NA,NA,196,"2nd Row; Flanker"
"Q3229643","Leon Karemaker","Leon Karemaker",1985-05-18,"Cape Town",NA,NA,190,"Flanker; Number 8"
"Q3229646","Leon Lloyd","Leon Lloyd",1977-09-22,NA,NA,NA,NA,"Centre"
"Q3229693","Leonard West","Leonard West",1879-05-31,"Leeds",1945-01-26,"Hoddesdon",NA,NA
"Q3229715","Leonardo Ghiraldini","Leonardo Ghiraldini",1984-12-26,"Padua",NA,NA,184,"Hooker"
"Q3229729","Leonardo Perziano","Leonardo Perziano",1971-04-21,"Treviso",NA,NA,182,"Winger"
"Q3229737","Leonardo Senatore","Leonardo Senatore",1984-05-13,"Rosario",NA,NA,190,"Flanker; Number 8"
"Q3229756","Leone Nakarawa","Leone Nakarawa",1988-04-02,"Tavua; Fiji",NA,NA,198,"2nd Row; Number 8; Flanker"
"Q3229814","Leopoldo De Chazal","Leopoldo De Chazal",1975-05-08,"Tucumán Province",NA,NA,NA,"Prop"
"Q3230260","Leroy Houston","Leroy Houston",1986-11-10,"Palmerston North",NA,NA,191,"Number 8"
"Q3231875","Les Cupples","Les Cupples",1898-02-08,"Otautau",1972-08-10,"Hamilton; New Zealand",191,"Flanker"
"Q3236188","Leslie Williams","Les Williams",1922-05-10,"Mynyddygarreg",2006-01-27,"Falmouth; Cornwall",NA,"Winger"
"Q3236679","Lesley Vainikolo","Lesley Vainikolo",1979-05-04,"Nukuʻalofa",NA,NA,188,"Winger"
"Q3236684","Leslie Balfour-Melville","Leslie Balfour-Melville",1854-03-09,NA,1937-07-17,NA,NA,"Fullback"
"Q3237167","Levan Ghvaberidze","Levan Ghvaberidze",1982-01-01,"Tbilisi",NA,NA,186,"Hooker"
"Q3237297","Lewis Jones","Lewis Jones",1931-04-11,"Gorseinon",2024-03-04,NA,178,"Fullback; Centre; Winger"
"Q3237298","Lewis MacLeod","Lewis MacLeod",NA,NA,NA,NA,NA,"Centre"
"Q3237647","Liam Messam","Liam Messam",1984-03-25,"Blenheim; New Zealand",NA,NA,190,"Flanker; Number 8"
"Q3238397","Lifeimi Mafi","Lifeimi Mafi",1982-08-15,"Nukuʻalofa",NA,NA,183,"Centre; Fly-Half"
"Q3240802","Lilian Camberabero","Lilian Camberabero",1937-07-15,"Saint-Vincent-de-Tyrosse",2015-12-29,"3rd arrondissement of Lyon",163,"Scrum-Half"
"Q3240805","Lilian Ducos","Lilian Ducos",1980-12-13,"Agen",NA,NA,189,NA
"Q3240809","Lilian Majesté","Lilian Majesté",1981-04-01,NA,NA,NA,173,"Centre"
"Q3241827","Lionel Campergue","Lionel Campergue",1987-11-24,"Mourenx",NA,NA,170,"Hooker"
"Q3241828","Lionel Camisuli","Lionel Camisuli",1980-06-21,"Marignane",NA,NA,196,"2nd Row"
"Q3241851","Lionel Dargier","Lionel Dargier",1988-04-24,NA,NA,NA,198,"2nd Row"
"Q3241868","Lionel Dutilh","Lionel Dutilh",1979-02-26,NA,NA,NA,NA,"Scrum-Half"
"Q3241871","Lionel Faure","Lionel Faure",1977-11-26,"Montauban",NA,NA,186,"Loosehead Prop"
"Q3241876","Lionel Gautherie","Lionel Gautherie",1982-07-05,NA,NA,NA,185,"Winger"
"Q3241902","Lionel Mallier","Lionel Mallier",1974-03-06,"Grenoble",NA,NA,183,"Flanker"
"Q3241906","Lionel Mazars","Lionel Mazars",1984-06-26,"Toulouse",NA,NA,183,"Centre"
"Q3242461","Lisandro Villagra","Lisandro Villagra",1976-05-21,"Córdoba; Argentina",NA,NA,165,"Scrum-Half"
"Q3242574","Lisiate Fa'aoso","Lisiate Fa'aoso",1983-03-18,"Kolonga",NA,NA,198,"2nd Row"
"Q3257496","Llewellyn Lloyd","Llewellyn Lloyd",1877-02-26,"Newport; Wales",1957-08-01,"Newport; Wales",NA,"Fly-Half"
"Q3257547","Lloyd Williams","Lloyd Williams",1989-11-30,"Cardiff",NA,NA,183,"Scrum-Half"
"Q3257794","Lodie Britz","Lodie Britz",1980-09-23,NA,NA,NA,196,"2nd Row; Flanker"
"Q3257838","Loftie Fourie","Loftie Fourie",1936-07-23,"Oudtshoorn",2001-07-23,"Pretoria",NA,"Winger"
"Q3258722","Loki Crichton","Loki Crichton",1976-03-14,"Moata'a",NA,NA,180,"Fly-Half; Fullback; Centre; Winger"
"Q3258811","Lolo Lui","Lolo Lui",1982-01-04,"Apia",NA,NA,185,"Fullback; Fly-Half"
"Q3258864","Lome Fa'atau","Lome Fa'atau",1975-10-23,"Wellington",NA,NA,183,"Winger"
"Q3259468","Lorenzo Cittadini","Lorenzo Cittadini",1982-12-17,"Bergamo",NA,NA,191,"Prop"
"Q3259622","Lorne Ward","Lorne Ward",1977-02-16,"Pietermaritzburg",NA,NA,187,"Prop"
"Q3260054","Lotu Taukeiaho","Lotu Taukeiaho",1984-05-12,"Sydney",NA,NA,184,"Prop"
"Q3260389","Louis-Benoît Madaule","Louis-Benoît Madaule",1988-09-24,NA,NA,NA,190,"Flanker"
"Q3260391","Louis-Bernard Dancausse","Louis-Bernard Dancausse",1888-10-06,NA,1961-03-20,NA,NA,NA
"Q3260585","Louis-Henry Destel","Louis-Henry Destel",1885-10-03,NA,1962-08-29,NA,NA,NA
"Q3260969","Louis Acosta","Louis Acosta",1991-05-25,"Verdun",NA,NA,182,"Hooker"
"Q3261102","Louis Armary","Louis Armary",1963-07-24,"Betpouey",NA,NA,183,"Prop"
"Q3261118","Louis Attrill",NA,1975-03-05,NA,NA,NA,NA,NA
"Q3261267","Louis Bilbao","Louis Bilbao",1956-09-14,"Saint-Jean-de-Luz",NA,NA,185,"Winger"
"Q3261281","Louis Blanc","Louis Blanc",1933-07-19,"Montauban",2018-12-17,"Caussade",178,"Number 8; Loosehead Prop"
"Q3261431","Louis Carrère","Louis Carrère",1914-10-10,"Sainte-Marie-la-Mer",1979-03-19,"Sainte-Marie-la-Mer",175,"Prop"
"Q3261440","Louis Casaux","Louis Casaux",1938-07-15,"Ibos; Hautes-Pyrénées",1995-10-23,"Odos",175,"Centre; Winger"
"Q3261543","Louis Cluchague","Louis Cluchague",1902-08-20,"Lons",1978-07-23,"Pau; Pyrénées-Atlantiques",170,"Winger"
"Q3261666","Louis Deacon","Louis Deacon",1980-10-07,"Leicester",NA,NA,198,"2nd Row"
"Q3261674","Louis Dedet","Louis Dedet",1875-03-06,"6th arrondissement of Paris",1960-07-25,"Agnetz; Oise",NA,"Centre"
"Q3261722","Louis Destarac","Louis Destarac",1902-09-01,NA,1984-09-17,NA,NA,"Fullback"
"Q3261826","Louis Dutrey","Louis Dutrey",1894-02-08,"Perpignan",1941-02-22,"Marseille",173,"Centre"
"Q3261834","Louis Echave","Louis Echave",1934-06-18,"Ciboure",2014-01-31,"Colayrac-Saint-Cirq",188,"2nd Row"
"Q3262074","Louis Greig","Louis Greig",1880-11-17,"Glasgow",1953-03-01,"Surrey",NA,"Fly-Half"
"Q3262118","Louis Guinle","Louis Guinle",1928-04-25,"Lourdes",NA,NA,182,"2nd Row"
"Q3262390","Louis Junquas","Louis Junquas",1920-09-11,NA,2002-05-22,NA,NA,"Centre"
"Q3262400","Louis Koen","Louis Koen",1975-07-07,"Cape Town",NA,NA,180,"Fly-Half"
"Q3262521","Louis Lepatey","Louis Lepatey",1898-08-29,"Moussan",1975-09-04,"Narbonne",181,"Loosehead Prop"
"Q3262565","Louis Luyt",NA,1932-06-18,NA,NA,NA,NA,NA
"Q3262584","Louis Magee","Louis Magee",1874-05-01,NA,1945-04-04,NA,NA,"Fly-Half"
"Q3262657","Louis Massabeau","Louis Massabeau",1976-01-26,NA,NA,NA,NA,"Flanker"
"Q3262891","Lou Phillips","Louis Phillips",1878-02-24,"Newport; Wales",1916-03-04,"Cambrin",168,"Scrum-Half"
"Q3262965","Louis Puech","Louis Puech",1894-12-04,"Gorses",1976-10-08,"Toulouse",181,"2nd Row"
"Q3263098","Louis Schmidt","Louis Schmidt",1936-02-06,"Middelburg",1999-01-23,"Pretoria",180,"Flanker"
"Q3263144","Louis Strydom","Louis Strydom",1980-10-21,"Welkom",NA,NA,178,"Fly-Half"
"Q3264487","Loïc Bernad","Loïc Bernad",1986-02-21,"Lannemezan",NA,NA,182,"Flanker"
"Q3264494","Loïc Charlon","Loïc Charlon",1987-04-30,"Lyon",NA,NA,198,"2nd Row"
"Q3264504","Loïc Fior","Loïc Fior",1983-11-20,"Aire-sur-l'Adour",NA,NA,187,"Prop"
"Q3264513","Loïc Jacquet","Loïc Jacquet",1985-03-31,"Saint-Doulchard",NA,NA,198,"2nd Row"
"Q3264536","Loïc Mazières","Loïc Mazières",1987-06-29,"Foix",NA,NA,187,"Fullback; Winger"
"Q3264549","Loïc Van der Linden","Loïc Van der Linden",1966-05-15,"Nogent-sur-Marne",NA,NA,186,"Flanker"
"Q3264570","Lu-Wayne Botes","Lu-Wayne Botes",1983-07-14,"Johannesburg",NA,NA,189,"Centre"
"Q3264589","Tukulua Lokotui","Lua Lokotui",1979-12-31,"Auckland",NA,NA,195,"2nd Row"
"Q3264609","Luatangi Vatuvei","Luatangi Vatuvei",1977-12-08,NA,NA,NA,191,"2nd Row; Number 8"
"Q3264848","Luc Lafforgue","Luc Lafforgue",1974-02-20,"Toulouse",NA,NA,174,"Centre; Winger"
"Q3264985","Luca Martin","Luca Martin",1973-11-25,NA,NA,NA,185,NA
"Q3265049","Lucas González Amorosino","Lucas González Amorosino",1985-11-02,"Buenos Aires",NA,NA,185,"Winger; Fullback; Fly-Half"
"Q3265064","Lucas Onyango","Lucas Onyango",1981-05-12,NA,NA,NA,179,"Winger"
"Q3265066","Lucas Ostiglia","Lucas Ostiglia",1976-05-03,"Buenos Aires",NA,NA,188,"Flanker"
"Q3265182","Lucian Sîrbu","Lucian Sîrbu",1976-10-16,"Bucharest",NA,NA,183,"Scrum-Half"
"Q3265216","Luciano Orquera","Luciano Orquera",1981-10-12,"Córdoba; Argentina",NA,NA,171,"Fly-Half"
"Q3265331","Lucien Abadie","Lucien Abadie",1937-08-17,NA,1983-10-18,NA,NA,"Prop"
"Q3265350","Lucien Augras","Lucien Augras",1912-08-13,NA,1989-08-06,NA,NA,"Winger"
"Q3265377","Lucien Besset",NA,1892-01-04,"10th arrondissement of Paris",1975-04-22,"12th arrondissement of Paris",168,"Fly-Half; Centre"
"Q3265638","Lucien Mias","Lucien Mias",1930-09-28,"Saint-Germain-de-Calberte",2024-05-13,"Mazamet",189,"2nd Row"
"Q3265666","Lucien Pariès","Lucien Pariès",1947-07-04,"Anglet",1998-01-28,"Aix-les-Bains",172,"Fly-Half"
"Q3265700","Lucien Rouffia","Lucien Rouffia",1924-01-06,"Narbonne",1980-03-08,"Romans-sur-Isère",168,"Fullback"
"Q3265719","Lucien Serin","Lucien Serin",1902-11-08,NA,1993-08-23,NA,NA,"Scrum-Half"
"Q3265879","Lucius Gwynn","Lucius Gwynn",1873-05-05,NA,1902-12-23,NA,NA,NA
"Q3266114","Ludovic Courtade","Ludovic Courtade",1981-03-16,"Tarbes",NA,NA,175,"Centre"
"Q3266134","Ludovic Labarthe","Ludovic Labarthe",1985-06-01,NA,NA,NA,171,"Scrum-Half"
"Q3266140","Ludovic Le Cadre","Ludovic Le Cadre",1980-04-13,NA,NA,NA,NA,NA
"Q3266144","Ludovic Loustau","Ludovic Loustau",1973-08-15,"Talence",NA,NA,182,"Scrum-Half"
"Q3266151","Ludovic Mercier","Ludovic Mercier",1976-11-01,"Angoulême",NA,NA,183,"Fly-Half"
"Q3266152","Ludovic Michaux","Ludovic Michaux",1982-02-13,"Clermont-Ferrand",NA,NA,204,"2nd Row"
"Q3266164","Ludovic Radosavljevic","Ludovic Radosavljevic",1989-08-17,"Avignon",NA,NA,180,"Scrum-Half"
"Q3266167","Ludovic Saunier","Ludovic Saunier",1975-11-11,NA,NA,NA,NA,"Winger"
"Q3266174","Ludovic Valbon","Ludovic Valbon",1976-05-22,"Neuilly-sur-Seine",NA,NA,180,"Centre"
"Q3266180","Ludovic Zanini","Ludovic Zanini",1983-06-01,"Monaco",NA,NA,183,"Hooker"
"Q3266198","Ludovico Nitoglia","Ludovico Nitoglia",1983-10-27,"Rome",NA,NA,179,"Winger; Fullback"
"Q3266349","Lugha Verling","Lugha Verling",1979-11-18,NA,NA,NA,NA,"2nd Row"
"Q3266391","Luigi Bricchi","Luigi Bricchi",1904-12-14,"Gemonio",NA,NA,NA,"Prop"
"Q3266442","Luigi Francescato","Luigi Francescato",1952-01-22,"Sardara",NA,NA,172,"Centre; Winger"
"Q3266493","Luigi Milani","Luigi Milani",1984-11-28,"L'Aquila",NA,NA,185,"Prop"
"Q3266557","Luigi Troiani","Luigi Troiani",1964-02-25,"Afragola",NA,NA,183,"Fullback; Fly-Half"
"Q3266763","Luis Molina","Luis Molina",1959-11-03,"San Miguel de Tucumán",NA,NA,NA,"Prop"
"Q3267019","Lukáš Rapant","Lukáš Rapant",1982-11-16,"Havířov",NA,NA,180,"Loosehead Prop"
"Q3267022","Lukas van Biljon","Lukas van Biljon",1976-03-18,"Bloemfontein",NA,NA,187,"Hooker"
"Q3267047","Luke Abraham","Luke Abraham",1983-09-26,"Leicester",NA,NA,188,"Flanker"
"Q3267071","Luke Gross","Luke Gross",1969-11-21,NA,NA,NA,206,"2nd Row"
"Q3267075","Luke Harbut","Luke Harbut",1980-04-18,NA,NA,NA,NA,"Prop"
"Q3267097","Luke Morahan","Luke Morahan",1990-04-13,"Brisbane",NA,NA,188,"Fullback; Winger"
"Q3267099","Luke Narraway","Luke Narraway",1983-09-07,"Worcester; England",NA,NA,190,"Number 8; Flanker"
"Q3267111","Luke Rooney","Luke Rooney",1983-06-16,"Penrith; New South Wales",NA,NA,191,"Fullback"
"Q3267123","Luke Tait","Luke Tait",1981-10-26,"Barrie",NA,NA,202,"2nd Row"
"Q3267129","Luke Watson","Luke Watson",1983-10-26,"Gqeberha",NA,NA,184,"Flanker; Number 8"
"Q3268204","Luís Pissarra","Luís Pissarra",1975-10-05,NA,NA,NA,NA,"Scrum-Half"
"Q3269487","Lyn Jaffray","Lyn Jaffray",1950-04-17,"Dunedin",NA,NA,176,"Centre"
"Q3269512","Lyndon Mustoe","Lyndon Mustoe",1969-01-30,NA,NA,NA,NA,"Prop"
"Q3270437","Léo Bastien","Léo Bastien",1993-05-06,"Metz",NA,NA,200,"2nd Row"
"Q3270476","Léo Griffoul","Léo Griffoul",1989-09-22,NA,NA,NA,180,"Fullback"
"Q3270543","Léo Pesteil","Léo Pesteil",1982-08-12,NA,NA,NA,NA,"Fullback"
"Q3270752","Léon Bordenave","Léon Bordenave",1920-05-11,"Odos",2002-07-04,"Toulon",173,"Fly-Half; Centre"
"Q3271162","Léon Loppy","Léon Loppy",1966-04-19,NA,NA,NA,NA,"Flanker"
"Q3271798","Léopold Fabre","Léopold Fabre",1907-02-06,"Toulouse",1987-02-18,"Thézan-lès-Béziers",174,"Hooker; Prop"
"Q3271882","Léopold Servole","Léopold Servole",1906-09-22,"Saint-André-de-Roquelongue",1990-04-30,"Toulon",173,"Fly-Half"
"Q3273380","Ma'afu Pale","Ma'afu Pale",1974-02-03,NA,NA,NA,178,"Prop; Hooker"
"Q3273918","Mack Herewini","Mac Herewini",1939-10-20,NA,2014-05-21,NA,NA,NA
"Q3276474","Mafileo Kefu","Mafileo Kefu",1983-02-05,"Brisbane",NA,NA,180,"Centre"
"Q3277058","Magname Koïta","Magname Koïta",1974-07-19,NA,NA,NA,195,"2nd Row"
"Q3277265","Magnus Lund","Magnus Lund",1983-06-25,"Manchester",NA,NA,190,"Flanker"
"Q3281487","Malakai Bakaniceva","Malakai Bakaniceva",1985-05-06,"Nausori",NA,NA,184,"Winger"
"Q3281686","Malcolm Dick","Malcolm Dick",1941-01-03,NA,NA,NA,NA,"Winger"
"Q3281692","Malcolm Jellicoe","Malcolm Jellicoe",1963-07-01,NA,NA,NA,NA,"Scrum-Half"
"Q3281723","Malcolm Thomas","Malcolm Thomas",1929-04-25,"Machen",2012-04-09,"Burnham; Buckinghamshire",178,"Centre"
"Q3281847","Maleli Kunavore","Maleli Kunavore",1983-11-13,"Sigatoka",2012-11-16,"Suva",184,"Centre; Winger; Fullback"
"Q3282063","Malik Hamadache","Malik Hamadache",1988-10-17,"Avignon",NA,NA,190,"Prop"
"Q3282160","Malkhaz Urjukashvili","Malkhaz Urjukashvili",1980-09-24,"Tbilisi",NA,NA,178,"Winger"
"Q3285081","Mamuka Magrakvelidze","Mamuka Magrakvelidze",1977-08-12,"Tbilisi",NA,NA,186,"Prop"
"Q3285858","Mani Vakaloa","Mani Vakaloa",1981-07-04,NA,NA,NA,171,"Winger"
"Q3286058","Mannetjies Roux","Mannetjies Roux",1939-04-12,NA,NA,NA,NA,"Winger"
"Q3286112","Manoa Vosawai","Manoa Vosawai",1983-08-12,"Suva",NA,NA,188,"Number 8"
"Q3286504","Manoël Dall'igna","Manoël Dall'igna",1985-03-12,NA,NA,NA,183,"Winger"
"Q3286657","Manu Ahotaeiloa","Manu Ahotaeiloa",1986-01-12,"Tonga",NA,NA,186,"Centre; Winger"
"Q3286671","Manu Diaz","Manu Diaz",1955-01-18,NA,NA,NA,NA,"Prop"
"Q3286735","Manuel Aguirre","Manuel Aguirre",1959-07-28,NA,NA,NA,NA,"Prop"
"Q3286771","Manuel Carpentier","Manuel Carpentier",1959-10-15,NA,NA,NA,NA,"Number 8"
"Q3286775","Manuel Nicolás Carizza","Manuel Carizza",1984-08-23,"Rosario",NA,NA,202,"2nd Row"
"Q3286790","Manuel Contepomi","Manuel Contepomi",1977-08-20,"Buenos Aires",NA,NA,187,"Centre; Fullback"
"Q3286797","Manuel Dallan","Manuel Dallan",1976-10-15,"Montebelluna",NA,NA,185,"Centre"
"Q3286801","Manny Edmonds","Manny Edmonds",1977-04-12,"Ashburton; New Zealand",NA,NA,183,"Fly-Half; Fullback"
"Q3286935","Manuel Sierra","Manuel Sierra",1980-05-06,"Le Creusot",NA,NA,198,"2nd Row"
"Q3287666","Marc-Antoine Rallier","Marc-Antoine Rallier",1988-12-02,"Nantes",NA,NA,186,"Hooker"
"Q3287746","Marc Andreu","Marc Andreu",1985-12-27,"Fréjus",NA,NA,170,"Winger"
"Q3287748","Marc Andrieu","Marc Andrieu",1959-09-19,"Carmaux",NA,NA,188,"Centre"
"Q3287778","Marc Azon","Marc Azon",1954-04-24,"Toulouse",2011-02-03,"Grenade; Haute-Garonne",178,"Scrum-Half"
"Q3287784","Marc Baget","Marc Baget",1984-09-05,"Tournay; Hautes-Pyrénées",NA,NA,191,"Number 8"
"Q3287900","Marc Clerc","Marc Clerc",1987-06-09,NA,NA,NA,181,"Prop"
"Q3287919","Marc Dantin","Marc Dantin",1971-04-13,"Tarbes",NA,NA,NA,"Scrum-Half"
"Q3287923","Marc Cécillon","Marc Cécillon",1959-07-30,"Bourgoin-Jallieu",NA,NA,192,"Number 8; Flanker; 2nd Row"
"Q3287936","Marc Delpoux","Marc Delpoux",1963-11-11,"Narbonne",NA,NA,NA,"Number 8"
"Q3287995","Marc Ellis","Marc Ellis",1971-10-08,"Wellington",NA,NA,178,"Winger"
"Q3288001","Marc Etcheverry","Marc Etcheverry",1942-08-23,NA,2020-07-29,NA,NA,"Prop"
"Q3288069","Marc Giacardy","Marc Giacardy",1881-02-15,"Bordeaux",1917-08-28,"Louvemont-Côte-du-Poivre",175,"Prop; Fly-Half; Hooker; 2nd Row"
"Q3288070","Marc Giraud","Marc Giraud",1986-02-27,"Toulouse",NA,NA,196,"Flanker"
"Q3288158","Marc Laffon","Marc Laffon",1982-08-19,NA,NA,NA,179,"Hooker"
"Q3288245","Marc Maury","Marc Maury",1957-10-21,NA,NA,NA,NA,NA
"Q3288329","Marc Pujolle","Marc Pujolle",1962-09-18,NA,NA,NA,NA,"Prop"
"Q3288332","Marc Raynaud","Marc Raynaud",1973-03-19,"Narbonne",NA,NA,185,"Number 8"
"Q3288375","Marc Sallefranque","Marc Sallefranque",1960-04-06,NA,NA,NA,NA,"Fly-Half"
"Q3288533","Marc de Rougemont","Marc de Rougemont",1972-05-24,NA,NA,NA,175,"Hooker"
"Q3288634","Marcel Baillette","Marcel Baillette",1904-10-12,"Perpignan",1987-04-30,"Toulon",173,"Centre; Winger"
"Q3288647","Marcel Batigne","Marcel Batigne",1911-09-05,NA,1990-04-06,NA,NA,NA
"Q3288674","Marcel Besson","Marcel Besson",1901-03-31,"Verrières-en-Forez",1966-03-31,"Dijon",173,"Winger; Centre"
"Q3288748","Marcel Burgun","Marcel Burgun",1890-01-30,"Saint Petersburg",1916-09-02,"Aubérive",173,"Centre; Fly-Half"
"Q3288757","Marcel Camel","Marcel Camel",1903-07-27,"Toulouse",1976-09-09,"Toulouse",175,"Number 8; Flanker"
"Q3288775","Marcel Cassiède","Marcel Cassiède",1934-01-01,"Gousse",2018-07-31,"Dax; Landes",187,"2nd Row"
"Q3288818","Marcel Communeau","Marcel Communeau",1885-09-11,"Beauvais",1971-06-26,"Beauvais",177,"Flanker"
"Q3289061","Marcel Jol","Marcel Jol",1923-03-16,"Biarritz",1981-06-22,"Biarritz",178,"Hooker"
"Q3289082","Marcel Laffitte","Marcel Laffitte",1880-03-10,NA,1934-05-07,"Arcachon",NA,NA
"Q3289103","Marcel Laurent","Marcel Laurent",1909-04-17,"Auch",1998-05-13,"Sainte-Croix-du-Mont",180,"Hooker; Prop"
"Q3289132","Marcel Legrain","Marcel Legrain",1890-06-14,"Paris",1915-06-27,"Neuville-Saint-Vaast",180,"2nd Row; Number 8"
"Q3289150","Marcel Lewin","Marcel Lewin",1946-07-01,NA,NA,NA,NA,"Flanker"
"Q3289227","Marcel Michelin","Marcel Michelin",1886-04-12,"11th arrondissement of Paris",1945-01-21,"Ohrdruf",NA,NA
"Q3289312","Marcel Puget","Marcel Puget",1940-09-28,"Limoux",2021-07-01,"Brive-la-Gaillarde",167,"Scrum-Half"
"Q3289381","Marcel Salsé","Marcel Salsé",NA,"Peyriac-Minervois",NA,NA,173,"Centre"
"Q3289408","Marcel Socaciu","Marcel Socaciu",1972-04-23,"Mociu",NA,NA,180,"Prop"
"Q3289468","Marcel Verchère","Marcel Verchère",1910-07-30,"Bourg-en-Bresse",1937-10-26,"Bourg-en-Bresse",NA,"Winger"
"Q3289476","Marcel Volot","Marcel Volot",1917-06-27,"Gonfreville-l'Orcher",2014-08-29,"Nice",166,"Hooker"
"Q3289523","Marcell Coetzee","Marcell Coetzee",1991-05-08,"Potchefstroom",NA,NA,193,"Flanker; Number 8"
"Q3289633","Marcello d'Orey","MarcelloD'Orey",1976-03-03,NA,NA,NA,NA,"2nd Row"
"Q3289653","Marcelo Bosch","Marcelo Bosch",1984-01-07,"Buenos Aires",NA,NA,186,"Centre; Fullback"
"Q3289654","Marcelo Campo","Marcelo Campo",1957-07-01,NA,2021-06-26,NA,180,"Winger"
"Q3290064","Marco Bollesan","Marco Bollesan",1941-07-07,"Chioggia",2021-04-21,"Bogliasco",NA,"Number 8"
"Q3290065","Marco Caputo","Marco Caputo",1971-05-12,"Modena",NA,NA,180,"Hooker"
"Q3290072","Marco Coletti","Marco Coletti",1984-03-10,"San Donà di Piave",NA,NA,183,"Prop"
"Q3290089","Marco Pinto Ferrer","Marco Pinto Ferrer",1987-11-11,"Barcelona",NA,NA,180,"Hooker"
"Q3290125","Marco Neethling","Marco Neethling",1985-05-18,"Durban",NA,NA,182,"Centre"
"Q3290256","Marcus Di Rollo","Marcus Di Rollo",1978-03-31,"Edinburgh",NA,NA,186,"Centre"
"Q3290269","Marcus Horan","Marcus Horan",1977-09-07,"Limerick",NA,NA,185,"Prop"
"Q3290296","Marcus Rose","Marcus Rose",1957-01-12,NA,NA,NA,180,"Fullback"
"Q3291370","Mariano Galarza","Mariano Galarza",1986-11-12,"Veinticinco de Mayo Partido",NA,NA,202,"2nd Row"
"Q3291399","Mariano Sambucetti","Mariano Sambucetti",1979-10-23,"Buenos Aires",NA,NA,196,"2nd Row"
"Q3293062","Marika Vunibaka","Marika Vunibaka",1974-11-03,"Levuka",NA,NA,187,"Winger"
"Q3293448","Mario Gerosa","Mario Gerosa",1967-04-27,"Rosario",NA,NA,NA,"Winger"
"Q3293502","Mario Mazzuca","Mario Mazzuca",1910-10-13,NA,1983-10-03,NA,NA,NA
"Q3293767","Marius Bejan","Marius Bejan",1979-07-11,NA,NA,NA,NA,"2nd Row"
"Q3293807","Marius Goosen","Marius Goosen",1974-04-06,"Kleinzee",NA,NA,185,"Fly-Half"
"Q3293826","Marius Joubert","Marius Joubert",1979-07-10,"Paarl",NA,NA,191,"Centre"
"Q3293876","Marius Visser","Marius Visser",1982-04-24,"Walvis Bay",NA,NA,191,"Prop"
"Q3293980","Mark ""Bull"" Allen","Mark Allen",1967-07-27,"Stratford; New Zealand",NA,NA,183,"Prop"
"Q3293985","Mark Andrews","Mark Andrews",1972-02-21,"Elliot",NA,NA,200,"2nd Row; Number 8"
"Q3293990","Mark Bailey","Mark Bailey",1960-11-21,NA,NA,NA,188,"Winger"
"Q3293992","Mark Beale","Mark Beale",1972-11-25,"Wellington",NA,NA,172,"Fly-Half"
"Q3294023","Mark Carter","Mark Carter",1968-11-07,"Auckland",NA,NA,188,"Flanker"
"Q3294030","Mark Chisholm","Mark Chisholm",1981-09-18,"Gladstone; Queensland",NA,NA,197,"2nd Row; 3rd Row"
"Q3294035","Mark Connors","Mark Connors",1971-05-17,NA,NA,NA,195,"Flanker"
"Q3294085","Mark Gasnier","Mark Gasnier",1981-07-19,"Sydney",NA,NA,193,"Centre; Winger; Fullback"
"Q3294092","Mark Gerrard","Mark Gerrard",1982-09-04,"Sydney",NA,NA,191,"Fullback; Centre; Winger; Fly-Half"
"Q3294093","Mark Giacheri","Mark Giacheri",1969-02-01,NA,NA,NA,202,"Flanker"
"Q3294099","Mark Hammett","Mark Hammett",1972-07-13,"Christchurch",NA,NA,185,"Hooker"
"Q3294101","Mark Hartill","Mark Hartill",1964-05-29,NA,NA,NA,183,"Prop"
"Q3294141","Mark Lawson","Mark Lawson",1980-03-17,NA,NA,NA,NA,"Hooker"
"Q3294150","Mark Luafalealo","Mark Luafalealo",1975-10-07,"Ponsonby; New Zealand",NA,NA,173,"Prop"
"Q3294151","Mark Loane","Mark Loane",1954-07-11,"Ipswich; Queensland",NA,NA,195,"Number 8"
"Q3294160","Mark Mayerhofler","Mark Mayerhofler",1972-10-08,"Auckland",NA,NA,182,"Centre"
"Q3294161","Mark McCall","Mark McCall",1967-11-29,NA,NA,NA,NA,"Centre"
"Q3294162","Mark McBain","Mark McBain",1959-10-30,NA,NA,NA,NA,"Hooker"
"Q3294170","Mark McHugh","Mark McHugh",1978-08-09,"Drogheda",NA,NA,181,"Fly-Half; Fullback"
"Q3294173","Mark McMillan","Mark McMillan",1983-05-17,"Stirling",NA,NA,180,"Scrum-Half"
"Q3294183","Mark Coxon Morrison","Mark Morrison",1877-04-02,NA,1945-05-02,NA,NA,NA
"Q3294213","Mark Ranby","Mark Ranby",1977-06-01,"Putāruru",NA,NA,178,"Centre"
"Q3294217","Mark Rennie","Mark Rennie",1982-04-30,NA,NA,NA,200,"2nd Row; Flanker"
"Q3294221","Mark Ring","Mark Ring",1962-10-15,"Cardiff",NA,NA,183,"Centre"
"Q3294225","Mark Robinson","Mark Robinson",1975-08-21,"Palmerston North",NA,NA,179,"Scrum-Half"
"Q3294236","Mark Shaw","Mark Shaw",1956-05-23,"Palmerston North",NA,NA,188,"Flanker"
"Q3294244","Mark Sweeney","Mark Sweeney",1981-12-15,NA,NA,NA,183,"Fly-Half; Winger"
"Q3294245","Mark Sugden","Mark Sugden",1902-02-11,NA,1990-01-21,NA,NA,"Scrum-Half"
"Q3294253","Mark Taylor","Mark Taylor",1973-02-27,"Blaenavon",NA,NA,185,"Centre"
"Q3294292","Mark Wyatt","Mark Wyatt",1961-04-12,NA,NA,NA,NA,NA
"Q3294295","Mark van Gisbergen","Mark van Gisbergen",1977-06-30,"Hamilton; New Zealand",NA,NA,180,"Fullback; Fly-Half"
"Q3294382","Marko Stanojevic","Marko Stanojevic",1979-10-01,"Birmingham",NA,NA,180,"Winger"
"Q3295271","Martial Servantes","Martial Servantes",1967-10-20,NA,NA,NA,168,"Centre; Winger"
"Q3295430","Martin Gady","Martin Gady",1981-10-13,"Périgueux",NA,NA,185,"Prop"
"Q3295483","Martin Jágr","Martin Jágr",1979-09-29,"Prague",NA,NA,181,"Winger"
"Q3295486","Martin Kafka","Martin Kafka",1978-07-25,NA,NA,NA,NA,"Centre"
"Q3295519","Martin Leslie","Martin Leslie",1971-10-25,"Lower Hutt",NA,NA,190,"Flanker"
"Q3295578","Martin Offiah","Martin Offiah",1965-12-29,NA,NA,NA,NA,NA
"Q3295584","Martin Pelser","Martin Pelser",1934-03-23,"Johannesburg",2018-08-15,"Johannesburg",188,"Flanker"
"Q3295645","Martín Terán","Martín Terán",1969-07-25,NA,NA,NA,NA,"Winger"
"Q3295663","Martin Vickers-Pearson","Martin Vickers-Pearson",1971-10-24,NA,NA,NA,NA,"Fly-Half"
"Q3295675","Martin Worthington","Martin Worthington",1981-01-25,"Torquay",NA,NA,182,"Centre; Winger"
"Q3295922","Marty Holah","Marty Holah",1976-09-10,"Hamilton; New Zealand",NA,NA,184,"Flanker"
"Q3295929","Marty Roebuck","Marty Roebuck",1965-01-10,"Lithgow; New South Wales",NA,NA,198,"Fullback"
"Q3295939","Martyn Wood","Martyn Wood",1977-04-25,"Harrogate",NA,NA,178,"Scrum-Half"
"Q3295981","Martín Durand","Martín Durand",1976-05-30,NA,NA,NA,182,"Flanker"
"Q3295989","Martín Gaitán","Martin Gaitán",1978-06-15,"Paraná; Entre Ríos",NA,NA,177,"Centre"
"Q3295994","Martín Rodríguez","Martín Rodríguez Gurruchaga",1985-12-04,"Santa Fe; Argentina",NA,NA,185,"Fullback; Centre"
"Q3296002","Martín Schusterman","Martín Schusterman",1975-09-13,"San Juan; Argentina",NA,NA,189,"Flanker"
"Q3296004","Martín Yangüela","Martín Yangüela",1962-07-01,NA,NA,NA,NA,"Scrum-Half"
"Q3296076","Marvin O'Connor","Marvin O'Connor",1991-04-18,"Annemasse",NA,NA,178,"Winger"
"Q3297401","Massa Johnston","Massa Johnston",1881-09-13,"Dunedin",1951-01-09,"Sydney",183,"2nd Row"
"Q3297725","Massimiliano Perziano","Massimiliano Perziano",1973-01-01,NA,NA,NA,183,"Winger"
"Q3297727","Massimiliano Ravalle","Massimiliano Ravalle",1988-06-18,"Catania",NA,NA,186,"Prop"
"Q3297745","Massimo Bonomi","Massimo Bonomi",1967-06-22,"Brescia",NA,NA,180,"Centre"
"Q3297752","Massimo Cuttitta","Massimo Cuttitta",1966-09-02,"Latina; Lazio",2021-04-11,"Albano Laziale",177,"Prop"
"Q3298403","Matekitonga Moeakiola","Matekitonga Moeakiola",1978-05-16,"Tongatapu",NA,NA,183,"Prop"
"Q3298623","Mathieu Acebes","Mathieu Acebes",1987-08-01,"Bayonne",NA,NA,182,"Winger; Centre; Fullback"
"Q3298635","Mathieu Badel","Mathieu Badel",1984-12-09,"Annonay",NA,NA,NA,"Prop"
"Q3298638","Mathieu Barrau","Mathieu Barrau",1977-09-03,"Beaumont-de-Lomagne",NA,NA,173,"Scrum-Half"
"Q3298650","Mathieu Bélie","Mathieu Belie",1988-02-20,"Toulouse",NA,NA,181,"Scrum-Half; Fly-Half"
"Q3298659","Mathieu Blin","Mathieu Blin",1977-05-20,"Paris",NA,NA,176,"Hooker"
"Q3298673","Matthieu Bourret","Matthieu Bourret",1985-04-26,"Perpignan",NA,NA,180,"Winger; Fullback"
"Q3298688","Mathieu Cidre","Mathieu Cidre",1981-03-13,NA,NA,NA,178,"Hooker"
"Q3298695","Mathieu De Pauw","Mathieu De Pauw",1984-03-01,NA,NA,NA,NA,NA
"Q3298703","Mathieu Diebolt","Mathieu Diebolt",1981-09-17,NA,NA,NA,192,"2nd Row; 3rd Row"
"Q3298706","Mathieu Dourthe","Mathieu Dourthe",1976-07-22,"Dax; Landes",NA,NA,175,"Winger; Fullback; Fly-Half"
"Q3298729","Mathieu Giudicelli","Mathieu Giudicelli",1990-02-07,"Montpellier",NA,NA,183,"Tighthead Prop"
"Q3298732","Mathieu Glavany","Mathieu Glavany",1977-05-16,NA,NA,NA,NA,NA
"Q3298735","Mathieu Gouagout","Mathieu Gouagout",1983-03-21,"Arcachon",NA,NA,187,"Prop"
"Q3298754","Mathieu Horb","Mathieu Horb",1985-02-27,NA,NA,NA,NA,NA
"Q3298783","Mathieu Larrouy","Mathieu Larrouy",1980-10-11,"Saint-Palais; Pyrénées-Atlantiques",NA,NA,178,"Prop"
"Q3298794","Mathieu Lescure","Mathieu Lescure",1982-04-28,"Clermont-Ferrand",NA,NA,183,"Flanker; Number 8"
"Q3298800","Mathieu Lorée","Mathieu Lorée",1987-06-18,"Cormeilles-en-Parisis",NA,NA,173,"Scrum-Half"
"Q3298802","Mathieu Mandement","Mathieu Mandement",1980-07-18,NA,NA,NA,NA,"Flanker"
"Q3298804","Mathieu Maillard","Mathieu Maillard",1980-01-08,"Villeneuve-sur-Lot",NA,NA,180,"Fly-Half"
"Q3298807","Mathieu Lopez","Mathieu Lopez",1982-08-23,NA,NA,NA,165,"Scrum-Half"
"Q3298813","Mathieu Maumus","Mathieu Maumus",1986-06-25,"Lannemezan",NA,NA,186,"Prop"
"Q3298818","Mathieu Mercier","Mathieu Mercier",1982-10-08,NA,NA,NA,178,"Winger"
"Q3298832","Mathieu Petitdemange","Mathieu Petitdemange",1987-04-10,"Die; Drôme",NA,NA,193,"Number 8"
"Q3298837","Mathieu Pla","Mathieu Pla",1985-03-13,NA,NA,NA,NA,"Scrum-Half"
"Q3298859","Mathieu Sans","Mathieu Sans",1980-09-25,NA,NA,NA,NA,"Fly-Half"
"Q3298872","Mathieu Siro","Mathieu Siro",1981-01-08,"Pau; Pyrénées-Atlantiques",NA,NA,170,"Scrum-Half"
"Q3298877","Mathieu Tachdjian","Mathieu Tachdjian",1980-06-28,NA,NA,NA,NA,"Prop"
"Q3299044","Mathys Ferreira","Mathys Ferreira",1980-09-13,"South Africa",NA,NA,190,"Prop"
"Q3299075","Matias Albina","Matias Albina",1975-03-26,NA,NA,NA,NA,"Scrum-Half"
"Q3299076","Matias Arocena","Matias Arocena",NA,NA,NA,NA,177,"Fly-Half; Fullback"
"Q3299080","Matias Cortese","Matias Cortese",1985-10-01,"Mendoza; Argentina",NA,NA,185,"Hooker"
"Q3299087","Matias Viazzo","Matias Miguel Viazzo",1983-03-06,"Mendoza; Argentina",NA,NA,181,"Centre; Fly-Half; Scrum-Half"
"Q3299406","Matt Cairns","Matt Cairns",1979-03-31,"Birkenhead",NA,NA,180,"Hooker"
"Q3299416","Matt Cornwell","Matt Cornwell",1985-01-16,NA,NA,NA,NA,"Fullback"
"Q3299432","Matt Dawson","Matt Dawson",1972-10-31,"Birkenhead",NA,NA,177,"Scrum-Half"
"Q3299449","Matt Dunning","Matt Dunning",1978-12-19,"Calgary",NA,NA,183,"Prop"
"Q3299469","Matt Henjak","Matthew Henjak",1981-11-25,"Queanbeyan",NA,NA,181,"Scrum-Half"
"Q3299475","Matt Hodgson","Matt Hodgson",1981-06-25,"Sydney",NA,NA,184,"Flanker"
"Q3299479","Matt Hopper","Matt Hopper",1985-01-29,"Exeter",NA,NA,178,"Centre; Fullback"
"Q3299529","Matt McCullough","Matt McCullough",1981-09-09,NA,NA,NA,NA,"2nd Row"
"Q3299535","Matt Mostyn","Matt Mostyn",1974-09-10,NA,NA,NA,188,"Winger"
"Q3299539","Matt Mullan","Matt Mullan",1987-02-23,"Brighton",NA,NA,180,"Prop; Hooker"
"Q3299551","Matt Perry","Matt Perry",1977-01-27,"Bath; Somerset",NA,NA,183,"Fullback"
"Q3299552","Matt Pini","Matt Pini",1969-03-21,"Canberra",NA,NA,183,"Fullback"
"Q3299556","Matt Smith","Matt Smith",1985-11-15,"Leicester",NA,NA,193,"Centre; Winger"
"Q3299562","Matt Toomua","Matt Toomua",1990-01-02,"Melbourne",NA,NA,182,"Fly-Half; Centre"
"Q3299568","Matt Weingart","Matt Weingart",1982-06-26,NA,NA,NA,NA,"Scrum-Half"
"Q3299617","Matteo Barbini","Matteo Barbini",1982-06-08,"Venice",NA,NA,190,"Centre"
"Q3299636","Matteo Pratichetti","Luke Matteo Pratichetti",1985-07-27,"Rome",NA,NA,190,"Winger; Centre"
"Q3299684","Matthew Burke","Matthew Burke",1964-09-15,"Gosford",NA,NA,NA,"Winger; Centre"
"Q3299685","Matthew Carraro","Matt Carraro",1984-08-04,"Randwick; New South Wales",NA,NA,185,"Centre"
"Q3299688","Matthew Clarkin","Matthew Clarkin",1981-07-04,"Cirencester",NA,NA,196,"Number 8; Flanker"
"Q3299694","Matt Cockbain","Matthew Cockbain",1972-09-19,"Cairns",NA,NA,195,"2nd Row; Flanker"
"Q3299740","Matthew Jolly","Matthew Jolly",1976-01-16,NA,NA,NA,199,"2nd Row"
"Q3299747","Matthew Jones","Matt Jones",1984-04-04,"Bridgend",NA,NA,173,"Fly-Half"
"Q3299783","Matthew Phillips","Matthew Phillips",1975-04-10,"Kaitaia",NA,NA,193,"Number 8"
"Q3299804","Matt Stevens","Matthew Stevens",1982-10-01,"Durban",NA,NA,187,"Prop"
"Q3299818","Matthew Watkins","Matthew Watkins",1978-09-02,"Newport; Wales",2020-03-07,NA,183,"Centre"
"Q3299906","Matthieu Lazerges","Matthieu Lazerges",1975-12-22,"Toulouse",NA,NA,179,"Scrum-Half"
"Q3299948","Matthys Stoltz","Matthys Stoltz",1972-04-07,"Pretoria",NA,NA,202,"2nd Row"
"Q3299977","Mattin Auzqui","Mattin Auzqui",1982-09-06,"Bayonne",NA,NA,175,"Prop"
"Q3300062","Matías Agüero","Matías Agüero",1981-02-13,"San Nicolás de los Arroyos",NA,NA,185,"Prop"
"Q3300358","Maurice Barragué","Maurice Barragué",1974-07-29,"France",NA,NA,193,"2nd Row"
"Q3300424","Maurice Biraben","Maurice Biraben",1892-05-20,"Dax; Landes",1963-03-27,"Dax; Landes",177,"Prop"
"Q3300490","Maurice Boyau","Maurice Boyau",NA,NA,NA,NA,181,"Flanker"
"Q3300499","Maurice Bruneau","Maurice Bruneau",1883-12-01,"Bordeaux",1967-12-30,"Bordeaux",165,"Winger; Fly-Half"
"Q3300500","Maurice Brownlie","Maurice Brownlie",1897-08-10,"Whanganui",1957-01-21,"Gisborne; New Zealand",185,"3rd Row"
"Q3300538","Maurice Celhay","Maurice Celhay",1911-05-17,"Saint-Palais; Pyrénées-Atlantiques",1980-10-17,"Bayonne",172,NA
"Q3301056","Maurice Leuvielle","Maurice Leuvielle",1881-06-28,"Saint-Loubès",1959-12-14,"Ambarès-et-Lagrave",173,"Winger; Flanker"
"Q3301069","Maurice Lira","Maurice Lira",1941-04-30,"La Mure",1986-01-25,"La Voulte-sur-Rhône",193,"2nd Row; Number 8; Flanker"
"Q3301279","Maurice Porra","Maurice Porra",1906-05-13,"Perpignan",1950-09-02,"Perpignan",170,"Hooker"
"Q3301285","Maurice Prat","Maurice Prat",1928-09-17,"Lourdes",2016-05-15,"Lourdes",173,"Centre"
"Q3301335","Maurice Richards","Maurice Richards",1945-02-02,NA,NA,NA,NA,"Winger"
"Q3301389","Maurice Savy","Maurice Savy",1906-09-21,"Gouttières; Puy-de-Dôme",1991-12-14,"Clermont-Ferrand",178,"Fullback; Centre"
"Q3301411","Maurice Siman","Maurice Siman",1924-07-12,"Clermont-Ferrand",2015-07-24,"Castres",183,"Winger"
"Q3301447","Maurice Terreau","Maurice Terreau",1923-01-30,NA,2000-12-22,NA,175,"Fly-Half"
"Q3301470","Maurice Trélut","Maurice Trélut",1881-07-30,"Ossun",1945-01-27,"Buchenwald concentration camp",NA,NA
"Q3301624","Mauricio Reggiardo","Mauricio Reggiardo",1970-02-22,"Bragado",NA,NA,190,"Prop"
"Q3301636","Maurie Fa'asavalu","Maurie Fa'asavalu",1980-01-12,"Moto'otua",NA,NA,191,"Flanker"
"Q3301720","Maurizio Zaffiri","Maurizio Zaffiri",1978-01-12,"L'Aquila",NA,NA,185,"Flanker"
"Q3302013","Max Barrau","Max Barrau",1950-11-26,"Beaumont-de-Lomagne",NA,NA,170,"Scrum-Half"
"Q3302040","Max Brito","Max Brito",1968-04-08,"Abidjan",2022-12-19,"Bordeaux",182,"Centre; Winger"
"Q3302099","Max Evans","Max Evans",1983-09-12,"Torquay",NA,NA,178,"Winger; Centre"
"Q3302306","Max Rousié","Max Rousié",1912-07-14,"Marmande",1959-06-02,"Saint-Justin; Landes",178,"Scrum-Half; Fly-Half; Centre; 3rd Row"
"Q3302503","Maxime Carabignac","Maxime Carabignac",1987-02-10,NA,NA,NA,169,"Scrum-Half"
"Q3302506","Maxime Castell","Maxime Castell",1987-11-23,NA,NA,NA,178,"Scrum-Half"
"Q3302512","Maxime Champel","Maxime Champel",1982-01-02,NA,NA,NA,NA,"Number 8"
"Q3302534","Maxime Delonca","Maxime Delonca",1988-04-29,"Perpignan",NA,NA,180,"Hooker"
"Q3302582","Maxime Guiho","Maxime Guiho",1984-08-26,"Pau; Pyrénées-Atlantiques",NA,NA,194,"2nd Row"
"Q3302611","Maxime Le Bourhis","Maxime Le Bourhis",1989-07-11,NA,NA,NA,180,"Winger; Fullback"
"Q3302643","Maxime Machenaud","Maxime Machenaud",1988-12-30,"Bordeaux",NA,NA,174,"Scrum-Half"
"Q3302661","Maxime Petitjean","Maxime Petitjean",1984-03-17,"Tulle",NA,NA,182,"Fly-Half"
"Q3302686","Maxime Santoni","Maxime Santoni",1984-07-29,"Toulon",NA,NA,196,"2nd Row"
"Q3302706","Maxime Veau","Maxime Veau",1988-08-09,"Saint-Jean-d'Angély",NA,NA,178,"Centre"
"Q3302735","Maximiliano Bustos","Maximiliano Bustos",1986-04-02,"Santa Fe; Argentina",NA,NA,183,"Prop"
"Q3303530","Mboazafy Noé Rakotoarivelo","Mboazafy Noé Rakotoarivelo",NA,NA,NA,NA,NA,NA
"Q3304186","Mefin Davies","Mefin Davies",1972-09-02,"Wales",NA,NA,178,"Hooker"
"Q3304450","Mehadji Tidjini","Mehadji Tidjini",1984-08-13,"Oran",NA,NA,182,"Centre"
"Q3304519","Mehdi Mérabet","Mehdi Merabet",1985-06-21,"Toulon",NA,NA,186,"Prop"
"Q3304839","Mel Baker","Mel Baker",1885-07-01,"Newport; Wales",NA,NA,NA,"Winger"
"Q3306807","Mesake Davu","Mesake Davu",1976-09-28,"Nadi",NA,NA,196,"Number 8; Flanker"
"Q3307963","Micha Sujashvili","Micha Sujashvili",1977-11-17,NA,NA,NA,NA,"Prop"
"Q3308048","Michael Bradley","Michael Bradley",1897-10-16,"Cork (city)",1951-07-14,"Cork (city)",NA,"Prop"
"Q3308051","Michael Bradley","Michael Bradley",1962-11-17,"Cork (city)",NA,NA,NA,"Scrum-Half"
"Q3308056","Michael Brial","Michael Brial",1970-05-11,NA,NA,NA,NA,"Number 8"
"Q3308068","Mike Burak","Michael Burak",1980-10-09,NA,NA,NA,NA,"2nd Row"
"Q3308087","Michael Carroll","Michael Carroll",1981-11-01,"Dublin",NA,NA,194,"Number 8"
"Q3308102","Michael Cheika","Michael Cheika",1967-03-04,"Sydney",NA,NA,NA,"Number 8"
"Q3308111","Michael Claassens","Michael Claassens",1982-10-28,"South Africa",NA,NA,178,"Scrum-Half"
"Q3308113","Michael Coetzee","Michael Coetzee",1979-12-06,"Johannesburg",NA,NA,179,"Prop"
"Q3308116","Michael Collins","Michael Collins",1974-05-10,"New Plymouth",NA,NA,180,"Prop"
"Q3308125","Michael Cook","Michael Cook",1962-04-23,NA,NA,NA,NA,"Centre"
"Q3308195","Michael Foley","Michael Foley",1967-06-07,NA,NA,NA,180,"Hooker"
"Q3308215","Michael Gibson","Michael Gibson",1954-03-03,"Dublin",NA,NA,NA,"Flanker; Centre"
"Q3308254","Michael Holford","Michael Holford",1982-08-11,"Leicester",NA,NA,180,"Prop"
"Q3308257","Michael Horak","Michael Horak",1977-06-03,"Johannesburg",NA,NA,190,"Fullback"
"Q3308294","Mike Kiernan","Michael Kiernan",1961-01-17,NA,NA,NA,NA,"Centre"
"Q3308345","Michael MacKenzie","Michael MacKenzie",1983-09-13,NA,NA,NA,NA,"Flanker"
"Q3308412","Michael O'Callaghan","Michael O'Callaghan",1946-04-27,"Culverden",NA,NA,181,"Winger; Centre"
"Q3308413","Michael O'Connor","Michael O'Connor",1960-11-30,"Nowra",NA,NA,NA,"Centre"
"Q3308466","Mick Quinn","Michael Quinn",1952-05-31,"Dublin",NA,NA,NA,"Fly-Half"
"Q3308491","Michael Ryan","Michael Ryan",1871-07-01,NA,1947-08-19,NA,NA,"Forward"
"Q3308533","Michael Stephenson","Michael Stephenson",1980-09-28,"Tynemouth",NA,NA,182,"Winger"
"Q3308564","Michael Vukovic","Michael Vukovic",1980-03-01,NA,NA,NA,NA,"Prop"
"Q3308889","Michel Arino","Michel Arino",1938-02-08,NA,NA,NA,NA,"Winger"
"Q3308893","Michel Arnaudet","Michel Arnaudet",1943-03-11,NA,NA,NA,NA,"Centre"
"Q3309015","Michel Billière","Michel Billière",1943-07-16,"Salles-sur-Garonne",2020-01-31,"Toulouse",190,"Flanker"
"Q3309055","Michel Bonnus","Michel Bonnus",1915-03-23,NA,1958-08-05,NA,NA,"Fullback"
"Q3309070","Michel Boucheron","Michel Boucheron",1903-03-30,"Clermont-Ferrand",1940-05-31,"Dunkirk",166,"Scrum-Half"
"Q3309220","Michel Celaya","Michel Celaya",1930-07-04,"Biarritz",2020-01-01,"Bayonne",183,"Number 8; Flanker; 2nd Row"
"Q3309288","Michel Clémente","Michel Clémente",1955-11-03,NA,NA,NA,NA,"Number 8"
"Q3309337","Michel Coutin","Michel Coutin",NA,"Rumilly; Haute-Savoie",NA,NA,184,"2nd Row"
"Q3309348","Michel Courtiols","Michel Courtiols",1965-04-27,"Fumel",NA,NA,190,"Flanker"
"Q3309351","Michel Crémaschi","Michel Crémaschi",1956-04-26,NA,NA,NA,NA,"Prop"
"Q3309451","Michel Denêtre","Michel Denêtre",1987-06-30,"Pontault-Combault",NA,NA,182,"Centre"
"Q3309481","Michel Dieudé","Michel Dieudé",1978-02-16,"Paris",NA,NA,194,"Flanker"
"Q3309515","Michel Droitecourt","Michel Droitecourt",1949-10-30,"Meaux",NA,NA,176,"Fullback"
"Q3309569","Michel Escommier","Michel Escommier",1933-10-12,NA,NA,NA,NA,"Hooker"
"Q3309591","Michel Fabre","Michel Fabre",1956-09-11,"Pézenas",NA,NA,172,"Winger"
"Q3309818","Michel Greffe","Michel Greffe",1940-10-27,"2nd arrondissement of Lyon",NA,NA,178,"Number 8; Flanker"
"Q3309885","Michel Hauser","Michel Hauser",1945-07-10,NA,NA,NA,NA,"Flanker"
"Q3309913","Michel Hoche","Michel Hoche",1932-09-20,"Levallois-Perret",2016-09-27,"Hermeray",188,"2nd Row"
"Q3309918","Michel Hondagné-Monge","Michel Hondagné-Monge",1961-03-10,NA,NA,NA,NA,"Scrum-Half"
"Q3310046","Michel Konieck","Michel Konieck",1972-10-14,"Avignon",NA,NA,182,"Hooker"
"Q3310051","Michel Lacome","Michel Lacome",1935-09-28,"Bagnères-de-Bigorre",NA,NA,178,"Centre"
"Q3310069","Michel Laguerre-Basse","Michel Laguerre-Basse",1948-10-05,NA,1992-05-22,NA,NA,"Prop"
"Q3310106","Michel Lasserre","Michel Lasserre",1940-11-29,"Le Causé",NA,NA,185,NA
"Q3310151","Michel Lecointre","Michel Lecointre",1926-07-03,NA,1956-05-26,NA,NA,"Fly-Half"
"Q3310246","Michel Macurdy","Michel Macurdy",1975-06-11,"Argenteuil",NA,NA,196,"2nd Row"
"Q3310284","Michel Marfaing","Michel Marfaing",1970-03-06,NA,NA,NA,183,"Centre"
"Q3310510","Michel Palmié","Michel Palmié",1951-12-01,"Béziers",NA,NA,197,"2nd Row"
"Q3310532","Michel Pebeyre","Michel Pebeyre",1948-06-21,"Brive-la-Gaillarde",NA,NA,180,"Scrum-Half"
"Q3310611","Michel Pomathios","Michel Pomathios",1924-03-18,"Bourg-en-Bresse",2015-12-07,"Viriat",188,"Winger"
"Q3310642","Michel Périé","Michel Périé",1969-09-20,"Le Pradet",NA,NA,185,"Loosehead Prop; Tighthead Prop"
"Q3310696","Michel Ringeval","Michel Ringeval",1943-02-18,"Lourdes",NA,NA,170,"Scrum-Half; Winger; Centre"
"Q3310820","Michel Sappa","Michel Sappa",1949-03-19,NA,NA,NA,NA,"2nd Row"
"Q3310825","Michel Saturnin","Michel Saturnin",1948-09-10,NA,NA,NA,NA,"2nd Row"
"Q3310831","Michel Savitsky","Michel Savitsky",1946-10-31,NA,2009-01-16,NA,NA,"2nd Row"
"Q3310866","Michel Sitjar","Michel Sitjar",1942-09-13,"Toulouse",2019-06-10,"Lamagistère",179,"Flanker"
"Q3310882","Michel Sorondo","Michel Sorondo",1919-07-16,NA,1976-07-24,NA,NA,"Centre"
"Q3310932","Michel Tachdjian","Michel Tachdjian",1962-06-06,NA,NA,NA,NA,"2nd Row"
"Q3310933","Michel Taffary","Michel Taffary",1950-04-25,NA,NA,NA,NA,"Fullback"
"Q3310983","Michel Tonon",NA,1957-10-16,"Nuits-Saint-Georges",NA,NA,NA,NA
"Q3310992","Michel Trilles","Michel Trilles",1916-05-23,NA,1970-07-22,NA,NA,NA
"Q3311016","Michel Urtizverea","Michel Urtizverea",1950-07-14,NA,NA,NA,NA,"Prop"
"Q3311043","Michel Vannier","Michel Vannier",1931-07-21,"Tin",1991-06-28,"Fragnes",178,"Fullback"
"Q3311321","Michele Sepe","Michele Sepe",1986-10-08,"Rome",NA,NA,190,"Winger"
"Q3311725","Mick Galwey","Mick Galwey",1966-10-08,"Currow",NA,NA,193,"2nd Row"
"Q3311736","Mickael Ait Issad","Mickael Ait Issad",1987-03-31,NA,NA,NA,178,"Fly-Half; Centre"
"Q3311738","Mickael De Marco","Mickael De Marco",1989-04-22,"Montpellier",NA,NA,197,"2nd Row"
"Q3311741","Mick O'Driscoll","Mick O'Driscoll",1978-10-08,"Cork (city)",NA,NA,196,"2nd Row"
"Q3311749","Mickaël Bert","Mickaël Bert",1980-01-04,"Montpellier",NA,NA,192,"2nd Row; Flanker"
"Q3311756","Mickaël Campeggia","Mickaël Campeggia",1984-06-22,"Lyon",NA,NA,173,"Scrum-Half"
"Q3311770","Mickaël Drouard","Mikaël Drouard",1987-01-06,"Dax; Landes",NA,NA,182,"Centre"
"Q3311771","Mickaël Etcheverria","Mikaël Etcheverria",1982-06-01,"Bayonne",NA,NA,185,"Fullback; Winger"
"Q3311778","Mickaël Gracia","Mickaël Gracia",1984-06-04,NA,NA,NA,175,"Scrum-Half"
"Q3311779","Mickaël Forest","Mickaël Forest",1975-08-09,"Chambéry",NA,NA,182,"Scrum-Half"
"Q3311782","Mickaël Ivaldi","Mickaël Ivaldi",1990-02-20,"La Seyne-sur-Mer",NA,NA,182,"Hooker"
"Q3311789","Mickaël Lopez","Mickaël Lopez",1987-02-24,"Luçon",NA,NA,169,"Scrum-Half"
"Q3311790","Mickaël Mabilon","Mickaël Mabilon",1981-09-07,"Lyon",NA,NA,181,"Centre"
"Q3311794","Mickaël Ladhuie","Mickaël Ladhuie",1982-02-04,"Toulouse",NA,NA,181,"Hooker"
"Q3311795","Mickaël Mokhtar","Mickaël Mokhtar",1979-03-02,NA,NA,NA,NA,NA
"Q3311853","Quinton Gerber","Mickey Gerber",1935-10-12,"Gqeberha",2005-10-07,"Johannesburg",NA,"Fullback"
"Q3311889","Michael Skinner","Mickey Skinner",1958-11-26,NA,NA,NA,NA,"Flanker"
"Q3312949","Miguel Avramovic","Miguel Avramovic",1981-07-18,"Buenos Aires",NA,NA,184,"Centre"
"Q3312998","Miguel Portela","Miguel Portela de Morais",1974-03-04,NA,NA,NA,NA,"Centre"
"Q3313054","Mihai Vioreanu","Mihai Vioreanu",1974-10-03,"Făgăraș",NA,NA,183,"Fullback; Centre; Winger"
"Q3313064","Mihai Lazăr","Mihai Lazăr",1986-11-03,"Iași",NA,NA,186,"Prop"
"Q3313154","Mikaera Tewhata","Mikaera Tewhata",1976-06-22,"Kaikohe",NA,NA,195,"2nd Row"
"Q3313157","Mikaele Tuugahala","Mikaele Tuugahala",1976-04-28,NA,NA,NA,185,"Prop"
"Q3313219","Mike Biggar","Mike Biggar",1949-11-20,"Aberdeen",NA,NA,NA,"Flanker"
"Q3313238","Mike Brewer","Mike Brewer",1964-11-06,"Pukekohe",NA,NA,195,"Flanker; Number 8"
"Q3313242","Mike Brown","Mike Brown",1985-09-04,"Southampton",NA,NA,183,"Fullback; Winger"
"Q3313261","Mike Catt","Mike Catt",1971-09-17,"Gqeberha",NA,NA,177,"Fly-Half; Centre; Fullback; Winger"
"Q3313275","Mike Delany","Mike Delany",1982-06-15,"Rotorua",NA,NA,178,"Fly-Half; Centre; Fullback"
"Q3313349","Mike Griffiths","Mike Griffiths",1962-03-18,NA,NA,NA,NA,"Prop"
"Q3313351","Mike Hall","Mike Hall",1965-10-13,"Bridgend",NA,NA,188,"Scrum-Half"
"Q3313357","Mike Harrison","Mike Harrison",1956-04-19,NA,NA,NA,NA,"Winger"
"Q3313363","Mike Hercus","Mike Hercus",1979-06-05,"Falls Church; Virginia",NA,NA,180,"Fly-Half"
"Q3313377","Mike James","Mike James",1973-07-21,"Vancouver",NA,NA,198,"2nd Row"
"Q3313418","Mike MacDonald","Mike MacDonald",1980-11-27,"Berkeley; California",NA,NA,185,"Prop"
"Q3313424","Mike Mangan","Mike Mangan",1975-11-03,"Chicago",NA,NA,196,"2nd Row; Number 8"
"Q3313449","Michael Mika","Mike Mika",1968-07-24,"Lower Hutt",NA,NA,185,"Prop"
"Q3313472","Mike Mullins","Mike Mullins",1970-10-29,"Auckland",NA,NA,180,"Centre"
"Q3313475","Mike Noble","Mike Noble",1978-11-07,"Gisborne; New Zealand",NA,NA,180,"Prop"
"Q3313486","Mike Palefau","Mike Palefau",1981-09-10,"Kahuku",NA,NA,185,"Winger; Centre"
"Q3313503","Mike Pyke","Mike Pyke",1984-05-24,"Victoria; British Columbia",NA,NA,198,"Winger"
"Q3313505","Mike Prendergast","Mike Prendergast",1977-05-21,NA,NA,NA,180,"Scrum-Half"
"Q3313509","Mike Rafter","Mike Rafter",1952-03-31,"Bristol",NA,NA,NA,"Flanker"
"Q3313516","Mike Roberts","Mike Roberts",1946-02-20,"St Asaph",NA,NA,NA,"2nd Row"
"Q3313522","Mike Ross","Mike Ross",1979-12-21,"Cork (city)",NA,NA,188,"Prop"
"Q3313546","Mike Slemen","Mike Slemen",1951-05-11,NA,2020-07-21,NA,NA,"Winger"
"Q3313569","Mike Umaga","Mike Umaga",1966-02-19,"Auckland",NA,NA,183,"Fullback; Centre; Winger"
"Q3313577","Mike Webb","Mike Webb",1979-06-19,NA,NA,NA,NA,"Flanker"
"Q3313585","Mike Weston","Mike Weston",1938-08-21,"Durham; England",2023-12-24,NA,182,"Centre"
"Q3313720","Mikheil Nariashvili","Mikheil Nariashvili",1990-05-25,"Tbilisi",NA,NA,186,"Prop"
"Q3314536","Milton Ngauamo","Milton Ngauamo",1976-05-25,"Auckland",NA,NA,198,"2nd Row"
"Q3315671","Minya Csaba Gál","Minya Csaba Gal",1985-03-07,"Cluj-Napoca",NA,NA,184,"Centre"
"Q3316068","Mirko Lozupone","Mirko Lozupone",1984-07-29,"Bitonto",NA,NA,177,"Hooker"
"Q3316147","Miroslav Němeček","Miroslav Nemecek",1980-05-23,NA,NA,NA,197,"2nd Row"
"Q3317062","Mitch Hardy","Mitch Hardy",1971-06-15,"Sydney",NA,NA,185,"Winger"
"Q3317548","Mahonri Schwalger","Mo Schwalger",1978-09-15,"Apia",NA,NA,180,"Hooker"
"Q3317566","Moaner van Heerden","Moaner van Heerden",1951-07-18,"Pretoria",NA,NA,195,"2nd Row"
"Q3318500","Mohamed Dridi","Mohamed Dridi",1983-06-05,"Toulon",NA,NA,190,"3rd Row"
"Q3318559","Mohamed Gouasmia","Mohamed Gouasmia",1976-08-25,"Oujda",NA,NA,180,"Prop"
"Q3320064","Mona Thomson","Mona Thomson",1881-02-20,"Napier; New Zealand",1939-08-09,"Wellington",173,"Winger"
"Q3323185","Monty Dumond","Monty Dumond",1982-08-20,"Klerksdorp",NA,NA,181,"Fly-Half; Fullback; Winger"
"Q3323773","Moray Low","Moray Low",1984-11-28,"Torphins",NA,NA,188,"Prop"
"Q3323997","Morgan Saout","Morgan Saout",1984-04-14,"Toulouse",NA,NA,185,"Fullback"
"Q3324008","Morgan Turinui","Morgan Turinui",1982-01-05,"Sydney",NA,NA,180,"Centre"
"Q3324010","Morgan Williams","Morgan Williams",1976-04-17,NA,NA,NA,183,"Scrum-Half"
"Q3324191","Morne Loxton","Morne Loxton",1977-07-23,NA,NA,NA,NA,"Fullback"
"Q3324209","Morné du Plessis","Morné du Plessis",1949-10-21,"Vereeniging",NA,NA,195,"Number 8"
"Q3324416","Morris Zimerman","Morris Zimerman",1911-06-08,NA,1992-01-10,NA,NA,"Winger"
"Q3324419","Morrisson Faaletino","Morrison Faaletino",1985-07-02,NA,NA,NA,185,"Fly-Half; Centre"
"Q3324728","Mose Tuiali'i","Mose Tuiali'i",1981-03-25,"Auckland",NA,NA,194,"Number 8"
"Q3324771","Mosese Makasini","Mosese Makasini",1980-03-23,NA,NA,NA,198,"2nd Row"
"Q3324772","Mosese Moala","Mosese Moala",1978-06-14,NA,NA,NA,192,"Prop; 2nd Row"
"Q3324774","Mosese Ratuvou","Mosese Ratuvou",1983-01-31,NA,NA,NA,185,"Winger"
"Q3324778","Mosese Rauluni","Mosese Rauluni",1975-06-27,"Suva",NA,NA,177,"Scrum-Half"
"Q3324939","Moss Finn","Moss Finn",1957-03-29,NA,NA,NA,NA,"Winger"
"Q3324946","Moss Keane","Moss Keane",1948-07-27,"Currow",2010-10-05,"Portarlington; County Laois",NA,"2nd Row"
"Q3326146","Mouritz Botha","Mouritz Botha",1982-01-29,"Vryheid",NA,NA,198,"2nd Row"
"Q3327609","Muliufi Salanoa","Muliufi Salanoa",1980-08-16,"Apia",NA,NA,NA,"Hooker; Prop"
"Q3328170","Murphy Taele","Murphy Taele",1976-02-20,NA,NA,NA,186,"Centre"
"Q3328208","Murray Mexted","Murray Mexted",1953-09-05,"Wellington",NA,NA,193,"Number 8"
"Q3328211","Murray Pierce","Murray Pierce",1957-11-01,"Timaru",NA,NA,198,"2nd Row"
"Q3328217","Murray Watts","Murray Watts",1955-03-31,"Patea",NA,NA,180,"Winger"
"Q3328219","Murray Taylor","Murray Taylor",1956-08-25,"Hamilton; New Zealand",NA,NA,178,"Fly-Half; Centre"
"Q3328311","Pablo Feijoo","Pablo Feijoo",1982-05-18,"San Sebastián",NA,NA,172,"Scrum-Half"
"Q3328348","John Currie","Muscles Currie",1932-05-03,NA,1990-12-08,NA,NA,"2nd Row"
"Q3334653","Na'ama Leleimalefaga","Na'ama Leleimalefaga",1987-11-20,"Apia",NA,NA,178,"Prop"
"Q3335226","Nairn McEwan","Nairn MacEwan",1941-12-12,"Dar es Salaam",2018-05-31,"Inverness",NA,"Flanker"
"Q3335328","Naka Drotské","Naka Drotske",1971-03-15,"Senekal",NA,NA,183,"Hooker"
"Q3335909","Napolioni Nalaga","Napolioni Nalaga",1986-04-07,"Sigatoka",NA,NA,191,"Winger"
"Q3336238","Nasser Hussain","Nasser Hussain",1980-03-09,"Mumbai",NA,NA,176,"Number 8; Flanker"
"Q3336253","Nassim Arif","Nassim Arif",1982-12-03,NA,NA,NA,183,"Centre; Scrum-Half"
"Q3336450","Nataniela Oto","Nataniela Oto",1980-05-16,NA,NA,NA,173,"Centre; Winger; Flanker"
"Q3336729","Nathan Grey","Nathan Grey",1975-03-31,"Gosford",NA,NA,183,"Centre"
"Q3336753","Nathan Spooner","Nathan Spooner",1975-11-07,NA,NA,NA,181,"Fly-Half"
"Q3337138","Naude Beukes","Naude Beukes",1980-10-22,"Knysna",NA,NA,198,"2nd Row"
"Q3337801","Neil Bennett","Neil Bennett",1951-04-02,NA,NA,NA,NA,"Fly-Half"
"Q3337803","Neil Best","Neil Best",1979-04-03,"Belfast",NA,NA,191,"Flanker"
"Q3337816","Neil Francis","Neil Francis",1964-03-17,"Dublin",NA,NA,198,NA
"Q3337826","Neil McGregor","Neil McGregor",1901-12-29,"Lowburn",1973-07-12,"Hokitika",170,"Fly-Half"
"Q3337848","Neil de Kock","Neil de Kock",1978-11-20,"Cape Town",NA,NA,177,"Scrum-Half"
"Q3337982","Nemani Nadolo","Nemani Nadolo",1988-01-31,"Sigatoka",NA,NA,196,"Winger"
"Q3338508","Netani Talei","Netani Talei",1983-03-19,"Suva",NA,NA,190,"Number 8; Flanker"
"Q3338643","Neumi Nanuku","Neumi Nanuku",1976-06-20,"Burenitu",NA,NA,175,"Winger; Fullback"
"Q3338883","Nevin Spence","Nevin Spence",1990-04-26,"Annahilt",2012-09-15,"Royal Hillsborough",182,"Centre; Winger"
"Q3339277","Ngapaku Ngapaku","Ngapaku Ngapaku",1974-06-25,"Ōtāhuhu",NA,NA,180,"Fly-Half; Fullback"
"Q3339448","Niall Hogan","Niall Hogan",1971-04-20,NA,NA,NA,173,"Scrum-Half"
"Q3339541","Nic Henderson","Nic Henderson",1981-05-01,"Millmerran",NA,NA,185,"Prop"
"Q3339545","Nic Strauss","Nic Strauss",1979-09-22,"Fort Beaufort",NA,NA,194,"2nd Row; Flanker"
"Q3339675","Nicholas Shehadie","Nick Shehadie",1926-11-15,NA,2018-02-11,NA,NA,"2nd Row"
"Q3339700","Nick Abendanon","Nick Abendanon",1986-08-27,"Bryanston; Gauteng",NA,NA,178,"Fullback; Winger"
"Q3339702","Nick Adams","Nick Adams",1977-10-11,"Preston; Lancashire",NA,NA,182,"Prop"
"Q3339714","Nick Beal","Nick Beal",1970-12-02,NA,NA,NA,188,"Fullback"
"Q3339729","Nick De Luca","Nick De Luca",1984-02-01,"Dumfries",NA,NA,185,"Winger; Centre"
"Q3339743","Nick Farr-Jones","Nick Farr-Jones",1962-04-18,"Caringbah",NA,NA,NA,"Scrum-Half"
"Q3339761","Nick Labuschagne","Nick Labuschagne",1931-05-26,"Durban",NA,NA,NA,"Hooker"
"Q3339762","Nick Kennedy","Nick Kennedy",1981-08-19,"Southampton",NA,NA,202,"2nd Row"
"Q3339768","Nick Lloyd","Nick Lloyd",1976-10-12,"London",NA,NA,183,"Prop"
"Q3339788","Nick Preston","Nick Preston",1958-04-05,NA,NA,NA,NA,"Centre"
"Q3339789","Nick Popplewell","Nick Popplewel",1964-04-06,"Dublin",NA,NA,178,"Prop"
"Q3339795","Nick Stiles","Nick Stiles",1973-10-17,NA,NA,NA,183,"Prop"
"Q3339802","Nick Trenkel","Nick Trenkel",1987-04-07,"Randburg",NA,NA,183,"Centre"
"Q3339811","Nick Williams","Nick Williams",1983-12-02,"Auckland",NA,NA,193,"Number 8"
"Q3339812","Nick Wood","Nick Wood",1983-01-09,"Swindon",NA,NA,185,"Prop"
"Q3339838","Nicky Allen","Nicky Allen",1958-08-30,"Auckland",1984-10-07,"Wollongong",175,"Fly-Half"
"Q3339839","Nicky Barr","Nicky Barr",1915-12-10,NA,2006-06-12,NA,NA,"Hooker"
"Q3339857","Nico Breedt","Nico Breedt",1979-03-23,"Johannesburg",NA,NA,198,"2nd Row; Number 8"
"Q3339894","Nicola Mazzucato","Nicola Mazzucato",1975-10-27,"Padua",NA,NA,190,"Winger"
"Q3339923","Nicolaas Pretorius","Nicolaas Pretorius",1984-02-29,"Pretoria",NA,NA,184,"Prop"
"Q3339924","Nicolaas Smit","Nicolaas Smit",1979-10-30,"Worcester; South Africa",2014-11-13,NA,198,"2nd Row"
"Q3339927","Nicolae Dragos Dima","Nicolae Dragoș Dima",1979-07-30,"Focșani",NA,NA,185,"Prop"
"Q3340020","Nicolas Agnesi","Nicolas Agnesi",1988-09-09,"Draguignan",NA,NA,182,"Prop"
"Q3340052","Nicolas Bacqué","Nicolas Bacqué",1973-12-17,"Tarbes",NA,NA,190,"Flanker"
"Q3340059","Nicolas Barthomeuf","Nicolas Barthomeuf",1986-02-05,"Beaumont; Puy-de-Dôme",NA,NA,185,"Number 8"
"Q3340089","Nicolas Benoît","Nicolas Benoît",1983-09-03,NA,NA,NA,NA,"Flanker"
"Q3340124","Nicolas Bontinck","Nicolas Bontinck",1985-06-27,"Dole; Jura",NA,NA,190,"Flanker; Number 8"
"Q3340148","Nicolas Brindel","Nicolas Brindel",1986-08-18,NA,NA,NA,178,"Hooker"
"Q3340152","Nicolas Brignoni","Nicolas Brignoni",1976-09-03,"Montevideo",NA,NA,196,"Flanker; Number 8"
"Q3340158","Nicolas Brusque","Nicolas Brusque",1976-08-07,"Pau; Pyrénées-Atlantiques",NA,NA,189,"Fullback"
"Q3340172","Nicolas Bézy","Nicolas Bézy",1989-09-26,"Fontenay-aux-Roses",NA,NA,180,"Scrum-Half; Fly-Half"
"Q3340175","Nicolas Carmona","Nicolas Carmona",1980-03-01,"La Mure",NA,NA,183,"Centre; Winger; Fullback"
"Q3340234","Nicolas Decamps","Nicolas Decamps",1982-01-28,"Casablanca",NA,NA,183,"Prop"
"Q3340263","Nicolas Djebaïli","Nicolas Djebaïli",1980-01-29,"Casablanca",NA,NA,196,"3rd Row"
"Q3340271","Nicolas Dospital","Nicolas Dospital",1984-08-25,"Angers",NA,NA,182,"Hooker"
"Q3340277","Nicolas Duffard","Nicolas Duffard",1982-05-11,"Aureilhan; Hautes-Pyrénées",NA,NA,167,"Scrum-Half"
"Q3340294","Nicolas Durand","Nicolas Durand",1982-10-04,"Toulouse",NA,NA,173,"Scrum-Half"
"Q3340299","Nicolas Etcheverry","Nicolas Etcheverry",1983-01-06,"Souraïde",NA,NA,181,"Loosehead Prop"
"Q3340376","Nicolas Grelon","Nicolas Grelon",1978-01-09,NA,NA,NA,NA,"Hooker"
"Q3340452","Nicolas Jeanjean","Nicolas Jeanjean",1981-05-13,"Montpellier",NA,NA,190,"Fullback"
"Q3340483","Nicolas Lafitte","Nicolas Lafitte",1977-09-14,"Wissembourg",NA,NA,195,"2nd Row"
"Q3340489","Nicolas Laharrague","Nicolas Laharrague",1981-10-30,"Tarbes",NA,NA,180,"Fly-Half"
"Q3340523","Nicolas Le Roux","Nicolas Le Roux",1976-10-01,"Mantes-la-Jolie",NA,NA,176,"Fullback"
"Q3340526","Nicolas Lesburguères","Nicolas Lesburguères",1987-05-24,"Blaye",NA,NA,178,"Hooker"
"Q3340592","Nicolas Meeùs","Nicolas Meeùs",1986-04-26,NA,NA,NA,NA,"Fullback; Winger"
"Q3340614","Nicolas Morlaes","Nicolas Morlaes",1978-10-03,"Mont-de-Marsan",NA,NA,184,"Scrum-Half"
"Q3340617","Nicolas Mouret","Nicolas Mouret",1986-09-23,NA,NA,NA,183,"Winger"
"Q3340624","Nicolas Nadau","Nicolas Nadau",1975-03-09,"Fontenay-aux-Roses",NA,NA,182,"Fullback"
"Q3340647","Nicolas Pagotto","Nicolas Pagotto",1979-04-11,NA,NA,NA,184,"Centre"
"Q3340694","Nicolas Portier","Nicolas Portier",1982-03-03,NA,NA,NA,NA,"Flanker"
"Q3340720","Nicolas Raffault","Nicolas Raffault",1979-09-24,"Saint-Amand-Montrond",NA,NA,181,"Centre; Winger"
"Q3340736","Nicolas Rey","Nicolas Rey",1979-06-24,"Arles",NA,NA,182,"Winger"
"Q3340782","Nicolas Sentous","Nicolas Sentous",1980-07-05,"Toulouse",NA,NA,NA,"Hooker"
"Q3340793","Nicolas Sisombath","Nicolas Sisombath",1984-02-25,"Toulouse",NA,NA,178,"Hooker"
"Q3341176","Nicolás Basile","Nicolás Basile",1987-01-21,NA,NA,NA,178,"Prop"
"Q3341190","Nicolás Vergallo","Nicolás Vergallo",1983-08-20,"Rosario",NA,NA,169,"Scrum-Half"
"Q3341343","Nigel Brady","Nigel Brady",1979-10-09,NA,NA,NA,177,"Hooker"
"Q3341344","Nigel Carr","Nigel Carr",1959-07-27,NA,NA,NA,NA,"Flanker"
"Q3341351","Nigel Heslop","Nigel Heslop",1963-12-04,"Hartlepool",NA,NA,178,"Winger"
"Q3341356","Nigel Hunt","Nigel Hunt",1983-05-14,"Apia",NA,NA,178,"Centre; Winger; Scrum-Half"
"Q3341358","Nigel Horton","Nigel Horton",1948-04-13,NA,NA,NA,195,"2nd Row"
"Q3341363","Nigel Redman","Nigel Redman",1964-08-16,NA,NA,NA,193,"2nd Row"
"Q3341493","Nik Witkowski","Nik Witkowski",1976-06-02,NA,NA,NA,NA,"Centre"
"Q3342655","Falie Oelschig","Noël Oelschig",1979-01-14,"Bloemfontein",NA,NA,172,"Scrum-Half"
"Q3343694","Norm Berryman","Norm Berryman",1973-04-15,"Wellington",2015-06-23,"Perth",180,"Centre"
"Q3343700","Norm Hadley","Norm Hadley",1964-12-02,"Winnipeg",2016-03-26,"Tokyo",200,"2nd Row"
"Q3343747","Norman Biggs","Norman Biggs",1870-11-03,"Cardiff",1908-02-27,"Sakaba",NA,"Winger"
"Q3343775","Norman Gale","Norman Gale",1939-07-24,"Gorseinon",2005-01-30,"Llanelli",180,"Hooker"
"Q3343789","Norman Jordaan","Norman Jordaan",1975-04-03,"Cape Town",NA,NA,175,"Scrum-Half"
"Q3343800","Norman Ligairi","Norman Ligairi",1976-01-29,"Nadi",NA,NA,190,"Winger"
"Q3344890","Noureddine Karoui","Noureddine Karoui",1956-03-20,"Le Bardo",NA,NA,169,"Centre"
"Q3345765","Noël Baudry","Noël Baudry",1914-04-01,"Saint-Exupéry-les-Roches",2000-02-21,"Clermont-Ferrand",166,"Fly-Half; Centre; Fullback"
"Q3345774","Noël Brazès","Noël Brazès",1920-12-18,"Céret",2010-01-16,"Montbolo",172,"Centre; Fullback"
"Q3345785","Noël Cessieux","Noël Cessieux",1878-12-22,"Andance",1948-07-12,"Valence; Drôme",185,"Number 8"
"Q3345799","Noël Curnier","Noël Curnier",1977-02-06,"Toulon",NA,NA,180,"Hooker"
"Q3345828","Noël Henderson","Noël Henderson",1928-08-10,NA,1997-08-27,NA,NA,"Centre"
"Q3345864","Noel Murphy","Noel Murphy",1937-02-22,"Cork (city)",NA,NA,184,"Flanker"
"Q3348745","Ockert Booyse","Ockert Booyse",1973-10-25,NA,NA,NA,202,"2nd Row"
"Q3348846","Octave Léry","Octave Léry",1885-11-15,"Bourg-Lastic",1938-05-10,"Toulouse",181,"2nd Row"
"Q3349746","Ofisa Tonu'u","Ofisa Tonu'u",1970-02-03,"Wellington",NA,NA,178,"Scrum-Half"
"Q3350035","Okey Geffin","Okey Geffin",1921-05-28,NA,2004-10-16,NA,NA,"Prop"
"Q3350252","Ole Avei","Ole Avei",1983-06-13,"Wellington",NA,NA,181,"Hooker"
"Q3350639","Oliver Atkinson","Oliver Atkinson",1980-09-20,"Sheffield",NA,NA,199,"2nd Row"
"Q3350770","Olivier August","Olivier August",1985-08-11,"Dax; Landes",NA,NA,189,"Flanker"
"Q3350776","Olivier Azam","Olivier Azam",1974-10-21,"Tarbes",NA,NA,183,"Hooker"
"Q3350802","Olivier Beaudon","Olivier Beaudon",1972-03-07,"Soissons",NA,NA,174,"Scrum-Half; Winger"
"Q3350812","Olivier Benassis","Olivier Benassis",1982-08-19,NA,NA,NA,NA,"Centre"
"Q3350878","Olivier Caisso","Olivier Caisso",1985-12-17,"Pertuis",NA,NA,198,"2nd Row"
"Q3350882","Olivier Campan","Olivier Campan",1970-03-15,"Mauvezin; Gers",NA,NA,180,"Centre; Winger; Fullback"
"Q3350885","Olivier Carbonneau","Olivier Carbonneau",1967-12-12,NA,NA,NA,NA,"Centre"
"Q3350982","Olivier Diomandé","Olivier Diomandé",1974-04-26,NA,NA,NA,180,"Hooker"
"Q3351054","Olivier Gallion","Olivier Gallion",1981-09-17,"Ollioules",NA,NA,183,"Centre"
"Q3351071","Olivier Grimaud","Olivier Grimaud",1986-01-03,"Toulon",NA,NA,180,"Fullback; Centre; Winger; Fly-Half"
"Q3351185","Olivier Magne","Olivier Magne",1973-04-11,"Aurillac",NA,NA,188,"Flanker"
"Q3351222","Olivier Merle","Olivier Merle",1965-11-14,"Chamalières",NA,NA,198,"2nd Row"
"Q3351223","Olivier Missoup","Olivier Missoup",1981-02-05,"Neuilly-sur-Seine",NA,NA,193,"Flanker"
"Q3351228","Olivier Milloud","Olivier Milloud",1975-12-09,"Saint-Vallier; Drôme",NA,NA,185,"Prop"
"Q3351244","Olivier Nauroy","Olivier Nauroy",1975-07-14,NA,NA,NA,195,"2nd Row"
"Q3351263","Olivier Olibeau","Olivier Olibeau",1977-04-13,"Perpignan",NA,NA,197,"2nd Row"
"Q3351340","Olivier Rosemplatt","Olivier Rosemplatt",1976-01-23,"Marseille",NA,NA,202,"2nd Row"
"Q3351349","Olivier Roumat","Olivier Roumat",1966-06-16,"Mont-de-Marsan",NA,NA,202,"2nd Row; Flanker; Number 8"
"Q3351368","Olivier Saïsset","Olivier Saïsset",1949-06-07,"Le Poujol-sur-Orb",NA,NA,NA,"Flanker"
"Q3351370","Olivier Sarramea","Olivier Sarraméa",1975-10-20,"Tarbes",NA,NA,193,"Winger; Fullback; Centre"
"Q3351392","Olivier Sourgens","Olivier Sourgens",1972-01-17,"Cenon",NA,NA,183,"Prop"
"Q3351395","Olivier Sverzut","Olivier Sverzut",1975-08-25,"Agen",NA,NA,194,"Number 8"
"Q3351407","Olivier Tissot","Olivier Tissot",1986-07-15,NA,NA,NA,184,"Prop"
"Q3351415","Olivier Toulouze","Olivier Toulouze",1970-12-25,"Lourdes",NA,NA,185,"Fullback; Winger"
"Q3351501","Ollie Campbell","Ollie Campbell",1954-03-05,"Dublin",NA,NA,187,"Fly-Half"
"Q3351505","Ollie Phillips","Ollie Phillips",1983-09-08,"Brighton",NA,NA,180,"Winger"
"Q3351507","Ollie le Roux","Ollie Le Roux",1973-05-10,"Fort Beaufort",NA,NA,183,"Prop"
"Q3351509","Ollie Smith","Ollie Smith",1982-08-14,"Leicester",NA,NA,185,"Centre; Winger"
"Q3351519","Olly Barkley","Olly Barkley",1981-11-28,"Hammersmith",NA,NA,178,"Fly-Half; Centre"
"Q3351859","Omar Hassanein","Omar Hassanein",1976-12-29,NA,NA,NA,NA,NA
"Q3354096","Opeta Palepoi","Opeta Palepoi",1975-12-02,"Apia",NA,NA,195,"2nd Row; Flanker"
"Q3354097","Opeti Fonua","Opeti Fonua",1986-05-26,"Kolonga",NA,NA,197,"Number 8; 2nd Row"
"Q3355146","Orazio Arancio","Orazio Arancio",1967-11-15,"Catania",NA,NA,190,"Flanker; Number 8"
"Q3355837","Orene Ai'i","Orene Ai'i",1979-09-23,"Apia",NA,NA,178,"Fullback; Fly-Half; Winger; Centre"
"Q3356944","Oscar Astarloa","Oscar Astarloa",1974-09-06,"Elgoibar",NA,NA,190,"3rd Row"
"Q3357354","Ossie Williams","Ossie Williams",1921-04-12,"Llanelli",1988-03-23,"Risca",NA,"Flanker"
"Q3357573","Otar Eloshvili","Otar Eloshvili",1978-11-15,NA,NA,NA,NA,"Centre"
"Q3358954","Ovidiu Tonița","Ovidiu Tonița",1980-08-06,"Bârlad",NA,NA,195,"Flanker"
"Q3358989","Owen Badger","Owen Badger",1871-11-03,"Llanelli",1939-03-17,"Llanelli",NA,"Centre"
"Q3358996","Owen Finegan","Owen Finegan",1972-04-22,"Sydney",NA,NA,198,"Flanker; 2nd Row"
"Q3359960","Pablo Camerlinckx","Pablo Camerlinckx",1970-05-15,NA,NA,NA,188,"Number 8"
"Q3359961","Pablo Cardinali","Pablo Cardinali",1976-10-22,"San Juan; Argentina",NA,NA,182,"Prop"
"Q3359963","Pablo Bouza","Pablo Bouza",1973-05-09,"Rosario",NA,NA,193,"2nd Row; Number 8"
"Q3359970","Pablo Gambarini","Pablo Gambarini",1980-05-05,"Tucumán Province",NA,NA,178,"Hooker"
"Q3359971","Pablo Gomez Cora","Pablo Gomez Cora",1976-06-03,"Lomas de Zamora",NA,NA,180,"Winger; Centre"
"Q3359973","Pablo Garretón","Pablo Garretón",1966-06-26,NA,NA,NA,NA,"Flanker"
"Q3359976","Pablo Henn","Pablo Henn",1982-07-15,"Don Torcuato",NA,NA,182,"Prop"
"Q3359982","Pablo Lemoine","Pablo Lemoine",1975-03-01,"Montevideo",NA,NA,185,"Prop"
"Q3360253","Paco Rodriguez","Paco Rodriguez",1980-07-22,NA,NA,NA,183,"Hooker"
"Q3360340","Paddy Johns","Paddy Johns",1968-02-19,"Portadown",NA,NA,198,"2nd Row"
"Q3360343","Paddy O'Brien","Paddy O'Brien",1959-07-19,NA,NA,NA,NA,NA
"Q3360349","Paddy Wallace","Paddy Wallace",1979-08-27,"Belfast",NA,NA,181,"Fly-Half; Centre; Fullback"
"Q3360612","Paino Hehea","Paino Kelekolio Hehea",1979-02-01,"Vaini",NA,NA,198,"2nd Row"
"Q3362658","Paolo Rosi","Paolo Rosi",1924-04-20,"Rome",1997-04-30,"Rome",NA,"Centre; Winger"
"Q3367248","Pascal Ancelin","Pascal Ancelin",1982-01-13,NA,NA,NA,NA,"Centre"
"Q3367270","Pascal Bazani","Pascal Bazani",1978-07-04,NA,NA,NA,NA,NA
"Q3367300","Pascal Bomati","Pascal Bomati",1973-10-13,"Perpignan",NA,NA,179,"Winger"
"Q3367316","Pascal Béraud","Pascal Béraud",1964-01-31,"Agnac",NA,NA,NA,"2nd Row"
"Q3367351","Pascal Cotet","Pascal Cotet",1993-10-12,"Guilherand-Granges",NA,NA,184,"Prop"
"Q3367429","Pascal Giordani","Pascal Giordani",1974-06-01,"Belfort",NA,NA,180,"Centre"
"Q3367455","Pascal Idieder","Pascal Idieder",1982-02-05,"Saint-Palais; Pyrénées-Atlantiques",NA,NA,175,"Prop"
"Q3367463","Pascal Jehl","Pascal Jehl",1965-01-01,NA,NA,NA,NA,"Winger"
"Q3367475","Pascal Lacroix","Pascal Lacroix",1967-03-02,"Nogaro",NA,NA,NA,"Centre"
"Q3367479","Pascal Laporte","Pascal Laporte",1876-04-13,"Bordeaux",1947-04-06,NA,175,"Winger; Centre"
"Q3367547","Pascal Ondarts","Pascal Ondarts",1956-04-01,"Méharin",NA,NA,178,"Prop"
"Q3367560","Pascal Peyron","Pascal Peyron",1970-10-07,"Valence; Drôme",NA,NA,180,"Prop"
"Q3367629","Pascal Vignard","Pascal Vignard",1980-07-15,"Toulouse",NA,NA,191,"3rd Row"
"Q3368519","Pat Barnard","Pat Barnard",1981-07-03,"Gqeberha",NA,NA,183,"Prop"
"Q3368542","Pat Howard","Pat Howard",1973-11-14,"Sydney",NA,NA,178,"Centre"
"Q3368550","Pat Lam","Pat Lam",1968-09-29,"Auckland",NA,NA,188,"Number 8"
"Q3368574","Pat O'Connor","Pat O'Connor",1985-01-07,"Brisbane",NA,NA,197,"2nd Row"
"Q3368577","Pat Palmer","Pat Palmer",1962-11-06,NA,NA,NA,NA,"Winger"
"Q3368588","Pat Riordan","Pat Riordan",1979-09-30,"London; Ontario",NA,NA,185,"Hooker"
"Q3368863","Patrice Auboiroux","Patrice Auboiroux",1949-01-16,"Brive-la-Gaillarde",2006-07-03,"Brive-la-Gaillarde",NA,"Fullback"
"Q3368874","Patrice Blachère","Patrice Blachère",1960-05-05,"Avignon",NA,NA,178,"Centre"
"Q3368910","Patrice Collazo","Patrice Collazo",1974-04-27,"La Seyne-sur-Mer",NA,NA,185,"Prop"
"Q3369031","Patrice Serre","Patrice Serre",1978-06-15,NA,NA,NA,NA,"Winger"
"Q3369037","Patrice Teisseire","Patrice Teisseire",1973-05-01,"Toulon",NA,NA,180,"Fullback"
"Q3369046","Patrice Vacchino","Patrice Vacchino",1970-07-15,"Créteil",NA,NA,186,"Flanker"
"Q3369192","Patrick Arlettaz","Patrick Arlettaz",1972-04-04,"Perpignan",NA,NA,182,"Centre"
"Q3369223","Patrick Bentaboulet","Patrick Bentaboulet",1956-04-20,"Toulouse",NA,NA,172,"Hooker"
"Q3369247","Patrick Blanco","Patrick Blanco",1979-05-18,NA,NA,NA,NA,"Prop"
"Q3369253","Patrick Bonal","Patrick Bonal",NA,NA,NA,NA,NA,"Fullback; Winger"
"Q3369263","Patrick Bosque","Patrick Bosque",1978-04-08,"Auch",NA,NA,175,"Winger; Fullback; Centre"
"Q3369269","Patrick Boucheix","Patrick Boucheix",1954-03-25,"Olby",NA,NA,174,"Prop; Hooker"
"Q3369432","Patrick Estève","Patrick Estève",1959-02-14,"Lavelanet",NA,NA,183,"Winger"
"Q3369451","Patrick Fort","Patrick Fort",1957-10-13,"Mazamet",NA,NA,176,"Fly-Half; Centre; Winger"
"Q3369457","Patrick Furet","Patrick Furet",1973-07-10,"Porto-Vecchio",NA,NA,190,"Flanker"
"Q3369473","Patrick Goirand","Patrick Goirand",1972-10-16,"Grenoble",NA,NA,183,"Fly-Half"
"Q3369501","Patrick Hancock","Patrick Hancock",1883-07-08,"Assam",1940-12-22,"Minnedosa; Manitoba",NA,"Fly-Half"
"Q3369596","Pat Lavery","Patrick Lavery",1949-04-29,"Cheltenham",NA,NA,NA,"Centre; Winger"
"Q3369637","Patrick Louchart","Patrick Louchart",1953-03-13,"Brive-la-Gaillarde",NA,NA,177,"Prop"
"Q3369646","Patrick Lubungu","Patrick Lubungu",1970-09-04,"Kinshasa",NA,NA,196,"2nd Row"
"Q3369691","Patrick Mesny","Patrick Mesny",1954-08-18,"Montluçon",NA,NA,185,"Centre"
"Q3369725","Patrick Munro","Patrick Munro",1883-10-09,NA,1942-05-03,NA,NA,"Fly-Half"
"Q3369761","Patrick Perrier","Patrick Perrier",1957-01-20,"Bayonne",2015-07-22,"Bidarray",178,"Centre"
"Q3369806","Paddy Reid","Patrick Reid",1924-03-17,"Limerick",2016-01-08,"Limerick",NA,"Centre"
"Q3369831","Patrick Salas","Patrick Salas",1954-03-03,"Narbonne",2017-01-09,"Gruissan",187,"2nd Row; Prop"
"Q3369847","Patrick Serrière","Patrick Serrière",1960-07-07,NA,NA,NA,NA,"2nd Row"
"Q3369876","Patrick Sykes","Patrick Sykes",1925-03-03,"Vancouver",2014-01-14,"Devon",NA,"Scrum-Half"
"Q3369881","Patrick Tabacco","Patrick Tabacco",1974-03-23,"Toulouse",NA,NA,199,"Flanker; Number 8"
"Q3370427","Paul Ackford","Paul Ackford",1958-02-26,"Hanover",NA,NA,208,"2nd Row"
"Q3370513","Paul Arnold","Paul Arnold",1968-04-28,"Morriston",NA,NA,196,"2nd Row"
"Q3370575","Paul Barrère","Paul Barrère",1905-10-09,"Elne",1978-08-21,"Toulon",186,"2nd Row"
"Q3370657","Paul Blanc","Paul Blanc",1931-10-19,"Toulouse",2021-03-04,NA,NA,"Centre"
"Q3370690","Paul Bonnefond","Paul Bonnefond",1988-09-13,"Tours",NA,NA,189,"Centre; Winger"
"Q3370703","Paul Bosch","Paul Bosch",1984-09-24,"Pretoria",NA,NA,180,"Centre"
"Q3370720","Paul Boyer","Paul Boyer",1908-05-19,"Arthès",2004-06-13,"Albi",NA,"Scrum-Half"
"Q3370767","Paul Burnell","Paul Burnell",1965-09-29,"Edinburgh",NA,NA,185,"Prop"
"Q3370769","Paul Burke","Paul Burke",1973-05-01,NA,NA,NA,173,"Fly-Half"
"Q3370925","Paul Cooke","Paul Cooke",1967-01-09,"Hastings; New Zealand",NA,NA,183,"Winger; Centre"
"Q3370930","Paul Cornish","Paul Cornish",1965-01-17,"Canberra",NA,NA,NA,"Centre"
"Q3370941","Paul Couet-Lannes","Paul Couet-Lannes",1991-03-12,"Pau; Pyrénées-Atlantiques",NA,NA,187,"Fullback"
"Q3370967","Paul Dabrin","Paul Dabrin",1983-11-15,NA,NA,NA,NA,"Winger"
"Q3370998","Paul Dean","Paul Dean",1960-06-28,"Dublin",NA,NA,NA,"Fly-Half"
"Q3371004","Paul Dedeyn","Paul Dedeyn",1880-12-11,"Moulineaux",1940-06-04,"Excideuil",NA,"Prop"
"Q3371005","Paul Dedieu","Paul Dedieu",1933-05-08,"Toulouse",2012-10-26,"Toulouse",168,"Fullback"
"Q3371048","Paul Derbyshire","Paul Derbyshire",1986-11-03,"Cecina; Tuscany",NA,NA,191,"Flanker; Number 8"
"Q3371076","Paul Diggin","Paul Diggin",1985-01-23,"Northampton",NA,NA,173,"Winger"
"Q3371089","Paul Dodge","Paul Dodge",1958-02-26,"Leicester",NA,NA,NA,"Centre"
"Q3371165","Paul Emerick","Paul Emerick",1980-01-24,"Emmetsburg; Iowa",NA,NA,183,"Centre; Fullback"
"Q3371272","Paul Galiay","Paul Galiay",1889-01-21,"Tarbes",1957-12-31,"Tarbes",171,"Flanker"
"Q3371288","Paul Garrigues","Paul Garrigues",1944-07-10,"Lavelanet-de-Comminges",2011-10-16,"Tournefeuille",188,"2nd Row"
"Q3371352","Paul Goze","Paul Goze",1951-09-03,NA,NA,NA,188,"2nd Row"
"Q3371365","Paul Grayson","Paul Grayson",1971-05-30,"Chorley",NA,NA,180,"Fly-Half"
"Q3371372","Paul Griffen","Paul Griffen",1975-03-30,"Dunedin",NA,NA,178,"Scrum-Half"
"Q3371380","Paul Guffroy","Paul Guffroy",1978-10-18,"Toulouse",NA,NA,196,"2nd Row"
"Q3371409","Paul Gustard","Paul Gustard",1976-02-02,"Newcastle upon Tyne",NA,NA,NA,"Flanker"
"Q3371471","Paul Hodgson","Paul Hodgson",1982-04-25,"Epsom",NA,NA,173,"Scrum-Half"
"Q3371478","Paul Honiss","Paul Honiss",1963-06-18,NA,NA,NA,NA,NA
"Q3371541","Paul Johnstone","Paul Johnstone",1930-06-30,NA,1996-04-22,NA,NA,"Winger"
"Q3371597","Paul Labadie","Paul Labadie",1928-04-27,"Bayonne",2017-01-12,"Bayonne",170,"Hooker"
"Q3371640","Paul Lasaosa","Paul Lasaosa",1927-07-13,"Dax; Landes",1988-07-03,"Saint-Paul-lès-Dax",172,"Centre"
"Q3371811","Paul Mauriat","Paul Mauriat",1887-05-27,"Neuville-sur-Saône",1964-05-02,"2nd arrondissement of Lyon",181,"Hooker; Prop; 2nd Row"
"Q3371822","Paul McLean","Paul McLean",1953-10-12,"Ipswich; Queensland",NA,NA,NA,"Fly-Half; Fullback"
"Q3371870","Paul Moriarty","Paul Moriarty",1964-07-16,"Morriston",NA,NA,195,"3rd Row"
"Q3372031","Paul Porical","Paul Porical",1911-10-23,"Pézilla-la-Rivière",1977-08-10,"Pézilla-la-Rivière",166,"Fullback"
"Q3372090","Paul Rendall","Paul Rendall",1954-02-18,"London",2023-06-13,NA,NA,"Prop"
"Q3372102","Paul Ringer","Paul Ringer",1948-01-28,NA,NA,NA,NA,"Flanker"
"Q3372131","Paul Roos","Paul Roos",1880-10-30,"Rus-en-Vrede",1948-09-22,"Stellenbosch",180,"Forward"
"Q3372148","Paul Sagot","Paul Sagot",1885-01-15,"Dijon",1959-06-27,"Le Havre",172,"Centre; Winger"
"Q3372289","Paul Thorburn","Paul Thorburn",1962-11-24,"Rheindahlen",NA,NA,183,"Fullback"
"Q3372292","Paul Tignol","Paul Tignol",1933-05-26,NA,1995-08-31,NA,NA,"2nd Row"
"Q3372319","Paul Tupai","Paul Tupai",1974-09-16,"Rotorua",NA,NA,193,"Flanker; Number 8; 2nd Row"
"Q3372394","Paul Volley","Paul Volley",1971-11-02,NA,NA,NA,185,"3rd Row"
"Q3372399","Paul Wallace","Paul Wallace",1971-12-30,"Cork (city)",NA,NA,185,"Prop"
"Q3372404","Paul Warwick","Paul Warwick",1981-01-08,NA,NA,NA,180,"Fly-Half; Fullback; Scrum-Half"
"Q3372650","Paulică Ion","Paulică Ion",1983-01-10,"Brăila",NA,NA,178,"Prop"
"Q3372654","Paulin Bascou","Paulin Bascou",1889-03-15,"Urrugne",1944-04-07,"Bayonne",172,"2nd Row"
"Q3372836","Paulo do Rio Branco","Paulo Paranhos",1876-07-10,"Paris",1927-02-14,"Suresnes",176,"Hooker; Fullback"
"Q3372974","Pavel Šťastný","Pavel Stastny",1980-02-06,"Prague",NA,NA,193,"Prop"
"Q3372995","Paliko Jimsheladze","Pavle Jimsheladze",1975-07-08,"Rustavi",NA,NA,180,"Fly-Half; Centre; Fullback"
"Q3374000","Pedrie Wannenburg","Pedrie Wannenburg",1981-01-02,"Mbombela",2022-04-22,"Houston",195,"Flanker; Number 8"
"Q3374070","Pedro Ledesma Arocena","Pedro Ledesma",1985-07-02,"Buenos Aires",NA,NA,186,"Prop"
"Q3374073","Pedro Leal","Pedro Leal",1984-04-28,"Lisbon",NA,NA,170,"Winger; Fullback; Scrum-Half"
"Q3374132","Pedro Sporleder","Pedro Sporleder",1971-01-02,"Buenos Aires",NA,NA,198,"2nd Row"
"Q3374566","Pelu Taele-Pavihi","Pelu Taele-Pavihi",1981-09-28,"Dunedin",NA,NA,202,"2nd Row"
"Q3374729","Peni Fakalelu","Peni Fakalelu",1984-09-11,"Holonga",NA,NA,185,"Prop"
"Q3375183","Percy Bush","Percy Bush",1879-06-23,"Cardiff",1955-05-19,NA,NA,"Fly-Half"
"Q3375217","Percy Phillips","Percy Phillips",1869-07-26,"Machen",1947-02-26,"Newport; Wales",NA,"Fly-Half"
"Q3376472","Peter Bracken","Peter Bracken",1977-12-01,NA,NA,NA,NA,"Prop"
"Q3376482","Peter Brown","Peter Brown",1941-12-16,"Troon",2025-01-12,NA,NA,"2nd Row; Number 8"
"Q3376484","Peter Burge","Peter Burge",1884-02-14,"Penrith; New South Wales",1956-07-15,"Hurstville; New South Wales",NA,"2nd Row"
"Q3376486","Peter Buxton","Peter Buxton",1978-08-21,"Cheltenham",NA,NA,193,"Flanker"
"Q3376505","Peter Clohessy","Peter Clohessy",1966-03-22,"Limerick",NA,NA,180,"Prop"
"Q3376542","Peter Dixon","Peter Dixon",1944-04-30,NA,2023-08-02,NA,NA,"Number 8"
"Q3376552","Peter Durcan","Peter Durcan",1986-07-27,"Sligo",NA,NA,182,"Fullback; Winger; Fly-Half"
"Q3376570","Peter FitzSimons","Peter Fitzsimmons",1961-06-29,NA,NA,NA,NA,"2nd Row"
"Q3376578","Peter Jones","Peter Frederick Hilton Jones",1932-03-24,NA,1994-06-07,NA,NA,"Flanker"
"Q3376624","Peter Grant","Peter Grant",1984-08-15,"Durban",NA,NA,186,"Fly-Half"
"Q3376641","Peter Hewat","Peter Hewat",1978-03-17,"Inverell",NA,NA,191,"Fullback; Winger; Fly-Half"
"Q3376657","Peter Howard","Peter Howard",1908-12-20,"Maidenhead",1965-02-25,"Lima",NA,"Number 8"
"Q3376661","Peter Hynes","Peter Hynes",1982-07-18,"Brisbane",NA,NA,180,"Winger; Fullback"
"Q3376668","Peter Jackson","Peter Jackson",1930-09-22,"Birmingham",2004-03-22,"Solihull",NA,"Winger"
"Q3376673","Peter Johnson","Peter Johnson",1936-09-13,NA,2016-07-12,NA,NA,"Hooker"
"Q3376694","Peter Kimlin","Peter Kimlin",1985-07-11,"Canberra",NA,NA,198,"Flanker; 2nd Row"
"Q3376765","Peter Morgan","Peter Morgan",1959-01-01,"Haverfordwest",2024-07-28,"Little Haven",NA,"Centre"
"Q3376820","Peter Poulos","Peter Poulos",1977-07-07,NA,NA,NA,191,"Flanker"
"Q3376849","Peter Richards","Peter Richards",1978-03-10,"Portsmouth",NA,NA,175,"Scrum-Half"
"Q3376855","Peter Rogers","Peter Rogers",1969-01-20,NA,NA,NA,NA,"Prop"
"Q3376886","Peter Slattery","Peter Slattery",1965-06-06,"Brisbane",NA,NA,NA,"Scrum-Half"
"Q3376889","Peter Squires","Peter Squires",1951-08-04,NA,NA,NA,NA,"Winger"
"Q3376918","Peter Thompson","Peter Thompson",1929-01-18,NA,NA,NA,NA,"Winger"
"Q3376925","Peter Tom","Peter Tom",NA,"Cornwall",NA,NA,NA,"2nd Row"
"Q3376950","Peter Walton","Peter Walton",1969-06-03,NA,NA,NA,NA,"Flanker"
"Q3376963","Peter Wheeler","Peter Wheeler",1948-11-26,"South Norwood",NA,NA,NA,"Hooker"
"Q3376966","Peter Williams","Peter Williams",1958-12-14,NA,NA,NA,NA,NA
"Q3376972","Peter Wright","Peter Wright",1967-12-30,NA,NA,NA,NA,NA
"Q3377603","Petre Mitu","Petre Mitu",1977-03-22,"Bucharest",NA,NA,175,"Scrum-Half"
"Q3377610","Petrișor Toderașc","Petrisor Toderasc",1980-07-15,"Iași",NA,NA,185,"Prop"
"Q3377669","Petru Bălan","Petru Bălan",1976-07-12,"Suceava",NA,NA,185,"Prop"
"Q3377682","Petrus Hauman","Petrus Hauman",1987-05-07,"Cape Town",NA,NA,194,"Number 8"
"Q3377852","Peyo Roussarie","Peyo Roussarie",1980-09-08,NA,NA,NA,180,"Scrum-Half"
"Q3378742","Phil Blakeway","Phil Blakeway",1950-12-31,"Cheltenham",NA,NA,NA,"Prop"
"Q3378749","Phil Christophers","Philip Christophers",1980-06-16,"Heidelberg",NA,NA,182,"Centre; Winger"
"Q3378755","W. P. C. Davies","Phil Davies",1928-08-06,"Abberley",2018-01-25,NA,NA,"Centre"
"Q3378756","Phil Davies","Phil Davies",1963-10-19,"Seven Sisters; Neath Port Talbot",NA,NA,NA,"2nd Row"
"Q3378758","Phil Davies","Phil Davies",1981-04-30,"Chester",NA,NA,193,"Number 8"
"Q3378774","Phil Godman","Phil Godman",1982-05-20,"Edinburgh",NA,NA,178,"Fly-Half"
"Q3378783","Phil Greening","Phil Greening",1975-10-03,"Gloucester",NA,NA,183,"Hooker"
"Q3378791","Phil Hawthorne","Phil Hawthorne",1943-10-24,"Newcastle; New South Wales",1994-09-18,NA,190,"Fly-Half"
"Q3378800","Phil Kearns","Phil Kearns",1967-06-27,"Sydney",NA,NA,183,"Hooker"
"Q3378814","Phil Mostert","Phil Mostert",1898-10-30,NA,1972-10-03,NA,NA,"Prop"
"Q3378818","Phil Murphy","Phil Murphy",1976-12-04,"St. John's; Newfoundland and Labrador",NA,NA,193,"Number 8; Flanker"
"Q3378823","Philip Orr","Phil Orr",1950-12-14,"Dublin",NA,NA,NA,"Prop"
"Q3378835","Phil Waller","Phil Waller",1889-01-28,"Bath; Somerset",1917-12-14,"Arras",NA,"2nd Row"
"Q3378838","Phil Waugh","Phil Waugh",1979-09-22,"Sydney",NA,NA,175,"Flanker"
"Q3378839","Phil de Glanville","Phil de Glanville",1968-10-01,NA,NA,NA,180,"Winger"
"Q3378891","Philemon Toleafoa","Philemon Toleafoa",1982-04-17,NA,NA,NA,193,"Prop"
"Q3378918","Philibert Capitani","Philibert Capitani",1928-07-31,NA,2020-08-17,NA,NA,"2nd Row"
"Q3378984","Philip Burger","Philip Burger",1980-05-28,"Pretoria",NA,NA,186,"Fullback; Winger"
"Q3379005","Philip Fitzgerald","Philip Fitzgerald",1977-03-11,"Stirling",NA,NA,184,"Hooker"
"Q3379022","Phil Hopkins","Philip Hopkins",1880-01-31,NA,1966-09-26,NA,NA,"Winger"
"Q3379044","Philip Maud","Philip Maud",1870-08-08,"Sudbury; Suffolk",1947-02-28,"Chelsea; London",NA,"Forward"
"Q3379116","Philipp Lemmer","Philipp Lemmer",1983-06-30,NA,NA,NA,NA,"Prop"
"Q3379325","Philippe Berbizier","Philippe Berbizier",1963-08-27,"Saint-Gaudens; Haute-Garonne",NA,NA,NA,"Hooker"
"Q3379329","Philippe Benetton","Philippe Benetton",1968-05-17,"Cahors",NA,NA,190,"Flanker"
"Q3379342","Philippe Bernat-Salles","Philippe Bernat-Salles",1970-02-17,NA,NA,NA,181,"Winger"
"Q3379358","Philippe Bidabé","Philippe Bidabé",1978-01-13,"Bayonne",NA,NA,178,"Winger; Centre"
"Q3379375","Philippe Boher","Philippe Boher",1969-12-09,"Perpignan",NA,NA,NA,"Number 8"
"Q3379385","Philippe Bonhoure","Philippe Bonhoure",1961-12-18,"Lavelanet",NA,NA,180,"Fullback"
"Q3379484","Philippe Bérot","Philippe Bérot",1965-01-29,"Tarbes",NA,NA,175,"Winger; Fullback"
"Q3379506","Philippe Carbonneau","Philippe Carbonneau",1971-04-15,"Toulouse",NA,NA,171,"Scrum-Half; Centre; Fly-Half"
"Q3379541","Philippe Chamayou","Philippe Chamayou",1962-10-23,"Béziers",NA,NA,184,"Flanker"
"Q3379707","Philippe Delannoy","Philippe Delannoy",1972-03-10,"Trévoux",NA,NA,192,"Number 8"
"Q3379735","Philippe Destribats","Philippe Destribats",1955-11-01,"Bayonne",2012-02-25,"Bordeaux",176,"Fullback; Winger; Fly-Half"
"Q3379743","Philippe Dintrans","Philippe Dintrans",1957-01-29,"Tarbes",NA,NA,180,"Hooker"
"Q3379804","Philippe Escande","Philippe Escande",1957-08-03,"Béziers",NA,NA,177,"Centre; Fly-Half"
"Q3379810","Philippe Etchegaray","Philippe Etchegaray",1979-07-03,"Saint-Palais; Pyrénées-Atlantiques",NA,NA,185,"Hooker"
"Q3379878","Philippe Gallart","Philippe Gallart",1962-12-18,"Béziers",NA,NA,184,"Prop"
"Q3379913","Philippe Gilibert","Philippe Gilibert",1963-02-26,"Brive-la-Gaillarde",NA,NA,188,NA
"Q3379921","Philippe Gimbert","Philippe Gimbert",1966-03-20,"Firminy",NA,NA,185,"Prop"
"Q3379970","Philippe Guicherd","Philippe Guicherd",1974-05-16,"Décines-Charpieu",NA,NA,196,"2nd Row"
"Q3379974","Philippe Guillard","Philippe Guillard",1961-05-13,NA,NA,NA,NA,"Winger"
"Q3380146","Philippe Lapoutge","Philippe Lapoutge",1975-05-28,"Toulouse",NA,NA,183,"Winger; Fullback"
"Q3380327","Philippe Marocco","Philippe Marocco",1960-06-14,"Cintegabelle",NA,NA,180,"Prop; Hooker"
"Q3380368","Philippe Meunier","Philippe Meunier",1963-06-19,NA,NA,NA,178,"Winger"
"Q3380418","Philippe Morrisson","Philippe Morrisson",1959-06-03,"Saint-Jean-de-Luz",NA,NA,168,"Scrum-Half"
"Q3380666","Philippe Rougé-Thomas","Philippe Rougé-Thomas",1961-08-01,"Lannemezan",NA,NA,178,"Fly-Half"
"Q3380687","Philippe Saint-André","Philippe Saint-André",1967-04-19,"Romans-sur-Isère",NA,NA,180,"Winger"
"Q3380699","Philippe Sauton","Philippe Sauton",1964-02-12,NA,NA,NA,NA,"Scrum-Half"
"Q3380748","Philippe Struxiano","Philippe Struxiano",1891-03-11,"Toulouse",1956-04-21,"Toulouse",168,"Scrum-Half"
"Q3380758","Philippe Tapié","Philippe Tapié",1966-11-02,"Vic-en-Bigorre",NA,NA,183,"Prop"
"Q3381083","Phillip Matthews","Phillip Matthews",1960-01-21,NA,NA,NA,NA,"Flanker"
"Q3381093","Phillip Van Schalkwyk","Phillip van Schalkwyk",1980-01-16,"Bellville; South Africa",NA,NA,188,"Number 8"
"Q3382665","Pier-Nicol Feldis","Pier-Nicol Feldis",1986-01-01,NA,NA,NA,NA,"Hooker"
"Q3382698","Pierce O'Brien-Butler","Pierce O'Brien-Butler",1877-01-12,"Tipperary (town)",1902-01-15,"Wynberg; Cape Town",NA,"Fullback"
"Q3382766","Pierre-Alain Nègre-Gauthier","Pierre-Alain Nègre-Gauthier",1981-07-11,NA,NA,NA,NA,"Winger"
"Q3382778","Pierre-Alexandre Dut","Pierre-Alexandre Dut",1985-02-27,NA,NA,NA,180,"Fly-Half"
"Q3382983","Pierre-Emmanuel Garcia","Pierre-Emmanuel Garcia",1983-02-12,"Narbonne",NA,NA,184,"Centre"
"Q3383091","Pierre-Gilles Lakafia","Pierre-Gilles Lakafia",1987-03-12,"Tours",NA,NA,186,"Winger"
"Q3383119","Pierre-Henry Broncan","Pierre-Henry Broncan",1974-05-22,"Auch",NA,NA,182,"Scrum-Half"
"Q3383423","Pierre-Olivier Julien","Pierre-Olivier Julien",1982-03-21,NA,NA,NA,185,"Winger"
"Q3383471","Pierre-Philippe Lafond","Pierre-Philippe Lafond",1984-12-19,"Angoulême",NA,NA,188,"Prop"
"Q3383577","Pierre-Yves Montagnat","Pierre-Yves Montagnat",1986-03-05,"Grenoble",NA,NA,173,"Fullback; Winger"
"Q3383592","Pierre-Édouard Detrez","Pierre-Édouard Detrez",1956-06-17,"Paris",NA,NA,181,"Prop; Flanker"
"Q3383646","Pierre Aguillon","Pierre Aguillon",1987-03-27,"Lourdes",NA,NA,179,"Centre"
"Q3383662","Pierre Albaladejo","Pierre Albaladejo",1933-12-14,"Dax; Landes",NA,NA,180,"Fly-Half; Fullback"
"Q3383765","Pierre Aristouy","Pierre Aristouy",1920-10-18,"Arette",1974-05-17,"Toulouse",183,"2nd Row; Prop"
"Q3383778","Pierre Arthapignet","Pierre Arthapignet",1963-04-02,"Mauléon-Licharre",NA,NA,185,"Number 8"
"Q3383842","Pierre Balineau","Pierre Balineau",NA,"Bordeaux",NA,NA,178,"Hooker"
"Q3383932","Pierre Bérard","Pierre Bérard",1991-05-23,NA,NA,NA,186,"Fullback; Winger; Centre"
"Q3383935","Pierre Berbizier","Pierre Berbizier",1958-06-17,"Saint-Gaudens; Haute-Garonne",NA,NA,169,"Scrum-Half"
"Q3383946","Pierre Bernard","Pierre Bernard",1989-01-31,"Toulouse",NA,NA,187,"Fly-Half"
"Q3383963","Pierre Bertrand","Pierre Bertrand",1927-10-27,NA,2018-11-13,NA,NA,"Prop"
"Q3383977","Pierre Besson","Pierre Besson",1940-04-01,"Saint-Astier; Dordogne",NA,NA,165,"Winger"
"Q3383981","Pierre Bessot","Pierre Bessot",1935-03-04,"Objat",2021-05-27,"Brive-la-Gaillarde",172,"Hooker"
"Q3384019","Pierre Biémouret","Pierre Biémouret",1943-04-11,"Mas-d'Auvignon",2022-11-23,"Toulouse",185,"Flanker"
"Q3384066","Pierre Bondouy","Pierre Bondouy",1970-07-30,"Villefranche-de-Lauragais",NA,NA,182,"Winger; Centre; Fullback"
"Q3384263","Pierre Caillet","Pierre Caillet",1980-08-17,"La Mure",NA,NA,191,"Number 8"
"Q3384273","Pierre Camou","Pierre Camou",1945-08-18,NA,2018-08-15,NA,NA,NA
"Q3384280","Pierre Capdevielle","Pierre Capdevielle",1974-03-30,"Oloron-Sainte-Marie",NA,NA,185,"Prop"
"Q3384323","Pierre Cazals","Pierre Cazals",1931-02-08,"Labrit",2015-10-15,"Bretagne-de-Marsan",180,"Prop"
"Q3384342","Pierre Chadebech","Pierre Chadebech",1959-05-03,"Ussel; Corrèze",NA,NA,178,"Centre"
"Q3384531","Pierre Corréia","Pierre Correia",1983-12-04,"Talence",NA,NA,180,"Prop"
"Q3384623","Pierre Danos","Pierre Danos",1929-06-04,"Toulouse",2023-01-16,"Béziers",175,"Scrum-Half"
"Q3384624","Pierre Darbos","Pierre Darbos",1939-12-10,"Saint-Paul-lès-Dax",2017-11-18,"Pau; Pyrénées-Atlantiques",180,"Flanker"
"Q3384772","Pierre Dizabo","Pierre Dizabo",1929-10-04,"Saint-Vincent-de-Tyrosse",2002-09-24,"Bayonne",175,"Fly-Half; Centre"
"Q3384790","Peio Dospital","Pierre Dospital",1950-05-15,NA,NA,NA,NA,"Prop"
"Q3385164","Pierre Gaudermen","Pierre Gaudermen",1882-10-20,NA,1948-12-18,NA,NA,"Number 8"
"Q3385205","Pierre Gicollet","Pierre Gicollet",1986-11-06,"Viriat",NA,NA,185,"Prop"
"Q3385373","Pierre Guillemin","Pierre Guillemin",1886-06-14,NA,1915-06-05,NA,NA,"Prop"
"Q3385375","Pierre Guilleux","Pierre Guilleux",1924-12-15,NA,2020-11-20,NA,NA,"Fullback"
"Q3385462","Pierre Hontas","Pierre ""Peyo"" Hontas",1966-07-19,"Biarritz",NA,NA,183,"Winger"
"Q3385591","Pierre Jeanjean","Pierre Jeanjean",1924-02-03,NA,1998-11-19,NA,NA,"Winger"
"Q3385705","Pierre Lacaze","Pierre  Lacaze",1934-05-04,"Pontacq",1995-07-08,"Lourdes",168,"Fly-Half; Fullback"
"Q3385707","Pierre Lacans","Pierre Lacans",1957-04-23,NA,1985-09-30,NA,NA,"Flanker"
"Q3385720","Pierre Lacroix","Pierre Lacroix",1935-01-23,"Houeillès",2019-03-28,"Colayrac-Saint-Cirq",164,"Scrum-Half"
"Q3385808","Pierre Lauga","Pierre Lauga",1922-01-17,NA,1984-07-08,NA,NA,"Fly-Half"
"Q3385819","Pierre Laurent","Pierre Laurent",1978-05-28,NA,NA,NA,186,"Flanker"
"Q3385826","Pierre Lavergne","Pierre Lavergne",1922-03-18,NA,1993-12-30,NA,NA,"Prop"
"Q3386155","Pierre Marsaud","Pierre Marsaud",1933-12-04,"Les Quatre-Routes-du-Lot",NA,NA,176,"Prop"
"Q3386335","Pierre Montlaur","Pierre Montlaur",1963-02-07,NA,2024-01-27,NA,NA,"Fullback"
"Q3386362","Pierre Mounicq","Pierre Mounicq",1887-02-09,"Luz-Saint-Sauveur",1964-04-07,"Arreau",183,"Prop; 2nd Row"
"Q3386371","Pierre Moureu","Pierre Moureu",1895-08-24,NA,1962-05-13,NA,180,"Number 8"
"Q3386516","Pierre Pascalin","Pierre Pascalin",1926-09-21,NA,2009-11-01,NA,NA,"Hooker"
"Q3386648","Pierre Pons","Pierre Pons",1894-09-16,"Llupia",1981-02-27,"Toulouse",183,"Hooker; Prop"
"Q3386711","Pierre Pédeutour","Pierre Pédeutour",1955-03-30,NA,NA,NA,NA,"Fly-Half"
"Q3386738","Pierre Rabadan","Pierre Rabadan",1980-07-03,"Aix-en-Provence",NA,NA,192,"Flanker; Centre"
"Q3386755","Pierre Raschi","Pierre Raschi",1971-02-21,"Grenoble",NA,NA,192,"Number 8"
"Q3386834","Pierre Rochette","Pierre Rochette",1982-10-18,NA,NA,NA,175,"Scrum-Half"
"Q3386909","Pierre Saby","Pierre Saby",1983-08-11,"Oullins",NA,NA,176,"Hooker"
"Q3386918","Pierre Salettes","Pierre Salettes",1950-11-24,"Mirepoix; Ariège",NA,NA,180,"Hooker"
"Q3387016","Pierre Som","Peio Som",1981-10-14,"Bayonne",NA,NA,188,"3rd Row"
"Q3387077","Pierre Tarricq","Pierre Tarricq",1929-05-18,NA,1994-05-28,NA,NA,"Winger"
"Q3387094","Pierre Thiers","Pierre Thiers",1914-04-16,"Thiers; Puy-de-Dôme",1997-05-23,"Clermont-Ferrand",175,"Scrum-Half; Centre; Flanker"
"Q3387165","Pierre Triep-Capdeville","Pierre Triep-Capdeville",1967-11-09,"Pau; Pyrénées-Atlantiques",NA,NA,186,"Prop"
"Q3387182","Pierre Trémouille","Pierre Trémouille",1962-08-12,"Aurillac",NA,NA,180,"Fullback; Centre"
"Q3387200","Pierré Uys","Pierre Uys",1976-02-05,NA,NA,NA,NA,"Flanker"
"Q3387250","Pierre Venayre","Pierre Venayre",1979-01-14,NA,NA,NA,NA,"Winger"
"Q3387296","Pierre Vigouroux","Pierre Vigouroux",1983-06-30,"Brioude",NA,NA,198,"2nd Row"
"Q3387305","Pierre Villepreux","Pierre Villepreux",1943-07-05,"Arnac-Pompadour",NA,NA,180,"Fullback"
"Q3387923","Pierrick Gunther","Pierrick Gunther",1989-10-16,"Roubaix",NA,NA,190,"Flanker"
"Q3387972","Piet Greyling","Piet Greyling",1942-05-16,NA,NA,NA,NA,"Flanker"
"Q3387977","Piet Visagie","Piet Visagie",1943-04-16,NA,2022-12-22,NA,NA,"Fly-Half"
"Q3387981","Piet du Toit","Piet du Toit",1935-10-09,"Petrusville",1996-02-26,"Hermanus",185,"Prop"
"Q3387986","Piet van Zyl","Piet van Zyl",1979-05-14,"Worcester; South Africa",NA,NA,181,"Centre"
"Q3387996","Pieter Dixon","Pieter Dixon",1977-10-17,"Harare",NA,NA,178,"Hooker"
"Q3387997","Pieter Grobler","Pieter Grobler",1976-04-15,NA,NA,NA,184,"Hooker"
"Q3388004","Pieter Hendriks","Pieter Hendriks",1970-04-13,NA,NA,NA,183,"Winger"
"Q3388016","Pieter Louw","Pieter Louw",1985-01-24,"Wynberg; Cape Town",NA,NA,190,"Number 8"
"Q3388021","Pieter Muller","Pieter Muller",1969-05-05,"Bloemfontein",NA,NA,187,"Centre"
"Q3388026","Pieter Rossouw","Pieter Rossouw",1971-12-03,"Swellendam",NA,NA,193,"Winger"
"Q3388031","Pieter van Niekerk","Pieter van Niekerk",1978-01-22,"Carletonville",NA,NA,185,"Prop"
"Q3388200","Pietro Travagli","Pietro Travagli",1981-04-28,"Treviso",NA,NA,178,"Scrum-Half"
"Q3388366","Pila Fifita","Pila Fifita",1975-06-13,"Haʻapai",NA,NA,186,"Winger; Flanker"
"Q3389323","Pita Alatini","Pita Alatini",1976-04-11,"Nukuʻalofa",NA,NA,179,"Centre"
"Q3391029","William Heather","William ""Smiley"" Heather",1958-07-07,NA,NA,NA,NA,NA
"Q3394086","Peter Whiting","Pole Whiting",1946-08-06,NA,NA,NA,NA,"2nd Row"
"Q3396220","Ponie van der Westhuizen","Ponie van der Westhuizen",1909-11-04,NA,1995-03-05,NA,NA,"Winger"
"Q3397936","Popeye Strydom","Popeye Strydom",1932-01-20,"Kareedouw",2001-03-31,"Randburg",165,"Scrum-Half"
"Q3399714","Tavis Knoyle","Tavis Knoyle",1990-06-02,"Pontneddfechan",NA,NA,185,"Scrum-Half"
"Q3399737","Wilf Wooller","Wilf Wooller",1912-11-20,NA,1997-03-10,NA,NA,"Centre"
"Q3399746","Rhys H. Williams","Rhys Haydn Williams",1930-07-14,"Cwmllynfell",1993-01-27,"Whitchurch; Cardiff",NA,"2nd Row"
"Q3399819","Scott Williams","Scott Williams",1990-10-10,"Carmarthen",NA,NA,185,"Centre"
"Q3401357","Rhys Gabe","Rhys Gabe",1880-06-22,"Llangennech",1967-09-15,"Cardiff",NA,"Centre"
"Q3401755","Toby Faletau","Taulupe Faletau",1990-11-12,"Tongatapu",NA,NA,188,"Number 8; Flanker"
"Q3403741","Rhys Priestland","Rhys Priestland",1987-01-09,"Carmarthen",NA,NA,188,"Fly-Half; Fullback"
"Q3404909","Ray Gravell","Ray Gravell",1951-09-12,NA,2007-10-31,NA,NA,"Centre"
"Q3410621","Puig Aubert","Puig-Aubert",1925-03-24,"Andernach",1994-06-03,"Carcassonne",165,"Fullback"
"Q3411871","Pépito Elhorga","Pépito Elhorga",1978-01-06,"Agboville",NA,NA,178,"Fullback"
"Q3414173","Quentin Donald","Quentin Donald",1900-03-13,"Featherston; New Zealand",1965-12-27,"Greytown; New Zealand",178,"Hooker"
"Q3414174","Quentin Doumayrou","Quentin Doumayrou",1988-04-06,"Montpellier",NA,NA,187,"Winger"
"Q3414188","Quentin Nauroy","Quentin Nauroy",1990-09-12,NA,NA,NA,178,"Fullback; Winger"
"Q3414198","Quentin Valançon","Quentin Valançon",1989-03-31,"Paris",NA,NA,183,"Centre; Winger"
"Q3414199","Quentin d'Aram de Valada","Quentin d'Aram de Valada",1987-02-17,"Paris",NA,NA,196,"3rd Row"
"Q3414655","Quinton Davids","Quinton Davids",1975-08-17,"Bellville; South Africa",NA,NA,200,"2nd Row"
"Q3416191","Rachid Ourak","Rachid Ourak",1977-08-31,"Orange; Vaucluse",NA,NA,178,"Fullback; Winger"
"Q3417156","Radu Demian","Radu Demian",1938-04-10,"Cluj-Napoca",2018-08-11,"Bucharest",196,"Number 8"
"Q3417243","Rafael Madero","Rafael Madero",1958-07-16,"Buenos Aires",NA,NA,NA,"Centre; Fly-Half; Fullback"
"Q3417306","Rafael Carballo","Rafaël Carballo",1981-10-16,"Buenos Aires",NA,NA,179,"Centre"
"Q3418242","Ralph Caulton","Ralph Caulton",1937-01-10,"Wellington",2024-06-09,"Nelson; New Zealand",181,"Winger"
"Q3418271","Ralph Keyes","Ralph Keyes",1961-08-01,"Cork (city)",NA,NA,179,"Fly-Half"
"Q3418409","Rambo Tavana","Morrison Faaletino",1985-07-02,NA,NA,NA,185,"Fly-Half; Centre"
"Q3418991","Ranji Wilson","Ranji Wilson",1886-05-18,"Christchurch",1953-08-11,"Lower Hutt",NA,"Flanker"
"Q3419125","Raoul Barrière","Raoul Barrière",1928-03-03,"Béziers",2019-03-08,"Béziers",171,"Prop"
"Q3419132","Raoul Bonamy","Raoul Bonamy",1905-12-13,NA,1993-04-21,NA,NA,"Flanker"
"Q3419208","Raoul Jonathan Larson","Raoul Jonathan",1984-05-14,"Katima Mulilo",NA,NA,185,"Prop"
"Q3419243","Raoul Paoli",NA,1887-11-24,"Courtalain",1960-03-23,"14th arrondissement of Paris",187,NA
"Q3419402","Raphaël Bastide","Raphaël Bastide",1977-11-24,"Bilbao",NA,NA,187,"Winger"
"Q3419415","Raphaël Chanal","Raphaël Chanal",1975-07-30,"Rosières; Haute-Loire",NA,NA,182,"Centre"
"Q3419417","Raphaël Chaume","Raphaël Chaume",1989-04-29,"Valréas",NA,NA,180,"Prop"
"Q3419466","Raphaël Jéchoux","Raphaël Jéchoux",1975-05-20,NA,NA,NA,190,NA
"Q3419469","Raphaël Lagarde","Raphaël Lagarde",1988-10-30,"Pessac",NA,NA,182,"Fly-Half"
"Q3419476","Raphaël Lavaud","Raphaël Lavaud",1888-01-18,"Bordeaux",1958-10-11,"Neuilly-sur-Seine",174,"2nd Row; Flanker"
"Q3419512","Raphaël Poulain","Raphaël Poulain",1980-08-16,"Amiens",NA,NA,186,"Winger"
"Q3419517","Raphaël Saint-André","Raphaël Saint-André",1971-05-11,"Romans-sur-Isère",NA,NA,175,"Centre"
"Q3420485","Ray Cale","Ray Cale",1922-07-18,"Usk",2006-05-23,NA,NA,"Flanker"
"Q3420512","Ray French","Ray French",1939-12-23,"St Helens; Merseyside",NA,NA,NA,"2nd Row"
"Q3420523","Ray Hopkins","Ray Hopkins",1946-07-08,NA,NA,NA,NA,"Scrum-Half"
"Q3420542","Ray McLoughlin","Ray McLoughlin",1939-08-24,NA,2021-11-20,NA,NA,"Prop"
"Q3420543","Ray Mordt","Ray Mordt",1957-02-15,"Cape Town",NA,NA,180,"Winger"
"Q3420549","Ray Nelson","Ray Nelson",1961-06-11,NA,NA,NA,NA,"Fullback"
"Q3421130","Raymond Rébujent","Raymond Rébujent",1942-09-27,NA,NA,NA,NA,"Hooker"
"Q3421294","Rayno Gerber","Rayno Gerber",1981-01-28,"Gqeberha",NA,NA,189,"Prop"
"Q3421392","Răzvan Mavrodin","Razvan Mavrodin",1973-09-29,"Bucharest",NA,NA,178,"Hooker"
"Q3421543","Read Masters","Read Masters",1900-10-19,"Picton; New Zealand",1967-08-24,"Christchurch",183,"2nd Row"
"Q3423032","Rees Stephens","Rees Stephens",1922-04-16,"Neath",1998-02-04,"Swansea",NA,"2nd Row"
"Q3423316","Reg Higgins","Reg Higgins",1930-07-11,"Widnes",1979-12-29,"Frodsham",NA,"Flanker"
"Q3423320","Reg Skrimshire","Alfred Hind",1878-01-30,"Crickhowell",1963-09-20,"Worthing",NA,"Centre"
"Q3423337","Regan King","Regan King",1980-10-02,"Cambridge; New Zealand",NA,NA,188,"Centre"
"Q3423419","Reggie Corrigan","Reggie Corrigan",1970-11-19,"Dublin",NA,NA,188,"Prop"
"Q3423421","Reggie Gibbs","Reggie Gibbs",1882-05-07,"Cardiff",1938-11-28,"Cardiff",NA,"Winger"
"Q3423515","Reginald Morrison","Reginald Morrison",1864-03-24,"Geelong",1941-05-01,"Melbourne",NA,"Centre"
"Q3424661","Remus Lungu","Remus Lungu",1980-07-02,NA,NA,NA,177,"Fly-Half"
"Q3424851","Renaud Boyoud","Renaud Boyoud",1980-05-07,"Grenoble",NA,NA,190,"Prop"
"Q3424879","Renaud Dulin","Renaud Dulin",1979-11-13,"Agen",NA,NA,180,"Centre"
"Q3424941","Renaud Pérez","Renaud Pérez",1982-09-02,NA,NA,NA,NA,"Flanker"
"Q3425307","Rene Ranger","Rene Ranger",1986-09-30,"Whangārei",NA,NA,182,"Winger; Centre"
"Q3425763","René Arotca","René Arotça",1914-02-28,"Bayonne",1990-05-10,"Bayonne",175,"Flanker"
"Q3425825","René Bergès-Cau","René Bergès-Cau",1949-02-28,"Encausse-les-Thermes",1983-05-22,"Tarbes",178,"Fullback"
"Q3425829","René Bernard","René Bernard",1925-05-11,NA,2010-11-07,NA,178,"Prop"
"Q3425867","René Biénès","René Biénès",1923-08-02,"Toulouse",1923-08-02,"Blanquefort; Gironde",180,"Flanker"
"Q3425902","René Boudreaux","René Boudreaux",1880-11-27,"6th arrondissement of Paris",1915-09-08,"Aubérive",178,"Prop"
"Q3425918","René Bousquet","René Bousquet",1903-03-18,NA,1964-05-19,NA,NA,NA
"Q3425926","René Brejassou","René Brejassou",1929-08-12,"Aureilhan; Hautes-Pyrénées",2011-06-13,"Tarbes",180,"Prop; 2nd Row"
"Q3425947","René Bénésis","René Bénésis",1944-08-29,"Orthez",NA,NA,171,"Hooker"
"Q3426056","René Crabos","René Crabos",1899-02-07,"Saint-Sever",1964-06-17,"Saint-Sever",167,"Centre"
"Q3426077","René Deleris","René Deleris",1926-03-24,"Carmaux",2022-12-27,"Toulouse",NA,"Centre"
"Q3426289","René Graciet","René Graciet",1904-07-24,"Bayonne",1995-01-30,"Antibes",172,"Centre; Fly-Half"
"Q3426372","René Hourquet","René Hourquet",1941-11-15,NA,2024-08-27,NA,NA,NA
"Q3426483","René Le Bourhis","René Le Bourhis",1932-04-17,NA,NA,NA,NA,"2nd Row"
"Q3426638","René Monié","René Monié",1934-01-02,NA,2022-08-17,NA,NA,"Centre"
"Q3426676","René Namur","René Namur",1909-12-12,NA,1976-03-11,NA,NA,"Hooker"
"Q3426915","René Séguier","René Séguier",1949-09-08,NA,NA,NA,NA,"Winger"
"Q3426947","René Traille","René Traille",1952-03-04,NA,NA,NA,NA,NA
"Q3427061","René de Mallemann","René de Malmann",1885-11-02,"16th arrondissement of Paris",1969-12-08,"Ingrandes; Maine-et-Loire",NA,"Prop"
"Q3428099","Retief Uys","Retief Uys",1979-02-22,"Citrusdal",NA,NA,206,"2nd Row"
"Q3428323","Reuben Thorne","Reuben Thorne",1975-01-02,"Christchurch",NA,NA,192,"Flanker; 2nd Row"
"Q3428390","Revaz Gigauri","Revaz Gigauri",1984-05-09,"Stepantsminda",NA,NA,190,"Centre; Fullback"
"Q3428841","Rex Willis","Rex Willis",1924-10-25,"Ystrad",2000-01-19,"Pontypridd",NA,"Scrum-Half"
"Q3429868","Rhys Duggan","Rhys Duggan",1972-07-31,"Rotorua",NA,NA,175,"Fullback"
"Q3429880","Rhys Williams","Rhys Williams",1980-02-23,"Bridgend",NA,NA,178,"Winger; Fullback"
"Q3430269","Ricardo Le Fort","Ricardo Le Fort",1964-10-13,"San Miguel de Tucumán",NA,NA,NA,"Hooker"
"Q3430273","Ricardo Loubscher","Ricardo Loubscher",1974-06-11,"Colesberg",NA,NA,180,"Fullback; Winger"
"Q3430360","Riccardo Bocchino","Riccardo Bocchino",1988-03-03,"Viterbo",NA,NA,181,"Fly-Half"
"Q3430379","Riccardo Pavan","Riccardo Pavan",1986-10-13,"Conegliano",NA,NA,187,"Winger; Centre"
"Q3430473","Richard Apanui","Richard Apanui",1979-10-02,NA,NA,NA,187,"Fly-Half; Fullback"
"Q3430480","Richard Astre","Richard Astre",1948-08-28,"Toulouse",NA,NA,171,"Scrum-Half"
"Q3430498","Richard Bands","Richard Bands",1974-03-25,NA,NA,NA,183,"Prop"
"Q3430537","Richard Birkett","Richard Birkett",1979-10-01,"Roehampton",NA,NA,193,"2nd Row"
"Q3430549","Richard Blaze","Richard Blaze",1985-04-19,"Birmingham",NA,NA,200,"2nd Row"
"Q3430581","Richard Brown","Richard Brown",1984-08-28,"Julia Creek; Queensland",NA,NA,189,"Number 8"
"Q3430625","Richard Castel","Richard Castel",1972-12-31,"Vendres",NA,NA,188,"3rd Row"
"Q3430637","Richard Choirat","Richard Choirat",1984-09-28,"Grenoble",NA,NA,183,"Prop"
"Q3430647","Richard Cockerill","Richard Cockerill",1970-12-16,"Rugby; Warwickshire",NA,NA,178,"Hooker"
"Q3430660","Richard Coulas","Richard Coulas",1980-04-19,NA,NA,NA,NA,"Hooker"
"Q3430667","Richard Crespy","Richard Crespy",1968-01-23,NA,NA,NA,NA,"Prop"
"Q3430728","Richard Dourthe","Richard Dourthe",1974-12-13,"Dax; Landes",NA,NA,188,"Centre; Fullback"
"Q3430841","Richard Harding","Richard Harding",1953-08-29,"Bristol",NA,NA,NA,"Scrum-Half"
"Q3430846","Richard Harry","Richard Harry",1967-11-30,"Sydney",NA,NA,185,"Prop"
"Q3430851","Richard Haughton","Richard Haughton",1980-11-08,"Luton",NA,NA,188,"Winger; Fullback"
"Q3430866","Richard Hill","Richard Hill",1973-05-23,"Surrey",NA,NA,188,"Flanker; Number 8"
"Q3430868","Richard Hill","Richard Hill",1961-05-04,NA,NA,NA,170,"Scrum-Half"
"Q3430989","Richard Loe","Richard Loe",1960-04-06,"Christchurch",NA,NA,188,"Prop"
"Q3431040","Richard Menotti","Richard Menotti",1974-06-27,"Paris",NA,NA,178,"Tighthead Prop"
"Q3431047","Richard Milliken","Dick Milliken",1950-09-02,NA,NA,NA,NA,"Centre"
"Q3431101","Richard Parks","Richard Parks",1977-08-14,"Pontypridd",NA,NA,189,"Flanker"
"Q3431132","Richard Pool-Jones","Richard Pool-Jones",1969-10-22,"London",NA,NA,190,"Flanker"
"Q3431217","Richard Sharp","Richard Sharp",1938-09-09,"Mysore",NA,NA,NA,"Fly-Half"
"Q3431260","Richard Tardits","Richard Tardits",NA,NA,NA,NA,NA,NA
"Q3431274","Richard Tombs","Richard Tombs",1968-01-04,"Te Kūiti",NA,NA,183,"Centre"
"Q3431310","Richard Wallace","Richard Wallace",1968-01-16,"Cork (city)",NA,NA,180,"Winger"
"Q3431321","Richard Webster","Richard Webster",1967-07-09,"Swansea",NA,NA,188,"Flanker"
"Q3431328","Richard Wigglesworth","Richard Wigglesworth",1983-06-09,"Blackpool",NA,NA,176,"Scrum-Half"
"Q3431329","Richard Garnons Williams","Richard Williams",1856-06-15,"Llowes",1915-09-27,"Loos-en-Gohelle",NA,"Forward"
"Q3431456","Richie Vernon","Richie Vernon",1987-07-07,"Dundee",NA,NA,196,"Centre; Flanker; Number 8"
"Q3431636","Rickus Lubbe","Rickus Lubbe",1976-05-19,"Windhoek",NA,NA,183,"Centre"
"Q3431650","Ricky Nebbett","Ricky Nebbett",1977-08-16,"Kingston upon Thames",NA,NA,180,"Prop"
"Q3431692","Rida Jahouer","Rida Jaouher",1980-07-07,"Bourg-en-Bresse",NA,NA,178,"Centre; Winger"
"Q3432261","Rino Francescato","Rino Francescato",1957-12-01,NA,NA,NA,172,"Centre"
"Q3434143","Robert Ackerman","Rob Ackerman",1961-03-02,"Ebbw Vale",NA,NA,NA,"Centre"
"Q3434170","Rob Dewey","Rob Dewey",1983-10-19,"Marlborough; Wiltshire",NA,NA,192,"Centre; Winger"
"Q3434179","Rob Hawkins","Rob Hawkins",1983-04-14,"Taunton",NA,NA,183,"Hooker"
"Q3434180","Rob Henderson","Rob Henderson",1972-10-27,"Dover",NA,NA,187,"Centre"
"Q3434197","Rob Liley","Rob Liley",1970-04-03,"Wakefield",NA,NA,185,"Fly-Half"
"Q3434198","Rob Linde","Rob Linde",1978-07-05,"Johannesburg",NA,NA,204,"2nd Row"
"Q3434200","Rob Louw","Rob Louw",1955-03-26,NA,NA,NA,NA,"Flanker"
"Q3434228","Rob Saunders","Rob Saunders",1968-08-05,"Nottingham",NA,NA,NA,"Scrum-Half"
"Q3434244","Rob Wainwright","Rob Wainwright",1965-03-22,"Perth; Scotland",NA,NA,193,"Flanker"
"Q3434246","Rob Webber","Rob Webber",1986-08-01,"York",NA,NA,183,"Hooker"
"Q3434282","Robbie Fleck","Robbie Fleck",1975-07-17,"Cape Town",NA,NA,183,"Centre"
"Q3434284","Robbie Fruean","Robbie Fruean",1988-07-13,"Wellington",NA,NA,190,"Centre; Winger"
"Q3434286","Robbie Hutton","Robbie Hutton",1972-09-11,"London",NA,NA,180,"Flanker"
"Q3434289","Robbie Kydd","Robbie Kydd",1982-01-19,NA,NA,NA,NA,"Centre"
"Q3434290","Robbie Malneek","Robbie Malneek",1983-04-03,"Masterton",NA,NA,183,"Fullback; Fly-Half; Winger"
"Q3434291","Robbie McGrath","Robbie McGrath",1951-07-18,NA,NA,NA,NA,"Scrum-Half"
"Q3434513","Robert Barran","Robert Barran",1918-01-13,NA,1978-01-20,NA,NA,NA
"Q3434525","Robert Basauri","Robert Basauri",1934-08-30,"Hendaye",2015-02-07,"Albi",178,"Fly-Half"
"Q3434527","Robert Baulon","Robert Baulon",1930-10-21,"Boucau",2011-01-26,"Labenne",180,"Number 8; Flanker; 2nd Row"
"Q3434720","Robert Cals","Robert Cals",1913-03-19,"Pezens",1994-11-30,"14th arrondissement of Paris",NA,"Winger"
"Q3434738","Robert Carrère","Robert Carrère",1921-03-13,NA,2008-06-10,NA,NA,"Prop"
"Q3434752","Robert Caunegre","Robert Caunegre",1913-01-30,"Bordeaux",1959-12-10,"Bordeaux",165,"Winger"
"Q3435416","Robert Houdet","Robert Houdet",1905-01-12,NA,1989-02-27,NA,NA,"Winger"
"Q3435422","Robert Howie","Robert Howie",1898-06-11,"Gorebridge",1992-05-14,NA,NA,"Prop"
"Q3435430","Robert Hunt","Robert Hunt",1856-01-21,NA,1913-03-19,NA,NA,"Winger"
"Q3435545","Robert Jones","Robert Jones",1965-10-10,NA,NA,NA,NA,"Scrum-Half"
"Q3435619","Robert Labarthète","Robert Labarthète",1924-10-05,NA,2009-04-02,NA,166,"Fullback"
"Q3435794","Robert MacMillan","Robert MacMillan",1865-04-03,"Edinburgh",1936-04-03,"Cirencester",NA,"Forward"
"Q3435814","Robert Maitland","Robert Maitland",1862-01-07,"Alloa",1918-01-01,"Clifton; New Jersey",NA,"Forward"
"Q3435995","Robert Miln Neill","Robert Neill",1882-09-05,"Edinburgh",1914-09-14,"Kuala Lumpur",NA,"Fullback"
"Q3436034","Robert Paparemborde","Robert Paparemborde",1948-07-05,"Ance; Pyrénées-Atlantiques",2001-04-18,"14th arrondissement of Paris",182,"Tighthead Prop"
"Q3436227","Robert Samatan","Robert Samatan",1909-04-16,"Toulouse",1986-04-04,"Antibes",NA,"Winger"
"Q3436266","Robert Scohy","Robert Scohy",1909-04-28,"Tunis",2001-06-23,"Oloron-Sainte-Marie",NA,"Prop; Hooker"
"Q3436303","Robert Sidoli","Robert Sidoli",1979-06-21,"Merthyr Tydfil",NA,NA,198,"2nd Row"
"Q3436323","Robert Soro","Robert Soro",1922-11-28,"Odos",2013-04-28,"Guchen",195,"2nd Row"
"Q3436331","Robert Spagnolo","Robert Spagnolo",1929-10-08,"Montpellier",2009-06-02,"Montpellier",175,"Winger"
"Q3436395","Robert Thierry","Robert Thierry",1893-06-23,"Brienon-sur-Armançon",1973-10-21,"Valence-en-Brie",183,"Flanker; Centre"
"Q3436485","Robert Vigier","Robert Vigier",1926-12-05,"Lanobre",1986-09-01,"Clermont-Ferrand",175,"Hooker; 3rd Row; Prop; Scrum-Half; Centre"
"Q3436498","Robert Voves","Robert Voves",1981-12-12,"Prague",NA,NA,202,"2nd Row"
"Q3436522","Robert Walkington","Robert Walkington",1854-08-08,"Alabama",1916-07-22,"Belfast",NA,"Fullback"
"Q3436532","Robert Warren","Robert Warren",1865-09-04,"County Meath",1940-11-19,"Bray; County Wicklow",NA,"Scrum-Half; Fly-Half"
"Q3436745","Robert de Winton","Robert de Winton",1868-09-09,"Hay",1923-03-14,"Porterville; California",NA,"Fly-Half; Scrum-Half"
"Q3436908","Roberto Diego Grau","Roberto Grau",1970-07-16,NA,NA,NA,182,"Prop"
"Q3436929","Roberto Mandelli","Roberto Mandelli",1979-04-10,"Brescia",NA,NA,193,"Flanker; Number 8; 2nd Row"
"Q3437048","Robin Brooke","Robin Brooke",1966-12-10,"Warkworth; New Zealand",NA,NA,197,"2nd Row"
"Q3437079","Robin Guignouard","Robin Guignouard",1986-04-12,NA,NA,NA,NA,"Flanker"
"Q3437124","Robin Solana","Robin Solana",1986-07-13,NA,NA,NA,194,"Fullback"
"Q3437134","Robin Thompson","Robin Thompson",1931-05-05,NA,2003-08-14,NA,NA,"2nd Row"
"Q3438087","Rod Macqueen","Rod Macqueen",1949-12-31,NA,NA,NA,NA,NA
"Q3438093","Rod MacKenzie","Rod McKenzie",1909-09-16,"Rakaia",2000-03-24,"Auckland",183,"Flanker; 2nd Row"
"Q3438094","Rod McCall","Rod McCall",1963-09-20,"Brisbane",NA,NA,198,"2nd Row"
"Q3438098","Rod Moore","Rod Moore",1972-01-06,"Sydney",NA,NA,185,"Prop"
"Q3438107","Rod Snow","Rod Snow",1970-05-01,"Bonavista; Newfoundland and Labrador",NA,NA,180,"Prop"
"Q3438134","Rodd Penney","Rodd Penney",1978-07-22,"Auckland",NA,NA,183,"Centre; Winger"
"Q3438175","Rodger Arneil","Rodger Arneil",1944-05-01,NA,NA,NA,NA,"Flanker"
"Q3438213","Rodney Blake","Rodney Blake",1983-04-29,"Sa'aveki",NA,NA,191,"Prop"
"Q3438231","Rodney O'Donnell","Rodney O'Donnell",1956-08-16,NA,NA,NA,NA,"Fullback"
"Q3438240","Rodney So'oialo","Rodney So'oialo",1979-10-03,"Apia",NA,NA,190,"Number 8; Flanker"
"Q3438352","Rodolphe Modin","Rodolphe Modin",1959-03-26,"Gennevilliers",NA,NA,178,"Scrum-Half"
"Q3438451","Rodrigo Capó Ortega","Rodrigo Capó Ortega",1980-12-08,"Montevideo",NA,NA,195,"2nd Row; Flanker"
"Q3438455","Rodrigo Crexell","Rodrigo Crexell",1968-02-05,NA,NA,NA,NA,"Scrum-Half"
"Q3438635","Roger Aguerre","Roger Aguerre",1957-03-13,"Mauléon-Licharre",NA,NA,183,"Fly-Half"
"Q3438654","Roger Arcalis","Roger Arcalis",1927-06-01,"Tarbes",1987-04-27,"Tarbes",168,"Fullback"
"Q3438666","Roger Baird","Roger Baird",1960-04-12,NA,NA,NA,NA,"Winger"
"Q3438677","Roger Bastié","Roger Bastié",1932-09-21,"Sallèles-d'Aude",2019-01-02,"Brive-la-Gaillarde",NA,"Centre; Winger; Flanker"
"Q3438734","Roger Bourgarel","Roger Bourgarel",1947-04-21,"Toulouse",NA,NA,172,"Right Winger"
"Q3438748","Roger Brethes","Roger Brethes",1936-01-31,"Saint-Sever",2018-08-04,"Saint-Sever",178,"Fullback"
"Q3438939","Roger Fabien","Roger Fabien",1945-03-25,"Espéraza",NA,NA,185,"Centre"
"Q3438958","Roger Ferrien","Roger Ferrien",1924-11-09,NA,1987-01-08,NA,NA,"Prop"
"Q3438960","Roger Fite","Roger Fite",1938-10-13,"Cabrerolles",2020-11-28,"Brive-la-Gaillarde",190,"2nd Row; Number 8"
"Q3438986","Roger Furcade","Roger Furcade",1928-01-22,"Saint-Nazaire; Pyrénées-Orientales",2006-12-14,"Perpignan",175,"Fly-Half"
"Q3439013","Roger Gensane","Roger Gensane",1934-02-04,NA,2019-12-12,NA,NA,"Flanker"
"Q3439040","Roger Gould","Roger Gould",1957-04-04,NA,NA,NA,NA,"Fullback"
"Q3439201","Roger Lerou","Roger Lerou",1890-04-22,"Arcachon",1979-05-07,"18th arrondissement of Paris",180,"Flanker"
"Q3439252","Roger Martine","Roger Martine",1930-01-03,"Bellocq",2005-03-03,"Lourdes",173,"Centre"
"Q3439348","Roger Paul","Roger Paul",1911-06-15,"Sauxillanges",1981-06-12,"Clermont-Ferrand",170,"Hooker; Prop"
"Q3439369","Roger Piteu","Roger Piteu",1899-05-14,"Pau; Pyrénées-Atlantiques",1963-02-26,"Toulouse",162,"Scrum-Half"
"Q3439403","Roger Ramis","Roger Ramis",1902-03-29,"Perpignan",1985-11-16,"Perpignan",NA,"Winger; Centre"
"Q3439404","Roger Randle","Roger Randle",1974-05-15,"Hastings; New Zealand",NA,NA,190,"Winger; Centre"
"Q3439481","Roger Taddéï","Roger Taddéï",1904-11-15,"Brive-la-Gaillarde",1974-08-05,"Brive-la-Gaillarde",NA,"Flanker"
"Q3439507","Roger Triviaux","Roger Triviaux",1902-08-10,NA,1964-12-07,NA,NA,"Flanker"
"Q3439513","Roger Uttley","Roger Uttley",1949-09-11,NA,NA,NA,NA,"2nd Row"
"Q3439546","Roger Viel","Roger Viel",1949-06-01,"Rieux-Volvestre",2005-12-22,"Merville; Haute-Garonne",192,"Number 8"
"Q3439563","Roger Warren","Roger Warren",1979-10-19,NA,NA,NA,180,"Fullback; Fly-Half"
"Q3439575","Roger Wilson","Roger Wilson",1981-09-21,"Belfast",NA,NA,191,"Number 8"
"Q3439958","Roland Bernard","Roland Bernard",1981-11-14,"Johannesburg",NA,NA,182,"Flanker"
"Q3439961","Roland Bertranne","Roland Bertranne",1949-12-06,"Ibos; Hautes-Pyrénées",NA,NA,173,"Centre; Winger"
"Q3440015","Roland Crancée","Roland Crancée",1932-09-24,"Tréveray",2012-09-18,"Tarbes",195,"Number 8"
"Q3440143","Roland Lefèvre","Roland Lefèvre",1936-09-19,"La Flamengrie; Aisne",NA,NA,183,"Number 8; 2nd Row"
"Q3440225","Roland Pétrissans","Roland Pétrissans",1950-12-13,"Bayonne",NA,NA,189,"Flanker"
"Q3440544","Roly Meates","Roly Meates",NA,NA,NA,NA,NA,"Prop"
"Q3440595","Romain Boscus","Romain Boscus",1987-12-07,"Rodez",NA,NA,183,"Fly-Half; Fullback"
"Q3440600","Romain Brison","Romain Brison",1988-07-06,"Narbonne",NA,NA,182,"Prop"
"Q3440603","Romain Bézian","Romain Bézian",1988-08-09,"Perpignan",NA,NA,198,"2nd Row"
"Q3440606","Romain Carmignani","Romain Carmignani",1983-09-02,"Cruas",NA,NA,190,"Flanker; Number 8"
"Q3440622","Romain David","Romain David",1982-04-21,"Grenoble",NA,NA,178,"Prop"
"Q3440631","Romain Dibel","Romain Dibel",1988-04-29,"Sèvres",NA,NA,189,"Flanker"
"Q3440641","Romain Edmond-Samuel","Romain Edmond-Samuel",1986-05-22,"Villeneuve-sur-Lot",NA,NA,180,"Winger"
"Q3440642","Romain Fernandez","Romain Fernandez",1993-02-12,NA,NA,NA,186,"Winger"
"Q3440647","Romain Friand","Romain Friand",1982-05-13,NA,NA,NA,NA,"2nd Row"
"Q3440648","Romain Froment","Romain Froment",1977-05-26,"Clamart",NA,NA,185,"Flanker"
"Q3440650","Romain Frou","Romain Frou",1984-01-03,"Nantes",NA,NA,183,"Prop"
"Q3440651","Romain Fuertès","Romain Fuertès",1983-07-05,NA,NA,NA,NA,"Fly-Half"
"Q3440685","Romain Lacoste","Romain Lacoste",1987-03-29,"Pau; Pyrénées-Atlantiques",NA,NA,181,"Fly-Half; Fullback"
"Q3440687","Romain Lafourcade","Romain Lafourcade",1985-01-09,NA,NA,NA,177,"Winger; Centre"
"Q3440690","Romain Lauga","Romain Lauga",1982-05-19,"Créteil",NA,NA,172,"Hooker"
"Q3440703","Romain Loursac","Romain Loursac",1985-11-11,"Valence; Drôme",NA,NA,180,"Fullback"
"Q3440712","Romain Martial","Romain Martial",1984-11-13,"Clermont-Ferrand",NA,NA,195,"Winger"
"Q3440719","Romain Miro","Romain Miro",1985-04-20,"Oloron-Sainte-Marie",NA,NA,190,"Prop"
"Q3440722","Romain Millo-Chluski","Romain Millo-Chluski",1983-04-20,"Ris-Orangis",NA,NA,196,"2nd Row"
"Q3440724","Romain Mémain","Romain Mémain",1984-04-12,"Saint-Georges-de-Didonne",NA,NA,197,"2nd Row"
"Q3440731","Romain Pairault","Romain Pairault",1984-03-16,NA,NA,NA,NA,"2nd Row"
"Q3440739","Romain Plantey","Romain Plantey",1985-11-08,NA,NA,NA,186,"Winger"
"Q3440746","Romain Raine","Romain Raine",1987-02-11,"Levallois-Perret",NA,NA,177,"Winger"
"Q3440753","Romain Rongieras","Romain Rongieras",1982-11-04,NA,NA,NA,187,"Fly-Half"
"Q3440754","Romain Roques","Romain Roques",1983-05-30,NA,NA,NA,NA,"2nd Row"
"Q3440766","Romain Sazy","Romain Sazy",1986-10-14,NA,NA,NA,198,"2nd Row"
"Q3440771","Romain Sola","Romain Sola",1987-10-29,"Toulouse",NA,NA,180,"Fly-Half; Fullback"
"Q3440777","Romain Taofifénua","Romain Taofifénua",1990-09-14,"Mont-de-Marsan",NA,NA,202,"2nd Row"
"Q3440779","Romain Terrain","Romain Terrain",1981-08-22,"Aire-sur-l'Adour",NA,NA,183,"Hooker"
"Q3441074","Romano Bettarello","Romano Bettarello",1930-05-16,"Villadose",2005-11-18,"Rovigo",NA,"Fly-Half"
"Q3441217","Romi Ropati","Romi Ropati",1976-06-20,"Auckland",NA,NA,182,"Centre; Winger"
"Q3441279","Romuald Paillat","Romuald Paillat",1974-05-02,"Niort",NA,NA,182,"Centre"
"Q3441385","Ron Fanuatanu","Ron Fanuatanu",1982-07-07,"Apia",NA,NA,183,"Winger"
"Q3441402","Ron Horsley","Ron Horsley",1932-07-04,"Wellington",2007-12-20,"Rotorua",194,"2nd Row"
"Q3441417","Ronald King","Ron King",1909-08-19,"Waiuta",1988-01-10,"Greymouth",188,"2nd Row"
"Q3441461","Ron Stewart","Ron Stewart",1904-01-12,"Waikaia",1982-12-15,"Queenstown; New Zealand",185,"Flanker"
"Q3441469","Ron Urlich","Ron Urlich",1944-02-08,"Auckland",NA,NA,183,"Hooker"
"Q3441507","Ronald Cove-Smith","Ronald Cove-Smith",1899-11-26,NA,1988-03-09,NA,NA,"2nd Row"
"Q3441549","Ronald Poulton-Palmer","Ronald Poulton-Palmer",1889-09-12,"Headington",1915-05-05,"Ploegsteert",175,"Fly-Half; Winger; Centre"
"Q3441608","Ronan McCormack","Ronan McCormack",1977-04-27,"Dublin",NA,NA,178,"Prop"
"Q3441784","Ronnie Dawson","Ronnoe Dawson",1932-06-05,"Dublin",2024-10-11,NA,NA,"Hooker"
"Q3441820","Ronny Uipa Sua","Ronny Uipa Sua",1976-05-19,"Auckland",NA,NA,188,"Prop"
"Q3441950","Ropate Ratu","Ropate Ratu",1985-03-01,"Lautoka",NA,NA,185,"Winger; Centre"
"Q3442046","Rory Kockott","Rory Kockott",1986-06-25,"East London; South Africa",NA,NA,180,"Scrum-Half"
"Q3442047","Rory Lawson","Rory Lawson",1981-03-12,"Dunfermline",NA,NA,175,"Scrum-Half"
"Q3442054","Rory Sidey","Rory Sidey",1986-07-04,"Sydney",NA,NA,188,"Centre"
"Q3442059","Rory Teague","Rory Teague",1985-02-12,"Gloucester",NA,NA,183,"Fly-Half; Fullback"
"Q3442064","Rory Underwood","Rory Underwood",1963-06-19,"Middlesbrough",NA,NA,173,"Winger"
"Q3442741","Ross Beattie","Ross Beattie",1977-11-15,"Sittingbourne",NA,NA,196,"Flanker; 2nd Row"
"Q3442742","Ross Brown","Ross Brown",1934-09-08,NA,2014-05-20,NA,NA,"Centre"
"Q3442747","Ross Skeate","Ross Skeate",1982-08-02,"Johannesburg",NA,NA,200,"2nd Row"
"Q3442754","Ross Geldenhuys","Ross Geldenhuys",1983-04-19,"Cape Town",NA,NA,189,"Prop"
"Q3442765","Ross Logan","Ross Logan",1909-11-24,"Edinburgh",1993-11-26,"Edinburgh",NA,"Scrum-Half"
"Q3442772","Ross McMillan","Ross McMillan",1987-06-02,"Chesterfield; Derbyshire",NA,NA,185,"Hooker"
"Q3442781","Ross Rennie","Ross Rennie",1986-03-29,"Edinburgh",NA,NA,184,"Flanker"
"Q3442783","Ross Reynolds","Ross Reynolds",1958-09-27,NA,NA,NA,NA,"Number 8"
"Q3445558","Rowan Frost","Rowan Frost",1975-06-09,NA,NA,NA,NA,"2nd Row"
"Q3445568","Rowe Harding","Rowe Harding",1901-09-10,"Birchgrove; Swansea",1991-02-10,"Gower Peninsula",NA,"Winger"
"Q3445577","Rowland Griffiths","Rowland Griffiths",1886-03-04,"Tintern",1914-05-11,"Marseille",182,"Centre"
"Q3445664","Rowley Thomas","Rowley Thomas",1864-07-11,"Henllan Amgoed",1949-01-21,"Whitland",NA,"Forward"
"Q3445745","Roy Bish","Roy Bish",1929-10-20,"Port Talbot",2006-11-08,NA,NA,"Centre"
"Q3445756","Roy Burnett","Roy Burnett",1926-10-06,"Abercarn",1998-06-30,"Caerleon",NA,"Fly-Half"
"Q3445784","Roy John","Roy John",1925-12-03,"Neath",1981-09-30,"Neath",NA,"2nd Row"
"Q3445786","Roy Kinikinilau","Roy Kinikinilau",1980-02-14,NA,NA,NA,193,"Winger; Centre"
"Q3445793","Roy Laidlaw","Roy Laidlaw",1953-10-05,"Jedburgh",NA,NA,168,"Scrum-Half"
"Q3445842","Roy Winters","Roy Winters",1975-09-13,"Cuckfield",NA,NA,193,"2nd Row"
"Q3446312","Royce Willis","Royce Willis",1975-08-28,"Tokoroa",NA,NA,197,"2nd Row"
"Q3446414","Rua Tipoki","Rua Tipoki",1975-08-11,"Te Puia Springs",NA,NA,182,"Centre"
"Q3446415","Ruaan du Preez","Ruaan du Preez",1984-03-20,NA,NA,NA,186,"Prop"
"Q3446435","Ruaridh Jackson","Ruaridh Jackson",1988-02-12,"Northampton",NA,NA,183,"Fly-Half; Fullback"
"Q3446467","Ruben Kruger","Ruben Kruger",1970-03-30,"Vrede",2010-01-27,"Pretoria",187,"Flanker"
"Q3446653","Rudi Coetzee","Rudi Coetzee",1981-04-16,"Gqeberha",NA,NA,195,"Centre; Winger"
"Q3446664","Rudie van Vuuren","Rudi van Vuuren",1972-09-20,NA,NA,NA,NA,"Fly-Half"
"Q3446767","Rudolph Bérek","Rudolph Bérek",1971-03-22,"Mont-de-Marsan",NA,NA,192,"2nd Row"
"Q3446787","Rudy Chéron","Rudy Chéron",1981-02-19,"Toulon",NA,NA,175,"Prop"
"Q3453280","Rupert Moon","Rupert Moon",1968-02-01,"Birmingham",NA,NA,183,"Scrum-Half"
"Q3453455","Russell Fairfax","Russell Fairfax",1952-03-29,NA,NA,NA,NA,"Fly-Half"
"Q3453460","Russell Bennett","Russell Bennett",1971-11-22,"Adelaide; South Africa",NA,NA,187,"Fullback"
"Q3453505","Russell Watt","Russell Watt",1935-12-29,NA,2022-06-25,NA,NA,"Winger"
"Q3453539","Russlan Boukerou","Russlan Boukerou",1989-12-16,"Algiers",NA,NA,202,"2nd Row"
"Q3453764","Ryan Cross","Ryan Cross",1979-10-06,"Sydney",NA,NA,191,"Centre; Winger"
"Q3453812","Ryan Kankowski","Ryan Kankowski",1985-10-14,"Gqeberha",NA,NA,193,"Number 8"
"Q3453815","Ryan Lamb","Ryan Lamb",1986-05-18,"Gloucester",NA,NA,175,"Fly-Half"
"Q3453834","Ryan Nicholas","Ryan Nicholas",1979-05-23,"Broken Hill",NA,NA,192,"Centre"
"Q3453844","Ryan Powell","Ryan Powell",1980-07-01,"Panteg",NA,NA,173,"Scrum-Half"
"Q3453858","Ryan Smith","Ryan Smith",1979-09-13,"Kitchener; Ontario",NA,NA,191,"Centre"
"Q3453878","Ryan Witbooi","Ryan Witbooi",1985-09-07,NA,NA,NA,NA,"Winger"
"Q3453937","Ryk van Schoor","Ryk van Schoor",1921-12-03,"Philadelphia; South Africa",2009-03-22,"Parow; South Africa",NA,"Centre"
"Q3453951","Ryno van der Merwe","Ryno van der Merwe",1978-10-17,"Bellville; South Africa",NA,NA,184,"Number 8; Flanker"
"Q3454073","Ryō Yamamura","Ryō Yamamura山村 亮",1981-08-09,"Saga (city)",NA,NA,185,"Prop"
"Q3455694","Régis Bianco","Régis Bianco",1982-08-27,"Ollioules",NA,NA,188,"Winger; Fullback"
"Q3455753","Régis Lespinas","Régis Lespinas",1984-10-06,"Brive-la-Gaillarde",NA,NA,185,"Fly-Half; Fullback"
"Q3455772","Régis Rameau","Régis Rameau",1981-06-30,"Pau; Pyrénées-Atlantiques",NA,NA,182,"Prop"
"Q3455791","Régis Sigoire","Régis Sigoire",1979-05-31,NA,NA,NA,200,"2nd Row"
"Q3455795","Régis Sonnes","Régis Sonnes",1972-07-25,"Mont-de-Marsan",NA,NA,193,"Flanker"
"Q3455995","Rémi Bonfils","Rémi Bonfils",1988-09-26,"Paris",NA,NA,178,"Hooker"
"Q3456012","Rémi Delavallée","Rémi Delavallée",1980-08-14,NA,NA,NA,NA,"2nd Row"
"Q3456015","Rémi Espitalier","Rémi Espitalier",1976-06-18,NA,NA,NA,193,"2nd Row"
"Q3456142","Rémy Grosso","Rémy Grosso",1988-12-04,"Lyon",NA,NA,190,"Winger"
"Q3456145","Rémy Hugues","Rémi Hugues",1986-01-01,"Beaugency",NA,NA,183,"Prop"
"Q3456190","Rémy Vaquin","Rémi Vaquin",1983-07-27,"Aix-en-Provence",NA,NA,189,"Flanker"
"Q3456192","Rémy Vigneaux","Rémy Vigneaux",1976-10-22,"Lavaur; Tarn",NA,NA,174,"Hooker"
"Q3460915","Sacha Vanden Berghen","Sacha Vanden Berghen",1985-03-31,"Saint-Josse-ten-Noode",NA,NA,182,"Prop; Hooker"
"Q3461569","Saia Fekitoa","Saia Fekitoa",1987-07-31,"Tonga",NA,NA,178,"Winger; Centre"
"Q3461642","Sailosi Tagicakibau","Sailosi Tagicakibau",1982-11-14,"Auckland",NA,NA,194,"Winger"
"Q3461646","Saimone Taumoepeau","Saimone Taumoepeau",1979-12-21,"Haʻapai",NA,NA,186,"Prop"
"Q3469386","Sakkie van Zyl","Sakkie van Zyl",1932-07-01,"Dealesville",2017-11-24,"Bloemfontein",185,"Prop"
"Q3469388","Sakiusa Matadigo","Masi Matadigo",1982-08-08,"Suva",NA,NA,191,"Number 8"
"Q3469699","Salemane Sa","Benjamin Sa",1980-01-30,NA,NA,NA,193,"Prop"
"Q3469719","Salesi Finau","Salesi Finau",1973-05-05,"Neiafu (Vavaʻu)",NA,NA,183,"Winger; Centre"
"Q3469720","Salesi Sika","Salesi Sika",1980-07-07,"Haveluloto",NA,NA,187,"Centre; Winger"
"Q3469776","Salim Boukanoucha","Salim Boukanoucha",1985-04-04,"Bourg-en-Bresse",NA,NA,194,"2nd Row"
"Q3469792","Salim Tebani","Salim Tebani",1978-10-11,"M'Sila; Algeria",NA,NA,170,"Hooker"
"Q3470274","Salty du Rand","Salty du Rand",1926-01-16,NA,1979-02-27,NA,NA,"Flanker"
"Q3470378","Salvatore Costanzo","Salvatore Costanzo",1982-04-09,"Catania",NA,NA,188,"Prop"
"Q3470452","Sam Broomhall","Sam Broomhall",1976-07-29,"Christchurch",NA,NA,193,"Flanker; Number 8"
"Q3470454","Sam Burgess","Sam Burgess",1988-12-14,"Leeds",NA,NA,196,"Centre"
"Q3470458","Sam Cane","Sam Cane",1992-01-13,"Rotorua",NA,NA,189,"Flanker"
"Q3470471","Sam Cordingley","Sam Cordingley",1976-03-20,"Sydney",NA,NA,176,"Scrum-Half"
"Q3470490","Sam Gerber","Sam Gerber",1981-02-05,"Uitenhage",NA,NA,186,"Centre; Winger; Fullback"
"Q3470496","Sam Harding","Sam Harding",1980-12-01,"Subiaco",NA,NA,184,"Flanker"
"Q3470507","Sam Lee","Sam Lee",1871-09-26,NA,1944-01-04,NA,NA,"Centre"
"Q3470526","Sam Payne","Sam Payne",1971-11-11,"Sydney",NA,NA,175,"Scrum-Half"
"Q3470528","Sam Pinder","Sam Pinder",1979-02-15,"Taupō",NA,NA,185,"Scrum-Half"
"Q3470529","Sam Norton-Knight","Sam Norton-Knight",1983-12-02,"Canberra",NA,NA,188,"Fly-Half; Fullback; Centre; Winger"
"Q3470542","Sam Scott-Young","Sam Scott-Young",1967-04-17,"Townsville",NA,NA,191,"Number 8"
"Q3470553","Sam Strahan","Sam Strahan",1944-12-25,NA,2019-12-21,NA,NA,"2nd Row"
"Q3470564","Sam Tucker","Sam Tucker",1895-06-01,"Bristol",1973-01-04,"Bristol",NA,"Hooker"
"Q3470567","Sam Tuitupou","Sam Tuitupou",1982-02-01,"Auckland",NA,NA,176,"Centre"
"Q3470569","Sam Vesty","Sam Vesty",1981-11-26,"Coventry",NA,NA,183,"Centre; Fly-Half; Winger; Fullback"
"Q3470781","Sami Nasagavesi","Sami Rabaka",1969-04-19,"Nadi",NA,NA,182,"Scrum-Half"
"Q3470865","Samiu Vahafolau","Samiu Vahafolau",1978-04-24,"Ovaka",NA,NA,192,"Number 8; Flanker"
"Q3471075","Samuel Chinarro","Samuel Chinarro",1974-03-02,"Madrid",NA,NA,202,"2nd Row"
"Q3471190","Samuel Nouchi","Samuel Nouchi",1975-08-01,"Municipality of Monaco",NA,NA,202,"2nd Row"
"Q3471284","Samuele Pace","Samuele Pace",1980-01-20,"Ponte dell'Olio",NA,NA,185,"Centre; Winger"
"Q3471287","Samueli Naulu","Samueli Naulu",1982-02-05,"Nadi",2013-03-30,"Issigeac",191,"Winger"
"Q3472029","Sandro Esakia","Sandro Essakia",1975-07-01,NA,NA,NA,NA,"Prop"
"Q3472041","Sandro Vigliano","Sandro Vigliano",1909-07-26,"Turin",NA,NA,NA,"Flanker"
"Q3472094","Sandy Carmichael","Sandy Carmichael",1944-02-02,NA,2021-10-27,NA,NA,"Prop"
"Q3472139","Sanele Vavae Tuilagi","Sanele Vavae Tuilagi",1988-06-15,"Moto'otua",NA,NA,194,"Number 8"
"Q3472849","Santiago Artese","Santiago Artese",1979-08-28,"Buenos Aires",NA,NA,193,"2nd Row"
"Q3472858","Santiago Bottini","Santiago Bottini",1984-09-14,NA,NA,NA,NA,"Fly-Half"
"Q3472873","Santiago Fernández","Santiago Fernández",1985-11-28,"Buenos Aires",NA,NA,183,"Fly-Half; Centre"
"Q3472877","Santiago Guzmán","Santiago Guzmán",1989-01-11,"San Miguel de Tucumán",NA,NA,197,"2nd Row"
"Q3473595","Sarel Jacobus Louw","Sarel Jacobus Louw",1978-04-27,NA,NA,NA,NA,"Prop"
"Q3473875","Sateki Tuipulotu","Sateki Tuipulotu",1971-07-03,"Auckland",NA,NA,180,"Fullback"
"Q3474518","Savenaca Aria","Savenaca Aria",1964-04-30,"Nadi",2020-03-15,"Nadi",184,"Centre"
"Q3474804","Saïd Hireche","Saïd Hireche",1985-05-27,"Mantes-la-Jolie",NA,NA,183,"Flanker"
"Q3475287","Schalk Brits","Schalk Brits",1981-05-16,"Empangeni",NA,NA,182,"Hooker"
"Q3476181","Scott Bemand","Scott Bemand",1978-09-21,"Hereford",NA,NA,180,"Scrum-Half"
"Q3476188","Scott Bowen","Scott Bowen",1972-09-20,NA,NA,NA,178,"Fly-Half"
"Q3476212","Scott Fava","Scott Fava",1976-01-19,"Auburn; New South Wales",NA,NA,189,"Number 8; Flanker"
"Q3476214","Scott Franklin","Scott Franklin",1980-10-23,"Regina; Saskatchewan",NA,NA,188,"Prop"
"Q3476218","Scott Gibbs","Scott Gibbs",1971-01-23,NA,NA,NA,NA,"Centre"
"Q3476223","Scott Gray","Scott Gray",1978-02-25,"Harare",NA,NA,190,"Flanker"
"Q3476246","Scott LaValla","Scott LaValla",1988-07-04,"Olympia; Washington",NA,NA,197,"2nd Row; Flanker"
"Q3476251","Scott Lawson","Scott Lawson",1981-09-28,"Lanark",NA,NA,173,"Hooker"
"Q3476261","Scott MacLeod","Scott MacLeod",1979-03-03,"Hawick",NA,NA,198,"2nd Row"
"Q3476277","Scott Morgan","Scott Morgan",1978-10-17,"Neath",NA,NA,198,"2nd Row"
"Q3476297","Scott Robertson","Scott Robertson",1974-08-21,"Tauranga",NA,NA,190,"Number 8"
"Q3476309","Scott Spedding","Scott Spedding",1986-05-04,"Krugersdorp",NA,NA,188,"Fullback; Fly-Half"
"Q3476314","Scott Stewart","Scott Stewart",1969-01-16,"Vancouver",NA,NA,187,"Fullback"
"Q3476318","Scott Staniforth","Scott Staniforth",1977-12-12,"West Wyalong",NA,NA,188,"Winger; Centre; Fullback"
"Q3476338","Scott Zimmerman","Scott Zimmerman",1980-08-20,NA,NA,NA,185,"Prop"
"Q3476694","Sean-Michael Stephen","Sean-Michael Stephen",1982-10-27,NA,NA,NA,NA,"Number 8"
"Q3476709","Sean Cronin","Sean Cronin",1986-05-06,"Limerick",NA,NA,180,"Hooker"
"Q3476719","Sean Furter","Sean Furter",1977-01-09,NA,NA,NA,NA,"Number 8"
"Q3476732","Sean Hardman","Sean Hardman",1977-05-06,"Sydney",NA,NA,183,"Hooker"
"Q3476736","Sean Lineen","Sean Lineen",1961-12-25,"Auckland",NA,NA,NA,"Centre"
"Q3476744","Sean Maitland","Sean Maitland",1988-09-14,"Tokoroa",NA,NA,188,"Winger; Fullback"
"Q3476835","Seb Stegmann","Seb Stegmann",1989-04-12,"Isleworth",NA,NA,185,"Winger"
"Q3476884","Sebastián Salvat","Sebastian Salvat",1967-04-05,NA,NA,NA,NA,"Fullback"
"Q3477699","Sefulu Gaugau","Sefulu Gaugau",1979-07-07,NA,NA,NA,187,"Winger; Centre"
"Q3477909","Seilala Mapusua","Seilala Mapusua",1980-02-27,"Moto'otua",NA,NA,180,"Centre"
"Q3478056","Selborne Boome","Selborne Boome",1975-04-16,"Somerset West",NA,NA,198,"2nd Row; 3rd Row"
"Q3478230","Selwyn Biggs","Selwyn Biggs",1872-07-01,"Cardiff",1943-01-12,"Weston-super-Mare",NA,"Fly-Half"
"Q3478445","Semisi Naevo","Semisi Naevo",1976-05-03,"Nadi",NA,NA,197,"Flanker"
"Q3478446","Semisi Telefoni","Semisi Telefoni",1982-12-22,"Auckland",NA,NA,183,"Hooker; Prop"
"Q3478461","Semo Sititi","Semo Sititi",1974-03-06,"Moto'otua",NA,NA,187,"Flanker"
"Q3478532","Sene Ta'ala","Sene Ta'ala",1973-10-21,NA,NA,NA,NA,"2nd Row"
"Q3479111","Serafino Ghizzoni","Serafino Ghizzoni",1954-10-16,"L'Aquila",NA,NA,NA,"Winger; Fullback"
"Q3479112","Serafín Dengra","Serafín Dengra",1961-09-21,"Buenos Aires",NA,NA,NA,"Prop"
"Q3479139","Seremaia Bai","Seremaia Bai",1979-01-04,"Nausori",NA,NA,186,"Centre; Fly-Half"
"Q3479231","Serge Castiglioni","Serge Castiglioni",1935-01-12,"Pontacq",2011-04-28,"Brive-la-Gaillarde",NA,"Winger"
"Q3479285","Serge Doumayrou","Serge Doumayrou",1961-05-28,"Montpellier",NA,NA,193,"2nd Row"
"Q3479312","Serge Gabernet","Serge Gabernet",1955-02-06,"Montréjeau",NA,NA,186,"Fullback"
"Q3479351","Serge Huard","Serge Huard",1897-01-16,NA,1944-03-15,NA,NA,"2nd Row"
"Q3479402","Serge Lairle","Serge Laïrle",1956-12-03,"Toulouse",NA,NA,NA,"Prop; Hooker"
"Q3479452","Serge Milhas","Serge Milhas",1964-08-17,"Tarbes",NA,NA,170,"Scrum-Half"
"Q3479459","Serge Méricq","Serge Méricq",1937-05-16,"La Réole",2013-05-10,"Agen",183,"Winger"
"Q3479477","Serge Pasquier","Serge Pasquier",1950-08-21,NA,2022-10-20,NA,NA,"Prop"
"Q3479495","Serge Plantey","Serge Plantey",1940-02-14,NA,NA,NA,NA,"Winger"
"Q3479529","Serge Saulnier","Serge Saulnier",1915-01-14,NA,2003-03-09,NA,NA,NA
"Q3479538","Serge Simon","Serge Simon",1967-07-03,"Nice",NA,NA,187,"Prop"
"Q3479559","Serge Torreilles","Serge Torreilles",1931-12-31,NA,2001-04-05,NA,NA,"Winger"
"Q3479668","Sergio Lanfranchi","Sergio Lanfranchi",1925-09-28,NA,2000-01-22,NA,180,"Flanker"
"Q3479690","Sergio Souto Vidal","Sergio Souto Vidal",1976-11-04,NA,NA,NA,NA,"2nd Row"
"Q3479696","Sergio Valdés","Sergio Valdés",1978-09-17,"Santiago",NA,NA,194,"2nd Row"
"Q3479767","Sergej Sergeev","Sergueï Sergueïev",1966-11-10,"Moscow",NA,NA,200,"2nd Row"
"Q3480000","Seru Rabeni","Seru Rabeni",1978-12-27,"Nabouwalu",2016-03-15,"Nasaki",188,"Centre; Winger"
"Q3480630","Seta Tuilevuka","Seta Tuilevuka",1981-10-27,"Suva",NA,NA,183,"Centre; Winger"
"Q3480632","Setaimata Sa","Setaimata Sa",1987-09-14,NA,NA,NA,187,"Centre"
"Q3480667","Seti Filo","Seti Filo",1982-03-24,NA,NA,NA,194,"Flanker; Number 8"
"Q3480669","Seti Kiole","Seti Kiole",1980-06-07,"Tonga",NA,NA,198,"Winger"
"Q3480767","Seva Rokobaro","Seva Rokobaro",1978-10-02,"Suva",NA,NA,194,"Number 8"
"Q3480830","Severo Koroduadua Waqanibau","Severo Koroduadua",1960-12-22,"Kadavu Province",NA,NA,185,"Fullback"
"Q3481354","Shane Byrne","Shane Byrne",1971-07-10,"Aughrim; County Wicklow",NA,NA,178,"Hooker"
"Q3481360","Shane Geraghty","Shane Geraghty",1986-08-12,"Coventry",NA,NA,180,"Fly-Half; Centre; Fullback"
"Q3481366","Shane Howarth","Shane Howarth",1968-07-08,"Auckland",NA,NA,172,"Fullback"
"Q3481368","Shane Jennings","Shane Jennings",1981-07-08,"Dublin",NA,NA,185,"Flanker"
"Q3481439","Shannon Paku","Shannon Paku",1980-09-23,"Masterton",NA,NA,183,"Fullback; Centre; Winger"
"Q3481564","Shaun Berne","Shaun Berne",1979-01-08,"Sydney",NA,NA,178,"Fly-Half; Centre; Fullback"
"Q3481569","Shaun Hegarty","Shaun Hegarty",1984-03-01,NA,NA,NA,188,"Centre"
"Q3481576","Shaun Longstaff","Shaun Longstaff",1972-01-03,"Wellington",NA,NA,NA,"Winger"
"Q3481579","Shaun Payne","Shaun Payne",1972-02-22,"Cape Town",NA,NA,183,"Centre; Winger; Fullback"
"Q3481582","Shaun Sowerby","Shaun Sowerby",1978-07-01,"Vereeniging",NA,NA,195,"Number 8"
"Q3482463","Shontayne Hape","Shontayne Hape",1981-01-30,"Auckland",NA,NA,191,"Centre"
"Q3482545","Shota Horie","Shota Horie堀江翔太",1986-01-21,"Suita",NA,NA,180,"Hooker"
"Q3482883","Siaki Tukino","Siaki Tukino",1977-07-11,"Nukuʻalofa",NA,NA,195,"Number 8; Flanker; 2nd Row"
"Q3482885","Siale Piutau","Siale Piutau",1985-10-13,"Auckland",NA,NA,185,"Centre; Winger"
"Q3482905","Siaosi Vaili","Siaosi Vaili",1977-09-07,"Apia",NA,NA,196,"Flanker"
"Q3483324","Sidney Galopin","Sidney Galopin",1983-09-15,NA,NA,NA,178,"Centre"
"Q3483359","Sidonie Rakotoarisoa",NA,NA,NA,NA,NA,NA,NA
"Q3483785","Sila Va'enuku","Sila Va'enuku",1978-07-21,NA,NA,NA,180,"Fullback; Winger"
"Q3483791","Silao Leaega","Silao Leaega",1973-06-24,"Apia",NA,NA,180,"Fullback; Centre"
"Q3483792","Silao Vaisola-Sefo","Silao Vaisola Sefo",1979-01-15,"Lefaga",NA,NA,189,"Prop; Hooker"
"Q3483880","Sililo Martens","Sililo Martens",1977-04-27,"Auckland",NA,NA,180,"Scrum-Half"
"Q3483970","Silvano Tartaglini","Silvano Tartaglini",1923-01-06,"Rome",2016-10-03,"Italy",NA,"Fullback"
"Q3484067","Silvio Orlando","Silvio Orlando",1981-02-09,"Venice",NA,NA,189,"Flanker"
"Q3484071","Silviu Florea","Silviu Florea",1977-04-19,"Bucharest",NA,NA,182,"Tighthead Prop"
"Q3484075","Silvère Tian","Silvère Tian",1980-07-19,"Abidjan",NA,NA,174,"Winger"
"Q3484195","Simon Azoulai","Simon Azoulai",1980-06-15,"Périgueux",NA,NA,193,"Flanker"
"Q3484246","Simon Culhane","Simon Culhane",1968-03-10,"Invercargill",NA,NA,175,"Fly-Half"
"Q3484250","Simon Danielli","Simon Danielli",1979-09-08,"Edinburgh",NA,NA,194,"Winger"
"Q3484266","Simon Easterby","Simon Easterby",1975-07-21,"Harrogate",NA,NA,193,"Flanker"
"Q3484297","Simon Halliday","Simon Halliday",1960-07-13,NA,NA,NA,183,"Centre"
"Q3484300","Simon Hodgkinson","Simon Hodgkinson",1962-12-15,"Thornbury; Gloucestershire",NA,NA,NA,"Fullback"
"Q3484347","Simon Lemalu","Simon Lemalu",1981-01-23,NA,NA,NA,180,"Prop"
"Q3484359","Simon Maling","Simon Maling",1975-06-03,"Christchurch",NA,NA,198,"2nd Row"
"Q3484362","Simon Mannix","Simon James Mannix",1971-08-10,"Lower Hutt",NA,NA,181,"Fly-Half"
"Q3484383","Simon Michaux","Simon Michaux",1985-04-01,"Clermont-Ferrand",NA,NA,206,"2nd Row"
"Q3484392","Simon Mynott","Simon Mynott",1876-06-04,"Auckland",1924-01-02,"New Plymouth",170,"Fly-Half"
"Q3484417","Simon Picone","Simon Picone",1982-09-26,"Rome",NA,NA,180,"Scrum-Half"
"Q3484422","Simon Poidevin","Simon Poidevin",1958-10-31,"Goulburn",NA,NA,189,"Flanker"
"Q3484428","Simon Raiwalui","Simon Raiwalui",1974-09-08,"Auckland",NA,NA,200,"2nd Row"
"Q3484463","Simon Ternisien","Simon Ternisien",1987-04-01,"Saint-Palais; Pyrénées-Atlantiques",NA,NA,179,"Centre"
"Q3484858","Sinali Latu","Sinali Latu",1965-08-22,"Haʻapai",NA,NA,184,"Number 8; Flanker"
"Q3485047","Sinoti Sinoti","Sinoti Sinoti",1985-09-09,"Wellington",NA,NA,175,"Winger"
"Q3485103","Sioeli Nau","Sioeli Nau",1976-12-25,NA,NA,NA,175,"Scrum-Half"
"Q3485117","Sione Fonua","Sione Fonua",1982-08-19,NA,NA,NA,193,"Winger"
"Q3485120","Sione Piukala","Sione Piukala",1985-06-08,"Futu",NA,NA,182,"Centre"
"Q3485123","Sione Tu'amoheloa","Sione Tu'amoheloa",1980-08-20,"Nomuka",NA,NA,185,"Flanker"
"Q3485124","Sione Tu'ipulotu","Sione Tuipulotu",1976-11-28,"Haʻapai",NA,NA,183,"Scrum-Half; Centre; Fullback"
"Q3485246","Sireli Bobo","Sireli Bobo",1976-01-28,"Rakiraki",NA,NA,191,"Winger"
"Q3485537","Siu Lafaialii","Leo Lafaiali'i",1974-01-30,"Auckland",NA,NA,196,"2nd Row; Flanker"
"Q3486316","Skipper Badenhorst","Skipper Badenhorst",1978-12-01,"Oudtshoorn",NA,NA,184,"Hooker"
"Q3487208","Kenneth Svenson","Snowy Svenson",1898-12-06,"Toowoomba",1955-12-07,"Raglan; New Zealand",170,"Winger"
"Q3487291","Soane Toevalu","Soane Toevalu",1982-10-26,"France",NA,NA,192,"Flanker"
"Q3487294","Soane Tonga'uiha","Soane Tonga'uiha",1982-06-21,"Houma",NA,NA,191,"Prop"
"Q3488842","Sofiane Guitoune","Sofiane Guitoune",1989-03-27,"Algiers",NA,NA,184,"Winger; Fullback; Centre"
"Q3488863","Sofiene Chaari","Sofiène Chaâri",1962-07-31,NA,2011-08-22,"La Marsa",NA,NA
"Q3489527","Solly Tyibilika","Solly Tyibilika",1979-06-23,"Gqeberha",2011-11-13,"Nyanga; Western Cape",189,"Flanker"
"Q3490044","Sona Taumalolo","Sona Taumalolo",1981-11-13,"Tonga",NA,NA,185,"Prop"
"Q3490638","Sonny Falconetti","Sonny Falconetti",1990-01-31,"Ollioules",NA,NA,180,"Fullback; Winger"
"Q3490651","Sonny Parker","Sonny Parker",1977-08-27,"Thames; New Zealand",NA,NA,182,"Centre"
"Q3491217","Sorin Socol","Sorin Socol",1977-11-30,"Bucharest",NA,NA,195,"2nd Row"
"Q3491328","Sosene Anesi","Sosene Anesi",1981-06-03,"Apia",NA,NA,187,"Fullback; Winger"
"Q3491389","Sotele Puleoto","Sotele Puleoto",1967-10-30,"Nouméa",NA,NA,193,"Prop"
"Q3495444","Stack Stevens","Stack Stevens",1940-06-02,"Cornwall",2017-10-10,NA,NA,"Prop"
"Q3496500","Stan McKeen","Stan McKeen",1982-04-09,NA,NA,NA,NA,"Flanker"
"Q3496517","Stan Wright","Stan Wright",1978-09-29,"Rarotonga",NA,NA,187,"Prop"
"Q3496611","Standish Cagney","Standish Cagney",1900-06-29,NA,1962-05-09,NA,NA,"2nd Row"
"Q3496682","Stanislas Krzesinski","Stanislas Krzesinski",1976-02-13,NA,NA,NA,NA,"Flanker"
"Q3496829","Stanley Hodgson","Stanley Hodgson",1928-05-14,"Durham; England",2015-03-25,"Durham; England",NA,"Hooker"
"Q3497845","Ștefan Ciuntu","Ștefan Ciuntu",1986-04-10,"Galați",NA,NA,182,"Winger"
"Q3497885","Stefan Nel","Stefan Nel",1985-04-25,"Pretoria",NA,NA,188,"Prop"
"Q3497946","Stefano Bordon","Stefano Bordon",1968-02-02,"Rovigo",NA,NA,195,"Centre"
"Q3497992","Stefano Saviozzi","Stefano Saviozzi",1975-03-04,NA,NA,NA,185,"Hooker"
"Q3498028","Steffon Armitage","Steffon Armitage",1985-09-20,"San Fernando; Trinidad and Tobago",NA,NA,175,"Flanker; Number 8"
"Q3498108","Stelian Burcea","Stelian Burcea",1983-10-07,"Pitești",NA,NA,193,"Flanker; Number 8"
"Q3498430","Stephan Gerber","Stephan Gerber",1980-08-27,"Durban",NA,NA,195,"2nd Row; Flanker"
"Q3498438","Stephan Saint-Lary","Stephan Saint-Lary",1979-01-01,NA,NA,NA,NA,"Flanker"
"Q3498501","Stephen Bachop","Stephen Bachop",1966-04-02,"Christchurch",NA,NA,178,"Fly-Half; Centre"
"Q3498596","Stephen Keogh","Stephen Keogh",1982-05-10,"Limerick",NA,NA,193,"Number 8; Flanker; 2nd Row"
"Q3498621","Stephen Myler","Stephen Myler",1984-07-21,"Widnes",NA,NA,188,"Fly-Half; Centre; Fullback"
"Q3498851","Steve Bates","Steve Bates",1963-03-04,"Merthyr Tydfil",NA,NA,178,"Scrum-Half"
"Q3498860","Steve Booth","Steve Booth",1976-09-18,"Pontefract",2019-08-13,"Leicester",173,"Scrum-Half; Winger"
"Q3498867","Steve Brain","Steve Brain",1954-11-07,"Stafford",NA,NA,NA,"Hooker"
"Q3498878","Steve Casey","Steve Casey",1882-12-24,"Dunedin",1960-08-10,"Dunedin",168,"Hooker"
"Q3498896","Steve Cutler","Steve Cutler",1960-07-28,NA,NA,NA,200,"2nd Row"
"Q3498905","Steve Devine","Steve Devine",1976-12-12,"Boggabri",NA,NA,176,"Scrum-Half"
"Q3498924","Steve Fenwick","Steve Fenwick",1951-07-23,"Caerphilly",NA,NA,NA,"Centre"
"Q3498946","Steve Hanley","Steven Hanley",1979-06-11,"Whitehaven",NA,NA,193,"Winger"
"Q3498970","Steve Jones","Steve Jones",1977-04-20,"Neath",NA,NA,178,"Hooker"
"Q3499002","Steve Malonga","Steve Malonga",1985-04-01,"Le Plessis-Trévise",NA,NA,192,"Flanker"
"Q3499015","Steve McDowall","Steve McDowall",1961-08-27,"Rotorua",NA,NA,182,"Prop"
"Q3499024","Steve Meyer","Steve Meyer",1984-03-21,"Johannesburg",NA,NA,184,"Fly-Half"
"Q3499042","Steve Ojomoh","Steve Ojomoh",1970-05-25,"Benin City",NA,NA,191,"Number 8; Flanker"
"Q3499100","Steve Scott","Steve Scott",1974-07-26,"Galashiels",NA,NA,182,"Hooker"
"Q3499120","Steve Smith","Steve Smith",1951-07-22,NA,NA,NA,NA,"Scrum-Half"
"Q3499139","Steve Thompson","Steve Thompson",1978-07-15,"Hemel Hempstead",NA,NA,188,"Hooker"
"Q3499146","Steve Tuynman","Steve Tuynman",1963-05-30,NA,NA,NA,NA,"Number 8"
"Q3499177","Steven Bates","Steven Bates",1980-01-16,"Auckland",NA,NA,193,"Number 8"
"Q3499185","Steve Blackmore","Steven Blackmore",1962-03-03,NA,2020-05-07,NA,NA,"Prop"
"Q3499227","Steven Hall","Steven Hall",1972-09-17,"Johannesburg",NA,NA,198,"2nd Row; Number 8"
"Q3499261","Steven Pokere","Steven Pokere",1958-08-11,"Hāwera",NA,NA,170,"Centre"
"Q3499275","Steven So'oialo","Steven So'oialo",1977-05-11,"Apia",NA,NA,178,"Scrum-Half"
"Q3499281","Steven Sykes","Steven Sykes",1984-08-05,"Middleburg",NA,NA,198,"2nd Row"
"Q3499351","Steve Llewellyn","Stewart Llewellyn",1924-02-29,"Abertillery",2002-12-10,NA,NA,"Winger"
"Q3500765","Stu Ault","Stu Ault",1981-12-17,NA,NA,NA,NA,"2nd Row"
"Q3500777","Stuart Abbott","Stuart Abbott",1978-06-03,"Cape Town",NA,NA,183,"Centre"
"Q3500779","Stuart Barnes","Stuart Barnes",1962-11-22,"Grays; Essex",NA,NA,NA,"Fly-Half"
"Q3500801","Stuart Grimes","Stuart Grimes",1974-04-04,"Aberdeen",NA,NA,195,"2nd Row"
"Q3500807","Stuart Hogg","Stuart Hogg",1992-06-24,"Melrose; Scottish Borders",NA,NA,180,"Fullback; Fly-Half"
"Q3500808","Stuart Hooper","Stuart Hooper",1981-11-18,"Exeter",NA,NA,198,"2nd Row"
"Q3500814","Stuart Legg","Stuart Legg",1975-09-27,"Solihull",NA,NA,185,"Winger"
"Q3500816","Stuart Lane","Stuart Lane",1952-11-12,"Tredegar",NA,NA,183,"Flanker"
"Q3500821","Stuart Moffat","Stuart Moffat",1977-08-18,"Edinburgh",NA,NA,190,"Fullback"
"Q3500841","Stuart Turner","Stuart Turner",1972-04-22,"Southport",NA,NA,182,"Prop"
"Q3500845","Stuart Watkins","Stuart Watkins",1941-06-05,"Newport; Wales",NA,NA,188,"Winger"
"Q3501537","Stéphan Vitalla","Stéphan Vitalla",1984-03-23,"Oloron-Sainte-Marie",NA,NA,180,"Hooker"
"Q3501569","Stéphane Aussel","Stéphane Aussel",1972-11-10,NA,NA,NA,NA,"Centre"
"Q3501604","Stéphane Bohn","Stéphane Bohn",1976-08-16,NA,NA,NA,190,"3rd Row"
"Q3501615","Stéphane Borel","Stéphane Borel",1976-01-21,NA,NA,NA,180,"Scrum-Half"
"Q3501664","Stéphane Castaignède","Stéphane Castaignède",1969-09-30,"Mont-de-Marsan",NA,NA,172,"Scrum-Half"
"Q3501669","Stéphane Clément","Stéphane Clément",1987-09-03,"Annemasse",NA,NA,182,"Prop"
"Q3501713","Stéphane Delpuech","Stéphane Delpuech",1974-04-27,"Saint-Affrique",NA,NA,177,"Prop"
"Q3501772","Stéphane Geraci","Stéphane Géraci",1966-08-03,NA,NA,NA,196,"Number 8; Flanker"
"Q3501792","Stéphane Glas","Stéphane Glas",1973-11-12,"Bourgoin-Jallieu",NA,NA,177,"Centre"
"Q3501802","Stéphane Graou","Stéphane Graou",1966-05-01,"Auch",NA,NA,178,"Prop"
"Q3501913","Stéphane Logerot","Sébastien Logerot",1982-01-06,NA,NA,NA,176,"Winger"
"Q3501989","Stéphane Ougier","Stéphane Ougier",1967-10-05,"Toulouse",NA,NA,190,"Fullback"
"Q3502023","Stéphane Prosper","Stéphane Prosper",1971-03-11,"Fumel",NA,NA,181,"Fly-Half"
"Q3502131","Stéphane Weller","Stéphane Weller",1966-06-13,"Juvisy-sur-Orge",NA,NA,180,"Winger"
"Q3502138","Stéphane de Bésombes","Stéphane de Bésombes",1972-01-02,"Perpignan",NA,NA,181,"Prop"
"Q3503362","Suka Hufanga","Suka Hufanga",1982-06-18,"Hourna",NA,NA,180,"Centre; Winger"
"Q3506791","Syd Nomis","Syd Nomis",1941-11-15,"Johannesburg",2018-06-16,"Johannesburg",175,"Winger; Centre"
"Q3506814","Sydney Edouard","Sydney Edouard",1985-03-31,NA,NA,NA,NA,"Winger"
"Q3506924","Sylvain Bes","Sylvain Bès",1911-07-02,"Belfort-sur-Rebenty",2004-03-19,"Toulouse",NA,"Scrum-Half; Centre"
"Q3506944","Sylvain Bégon","Sylvain Bégon",1972-01-19,"Bourg-en-Bresse",NA,NA,182,"Hooker"
"Q3506950","Sylvain Changeat","Sylvain Changeat",1984-08-14,"Cannes",NA,NA,189,"2nd Row"
"Q3506953","Sylvain Charlet","Sylvain Charlet",1985-08-22,"Marseille",NA,NA,182,"Prop"
"Q3506972","Sylvain Deroeux","Sylvain Deroeux",1972-03-31,"Paris",NA,NA,182,"Flanker"
"Q3506978","Sylvain Dispagne","Sylvain Dispagne",1968-02-08,"Saint-Girons; Ariège",NA,NA,NA,"Number 8"
"Q3506994","Sylvain Dupuy","Sylvain Dupuy",1982-06-22,"Albi",NA,NA,174,"Scrum-Half"
"Q3507027","Sylvain Jonnet","Sylvain Jonnet",1979-01-26,"Paris",NA,NA,177,"Winger; Fullback"
"Q3507068","Sylvain Martin","Sylvain Martin",1979-08-31,NA,NA,NA,NA,"Prop"
"Q3507080","Sylvain Meyer","Sylvain Meyer",1934-06-01,"Strasbourg",2015-05-06,"Toulon",195,"Flanker"
"Q3507084","Sylvain Mirande","Sylvain Mirande",1984-06-30,"Cognac; France",NA,NA,184,"Centre; Winger"
"Q3507096","Sylvain Nicolas","Sylvain Nicolas",1987-06-21,"Bourgoin-Jallieu",NA,NA,188,"Flanker"
"Q3507100","Sylvain Pages","Sylvain Pages",1988-07-22,NA,NA,NA,184,"Hooker"
"Q3509958","Sébastien Bertrank","Sébastien Bertrank",1970-03-20,"Clermont-Ferrand",NA,NA,180,"Fly-Half; Winger; Fullback"
"Q3509963","Sébastien Bisciglia","Sébastien Bisciglia",1984-05-28,"La Seyne-sur-Mer",NA,NA,173,"Hooker"
"Q3509965","Sébastien Bonetti","Sébastien Bonetti",1977-09-22,"Bergerac; Dordogne",NA,NA,185,"Centre; Fullback"
"Q3509969","Sébastien Bortolucci","Sébastien Bortolucci",1982-06-18,"Auch",NA,NA,178,"Hooker"
"Q3509973","Sébastien Bouillot","Sébastien Bouillot",1982-02-24,"Villefranche-sur-Saône",NA,NA,181,"Fly-Half"
"Q3509977","Sébastien Bria","Sébastien Bria",1973-01-18,NA,NA,NA,NA,"Prop"
"Q3509980","Sébastien Bruère","Sébastien Bruère",1982-09-11,NA,NA,NA,NA,NA
"Q3509982","Sébastien Buada","Sébastien Buada",1977-04-30,"Narbonne",NA,NA,175,"Scrum-Half"
"Q3509985","Sébastien Bruno","Sébastien Bruno",1974-08-26,"Nîmes",NA,NA,174,"Hooker"
"Q3509986","Sébastien Bézy","Sébastien Bézy",1991-11-22,NA,NA,NA,174,"Scrum-Half; Fly-Half"
"Q3509990","Sébastien Carrat","Sébastien Carrat",1974-05-20,"Nègrepelisse",NA,NA,175,"Winger"
"Q3509997","Sébastien Caujolle","Sébastien Caujolle",1979-02-28,"Colmar",NA,NA,188,"Winger"
"Q3510010","Sébastien Chobet","Sébastien Chobet",1981-01-09,"Narbonne",NA,NA,180,"Prop"
"Q3510041","Sébastien Descons","Sébastien Descons",1983-05-13,"Saverdun",NA,NA,173,"Scrum-Half; Fly-Half"
"Q3510067","Sébastien Fauqué","Sébastien Fauqué",1977-03-06,NA,NA,NA,180,"Fly-Half"
"Q3510088","Sébastien Galtier","Sébastien Galtier",1973-03-02,NA,NA,NA,NA,"Flanker"
"Q3510138","Sébastien Inigo","Sébastien Inigo",1984-09-29,NA,NA,NA,173,"Scrum-Half"
"Q3510158","Sébastien Kuzbik","Sébastien Kuzbik",1978-04-01,"Le Creusot",NA,NA,188,"Winger"
"Q3510167","Sébastien Laloo","Sébastien Laloo",1978-11-08,"Pau; Pyrénées-Atlantiques",NA,NA,187,"Fly-Half; Fullback"
"Q3510205","Sébastien Loubsens","Sébastien Loubsens",1973-02-15,NA,NA,NA,NA,"Centre"
"Q3510221","Sébastien Mercier","Sébastien Mercier",1984-09-26,NA,NA,NA,NA,"Centre"
"Q3510245","Sébastien Ormaechea","Sébastien Ormaechea",1983-07-01,NA,NA,NA,178,"Prop"
"Q3510247","Sébastien Pagès","Sébastien Pagès",1976-12-28,"Alès",NA,NA,175,"Scrum-Half"
"Q3510252","Sébastien Petit","Sébastien Petit",1978-07-15,"Courbevoie",NA,NA,187,"Prop"
"Q3510254","Sébastien Pettigiani","Sébastien Pettigiani",1981-06-16,"Tarbes",NA,NA,198,"2nd Row"
"Q3510278","Sébastien Regy","Sébastien Regy",1986-03-27,"Narbonne",NA,NA,179,"Fullback; Winger; Centre"
"Q3510299","Sébastien Roque","Sébastien Roque",1976-01-31,NA,NA,NA,180,"Centre"
"Q3510306","Sébastien Rouet","Sébastien Rouet",1985-02-19,"Bayonne",NA,NA,171,"Scrum-Half"
"Q3510327","Sébastien Taofifénua","Sébastien Taofifénua",1992-03-21,"Mont-de-Marsan",NA,NA,178,"Prop"
"Q3510331","Sébastien Torresin","Sébastien Torresin",1987-03-28,"Limoges",NA,NA,192,"Flanker"
"Q3510337","Sébastien Tillous-Borde","Sébastien Tillous-Borde",1985-04-29,"Oloron-Sainte-Marie",NA,NA,176,"Scrum-Half"
"Q3510346","Sébastien Vahaamahina","Sébastien Vahaamahina",1991-10-21,"Nouméa",NA,NA,202,"2nd Row"
"Q3510351","Sébastien Viars","Sébastien Viars",1971-06-24,"Aurillac",NA,NA,185,"Winger; Fullback"
"Q3511453","Séverin Prats","Séverin Prats",1985-03-19,NA,NA,NA,NA,"Fullback"
"Q3513952","Tai McIsaac","Tai McIsaac",1975-03-19,"Brisbane",NA,NA,178,"Hooker"
"Q3514043","Taine Randell","Taine Randell",1974-11-05,"Hastings; New Zealand",NA,NA,188,"Flanker; Number 8"
"Q3514313","Takeomi Ito","Takeomi Ito伊藤剛臣",1971-04-11,"Tokyo",NA,NA,185,"Flanker; Number 8"
"Q3514378","Taku Inoguchi","Taku Inokuchi",1982-10-05,"Tokyo",NA,NA,175,"Prop; Hooker"
"Q3514395","Takuro Miuchi","Takuro Miuchi箕内 拓郎",1975-12-11,"Kitakyushu",NA,NA,188,"Number 8"
"Q3514698","Tamato Leupolu","Tamato Leupolu",1980-12-07,"Auckland",NA,NA,185,"Tighthead Prop"
"Q3515029","Tane Tu'ipulotu","Tane Tu'ipulotu",1981-02-07,"Tongatapu",NA,NA,188,"Centre"
"Q3515030","Tane Norton","Tane Norton",1942-03-30,"Waikari",2023-08-04,"Christchurch",183,"Hooker"
"Q3515163","Tani Fuga","Tani Fuga",1973-07-14,"Apia",NA,NA,180,"Hooker"
"Q3515193","Taniela Rawaqa","Taniela Rawaqa",1986-04-30,"Lautoka",NA,NA,178,"Winger; Fullback"
"Q3515236","Tanner Vili","Tanner Vili",1976-05-13,"Auckland",NA,NA,173,"Fly-Half; Fullback"
"Q3515387","Tao Tapasu","Tau Tapasu",1972-12-25,NA,NA,NA,193,"2nd Row"
"Q3516136","Taufa'ao Filise","Taufa'ao Filise",1977-05-26,"Malapo",NA,NA,188,"Prop"
"Q3516500","Taylor Paris","Taylor Paris",1992-10-06,"Barrie",NA,NA,180,"Winger"
"Q3517042","Ted Omondi","Ted Omondi",1984-03-05,NA,NA,NA,185,"Flanker"
"Q3517057","Ted Woodward","Ted Woodward",1931-04-17,"High Wycombe",2017-01-16,"Harefield",NA,"Winger; Number 8"
"Q3517078","Teddy Iribaren","Teddy Iribaren",1990-09-25,"Toulouse",NA,NA,170,"Scrum-Half"
"Q3517099","Tedo Zibzibadze","Tedo Zibzibadze",1980-08-06,"Kutaisi",NA,NA,191,"Centre"
"Q3517924","Temur Sokhadze","Temur Sokhadze",1985-05-25,NA,NA,NA,180,"Fullback"
"Q3518104","Tennant Sloan","Tennant Sloan",1884-11-09,"Glasgow",1972-10-15,"Edinburgh",NA,"Winger"
"Q3518885","Terry Bouhraoua","Terry Bouhraoua",1987-08-29,"Châteaudun",NA,NA,165,"Scrum-Half"
"Q3518894","Terry Cobner","Terry Cobner",1946-01-10,NA,NA,NA,NA,"Flanker"
"Q3518897","Terry Fanolua","Terry Fanolua",1974-07-03,"Moto'otua",NA,NA,183,"Centre"
"Q3518904","Terry Holmes","Terry Holmes",1957-03-10,NA,NA,NA,NA,"Scrum-Half"
"Q3518906","Terry Kingston","Terry Kingston",1963-09-19,NA,NA,NA,178,"Hooker"
"Q3518922","Terry Price","Terry Price",1945-07-16,"Hendy",1993-04-07,"Bicester",NA,"Fullback"
"Q3518949","Tertius Losper","Tertius Losper",1985-11-22,"Windhoek",NA,NA,188,"Fullback; Fly-Half"
"Q3519290","Tevita Taumoepeau","Tevita Taumoepeau",1974-05-16,"Tonga",NA,NA,183,"Prop"
"Q3519294","Tevita Tu'ifua","Tevita Tu'ifua",1975-10-15,"Nomuka",NA,NA,183,"Winger; Centre"
"Q3523641","Theo Harding","Theo Harding",1860-05-27,"Rusholme",1919-07-13,"Newport; Wales",NA,"Forward"
"Q3523902","Harold Caccia, Baron Caccia","Harold Caccia",1905-12-21,NA,1990-10-31,NA,NA,NA
"Q3523958","Theuns Stofberg","Theuns Stofberg",1955-06-06,NA,2023-08-23,NA,NA,"Flanker"
"Q3524008","Thibault Algret","Thibault Algret",1975-03-08,"Cosne-Cours-sur-Loire",NA,NA,180,"Hooker"
"Q3524021","Thibault Dubarry","Thibault Dubarry",1987-11-24,"Chartres",NA,NA,198,"2nd Row; Flanker"
"Q3524022","Thibault Duvallet","Thibault Duvallet",1986-05-27,"Orléans",NA,NA,182,"Fly-Half; Fullback"
"Q3524030","Thibault Lacroix","Thibault Lacroix",1985-05-14,"Niort",NA,NA,193,"Centre"
"Q3524034","Thibault Lassalle","Thibault Lassalle",1987-08-22,"Oloron-Sainte-Marie",NA,NA,202,"2nd Row"
"Q3524067","Thibaut Privat","Thibaut Privat",1979-02-06,"Nîmes",NA,NA,200,"2nd Row"
"Q3524135","Thierry Berhabé","Thierry Berhabé",1982-06-20,NA,NA,NA,NA,"Prop"
"Q3524155","Thierry Brana","Thierry Brana",1986-08-28,"Dax; Landes",NA,NA,178,"Winger"
"Q3524182","Thierry Cléda","Thierry Cléda",1971-01-12,"Soissons",NA,NA,190,"2nd Row"
"Q3524230","Thierry Devergie","Thierry Devergie",1966-07-27,"Marseille",NA,NA,198,"2nd Row; Number 8"
"Q3524336","Thierry Janeczek","Thierry Janeczek",1959-08-06,"Sig; Algeria",NA,NA,190,"Flanker"
"Q3524352","Thierry Labrousse","Thierry Labrousse",1970-05-04,"Périgueux",NA,NA,193,"Number 8"
"Q3524357","Thierry Lacrampe","Thierry Lacrampe",1988-02-23,"Lourdes",NA,NA,177,"Scrum-Half"
"Q3524393","Thierry Louvet","Thierry Louvet",1962-10-05,NA,NA,NA,NA,"Flanker"
"Q3524423","Thierry Mentières","Thierry Mentières",1969-10-17,NA,NA,NA,NA,"2nd Row"
"Q3524424","Thierry Merlos","Thierry Merlos",NA,"Lavelanet",NA,NA,NA,"Centre"
"Q3524474","Thierry Picard","Thierry Picard",1956-11-10,"Saint-Sauves-d'Auvergne",NA,NA,193,"2nd Row; Number 8; Flanker"
"Q3524496","Thierry Ruet","Thierry Ruet",1966-03-11,"Orléans",NA,NA,180,"Fullback; Fly-Half"
"Q3524507","Thierry Savio","Thierry Savio",1963-03-02,"Toulouse",NA,NA,175,"Hooker"
"Q3524537","Thierry Teixeira","Thierry Teixeira",1971-06-01,NA,NA,NA,184,"Fly-Half"
"Q3524808","Thom Evans","Thom Evans",1985-04-02,"Harare",NA,NA,183,"Fullback; Winger"
"Q3524864","Thomas Aniès","Thomas Aniès",1986-03-27,"Perpignan",NA,NA,184,"Centre"
"Q3524889","Thomas Bastellica","Thomas Bastellica",1984-03-20,NA,NA,NA,NA,"Centre"
"Q3524913","Thomas Bianchin","Thomas Bianchin",1987-08-11,"Albertville",NA,NA,183,"Hooker"
"Q3524934","Thomas Bouquié","Thomas Bouquié",1984-01-19,NA,NA,NA,186,"Fullback"
"Q3524979","Thomas Castaignède","Thomas Castaignède",1975-01-21,"Mont-de-Marsan",NA,NA,175,"Fullback; Centre; Fly-Half"
"Q3524989","Thomas Choveau","Thomas Choveau",1979-02-23,"Lyon",NA,NA,190,"Flanker"
"Q3525028","Tom David","Tommy David",1948-04-02,NA,NA,NA,NA,"Flanker"
"Q3525050","Thomas Dhalluin","Thomas Dhalluin",1985-04-06,NA,NA,NA,NA,NA
"Q3525121","Thomas Fournil","Thomas Fournil",1987-01-30,"Narbonne",NA,NA,180,"Fly-Half"
"Q3525149","Thomas Genevois","Thomas Genevois",1983-04-23,"Le Creusot",NA,NA,189,"Flanker; Number 8"
"Q3525170","Tom Graham","Thomas Graham",1866-11-02,"Newcastle upon Tyne",1945-12-01,"Cardiff",NA,"Forward"
"Q3525255","Thomas Pryce-Jenkins","Thomas Jenkins-Price",1864-02-01,"Carmarthen",1922-08-06,"London",NA,"Three-Quarter"
"Q3525277","Thomas Judson","Thomas Judson",1857-07-09,"Ashton-under-Lyne",1908-09-04,"Southport",NA,"Forward"
"Q3525311","Thomas Lasserre","Thomas Lasserre",1979-04-01,NA,NA,NA,NA,"Flanker"
"Q3525361","Thomas Lode","Thomas Lode",1981-05-13,NA,NA,NA,177,"Centre; Winger"
"Q3525363","Thomas Lièvremont","Thomas Lièvremont",1973-11-06,"Perpignan",NA,NA,188,"Number 8"
"Q3525365","Thomas Lombard","Thomas Lombard",1975-06-05,"Le Chesnay",NA,NA,189,"Centre; Winger"
"Q3525387","Thomas Mantérola","Thomas Mantérola",1927-12-19,NA,2013-09-20,NA,NA,"Number 8"
"Q3525469","Tom Pearson","Thomas Pearson",1872-05-10,"Mumbai",1957-09-12,"Newport; Wales",NA,"Winger"
"Q3525479","Thomas Pieter Loftus","Thomas Loftus",1986-05-21,"Bloemfontein",NA,NA,188,"Centre; Winger"
"Q3525484","Thomas Poitrenaud","Thomas Poitrenaud",1988-07-28,NA,NA,NA,186,"Fullback"
"Q3525485","Thomas Pochelu","Thomas Pochelu",1983-07-17,NA,NA,NA,NA,"Fly-Half"
"Q3525517","T. Rhys Thomas","Thomas Rhys Thomas",1982-04-23,"Abercynon",NA,NA,183,"Hooker"
"Q3525544","Thomas Sanchou","Thomas Sanchou",1981-10-23,"Pau; Pyrénées-Atlantiques",NA,NA,170,"Centre; Scrum-Half"
"Q3525582","Thomas Soucaze","Thomas Soucaze",1982-06-06,"Tarbes",NA,NA,191,"3rd Row"
"Q3525583","Thomas Sourice","Thomas Sourice",1984-02-10,"Tours",NA,NA,183,"Flanker"
"Q3525604","Thomas Synaeghel","Thomas Synaeghel",1987-04-26,NA,NA,NA,187,"Prop"
"Q3525616","Thomas Trautmann","Thomas Trautmann",1985-07-16,"Vienne; Isère",NA,NA,185,"Fly-Half; Centre"
"Q3525629","Thomas Vervoort","Thomas Vervoort",1987-04-01,"Rognac",NA,NA,204,"2nd Row"
"Q3525648","Thomas Waldrom","Thomas Waldrom",1983-04-28,"Lower Hutt",NA,NA,185,"Number 8"
"Q3525666","Thomas Whitford","Thomas Whitford",1971-09-15,NA,NA,NA,NA,"Centre"
"Q3525959","Thretton Palamo","Thretton Palamo",1988-09-22,"Woodland; California",NA,NA,191,"Centre"
"Q3526305","Théo Cazenave","Théo Cazenave",1919-01-09,NA,2014-01-03,NA,NA,"Scrum-Half"
"Q3526507","Théodore Varvier","Théodore Varvier",1884-04-29,"4th arrondissement of Lyon",1913-08-25,"4th arrondissement of Lyon",NA,"Fly-Half; Centre; Fullback"
"Q3526638","Théophile Cambre","Théophile Cambre",1894-03-24,"Bordeaux",1954-07-16,"Peyrehorade",NA,"Fullback"
"Q3527961","Ti’i Paulo","Ti'i Paulo",1983-01-13,"Christchurch",NA,NA,183,"Hooker"
"Q3528579","Tim Barker","Tim Barker",1981-06-19,NA,NA,NA,196,"2nd Row"
"Q3528591","Tim Bowker","Tim Bowker",1976-09-11,"Kadoma; Zimbabwe",NA,NA,192,"Centre; Winger"
"Q3528613","Tim Cowley","Tim Cowley",1978-02-12,"Tokoroa",NA,NA,185,"Flanker; Number 8"
"Q3528624","Tim Donnelly","Tim Donnelly",1980-06-12,"Sydney",NA,NA,170,"Fly-Half"
"Q3528646","Tim Horan","Tim Horan",1970-05-18,"Darlinghurst",NA,NA,183,"Centre"
"Q3528651","Tim Kelaher","Tim Kelaher",1970-07-24,"Gosford",NA,NA,185,"Fullback"
"Q3528659","Tim Lane","Tim Lane",1959-11-24,"Coonabarabran",NA,NA,178,"Centre; Fly-Half"
"Q3528684","Tim Rodber","Tim Rodber",1969-07-02,"Richmond; North Yorkshire",NA,NA,198,"3rd Row"
"Q3528685","Tim Ryan","Tim Ryan",1984-06-06,"Cork (city)",NA,NA,189,"Prop"
"Q3528697","Tim Stimpson","Tim Stimpson",1973-09-10,"Liverpool",NA,NA,191,"Fullback; Winger"
"Q3528706","Tim Wallace","Tim Wallace",1969-03-29,"Sydney",NA,NA,178,"Fly-Half"
"Q3528719","Timana Tahu","Timana Tahu",1980-10-16,"Melbourne",NA,NA,185,"Winger; Centre"
"Q3529025","Timoci Nagusa","Timoci Nagusa",1987-07-14,"Nadi",NA,NA,183,"Winger"
"Q3529026","Timoci Matanavou","Timoci Matanavou",1984-07-08,"Lautoka",NA,NA,184,"Winger"
"Q3529238","Tinus Van Rensburg","Tinus Van Rensburg",1982-01-06,"Cape Town",NA,NA,186,"Centre"
"Q3529239","Tinus du Plessis","Tinus du Plessis",1984-05-20,"Windhoek",NA,NA,190,"Number 8; Flanker"
"Q3529242","Tiny Naude","Tiny Naude",1936-11-02,"Warrenton",2006-12-28,"Somerset West",194,"2nd Row"
"Q3529589","Tito Tebaldi","Tito Tebaldi",1987-09-20,"Parma",NA,NA,180,"Scrum-Half"
"Q3530245","Todd Blackadder","Todd Blackadder",1971-09-20,"Rangiora",NA,NA,190,"2nd Row"
"Q3530661","Tom Bowman","Tom Bowman",1976-07-13,"Tamworth; New South Wales",NA,NA,200,"2nd Row"
"Q3530666","Tom Broadley","Tom Broadley",1871-08-18,"Bingley",1950-11-26,"Bradford",NA,"Forward"
"Q3530696","Tom Court","Tom Court",1980-11-06,"Brisbane",NA,NA,191,"Prop"
"Q3530701","Thomas Crean","Tom Crean",1873-04-19,"Dublin",1923-03-25,NA,NA,"Forward"
"Q3530718","Tom Evans","Tom Evans",1882-12-31,"Ammanford",1955-03-19,"Llanelli",NA,"Flanker"
"Q3530726","Tom French","Tom French",1983-11-27,"Hillingdon",NA,NA,182,"Prop"
"Q3530733","Tom Grace","Tom Grace",1948-10-24,NA,NA,NA,NA,"Winger"
"Q3530744","Tom Hewitt","Tom Hewitt",1905-03-12,NA,1991-07-01,"Belfast",NA,NA
"Q3530773","Tom Lawton","Tom Lawton",1962-11-27,NA,NA,NA,185,"Hooker"
"Q3530790","Tom May","Tom May",1979-02-05,"London",NA,NA,175,"Centre; Fly-Half; Winger; Fullback"
"Q3530800","Tom Mercey","Tom Mercey",1987-06-15,"Lewisham",NA,NA,180,"Tighthead Prop"
"Q3530807","Tom Morgan","Tom Morgan",1866-11-14,"Llannon",1899-03-29,"Bridgend",NA,"Centre"
"Q3530833","Tom Palmer","Tom Palmer",1979-03-27,"London Borough of Haringey",NA,NA,198,"2nd Row"
"Q3530852","Tom Prydie","Tom Prydie",1992-02-23,"Porthcawl",NA,NA,193,"Fullback; Winger"
"Q3530858","Tom Rees","Tom Rees",1984-09-11,"London",NA,NA,184,"Flanker"
"Q3530869","Tom Ryder","Tom Ryder",1985-02-23,"Nottingham",NA,NA,196,"2nd Row"
"Q3530903","Tom Tierney","Tom Tierney",1976-09-01,"Limerick",2023-02-24,NA,180,"Scrum-Half"
"Q3530908","Tom Varndell","Tom Varndell",1985-09-16,"Ashford; Kent",NA,NA,188,"Winger"
"Q3530910","Tom Voyce","Tom Voyce",1981-01-05,"Truro",2024-12-08,"Alnwick",183,"Winger; Fullback"
"Q3530926","Tom Williams","Tom Williams",1859-10-09,"Llwynypia",1913-02-04,"Llwynypia",NA,"Forward"
"Q3530931","Tom Wood","Tom Wood",1986-11-03,"Coventry",NA,NA,195,"Flanker"
"Q3530945","Tom van Vollenhoven","Tom van Vollenhoven",1935-04-29,"Bethlehem; South Africa",2017-10-21,"Springs; South Africa",NA,"Winger"
"Q3530987","Tomasz Putra","Tomasz Putra",1962-06-08,"Olecko",NA,NA,NA,NA
"Q3531012","Tomaz Morais","Tomaz Morais",1970-04-06,NA,NA,NA,NA,"Centre"
"Q3531257","Tommaso D'Apice","Tommaso D'Apice",1988-06-30,"Benevento",NA,NA,183,"Hooker"
"Q3531270","Tommaso Reato","Tommaso Reato",1984-05-12,"Rovigo",NA,NA,193,"2nd Row"
"Q3531274","Tommaso Visentin","Tommaso Visentin",1974-03-30,"Treviso",NA,NA,180,"Centre"
"Q3531304","Tommy Bedford","Tommy Bedford",1942-02-08,"Bloemfontein",NA,NA,NA,"Flanker; Number 8"
"Q3531312","Tom Dorward","Tommy Dorward",1916-03-27,"Galashiels",1941-03-05,"Galashiels",NA,"Scrum-Half"
"Q3531318","Tommy Gentles","Tommy Gentles",1934-04-30,"Johannesburg",2011-06-29,"Johannesburg",161,"Scrum-Half"
"Q3531451","Tomás Vallejos Cinalli","Tomás Vallejos Cinalli",1984-10-16,"Rosario",NA,NA,196,"2nd Row"
"Q3531455","Tomás de Vedia","Tomás de Vedia",1982-05-31,"Buenos Aires",NA,NA,188,"Winger"
"Q3531523","Tonderai Chavhanga","Tonderai Chavhanga",1983-12-24,"Masvingo",NA,NA,184,"Winger"
"Q3531533","Tone Kopelani","Tone Kopelani",1978-04-22,"Auckland",NA,NA,180,"Hooker"
"Q3531544","Tonga Lea'aetoa","Tonga Lea'aetoa",1977-03-04,"Auckland",NA,NA,183,"Prop"
"Q3531701","Tony Brown","Tony Brown",1975-01-17,"Balclutha; New Zealand",NA,NA,177,"Fly-Half"
"Q3531703","Tony Buckley","Tony Buckley",1980-10-08,"Cork (city)",NA,NA,196,"Prop"
"Q3531720","Tony Clement","Tony Clement",1967-02-08,"Morriston",NA,NA,175,"Fullback"
"Q3531751","Tony Diprose","Tony Diprose",1972-09-22,NA,NA,NA,196,"Number 8"
"Q3531758","Tony Ensor","Tony Ensor",1949-08-17,NA,NA,NA,NA,"Fullback"
"Q3531845","Tony Neary","Tony Neary",1948-11-25,NA,NA,NA,NA,"Flanker"
"Q3531900","Tony Stanger","Tony Stanger",1968-05-14,"Hawick",NA,NA,188,"Winger; Centre"
"Q3531902","Tony Swift","Tony Swift",1959-05-24,NA,NA,NA,NA,"Winger"
"Q3531908","Tony Testa","Tony Testa",1980-07-18,"Grenoble",NA,NA,188,"Hooker"
"Q3531920","Tony Underwood","Tony Underwood",1969-02-17,"Ipoh",NA,NA,175,"Winger"
"Q3531929","Tony Ward","Tony Ward",1954-10-08,"Dublin",NA,NA,183,"Fly-Half"
"Q3532170","Topsy Ojo","Topsy Ojo",1985-07-28,"Tottenham",NA,NA,183,"Winger"
"Q3532646","Toshiyuki Hayashi","Toshiyuki Hayashi林敏之",1960-02-08,"Tokushima (city)",NA,NA,184,"2nd Row; Prop"
"Q3533201","Alastair Hignell","Alastair Hignell",1955-09-04,NA,NA,NA,NA,"Fullback"
"Q3538318","Trefor Evans","Trefor Evans",1947-11-26,NA,NA,NA,NA,"Flanker"
"Q3538553","Trevor Allan","Trevor Allan",1926-09-26,NA,2007-01-27,NA,NA,"Centre"
"Q3538563","Trevor Brennan","Trevor Brennan",1973-09-22,"Leixlip",NA,NA,195,"2nd Row; Flanker"
"Q3538565","Trevor Brewer","Trevor Brewer",1930-08-16,"Newport; Wales",2018-07-15,"Reading; Berkshire",NA,"Centre; Winger"
"Q3538582","Trevor Halstead","Trevor Halstead",1976-06-17,"Margate",NA,NA,186,"Centre"
"Q3538586","Trevor Hogan","Trevor Hogan",1979-09-23,"Nenagh",NA,NA,198,"2nd Row"
"Q3538604","Trevor Ringland","Trevor Ringland",1959-11-13,NA,NA,NA,NA,"Winger"
"Q3538616","Trevor Woodman","Trevor Woodman",1976-08-04,"Plymouth",NA,NA,183,"Prop"
"Q3541024","Troy Flavell","Troy Flavell",1976-11-04,"Ōtāhuhu",NA,NA,195,"2nd Row; Flanker"
"Q3541025","Troy Jaques","Troy Jaques",1972-03-11,"Newcastle; New South Wales",NA,NA,193,"2nd Row; Flanker"
"Q3546023","Tyler Hotson","Tyler Hotson",1985-05-30,"Vancouver",NA,NA,196,"2nd Row"
"Q3546366","Tyrone Howe","Tyrone Howe",1971-04-02,"Newtownards",NA,NA,183,"Winger"
"Q3546369","Tyrone Smith","Tyrone Smith",1983-05-12,"Manly; New South Wales",NA,NA,178,"Centre; Winger"
"Q3547082","Toru Kurihara","Tōru Kurihara栗原 徹",1978-08-12,"Itako; Ibaraki",NA,NA,178,"Winger; Fullback"
"Q3547754","Ueleni Fono","Ueleni Fono",1982-05-06,"Holopeka",NA,NA,196,"Flanker; Number 8"
"Q3547810","Ugo Mola","Ugo Mola",1973-05-14,"Sainte-Foy-la-Grande",NA,NA,183,"Winger; Fullback"
"Q3547924","Ulia Ulia","Ulia Ulia",1980-06-13,"Afega",NA,NA,183,"Flanker"
"Q3547960","Ulrich Chabot","Ulrich Chabot",1976-09-20,"Tours",NA,NA,183,"Winger"
"Q3553044","Va'aiga Tuigamala","Va'aiga Tuigamala",1969-09-04,"Faleasiu",2022-02-24,"Auckland",179,"Winger; Centre"
"Q3553236","Warren Spragg","Warren Spragg",1982-11-01,"Manchester",NA,NA,183,"Winger; Fullback"
"Q3553278","Vahanoa Faleovalu","Vahanoa Faleovalu",1975-09-01,NA,NA,NA,189,"Number 8"
"Q3553572","Valentin Calafeteanu","Valentin Calafeteanu",1985-01-25,"Bucharest",NA,NA,182,"Scrum-Half"
"Q3553576","Valentin Courrent","Valentin Courrent",1982-08-16,"Bondy",NA,NA,175,"Fly-Half; Scrum-Half"
"Q3553585","Valentin Maftei","Valentin Maftei",1974-09-26,"Săgeata",NA,NA,185,"Fullback; Centre"
"Q3553719","Valerio Bernabò","Valerio Bernabò",1984-03-03,"Rome",NA,NA,195,"2nd Row"
"Q3554909","Vasil Kakovin","Vasil Kakovin",1989-12-01,"Chiatura",NA,NA,183,"Prop"
"Q3554911","Vasil Katsadze","Vasil Katsadze",1976-07-16,"Potsdam",NA,NA,188,"Flanker; Centre; Winger"
"Q3554913","Vasile Ghioc","Vasile Ghioc",1978-02-28,"Bucharest",NA,NA,180,"Winger"
"Q3554936","Vasily Artemyev","Vassili Artemiev",1987-07-24,"Moscow",NA,NA,182,"Winger; Fullback"
"Q3555070","Vaughan Going","Vaughan Going",1972-08-26,"Whangārei",NA,NA,178,"Winger; Fullback"
"Q3555838","Vereniki Goneva","Vereniki Goneva",1984-04-05,"Lautoka",NA,NA,185,"Centre; Winger"
"Q3555839","Vereniki Sauturaga","Vereniki Sauturaga",1982-11-18,"Suva",NA,NA,175,"Hooker"
"Q3555942","Vern Cotter","Vern Cotter",1962-01-27,NA,NA,NA,193,"3rd Row"
"Q3555990","Vernon Cooper","Vernon Cooper",1977-06-12,"Swansea",NA,NA,200,"2nd Row"
"Q3556850","Vic Roberts","Vic Roberts",1924-08-06,NA,2004-03-14,NA,NA,"Flanker"
"Q3556856","Victor Yates","Victor Yates",1939-06-15,NA,2008-08-31,NA,NA,"Number 8"
"Q3557162","Victor Boffelli","Victor Boffelli",1947-03-20,"Arques; Aude",NA,NA,188,"Flanker"
"Q3557237","Victor Costello","Victor Costello",1970-10-23,"Stepaside",NA,NA,196,"Flanker"
"Q3557276","Victor Didebulidze","Victor Didebulidze",1971-11-04,"Tbilisi",NA,NA,191,"2nd Row; Number 8"
"Q3557400","Victor Labat","Victor Labat",1982-01-22,"Maisons-Laffitte",NA,NA,177,"Prop"
"Q3557411","Victor Le Fanu","Victor Le Fanu",1865-10-14,"Dublin",1939-08-09,"Bray; County Wicklow",NA,"Flanker; Scrum-Half"
"Q3557619","Victor Ubogu","Victor Ubogu",1964-09-08,"Lagos",NA,NA,175,"Prop"
"Q3557634","Victor da Silva","Victor da Silva",1973-09-19,NA,NA,NA,NA,NA
"Q3558299","Viktor Gresev","Viktor Gresev",1986-03-31,"Saint Petersburg",NA,NA,185,"Flanker"
"Q3558410","Viliami Hakalo","Viliami Hakalo",1987-04-12,NA,NA,NA,179,"Winger; Centre; Fullback"
"Q3558411","Viliami Ma'afu","Viliami Ma'afu",1982-03-09,"Longolongo",NA,NA,188,"Number 8"
"Q3558412","Viliame Satala","Viliame Satala",1972-07-19,"Lautoka",NA,NA,187,"Centre; Winger; Fullback"
"Q3558413","Viliame Waqaseduadua","Viliame Waqaseduadua",1983-04-23,"Suva",NA,NA,182,"Winger"
"Q3558418","Viliami Vaki","Viliami Vaki",1976-04-24,"Vavaʻu",NA,NA,198,"2nd Row; Flanker"
"Q3558420","Viliami Tupoulahi Mailefihi Tukuʻaho",NA,NA,NA,NA,NA,NA,NA
"Q3559404","Vinaya Wakanivuga","Vinaya Wakanivuga",1979-01-12,NA,NA,NA,188,"Centre"
"Q3559466","Vincent Barrière","Vincent Barrière",1988-08-14,"Montpellier",NA,NA,191,"Flanker"
"Q3559480","Vincent Becker","Vincent Becker",1947-10-09,NA,NA,NA,NA,"Winger"
"Q3559495","Vincent Bourdeaux","Vincent Bourdeaux",1978-01-08,NA,NA,NA,NA,NA
"Q3559505","Vincent Caldayroux","Vincent Caldayroux",1976-09-28,NA,NA,NA,NA,"Prop"
"Q3559510","Vincent Campo","Vincent Campo",1985-05-20,"Auch",NA,NA,181,"Hooker"
"Q3559542","Vincent Claireaux","Vincent Claireaux",1983-06-29,NA,NA,NA,186,"Prop"
"Q3559544","Vincent Clément","Vincent Clément",1981-03-14,"Nice",NA,NA,193,"Number 8"
"Q3559547","Vincent Colliat","Vincent Colliat",1989-02-02,NA,NA,NA,181,"Hooker"
"Q3559552","Vincent Cortes","Vincent Cortes",1985-06-11,NA,NA,NA,NA,"Fly-Half"
"Q3559580","Vincent Deniau","Vincent Deniau",1982-07-11,"Paris",NA,NA,194,"Flanker"
"Q3559614","Vincent Etcheto","Vincent Etcheto",1969-03-05,"Bayonne",NA,NA,NA,"Fly-Half"
"Q3559624","Vincent Forgues","Vincent Forgues",1981-08-21,"Tarbes",NA,NA,188,"Flanker"
"Q3559652","Vincent Graule","Vincent Graule",1904-01-22,NA,1990-02-02,NA,NA,"Centre"
"Q3559673","Vincent Inigo","Vincent Inigo",1983-02-10,"Agen",NA,NA,175,"Winger"
"Q3559734","Vincent Martin","Vincent Martin",1992-09-04,"Avignon",NA,NA,185,"Centre; Winger"
"Q3559759","Vincent Moscato","Vincent Moscato",1965-07-28,"Paris",NA,NA,179,"Hooker"
"Q3559768","Vincent Noutary","Vincent Noutary",1979-01-04,NA,NA,NA,188,"Winger"
"Q3559783","Vincent Pelo","Vincent Pelo",1988-04-22,"Wallis (island)",NA,NA,187,"Prop"
"Q3559807","Vincent Quivet","Vincent Quivet",1983-08-13,NA,NA,NA,NA,"2nd Row"
"Q3559826","Vincent Roumiguié","Vincent Roumiguié",1982-12-09,NA,NA,NA,NA,"Centre"
"Q3559827","Vincent Roux","Vincent Roux",1984-03-27,"Clermont-Ferrand",NA,NA,185,"Centre; Winger"
"Q3559832","Vincent Sabardeil","Vincent Sabardeil",1979-07-13,"Perpignan",NA,NA,180,"Centre"
"Q3559841","Vincent Sohet","Vincent Sohet",1982-01-16,"Bayonne",NA,NA,190,"Flanker"
"Q3559878","Vincent Volle","Vincent Volle",1976-07-04,"Bourgoin-Jallieu",NA,NA,NA,"Flanker; Number 8"
"Q3559922","Vincenzo Bertolotto","Vincenzo Bertolotto",1912-04-24,"Turin",1992-04-04,"Turin",NA,"2nd Row"
"Q3560508","Viorel Morariu","Viorel Morariu",1931-10-18,"Cuciulata",2017-05-23,"Bucharest",NA,"Flanker"
"Q3560618","Virgile Lacombe","Virgile Lacombe",1984-07-07,"Brou-sur-Chantereine",NA,NA,181,"Hooker"
"Q3560816","Virimi Vakatawa","Virimi Vakatawa",1992-05-01,"Rangiora",NA,NA,183,"Centre; Winger"
"Q3561285","Vitolio Manukula","Vitolio Manukula",1984-09-25,"Wallis and Futuna",NA,NA,178,"Prop; Hooker"
"Q3561372","Vittorio Munari","Vittorio Munari",1951-10-01,NA,NA,NA,NA,NA
"Q3561558","Vivian Jenkins","Vivian Jenkins",1911-11-02,"Port Talbot",2004-01-05,"Harpenden",NA,"Centre; Fullback"
"Q3563801","Vula Maimuri","Vula Maimuri",1975-11-03,"Nadroga-Navosa Province",NA,NA,198,"2nd Row"
"Q3563848","Vunga Lilo","Vungakoto Lilo",1983-02-28,"Haʻapai",NA,NA,193,"Winger; Fullback; Centre"
"Q3564939","Uakazuwaka Kazombiaze","Wacca Kazombiaze",1979-01-25,NA,NA,NA,NA,"2nd Row"
"Q3564982","Wade Dooley","Wade Dooley",NA,"Warrington",NA,NA,202,"2nd Row"
"Q3565170","Waisale Serevi","Waisale Serevi",1968-05-20,"Suva",NA,NA,169,"Fly-Half; Fullback; Scrum-Half"
"Q3565173","Waisale Sukanaveita","Waisale Sukanaveita",1984-07-19,"Suva",NA,NA,186,"Centre"
"Q3565174","Waisea Luveniyali","Waisea Luveniyali",1985-07-23,"Suva",NA,NA,175,"Fly-Half"
"Q3565472","Wallace Watts","Wallace Watts",1870-03-25,"Chipping Sodbury",1950-04-29,"Richmond; London",NA,"Forward"
"Q3565728","Walter Cristofoletto","Walter Cristofoletto",1964-06-02,"Treviso",NA,NA,192,"2nd Row"
"Q3565761","Walter Torrie Forrest","Walter Forrest",1880-11-14,"Kelso; Scottish Borders",1917-04-19,"Gaza City",NA,"Fullback"
"Q3565811","Walter Little","Walter Little",1969-10-14,"Tokoroa",NA,NA,178,"Centre; Fly-Half"
"Q3565857","Walter Pozzebon","Walter Pozzebon",1979-06-12,NA,NA,NA,180,"Centre"
"Q3565896","Walter Spanghero","Walter Spanghero",1943-12-21,"Payra-sur-l'Hers",NA,NA,186,"2nd Row; Number 8; Flanker"
"Q3565988","Wame Lewaravu","Wame Lewaravu",1983-09-24,NA,NA,NA,196,"2nd Row"
"Q3566380","Warren Britz","Warren Britz",1973-11-07,"Durban",NA,NA,190,"Flanker"
"Q3566386","Warren Fury","Warren Fury",1985-12-10,"Swansea",NA,NA,182,"Scrum-Half"
"Q3566468","Warwick Taylor","Warwick Taylor",1960-03-11,"Hamilton; New Zealand",NA,NA,179,"Centre"
"Q3566471","Warwick Waugh","Warwick Waugh",1968-09-17,"Canberra",NA,NA,202,"2nd Row"
"Q3566805","Waylon Murray","Waylon Murray",1986-04-27,"Durban",NA,NA,190,"Centre; Winger"
"Q3566842","Wayne Julies","Wayne Julies",1978-10-23,"Paarl",NA,NA,186,"Centre"
"Q3566851","Wayne Pivac","Wayne Pivac",1962-09-10,"Auckland",NA,NA,NA,"2nd Row; Flanker; Number 8"
"Q3566853","Wayne Proctor","Wayne Proctor",1972-06-12,NA,NA,NA,NA,"Winger"
"Q3566861","Wayne Smith","Wayne Smith",1957-04-19,"Putāruru",NA,NA,178,"Fly-Half"
"Q3567318","Werner Greeff","Werner Greeff",1977-07-14,"Bellville; South Africa",NA,NA,188,"Fullback; Centre; Fly-Half"
"Q3567325","Werner Loftus","Werner Loftus",1982-02-28,"Bloemfontein",NA,NA,196,"Flanker"
"Q3567340","Werner Swanepoel","Werner Swanepoel",1973-04-15,"Bloemfontein",NA,NA,173,"Scrum-Half"
"Q3567392","Wessel Jooste","Wessel Jooste",1983-07-12,"Springbok; South Africa",NA,NA,195,"Flanker; Number 8; 2nd Row"
"Q3568079","Wikus van Heerden","Wikus van Heerden",1979-02-25,"Johannesburg",NA,NA,193,"Flanker; 2nd Row"
"Q3568169","Wilf Rosenberg","Wilf Rosenberg",1934-06-18,"Cape Town",2019-01-14,"Herzliya",178,"Centre"
"Q3568191","Wilfrid Crawford","Wilfrid Crawford",1915-08-25,"Rochester; Kent",1993-06-06,NA,NA,"Flanker"
"Q3568278","Will Caldwell","Will Caldwell",1982-08-17,"Young; New South Wales",NA,NA,198,"2nd Row"
"Q3568280","Will Carling","Will Carling",1965-12-12,"Bradford",NA,NA,180,"Centre"
"Q3568285","Will Green","Will Green",1973-10-25,"Littlehampton",NA,NA,182,"Prop"
"Q3568290","Will James","Will James",1976-12-22,"Plymouth",NA,NA,198,"2nd Row"
"Q3568294","Will Joseph","Will Joseph",1877-05-10,"Morriston",1959-09-07,"Swansea",NA,"Forward"
"Q3568300","Will Skinner","Will Skinner",1984-02-08,"Northampton",NA,NA,180,"Flanker"
"Q3568305","Willa Delport","Willa Delport",1920-11-05,NA,1984-10-14,NA,NA,"Hooker"
"Q3568328","Willem Alberts","Willem Alberts",1984-05-11,"Pretoria",NA,NA,194,"Number 8; Flanker"
"Q3568329","Willem Barnard","Willem Barnard",1923-08-07,NA,2012-06-14,NA,NA,"2nd Row"
"Q3568347","Willem Meyer","Willem Meyer",1975-10-15,"Kroonstad",NA,NA,195,"Centre; Winger"
"Q3568352","Willem Stoltz","Willem Stoltz",1975-02-03,"Johannesburg",NA,NA,204,"2nd Row"
"Q3568362","Willem de Waal","Willem de Waal",1978-02-17,"Paarl",NA,NA,191,"Fly-Half"
"Q3568414","Billy Bancroft","William Bancroft",1871-03-02,"Swansea",1959-03-03,"Swansea",NA,"Fullback"
"Q3568442","William Bonet","William Bonet",1980-11-12,"Nîmes",NA,NA,187,"Hooker"
"Q3568451","William Bowen","William Bowen",1862-07-01,NA,1925-01-01,NA,NA,"Fly-Half"
"Q3568459","William Ernest Bromet","William Bromet",1868-05-17,"Tadcaster",1949-01-23,"Winchester",NA,"Forward"
"Q3568470","William Byron","William Byron",1876-03-06,"Derry",1961-12-24,"Belfast",NA,"Forward"
"Q3568510","William Collis","William Collis",1900-02-16,"Killiney",1975-05-27,NA,NA,"Hooker"
"Q3568513","William Collins",NA,NA,NA,NA,NA,NA,NA
"Q3568526","William Crichton","William Crichton",1881-10-02,"Warrington",1925-07-16,"Yvetot",NA,"Fullback"
"Q3568547","William Demotte","William Demotte",1991-05-22,"Clermont-Ferrand",NA,NA,202,"2nd Row"
"Q3568566","William Dowell","William Dowell",1885-05-21,"Pontypool",1949-11-09,"Newport; Wales",NA,"Flanker"
"Q3568645","William Gardiner","William Gardiner",1870-07-01,NA,1924-03-21,NA,NA,"Winger"
"Q3568721","William Inglis","William Inglis",1915-01-20,"Berwick-upon-Tweed",1988-04-22,"Wimbledon; London",NA,"Prop"
"Q3568821","William McKee","William McKee",1923-08-27,NA,1982-01-28,NA,NA,"Centre"
"Q3568920","William Russell","William Russell",1880-05-31,NA,1933-10-31,NA,NA,"Flanker"
"Q3568942","William Patrick Scott","William Scott",1880-03-18,"Wishaw",1948-06-01,NA,NA,NA
"Q3569004","Billy Trew","William Trew",1879-03-12,"Swansea",1926-08-20,"Swansea",NA,"Fly-Half; Centre; Winger"
"Q3569062","Willie Anderson","Willie Anderson",1955-04-03,NA,NA,NA,NA,"2nd Row"
"Q3569069","Willie Duggan","Willie Duggan",1950-03-12,NA,2017-08-28,NA,NA,"Number 8"
"Q3569085","Willie Llewellyn","Willie Llewellyn",1878-01-01,"Tonypandy",1973-03-22,"Pontyclun",NA,"Winger"
"Q3569090","Willie Meyer","Willie Meyer",1967-11-06,NA,NA,NA,NA,"Prop"
"Q3569098","Viliami Ofahengaue","Willie Ofahengaue",1968-05-03,"Tonga",NA,NA,193,"Flanker; Number 8"
"Q3569108","Willie Welsh","Willie Welsh",1907-02-11,"Hawick",1987-02-27,"Hawick",NA,"Flanker"
"Q3569109","Willie Wepener","Willie Wepener",1981-04-02,"Newcastle; KwaZulu-Natal",NA,NA,180,"Hooker"
"Q3569111","Willie du Plessis","Willie du Plessis",1955-09-04,"Somerset East",NA,NA,183,"Centre"
"Q3569140","Willy Begarie","Willy Begarie",1975-04-11,"Toulouse",NA,NA,178,"Prop"
"Q3569187","Willy Taofifénua","Willy Taofifénua",1963-02-04,"Nouméa",NA,NA,192,"Number 8; Flanker; Centre"
"Q3569218","Robert Wilson Shaw","Wilson Shaw",1913-04-11,"Glasgow",1979-07-23,"Glasgow",NA,"Fly-Half"
"Q3569393","Winston Stanley","Winston Stanley",1974-07-17,"Victoria; British Columbia",NA,NA,185,"Winger"
"Q3569703","Wolfie Duvenhage","Wolfie Duvenhage",1978-12-31,"Walvis Bay",NA,NA,194,"Flanker"
"Q3570190","Wyatt Gould","Wyatt Gould",1879-05-18,"Newport; Wales",1960-02-06,"Plymouth",NA,NA
"Q3570212","Wylie Human","Wylie Human",1979-02-26,"Uitenhage",NA,NA,180,"Winger"
"Q3570606","Xavier Blond","Xavier Blond",1967-08-28,"Lagny-sur-Marne",NA,NA,190,"Flanker"
"Q3570620","Xavier Cambres","Xavier Cambres",1974-06-11,"Chambéry",2015-09-16,"Mouxy",192,"Winger"
"Q3570628","Xavier Chiocci","Xavier Chiocci",1990-02-13,"Toulon",NA,NA,181,"Prop"
"Q3570669","Xavier Fiard","Xavier Fiard",1978-04-06,NA,NA,NA,183,"Prop"
"Q3570685","Xavier Garbajosa","Xavier Garbajosa",1976-12-05,"Toulouse",NA,NA,187,"Fullback; Centre; Winger"
"Q3570749","Xavier Naulleau","Xavier Moana Naulleau",1980-12-11,"Bora Bora",NA,NA,189,"Prop"
"Q3570768","Xavier Plataret","Xavier Plataret",1975-03-18,NA,NA,NA,195,"2nd Row"
"Q3570776","Xavier Péméja","Xavier Péméja",1960-07-04,"Montauban",NA,NA,175,"Scrum-Half"
"Q3570789","Xavier Sadourny","Xavier Sadourny",1977-04-09,"Clermont-Ferrand",NA,NA,179,"Fly-Half"
"Q3570791","Xavier Rush","Xavier Rush",1977-07-13,"Auckland",NA,NA,188,"Number 8"
"Q3570805","Xavier Verdy","Xavier Verdy",1961-02-08,"Limoges",NA,NA,186,"3rd Row"
"Q3571614","Yann Braendlin","Yann Braendlin",1959-12-06,"Lausanne",NA,NA,183,"Tighthead Prop"
"Q3571633","Yann David","Yann David",1988-04-15,"Bourgoin-Jallieu",NA,NA,185,"Centre"
"Q3571639","Yann Delaigue","Yann Delaigue",1973-04-05,"Toulon",NA,NA,180,"Fly-Half"
"Q3571642","Yann Fior","Yann Fior",1986-06-19,"Aire-sur-l'Adour",NA,NA,193,"Centre; Winger"
"Q3571653","Yann Labrit","Yann Labrit",1979-09-15,"Orthez",NA,NA,188,"Flanker; Number 8"
"Q3571675","Yann Lesgourgues","Yann Lesgourgues",1991-01-17,"Bayonne",NA,NA,174,"Scrum-Half"
"Q3571741","Yannick Caballero","Yannick Caballero",1983-04-03,"Castres",NA,NA,192,"Flanker"
"Q3571751","Yannick Forestier","Yannick Forestier",1982-01-02,"Narbonne",NA,NA,181,"Prop"
"Q3571763","Yannick Lafforgue","Yannick Lafforgue",1982-11-04,"Toulouse",NA,NA,180,"Fly-Half"
"Q3571766","Yannick Lacrouts","Yannick Lacrouts",1973-06-09,NA,NA,NA,NA,"Prop"
"Q3571769","Yannick Larguet","Yannick Larguet",1980-10-12,"Voiron",NA,NA,187,"Winger; Centre"
"Q3571786","Yannick N'Gog","Yannick N'Gog",1982-05-21,"Bourg-la-Reine",NA,NA,180,"Winger"
"Q3571790","Yannick Ricardo","Yannick Ricardo",1987-03-03,"Castres",NA,NA,186,"Fly-Half; Scrum-Half"
"Q3571791","Yannick Nyanga","Yannick Nyanga",1983-12-19,"Kinshasa",NA,NA,187,"Flanker"
"Q3571993","Yasunori Watanabe","Yasunori Watanabe",1974-06-02,"Tokyo",2010-04-03,"Kamakura",192,"Flanker; 2nd Row"
"Q3572341","Yoan Anthian","Yoan Anthian",1979-07-03,"Saint-Jean-de-Luz",NA,NA,173,"Fly-Half"
"Q3572366","Yoann Huget","Yoann Huget",1987-06-02,"Pamiers",NA,NA,190,"Winger; Fullback"
"Q3572406","Yogane Corréa","Yogane Corréa",1974-10-26,NA,NA,NA,192,"2nd Row"
"Q3572420","Yohan Marty","Yohan Marty",1974-09-19,"Toulouse",NA,NA,190,"Prop"
"Q3572425","Yohan Montès","Yohan Montès",1985-02-07,"Beauvais",NA,NA,187,"Prop"
"Q3572427","Yohann Artru","Yohann Artru",1992-05-31,NA,NA,NA,178,"Winger"
"Q3572428","Yohann Carpentier","Yohann Carpentier",1985-06-15,NA,NA,NA,202,"2nd Row"
"Q3572432","Yohann Durquet","Yohann Durquet",1988-03-11,NA,NA,NA,192,"Fullback; Winger; Centre"
"Q3572434","Yohann Le Provost","Yohann Le Provost",1984-01-28,NA,NA,NA,NA,"Hooker"
"Q3572435","Yohann Misse","Yohann Misse",1979-12-17,"Saint-Nazaire",NA,NA,196,"Flanker"
"Q3572786","Youcef Hanou","Youcef Hanou",1961-06-26,NA,NA,NA,NA,"Hooker"
"Q3573304","Yuya Saito","Yuya Saito斉藤祐也",1977-04-28,"Tokyo",NA,NA,185,"Flanker; Number 8"
"Q3573331","Yvan Buonomo","Yvan Buonomo",1946-09-19,"Sète",NA,NA,190,"Number 8; Flanker"
"Q3573340","Yvan Chevalier","Yvan Chevalier",1976-08-07,NA,NA,NA,NA,"Fullback"
"Q3573375","Yvan Manhès","Yvan Manhès",1975-05-23,"Aurillac",NA,NA,195,"2nd Row"
"Q3573381","Yvan Roux","Yvan Roux",1965-04-04,NA,NA,NA,NA,"2nd Row"
"Q3573394","Yvan Watremez","Yvan Watremez",1989-04-21,"Foix",NA,NA,187,"Loosehead Prop"
"Q3573482","Yves Bergougnan","Yves Bergougnan",1924-05-08,"Toulouse",2006-04-15,"Toulouse",178,"Scrum-Half"
"Q3573517","Yves Bressy",NA,1943-03-23,"Monteux",NA,NA,NA,"2nd Row; Number 8"
"Q3573520","Yves Brunet","Yves Brunet",1950-08-25,NA,NA,NA,NA,"Hooker"
"Q3573626","Yves Donguy","Yves Donguy",1982-01-01,"Daloa",NA,NA,181,"Winger"
"Q3573627","Yves Duffaut","Yves Duffaut",1932-12-24,NA,NA,NA,NA,"Flanker"
"Q3573628","Yves Duhard","Yves Duhard",1955-07-11,NA,NA,NA,NA,"2nd Row"
"Q3573738","Yves Lafarge","Yves Lafarge",1953-01-16,"Chaville",NA,NA,175,"Scrum-Half; Centre"
"Q3573814","Yves Malquier","Yves Malquier",1956-05-07,"Sigean",NA,NA,191,"Number 8"
"Q3573842","Yves Menthillier","Yves Menthillier",1941-12-07,NA,2019-09-06,NA,NA,"Hooker"
"Q3573873","Yves Noé","Yves Noé",1921-12-18,"Agde",2002-06-20,"Toulouse",181,"Number 8"
"Q3573885","Yves Pedrosa","Yves Pedrosa",1975-04-16,"Soues; Hautes-Pyrénées",NA,NA,182,"Hooker"
"Q3574150","Yvon Rousset","Yvon Rousset",1960-07-13,"Évreux",NA,NA,175,"Winger"
"Q3574638","Zak Feau'nati","Zak Feau'nati",1973-07-23,"Wellington",NA,NA,189,"Number 8"
"Q3576295","Zurab Mtchedlishvili","Zurab Mtchedlishvili",1971-10-22,"Tbilisi",NA,NA,192,"2nd Row; Flanker; Number 8"
"Q3579716","Édouard Ainciart","Édouard Ainciart",1908-12-21,"Bayonne",1980-03-11,"Bayonne",175,"Hooker"
"Q3580002","Édouard Ponsinet","Édouard Ponsinet",1923-11-18,"Carcassonne",2006-10-22,"Fontiers-Cabardès",182,NA
"Q3587722","Élie Brousse","Élie Brousse",1921-08-28,"Bages; Pyrénées-Orientales",2019-07-02,"Mably; Loire",187,NA
"Q3587723","Élie Cester","Élie Cester",1942-07-27,"L'Isle-Jourdain; Gers",2017-01-03,"Bourg-lès-Valence",191,"2nd Row"
"Q3587763","Élie Pebeyre","Élie Pebeyre",1923-01-27,"Seilhac",2008-12-12,"Brive-la-Gaillarde",NA,"Winger"
"Q3588622","Émile Lesieur","Émile Lesieur",1885-09-16,"13th arrondissement of Paris",1985-01-25,"10th arrondissement of Paris",170,"Winger; Centre"
"Q3588678","Émile Ntamack","Émile Ntamack",1970-06-25,"Lyon",NA,NA,189,"Fullback; Winger; Centre"
"Q3590935","Éric Alabarbe","Éric Alabarbe",1960-03-03,"Aubervilliers",NA,NA,188,"Loosehead Prop"
"Q3590942","Éric Alégret","Éric Alégret",1965-08-02,"Sarlat-la-Canéda",NA,NA,193,"2nd Row"
"Q3590949","Éric Artiguste","Éric Artiguste",1970-07-16,"Lourdes",NA,NA,177,"Centre"
"Q3590995","Éric Blanc","Éric Blanc",1959-09-20,"Gaillac",NA,NA,176,"Centre"
"Q3591004","Eric Bonneval","Éric Bonneval",1963-11-19,"Toulouse",NA,NA,180,"Centre"
"Q3591015","Éric Buchet","Éric Buchet",1957-11-28,"Nice",NA,NA,190,"Flanker"
"Q3591019","Éric Béchu","Éric Béchu",1960-01-09,"Toulouse",2013-01-15,"Toulouse",NA,"Number 8"
"Q3591043","Éric Champ","Éric Champ",1962-06-08,"Toulon",NA,NA,196,"Flanker; Number 8"
"Q3591069","Éric Dasalmartini","Éric Dasalmartini",1967-05-17,"Toulon",NA,NA,175,"Hooker"
"Q3591111","Éric Escande","Éric Escande",1992-11-18,"Montpellier",NA,NA,172,"Scrum-Half"
"Q3591112","Éric Espagno","Éric Espagno",1984-01-03,NA,NA,NA,NA,"Flanker"
"Q3591126","Éric Ferruit","Éric Ferruit",1962-07-10,NA,NA,NA,183,"Hooker"
"Q3591176","Eric Harper","Éric Harper",1877-12-01,"Christchurch",1918-04-30,"Jerusalem",180,"Winger; Centre"
"Q3591232","Éric Lecomte","Éric Lecomte",1968-11-19,"Bourges",NA,NA,191,"2nd Row; 3rd Row"
"Q3591268","Eric Melville","Eric Melville",1961-06-27,"Cape Town",2017-06-18,"La Garde; Var",196,"Number 8"
"Q3591272","Éric Michaud","Éric Michaud",1965-12-14,"Paris",NA,NA,180,"Prop"
"Q3591282","Éric Morisse","Éric Morisse",1967-07-16,"Decazeville",1995-10-29,"La Rochelle",NA,"Flanker; Winger"
"Q3591295","Éric Nicol","Éric Nicol",1964-10-07,"Quillan",NA,NA,183,"Fly-Half; Centre; Fullback; Winger; Scrum-Half"
"Q3591321","Éric Quesada","Éric Quesada",1975-07-28,NA,NA,NA,NA,"Prop"
"Q3591346","Éric San Vicente","Éric San Vicente",1981-12-10,NA,NA,NA,182,"Centre"
"Q3591359","Éric Smara","Eric Smara",1978-12-09,"Toulouse",NA,NA,184,"Prop"
"Q3592099","Étienne Cayrol","Étienne Cayrol",1898-01-16,"Perpignan",1990-10-02,"Sainte-Marie-la-Mer",174,"Fullback"
"Q3592260","Étienne Léobet","Étienne Léobet",1984-08-26,NA,NA,NA,186,"Winger"
"Q3605497","Adolphe Klingelhoefer",NA,1880-05-02,"16th arrondissement of Paris",1956-12-19,"Courbevoie",NA,"Centre"
"Q3606940","Agustín Canalda","Agustín Canalda",1977-04-18,"Buenos Aires",NA,NA,183,"Hooker"
"Q3608388","Alberto Lucchese","Alberto Lucchese",1986-03-28,"Treviso",NA,NA,174,"Scrum-Half"
"Q3615813","Andrea Lovotti","Andrea Lovotti",1989-07-28,"Piacenza",NA,NA,180,"Prop"
"Q3624265","Arthur Emyr","Arthur Emyr",1962-07-27,"Bangor; Gwynedd",NA,NA,NA,"Winger"
"Q3702086","Daniele Tebaldi","Daniele Tebaldi",1961-04-24,"Parma",NA,NA,NA,"Fullback"
"Q3703542","Davide Duca","Davide Duca",1987-03-30,"Marino; Lazio",NA,NA,185,"Fly-Half"
"Q3724301","Emiliano Mulieri","Emiliano Mulieri",1973-08-14,"Mar del Plata",NA,NA,181,"Winger; Fullback"
"Q3750304","Francesco Minto","Francesco Minto",1987-05-20,"Mirano",NA,NA,198,"2nd Row; Flanker"
"Q3758824","Gastón de Robertis","Gastón de Robertis",1980-05-12,"Buenos Aires",NA,NA,182,"Prop"
"Q3778981","Guglielmo Palazzani","Guglielmo Palazzani",1991-04-11,"Gardone Val Trompia",NA,NA,177,"Scrum-Half"
"Q3780050","Guy Pardiès","Guy Pardiès",1948-08-30,NA,NA,NA,178,"Scrum-Half"
"Q3809624","John Smith",NA,NA,NA,NA,NA,NA,NA
"Q3810880","Juan Manuel Queirolo","Juan Manuel Queirolo",1974-07-31,"Rosario",NA,NA,170,"Scrum-Half"
"Q3814797","Kevin Bowring","Kevin Bowring",1954-05-09,"Neath",2024-10-10,NA,NA,"Flanker"
"Q3838212","Luca Morisi","Luca Morisi",1991-02-22,"Milan",NA,NA,183,"Centre"
"Q3838302","Luca Tramontin","Luca Tramontin",1966-02-22,NA,NA,NA,NA,NA
"Q3849446","Mark Bingham","Mark Bingham",1970-05-22,NA,2001-09-11,NA,NA,NA
"Q3851349","Massimo Mascioletti","Massimo Mascioletti",1958-03-04,NA,NA,NA,169,NA
"Q3856775","Michele Rizzo","Michele Rizzo",1982-09-16,"Dolo; Veneto",NA,NA,188,"Prop"
"Q3856837","Michele Visentin","Michele Visentin",1991-12-13,"Paese",NA,NA,185,"Winger"
"Q3870706","Nate Ebner","Nate Ebner",NA,NA,NA,NA,NA,NA
"Q3874309","Neil McCarthy","Neil McCarthy",1974-11-29,"Slough",NA,NA,178,"Hooker"
"Q3877008","Nili Latu","Nili Latu",1982-02-19,"Afa Tongatapu",NA,NA,182,"Number 8; Flanker"
"Q3946663","Samuela Vunisa","Samuela Vunisa",1988-08-19,"Suva",NA,NA,189,"Number 8"
"Q3961221","Simone Favaro","Simone Favaro",1988-11-07,"Treviso",NA,NA,182,"Flanker"
"Q3992106","Tobie Botes","Tobie Botes",1984-04-26,"Worcester; South Africa",NA,NA,182,"Scrum-Half; Fly-Half; Fullback"
"Q3992734","Tommaso Castello","Tommaso Castello",1991-08-14,"Genoa",NA,NA,184,"Centre"
"Q4020100","William McCrum",NA,NA,NA,NA,NA,NA,NA
"Q4020143","William Ryder","William Ryder",1982-06-06,NA,NA,NA,174,"Winger; Fullback; Scrum-Half; Fly-Half"
"Q4120947","Craig Gilroy","Craig Gilroy",1991-03-11,"Belfast",NA,NA,183,"Winger"
"Q4120957","Simon Zebo","Simon Zebo",1990-03-16,"Cork (city)",NA,NA,188,"Winger; Fullback"
"Q4208918","George Cakobau",NA,1912-11-06,"Nabouwalu",1989-11-25,"Suva",NA,"Fly-Half"
"Q4249759","Nahuel Lobo","Nahuel Lobo",1991-08-27,"Chajarí",NA,NA,180,"Prop"
"Q4339148","Vladimir Ostroushko","Vladimir Ostroouchko",1986-09-30,"Krasnodar",NA,NA,183,"Winger; Centre"
"Q4410317","Marcel Garvey","Marcel Garvey",1983-04-21,"Gloucester",NA,NA,175,"Winger"
"Q4474828","Eddy Ben Arous","Eddy Ben Arous",1990-08-25,"Nice",NA,NA,183,"Prop"
"Q4647784","A. G. Guillemard","Arthur Guillemard",1845-12-18,NA,1909-08-07,NA,NA,"Fullback"
"Q4661978","Aaron Dundon","Aaron Dundon",1982-05-22,"Wellington",NA,NA,183,"Hooker"
"Q4662429","Aaron Shingler","Aaron Shingler",1987-08-07,"Aldershot",NA,NA,198,"Flanker; 2nd Row"
"Q4662456","Aaron Smith","Aaron Smith",1988-11-21,"Palmerston North",NA,NA,173,"Scrum-Half"
"Q4679891","Adam Thompstone","Adam Thompstone",1987-09-04,"Epsom",NA,NA,183,"Winger; Centre"
"Q4681266","Addison Lockley","Addison Lockley",1991-10-25,"Taunton",NA,NA,200,"2nd Row; Flanker"
"Q4688839","Afeleke Pelenise","Afeleke Pelenise",1982-11-14,"Christchurch",NA,NA,185,"Winger"
"Q4690859","Afusipa Taumoepeau","Afusipa Taumoepeau",1990-01-26,"Sydney",NA,NA,184,"Centre; Winger"
"Q4705556","Alafoti Fa'osiliva","Alafoti Fa'osiliva",1985-10-28,"Afega",NA,NA,185,"Flanker; Number 8"
"Q4707200","Alan MacDonald","Alan MacDonald",1985-10-21,"Edinburgh",NA,NA,183,"Flanker"
"Q4708328","Alapati Leiua","Alapati Leiua",1988-09-21,"Malie",NA,NA,185,"Centre; Winger"
"Q4710323","Albert Goldthorpe","Albert Goldthorpe",1871-11-03,"Hunslet",1943-01-08,"Leeds",NA,"Fly-Half; Fullback"
"Q4712878","Alby Mathewson","Alby Mathewson",1985-12-13,"Hastings; New Zealand",NA,NA,173,"Scrum-Half"
"Q4714328","Aled Davies","Aled Davies",1992-07-19,"Carmarthen",NA,NA,175,"Scrum-Half"
"Q4716935","Alex Dunbar","Alex Dunbar",1990-04-23,"Dumfries",NA,NA,191,"Centre"
"Q4717065","Alex Goode","Alex Goode",1988-05-07,"Cambridge",NA,NA,181,"Fly-Half; Fullback"
"Q4717743","Alex Sanderson","Alex Sanderson",1979-10-07,"Chester",NA,NA,188,"Flanker"
"Q4717951","Alex Waller","Alex Waller",1990-02-14,"Kettering",NA,NA,185,"Loosehead Prop"
"Q4721196","Alexandru Țăruș","Alexandru Țăruș",1989-05-09,"Brașov",NA,NA,185,"Prop"
"Q4722457","Alfred Clunies-Ross","Alfred Clunies-Ross",1851-01-01,NA,1903-02-28,NA,NA,"Fullback"
"Q4722516","Alfred Davenport","Alfred Davenport",1849-05-05,NA,1932-04-02,NA,NA,NA
"Q4723464","Alfred Hamersley","Alfred Hamersley",1848-10-08,NA,1929-02-25,NA,NA,NA
"Q4723610","Alfred West","Alfred West",1893-05-06,"Inglewood; New Zealand",1934-01-07,"Hāwera",NA,"3rd Row"
"Q4726550","Alifeleti Mafi","Alfie Mafi",1988-06-08,"Tongatapu",NA,NA,182,"Winger; Fullback; Centre"
"Q4727286","Alistair Hargreaves","Alistair Hargreaves",1986-04-29,"Durban",NA,NA,200,"2nd Row"
"Q4730557","Allan Dell","Allan Dell",1992-03-16,"Humansdorp",NA,NA,185,"Loosehead Prop"
"Q4738562","Aly Muldowney","Aly Muldowney",1983-08-03,"Stafford",NA,NA,196,"2nd Row; Flanker"
"Q4756664","Andrew Conway","Andrew Conway",1991-07-11,"Dublin",NA,NA,180,"Winger; Fullback"
"Q4756859","Andrew Durutalo","Andrew Durutalo",1987-10-25,"New York City",NA,NA,185,"Flanker"
"Q4758731","Andrew Tiedemann","Andrew Tiedemann",1988-07-21,"St. Albert; Alberta",NA,NA,183,"Prop"
"Q4759311","Andries Coetzee","Andries Coetzee",1990-03-01,"Bethal",NA,NA,181,"Fullback; Winger; Fly-Half; Centre"
"Q4759314","Andries Ferreira","Andries Ferreira",1990-03-29,"Despatch; South Africa",NA,NA,197,"2nd Row"
"Q4760139","Andrés Allamand",NA,1956-02-07,"Santiago",NA,NA,NA,NA
"Q4762874","Angelo Esposito","Angelo Esposito",1993-06-14,"Casandrino",NA,NA,187,"Winger"
"Q4764074","Angus Buchanan","Angus Buchanan",1847-01-15,NA,1927-02-21,NA,NA,NA
"Q4764259","Angus Ta'avao","Angus Ta'avao",1990-03-22,"Auckland",NA,NA,194,"Prop"
"Q4772718","Anthony Hill","Anthony Hill",1973-02-12,"Sydney",NA,NA,199,"Flanker"
"Q4773269","Anthony Perenise","Anthony Perenise",1982-10-18,"Wellington",NA,NA,182,"Prop"
"Q4775691","Anton Bresler","Anton Bresler",1988-02-16,"Windhoek",NA,NA,197,"2nd Row"
"Q4788055","Ardie Savea","Ardie Savea",1993-10-14,"Wellington",NA,NA,188,"Flanker; Number 8"
"Q4794874","Arno Botha","Arno Botha",1991-10-26,"Modimolle",NA,NA,188,"Flanker; Number 8"
"Q4799594","Arthur Lyon","Arthur Lyon",1851-08-04,NA,1905-12-04,NA,NA,"Fullback"
"Q4800396","Arthur Gibson","Arthur Gibson",1844-07-14,NA,1927-01-23,NA,NA,NA
"Q4800789","Arthur de Kock","Arthur de Kock",1866-01-11,"Hopetown",1957-07-06,"Springs; South Africa",NA,"Winger"
"Q4803294","Asaeli Tikoirotuma","Asaeli Tikoirotuma",1986-06-24,"Suva",NA,NA,187,"Winger; Centre; Fullback"
"Q4804368","Ash Dixon","Ash Dixon",1988-09-01,"Christchurch",NA,NA,182,"Hooker"
"Q4805367","Ashley Billington","Ashley Billington",1969-01-16,NA,NA,NA,NA,"Winger"
"Q4805490","Ashley Johnson","Ashley Johnson",1986-05-16,"Wynberg; Cape Town",NA,NA,183,"Flanker; Number 8; Hooker"
"Q4806120","Ashura Hara","Ashura Hara",NA,NA,NA,NA,NA,NA
"Q4821207","Augustine Pulu","Augustine Pulu",1990-01-04,"Ōtāhuhu",NA,NA,180,"Scrum-Half"
"Q4831827","Ayumu Goromaru","Ayumu Goromaru",1986-03-01,"Fukuoka",NA,NA,185,"Fullback"
"Q4864211","Barry Evans","Barry Evans",1962-10-10,"Hinckley",NA,NA,NA,"Winger"
"Q4877438","Beauden Barrett","Beauden Barrett",1991-05-27,"New Plymouth",NA,NA,187,"Fly-Half; Fullback"
"Q4885195","Ben Afeaki","Ben Afeaki",1988-01-12,"Auckland",NA,NA,193,"Prop"
"Q4885350","Ben Broster","Ben Broster",1982-05-07,"Southwark",NA,NA,178,"Prop"
"Q4885643","Ben Flower","Ben Flower",1987-10-19,"Cardiff",NA,NA,183,"Prop; 3rd Row"
"Q4885691","Ben Funnell","Ben Funnell",1990-06-06,"Palmerston North",NA,NA,180,"Hooker"
"Q4885721","Ben Gollings","Ben Gollings",1980-05-13,"Launceston; Cornwall",NA,NA,178,"Fly-Half; Fullback"
"Q4886034","Ben Lam","Ben Lam",1991-06-09,"Auckland",NA,NA,194,"Winger; Fullback"
"Q4886083","Ben Lucas","Ben Lucas",1987-12-30,"Ipswich; Queensland",NA,NA,178,"Fly-Half; Scrum-Half; Fullback"
"Q4886180","Ben Moon","Ben Moon",1989-07-14,"Tiverton; Devon",NA,NA,180,"Loosehead Prop"
"Q4886198","Ben Mowen","Ben Mowen",1984-12-01,"Brisbane",NA,NA,195,"Number 8; Flanker"
"Q4886399","Ben Ryan","Ben Ryan",1971-09-11,"Wimbledon; London",NA,NA,182,"Scrum-Half"
"Q4886540","Ben Tameifuna","Ben Tameifuna",1991-08-30,"Auckland",NA,NA,182,"Prop"
"Q4886543","Ben Tapuai","Ben Tapuai",1989-01-19,"Brisbane",NA,NA,180,"Centre"
"Q4886609","Ben Volavola","Ben Volavola",1991-01-13,"Sydney",NA,NA,191,"Fly-Half; Fullback; Centre"
"Q4888351","Benjamin Burns","Benjamin Burns",1848-05-28,NA,1932-06-03,NA,NA,NA
"Q4893136","Bernard Foley","Bernard Foley",1989-09-08,"Sydney",NA,NA,182,"Fly-Half; Fullback; Centre"
"Q4908587","Bill Cotty","Bill Cotty",1875-02-24,"Kimberley; Northern Cape",1928-09-06,"Kimberley; Northern Cape",NA,"Scrum-Half"
"Q4908765","Bill Dickinson","Bill Dickinson",1917-01-01,NA,1994-04-07,"Irvine; North Ayrshire",NA,NA
"Q4910281","Bill Mulcahy","Bill Mulcahy",1935-01-07,"Rathkeale",NA,NA,186,"2nd Row"
"Q4912301","Billy Burns","Billy Burns",1994-06-13,"Bath; Somerset",NA,NA,185,"Fly-Half"
"Q4923708","Blade Thomson","Blade Thomson",1990-12-04,"Auckland",NA,NA,198,"Number 8; Flanker; 2nd Row"
"Q4923976","Blaine Scully","Blaine Scully",1988-02-29,"Sacramento; California",NA,NA,193,"Fullback; Winger"
"Q4924071","Blair Cowan","Blair Cowan",1986-04-21,"Upper Hutt",NA,NA,188,"Flanker; Number 8"
"Q4935526","Bobby Ross","Bobby Ross",1969-08-29,"Victoria; British Columbia",NA,NA,180,"Fly-Half; Fullback"
"Q4941870","Bongi Mbonambi","Bongi Mbonambi",1991-01-07,"Bethlehem; South Africa",NA,NA,180,"Hooker"
"Q4954255","Brad Shields","Brad Shields",1991-04-02,"Masterton",NA,NA,193,"Flanker; Number 8"
"Q4954874","Bradley Barritt","Brad Barritt",1986-08-07,"Durban",NA,NA,186,"Centre; Fly-Half"
"Q4961160","Brendon Dawson","Brendon Dawson",1967-08-15,"Bulawayo",NA,NA,188,"Flanker; Number 8"
"Q4973036","Brodie Retallick","Brodie Retallick",1991-05-31,"Rangiora",NA,NA,204,"2nd Row"
"Q4980855","Bryn Evans","Bryn Evans",1984-10-28,"Hastings; New Zealand",NA,NA,196,"2nd Row; Flanker"
"Q4980867","Bryn Hall","Bryn Hall",1992-02-03,"Auckland",NA,NA,183,"Scrum-Half"
"Q4996724","Bulldog Irvine","Bulldog Irvine",1853-04-19,NA,1897-04-18,NA,NA,NA
"Q4997511","Bundee Aki","Bundee Aki",1990-04-07,"Auckland",NA,NA,178,"Centre"
"Q5000855","Burton Francis","Burton Francis",1987-01-02,"Paarl",NA,NA,184,"Fly-Half"
"Q5012275","CJ Stander","CJ Stander",1990-04-05,"George; South Africa",NA,NA,189,"Number 8; Flanker"
"Q5016451","Cadeyrn Neville","Cadeyrn Neville",1988-11-09,"Manly; New South Wales",NA,NA,202,"2nd Row"
"Q5022944","Callum Black","Callum Black",1986-02-25,"Washington; D.C.",NA,NA,180,"Prop"
"Q5024026","Calum Clark","Calum Clark",1989-06-10,"Stockton-on-Tees",NA,NA,193,"Flanker"
"Q5028328","Campese Ma'afu","Campese Ma'afu",1984-12-19,"Sydney",NA,NA,184,"Prop"
"Q5040120","Carl Fearns","Carl Fearns",1989-05-28,"Liverpool",NA,NA,190,"Number 8; Flanker"
"Q5042507","Carlos Páez Rodríguez","Carlos Páez Rodríguez",1953-10-31,NA,NA,NA,NA,NA
"Q5055919","Cecil Afrika","Cecil Afrika",1988-03-03,"Gqeberha",NA,NA,177,"Fullback"
"Q5075203","Charles Arthur Crompton","Charles Crompton",1848-10-21,NA,1875-07-06,NA,NA,NA
"Q5081683","Charles Piutau","Charles Piutau",1991-10-31,"Auckland",NA,NA,186,"Fullback; Winger; Centre"
"Q5082484","Charles Sherrard","Charles Sherrard",1848-12-25,NA,1928-12-11,NA,NA,NA
"Q5084446","Charlie Amesbury","Charlie Amesbury",1986-04-08,"Portsmouth",NA,NA,183,NA
"Q5084829","Charlie Faumuina","Charlie Faumuina",1986-12-24,"Auckland",NA,NA,184,"Tighthead Prop"
"Q5085299","Charlie Ngatai","Charlie Ngatai",1990-08-17,"Gisborne; New Zealand",NA,NA,187,"Centre; Fullback"
"Q5105887","Chris Bentley","Chris Bentley",1979-05-24,"Sunderland",NA,NA,198,"2nd Row"
"Q5106607","Chris Fusaro","Chris Fusaro",1989-07-21,"Kirkcaldy",NA,NA,181,"Flanker"
"Q5106759","Chris Hala'ufia","Chris Hala'ufia",1978-10-24,"Neiafu (Vavaʻu)",NA,NA,193,"Number 8; Flanker"
"Q5106860","Chris Henry","Chris Henry",1984-10-17,"Belfast",NA,NA,191,"Flanker"
"Q5107115","Chris King","Chris King",1981-04-30,"Ashburton; New Zealand",NA,NA,186,"Prop"
"Q5107729","Chris Pennell","Chris Pennell",1987-04-26,"Worcester; England",NA,NA,183,"Fullback"
"Q5108317","Chris Tuatara-Morrison","Chris Tuatara-Morrison",1986-09-11,"Hastings; New Zealand",NA,NA,189,"Centre"
"Q5109832","Christian Lealiifano","Christian Leali'ifano",1987-09-24,"Auckland",NA,NA,179,"Centre; Fly-Half"
"Q5110257","Christian Wade","Christian Wade",1991-05-15,"Slough",NA,NA,178,"Winger"
"Q5114530","Chrysander Botha","Chrysander Botha",1988-07-13,"Walvis Bay",NA,NA,188,"Fullback; Winger; Fly-Half"
"Q5119140","Ciaran Hearn","Ciaran Hearn",1985-12-30,"Conception Bay South",NA,NA,190,"Centre; Winger; Fullback"
"Q5139034","Cobus Reinach","Cobus Reinach",1990-02-07,"Bloemfontein",NA,NA,175,"Scrum-Half"
"Q5140290","Codie Taylor","Codie Taylor",1991-03-31,"Levin; New Zealand",NA,NA,183,"Hooker"
"Q5140724","Coenie Oosthuizen","Coenie Oosthuizen",1989-03-22,"Potchefstroom",NA,NA,181,"Tighthead Prop"
"Q5142022","Colby Fainga'a","Colby Fainga'a",1991-03-31,"Queanbeyan",NA,NA,182,"3rd Row"
"Q5145158","Colin Greenwood","Colin Greenwood",1936-01-25,"Cape Town",1998-10-03,"George; South Africa",NA,"Centre"
"Q5145159","Colin Gregor","Colin Gregor",1981-05-31,"Glasgow",NA,NA,178,"Fly-Half; Scrum-Half"
"Q5147387","Collins Injera","Collins Injera",1986-10-18,"Nairobi",NA,NA,186,"Winger"
"Q5162305","Conor Trainor","Conor Trainor",1989-12-05,"Vancouver",NA,NA,188,"Centre; Winger"
"Q5167835","Cooper Vuna","Cooper Vuna",1987-07-05,"Auckland",NA,NA,180,"Winger; Centre"
"Q5171074","Cornal Hendricks","Cornal Hendricks",1988-04-18,"Paarl",NA,NA,188,"Winger; Centre"
"Q5171577","Cornell du Preez","Cornell du Preez",1991-03-23,"Gqeberha",NA,NA,190,"Number 8; Flanker"
"Q5173537","Cory Allen","Cory Allen",1993-02-11,"Cardiff",NA,NA,191,"Centre"
"Q5180780","Craig Burden","Craig Burden",1985-05-13,"Durban",NA,NA,184,"Hooker"
"Q5181251","Craig Moir","Craig Moir",1973-09-25,"Aberdeen",NA,NA,178,"Centre; Winger"
"Q5181605","Craig Wing","Craig Wing",1979-12-26,"Sydney",NA,NA,180,"Centre; Fly-Half"
"Q5205318","DJ Forbes","DJ Forbes",1982-12-15,"Auckland",NA,NA,189,"Flanker"
"Q5212361","Damian de Allende","Damian de Allende",1991-11-25,"Cape Town",NA,NA,189,"Centre"
"Q5212427","Damien Fitzpatrick","Damien Fitzpatrick",1989-06-08,"Sydney",NA,NA,183,"Hooker"
"Q5212528","Damien Tussac","Damien Tussac",1988-01-02,"Avignon",NA,NA,192,"Tighthead Prop"
"Q5214106","Dan Norton","Dan Norton",1988-03-22,"Gloucester",NA,NA,182,"Winger; Fullback"
"Q5214161","Dan Palmer","Dan Palmer",1988-09-13,"Shellharbour; New South Wales",NA,NA,180,"Prop"
"Q5214295","Dan Robson","Dan Robson",1992-03-14,"Stoke-on-Trent",NA,NA,171,"Scrum-Half"
"Q5214513","Dan Tuohy","Dan Tuohy",1985-06-18,"Bristol",NA,NA,195,"2nd Row"
"Q5215794","Dane Coles","Dane Coles",1986-12-10,"Paraparaumu",NA,NA,186,"Hooker"
"Q5216633","Daniel Bowden","Dan Bowden",1986-04-01,"Auckland",NA,NA,178,"Fly-Half; Centre"
"Q5216748","Daniel Caprice","Daniel Caprice",1989-10-20,"Chatham; Kent",NA,NA,178,"Winger"
"Q5217402","Daniel Halangahu","Daniel Halangahu",1984-03-06,"Belmont; New South Wales",NA,NA,178,"Fly-Half"
"Q5217805","Daniel Kirkpatrick","Daniel Kirkpatrick",1988-11-28,"Napier; New Zealand",NA,NA,181,"Fly-Half; Inside Centre"
"Q5218539","Daniel Ramsay","Daniel Ramsay",1984-06-01,"Invercargill",NA,NA,197,"2nd Row"
"Q5222833","Dario Chistolini","Dario Chistolini",1988-09-14,"Kempton Park; South Africa",NA,NA,180,"Prop"
"Q5224836","Darren Cave","Darren Cave",1987-04-05,"Holywood; County Down",NA,NA,183,"Centre"
"Q5225185","Darren Sweetnam","Darren Sweetnam",1993-05-05,"Dunmanway",NA,NA,187,"Winger; Fullback"
"Q5228266","Dave Attwood","Dave Attwood",1987-04-05,"Bristol",NA,NA,200,"2nd Row"
"Q5228658","Dave Dennis","Dave Dennis",1986-01-10,"Sydney",NA,NA,192,"2nd Row"
"Q5228747","Dave Ewers","Dave Ewers",1990-11-03,"Harare",NA,NA,193,"Number 8; Flanker"
"Q5229486","Dave O'Callaghan","Dave O'Callaghan",1990-01-12,"Youghal",NA,NA,193,"2nd Row; Flanker"
"Q5229656","Dave Rennie","Dave Rennie",1963-11-22,"Lower Hutt",NA,NA,NA,"Centre"
"Q5230029","Dave Valentine","Dave Valentine",1926-09-12,"Hawick",1976-08-14,"Leeds",NA,"Flanker"
"Q5233307","David Egerton","Dave Egerton",1961-10-19,"Pinner",2021-02-08,"Bristol",196,"Number 8"
"Q5235886","David Kearney","David Kearney",1989-07-19,"County Louth",NA,NA,180,"Winger; Fullback"
"Q5235997","David Kilcoyne","David Kilcoyne",1988-12-14,"Limerick",NA,NA,185,"Loosehead Prop"
"Q5239883","David Smith","David Smith",1986-10-12,"Manase",NA,NA,172,"Winger"
"Q5241562","Davide Giazzon","Davide Giazzon",1986-01-16,"Mestre",NA,NA,183,"Hooker"
"Q5242225","Davy Tweed","Davy Tweed",1959-11-13,"Ballymoney",2021-10-28,"County Antrim",195,"2nd Row"
"Q5242685","Dawson Turner","Dawson Turner",1846-12-15,NA,1909-02-25,NA,NA,NA
"Q5249340","Declan Fitzpatrick","Declan Fitzpatrick",1983-07-12,"Bromsgrove",NA,NA,185,"Prop"
"Q5255212","Demetri Catrakilis","Demetri Catrakilis",1989-07-06,"Johannesburg",NA,NA,178,"Fly-Half"
"Q5260001","Deon Fourie","Deon Fourie",1986-09-25,"Pretoria",NA,NA,177,"Flanker; Number 8; Hooker"
"Q5267522","Devin Toner","Devin Toner",1986-06-29,"Moynalvey",NA,NA,211,"2nd Row"
"Q5290466","Dominic Bird","Dominic Bird",1991-04-09,"Waipukurau",NA,NA,206,"2nd Row"
"Q5290516","Dominic Day","Dominic Day",1985-08-22,"Haverfordwest",NA,NA,198,"2nd Row"
"Q5290640","Dominic Ryan","Dominic Ryan",1990-03-28,"Dublin",NA,NA,193,"Flanker"
"Q5291007","Dominiko Waqaniburotu","Dominiko Waqaniburotu",1986-04-20,"Suva",NA,NA,196,"Flanker; Number 8; 2nd Row"
"Q5292168","Don Armand","Don Armand",1988-09-23,"Harare",NA,NA,178,"Flanker"
"Q5301125","Dougie Fife","Dougie Fife",1990-08-08,"Edinburgh",NA,NA,188,"Winger; Fullback; Centre"
"Q5310394","Duane Vermeulen","Duane Vermeulen",1986-07-03,"Mbombela",NA,NA,193,"Number 8; Flanker"
"Q5314320","Duncan Cumming","Duncan Cumming",1903-08-10,NA,1979-12-10,NA,NA,"Number 8"
"Q5314649","Duncan Weir","Duncan Weir",1991-05-10,"Rutherglen",NA,NA,173,"Fly-Half"
"Q5326068","Earl Rose","Earl Rose",1984-01-12,"Strand; Western Cape",NA,NA,179,"Fullback; Fly-Half"
"Q5334993","Ed Jenkins","Ed Jenkins",1986-05-26,"Sydney",NA,NA,187,"Winger"
"Q5335414","Ed Slater","Ed Slater",1988-08-01,"Leicester",NA,NA,196,"2nd Row; 3rd Row"
"Q5346514","Edwin Hewitt","Edwin Hewitt",1988-03-28,"Pretoria",NA,NA,196,"2nd Row"
"Q5360339","Eli Walker","Eli Walker",1992-03-28,"Swansea",NA,NA,183,"Winger"
"Q5365477","Elliot Dixon","Elliot Dixon",1989-09-04,"Christchurch",NA,NA,193,"Flanker; Number 8"
"Q5367852","Elton Jantjies","Elton Jantjies",1990-08-01,"Graaff-Reinet",NA,NA,176,"Fly-Half"
"Q5368244","Elvis Taione","Elvis Taione",1983-05-25,"Nukuʻalofa",NA,NA,180,"Hooker"
"Q5386535","Eric Fry","Eric Fry",1987-09-14,"Davis; California",NA,NA,193,"Prop"
"Q5387108","Eric Milroy","Eric Milroy",1887-12-04,"Edinburgh",1916-07-18,"Battle of Delville Wood",NA,"Scrum-Half"
"Q5387524","Eric Sione","Eric Sione",1992-10-29,"Wellington",NA,NA,184,"Prop"
"Q5394365","Ernie Booth","Ernest Booth",1876-02-24,"Teschmakers",1935-10-18,"Christchurch",170,"Fullback"
"Q5394440","Ernie Crawford","Ernie Crawford",1891-11-17,"Belfast",1959-01-12,"Belfast",NA,"Fullback"
"Q5407466","Eugene Luther Vidal","Eugene Luther Vidal",1895-04-13,NA,1969-02-20,NA,NA,NA
"Q5423222","Ezequiel Jurado","Ezequiel Jurado",1973-04-17,"Rosario",NA,NA,185,"Fullback"
"Q5429649","Faifili Levave","Faifili Levave",1986-01-15,"Wellington",NA,NA,192,"Number 8; Flanker"
"Q5431837","Fale Simitaitoko","Bad Luck Fale",NA,NA,NA,NA,NA,NA
"Q5433818","Fangatapu Apikotoa","Fangatapu Apikotoa",1983-08-31,"Nukuʻalofa",NA,NA,183,"Fly-Half; Centre; Fullback"
"Q5439275","Fe'ao Vunipola","Fe'ao Vunipola",1969-01-06,NA,NA,NA,178,"Hooker"
"Q5442242","Felix Jones","Felix Jones",1987-08-05,"Dublin",NA,NA,185,"Fullback; Winger"
"Q5445997","Fetu'u Vainikolo","Fetu'u Vainikolo",1985-01-30,"Tongatapu",NA,NA,182,"Winger"
"Q5449188","Filo Paulo","Filo Paulo",1987-11-06,"Wellington",NA,NA,200,"2nd Row"
"Q5451138","Fionn Carr","Fionn Carr",1985-12-17,"Ardclough",NA,NA,180,"Winger"
"Q5459680","Flip van der Merwe","Flip van der Merwe",1985-06-03,"Potchefstroom",NA,NA,198,"2nd Row"
"Q5478656","Andrea Pratichetti","Andrea Pratichetti",1988-11-26,"Rome",NA,NA,183,"Centre; Winger"
"Q5481400","Francis Isherwood","Francis Isherwood",1851-10-16,NA,1888-04-30,NA,NA,NA
"Q5481940","Francis Moncreiff","Francis Moncreiff",1849-08-27,NA,1900-05-30,NA,NA,NA
"Q5482378","Francis Saili","Francis Saili",1991-02-16,"Auckland",NA,NA,180,"Centre; Winger"
"Q5483434","Francisco Gómez Kodela","Francisco Gómez Kodela",1985-07-07,"Buenos Aires",NA,NA,184,"Tighthead Prop"
"Q5484584","Franco Mostert","Franco Mostert",1990-11-27,"Welkom",NA,NA,198,"2nd Row; Flanker"
"Q5484677","Francois Venter","François Venter",1991-04-19,"Bloemfontein",NA,NA,185,"Centre"
"Q5484684","Faf de Klerk","Faf de Klerk",1991-10-19,"Mbombela",NA,NA,172,"Scrum-Half"
"Q5487066","Frank Halai","Frank Halai",1988-03-06,"Pangai",NA,NA,195,"Winger; Centre"
"Q5489975","Frank Tobin","Frank Tobin",1849-09-23,NA,1927-02-06,NA,NA,NA
"Q5490324","Frank Whitcombe","Frank Whitcombe",1913-05-29,"Grangetown; Cardiff",1958-01-17,"Keighley",NA,"Prop"
"Q5492374","Frans Malherbe","Frans Malherbe",1991-03-14,"Bredasdorp",NA,NA,190,"Prop"
"Q5504964","Fritz Lee","Fritz Lee",1988-08-29,"Moto'otua",NA,NA,190,"Number 8; Flanker"
"Q5508557","Fumiaki Tanaka","Fumiaki Tanaka",1985-01-03,"Kyoto",NA,NA,165,"Scrum-Half"
"Q5516587","Gael Tallec","Gaël Tallec",1976-08-15,"Tonneins",NA,NA,186,"Number 8"
"Q5522780","Gareth Anscombe","Gareth Anscombe",1991-05-10,"Auckland",NA,NA,184,"Fly-Half; Fullback"
"Q5522976","Gareth Steenson","Gareth Steenson",1984-04-05,"Armagh",NA,NA,178,"Fly-Half"
"Q5534256","Geoff Parling","Geoff Parling",1983-10-28,"Stockton-on-Tees",NA,NA,198,"2nd Row"
"Q5536963","George Biagi","George Biagi",1985-10-04,"Irvine; North Ayrshire",NA,NA,198,"2nd Row"
"Q5537767","George Cawkwell","George Cawkwell",1919-10-25,NA,2019-02-18,NA,NA,"2nd Row"
"Q5539171","George Fairbairn","George Fairbairn",1954-07-25,"Peebles",NA,NA,NA,NA
"Q5539348","George Ford","George Ford",1993-03-16,"Oldham",NA,NA,175,"Fly-Half"
"Q5541430","George Kruis","George Kruis",1990-02-22,"Guildford",NA,NA,198,"2nd Row; Flanker"
"Q5542321","George McGuigan","George McGuigan",1993-03-30,"Northallerton",NA,NA,183,"Hooker"
"Q5542527","George Moala","George Moala",1990-11-05,"Auckland",NA,NA,188,"Centre; Winger"
"Q5553180","Gert Coetzer","Gert Coetzer",1938-01-01,"Bloemfontein",2018-11-10,"Pretoria",NA,"Winger"
"Q5585242","Gordon Hamilton","Gordon Hamilton",1964-05-13,"Belfast",NA,NA,NA,"Flanker"
"Q5585722","Gordon Reid","Gordon Reid",1987-03-04,"Irvine; North Ayrshire",NA,NA,188,"Loosehead Prop"
"Q5592987","Graham Kitchener","Graham Kitchener",1989-09-29,"Bromley",NA,NA,198,"2nd Row"
"Q5596226","Grant Gilchrist","Grant Gilchrist",1990-08-09,"Stirling",NA,NA,202,"2nd Row"
"Q5606132","Greg Peterson","Greg Peterson",1991-03-26,"Sydney",NA,NA,204,"2nd Row"
"Q5607292","Greig Tonks","Greig Tonks",1989-05-20,"Pretoria",NA,NA,185,"Fullback; Fly-Half; Centre"
"Q5627947","H.J.C. Turner","Henry Turner",1850-01-23,NA,1900-01-01,NA,NA,NA
"Q5639081","Haig Sare","Haig Sare",1982-03-25,NA,NA,NA,183,"Winger; Centre"
"Q5641082","Halani Aulika","Halani Aulika",1983-08-31,"Angahaeua",NA,NA,185,"Prop"
"Q5641428","Hale T-Pole","Hale T-Pole",1979-04-30,"Longolongo",NA,NA,193,"Flanker; Number 8; 2nd Row"
"Q5642749","Hallam Amos","Hallam Amos",1994-09-24,"Stockport",NA,NA,186,"Fullback; Winger"
"Q5645355","Hamish Gard","Hamish Gard",1985-06-21,"Palmerston North",NA,NA,183,"Centre; Fly-Half"
"Q5649103","Hannes Franklin","Johannes Franklin",1981-10-06,"Randfontein",NA,NA,181,"Hooker"
"Q5710794","Hely Hutchinson Almond","Hely Hutchinson Almond",1832-08-12,NA,1903-03-07,NA,NA,NA
"Q5721042","Henry Fa'afili","Henry Fa'afili",1980-05-30,"Moto'otua",NA,NA,181,"Centre; Winger"
"Q5727284","Henry Pyrgos","Henry Pyrgos",1989-07-21,"Dorchester; Dorset",NA,NA,177,"Scrum-Half"
"Q5728379","Henry Slade","Henry Slade",1993-03-19,"Plymouth",NA,NA,188,"Fly-Half; Centre"
"Q5728534","Henry Speight","Henry Speight",1988-03-25,"Suva",NA,NA,186,"Winger; Centre"
"Q5760460","Hikawera Elliot","Hikawera Elliot",1986-01-22,"Hastings; New Zealand",NA,NA,186,"Hooker"
"Q5865298","Francisco Borrell",NA,NA,NA,NA,NA,NA,NA
"Q5872356","Hitoshi Ōno","Hitoshi Ono大野均",1978-05-06,"Kōriyama",NA,NA,192,"2nd Row"
"Q5906138","Horsey Browne","William F. Browne",1903-01-29,NA,1931-05-23,NA,NA,"Hooker"
"Q5906499","Horst Kemmling","Horst Kemmling",NA,NA,NA,NA,NA,"Centre"
"Q5927194","Hubert Buydens","Hubert Buydens",1982-01-04,"Saskatoon",NA,NA,190,"Prop"
"Q5928928","Hudson Tonga'uiha","Hudson Tonga'uiha",1983-11-16,"Tongatapu",NA,NA,180,"Centre; Fullback"
"Q5930054","Hugh Blake","Hugh Blake",1992-09-10,"Tauranga",NA,NA,187,"Flanker"
"Q5932415","Hugh Pyle","Hugh Pyle",1988-09-21,"Sydney",NA,NA,200,"2nd Row; Flanker"
"Q5934928","Huia Edmonds","Huia Edmonds",1981-10-20,"Ashburton; New Zealand",NA,NA,182,"Hooker"
"Q5980469","Iain Henderson","Iain Henderson",1992-02-21,"Craigavon",NA,NA,198,"2nd Row; Flanker"
"Q5981131","Ian Campbell","Ian Campbell",1928-05-15,"Valparaíso",2022-11-09,NA,188,"Fly-Half; Centre"
"Q5981557","Ian Foster","Ian Foster",1965-05-01,"Putāruru",NA,NA,NA,"Fly-Half"
"Q5981945","Ian Keatley","Ian Keatley",1987-04-01,"Dublin",NA,NA,178,"Fly-Half"
"Q5982176","Ian Madigan","Ian Madigan",1989-03-21,"Dublin",NA,NA,181,"Fly-Half; Centre"
"Q5982638","Ian Prior","Ian Prior",1990-08-21,"Bundaberg",NA,NA,179,"Scrum-Half; Fly-Half"
"Q6006485","Matthew Nable","Matthew Nable",NA,NA,NA,NA,NA,NA
"Q6072767","Andrea Rinaldo","Andrea Rinaldo",1954-09-13,NA,NA,NA,NA,"2nd Row"
"Q6106067","J. J. Hanrahan","J. J. Hanrahan",1992-07-27,"Currow",NA,NA,183,"Fly-Half; Centre; Fullback"
"Q6107048","J. S. Thomson","John Shaw Thomson",1845-08-09,NA,1925-05-22,NA,NA,NA
"Q6107904","JC Janse van Rensburg","JC Janse van Rensburg",1986-01-09,"Prince Albert; South Africa",NA,NA,185,"Prop"
"Q6108305","JJ Engelbrecht","JJ Engelbrecht",1989-02-22,"Gqeberha",NA,NA,191,"Centre; Winger"
"Q6108758","JP Doyle",NA,NA,NA,NA,NA,NA,NA
"Q6108776","JP du Plessis","JP du Plessis",1991-04-29,"Kroonstad",NA,NA,184,"Centre"
"Q6110565","Rodolfo O'Reilly","Rodolfo O'Reilly",1939-01-01,NA,2018-06-20,NA,NA,NA
"Q6111032","Jack Arigho","Jack Arigho",1907-07-10,"Dublin",1999-11-29,"Dublin",NA,"Winger"
"Q6112148","Jack Dormand","Jack Dormand",1919-08-27,NA,2003-12-18,NA,NA,NA
"Q6113567","Jack Lam","Jack Lam",1987-11-18,"Hamilton; New Zealand",NA,NA,188,"Flanker; Number 8"
"Q6114000","Jack McGrath","Jack McGrath",1989-10-11,"Dublin",NA,NA,185,"Loosehead Prop"
"Q6117803","Jackson Willison","Jackson Willison",1988-09-05,"Hamilton; New Zealand",NA,NA,183,"Centre"
"Q6117806","Jackson Wray","Jackson Wray",1990-11-10,"Sunderland",NA,NA,188,"Number 8; Flanker"
"Q6118187","Jaco Kriel","Jaco Kriel",1989-08-21,"Standerton",NA,NA,184,"Flanker"
"Q6119614","Yoshikazu Fujita","Yoshikazu Fujita藤田慶和",1993-09-28,"Kyoto",NA,NA,184,"Winger; Fullback"
"Q6120333","Jacques-Louis Potgieter","Jacques-Louis Potgieter",1984-09-02,"Pretoria",NA,NA,178,"Fly-Half; Centre"
"Q6120814","Jacques Potgieter","Jacques Potgieter",1986-04-24,"Gqeberha",NA,NA,194,"Flanker; Number 8; 2nd Row"
"Q6124556","Jake Ball","Jake Ball",1991-06-21,"Ascot; Berkshire",NA,NA,197,"2nd Row"
"Q6124971","Jake Schatz","Jake Schatz",1990-07-25,"Logan City",NA,NA,190,"Number 8; Flanker"
"Q6130245","James Broadhurst","James Broadhurst",1987-12-01,"Kaitaia",NA,NA,200,"2nd Row"
"Q6131782","James Coughlan","James Coughlan",1980-12-09,"Cork (city)",NA,NA,191,"Number 8"
"Q6133885","James Finlay","James Finlay",1852-04-08,NA,1930-01-25,NA,NA,NA
"Q6135513","James Hanson","James Hanson",1988-09-15,"Brisbane",NA,NA,183,"Hooker"
"Q6136920","James Johnston","James Johnston",1986-03-06,"Auckland",NA,NA,188,"Prop"
"Q6137343","James King","James King",1990-07-24,"Wodonga",NA,NA,193,"2nd Row; Flanker"
"Q6140975","James Parsons","James Parsons",1986-11-27,"Palmerston North",NA,NA,185,"Hooker"
"Q6142352","James Rodwell","James Rodwell",1984-08-23,NA,NA,NA,195,NA
"Q6142583","James Ryan","James Ryan",1887-02-08,NA,1957-07-17,NA,NA,"Fullback"
"Q6143508","James Stannard","James Stannard",1983-02-21,"Brisbane",NA,NA,174,"Scrum-Half; Fly-Half"
"Q6146928","Jamie George","Jamie George",1990-10-20,"Welwyn Garden City",NA,NA,183,"Hooker"
"Q6147152","Jamie Mackintosh","Jamie Mackintosh",1985-02-20,"Invercargill",NA,NA,193,"Prop"
"Q6147865","Jamison Gibson-Park","Jamison Gibson-Park",1992-05-10,"Great Barrier Island",NA,NA,176,"Scrum-Half"
"Q6150987","Jandré Marais","Jandré Marais",1989-06-14,"Welkom",NA,NA,198,"2nd Row"
"Q6155254","Jano Vermaak","Jano Vermaak",1985-01-01,"Graaff-Reinet",NA,NA,170,"Scrum-Half"
"Q6160072","Jared Payne","Jared Payne",1985-10-13,"Tauranga",NA,NA,188,"Fullback; Centre; Winger"
"Q6160912","Jarrad Hoeata","Jarrad Hoeata",1983-12-12,"Tauranga",NA,NA,196,"2nd Row; Number 8"
"Q6163044","Jason Marshall","Jason Marshall",1985-02-05,"North Vancouver",NA,NA,190,"Prop"
"Q6167740","Jayden Hayward","Jayden Hayward",1987-02-11,"Hāwera",NA,NA,185,"Fullback; Centre; Fly-Half"
"Q6170545","Jean Deysel","Jean Deysel",1985-03-05,"Virginia",NA,NA,191,"Flanker; Number 8; 2nd Row"
"Q6172593","Jed Holloway","Jed Holloway",1992-11-02,"Wollongong",NA,NA,196,"Flanker; Number 8; 2nd Row"
"Q6173363","Jeff Blackett","Jeff Blackett",1955-05-20,NA,NA,NA,NA,NA
"Q6175780","Jeffery Toomaga-Allen","Jeffery Toomaga-Allen",1990-11-19,"Wellington",NA,NA,192,"Prop"
"Q6186674","Jesse Mogg","Jesse Mogg",1989-06-08,"Brisbane",NA,NA,187,"Fullback"
"Q6194118","Jim Challinor","James Challinor",1934-08-02,"Warrington",1976-12-18,"Warrington",NA,"Winger; Centre"
"Q6210101","Joe Gray","Joe Gray",1988-08-05,"Nottingham",NA,NA,185,"Hooker"
"Q6211121","Joe Marler","Joe Marler",1990-07-07,"Eastbourne",NA,NA,183,"Prop"
"Q6211415","Joe Moody","Joe Moody",1988-09-18,"Christchurch",NA,NA,188,"Prop"
"Q6214051","Joel Tomkins","Joel Tomkins",1987-03-21,"Warrington",NA,NA,188,"Centre"
"Q6216222","Johann Sadie","Johann Sadie",1989-01-23,"Malmesbury; South Africa",NA,NA,187,"Centre"
"Q6219469","John Arthur","John Arthur",1848-04-25,NA,1921-03-15,NA,NA,NA
"Q6226295","John Clayton","John Clayton",1848-08-24,NA,1924-03-21,NA,NA,NA
"Q6227039","John Cooney","John Cooney",1990-05-01,"Dublin",NA,NA,178,"Scrum-Half"
"Q6227064","John Cootes","John Cootes",1944-08-19,NA,NA,NA,NA,"Centre; Winger"
"Q6228535","John Daniell","John Daniell",1972-01-18,NA,NA,NA,200,"2nd Row"
"Q6231213","John Edmund Bentley","John Edmund Bentley",1847-01-01,NA,1913-12-12,NA,NA,NA
"Q6233322","John Fitzgerald","John Fitzgerald",1961-08-21,NA,NA,NA,NA,NA
"Q6233535","John Fogarty","John Fogarty",1977-10-18,"Cork (city)",NA,NA,180,"Hooker"
"Q6237719","John Hardie","John Hardie",1988-07-27,"Lumsden; New Zealand",NA,NA,183,"Flanker"
"Q6244935","John Lisle Hall MacFarlane","John McFarlane",1851-06-19,NA,1874-03-17,NA,NA,NA
"Q6245547","John Luscombe","John Luscombe",1848-05-25,NA,1937-04-03,NA,NA,NA
"Q6246872","John Marshall Dugdale","John Dugdale",1851-10-15,NA,1918-10-30,NA,NA,NA
"Q6249732","John Muldoon","John Muldoon",1982-11-30,"Portumna",NA,NA,192,"Number 8; Flanker"
"Q6251030","John O'Shea","John O'Shea",1940-06-02,"Weston-super-Mare",2024-04-24,NA,NA,"Prop"
"Q6253061","John Plumtree","John Plumtree",1965-07-16,"Hāwera",NA,NA,191,"Flanker; 2nd Row"
"Q6255264","John Robins","John Robins",1926-05-17,"Cardiff",2007-02-21,"Cardiff",NA,"Prop"
"Q6267114","Johnny Leota","Johnny Leota",1984-01-21,"Palmerston North",NA,NA,183,"Centre"
"Q6267266","Johnny McNicholl","Johnny McNicholl",1990-09-24,"Christchurch",NA,NA,185,"Winger; Fullback"
"Q6273441","Jonathan Humphreys","Jonathan Humphreys",1969-02-27,"Bridgend",NA,NA,NA,"Hooker"
"Q6273512","Jonathan Joseph","Jonathan Joseph",1991-05-21,"Derby",NA,NA,183,"Centre; Winger"
"Q6275444","Jonetani Ralulu","Jonetani Ralulu",1986-09-30,"Sigatoka",NA,NA,189,"Fly-Half"
"Q6275792","Jonny May","Jonny May",1990-04-01,"Swindon",NA,NA,188,"Winger; Centre"
"Q6277087","Jordan Turner-Hall","Jordan Turner-Hall",1988-01-05,"London Borough of Camden",NA,NA,183,"Centre"
"Q6277480","Jordi Murphy","Jordi Murphy",1991-04-22,"Barcelona",NA,NA,188,"Flanker; Number 8"
"Q6280152","Josef Schmidt","Joe Schmidt",1965-09-12,"New Plymouth",NA,NA,NA,"Winger"
"Q6283571","Joseph Green","Joseph Green",1846-04-28,NA,1923-08-28,NA,NA,NA
"Q6287450","Joseph Tomane","Joe Tomane",1990-02-11,"Palmerston North",NA,NA,190,"Winger; Centre"
"Q6288752","Josh Charnley","Josh Charnley",1991-06-26,"Chorley",NA,NA,185,"Winger; Centre"
"Q6289200","Josh Navidi","Josh Navidi",1990-12-30,"Bridgend",NA,NA,185,"Flanker; Number 8"
"Q6289409","Josh Strauss","Josh Strauss",1986-10-23,"Bellville; South Africa",NA,NA,193,"Number 8; Flanker"
"Q6289429","Josh Tatupu","Josh Tatupu",1986-11-06,"Christchurch",NA,NA,184,"Centre; Winger"
"Q6289460","Josh Turnbull","Josh Turnbull",1988-03-12,"Haverfordwest",NA,NA,193,"Flanker; Number 8; 2nd Row"
"Q6289830","Joshua Furno","Joshua Furno",1989-10-21,"Melbourne",NA,NA,199,"Flanker; 2nd Row"
"Q6290041","Joshua Mann-Rea","Josh Mann-Rea",1981-02-19,"Narromine",NA,NA,181,"Hooker"
"Q6301499","Juandré Kruger","Juandré Kruger",1985-09-06,"Cape Town",NA,NA,199,"2nd Row; Flanker"
"Q6313483","Junior Tomasi Cama","Tomasi Cama",1980-11-11,"Suva",NA,NA,175,"Winger"
"Q6343837","Kabamba Floors","Kabamba Floors",1980-11-15,"Oudtshoorn",NA,NA,175,"Flanker; Number 8; Winger"
"Q6361772","Kane Barrett","Kane Barrett",1990-04-16,"New Plymouth",NA,NA,194,"Flanker; 2nd Row"
"Q6361791","Kane Douglas","Kane Douglas",1989-06-01,"Maclean; New South Wales",NA,NA,202,"2nd Row"
"Q6371712","Karl Dickson","Karl Dickson",1982-08-02,"Salisbury",NA,NA,175,"Scrum-Half"
"Q6372784","Nick Cummins","Nick Cummins",1987-10-05,"Port Macquarie",NA,NA,189,"Winger; Centre"
"Q6383645","Keiji Hirose","Keiji Hirose廣瀬 佳司",1973-04-16,"Osaka",NA,NA,170,"Fly-Half"
"Q6384351","Keith Fielding","Keith Fielding",1949-07-08,"Birmingham",NA,NA,NA,"Winger"
"Q6384804","Keith Murdoch","Keith Murdoch",1943-09-09,"Dunedin",2018-02-27,"Carnarvon; Western Australia",183,"Prop"
"Q6391168","Kenny Murphy","Kenny Murphy",1966-07-21,NA,NA,NA,NA,"Fullback"
"Q6405342","Kieran Brookes","Kieran Brookes",1990-08-29,"Stoke-on-Trent",NA,NA,188,"Prop"
"Q6405414","Kieran Marmion","Kieran Marmion",1992-02-11,"Barking; London",NA,NA,178,"Scrum-Half"
"Q6405531","Kieron Fonotia","Kieron Fonotia",1988-02-02,"Christchurch",NA,NA,185,"Centre; Winger"
"Q6429722","Konrad Hurrell","Konrad Hurrell",1991-08-05,"Tongatapu",NA,NA,183,NA
"Q6437885","Kristian Dacey","Kristian Dacey",1989-07-25,"Merthyr Tydfil",NA,NA,188,"Hooker"
"Q6442960","Kuli Faletau","Kuli Faletau",1963-12-30,"Nukuʻalofa",NA,NA,197,"2nd Row"
"Q6451162","Kyle Godwin","Kyle Godwin",1992-07-30,"Harare",NA,NA,187,"Centre; Fly-Half; Winger"
"Q6513447","Lee Dickson","Lee Dickson",1985-03-29,"Verden; Aller",NA,NA,178,"Scrum-Half"
"Q6514186","Lee Jones","Lee Jones",1988-06-28,"Edinburgh",NA,NA,180,"Winger"
"Q6524830","Leon Power","Leon Power",1986-02-27,"Sydney",NA,NA,200,"2nd Row"
"Q6534842","Levan Chilachava","Levan Chilachava",1991-08-17,"Sukhumi",NA,NA,188,"Prop"
"Q6539548","Liam Davies","Liam Davies",1986-05-10,"Llangennech",NA,NA,178,"Scrum-Half"
"Q6539609","Liam Gill","Liam Gill",1992-06-08,"Melbourne",NA,NA,184,"Flanker"
"Q6539846","Liam Williams","Liam Williams",1991-04-09,"Morriston",NA,NA,188,"Winger; Fullback"
"Q6548834","Lima Sopoaga","Lima Sopoaga",1991-02-03,"Wellington",NA,NA,175,"Fly-Half; Fullback"
"Q6555717","Lionel Mapoe","Lionel Mapoe",1988-07-13,"Gqeberha",NA,NA,182,"Centre; Winger"
"Q6660639","Lizo Gqoboka","Lizo Gqoboka",1990-03-24,"Ntabankulu",NA,NA,183,"Prop"
"Q6667867","Logovi'i Mulipola","Logovi'i Mulipola",1987-03-11,"Manono Island",NA,NA,192,"Prop"
"Q6668872","Lolagi Visinia","Lolagi Visinia",1993-01-17,"Auckland",NA,NA,194,"Winger; Fullback"
"Q6674905","Lood de Jager","Lood de Jager",1992-12-17,"Alberton; South Africa",NA,NA,206,"2nd Row"
"Q6676166","Lopeti Timani","Lopeti Timani",1990-09-28,"Tonga",NA,NA,193,"Number 8; Flanker; 2nd Row"
"Q6689800","Lourens Adriaanse","Lourens Adriaanse",1988-02-05,"Cape Town",NA,NA,180,"Tighthead Prop"
"Q6701824","Luke Braid","Luke Braid",1988-10-05,"Tauranga",NA,NA,185,"Flanker"
"Q6701893","Luke Cowan-Dickie","Luke Cowan-Dickie",1993-06-20,"Truro",NA,NA,184,"Hooker"
"Q6702081","Luke Jones","Luke Jones",1991-04-02,"Sydney",NA,NA,196,"2nd Row; Flanker"
"Q6702129","Luke Marshall","Luke Marshall",1991-03-03,"Ballymoney",NA,NA,180,"Centre"
"Q6702308","Luke Romano","Luke Romano",1986-02-16,"Nelson; New Zealand",NA,NA,199,"2nd Row"
"Q6702393","Luke Thompson","Luke Thompson",1981-04-16,"Christchurch",NA,NA,196,"2nd Row; Flanker"
"Q6705518","Luther Burrell","Luther Burrell",1987-12-06,"Huddersfield",NA,NA,191,"Centre"
"Q6706963","Lwazi Mvovo","Lwazi Mvovo",1986-06-03,"Mthatha",NA,NA,185,"Winger; Fullback"
"Q6720569","Ma'afu Fia","Ma'afu Fia",1989-11-22,"Tongatapu",NA,NA,178,"Prop"
"Q6721068","Maama Molitika","Maama Molitika",1974-08-26,"Haʻapai",NA,NA,196,"Flanker; Number 8"
"Q6741136","Malakai Fekitoa","Malakai Fekitoa",1992-05-10,"Haʻapai",NA,NA,187,"Centre; Winger"
"Q6752744","Manuel Montero","Manuel Montero",1991-11-20,"Buenos Aires",NA,NA,194,"Winger"
"Q6756059","Marcel Brache","Marcel Brache",1987-10-15,"Los Angeles",NA,NA,190,"Centre; Winger; Fullback"
"Q6756262","Marcel van der Merwe","Marcel van der Merwe",1990-10-24,"Welkom",NA,NA,188,"Prop"
"Q6768725","Mark Mapletoft","Mark Mapletoft",1971-12-25,"Mansfield",NA,NA,170,"Fly-Half; Fullback"
"Q6769468","Mark Robertson","Mark Robertson",1984-12-31,"Melrose; Scottish Borders",NA,NA,188,"Winger"
"Q6770385","Mark Wilson","Mark Wilson",1989-10-06,"Kendal",NA,NA,190,"Number 8; Right Winger"
"Q6772261","Marnus Schoeman","Marnus Schoeman",1989-02-09,"Edenvale; South Africa",NA,NA,180,"Flanker"
"Q6777798","Martín Landajo","Martín Landajo",1988-06-14,"Buenos Aires",NA,NA,177,"Scrum-Half"
"Q6788345","Matt Berquist","Matt Berquist",1983-05-01,"Waipukurau",NA,NA,182,"Fly-Half"
"Q6788619","Matt Evans","Matt Evans",1988-01-02,"Salisbury",NA,NA,183,"Winger; Fullback; Centre; Fly-Half"
"Q6788624","Matt Faleuka","Matt Faleuka",1979-01-09,NA,NA,NA,180,"Winger; Fullback"
"Q6788781","Matt Healy","Matt Healy",1989-03-14,"Dublin",NA,NA,183,"Winger"
"Q6788932","Matt Kvesic","Matt Kvesic",1992-04-14,"Iserlohn",NA,NA,188,"Flanker"
"Q6789135","Matt O'Connor","Matt O'Connor",1971-01-29,"Canberra",NA,NA,NA,"Centre"
"Q6789206","Matt Proctor","Matt Proctor",1992-10-26,"Wellington",NA,NA,180,"Centre; Winger; Fullback"
"Q6789304","Matt Scott","Matt Scott",1990-09-30,"Dunfermline",NA,NA,185,"Centre"
"Q6790988","Matthew Morgan","Matthew Morgan",1992-04-23,"Swansea",NA,NA,172,"Fullback; Fly-Half"
"Q6825521","Metuisela Talebula","Metuisela Talebula",1991-05-20,"Lautoka",NA,NA,184,"Fullback; Winger; Centre; Fly-Half"
"Q6828583","Michael Bent","Michael Bent",1986-04-25,"Hāwera",NA,NA,186,"Prop"
"Q6830968","Michael Harris","Mike Harris",1988-07-08,"North Shore; New Zealand",NA,NA,186,"Fly-Half; Centre; Fullback"
"Q6831232","Michael Hooper","Michael Hooper",1991-10-29,"Sydney",NA,NA,182,"Flanker"
"Q6832188","Michael Leitch","Michael Leitch",1988-10-07,"Christchurch",NA,NA,190,"Flanker; Number 8"
"Q6845086","Mihai Macovei","Mihai Macovei",1986-10-29,"Gura Humorului",NA,NA,195,"3rd Row"
"Q6845647","Mikaele Pesamino","Mikaele Pesamino",1984-04-02,"Upolu",NA,NA,188,"Winger"
"Q6847877","Mike McCarthy","Mike McCarthy",1981-11-27,"London",NA,NA,193,"2nd Row; Flanker"
"Q6918721","Motu Matu'u","Motu Matu'u",1987-04-30,"Wellington",NA,NA,184,"Hooker"
"Q6958172","Nafi Tuitavake","Nafi Tuitavake",1989-01-21,"Auckland",NA,NA,180,"Winger; Centre"
"Q6967042","Nasi Manu","Nasi Manu",1988-08-15,"Lincoln; New Zealand",NA,NA,190,"Number 8; Flanker"
"Q6968965","Nathan Charles","Nathan Charles",1989-01-09,"Sydney",NA,NA,183,"Hooker"
"Q6969134","Nathan Hirayama","Nathan Hirayama",1988-03-23,"Richmond; British Columbia",NA,NA,183,"Fly-Half; Fullback"
"Q6991165","Nemia Kenatale","Nemia Kenatale",1986-01-21,"Tavua; Fiji",NA,NA,173,"Scrum-Half"
"Q6993434","Tony Woodcock","Tony Woodcock",1981-01-27,"Helensville",NA,NA,184,"Loosehead Prop"
"Q6995271","Nepo Laulala","Nepo Laulala",1991-11-06,"Apia",NA,NA,184,"Prop"
"Q7024328","Nic White","Nic White",1990-06-13,"Scone; New South Wales",NA,NA,175,"Scrum-Half"
"Q7028776","Nico Esterhuyse","Nico Esterhuize",1984-03-05,"Keetmanshoop",NA,NA,206,"2nd Row"
"Q7032204","Nigel Ah Wong","Nigel Ah Wong",1990-05-30,"Wellington",NA,NA,193,"Winger; Centre"
"Q7032329","Nigel Davies","Nigel Davies",1965-03-29,"Wales",NA,NA,185,"Centre"
"Q7032653","Nigel Starmer-Smith","Nigel Starmer-Smith",1944-12-25,NA,NA,NA,NA,"Scrum-Half"
"Q7035584","Nikola Matawalu","Nikola Matawalu",1989-03-08,"Suva",NA,NA,173,"Scrum-Half; Winger; Fullback"
"Q7042083","Nizaam Carr","Nizaam Carr",1991-04-04,"Cape Town",NA,NA,183,"Number 8; Flanker"
"Q7045287","Noa Nakaitaci","Noa Nakaitaci",1990-07-11,"Lautoka",NA,NA,189,"Winger; Centre; Fullback"
"Q7052566","Norman Mair","Norman Mair",1928-10-07,"Edinburgh",2014-12-07,"Edinburgh",NA,"Hooker"
"Q7078840","Ofa Tu'ungafasi","Ofa Tu'ungafasi",1992-04-19,"Kanolupolu",NA,NA,195,"Prop"
"Q7079738","Ofisa Treviranus","Ofisa Treviranus",1984-03-31,"Apia",NA,NA,187,"Flanker; Number 8"
"Q7114700","Owen Williams","Owen Williams",1992-02-27,"Neath",NA,NA,185,"Fly-Half; Centre"
"Q7124035","Paea Fa'anunu","Paea Fa'anunu",1988-11-04,"Auckland",NA,NA,187,"Prop"
"Q7143683","Pat MacArthur","Pat MacArthur",1987-04-27,"Irvine; North Ayrshire",NA,NA,183,"Hooker"
"Q7145357","Patric Cilliers","Pat Cilliers",1987-03-03,"Pietermaritzburg",NA,NA,186,"Prop"
"Q7146830","Patrick Jackson","Paddy Jackson",1992-01-05,"Lisburn",NA,NA,178,"Fly-Half"
"Q7147434","Patrick Osborne","Patrick Osborne",1987-06-14,"Suva",NA,NA,186,"Winger"
"Q7149042","Paul Alo-Emile","Paul Alo-Emile",1991-12-22,"Henderson; New Zealand",NA,NA,180,"Tighthead Prop"
"Q7151640","Paul Jordaan","Paul Jordaan",1992-01-04,"Somerset East",NA,NA,180,"Centre; Winger"
"Q7152916","Paul Perez","Paul Perez",1986-07-26,"Moto'otua",NA,NA,188,"Centre; Winger"
"Q7154370","Paul Willemse","Paul Willemse",1992-11-13,"Pretoria",NA,NA,200,"2nd Row"
"Q7160473","Peet Marais","Peet Marais",1990-10-31,"Welkom",NA,NA,199,"2nd Row"
"Q7167413","Percy Illingworth","Percy Illingworth",1869-03-19,NA,1915-01-03,NA,NA,NA
"Q7172810","Peter Betham","Peter Betham",1989-01-06,"Wellington",NA,NA,192,"Centre; Winger; Fullback"
"Q7173939","Peter Fatialofa","Peter Fatialofa",1959-04-26,"Auckland",2013-11-06,"Apia",184,"Prop"
"Q7174734","Peter Horne","Peter Horne",1989-10-05,"Kirkcaldy",NA,NA,183,"Centre; Fly-Half"
"Q7176180","Peter O'Mahony","Peter O'Mahony",1989-09-17,"Cork (city)",NA,NA,191,"Flanker; Number 8"
"Q7176748","Peter Saili","Peter Saili",1988-01-04,"Auckland",NA,NA,190,"Number 8; Flanker"
"Q7177251","Peter Tapsell",NA,NA,NA,NA,NA,NA,NA
"Q7181847","Phil Dowson","Phil Dowson",1981-10-01,"Guildford",NA,NA,188,"Flanker; Number 8"
"Q7184645","Philip van der Walt","Philip van der Walt",1989-07-14,"Adelaide; South Africa",NA,NA,193,"Number 8; Flanker"
"Q7192736","Piet van Zyl","Piet van Zyl",1989-09-14,"Pretoria",NA,NA,175,"Scrum-Half"
"Q7192749","Pieter-Steph du Toit","Pieter-Steph du Toit",1992-08-20,"Cape Town",NA,NA,200,"Flanker; 2nd Row"
"Q7198582","Pita Ahki","Pita Ahki",1992-09-24,"Auckland",NA,NA,180,"Centre"
"Q7272286","Quinn Roux","Quinn Roux",1990-10-30,"Pretoria",NA,NA,196,"2nd Row"
"Q7278454","Rab Bruce Lockhart","Rab Bruce-Lockhart",1916-12-01,NA,1990-05-01,NA,NA,"Fly-Half"
"Q7297981","Ray Price","Raymond Price",1953-03-04,"Sydney",NA,NA,183,"Forward"
"Q7297992","Ray Prosser","Ray Prosser",1927-03-02,"Pontypool",2020-11-22,NA,182,"Prop"
"Q7299105","Raymond Rhule","Raymond Rhule",1992-11-06,"Accra",NA,NA,180,"Winger; Centre"
"Q7306583","Reece Robinson","Reece Robinson",1987-06-13,"Sydney",NA,NA,NA,"Winger; Centre; Fullback"
"Q7312508","Renaldo Bothma","Renaldo Bothma",1989-09-18,"Alberton; South Africa",NA,NA,190,"Flanker; Number 8"
"Q7319417","Rey Lee-Lo","Rey Lee-Lo",1986-02-20,"Vailima; Samoa",NA,NA,181,"Centre"
"Q7321243","Rhodri Jones","Rhodri Jones",1991-12-23,"Aberystwyth",NA,NA,191,"Prop"
"Q7321249","Rhodri Williams","Rhodri Williams",1993-05-05,"Swansea",NA,NA,176,"Scrum-Half"
"Q7321829","Rhys Patchell","Rhys Patchell",1993-05-17,"Penarth",NA,NA,191,"Fly-Half; Fullback"
"Q7321837","Rhys Ruddock","Rhys Ruddock",1990-11-13,"Dublin",NA,NA,191,"Flanker; Number 8"
"Q7321844","Rhys Webb","Rhys Webb",1988-12-09,"Bridgend",NA,NA,183,"Scrum-Half"
"Q7322489","Ric Suggitt","Ric Suggitt",1958-10-30,"Edmonton",2017-06-27,"Calgary",NA,NA
"Q7328200","Richard Osborne","Richard Osborne",1848-05-20,NA,1926-11-04,NA,NA,"Fullback"
"Q7329559","Richard Tsimba","Richard Tsimba",1965-07-09,"Harare",2000-04-30,"Harare",180,"Centre"
"Q7330366","Richardt Strauss","Richardt Strauss",1986-01-29,"Pretoria",NA,NA,174,"Hooker"
"Q7330564","Richie Rees","Richie Rees",1983-05-21,"Swansea",NA,NA,176,"Scrum-Half"
"Q7332205","Ricky Stuart","Ricky Stuart",1967-01-07,"Queanbeyan",NA,NA,NA,NA
"Q7339968","Rob Baxter","Rob Baxter",1971-03-10,NA,NA,NA,196,"2nd Row"
"Q7340179","Rob Harley","Rob Harley",1990-05-26,"Crewe",NA,NA,198,"Flanker; 2nd Row"
"Q7340198","Rob Henshaw","Robbie Henshaw",1993-06-12,"Athlone",NA,NA,192,"Centre; Fullback"
"Q7340376","Rob Miller","Rob Miller",1989-08-05,"Carlisle",NA,NA,180,"Fullback; Fly-Half"
"Q7340879","Robbie Diack","Robbie Diack",1985-11-12,"Johannesburg",NA,NA,185,"Number 8"
"Q7340991","Robbie Russell","Robbie Russell",1976-05-01,"Brisbane",NA,NA,179,"Hooker"
"Q7347877","Robert Munro","Robert Munro",1841-02-25,NA,1913-08-28,NA,NA,NA
"Q7352334","Robin Copeland","Robin Copeland",1987-10-23,"Wexford",NA,NA,196,"3rd Row"
"Q7356835","Rodney Ah You","Rodney Ah You",1988-10-27,"Wellington",NA,NA,187,"Prop"
"Q7356897","Rodney Davies","Rodney Davies",1989-05-18,"Rockhampton",NA,NA,180,"Winger; Fullback"
"Q7359037","Roger Tuivasa-Sheck","Roger Tuivasa-Sheck",1993-05-06,"Apia",NA,NA,182,"Centre"
"Q7359691","Rohan Kitshoff","Rohan Kitshoff",1985-09-13,"Windhoek",NA,NA,182,"Flanker"
"Q7364930","Ronald Hemi","Ron Hemi",1933-05-15,"Whangārei",2000-09-13,"Hamilton; New Zealand",183,"Hooker"
"Q7369016","Rosko Specman","Roscko Speckman",1989-04-28,"Makhanda; South Africa",NA,NA,176,"Winger"
"Q7369260","Ross Cronjé","Ross Cronjé",1989-07-26,"Johannesburg",NA,NA,180,"Scrum-Half"
"Q7369534","Ross Moriarty","Ross Moriarty",1994-04-18,"St Helens; Merseyside",NA,NA,188,"Number 8; Flanker"
"Q7375696","Ruan Dreyer","Ruan Dreyer",1990-09-16,"Potchefstroom",NA,NA,186,"Prop"
"Q7375697","Ruan Combrinck","Ruan Combrinck",1990-05-10,"Vryheid",NA,NA,183,"Winger; Fullback; Centre"
"Q7377671","Rudy Paige","Rudy Paige",1989-08-02,"Heidelberg; Western Cape",NA,NA,169,"Scrum-Half"
"Q7383990","Ryan Crotty","Ryan Crotty",1988-09-23,"Nelson; New Zealand",NA,NA,181,"Centre"
"Q7384098","Ryan Grant","Ryan Grant",1985-10-08,"Kirkcaldy",NA,NA,183,"Prop"
"Q7384652","Ryan Wilson","Ryan Wilson",1989-05-18,"Aldershot",NA,NA,191,"Number 8; Flanker"
"Q7385227","Rynhardt Elstadt","Rynhardt Elstadt",1989-12-20,"Johannesburg",NA,NA,193,"Flanker; 2nd Row"
"Q7402839","Sakaria Taulafo","Sakaria Taulafo",1983-01-29,"Motootua",NA,NA,185,"Prop"
"Q7407296","Sam Carter","Sam Carter",1989-09-10,"Sydney",NA,NA,200,"2nd Row"
"Q7407398","Sam Davies","Sam Davies",1993-10-06,"Swansea",NA,NA,180,"Fly-Half; Fullback"
"Q7407597","Sam Hidalgo-Clyne","Sam Hidalgo-Clyne",1993-08-04,"Granada",NA,NA,175,"Scrum-Half"
"Q7407604","Sam Hill","Sam Hill",1993-07-14,"Exeter",NA,NA,184,"Centre"
"Q7407812","Sam Lousi","Sam Lousi",1991-07-20,"Auckland",NA,NA,198,"2nd Row; Flanker"
"Q7408004","Sam Parry","Sam Parry",1991-12-17,"Haverfordwest",NA,NA,185,"Hooker"
"Q7409566","Samisoni Fisilau","Samisoni Fisilau",1987-11-29,"Tongatapu",NA,NA,183,"Scrum-Half; Fly-Half"
"Q7409866","Sammy Woods","Sammy Woods",1867-04-14,"Ashfield; New South Wales",1931-04-30,"Taunton",NA,"Forward"
"Q7410381","Samson Lee","Samson Lee",1992-11-30,"Swansea",NA,NA,180,"Prop"
"Q7410667","Samu Manoa","Samu Manoa",1985-03-05,"Concord; California",NA,NA,200,"2nd Row; Number 8; Flanker"
"Q7420275","Santiago Gomez Cora","Santiago Gomez Cora",1978-07-25,"Buenos Aires",NA,NA,178,"Winger"
"Q7420276","Santiago González Iglesias","Santiago González Iglesias",1988-06-16,"Buenos Aires",NA,NA,179,"Fly-Half; Centre"
"Q7427353","Saula Radidi","Saula Radidi",1984-06-04,"Suva",NA,NA,189,"Winger"
"Q7430936","Schalk Ferreira","Schalk Ferreira",1984-02-09,"Pretoria",NA,NA,187,"Loosehead Prop"
"Q7430938","Schalk van der Merwe","Schalk van der Merwe",1990-12-04,"Tzaneen",NA,NA,184,"Prop"
"Q7435895","Scott Andrews","Scott Andrews",1989-08-01,"Church Village",NA,NA,188,"Prop"
"Q7435941","Scott Baldwin","Scott Baldwin",1988-07-12,"Bridgend",NA,NA,190,"Hooker"
"Q7436216","Scott Daruda","Scott Daruda",1986-02-17,"Arawa; Bougainville",NA,NA,184,"Fly-Half; Centre"
"Q7436308","Scott Fardy","Scott Fardy",1984-07-05,"Sydney",NA,NA,198,"Flanker; 2nd Row"
"Q7436951","Scott Newlands","Scott Newlands",1985-07-20,"Edinburgh",NA,NA,194,"Flanker"
"Q7437264","Scott Sio","Scott Sio",1991-10-16,"Sydney",NA,NA,187,"Prop"
"Q7440953","Sean Dougall","Sean Dougall",1989-10-28,"Perth; Scotland",NA,NA,183,"Flanker"
"Q7446727","Seiji Hirao","Seiji Hirao",1963-01-21,"Kyoto",2016-10-20,NA,190,"Fly-Half"
"Q7449242","Semesa Rokoduguni","Semesa Rokoduguni",1987-08-28,"Nausori",NA,NA,186,"Winger; Centre"
"Q7451719","Sep Visser","Sep Visser",1990-12-14,"Zeewolde",NA,NA,190,"Winger"
"Q7453371","Sergeal Petersen","Sergeal Petersen",1994-08-01,"Humansdorp",NA,NA,171,"Winger"
"Q7487339","Shalva Mamukashvili","Shalva Mamukashvili",1990-10-02,"Tbilisi",NA,NA,180,"Hooker"
"Q7490999","Shaun Webb","Shaun Webb",1981-12-30,"Blenheim; New Zealand",NA,NA,181,"Fullback; Fly-Half"
"Q7515103","Siliva Siliva","Siliva Siliva",1991-02-11,"Melbourne",NA,NA,177,"Hooker"
"Q7518163","Simon Amor","Simon Amor",1979-04-25,"Kingston upon Thames",NA,NA,168,"Scrum-Half"
"Q7518955","Simon Hickey","Simon Hickey",1994-01-12,"Auckland",NA,NA,176,"Fly-Half"
"Q7525385","Sione Kalamafoni","Sione Kalamafoni",1988-05-18,"Tonga",NA,NA,196,"Number 8; Flanker; 2nd Row"
"Q7530090","Sireli Naqelevuki","Sireli Naqelevuki",1980-09-30,"Suva",NA,NA,193,"Centre; Winger"
"Q7530735","Sisa Waqa","Sisa Waqa",1986-04-29,"Suva",NA,NA,NA,"Winger; Centre"
"Q7531622","Sitaleki Timani","Sitaleki Timani",1986-09-19,"Navutoka",NA,NA,202,"2nd Row"
"Q7533306","Siyabonga Ntubeni","Siyabonga Ntubeni",1991-02-18,"East London; South Africa",NA,NA,174,"Hooker"
"Q7533339","Siya Kolisi","Siya Kolisi",1991-06-16,"Gqeberha",NA,NA,187,"Flanker; Number 8"
"Q7608598","Stephen Archer","Stephen Archer",1988-01-29,"Cork (city)",NA,NA,188,"Tighthead Prop"
"Q7610498","Stephen Setephano","Steven Setephano",1984-04-15,"Wellington",NA,NA,192,"Number 8; Flanker"
"Q7612383","Steve Diamond","Steve Diamond",1968-02-03,"Chatham; Kent",NA,NA,178,"Hooker"
"Q7613190","Steven Luatua","Steven Luatua",1991-04-29,"Auckland",NA,NA,196,"Flanker; Number 8; 2nd Row"
"Q7613228","Steve Mafi","Steve Mafi",1989-12-09,"Sydney",NA,NA,200,"Flanker; 2nd Row"
"Q7614917","Steven Kitshoff","Steven Kitshoff",1992-02-10,"Somerset West",NA,NA,183,"Prop"
"Q7626511","Stuart Evans","Stuart Evans",1963-06-14,"Neath",NA,NA,185,"Tighthead Prop"
"Q7626828","Stuart McInally","Stuart McInally",1990-08-09,"Edinburgh",NA,NA,190,"Hooker; Flanker; Number 8"
"Q7626960","Stuart Potter","Stuart Potter",1967-11-11,NA,NA,NA,NA,"Centre"
"Q7627001","Stuart Reid","Stuart Reid",1970-01-31,"Kendal",NA,NA,188,"Flanker"
"Q7670502","TJ Ioane","TJ Ioane",1989-05-09,"Apia",NA,NA,182,"Flanker; Number 8"
"Q7670518","TJ Perenara","TJ Perenara",1992-01-23,"Porirua",NA,NA,184,"Scrum-Half"
"Q7675872","Taiasina Tuifu'a","Taiasina Tuifu'a",1984-08-20,"Apia",NA,NA,196,"Number 8; Flanker; 2nd Row"
"Q7679159","Talemaitoga Tuapati","Talemaitoga Tuapati",1985-08-16,"Suva",NA,NA,180,"Hooker"
"Q7680952","Tamati Ellison","Tamati Ellison",1983-04-01,"Wellington",NA,NA,184,"Centre; Fly-Half; Fullback; Winger"
"Q7682562","Tanerau Latimer","Tanerau Latimer",1986-05-06,"Te Puke",NA,NA,186,"Flanker"
"Q7689255","Tawera Kerr-Barlow","Tawera Kerr-Barlow",1990-08-15,"Melbourne",NA,NA,187,"Scrum-Half"
"Q7693800","Ted Thorn","Ted Thorn",1896-07-26,"Manly; New South Wales",1985-08-05,NA,NA,"Flanker"
"Q7694099","Teddy Stanaway","Teddy Stanaway-Teo",1989-08-03,"Rotorua",NA,NA,186,"Centre; Winger"
"Q7697931","Telusa Veainu","Telusa Veainu",1990-12-26,"Kawakawa; New Zealand",NA,NA,180,"Winger; Fullback"
"Q7707164","Tevita Kuridrani","Tevita Kuridrani",1991-03-31,"Suva",NA,NA,196,"Centre"
"Q7707166","Tevita Mailau","Tevita Mailau",1985-04-25,"Sydney",NA,NA,185,"Prop"
"Q7788308","Thomas Chalmers","Thomas Chalmers",1850-03-19,NA,1926-05-25,NA,NA,"Fullback"
"Q7793617","Thomas Roger Marshall","Thomas Marshall",1849-06-26,NA,1913-06-27,NA,NA,NA
"Q7795382","Thomas Young","Thomas Young",1992-05-18,"Merthyr Tydfil",NA,NA,180,"Flanker"
"Q7801091","Tiernan O'Halloran","Tiernan O'Halloran",1991-02-26,"Clifden",NA,NA,188,"Fullback; Winger"
"Q7803971","Tim Menzel","Tim Menzel",1992-01-01,"Heidelberg",NA,NA,169,"Scrum-Half"
"Q7804034","Tim Nanai-Williams","Tim Nanai-Williams",1989-06-12,"Auckland",NA,NA,182,"Fullback; Winger; Centre; Fly-Half"
"Q7804105","Tim Perry","Tim Perry",1988-08-01,"Ashburton; New Zealand",NA,NA,188,"Prop"
"Q7804363","Tim Swinson","Tim Swinson",1987-02-17,"London",NA,NA,195,"2nd Row; Flanker"
"Q7811889","Toby Smith","Toby Smith",1988-10-10,"Townsville",NA,NA,190,"Prop"
"Q7816141","Tom Heathcote","Tom Heathcote",1992-02-11,"Inverness",NA,NA,178,"Fly-Half"
"Q7816225","Tom Homer","Tom Homer",1990-04-01,"Salisbury",NA,NA,178,"Fullback; Winger"
"Q7816352","Tom Johnson","Tom Johnson",1982-07-16,"Düsseldorf",NA,NA,188,"Flanker; Number 8"
"Q7817789","Tom Taylor","Tom Taylor",1989-03-11,"Christchurch",NA,NA,183,"Fly-Half; Centre; Fullback"
"Q7818134","Tom Youngs","Tom Youngs",1987-01-28,"Norwich",NA,NA,175,"Hooker"
"Q7819071","Tommaso Iannone","Tommaso Iannone",1990-09-16,"Treviso",NA,NA,184,"Winger; Centre; Fly-Half"
"Q7819756","Tommy O'Donnell","Tommy O'Donnell",1987-05-21,"Cahir",NA,NA,185,"Flanker"
"Q7819846","Tommy Seymour","Tommy Seymour",1988-07-01,"Nashville; Tennessee",NA,NA,183,"Winger"
"Q7819907","Tommy Taylor","Tommy Taylor",1991-11-11,"Macclesfield",NA,NA,183,"Hooker"
"Q7820453","Tomás Cubelli","Tomás Cubelli",1989-06-12,"Buenos Aires",NA,NA,177,"Scrum-Half"
"Q7821924","Tony Bond","Tony Bond",1953-08-03,NA,NA,NA,NA,"Centre"
"Q7822983","Tony Miller","Tony Miller",1929-04-28,NA,1988-04-06,NA,NA,"Number 8"
"Q7823392","Tony Shaw","Tony Shaw",1953-03-23,"Brisbane",NA,NA,NA,"Flanker"
"Q7827263","Torsten van Jaarsveld","Torsten van Jaarsveld",1987-06-30,"Windhoek",NA,NA,175,"Hooker; Flanker"
"Q7827621","Toshiaki Hirose","Toshiaki Hirose廣瀬俊朗",1981-10-17,"Osaka",NA,NA,173,"Winger; Fly-Half"
"Q7831019","To’o Vaega","To'o Vaega",1965-08-17,"Apia",NA,NA,180,"Centre; Winger"
"Q7839352","Trevor Nyakane","Trevor Nyakane",1989-05-04,"Bushbuckridge",NA,NA,178,"Prop"
"Q7850542","Tu Tamarua","Tu Tamarua",1974-06-22,NA,NA,NA,185,"Flanker"
"Q7864743","UJ Seuteni","Ulupano Seuteni",1993-12-09,"Adelaide",NA,NA,185,"Centre; Fly-Half; Fullback"
"Q7876343","Uale Mai","Uale Mai",1992-11-13,"Vailoa",NA,NA,176,"Fly-Half; Scrum-Half"
"Q7908231","Vadim Cobîlaș","Vadim Cobîlaş",1983-07-30,"Soroca",NA,NA,180,"Prop"
"Q7924422","Viacheslav Grachev","Viatcheslav Gratchiov",1973-04-22,"Tashkent",NA,NA,191,"Flanker; Number 8"
"Q7930208","Viliame Iongi","Viliame Iongi",1989-08-08,"Tongatapu",NA,NA,173,"Winger; Fullback; Scrum-Half"
"Q7930212","Viliame Veikoso","Viliame Veikoso",1982-04-04,"Suva",NA,NA,184,"Hooker"
"Q7930220","Viliamu Afatia","Viliamu Afatia",1990-05-24,"Vaiala",NA,NA,180,"Prop"
"Q7954588","WP Nel","WP Nel",1986-04-30,"Loeriesfontein",NA,NA,182,"Tighthead Prop"
"Q7960346","Waisake Naholo","Waisake Naholo",1991-05-08,"Sigatoka",NA,NA,186,"Winger"
"Q7967254","Wandile Mjekevu","Wandile Mjekevu",1991-01-07,"Durban",NA,NA,190,"Winger; Centre"
"Q7970584","Warren Whiteley","Warren Whiteley",1987-09-18,"Durban",NA,NA,193,"Number 8"
"Q7974673","Watisoni Votu","Watisoni Votu",1985-03-25,"Lautoka",NA,NA,187,"Centre; Winger"
"Q7998487","Wicus Blaauw","Johannes Lodewicus Blaauw",1986-04-08,"Windhoek",NA,NA,190,"Prop"
"Q8002663","Will Addison","Will Addison",1992-08-20,"Penrith",NA,NA,180,"Centre; Fullback; Winger"
"Q8002743","Will Chambers","Will Chambers",1988-05-26,"Gove",NA,NA,NA,"Centre; Winger"
"Q8003160","Will Tupou","Will Tupou",1990-07-20,"Auckland",NA,NA,195,"Centre; Fullback; Winger; Flanker"
"Q8003749","Willi Heinz","Willi Heinz",1986-11-24,"Christchurch",NA,NA,181,"Scrum-Half"
"Q8007318","William Cross","William Cross",1850-09-10,NA,1890-10-16,NA,NA,NA
"Q8009231","William Forsyth","William Forsyth",1850-03-23,NA,1935-03-12,NA,NA,NA
"Q8011837","William Helu","William Helu",1986-04-19,"Ōtāhuhu",NA,NA,185,"Winger; Centre"
"Q8014965","William MacLaren","William MacLaren",1844-01-01,"Chorlton-cum-Hardy",NA,NA,NA,"Three-Quarter"
"Q8021926","Willie le Roux","Willie le Roux",1989-08-18,"Cape Town",NA,NA,185,"Fullback; Winger; Fly-Half"
"Q8023559","Wimpie van der Walt","Wimpie van der Walt",1989-01-06,"Brits; South Africa",NA,NA,188,"Flanker; 2nd Row"
"Q8046456","Yacine Dekkiche","Yacine Dekkiche",1980-02-19,NA,NA,NA,178,NA
"Q8060751","Yukio Motoki","Yukio Motoki元木由記雄",1971-08-27,"Higashiōsaka",NA,NA,178,"Centre"
"Q8061538","Yuri Kushnarev","Iouri Kouchnariov",1985-06-06,"Moscow",NA,NA,183,"Fly-Half"
"Q8063997","Zachary Test","Zack Test",1989-10-13,"Woodside; California",NA,NA,193,"Winger"
"Q8064084","Zack Holmes","Zack Holmes",1990-05-30,"Perth",NA,NA,175,"Fly-Half; Centre; Fullback"
"Q8305801","Luigi Esposito","Luigi Esposito",1972-03-24,"Chambéry",NA,NA,176,"Prop"
"Q8307637","Francis Gobbi","Francis Gobbi",1949-06-03,"Condom; Gers",2009-11-05,"Condom; Gers",165,"Scrum-Half"
"Q8309876","Francis Jimenez","Francis Jimenez",1941-04-02,NA,2017-07-20,NA,NA,"Fly-Half"
"Q8311165","Éric Planès","Éric Planès",1960-10-17,"Lavaur; Tarn",NA,NA,NA,"Centre; Fly-Half"
"Q8311311","Willy Pepelnjak","Willy Pepelnjak",1961-05-26,"Lens; Pas-de-Calais",NA,NA,193,"2nd Row"
"Q8312217","André Laffont","André Lafont",1934-02-01,"Argelès-Gazost",2000-08-14,"Bagnères-de-Bigorre",181,"2nd Row"
"Q8313516","Christophe Monteil","Christophe Monteil",1961-12-31,"6th arrondissement of Lyon",NA,NA,NA,"Flanker; 2nd Row"
"Q8318567","Tom Ecochard","Tom Ecochard",1992-12-14,"Narbonne",NA,NA,173,"Scrum-Half"
"Q8330484","Lucien Martin","Lucien Martin",1920-09-28,NA,2008-02-06,NA,NA,"Hooker"
"Q9142690","Agustín Ormaechea","Agustín Ormaechea",1991-03-08,"Montevideo",NA,NA,175,"Scrum-Half"
"Q9168396","Beka Tsiklauri","Beka Tsiklauri",1989-02-09,"Tbilisi",NA,NA,182,"Fullback"
"Q9276302","Armand Grenet","Armand Grenet",1894-04-10,"Paris",1972-03-16,"Pinet; Hérault",NA,NA
"Q9972175","Luke Baldwin","Luke Baldwin",1990-09-15,"Royal Tunbridge Wells",NA,NA,179,"Scrum-Half"
"Q10284751","Francisco Fernandes","Francisco Fernandes",1985-09-06,NA,NA,NA,181,"Prop"
"Q10729290","Philip Snyman","Philip Snyman",1987-03-26,"Bloemfontein",NA,NA,188,"Centre; Winger"
"Q10920060","Rasta Rasivhenge",NA,NA,NA,NA,NA,NA,NA
"Q11051532","Georges Vuillermet","Georges Vuillermet",1878-10-16,"3rd arrondissement of Lyon",1956-03-30,"6th arrondissement of Lyon",177,"Prop"
"Q11109141","Ke Zhi-zhang","Ke Zhi-zhang",1910-10-22,"Taipei",2001-04-01,NA,176,"Centre"
"Q11142874","Jope Seniloli",NA,NA,NA,NA,NA,NA,NA
"Q11155470","Lappies Labuschagné","Lappies Labuschagné",1989-01-11,"Pretoria",NA,NA,189,"Flanker"
"Q11252070","Cyril Villain","Cyril Villain",1978-07-31,"Argenton-sur-Creuse",NA,NA,180,"Centre"
"Q11309756","Justin Ives","Justin Ives",1984-05-24,"Mosgiel",NA,NA,195,"2nd Row; Flanker"
"Q11316697","Christophe Debaty","Christophe Debaty",1983-08-08,"Woluwe-Saint-Lambert",NA,NA,187,"Prop"
"Q11338009","Koliniasi Holani","Koliniasi Holani",1981-10-25,"Nukuʻalofa",NA,NA,188,"Number 8"
"Q11407431","Taleta Tupuola","Taleta Tupuola",1989-07-09,"Wellington",NA,NA,185,"Centre; Winger"
"Q11425506","Yoshihiro Sakata","Yoshihiro Sakata",1942-09-26,"Osaka",NA,NA,168,"Winger"
"Q11466117","Ryōhei Yamanaka","Ryohei Yamanaka山中 亮平",1988-06-22,"Hirakata",NA,NA,188,"Fullback; Centre; Fly-Half"
"Q11470597","Akihito Yamada","Akihito Yamada山田章仁",1985-07-26,"Kitakyushu",NA,NA,181,"Winger; Fullback"
"Q11505186","Atsushi Hiwasa","Atsushi Hiwasa日和佐篤",1987-05-22,"Kobe",NA,NA,166,"Scrum-Half"
"Q11691760","Sélim Curtet","Sélim Curtet",1900-08-12,"13th arrondissement of Paris",1959-05-14,"Verrières-le-Buisson",NA,NA
"Q11722570","Jan Serfontein","Jan Serfontein",1993-04-15,"Gqeberha",NA,NA,187,"Centre"
"Q11734504","Kamil Bobryk","Kamil Bobryk",1984-02-09,"Siedlce",NA,NA,175,"Hooker; Prop"
"Q11738700","Ken Pisi","Ken Pisi",1989-02-24,"Auckland",NA,NA,183,"Winger"
"Q11775365","Alipate Ratini","Alipate Ratini",1991-02-17,"Namosi Province",NA,NA,182,"Winger"
"Q11775368","Daniel Kilioni","Daniel Kilioni",1993-02-22,"Nukuʻalofa",NA,NA,190,"Winger"
"Q11837692","Yacouba Camara","Yacouba Camara",1994-06-02,"Aubervilliers",NA,NA,195,"Flanker; 2nd Row"
"Q11941386","Philippe Ducousso","Philippe Ducousso",1958-06-27,"Vic-Fezensac",NA,NA,NA,"Fly-Half; Winger; Fullback"
"Q12052362","François Herry","François Herry",1988-10-08,"Nanterre",NA,NA,182,"Centre"
"Q12270271","Raoul Saurat","Raoul Saurat",1929-06-09,"Laruns",1997-03-29,"Toulouse",170,"Hooker"
"Q12864500","Viktor Kolelishvili","Victor Kolelishvili",1989-10-09,"Tbilisi",NA,NA,193,"Flanker"
"Q13035475","Mof Myburgh","Mof Myburgh",1936-08-24,"Senekal",2012-06-15,"Pretoria",185,"Prop"
"Q13515785","Howard Joseph","Howard Joseph",1949-08-25,"Christchurch",NA,NA,180,"Centre"
"Q13530415","Michael Broadhurst","Michael Broadhurst",1986-10-30,"Gisborne; New Zealand",NA,NA,196,"Flanker; 2nd Row; Number 8"
"Q14147773","Marland Yarde","Marland Yarde",1992-04-20,"Castries",NA,NA,183,"Winger"
"Q14192201","Frans Ludeke","Frans Ludeke",1968-04-24,"Polokwane",NA,NA,NA,NA
"Q14259622","Karim Bougherara","Karim Bougherara",1989-01-03,"Vienne; Isère",NA,NA,184,"Prop"
"Q14372315","Mako Vunipola","Mako Vunipola",1991-01-31,"Wellington",NA,NA,180,"Loosehead Prop"
"Q14555034","Henri Mioch","Henri Mioch",1954-05-07,"Montpellier",NA,NA,184,"Centre"
"Q14762512","Jon Dunbar","Jon Dunbar",1980-04-04,"Wegberg",NA,NA,198,"3rd Row"
"Q14941451","Martens van der Heever","Martens van der Heever",1990-11-20,"Bloemfontein",NA,NA,185,"Hooker; Prop"
"Q14979115","Louis Schreuder","Louis Schreuder",1990-04-25,"Paarl",NA,NA,184,"Scrum-Half"
"Q15054937","Joji Raqamate","Joji Raqamate",1989-02-15,NA,NA,NA,188,"Winger"
"Q15061662","Benoît Guyot","Benoît Guyot",1989-01-18,NA,NA,NA,184,"Flanker"
"Q15072130","Evgeny Matveev","Ievgueni Matveïev",1984-04-15,"Penza",NA,NA,187,"Hooker"
"Q15098032","Richard Allan","Richard Allan",1939-03-16,"Glasgow",NA,NA,NA,"Scrum-Half"
"Q15098042","Barry Fa'amausili","Barry Fa'amausili",1988-05-14,"Auckland",NA,NA,182,"Prop"
"Q15098053","Hélier Thil","Hélier Thil",1881-02-10,"Pau; Pyrénées-Atlantiques",1946-10-29,"Nantes",170,"2nd Row; Prop; Winger"
"Q15101082","Daniel Hourcade","Daniel Hourcade",1958-06-07,"San Miguel de Tucumán",NA,NA,NA,"Scrum-Half"
"Q15119090","Billy Vunipola","Billy Vunipola",1992-11-03,"Sydney",NA,NA,188,"Number 8"
"Q15140706","Tommaso Allan","Tommaso Allan",1993-04-26,"Vicenza",NA,NA,185,"Fly-Half; Fullback"
"Q15147778","Uili Kolo'ofai","Uili Kolo'ofai",1982-09-29,"Auckland",NA,NA,198,"2nd Row; Number 8"
"Q15185698","Michele Campagnaro","Michele Campagnaro",1993-03-13,"Mirano",NA,NA,184,"Centre"
"Q15219068","Jon Preston","Jon Preston",1967-11-15,"Dunedin",NA,NA,176,"Scrum-Half"
"Q15241244","Terry Wright","Terry Wright",1963-03-21,"Auckland",NA,NA,183,"Fullback; Winger"
"Q15284906","McNeil Hendricks","McNeil Hendricks",1973-07-10,"Malmesbury; South Africa",NA,NA,180,"Winger"
"Q15365579","Jacquot Harinirina","Jacquot Harinirina",1981-02-24,NA,NA,NA,NA,"Fly-Half"
"Q15403637","Fran Clough","Fran Clough",1962-11-01,"Wigan",NA,NA,NA,"Centre"
"Q15427110","Daniel Waenga","Daniel Waenga",1985-11-06,"Napier; New Zealand",NA,NA,178,"Centre; Fly-Half"
"Q15498152","Gordon Tietjens","Gordon Tietjens",1955-12-09,"Rotorua",NA,NA,195,"Flanker"
"Q15562021","Paul Grant","Paul Grant",1987-10-27,"Balclutha; New Zealand",NA,NA,193,"Flanker; Number 8"
"Q15618653","Harumichi Tatekawa","Harumichi Tatekawa立川理道",1989-12-02,"Nara (city)",NA,NA,180,"Fly-Half; Centre"
"Q15622330","Waisea Nayacalevu","Waisea Nayacalevu",1990-06-26,"Serua Province",NA,NA,193,"Winger; Centre"
"Q15623886","Hendrik Roodt","Hendrik Roodt",1987-11-06,"Lichtenburg; South Africa",NA,NA,198,"2nd Row"
"Q15653152","Josua Tuisova","Josua Tuisova",1994-02-04,"Fiji",NA,NA,180,"Centre; Winger"
"Q15695793","Kelly Haimona","Kelly Haimona",1986-07-30,"Rotorua",NA,NA,185,"Fly-Half; Centre"
"Q15695798","Marcello Violi","Marcello Violi",1993-10-11,"Parma",NA,NA,178,"Scrum-Half"
"Q15710153","Geoffrey Palis","Geoffrey Palis",1991-07-08,"Albi",NA,NA,189,"Fullback; Winger"
"Q15712719","Henry Thomas","Henry Thomas",1991-10-30,"Kingston upon Thames",NA,NA,185,"Tighthead Prop"
"Q15731077","Jack Nowell","Jack Nowell",1993-04-11,"Truro",NA,NA,181,"Winger; Fullback; Centre"
"Q15731988","Fred Quercy","Fred Quercy",1991-07-06,NA,NA,NA,188,"Flanker"
"Q15736017","Jono Ross","Jono Ross",1990-10-27,"Sandton",NA,NA,191,"Flanker; Number 8"
"Q15736032","Handré Pollard","Handré Pollard",1994-03-11,"Somerset West",NA,NA,188,"Fly-Half; Centre"
"Q15917414","Sikhumbuzo Notshe","Sikhumbuzo Notshe",1993-05-28,"Qonce",NA,NA,186,"Number 8; Flanker"
"Q15925083","Leonardo Sarto","Leonardo Sarto",1992-01-15,"Zevio",NA,NA,192,"Winger"
"Q15967248","Geoff Cooke","Geoff Cooke",1941-06-11,NA,NA,NA,NA,"Fly-Half; Centre"
"Q15968550","Marc Chérèque","Marc Chérèque",1953-06-09,NA,NA,NA,NA,"2nd Row"
"Q15968554","Stéphane Larue","Stéphane Larue",1972-08-09,NA,NA,NA,196,"Number 8; Flanker"
"Q15968556","Romain Magellan","Romain Magellan",1973-05-13,"Besançon",NA,NA,192,"Prop"
"Q15968559","Jean-Marc Romand","Jean-Marc Romand",1957-03-27,"Kalaat Sraghna",NA,NA,183,"Prop"
"Q15968561","Shane O'Leary","Shane O'Leary",1993-03-12,"Cork (city)",NA,NA,178,"Centre; Fly-Half"
"Q15968563","Jordan Michallet","Jordan Michallet",1993-01-10,"Voiron",2022-01-18,"Rouen",180,"Fly-Half"
"Q15972127","Abder Agueb","Abderrahmane Agueb",1969-03-08,"Auch",NA,NA,194,"Flanker"
"Q15972128","Virgile Bruni","Virgile Bruni",1989-02-06,"Toulon",NA,NA,198,"Flanker; 2nd Row"
"Q15972154","Richard McClintock","Richard Mc Clintock",1966-08-06,"Toulon",NA,NA,NA,"3rd Row"
"Q15972425","Rory Grice","Rory Grice",1990-04-02,"Ōtorohanga",NA,NA,192,"Number 8; Flanker"
"Q15973177","Bastien Adrillon","Bastien Adrillon",1986-08-30,"Dax; Landes",NA,NA,187,"Flanker"
"Q15973192","Paul Albaladejo","Paul Albaladejo",1986-04-10,"Dax; Landes",NA,NA,185,"Winger"
"Q15973230","Johan Aliouat","Johan Aliouat",1993-01-22,"Istres",NA,NA,197,"2nd Row"
"Q15973427","Cyril Baille","Cyril Baille",1993-09-15,"Pau; Pyrénées-Atlantiques",NA,NA,182,"Loosehead Prop"
"Q15973672","Léon Berho","Léon Berho",1933-07-23,"Ascain",2011-10-07,"Dax; Landes",170,"Hooker"
"Q15973869","Clément Bourgeois","Clément Bourgeois",1991-07-18,"France",NA,NA,187,"Hooker"
"Q15973956","Charles Brousse","Charles Brousse",1990-11-30,NA,NA,NA,NA,"Centre"
"Q15974090","André Caillau","André Caillau",1938-04-08,"Mont-de-Marsan",2007-11-13,"Pessac",171,"Centre"
"Q15974292","Ludovic Chaix","Ludovic Chaix",1971-10-21,NA,NA,NA,NA,NA
"Q15992453","Victor Lebas","Victor Lebas",1993-06-09,"Brive-la-Gaillarde",NA,NA,195,"2nd Row"
"Q15999777","Ben Maidment","Ben Maidment",1988-05-28,"Cuckfield",NA,NA,193,"Number 8"
"Q16002452","Alex Allan","Alex Allan",1992-02-29,"Harrogate",NA,NA,188,"Loosehead Prop"
"Q16011062","Samy Ben Letaief","Samy Ben Letaief",1990-07-26,"Carpentras",NA,NA,180,"Winger"
"Q16011101","Jean Jacques Conilh de Beyssac","Jean Jacques Conilh de Beyssac",1890-06-12,"Caudéran",1918-06-13,"Saint-Remy-en-l'Eau",185,"Prop; 2nd Row"
"Q16011219","Chris Farrell","Chris Farrell",1993-03-16,"Belfast",NA,NA,195,"Centre"
"Q16013662","Willie Jones","Willie Jones",1916-10-31,NA,1996-07-25,NA,NA,NA
"Q16014881","Fred Griffiths","Fred Griffiths",1935-01-01,NA,2000-04-18,"Perth",NA,NA
"Q16017551","Tremayne Rodd, 3rd Baron Rennell","Tremayne Rodd",1935-06-28,"Kensington",2006-12-09,"London",NA,"Scrum-Half"
"Q16021018","Robert Andrew","Robert Andrew",1987-08-05,"Johannesburg",NA,NA,198,"2nd Row"
"Q16027861","Victor Damian Arias","Victor Damian Arias",1990-03-05,"San Miguel de Tucumán",NA,NA,180,"Prop"
"Q16030532","Teddy Bartram","Teddy Bartram",1857-01-01,"Leeds",1927-02-08,"Andover; Hampshire",NA,"Centre"
"Q16058179","Tim Agaba","Tim Agaba",1989-07-23,"Kampala",NA,NA,193,"Flanker; Number 8"
"Q16059091","Frank Tarr","Frank Tarr",1887-08-14,"Ironville",1915-07-18,NA,NA,NA
"Q16146280","Dan Baker","Dan Baker",1992-07-05,"Neath",NA,NA,188,"Number 8"
"Q16148224","Alofa Alofa","Alofa Alofa",1991-03-12,"Auckland",NA,NA,185,"Winger; Centre; Fullback"
"Q16148739","Lukhanyo Am","Lukhanyo Am",1993-11-28,"Qonce",NA,NA,186,"Centre"
"Q16150064","Tyler Ardron","Tyler Ardron",1991-06-16,"Peterborough; Ontario",NA,NA,196,"Number 8; Flanker; 2nd Row"
"Q16150455","Guy Armitage","Guy Armitage",1991-11-29,"Westminster",NA,NA,195,"Centre"
"Q16150710","Rory Arnold","Rory Arnold",1990-07-01,"Wagga Wagga",NA,NA,208,"2nd Row"
"Q16176092","Nicolas Godignon","Nicolas Godignon",1975-02-28,"Moulins; Allier",NA,NA,187,"Flanker"
"Q16195009","Allister Coetzee","Allister Coetzee",1963-05-23,"Makhanda; South Africa",NA,NA,NA,"Scrum-Half"
"Q16200409","Alex Brown","Alex Brown",1989-10-13,"Rochford",NA,NA,181,"Prop"
"Q16200426","Fraser Brown","Fraser Brown",1989-06-20,"Lanark",NA,NA,182,"Hooker"
"Q16202959","Tetaz Chaparro","Nahuel Tetaz Chaparro",1989-06-11,"General Juan Madariaga",NA,NA,188,"Prop"
"Q16207689","Tom Donnelly","Tom Donnelly",1981-10-01,"Rotorua",NA,NA,200,"2nd Row"
"Q16208069","Martin Dreyer","Martin Dreyer",1988-08-25,"Rustenburg",NA,NA,185,"Prop"
"Q16208904","Jacques du Plessis","Jacques du Plessis",1993-08-11,"Pongola; KwaZulu-Natal",NA,NA,200,"Flanker; 2nd Row"
"Q16210351","Rohan Janse van Rensburg","Rohan Janse van Rensburg",1994-09-11,"Welkom",NA,NA,185,"Centre"
"Q16210506","Vincent Koch","Vincent Koch",1990-03-13,"Empangeni",NA,NA,185,"Tighthead Prop"
"Q16210898","Danie Mienie","Daniel Mienie",1991-03-01,"Polokwane Local Municipality",NA,NA,178,"Prop"
"Q16211284","Etienne Oosthuizen","Etienne Oosthuizen",1992-12-22,"Klerksdorp",NA,NA,198,"2nd Row"
"Q16212047","Francois Uys","François Uys",1986-10-12,"Springs; South Africa",NA,NA,196,"2nd Row; Flanker"
"Q16212512","Tolu Latu","Tolu Latu",1993-02-23,"Nukuʻalofa",NA,NA,178,"Hooker"
"Q16212692","Ben Toolis","Ben Toolis",1992-03-31,"Brisbane",NA,NA,200,"2nd Row"
"Q16212765","Mark Bennett","Mark Bennett",1993-02-03,"Cumnock",NA,NA,183,"Centre; Winger"
"Q16213054","Thembelani Bholi","Thembelani Bholi",1990-01-18,"East London; South Africa",NA,NA,195,"Flanker; Number 8"
"Q16213949","Ipolito Fenukitau","Ipolito Fenukitau",1972-07-22,NA,NA,NA,188,"Flanker; Number 8"
"Q16214484","John Lacey",NA,NA,NA,NA,NA,NA,NA
"Q16214508","Tabai Matson","Tabai Matson",1973-05-14,"Nausori",NA,NA,192,"Centre; Winger"
"Q16221683","Nathan White","Nathan White",1981-09-04,"Hāwera",NA,NA,188,"Prop"
"Q16221824","Humphrey Kayange","Humphrey Kayange",1982-07-20,"Nairobi",NA,NA,196,"Centre"
"Q16222201","Leo Halavatau","Leo Halavatau",1983-11-21,"Nukuʻalofa",NA,NA,180,NA
"Q16222406","Malakai Ravulo","Malakai Ravulo",1983-09-22,"Korovou",NA,NA,190,"Flanker"
"Q16222497","Alaska Taufa","Alaska Taufa",1983-07-24,"Tonga",NA,NA,189,"Winger; Centre"
"Q16222505","Nomani Tonga","Nomani Tonga",1983-05-16,"Neiafu (Vavaʻu)",NA,NA,193,"2nd Row; Number 8; Flanker"
"Q16222516","Pieter-Jan van Lill","Pieter-Jan van Lill",1983-12-04,"Keetmanshoop",NA,NA,193,"Flanker; Number 8"
"Q16223524","Henari Veratau","Henari Veratau",1984-01-03,"Port Moresby",NA,NA,185,"Centre; Winger; Fullback"
"Q16223604","Adérito Esteves","Adérito Esteves",1985-10-08,NA,NA,NA,193,"Winger"
"Q16223701","Davit Kacharava","Davit Kacharava",1985-01-16,"Tbilisi",NA,NA,184,"Centre"
"Q16224004","Jeremy Thrush","Jeremy Thrush",1985-04-19,"Auckland",NA,NA,198,"2nd Row"
"Q16224015","Paul Serre","Paul Serre",1895-12-13,"Clairac",1972-07-14,"Boulogne-Billancourt",180,"Winger; Centre"
"Q16229608","Tyler Bleyendaal","Tyler Bleyendaal",1990-05-31,"Christchurch",NA,NA,185,"Fly-Half; Centre"
"Q16229940","Patrick Butler","Paddy Butler",1990-12-01,"Cashel; County Tipperary",NA,NA,190,"3rd Row"
"Q16230108","Jack Carty","Jack Carty",1992-08-31,"Athlone",NA,NA,183,"Fly-Half"
"Q16230116","Duncan Casey","Duncan Casey",1990-11-14,"Cork (city)",NA,NA,178,"Hooker"
"Q16230121","Uzair Cassiem","Uzair Cassiem",1990-03-17,"Strand; Western Cape",NA,NA,189,"Number 8; Flanker"
"Q16231444","Tim Mikkelson","Tim Mikkelson",1986-08-13,"Matamata",NA,NA,192,"Winger"
"Q16231591","John Ulugia","John Ulugia",1986-01-17,"Auckland",NA,NA,180,"Hooker; Prop"
"Q16231788","Phil Mackenzie","Phil MacKenzie",1987-02-25,"Oakville; Ontario",NA,NA,185,"Winger; Centre"
"Q16231871","Hadleigh Parkes","Hadleigh Parkes",1987-10-05,"Hunterville",NA,NA,187,"Centre; Winger"
"Q16231937","Male Sa'u","Male Sa'u",1987-10-13,"Auckland",NA,NA,183,"Centre; Fly-Half"
"Q16231991","Alexander Todua","Alexander Todua",1987-11-02,"Tbilisi",NA,NA,181,"Winger"
"Q16232105","Dave Foley","Dave Foley",1988-05-16,"Clonmel",NA,NA,198,"2nd Row"
"Q16232141","Kane Hames","Kane Hames",1988-08-28,"Wellington",NA,NA,181,"Loosehead Prop"
"Q16232384","Shannon Rick","Shannon Rick",1988-10-21,"East London; South Africa",NA,NA,172,"Scrum-Half"
"Q16232393","John Ryan","John Ryan",1988-08-02,"Cork (city)",NA,NA,183,"Prop"
"Q16232425","Sila Puafisi","Sila Puafisi",1988-04-15,"Tonga",NA,NA,185,"Prop"
"Q16232542","André Lafond","André Lafond",1902-07-31,"Boucau",1988-07-23,"Nice",174,"Winger"
"Q16232563","Daniel Faleafa","Daniel Faleafa",1989-02-13,"Auckland",NA,NA,195,"Flanker; Number 8; 2nd Row"
"Q16232630","James Hilterbrand","James Hilterbrand",1989-05-21,"Adelaide",NA,NA,184,"Hooker"
"Q16232677","Belgium Tuatagaloa","Belgium Tuatagaloa",1989-09-19,"Ōtāhuhu",NA,NA,187,"Winger"
"Q16232800","Duncan Taylor","Duncan Taylor",1989-09-05,"Northampton",NA,NA,189,"Centre"
"Q16232834","Ronan O'Mahony","Ronan O'Mahony",1989-05-28,"Limerick",NA,NA,183,"Winger; Fullback"
"Q16232979","Henry Trinder","Henry Trinder",1989-04-14,"Swindon",NA,NA,184,"Centre"
"Q16233064","Liam Coltman","Liam Coltman",1990-01-25,"New Plymouth",NA,NA,185,"Hooker; Prop"
"Q16233073","James Cronin","James Cronin",1990-11-23,"Ballincollig",NA,NA,183,"Prop"
"Q16233075","Simon Berghan","Simon Berghan",1990-12-07,"Christchurch",NA,NA,193,"Tighthead Prop"
"Q16233083","Gareth Davies","Gareth Davies",1990-08-18,"Carmarthen",NA,NA,178,"Scrum-Half"
"Q16233107","Willie du Plessis","Willie du Plessis",1990-06-05,"Pretoria",NA,NA,185,"Fly-Half"
"Q16233109","Matt Duffie","Matt Duffie",1990-08-16,"Christchurch",NA,NA,192,"Fullback; Winger"
"Q16233151","Piers Francis","Piers Francis",1990-06-20,"Gravesend",NA,NA,183,"Fly-Half; Centre"
"Q16233152","Tom Franklin","Tom Franklin",1990-08-11,"Opotiki",NA,NA,200,"2nd Row"
"Q16233182","Tala Gray","Talalelei Gray",1990-02-28,"Auckland",NA,NA,194,"Number 8; Flanker"
"Q16233222","Rob Herring","Rob Herring",1990-04-27,"Cape Town",NA,NA,188,"Hooker"
"Q16233332","Michael Le Bourgeois","Michael Le Bourgeois",1990-07-29,"Jersey",NA,NA,185,"Centre; Fullback"
"Q16233365","Andrea Manici","Andrea Manici",1990-04-28,"Parma",NA,NA,183,"Hooker"
"Q16233367","Marco Fuser","Marco Fuser",1991-03-09,"Villorba",NA,NA,198,"2nd Row"
"Q16233399","Craig Millar","Craig Millar",1990-10-29,"Dunedin",NA,NA,185,"Loosehead Prop"
"Q16233404","Oupa Mohoje","Oupa Mohojé",1990-08-03,"QwaQwa",NA,NA,193,"Flanker; Number 8"
"Q16233491","John Quill","John Quill",1990-03-10,"Youghal",NA,NA,187,"3rd Row"
"Q16233503","Noel Reid","Noel Reid",1990-05-22,"Dublin",NA,NA,185,"Centre; Fly-Half"
"Q16233718","Adam Coleman","Adam Coleman",1991-10-07,"Hobart",NA,NA,206,"2nd Row"
"Q16233780","Gareth Evans","Gareth Evans",1991-08-05,"Hastings; New Zealand",NA,NA,190,"Number 8; Flanker"
"Q16233844","Jeff Hassler","Jeff Hassler",1991-08-21,"Okotoks",NA,NA,178,"Winger"
"Q16233847","David Heffernan","Dave Heffernan",1991-01-31,"Ballina; County Mayo",NA,NA,188,"Hooker; Flanker"
"Q16233857","Jonathan Holland","Jonathan Holland",1991-08-30,"Cork (city)",NA,NA,178,"Fly-Half"
"Q16233943","Chris Kuridrani","Chris Kuridrani",1991-12-12,"Brisbane",NA,NA,195,"Winger"
"Q16233974","Kieran Low","Kieran Low",1991-01-27,"Chichester",NA,NA,198,"2nd Row; Flanker"
"Q16234008","Charlie Matthews","Charlie Matthews",1991-07-26,"Kingston upon Thames",NA,NA,202,"2nd Row"
"Q16234044","Martin Moore","Marty Moore",1991-03-01,"Dublin",NA,NA,180,"Tighthead Prop"
"Q16234070","Ruhan Nel","Ruhan Nel",1991-05-17,"Gqeberha",NA,NA,191,"Centre; Winger; Fullback"
"Q16234139","Javier Rojas","Javier Rojas",1991-04-15,"Tucumán Province",NA,NA,172,"Fly-Half; Centre"
"Q16234186","Courtnall Skosan","Courtnall Skosan",1991-07-24,"Cape Town",NA,NA,183,"Winger"
"Q16234209","Liam Squire","Liam Squire",1991-03-20,"Palmerston North",NA,NA,196,"Number 8; Flanker"
"Q16234234","Sonatane Takulua","Sonatane Takulua",1991-01-11,"Lapaha",NA,NA,176,"Scrum-Half"
"Q16234246","Iain Thornley","Iain Thornley",1991-09-11,"Wigan",NA,NA,NA,"Centre"
"Q16234312","Brad Weber","Brad Weber",1991-01-17,"Napier; New Zealand",NA,NA,172,"Scrum-Half"
"Q16234481","Elliot Daly","Elliot Daly",1992-10-08,"Croydon",NA,NA,184,"Centre; Fullback; Winger"
"Q16234525","Jamie Elliott","Jamie Elliott",1992-08-31,"Bedford",NA,NA,175,"Winger; Centre"
"Q16234617","Nathan Harris","Nathan Harris",1992-03-08,"Tauranga",NA,NA,186,"Hooker"
"Q16234630","Cory Hill","Cory Hill",1992-02-10,"Pontypridd",NA,NA,195,"2nd Row"
"Q16234650","Travis Ismaiel","Travis Ismaiel",1992-06-02,"Cape Town",NA,NA,190,"Winger"
"Q16234689","Oli Kebble","Oli Kebble",1992-06-18,"Durban",NA,NA,191,"Loosehead Prop"
"Q16234713","Marika Koroibete","Marika Koroibete",1992-07-26,"Naraiwaya",NA,NA,180,"Winger"
"Q16234746","Wiaan Liebenberg","Willem Liebenberg",1992-08-31,"Brackenfell",NA,NA,188,"Flanker"
"Q16234758","James Lowe","James Lowe",1992-07-08,"Nelson; New Zealand",NA,NA,188,"Winger; Fullback"
"Q16234943","Semi Radradra","Semi Radradra",1992-06-13,"Suva",NA,NA,NA,"Winger; Centre"
"Q16234958","Rob Evans","Rob Evans",1992-04-14,"Haverfordwest",NA,NA,186,"Loosehead Prop"
"Q16234993","Niall Scannell","Niall Scannell",1992-04-08,"Cork (city)",NA,NA,185,"Hooker"
"Q16235024","Will Skelton","Will Skelton",1992-05-03,"Auckland",NA,NA,202,"2nd Row"
"Q16235043","Ben Spencer","Ben Spencer",1992-07-31,"Stockport",NA,NA,183,"Scrum-Half"
"Q16235053","Pieter Stemmet","Pieter Stemmet",1992-02-18,"Paarl",NA,NA,184,"Prop"
"Q16235076","Jordan Taufua","Jordan Taufua",1992-01-29,"Auckland",NA,NA,189,"Flanker; Number 8"
"Q16235115","Maks van Dyk","Maks van Dyk",1992-01-21,"Johannesburg",NA,NA,185,"Prop"
"Q16235133","Tyrone Viiga","Tyrone Viiga",1992-06-09,"Sydney",NA,NA,192,"Number 8; Flanker"
"Q16235155","Ihaia West","Ihaia West",1992-01-16,"Havelock North",NA,NA,175,"Fly-Half; Fullback"
"Q16235159","Brayden Wiliame","Brayden Wiliame",1992-12-17,"Gosford",NA,NA,NA,NA
"Q16235302","Santiago Cordero","Santiago Cordero",1993-12-06,"Buenos Aires",NA,NA,176,"Winger; Fullback"
"Q16235393","Justin Geduld","Justin Geduld",1993-10-01,"Cape Town",NA,NA,175,"Winger"
"Q16235470","Jack Clifford","Jack Clifford",1993-02-12,"Brisbane",NA,NA,194,"Flanker; Number 8"
"Q16235510","Samu Kerevi","Samu Kerevi",1993-09-27,"Viseisei",NA,NA,186,"Centre"
"Q16235526","Cheslin Kolbe","Cheslin Kolbe",1993-10-28,"Kraaifontein",NA,NA,171,"Fullback; Winger"
"Q16235565","Ngani Laumape","Ngani Laumape",1993-04-22,"Palmerston North",NA,NA,171,"Centre"
"Q16235566","Tomás Lavanini","Tomás Lavanini",1993-01-22,"Buenos Aires",NA,NA,202,"2nd Row"
"Q16235620","Pablo Matera","Pablo Matera",1993-07-18,"Buenos Aires",NA,NA,193,"Flanker"
"Q16235697","Stuart Olding","Stuart Olding",1993-03-11,"Belfast",NA,NA,180,"Centre; Fullback; Fly-Half"
"Q16235774","Sean Robinson","Sean Robinson",1993-11-02,"Pretoria",NA,NA,181,"Centre; Winger; Fullback"
"Q16235918","Patrick Tuipulotu","Patrick Tuipulotu",1993-01-23,"Christchurch",NA,NA,198,"2nd Row"
"Q16236079","Elliot Dee","Elliot Dee",1994-03-07,"Newport; Wales",NA,NA,182,"Hooker"
"Q16236104","Mitchell Drummond","Mitchell Drummond",1994-02-15,"Nelson; New Zealand",NA,NA,180,"Scrum-Half"
"Q16236121","André Esterhuizen","André Esterhuizen",1994-03-30,"Potchefstroom",NA,NA,194,"Centre; Fullback; Winger; Fly-Half"
"Q16236171","Jonny Gray","Jonny Gray",1994-03-14,"Glasgow",NA,NA,198,"2nd Row"
"Q16236197","Jonny Hill","Jonny Hill",1994-06-08,"Ludlow",NA,NA,200,"2nd Row"
"Q16236310","Lewis Ludlow","Lewis Ludlow",1994-09-11,"Bedford",NA,NA,191,"Flanker"
"Q16236331","Malcolm Marx","Malcolm Marx",1994-07-13,"Germiston",NA,NA,188,"Hooker"
"Q16236338","Sean McMahon","Sean McMahon",1994-06-18,"Brisbane",NA,NA,186,"Flanker; Number 8"
"Q16236647","Anthony Watson","Anthony Watson",1994-02-26,"Ashford; Kent",NA,NA,188,"Winger; Fullback"
"Q16236734","Thomas du Toit","Thomas du Toit",1995-05-05,"Cape Town",NA,NA,190,"Prop"
"Q16236861","Tevita Li","Tevita Li",1995-03-23,"Auckland",NA,NA,182,"Winger"
"Q16236862","Anton Lienert-Brown","Anton Lienert-Brown",1995-04-15,"Christchurch",NA,NA,185,"Centre"
"Q16266566","Robert Raynal","Robert Raynal",1936-07-27,"Perpignan",2010-10-29,"9th arrondissement of Marseille",175,"Fly-Half"
"Q16266576","Jacques Gourgues","Jacques Gourgues",1937-03-27,"Saint-Pierre-du-Mont; Landes",2016-05-05,"Mont-de-Marsan",175,"Fullback"
"Q16266660","Laurent Spanghero","Laurent Spanghero",1939-06-12,"Bram; Aude",NA,NA,NA,NA
"Q16266738","Jean-Pierre Clar","Jean-Pierre Clar",1942-02-27,"Hanoi",NA,NA,180,"Prop"
"Q16320191","Elijah Niko","Elijah Niko",1990-09-11,"Wellington",NA,NA,192,"Winger"
"Q16382838","Arthur Bonneval","Arthur Bonneval",1995-05-31,"Toulouse",NA,NA,181,"Centre; Winger; Fullback"
"Q16382846","Andrés Bordoy","Andrés Bordoy",1982-12-30,"Rosario",NA,NA,186,"Hooker"
"Q16382935","Riccardo Cagna","Riccardo Cagna",1991-01-01,"Viadana; Lombardy",NA,NA,187,"Prop"
"Q16382994","Leandro Cedaro","Leandro Cedaro",1988-02-16,"Resistencia; Chaco",NA,NA,195,"2nd Row; Number 8"
"Q16527188","Anthony Coletta","Anthony Coletta",1989-04-25,"Paris",NA,NA,195,"Flanker; 2nd Row"
"Q16533360","Braam Steyn","Braam Steyn",1992-05-02,"Cradock; South Africa",NA,NA,194,"Flanker; Number 8"
"Q16535263","Camille Fontbostier","Camille Fontbostier",1990-05-28,"Poissy",NA,NA,180,"Hooker"
"Q16539442","Christophe Larrue","Christophe Larrue",1973-02-17,"Cenon",NA,NA,171,"Scrum-Half"
"Q16545869","Damien Lavergne","Damien Lavergne",1991-12-15,"Brive-la-Gaillarde",NA,NA,189,"Prop; 2nd Row"
"Q16546393","David Vaudaine","David Vaudaine",1983-06-24,NA,NA,NA,183,"Prop"
"Q16599849","Sami Panico","Sami Panico",1993-06-04,"Albano Laziale",NA,NA,185,"Prop"
"Q16632305","Enzo Selponi","Enzo Selponi",1993-06-16,"Montpellier",NA,NA,185,"Fly-Half"
"Q16638666","Gaspard Nau Valbak","Gaspard Nau Valbak",NA,NA,NA,NA,NA,NA
"Q16639135","Gilles Lopez","Gilles Lopez",1965-03-30,"Banyuls-sur-Mer",NA,NA,175,"Fly-Half"
"Q16640385","Grégory Patat","Grégory Patat",1975-02-09,"Auch",NA,NA,NA,"Number 8"
"Q16640534","Guillaume Leleu","Guillaume Leleu",1974-07-20,"Dunkirk",NA,NA,180,"Prop"
"Q16640549","Guillaume Piron","Guillaume Piron",1992-04-09,NA,NA,NA,183,"Centre; Winger"
"Q16643228","Ilian Perraux","Ilian Perraux",1992-04-04,"Rennes",NA,NA,181,"Fly-Half; Centre"
"Q16650846","Kévin Firmin","Kévin Firmin",1992-04-20,"Marseille",NA,NA,183,"Hooker"
"Q16657628","Loann Goujon","Loann Goujon",1989-04-23,"Albertville",NA,NA,194,"Number 8"
"Q16663159","Marlon Solofuti","Marlon Solofuti",1981-07-25,"Sydney",NA,NA,188,"Number 8"
"Q16666652","Noa Soqeta","Noa Soqeta",1980-02-27,"Nadi",NA,NA,195,"2nd Row; Number 8; Centre"
"Q16669731","Philippe Doussy","Philippe Doussy",1970-12-20,"Dax; Landes",NA,NA,179,"Scrum-Half"
"Q16669995","Pierre Jeudy","Pierre Jeudy",1990-11-06,"Ollioules",NA,NA,183,"Winger"
"Q16670001","Pierre Justes","Pierre Justes",1994-04-28,"Dax; Landes",NA,NA,180,"Fullback"
"Q16672511","Renaud Delmas","Renaud Delmas",1985-08-30,NA,NA,NA,179,"Winger"
"Q16672731","Riaan Swanepoel","Riaan Swanepoel",1986-01-14,"Cradock; South Africa",NA,NA,182,"Centre; Fly-Half; Fullback"
"Q16674347","Rémi Stolz","Rémi Stolz",1987-04-03,NA,NA,NA,177,"Hooker"
"Q16674690","Sabri Gmir","Sabri Gmir",1986-02-14,"Nabeul",NA,NA,177,"Winger; Fullback; Scrum-Half"
"Q16675534","Sandile Nxumalo","Sandile Nxumalo",1983-04-05,"Empangeni",NA,NA,178,"Scrum-Half"
"Q16679098","Tariel Ratianidze","Tariel Ratianidze",1980-01-05,"Mtskheta",NA,NA,187,"Prop"
"Q16679958","Thomas Laranjeira","Thomas Laranjeira",1992-05-05,"Belleville; Rhône",NA,NA,180,"Fly-Half; Centre; Fullback"
"Q16679970","Thomas Ramos","Thomas Ramos",1995-07-23,"Mazamet",NA,NA,178,"Fullback; Fly-Half"
"Q16683135","Walter Desmaison","Walter Desmaison",1991-10-18,"Girac; Lot",NA,NA,188,"Prop"
"Q16683635","Yann Rességuier","Yann Rességuier",1984-08-03,"Gaillac",NA,NA,183,"Loosehead Prop"
"Q16683655","Yassine Saaoui","Yassine Saaoui",1991-02-05,"Saint-Étienne",NA,NA,180,"Hooker"
"Q16683705","Yoann Laousse Azpiazu","Yoann Laousse Azpiazu",1991-08-20,"Arcachon",NA,NA,180,"Fullback; Fly-Half"
"Q16683742","You Young-nam","Yougnam Yu",1983-10-13,"Seoul",NA,NA,191,"Flanker; 2nd Row"
"Q16683956","Zero Petriashvili","Zero Petriashvili",1987-02-21,NA,NA,NA,182,"Prop"
"Q16728062","Nick Civetta","Nick Civetta",1989-11-05,"White Plains; New York",NA,NA,202,"2nd Row"
"Q16728406","Selvyn Davids","Selvyn Davids",1994-03-26,NA,NA,NA,NA,"Fullback"
"Q16729964","Nathan Hughes","Nathan Hughes",1991-06-10,"Lautoka",NA,NA,196,"Number 8; Flanker; 2nd Row"
"Q16730969","Osea Kolinisau","Osea Kolinisau",1985-11-17,"Suva",NA,NA,175,"Winger"
"Q16731047","Jesse Kriel","Jesse Kriel",1994-02-15,"Cape Town",NA,NA,186,"Centre; Winger; Fullback"
"Q16731362","Lefau Harry Schuster",NA,NA,NA,NA,NA,NA,NA
"Q16732418","Steve Meehan","Steve Meehan",1966-01-01,"Queensland",NA,NA,NA,NA
"Q16732681","Mitch Lees","Mitch Lees",1988-11-12,"Sydney",NA,NA,196,"2nd Row"
"Q16733105","Pita Nacuva",NA,NA,NA,NA,NA,NA,NA
"Q16745266","Robert du Preez","Robert du Preez",1993-07-30,"Durban",NA,NA,192,"Fly-Half; Centre; Fullback"
"Q16762452","Akker van der Merwe","Akker van der Merwe",1991-06-17,"Vanderbijlpark",NA,NA,178,"Hooker"
"Q16762737","Curtis Rona","Curtis Rona",1992-05-26,"Waitara; New Zealand",NA,NA,194,"Centre; Winger"
"Q16762760","Finn Russell","Finn Russell",1992-09-23,"Bridge of Allan",NA,NA,183,"Fly-Half; Centre"
"Q16762884","Jaco Visagie","Jacobus Visagie",1992-07-08,"Cape Town",NA,NA,188,"Hooker"
"Q16845274","Jean Kleyn","Jean Kleyn",1993-08-26,"Linden",NA,NA,202,"2nd Row"
"Q16846337","Luke McGrath","Luke McGrath",1993-02-03,"Hamilton; Ontario",NA,NA,175,"Scrum-Half"
"Q16846899","Taqele Naiyaravoro","Taqele Naiyaravoro",1991-12-07,"Yasawa",NA,NA,195,"Winger; Centre"
"Q16853397","Marvin Orie","Marvin Orie",1993-02-15,"Cape Town",NA,NA,198,"2nd Row; Flanker"
"Q16855064","Dorian Aldegheri","Dorian Aldegheri",1993-08-04,"Toulouse",NA,NA,180,"Tighthead Prop"
"Q16855262","Bastien Le Picaut","Bastien Le Picaut",1991-04-19,NA,NA,NA,187,"Prop"
"Q16855300","Jacques Naude","Jacques Naude",1987-01-01,"Bellville; South Africa",NA,NA,196,"2nd Row"
"Q16855328","Étienne Quiniou","Étienne Quiniou",1992-01-21,"Haguenau",NA,NA,173,"Scrum-Half"
"Q16855982","Wayne Cottrell","Wayne Cottrell",1943-09-30,"Christchurch",2013-05-22,"Christchurch",180,"Centre"
"Q16873186","Niall Annett","Niall Annett",1991-05-07,"Belfast",NA,NA,182,"Hooker"
"Q16873617","Samisoni Viriviri","Samisoni Viriviri",1988-04-25,"Nadi",NA,NA,182,"Winger"
"Q16889595","Christian Cœurveillé","Christian Cœurveillé",1968-03-26,"Rodez",NA,NA,181,"Centre"
"Q16911039","Luke Burton","Luke Burton",1994-02-17,"Perth",NA,NA,180,"Centre; Fullback; Fly-Half"
"Q16912415","Alfred Armandie","Alfred Armandie",1884-12-23,NA,1915-09-25,NA,NA,NA
"Q16931032","Kevin Bryce","Kevin Bryce",1988-09-07,"Alloa",NA,NA,185,"Hooker; Prop"
"Q16969704","Sam Anderson-Heather","Sam Anderson-Heather",1988-02-15,"Dunedin",NA,NA,181,"Hooker"
"Q16969871","Jack Debreczeni","Jack Debreczeni",1993-06-06,"Ōtāhuhu",NA,NA,192,"Fly-Half; Fullback"
"Q16970046","Lalakai Foketi","Lalakai Foketi",1994-12-22,"Hamilton; New Zealand",NA,NA,185,"Centre"
"Q16971726","Tom Staniforth","Tom Staniforth",1994-08-13,"Canberra",NA,NA,198,"2nd Row"
"Q16972087","Paterika Vaivai","Paterika Vaivai",1992-02-14,NA,NA,NA,NA,NA
"Q16995269","Jack Conan","Jack Conan",1992-07-29,"Bray; County Wicklow",NA,NA,193,"Number 8"
"Q17008115","Dillyn Leyds","Dillyn Leyds",1992-09-12,"Somerset West",NA,NA,185,"Winger; Fullback; Fly-Half"
"Q17016918","Jamie Ritchie","Jamie Ritchie",1996-08-16,"Dundee",NA,NA,193,"Flanker"
"Q17018385","Kyle Sinckler","Kyle Sinckler",1993-03-30,"London Borough of Wandsworth",NA,NA,182,"Tighthead Prop"
"Q17018685","Rory Sutherland","Rory Sutherland",1992-08-24,"Melrose; Scottish Borders",NA,NA,183,"Loosehead Prop"
"Q17019995","Tadhg Furlong","Tadhg Furlong",1992-11-14,"Wexford",NA,NA,185,"Tighthead Prop"
"Q17125349","Mark Atkinson","Mark Atkinson",1990-03-08,"Knowsley; Merseyside",NA,NA,195,"Centre"
"Q17129465","Takeshi Kizu","Takeshi Kizu木津 武士",1988-07-15,"Higashiōsaka",NA,NA,183,"Hooker"
"Q17162666","Pierre Barthère","Pierre Barthère",1989-06-03,"Montauban",NA,NA,196,"3rd Row"
"Q17176245","Christian Tralléro","Christian Tralléro",1952-08-30,"Béziers",NA,NA,NA,"Winger"
"Q17180566","Ollie Devoto","Ollie Devoto",1993-09-22,"Yeovil",NA,NA,193,"Centre; Fly-Half; Fullback"
"Q17182640","Cam Dolan","Cam Dolan",1990-03-07,"Fort Myers; Florida",NA,NA,200,"Number 8; Flanker; 2nd Row"
"Q17183134","Giulio Bisegni","Giulio Bisegni",1992-04-04,"Frascati",NA,NA,180,"Centre; Winger"
"Q17198088","Steve Cummins","Steven Cummins",1992-03-29,"Sydney",NA,NA,200,"2nd Row"
"Q17198223","Johannes Jonker","Johannes Jonker",1994-08-22,"East London; South Africa",NA,NA,185,"Prop"
"Q17198295","Tinus Linee","Tinus Linee",1969-08-23,"Paarl",2014-11-03,"Paarl",180,"Centre"
"Q17198694","Pierre Schoeman","Pierre Schoeman",1994-05-07,"Mbombela",NA,NA,184,"Prop"
"Q17210116","Kenki Fukuoka","Kenki Fukuoka福岡 堅樹",1992-09-07,"Fukuoka",NA,NA,175,"Winger"
"Q17211372","Masataka Mikami","Masataka Mikami三上正貴",1988-06-04,"Aomori",NA,NA,178,"Prop"
"Q17223380","Hiroshi Yamashita","Hiroshi Yamashita山下 裕史",1986-06-01,"Shijōnawate",NA,NA,183,"Prop"
"Q17225677","姫野和樹","Kazuki Himeno姫野和樹",1994-07-27,"Nagoya",NA,NA,187,"Flanker; Number 8; 2nd Row"
"Q17285313","Adam Ashe","Adam Ashe",1993-07-24,"Livingston; West Lothian",NA,NA,193,"Number 8"
"Q17285657","Olive Kilifi","Olive Kilifi",1986-09-28,"Huntington Beach; California",NA,NA,180,"Prop"
"Q17305737","Seremaia Burotu","Seremaia Burotu",1987-07-19,"Tavua; Fiji",NA,NA,184,"Centre; Winger; Number 8"
"Q17309196","Nico Janse van Rensburg","Nico Janse van Rensburg",1994-05-06,"Pretoria",NA,NA,200,"2nd Row; Flanker"
"Q17332604","Aki Seiuli","Aki Seiuli",1992-12-22,"Christchurch",NA,NA,184,"Prop"
"Q17350636","Marius Guiral","Marius Guiral",1904-12-16,"Condom; Gers",1977-05-03,"Mourenx",171,"Fullback"
"Q17350774","Max Vigerie","Max Vigerie",1906-11-28,NA,1986-10-25,NA,NA,"Centre"
"Q17350850","Jefferson Poirot","Jefferson Poirot",1992-11-01,"L'Isle-Adam; Val-d'Oise",NA,NA,181,"Loosehead Prop"
"Q17350940","Juan Pablo Socino","Juan Pablo Socino",1988-05-30,"Buenos Aires",NA,NA,178,"Centre; Fly-Half"
"Q17350958","Fabrice Tao","Fabrice Tao",1985-11-23,"Nouméa",NA,NA,174,"Centre"
"Q17351919","Oliviero Fabiani","Oliviero Fabiani",1990-07-13,"Rome",NA,NA,180,"Hooker"
"Q17377634","Brian Fitzpatrick","Brian Fitzpatrick",1931-03-05,"Ōpōtiki District",2006-10-02,"Auckland",178,"Centre"
"Q17385542","Michael Alaalatoa","Michael Alaalatoa",1991-08-28,"Sydney",NA,NA,191,"Prop"
"Q17385620","Scott Barrett","Scott Barrett",1993-11-20,"New Plymouth",NA,NA,198,"2nd Row; Flanker"
"Q17385777","Greg Cooper","Greg Cooper",1965-06-10,"Gisborne; New Zealand",NA,NA,183,"Fullback"
"Q17386178","Lasha Khmaladze","Lasha Khmaladze",1988-01-20,"Tbilisi",NA,NA,179,"Fly-Half; Fullback"
"Q17386308","Vakhtang Maisuradze","Vakhtang Maisuradze",1987-03-11,"Tskhinvali",NA,NA,195,"2nd Row"
"Q17386435","Etonia Nabuli","Eto Nabuli",1988-08-24,"Sigatoka",NA,NA,197,"Winger"
"Q17386578","Gerwyn Price","Gerwyn Price",1985-03-07,NA,NA,NA,175,NA
"Q17388809","Shalva Sutiashvili","Shalva Sutiashvili",1984-01-24,"Tbilisi",NA,NA,193,"2nd Row; 3rd Row"
"Q17403308","Allan Alaalatoa","Allan Alaalatoa",1994-01-28,"Sydney",NA,NA,182,"Prop"
"Q17403432","Seabelo Senatla","Seabelo Senatla",1993-02-10,"Welkom",NA,NA,186,"Winger"
"Q17465593","Willy Ambaka","Willy Ambaka",1990-05-14,"Wundanyi",NA,NA,194,"Winger"
"Q17489748","Dan McKellar","Dan McKellar",1976-07-17,"Brisbane",NA,NA,NA,"Prop"
"Q17497081","Teddy Thomas","Teddy Thomas",1993-09-18,"Biarritz",NA,NA,185,"Winger"
"Q17517058","Petrus du Plessis","Petrus du Plessis",1981-05-31,"Hermanus",NA,NA,185,"Prop"
"Q17517204","Damian McKenzie","Damian McKenzie",1995-04-20,"Invercargill",NA,NA,175,"Fly-Half; Fullback"
"Q17523769","Matías Alemanno","Matías Alemanno",1991-12-05,"Córdoba; Argentina",NA,NA,199,"2nd Row"
"Q17523840","Ramiro Herrera","Ramiro Herrera",1989-02-14,"Comodoro Rivadavia",NA,NA,191,"Tighthead Prop"
"Q17542132","Jerónimo de la Fuente","Jerónimo de la Fuente",1991-02-24,"Rosario",NA,NA,184,"Centre"
"Q17580252","Serge Lassoujade","Serge Lassoujade",1945-10-26,NA,NA,NA,NA,"Flanker"
"Q17624661","Charles Ollivon","Charles Ollivon",1993-05-11,"Bayonne",NA,NA,199,"Number 8; Flanker"
"Q17628618","François Ratier","François Ratier",1972-08-12,"La Rochefoucauld; Charente",NA,NA,NA,"Winger"
"Q17636614","Philippe Herranz","Philippe Herranz",1968-04-12,NA,NA,NA,NA,"Centre"
"Q18022517","Denny Solomona","Denny Solomona",1993-09-27,"Auckland",NA,NA,190,"Winger"
"Q18044286","Dorian Jones","Dorian Jones",1992-09-27,"Abergavenny",NA,NA,175,"Fly-Half"
"Q18045036","Tyler Morgan","Tyler Morgan",1995-09-11,"Newport; Wales",NA,NA,186,"Centre"
"Q18045446","Jack Ram","Jack Ram",1987-01-14,"Sydney",NA,NA,189,"Flanker"
"Q18097233","Niyi Adeolokun","Niyi Adeolokun",1990-11-03,"Ibadan",NA,NA,183,"Winger"
"Q18128188","Kwagga Smith","Kwagga Smith",1993-06-11,"Lydenburg",NA,NA,181,"Flanker; Number 8"
"Q18128455","Gary Street","Gary Street",NA,NA,NA,NA,NA,"Scrum-Half"
"Q18128934","Jamba Ulengo","Jamba Ulengo",1990-01-07,"Vryburg",NA,NA,185,"Winger"
"Q18129148","Hamish Watson","Hamish Watson",1991-10-15,"Manchester",NA,NA,185,"Flanker"
"Q18162827","Felipe Berchesi","Felipe Berchesi",1991-04-12,"Montevideo",NA,NA,178,"Fly-Half; Centre"
"Q18165611","Angus Gardner",NA,NA,NA,NA,NA,NA,NA
"Q18166205","Sam Talakai","Sam Talakai",1991-09-04,"Sydney",NA,NA,183,"Tighthead Prop"
"Q18166319","Taniela Tupou","Taniela Tupou",1996-05-10,"Vaini",NA,NA,181,"Prop"
"Q18167677","Hendrik Tui","Hendrik Tui",1987-12-13,"Auckland",NA,NA,189,"Flanker; Number 8"
"Q18170970","Jake Ilnicki","Jake Ilnicki",1992-02-24,"Williams Lake; British Columbia",NA,NA,190,"Tighthead Prop"
"Q18172006","Jonathan Danty","Jonathan Danty",1992-10-07,"Paris",NA,NA,181,"Centre"
"Q18206529","Madison Hughes","Madison Hughes",1992-10-26,"Epsom",NA,NA,177,"Fullback"
"Q18209267","Konstantin Mikautadze","Konstantin Mikautadze",1991-07-01,"Tbilisi",NA,NA,200,"2nd Row"
"Q18213984","Arthur Cestaro","Arthur Cestaro",1990-05-17,NA,NA,NA,181,"Fullback"
"Q18214300","Cyril Cazeaux","Cyril Cazeaux",1995-02-10,"Dax; Landes",NA,NA,198,"2nd Row"
"Q18214452","Emiliano Coria","Emiliano Coria",1990-10-16,"Tucumán Province",NA,NA,180,"Prop"
"Q18215259","Maxime Mathy","Maxime Mathy",1992-10-24,"Lons-le-Saunier",NA,NA,178,"Fly-Half; Centre"
"Q18218068","Seta Tamanivalu","Seta Tamanivalu",1992-07-23,"Lautoka",NA,NA,189,"Centre; Winger"
"Q18221820","James Nelson","James Nelson",1903-02-09,"Glasgow",1981-10-16,"Inverness",NA,"Scrum-Half"
"Q18331204","Hussein M'Barki","Hussein M'Barki",1955-12-29,"Fez; Morocco",NA,NA,175,NA
"Q18331852","Siate Tokolahi","Siate Tokolahi",1992-03-16,"Nukuʻalofa",NA,NA,184,"Prop"
"Q18350977","Alex Ainley","Alex Ainley",1981-07-16,"Auckland",NA,NA,197,"2nd Row; Flanker"
"Q18351584","Ambrose Curtis","Ambrose Curtis",1992-04-17,NA,NA,NA,191,"Winger"
"Q18353250","Nicky Smith","Nicky Smith",1994-04-07,"Swansea",NA,NA,183,"Loosehead Prop"
"Q18359107","Javier Ortega Desio","Javier Ortega Desio",1990-06-14,"Paraná; Entre Ríos",NA,NA,193,"Flanker"
"Q18359280","Vince Aso","Vince Aso",1995-01-05,"Auckland",NA,NA,185,"Centre; Winger"
"Q18368242","Simone Ragusi","Simone Ragusi",1992-03-28,"Milan",NA,NA,176,"Fly-Half"
"Q18377867","Jaco van der Walt","Jaco van der Walt",1994-02-01,"Randfontein",NA,NA,182,"Fly-Half; Fullback"
"Q18379237","Bryce Heem","Bryce Heem",1989-01-18,"Auckland",NA,NA,192,"Centre; Winger; Fullback"
"Q18386281","Cameron Wright","Cameron Wright",1994-04-20,"Westville; KwaZulu-Natal",NA,NA,181,"Scrum-Half"
"Q18391686","Nehe Milner-Skudder","Nehe Milner-Skudder",1990-12-15,"Taihape",NA,NA,180,"Fullback; Winger"
"Q18535007","Henry Ratu Wainiu Seniloli","Henry Seniloli",1989-06-15,"Tavua; Fiji",NA,NA,174,"Scrum-Half"
"Q18577129","Peni Ravai","Peni Ravai",1990-06-16,"Tailevu Province",NA,NA,185,"Prop; Hooker"
"Q18589216","Zander Fagerson","Zander Fagerson",1996-01-19,"Perth; Scotland",NA,NA,188,"Tighthead Prop"
"Q18609971","Fabrice Lalanne","Fabrice Lalanne",1971-02-09,NA,NA,NA,194,"2nd Row; Number 8"
"Q18610766","Beñat Auzqui","Beñat Auzqui",1983-08-01,"Bayonne",NA,NA,180,"Hooker; Prop"
"Q18611889","Connor Braid","Connor Braid",1990-05-31,"Victoria; British Columbia",NA,NA,183,"Fly-Half; Centre; Fullback"
"Q18616999","Jean Lassègue","Jean Lassègue",1924-02-15,"Rieumes",1992-06-04,"Toulouse",177,"Winger"
"Q18619312","Facundo Isa","Facundo Isa",1993-09-21,"Santiago del Estero",NA,NA,188,"Number 8; Flanker"
"Q18619478","Rory Scannell","Rory Scannell",1993-12-22,"Cork (city)",NA,NA,178,"Centre; Fly-Half; Fullback"
"Q18632037","Otere Black","Otere Black",1995-05-04,"Palmerston North",NA,NA,185,"Fly-Half"
"Q18632058","Tevita Cavubati","Tevita Cavubati",1987-08-12,"Suva",NA,NA,200,"2nd Row"
"Q18632089","Latiume Fosita","Latiume Fosita",1992-07-25,"ʻUiha",NA,NA,184,"Fly-Half; Centre; Fullback; Winger"
"Q18632098","Leon Fukofuka","Leon Fukofuka",1994-09-08,"Auckland",NA,NA,185,"Scrum-Half"
"Q18632108","Willis Halaholo","Willis Halaholo",1990-07-06,"Auckland",NA,NA,180,"Centre"
"Q18632111","Siua Halanukonuka","Siua Halanukonuka",1986-08-09,"Tongatapu",NA,NA,186,"Prop"
"Q18632115","David Havili","David Havili",1994-12-23,"Nelson; New Zealand",NA,NA,184,"Fullback; Centre; Winger; Fly-Half"
"Q18632124","Alex Hodgman","Alex Hodgman",1993-07-16,"Auckland",NA,NA,196,"Prop"
"Q18632188","Richie Mo'unga","Richie Mo'unga",1994-05-25,"Christchurch",NA,NA,176,"Fly-Half; Fullback"
"Q18632220","Toni Pulu","Toni Pulu",1989-11-28,"Los Angeles",NA,NA,184,"Winger"
"Q18632270","Pingi Tala'apitaga","Pingi Tala'apitanga",1987-02-24,"Apia",NA,NA,187,"Prop"
"Q18632282","Ahsee Tuala","Ahsee Tuala",1989-08-23,"Moto'otua",NA,NA,191,"Fullback; Winger; Fly-Half"
"Q18632289","Ma'ama Vaipulu","Maama Vaipulu",1989-07-21,"Kawakawa; New Zealand",NA,NA,190,"Number 8; Flanker"
"Q18634286","Jérémy Dumont","Jérémy Dumont",1986-07-27,"Lormont",NA,NA,197,"2nd Row"
"Q18637132","Enrico Bacchin","Enrico Bacchin",1992-11-28,"San Donà di Piave",NA,NA,182,"Centre"
"Q18637201","Kyle Brown","Kyle Brown",1987-02-06,"Cape Town",NA,NA,182,"Flanker"
"Q18637254","Cameron Clark","Cameron Clark",1993-03-20,"Auckland",NA,NA,185,"Winger; Fullback"
"Q18637283","Danny Barrett","Danny Barrett",1990-03-23,"Pacifica; California",NA,NA,191,"Number 8"
"Q18637441","David Halaifonua","David Halaifonua",1987-07-05,"Vavaʻu",NA,NA,189,"Winger; Fullback; Centre"
"Q18637494","Rodney Iona","Rodney Iona",1991-08-17,"Melbourne",NA,NA,177,"Fly-Half; Centre"
"Q18637622","Marco Lazzaroni","Marco Lazzaroni",1995-05-18,"Udine",NA,NA,191,"2nd Row; Flanker"
"Q18637637","Tomás Lezana","Tomás Lezana",1994-02-16,"Santiago del Estero",NA,NA,188,"Flanker; Number 8"
"Q18637720","Stuart McCloskey","Stuart McCloskey",1992-08-06,"Bangor; County Down",NA,NA,192,"Centre"
"Q18637759","Matías Moroni","Matías Moroni",1991-03-29,"Buenos Aires",NA,NA,185,"Centre; Winger"
"Q18637778","Sefanaia Naivalu","Sefanaia Naivalu",1992-01-07,"Levuka",NA,NA,186,"Winger; Centre"
"Q18637850","Duncan Paia'aua","Duncan Paia'aua",1995-01-20,"Porirua",NA,NA,180,"Centre; Fly-Half; Fullback"
"Q18637859","Tiziano Pasquali","Tiziano Pasquali",1994-07-14,"Rome",NA,NA,179,"Prop"
"Q18637871","Guido Petti Pagadizábal","Guido Petti Pagadizábal",1994-11-17,"Buenos Aires",NA,NA,194,"2nd Row; Flanker"
"Q18638131","Jan Uys","Jan Uys",1994-01-03,"Potchefstroom",NA,NA,199,"2nd Row"
"Q18638202","Matteo Zanusso","Matteo Zanusso",1993-04-09,"San Donà di Piave",NA,NA,179,"Hooker"
"Q18716337","Robert Bergeyre","Robert Bergeyre",1894-07-02,"Fontainebleau",1914-08-22,"Ethe",NA,"Centre"
"Q18744711","Malik Djebablah","Malik Djebablah",1989-10-06,"Agen",NA,NA,174,"Hooker"
"Q18744746","Germain Garcia","Germain Garcia",1993-06-10,"Bayonne",NA,NA,192,"Flanker"
"Q18744863","Nicolas Martin","Nicolas Martin",1971-08-20,"Foix",NA,NA,185,"Centre"
"Q18745116","Sofiane Chellat","Sofiane Chellat",1990-01-12,"Soissons",NA,NA,174,"Prop"
"Q18749316","Timothée Lafon","Timothée Lafon",1989-02-17,"Bordeaux",NA,NA,178,"Prop"
"Q18753647","Ruehan van Jaarsveld","Ruehan van Jaarsveld",1985-03-04,"Springs; South Africa",NA,NA,200,"2nd Row"
"Q18763326","Thomas Larrieu","Thomas Larrieu",1991-05-11,"Dax; Landes",NA,NA,184,"Hooker"
"Q18786895","Thibaut Lesparre","Thibaut Lesparre",1992-08-22,"Dax; Landes",NA,NA,180,"Scrum-Half"
"Q18808571","Ultan Dillane","Ultan Dillane",1993-11-09,"Paris",NA,NA,198,"2nd Row"
"Q18921739","Tomas Francis","Tomas Francis",1992-04-27,"York",NA,NA,185,"Tighthead Prop"
"Q18977737","Marco Barbini","Marco Barbini",1990-10-16,"Padua",NA,NA,191,"Number 8; Flanker"
"Q18978120","Maro Itoje","Maro Itoje",1994-10-28,"London Borough of Camden",NA,NA,198,"Flanker; 2nd Row"
"Q18978162","Huw Jones","Huw Jones",1993-12-17,"Edinburgh",NA,NA,186,"Centre; Fullback"
"Q19282141","Warrick Gelant","Warrick Gelant",1995-05-20,"Knysna",NA,NA,180,"Fullback"
"Q19364975","Hanro Liebenberg","Hanro Liebenberg",1995-10-10,"Brackenfell",NA,NA,196,"Number 8"
"Q19364997","Dwayne Haare","Dwayne Haare",1980-06-09,"Auckland",NA,NA,197,"Number 8; Flanker; 2nd Row"
"Q19365010","Baptiste Chouzenoux","Baptiste Chouzenoux",1993-08-07,"Bayonne",NA,NA,200,"Flanker"
"Q19365015","Clement Ancely","Clément Ancely",1993-03-04,"Béziers",NA,NA,193,"Flanker"
"Q19365048","Pierre Gayraud","Pierre Gayraud",1992-03-27,"Sète",NA,NA,198,"2nd Row"
"Q19420827","Tjiuee Uanivi","Tjiuee Uanivi",1990-12-31,"Otjiwarongo",NA,NA,200,"2nd Row; Flanker"
"Q19517709","Finlay Bealham","Finlay Bealham",1991-10-09,"Canberra",NA,NA,189,"Prop"
"Q19517966","Mikhail Babaev","Mikhaïl Babaïev",1986-01-19,"Krasnoznamenski",NA,NA,180,"Centre"
"Q19518664","Xavier Chauveau","Xavier Chauveau",1992-10-14,NA,NA,NA,180,"Scrum-Half"
"Q19518758","Titi Lamositele","Titi Lamositele",1995-02-11,"Bellingham; Washington",NA,NA,180,"Prop"
"Q19518957","Piula Fa'asalele","Piula Faasalele",1988-01-22,"Porirua",NA,NA,196,"Number 8; Flanker; 2nd Row"
"Q19519493","Vincent Mallet","Vincent Mallet",1993-02-08,NA,NA,NA,181,"Fly-Half"
"Q19519959","Jannie Bornman","Jannie Bornman",1980-07-28,"Winburg",NA,NA,194,"Flanker; Number 8"
"Q19538987","Kennedy Tsimba","Kennedy Tsimba",1974-07-23,"Harare",NA,NA,180,"Fly-Half"
"Q19539014","Mario Sagario","Mario Sagario",1986-06-29,"Montevideo",NA,NA,186,"Prop"
"Q19545114","Jean Massare","Jean Massare",1922-08-29,"Fontenay-sous-Bois",2010-09-25,"9th arrondissement of Marseille",182,"Prop"
"Q19548121","Guillaume Rouet","Guillaume Rouet",1988-08-13,"Bayonne",NA,NA,170,"Scrum-Half"
"Q19560399","Tom Dunn","Tom Dunn",1992-11-12,"Bath; Somerset",NA,NA,187,"Hooker"
"Q19560439","Anthony Etrillard","Anthony Étrillard",1993-03-21,NA,NA,NA,180,"Hooker"
"Q19560446","Charlie Ewels","Charlie Ewels",1995-06-29,"Bournemouth",NA,NA,199,"2nd Row"
"Q19561434","Jérémie Maurouard","Jérémie Maurouard",1992-09-23,"Mont-Saint-Aignan",NA,NA,181,"Hooker"
"Q19571710","Simon Labouyrie","Simon Labouyrie",1991-10-15,"Ondres",NA,NA,180,"Hooker"
"Q19571736","Giorgi Tkhilaishvili","Giorgi Tkhilaishvili",1991-04-08,"Kobuleti",NA,NA,180,"Flanker"
"Q19571764","Zurab Zhvania","Zurab Zhvania",1991-09-23,"Poti",NA,NA,179,"Prop"
"Q19571780","Branco du Preez","Branco du Preez",1990-05-08,"George; South Africa",NA,NA,166,NA
"Q19571797","Keita Inagaki","Keita Inagaki稲垣啓太",1990-06-02,"Niigata (city)",NA,NA,183,"Loosehead Prop"
"Q19577577","Lucas Pointud","Lucas Pointud",1988-01-18,"Chambéry",NA,NA,188,"Prop"
"Q19578150","Matthieu Ugalde","Matthieu Ugalde",1992-06-10,"Bayonne",NA,NA,177,"Fly-Half; Centre"
"Q19578358","Peceli Yato","Peceli Yato",1993-01-17,"Sigatoka",NA,NA,196,"Flanker; Number 8; 2nd Row"
"Q19585557","Chris Dry","Chris Dry",1988-02-13,"Cape Town",NA,NA,191,"Flanker"
"Q19585867","Werner Kok","Werner Kok",1993-01-17,"Mbombela",NA,NA,179,"Winger; Centre"
"Q19593933","Jean Bachelé","Jean Bachelé",1932-06-03,"Dax; Landes",2015-03-06,"Dax; Landes",172,"Prop"
"Q19606804","Levani Botia","Levani Botia",1989-03-14,"Suva",NA,NA,182,"Centre; Winger; Flanker"
"Q19606835","Yassin Boutemmani","Yassin Boutemmani",1990-07-12,"L'Isle-d'Espagnac",NA,NA,177,"Prop"
"Q19614405","Andrey Garbuzov","Andreï Garbouzov",1983-08-07,"Krasnoyarsk",NA,NA,193,"2nd Row; 3rd Row"
"Q19623644","Nelie Smith","Nelie Smith",1934-05-08,"Bloemfontein",2016-05-02,"Strand; Western Cape",175,"Scrum-Half"
"Q19628958","Hemani Paea","Hemani Paea",1985-07-30,NA,NA,NA,184,"Centre"
"Q19629116","Benito Masilevu","Benito Masilevu",1989-10-07,"Savusavu",NA,NA,178,"Winger"
"Q19629166","Roimata Hansell-Pune","Roimata Hansell-Pune",1986-11-06,"Auckland",NA,NA,189,"Centre; Fly-Half"
"Q19629983","Matthew Farmer","Matthew Farmer",1982-07-05,NA,NA,NA,191,"Fly-Half"
"Q19631390","Dave Stewart","Dave Stewart",1935-07-14,"Cape Town",2022-11-22,NA,185,"Centre; Fly-Half; Fullback"
"Q19631392","Trix Truter","Trix Truter",1939-06-05,"Ladysmith; KwaZulu-Natal",NA,NA,188,"Winger"
"Q19631460","Mike Lawless","Mike Lawless",1941-09-17,"Cape Town",NA,NA,NA,"Fly-Half"
"Q19654418","Ryan Shaw","Ryan Shaw",1992-09-26,"Barrow-in-Furness",NA,NA,183,NA
"Q19654810","Dave Sisi","David Sisi",1993-02-05,"Rinteln",NA,NA,193,"2nd Row; Flanker; Number 8"
"Q19661153","Jerry Tuwai","Jerry Tuwai",1989-03-23,"Suva",NA,NA,174,"Winger"
"Q19662106","Beno Obano","Beno Obano",1994-10-25,"London",NA,NA,183,"Loosehead Prop"
"Q19662515","Clément Otazo","Clément Otazo",1992-05-03,NA,NA,NA,180,"Fly-Half"
"Q19662689","Fabrice Metz","Fabrice Metz",1991-01-23,"Strasbourg",NA,NA,198,"2nd Row"
"Q19662737","Hayden Thompson-Stringer","Hayden Thompson-Stringer",1994-12-29,"Chatham; Kent",NA,NA,190,"Loosehead Prop"
"Q19662912","Semi Kunatani","Semi Kunatani",1990-10-27,"Fiji",NA,NA,192,"Flanker; Winger"
"Q19663272","Nick Tompkins","Nick Tompkins",1995-02-16,"Sidcup",NA,NA,183,"Centre"
"Q19663567","Gérard Bertrand","Gérard Bertrand",1965-01-27,"Narbonne",NA,NA,NA,"Flanker"
"Q19664152","Toby Arnold","Toby Arnold",1987-09-11,"Te Kūiti",NA,NA,178,"Winger; Fullback"
"Q19664247","Tamaz Mchedlidze","Tamaz Mchedlidze",1993-03-17,"Tbilisi",NA,NA,195,"Winger; Centre"
"Q19664363","Scott Curry","Scott Curry",1988-05-17,"Rotorua",NA,NA,193,"Centre; Flanker"
"Q19664800","Callum Braley","Callum Braley",1994-03-20,"Bristol",NA,NA,178,"Scrum-Half"
"Q19665248","Merab Sharikadze","Merab Sharikadze",1993-05-17,"Moscow",NA,NA,185,"Centre"
"Q19665256","Solomone Kata","Solomone Kata",1994-12-03,"Neiafu (Vavaʻu)",NA,NA,NA,NA
"Q19665314","Akira Ioane","Akira Ioane",1995-06-16,"Tokyo",NA,NA,194,"Flanker; Number 8"
"Q19818622","Josh van der Flier","Josh van der Flier",1993-04-25,"Wicklow",NA,NA,185,"Flanker"
"Q19818628","Dan Leavy","Dan Leavy",1994-05-23,"Dublin",NA,NA,191,"Flanker"
"Q19818633","Ed Byrne","Ed Byrne",1993-09-09,"Carlow",NA,NA,180,"Loosehead Prop"
"Q19818683","RG Snyman","RG Snyman",1995-01-29,"Potchefstroom",NA,NA,206,"2nd Row"
"Q19819246","Matt Taylor","Matt Taylor",1972-09-16,"Brisbane",NA,NA,183,"Flanker"
"Q19843687","Jean-Baptiste Singer","Jean-Baptiste Singer",1994-12-19,"Le Puy-en-Velay",NA,NA,199,"2nd Row"
"Q19843698","Julien Marchand","Julien Marchand",1995-05-10,"Loures-Barousse",NA,NA,181,"Hooker"
"Q19843792","Quentin Lespiaucq-Brettes","Quentin Lespiaucq-Brettes",1995-02-16,"Mont-de-Marsan",NA,NA,180,"Hooker"
"Q19865236","Paul Lasike","Paul Lasike",1990-06-18,"Auckland",NA,NA,180,"Centre"
"Q19873013","Dan du Preez","Daniel du Preez",1995-08-05,"Durban",NA,NA,196,"Number 8; Flanker"
"Q19875319","Wilco Louw","Wilco Louw",1994-07-20,"Ceres; South Africa",NA,NA,185,"Tighthead Prop"
"Q19875405","Kotaro Matsushima","Kotaro Matsushima松島幸太朗",1993-02-26,"Pretoria",NA,NA,176,"Fullback; Winger; Centre"
"Q19875637","Guy Millar","Guy Millar",1992-04-23,"Cape Town",NA,NA,186,"Prop"
"Q19900769","Raymond Albaladejo","Raymond Albaladejo",1932-10-17,"Saint-Martin-d'Arrossa",1964-09-10,"Lesperon",170,"Winger"
"Q19946546","Gabriel Lacroix","Gabriel Lacroix",1993-10-19,"Toulouse",NA,NA,171,"Winger"
"Q19951953","Émile Carrère","Émile Carrère",1937-01-21,"Dax; Landes",1964-09-10,"Lesperon",175,"Fullback"
"Q19952303","Étienne Delangle","Étienne Delangle",1987-07-31,"Redon; Ille-et-Vilaine",NA,NA,196,"2nd Row"
"Q19952311","Marius Delport","Marius Delport",1985-03-06,"Pretoria",NA,NA,191,"Centre"
"Q19955615","Clint Eadie","Clint Eadie",1983-09-02,NA,NA,NA,182,"Fly-Half; Centre"
"Q19955696","Terterani Erasito","Terterani Erasito",1991-05-16,"Townsville",NA,NA,190,"Flanker"
"Q19955714","Quentin Étienne","Quentin Étienne",1990-07-14,"Vannes",NA,NA,180,"Fullback"
"Q19955758","Perry Baker","Perry Baker",1986-06-29,"New Smyrna Beach; Florida",NA,NA,185,"Winger"
"Q19955841","Grégory Fichten","Grégory Fichten",1990-08-13,"Val-d'Oise",NA,NA,183,"Loosehead Prop"
"Q19956060","Kevin Gourdon","Kevin Gourdon",1990-01-23,"Valence; Drôme",NA,NA,190,"3rd Row"
"Q19956099","Abel Guichemerre","Abel Guichemerre",1889-08-23,"Dax; Landes",1946-04-26,"Dax; Landes",179,"Flanker"
"Q19956149","Étienne Herjean","Étienne Herjean",1991-06-10,NA,NA,NA,199,"Flanker; Number 8"
"Q19956209","Mark Ireland","Mark Ireland",1982-11-22,"Reading; Berkshire",NA,NA,188,"Centre"
"Q19956233","Benoît Jasmin","Benoît Jasmin",1991-05-29,"Toulouse",NA,NA,180,"Winger; Fullback"
"Q19956404","Christian Lassère","Christian Lassère",1935-04-18,"Lesperon",2023-12-25,"Morcenx-la-Nouvelle",178,"Prop"
"Q19956446","Georges Libaros","Georges Libaros",1912-02-29,NA,2001-06-30,NA,NA,"Fly-Half"
"Q19956581","Pascal Maurin","Pascal Maurin",1969-11-08,NA,NA,NA,NA,"Hooker"
"Q19958436","Octavian Morariu","Octavian Morariu",1961-08-07,NA,NA,NA,193,"Number 8"
"Q19958444","Sakiusa Navakadretia","Sakiusa Navakadretia",1985-06-03,NA,NA,NA,179,"Winger"
"Q19958482","Mathieu Peluchon","Mathieu Peluchon",1987-06-23,"Bordeaux",NA,NA,184,"Fullback"
"Q19958690","Vincent Rattez","Vincent Rattez",1992-03-24,"Colombes",NA,NA,181,"Winger; Fullback; Centre; Fly-Half"
"Q19968621","Joseph Dweba","Joseph Dweba",1995-10-25,"Carletonville",NA,NA,175,"Hooker"
"Q19968745","Garry Lo","Garry Lo",1993-11-01,"Mount Hagen",NA,NA,171,"Winger; Centre"
"Q19973725","Fouad Yaha","Fouad Yaha",1996-08-19,"Avignon",NA,NA,185,NA
"Q19984955","Ian McKinley","Ian McKinley",1989-12-04,"Dublin",NA,NA,182,"Fly-Half"
"Q20006991","Ionuț Caragea","Ionuț Caragea",NA,NA,NA,NA,NA,NA
"Q20039324","Patrice Olivier","Patrice Olivier",1990-01-07,"Caux; Hérault",NA,NA,191,"Winger; Centre; Fullback"
"Q20065197","Teimana Harrison","Teimana Harrison",1992-09-05,"Ōpōtiki District",NA,NA,188,"Flanker; Number 8"
"Q20089275","Mathieu André","Mathieu André",1986-11-22,"Toulouse",NA,NA,200,"2nd Row"
"Q20089277","Romain Barthélémy","Romain Barthélémy",1990-01-25,"Saint-Martin-d'Hères",NA,NA,187,"Fly-Half; Centre"
"Q20089284","Yohan Chateauraynaud","Yoann Chateauraynaud",1989-11-13,NA,NA,NA,175,"Scrum-Half"
"Q20089291","Bastien Dedieu","Bastien Dedieu",1989-07-18,"Carmaux",NA,NA,175,"Prop"
"Q20089298","Philippe Ebel","Philippe Ebel",1967-09-18,NA,NA,NA,187,"Flanker"
"Q20089301","Kylan Hamdaoui","Kylan Hamdaoui",1994-04-15,"Paris",NA,NA,182,"Fullback; Winger"
"Q20089309","Morgan Marchini","Morgan Marchini",1989-09-13,"Mont-de-Marsan",NA,NA,168,"Fly-Half; Scrum-Half"
"Q20090257","Josh Beaumont","Josh Beaumont",NA,"Blackpool",NA,NA,193,"2nd Row; Number 8"
"Q20090331","Magnus Bradbury","Magnus Bradbury",1995-08-23,"Glasgow",NA,NA,193,"Flanker; Number 8"
"Q20090626","Jean-Luc du Preez","Jean-Luc du Preez",1995-08-05,"Durban",NA,NA,194,"2nd Row; Flanker; Number 8"
"Q20109568","Josefa Domolailai","Josefa Domolailai",1985-12-11,"Sigatoka",NA,NA,198,"Flanker; Number 8"
"Q20109620","Bautista Guemes","Bautista Guemes",1990-05-12,"Buenos Aires",NA,NA,177,"Fly-Half; Centre"
"Q20109678","Samuel Marques","Samuel Marques",1988-12-08,"Condom; Gers",NA,NA,177,"Scrum-Half"
"Q20487316","Elizbar Kuparadze","Elizbar Kuparadze",1984-02-04,"Tbilisi",NA,NA,182,"Prop"
"Q20630635","Glenn Bryce","Glenn Bryce",1991-06-07,"Alloa",NA,NA,188,"Fullback; Winger"
"Q20631055","Vaea Fifita","Vaea Fifita",1992-06-17,"Vavaʻu",NA,NA,196,"2nd Row; Flanker"
"Q20638099","Scott Cummings","Scott Cummings",1996-12-03,"Glasgow",NA,NA,198,"2nd Row"
"Q20639274","Sam Johnson","Sam Johnson",1993-06-19,"Dysart",NA,NA,185,"Centre"
"Q20640710","Simon Maisuradze","Simon Maisuradze",1986-09-14,"Tbilisi",NA,NA,181,"Hooker"
"Q20642530","Rory Scholes","Rory Scholes",1993-04-23,"Belfast",NA,NA,186,"Winger; Fullback"
"Q20643173","Makazole Mapimpi","Makazole Mapimpi",1990-07-26,"Tsholomnqa",NA,NA,187,"Winger; Centre"
"Q20666534","Antoine Dupont","Antoine Dupont",1996-11-15,"Lannemezan",NA,NA,174,"Scrum-Half; Fly-Half"
"Q20670061","Richard Haddon","Richard Haddon",1990-08-08,"Auckland",NA,NA,195,"Flanker; Number 8"
"Q20670114","André Melet","André Melet",1917-05-25,"Cahors",1970-03-08,"Cahors",175,"Fullback"
"Q20675889","Giorgi Aptsiauri","Giorgi Aptsiauri",1994-01-20,"Tbilisi",NA,NA,180,"Winger; Fullback"
"Q20675973","Giorgi Begadze","Giorgi Begadze",1986-03-04,"Tbilisi",NA,NA,178,"Scrum-Half"
"Q20676383","Robert Cătălin Dascălu","Cătălin Dascălu",1984-04-13,"Gura Humorului",NA,NA,184,"Centre"
"Q20676757","Muraz Giorgadze","Muraz Giorgadze",1994-06-28,"Tbilisi",NA,NA,183,"Winger"
"Q20676794","Beka Gorgadze","Beka Gorgadze",1996-02-08,"Rustavi",NA,NA,188,"Number 8; Flanker"
"Q20677006","Damien Hoyland","Damien Hoyland",1994-01-11,"Edinburgh",NA,NA,178,"Winger"
"Q20677076","Rieko Ioane","Rieko Ioane",1997-03-18,"Auckland",NA,NA,189,"Centre; Winger"
"Q20680371","Vincent Dezes","Vincent Dezes",1959-04-05,"Dax; Landes",NA,NA,176,"Hooker"
"Q20702835","Carlo Canna","Carlo Canna",1992-08-25,"Benevento",NA,NA,191,"Fly-Half; Centre"
"Q20712848","Gavin Lowe","Gavin Lowe",1995-03-01,"Carluke",NA,NA,180,"Fullback; Winger"
"Q20713052","Ali Price","Ali Price",1993-05-12,"King's Lynn",NA,NA,178,"Scrum-Half"
"Q20713565","Rory Thornton","Rory Thornton",1995-03-16,"Swansea",NA,NA,198,"2nd Row"
"Q20714025","Javan Sebastian","Javan Sebastian",1994-09-02,"Bury St Edmunds",NA,NA,177,"Tighthead Prop"
"Q20715283","Albert Downing","Albert Downing",1886-07-12,"Napier; New Zealand",1915-08-08,"Gallipoli",183,"2nd Row"
"Q20723101","Tai Tuisamoa","Tai Tuisamoa",1980-08-28,"San Diego",NA,NA,196,"2nd Row"
"Q20727808","Tunufai Tavalea","Tunufai Tavalea",1984-09-20,"Matuku (Tonga)",NA,NA,192,"Number 8"
"Q20727814","Jean Paul Trille","Jean-Paul Trille",1956-05-16,"Lembeye",NA,NA,180,"Fly-Half"
"Q20727816","Giorgi Tsutskiridze","Giorgi Tsutskiridze",1996-11-26,"Tbilisi",NA,NA,187,"Flanker; Number 8"
"Q20727849","José Lima","José Lima",1992-04-24,"Coimbra",NA,NA,186,"Centre; Winger"
"Q20744857","Tinus de Beer","Tinus de Beer",1996-01-24,"Pretoria",NA,NA,176,"Fly-Half"
"Q20744874","Jason Jenkins","Jason Jenkins",1995-12-02,"Pretoria",NA,NA,202,"2nd Row"
"Q20744989","Vasil Lobzhanidze","Vasil Lobzhanidze",1996-10-14,"Tbilisi",NA,NA,175,"Scrum-Half"
"Q20744990","Lasha Lomidze","Lasha Lomidze",1992-06-30,"Tbilisi",NA,NA,195,"Number 8; Flanker; 2nd Row"
"Q20745098","Ox Nché","Ox Nché",1995-07-23,"Bloemfontein",NA,NA,173,"Prop"
"Q20745142","Otar Giorgadze","Otar Giorgadze",1996-03-02,"Kutaisi",NA,NA,193,"Number 8; Flanker"
"Q20750916","David Courteix","David Courteix",1972-05-30,"Clermont-Ferrand",NA,NA,NA,"Number 8; Flanker"
"Q20750919","Frédéric Pomarel","Frédéric Pomarel",1972-05-19,"Souillac; Lot",NA,NA,NA,"Scrum-Half"
"Q20750948","Frédéric Garcia","Frédéric Garcia",1972-04-15,"Talence",NA,NA,183,"Prop"
"Q20810491","Gonzalo Bertranou","Gonzalo Bertranou",1993-12-31,"Mendoza; Argentina",NA,NA,174,"Scrum-Half"
"Q20851275","Florent Domenech","Florent Domenech",1988-11-10,NA,NA,NA,179,"Centre"
"Q20851277","Yohan Domenech","Yohan Domenech",1993-04-19,"Narbonne",NA,NA,170,"Scrum-Half"
"Q20851322","Vincent Hart","Vincent Hart",1994-03-17,"Cape Town",NA,NA,182,NA
"Q20851364","Manu Leiataua","Manu Leiataua",1986-12-26,"Wellington",NA,NA,178,"Hooker"
"Q20851397","Jacques Müntz","Jacques Müntz",1881-07-07,NA,1972-11-01,NA,NA,"2nd Row"
"Q20872558","Yutaka Nagare","Yutaka Nagare流大",1992-09-04,"Sendai",NA,NA,166,"Scrum-Half"
"Q20877105","George Horne","George Horne",1995-05-12,"Dundee",NA,NA,175,"Scrum-Half"
"Q20892628","Martin Devergie","Martin Devergie",1995-06-26,"Nîmes",NA,NA,193,"Flanker; Number 8"
"Q20902147","Florian Fresia","Florian Fresia",1992-01-17,"Gassin",NA,NA,184,"Prop"
"Q20961758","Thierry Bourdet","Thierry Bourdet",1966-08-30,NA,NA,NA,NA,"2nd Row"
"Q20961787","Jean-Philippe Coyola","Jean-Philippe Coyola",1960-04-21,NA,NA,NA,NA,"Centre"
"Q20961841","Giorgi Melikidze","Giorgi Melikidze",1996-05-24,"Tbilisi",NA,NA,NA,"Prop"
"Q20961952","Francis Mouronval","Francis Mouronval",1881-06-04,"Avesnes-sur-Helpe",1954-03-28,"Neuilly-sur-Seine",174,"Centre; Winger"
"Q20961953","Pierre Mouronval","Pierre Paul Mouronval",1881-06-04,"Avesnes-sur-Helpe",1956-02-26,"17th arrondissement of Paris",174,"Winger"
"Q20961962","Jacques Ibañez","Jacques Ibañez",1950-05-20,"Pau; Pyrénées-Atlantiques",NA,NA,174,"Hooker"
"Q20967184","Paul Jedrasiak","Paul Jedrasiak",1993-02-06,"Montluçon",NA,NA,200,"2nd Row"
"Q20971961","Benoît Piffero","Benoît Piffero",1987-05-21,"Montreal",NA,NA,183,"Hooker"
"Q20981440","Aranos Coetzee","Johannes Coetzee",1988-03-14,"Windhoek",NA,NA,187,"Prop"
"Q20981541","Felipe Ezcurra","Felipe Ezcurra",1993-04-15,"Buenos Aires",NA,NA,178,"Scrum-Half"
"Q20981716","Jake McIntyre","Jake McIntyre",1994-04-28,"Alstonville; New South Wales",NA,NA,177,"Fly-Half; Centre; Fullback"
"Q20981768","Julián Montoya","Julián Montoya",1993-10-29,"Buenos Aires",NA,NA,184,"Hooker"
"Q20981841","Matías Orlando","Matías Orlando",1991-11-14,"San Miguel de Tucumán",NA,NA,183,"Centre; Winger"
"Q20982061","Ivan van Zyl","Ivan van Zyl",1995-06-30,"Pretoria",NA,NA,180,"Scrum-Half"
"Q20983083","Shinya Makabe","Shinya Makabe真壁伸弥",1987-03-26,"Sendai",NA,NA,192,"2nd Row"
"Q20983136","Yu Tamura","Yu Tamura田村 優",1989-01-09,"Okazaki; Aichi",NA,NA,181,"Fly-Half; Centre"
"Q20985568","Brian Muller","Jazz Muller",1942-06-11,"Eltham; New Zealand",2019-12-12,"Eltham; New Zealand",185,"Prop"
"Q20986653","Karne Hesketh","Karne Hesketh",1985-08-01,"Napier; New Zealand",NA,NA,178,"Winger; Centre"
"Q20991575","Mehdi Boundjema","Mehdi Boundjema",1990-06-07,"Annonay",NA,NA,181,"Hooker"
"Q20991606","Rémy Goalard","Rémy Goalard",1901-08-03,"Soustons",1944-09-15,"Villenave-d'Ornon",NA,"3rd Row"
"Q20991762","Mana Otai","Mana Otai",1968-09-21,NA,NA,NA,NA,"Number 8; Flanker; 2nd Row; Prop"
"Q20992219","Amanaki Mafi","Amanaki Mafi",1990-01-11,"Tongatapu",NA,NA,189,"Number 8"
"Q20993756","Clinton Sills","Clinton Sills",1990-10-16,"Sydney",NA,NA,187,"Fullback; Centre"
"Q21004889","Lee Roy Atalifo","Lee Roy Atalifo",1988-03-10,"Rotuma",NA,NA,180,"Prop"
"Q21004987","Dominic Barrow","Dominic Barrow",1993-03-19,"Sheffield",NA,NA,202,"2nd Row"
"Q21005004","Chris Baumann","Chris Baumann",1987-05-18,"Steamboat Springs; Colorado",NA,NA,188,"Prop"
"Q21005404","Isei Colati","Isei Colati",1983-12-23,"Suva",NA,NA,180,"Prop"
"Q21005426","Wian Conradie","Wian Conradie",1994-10-14,"Windhoek",NA,NA,183,"3rd Row"
"Q21005555","Naulia Dawai","Naulia Dawai",1987-06-26,"Nadi",NA,NA,183,"Flanker; Number 8"
"Q21005568","Darryl de la Harpe","Darryl de la Harpe",1986-10-02,"Windhoek",NA,NA,187,"Centre"
"Q21005614","Johan Deysel","Johan Deysel",1991-09-26,"Windhoek",NA,NA,184,"Centre"
"Q21009593","AJ MacGinty","AJ MacGinty",1990-02-26,"Dublin",NA,NA,185,"Fly-Half; Centre"
"Q21029307","Scott Wisemantel","Scott Wisemantel",1970-04-02,NA,NA,NA,NA,NA
"Q21043245","Matt Duncan","Matt Duncan",1959-08-29,NA,NA,NA,NA,"Winger"
"Q21043263","Douglas Wyllie","Douglas Wyllie",1963-05-20,"Edinburgh",NA,NA,NA,"Fly-Half; Centre"
"Q21044468","Leone Ravuetaki","Leone Ravuetaki",1986-03-10,NA,NA,NA,180,"Centre"
"Q21055241","Fernand Taillantou","Fernand Taillantou",1905-02-17,"Pau; Pyrénées-Atlantiques",1988-01-09,"Pau; Pyrénées-Atlantiques",175,"Winger"
"Q21055343","Sebastian Negri","Sebastian Negri",1994-06-30,"Marondera",NA,NA,194,"Flanker; 2nd Row"
"Q21061663","Marcus Watson","Marcus Watson",1991-06-27,"Hillingdon",NA,NA,177,"Fullback; Winger"
"Q21063334","Giorgi Tetrashvili","Giorgi Tetrashvili",1993-08-31,"Tbilisi",NA,NA,177,"Prop"
"Q21063530","Te Toiroa Tahuriorangi","Te Toiroa Tahuriorangi",1995-03-31,"Rotorua",NA,NA,171,"Scrum-Half"
"Q21063920","Gastón Mieres","Gastón Mieres",1989-10-05,"Punta del Este",NA,NA,178,"Fullback; Winger; Centre"
"Q21066015","Manasa Saulo","Manasa Saulo",1989-04-06,"Suva",NA,NA,188,"Prop"
"Q21066283","Sam Arnold","Sammy Arnold",1996-04-08,"Redhill; Surrey",NA,NA,181,"Centre"
"Q21066602","Mat Luamanu","Matthew Luamanu",1988-11-25,"Wellington",NA,NA,193,"2nd Row; Number 8; Flanker"
"Q21066897","Api Ratuniyarawa","Api Ratuniyarawa",1986-07-11,"Sigatoka",NA,NA,198,"2nd Row"
"Q21066898","Nemia Soqeta","Nemia Soqeta",1985-03-04,"Nadi",NA,NA,196,"2nd Row; Number 8; Flanker"
"Q21066899","Germán Kessler","Germán Kessler",1994-07-01,"Montevideo",NA,NA,184,"Hooker"
"Q21066900","Mateo Sanguinetti","Mateo Sanguinetti",1992-07-26,"Montevideo",NA,NA,185,"Prop"
"Q21066917","Juan Manuel Gaminara","Juan Manuel Gaminara",1989-05-01,"Montevideo",NA,NA,175,"Flanker"
"Q21066922","Andrés Vilaseca","Andrés Vilaseca",1991-05-08,"Montevideo",NA,NA,185,"Centre; Winger"
"Q21066925","Leandro Leivas","Leandro Leivas",1988-07-06,"Montevideo",NA,NA,180,"Winger"
"Q21066926","Rodrigo Silva","Rodrigo Silva",1992-11-02,"Montevideo",NA,NA,183,"Fullback; Fly-Half; Winger; Scrum-Half"
"Q21067181","Paul Ngauamo","Paula Ngauamo",1990-02-19,"Christchurch",NA,NA,185,"Hooker"
"Q21067219","John Moonlight","John Moonlight",1987-07-02,"Scarborough; Ontario",NA,NA,187,"Flanker"
"Q21067225","Casper Viviers","Casper Viviers",1988-06-01,"Windhoek",NA,NA,185,"Prop"
"Q21067226","Louis van der Westhuizen","Louis van der Westhuizen",1995-02-25,"Windhoek",NA,NA,180,"Hooker"
"Q21067227","Janco Venter","Janco Venter",1994-09-19,"Windhoek",NA,NA,194,"Flanker; Number 8; 2nd Row"
"Q21067230","Damian Stevens","Damian Stevens",1995-06-02,"Walvis Bay",NA,NA,164,"Scrum-Half"
"Q21067234","Djustice Sears-Duru","Djustice Sears-Duru",1994-05-24,"Edmonton",NA,NA,185,"Loosehead Prop"
"Q21067238","Evan Olmstead","Evan Olmstead",1991-02-21,"North Vancouver (city)",NA,NA,197,"2nd Row; Flanker"
"Q21068158","Andrei Ursache","Andrei Ursache",1984-05-10,"Valea Seacă; Bacău",NA,NA,180,"Prop"
"Q21076073","Marius Antonescu","Marius Antonescu",1992-08-09,"Mangalia",NA,NA,198,"2nd Row"
"Q21078101","William Fea","William Fea",1898-10-05,NA,1988-12-27,NA,NA,"Fly-Half"
"Q21084344","Uldis Saulīte","Uldis Saulite",1980-09-26,"Jelgava",NA,NA,199,"2nd Row"
"Q21091498","Julien Dechavanne","Julien Dechavanne",1989-12-05,"Soisy-sous-Montmorency",NA,NA,180,"Winger"
"Q21091669","Lionel Wilson","Lionel Wilson",1933-05-25,"Cape Town",2017-09-17,"Napier; New Zealand",180,"Fullback"
"Q21114747","Johan Tromp","Johan Tromp",1990-12-23,"Windhoek",NA,NA,183,"Fullback; Winger; Centre"
"Q21121555","Trevor Hall","Trevor Hall",1978-10-02,"Johannesburg",NA,NA,193,"Flanker; 2nd Row"
"Q21152023","Baptiste Serin","Baptiste Serin",1994-06-20,"La Teste-de-Buch",NA,NA,180,"Scrum-Half; Fly-Half"
"Q21176250","Les Pearce","Les Pearce",1923-10-13,NA,2018-04-21,NA,NA,"2nd Row"
"Q21284569","Dmitri Arhip","Dumitru Arhip",1988-11-12,"Camenca",NA,NA,173,"Prop"
"Q21285629","Loni Uhila","Loni Uhila",1989-04-07,NA,NA,NA,180,"Prop"
"Q21294591","Camille Chat","Camille Chat",1995-12-18,"Auxerre",NA,NA,178,"Hooker"
"Q21427168","Mahamadou Diaby","Mahamadou Diaby",1990-08-15,"Bagnolet",NA,NA,192,"Flanker"
"Q21427438","Oleg Ishchenko","Oleg Ishchenko",1994-01-22,"Pinsk",NA,NA,185,"Prop"
"Q21511491","Théo Belan","Théo Belan",1992-11-15,"Toulon",NA,NA,187,"Centre"
"Q21511567","Martín Chiappesoni","Martín Chiappesoni",1990-07-30,"Paraná; Entre Ríos",NA,NA,193,"2nd Row; Flanker"
"Q21511824","Benhur Kivalu","Benhur Kivalu",1972-09-02,"Vaiola",NA,NA,195,"Number 8; 2nd Row"
"Q21511885","Viliami Ma'asi","Viliami Ma'asi",1975-07-31,"Tongatapu",NA,NA,183,"Hooker"
"Q21511939","Nisifolo Naufahu","Nisifolo Naufahu",1977-10-30,"Auckland",NA,NA,195,"Number 8; Flanker; 2nd Row"
"Q21512145","Manu Vunipola","Manu Vunipola",1967-07-01,"Nukuʻalofa",NA,NA,170,"Scrum-Half; Winger"
"Q21620859","Adam Beard","Adam Beard",1996-01-07,"Swansea",NA,NA,202,"2nd Row"
"Q21620887","Caolin Blade","Caolin Blade",1994-04-29,"Galway",NA,NA,170,"Scrum-Half"
"Q21621093","Olly Cracknell","Olly Cracknell",1994-05-26,"Leeds",NA,NA,191,"Flanker; Number 8"
"Q21621139","James Davies","James Davies",1990-10-25,"Carmarthen",NA,NA,187,"Flanker"
"Q21621158","Jack Dempsey","Jack Dempsey",1994-04-12,"Sydney",NA,NA,191,"Flanker; Number 8"
"Q21621215","Mitchell Dunshea","Mitchell Dunshea",1995-11-18,"Hamilton; New Zealand",NA,NA,197,"2nd Row; Flanker; Number 8"
"Q21621239","Ryan Elias","Ryan Elias",1995-01-07,"Carmarthen",NA,NA,185,"Hooker"
"Q21621263","Jarrod Evans","Jarrod Evans",1996-07-25,"Pontypridd",NA,NA,178,"Fly-Half"
"Q21621266","Steffan Evans","Steffan Evans",1994-09-01,"Llanelli",NA,NA,178,"Winger; Fullback"
"Q21621271","Hame Faiva","Hame Faiva",1994-05-09,"Auckland",NA,NA,183,"Hooker"
"Q21621385","Jack Goodhue","Jack Goodhue",1995-06-13,"Whangārei",NA,NA,187,"Centre"
"Q21621405","Wyn Jones","Wyn Jones",1992-02-26,"Llandovery",NA,NA,184,"Prop"
"Q21621420","Toa Halafihi","Toa Halafihi",1993-11-27,"Gisborne; New Zealand",NA,NA,182,"Number 8"
"Q21621467","Jackson Hemopo","Jackson Hemopo",1993-11-14,"Whanganui",NA,NA,195,"2nd Row; Flanker"
"Q21621582","Ellis Jenkins","Ellis Jenkins",1993-04-29,"Church Village",NA,NA,183,"Flanker"
"Q21621665","Andrew Kellaway","Andrew Kellaway",1995-10-12,"Sydney",NA,NA,184,"Winger; Fullback; Centre"
"Q21621701","Blair Kinghorn","Blair Kinghorn",1997-01-18,"Edinburgh",NA,NA,195,"Fullback; Fly-Half; Winger"
"Q21621782","Tony Lamborn","Tony Lamborn",1991-07-31,"Timaru",NA,NA,183,"Flanker; Number 8"
"Q21621825","Dillon Lewis","Dillon Lewis",1996-01-04,"Church Village",NA,NA,183,"Tighthead Prop"
"Q21621976","Semisi Masirewa","Semisi Masirewa",1992-06-09,"Vuna",NA,NA,181,"Winger; Fullback"
"Q21622097","Atunaisa Moli","Atunaisa Moli",1995-06-12,"Gisborne; New Zealand",NA,NA,189,"Prop"
"Q21622353","Izaia Perese","Izaia Perese",1997-05-17,"Brisbane",NA,NA,180,"Centre; Winger"
"Q21622393","Joe Powell","Joe Powell",1994-04-11,"Canberra",NA,NA,177,"Scrum-Half"
"Q21622539","Garry Ringrose","Garry Ringrose",1995-01-26,"Blackrock; Dublin",NA,NA,188,"Centre"
"Q21622689","Peter Samu","Peter Samu",1991-12-17,"Melbourne",NA,NA,185,"Flanker; Number 8"
"Q21622810","Taleni Seu","Taleni Seu",1993-12-26,"Auckland",NA,NA,202,"Flanker; Number 8; 2nd Row"
"Q21622963","Shaun Stevenson","Shaun Stevenson",1996-11-14,"Auckland",NA,NA,190,"Fullback; Winger"
"Q21623068","Joe Taufete'e","Joe Taufete'e",1992-10-04,"Vallejo; California",NA,NA,183,"Hooker; Prop"
"Q21623095","Gareth Thomas","Gareth Thomas",1993-08-02,"Newcastle Emlyn",NA,NA,188,"Loosehead Prop"
"Q21623176","George Turner","George Turner",1992-10-08,"Edinburgh",NA,NA,180,"Hooker"
"Q21623186","Sam Underhill","Sam Underhill",1996-07-22,"Dayton; Ohio",NA,NA,186,"Flanker"
"Q21623263","Chris Vui","Chris Vui",1993-02-11,"Auckland",NA,NA,197,"2nd Row; Flanker"
"Q21623285","Owen Watkin","Owen Watkin",1996-10-12,"Bridgend",NA,NA,188,"Centre"
"Q21623324","Tomos Williams","Tomos Williams",1995-01-01,"Treorchy",NA,NA,178,"Scrum-Half"
"Q21634423","Gérald Bastide","Gérald Bastide",1973-09-07,"Béziers",NA,NA,NA,"Fullback"
"Q21642478","Siegfried Fisiihoi","Siegfried Fisi'ihoi",1987-06-08,"Vavaʻu",NA,NA,184,"Prop"
"Q21708626","Alexandre Derrien","Alexandre Derrien",1992-06-30,"Lyon",NA,NA,194,"Flanker"
"Q21872574","Fa'atiga Lemalu","Fa'atiga Lemalu",1989-04-17,"Ōtāhuhu",NA,NA,200,"2nd Row; Flanker; Number 8"
"Q22004406","Pama Fou","Pama Fou",1990-09-06,"Auckland",NA,NA,196,"Winger"
"Q22005485","Henry Hutchison","Henry Hutchison",1997-02-12,"Sydney",NA,NA,175,"Winger; Centre"
"Q22006380","Alex Lozowski","Alex Lozowski",1993-06-30,"London Borough of Brent",NA,NA,184,"Fly-Half; Centre; Fullback"
"Q22007231","Alan O'Connor","Alan O'Connor",1992-09-10,"Dublin",NA,NA,196,"2nd Row"
"Q22054959","Gerónimo Albertario","Gerónimo Albertario",1987-11-24,"Buenos Aires",NA,NA,200,"2nd Row"
"Q22097947","Paul Hill","Paul Hill",1995-03-02,"Aschaffenburg",NA,NA,188,"Tighthead Prop"
"Q22098001","Savenaca Rawaca","Savenaca Rawaca",1991-08-20,"Fiji",NA,NA,189,"Winger; Centre"
"Q22098233","Dylan Sage","Dylan Sage",1992-01-24,"Cape Town",NA,NA,187,"Winger"
"Q22117239","Alivereti Raka","Alivereti Raka",1994-12-09,"Naitasiri Province",NA,NA,189,"Winger"
"Q22117295","Arthur Iturria","Arthur Iturria",1994-05-13,"Pau; Pyrénées-Atlantiques",NA,NA,198,"2nd Row; Flanker"
"Q22209564","Adrien Bau","Adrien Bau",1994-03-03,"Annecy",NA,NA,168,"Scrum-Half; Fly-Half"
"Q22210001","Adrien Buononato","Adrien Buononato",1977-03-03,"Chavanay",NA,NA,175,"Hooker"
"Q22210349","François Cros","François Cros",1994-03-25,"Toulouse",NA,NA,190,"Flanker; Number 8"
"Q22211948","Loïc Le Gal","Loïc Le Gal",1993-01-20,NA,NA,NA,190,"Fullback"
"Q22212327","Aaron Morris","Aaron Morris",1995-01-10,"Bedford",NA,NA,191,"Fullback; Winger"
"Q22212616","Martin Prat","Martin Prat",1989-08-25,"Biarritz",NA,NA,179,"Fullback"
"Q22213070","Jens Torfs","Jens Torfs",1992-05-26,"Mortsel",NA,NA,184,"Centre"
"Q22286558","Patricio Fernandez","Patricio Fernandez",1994-10-11,"Rosario",NA,NA,192,"Fly-Half; Fullback; Centre"
"Q22287139","Judicaël Cancoriet","Judicaël Cancoriet",1996-04-25,"Sarcelles",NA,NA,194,"Flanker; Number 8"
"Q22669705","Ornel Gega","Ornel Gega",1990-03-24,"Lezhë",NA,NA,180,"Hooker"
"Q22703869","Dries van Schalkwyk","Dries van Schalkwyk",1984-12-21,"Bloemfontein",NA,NA,194,"Number 8"
"Q22704225","Mattia Bellini","Mattia Bellini",1994-02-08,"Padua",NA,NA,180,"Winger"
"Q22704513","David Odiete","David Odiete",1993-02-24,"Reggio Emilia",NA,NA,180,"Fullback; Winger"
"Q22893793","Dug Codjo","Dug Codjo",1987-04-22,NA,NA,NA,175,"Winger"
"Q22909951","Geoffrey Fabbri","Geoffrey Fabbri",1992-06-17,"Saint-Claude; Jura",NA,NA,196,"2nd Row"
"Q22915148","Yvan Reilhac","Yvan Reilhac",1995-06-09,"Paris",NA,NA,183,"Centre; Winger"
"Q22959278","Andrei Gorcioaia","André Gorin",1987-11-30,NA,NA,NA,192,"3rd Row"
"Q23017651","Robbi Kempson","Robbi Kempson",1974-02-23,NA,NA,NA,NA,"Prop"
"Q23038664","Zeno Kieft","Zeno Kieft",1991-02-02,"The Hague",NA,NA,191,"Flanker; Number 8"
"Q23056073","Thomas Ceyte","Thomas Ceyte",1991-02-13,"Aubenas",NA,NA,196,"2nd Row"
"Q23071955","Pierre Daulouède","Pierre Daoulouède",1909-07-27,"Labenne",1997-01-01,"Bayonne",176,"Prop"
"Q23309828","John Cannon","John Cannon",1980-08-18,"Abbotsford; British Columbia",2016-03-19,NA,185,"Centre"
"Q23473429","Julien Delannoy","Julien Delannoy",1995-06-15,"Villeneuve-d'Ascq",NA,NA,198,"2nd Row; Flanker"
"Q23542738","Gagi Bazadze","Gagi Bazadze",1992-09-12,"Kutaisi",NA,NA,188,"Prop"
"Q23583077","William Davie Brown","William Brown",1852-05-29,NA,1876-03-24,NA,NA,NA
"Q23621241","George Ritchie","George Ritchie",1848-04-16,NA,1896-01-31,NA,NA,NA
"Q23664699","Nate Augspurger","Nate Augspurger",1990-01-31,"Minneapolis",NA,NA,172,"Scrum-Half; Winger"
"Q23664819","Nodar Tcheishvili","Nodar Cheishvili",1990-11-13,NA,NA,NA,202,"2nd Row"
"Q23683363","Hallard White","Snow White",1929-03-27,"Kawakawa; New Zealand",2016-07-14,"Auckland",183,"Prop"
"Q23688785","Daniel Drew","Daniel Drew",1850-01-01,NA,1914-02-02,NA,NA,NA
"Q23715139","Andrew Galbraith Colville","Andrew Galbraith Colville",1846-12-17,NA,1881-04-17,NA,NA,NA
"Q23765853","Marcel Loustau","Marcel Loustau",1900-02-10,"Sarraziet",1965-12-21,"10th arrondissement of Paris",168,"Winger"
"Q23769887","Ross Molony","Ross Molony",1994-05-11,"Dublin",NA,NA,198,"2nd Row"
"Q23771546","Reece Hodge","Reece Hodge",1994-08-26,"Manly; New South Wales",NA,NA,191,"Centre; Fullback; Winger; Fly-Half"
"Q23771637","Lekso Kaulashvili","Lekso Kaulashvili",1992-08-27,"Tbilisi",NA,NA,187,"Prop"
"Q23772083","Darren O'Shea","Darren O’Shea",1992-12-12,"Myrtleville",NA,NA,206,"2nd Row"
"Q23799336","Martin Iosefo","Martin Iosefo",1990-01-13,"Wahiawa",NA,NA,185,"Winger"
"Q23799846","Giorgi Javakhia","Giorgi Javakhia",1996-09-24,"Tbilisi",NA,NA,194,"2nd Row"
"Q23883108","Lomano Lemeki","Lomano Lemeki",1989-01-20,"Auckland",NA,NA,179,"Winger"
"Q23883345","Jasa Veremalua","Jasa Veremalua",1988-05-29,"Nadroga-Navosa Province",NA,NA,196,"Centre; Winger"
"Q23887846","Suliasi Vunivalu","Suliasi Vunivalu",1995-11-27,"Suva",NA,NA,192,"Winger"
"Q23926200","Filimo Taofifénua","Filimo Taofifénua",1993-10-15,"Nouméa",NA,NA,188,"Flanker"
"Q23926215","Arthur Retière","Arthur Retière",1997-08-01,"Dijon",NA,NA,170,"Winger; Scrum-Half; Fullback"
"Q23926376","Sacha Valleau","Sacha Valleau",1996-10-08,"Toulouse",NA,NA,192,"Flanker; Centre"
"Q23926441","Stephen Parez","Stephen Parez",1994-08-01,"Paris",NA,NA,174,"Winger"
"Q23926444","Steeve Barry","Steeve Barry",1991-04-18,"Saint-Michel; Charente",NA,NA,181,"Centre; Winger"
"Q23928193","Jeremy Ward","Jeremy Ward",1996-01-10,"Gqeberha",NA,NA,187,"Centre"
"Q23932792","William John Campbell Lyall","William Lyall",1848-01-27,NA,1931-04-22,NA,NA,NA
"Q23978282","Enrique Pieretto","Enrique Pieretto",1994-12-15,"Córdoba; Argentina",NA,NA,185,"Tighthead Prop"
"Q24005017","Diego Magno","Diego Magno",1989-04-27,"Montevideo",NA,NA,188,"Flanker; 2nd Row"
"Q24005337","Josh Adams","Josh Adams",1995-04-21,"Swansea",NA,NA,186,"Winger; Fullback"
"Q24005528","Sione Tuipulotu","Sione Tuipulotu",1997-02-12,"Melbourne",NA,NA,179,"Centre; Winger"
"Q24006305","Mike Te'o","Mike Te'o",1993-07-23,"Long Beach; California",NA,NA,173,"Fullback; Winger; Scrum-Half"
"Q24006925","Tom Robertson","Tom Robertson",1994-08-28,"Wellington; New South Wales",NA,NA,180,"Prop"
"Q24007252","Lukhan Salakaia-Loto","Lukhan Salakaia-Loto",1996-09-19,"Auckland",NA,NA,198,"2nd Row; Flanker"
"Q24034878","Facundo Bosch","Facundo Bosch",1991-08-08,"Necochea",NA,NA,180,"Hooker; Flanker"
"Q24034915","James Andrew Whitelock Mein","James Mein",1852-07-01,NA,1918-03-02,NA,NA,NA
"Q24039454","Kieran Treadwell","Kieran Treadwell",1995-11-06,"Carshalton",NA,NA,198,"2nd Row"
"Q24049049","Marco Mama","Marco Mama",1991-03-27,"Kaduna",NA,NA,185,"3rd Row"
"Q24084659","George Furbank","George Furbank",1996-10-17,"Huntingdon",NA,NA,182,"Fullback"
"Q24258847","Shaun Davies","Shaun Davies",1989-06-20,"Durban",NA,NA,175,"Scrum-Half"
"Q24258976","Olivier Klemenczak","Olivier Klemenczak",1996-06-01,"Cormeilles-en-Parisis",NA,NA,181,"Centre"
"Q24451746","Ellis Genge","Ellis Genge",1995-02-16,"Bristol",NA,NA,189,"Loosehead Prop"
"Q24451809","Ollie Lindsay-Hague","Oliver Lindsay-Hague",1990-10-08,"London",NA,NA,181,"Fullback; Winger"
"Q24535703","Uwa Tawalo","Uwa Tawalo",1992-02-27,"Fiji",NA,NA,190,"Winger"
"Q24549053","Will Magie","Will Magie",1992-02-23,"London",NA,NA,185,"Fly-Half"
"Q24572412","Soso Bekoshvili","Soso Bekoshvili",1993-11-03,"Tbilisi",NA,NA,183,"Prop"
"Q24572643","Masivesi Dakuwaqa","Masivesi Dakuwaqa",1994-02-14,"Nadi",NA,NA,190,"Flanker; Winger; Centre"
"Q24574383","Pietro Ceccarelli","Pietro Ceccarelli",1992-02-16,"Rome",NA,NA,184,"Tighthead Prop"
"Q24579182","Joseph Manu","Joseph Manu",1996-06-29,"Hamilton; New Zealand",NA,NA,192,"Centre"
"Q24809717","Ramiro Moyano Joya","Ramiro Moyano",1990-05-28,"San Miguel de Tucumán",NA,NA,180,"Winger; Fullback"
"Q24852416","Adriu Delai","Adriu Delai",1984-06-11,NA,NA,NA,186,"Centre; Winger"
"Q24864404","Atsushi Sakate","Atsushi Sakate坂手 淳史",1993-06-21,"Kyoto",NA,NA,180,"Hooker"
"Q24870015","Jumpei Ogura","Jumpei Ogura小倉 順平",1992-07-11,"Hachiōji",NA,NA,172,"Fly-Half; Fullback"
"Q24875959","Koo Ji-won","Koo Ji-won구지원",1994-07-20,"Seoul",NA,NA,184,"Prop"
"Q24930008","Apisai Naqalevu","Apisai Naqalevu",1989-08-21,"Fiji",NA,NA,184,"Centre"
"Q24935659","Ionel Badiu","Ionel Badiu",1989-07-29,"Vidra; Vrancea",NA,NA,185,"Loosehead Prop"
"Q24938171","Thomas Sauveterre","Thomas Sauveterre",1993-05-10,"Montpellier",NA,NA,185,"Hooker"
"Q24938848","Jarrod Poï","Jarrod Poï",1994-02-22,"Palmerston North",NA,NA,187,"Centre"
"Q24951116","Carl Axtens","Carl Axtens",1991-08-26,NA,NA,NA,193,"Flanker; Number 8"
"Q24963359","Vatemo Ravouvou","Vatemo Ravouvou",1990-07-31,"Ba (town)",NA,NA,178,"Fullback"
"Q25039636","Kitione Taliga","Kitione Taliga",1993-04-21,"Nadi",NA,NA,186,"Fly-Half; Fullback; Winger"
"Q25172032","Paul Dearlove","Paul Dearlove",1979-02-06,NA,NA,NA,NA,"Flanker"
"Q25172075","Thibault Giroud",NA,1974-03-09,"Grenoble",NA,NA,178,NA
"Q25253110","Facundo Gigena","Facundo Gigena",1994-09-15,"Córdoba; Argentina",NA,NA,182,"Prop"
"Q25324784","Irakli Tskhadadze","Irakli Tskhadadze",1996-08-01,"Tbilisi",NA,NA,191,"Flanker"
"Q25324786","Lasha Tabidze","Lasha Tabidze",1997-07-04,"Tbilisi",NA,NA,185,"Tighthead Prop"
"Q25714000","Rob Leota","Rob Leota",1997-03-03,"Preston",NA,NA,190,"Flanker; Number 8; 2nd Row"
"Q25714022","Curwin Bosch","Curwin Bosch",1997-06-25,"Gqeberha",NA,NA,180,"Fly-Half; Fullback"
"Q25915920","Clinton Theron","Clinton Theron",1995-11-03,"Roodepoort",NA,NA,180,"Prop"
"Q25915944","Irné Herbst","Irné Herbst",1993-05-04,"Witbank",NA,NA,196,"2nd Row"
"Q25975828","Ben Pinkelman","Ben Pinkelman",1994-06-13,"Omaha; Nebraska",NA,NA,191,"3rd Row"
"Q25999872","Nikola Bursic","Nikola Bursic",1993-08-12,"Torrance; California",NA,NA,187,"2nd Row; 3rd Row"
"Q26036414","Jonathan Laugel","Jonathan Laugel",1993-01-30,"Montmorency; Val-d'Oise",NA,NA,194,"Flanker"
"Q26036492","Jérémy Aicardi","Jérémy Aicardi",1988-11-26,"Nice",NA,NA,178,"Winger"
"Q26036566","Pierre Fouyssac","Pierre Fouyssac",1995-03-17,"Agen",NA,NA,189,"Centre; Winger; Flanker"
"Q26045061","Tevita Tatafu","Tevita Tatafu",1996-01-02,NA,NA,NA,183,"Number 8"
"Q26080326","Eduardo Strauch","Eduardo Strauch",1947-08-13,NA,NA,NA,NA,NA
"Q26132721","Apisai Domolailai","Apisai Domolailai",1989-04-16,"Sigatoka",NA,NA,192,"Prop; Hooker"
"Q26155668","Marcos Kremer","Marcos Kremer",1997-07-30,"Concordia; Entre Ríos",NA,NA,200,"Flanker; 2nd Row"
"Q26155884","Viliame Mata","Viliame Mata",1991-10-22,"Nakelo",NA,NA,197,"2nd Row; Flanker"
"Q26209474","Ollie Thorley","Ollie Thorley",1996-09-11,"London",NA,NA,185,"Winger"
"Q26214538","Ali Oz","Ali Oz",1995-05-28,"Voiron",NA,NA,193,"Tighthead Prop"
"Q26217950","Axel Müller","Axel Müller",1993-11-25,"Mendoza; Argentina",NA,NA,186,"Winger"
"Q26217953","Tom Mitchell","Tom Mitchell",1989-07-22,"Cuckfield",NA,NA,177,"Centre"
"Q26220911","Sam Cross","Sam Cross",1992-08-26,"Abergavenny",NA,NA,190,"Flanker; Number 8"
"Q26221115","Andrew Amonde","Andrew Amonde",1983-12-25,"Kisumu",NA,NA,189,"Flanker"
"Q26259797","Dan Bibby","Dan Bibby",1991-02-06,"Aspull",NA,NA,182,"Scrum-Half"
"Q26260326","Ruaridh McConnochie","Ruaridh McConnochie",1991-10-23,"Lambeth",NA,NA,189,"Winger; Fullback"
"Q26265465","Arno van Wyk","Arno van Wyk",1994-05-19,"Parow; South Africa",NA,NA,184,"Hooker"
"Q26266238","Eli Snyman","Eli Snyman",1996-01-25,"Harare",NA,NA,200,"2nd Row"
"Q26405158","Richard Hardwick","Richard Hardwick",1994-05-31,"Windhoek",NA,NA,183,"Flanker; Number 8"
"Q26405162","Matt Philip","Matt Philip",1994-03-07,"Mona Vale",NA,NA,199,"2nd Row"
"Q26405298","Henry Taefu","Henry Taefu",1993-04-02,"Apia",NA,NA,183,"Centre"
"Q26405341","Ned Hanigan","Ned Hanigan",1995-04-11,"Dubbo",NA,NA,194,"2nd Row; Flanker"
"Q26405516","Kazuhiko Usami","Kazuhiko Usami(宇佐美和彦",1992-03-17,"Saijō; Ehime",NA,NA,197,"2nd Row"
"Q26405801","Jermaine Ainsley","Jermaine Ainsley",1995-08-08,"Clyde; New Zealand",NA,NA,181,"Prop"
"Q26405885","Lachlan Boshier","Lachlan Boshier",1994-11-16,"New Plymouth",NA,NA,191,"Flanker"
"Q26405945","Nika Neparidze","Nika Neparidze",1996-02-18,"Tbilisi",NA,NA,183,"Prop"
"Q26405975","Luka Goginava","Luka Goginava",1996-10-04,"Tbilisi",NA,NA,183,"Loosehead Prop"
"Q26678268","Ryoto Nakamura","Ryoto Nakamura中村 亮土",1991-06-03,"Kagoshima",NA,NA,178,"Centre; Fly-Half"
"Q26704593","Rikiya Matsuda","Rikiya Matsuda松田力也",1994-05-03,"Kyoto",NA,NA,181,"Fly-Half; Centre; Fullback"
"Q26704610","Emiliano Boffelli","Emiliano Boffelli",1995-01-16,"Rosario",NA,NA,191,"Fullback; Winger; Centre"
"Q26704717","Will Hooley","Will Hooley",1993-11-11,"Cambridge",NA,NA,182,"Fly-Half; Fullback"
"Q26704740","Brian Alainu'uese","Brian Alainu'uese",1994-03-19,"Invercargill",NA,NA,202,"2nd Row"
"Q26706895","Harry Wells","Harry Wells",1993-09-29,"Peterborough",NA,NA,196,"2nd Row; Flanker"
"Q26837893","Jordie Barrett","Jordie Barrett",1997-02-17,"New Plymouth",NA,NA,196,"Fullback; Centre; Winger"
"Q26923808","Tadhg Beirne","Tadhg Beirne",1992-01-08,"Eadestown",NA,NA,198,"2nd Row; Flanker; Number 8"
"Q26923859","Regan Grace","Regan Grace",1996-12-12,"Port Talbot",NA,NA,178,"Winger"
"Q26923916","Joey Carbery","Joey Carbery",1995-11-01,"Auckland",NA,NA,183,"Fly-Half; Fullback"
"Q26923917","Ross Byrne","Ross Byrne",1995-04-08,"Dublin",NA,NA,191,"Fly-Half"
"Q26924480","Bautista Ezcurra","Bautista Ezcurra",1995-04-21,"Buenos Aires",NA,NA,181,"Centre; Fly-Half; Winger"
"Q26972035","Carlo Salmaso","Guglielmo Colussi",1940-04-20,"Ponte San Nicolò",NA,NA,NA,"Winger; Fullback"
"Q27049086","Jamie Bhatti","Jamie Bhatti",1993-09-08,"Stirling",NA,NA,186,"Loosehead Prop"
"Q27063479","Matt Fagerson","Matt Fagerson",1998-07-16,"Perth; Scotland",NA,NA,186,"Number 8; Flanker"
"Q27064144","Zach Kibirige","Zach Kibirige",1994-10-28,"Middlesbrough",NA,NA,177,"Winger; Fullback"
"Q27093415","Henry  Immelman","Henry Immelman",1995-05-26,"Upington",NA,NA,189,"Fullback; Winger; Centre; Fly-Half"
"Q27106990","Isi Naisarani","Isi Naisarani",1995-02-14,"Naqali",NA,NA,195,"Number 8; Flanker"
"Q27306109","Justin Forwood","Justin Forwood",1993-09-19,NA,NA,NA,190,"Prop"
"Q27443245","Fletcher Smith","Fletcher Smith",1995-03-01,"Nelson; New Zealand",NA,NA,180,"Fly-Half; Fullback"
"Q27443348","Liam O'Connor","Liam O'Connor",1995-07-13,"Cork (city)",NA,NA,180,"Loosehead Prop"
"Q27448048","David Ribbans","David Ribbans",1995-08-29,"Somerset West",NA,NA,202,"2nd Row"
"Q27460007","Roger Ducournau","Roger Ducournau",1919-11-08,"Bahus-Soubiran",2016-10-09,"Dax; Landes",NA,NA
"Q27497180","Santiago Álvarez","Santiago Álvarez",1994-02-17,"Bahía Blanca",NA,NA,188,"Centre"
"Q27652855","Martin Puech","Martin Puech",1988-12-14,"Cahors",NA,NA,193,"Flanker"
"Q27656238","Giorgi Chkoidze","Giorgi Chkoidze",1991-05-17,"Tbilisi",NA,NA,178,"Hooker"
"Q27671041","Paolo Odogwu","Paolo Odogwu",1997-02-18,"Coventry",NA,NA,175,"Winger; Centre"
"Q27671047","Stephen Perofeta","Stephen Perofeta",1997-03-12,"Whanganui River",NA,NA,181,"Fly-Half; Fullback"
"Q27671475","S'busiso Nkosi","S'busiso Nkosi",1996-01-21,"Barberton; South Africa",NA,NA,181,"Winger"
"Q27735068","Brandon Nansen","Brandon Nansen",1993-11-03,"Auckland",NA,NA,197,"2nd Row; Flanker"
"Q27735073","Manasa Mataele","Manasa Mataele",1996-11-27,"Suva",NA,NA,185,"Winger"
"Q27735110","Finlay Christie","Finlay Christie",1995-09-19,"Peebles",NA,NA,177,"Scrum-Half"
"Q27735730","Quinten Strange","Quinten Strange",1996-08-21,"Tākaka",NA,NA,199,"2nd Row"
"Q27735775","George Bridge","George Bridge",1995-04-01,"Gisborne; New Zealand",NA,NA,186,"Winger; Fullback"
"Q27736226","Peter Umaga-Jensen","Peter Umaga-Jensen",1997-12-31,"Wellington",NA,NA,187,"Centre; Fullback"
"Q27755079","Tom Cocqu","Tom Cocqu",1996-07-24,NA,NA,NA,174,"Scrum-Half"
"Q27755475","Duke Krishnan","Dineshwaran Krishnan",1988-05-25,"Malaysia",NA,NA,198,"2nd Row; Winger"
"Q27756750","Sione Tau","Sione Tau",1989-02-21,NA,NA,NA,192,"Flanker; Number 8"
"Q27756760","Pierre Choinard","Pierre Choinard",1991-11-12,"Avranches",NA,NA,182,"Prop"
"Q27756947","Viliami Fihaki","Viliami Fihaki",1987-01-17,"Nukuʻalofa",NA,NA,195,"Number 8; Flanker"
"Q27756958","Masalosalo Tutaia","Masalosalo Tutaia",1984-06-05,"Tokoroa",NA,NA,202,"2nd Row"
"Q27757117","Nicolas Cachet","Nicolas Cachet",1992-03-25,"Lyon",NA,NA,186,"Fullback; Fly-Half"
"Q27757230","Evrard Dion Oulai","Evrard Dion Oulai",1993-06-22,NA,NA,NA,198,"2nd Row; Flanker"
"Q27757535","Louis Dupichot","Louis Dupichot",1995-09-23,"Paris",NA,NA,183,"Winger; Fullback; Centre"
"Q27757679","Bekada Belhaouari","Bekada Belhaouari",1991-08-19,"Toulouse",NA,NA,193,"Prop"
"Q27757690","Jale Vatubua","Jale Vatubua",1991-08-30,"Suva",NA,NA,189,"Centre"
"Q27757698","Brandon Fajardo","Brandon Fajardo",1994-06-25,NA,NA,NA,181,"Fly-Half"
"Q27757707","Thibault Daubagna","Thibault Daubagna",1994-05-20,"Pau; Pyrénées-Atlantiques",NA,NA,177,"Scrum-Half"
"Q27758012","Charly Malié","Charly Malié",1991-11-05,"Béziers",NA,NA,185,"Fullback; Fly-Half"
"Q27758458","Djamel Ouchene","Djamel Ouchene",1988-01-31,NA,NA,NA,180,"Winger; Fullback"
"Q27758731","Lou Bouhraoua","Lou Bouhraoua",1991-11-03,"Châteaudun",NA,NA,172,"Winger; Scrum-Half"
"Q27758739","Johan Bensalla","Johan Bensalla",1991-04-01,"Saint-Jean; Haute-Garonne",NA,NA,181,"Fly-Half; Scrum-Half"
"Q27803673","Armand Save","Armand Save",1931-09-24,"Tostat",2016-08-22,"Tostat",180,"2nd Row; 3rd Row"
"Q27804591","Murray McCallum","Murray McCallum",1996-03-16,"Kirkcaldy",NA,NA,188,"Prop"
"Q27804619","Timothy Lafaele","Timothy Lafaeleティモシー・ラファエレ",1991-08-19,"Moto'otua",NA,NA,186,"Centre; Fly-Half"
"Q27805316","Uwe Helu","Uwe Helu",1990-07-12,"Nukuʻalofa",NA,NA,193,"2nd Row; Flanker"
"Q27830836","Sam James","Sam James",1994-07-03,"Manchester",NA,NA,194,"Centre; Fullback; Fly-Half"
"Q27830839","Tom Banks","Tom Banks",1994-06-18,"Brisbane",NA,NA,186,"Fullback; Winger"
"Q27830971","Romain Ruffenach","Romain Ruffenach",1994-09-04,"Tours",NA,NA,185,"Hooker"
"Q27832657","Pele Cowley","Pele Cowley",1993-04-16,"Tokoroa",NA,NA,175,"Scrum-Half"
"Q27832684","So'otala Fa'aso'o","So'otala Fa'aso'o",1994-10-02,"Auckland",NA,NA,196,"Number 8; Flanker"
"Q27838020","Andrew Porter","Andrew Porter",1996-01-16,"Dublin",NA,NA,185,"Prop"
"Q27859521","Ere Enari","Ere Enari",1997-05-30,"Auckland",NA,NA,178,"Scrum-Half"
"Q27860241","Shunsuke Nunomaki","Shunsuke Nunomaki布巻 峻介",1992-07-13,"Fukuoka",NA,NA,178,"Flanker"
"Q27886641","Valentino Mapapalangi","Valentino Mapapalangi",1993-07-18,"Auckland",NA,NA,194,"Number 8; Flanker; 2nd Row"
"Q27888528","Sevu Reece","Sevu Reece",1997-02-13,"Nadi",NA,NA,179,"Winger; Centre"
"Q27892411","Jacques Ayral","Jacques Ayral",1949-07-07,"Brive-la-Gaillarde",2016-01-02,"Brive-la-Gaillarde",185,"3rd Row"
"Q27899218","Takeshi Hino","Takeshi Hino日野剛志",1990-01-20,"Fukuoka",NA,NA,172,"Hooker"
"Q27909582","Mata Maxime Mbanda","Maxime Mbanda",1993-04-10,"Rome",NA,NA,189,"Flanker"
"Q27909808","Edoardo Padovani","Edoardo Padovani",1993-05-15,"Venice",NA,NA,189,"Fullback; Centre; Fly-Half; Winger"
"Q27915092","Jack Walker","Jack Walker",1996-05-06,"Steeton",NA,NA,183,"Hooker"
"Q27915192","Joe Marchant","Joe Marchant",1996-07-16,"Winchester",NA,NA,183,"Centre; Winger"
"Q27915264","Ben Curry","Ben Curry",1998-06-15,"Hounslow",NA,NA,185,"Flanker"
"Q27917088","Rory Hutchinson","Rory Hutchinson",1996-01-29,"Cambridge",NA,NA,181,"Centre; Fullback"
"Q27919123","Giorgio Bronzini","Giorgio Bronzini",1990-04-20,"Viadana; Lombardy",NA,NA,178,"Scrum-Half"
"Q27924903","Tom Curry","Tom Curry",1998-06-15,"Hounslow",NA,NA,185,"Flanker; Number 8"
"Q27924944","Will Evans","Will Evans",1997-01-28,"Norwich",NA,NA,183,"Flanker"
"Q27929673","Manie Libbok","Manie Libbok",1997-07-15,"Humansdorp",NA,NA,184,"Fly-Half; Fullback"
"Q27947736","Embrose Papier","Embrose Papier",1997-04-25,"Clanwilliam; South Africa",NA,NA,171,"Scrum-Half"
"Q27999169","Vincent Merling","Vincent Merling",1950-05-14,NA,NA,NA,NA,"Flanker"
"Q27999184","Baptiste Couilloud","Baptiste Couilloud",1997-07-22,"Lyon",NA,NA,176,"Scrum-Half"
"Q28033370","Peato Mauvaka","Peato Mauvaka",1997-01-10,"Nouméa",NA,NA,184,"Hooker; Number 8"
"Q28054120","Jasper Wiese","Jasper Wiese",1995-10-21,"Upington",NA,NA,190,"Number 8; Flanker"
"Q28086460","Claude Darbos","Claude Darbos",1936-10-10,"Saint-Paul-lès-Dax",2016-11-07,"Dax; Landes",182,"Winger"
"Q28143464","Maxim Meneghini","Maxim Meneghini",1993-11-27,"Orange; Vaucluse",NA,NA,183,"Centre"
"Q28143465","Bilel Taieb","Bilel Taieb",1993-01-27,"Oyonnax",NA,NA,195,"Number 8"
"Q28382619","Zain Davids","Zain Davids",1997-05-04,"Cape Town",NA,NA,181,NA
"Q28474287","Andrew White","Andrew White",1894-03-21,"Invercargill",1968-08-03,"Christchurch",180,"Flanker"
"Q28474320","William Irvine","Bull Irvine",1898-12-02,"Auckland",1952-04-26,"Whangārei",172,"Hooker"
"Q28496038","Swan Rebbadj","Swan Rebbadj",1995-01-15,"Martigues",NA,NA,202,"2nd Row; Flanker"
"Q28496257","Sylvain Gayri","Sylvain Gayri",1975-04-01,NA,NA,NA,NA,"Winger"
"Q28496866","Marika Vunibaka","Marika Vunibaka",1994-05-12,NA,NA,NA,192,"Winger; Centre"
"Q28540561","Duhan van der Merwe","Duhan van der Merwe",1995-06-04,"George; South Africa",NA,NA,193,"Winger"
"Q28555327","Joeli Lutumailagi","Joeli Lutumailagi",1985-10-31,"Sigatoka",NA,NA,180,"Winger"
"Q28606373","Fabien Sanconnie","Fabien Sanconnie",1995-02-21,"Larche; Corrèze",NA,NA,195,"Flanker; Number 8; 2nd Row"
"Q28606413","Mohamed Boughanmi","Mohamed Boughanmi",1991-10-27,NA,NA,NA,193,"Prop"
"Q28648790","Calvin Nash","Calvin Nash",1997-08-08,"Limerick",NA,NA,178,"Winger"
"Q28648803","Federico Ruzza","Federico Ruzza",1994-08-04,"Padua",NA,NA,196,"2nd Row; Flanker; Number 8"
"Q28664963","Maxim Gargalic","Maxim Gargalic",1989-03-07,"Surgut",NA,NA,198,"2nd Row; 3rd Row"
"Q28665207","Jurijs Baranovs","Jurijs Baranovs",1981-12-11,"Riga",NA,NA,174,"Scrum-Half; Winger"
"Q28741342","Ben White","Ben White",1998-05-27,"Stoke-on-Trent",NA,NA,175,"Scrum-Half"
"Q28803332","Péniami Narisia","Peniami Narisia",1997-06-10,NA,NA,NA,185,"Hooker; Flanker"
"Q28810444","Matt Tierney","Matt Tierney",1996-07-04,"Mississauga",NA,NA,191,"Prop"
"Q28811953","Bryce Campbell","Bryce Campbell",1994-09-21,"Indianapolis",NA,NA,188,"Centre"
"Q28832218","Aisea Koliavu","Aisea Koliavu",1991-01-15,"Porirua",NA,NA,189,"Flanker"
"Q28840784","Rodrigue Neti","Rodrigue Neti",1995-04-26,"Nouméa",NA,NA,185,"Loosehead Prop"
"Q28843426","Sakiusa Bureitakiyaca","Sakiusa Bureitakiyaca",1992-02-02,"Suva",NA,NA,193,"Winger"
"Q28853741","Jack Maddocks","Jack Maddocks",1997-02-05,"Sydney",NA,NA,194,"Fullback; Winger; Fly-Half"
"Q28853743","Jacob Stockdale","Jacob Stockdale",1996-04-03,"Lisburn",NA,NA,191,"Winger; Fullback"
"Q28853751","Jordan Uelese","Jordan Uelese",1997-01-24,"Wellington",NA,NA,189,"Hooker"
"Q28853818","Tyrel Lomax","Tyrel Lomax",1996-03-16,"Canberra",NA,NA,193,"Prop"
"Q28870662","Fineen Wycherley","Fineen Wycherley",1997-12-11,"Bantry",NA,NA,193,"2nd Row; Flanker"
"Q28911582","Jon Zabala","Jon Zabala",1996-11-26,"Getxo",NA,NA,188,"Tighthead Prop"
"Q28939732","Stedman Gans","Stedman Gans",1997-03-19,"Vredenburg",NA,NA,180,"Centre; Winger"
"Q28940958","Ben Vellacott","Ben Vellacott",1995-03-28,"Chertsey",NA,NA,168,"Scrum-Half"
"Q28943604","Nicolás Freitas","Nicolás Freitas",1993-07-03,"Montevideo",NA,NA,180,"Centre; Winger"
"Q28946408","Charles Herzowitch","Charles Herzowitch",1899-07-01,NA,1975-10-30,NA,NA,"2nd Row"
"Q28967383","Jordi Jorba","Jordi Jorba",1997-05-08,"Barcelona",NA,NA,185,"Winger"
"Q28967386","Julen Goia","Julen Goia Iriberri",1991-12-12,"Idiazabal",NA,NA,185,"Winger"
"Q28967389","Álvar Gimeno","Álvar Gimeno",1997-12-15,"Valencia",NA,NA,184,"Centre; Fly-Half"
"Q28976112","Damian Willemse","Damian Willemse",1998-05-07,"Strand; Western Cape",NA,NA,187,"Fly-Half; Fullback; Centre"
"Q28976300","Madosh Tambwe","Madosh Tambwe",1997-05-12,"Kinshasa",NA,NA,186,"Winger"
"Q29018966","Alex Gordaș","Alexandru Gordaș",1994-05-11,NA,NA,NA,184,"Prop"
"Q29034824","Pierre Maurens","Pierre Maurens",1992-11-03,"Foix",NA,NA,200,"2nd Row"
"Q29054743","Alexander Robertson","Alexander Hamilton Robertson",1848-10-01,NA,1913-05-12,NA,NA,NA
"Q29165846","Sandu Ciorăscu","Sandu Ciorăscu",1966-09-11,"Bârlad",NA,NA,NA,"2nd Row"
"Q29220817","Pierce Phillips","Pierce Phillips",1992-10-06,"Middlesbrough",NA,NA,202,"2nd Row"
"Q29305425","Thibaud Dréan","Thibaud Dréan",1992-01-06,"Niort",NA,NA,175,"Prop"
"Q29312512","Richie Arnold","Richie Arnold",1990-07-01,"Wagga Wagga",NA,NA,208,"2nd Row"
"Q29450174","Ockert Kruger","Ockert Kruger",1987-01-12,"Empangeni",NA,NA,187,"Flanker"
"Q29472892","Sosefo Sakalia","Sosefo Sakalia",1991-12-14,"Nukuʻalofa",NA,NA,178,"Hooker; Flanker"
"Q29533947","Jake Polledri","Jake Polledri",1995-11-08,"Bristol",NA,NA,189,"Flanker; Number 8"
"Q29534118","Jack Maunder","Jack Maunder",1997-04-05,"Exeter",NA,NA,178,"Scrum-Half"
"Q29630657","Alain Pecastaing","Alain Pecastaing",1954-07-07,NA,NA,NA,NA,"Centre"
"Q29860386","Pierre Charpy","Pierre Charpy",1919-05-25,NA,1988-02-11,NA,NA,"2nd Row"
"Q29865939","Rory O'Loughlin","Rory O'Loughlin",1994-01-21,"Dublin",NA,NA,188,"Centre; Winger"
"Q29868478","Joe Cokanasiga","Joe Cokanasiga",1997-11-15,"Suva",NA,NA,192,"Winger"
"Q29892081","Lasha Jaiani","Lasha Jaiani",1998-04-21,NA,NA,NA,200,"2nd Row"
"Q29895603","Guram Papidze","Guram Papidze",1997-06-16,"Tbilisi",NA,NA,184,"Prop"
"Q29907467","Seb Davies","Seb Davies",1996-05-17,"Cardiff",NA,NA,198,"2nd Row; Number 8; Flanker"
"Q29914197","Mirian Modebadze","Mirian Modebadze",1997-10-27,"Kutaisi",NA,NA,185,"Winger; Fullback"
"Q29914201","Guram Gogichashvili","Guram Gogichashvili",1998-09-04,"Khashuri",NA,NA,183,"Loosehead Prop"
"Q29982240","Mikheil Gachechiladze","Mikheil Gachechiladze",1990-12-24,"Tbilisi",NA,NA,190,"3rd Row"
"Q29982241","Yoshihito Yoshida","Yoshihito Yoshida",1969-02-16,"Akita Prefecture",NA,NA,170,"Winger"
"Q30013226","Soso Matiashvili","Soso Matiashvili",1993-01-27,"Tbilisi",NA,NA,185,"Fullback; Winger"
"Q30014591","Giorgi Kveseladze","Giorgi Kveseladze",1997-11-11,"Tbilisi",NA,NA,185,"Centre"
"Q30014902","Nick Isiekwe","Nick Isiekwe",1998-04-20,"Hemel Hempstead",NA,NA,200,"2nd Row; Flanker"
"Q30027820","Adam Hastings","Adam Hastings",1996-10-05,"Edinburgh",NA,NA,185,"Fly-Half; Fullback"
"Q30079765","Brett Herron","Brett Herron",1995-11-13,"Johannesburg",NA,NA,183,"Fly-Half"
"Q30088314","Stafford McDowall","Stafford McDowall",1998-02-24,"Dumfries",NA,NA,193,"Centre"
"Q30118163","Tristan Tedder","Tristan Tedder",1996-04-17,"Durban",NA,NA,180,"Fly-Half; Fullback"
"Q30118178","Genesis Mamea Lemalu","Genesis Mamea Lemalu",1988-09-22,"Wellington",NA,NA,195,"Number 8"
"Q30118186","Pierre-Louis Bourrel","Pierre-Louis Bourrel",1992-10-19,"Limoux",NA,NA,180,"Centre"
"Q30118200","Giorgi Natsarashvili","Georgi Natsarashvili",1986-04-01,NA,NA,NA,190,"Prop"
"Q30118219","Georges Caussarieu","Georges Caussarieu",1906-07-04,"Hendaye",1974-09-20,"Saint-Pée-sur-Nivelle",NA,"Centre"
"Q30118228","Christophe Reigt","Christophe Reigt",1967-11-06,NA,NA,NA,178,"Fly-Half"
"Q30118250","Michel Montsarrat","Michel Montsarrat",1959-04-13,"Carcassonne",NA,NA,170,"Scrum-Half; Fly-Half"
"Q30118260","Anthony Belleau","Anthony Belleau",1996-04-08,"Monflanquin",NA,NA,177,"Fly-Half; Centre"
"Q30118281","Karl Chateau","Karl Chateau",1992-06-15,"Orléans",NA,NA,189,"Number 8"
"Q30122286","James Chisholm","James Chisholm",1995-08-11,"Haywards Heath",NA,NA,188,"Flanker; Number 8"
"Q30122379","Leon Brown","Leon Brown",1996-10-26,"Newport; Wales",NA,NA,190,"Tighthead Prop"
"Q30122761","Marcus Smith","Marcus Smith",1999-02-14,"Manila",NA,NA,175,"Fly-Half"
"Q30122957","Grant Stewart","Grant Stewart",1995-02-28,"Carluke",NA,NA,180,"Hooker"
"Q30140858","Gela Aprasidze","Gela Aprasidze",1998-01-14,"Tbilisi",NA,NA,175,"Scrum-Half"
"Q30140939","Damian Penaud","Damian Penaud",1996-09-25,"Brive-la-Gaillarde",NA,NA,192,"Centre; Winger"
"Q30142426","Jake Gordon","Jake Gordon",1993-07-06,"Newtown; New South Wales",NA,NA,185,"Scrum-Half"
"Q30223019","Romain Ntamack","Romain Ntamack",1999-05-01,"Toulouse",NA,NA,186,"Fly-Half; Centre"
"Q30223166","Nabil Djalout","Nabil Djalout",1989-03-28,"Perpignan",NA,NA,179,"Centre"
"Q30223279","Théo Hannoyer","Théo Hannoyer",1996-06-09,"Montmorency; Val-d'Oise",NA,NA,198,"2nd Row"
"Q30252045","Atila Septar","Atila Septar",1996-06-02,"Constanța",NA,NA,194,"Centre; Winger"
"Q30317715","Billy Ropiha","Billy Ropiha",1991-01-16,NA,NA,NA,179,"Centre"
"Q30337273","Nans Ducuing","Nans Ducuing",1991-11-06,"Tarbes",NA,NA,185,"Fullback; Winger"
"Q30339457","Marcel Martin","Marcel Martin",1933-09-09,NA,2017-05-22,NA,NA,NA
"Q30502098","Nick Timoney","Nick Timoney",1995-08-01,"Dublin",NA,NA,188,"Number 8; Flanker"
"Q30595006","Josh Peters","Joshua Peters",1995-12-10,"London",NA,NA,200,"2nd Row"
"Q30611867","James Ryan","James Ryan",1996-07-24,"Blackrock; Dublin",NA,NA,202,"2nd Row"
"Q30612327","Harry Williams","Harry Williams",1991-10-01,"London",NA,NA,191,"Tighthead Prop"
"Q30726873","Maxime Lucu","Maxime Lucu",1993-01-12,"Saint-Jean-de-Luz",NA,NA,177,"Scrum-Half"
"Q30727830","Sevanaia Galala","Sevanaia Galala",1993-01-29,NA,NA,NA,188,"Centre; Winger"
"Q30727857","Marco Tauleigne","Marco Tauleigne",1993-08-30,"Montélimar",NA,NA,191,"Number 8"
"Q30727891","Youssef Saaidia","Youssef Saaidia",1995-02-09,NA,NA,NA,177,"Hooker"
"Q30728110","Sofian Klouchi","Sofian Klouchi",1989-05-06,NA,NA,NA,183,"Winger"
"Q30728154","Ximun Lucu","Ximun Lucu",1989-12-09,"Saint-Jean-de-Luz",NA,NA,183,"Fullback"
"Q30728332","Hervé Lecomte","Hervé Lecomte",1959-11-19,"Valenciennes",NA,NA,190,"Flanker; Winger"
"Q30728650","Hakim Miloudi","Hakim Miloudi",1993-06-26,"Perpignan",NA,NA,180,"Fullback; Centre; Winger"
"Q30728681","Maxime Chalon","Maxime Chalon",1978-07-23,"Blois",NA,NA,168,"Scrum-Half"
"Q30729158","Kévin Kornath","Kévin Kornath",1996-12-27,"Aurillac",NA,NA,194,"Flanker; Number 8"
"Q30729187","Khatchik Vartanov","Khatchik Vartan",1993-02-06,"Grozny",NA,NA,184,"Prop"
"Q30729193","Jean-Baptiste Dubié","Jean-Baptiste Dubié",1989-07-16,"Lourdes",NA,NA,180,"Centre; Winger; Fullback"
"Q30729196","Antoine Erbani","Antoine Erbani",1990-02-07,"Agen",NA,NA,192,"Flanker; Number 8"
"Q30729224","Félix Lambey","Félix Lambey",1994-03-15,"Lons-le-Saunier",NA,NA,196,"2nd Row"
"Q30729229","Tommy Raynaud","Tommy Raynaud",1994-06-13,"Céret",NA,NA,181,"Loosehead Prop"
"Q30729256","Anthony Jelonch","Anthony Jelonch",1996-07-28,"Vic-Fezensac",NA,NA,195,"Flanker"
"Q30729257","Xavier Mignot","Xavier Mignot",1994-01-27,"Bourgoin-Jallieu",NA,NA,187,"Winger; Centre"
"Q30729328","Albain Meron","Albain Meron",1994-03-18,NA,NA,NA,189,"Flanker"
"Q30904922","Leandro Assi","Leandro Assi",1989-04-27,"San Nicolás de los Arroyos",NA,NA,181,"Prop"
"Q30926109","Ben Gunter","Ben Gunter",1997-10-24,"Bangkok",NA,NA,195,"Flanker; Number 8"
"Q30926748","Isileli Nakajima","Isileli Nakajima中島イシレリ",1989-07-09,"Tonga",NA,NA,186,"Prop; 2nd Row; Number 8; Flanker"
"Q31202164","Jamie Swanson","Jamie Swanson",1992-07-01,"Glasgow",NA,NA,191,"Number 8"
"Q32095370","Simone Ferrari","Simone Ferrari",1994-03-28,"Cernusco sul Naviglio",NA,NA,183,"Prop"
"Q32789964","Romain Maurice","Romain Maurice",1994-06-23,"Talence",NA,NA,184,"Hooker"
"Q32857936","Quinn Ngawati","Quinn Ngawati",1999-06-15,"Victoria; British Columbia",NA,NA,194,"Winger; Centre"
"Q32925855","Alex Newsome","Alex Newsome",1996-01-20,"Glen Innes; New South Wales",NA,NA,189,"Winger; Centre; Fullback"
"Q33044058","Lewis Ludlam","Lewis Ludlam",1995-12-08,"Ipswich",NA,NA,190,"Flanker; Number 8"
"Q33044584","Senio Toleafoa","Senio Toleafoa",1993-08-26,"Westmead",NA,NA,193,"2nd Row"
"Q33110214","Zach Mercer","Zach Mercer",1997-06-28,"Leeds",NA,NA,190,"Number 8; Flanker"
"Q33129561","Rob Valetini","Rob Valetini",1998-09-03,"Melbourne",NA,NA,193,"Number 8; Flanker"
"Q33139033","Faitotoa Asa","Faitotoa Asa",1986-12-30,"Wellington",NA,NA,183,"Prop"
"Q33187401","Esava Delai","Esava Delai",1987-09-07,"Naitasiri Province",NA,NA,193,"Winger"
"Q33238146","Roy Radu","Roy Radu",1963-09-11,"Burnaby",NA,NA,183,"Flanker"
"Q36338310","Enzo Sanga","Enzo Sanga",1995-05-19,"Vichy",NA,NA,176,"Scrum-Half"
"Q36472525","Tedo Abzhandadze","Tedo Abzhandadze",1999-06-13,"Kutaisi",NA,NA,177,"Fly-Half"
"Q36576304","Izack Rodda","Izack Rodda",1996-08-20,"Lismore; New South Wales",NA,NA,202,"2nd Row"
"Q36695402","Emmanuel Ménieu","Emmanuel Ménieu",1969-07-23,"Bordeaux",NA,NA,186,"Prop"
"Q36695487","Kevin Barrett","Kevin Barrett",1966-06-22,NA,NA,NA,194,"Flanker; 2nd Row"
"Q36696642","Elvis Levi","Elvis Levi",1987-02-21,"Apia",NA,NA,181,"Hooker"
"Q36696932","Johann Lourdelet","Johann Lourdelet",1991-06-21,NA,NA,NA,191,"Prop"
"Q36696995","Benjamin Geledan","Benjamin Geledan",1990-04-08,NA,NA,NA,187,"Hooker"
"Q36696999","Cécilion Puleoto","Cécilion Puleoto",1992-10-03,NA,NA,NA,191,"Prop"
"Q36697007","Ronan Chambord","Ronan Chambord",1994-04-11,NA,NA,NA,177,"Hooker"
"Q36697036","Jean-Philippe Versailles","Jean-Philippe Versailles",1969-03-10,"Pau; Pyrénées-Atlantiques",NA,NA,197,"2nd Row"
"Q36697040","Hervé Manent","Hervé Manent",1971-09-24,"Toulouse",NA,NA,202,"2nd Row"
"Q36697044","Mathias Marie","Mathias Marie",1991-01-09,NA,NA,NA,196,"2nd Row"
"Q36697049","Tanguy Molcard","Tanguy Molcard",1990-06-23,NA,NA,NA,188,"Flanker"
"Q36697171","Gilbert Pagès","Gilbert Pagès",1961-12-24,NA,NA,NA,188,"Flanker"
"Q36697180","Toussaint Djehi","Toussaint Djehi",1962-11-01,NA,NA,NA,180,"Prop"
"Q36697181","Édouard Angoran","Édouard Angoran",1970-05-06,NA,NA,NA,182,"Hooker; Flanker"
"Q36697349","Vincent Giudicelli","Vincent Giudicelli",1997-06-25,"Montpellier",NA,NA,183,"Hooker"
"Q37450604","Keneti Sio",NA,NA,NA,NA,NA,NA,NA
"Q37586526","Josaia Raisuqe","Josaia Raisuqe",1994-07-22,"Naitasiri Province",NA,NA,193,"Winger; Flanker"
"Q37793169","Thierry Maset","Thierry Maset",1962-10-28,"Carmaux",NA,NA,NA,"Flanker"
"Q38089690","Denis Coulson","Denis Coulson",1994-06-15,"Dublin",NA,NA,185,"Loosehead Prop"
"Q38094908","Andrew Brace",NA,NA,NA,NA,NA,NA,NA
"Q38190133","Corey Domachowski","Corey Domachowski",1996-09-19,"Church Village",NA,NA,183,"Loosehead Prop"
"Q38190147","Keiron Assiratti","Keiron Assiratti",1997-06-30,"Pontypridd",NA,NA,178,"Tighthead Prop"
"Q38276598","Shogo Nakano","Shogo Nakano中野将伍",1997-06-11,"Kitakyushu",NA,NA,186,"Centre; Winger"
"Q38458403","Hugo Keenan","Hugo Keenan",1996-06-18,"Dublin",NA,NA,185,"Winger; Fullback"
"Q39072715","Florian Verhaeghe","Florian Verhaeghe",1997-04-27,"Saint-Pol-sur-Mer",NA,NA,202,"2nd Row"
"Q39072726","Selevasio Tolofua","Selevasio Tolofua",1997-05-31,"Saint-Laurent-du-Var",NA,NA,186,"Number 8; Flanker"
"Q39072778","Étienne Falgoux","Étienne Falgoux",1993-01-19,"Issoire",NA,NA,182,"Loosehead Prop"
"Q39072880","Alban Placines","Alban Placines",1993-04-23,"Biarritz",NA,NA,189,"Flanker"
"Q39072886","Jean Sousa","Jean Sousa",1990-07-11,NA,NA,NA,197,"Flanker; 2nd Row"
"Q39072887","Alex Arrate","Alex Arrate",1997-06-24,"Bordeaux",NA,NA,180,"Centre"
"Q39072888","Alexandre Roumat","Alexandre Roumat",1997-06-27,"Dax; Landes",NA,NA,198,"Flanker; Number 8"
"Q39072904","Luix Roussarie","Luix Roussarie",1991-01-15,"Biarritz",NA,NA,180,"Scrum-Half"
"Q39072906","Clément Castets","Clément Castets",1996-05-05,"Toulouse",NA,NA,181,"Loosehead Prop"
"Q39072972","Tim Giresse","Tim Giresse",1993-09-07,NA,NA,NA,180,"Winger"
"Q39072973","Geoffrey Sella","Geoffrey Sella",1992-12-14,"Agen",NA,NA,180,"Centre"
"Q39383976","Max Deegan","Max Deegan",1996-10-01,"Dublin",NA,NA,193,"Number 8; Flanker"
"Q39487006","Braydon Ennor","Braydon Ennor",1997-07-16,"Auckland",NA,NA,187,"Centre; Winger"
"Q39757739","Paul Gabrillagues","Paul Gabrillagues",1993-06-03,"Paris",NA,NA,198,"2nd Row"
"Q39970334","Pita Gus Sowakula","Pita Gus Sowakula",1994-10-26,"Lautoka",NA,NA,195,"Number 8; Flanker; 2nd Row"
"Q40252278","Mohamed Haouas","Mohamed  Haouas",1994-03-09,"Le Havre",NA,NA,185,"Tighthead Prop"
"Q41391156","Scott Keith","Scott Keith",1967-08-20,"New Zealand",NA,NA,193,"3rd Row"
"Q41478535","Nadir Megdoud","Nadir Megdoud",1997-03-26,"Vitry-sur-Seine",NA,NA,181,"Winger; Centre"
"Q41478955","Sikeli Nabou","Sikeli Nabou",1988-03-05,NA,NA,NA,196,"2nd Row; Flanker"
"Q41505349","Pierre Arnaudin","Pierre Arnaudin",1896-06-13,"Saint-Christoly-de-Blaye",1982-12-14,"Saillans; Gironde",173,"Flanker"
"Q41622842","Luka Azariashvili","Luka Azariashvili",1999-11-30,"Tbilisi",NA,NA,185,"Prop"
"Q41658676","Thomas Darmon","Thomas Darmon",1998-05-12,"Sète",NA,NA,181,"Centre"
"Q41701601","Alex Lewington","Alex Lewington",1991-09-20,"Nottingham",NA,NA,189,"Winger; Fullback"
"Q41702362","Will Collier","Will Collier",1991-05-05,"London",NA,NA,184,"Tighthead Prop"
"Q41773304","Gabriel N'Gandebe","Gabriel N'Gandebe",1997-03-30,"Douala",NA,NA,173,"Winger"
"Q41794215","Luca Bigi","Luca Bigi",1991-04-19,"Reggio Emilia",NA,NA,182,NA
"Q41794373","Dean Budd","Dean Budd",1986-07-31,"Whangārei",NA,NA,198,"2nd Row; Flanker"
"Q41794378","Federico Zani","Federico Zani",1989-04-09,"Parma",NA,NA,180,"Prop; Hooker"
"Q41794539","Nicola Quaglio","Nicola Quaglio",1991-03-09,"Rovigo",NA,NA,185,"Prop"
"Q41798800","Eduardo Bello","Eduardo Bello",1995-11-27,"Córdoba; Argentina",NA,NA,191,"Tighthead Prop"
"Q41798835","Elia Elia","Elia Elia",1996-01-22,"Christchurch",NA,NA,183,"Hooker"
"Q41802373","WillGriff John","WillGriff John",1992-12-04,"Plymouth",NA,NA,187,"Tighthead Prop"
"Q41898910","Ilia Kaikatsishvili","Ilia Kaikatsishvili",1993-02-19,"Kobuleti",NA,NA,180,"Prop"
"Q42039227","Dino Waldren","Dino Waldren",1991-07-11,"Crockett; California",NA,NA,183,"Prop"
"Q42102067","Folau Fainga'a","Folau Fainga'a",1995-05-05,"Sydney",NA,NA,178,"Hooker"
"Q42308296","Asafo Aumua","Asafo Aumua",1997-05-05,"Lower Hutt",NA,NA,177,"Hooker"
"Q42410519","Liam Wright","Liam Wright",1997-11-06,"Durban",NA,NA,192,"Flanker"
"Q42553609","Rudy Rezkallah","Rudy Rezkallah",1993-08-28,NA,NA,NA,180,"Prop"
"Q42665758","Jake Cooper-Woolley","Jake Cooper-Woolley",1989-11-18,"Redhill; Surrey",NA,NA,190,"Prop"
"Q42792640","Toki Pilioko","Toki Pilioko",1995-10-01,"Nouméa",NA,NA,183,"Prop"
"Q42889381","Sam Simmonds","Sam Simmonds",1994-11-10,"Torquay",NA,NA,184,"Flanker; Number 8"
"Q42897692","Luke Crosbie","Luke Crosbie",1997-04-22,"Livingston; West Lothian",NA,NA,193,"Flanker; Number 8"
"Q42950276","Allen Stoneham","Allen Stoneham",1856-01-01,NA,1927-04-12,NA,NA,NA
"Q43067567","Matteo Minozzi","Matteo Minozzi",1996-06-04,"Padua",NA,NA,175,"Fullback; Winger"
"Q43067575","Giovanni Licata","Giovanni Licata",1997-02-18,"Agrigento",NA,NA,191,"Flanker"
"Q43078608","Joe Ravouvou","Joe Ravouvou",1990-03-21,"Mavua",NA,NA,190,"Winger; Centre"
"Q43260418","Chris Harris","Chris Harris",1990-12-28,"Carlisle",NA,NA,188,"Centre"
"Q43353666","Alexandre Lagarde","Alexandre Lagarde",1996-07-31,NA,NA,NA,181,"Winger; Fullback"
"Q43375134","Yohan Le Bourhis","Yohan Le Bourhis",1994-03-14,"La Rochelle",NA,NA,180,"Fly-Half"
"Q43734291","Lilian Saseras","Lilian Saseras",1994-06-27,"Lyon",NA,NA,NA,"Scrum-Half"
"Q43737711","Bastien Guillemin","Bastien Guillemin",1997-09-22,"Marseille",NA,NA,185,"Fullback; Winger"
"Q43797252","Renato Giammarioli","Renato Giammarioli",1995-03-23,"Marino; Lazio",NA,NA,185,"Number 8"
"Q43847981","Owen Lane","Owen Lane",1997-12-20,"Cardiff",NA,NA,183,"Winger; Centre"
"Q44042503","Brandon Paenga-Amosa","Brandon Paenga-Amosa",1995-12-25,"Auckland",NA,NA,183,"Hooker"
"Q44074002","Reece Hewat","Reece Hewat",1997-09-25,"Johannesburg",NA,NA,191,"3rd Row"
"Q44075289","Tate McDermott","Tate McDermott",1998-09-18,"Bundaberg",NA,NA,179,"Scrum-Half"
"Q44075312","Caleb Timu","Caleb Timu",1994-02-22,"Auckland",NA,NA,190,"Number 8; Flanker"
"Q44075963","Filipo Daugunu","Filipo Daugunu",1995-03-04,"Labasa",NA,NA,175,"Winger; Centre"
"Q44155490","Eme Patrice Peki","Eme Patrice Peki",1995-10-19,"Moscow",NA,NA,188,"3rd Row"
"Q44155541","Victor Arhip","Victor Arhip",1990-02-24,"Chișinău",NA,NA,193,"2nd Row; 3rd Row; Centre"
"Q44155566","Oleg Prepeliţă","Oleg Prepeliţă",1983-07-19,"Chișinău",NA,NA,192,"3rd Row"
"Q44155668","Andrei Mahu","Andrei Mahu",1991-09-03,"Glodeni",NA,NA,204,"2nd Row"
"Q44155755","Azamat Bitiev","Azamat Bitiev",1989-09-12,"Vladikavkaz",NA,NA,182,"Prop"
"Q44155817","Aleksandr Budychenko","Alexandre Boudytchenko",1997-09-09,"Krasnoyarsk",NA,NA,175,"Fly-Half; Fullback"
"Q44268866","Darcy Swain","Darcy Swain",1997-07-05,"Babinda",NA,NA,200,"2nd Row"
"Q44380656","Hunter Paisami","Hunter Paisami",1998-04-10,"Savaiʻi",NA,NA,172,"Centre"
"Q44380665","Trevor Hosea","Trevor Hosea",1999-11-24,"Melbourne",NA,NA,202,"2nd Row"
"Q44701283","Asaeli Ai Valu","Asaeli Ai Valu",1989-05-07,"Tongatapu",NA,NA,185,"Tighthead Prop"
"Q44737261","Issam Hamel","Issam Hamel",1997-06-18,"Lyon",NA,NA,183,"Hooker"
"Q44737891","Rémi Cardon","Rémi Cardon",1991-01-30,NA,NA,NA,188,"3rd Row"
"Q44738068","Matthieu Jalibert","Matthieu Jalibert",1998-11-06,"Saint-Germain-en-Laye",NA,NA,181,"Fly-Half; Fullback"
"Q44738136","Emerick Setiano","Emerick Setiano",1996-07-19,"Angers",NA,NA,183,"Tighthead Prop"
"Q44738208","Dany Priso","Dany Priso Mouangue",1994-01-02,"Loum; Cameroon",NA,NA,180,"Loosehead Prop"
"Q44738218","Sekou Macalou","Sekou Macalou",1995-04-20,"Sarcelles",NA,NA,195,"Flanker; Number 8; Winger"
"Q44738632","Joe Vakacegu","Joe Vakacegu",1988-10-28,NA,NA,NA,191,"Centre"
"Q44738728","Sadek Deghmache","Sadek Deghmache",1995-10-05,"Céret",NA,NA,176,"Scrum-Half"
"Q44738813","Brieuc Plessis","Brieuc Plessis",1994-03-19,"Paris",NA,NA,180,"Centre"
"Q45254240","Dalton Papali'i","Dalton Papali'i",1997-10-11,"Auckland",NA,NA,193,"Flanker"
"Q45293551","Jonathan Ruru","Jonathan Ruru",1993-02-02,"Napier; New Zealand",NA,NA,183,"Scrum-Half"
"Q45313830","Aidan Ross","Aidan Ross",1995-10-25,"Sydney",NA,NA,189,"Prop"
"Q45313883","Samisoni Taukei'aho","Samisoni Taukei'aho",1997-08-08,"Tongatapu",NA,NA,183,"Hooker"
"Q45313885","Luke Jacobson","Luke Jacobson",1997-04-20,"Te Awamutu",NA,NA,191,"Flanker; Number 8"
"Q45313938","Levi Aumua","Levi Aumua",1994-10-09,"Auckland",NA,NA,185,"Centre; Winger"
"Q45313990","Jonathan Taumateine","Jonathan Taumateine",1996-09-28,"Auckland",NA,NA,178,"Scrum-Half"
"Q45314243","Ethan Blackadder","Ethan Blackadder",1995-03-22,"Rangiora",NA,NA,192,"Flanker; Number 8"
"Q45342407","Dillon Hunt","Dillon Hunt",1995-02-23,"Takapuna",NA,NA,188,"Flanker"
"Q45342657","Josh Ioane","Josh Ioane",1995-07-11,"Auckland",NA,NA,176,"Fly-Half; Centre; Fullback"
"Q45342943","Shannon Frizell","Shannon Frizell",1994-02-11,"Tongatapu",NA,NA,195,"Flanker; Number 8; 2nd Row"
"Q46351155","Darcy Graham","Darcy Graham",1997-06-21,"Hawick",NA,NA,176,"Winger; Fullback"
"Q46867717","Sébastien Piqueronies","Sébastien Piqueronies",1978-07-14,"Aurillac",NA,NA,NA,"Centre"
"Q46964605","Pablo Huete","Pablo Huete",1989-01-11,"Santiago",NA,NA,199,"2nd Row"
"Q46967660","Eliott Roudil","Eliott Roudil",1996-10-30,"Nantes",NA,NA,184,"Centre; Winger"
"Q46993951","Julien Jané","Julien Jané",1989-09-12,NA,NA,NA,187,"Winger"
"Q46996224","Gary Graham","Gary Graham",1992-08-29,"Stirling",NA,NA,188,"Flanker; Number 8"
"Q46998309","D'Angelo Leuila","D'Angelo Leuila",1997-01-18,NA,NA,NA,175,"Fly-Half; Fullback; Centre"
"Q47004825","Jeremy Loughman","Jeremy Loughman",1995-07-22,"Reno; Nevada",NA,NA,185,"Prop"
"Q47006840","Sanaila Waqa","Sanaila Waqa",1995-07-17,"Suva",NA,NA,202,"2nd Row"
"Q47034698","Sebastián Cancelliere","Sebastián Cancelliere",1993-09-17,"San Jose; California",NA,NA,185,"Winger; Scrum-Half"
"Q47034700","Joaquín Díaz Bonilla","Joaquín Díaz Bonilla",1989-04-12,"Buenos Aires",NA,NA,178,"Fly-Half"
"Q47034760","Rodrigo Bruni","Rodrigo Bruni",1993-09-03,"Tandil",NA,NA,185,"Number 8; Flanker"
"Q47034777","Bautista Delguy","Bautista Delguy",1997-04-22,"Remedios de Escalada",NA,NA,183,"Winger; Fullback"
"Q47034778","Juan Pablo Zeiss","Juan Pablo Zeiss",1989-08-02,"Bariloche",NA,NA,185,"Prop"
"Q47035437","Jordan Larmour","Jordan Larmour",1997-06-10,"Dublin",NA,NA,178,"Fullback; Winger"
"Q47144555","Hosea Saumaki","Hosea Saumaki",1992-05-10,"Nukuʻalofa",NA,NA,190,"Winger"
"Q47217520","Samuel Cherouk","Samuel Cherouk",1976-06-05,NA,NA,NA,NA,"Flanker"
"Q47251483","Samuel Ezeala","Samuel Ezeala",1999-12-11,"Barcelona",NA,NA,187,"Winger; Centre"
"Q47390306","Mack Hansen","Mack Hansen",1998-03-27,"Canberra",NA,NA,188,"Winger; Fullback"
"Q47453374","Valery Morozov","Valeri Morozov",1994-09-21,"Moscow",NA,NA,190,"Prop"
"Q47453419","Vladislav Sozonov","Vladislav Sozonov",1993-10-09,"Kyiv",NA,NA,179,"Winger"
"Q47453427","German Davydov","German Davydov",1994-03-10,"Kazan",NA,NA,187,"Winger"
"Q47456232","Manuel Leindekar","Manuel Leindekar",1997-04-23,"Montevideo",NA,NA,202,"2nd Row"
"Q47468702","Alexandre Pilati","Alexandre Pilati",1996-01-24,"Bordeaux",NA,NA,178,"Fullback; Winger"
"Q47477040","Levi Douglas","Levi Douglas",1995-09-01,"Greenwich",NA,NA,196,"2nd Row"
"Q47482450","Alexi Balès","Alexi Balès",1990-05-30,"Fumel",NA,NA,174,"Scrum-Half"
"Q47484014","Hendré Stassen","Hendré Stassen",1997-12-29,"Boksburg",NA,NA,200,"2nd Row; Flanker"
"Q47488393","Cedate Gomes Sa","Cedate Gomes Sa",1993-08-07,"Canchungo",NA,NA,185,"Prop"
"Q47489113","Alec Hepburn","Alec Hepburn",1993-03-30,"Perth",NA,NA,185,"Loosehead Prop"
"Q47490703","Aaron Wainwright","Aaron Wainwright",1997-09-25,"Newport; Wales",NA,NA,188,"Flanker; Number 8"
"Q47511405","René Cavally",NA,1870-02-13,"9th arrondissement of Paris",1946-03-22,"Saint-Maur-des-Fossés",NA,NA
"Q47526576","Adrien Pélissié","Adrien Pélissié",1990-08-07,"Septfonds",NA,NA,180,"Hooker"
"Q47528441","Hacjivah Dayimani","Hacjivah Dayimani",1997-09-23,"Cape Town",NA,NA,188,"Number 8; Flanker"
"Q47528471","Aphiwe Dyantyi","Aphiwe Dyantyi",1994-08-26,"East London; South Africa",NA,NA,182,"Winger; Centre"
"Q47538622","Seilala Lam","Seilala Lam",1989-02-18,"Hamilton; New Zealand",NA,NA,183,"Hooker; Flanker"
"Q47581016","Nicolas Kraska","Nicolas Kraska",1989-06-17,NA,NA,NA,177,"Winger; Centre"
"Q47843689","Gustave Duchamps",NA,1871-12-19,"Brussels metropolitan area",NA,NA,NA,NA
"Q48193407","Juarno Augustus","Juarno Augustus",1997-12-09,"Alexander Bay; South Africa",NA,NA,185,"Number 8"
"Q48193436","Teti Tela","Teti Tela",1991-03-07,"Levuka",NA,NA,176,"Fly-Half; Centre; Fullback"
"Q48249423","Simon Garrouteigt","Simon Garrouteigt",1996-05-07,"Dax; Landes",NA,NA,173,"Scrum-Half"
"Q48308192","Gaëtan Robert","Gaëtan Robert",1997-07-13,"Dax; Landes",NA,NA,180,"Fly-Half"
"Q48471804","Etene Nanai-Seturo","Etene Nanai-Seturo",1999-08-20,"Auckland",NA,NA,186,"Winger; Fullback"
"Q48472477","Ben Landry","Ben Landry",1991-03-26,"Pewaukee; Wisconsin",NA,NA,198,"2nd Row; 3rd Row"
"Q48639077","Mathieu Babillot","Mathieu Babillot",1993-09-09,"Chartres",NA,NA,190,"Flanker"
"Q48689154","Harry Johnson-Holmes","Harry Johnson-Holmes",1997-03-02,"Cowra",NA,NA,186,"Prop"
"Q48689292","Irae Simone","Irae Simone",1995-07-10,"Auckland",NA,NA,193,"Centre"
"Q48689293","Lachlan Swinton","Lachlan Swinton",1997-01-16,"Sydney",NA,NA,195,"Flanker; 2nd Row"
"Q48752374","Thierry Fournier","Thierry Fournier",1959-10-08,"Algiers",NA,NA,NA,NA
"Q48759061","Charles Robert",NA,1877-03-26,"Bordeaux",NA,NA,NA,"Fullback"
"Q48759436","Jean-Philippe Cassan","Jean-Philippe Cassan",1989-02-27,"Aurillac",NA,NA,177,"Centre"
"Q48761091","Patrice Péron","Patrice Péron",1949-06-20,"Colombes",NA,NA,183,"Flanker"
"Q48761097","Gérard Rousset","Gérard Rousset",1953-01-31,"Bourg-lès-Valence",NA,NA,192,"Flanker"
"Q48761710","Michael Bond","Michael Bond",1987-01-27,NA,NA,NA,179,"Centre"
"Q48762243","Jack Cornelsen","Jack Cornelsen",1994-10-13,"Gold Coast; Queensland",NA,NA,195,"2nd Row; Flanker; Number 8"
"Q48762375","Amanaki Saumaki","Amanaki Saumaki",1997-03-08,NA,NA,NA,191,"2nd Row; Flanker; Number 8"
"Q48763255","Malietoa Hingano","Malietoa Hingano",1992-01-27,"Manly; New South Wales",NA,NA,184,"Centre; Winger"
"Q48778144","John Welch","John Welch",1947-08-26,"Llanelli",NA,NA,170,"Scrum-Half"
"Q48789074","Marco Riccioni","Marco Riccioni",1997-10-19,"Teramo",NA,NA,183,"Tighthead Prop"
"Q48792294","Will Jordan","Will Jordan",1998-02-24,"Christchurch",NA,NA,188,"Fullback; Winger"
"Q48803865","Caleb Clarke","Caleb Clarke",1999-03-29,"Auckland",NA,NA,189,"Winger"
"Q48804099","Josh McKay","Josh McKay",1997-10-10,"Christchurch",NA,NA,184,"Fullback; Winger"
"Q48815536","James Moore","James Moore",1993-06-11,"Brisbane",NA,NA,195,"2nd Row; Flanker"
"Q49150651","Anthony Bouthier","Anthony Bouthier",1992-06-19,"Pouillon; Landes",NA,NA,182,"Fullback; Fly-Half"
"Q49497821","Jean-Claude Lafon","Jean-Claude Lafon",1942-10-02,"Arcachon",NA,NA,175,"Fly-Half; Centre; Fullback"
"Q49780208","Carlü Sadie","Carlü Sadie",1997-05-07,"Bellville; South Africa",NA,NA,182,"Prop"
"Q49789738","Sama Malolo","Sama Malolo",1998-02-19,"Mount Wellington; New Zealand",NA,NA,183,"Hooker; Number 8; Flanker"
"Q49988437","Cameron Stones","Cameron Stones",1992-01-05,NA,NA,NA,191,NA
"Q50030127","Florian Vialelle","Florian Vialelle",1993-10-05,"Castres",NA,NA,185,"Centre; Winger"
"Q50124849","Callum Chick","Callum Chick",1996-11-25,"Newcastle upon Tyne",NA,NA,192,"Number 8"
"Q50136223","Jérôme Bosviel","Jérôme Bosviel",1990-04-07,NA,NA,NA,185,"Fullback; Fly-Half"
"Q50202967","Hanco Germishuys","Hanco Germishuys",1996-08-24,"Kimberley; Northern Cape",NA,NA,188,"Flanker; Number 8"
"Q50214295","Marco van Staden","Marco van Staden",1995-08-25,"Krugersdorp",NA,NA,184,"Flanker"
"Q50220611","Pone Fa’amuasili","Pone Fa'amausili",1997-02-26,"Melbourne",NA,NA,196,"Prop"
"Q50285530","Kalivati Tawake","Kalivati Tawake",1988-11-16,NA,NA,NA,182,"Prop"
"Q50364699","Dimitri Vaotoa","Dimitri Vaotoa",1989-05-17,"Nouméa",NA,NA,190,"Number 8"
"Q50364705","Pierre Bourgarit","Pierre Bourgarit",1997-09-12,"Gimont",NA,NA,184,"Hooker"
"Q50364785","Théo Dachary","Théo Dachary",1997-03-26,"Mont-de-Marsan",NA,NA,184,"Centre"
"Q50365652","Grant Williams","Grant Williams",1996-07-22,"Paarl",NA,NA,174,"Scrum-Half; Winger"
"Q50394056","Will Rowlands","Will Rowlands",1991-09-19,"Hammersmith",NA,NA,202,"2nd Row"
"Q50506058","Joe Simmonds","Joe Simmonds",1996-12-19,"Torquay",NA,NA,183,"Fly-Half"
"Q50567755","Salmaan Moerat","Salmaan Moerat",1998-03-06,"Paarl",NA,NA,200,"2nd Row"
"Q50630459","Jules Gimbert","Jules Gimbert",1998-03-02,"Bordeaux",NA,NA,170,"Scrum-Half"
"Q50875012","Jordan Lay","Jordan Lay",1992-11-05,"Apia",NA,NA,184,"Prop"
"Q50894788","Brian Tuilagi","Brian Tuilagi",1994-03-16,"Apia",NA,NA,191,"Flanker"
"Q51078800","Pierre Huguet","Pierre Huguet",1995-11-05,"Châtellerault",NA,NA,194,"Flanker"
"Q51128814","Karl Tu’inukuafe","Karl Tuʻinukuafe",1993-02-21,"Auckland",NA,NA,182,"Prop"
"Q51129066","Brett Cameron","Brett Cameron",1996-10-04,"Whanganui",NA,NA,171,"Fly-Half"
"Q51159679","Boris Palu","Boris Palu",1996-02-04,"Toulouse",NA,NA,193,"Flanker; 2nd Row"
"Q51275869","André Bester","André Bester",1965-10-26,NA,NA,NA,NA,"Hooker"
"Q51448373","Marino Mikaele-Tu’u","Marino Mikaele-Tu'u",1997-06-11,"Miramar; New Zealand",NA,NA,191,"Number 8; Flanker"
"Q51485768","Bernard Lavigne","Bernard Lavigne",1894-03-27,"Lévignacq",1926-06-01,"Lévignacq",170,"Centre"
"Q51594292","Victor Delmas","Victor Delmas",1991-05-31,NA,NA,NA,189,"Prop"
"Q51624644","Jordan Petaia","Jordan Petaia",2000-03-14,"Werribee; Victoria",NA,NA,190,"Winger; Centre; Fullback"
"Q51835421","Ryan Oosthuizen","Ryan Oosthuizen",1995-05-22,NA,NA,NA,NA,"Centre"
"Q51925631","Isaac Miller","Isaac Miller",1994-06-21,"Edinburgh",NA,NA,178,"Hooker"
"Q52084831","James Ratti","James Ratti",1997-10-14,"Swansea",NA,NA,193,"2nd Row; Number 8; Flanker"
"Q52084834","Dewi Lake","Dewi Lake",1999-05-16,"Bridgend",NA,NA,185,"Hooker"
"Q52106763","Nate Brakeley","Nate Brakeley",1989-08-31,"Marblehead; Massachusetts",NA,NA,198,"2nd Row; 3rd Row"
"Q52106765","Dylan Fawsitt","Dylan Fawsitt",1990-07-24,"Wexford",NA,NA,183,"Hooker"
"Q52145503","Tumua Manu","Tumua Manu",1993-04-18,"Apia",NA,NA,183,"Centre; Winger"
"Q52145620","AJ Alatimu","AJ Alatimu",1993-03-25,"Apia",NA,NA,173,"Fly-Half; Centre"
"Q52324417","Cameron Woki","Cameron Woki",1998-11-07,"Saint-Denis; Seine-Saint-Denis",NA,NA,196,"Flanker; 2nd Row"
"Q52324886","Iban Etcheverry","Iban Etcheverry",1998-10-23,"Bayonne",NA,NA,178,"Winger; Fullback"
"Q52637787","Malon Al-Jiboori","Malon Al-Jiboori",1997-09-04,"Tulsa; Oklahoma",NA,NA,188,"3rd Row"
"Q52663654","Santiago Medrano","Santiago Medrano",1996-05-06,"Bella Vista",NA,NA,185,"Prop"
"Q52673451","Josh Bayliss","Josh Bayliss",1997-09-18,"Tiverton; Devon",NA,NA,192,"Flanker; Number 8"
"Q52675654","Terrence Hepetema","Terrence Hepetema",1992-01-03,"England",NA,NA,183,"Centre"
"Q52697015","Louis Carbonel","Louis Carbonel",1999-02-04,"Toulon",NA,NA,180,"Fly-Half"
"Q53010140","Lasha Macharashvili","Lasha Macharashvili",1998-11-13,"Dedoplistsqaro",NA,NA,183,"Tighthead Prop"
"Q53010147","Luka Japaridze","Luka Japaridze",1998-09-06,"Mestia",NA,NA,181,"Tighthead Prop"
"Q53010938","Beka Saghinadze","Beka Saghinadze",1998-10-29,"Bolnisi",NA,NA,191,"3rd Row"
"Q53096939","Sandro Svanidze","Sandro Svanidze",1998-10-27,"Kutaisi",NA,NA,192,"Centre; Winger"
"Q53097451","Demur Tapladze","Demur Tapladze",2000-03-18,"Kutaisi",NA,NA,191,"Centre; Winger"
"Q53211155","Tima Fainga'anuku","Tima Fainga'anuku",1997-04-26,"Nukuʻalofa",NA,NA,188,"Winger"
"Q53212908","Siaosi Mahoni","Siaosi Mahoni",1997-01-29,"East Palo Alto; California",NA,NA,202,"2nd Row"
"Q53567679","Eroni Sau","Eroni Sau",1990-02-05,"Yasawa",NA,NA,185,"Winger"
"Q53673514","Giorgi Kharaishvili","Gia Kharaishvili",1999-02-13,"Khashuri",NA,NA,180,"Prop"
"Q53844732","Gheorghe Gajion","Gheorghe Gajion",1992-11-13,"Chișinău",NA,NA,190,"Prop"
"Q53844819","Lesley Klim","Lesley Klim",1995-01-16,"Keetmanshoop",NA,NA,187,"Winger; Centre"
"Q53871261","Cameron Redpath","Cameron Redpath",1999-12-23,"Narbonne",NA,NA,185,"Centre; Fullback; Fly-Half"
"Q53871272","Ben Earl","Ben Earl",1998-01-07,"Redhill; Surrey",NA,NA,186,"Flanker; Number 8"
"Q54291518","Tornike Jalaghonia","Tornike Jalagonia",1998-12-12,"Tbilisi",NA,NA,188,"Number 8; Flanker"
"Q54358365","Ruben de Haas","Ruben de Haas",1998-10-09,"George; South Africa",NA,NA,183,"Scrum-Half"
"Q54366169","Mikheil Alania","Mikheil Alania",2000-11-19,"Tbilisi",NA,NA,177,"Scrum-Half"
"Q54861310","Taine Basham","Taine Basham",1999-11-02,"Newport; Wales",NA,NA,183,"Flanker; Number 8"
"Q54867703","Kenta Fukuda","Kenta Fukuda福田 健太",1996-12-19,"Misato; Saitama (city)",NA,NA,173,"Scrum-Half"
"Q54869096","Alexandre Lacaze","Alexandre Lacaze",1989-07-24,NA,NA,NA,185,"Centre; Fly-Half"
"Q54887000","Tristan Labouteley","Tristan Labouteley",1995-04-12,"Mont-Saint-Martin; Meurthe-et-Moselle",NA,NA,202,"2nd Row"
"Q54995092","Leva Fifita","Leva Fifita",1989-07-29,"Vavaʻu",NA,NA,195,"2nd Row"
"Q55081123","Giosuè Zilocchi","Giosuè Zilocchi",1997-01-15,"Fiorenzuola d'Arda",NA,NA,189,"Tighthead Prop"
"Q55081163","Zack Henry","Zack Henry",1994-10-01,"Brighton",NA,NA,182,"Fly-Half; Fullback"
"Q55081253","Arthur Coville","Arthur Coville",1998-02-04,"Versailles; Yvelines",NA,NA,178,"Scrum-Half"
"Q55081476","Cherif Traorè","Cherif Traorè",1994-04-10,"Kindia",NA,NA,182,"Loosehead Prop"
"Q55092450","Jack Singleton","Jack Singleton",1996-05-14,"Dacorum",NA,NA,180,"Hooker"
"Q55092457","Theo Jansen van Rensburg","Theo van Rensburg",1967-08-26,"Carletonville",NA,NA,177,"Fullback; Fly-Half"
"Q55103545","Daniel Brennan","Daniel Brennan",1998-09-23,"Dublin",NA,NA,192,"Prop"
"Q55138411","Giorgi Nutsubidze","Giorgi Nutsubidze",1998-11-11,"Borjomi",NA,NA,178,"Prop"
"Q55214960","Demba Bamba","Demba Bamba",1998-03-17,"Saint-Denis; Seine-Saint-Denis",NA,NA,185,"Tighthead Prop"
"Q55217211","Setariki Tuicuvu","Setariki Tuicuvu",1995-09-07,NA,NA,NA,179,"Fullback; Centre; Winger"
"Q55268057","Thomas Curutchet","Thomas Curutchet",1995-06-26,"Bayonne",NA,NA,177,"Fly-Half; Centre"
"Q55268183","Sylvère Reteau","Sylvère Reteau",1997-11-06,"Dax; Landes",NA,NA,185,"Scrum-Half; Centre"
"Q55314932","Mattieu Bidau","Mattieu Bidau",1996-01-16,"Pessac",NA,NA,202,"2nd Row"
"Q55315081","Benjamin Puntous","Benjamin Puntous",1999-09-17,"Dax; Landes",NA,NA,179,"Centre"
"Q55315111","Théo Gatelier","Théo Gatelier",1998-03-31,"Dax; Landes",NA,NA,179,"Fullback; Winger"
"Q55315310","Yann Tivoli","Yann Tivoli",1992-01-23,"Cannes",NA,NA,195,"2nd Row"
"Q55367929","Alexander Moon","Alexander Moon",1996-09-06,"Ipswich",NA,NA,202,"2nd Row"
"Q55381516","Frédéric Tauzin","Frédéric Tauzin",1972-09-01,NA,NA,NA,181,"Centre"
"Q55424332","Lucas Sotteau","Lucas Sotteau",1993-08-30,NA,NA,NA,186,"Prop"
"Q55530234","Naoto Saito","Naoto Saito齋藤直人",1997-08-26,"Kanagawa Prefecture",NA,NA,165,"Scrum-Half"
"Q55584132","Max Llewellyn","Max Llewellyn",1999-01-13,"Kingston upon Thames",NA,NA,196,"Centre; Winger"
"Q55584143","Kieran Hardy","Kieran Hardy",1995-11-30,"Carmarthen",NA,NA,186,"Scrum-Half"
"Q55584550","Rio Dyer","Rio Dyer",1999-12-21,"Newport; Wales",NA,NA,186,"Winger"
"Q55584710","Herschel Jantjies","Herschel Jantjies",1996-04-22,"Stellenbosch",NA,NA,167,"Scrum-Half"
"Q55585120","Ruan Nortjé","Ruan Nortjé",1998-07-25,"Pretoria",NA,NA,200,"2nd Row; Flanker"
"Q55585247","Sione Havili","Sione Havili Talitui",1998-01-25,"Nukuʻalofa",NA,NA,187,"Flanker; Number 8"
"Q55589659","Jimi Maximin","Jimi Maximin",1999-04-03,"Paris",NA,NA,204,"2nd Row"
"Q55589663","Serge Marsolan","Serge Marsolan",1945-04-22,"Samatan",NA,NA,170,NA
"Q55589665","Gay","Gay",1898-01-01,NA,NA,NA,NA,"Fly-Half"
"Q55589666","Valès","Valès",1899-01-01,NA,NA,NA,NA,"2nd Row"
"Q55589668","Jean-Noël Spitzer","Jean-Noël Spitzer",1974-03-07,NA,NA,NA,NA,"Flanker"
"Q55589672","Enzo Forletta","Enzo Forletta",1994-06-15,"Perpignan",NA,NA,175,"Loosehead Prop"
"Q55589678","Raphaël Carbou","Raphaël Carbou",1992-09-06,"Narbonne",NA,NA,185,"Hooker"
"Q55589680","Alan Brazo","Alan Brazo",1992-05-21,"Ploërmel",NA,NA,192,"Flanker"
"Q55589687","Lucas Bachelier","Lucas Bachelier",1995-03-26,NA,NA,NA,188,"Flanker"
"Q55589688","Romuald Séguy","Romuald Séguy",1996-02-05,"Narbonne",NA,NA,178,"Fly-Half"
"Q55589689","Julien Farnoux","Julien Farnoux",1993-04-24,"Clermont-Ferrand",NA,NA,185,"Fullback; Winger"
"Q55589691","Lucas Tauzin","Lucas Tauzin",1998-05-21,"Mont-de-Marsan",NA,NA,187,"Winger; Centre"
"Q55589692","Berend Botha","Berend Botha",1988-03-11,"Springs; South Africa",NA,NA,196,"2nd Row"
"Q55589693","Shahn Eru","Shahn Eru",1989-09-20,"Hamilton; New Zealand",NA,NA,196,"2nd Row; Flanker"
"Q55590010","Cyril Deligny","Cyril Deligny",1992-06-22,"Castres",NA,NA,181,"Hooker"
"Q55590014","Clément Laporte","Clément Laporte",1998-01-07,"Pessac",NA,NA,180,"Fullback; Winger"
"Q55590015","Arthur Vincent","Arthur Vincent",1999-09-30,"Montpellier",NA,NA,183,"Centre; Winger"
"Q55590016","Pierre-Henri Azagoh","Pierre-Henri Azagoh",1998-07-25,"Nîmes",NA,NA,198,"2nd Row; Flanker"
"Q55590017","Charlie Francoz","Charlie Francoz",1998-06-03,NA,NA,NA,195,"3rd Row; 2nd Row"
"Q55590018","Jordan Joseph","Jordan Joseph",2000-07-31,"Garges-lès-Gonesse",NA,NA,190,"Number 8"
"Q55590019","Yassine Maamry","Yassine Maamry",1993-07-08,NA,NA,NA,198,"2nd Row"
"Q55590020","Killian Geraci","Killian Geraci",1999-03-25,"Grenoble",NA,NA,200,"2nd Row"
"Q55590021","Benoît Lazzarotto","Benoît Lazzarotto",1988-01-21,NA,NA,NA,175,"Winger"
"Q55590022","Maxime Marty","Maxime Marty",1998-02-27,"Toulouse",NA,NA,182,"Winger"
"Q55590023","Antonin Berruyer","Antonin Berruyer",1998-09-08,"Saint-Martin-d'Hères",NA,NA,187,"Flanker; Number 8"
"Q55590024","Gervais Cordin","Gervais Cordin",1998-12-10,"Dijon",NA,NA,172,"Fullback; Winger"
"Q55614796","Jack Willis","Jack Willis",1996-12-24,"Reading; Berkshire",NA,NA,190,"Flanker"
"Q55632419","Sam Skinner","Sam Skinner",1995-01-31,"Exeter",NA,NA,196,"2nd Row; Flanker"
"Q55635992","Tom Wright","Tom Wright",1997-07-21,"Randwick; New South Wales",NA,NA,186,"Winger; Centre; Fullback"
"Q55705915","Iges Lapé","Iges Lapé",1996-09-06,NA,NA,NA,181,"Prop"
"Q55755223","Bastien Berenguel","Bastien Berenguel",1994-01-18,NA,NA,NA,192,"Flanker"
"Q55760077","Max Katjijeko","Max Katjijeko",1995-04-08,"Windhoek",NA,NA,195,"2nd Row; 3rd Row"
"Q55760089","TC Kisting","Helarius Kisting",1994-01-13,"Mariental; Namibia",NA,NA,175,"Scrum-Half"
"Q55760202","Cliven Loubser","Cliven Loubser",1997-02-24,"Rehoboth; Namibia",NA,NA,176,"Fly-Half; Fullback"
"Q56051808","Louis Fajfrowski","Louis Fajfrowski",1996-12-06,"Abidjan",2018-08-10,"Aurillac",183,"Winger"
"Q56154436","Ratu Naisa Narukutabua","Ratu Naisa Narukutabua",1982-03-11,"Fiji",NA,NA,185,"Centre; Winger"
"Q56164015","Mihai Wusek","Mihai Wusek",1938-09-21,"Bucharest",2008-10-23,"Lucé; Eure-et-Loir",170,"Centre; Fullback"
"Q56164637","George Tilsley","George Tilsley",1992-02-27,NA,NA,NA,196,"Winger; Centre; Fullback"
"Q56223230","Pieter Jansen van Vuren","Pieter Jansen van Vuren",1991-04-02,"Pretoria",NA,NA,194,"2nd Row"
"Q56223240","Kyle Steyn","Kyle Steyn",1994-01-29,"Johannesburg",NA,NA,183,"Winger; Centre"
"Q56232526","Filipo Nakosi","Filipo Nakosi",1992-04-08,"Votua",NA,NA,183,"Winger; Fullback"
"Q56248386","Jimmy O'Brien","Jimmy O'Brien",1996-11-27,"Eadestown",NA,NA,183,"Fullback; Winger; Centre"
"Q56250251","Wandisile Simelane","Wandisile Simelane",1998-03-21,"Soweto",NA,NA,179,"Centre; Winger; Fullback"
"Q56250280","Tyrone Green","Tyrone Green",1998-03-05,"Klerksdorp",NA,NA,179,"Fullback; Winger"
"Q56250282","Vincent Tshituka","Vincent Tshituka",1998-09-10,NA,NA,NA,195,"Flanker"
"Q56254238","Matthew Rea","Matty Rea",1993-09-21,"Ballymena",NA,NA,193,"Flanker"
"Q56255401","Aphelele Fassi","Aphelele Fassi",1998-01-23,"Qonce",NA,NA,189,"Fullback; Winger"
"Q56309565","Pierre Boudehent","Pierre Boudehent",1998-02-06,NA,NA,NA,196,"Centre; Winger"
"Q56309591","Tavite Veredamu","Tavite Veredamu",1989-09-01,NA,NA,NA,188,"Winger"
"Q56311452","Tudor Stroe","Tudor Stroe",1993-09-06,"Auch",NA,NA,185,"Loosehead Prop"
"Q56311829","Eugeniu Stefan","Eugeniu Ștefan",1953-06-15,"Slatina; Romania",NA,NA,185,"Prop"
"Q56312468","Gilles Galvin","Gilles Galvin",1969-02-24,"Tulle",NA,NA,187,"Flanker"
"Q56372595","Charles Bouldoire","Charles Bouldoire",1993-06-08,NA,NA,NA,184,"Fullback; Centre"
"Q56410339","Camille Bonnet","Camille Bonnet",1918-08-31,"Loubédat",2020-11-17,"Valence; Drôme",170,"Centre; Fly-Half; Fullback"
"Q56434164","Sione Vailanu","Sione Vailanu",1995-01-27,"Tongatapu",NA,NA,185,"Number 8"
"Q56434188","Gavin Coombes","Gavin Coombes",1997-12-11,"Skibbereen",NA,NA,198,"Number 8; Flanker; 2nd Row"
"Q56486294","Max Malins","Max Malins",1997-01-07,"Cambridge",NA,NA,181,"Winger; Fullback; Fly-Half"
"Q56543993","Nemani Nagusa","Nemani Nagusa",1988-07-21,"Nadi",NA,NA,188,"Number 8; Flanker"
"Q56543999","Pedro Bettencourt","Pedro Bettencourt",1994-11-18,"Porto",NA,NA,187,"Centre; Winger; Fullback"
"Q56544008","Farai Mudariki","Farai Mudariki",1995-02-13,"Harare",NA,NA,184,"Prop"
"Q56561658","Michael Faleafa","Michael Faleafa",1992-02-03,"Auckland",NA,NA,189,"Number 8; Flanker"
"Q56583968","Étienne Loiret","Étienne Loiret",1996-06-30,"Canberra",NA,NA,200,"2nd Row"
"Q56584898","Luigi Dias","Luigi Dias",1998-02-14,"Dax; Landes",NA,NA,189,"Number 8"
"Q56585711","Tim Jaubert","Tim Jaubert",1992-12-17,NA,NA,NA,184,"Winger"
"Q56599237","Brice Ferrer","Brice Ferrer",1994-04-12,NA,NA,NA,192,"Flanker; Number 8"
"Q56599249","Hugo Cerisier","Hugo Cerisier",1998-07-08,NA,NA,NA,184,"Fly-Half; Fullback"
"Q56641621","Rhys Carré","Rhys Carré",1998-02-08,"Cardiff",NA,NA,191,"Loosehead Prop"
"Q56651214","Monty Ioane","Monty Ioane",1994-10-30,"Melbourne",NA,NA,180,"Winger"
"Q56678393","Joe Heyes","Joe Heyes",1999-04-13,"Nottingham",NA,NA,191,"Tighthead Prop"
"Q56690588","Diarmuid Barron","Diarmuid Barron",1998-08-06,"Cashel; County Tipperary",NA,NA,183,"Hooker"
"Q56810144","Ray Niuia","Ray Niuia",1991-06-19,"Ōtāhuhu",NA,NA,176,"Hooker"
"Q57017815","Billy Searle","Billy Searle",1996-03-25,"Exeter",NA,NA,178,"Fly-Half"
"Q57242321","Leicester Fainga'anuku","Leicester Fainga'anuku",1999-10-11,"Nukuʻalofa",NA,NA,188,"Winger; Centre"
"Q57585126","Len Ikitau","Len Ikitau",1998-10-01,"Brisbane",NA,NA,180,"Centre"
"Q57585129","Noah Lolesio","Noah Lolesio",1999-12-18,"Auckland",NA,NA,180,"Fly-Half; Centre"
"Q57585253","Julien Hériteau","Julien Hériteau",1994-09-12,"Auch",NA,NA,184,"Centre"
"Q57586301","Cai Evans","Cai Evans",1999-06-23,"Penarth",NA,NA,185,"Fly-Half; Fullback"
"Q57586448","Caelan Doris","Caelan Doris",1998-04-02,"Ballina; County Mayo",NA,NA,193,"Number 8"
"Q57586463","Will Connors","Will Connors",1996-04-04,"Donadea",NA,NA,195,"Flanker"
"Q57586493","Ciarán Frawley","Ciarán Frawley",1997-12-04,"Sydney",NA,NA,191,"Centre; Fly-Half; Fullback"
"Q57587669","Tommy Reffell","Tommy Reffell",1999-04-27,"Bridgend",NA,NA,184,"Flanker"
"Q57986244","Josias Daoudou","Josias Daoudou",1995-10-19,NA,NA,NA,185,"Winger; Fullback"
"Q57986336","Lester Etien","Lester Etien",1995-06-21,"Créteil",NA,NA,180,"Winger; Centre"
"Q57986397","Guillaume Marchand","Guillaume Marchand",1998-06-05,"Saint-Gaudens; Haute-Garonne",NA,NA,183,"Hooker"
"Q57986419","Thomas Mamou","Thomas Mamou",1994-12-02,"Carcassonne",NA,NA,178,"Prop"
"Q58007938","Vakh Abdaladze","Vakhtang Abdaladze",1996-02-06,"Kutaisi",NA,NA,188,"Prop"
"Q58008359","Jimmy Tuivaiti","Jimmy Tuivati",1988-01-02,"Auckland",NA,NA,185,"Flanker; Centre"
"Q58008963","Meli Rokoua","Meli Rokoua",1994-07-24,"Nadi",NA,NA,184,"Centre"
"Q58009212","JJ van der Mescht","JJ van der Mescht",1999-05-04,"Pretoria",NA,NA,200,"2nd Row; Flanker"
"Q58010447","Hoskins Sotutu","Hoskins Sotutu",1998-07-12,"Auckland",NA,NA,192,"Number 8; Flanker"
"Q58010478","Folau Fakatava","Folau Fakatava",1999-12-16,"Nukuʻalofa",NA,NA,177,"Scrum-Half"
"Q58010484","Du'Plessis Kirifi","Du'Plessis Kirifi",1997-03-03,"New Plymouth",NA,NA,180,"Flanker"
"Q58010508","Salesi Rayasi","Salesi Rayasi",1996-09-25,"Wellington",NA,NA,197,"Winger; Fullback"
"Q58010512","Ataata Moeakiola","Ataata Moeakiola",1996-02-06,"Tongatapu",NA,NA,186,"Winger; Centre; Number 8"
"Q58011854","Robert Lilomaiava","Robert Lilomaiava",1992-03-28,"Apia",NA,NA,172,"Centre; Winger"
"Q58495352","Prince ǃGaoseb","Prince ǃGaoseb",1998-07-07,"Omaruru; Namibia",NA,NA,186,"Flanker; Number 8"
"Q58755865","Marius Iftimiciuc","Marius Iftimiciuc",1997-08-13,"Iași",NA,NA,200,"2nd Row"
"Q58974744","Beka Gigashvili","Beka Gigashvili",1992-02-17,"Tbilisi",NA,NA,178,"Prop"
"Q59140955","Asier Usarraga","Asier Usarraga",1994-12-31,"San Sebastián",NA,NA,188,"3rd Row"
"Q59179885","Fraser McReight","Fraser McReight",1999-02-19,"Buderim",NA,NA,184,"Flanker"
"Q59209798","Hamza Kaabeche","Hamza Kaabeche",1996-09-23,"Bourg-en-Bresse",NA,NA,189,"Prop"
"Q59209806","Julien Delbouis","Julien Delbouis",1999-08-04,"Clamart",NA,NA,184,"Centre"
"Q59209857","Yakine Djebbari","Yakine Djebbari",1995-12-16,"Épinay-sur-Seine",NA,NA,194,"2nd Row"
"Q59209880","Pierre-Louis Barassi","Pierre-Louis Barassi",1998-04-22,"Sélestat",NA,NA,188,"Centre"
"Q59268450","Chance Wenglewski","Chance Wenglewski",1997-09-04,"Tulsa; Oklahoma",NA,NA,188,"Prop"
"Q59327563","Frank Lomani","Frank Lomani",1996-04-18,"Savusavu",NA,NA,180,"Scrum-Half; Winger"
"Q59327751","Impi Visser","Impi Visser",1995-05-30,NA,NA,NA,NA,"Scrum-Half"
"Q59433666","Théo Duprat","Théo Duprat",2000-06-25,"Dax; Landes",NA,NA,186,"Fullback; Centre"
"Q59469546","David Barrera","David Barrera",1989-07-05,"Seville",NA,NA,196,"2nd Row"
"Q59548506","Ken Waters","Ken Waters",1961-10-09,"Cwmbran",NA,NA,180,"Hooker"
"Q59656253","Scott Penny","Scott Penny",1999-09-22,"Dublin",NA,NA,182,"Flanker; Number 8"
"Q59656418","Alberto Blanco Alonso","Alberto Blanco",1990-10-18,"Medina de Rioseco",NA,NA,183,"Prop"
"Q59751514","Lautaro Bazán Velez","Lautaro Bazán",1996-02-24,"Córdoba; Argentina",NA,NA,174,"Scrum-Half"
"Q59771433","Tomás Munilla","Tomás Munilla",1998-08-03,"Marbella",NA,NA,173,"Scrum-Half"
"Q59772020","Facundo Munilla","Facundo Munilla",1995-05-16,"Buenos Aires",NA,NA,178,"Scrum-Half"
"Q59826634","Ignacio Contardi","Ignacio Contardi",1991-03-08,"Mar del Plata",NA,NA,185,"Centre; Winger; Fullback"
"Q59830933","James Lay","James Lay",1993-12-16,"Apia",NA,NA,180,"Prop"
"Q60057138","Matthis Lebel","Matthis Lebel",1999-03-25,"Toulouse",NA,NA,184,"Fullback; Winger"
"Q60110461","Clément Daguin","Clément Daguin",1992-05-25,NA,NA,NA,178,"Scrum-Half"
"Q60194679","Callum Sheedy","Callum Sheedy",1995-10-28,"Cardiff",NA,NA,173,"Fly-Half"
"Q60315591","Baptiste Pesenti","Baptiste Pesenti",1997-07-03,"Saint-Claude; Jura",NA,NA,196,"2nd Row; Flanker; Number 8"
"Q60329570","Jean-Baptiste Gros","Jean-Baptiste Gros",1999-05-29,"Arles",NA,NA,187,"Loosehead Prop"
"Q60381188","Benjamin Vergniol","Benjamin Vergniol",1993-11-25,NA,NA,NA,172,"2nd Row"
"Q60441845","Pierre Bavozet","Pierre Bavozet",1881-06-04,NA,1952-07-29,NA,NA,NA
"Q60485088","Romain Lonca","Romain Lonca",1991-11-26,"Biarritz",NA,NA,190,"Fly-Half; Centre; Fullback"
"Q60643061","David Cherry","Dave Cherry",1991-01-03,"Edinburgh",NA,NA,183,"Hooker"
"Q60733427","Feao Fotuaika","Feao Fotuaika",1993-04-23,"Gisborne; New Zealand",NA,NA,186,"Prop"
"Q60733998","Paul Mullen","Paul Mullen",1991-11-16,"Kilronan",NA,NA,182,"Prop"
"Q60734508","Ben Donaldson","Ben Donaldson",1999-04-04,"Sydney",NA,NA,183,"Fly-Half; Fullback"
"Q60734577","Ted Hill","Ted Hill",1999-03-26,"Worcester; England",NA,NA,196,"Flanker"
"Q60734660","Harry Wilson","Harry Wilson",1999-11-22,"Gunnedah",NA,NA,195,"Number 8"
"Q60736946","Johnny Williams","Johnny Williams",1996-10-18,"Weston-super-Mare",NA,NA,191,"Centre"
"Q60832404","Conrad Miret i Musté","Conrad Miret i Musté",1906-04-15,NA,1942-02-27,NA,NA,NA
"Q60832480","Pierre Pages","Pierre Pagès",1990-05-16,"Cazères",NA,NA,180,"Scrum-Half"
"Q60833181","Pierre Arrambide","Pierre Arrambide",NA,NA,NA,NA,NA,"Fly-Half"
"Q60835548","Jaime O'Farrell","Jaime O'Farrell",NA,NA,NA,NA,NA,"Prop; Flanker"
"Q60836274","Arnaud Bartès","Arnaud Bartès",1990-08-13,NA,NA,NA,187,"Prop; Centre"
"Q60836358","Grégory Alldritt","Grégory Alldritt",1997-03-23,"Toulouse",NA,NA,191,"Number 8; Winger"
"Q60836392","Saia Tanginoa","Saia Tonginoa",1993-01-17,NA,NA,NA,178,"Centre"
"Q60881604","Juan Cruz Mallia","Juan Cruz Mallía",1996-09-11,"Córdoba; Argentina",NA,NA,182,"Winger; Centre; Fullback; Fly-Half"
"Q60928509","Lucio Sordoni","Lucio Sordoni",1998-07-23,"Rosario",NA,NA,191,"Prop"
"Q60930244","Santiago Chocobares","Santiago Chocobares",1999-03-31,"Rufino; Santa Fe",NA,NA,188,"Centre"
"Q60949869","Mayco Vivas","Mayco Vivas",1998-06-02,"Rafaela",NA,NA,186,"Prop"
"Q60955629","Lucas Paulos","Lucas Paulos",1998-01-09,"Lomas de Zamora",NA,NA,199,"2nd Row"
"Q60997047","Davit Gigauri","Davit Gigauri",1994-04-03,NA,NA,NA,197,"2nd Row"
"Q61051656","Santiago Grondona","Santiago Grondona",1998-07-25,"Buenos Aires",NA,NA,198,"Flanker; Number 8"
"Q61052014","Franco Molina","Franco Molina",1997-08-28,"Córdoba; Argentina",NA,NA,198,"2nd Row"
"Q61052032","Domingo Miotti","Domingo Miotti",1996-05-22,"San Miguel de Tucumán",NA,NA,188,"Fly-Half"
"Q61160474","Santiago Carreras","Santiago Carreras",1998-03-30,"Córdoba; Argentina",NA,NA,181,"Fullback; Winger; Fly-Half"
"Q61198015","Santiago Socino","Santiago Socino",1992-05-07,"Buenos Aires",NA,NA,187,"Hooker"
"Q61450736","James Botham","James Botham",1998-02-22,"Cardiff",NA,NA,191,"Flanker; Number 8"
"Q61590346","Cristian Chirică","Cristian Chirică",1997-04-09,"Bârlad",NA,NA,191,"3rd Row"
"Q61594430","Nicolas Onuțu","Nicolas Onuțu",1995-12-27,"Guilherand-Granges",NA,NA,185,"Winger"
"Q61620638","Lucas Guillaume","Lucas Guillaume",1991-04-14,"Montpellier",NA,NA,197,"2nd Row; 3rd Row"
"Q61622987","Vano Karkadze","Vano Karkadze",2000-06-25,"Tbilisi",NA,NA,178,"Hooker"
"Q61631457","Charly Trussardi","Charly Trussardi",1997-03-21,"Baie-Mahault",NA,NA,172,"Scrum-Half; Winger"
"Q61715392","Matt Gibbon","Matt Gibbon",1995-06-03,"Lismore; New South Wales",NA,NA,184,"Prop"
"Q61743158","Phepsi Buthelezi","Phepsi Buthelezi",1999-05-30,"Hluhluwe",NA,NA,188,"Number 8"
"Q61746642","Ruan Vermaak","Ruan Vermaak",1998-05-01,"Roodepoort",NA,NA,200,"2nd Row"
"Q61811618","Marco Zanon","Marco Zanon",1997-10-03,"Bassano del Grappa",NA,NA,185,"Centre"
"Q61819368","Jules Favre","Jules Favre",1999-03-22,"La Seyne-sur-Mer",NA,NA,181,"Centre; Winger"
"Q61861163","Ratu Naulago","Ratu Naulago",1991-08-06,"Nadi",NA,NA,185,"Winger"
"Q61866518","Zurab Dzneladze","Zurab Dzneladze",1992-01-23,"Kutaisi",NA,NA,185,"Winger; Centre"
"Q61927068","Youri Delhommel","Youri Delhommel",1996-03-06,NA,NA,NA,181,"Hooker"
"Q61947566","Afa Amosa","Afa Amosa",1990-10-11,NA,NA,NA,187,"Number 8; Flanker"
"Q61983345","David Ainuʻu","David Ainu'u",1999-11-20,NA,NA,NA,178,"Prop"
"Q61987083","Guillaume Labbé","Guillaume Labbé",1983-01-26,NA,NA,NA,NA,NA
"Q62000521","Bruce Devaux","Bruce Devaux",1996-11-14,"Toulon",NA,NA,183,"Loosehead Prop"
"Q62011069","Nathan McBeth","Nathan McBeth",1998-06-08,"Welkom",NA,NA,190,"Loosehead Prop"
"Q62011137","Steeve Blanc-Mappaz","Steeve Blanc-Mappaz",1990-07-12,"Albertville",NA,NA,190,"Flanker"
"Q62016677","George Bower","George Bower",1992-05-28,"Lower Hutt",NA,NA,183,"Prop"
"Q62059859","Kapeli Pifeleti","Kapeli Pifeleti",1999-09-01,"Nukuʻalofa",NA,NA,185,"Hooker"
"Q62086167","Adrian Moțoc","Adrian Moțoc",1996-07-11,"Saumur",NA,NA,197,"2nd Row"
"Q62088508","Thierry Feuteu","Thierry Futeu",1995-06-23,"Douala",NA,NA,186,"Loosehead Prop"
"Q62127935","Danny Toala","Danny Toala",1999-03-26,"Hastings; New Zealand",NA,NA,176,"Centre; Fullback"
"Q62136942","Sergey Trishin","Sergueï Trichine",1984-12-12,"Losino-Petrovsky",NA,NA,185,"Centre"
"Q62570376","Kane Leʻaupepe","Kane Le'aupepe",1992-12-03,"Wellington",NA,NA,200,"2nd Row"
"Q62576989","Marcel Monniot","Marcel Monniot",1885-03-17,"Paris",1968-02-14,"Laferté-sur-Aube",185,NA
"Q62629604","Alex Dombrandt","Alex Dombrandt",1997-04-29,"Surrey",NA,NA,191,"Number 8"
"Q62655690","Eric O'Sullivan","Eric O'Sullivan",1995-11-30,"Dublin",NA,NA,187,"Loosehead Prop"
"Q62657835","Robert Baloucoune","Robert Baloucoune",1997-08-19,"Enniskillen",NA,NA,193,"Winger"
"Q62664755","Tom O'Toole","Tom O'Toole",1998-09-23,"Drogheda",NA,NA,185,"Tighthead Prop"
"Q62686089","Paul Boyle","Paul Boyle",1997-01-14,"Dublin",NA,NA,188,"Number 8; Flanker"
"Q62733561","Michael Lowry","Michael Lowry",1998-08-20,"Belfast",NA,NA,170,"Fullback; Fly-Half"
"Q62851357","Florent Massip","Florent Massip",1994-03-29,"Saint-Denis; Réunion",NA,NA,190,"Fullback"
"Q62854010","Hassane Kolingar","Hassane Kolingar",1998-03-06,"Paris",NA,NA,186,"Loosehead Prop"
"Q62942455","Ronan Kelleher","Rónan Kelleher",1998-01-24,"Dublin",NA,NA,184,"Hooker"
"Q63006001","Adrien Séguret","Adrien Séguret",1998-07-22,"Paris",NA,NA,182,"Centre"
"Q63006459","Gabin Villière","Gabin Villière",1995-12-13,"Vire",NA,NA,180,"Winger"
"Q63106324","Meli Derenalagi","Meli Derenalagi",1998-11-26,"Nadi",NA,NA,192,"Flanker; Number 8"
"Q63109747","Alex McHenry","Alex McHenry",1997-10-07,"Cork (city)",NA,NA,188,"Centre"
"Q63179584","Lucas Rubio","Lucas Rubio",1991-05-29,"Paris",NA,NA,175,"Scrum-Half"
"Q63183388","Faraj Fartass","Faraj Fartass",1997-03-15,NA,NA,NA,181,"Winger"
"Q63228479","Sam Matavesi","Sam Matavesi",1992-01-13,"Truro",NA,NA,180,"Hooker"
"Q63229992","Kurt-Lee Arendse","Kurt-Lee Arendse",1996-06-17,"Paarl",NA,NA,180,"Fullback; Winger"
"Q63234125","Aminiasi Tuimaba","Aminiasi Tuimaba",1995-03-26,"Vio",NA,NA,185,"Winger"
"Q63252790","Angelo Davids","Angelo Davids",1999-06-01,"Cape Town",NA,NA,178,"Fullback; Winger"
"Q63258228","Mesulame Kunavula","Mesulame Kunavula",1995-10-31,"Nadroumai",NA,NA,196,"Number 8; Flanker; 2nd Row"
"Q63258231","Vilimoni Botitu","Vilimoni Botitu",1998-06-15,"Navilawa",NA,NA,180,"Centre"
"Q63313847","Will Stuart","Will Stuart",1996-07-12,"Westminster",NA,NA,189,"Tighthead Prop"
"Q63350023","James Hume","James Hume",1998-09-07,"Belfast",NA,NA,188,"Centre"
"Q63351514","Craig Casey","Craig Casey",1999-04-19,"Limerick",NA,NA,165,"Scrum-Half"
"Q63431815","Alivereti Veitokani","Alivereti Veitokani",1992-11-02,"Nausori",NA,NA,172,"Fly-Half; Fullback"
"Q63431851","Josh McNally","Josh McNally",1990-08-21,"Ely; Cambridgeshire",NA,NA,200,"2nd Row"
"Q63457280","Curtis Langdon","Curtis Langdon",1997-08-03,"Weston-super-Mare",NA,NA,184,"Hooker"
"Q63533219","Ivo Mazzucchelli","Ivo Mazzucchelli",1943-04-24,"Rome",NA,NA,NA,"2nd Row"
"Q63533309","Anthony Meric","Anthony Meric",1995-02-15,"Montauban",NA,NA,177,"Scrum-Half"
"Q63534793","Guillaume Cramont","Guillaume Cramont",2000-12-29,"Annemasse",NA,NA,182,"Hooker"
"Q63700085","Nephi Leatigaga","Nephi Leatigaga",1993-12-05,"Samoa",NA,NA,192,"Prop"
"Q63760015","Guglielmo Colussi","Guglielmo Colussi",1938-03-22,"Rome",2016-02-19,"Italy",NA,"Scrum-Half; Fullback"
"Q63884932","Andrés Zafra","Andrés Zafra",1996-03-26,NA,NA,NA,197,"2nd Row; Flanker"
"Q63977029","Louis Marrou","Louis Marrou",1993-09-14,NA,NA,NA,181,"Centre"
"Q63992067","Quinn Tupaea","Quinn Tupaea",1999-05-10,"Hamilton; New Zealand",NA,NA,186,"Centre"
"Q64009360","Fraser Dingwall","Fraser Dingwall",1999-04-07,"Cambridge",NA,NA,188,"Centre"
"Q64009391","Joel Kpoku","Joel Kpoku",1999-06-22,"London Borough of Newham",NA,NA,196,"2nd Row"
"Q64010249","Bakary Meité","Bakary Meité",1983-09-30,"Paris",NA,NA,191,"Flanker; Centre"
"Q64010799","Scott Malolua","Scott Malolua",1993-06-11,NA,NA,NA,168,"Scrum-Half"
"Q64023721","Harry Randall","Harry Randall",1997-12-18,"Slough",NA,NA,172,"Scrum-Half"
"Q64032735","Toma'akino Taufa","Toma'akino Taufa",1995-03-09,"ʻEua",NA,NA,178,"Prop"
"Q64176226","Bastien Chalureau","Bastien Chalureau",1992-02-13,"Mondavezan",NA,NA,202,"2nd Row"
"Q64221207","Antoine Miquel","Antoine Miquel",1994-06-20,NA,NA,NA,192,"Flanker; Number 8"
"Q64354092","Sacha Zegueur","Sacha Zegueur",1999-06-21,NA,NA,NA,193,"3rd Row"
"Q64481602","Thomas Jolmès","Thomas Jolmes",1995-10-08,"Échirolles",NA,NA,204,"2nd Row"
"Q64596123","Arnaud Aletti","Arnaud Aletti",1996-01-25,NA,NA,NA,190,"Flanker; Number 8"
"Q64699619","Antoine Zeghdar","Antoine Zeghdar",1999-05-22,"Monaco City",NA,NA,198,"Winger; Centre"
"Q64740072","Dan Jooste","Dan Jooste",1998-02-21,"Johannesburg",NA,NA,184,"Hooker"
"Q64740409","Edwill van der Merwe","Edwill van der Merwe",1996-04-12,"Stellenbosch",NA,NA,180,"Winger"
"Q64743464","Francisco Gorrissen","Francisco Gorrissen",1994-08-30,"Buenos Aires",NA,NA,191,"Flanker; Number 8"
"Q64746908","Ryan Baird","Ryan Baird",1999-07-26,"Dublin",NA,NA,198,"Flanker; 2nd Row"
"Q64748377","Josh Reeves","Josh Reeves",1990-08-07,"Burwood; New Zealand",NA,NA,183,"Fly-Half"
"Q64777697","Ibrahim Diallo","Ibrahim Diallo",1998-01-23,"Sarcelles",NA,NA,193,"Flanker"
"Q64785083","Rayne Barka","Rayne Barka",1999-02-05,"Forbach",NA,NA,180,"Hooker"
"Q64825649","Thibaut Hamonou","Thibaut Hamonou",2000-03-10,"Seclin",NA,NA,195,"Flanker; Number 8"
"Q64826655","Paul Mallez","Paul Mallez",2001-01-24,"Chalon-sur-Saône",NA,NA,180,"Tighthead Prop"
"Q64827888","Jean-Teiva Jacquelain","Teiva Jacquelain",1994-04-22,"Tahiti",NA,NA,185,"Winger"
"Q64853283","Mesu Dolokoto","Mesulame Dolokoto",1995-01-21,"Suva",NA,NA,177,"Hooker"
"Q64869583","Guillaume Brouqui","Guillaume Brouqui",1985-07-21,"Périgueux",NA,NA,170,"Scrum-Half"
"Q64933179","Alex Mitchell","Alex Mitchell",1997-05-25,"Maidstone",NA,NA,180,"Scrum-Half"
"Q65029268","Matt Gallagher","Matt Gallagher",1996-10-26,"Sidcup",NA,NA,185,"Fullback; Winger"
"Q65029330","Tom Rogers","Tom Rogers",1998-12-17,"Carmarthen",NA,NA,185,"Winger; Fullback"
"Q65030096","Sam Nixon","Sam Nixon",1996-08-15,"Dorchester; Dorset",NA,NA,194,"Prop"
"Q65037186","Giovanni D'Onofrio","Giovanni D'Onofrio",1998-08-25,NA,NA,NA,182,"Winger"
"Q65088079","Tom de Glanville","Tom de Glanville",1999-12-10,"Bath; Somerset",NA,NA,188,"Fullback"
"Q65123916","Viktor Kononov","Viktor Kononov",1996-05-26,"Krasnoyarsk",NA,NA,195,"Winger; Centre"
"Q65125598","Thibaud Mazzoleni","Thibaud Mazzoleni",1996-11-25,NA,NA,NA,179,"Fly-Half"
"Q65127231","Léo Coly","Léo Coly",1999-09-09,"Rennes",NA,NA,175,"Scrum-Half"
"Q65127865","Konstantin Uzunov","Konstantin Ouzounov",1994-04-09,"Krasnoyarsk",NA,NA,173,"Scrum-Half; Winger"
"Q65128499","Aurélien Decarnin","Aurélien Decarnin",1991-02-26,NA,NA,NA,186,"Centre"
"Q65158296","Tony Moggio","Tony Moggio",1985-05-26,"Toulouse",NA,NA,NA,NA
"Q65547257","Sanele Nohamba","Sanele Nohamba",1999-01-19,"Alice; South Africa",NA,NA,167,"Scrum-Half; Fly-Half"
"Q65551232","Martin Laveau","Martin Laveau",1996-09-10,"Bayonne",NA,NA,180,"Winger"
"Q65553712","Juan Ignacio Brex","Juan Ignacio Brex",1992-05-26,"Buenos Aires",NA,NA,189,"Centre"
"Q65587574","Jacques Jorda","Jacques Jorda",1948-04-01,"Elne",NA,NA,NA,NA
"Q65926251","Melani Matavao","Melani Matavao",1995-11-19,"Moto'otua",NA,NA,171,"Scrum-Half"
"Q65935878","Jamie Shillcock","Jamie Shillcock",1997-08-01,"Coventry",NA,NA,178,"Fly-Half; Fullback"
"Q65948574","Vakhtangi Akhobadze","Vakhtangi Akhobadze",1993-05-07,"Tbilisi",NA,NA,180,"Prop"
"Q65961946","Baptiste Lescarboura","Baptiste Lescarboura",1993-09-20,"Dax; Landes",NA,NA,NA,"Flanker"
"Q65984874","Gabriel Ibitoye","Gabriel Ibitoye",1998-03-05,"Lambeth",NA,NA,178,"Winger"
"Q66054572","Lucas de Coninck","Lucas De Coninck",1996-01-15,NA,NA,NA,194,"Flanker; Number 8"
"Q66084647","Mike Corbel","Mike Corbel",1992-04-09,"Ploërmel",NA,NA,174,"Loosehead Prop"
"Q66123633","Adam Knight","Adam Knight",1993-06-10,NA,NA,NA,180,"3rd Row"
"Q66135405","Filipe Manu","Filipe Manu",1985-10-12,"Wellington",NA,NA,186,"3rd Row"
"Q66237912","Tevita Ratuva","Tevita Ratuva",1995-05-08,"Yadua",NA,NA,198,"2nd Row"
"Q66314386","Makatuki Polutele","Makatuki Polutele",1996-02-15,"Nouméa",NA,NA,192,"Number 8; 2nd Row"
"Q66363973","Paulo Tafili","Paulo Tafili",1996-02-15,NA,NA,NA,183,"Tighthead Prop"
"Q66372736","Rémy Ladauge","Rémy Ladauge",1980-01-08,NA,NA,NA,NA,"Centre; Fullback"
"Q66391548","Evan Roos","Evan Roos",2000-01-21,"Cape Town",NA,NA,191,"Number 8"
"Q66537005","Kyle Rowe","Kyle Rowe",1998-02-08,"Ascot; Berkshire",NA,NA,181,"Winger"
"Q66661356","Enzo Kralfa","Enzo Kralfa",1996-04-11,"Bergerac; Dordogne",NA,NA,180,"Fly-Half"
"Q66707626","Ushangi Tcheishvili","Ushangi Tcheishvili",1997-08-29,NA,NA,NA,178,"Prop"
"Q66736752","Lucas Mensa","Lucas Mensa",1996-05-24,"Burzaco",NA,NA,183,"Centre"
"Q66759180","Henry Stowers","Henry Stowers",1995-03-03,"Lower Hutt",NA,NA,190,"Number 8; Flanker"
"Q66764470","Jean-Luc Barthés","Jean-Luc Barthés",1959-07-19,"Castres",2016-02-10,"Damiatte",NA,NA
"Q66895424","Mathieu Lesgourgues","Mathieu Lesgourgues",1985-06-04,"La Teste-de-Buch",NA,NA,178,"Fly-Half; Centre"
"Q66980706","Ignacio Dotti","Ignacio Dotti",1994-08-18,"Montevideo",NA,NA,193,"2nd Row"
"Q67017307","Fotu Lokotui","Fotu Lokotui",1992-03-19,"Longoteme",NA,NA,180,"Flanker; Number 8"
"Q67131213","Ed Fidow","Ed Fidow",1993-09-11,"Apia",NA,NA,188,"Winger"
"Q67181821","Ratu Veremalua Vugakoto","Veremalua Vugakoto",1997-12-29,"Daviqele",NA,NA,183,"Hooker"
"Q67181870","Eroni Mawi","Eroni Mawi",1996-06-02,"Lautoka",NA,NA,188,"Prop"
"Q67184136","Mosese Voka","Mosese Voka",1985-06-07,"Naibalebale",NA,NA,194,"Flanker"
"Q67188593","Johnny Matthews","Johnny Matthews",1993-07-05,"Liverpool",NA,NA,183,"Hooker"
"Q67199663","Claude Contis","Claude Contis",1939-01-15,"Bias; Landes",2019-09-04,"Mimizan",180,"Number 8"
"Q67219558","Florian Houerie","Florian Houerie",1992-10-27,"Lourdes",NA,NA,174,"Prop"
"Q67504605","Kirill Gotovtsev","Kirill Gotovtsev",1987-07-17,"Boguchany (rural locality)",NA,NA,188,"Tighthead Prop"
"Q67506924","Andrey Polivalov","Andreï Polivalov",1986-08-09,"Penza",NA,NA,183,"Prop"
"Q67506941","Vladimir Podrezov","Vladimir Podrezov",1994-01-27,"Kaliningrad",NA,NA,187,"Prop"
"Q67509245","Vitaly Zhivatov","Vitali Jivatov",1992-02-13,"Livny",NA,NA,185,"3rd Row"
"Q67509373","Tagir Gadzhiev","Taguir Gadjiev",1994-03-29,"Kizlyar",NA,NA,192,"3rd Row"
"Q67511086","Kirill Golosnitsky","Kirill Golosnitski",1994-05-30,"Zelenograd",NA,NA,185,"Centre; Winger"
"Q67511171","Dmitry Perov","Dmitri Perov",1984-11-18,"Monino",NA,NA,170,"Scrum-Half"
"Q67670363","Barnabé Couilloud","Barnabé Couilloud",1999-02-20,"Lyon",NA,NA,178,"Scrum-Half"
"Q68009370","Dwayne Polataivao","Dwayne Polataivao",1990-07-30,"Auckland",NA,NA,175,"Scrum-Half"
"Q68012974","Josh Tyrell","Josh Tyrell",1990-10-16,"Hamilton; New Zealand",NA,NA,194,"Number 8; Flanker; 2nd Row"
"Q68163877","James Faiva","James Faiva",1994-06-13,"Ōtāhuhu",NA,NA,185,"Fly-Half; Centre; Fullback"
"Q68163925","Zane Kapeli","Zane Kapeli",1992-09-28,"Auckland",NA,NA,192,"Flanker; Number 8; 2nd Row"
"Q68284946","Siua Maile","Siua Maile",1997-02-18,"Angaha",NA,NA,181,"Hooker"
"Q68475664","Facundo Gattas","Facundo Gattas",1995-07-02,"Punta del Este",NA,NA,188,"Prop; Hooker"
"Q68539092","Manuel Ardao","Manuel Ardao",1998-09-09,"Montevideo",NA,NA,176,"Flanker; Number 8; Hooker"
"Q68544175","Santiago Arata","Santiago Arata",1996-09-02,"Montevideo",NA,NA,170,"Scrum-Half; Winger"
"Q68544209","Manuel Diana","Manuel Diana",1996-03-07,"Montevideo",NA,NA,190,"Number 8"
"Q68554997","Felipe Etcheverry","Felipe Etcheverry",1996-06-23,"Montevideo",NA,NA,176,"Fly-Half; Fullback"
"Q69354129","Donovan Taofifénua","Donovan Taofifénua",1999-03-30,"Grenoble",NA,NA,179,"Fullback; Winger"
"Q69439101","Jean-Baptiste Aldigé","Jean-Baptiste Aldigé",1984-06-08,NA,NA,NA,NA,"Fullback"
"Q69472848","Pierre Mathias","Pierre Mathias",1957-04-09,"Lamastre",1988-08-29,"Saint-Pierre-de-Chérennes",185,"Fly-Half"
"Q69634515","Harry Byrne","Harry Byrne",1999-04-22,"Dublin",NA,NA,190,"Fly-Half; Centre"
"Q69709699","Thomas Lamboley","Thomas Lamboley",1990-07-27,"Paris",NA,NA,198,"Number 8"
"Q70226459","Deion Mikesell","Deion Mikesell",1997-01-07,"Runnells; Iowa",NA,NA,180,"Winger"
"Q70926672","Marcelo Torrealba","Marcelo Torrealba",1996-05-06,"Santiago",NA,NA,171,"Scrum-Half"
"Q71333541","Josua Vici","Josua Vici",1994-02-20,"Kadavu Island",NA,NA,188,"Winger; Centre"
"Q71997047","Antoine Hastoy","Antoine Hastoy",1997-06-04,"Bayonne",NA,NA,180,"Fly-Half; Fullback"
"Q72023420","Albert Tuisue","Albert Tuisue",1993-06-06,"Kadavu Island",NA,NA,189,"Number 8; Flanker; 2nd Row"
"Q72043545","Ange Capuozzo","Ange Capuozzo",1999-04-30,"Grenoble",NA,NA,177,"Fullback; Winger"
"Q72219426","Michael Milne","Michael Milne",1999-02-05,"Crinkill",NA,NA,180,"Loosehead Prop"
"Q72686002","Federico Mori","Federico Mori",2000-10-13,"Cecina; Tuscany",NA,NA,188,"Winger; Centre"
"Q72692995","Virgil Năstase","Virgil Năstase",1966-12-17,NA,NA,NA,NA,"Fly-Half"
"Q73011365","Elrigh Louw","Elrigh Louw",1999-09-20,"Pretoria",NA,NA,195,"Number 8; Flanker"
"Q73497835","Guy Porter","Guy Porter",1997-01-23,"London",NA,NA,185,"Centre; Winger"
"Q73497929","Issak Fines-Leleiwasa","Issak Fines-Leleiwasa",1995-10-02,"Sydney",NA,NA,173,"Scrum-Half"
"Q73497963","Nick Frost","Nick Frost",1999-10-10,"Sydney",NA,NA,206,"2nd Row"
"Q73498008","Lachlan Lonergan","Lachlan Lonergan",1999-10-11,NA,NA,NA,180,"Hooker"
"Q73498071","Carter Gordon","Carter Gordon",2001-01-29,"Nambour",NA,NA,189,"Fly-Half"
"Q73527192","Cadan Murley","Cadan Murley",1999-07-31,"Frimley",NA,NA,175,"Winger"
"Q73678427","Manu Vunipola","Manu Vunipola",2000-05-04,"Auckland",NA,NA,183,"Fly-Half"
"Q73786875","Danilo Fischetti","Danilo Fischetti",1998-01-26,"Genzano di Roma",NA,NA,181,"Loosehead Prop"
"Q74185530","Ioan Lloyd","Ioan Lloyd",2001-04-05,"Cardiff",NA,NA,183,"Fullback; Fly-Half; Winger; Centre"
"Q74458814","Alexandre Fischer","Alexandre Fischer",1998-01-19,"Chaumont; Haute-Marne",NA,NA,188,"Flanker"
"Q74690975","Kaleb Trask","Kaleb Trask",1999-01-27,"Rotorua",NA,NA,180,"Fly-Half; Fullback"
"Q74691300","Mark Tele'a","Mark Telea",1996-12-06,"Auckland",NA,NA,186,"Winger"
"Q74691454","Emoni Narawa","Emoni Narawa",1999-07-13,"Suva",NA,NA,184,"Winger; Fullback"
"Q74698522","Jona Nareki","Jona Nareki",1997-12-27,"Sigatoka",NA,NA,175,"Winger"
"Q74698691","Teariki Ben-Nicholas","Teariki Ben-Nicholas",1995-07-18,"Auckland",NA,NA,195,"Number 8"
"Q74698729","Ethan de Groot","Ethan de Groot",1998-07-22,"Gold Coast; Queensland",NA,NA,190,"Prop"
"Q74698782","Fetuli Paea","Fetuli Paea",1994-08-16,"Nukuʻalofa",NA,NA,189,"Centre; Winger"
"Q74698825","Dallas McLeod","Dallas McLeod",1999-04-30,"Methven; New Zealand",NA,NA,190,"Centre; Winger"
"Q74698863","Fergus Burke","Fergus Burke",1999-09-03,"Gisborne; New Zealand",NA,NA,189,"Fly-Half; Fullback"
"Q74698912","Ethan Roots","Ethan Roots",1997-11-10,"Auckland",NA,NA,189,"Flanker; Number 8"
"Q74698940","Tom Christie","Tom Christie",1998-03-04,"Christchurch",NA,NA,186,"Flanker"
"Q74698976","Cullen Grace","Cullen Grace",1999-12-20,"Hāwera",NA,NA,190,"Flanker; Number 8; 2nd Row"
"Q75329419","Geoffrey Cros","Geoffrey Cros",1997-03-08,"Nice",NA,NA,185,"Winger; Fullback"
"Q75329894","Romain Buros","Romain Buros",1997-07-31,"Aire-sur-l'Adour",NA,NA,187,"Fullback"
"Q75548329","Henry Pollock","Henry Pollock",2005-01-14,"Banbury",NA,NA,188,"Flanker; Number 8"
"Q75628387","Mike Tadjer","Mike Tadjer",1989-03-10,"Massy; Essonne",NA,NA,180,"Hooker"
"Q76009855","Mateo Carreras","Mateo Carreras",1999-12-17,"San Miguel de Tucumán",NA,NA,173,"Winger; Fullback"
"Q76009866","Joel Sclavi","Joel Sclavi",1994-06-25,"Mar del Plata",NA,NA,190,"Prop"
"Q76110403","Yannick Lamour","Yannick Lamour",1973-07-22,NA,NA,NA,191,"3rd Row"
"Q76118679","Josh Kemeny","Josh Kemeny",1998-11-29,"Sydney",NA,NA,193,"Flanker"
"Q76142152","Bixente Artola","Bixente Artola",1978-09-29,"Saint-Jean-de-Luz",NA,NA,183,"Winger"
"Q76164749","Harry Potter","Harry Potter",1997-12-15,"Wimbledon; London",NA,NA,185,"Winger; Centre"
"Q76550470","Steven David","Steven David",1994-07-19,NA,NA,NA,187,"3rd Row"
"Q76622637","Koen Bloemen","Koen Bloemen",1998-05-13,"Meppel",NA,NA,202,"2nd Row"
"Q76969776","Amato Fakatava","Amato Fakatavaアマト・ファカタヴァ",1994-12-12,"Nukuʻalofa",NA,NA,195,"Number 8"
"Q77343991","Andreï Chaliouta","Andreï Chaliouta",1973-04-13,"Moscow",NA,NA,190,"Winger; Centre"
"Q78564562","Ben Healy","Ben Healy",1999-06-29,"Tipperary (town)",NA,NA,191,"Fly-Half"
"Q79052347","Mateaki Kafatolu","Mateaki Kafatolu",1989-08-11,"Lower Hutt",NA,NA,183,"Flanker"
"Q79329132","Louis Rees-Zammit","Louis Rees-Zammit",2001-02-02,"Penarth",NA,NA,191,"Winger; Fullback"
"Q79338577","Maxime Lamothe","Maxime Lamothe",1998-10-03,"Talence",NA,NA,183,"Hooker"
"Q79401797","Mathieu Smaïli","Mathieu Smaïli",1999-08-30,"Hyères",NA,NA,180,"Centre; Fly-Half; Fullback"
"Q79404876","Thomas Lavault","Thomas Lavault",1999-05-03,"Thouars",NA,NA,199,"2nd Row"
"Q79464532","Emmanuel Meafou","Emmanuel Meafou",1998-07-12,"Ōtāhuhu",NA,NA,202,"2nd Row"
"Q79477631","Alexandre Manukula","Alexandre Manukula",1996-08-05,NA,NA,NA,202,"2nd Row"
"Q80140185","Roman Salanoa","Roman Salanoa",1997-10-28,"Lāʻie",NA,NA,183,"Tighthead Prop"
"Q81052834","Jac Morgan","Jac Morgan",2000-01-21,"Carmarthen",NA,NA,180,"Flanker; Number 8"
"Q81058006","Niall Murray","Niall Murray",1999-10-13,"Roscommon",NA,NA,200,"2nd Row"
"Q81099210","Freddie Steward","Freddie Steward",2000-12-05,"Dereham",NA,NA,196,"Fullback"
"Q81148118","Jamie Dobie","Jamie Dobie",2001-06-07,"Inverness",NA,NA,175,"Scrum-Half; Winger"
"Q81205644","Carlo Tizzano","Carlo Tizzano",2000-02-02,"Perth",NA,NA,180,"Flanker"
"Q81209102","Mark Nawaqanitawase","Mark Nawaqanitawase",2000-09-11,"Burwood; New South Wales",NA,NA,190,"Winger; Fullback"
"Q81216530","Angus Bell","Angus Bell",2000-10-04,"Sydney",NA,NA,192,"Prop"
"Q81404737","Dylan Cretin","Dylan Cretin",1997-05-04,"Annemasse",NA,NA,195,"Flanker"
"Q81533888","Thierry Paiva","Thierry Paiva",1995-11-19,NA,NA,NA,184,"Loosehead Prop"
"Q81625784","Charlie Cassang","Charlie Cassang",1995-02-08,NA,NA,NA,173,"Scrum-Half"
"Q82324150","William Percillier","Will Percillier",1999-01-30,NA,NA,NA,180,"Scrum-Half"
"Q82356672","Jordi Rougé","Jordi Rougé",1987-10-03,NA,NA,NA,184,"Centre"
"Q82367935","Mickaël Capelli","Mickaël Capelli",1997-03-18,"Échirolles",NA,NA,198,"2nd Row"
"Q82552527","Tani Vili","Tani Vili",2000-10-31,"Brive-la-Gaillarde",NA,NA,187,"Centre"
"Q82849366","Loïc Godener","Loïc Godener",1995-08-13,"Nanterre",NA,NA,188,"Number 8; Flanker"
"Q82953626","Ollie Sleightholme","Ollie Sleightholme",2000-04-13,"Northampton",NA,NA,181,"Winger"
"Q83182910","Vincent Pinto","Vincent Pinto",1999-04-10,"Adé; Hautes-Pyrénées",NA,NA,187,"Winger"
"Q83182936","Ethan Dumortier","Ethan Dumortier",2000-12-29,"Lyon",NA,NA,192,"Winger; Centre"
"Q83222996","Ben Thomas","Ben Thomas",1998-11-25,"Cardiff",NA,NA,183,"Centre; Fullback; Fly-Half"
"Q83259254","Wilfrid Hounkpatin","Wilfrid Hounkpatin",1991-07-29,"Aubagne",NA,NA,192,"Tighthead Prop"
"Q83397707","Hans N'Kinsi","Hans Nkinsi",1992-09-21,NA,NA,NA,195,"2nd Row"
"Q83493484","Jacob Umaga","Jacob Umaga",1998-07-08,"Halifax; West Yorkshire",NA,NA,182,"Fly-Half; Centre; Fullback"
"Q83506153","Thierry Peuchlestrade","Thierry Peuchlestrade",1958-08-06,"Aurillac",NA,NA,NA,"Fly-Half"
"Q83569614","Paulin Riva","Paulin Riva",1994-04-20,"Aurillac",NA,NA,178,"Centre"
"Q83671506","Rémi Siega","Rémi Siega",1990-09-20,NA,NA,NA,188,"Winger"
"Q83739297","Sam Costelow","Sam Costelow",2001-01-10,"Llantrisant",NA,NA,173,"Fly-Half"
"Q83799927","Teddy Baubigny","Teddy Baubigny",1998-09-02,"Meaux",NA,NA,184,"Hooker"
"Q83996316","Franck Pourteau","Franck Pourteau",1996-04-01,"Dax; Landes",NA,NA,180,"Fly-Half"
"Q84035223","Niccolò Cannone","Niccolò Cannone",1998-05-17,"Florence",NA,NA,195,"2nd Row"
"Q84044382","Joris Moura","Joris Moura",2000-05-07,"Annecy",NA,NA,186,"Fly-Half; Fullback"
"Q84048212","Stephen Varney","Stephen Varney",2001-05-16,"Carmarthen",NA,NA,178,"Scrum-Half"
"Q84079991","Taylor Gontineac","Taylor Gontineac",2000-07-16,"Aurillac",NA,NA,185,"Centre"
"Q84088435","Ryno Pieterse","Ryno Pieterse",1998-08-06,"Witbank",NA,NA,196,"2nd Row; Flanker"
"Q84139508","Patrick Sobela","Patrick Sobela",1992-08-12,"Yaoundé",NA,NA,188,"Flanker"
"Q84139564","Siosaia Fifita","Siosaia Fifita",1998-12-20,NA,NA,NA,187,"Centre; Winger"
"Q84178732","Thomas Dolhagaray","Thomas Dolhagaray",2000-05-21,"Bayonne",NA,NA,182,"Fly-Half"
"Q84178737","Gauthier Maravat","Gauthier Maravat",2000-06-11,"Agen",NA,NA,194,"2nd Row; 3rd Row"
"Q84178739","Nathanaël Hulleu","Nathanaël Hulleu",2000-05-16,"Carcassonne",NA,NA,178,"Winger"
"Q84228912","Tiaan Swanepoel","Tiaan Swanepoel",1996-06-04,"Windhoek",NA,NA,180,"Fly-Half; Fullback"
"Q84351592","Baptiste Delaporte","Baptiste Delaporte",1997-03-25,NA,NA,NA,190,"Flanker"
"Q84512103","Charles Lacazedieu","Charles Lacazedieu",1901-03-04,"Dax; Landes",1988-07-12,"Dax; Landes",165,"Fly-Half; Scrum-Half"
"Q84566499","Darly Domvo","Darly Domvo",1992-04-03,"Courbevoie",NA,NA,186,"Fullback"
"Q84572481","Hector Fargues","Hector Fargues",1894-07-09,"Dax; Landes",1962-11-18,"Dax; Landes",172,"Flanker"
"Q84572552","Thibault Debaes","Thibault Debaes",2001-11-30,"Pau; Pyrénées-Atlantiques",NA,NA,179,"Fly-Half; Fullback"
"Q84605854","Gerhard Steenekamp","Gerhard Steenekamp",1997-04-09,"Potchefstroom",NA,NA,194,"Prop"
"Q84697113","Bertrand Vinsonneau","Bertrand Vinsonneau",1949-06-06,"Caudéran",NA,NA,192,"Flanker; Number 8; 2nd Row"
"Q84844452","Callum Wilson","Callum Wilson",1990-10-28,NA,NA,NA,183,"Centre"
"Q84944467","Calum Randle","Calum Randle",2000-01-18,"Cheltenham",NA,NA,184,"Winger"
"Q84950261","Baptiste Germain","Baptiste Germain",2000-11-21,"Bordeaux",NA,NA,174,"Scrum-Half; Fly-Half"
"Q85122648","Alban Roussel","Alban Roussel",1998-09-11,NA,NA,NA,196,"2nd Row"
"Q85125974","Billy Scannell","Billy Scannell",1999-09-16,"Cork (city)",NA,NA,181,"Hooker"
"Q85126111","John Hodnett","John Hodnett",1999-01-10,"Rosscarbery",NA,NA,183,"Flanker"
"Q85127610","Giorgi Beria","Giorgi Beria",1999-11-11,"Tbilisi",NA,NA,176,"Prop"
"Q85135108","Johannes Greyling","Johannes Greyling",1985-03-07,NA,NA,NA,184,"Prop"
"Q85148927","Ugo Boniface","Ugo Boniface",1998-07-21,"Marmande",NA,NA,189,"Loosehead Prop"
"Q85247954","Cheikh Tiberghien","Cheikh Tiberghien-Fall",2000-01-08,"Bayonne",NA,NA,187,"Fullback; Winger; Centre"
"Q85252973","Erwan Dridi","Erwan Dridi",2000-07-04,"Toulon",NA,NA,187,"Winger; Fullback"
"Q85291006","Théo Idjellidaine","Théo Idjellidaine",2001-03-15,"Toulouse",NA,NA,170,"Scrum-Half"
"Q85291501","Tomás Albornoz","Tomás Albornoz",1997-09-17,"San Miguel de Tucumán",NA,NA,173,"Fly-Half"
"Q85292072","Guillaume Ducat","Guillaume Ducat",1996-05-25,"Tarbes",NA,NA,204,"2nd Row"
"Q85363419","Daniel Ikpefan","Daniel Ikpefan",1993-10-18,"Annemasse",NA,NA,185,"Winger"
"Q85434348","Étienne Fourcade","Étienne Fourcade",1997-04-11,"Lons-le-Saunier",NA,NA,180,"Hooker"
"Q85515498","Thibaud Flament","Thibaud Flament",1997-04-29,"Paris",NA,NA,202,"2nd Row; Flanker"
"Q85610761","Giovanni Pettinelli","Giovanni Pettinelli",1996-03-13,"Venice",NA,NA,193,"Flanker; Number 8"
"Q85707937","Charly Chantereau-Morais","Charly Chantereau-Morais",1990-03-12,"Pithiviers",NA,NA,182,"Centre"
"Q85708516","Manuel Ordas","Manuel Ordas",1998-02-21,"Bayonne",NA,NA,187,"Fly-Half"
"Q85709034","Mehdy Molina","Mehdy Molina",1995-05-19,"Melun",NA,NA,179,"Winger"
"Q85713473","Gavin Stark","Gavin Stark",1995-12-18,NA,NA,NA,182,"Winger"
"Q85751511","Alexandre de Nardi","Alexandre de Nardi",1999-01-17,"Mont-de-Marsan",NA,NA,183,"Fullback; Winger"
"Q85766718","Quentin Delord","Quentin Delord",1999-02-10,"Brive-la-Gaillarde",NA,NA,170,"Scrum-Half"
"Q85852807","Bence Roth","Bence Róth",1996-08-02,NA,NA,NA,196,"2nd Row"
"Q85859220","German Godlyuk","German Godliouk",1992-08-11,"Moscow",NA,NA,178,"Fullback; Fly-Half"
"Q85859659","Khetag Dzobelov","Khetag Dzobelov",1998-07-05,"Vladikavkaz",NA,NA,180,"Centre; Winger"
"Q85860513","Egor Zykov","Iegor Zykov",1993-01-11,"Krasnoyarsk",NA,NA,198,"2nd Row"
"Q85861751","Dmitry Krotov","Dmitri Krotov",1992-01-14,"Krasnoyarsk",NA,NA,193,"3rd Row"
"Q85862260","Andrey Lizogub","Andreï Lizogoub",1991-01-22,"Kaliningrad",NA,NA,187,"Fullback; Winger"
"Q85864295","Aleksey Panasenko","Alexeï Panassenko",1983-01-13,"Staraya Kupavna",NA,NA,193,"3rd Row"
"Q85864983","Daniil Potikhanov","Daniil Potikhanov",1999-11-30,"Penza",NA,NA,182,"Winger"
"Q85934904","Matthias Haddad","Matthias Haddad",2001-03-10,"La Rochelle",NA,NA,193,"Flanker"
"Q85952740","Andrew Cramond","Andrew Cramond",1994-04-15,NA,NA,NA,195,"2nd Row"
"Q86135389","Mathieu Hirigoyen","Mathieu Hirigoyen",1999-01-25,"Bayonne",NA,NA,194,"Flanker"
"Q86260751","Karim Qadiri","Karim Qadiri",1996-02-16,"Massy; Essonne",NA,NA,189,"Winger"
"Q86281495","Loïc Hocquet","Loïc Hocquet",1999-01-19,NA,NA,NA,191,"Flanker"
"Q86327864","Charles Reynaert","Charles Reynaert",1995-11-28,"Uccle",NA,NA,178,"Winger"
"Q86334920","Jean-Baptiste de Clercq","Jean-Baptiste De Clercq",1994-02-23,"Ghent",NA,NA,183,"Prop"
"Q86347458","William Van Bost","William van Bost",1998-08-01,NA,NA,NA,187,"Number 8"
"Q86358782","Akaki Tabutsadze","Akaki Tabutsadze",1997-08-19,"Tbilisi",NA,NA,183,"Winger"
"Q86388922","Théo Lachaud","Théo Lachaud",2000-08-31,"Toulon",NA,NA,184,"Hooker"
"Q86450391","Florent Vanverberghe","Florent Vanverberghe",2000-07-22,"La Seyne-sur-Mer",NA,NA,195,"2nd Row; Number 8"
"Q86459458","Tanginoa Halaifonua","Tanginoa Halaifonua",1996-09-20,NA,NA,NA,196,"Flanker; Number 8; 2nd Row"
"Q86477677","Guillaume Galletier","Guillaume Galletier",1997-03-07,"Montpellier",NA,NA,178,"Centre"
"Q86478556","Ryan Chapuis","Ryan Chapuis",1997-12-12,"Neuilly-sur-Seine",NA,NA,190,"Flanker"
"Q86510378","Alex Burin","Alex Burin",1999-12-14,"Châteaubriant",NA,NA,190,"Tighthead Prop"
"Q86517316","Léo Berdeu","Léo Berdeu",1998-06-13,"Cannes",NA,NA,195,"Fly-Half; Fullback"
"Q86519210","Quentin Béthune","Quentin Béthune",1995-09-25,"Reims",NA,NA,183,"Loosehead Prop"
"Q86531009","Luteru Tolai","Luteru Tolai",1998-06-01,NA,NA,NA,179,"Hooker"
"Q86548720","Joachim Trouabal","Joachim Trouabal",2000-08-18,NA,NA,NA,183,NA
"Q86704457","Costel Burțilă","Costel Burțilă",1991-07-14,NA,NA,NA,186,"Prop"
"Q86721582","Juan Bautista Pedemonte","Juan Bautista Pedemonte",2000-03-14,"Santiago del Estero",NA,NA,188,"Flanker; Number 8"
"Q86838421","Jack van Poortvliet","Jack van Poortvliet",2001-05-15,"Norwich",NA,NA,183,"Scrum-Half"
"Q86838469","Joris Segonds","Joris Segonds",1997-04-06,"Decazeville",NA,NA,180,"Fly-Half"
"Q87001944","Bastien Pourailly","Bastien Pourailly",1994-01-31,NA,NA,NA,177,"Winger"
"Q87005187","Jean-François Fonteneau","Jean-François Fonteneau",1963-06-18,NA,NA,NA,NA,"Centre"
"Q87076519","Pierre Claret","Pierre Claret",1931-07-19,"Jarrie",2016-04-15,"Notre-Dame-de-Vaulx",NA,NA
"Q87119094","Jean-Baptiste Claverie","Jean-Baptiste Claverie",1990-01-17,NA,NA,NA,180,"Fly-Half"
"Q87147551","Mathias Colombet","Mathias Colombet",1997-05-01,"Aire-sur-l'Adour",NA,NA,189,"Fullback; Winger"
"Q87149216","Lucas Rey","Lucas Rey",1997-04-27,"Pau; Pyrénées-Atlantiques",NA,NA,175,"Hooker"
"Q87153954","Denis Marchois","Denis Marchois",1994-02-05,"Libourne",NA,NA,198,"2nd Row"
"Q87195408","Nicolas Corato","Nicolas Corato",1997-10-07,"Longages",NA,NA,184,"Tighthead Prop"
"Q87198554","Clovis Le Bail","Clovis Le Bail",1995-11-29,NA,NA,NA,173,"Scrum-Half"
"Q87308662","Lucas Dessaigne","Lucas Dessaigne",1999-02-27,"Riom",NA,NA,188,"Flanker; Number 8"
"Q87348860","Geoffrey Moïse","Geoffrey Moïse",1991-08-20,NA,NA,NA,187,"Prop"
"Q87411566","Ollie Hassell-Collins","Ollie Hassell-Collins",1999-01-17,"Reading; Berkshire",NA,NA,192,"Winger"
"Q87413049","Roland Darracq","Roland Darracq",1933-01-20,"Dax; Landes",1999-09-02,"Dax; Landes",187,"Flanker"
"Q87417413","Vincent Farré","Vincent Farré",1990-06-06,"Aire-sur-l'Adour",NA,NA,193,"Flanker"
"Q87450743","Antoine Gibert","Antoine Gibert",1997-12-31,"Sèvres",NA,NA,177,"Fly-Half; Scrum-Half"
"Q87462077","Éric dos Santos","Éric dos Santos",1993-05-06,NA,NA,NA,198,"2nd Row"
"Q87521869","Thomas Hoarau","Thomas Hoarau",1995-06-01,NA,NA,NA,190,"Flanker; Number 8"
"Q87548857","Pierre Mignot","Pierre Mignot",1996-04-13,NA,NA,NA,188,"Centre; Winger"
"Q87576462","Kévin Viallard","Kévin Viallard",2000-11-27,"Brive-la-Gaillarde",NA,NA,173,"Scrum-Half"
"Q87670710","Julien Hourcade","Julien Hourcade",1981-01-14,NA,NA,NA,178,"Hooker"
"Q87681021","Joris Jurand","Joris Jurand",1995-11-11,NA,NA,NA,188,"Winger; Fullback"
"Q87736184","Pierre Jutge","Pierre Jutge",2000-02-11,NA,NA,NA,181,"Hooker"
"Q87754760","Aurélien Labau","Aurélien Labau",1999-04-13,NA,NA,NA,188,"Centre"
"Q87758115","Matthieu Ugena","Matthieu Ugena",1995-07-25,"France",NA,NA,186,"3rd Row"
"Q87760483","Giovanni Habel Kuffner","Giovanni Habel-Küffner",1995-01-09,"Auckland",NA,NA,190,"Number 8; Flanker"
"Q87769640","Dorian Laborde","Dorian Laborde",1996-12-30,"Morcenx",NA,NA,178,"Winger; Centre"
"Q87887624","Xavier Laborde","Xavier Laborde",1974-07-11,NA,NA,NA,186,"Prop"
"Q87897296","Elvis Laborde-Grèche","Elvis Laborde-Grèche",1983-02-17,NA,NA,NA,183,"Flanker"
"Q88041876","Marvin Lestremau","Marvin Lestremau",1996-07-19,"Courbevoie",NA,NA,184,"Winger"
"Q88058344","Baptiste Lafond","Baptiste Lafond",1998-05-23,"Paris",NA,NA,190,"Winger; Centre"
"Q88077327","François Vergnaud","François Vergnaud",1997-10-08,"Poitiers",NA,NA,190,"Centre"
"Q88081714","Lucas Lebraud","Lucas Lebraud",1997-04-08,NA,NA,NA,184,"Centre"
"Q88084076","Mathieu Lamoulie","Mathieu Lamoulie",1990-08-07,"Marmande",NA,NA,184,"Fullback"
"Q88184949","Gauthier Doubrère","Gauthier Doubrère",1995-12-24,"Armous-et-Cau",NA,NA,176,"Scrum-Half"
"Q88207455","Lucas Peyresblanques","Lucas Peyresblanques",1998-01-20,"Bayonne",NA,NA,181,"Hooker"
"Q88270774","Clément Lanen","Clément Lanen",1998-04-01,"Mende; Lozère",NA,NA,195,"Flanker; Number 8; 2nd Row"
"Q88282213","Alexandre Nicoué","Alexandre Nicoué",1997-02-01,NA,NA,NA,185,"Winger"
"Q88293834","Thibaud Lanen","Thibaud Lanen",1998-04-01,"Mende; Lozère",NA,NA,196,"2nd Row; Flanker"
"Q88445665","Adrien Latorre","Adrien Latorre",1990-08-04,"Pau; Pyrénées-Atlantiques",NA,NA,182,"Fly-Half"
"Q88464495","Théo Layglon","Théo Layglon",2001-02-14,"Arles",NA,NA,187,"Centre"
"Q88525439","Mattéo Le Corvec","Mattéo Le Corvec",2001-01-04,"Mont-de-Marsan",NA,NA,193,"Flanker"
"Q88536930","Heath Backhouse","Heath Backhouse",1998-09-04,NA,NA,NA,198,"2nd Row"
"Q88552859","Kevin Le Guen","Kevin Le Guen",1990-11-17,"Saint-Médard-en-Jalles",NA,NA,183,"Hooker"
"Q88627059","Maxence Lemardelet","Maxence Lemardelet",1999-05-08,"Limoges",NA,NA,193,"Number 8; Flanker; 2nd Row"
"Q88654582","Florian Lescadieu","Florian Lescadieu",1991-06-14,"Aubagne",NA,NA,178,"Hooker"
"Q88655716","Sven Bernat Girlando","Sven Bernat Girlando",1999-12-21,NA,NA,NA,190,"3rd Row"
"Q88695088","Sipili Falatea","Sipili Falatea",1997-06-06,"Leava",NA,NA,183,"Tighthead Prop"
"Q88776810","Dylan Donnellan","Dylan Donnellan",1994-12-01,"Galway",NA,NA,179,"Hooker"
"Q88800537","Conor McGuinness","Conor Dermot McGuinness",1975-03-29,"Dublin",NA,NA,177,"Scrum-Half"
"Q88801791","Pierre Nueno","Pierre Nueno",1996-05-15,"Pau; Pyrénées-Atlantiques",NA,NA,184,"Centre"
"Q88866552","Laurent Lageyre","Laurent Lageyre",1975-05-22,"Dax; Landes",NA,NA,182,"Fly-Half"
"Q88883678","Yan Lestrade","Yan Lestrade",1997-03-21,"Orthez",NA,NA,179,"Centre"
"Q88965855","Clément Martinez","Clément Martinez",1996-03-14,"Carqueiranne",NA,NA,181,"Hooker"
"Q88985328","Aymeric Luc","Aymeric Luc",1997-10-14,"Bayonne",NA,NA,180,"Fullback; Winger"
"Q89025034","Pierre Lucas","Pierre Lucas",1997-04-29,NA,NA,NA,183,"Centre; Winger"
"Q89047591","Maurice Fitzgerald","Maurice Fitzgerald",1976-02-14,"The Hague",NA,NA,182,"Prop"
"Q89101768","Joseph Ilharreguy","Joseph Ilharreguy",1978-10-11,"Oloron-Sainte-Marie",NA,NA,175,"Scrum-Half"
"Q89165754","Lucas Lyons","Lucas Lyons",1993-04-09,"Marseille",NA,NA,189,"Flanker; Number 8"
"Q89189210","Alexandre Loustaunau","Alexandre Loustaunau",1993-01-29,NA,NA,NA,175,"Scrum-Half"
"Q89193172","Corbin Kiernan","Corbin Kiernan",1992-12-30,"Rotorua",NA,NA,183,"Centre"
"Q89273095","Robinson Caire","Robinson Caire",1994-01-24,NA,NA,NA,193,"Winger"
"Q89434010","Paul Ciobănel","Paul Ciobănel",1939-05-03,"Bucharest",2014-11-12,"Bucharest",NA,"Winger"
"Q89436706","Dan Malafosse","Dan Malafosse",1992-01-14,"Grenoble",NA,NA,197,"2nd Row; Number 8"
"Q89484335","Ion Marica","Ion Marica",1948-08-28,"Pitești",NA,NA,NA,"Centre"
"Q89484656","Hervé Couffignal","Hervé Couffignal",1965-09-28,"Albi",2017-12-17,"Toulouse",174,"Centre"
"Q89522356","Michel Malafosse","Michel Malafosse",1966-06-23,"Mende; Lozère",NA,NA,185,"Flanker"
"Q89571081","Yann Lemeur","Yann Lemeur",1967-03-29,"Paris",NA,NA,200,"Flanker; 2nd Row; Number 8"
"Q89571963","Laurent Verge","Laurent Verge",1965-10-21,NA,NA,NA,180,"Prop"
"Q89704559","Tudor Constantin","Tudor Constantin",1969-11-17,"Bucharest",NA,NA,198,"2nd Row"
"Q89709309","Paul Marty","Paul Marty",1996-12-24,NA,NA,NA,187,"Centre"
"Q89734110","Samuel Maximin","Samuel Maximin",2001-04-30,"Paris",NA,NA,200,"2nd Row; Flanker"
"Q89814095","Adrien Mournet","Adrien Mournet",1953-07-05,NA,NA,NA,174,"Scrum-Half"
"Q89888640","Christophe Pras","Christophe Pras",1984-03-08,"Sainte-Colombe; Rhône",2020-04-07,"4th arrondissement of Lyon",172,"Centre"
"Q89942438","François Méret","François Méret",1914-05-08,"Pontacq",1940-06-10,"Vrizy",174,"Prop"
"Q89968377","Lucas Méret","Lucas Méret",1995-01-30,NA,NA,NA,178,"Fly-Half"
"Q90177281","Nicolas Metge","Nicolas Metge",1994-05-04,NA,NA,NA,183,"Winger"
"Q90286420","Kevin Bly","Kevin Bly",1996-02-28,NA,NA,NA,186,"Winger"
"Q90312580","Marcos Moneta","Marcos Moneta",2000-03-07,"Buenos Aires",NA,NA,181,"Winger; Fullback"
"Q90434379","Théo Millet","Théo Millet",1997-07-08,"Toulouse",NA,NA,189,"Centre"
"Q90532876","Daniel Camiade","Daniel Camiade",1940-04-09,"Rambouillet",2020-04-12,"Carcassonne",NA,"Scrum-Half"
"Q90630294","Jérôme Mondoulet","Jérôme Mondoulet",1989-07-02,"Agen",NA,NA,200,"2nd Row"
"Q90746251","Victor Moreaux","Victor Moreaux",1993-09-19,"Moissac",NA,NA,200,"2nd Row"
"Q90778951","Simon Moretti","Simon Moretti",2000-04-19,"Toulon",NA,NA,180,"Winger"
"Q90937760","Luc Mousset","Luc Mousset",1994-04-03,NA,NA,NA,184,"Prop"
"Q90962597","Stéphane Munoz","Stéphane Munoz",1991-09-28,"Draguignan",NA,NA,190,"Flanker"
"Q91140655","Peyo Muscarditz","Peyo Muscarditz",1996-01-02,"Oloron-Sainte-Marie",NA,NA,175,"Centre"
"Q91169616","Théo Nanette","Théo Nanette",1993-01-12,"Paris",NA,NA,180,"Scrum-Half"
"Q91204372","Julien Ruaud","Julien Ruaud",1997-12-07,"Clermont-Ferrand",NA,NA,196,"2nd Row; Number 8"
"Q91369116","Anderson Neisen","Anderson Neisen",1993-04-03,"Clermont-Ferrand",NA,NA,183,"Fly-Half; Fullback"
"Q91680088","Benjamin Noble","Benjamin Noble",1997-04-30,"Angoulême",NA,NA,178,"Centre"
"Q91753531","James Afoa","James Afoa",1981-12-06,"Auckland",NA,NA,190,"Prop"
"Q91758215","Kyran Bungaroo","Kyran Bungaroo",1997-10-27,NA,NA,NA,188,"Winger"
"Q91758460","Sione Anga'aelangi","Sione Anga'aelangi",1988-11-07,"Sydney",NA,NA,183,"Hooker"
"Q91828859","Flavien Nouhaillaguet","Flavien Nouhaillaguet",1989-03-16,"France",NA,NA,186,"Flanker; Number 8"
"Q91856612","Geoffrey Nouhaillaguet","Geoffrey Nouhaillaguet",1991-12-15,NA,NA,NA,192,"2nd Row"
"Q91976171","Julien Ory","Julien Ory",1996-08-24,NA,NA,NA,180,"Flanker"
"Q92213940","Guy Bruzy","Guy Bruzy",1941-01-08,"Le Soler",2020-01-23,"Carcassonne",NA,NA
"Q92518996","Enzo Pakihivatau","Enzo Pakihivatau",1996-06-08,NA,NA,NA,179,"Hooker"
"Q92704120","Marc Palmier","Marc Palmier",1999-02-17,"Aurillac",NA,NA,188,"Fly-Half; Fullback"
"Q92731216","Philippe Tayeb","Philippe Tayeb",1968-02-07,NA,NA,NA,NA,NA
"Q92735796","Jean Marc Lescure","Jean-Marc Lescure",1963-07-24,"Albi",NA,NA,180,"Fly-Half; Fullback"
"Q92750400","Philippe Celhay","Philippe Celhay",1954-05-27,NA,NA,NA,NA,NA
"Q93113211","Christian Massat","Christian Massat",1950-10-11,NA,2013-06-15,NA,NA,NA
"Q93322950","Laurent Panis","Laurent Panis",1993-04-23,"Paris",NA,NA,184,"Hooker"
"Q93397096","Grégory Paquelet","Grégory Paquelet",1989-03-26,"Mâcon",NA,NA,190,"Fullback"
"Q93484509","François Montrucolis","François Montrucolis",1925-04-11,"Vions",1993-11-02,"1st arrondissement of Lyon",NA,"2nd Row; Prop; 3rd Row"
"Q93484797","Raoul Pérez","Raul Pérez",1923-01-10,"Argelès-sur-Mer",2009-01-05,"Saint-Estève",183,NA
"Q93493609","Robert Caillou","Robert Caillou",1918-04-29,"Bayonne",1994-11-24,"Cambo-les-Bains",173,NA
"Q93515100","André Béraud","André Béraud",1922-11-11,"Bidart",2004-04-18,"Biarritz",176,"2nd Row"
"Q93569476","Pierre Pardon","Pierre Pardon",1980-03-16,"L'Union",NA,NA,191,"2nd Row; Flanker; Number 8"
"Q93867708","Jep Maso","Jep Maso",1921-02-14,"Saint-Laurent-de-la-Salanque",1977-05-10,"Perpignan",174,"Fly-Half; Centre"
"Q93936119","Tomás Appleton","Tomás Appleton",1993-07-29,"Lisbon",NA,NA,184,"Centre; Fly-Half; Winger"
"Q94020319","Pierre Taillantou","Pierre Taillantou",1920-08-07,"Bizanos",2011-03-20,"Roanne",NA,NA
"Q94030500","André Hatchondo","André Hatchondo",1923-07-08,"Ascain",2006-06-24,"Santa-Reparata-di-Balagna",NA,"Winger; Centre"
"Q94328514","Jean-Michel Parent","Jean-Michel Parent",1971-03-05,"Millas",NA,NA,195,"2nd Row"
"Q94392402","Jean Poch","Jean Poch",1917-04-16,"Rieux-Minervois",2000-08-22,"Carcassonne",175,"Prop; 2nd Row; 3rd Row"
"Q94468338","Yannick Parent","Yannick Parent",1986-10-19,"Perpignan",NA,NA,188,"Number 8"
"Q94553857","Germain Calbète","Germain Calbète",1918-02-12,"Boucau",1998-08-16,"Bayonne",NA,NA
"Q94636659","Maurice Brunetaud","Maurice Brunetaud",1912-10-12,"Vanves",1998-10-14,"Tonneins",NA,NA
"Q94637171","Jean Hatchondo","Jean Hatchondo",1929-03-01,"Biarritz",2004-06-14,"Biarritz",170,"Centre"
"Q94652685","Raphaël Saris","Raphaël Saris",1915-10-22,"Perpignan",1976-11-13,"Toulouse",NA,NA
"Q94661402","Pierre Brinsolles","Pierre Brinsolles",1908-05-03,"Bordeaux",1976-05-03,"Saint-Laurent; Lot-et-Garonne",NA,"Scrum-Half"
"Q94666463","Maxime Payen","Maxime Payen",1992-02-26,NA,NA,NA,193,"Winger; Fullback; Centre"
"Q94670594","Michele Lamaro","Michele Lamaro",1998-06-03,"Rome",NA,NA,189,"Flanker; Number 8"
"Q94704963","Henri Gibert","Henri Gibert",1914-04-24,"Clermont-Ferrand",2000-08-27,"Clermont-Ferrand",NA,"Prop"
"Q94704965","Louis Brané","Louis Brané",1911-12-26,"Ledeuix",1983-07-13,"Le Creusot",NA,NA
"Q94705809","André Bruzy","André Bruzy",1910-03-09,"Bages; Pyrénées-Orientales",1973-03-26,"Perpignan",NA,"Prop"
"Q94863011","Léonard Paris","Léonard Paris",1996-03-20,"Beaune",NA,NA,178,"Centre"
"Q94863509","Roger Lanta","Roger Lanta",1908-06-16,"Monein",1990-07-04,"Pau; Pyrénées-Atlantiques",164,"Centre"
"Q94875408","Roger Claudel","Roger Claudel",1911-04-10,"Chartres",1944-12-08,"Rammersmatt",NA,"2nd Row; 3rd Row"
"Q95001447","Matthieu Pélissier","Matthieu Pélissier",1981-10-27,"Aubergenville",NA,NA,193,"Flanker; Number 8"
"Q95148391","Thibaut Regard","Thibaut Regard",1993-08-06,NA,NA,NA,180,"Centre; Winger"
"Q95151707","Brahim Baffou","Brahim Baffou",1984-01-25,"Villeneuve-sur-Lot",NA,NA,177,"Prop; Hooker"
"Q95264695","Morgan Phelipponneau","Morgan Phelipponneau",1989-09-05,NA,NA,NA,185,"Prop"
"Q95421288","Nicolas Plazy","Nicolas Plazy",1994-05-17,"La Seyne-sur-Mer",NA,NA,188,"Winger; Fullback"
"Q95511719","Pierre Popelin","Pierre Popelin",1995-06-23,"Tours",NA,NA,181,"Fullback; Fly-Half"
"Q95614305","Maxim Cobîlaș","Maxim Cobîlaș",1986-08-12,"Soroca",NA,NA,185,"Prop"
"Q95692982","André Cussac","André Cussac",1909-08-21,"Arcachon",1978-01-21,"Bayonne",NA,"Winger"
"Q95697512","Gaston Combes","Gaston Combes",1920-02-29,"Toulouse",1989-08-28,"Albi",170,NA
"Q95721094","Pierre-Samuel Pacheco","Pierre-Samuel Pacheco",2000-04-16,NA,NA,NA,189,"Flanker"
"Q95754641","Frédéric Prégermain","Frédéric Prégermain",1966-04-06,"Nevers",2020-03-20,"Nevers",202,"2nd Row"
"Q95800777","Charles Hervoche","Charles Hervoche",1885-04-29,NA,1944-02-02,NA,NA,NA
"Q95971509","Jean-Bernard Pujol","Jean-Bernard Pujol",1992-04-11,"Toulouse",NA,NA,193,"Winger; Fullback"
"Q96046747","Joseph Griffard","Joseph Griffard",1905-11-13,"Limoges",1984-03-13,"Toulouse",183,NA
"Q96049688","Maurice Ravidat","Maurice Ravidat",1874-12-07,"1st arrondissement of Paris",1904-01-11,NA,NA,NA
"Q96050618","André Micq-Jouande","André Micq-Jouande",1909-06-13,"Navarrenx",1999-08-12,"Oloron-Sainte-Marie",NA,NA
"Q96051251","Cyprien Estoueigt","Cyprien Estoueigt",1910-08-31,"Saint-Jean-de-Luz",1964-01-09,"Bordeaux",NA,NA
"Q96064838","Élisée Domercq","Élisée Domercq",1905-08-09,"Bellocq",1986-06-21,"Gelos",NA,NA
"Q96065204","Georges Lavielle","Georges Lavielle",1906-09-28,"Orist",1982-07-09,"Dax; Landes",NA,"Hooker"
"Q96066488","Gilen Queheille","Gilen Queheille",1994-03-12,NA,NA,NA,177,"Scrum-Half"
"Q96091067","Albert Falwasser","Albert Falwasser",1902-02-17,"Marlborough; Auckland",1992-08-30,"Surfers Paradise; Queensland",NA,"Winger; Centre"
"Q96093510","Gabriel Quesmel","Gabriel Quesmel",1995-07-04,NA,NA,NA,193,"2nd Row; Flanker; Number 8"
"Q96109173","Joseph de Guanderax","Joseph de Guanderax",1888-02-03,NA,1916-10-19,NA,NA,NA
"Q96130462","Alban Ramette","Alban Ramette",1998-10-07,NA,NA,NA,188,"Centre"
"Q96130497","Tupou Vaa'i","Tupou Vaa'i",2000-01-27,"Auckland",NA,NA,198,"2nd Row"
"Q96141530","Jean-Marc Ravanel","Jean-Marc Ravanel",1972-11-09,NA,NA,NA,175,"Fullback; Fly-Half"
"Q96146052","Guy Vassal","Guy Vassal",1914-11-12,"Carcassonne",1980-12-21,"Marseille",171,"Fly-Half; Scrum-Half"
"Q96188559","Yoann Rayssac","Yoann Rayssac",1987-12-31,"Castres",NA,NA,186,"Prop"
"Q96200278","Didier Castex","Didier Castex",1907-07-29,"Dax; Landes",2004-04-30,"Dax; Landes",NA,"Fullback"
"Q96240635","Manuel Zuliani","Manuel Zuliani",2000-04-26,"Castelfranco Veneto",NA,NA,187,"Flanker"
"Q96263162","René Dassé","René Dassé",1925-12-31,NA,2003-06-28,NA,NA,NA
"Q96274577","William Rebeyrotte","William Rebeyrotte",1971-02-02,NA,NA,NA,188,"Prop"
"Q96308916","Thierry Réchou","Thierry Réchou",1970-09-02,NA,NA,NA,181,"Hooker"
"Q96313184","Feleti Kaitu'u","Feleti Kaitu'u",1994-12-30,"Newcastle; New South Wales",NA,NA,183,"Hooker"
"Q96322065","David Renard","David Renard",1968-03-25,"La Rochelle",NA,NA,181,"Centre"
"Q96358795","Jacopo Trulla","Jacopo Trulla",2000-07-05,"Vicenza",NA,NA,181,"Fullback; Winger"
"Q96361584","Pierre Bruno","Pierre Bruno",1996-06-28,"Genoa",NA,NA,178,"Winger"
"Q96372757","Clément Renaud","Clément Renaud",2000-01-03,NA,NA,NA,186,"Hooker"
"Q96391928","Marco Manfredi","Marco Manfredi",1997-09-18,"Freiburg im Breisgau",NA,NA,183,"Hooker"
"Q96401739","Rhys Davies","Rhys Davies",1998-11-09,"Swansea",NA,NA,198,"2nd Row; Flanker"
"Q96472250","Jean-Christophe Repon","Jean-Christophe Repon",1967-05-27,NA,NA,NA,176,"Centre"
"Q96473654","Marcel Daffis","Marcel Daffis",1911-01-13,"Villelongue-de-la-Salanque",1989-05-12,"Villeneuve-sur-Lot",NA,NA
"Q96473657","Henri Mounès","Henri Mounès",1907-02-10,"Nay; Pyrénées-Atlantiques",1990-07-31,"Biarritz",NA,"Fullback"
"Q96473661","Sylvain Claverie-Barbe","Sylvain Claverie-Barbe",1910-07-27,"Gelos",1989-08-12,"Nice",NA,"Prop"
"Q96482625","Claude Dufau","Claude Dufau",1946-04-29,"Itxassou",2021-06-09,"Dax; Landes",NA,"Centre"
"Q96490401","Jacobus van Tonder","Jacobus van Tonder",1998-03-03,"Bloemfontein",NA,NA,197,"2nd Row; Flanker; Number 8"
"Q96506386","Cormac Izuchukwu","Cormac Izuchukwu",2000-01-28,"London",NA,NA,200,"Flanker; 2nd Row"
"Q96574729","Florian Revert","Florian Revert",1997-02-18,"Toulon",NA,NA,202,"2nd Row"
"Q96619635","Nicolas Rey","Nicolas Rey",1972-03-15,"Carcassonne",NA,NA,180,"Hooker"
"Q96631006","Thibaud Rey","Thibaud Rey",1992-06-20,NA,NA,NA,198,"2nd Row"
"Q96650128","Christophe Reyes","Christophe Reyes",1976-01-13,NA,NA,NA,183,NA
"Q96694125","Jean-Louis Reyes","Jean-Louis Reyes",1951-05-18,NA,NA,NA,NA,"Fly-Half"
"Q96704072","Jean-Baptiste Cros","Jean-Baptiste Cros",1986-01-12,"Valence; Drôme",NA,NA,190,"Number 8; Flanker"
"Q96709686","Dylan Riley","Dylan Riley",1997-05-02,"Durban",NA,NA,187,"Centre; Winger"
"Q96713513","Éric August","Éric August",1950-08-10,NA,1998-03-10,NA,NA,"2nd Row"
"Q96744857","Luke Tagi","Luke Tagi",1997-06-23,"Vione",NA,NA,187,"Prop"
"Q96749856","Pierre Reynaud","Pierre Reynaud",1996-02-24,"Perpignan",NA,NA,193,"Flanker; Number 8"
"Q96760458","Lionel Rinck","Lionel Rinck",1973-01-14,NA,NA,NA,178,"Fly-Half"
"Q96773841","Jean-Pierre Fauvel","Jean-Pierre Fauvel",1956-02-09,NA,NA,NA,185,"Number 8"
"Q96907194","Misha Kelenjeridze","Misha Kelenjeridze",1988-01-07,NA,NA,NA,181,"Prop"
"Q96969872","Lionel Ringeval","Lionel Ringeval",1977-02-18,"Clermont-Ferrand",NA,NA,174,"Scrum-Half"
"Q97066449","Paolo Garbisi","Paolo Garbisi",2000-04-26,"Venice",NA,NA,183,"Fly-Half; Centre"
"Q97095953","Dave Porecki","Dave Porecki",1992-10-23,"Sydney",NA,NA,185,"Hooker"
"Q97120439","Eoghan Barrett","Eoghan Barrett",1999-05-31,NA,NA,NA,183,"Winger"
"Q97120503","Lekima Tagitagivalu","Lekima Tagitagivalu",1995-12-04,"Ba (town)",NA,NA,192,"Flanker; 2nd Row"
"Q97120959","Ignacio Calles","Ignacio Calles",1995-10-24,"Tandil",NA,NA,187,"Loosehead Prop; Hooker"
"Q97121313","Omar Odishvili","Omar Odishvili",1997-07-02,NA,NA,NA,188,"Loosehead Prop"
"Q97143853","Jacques Mazoin","Jacques Mazoin",1929-02-06,"Châteauneuf-sur-Charente",2020-07-09,"Bayonne",NA,NA
"Q97166835","Tom Willis","Tom Willis",1999-01-18,"Reading; Berkshire",NA,NA,192,"Number 8"
"Q97278759","André Rousse","André Rousse",1911-09-09,"Pau; Pyrénées-Atlantiques",1985-04-28,"Pau; Pyrénées-Atlantiques",NA,"Prop; 2nd Row"
"Q97285212","Alain Teixidor","Alain Teixidor",1952-03-28,"Perpignan",NA,NA,170,"Centre"
"Q97292825","André Carrère","André Carrère",1924-03-06,"Villeneuve-de-Marsan",2015-02-21,"Biganos",NA,NA
"Q97383145","Matt Beukeboom","Matt Beukeboom",1997-04-03,"Canada",NA,NA,196,"2nd Row; Flanker"
"Q97392309","Pierre Dupouy","Pierre Dupouy",1996-10-14,NA,NA,NA,179,"Centre"
"Q97440614","Jules Soulan","Jules Soulan",1994-06-16,"L'Isle-d'Espagnac",NA,NA,181,"Fly-Half"
"Q97445879","Sabri El Ghoul","Sabri El Ghoul",1996-05-31,"Toulon",NA,NA,198,"2nd Row"
"Q97653901","Teddy Leffler","Teddy Leffler",1998-03-27,NA,NA,NA,180,"Prop"
"Q98057650","Bastien Tugayé","Bastien Tugayé",2000-02-01,"Tarbes",NA,NA,185,"Centre"
"Q98060794","Gaston Dubois","Gaston Dubois",1930-05-25,"Boucau",NA,NA,184,"Flanker"
"Q98147268","Zane Nonggorr","Zane Nonggorr",2001-03-30,"Cairns",NA,NA,186,"Tighthead Prop"
"Q98149994","Daniel Labadie","Daniel Labadie",1925-03-01,"Saint-Martin-de-Seignanx",1988-05-02,"Heugas",178,"Number 8"
"Q98233613","Mesake Doge","Mesake Doge",1993-04-01,"Nadogo",NA,NA,178,"Prop"
"Q98348341","Josh Lord","Josh Lord",2001-01-17,"Auckland",NA,NA,202,"2nd Row"
"Q98547846","Julien Blanc","Julien Blanc",1992-10-04,"Paris",NA,NA,175,"Scrum-Half"
"Q98649578","Jean Foussat","Jean Foussat",1931-12-14,"Brive-la-Gaillarde",2015-03-03,"Brive-la-Gaillarde",175,"Winger; Centre"
"Q98755201","Tom Clarkson","Tom Clarkson",2000-02-22,"Dublin",NA,NA,183,"Tighthead Prop"
"Q98795441","Marshall Sykes","Marshall Sykes",1999-12-29,"Woodbridge; Suffolk",NA,NA,200,"2nd Row"
"Q98800472","Diarmuid Kilgallen","Diarmuid Kilgallen",2000-08-03,"Eadestown",NA,NA,193,"Winger"
"Q98884823","Cameron Henderson","Cameron Henderson",2000-01-13,"Hong Kong",NA,NA,200,"2nd Row"
"Q98926214","Anton Segner","Anton Segner",2001-07-24,"Frankfurt",NA,NA,192,"3rd Row"
"Q98940352","Matthys Gratien","Matthys Gratien",1999-02-15,"Bondy",NA,NA,170,"Winger"
"Q98959321","Iván Nemer","Ivan Nemer",1998-04-22,"Mar del Plata",NA,NA,180,"Prop"
"Q98959324","Gianmarco Lucchesi","Gianmarco Lucchesi",2000-09-10,"Pisa",NA,NA,183,"Hooker"
"Q98962219","Henri Sorondo","Henri Sorondo",1918-02-25,"Hendaye",1998-03-21,"Bayonne",NA,"Centre"
"Q98962785","Sam Moli","Sam Moli",1998-12-24,"Gisborne; New Zealand",NA,NA,185,"Hooker"
"Q99208658","Paul Boudehent","Paul Boudehent",1999-11-21,"Angers",NA,NA,192,"Flanker"
"Q99628893","Te Ahiwaru Cirikidaveta","Te Ahiwaru Cirikidaveta",1998-04-12,"Te Araroa (town)",NA,NA,194,"2nd Row; Number 8"
"Q99733511","Albert Kaemph","Albert Kaemph",1921-03-31,"Itxassou",2013-10-31,"Ciboure",NA,"Centre; Winger"
"Q99937592","Ruben Love","Ruben Love",2001-04-28,"Wellington",NA,NA,183,"Fullback; Fly-Half"
"Q100145545","Adrea Cocagi","Adrea Cocagi",1994-03-01,"Fiji",NA,NA,185,"Centre"
"Q100145614","Maxime Oltmann","Maxime Oltmann",1995-12-28,"Port Vila",NA,NA,190,"Winger"
"Q100146692","Cristian Ojovan","Cristian Ojovan",1997-01-04,"Soroca",NA,NA,183,"Tighthead Prop"
"Q100152219","Georges-Henri Colombe","Georges-Henri Colombe",1998-04-09,"Nanterre",NA,NA,193,"Tighthead Prop"
"Q100230989","Thomas Fuller Potter","Thomas Fuller Potter",1865-12-05,"Paris",1948-07-03,"New York City",165,"Forward"
"Q100251660","Thaakir Abrahams","Thaakir Abrahams",2000-01-10,"Paarl",NA,NA,175,"Winger; Fullback"
"Q100269227","David Kriel","David Kriel",1999-02-15,"Potchefstroom",NA,NA,195,"Centre; Fullback; Winger"
"Q100269559","Tamaiti Williams","Tamaiti Williams",2000-08-10,"Whangārei",NA,NA,196,"Prop"
"Q100272110","Hugues Bastide","Hugues Bastide",1991-11-24,"Rodez",NA,NA,183,"Flanker"
"Q100316628","Apenisa Kurisaqila",NA,NA,NA,NA,NA,NA,NA
"Q100319806","Thomas Potter","Tom Potter",1882-08-31,NA,NA,NA,185,NA
"Q100454741","Lee Seung-Sin","Lee Seung-sin李 承信",2001-01-13,"Hyōgo Prefecture",NA,NA,176,"Fly-Half"
"Q100708565","Josh Hodge","Josh Hodge",2000-05-23,"Lancaster; Lancashire",NA,NA,189,"Fullback; Winger"
"Q100724880","Ollie Lawrence","Ollie Lawrence",1999-09-18,"Birmingham",NA,NA,180,"Centre"
"Q100745195","Yannick Youyoutte","Yannick Youyoutte",1999-08-30,"Les Abymes",NA,NA,197,"2nd Row; Flanker"
"Q100801739","Tom Darlet","Tom Darlet",1996-08-06,"Saint-Paul; Réunion",NA,NA,190,"3rd Row"
"Q100889956","Cian Prendergast","Cian Prendergast",2000-02-23,"Kildare",NA,NA,196,"Flanker; Number 8"
"Q100912695","Josh Wycherley","Josh Wycherley",1999-07-22,"Bantry",NA,NA,183,"Loosehead Prop"
"Q100998846","Melvyn Jaminet","Melvyn Jaminet",1999-06-30,"Hyères",NA,NA,180,"Fullback"
"Q100998869","Enzo Hervé","Enzo Hervé",1998-10-13,"Le Bugue",NA,NA,177,"Fly-Half"
"Q101006672","Ollie Chessum","Ollie Chessum",2000-09-06,"Boston; Lincolnshire",NA,NA,200,"2nd Row; Flanker; Number 8"
"Q101064427","Ben-Jason Dixon","Ben-Jason Dixon",1998-04-29,"Cape Town",NA,NA,198,"Flanker; 2nd Row"
"Q101072735","Lucas Poirson","Lucas Poirson",1999-12-09,NA,NA,NA,180,"Winger"
"Q101072750","Marvin Woki","Marvin Woki",1996-11-13,NA,NA,NA,196,"2nd Row"
"Q101077976","William Pees","William Pees",1993-08-06,"Pau; Pyrénées-Atlantiques",NA,NA,190,"Fly-Half"
"Q101078445","Mathieu Berbizier","Mathieu Berbizier",1996-09-15,"Lannemezan",NA,NA,181,"Fullback"
"Q101079491","Dimitri Delibes","Dimitri Delibes",1999-03-17,"Toulouse",NA,NA,190,"Centre; Winger"
"Q101083673","Ullrich Pretorius","Ullrich Pretorius",1988-11-21,NA,NA,NA,186,"Hooker"
"Q101083959","Setareki Bituniyata","Setareki Bituniyata",1995-08-12,"Suva",NA,NA,194,"Winger; Centre"
"Q101083993","Baptiste Couchinave","Baptiste Couchinave",1998-01-25,"Préchacq-Josbaig",NA,NA,183,"Centre"
"Q101086189","Atu Manu","Atu Manu",1998-07-24,"Tofua",NA,NA,186,"Winger; Centre"
"Q101089967","Morgan Rubio","Morgan Rubio",1991-02-12,NA,NA,NA,178,"Winger"
"Q101090335","Sven d'Hooghe","Sven d'Hooghe",1997-03-06,NA,NA,NA,200,"2nd Row; Flanker"
"Q101130033","Joe Hawkins","Joe Hawkins",2002-06-11,"Swansea",NA,NA,183,"Centre"
"Q101202447","Iñaki Mateu","Iñaki Mateu",1997-03-17,NA,NA,NA,177,"Centre; Fullback"
"Q101437795","Serupepeli Vularika","Serupepeli Vularika",1990-04-29,"Naqarani",NA,NA,160,"Centre; Scrum-Half; Fly-Half; Fullback"
"Q101515848","Lucio Cinti","Lucio Cinti",2000-02-23,"La Plata",NA,NA,190,"Centre; Winger; Fullback"
"Q101579895","Wesley Douglas","Wesley Douglas",1996-11-28,"Stoke-on-Trent",NA,NA,183,"Centre; Winger"
"Q101657401","Thomas Ahern","Thomas Ahern",2000-02-22,"Ardmore; County Waterford",NA,NA,206,"2nd Row; Flanker"
"Q101666367","Reinhardt Fortuin","Reinhardt Fortuin",1996-01-30,"Pretoria",NA,NA,180,"Centre; Fly-Half"
"Q101853091","Johnny Dyer","Johnny Dyer",1992-02-06,"Sydney",NA,NA,190,"Number 8; Flanker; 2nd Row"
"Q101856088","Yohan Beheregaray","Yohan Beheregaray",1996-05-29,"Arudy",NA,NA,180,"Hooker"
"Q102011629","Kitione Kamikamica","Kitione Kamikamica",1996-04-27,NA,NA,NA,188,"Number 8; Flanker"
"Q102045544","Rory Darge","Rory Darge",2000-02-23,"Edinburgh",NA,NA,186,"Flanker"
"Q102046790","Teddy Williams","Teddy Williams",2000-10-18,"Cardiff",NA,NA,198,"2nd Row"
"Q102115943","Phil Kite","Phil Kite",1993-04-24,"Auckland",NA,NA,185,"Prop"
"Q102129066","Yoram Moefana","Yoram Moefana",2000-07-18,"Nouméa",NA,NA,182,"Centre; Winger"
"Q102175925","Fabien Vial","Fabien Vial",1995-05-21,NA,NA,NA,183,"Prop"
"Q102177135","Loris Tolot","Loris Tolot",1993-03-03,NA,NA,NA,185,"Winger; Fullback"
"Q102213322","Daniel Orso","Daniel Orso",1997-06-22,NA,NA,NA,196,"2nd Row"
"Q102242422","Maile Mamao","Maile Mamao",1996-01-07,NA,NA,NA,188,"Winger; Centre"
"Q102293334","François Bourdrel","François Bourdrel",1980-10-18,NA,NA,NA,185,"3rd Row"
"Q102346594","Thomas Acquier","Thomas Acquier",1989-11-21,"Béziers",NA,NA,181,"Hooker"
"Q102426712","Raffaele Storti","Raffaele Costa Storti",2000-12-19,"Lisbon",NA,NA,183,"Winger"
"Q102735094","Mason Grady","Mason Grady",2002-03-29,"Cardiff",NA,NA,196,"Centre; Winger"
"Q102823618","Tommaso Menoncello","Tommaso Menoncello",2002-08-20,"Treviso",NA,NA,188,"Centre; Winger"
"Q102982833","Joseph Suaalii","Joseph Sua'ali'i",2003-08-01,"Penrith; New South Wales",NA,NA,196,"Centre"
"Q103046103","Bradley Roberts","Bradley Roberts",1996-01-06,"Durban",NA,NA,175,"Hooker"
"Q103046384","Alessandro Fusco","Alessandro Fusco",1999-10-28,"Naples",NA,NA,185,"Scrum-Half"
"Q103096127","Kevin Krieger","Kevin Krieger",1998-09-11,NA,NA,NA,194,"3rd Row"
"Q103189854","David Weersma","David Weersma",1996-04-09,NA,NA,NA,187,"Centre; Fly-Half"
"Q103212954","Jasey van Kampen","Jasey van Kampen",1998-07-11,"The Hague",NA,NA,182,"Fly-Half; Fullback"
"Q103406440","Julius Nostadt","Julius Nostadt",1992-10-12,"Heidelberg",NA,NA,180,"Prop"
"Q103437056","Christopher Hilsenbeck","Christopher Hilsenbeck",1992-01-10,NA,NA,NA,184,"Fly-Half"
"Q103471115","Alessandro Izekor","Alessandro Izekor",2000-03-05,"Brescia",NA,NA,196,"Flanker"
"Q103513757","Mirko Garčević","Mirko Garčević",1997-01-22,NA,NA,NA,193,"3rd Row; 2nd Row"
"Q103528946","Eric Marks","Eric Marks",1996-12-09,"Germany",NA,NA,196,"2nd Row; 3rd Row"
"Q103714092","Kerman Aurrekoetxea","Kerman Aurrekoetxea",2000-05-04,"Getxo",NA,NA,175,"Scrum-Half"
"Q103716276","Fletcher Newell","Fletcher Newell",2000-03-01,"Rangiora",NA,NA,186,"Prop"
"Q103716744","Taine Plumtree","Taine Plumtree",2000-03-09,"Swansea",NA,NA,195,"Flanker; Number 8; 2nd Row"
"Q103759411","Zani Dembele","Zani Dembele",1998-06-01,"Bobo-Dioulasso",NA,NA,185,"Winger"
"Q103791735","Martín Alonso Muñoz","Martín Alonso",1999-12-02,"Valladolid",NA,NA,185,"Winger"
"Q103820132","Corentin Braendlin","Corentin Braendlin",1994-04-29,NA,NA,NA,198,"2nd Row"
"Q103821976","Thomas Wallraf","Thomas Wallraf",1998-01-21,NA,NA,NA,NA,"Winger"
"Q103824386","András Bárdos","András Bárdos",1990-08-17,NA,NA,NA,198,"2nd Row"
"Q103827001","Tyren Kroos","Tyren Kroos",2000-02-14,"Lisse",NA,NA,195,"Centre"
"Q103829931","Joshua Brennan","Joshua Brennan",2001-11-28,"Dublin",NA,NA,199,"2nd Row"
"Q103832789","Louis Foursans-Bourdette","Louis Foursans-Bourdette",2002-01-29,"Nîmes",NA,NA,170,"Fly-Half"
"Q103842695","Giacomo Nicotera","Giacomo Nicotera",1996-07-15,"Trieste",NA,NA,183,"Hooker"
"Q103843176","Ximun Bessonart","Ximun Bessonart",1997-02-15,"Bayonne",NA,NA,181,"Prop"
"Q103847754","Jan-Hendrik Wessels","Jan-Hendrik Wessels",2001-05-08,"Bloemfontein",NA,NA,193,"Hooker; Loosehead Prop"
"Q103940219","Davit Niniashvili","Davit Niniashvili",2002-07-14,"Tbilisi",NA,NA,186,"Winger; Fullback"
"Q103958661","Kalani Robert","Kalani Robert",2001-01-27,"Hyères",NA,NA,183,"Winger"
"Q104006957","Théo Costossèque","Théo Costossèque",2000-04-26,"Bayonne",NA,NA,191,"Centre"
"Q104006960","Maxime Jadot","Maxime Jadot",1991-01-06,NA,NA,NA,182,"Prop"
"Q104007557","Nolann Le Garrec","Nolann Le Garrec",2002-05-14,"Vannes",NA,NA,175,"Scrum-Half"
"Q104028003","Gillian Benoy","Gillian Benoy",1995-05-08,NA,NA,NA,NA,"2nd Row"
"Q104037625","Temo Mayanavanua","Temo Mayanavanua",1997-11-09,"Bau (island)",NA,NA,197,"2nd Row; Flanker"
"Q104053433","Edmond Vellat","Edmond Vellat",1897-02-14,"Chambéry",1996-06-03,"Grenoble",172,"Winger"
"Q104054614","Diogo Hasse Ferreira","Diogo Hasse Ferreira",1996-10-17,NA,NA,NA,176,"Prop"
"Q104063478","Benjamin Doy","Benjamin Doy",1993-09-13,"Nantua",NA,NA,173,"Centre"
"Q104094380","Alfie Barbeary","Alfie Barbeary",2000-10-05,"Banbury",NA,NA,187,"Number 8; Flanker"
"Q104127727","Lee-Marvin Mazibuko","Lee-Marvin Mazibuko",1997-10-12,"Newcastle; KwaZulu-Natal",NA,NA,179,"Tighthead Prop"
"Q104128394","Tristan Leyds","Tristan Leyds",1997-05-24,NA,NA,NA,NA,NA
"Q104144838","Stan van den Hoven","Stan van den Hoven",1998-11-22,NA,NA,NA,202,"2nd Row"
"Q104147000","Jaden Hendrikse","Jaden Hendrikse",2000-03-23,"Durban",NA,NA,184,"Scrum-Half"
"Q104149678","Angel Durango","Angel Durango",1995-01-15,NA,NA,NA,183,"Prop"
"Q104175954","Anton Drozdov","Anton Drozdov",1996-10-08,"Russia",NA,NA,195,"Prop; 3rd Row"
"Q104178828","Ben Carter","Ben Carter",2001-01-23,"Crowborough",NA,NA,197,"2nd Row"
"Q104377382","Hubert Texier","Hubert Texier",2000-04-18,NA,NA,NA,185,"3rd Row"
"Q104381927","Philippe Lebel","Philippe Lebel",1954-05-22,"Pomarez",NA,NA,170,"Centre"
"Q104413472","Ian Kitwanga","Ian Kitwanga",1999-02-21,NA,NA,NA,200,"Flanker; 2nd Row"
"Q104418076","Grigor Kerdikoshvili","Grigor Kerdikoshvili",1994-11-15,"Gori; Georgia",NA,NA,194,"2nd Row; 3rd Row"
"Q104529994","Alexander Ivanov","Alexander Ivanov",1990-11-04,"Monino",NA,NA,182,"Hooker"
"Q104530567","Paul Abadie","Paul Abadie",1994-07-28,NA,NA,NA,176,"Scrum-Half"
"Q104534792","Ben Moxham","Ben Moxham",2001-06-09,"Larne",NA,NA,191,"Centre; Winger"
"Q104535295","Jamie Blamire","Jamie Blamire",1997-12-22,"Seaton; Cumbria",NA,NA,185,"Hooker"
"Q104536860","Adam Radwan","Adam Radwan",1997-12-30,"Osmotherley; North Yorkshire",NA,NA,179,"Winger"
"Q104537226","Gabriel Oghre","Gabriel Oghre",1998-05-25,"London",NA,NA,178,"Hooker; Flanker"
"Q104553239","Will Porter","Will Porter",1998-12-14,"Philadelphia",NA,NA,173,"Scrum-Half"
"Q104587478","Mike Saint Claire","Mike Saint Claire",1989-08-02,"Medford; New York",NA,NA,178,"Winger"
"Q104625144","Alistair Crossdale","Ali Crossdale",1998-01-09,"Manchester",NA,NA,184,"Winger; Fullback"
"Q104632462","Jack Crowley","Jack Crowley",2000-01-13,"Innishannon",NA,NA,185,"Fly-Half; Centre; Fullback"
"Q104634453","Nathan Doak","Nathan Doak",2001-12-17,"Lisburn",NA,NA,185,"Scrum-Half; Fly-Half"
"Q104640934","Vivien Devisme","Vivien Devisme",1992-03-23,"Calais",NA,NA,175,"Prop"
"Q104661510","Charlesty Berguet","Charlesty Berguet",2000-01-13,"Ixelles",NA,NA,NA,"Prop"
"Q104661511","Shamil Magomedov","Chamil Magomedov",1987-04-17,"Makhachkala",NA,NA,173,"Hooker"
"Q104690723","Richard Aho","Richard Aho",1987-01-24,NA,NA,NA,191,"Prop"
"Q104698936","Baptiste Gay","Baptiste Gay",1990-03-21,NA,NA,NA,198,"2nd Row"
"Q104716707","Martin Wognitsch","Martin Wognitsch",1988-11-22,NA,NA,NA,196,"2nd Row"
"Q104720487","Alamanda Motuga","Alamanda Motuga",1994-09-11,NA,NA,NA,180,"Flanker"
"Q104731085","José Madeira","José Madeira",2001-03-19,"Lisbon",NA,NA,195,"2nd Row; Flanker"
"Q104759361","Raphaël Gillot-Jouannet","Raphaël Gillot-Jouannet",1989-02-07,NA,NA,NA,191,"Centre"
"Q104766301","Luke Northmore","Luke Northmore",1997-03-16,"Plymouth",NA,NA,188,"Centre; Winger"
"Q104768094","Kemsley Mathias","Kemsley Mathias",1999-07-29,"Haverfordwest",NA,NA,185,"Loosehead Prop"
"Q104777867","Ramon Ayarza","Ramon Ayarza",1993-08-28,"Santiago",NA,NA,186,"Prop; Hooker"
"Q104779184","Simon Pardakhty","Simon Pardakhty",1991-06-05,NA,NA,NA,184,"3rd Row; Centre"
"Q104791629","Jean Ric-Lombard","Jean Ric-Lombard",1992-02-12,NA,NA,NA,170,"Fullback; Fly-Half"
"Q104797152","Anthony Bousquet","Anthony Bousquet",1989-06-25,NA,NA,NA,187,"Prop"
"Q104806327","Luiz Gustavo Vieira","Luiz Gustavo Vieira",1994-07-14,"São José dos Campos",NA,NA,195,"2nd Row"
"Q104808105","Sebastián Poet","Sebastián Poet",1992-10-20,"Rosario",NA,NA,188,"Fly-Half"
"Q104821864","Vicente del Hoyo","Vicente del Hoyo",1996-02-15,NA,NA,NA,180,"Hooker"
"Q104821998","Max Spring","Max Spring",2001-03-15,"Saint-Palais; Pyrénées-Atlantiques",NA,NA,173,"Fullback"
"Q104834350","Thomas Gallo","Thomas Gallo",1999-04-30,"San Miguel de Tucumán",NA,NA,176,"Prop"
"Q104834830","Rome Nifo Taelega","Rome Nifo Taelega",1984-03-25,NA,NA,NA,198,"2nd Row; 3rd Row"
"Q104836439","Ross Thompson","Ross Thompson",1999-04-10,"Edinburgh",NA,NA,183,"Fly-Half; Fullback"
"Q104839558","Dan Kelly","Dan Kelly",2001-06-16,"Rochdale",NA,NA,185,"Centre"
"Q104840021","Dan Sheehan","Dan Sheehan",1998-09-17,"Dublin",NA,NA,191,"Hooker"
"Q104842698","Kamilieni Raivono","Kamilieni Raivono",1996-05-13,NA,NA,NA,185,"Winger"
"Q104842706","Roger Baqué","Roger Baqué",1925-05-20,"Aignan; Gers",2013-02-24,"La Tronche",180,"Fly-Half"
"Q104851139","Claude Boniface","Claude Boniface",1930-03-05,"Tercis-les-Bains",2002-05-14,"Dax; Landes",165,"Fly-Half"
"Q104873400","Ollie Smith","Ollie Smith",2000-08-07,"Prestwick",NA,NA,188,"Fullback; Winger; Centre"
"Q104884593","Matt Faessler","Matt Faessler",1998-12-21,"Toowoomba",NA,NA,183,"Hooker"
"Q104902533","Edoardo Iachizzi","Edoardo Iachizzi",1998-05-26,"Rome",NA,NA,196,"Flanker; 2nd Row"
"Q104905044","Baptiste Cariat","Baptiste Cariat",1989-04-11,"Soyaux",NA,NA,188,"Fly-Half; Centre"
"Q104914674","Gaëtan Barlot","Gaëtan Barlot",1997-04-13,"Beaumont; Puy-de-Dôme",NA,NA,184,"Hooker"
"Q104919578","Sébastien Laulhé","Sébastien Laulhé",1989-02-11,NA,NA,NA,186,"3rd Row"
"Q104919958","Élie Bonal","Élie Bonal",1945-02-12,"Saint-Mamet-la-Salvetat",NA,NA,NA,"Winger"
"Q104969014","Ewan Ashman","Ewan Ashman",2000-04-03,"Toronto",NA,NA,185,"Hooker"
"Q104986843","Serge Tonus","Serge Tonus",1927-10-26,"Chiarano",2017-06-19,"Montpellier",180,"2nd Row; 3rd Row"
"Q105004202","Jean-Pierre Sauret","Jean-Pierre Sauret",1946-01-29,"Aurillac",2000-07-27,"Octon; Hérault",NA,NA
"Q105004243","Michel Moussard","Michel Moussard",1944-02-26,"Triel-sur-Seine",NA,NA,NA,"Prop"
"Q105020903","Roger Gardon","Roger Gardon",1945-09-13,"Malaucène",2017-12-16,"Avignon",NA,"Centre; Fly-Half"
"Q105038045","Guy Husson","Guy Husson",1931-11-22,"Toulouse",2015-07-26,"Toulouse",NA,NA
"Q105047221","André Lacaze","André Lacaze",1930-12-14,NA,NA,NA,NA,NA
"Q105069579","Charlie Atkinson","Charlie Atkinson",2001-10-06,"Basingstoke",NA,NA,183,"Fly-Half; Fullback; Centre"
"Q105078140","Pascal Eito","Pascal Eito",1929-06-21,"Mauléon-Licharre",1982-04-04,"Villeneuve-sur-Lot",NA,"Scrum-Half; Fullback"
"Q105079670","Lovejoy Chawatama","Lovejoy Chawatama",1992-08-26,"Harare",NA,NA,179,"Tighthead Prop"
"Q105080704","Quentin Witt","Quentin Witt",1990-03-16,NA,NA,NA,192,"3rd Row"
"Q105105302","Erwan Nicolas","Erwan Nicolas",1995-05-04,NA,NA,NA,170,"Scrum-Half"
"Q105122481","Patrick Barthélémy","Patrick Barthélémy",1963-10-07,"Casablanca",NA,NA,179,"Fly-Half; Fullback"
"Q105136203","Timilai Rokoduru","Timilai Rokoduru",1993-01-21,"Suva",NA,NA,191,"Winger; Centre; Flanker"
"Q105155401","Carwyn Tuipulotu","Carwyn Tuipulotu",2001-09-28,"Abergavenny",NA,NA,188,"Number 8"
"Q105223054","Clément Briscadieu","Clément Briscadieu",1989-11-10,"Auch",NA,NA,173,"Scrum-Half"
"Q105223202","Jean-Marc Bourret","Jean-Marc Bourret",1957-05-19,"Perpignan",NA,NA,NA,"Centre; Fly-Half"
"Q105239659","Djakaria Sanoko","Djakaria Sanoko",1963-09-29,"Abidjan",NA,NA,195,"2nd Row"
"Q105258264","Warner Dearns","Warner Dearns",2002-04-11,"Wellington",NA,NA,202,"2nd Row"
"Q105297014","Thomas Fortunel","Thomas Fortunel",1995-06-07,"Montauban",NA,NA,178,"Fly-Half"
"Q105297469","Luc Brocas","Luc Brocas",2001-09-23,NA,NA,NA,180,"Centre"
"Q105334250","George Martin","George Martin",2001-06-18,"Nottingham",NA,NA,198,"Flanker; 2nd Row; Number 8"
"Q105336965","Romain Chabat","Romain Chabat",1989-01-10,NA,NA,NA,177,"Centre"
"Q105363682","Roméo Ponge Prince","Roméo Ponge Prince",1995-09-28,NA,NA,NA,188,"3rd Row"
"Q105364618","Julien Tisseron","Julien Tisseron",1995-08-12,NA,NA,NA,183,"Winger; Fullback"
"Q105393455","Hugo le Gall","Hugo Le Gall",1999-06-16,"Brest; France",NA,NA,178,"Fullback; Winger"
"Q105394257","Fernando López","Fernando López",1986-03-14,"Buenos Aires",NA,NA,180,"Prop"
"Q105396066","Ermes Tarozzi","Ermes Tarozzi",1926-09-27,"Nérac",2014-02-03,"Agen",NA,"Prop"
"Q105414518","Martin Stanley","Martin Stanley",1969-01-12,NA,NA,NA,178,"Centre; Fly-Half"
"Q105426686","Lawrence Petrus","Lawrence Petrus",1994-04-08,"Tawau",NA,NA,178,"Prop"
"Q105451445","Baltazar Taibo","Baltazar Taibo",1997-01-30,NA,NA,NA,184,"Fly-Half; Fullback"
"Q105457093","Facundo Dominguez","Facundo Dominguez",1997-01-04,NA,NA,NA,190,"3rd Row"
"Q105484789","Jean Loustau","Jean Loustau",1901-04-29,"Dax; Landes",1958-01-25,"Dax; Landes",NA,"Scrum-Half"
"Q105487331","Jean-Luc Ramandou","Jean-Luc Ramandou",1963-03-15,"Toulouse",2005-06-30,"Toulouse",NA,"Winger"
"Q105511856","Pat Lynott","Pat Lynott",1995-08-19,"Chelsea; Quebec",NA,NA,178,"Prop"
"Q105514869","Antoine Roger","Antoine Roger",1986-04-15,NA,NA,NA,185,"Centre"
"Q105556025","Rodrigo Fernández","Rodrigo Fernández",1996-02-08,"Santiago",NA,NA,183,"Fullback; Fly-Half"
"Q105581833","Ilaisa Droasese","Ilaisa Droasese",1999-09-13,"Nadroga-Navosa Province",NA,NA,185,"Fullback; Winger; Centre"
"Q105668843","Antoine Renaud","Antoine Renaud",1990-10-09,"Carcassonne",NA,NA,177,"Fly-Half; Fullback"
"Q105693045","Nathan Decron","Nathan Decron",1998-02-17,"Nérac",NA,NA,184,"Centre"
"Q105693864","Julien Sarraute","Julien Sarraute",1979-05-08,"Toulouse",NA,NA,175,"Centre"
"Q105701010","TJ Maguranyanga","TJ Maguranyanga",2002-12-22,"Harare",NA,NA,195,"Fullback; Winger"
"Q105710405","HO de Villiers","HO de Villiers",1945-03-10,NA,2022-02-20,NA,NA,NA
"Q105720319","Célestin N'Gbala","Célestin N'Gbala",1971-05-18,"Abidjan",NA,NA,183,"Winger"
"Q105722856","Gregor Brown","Gregor Brown",2001-07-01,"Aberdeen",NA,NA,191,"Flanker; 2nd Row"
"Q105744384","Samipeni Finau","Samipeni Finau",1999-05-10,"Nukuʻalofa",NA,NA,193,"Flanker; Number 8; 2nd Row"
"Q105752510","Henri Riu","Henri Riu",1920-01-26,"Perpignan",2014-01-24,"Roanne",177,"Prop; Hooker"
"Q105756359","Thibault Berthaud","Thibault Berthaud",1997-04-12,NA,NA,NA,179,"Prop"
"Q105805557","Frédéric Nibelle","Frédéric Nibelle",1966-06-06,"Grenoble",NA,NA,198,"2nd Row"
"Q105807479","Matthias Halagahu","Matthias Halagahu",2001-08-15,"Fréjus",NA,NA,194,"2nd Row"
"Q105807917","Dany Antunes","Dany Antunes",1997-09-15,NA,NA,NA,173,"Fullback; Winger"
"Q105816774","Alain Gély","Alain Gély",1963-01-25,NA,NA,NA,181,"Fullback; Centre"
"Q105821298","Fréderic Aimard","Frédéric Aimard",1974-04-24,"Albertville",NA,NA,184,"Prop; Hooker"
"Q105822596","Paul Graou","Paul Graou",1997-07-25,"Auch",NA,NA,177,"Scrum-Half"
"Q105825269","Marius Domon","Marius Domon",2002-06-13,NA,NA,NA,183,"Fullback"
"Q105834664","Samuel Nollet","Samuel Nollet",2001-08-02,NA,NA,NA,186,"Number 8"
"Q105834667","Alexandre Plantier","Alexandre Plantier",1991-12-19,"Rennes",NA,NA,180,"Prop; Hooker"
"Q105839713","Simon Desaubies","Simon Desaubies",1999-11-30,NA,NA,NA,186,"Fly-Half; Fullback; Centre"
"Q105840210","Hervé Labat","Hervé Labat",1970-06-21,"Tartas",NA,NA,175,"Fly-Half"
"Q105882318","Matteo Rodor","Matteo Rodor",1999-07-04,NA,NA,NA,170,"Fly-Half"
"Q105906301","Rémi Picquette","Rémi Picquette",1995-02-23,"La Chapelle-d'Armentières",NA,NA,200,"2nd Row"
"Q105955391","Courtney Smith","Courtney Smith",1971-04-14,"Kingston; Jamaica",NA,NA,NA,"Winger"
"Q105964898","Daniel Bibi Biziwu","Daniel Bibi Biziwu",2001-08-29,"Viry-Châtillon",NA,NA,183,"Loosehead Prop"
"Q105968748","Manuel Mora","Manuel Mora",1985-03-08,"Santander; Spain",NA,NA,188,"2nd Row; 3rd Row"
"Q105979289","Laurent Guétard","Laurent Guétard",1972-03-24,NA,NA,NA,192,"Fly-Half"
"Q105979295","Matt Va'ai","Matt Va'ai",1992-02-28,"Dunedin",NA,NA,193,"3rd Row; 2nd Row"
"Q105980188","Pierre Klur","Pierre Klur",1987-12-12,NA,NA,NA,191,"Fullback; Winger"
"Q105987902","Théo Entraygues","Théo Entraygues",1993-10-16,NA,NA,NA,170,"Scrum-Half"
"Q105989960","Anthony Alvès","Anthony Alvès",1989-06-23,"Oyonnax",NA,NA,185,"Prop"
"Q106014019","Bittor Aboitiz","Bittor Aboitiz",1988-10-05,"Bilbao",NA,NA,180,"Prop"
"Q106017031","Joe Apikotoa","Joe 'Apikotoa",1996-07-18,"Wellington",NA,NA,191,"Prop"
"Q106080722","Gauthier Barès","Gauthier Barès",1995-03-09,NA,NA,NA,NA,"Winger; Fullback"
"Q106084829","Victor Cendre","Victor Cendre",1998-07-14,NA,NA,NA,NA,"Prop"
"Q106107803","Andrea Rabago","Andrea Rabago",1996-05-13,NA,NA,NA,176,"Fly-Half; Centre; Winger"
"Q106129448","Jérémy To'a","Jérémy To'a",1996-08-30,"Hausen AG",NA,NA,184,"Centre"
"Q106129471","Charlie Savala","Charlie Savala",2000-04-21,"Sydney",NA,NA,193,"Fly-Half; Centre"
"Q106177616","Trevor Davison","Trevor Davison",1992-08-20,"Newcastle upon Tyne",NA,NA,188,"Prop"
"Q106177637","Louis Lynagh","Louis Lynagh",2000-12-03,"Treviso",NA,NA,187,"Winger"
"Q106178887","Will Muir","Will Muir",1995-10-30,"Middlesbrough",NA,NA,187,"Winger"
"Q106179029","Dino Lamb","Dino Lamb",1998-04-18,"Warwickshire",NA,NA,196,"2nd Row; Flanker; Number 8"
"Q106189203","Bruno Vliegen","Bruno Vliegen",2001-07-03,NA,NA,NA,178,"Prop"
"Q106190314","Alex Coles","Alex Coles",1999-09-21,"Cambridge",NA,NA,206,"2nd Row; Flanker"
"Q106190371","Tommy Freeman","Tommy Freeman",2001-03-05,"Oxford",NA,NA,188,"Winger; Fullback; Centre"
"Q106201958","Thomas Dienst","Thomas Dienst",1987-01-19,NA,NA,NA,185,"Hooker"
"Q106211466","Raffi Quirke","Raffi Quirke",2001-08-18,"Manchester",NA,NA,178,"Scrum-Half"
"Q106225488","Nic Dolly","Nic Dolly",1999-06-11,"Sydney",NA,NA,183,"Hooker"
"Q106231724","Nathan Bontems","Nathan Bontems",1994-07-22,NA,NA,NA,181,"Centre"
"Q106232067","Giorgi Babunashvili","Giorgi Babunashvili",1995-11-15,NA,NA,NA,184,"Fly-Half"
"Q106232085","Romain Mareuil","Romain Mareuil",1989-05-22,NA,NA,NA,183,"Hooker"
"Q106232090","Cédric Wieme","Cédric Wieme",1999-06-20,NA,NA,NA,183,"Winger"
"Q106242219","Patrick Harrison","Patrick Harrison",2002-06-20,"Edinburgh",NA,NA,177,"Hooker"
"Q106283393","Nuno Sousa Guedes","Nuno Sousa Guedes",1994-11-21,"Porto",NA,NA,176,"Fullback"
"Q106311224","Rémi Brosset","Rémi Brosset",2000-02-12,NA,NA,NA,191,"Fullback"
"Q106313651","Younes El Jai","Younes El Jai",1990-11-20,"Moissac",NA,NA,178,"Hooker"
"Q106315558","Dylan Jacquot","Dylan Jacquot",1995-02-06,NA,NA,NA,180,"Prop"
"Q106315633","Jérôme Rey","Jérôme Rey",1995-05-19,"Albertville",NA,NA,182,"Prop"
"Q106326697","Loïc Bournonville","Loïc Bournonville",1993-08-08,NA,NA,NA,184,"Hooker"
"Q106374303","Thomas Lainault","Thomas Lainault",1993-12-28,"Tours",NA,NA,197,"2nd Row"
"Q106376422","Thibault de Sousa","Thibault de Sousa",1997-08-01,"Toulouse",NA,NA,182,"Prop"
"Q106377086","Aníbal Bonan","Aníbal Bonan",1984-06-10,"Buenos Aires",NA,NA,190,"3rd Row"
"Q106391098","Matthieu Voisin","Matthieu Voisin",1996-05-16,NA,NA,NA,188,"3rd Row"
"Q106391713","Martin Jessen","Martin Jessen",1998-09-10,NA,NA,NA,177,"Hooker"
"Q106393629","Tom Herenger","Tom Herenger",1996-02-16,NA,NA,NA,193,"2nd Row"
"Q106395234","Teva Maké","Teva Maké",1988-09-20,NA,NA,NA,187,"Prop"
"Q106399017","Dazzy Cornez","Dazzy Cornez",NA,NA,NA,NA,NA,"Winger; Centre; Fullback"
"Q106410921","Thomas de Molder","Thomas de Molder",1992-06-22,"Brussels metropolitan area",NA,NA,190,"3rd Row"
"Q106410935","Guillaume Mortier","Guillaume Mortier",1997-08-24,"Toulon",NA,NA,200,"2nd Row"
"Q106413401","Will Hurd","Will Hurd",1999-06-29,"Ashby-de-la-Zouch",NA,NA,185,"Tighthead Prop"
"Q106417896","Iñaki Ayarza","Iñaki Ayarza",1999-09-07,"Santiago",NA,NA,186,"Centre; Winger; Fullback"
"Q106417899","Jean-Maurice Decubber","Jean-Maurice Decubber",1996-09-10,"L'Isle-d'Espagnac",NA,NA,178,"3rd Row"
"Q106432856","Amin Hamzaoui","Amin Hamzaoui",1996-05-07,NA,NA,NA,191,"3rd Row"
"Q106436413","Bevan Rodd","Bevan Rodd",2000-08-26,"Dunoon",NA,NA,183,"Loosehead Prop"
"Q106436447","Florian Piron","Florian Piron",1991-09-24,NA,NA,NA,NA,"Centre"
"Q106451039","Aleksander Nowicki","Aleksander Nowicki",1992-02-14,"Villefranche-sur-Saône",NA,NA,NA,"3rd Row"
"Q106461756","Cameron Roigard","Cam Roigard",2000-11-16,"Cambridge; New Zealand",NA,NA,183,"Scrum-Half"
"Q106461877","Craig Dowsett","Craig Dowsett",1991-05-01,"Brussels metropolitan area",NA,NA,180,"Winger"
"Q106461882","Malcom Bertschy","Malcom Bertschy",2000-01-27,NA,NA,NA,187,"Winger"
"Q106470456","Zakaria El Fakir","Zakaria El Fakir",1997-01-29,NA,NA,NA,179,"Prop"
"Q106472361","Nasoni Naqiri","Nasoni Naqiri",1993-07-30,NA,NA,NA,185,"Centre; Winger"
"Q106480369","Kuo Wen-chin","Kuo Wen-chin",1998-04-01,NA,NA,NA,180,"Prop"
"Q106484323","Jeremy Lenaerts","Jeremy Lenaerts",1992-11-13,"Ghent",NA,NA,193,"2nd Row; 3rd Row"
"Q106485019","Ervin Muric","Ervin Muric",1997-01-03,NA,NA,NA,180,"Winger"
"Q106493241","Louis Rousset","Louis Rousset",1995-11-15,NA,NA,NA,185,"Centre; Winger"
"Q106506329","Vincent Vial","Vincent Vial",1994-06-21,"Roussillon; Isère",NA,NA,179,"Tighthead Prop"
"Q106525906","Simon Renda","Simon Renda",2000-06-07,"Toulouse",NA,NA,180,"Centre; Winger"
"Q106528505","Killian Taofifénua","Killian Taofifénua",2000-07-20,"Grenoble",NA,NA,178,"Hooker"
"Q106528979","Philip Wokorach","Philip Wokorach",1993-12-31,"Kampala",NA,NA,187,"Winger; Centre; Fullback"
"Q106555069","William Beaudon","William Beaudon",1999-03-24,"Grenoble",NA,NA,180,"Scrum-Half"
"Q106555078","Jules Danglot","Jules Danglot",2001-08-06,"Cahors",NA,NA,170,"Scrum-Half"
"Q106558448","Romain Riguet","Romain Riguet",2001-04-10,"Orsay",NA,NA,184,"Centre; Fly-Half"
"Q106567061","Gauthier Bruté de Rémur","Gauthier Bruté de Rémur",1995-02-18,"Bordeaux",NA,NA,180,"Hooker"
"Q106572343","Dimitri Tchapnga","Dimitri Tchapnga",1987-02-22,"Dschang",NA,NA,185,"Prop"
"Q106572592","Tapiwa Tsomondo","Tapiwa Tsomondo",1993-05-05,"Harare",NA,NA,182,"Flanker"
"Q106576169","Marcel Pedron","Marcel Pédron",1899-03-29,NA,1985-06-15,NA,NA,"Winger"
"Q106591653","Cyril Blanchard","Cyril Blanchard",1989-07-22,NA,NA,NA,175,"Hooker"
"Q106611316","Ben Muncaster","Ben Muncaster",2001-10-14,"North Berwick",NA,NA,190,"Number 8; Flanker"
"Q106614747","Immanuel Feyi-Waboso","Immanuel Feyi-Waboso",2002-12-20,"Cardiff",NA,NA,183,"Winger"
"Q106614750","Ellis Bevan","Ellis Bevan",2000-03-10,"Solihull",NA,NA,180,"Scrum-Half"
"Q106615147","Léo Barré","Léo Barré",2002-08-20,"Le Chesnay",NA,NA,189,"Fullback; Fly-Half; Centre"
"Q106620910","Ferdinand Changel","Ferdinand Changel",1999-07-28,NA,NA,NA,180,"Prop"
"Q106627477","Kilian Tripier","Kilian Tripier",1996-10-30,NA,NA,NA,175,"Hooker"
"Q106627480","Pio Muarua","Pio Muarua",1996-06-26,"Lautoka",NA,NA,191,"Number 8; 2nd Row"
"Q106636815","William Hutteau","William Hutteau",1998-02-12,NA,NA,NA,172,"Scrum-Half"
"Q106640204","Adrien Lapègue","Adrien Lapègue",1998-10-21,NA,NA,NA,181,"Winger; Fullback"
"Q106646995","Viliami Taulani","Viliami Taulani",1997-01-17,NA,NA,NA,191,"Number 8; Flanker"
"Q106672510","Thibault de Freitas","Thibault de Freitas",1992-01-08,"Toulouse",NA,NA,188,"3rd Row"
"Q106673560","Wilton Rebolo","Wilton Rebolo",1995-08-02,"São José dos Campos",NA,NA,182,"Prop; Hooker"
"Q106674695","Ntuthuko Mchunu","Ntuthuko Mchunu",1999-04-05,"Durban",NA,NA,188,"Prop"
"Q106676285","Pablo Uberti","Pablo Uberti",1997-10-19,"Bayonne",NA,NA,188,"Centre; Winger"
"Q106703589","Romain Trouilloud","Romain Trouilloud",2000-06-06,"La Tronche",NA,NA,185,"Centre; Fly-Half"
"Q106713260","Vojtěch Vomáčka","Vojtěch Vomáčka",2000-02-19,NA,NA,NA,183,"Hooker"
"Q106715182","Laki Lee","Laki Lee",1994-06-22,NA,NA,NA,186,"Number 8"
"Q106766815","Jordan Hendrikse","Jordan Hendrikse",2001-06-28,"Qonce",NA,NA,186,"Fly-Half; Centre; Fullback"
"Q106777849","Nika Abuladze","Nika Abuladze",1995-08-20,"Tbilisi",NA,NA,185,"Loosehead Prop"
"Q106778960","Feibyan Tukino","Feibyan Tukino",2001-06-16,NA,NA,NA,190,"Number 8"
"Q106800394","Yoan Tanga Mangene","Yoan Tanga Mangene",1996-11-29,"Bondy",NA,NA,185,"3rd Row"
"Q106832439","Zauri Tevdorashvili","Zauri Tevdorashvili",1999-01-21,NA,NA,NA,191,"Prop"
"Q106840316","Tom Hooper","Tom Hooper",2001-01-29,"Sydney",NA,NA,199,"Flanker; 2nd Row"
"Q106872261","Facundo Cordero","Facundo Cordero",1998-07-31,"Buenos Aires",NA,NA,175,"Winger; Fullback"
"Q106880857","Yannick Arroyo","Yannick Arroyo",1998-12-18,NA,NA,NA,184,"Prop"
"Q106935335","Joe Roberts","Joe Roberts",2000-05-10,"Swansea",NA,NA,182,"Centre"
"Q106960124","Téo Bordenave","Téo Bordenave",2001-08-10,"Bayonne",NA,NA,189,"Prop"
"Q106977258","Liam Allen","Liam Allen",2000-03-17,NA,NA,NA,191,"Flanker; Number 8"
"Q106990916","Alexandre Bécognée","Alexandre Bécognée",1996-09-03,"Bordeaux",NA,NA,189,"Number 8; Flanker"
"Q107103821","Robert Chabannes","Robert Chabannes",1906-03-31,"Bordeaux",1942-11-27,"Talence",NA,NA
"Q107104213","Andre-Hugo Venter","Andre-Hugo Venter",2001-09-10,NA,NA,NA,187,"Hooker"
"Q107126490","Tyler Duguid","Tyler Duguid",2000-10-17,"Edmonton",NA,NA,200,"2nd Row"
"Q107187603","Billy Pollard","Billy Pollard",2001-12-09,"Sydney",NA,NA,185,"Hooker"
"Q107226168","Harri O'Connor","Harri O'Connor",2000-10-25,"Northallerton",NA,NA,182,"Tighthead Prop"
"Q107246305","Luka Nioradze","Luka Nioradze",1999-04-06,"Tbilisi",NA,NA,181,"Hooker"
"Q107254866","Eneriko Buliruarua","Eneriko Buliruarua",1997-01-23,"Vaturova",NA,NA,186,"Centre; Winger; Fullback"
"Q107265829","Josué Essome Makongo","Josué Essome Makongo",1987-10-04,NA,NA,NA,182,"3rd Row; Prop"
"Q107294614","Thomas Poulain","Thomas Poulain",2001-03-28,NA,NA,NA,182,"Prop"
"Q107295254","Hanru Sirgel","Hanru Sirgel",1998-05-08,"East London; South Africa",NA,NA,190,"Number 8; Flanker"
"Q107298468","Harry Paterson","Harry Paterson",2001-06-28,"Edinburgh",NA,NA,191,"Fullback; Winger"
"Q107300570","Quentin Walcker","Quentin Walcker",1996-02-21,"Le Creusot",NA,NA,181,"Loosehead Prop"
"Q107325970","Killian Tixeront","Killian Tixeront",2002-01-22,"Clermont-Ferrand",NA,NA,195,"Flanker; Number 8"
"Q107326943","Paul Belzons","Paul Belzons",1994-09-10,"Narbonne",NA,NA,187,"3rd Row"
"Q107387961","Orlando Bailey","Orlando Bailey",2001-09-30,"Dorchester; Dorset",NA,NA,189,"Fly-Half; Fullback"
"Q107387975","Fin Smith","Fin Smith",2002-05-11,"Warwick",NA,NA,178,"Fly-Half"
"Q107392314","Adrien Warion","Adrien Warion",2001-01-07,"Thionville",NA,NA,202,"2nd Row"
"Q107404541","Antoine Jourdan","Antoine Jourdan",1999-04-05,NA,NA,NA,204,"2nd Row"
"Q107411011","Juan Martín González","Juan Martín González",2000-11-14,"Mendoza; Argentina",NA,NA,192,"Flanker; Number 8"
"Q107444370","Loïc Ompraret","Loïc Ompraret",1999-02-10,NA,NA,NA,175,"Scrum-Half"
"Q107444847","Andries Kruger","Andries Kruger",1984-06-19,"Witbank",NA,NA,197,"2nd Row; 3rd Row"
"Q107484607","Guillaume Laforgue","Guillaume Laforgue",1990-08-24,NA,NA,NA,179,"Fullback; Scrum-Half"
"Q107484649","Hugo Zabalza","Hugo Zabalza",2000-04-12,"Dax; Landes",NA,NA,171,"Scrum-Half"
"Q107506658","Alex Samuel","Alex Samuel",2002-12-27,"St Andrews",NA,NA,206,"2nd Row"
"Q107526654","Ledua Mau","Ledua Mau",1993-02-16,NA,NA,NA,185,"Centre"
"Q107539129","Christian Sahin","Christian Sahin",1994-01-17,NA,NA,NA,185,"Prop"
"Q107555867","Sam Slade","Sam Slade",1997-08-28,"Auckland",NA,NA,195,"2nd Row; Flanker; Number 8"
"Q107568254","Pablo Dimcheff","Pablo Dimcheff",1999-07-01,"Buenos Aires",NA,NA,182,"Hooker"
"Q107603143","Vincent Lasmarrigues","Vincent Lasmarrigues",1995-07-10,NA,NA,NA,186,"Centre"
"Q107605370","Sacha Feinberg-Mngomezulu","Sacha Mngomezulu",2002-02-22,"Cape Town",NA,NA,185,"Centre; Fly-Half"
"Q107658985","Rodrigo Isgro","Rodrigo Isgró",1999-03-24,"Mendoza; Argentina",NA,NA,185,"Winger"
"Q107659092","Asaeli Tuivuaka","Asaeli Tuivuaka",1995-12-22,NA,NA,NA,176,"Winger; Centre"
"Q107660091","Iosefo Masi","Iosefo Masi",1998-05-09,"Taveuni",NA,NA,190,"Centre; Winger"
"Q107660093","Jiuta Wainiqolo","Jiuta Wainiqolo",1999-03-10,"Suva",NA,NA,187,"Winger"
"Q107673245","Sireli Maqala","Sireli Maqala",2000-03-20,"Labasa",NA,NA,172,"Centre; Fullback; Winger; Fly-Half"
"Q107741317","Rémi Sénéca","Rémi Sénéca",1995-01-16,"Valenciennes",NA,NA,185,"Loosehead Prop"
"Q107807293","Jean-Claude Lucq","Jean-Claude Lucq",1945-12-20,"Heugas",2021-07-28,"Saint-Pandelon",NA,"Prop"
"Q107981007","Éric Tomamichel","Éric Tomamichel",1989-06-11,NA,NA,NA,188,"Winger; Fullback"
"Q107986390","Bernard Trémont","Bernard Trémont",1954-05-31,"Saint-Sever",NA,NA,170,"Winger"
"Q108038783","François-Joseph Bordewie","François-Joseph Bordewie",1993-07-20,"Ajaccio",NA,NA,188,"Prop"
"Q108062107","Henco van Wyk","Henco van Wyk",2001-05-07,"Rustenburg",NA,NA,181,"Centre"
"Q108096016","Carlos Muzzio","Carlos Muzzio",1984-08-21,"Corrientes",NA,NA,180,"Prop"
"Q108124582","Alexis Levron","Alexis Levron",2000-11-02,"Nantes",NA,NA,170,"Scrum-Half"
"Q108235397","Tau Koloamatangi","Tau Koloamatangi",1995-01-03,"Auckland",NA,NA,172,"Prop"
"Q108249517","Quentin Samaran","Quentin Samaran",1997-12-30,NA,NA,NA,173,"Prop"
"Q108263636","Zuriel Togiatama","Zuriel Togiatama",1999-02-03,"Auckland",NA,NA,183,"Hooker"
"Q108291687","William Havili","William Havili",1998-09-09,"Motueka",NA,NA,NA,"Fly-Half; Fullback"
"Q108443638","George Dyer","George Dyer",1999-10-22,NA,NA,NA,187,"Tighthead Prop"
"Q108545441","Antoine Frisch","Antoine Frisch",1996-06-01,"Fontainebleau",NA,NA,188,"Centre"
"Q108545986","Elliot Millar-Mills","Elliot Millar-Mills",1992-07-08,"Stockport",NA,NA,178,"Tighthead Prop"
"Q108556457","Louis Mary","Louis Mary",2000-01-12,NA,NA,NA,185,"Prop"
"Q108587038","Bastien Vergnes-Taillefer","Bastien Vergnes-Taillefer",1997-06-13,NA,NA,NA,194,"Number 8; Flanker"
"Q108687736","Joaquín Oviedo","Joaquín Oviedo",2001-07-17,"Córdoba; Argentina",NA,NA,191,"Number 8; Flanker"
"Q108691697","Lorenzo Cannone","Lorenzo Cannone",2001-01-28,"Florence",NA,NA,190,"Number 8"
"Q108695627","Louis Llari","Louis Llari",1924-12-23,"Lannemezan",2014-06-29,"Chalabre",170,NA
"Q108730420","Gonzalo García","Gonzalo García",1999-03-05,"Santa Fe; Argentina",NA,NA,173,"Scrum-Half"
"Q108733069","Rodrigo Martínez","Rodrigo Martínez",1998-07-07,NA,NA,NA,193,"Loosehead Prop"
"Q108741957","Louis Bruinsma","Louis Bruinsma",2000-07-15,NA,NA,NA,193,"2nd Row"
"Q108743404","Charles Domercq","Charles Domercq",1896-05-07,"Saint-Paul-lès-Dax",1944-07-23,"Le Bouscat",NA,NA
"Q108760998","Leonardo Marin","Leonardo Marin",2002-02-23,"Mestre",NA,NA,188,"Fly-Half; Centre"
"Q108776224","Murphy Walker","Murphy Walker",1999-10-25,"Dundee",NA,NA,183,"Prop"
"Q108818556","Theo McFarland","Theo McFarland",1995-10-16,NA,NA,NA,198,"2nd Row; Flanker"
"Q108839353","Adrien Vigne","Adrien Vigne",1998-10-14,"Béziers",NA,NA,194,"2nd Row"
"Q108864938","Elies el Ansari","Eliès El Ansari",1997-01-22,NA,NA,NA,188,"Prop"
"Q108884031","Bastien Soury","Bastien Soury",1995-03-18,"Paris",NA,NA,180,"Hooker"
"Q108884950","Christ Tshiunza","Christ Tshiunza",2002-01-09,"Kinshasa",NA,NA,198,"Flanker; 2nd Row"
"Q108905678","Kevin Yaméogo","Kevin Yaméogo",1997-05-19,"Nice",NA,NA,193,"Prop"
"Q108917395","Sylvain Ménichelli","Sylvain Ménichelli",1927-11-27,"Argelès-sur-Mer",1994-10-16,"4th arrondissement of Paris",NA,NA
"Q108937874","Duke Nginingini","Duke Nginingini",1995-01-01,"Hamilton; New Zealand",NA,NA,180,"Prop"
"Q109016700","Alexandre Tchaptchet","Alexandre Tchaptchet",2001-09-26,"Colombes",NA,NA,171,"Fullback"
"Q109040700","Jacob Flores","Jacob Flores",1989-09-19,"Yigo; Guam",NA,NA,NA,"3rd Row"
"Q109042977","Rémi de Wolf","Rémi de Wolf",NA,NA,NA,NA,NA,"Prop"
"Q109043457","Roger Estrada","Roger Estrada",1924-05-24,"Bergerac; Dordogne",2007-08-02,"Villeneuve-sur-Lot",NA,"Fullback"
"Q109044983","Michael Hogg","Michael Hogg",1994-07-10,NA,NA,NA,183,"3rd Row"
"Q109046428","Victor Paquet","Victor Paquet",1990-02-06,"Charleville-Mézières",NA,NA,186,"Hooker"
"Q109077443","Joseph Guasch","Joseph Guasch",1931-12-01,"L'Espluga de Francolí",1993-11-11,"Villelongue-de-la-Salanque",NA,NA
"Q109145576","Patxi Bidart","Patxi Bidart",2000-05-30,NA,NA,NA,172,"Hooker"
"Q109265988","Janse Roux","Janse Roux",1997-08-28,NA,NA,NA,197,"2nd Row"
"Q109375208","Régis Montagne","Régis Montagne",2000-09-30,"Grenoble",NA,NA,186,"Tighthead Prop"
"Q109406161","Brent Jordaan","Brent Jordaan",1957-05-26,NA,NA,NA,191,"Prop"
"Q109441730","Jonas Mikalčius","Jonas Mikalčius",1994-05-01,"Šiauliai",NA,NA,191,"Winger"
"Q109441731","Romain Fusier","Romain Fusier",2000-01-27,"Chambéry",NA,NA,188,"Centre"
"Q109441732","Eli Eglaine","Eli Eglaine",2000-09-15,"Die; Drôme",NA,NA,187,"Prop"
"Q109464232","Cody Thomas","Cody Thomas",1996-03-01,"Durban",NA,NA,186,"Prop"
"Q109483980","Anzelo Tuitavuki","Anzelo Tuitavuki",1998-10-10,"Auckland",NA,NA,185,"Winger"
"Q109493991","Oleksiy Tsybko","Oleksi Tsybko",1967-03-19,NA,2022-03-31,NA,NA,"Prop"
"Q109515995","Mathis Sarragallet","Mathis Sarragallet",2000-07-06,"Voiron",NA,NA,178,"Hooker"
"Q109554317","Warren Burton","Warren Burton",1971-11-01,"Auckland",NA,NA,182,"Fly-Half"
"Q109589816","Lionel Vélo","Lionel Vélo",1968-09-21,"Chambéry",NA,NA,180,"Fly-Half; Centre; Fullback"
"Q109590311","Michaël Carré","Mickaël Carré",1973-05-06,"Digoin",NA,NA,180,"Fly-Half; Centre"
"Q109609549","Petero Tuwaï","Petero Tuwaï",1995-10-12,"Sorokoba",NA,NA,178,"Centre; Winger"
"Q109653496","Mathieu Tanguy","Mathieu Tanguy",1996-06-05,"La Rochelle",NA,NA,195,"2nd Row"
"Q109658527","Noah Hotham","Noah Hotham",2003-05-23,"Hamilton; New Zealand",NA,NA,181,"Scrum-Half"
"Q109661152","Fabian Holland","Fabian Holland",2002-10-09,"Alkmaar",NA,NA,204,"2nd Row"
"Q109672367","Tevita Ikanivere","Tevita Ikanivere",1999-11-06,"Ono-i-Lau",NA,NA,183,"Hooker"
"Q109672371","Jone Koroiduadua","Jone Koroiduadua",1999-03-10,"Nadroga-Navosa Province",NA,NA,NA,"Prop"
"Q109672373","Fine Inisi","Fine Inisi",1998-05-19,"Auckland",NA,NA,NA,"Centre; Winger"
"Q109672378","Veikoso Poloniati","Veikoso Poloniati",1995-08-27,"Auckland",NA,NA,202,"2nd Row"
"Q109672386","Penitoa Finau","Penitoa Finau",1993-12-17,"Hamilton; New Zealand",NA,NA,185,"Flanker; Number 8"
"Q109672958","Ratu Peni Matawalu","Peni Matawalu",1997-07-08,"Ra Province",NA,NA,175,"Scrum-Half"
"Q109672960","Simione Kuruvoli","Simione Kuruvoli",1999-01-02,NA,NA,NA,173,"Scrum-Half"
"Q109746525","Matt Priscott","Matt Priscott",1977-09-01,"Te Awamutu",NA,NA,185,"Winger; Centre"
"Q109756908","Dan Lancaster","Dan Lancaster",2001-05-23,"Leeds",NA,NA,183,"Fly-Half; Centre"
"Q109767018","Jack Stohr","Jack Stohr",1889-11-13,NA,1973-07-25,NA,NA,NA
"Q109771457","Alessandro Garbisi","Alessandro Garbisi",2002-04-11,"Mirano",NA,NA,174,"Scrum-Half"
"Q109780872","Rémi Bourdeau","Rémi Bourdeau",1992-02-27,"Paris",NA,NA,194,"3rd Row"
"Q109921602","Victor Larroudé","Victor Larroudé",1931-04-27,"Soustons",2007-12-04,"Dax; Landes",NA,"Centre"
"Q109923913","Jordan Sepho","Jordan Sepho",1998-12-08,"Pontoise",NA,NA,196,NA
"Q110087675","Joe Jonas","Joe Jonas",2000-12-31,"Swellendam",NA,NA,177,"Fullback"
"Q110104873","Henri Jolivet","Henri Jolivet",1917-07-08,"Toulouse",2001-11-04,"Verdun-sur-Garonne",179,"Prop"
"Q110104901","Pierre Gaussens","Pierre Gaussens",1917-12-07,"Toulouse",1987-02-11,"Auch",167,"Centre"
"Q110156855","Wayan de Benedittis","Wayan de Benedittis",1999-03-10,"Grenoble",NA,NA,185,"Prop"
"Q110179287","Lorenzo Pani","Lorenzo Pani",2002-07-04,"Florence",NA,NA,190,"Fullback; Winger"
"Q110185703","Cameron Winnett","Cameron Winnett",2003-01-07,"Llantrisant",NA,NA,180,"Fullback"
"Q110189428","Corentin Glénat","Corentin Glénat",1999-08-26,"Voiron",NA,NA,188,"Fullback; Fly-Half"
"Q110256505","Khvicha Tsopurashvili","Khvicha Tsopurashvili",2000-02-02,"Gardabani",NA,NA,183,"Prop"
"Q110260049","Azzouz Aib","Azzouz Aïb",1980-07-14,"Saint-Claude; Jura",NA,NA,NA,"3rd Row"
"Q110278268","Éric Vergniol","Éric Vergniol",1968-04-10,"Tonneins",NA,NA,180,"Centre"
"Q110298824","Alex Mann","Alex Mann",2002-01-06,"Merthyr Tydfil",NA,NA,191,"Flanker"
"Q110301293","Nasser Benamor","Nasser Benamor",1978-04-24,"Béziers",NA,NA,186,"Prop"
"Q110301754","Philippe Fourquet","Philippe Fourquet",1960-09-09,"Perpignan",NA,NA,NA,NA
"Q110312974","Pierre Parpagiola","Pierre Parpagiola",1935-04-07,"Le Fossat",2012-03-13,"Toulouse",NA,"Prop"
"Q110399988","Robert Sarrade","Robert Sarrade",1904-02-19,NA,1982-10-11,NA,NA,NA
"Q110408490","Marcel de Laborderie (1899-1954)","Marcel de Laborderie",1899-01-11,NA,1954-08-08,NA,NA,NA
"Q110442708","Tom Stewart","Tom Stewart",2001-01-11,"Belfast",NA,NA,183,"Hooker"
"Q110475814","Emmanuel Saubusse","Emmanuel Saubusse",1989-11-23,NA,NA,NA,181,"Scrum-Half"
"Q110497071","Enzo Zaïtri","Enzo Zaïtri",2000-06-10,"Toulouse",NA,NA,200,"2nd Row"
"Q110504367","Jean-Marc Béderède","Jean-Marc Béderède",1971-07-22,"Lille",NA,NA,182,"Hooker; Flanker"
"Q110527214","Patrick Pérusin","Patrick Pérusin",1968-03-27,"Auch",NA,NA,176,"Hooker"
"Q110554330","Tornike Kakhoidze","Tornike Kakhoidze",2003-08-16,NA,NA,NA,184,"Centre"
"Q110584514","Gilbert Pierrot","Gilbert Pierrot",1889-02-03,"Bizanos",1979-03-21,"Pau; Pyrénées-Atlantiques",172,"Fly-Half; Centre; Winger"
"Q110585142","Quan Horn","Quan Horn",2001-06-27,NA,NA,NA,181,"Fullback; Winger"
"Q110586378","Etienne Fynn","Ettiené Fynn",1972-12-14,"Durban",NA,NA,180,"Prop"
"Q110587306","Louis Bielle-Biarrey","Louis Bielle-Biarrey",2003-06-19,"La Tronche",NA,NA,184,"Winger; Fullback"
"Q110589673","Kyle Hatherell","Kyle Hatherell",1995-04-03,"Randburg",NA,NA,193,"Flanker; Number 8; 2nd Row"
"Q110623802","Canan Moodie","Canan Moodie",2002-11-05,"Paarl",NA,NA,190,"Winger; Fullback; Centre"
"Q110637488","Robert Duthen","Robert Duthen",1921-09-18,NA,2008-03-15,NA,NA,NA
"Q110645501","Andy Christie","Andy Christie",1999-03-22,"Bristol",NA,NA,188,"Flanker; Number 8"
"Q110658120","Jean-Claude Taofifénua","Jean-Claude Taofifénua",1961-10-25,"Nouméa",NA,NA,NA,"Winger"
"Q110696260","Freddy Pepelnjak","Freddy Pepelnjak",1957-06-16,"Lens; Pas-de-Calais",NA,NA,195,"Number 8; 2nd Row"
"Q110702621","Thierry Perrin","Thierry Perrin",1956-10-17,"Grenoble",NA,NA,185,"Winger"
"Q110714772","Pierre Pommier","Pierre Pommier",1951-09-18,"Lyon",NA,NA,183,"Fly-Half"
"Q110721783","Giacomo Da Re","Giacomo Da Re",1999-03-29,"Treviso",NA,NA,181,"Fly-Half; Fullback"
"Q110725347","Clément Payen","Clément Payen",1986-11-11,NA,NA,NA,179,"Scrum-Half"
"Q110734311","Caleb Muntz","Caleb Muntz",1999-10-30,"Huntly; New Zealand",NA,NA,178,"Fly-Half; Centre"
"Q110761541","Ruan Venter","Ruan Venter",2002-11-29,NA,NA,NA,198,"Flanker; 2nd Row"
"Q110773682","Eugene Ruiz","Eugène Ruiz",1939-07-13,NA,2008-05-02,NA,NA,NA
"Q110774548","Robert Toyos","Robert Toyos",1937-10-13,NA,2014-01-24,NA,NA,NA
"Q110776452","Jean-Baptiste Doumecq","Jean-Baptiste Doumecq",1940-01-01,NA,NA,NA,NA,NA
"Q110780870","Thibaut Martel","Thibaut Martel",1998-08-15,"Voiron",NA,NA,190,"3rd Row"
"Q110796906","Cameron Hanekom","Cameron Hanekom",2002-05-10,"Ceres; South Africa",NA,NA,193,"Number 8"
"Q110826995","Tavite Lopeti","Tavite Lopeti",1998-11-20,"Hayward; California",NA,NA,180,"Centre"
"Q110826996","Christian Dyer","Christian Dyer",1997-12-26,"Sacramento; California",NA,NA,187,"Centre; Winger"
"Q110859735","Dafydd Jenkins","Dafydd Jenkins",2002-12-05,"Bridgend",NA,NA,200,"2nd Row"
"Q110873676","Richard Zago","Richard Zago",1965-01-25,"Toulouse",NA,NA,181,"Winger; Centre"
"Q110878990","René Bernardini","René Bernardini",1902-06-24,NA,1932-01-24,NA,NA,NA
"Q110886845","Fernand Laclau","Fernand Laclau",1907-09-20,NA,1997-03-06,NA,NA,NA
"Q110887047","Joseph Châtelain","Joseph Châtelain",1900-12-01,NA,1956-07-14,NA,NA,NA
"Q110887086","Émile Crampes","Émile Crampes",1900-02-05,NA,1972-09-27,NA,NA,"Scrum-Half"
"Q110887612","Nelson Épée","Nelson Épée",2001-02-20,"Toulouse",NA,NA,174,"Winger"
"Q110888161","Claude Mignaçabal","Claude Mignaçabal",1970-02-01,"Bourg-de-Péage",NA,NA,184,"Fly-Half; Fullback"
"Q110892247","Manuel Cardoso Pinto","Manuel Cardoso Pinto",1998-04-07,NA,NA,NA,178,"Fullback; Winger"
"Q110903668","Max Ojomoh","Max Ojomoh",2000-09-14,"Bath; Somerset",NA,NA,181,"Centre"
"Q110908773","Baltazar Amaya","Baltazar Amaya",1999-05-26,"Buenos Aires",NA,NA,184,"Fullback; Winger"
"Q110912902","Joe McCarthy","Joe McCarthy",2001-03-26,"Manhattan",NA,NA,198,"2nd Row"
"Q110943665","François Fontaine","François Fontaine",1995-05-10,NA,NA,NA,185,"Centre; Fly-Half"
"Q110962159","Vinaya Habosi","Vinaya Habosi",2000-01-30,"Nayawa",NA,NA,176,"Winger"
"Q110962167","Vilive Miramira","Vilive Miramira",1999-03-21,NA,NA,NA,193,"Flanker"
"Q110962181","Isoa Nasilasila","Isoa Nasilasila",1999-09-13,"Campbelltown; New South Wales",NA,NA,197,"2nd Row; Flanker"
"Q110962460","Selestino Ravutaumada","Selestino Ravutaumada",2000-01-17,"Taveuni",NA,NA,183,"Winger; Fullback"
"Q110962463","Kalaveti Ravouvou","Kalaveti Ravouvou",1998-06-06,"Sigatoka",NA,NA,186,"Centre; Winger"
"Q110977556","Jérémy Haurie","Jérémy Haurie",1987-05-24,NA,NA,NA,176,"Prop"
"Q110979911","Laurent Pedrosa","Laurent Pedrosa",1970-11-21,"Tarbes",NA,NA,187,"Hooker"
"Q110993744","Jean-Yves Zebango","Jean-Yves Zebango",1992-05-03,NA,NA,NA,184,"Winger"
"Q110994657","René Desclaux","René Desclaux",1926-02-11,"Navailles-Angos",2015-12-17,"Pau; Pyrénées-Atlantiques",174,"Centre"
"Q111008372","Jean Lauga","Jean Lauga",1919-10-06,"Vielleségure",2006-07-14,"Toulouse",178,"Flanker"
"Q111008797","Henri Larrat","Henri Larrat",1919-09-13,"Pau; Pyrénées-Atlantiques",1989-04-13,"Pau; Pyrénées-Atlantiques",174,"Prop"
"Q111008798","Paul Moncassin","Paul Moncassin",1916-03-29,"Pau; Pyrénées-Atlantiques",2001-11-11,"Aressy",170,"Prop"
"Q111014893","Jean Bergalet","Jean Bergalet",1904-06-26,NA,1969-08-28,NA,NA,"2nd Row"
"Q111019619","Langi Gleeson","Langi Gleeson",2001-07-21,"Sydney",NA,NA,188,"Flanker; Number 8"
"Q111020608","Jean Carmouze","Jean Carmouze",1935-09-17,"Orleix",1988-01-16,"Pau; Pyrénées-Atlantiques",172,"Fullback"
"Q111033213","Paul Saux","Paul Saux",1900-05-06,NA,1971-01-01,NA,NA,"Prop"
"Q111033691","Aurélien Azar","Aurélien Azar",1994-06-10,"Courcouronnes",NA,NA,188,"Tighthead Prop"
"Q111034886","André Gorgues","André Gorgues",1953-11-20,"Pamiers",NA,NA,186,"Flanker; Number 8"
"Q111051010","Adrien Laborde","Adrien Laborde",1902-04-20,"Tilh",1969-04-21,"Toulouse",180,"Prop"
"Q111051340","Jean Defrançais","Jean Defrançais",1902-01-25,NA,1976-02-18,NA,NA,NA
"Q111051512","Roger Lhande","Roger Lhande",1945-10-20,NA,NA,NA,NA,"Winger"
"Q111075603","Edouard Salsé","Édouard Salsé",1923-07-07,NA,1998-08-02,NA,NA,NA
"Q111094546","Nikita Bekov","Nikita Bekov",1996-03-04,"Kyiv",NA,NA,198,"2nd Row"
"Q111152304","Victor Bernicha","Victor Bernicha",1887-10-01,NA,1916-10-04,NA,NA,"3rd Row"
"Q111160399","Tom Roebuck","Tom Roebuck",2001-01-07,"Inverness",NA,NA,188,"Winger"
"Q111169885","Tom Pearson","Tom Pearson",1999-10-26,"Hereford",NA,NA,191,"Flanker"
"Q111188379","Maurice Tournier","Maurice Tournier",1893-04-03,NA,1914-04-03,NA,NA,"Winger"
"Q111207680","Caíque Santiago Silva Segura","Caíque Silva",1993-11-21,"São Caetano do Sul",NA,NA,190,"Prop"
"Q111210476","Martin Brooke","Martin Brooke",1963-03-08,"Waiuku",NA,NA,198,"2nd Row"
"Q111210591","Mike Mbaud","Mike Mbaud",NA,NA,NA,NA,177,"Hooker"
"Q111223162","Gauthier Minguillón","Gauthier Minguillón",1994-03-03,"Bordeaux",NA,NA,177,"Winger; Fullback; Centre"
"Q111232420","Sylvain Bourbon","Sylvain Bourbon",1955-12-28,NA,NA,NA,192,NA
"Q111234451","Joel Merkler","Joel Merkler",2001-10-25,"Gelida",NA,NA,194,"Tighthead Prop; 2nd Row"
"Q111234849","Jean-Claude Castagnet","Jean-Claude Castagnet",1955-03-06,"Pau; Pyrénées-Atlantiques",NA,NA,177,"Centre"
"Q111249861","Paul Lamouret","Paul Lamouret",1891-04-07,"Biarritz",1930-01-11,"Grenoble",164,"Hooker; Scrum-Half"
"Q111262091","Jean Mons","Jean Mons",1931-11-19,"Luc-sur-Orbieu",2015-08-26,"Carmaux",NA,"Hooker"
"Q111292012","Solomone Tukuafu","Solomone Tukuafu",1996-09-13,NA,NA,NA,186,"Prop"
"Q111293520","Francisco Urroz","Francisco Urroz",1993-09-07,"Santiago",NA,NA,190,"Fullback; Fly-Half"
"Q111301515","Simone Gesi","Simone Gesi",2001-05-23,"Livorno",NA,NA,183,"Winger"
"Q111333433","Jean Domercq","Jean Domercq",1886-12-20,"Orthez",1961-10-25,"Orthez",173,NA
"Q111360875","Henri Espelette","Henri Espelette",1890-07-22,"Urrugne",1918-09-06,"Jumencourt",NA,"Fly-Half"
"Q111366343","Manu Paea","Manu Paea",2001-09-17,"Auckland",NA,NA,175,"Scrum-Half"
"Q111366488","Charl Snyman","Charl Snyman",1967-08-03,NA,NA,NA,182,"Centre"
"Q111366495","Sebastián Rondinelli","Sebastián Rondinelli",1975-08-22,"La Plata",NA,NA,180,"Prop"
"Q111387694","Henri Foueillassar","Henri Foueillassar",1888-08-14,"Lanne-en-Barétous",1940-05-15,"Pau; Pyrénées-Atlantiques",175,"Centre"
"Q111398473","Jean-Claude Sanz","Jean-Claude Sanz",1943-08-01,"Bayonne",NA,NA,170,"Centre"
"Q111444302","Jason Tiatia","Jason Tiatia",1979-06-27,"Christchurch",NA,NA,181,"Winger"
"Q111535386","Michel Arrieumerlou","Michel Arrieumerlou",1947-07-19,"Mouscardès",2022-08-21,"Dax; Landes",168,"Winger"
"Q111550999","Salvatore Dibilio","Salvatore Dibilio",1969-03-21,"Grenoble",NA,NA,183,"Prop"
"Q111568799","Jean-Paul Laborde","Jean-Paul Laborde",NA,NA,NA,NA,NA,"Centre"
"Q111575697","Baptiste Erdocio","Baptiste Erdocio",2000-03-13,"Bidart",NA,NA,172,"Loosehead Prop"
"Q111621575","Rémi Susbielles","Rémi Susbielles",1972-01-26,"Pau; Pyrénées-Atlantiques",NA,NA,190,"Prop; Number 8"
"Q111626303","Jules Even","Jules Even",1998-09-08,NA,NA,NA,184,"Fly-Half; Centre; Fullback"
"Q111635067","Jean-Philippe Rey","Jean-Philippe Rey",1963-05-24,NA,NA,NA,185,"Centre; Winger"
"Q111653200","Robert Rodgers","Robert Rodgers",2001-06-18,"Pretoria",NA,NA,183,"Prop"
"Q111653349","Martin Doan","Martin Doan",1998-10-08,"Toulouse",NA,NA,176,"Scrum-Half"
"Q111654589","Henry de Malherbe","Henry de Malherbe",1910-02-09,"Ajaccio",2006-08-12,"Cahuzac; Tarn",NA,"3rd Row"
"Q111665815","Aubin Eymeri","Aubin Eymeri",2002-05-21,"Grenoble",NA,NA,182,"Scrum-Half"
"Q111675207","Max Godemet","Max Godemet",1949-07-20,NA,NA,NA,NA,NA
"Q111680635","Alexandre Salat","Alexandre Salat",1915-03-06,"Les Pujols",1988-06-09,"Toulouse",172,NA
"Q111685965","Arthur Samuelson","Arthur Samuelson",1974-02-06,NA,NA,NA,NA,NA
"Q111692484","Lean van Dyk","Lean van Dyk",1976-06-05,NA,NA,NA,NA,NA
"Q111696111","Frantz Sahuc","Frantz Sahuc",1910-11-10,"Marsoulas",1970-07-22,"Montauban",166,"Fullback"
"Q111697829","Hugo Gens","Hugo Gens",2001-03-11,NA,NA,NA,192,"Flanker"
"Q111721183","Pierre Germineau","Pierre Germineau",1908-10-18,"Cabara",1979-10-11,"Créteil",NA,"Scrum-Half"
"Q111728320","Romain Macurdy","Romain Macurdy",2001-09-21,NA,NA,NA,200,"Flanker"
"Q111730167","William Frederick Blick","William Frederick Blick",1974-10-17,NA,NA,NA,NA,NA
"Q111738666","Augustin Saltraille","Augustin Saltraille",1910-02-08,"Saint-Cyprien; Pyrénées-Orientales",2003-06-17,"Perpignan",NA,"Fly-Half"
"Q111743179","Hugh Tizard","Hugh Tizard",2000-03-31,"Guildford",NA,NA,196,"2nd Row"
"Q111768586","Alex Masibaka","Alexander Masibaka",2001-08-09,"Perth",NA,NA,186,"Number 8"
"Q111838484","Justin Davant","Justin Davant",1914-05-25,"Anglet",1987-01-22,"Bayonne",180,"3rd Row; Prop"
"Q111843583","Georges Lhespitaou","Georges Lhespitaou",1908-05-31,"Soustons",1982-03-04,"Jonzac",NA,"Fly-Half; Fullback"
"Q111843589","André Hiriart","André Hiriart",1910-01-01,"Bayonne",1983-11-19,"Ciboure",NA,"Fullback"
"Q111849845","Charles Lamarque","Charles Lamarque",1908-11-14,"Villeneuve-de-Marsan",1986-08-29,"Mably; Loire",NA,"Winger"
"Q111901590","Martin Page-Relo","Martin Page-Relo",1999-01-06,"L'Isle-Jourdain; Gers",NA,NA,173,"Scrum-Half"
"Q111902613","Ross Michael Vintcent","Ross Vintcent",2002-06-05,"Johannesburg",NA,NA,187,"Flanker; Number 8"
"Q111904067","Marcel Nourrit","Marcel Nourrit",1911-09-10,"Bègles",2001-03-05,"Soulac-sur-Mer",NA,NA
"Q111904070","Émile Bosc","Émile Bosc",1912-10-06,"Magalas",2002-04-23,"Béziers",NA,"Winger"
"Q111944549","Baptiste Carbo","Baptiste Carbo",1910-09-03,"Barcelona",1975-02-06,"Villeneuve-sur-Lot",NA,NA
"Q111972955","Marcel Villafranca","Marcel Villafranca",1906-10-22,"Bordeaux",1984-04-07,"Cestas",NA,"Winger"
"Q111982258","Pierre Etchart","Pierre Etchart",1912-01-10,"Biarritz",1977-11-23,"Charenton-le-Pont",NA,"Forward"
"Q111987134","Grant Ross","Grant Ross",1968-01-02,"Wellington",NA,NA,196,"2nd Row"
"Q111998745","Ebenezer Tshimanga","Ebenezer Tshimanga",2002-02-07,"Kinshasa",NA,NA,188,"Winger; Centre"
"Q112030133","Wilfried Hulleu","Wilfried Hulleu",2002-06-27,"Carcassonne",NA,NA,184,"Winger; Centre"
"Q112044259","Jean Daguerre","Jean Daguerre",1907-09-12,"Saint-Pierre; Saint Pierre and Miquelon",1987-06-25,"Bayonne",168,"Fly-Half"
"Q112061556","James Tofa","James Tofa",1997-09-22,NA,NA,NA,177,"Centre; Winger"
"Q112062654","Robert Dauger","Robert Dauger",1914-09-01,"Bayonne",1988-12-24,"La Roche-sur-Yon",NA,"Scrum-Half"
"Q112064834","Thibault Hamonou","Thibaut Hamonou",2000-03-10,"Seclin",NA,NA,195,"Flanker; Number 8"
"Q112075635","Clément Doumenc","Clément Doumenc",1997-04-01,"Carcassonne",NA,NA,190,"Flanker; Number 8"
"Q112078093","Sacha Lotrian","Sacha Lotrian",2000-08-13,"Perpignan",NA,NA,180,"Loosehead Prop"
"Q112106076","Olivier Lievremont","Olivier Lièvremont",1983-01-01,"Besançon",NA,NA,182,"Fly-Half; Centre; Flanker"
"Q112116444","Vincent Martimpé-Gallart","Vincent Martimpé-Gallart",1914-05-15,"Auch",1993-03-17,"Lay; Loire",NA,NA
"Q112117313","Simon-Pierre Chauvac","Simon-Pierre Chauvac",1998-03-23,"Brive-la-Gaillarde",NA,NA,189,"Loosehead Prop"
"Q112118102","Léo Banos","Léo Banos",2002-08-16,NA,NA,NA,191,"Flanker"
"Q112120114","Jérémy Valençot","Jérémy Valençot",1997-02-28,"Gleizé",NA,NA,174,"Scrum-Half"
"Q112122402","Maurice Dupey","Maurice Dupey",1946-10-29,"Bourisp",2022-05-21,"Auch",183,"Flanker"
"Q112123325","Antoine Puyuelo","Antoine Puyuelo",1908-12-27,"Bordeaux",1976-01-09,"Cullera",NA,"2nd Row"
"Q112135581","Shamus Hurley-Langton","Shamus Hurley-Langton",2000-04-22,"Taranaki",NA,NA,183,"Flanker"
"Q112181034","Bernard Cesses","Bernard Cesses",1920-03-26,"Toulouse",2006-01-25,"Villefranche-de-Lauragais",NA,NA
"Q112192847","Thomas Berjon","Thomas Berjon",1998-04-12,"Puilboreau",NA,NA,171,"Scrum-Half"
"Q112259065","Marcel Teychenné","Marcel Teychenné",1914-04-03,"Toulouse",1985-05-03,"Toulouse",NA,"Fullback"
"Q112265345","Josiah Maraku","Josiah Maraku",2000-03-30,NA,NA,NA,180,"Centre; Winger"
"Q112281370","Antoine Esquiva","Antoine Esquiva",1934-07-12,"Moux",2012-02-25,"Castelnau-le-Lez",171,"Scrum-Half"
"Q112290683","Patrick Schickerling","Patrick Schickerling",1998-10-16,"Walvis Bay",NA,NA,182,"Prop"
"Q112303364","Nick Champion de Crespigny","Nick Champion de Crespigny",1996-06-27,"Canberra",NA,NA,191,"Flanker; Number 8; 2nd Row"
"Q112342047","Quewin Nortje","Quewin Nortje",2003-01-14,NA,NA,NA,NA,NA
"Q112605446","Guillaume Bouche","Guillaume Bouche",2000-01-18,"Pessac",NA,NA,182,"Winger; Fullback"
"Q112660228","Louis Le Brun","Louis Le Brun",2002-02-28,NA,NA,NA,188,"Centre; Fullback; Fly-Half"
"Q112660798","Matis Perchaud","Matis Perchaud",2002-09-17,NA,NA,NA,187,"Loosehead Prop"
"Q112661345","Enzo Reybier","Enzo Reybier",2002-04-04,"Saint-Lupicin",NA,NA,174,"Winger; Fullback"
"Q112665740","Rémy Baget","Rémy Baget",1997-07-27,"Albi",NA,NA,182,"Winger; Fullback"
"Q112665744","Thomas Laclayat","Thomas Laclayat",1997-10-02,"Pont-de-Vaux",NA,NA,176,"Tighthead Prop"
"Q112714305","Cleopas Kundiona","Cleopas Kundiona",1998-12-15,NA,NA,NA,183,"Prop"
"Q112739747","Yassine Jarmouni","Yassine Jarmouni",1995-03-15,"Clermont-l'Hérault",NA,NA,186,"3rd Row"
"Q112760524","Lauina Futi","Lauina Futi",1996-01-05,"Mapusaga",NA,NA,178,"Winger; Centre"
"Q112779629","Hervé Durquety","Hervé Durquety",1970-10-13,NA,NA,NA,185,"Flanker"
"Q112791129","Pedro Soto","Pedro Soto",1995-03-15,NA,NA,NA,181,"Fullback; Fly-Half"
"Q112797279","Henry Arundell","Henry Arundell",2002-11-08,"Akrotiri and Dhekelia",NA,NA,183,"Fullback; Winger"
"Q112845261","Rodrigo Marta","Rodrigo Marta",1999-11-18,NA,NA,NA,183,"Winger"
"Q112943910","Romain Briatte","Romain Briatte",1993-02-18,"Riom",NA,NA,194,"Flanker"
"Q113075273","Rob Irimescu","Robert Irimescu",1996-03-01,"New York City",NA,NA,185,"3rd Row; Hooker"
"Q113095050","Viorel Onutu","Viorel Onuțu",1946-07-14,"Bucharest",NA,NA,175,"Hooker"
"Q113101048","Roland Vusec","Roland Vusec",1972-09-15,"Chartres",NA,NA,178,"Fly-Half; Fullback"
"Q113119024","Will Joseph","Will Joseph",2002-07-15,"Derby",NA,NA,183,"Centre"
"Q113130270","Marin Gurămare","Marin Gurămare",1960-05-23,"Bucharest",NA,NA,NA,"Number 8; Flanker"
"Q113131408","Ion Țuțuianu","Ion Țuțuianu",1939-03-05,"Ialomița County",2024-07-17,"Bucharest",190,"2nd Row"
"Q113131414","Mihai Bucos","Mihai Bucos",1950-05-01,"Șandra",NA,NA,170,"Fullback"
"Q113133065","Constantin Dinu","Constantin Dinu",1945-04-29,"Bucharest",2022-12-14,"Chitila",NA,"Prop"
"Q113133066","Valeriu Irimescu","Valeriu Irimescu",1940-11-03,"Bucharest",NA,NA,170,"Centre; Fly-Half; Fullback"
"Q113137714","Harry Owen Roe","Harry Owen Roe",1886-01-01,"Taibach",1962-01-01,"Bayonne",170,"Fly-Half"
"Q113241459","Santiago Videla","Santiago Videla",1998-01-16,"Santiago",NA,NA,179,"Fly-Half; Fullback; Centre; Winger"
"Q113303883","Jérémy Clamy-Edroux","Jérémy Clamy-Edroux",1991-01-30,NA,NA,NA,182,"Prop"
"Q113329135","Dino Casadei","Dino Casadeï",2000-11-01,"Avignon",NA,NA,189,"Prop"
"Q113329919","Gaston Lesbats","Gaston Lesbats",1930-10-18,"Léon; Landes",2013-10-14,"Léon; Landes",NA,"3rd Row; Prop"
"Q113376963","Christie Grobbelaar","Christie Grobbelaar",2000-05-25,NA,NA,NA,192,NA
"Q113377833","François Carlo Mey","François Carlo Mey",2003-07-01,"Parma",NA,NA,187,"Centre; Fullback"
"Q113450147","Éric Fourniols","Éric Fourniols",1962-01-01,NA,NA,NA,NA,"Winger"
"Q113468964","Kaminieli Rasaku","Kaminieli Rasaku",1999-07-12,"Tailevu Province",NA,NA,177,"Winger"
"Q113552090","Stéphane Trouilloud","Stéphane Trouilloud",1969-02-06,"Saint-Étienne-de-Saint-Geoirs",NA,NA,185,"Fullback; Winger"
"Q113556088","Franz Jolmès","Franz Jolmès",1968-06-16,"Grenoble",NA,NA,194,"2nd Row"
"Q113560216","Mehdi Slamani","Mehdi Slamani",2001-12-19,NA,NA,NA,198,"2nd Row"
"Q113572806","Ru-Hann Greyling","Ru-Hann Greyling",1999-05-28,NA,NA,NA,181,"Hooker"
"Q113623277","Mateo Garcia","Mateo Garcia",2002-07-08,NA,NA,NA,174,"Fly-Half"
"Q113625501","Paul Vallée","Paul Vallée",2002-07-05,NA,NA,NA,185,"Winger; Centre"
"Q113625519","Axel Bevia","Axel Bevia",2002-05-04,NA,NA,NA,180,"Fullback; Winger"
"Q113631389","Hugo Trouilloud","Hugo Trouilloud",2003-03-05,"La Tronche",NA,NA,180,"Fullback; Winger; Fly-Half"
"Q113711006","Thomas Darracq","Thomas Darracq",1977-01-01,NA,NA,NA,174,"Fly-Half; Centre"
"Q113754245","Theo Dan","Theo Dan",2000-12-26,"London",NA,NA,179,"Hooker"
"Q113952709","Théo Ntamack","Théo Ntamack",2002-05-29,"Toulouse",NA,NA,193,"Number 8; Flanker"
"Q113997241","Paul Arnaud Ausset","Paul Ausset",1999-06-19,"Toulouse",NA,NA,190,"Flanker; Number 8"
"Q114035865","Christophe Dongieu","Christophe Dongieu",1972-02-01,"Bayonne",NA,NA,192,"Flanker; Number 8"
"Q114053449","Louis Barrere","Louis Barrère",2001-02-05,"Bayonne",NA,NA,176,"Hooker"
"Q114065869","Hugo Fourquet","Hugo Fourquet",2002-04-15,NA,NA,NA,185,"Centre; Winger"
"Q114279525","Reda Wardi","Reda Wardi",1995-08-02,"Montpellier",NA,NA,185,"Loosehead Prop"
"Q114355925","Unam Tose","Unam Tose",2000-05-03,NA,NA,NA,NA,"Scrum-Half"
"Q114355934","Rumandi Potgieter","Rumandi Potgieter",1997-10-05,NA,NA,NA,NA,"Scrum-Half"
"Q114355937","Roseline Botes","Roseline Botes",1999-11-25,NA,NA,NA,NA,"Hooker"
"Q114355941","Rights Mkhari","Rights Mkhari",1994-09-09,NA,NA,NA,NA,"2nd Row"
"Q114355945","Nompumelelo Mathe","Nompumelelo Mathe",1999-10-30,NA,NA,NA,NA,"Number 8"
"Q114355955","Micke Gunter","Micke Gunter",1998-10-25,NA,NA,NA,NA,"Hooker"
"Q114355963","Lindelwa Gwala","Lindelwa Gwala",1997-08-24,NA,NA,NA,NA,"Hooker"
"Q114355971","Chumisa Qawe","Chumisa Qawe",1999-11-15,NA,NA,NA,NA,"Centre"
"Q114355973","Chuma Qawe","Chuma Qawe",1999-11-15,NA,NA,NA,NA,"Winger"
"Q114355979","Azisa Mkiva","Azisa Mkiva",1999-02-09,NA,NA,NA,NA,"Prop"
"Q114355986","Asithandile Ntoyanto","Asithandile Ntoyanto",1991-05-06,NA,NA,NA,NA,"Prop"
"Q114355988","Aseza Hele","Aseza Hele",1994-11-26,NA,NA,NA,172,"Number 8"
"Q114355989","Aphiwe Ngwevu","Aphiwe Ngwevu",1998-05-14,NA,NA,NA,NA,"Centre"
"Q114496807","Maxime Duprat","Maxime Duprat",1998-06-06,"Montauban",NA,NA,183,"Loosehead Prop"
"Q114554434","Tom Jordan","Tom Jordan",1998-09-18,"Auckland",NA,NA,189,"Fly-Half; Centre; Fullback"
"Q114588135","Armand Figeac","Armand Figeac",1915-02-06,"Tonneins",2013-03-01,"Roanne",NA,NA
"Q114594360","Jules Soulé","Jules Soulé",1878-07-10,NA,1945-05-12,NA,NA,NA
"Q114642680","Jean Darricau","Jean Darricau",1931-10-02,"Hasparren",NA,NA,NA,NA
"Q114648661","Michel Naudo","Michel Naudo",1955-05-01,NA,NA,NA,NA,NA
"Q114658922","Jean Ruiz","Jean Ruiz",1964-06-24,NA,NA,NA,NA,NA
"Q114670777","Marko Gazzotti","Marko Gazzotti",2004-09-24,"Aix-les-Bains",NA,NA,192,"Number 8; Flanker"
"Q114700155","Sakurako Korai","Sakurako Korai",2003-04-09,NA,NA,NA,NA,"2nd Row"
"Q114700192","Kyoko Hosokawa","Kyoko Hosokawa",1999-07-08,NA,NA,NA,NA,"2nd Row"
"Q114700208","Ayasa Otsuka","Ayasa Otsuka",1999-05-05,NA,NA,NA,NA,"Fly-Half"
"Q114700232","Ai Hirayama","Ai Hirayama",1992-05-07,NA,NA,NA,NA,"Fullback"
"Q114700245","Ria Anoku","Ria Anoku",1996-10-02,NA,NA,NA,NA,"Fullback"
"Q114711419","Ian Boubila","Ian Boubila",2002-01-17,"Montauban",NA,NA,181,"Hooker"
"Q114716575","David Bolgashvili","David Bolgashvili",1979-09-19,"Tbilisi",NA,NA,187,"Flanker; Number 8"
"Q114758949","Maurice André","Maurice André",1921-12-03,"Narbonne",2016-08-03,"La Ciotat",NA,NA
"Q114834403","Paul Piany","Paul Piany",1909-01-14,"Saint-Claude; Jura",1996-03-07,"Salon-de-Provence",NA,"Prop"
"Q114841917","Baptiste Jauneau","Baptiste Jauneau",2003-11-17,"Pau; Pyrénées-Atlantiques",NA,NA,178,"Scrum-Half"
"Q114866766","Henri Marty","Henri Marty",1907-09-19,"Chalabre",1992-12-03,"Manosque",167,"Fullback"
"Q114867352","Lucien Lafond","Lucien Lafond",1906-01-26,"Beaurepaire; Isère",1972-09-19,"Sainte-Foy-lès-Lyon",NA,NA
"Q114872365","André Larroche","André Larroche",1911-05-18,"Biganos",1981-06-13,"Andernos-les-Bains",NA,NA
"Q114877226","Henri Audurau","Henri Andurau",1911-07-01,"Boucau",1996-03-20,"Bayonne",NA,NA
"Q114877407","André Saubion","André Saubion",1909-04-13,"Magescq",1999-03-23,"Bordeaux",NA,NA
"Q114877649","Raoul Lavagne","Raoul Lavagne",1910-12-16,"Béziers",2001-06-12,"Béziers",NA,NA
"Q114877827","Charles Suares","Charles Suarès",1912-07-13,"Perpignan",1996-05-23,"Prades; Pyrénées-Orientales",NA,NA
"Q114877828","Philippe Ascola","Philippe Ascola",1906-02-14,"Argelès-sur-Mer",1987-12-28,"Perpignan",NA,NA
"Q114877831","Octave Triquera","Octave Triquéra",1911-11-05,"Cabestany",1982-12-16,"Perpignan",NA,NA
"Q114877837","Adrien Maurel","Adrien Maurel",1908-06-21,"Béziers",1985-10-27,"Béziers",NA,NA
"Q114877841","Jean Queroli","Jean Queroli",1908-03-26,"Moïta",1992-03-14,"Perpignan",NA,NA
"Q114887867","Louis Sayrou","Louis Sayrou",1910-05-10,"Torreilles",1992-06-15,"Perpignan",NA,NA
"Q114887869","Jean Azaïs","Jean Azaïs",1909-02-24,"Perpignan",1987-01-05,"Reus",NA,NA
"Q114890205","Jean Darrigade","Jean Darrigade",1913-02-28,"Bayonne",1985-11-12,"Pessac",NA,NA
"Q114890213","Marius Haon","Marius Haon",1911-02-19,"Narbonne",1989-09-27,"Toulouse",NA,NA
"Q114890224","Michel Bénazet","Michel Bénazet",1908-09-01,"Béziers",1990-01-26,"Toulouse",NA,"Fullback; Scrum-Half"
"Q114891713","Jean Ladeuich","Jean Ladeuich",1912-02-21,"Mendionde",1977-10-16,"Bayonne",NA,"Number 8"
"Q114896046","Ferdinand Danoy","Ferdinand Danoy",1906-11-24,"Cases-de-Pène",1981-09-30,"Perpignan",176,"2nd Row"
"Q114896937","Roger Vaills","Roger Vaills",1908-12-21,"Palau-del-Vidre",1978-03-26,"Perpignan",169,"Scrum-Half"
"Q114898650","Marcel Delhommeau","Marcel Delhommeau",1913-04-26,"Nissan-lez-Enserune",1993-06-08,"Montpellier",NA,"Winger"
"Q114949256","Émilien Gailleton","Émilien Gailleton",2003-07-13,"Croydon",NA,NA,185,"Centre; Winger"
"Q114962070","Lucien Malafosse","Lucien Malafosse",1926-11-08,"Saint-Féliu-d'Avall",1978-11-11,"Saint-Cyprien; Pyrénées-Orientales",174,NA
"Q114965655","André Castagnon","André Castagnon",1912-12-04,"Plaisance; Gers",1986-09-29,"Cépet",NA,NA
"Q114967729","Georges Bentouré","George Bentouré",1910-02-25,"Sorède",1993-11-05,"Cerbère",NA,NA
"Q114976910","Stéphane Guyot","Stéphane Guyot",1970-04-14,NA,NA,NA,NA,"Flanker"
"Q114977361","Paul Tailhades","Paul Tailhades",1997-04-15,NA,NA,NA,183,"Loosehead Prop"
"Q114992435","Maurice Sournies","Maurice Sournies",1913-10-05,"Fabrezan",1985-12-19,"Bergerac; Dordogne",NA,NA
"Q114996276","Jacques Labrousse","Jacques Labrousse",1916-10-11,"Villefranche-de-Rouergue",2010-11-05,"Narbonne",NA,NA
"Q115005146","Denis Martiquet","Denis Martiquet",1916-07-31,"Lahonce",1965-07-01,"Bayonne",NA,NA
"Q115009703","Raymond Detchart","Raymond Detchart",1919-09-06,"Bègles",1982-09-09,"Talence",NA,"Hooker"
"Q115011308","Clément Mondinat","Clément Mondinat",2003-10-29,NA,NA,NA,178,"Fly-Half; Fullback"
"Q115022373","Ratko Jelic","Ratko Jelic",2000-08-17,"Belgrade",NA,NA,172,"Scrum-Half"
"Q115094364","Jean Londaitsbéhère","Jean Londaitsbehere",1910-07-04,"Hasparren",1971-10-22,"Agen",NA,NA
"Q115097619","Jean Labat","Jean Labat",1917-05-10,"Leboulin",2018-08-05,"Urt",NA,NA
"Q115098513","Joseph Ollet","Joseph Ollet",1912-11-14,"Saint-Laurent-de-Cerdans",1993-04-25,"Perpignan",NA,"Centre"
"Q115115837","Auguste Cadot","Auguste Cadot",2001-07-28,"Beaune",NA,NA,180,"Centre"
"Q115115865","Baptiste Fariscot","Baptiste Fariscot",2001-11-15,NA,NA,NA,181,"Winger"
"Q115116761","Thomas Rozière","Thomas Rozière",2000-04-13,NA,NA,NA,177,"Winger; Fullback"
"Q115118074","Gaël Dréan","Gaël Dréan",2000-10-22,"Lorient",NA,NA,184,"Winger"
"Q115126692","Lenni Nouchi","Lenni Nouchi",2003-11-24,NA,NA,NA,192,"Flanker; Number 8; 2nd Row"
"Q115145192","Pierre Bochaton","Pierre Bochaton",2001-04-17,NA,NA,NA,197,"Flanker"
"Q115147067","Henri Jeansous","Henri Jeansous",1910-02-20,"Saint-Vincent-de-Paul; Landes",1964-05-18,"Toulouse",NA,NA
"Q115184288","Joseph Lapoterie","Joseph Lapoterie",1937-07-07,"Biarritz",2004-12-12,"Cambo-les-Bains",180,"2nd Row"
"Q115185509","Alewyn Joubert","Alewyn Joubert",1967-07-08,"Heidelberg; Western Cape",2017-11-08,"Tenay",189,"Winger"
"Q115218069","Fernand Cantoni","Fernand Cantoni",1932-03-05,"Grenade; Haute-Garonne",1984-05-23,"Pujaudran",NA,"Flanker"
"Q115247877","René Lhoste","René Lhoste",1917-02-07,"Juillan",1998-11-04,"Bayonne",NA,"Scrum-Half"
"Q115258515","Jean-Claude Mignaçabal","Jean-Claude Mignaçabal",1944-03-06,"Mauléon-Licharre",2016-08-23,"Romans-sur-Isère",184,"Scrum-Half"
"Q115472859","Miracle Fai’ilagi","Miracle Fai'ilagi",1999-08-31,NA,NA,NA,198,"Flanker; 2nd Row"
"Q115472870","Martín Bogado","Martín Bogado",1998-04-29,"Posadas; Misiones",NA,NA,191,"Fullback; Winger"
"Q115492321","Luca Rizzoli","Luca Rizzoli",2002-05-03,"Rome",NA,NA,178,"Loosehead Prop"
"Q115518158","Joe Carpenter","Joe Carpenter",2001-08-19,"Leeds",NA,NA,180,"Fullback"
"Q115521097","Simon Augry","Simon Augry",1997-08-22,"Poitiers",NA,NA,191,"Flanker"
"Q115566226","Jean-Marc Gonzales","Jean-Marc Gonzales",1955-10-01,NA,NA,NA,NA,NA
"Q115664941","Euan Ferrie","Euan Ferrie",2001-07-23,"East Kilbride",NA,NA,198,"Flanker; 2nd Row"
"Q115667410","Shilton van Wyk","Shilton van Wyk",1999-12-22,NA,NA,NA,NA,NA
"Q115735118","Christopher Vaotoa","Christopher Vaotoa",1996-11-16,NA,NA,NA,185,"Tighthead Prop"
"Q115754114","Hugo Auradou","Hugo Auradou",2003-07-20,"Sèvres",NA,NA,200,"2nd Row"
"Q115759528","Brent Liufau","Brent Liufau",2004-03-21,NA,NA,NA,196,"Number 8; 2nd Row"
"Q115845694","Nicolas Depoortère","Nicolas Depoortère",2003-01-13,"Pessac",NA,NA,194,"Centre"
"Q115867003","Angus Fraser","Angus Fraser",1999-12-09,"Dundee",NA,NA,183,"Hooker; Flanker"
"Q115933946","Valentin Simutoga","Valentin Simutoga",2003-02-14,"Colmar",NA,NA,184,"Prop"
"Q116141561","Jean-Baptiste Lachaise","Jean-Baptiste Lachaise",2001-04-26,NA,NA,NA,190,"Flanker; Number 8"
"Q116162899","Benjamin Boudou","Benjamin Boudou",2002-06-07,"Paris",NA,NA,182,"Hooker"
"Q116215809","Corentin Coularis","Corentin Coularis",2002-08-29,NA,NA,NA,191,"Flanker"
"Q116216754","Henri Dequenne","Henri Dequenne",2000-07-06,NA,NA,NA,175,"Fly-Half; Fullback"
"Q116245734","Connor Sa","Connor Sa",2002-01-22,NA,NA,NA,185,"Hooker"
"Q116305126","Théo Attissogbé","Théo Attissogbe",2004-11-19,"Périgueux",NA,NA,181,"Winger; Fullback"
"Q116312825","Grégoire Arfeuil","Grégoire Arfeuil",2004-12-05,"Beaune",NA,NA,193,"Winger"
"Q116313188","Axel Desperes","Axel Desperes",2004-01-16,"Pau; Pyrénées-Atlantiques",NA,NA,183,"Fly-Half; Fullback; Centre"
"Q116453914","Gabin Michet","Gabin Michet",2001-06-21,"Clermont-Ferrand",NA,NA,180,"Fly-Half"
"Q116454443","Janick Tarrit","Janick Tarrit",1998-10-29,NA,NA,NA,183,"Hooker"
"Q116486723","Miles Amatosero","Miles Amatosero",2002-06-15,"Sydney",NA,NA,202,"2nd Row"
"Q116494248","Mannetjies Gericke","Mannetjies Gericke",1933-06-08,"Kimberley; Northern Cape",2010-10-22,"George; South Africa",NA,"Scrum-Half"
"Q116494383","Gilles Gironella","Gilles Gironella",1978-09-01,"Perpignan",NA,NA,NA,"Winger"
"Q116498603","Roger Llari","Roger Llari",1903-04-15,"Saint-Gaudens; Haute-Garonne",1973-12-18,"Saint-Étienne",NA,"Scrum-Half"
"Q116690125","Martín Sigren","Martín Sigren",1996-05-14,"Santiago",NA,NA,191,"Flanker; Number 8"
"Q116741701","Luka Matkava","Luka Matkava",2001-05-10,"Tbilisi",NA,NA,178,"Fly-Half"
"Q116742439","Nathan Huguen","Nathan Huguen",2002-01-26,"Vannes",NA,NA,198,"2nd Row"
"Q116748612","Laurent Giolitti","Laurent Giolitti",1973-03-15,"Nice",NA,NA,187,"Winger"
"Q116779517","Jules Le Bail","Jules Le Bail",1992-02-09,"Carquefou",NA,NA,168,"Scrum-Half"
"Q116808191","Lucas Santamaria","Lucas Santamaria",2001-04-28,NA,NA,NA,186,"Prop"
"Q116808373","Boris Goutard","Boris Goutard",1998-06-10,NA,NA,NA,181,"Fullback; Fly-Half"
"Q116819188","Sam Prendergast","Sam Prendergast",2003-02-12,"Kildare",NA,NA,193,"Fly-Half"
"Q116829219","Michel Himmer","Michel Himmer",2000-04-05,NA,NA,NA,197,"2nd Row"
"Q116860636","Paul Cassagne","Paul Cassagne",1931-01-22,"Tarbes",2015-06-07,"Ibos; Hautes-Pyrénées",186,"2nd Row"
"Q116870485","Simão Bento","Simão Bento",2001-06-21,NA,NA,NA,178,"Fullback; Winger"
"Q116889929","Barnabé Massa","Barnabé Massa",2004-05-13,"Valence; Drôme",NA,NA,180,"Hooker"
"Q116911145","Christopher van Leeuwen","Christopher van Leeuwen",1995-04-26,NA,NA,NA,198,"2nd Row"
"Q116912435","Dennis van Dijken","Dennis van Dijken",1999-08-25,NA,NA,NA,198,"2nd Row"
"Q116916655","Emosi Tuqiri","Emosi Tuqiri",2000-12-28,"Brisbane",NA,NA,194,"Loosehead Prop"
"Q116926115","Conner Mooneyham","Conner Mooneyham",1996-03-28,"Rocklin; California",NA,NA,183,"Winger; Fullback"
"Q116949286","Max Jorgensen","Max Jorgensen",2004-09-02,"Sheffield",NA,NA,181,"Fullback; Winger"
"Q116951645","Oskar Rixen","Oskar Rixen",2002-02-09,NA,NA,NA,204,"2nd Row"
"Q116959974","Yanis Charcosset","Yanis Charcosset",2001-08-28,"Mâcon",NA,NA,184,"Hooker"
"Q116968138","Alexandru Colev","Alexandru Colev",1997-02-02,"Chișinău",NA,NA,181,"Hooker"
"Q116968754","Renger van Eerten","Renger van Eerten",1999-08-02,NA,NA,NA,202,"2nd Row"
"Q116970742","Théo William","Théo William",2000-07-04,NA,NA,NA,194,"Flanker; 2nd Row"
"Q116980957","Ellie Rugman","Ellie Rugman",1993-06-14,NA,NA,NA,NA,"Winger"
"Q116981093","Hannah Sims","Hannah Sims",1996-11-03,NA,NA,NA,NA,"Prop"
"Q116983813","Blake Schoupp","Blake Schoupp",1998-03-28,"Wollongong",NA,NA,180,"Prop; Hooker"
"Q117085362","Baptiste Heguy","Baptiste Heguy",1998-05-11,"Bayonne",NA,NA,196,"Flanker"
"Q117187572","Josh Hathaway","Josh Hathaway",2003-10-19,"Aberystwyth",NA,NA,183,"Winger; Fullback"
"Q117212967","Tom Lynagh","Tom Lynagh",2003-04-14,"Montebelluna",NA,NA,178,"Fly-Half"
"Q117222916","Le Roux Malan","Le Roux Malan",1999-03-31,"Windhoek",NA,NA,191,"Centre"
"Q117303310","Clément Vergé","Clément Vergé",2001-09-13,"Saint-Lizier",NA,NA,200,"2nd Row"
"Q117350370","Ignacio Ruiz","Ignacio Ruiz",2001-01-03,"Buenos Aires",NA,NA,188,"Hooker; Number 8"
"Q117360308","Jean Barrès","Jean Barrès",1907-05-24,"Villeneuve-sur-Lot",2000-03-01,"Villeneuve-sur-Lot",NA,NA
"Q117478248","Claude Martinez","Claude Martinez",1958-04-28,"Nîmes",NA,NA,180,"Winger"
"Q117559674","Maixent Piquemal","Maixent Piquemal",1907-02-18,NA,1995-08-14,NA,NA,"Fullback"
"Q117563789","Antoine Aucagne","Antoine Aucagne",2000-04-11,"Vichy",NA,NA,184,"Fly-Half; Fullback"
"Q117604395","Alain Lagouarde","Alain Lagouarde",1968-07-09,"Pau; Pyrénées-Atlantiques",NA,NA,194,"2nd Row"
"Q117605210","Franck Rollès","Franck Rollès",1967-02-13,"Valence; Drôme",NA,NA,196,"Number 8"
"Q117606167","Edouard Réchède","Édouard Réchède",1905-11-26,"Pau; Pyrénées-Atlantiques",1973-02-21,"Pau; Pyrénées-Atlantiques",NA,"Winger"
"Q117663267","André Courtade","André Courtade",1912-08-24,"Pau; Pyrénées-Atlantiques",1989-02-14,"Pau; Pyrénées-Atlantiques",NA,"Fullback"
"Q117680758","Henri Desperbasque","Henri Desperbasque",NA,NA,NA,NA,175,"3rd Row"
"Q117709170","René Sabin","René Sabin",1909-08-03,"Pau; Pyrénées-Atlantiques",1985-11-16,"Saint-Pée-sur-Nivelle",NA,"Centre"
"Q117745398","Hugo Reus","Hugo Reus",2004-02-21,"Périgueux",NA,NA,184,"Fly-Half"
"Q117774917","Jean Kaczmarek","Jean Kaczmarek",1937-01-20,"Toulouse",2023-01-11,"Rieumes",NA,NA
"Q117831547","Cyriac Guilly","Cyriac Guilly",2003-04-06,"Bayonne",NA,NA,194,"Flanker"
"Q117832852","Jean Dubalen","Jean Dubalen",1922-05-07,"Viella; Gers",1997-01-03,"Cambo-les-Bains",174,"Scrum-Half"
"Q117846104","Nathan Farissier","Nathan Farissier",2001-04-20,"Lyon",NA,NA,180,"Winger"
"Q117930709","Thomas Moukoro","Thomas Moukoro",2002-01-01,"Paris",NA,NA,186,"Loosehead Prop"
"Q117934227","Jacques Clavé","Jacques Clavé",1943-05-04,"Hagetmau",2023-01-09,"Mont-de-Marsan",169,"Winger"
"Q117934288","Henri Cazabat","Henri Cazabat",1936-07-25,"Pau; Pyrénées-Atlantiques",NA,NA,173,"Flanker"
"Q117939992","Bernard Vignette","Bernard Vignette",1939-08-08,"Louvie-Juzon",NA,NA,185,"Flanker"
"Q118116612","Léo Carbonneau","Léo Carbonneau",2004-10-07,"Pau; Pyrénées-Atlantiques",NA,NA,169,"Scrum-Half"
"Q118117264","Arthur Klis","Arthur Klis",2003-05-01,"Ermont",NA,NA,193,"2nd Row; 3rd Row"
"Q118120055","André Duprat","André Duprat",1914-11-30,"Nérac",1997-06-30,"Nérac",NA,NA
"Q118121689","Robert Biraben","Robert Biraben",1891-02-26,"Dax; Landes",1973-02-22,"Dax; Landes",NA,"Centre"
"Q118123490","Thomas Salles","Thomas Salles",1996-08-19,"Aurillac",NA,NA,185,"Fullback; Winger; Centre; Fly-Half"
"Q118125514","Mathis Ferté","Mathis Ferté",2004-02-02,NA,NA,NA,171,"Fullback; Winger; Scrum-Half; Centre"
"Q118130572","Posolo Tuilagi","Posolo Tuilagi",2004-07-28,NA,NA,NA,192,"2nd Row"
"Q118152711","Sylwester Gąska","Sylwester Gąska",2002-02-02,NA,NA,NA,188,"Prop"
"Q118173232","Christophe Paillé","Christophe Paillé",1973-05-23,"Pau; Pyrénées-Atlantiques",NA,NA,181,"Centre; Fullback"
"Q118203177","Ryan Woodman","Ryan Woodman",2004-02-02,"Newport; Wales",NA,NA,196,"Flanker; 2nd Row; Number 8"
"Q118240512","Thierry Ducès","Thierry Ducès",1969-01-19,"Auch",NA,NA,183,"Fly-Half"
"Q118240535","Richard Mapuhi","Richard Mapuhi",1963-02-19,"Afaʻahiti",NA,NA,171,"Fly-Half"
"Q118255660","Michel Capot","Michel Capot",1960-05-18,"Mauvezin; Gers",NA,NA,183,"2nd Row; Number 8"
"Q118270970","Alexis Bernadet","Alexis Bernadet",2001-06-02,NA,NA,NA,177,"Scrum-Half"
"Q118302254","Jacques Moliner","Jacques Moliner",1945-08-24,"Baixas",1997-12-03,"Perpignan",NA,"Hooker; Flanker"
"Q118383074","Jean Chezeau","Jean Chezeau",2001-04-07,NA,NA,NA,173,"Fly-Half"
"Q118465900","Clément Estériola","Clément Estériola",1990-12-09,NA,NA,NA,175,"Hooker"
"Q118558375","Swan Cormenier","Swan Cormenier",1996-01-18,"Cognac; France",NA,NA,178,"Loosehead Prop"
"Q118575003","Matías Dittus","Matías Dittus",1993-07-16,NA,NA,NA,182,"Prop"
"Q118575037","Marius Vialle","Marius Vialle",1991-12-28,NA,NA,NA,183,"Flanker"
"Q118583045","Maxime Lafage","Maxime Lafage",1994-09-01,"Toulouse",NA,NA,183,"Fly-Half"
"Q118612125","Fred Hickes","Fred Hickes",1992-07-17,NA,NA,NA,179,"Centre"
"Q118640322","Roger Minjat","Roger Minjat",1920-08-03,"Vénissieux",2005-09-27,"4th arrondissement of Lyon",NA,"Fullback"
"Q118640378","Tom Chauvet","Tom Chauvet",2000-09-20,NA,NA,NA,173,"Fly-Half"
"Q118792840","Giovanni Montemauri","Giovanni Montemauri",2000-10-24,"Rome",NA,NA,188,"Fly-Half; Fullback"
"Q118948733","Constantin Turut","Constantin Turut",NA,NA,NA,NA,NA,"Scrum-Half"
"Q118949745","Thomas Carol","Thomas Carol",2001-01-17,"Paris",NA,NA,179,"Winger; Fullback"
"Q118954945","Philippe Tarrusson","Philippe Tarrusson",1951-04-11,"Millau",2022-05-17,"Millau",NA,NA
"Q119190504","Paul Auradou","Paul Auradou",2001-09-13,NA,NA,NA,187,"Fly-Half; Fullback"
"Q119364117","Henzo Kiteau","Henzo Kiteau",2001-11-11,"Nouméa",NA,NA,190,"Tighthead Prop"
"Q119654583","Chandler Cunningham-South","Chandler Cunningham-South",2003-03-18,"Sidcup",NA,NA,193,"Number 8; Flanker"
"Q120143906","Jacques Bénédé","Jacques Bénédé",1938-03-03,"Dax; Landes",2023-06-27,"Dax; Landes",172,"Centre"
"Q120186954","David Lolohea","David Lolohea",1992-02-26,"Penrith; New South Wales",NA,NA,193,"Prop"
"Q120378604","Ilan El Khattabi","Ilan El Khattabi",1999-06-10,"Colombes",NA,NA,180,"Scrum-Half"
"Q120491590","Matthieu Loudet","Matthieu Loudet",1998-04-24,NA,NA,NA,184,"Prop"
"Q120512607","Jean-Baptiste Barrère","Jean-Baptiste Barrère",1989-12-15,"Aire-sur-l'Adour",NA,NA,188,"3rd Row"
"Q120531995","Léo Drouet","Léo Drouet",2003-08-01,NA,NA,NA,190,"Winger; Fullback"
"Q120550421","Afolabi Fasogbon","Afolabi Fasogbon",2004-08-24,NA,NA,NA,192,"Tighthead Prop"
"Q120655244","Oscar Jégou","Oscar Jégou",2003-05-31,"La Rochelle",NA,NA,190,"Flanker"
"Q120693532","Henry Tuilagi Junior","Henry TuilagiJr.",2000-07-14,NA,NA,NA,182,"Centre"
"Q120721384","Paul Ravier","Paul Ravier",1996-11-28,NA,NA,NA,176,"Scrum-Half"
"Q120721465","Robin McClintock","Robin McClintock",2002-02-01,"Sainte-Colombe; Rhône",NA,NA,182,"Centre"
"Q120767206","Gaël Doms","Gaël Doms‌",2001-07-15,NA,NA,NA,180,"Hooker"
"Q120886641","Jérémy Fernandez","Jérémy Fernandez",1997-05-15,"Mazamet",NA,NA,176,"Scrum-Half"
"Q121097488","Dominik Mohyła","Dominik Mohyła",2002-06-07,NA,NA,NA,NA,"Hooker"
"Q121367560","Pedro Rubiolo","Pedro Rubiolo",2002-12-21,"Rafaela",NA,NA,191,"2nd Row; Flanker"
"Q121517099","Adam Vargas","Adam Vargas",2000-08-11,"Vénissieux",NA,NA,180,"Winger"
"Q121539042","Mehdi Tlili","Mehdi Tlili",2004-08-17,NA,NA,NA,193,"Flanker"
"Q121614434","Thomas Crețu","Thomas Crețu",2002-03-05,"Paris",NA,NA,190,"Tighthead Prop"
"Q121840883","Brendan Lebrun","Brendan Lebrun",1998-01-22,NA,NA,NA,181,"Hooker"
"Q121911906","Alexandre Ricard","Alexandre Ricard",1997-06-30,NA,NA,NA,200,"2nd Row"
"Q121932917","Joshua Heke","Joshua Heke",1974-05-28,"Tauranga",NA,NA,184,"Prop"
"Q121998434","Paul Costes","Paul Costes",2003-04-04,"Toulouse",NA,NA,183,"Centre"
"Q122038732","Thomas Hébert","Thomas Hébert",2000-02-18,NA,NA,NA,178,"Flanker"
"Q122052212","Nicolas Martins","Nicolas Martins",1999-01-18,"Toulouse",NA,NA,196,"Flanker; Number 8"
"Q122079454","Temo Matiu","Temo Matiu",2001-07-20,"Biarritz",NA,NA,191,"Number 8; Flanker"
"Q122166444","Guram Ghaniashvili","Guram Ghaniashvili",2003-01-30,NA,NA,NA,199,"2nd Row"
"Q122169458","Ewan Bertheau","Ewan Bertheau",2001-07-05,NA,NA,NA,193,"Flanker; Number 8"
"Q122207675","Léon Darricarrère","Léon Darricarrère",2004-06-04,NA,NA,NA,181,"Centre"
"Q122208787","Roger Pouy","Roger Pouy",1914-02-07,"Tarnos",1994-11-06,"Bayonne",NA,"Fly-Half"
"Q122223191","Bastien Daguerre","Bastien Daguerre",2002-08-14,NA,NA,NA,183,"Centre"
"Q122233950","Jope Naseara","Jope Naseara",2002-12-11,NA,NA,NA,177,"Winger"
"Q122233982","Iban Hiriart-Urruty","Iban Hiriart-Urruty",1993-05-13,NA,NA,NA,180,"Hooker"
"Q122234931","André Vernis","Alain Vernis",1919-08-20,"Bayonne",2007-06-16,"Orange; Vaucluse",167,NA
"Q122240241","Charles Rabier","Charles Rabier",1921-09-30,"Mouhous",1999-11-03,"Tarbes",170,NA
"Q122295055","Steevy Cerqueira","Steevy Cerqueira",1993-08-09,"Brétigny-sur-Orge",NA,NA,206,"2nd Row; Flanker"
"Q122375334","Georges Vayre","Georges Vayre",1921-10-26,"Caudiès-de-Fenouillèdes",1994-11-09,"Saint-Gaudens; Haute-Garonne",NA,"3rd Row"
"Q122407376","Gerswin Mouton","Gerswin Mouton",1999-12-16,"Rehoboth; Namibia",NA,NA,183,"Winger; Centre"
"Q122614733","Diego Escobar","Diego Escobar",2000-04-17,"Las Condes",NA,NA,176,"Hooker"
"Q122663512","Jerónimo Portela","Jéronimo Portela",2000-11-02,NA,NA,NA,190,"Fly-Half"
"Q122753994","Irakli Aptsiauri","Irakli Aptsiauri",2003-02-23,"Tbilisi",NA,NA,185,"Prop"
"Q122765712","Zack Gauthier","Zack Gauthier",2000-01-31,"La Tronche",NA,NA,179,"Prop"
"Q122816979","Gérard Lom","Gérard Lom",1934-07-08,"Biarritz",2022-12-12,"Tardets-Sorholus",186,"3rd Row"
"Q122828372","Francis Léta","Francis Léta",1947-12-04,"Bayonne",NA,NA,NA,"Fly-Half"
"Q122828374","Jean-Louis Luneau","Jean-Louis Luneau",1952-01-24,"Châteauroux",NA,NA,NA,"2nd Row; 3rd Row"
"Q122829503","Christian Loustaudine","Christian Loustaudine",1951-06-30,"Pau; Pyrénées-Atlantiques",NA,NA,NA,"Flanker"
"Q122830404","Olly Hartley","Olly Hartley",1997-08-01,"Coventry",NA,NA,193,"Centre"
"Q122841377","Duarte Diniz","Duarte Diniz",1995-11-08,"Lisbon",NA,NA,181,"Hooker"
"Q122842393","Michel Ollé","Michel Ollé",1948-07-27,"Guéret",2017-07-04,"Guéret",169,"Fly-Half"
"Q122851373","Gérard Brusque","Gérard Brusque",1950-03-18,"Bizanos",NA,NA,NA,"Fullback"
"Q122905168","Geoffrey Lanne-Petit","Geoffrey Lanne-Petit",1989-02-18,"Pau; Pyrénées-Atlantiques",NA,NA,NA,"Scrum-Half"
"Q122931317","Patrick Pellegrini","Patrick Pellegrini",1998-09-28,"Sydney",NA,NA,170,"Fly-Half"
"Q122943921","Fernand Bourdeu","Fernand Bourdeau",1930-10-18,"Gan; Pyrénées-Atlantiques",2000-04-18,"Gan; Pyrénées-Atlantiques",182,"Flanker"
"Q122983275","Raymond Bonnemort","Raymond Bonnemort",1892-04-17,"Pau; Pyrénées-Atlantiques",1941-01-06,"Pau; Pyrénées-Atlantiques",NA,"Fullback"
"Q122998015","Jean Saldaqui","Jean Saldaqui",1913-04-20,"Lanne-en-Barétous",1991-12-19,"Jurançon",180,"2nd Row"
"Q123005182","Pierre Elichondo","Pierre Elichondo",1892-06-09,"Gotein",1954-04-08,"Bordeaux",NA,"Winger"
"Q123182535","Marius Rodrigo","Marius Rodrigo",1908-03-16,"Mauléon-Licharre",1989-11-23,"Pau; Pyrénées-Atlantiques",190,"Prop; 2nd Row"
"Q123236100","Emile Fabre","Émile Fabre",1916-04-09,"Toulouse",1985-06-09,"Frouzins",184,"2nd Row"
"Q123331884","André Rouzaud","André Rouzaud",1924-03-04,"Casablanca",2000-03-21,"Perpignan",NA,NA
"Q123348747","François Othal","François Othal",1921-03-24,"Tardets-Sorholus",2000-11-24,"Biarritz",NA,NA
"Q123355420","Marcel Dax","Marcel Dax",1916-08-06,"Cazères",1993-11-18,"Toulouse",NA,"Prop"
"Q123356229","Louis Combettes","Louis Combettes",1925-12-14,"Carmaux",1991-03-31,"Carmaux",NA,"Hooker"
"Q123461182","Yves Biaou","Yves Biaou",1991-12-23,NA,NA,NA,NA,NA
"Q123466853","Michaël Simutoga","Michaël Simutoga",1996-09-29,"Saarburg",NA,NA,184,"Tighthead Prop"
"Q123477988","Emmanuel Iyogun","Emmanuel Iyogun",2000-11-24,"Madrid",NA,NA,190,"Loosehead Prop"
"Q123478468","Guy Pepper","Guy Pepper",2003-04-21,"Harrogate",NA,NA,190,"Flanker"
"Q123483008","Wallace Sititi","Wallace Sititi",2002-09-07,NA,NA,NA,187,"Number 8; Flanker"
"Q123485566","Kyren Taumoefolau","Kyren Taumoefolau",2003-05-08,NA,NA,NA,187,"Winger"
"Q123513403","Fin Baxter","Fin Baxter",2002-02-12,"London",NA,NA,185,"Loosehead Prop"
"Q123515236","Yanis Boulassel","Yanis Boulassel",2002-05-10,NA,NA,NA,189,"Hooker"
"Q123551953","Ben Afshar","Ben Afshar",2003-04-02,"Edinburgh",NA,NA,183,"Scrum-Half"
"Q123555390","Darby Lancaster","Darby Lancaster",2003-04-23,NA,NA,NA,188,"Winger"
"Q123592532","Paul Rieu","Paul Rieu",1891-09-18,"Tarbes",1954-04-08,"Guîtres",172,"Winger; Fullback"
"Q123616140","Tevita Tatafu","Tevita Tatafu",2002-10-13,"Nukuʻalofa",NA,NA,183,"Tighthead Prop"
"Q123730822","Greg Fisilau","Greg Fisilau",2003-07-09,"Plymouth",NA,NA,188,"Number 8; Flanker"
"Q123730823","Rus Tuima","Rus Tuima",2000-05-21,"Suva",NA,NA,195,"2nd Row; Number 8; Flanker"
"Q123748907","Thomas Souverbie","Thomas Souverbie",2004-06-28,"Pau; Pyrénées-Atlantiques",NA,NA,175,"Scrum-Half; Fly-Half"
"Q123758344","Yerim Fall","Yerim Fall",2003-06-24,NA,NA,NA,178,"Winger; Centre"
"Q123847463","Samuel M'Foudi","Samuel M'Foudi",2002-05-08,"Clichy; Hauts-de-Seine",NA,NA,200,"2nd Row; Flanker"
"Q123865253","Asher Opoku-Fordjour","Asher Opoku-Fordjour",2004-07-16,"Coventry",NA,NA,186,"Prop"
"Q123907537","Sergo Abramishvili","Sergo Abramishvili",2003-11-20,NA,NA,NA,184,"Loosehead Prop"
"Q123907743","Josselin Bouhier","Josselin Bouhier",2003-01-18,"Nantes",NA,NA,194,"Flanker"
"Q123908894","Victor Templier","Victor Templier",2003-01-15,"Dijon",NA,NA,199,"2nd Row"
"Q123943566","Mackenzie Martin","Mackenzie Martin",2003-10-26,"Cardiff",NA,NA,196,"Number 8; Flanker"
"Q123991809","Lucas Dubois","Lucas Dubois",1998-06-09,NA,NA,NA,188,"Winger; Fullback"
"Q123999961","Vaea Tutuila Vaea","Vaea Tutuila Vaea",2000-12-22,NA,NA,NA,186,"Centre"
"Q124030960","Robin Couly","Robin Couly",2004-02-07,NA,NA,NA,181,"Hooker"
"Q124041556","Loïc Crédoz","Loïc Crédoz",1999-05-17,"Annecy",NA,NA,188,"Flanker; Number 8"
"Q124043834","Kevin Lebreton","Kevin Lebreton",1995-01-07,NA,NA,NA,178,"Flanker"
"Q124052779","Giorgi Dzmanashvili","Giorgi Dzmanashvili",2002-06-16,NA,NA,NA,186,"Tighthead Prop"
"Q124062048","Beka Shvangiradze","Beka Shvangiradze",2002-06-12,NA,NA,NA,191,"Flanker; Number 8"
"Q124062275","Loris Zarantonello","Loris Zarantonello",2000-11-17,"L'Union",NA,NA,178,"Hooker"
"Q124093276","Morgan Morse","Morgan Morse",2005-01-18,"Swansea",NA,NA,186,"Number 8; Flanker"
"Q124101064","Romain Latterrade","Romain Latterrade",1996-04-04,"Saint-Justin; Landes",NA,NA,180,"Hooker"
"Q124102023","Maxime Baudonne","Maxime Baudonne",2002-07-12,"Bayonne",NA,NA,190,"Flanker; Number 8"
"Q124128365","Anthime Hemery","Anthime Hemery",2001-01-09,"Sainte-Catherine; Pas-de-Calais",NA,NA,189,"Number 8; Flanker; 2nd Row"
"Q124199554","Dan Frost","Dan Frost",1997-04-24,"Taunton",NA,NA,180,"Hooker"
"Q124274970","Gregor Hiddleston","Gregor Hiddleston",2002-03-26,"Dumfries",NA,NA,188,"Hooker"
"Q124287310","Paulo Tauiliili-Pelesasa","Paulo Tauiliili-Pelesasa",2005-02-08,"Blacktown City Council",NA,NA,194,"Number 8; 2nd Row"
"Q124300324","Archie Griffin","Archie Griffin",2001-07-24,"Sydney",NA,NA,190,"Tighthead Prop"
"Q124302364","Marc Biboulet","Marc Biboulet",1972-07-29,"Toulouse",NA,NA,186,"Winger"
"Q124305972","Oscar Beard","Oscar Beard",2001-11-20,"Frimley",NA,NA,193,"Centre; Winger"
"Q124308709","Esteban Abadie","Esteban Abadie",1997-12-01,"Le Mans",NA,NA,188,"Flanker; Number 8"
"Q124309380","Sam Harris","Sam Harris",2003-09-03,NA,NA,NA,184,"Fullback"
"Q124310744","Lennox Anyanwu","Lennox Anyanwu",2000-11-29,"London",NA,NA,182,"Centre"
"Q124311844","George Hendy","George Hendy",2002-10-15,"Warwick",NA,NA,190,"Fullback; Winger"
"Q124344804","Dan Edwards","Dan Edwards",2003-05-07,"Port Talbot",NA,NA,178,"Fly-Half"
"Q124357694","Evan Lloyd","Evan Lloyd",2001-12-28,"Penarth",NA,NA,185,"Hooker"
"Q124360261","Sam Wasley","Sam Wasley",1995-01-01,NA,NA,NA,190,"Number 8"
"Q124376775","Hugo Parrou","Hugo Parrou",2003-01-28,"Tarbes",NA,NA,183,"Prop"
"Q124397453","Sam Riley","Sam Riley",2001-04-23,"Chertsey",NA,NA,180,"Hooker"
"Q124416941","Baptiste Cope","Baptiste Cope",2002-02-09,NA,NA,NA,186,"Flanker; Number 8"
"Q124526643","Giorgi Mamaiashvili","Giorgi Mamaiashvili",2003-02-26,NA,NA,NA,185,"Prop"
"Q124526645","Diego Pinheiro Ruiz","Diego Pinheiro Ruiz",2003-09-01,NA,NA,NA,192,"Flanker"
"Q124544740","Patrick Tuifua","Patrick Tuifua",2004-08-25,NA,NA,NA,191,"Flanker"
"Q124613640","Arthur Smeets","Arthur Smeets",2002-01-23,"Etterbeek",NA,NA,197,"2nd Row; Flanker"
"Q124616211","Alfie Petch","Alfie Petch",1999-12-21,"Truro",NA,NA,180,"Tighthead Prop"
"Q124621989","Nafi Ma'afu","Nafi Ma'afu",1998-06-18,"Phoenix; Arizona",NA,NA,200,"2nd Row; Flanker"
"Q124623871","Ratu Nacika","Ratu Nacika",1997-02-11,NA,NA,NA,197,"Flanker; 2nd Row; Centre"
"Q124636283","Charles Bochard","Charles Bochard",NA,NA,NA,NA,NA,NA
"Q124661887","André Clady","André Clady",1905-03-31,"Lézignan-Corbières",1989-10-15,"Aix-en-Provence",NA,"2nd Row; Flanker"
"Q124707672","Mickaël Guillard","Mickaël Guillard",2000-12-10,"Trappes",NA,NA,197,"2nd Row; Flanker; Number 8"
"Q124710020","Maxime Gouzou","Maxime Gouzou",1998-09-11,"Bayonne",NA,NA,189,"Number 8"
"Q124719332","Alfred Parisien","Alfred Parisien",2001-03-04,"Périgueux",NA,NA,182,"Centre"
"Q124726641","Giorgi Pertaïa","Giorgi Pertaïa",1996-12-23,NA,NA,NA,184,"Prop"
"Q124736899","Andy Timo","Andy Timo",2004-05-28,"Massy; Essonne",NA,NA,191,"Flanker; Number 8"
"Q124738058","Mathis Castro-Ferreira","Mathis Castro-Ferreira",2004-01-13,"Lourdes",NA,NA,192,"Number 8; Flanker"
"Q124750281","Zaccharie Affane","Zaccharie Affane",2004-07-15,NA,NA,NA,191,"Tighthead Prop"
"Q124767748","Jean-Luc Cester","Jean-Luc Cester",1966-05-30,"L'Isle-Jourdain; Gers",NA,NA,187,"3rd Row"
"Q124767961","Mohamed Khribache","Mohamed Khribache",1988-06-08,NA,NA,NA,174,"Hooker"
"Q124789938","Paul Champ","Paul Champ",2001-01-31,NA,NA,NA,188,"Winger; Fullback"
"Q124798527","Rémy Bouet","Rémy Bouet",1992-01-09,NA,NA,NA,181,"Winger; Fullback; Scrum-Half"
"Q124812202","Moses Alo-Emile","Moses Alo-Emile",2000-01-18,"Brisbane",NA,NA,187,"Prop"
"Q124839130","Jules Dubecq","Jules Dubecq",2001-08-31,NA,NA,NA,182,"Fullback"
"Q124851129","Théophile Cotte","Théophile Cotte",1993-04-26,NA,NA,NA,197,"Flanker"
"Q124876510","Jean-Philippe Cantin","Jean-Philippe Cantin",1966-08-03,NA,NA,NA,181,"Hooker"
"Q124883619","Finn Carnduff","Finn Carnduff",2004-03-10,"Leicester",NA,NA,194,"Flanker; 2nd Row"
"Q124927968","Esteban Capilla","Esteban Capilla",2003-01-05,"Saint-Saulve",NA,NA,197,"Flanker"
"Q125053287","Adrian Mitu","Adrian Mitu",2004-05-12,"Meaux",NA,NA,187,"Number 8"
"Q125107402","Sébastien Calvet","Sébastien Calvet",1976-03-25,"Toulouse",NA,NA,NA,"Scrum-Half; Centre"
"Q125210356","Serge Michel","Serge Michel",1954-07-19,NA,NA,NA,196,"2nd Row"
"Q125352647","Yanis Gimenez","Yanis Gimenez",2000-03-26,NA,NA,NA,180,"Hooker"
"Q125377620","Aviata Silago","Aviata Silago",1993-01-02,NA,NA,NA,180,"Centre; Fly-Half; Fullback"
"Q125453615","Léandre Cotte","Léandre Cotte",1989-09-03,NA,NA,NA,196,"2nd Row"
"Q125459825","Louis Penverne","Louis Penverne",2003-02-22,NA,NA,NA,187,"Loosehead Prop"
"Q125475257","Herbert Junior Couacaud","Herbert Junior Couacaud",NA,NA,NA,NA,NA,NA
"Q125506068","Noël Guillemot","Noël Guillemot",NA,NA,NA,NA,NA,"Winger"
"Q125546558","Thibault Rabourdin","Thibault Rabourdin",2001-01-20,NA,NA,NA,176,"Fullback"
"Q125555232","Francis Rongiéras","Francis Rongiéras",1958-05-14,"Agonac",1991-06-15,"Périgueux",190,"Number 8"
"Q125555706","Philippe Racz","Philippe Racz",1965-01-31,"Pau; Pyrénées-Atlantiques",2021-04-06,"Pau; Pyrénées-Atlantiques",177,"Prop"
"Q125561087","Dominique Dal Pos","Dominique Dal Pos",1965-06-22,NA,NA,NA,181,"Winger"
"Q125622348","Farid Ouramdane","Farid Ouramdane",1975-04-20,"Arles",NA,NA,NA,"Centre"
"Q125622352","Jean-Paul Basly","Jean-Paul Basly",1946-04-10,"Mialos",NA,NA,182,"Centre"
"Q125623200","Jean-Pierre Peys","Jean-Pierre Peys",1951-12-16,"Sauvagnon",NA,NA,182,"Flanker"
"Q125652810","Oktay Yilmaz","Oktay Yilmaz",1998-01-31,NA,NA,NA,180,"Prop"
"Q125738751","Rayan Rebbadj","Rayan Rebbadj",1999-08-15,"Martigues",NA,NA,190,"Winger; Centre"
"Q125754860","Louis Gibert","Louis Gibert",1909-09-27,"La Grand-Combe",1989-09-19,"Clermont-Ferrand",171,"Prop; Number 8; Flanker"
"Q125762383","Jorji Saldadze","Jorji Saldadze",1994-05-25,"Kutaisi",NA,NA,181,"Prop"
"Q125762386","Kevin Tougne","Kevin Tougne",1997-04-13,"Toulouse",NA,NA,190,"Loosehead Prop"
"Q125763385","Gabriel Clément","Gabriel Clément",1912-07-22,"Sauxillanges",1978-05-16,"Sauxillanges",NA,"Scrum-Half; Fly-Half; Fullback"
"Q125768580","Luc Ignace Véa","Luka Véa",2002-07-31,NA,NA,NA,183,"Prop"
"Q125809104","Hugues Baldassin","Hugues Baldassin",1926-11-16,"Arcade; Veneto",2008-01-21,"Saint-Honoré; Isère",NA,"3rd Row"
"Q125822164","André Masbou","André Masbou",1928-01-19,"Cagnac-les-Mines",1995-04-01,"Lattes; Hérault",184,NA
"Q125830727","René Lasserre","René Lasserre",1924-02-25,"Mont-de-Marsan",2000-12-04,"Mont-de-Marsan",NA,"Flanker"
"Q125882277","Simms Davison","Simms Davison",1979-06-27,"Matamata",NA,NA,185,"Loosehead Prop"
"Q125928467","Lionel Péré-Escamps","Lionel Péré-Escamps",1965-03-21,"Pau; Pyrénées-Atlantiques",NA,NA,177,"Winger"
"Q125931133","François Preux","François Preux",1966-07-01,"Pau; Pyrénées-Atlantiques",NA,NA,177,"Centre"
"Q126033421","Martin Méliande","Martin Méliande",2001-12-20,"Orthez",NA,NA,187,"Fly-Half; Fullback"
"Q126051667","Aaron Grandidier","Aaron Grandidier",2000-05-18,"London",NA,NA,187,"Winger"
"Q126126496","Christian Malterre","Christian Malterre",1948-02-22,"Nay; Pyrénées-Atlantiques",NA,NA,171,"Centre; Winger"
"Q126126497","Pierre Guimont","Pierre Guimont",1903-04-27,"Pau; Pyrénées-Atlantiques",1973-08-18,"Jurançon",NA,"Winger"
"Q126169703","Gérard Mariné","Gérard Mariné",1948-06-16,"Pau; Pyrénées-Atlantiques",NA,NA,NA,"Centre"
"Q126174190","Raymond Halçaren","Raymond Halçaren",1944-05-28,"Tarbes",2023-12-30,"Jurançon",174,"Centre; Winger"
"Q126181416","Michel Camptort","Michel Camptort",NA,NA,NA,NA,181,"2nd Row; 3rd Row"
"Q126188417","Claude Pétrissans","Claude Pétrissans",1944-05-01,NA,NA,NA,188,"Flanker"
"Q126195701","Jean-Claude Pétuya","Jean-Claude Pétuya",NA,NA,NA,NA,185,"2nd Row"
"Q126209053","Robert Bernos","Robert Bernos",1943-12-29,"Gelos",NA,NA,NA,"Prop"
"Q126369533","Michel Bruel","Michel Bruel",1962-07-10,"Pau; Pyrénées-Atlantiques",NA,NA,181,"Winger; Centre"
"Q126689378","Max Williamson","Max Williamson",2002-08-05,"Glasgow",NA,NA,200,"2nd Row"
"Q126718324","Hugo Reilhes","Hugo Reilhes",2001-01-08,"Muret",NA,NA,180,"Loosehead Prop"
"Q126722806","Efraín Elías","Efraín Elías",2004-04-30,"Deán Funes; Argentina",NA,NA,200,"2nd Row; 3rd Row"
"Q126724383","Marco Trauth","Marco Trauth",2000-09-15,"Toulouse",NA,NA,186,"Prop"
"Q126902253","Jean Preux","Jean Preux",1964-01-02,"Pau; Pyrénées-Atlantiques",NA,NA,185,"Fullback; Winger"
"Q126911816","Boaventura Almeida","Boaventura Almeida",2001-04-18,"Lisbon",NA,NA,191,"3rd Row; 2nd Row"
"Q126917540","Jacques Michou","Jacques Michou",1941-09-14,"Bizanos",NA,NA,186,"2nd Row"
"Q126923547","Michaël Dallery","Michaël Dallery",1993-06-11,NA,NA,NA,185,"Prop"
"Q126948047","Albert Bonjour","Albert Bonjour",1906-01-01,NA,NA,NA,175,"Flanker; Number 8; 2nd Row"
"Q126964192","Thomas Ployet","Thomas Ployet",2001-12-12,"Chinon",NA,NA,202,"2nd Row"
"Q127163660","Eliseo Morales","Eliseo Morales",1998-03-11,NA,NA,NA,177,"Scrum-Half"
"Q127224098","Ewan Johnson","Ewan Johnson",1999-06-27,"Crewe",NA,NA,202,"2nd Row"
"Q127271065","Robin Gascou","Robin Gascou",1999-05-14,NA,NA,NA,193,"2nd Row; Number 8"
"Q127278845","Mathys Belaubre","Mathys Belaubre",2005-03-15,NA,NA,NA,186,"Centre"
"Q127288209","Liam Rimet","Liam Rimet",2003-09-15,"Baie-Mahault",NA,NA,173,"Scrum-Half"
"Q127377809","Giorgi Akhaladze","Giorgi Akhaladze",1999-04-13,NA,NA,NA,186,"Loosehead Prop"
"Q127414001","Hoani Bosmorin","Hoani Bosmorin",2004-12-27,NA,NA,NA,184,"Winger"
"Q127559966","Théo Forner","Théo Forner",2001-10-17,"Perpignan",NA,NA,180,"Winger"
"Q127559968","Jefferson-Lee Joseph","Jefferson-Lee Joseph",2002-08-29,NA,NA,NA,191,"Winger; Fullback"
"Q127592225","Peniasi Dakuwaqa","Peniasi Dakuwaqa",1997-04-09,NA,NA,NA,186,"Winger"
"Q127592261","Inia Tabuavou","Inia Tabuavou",2002-08-31,NA,NA,NA,184,"Centre"
"Q127599604","Adrien Chalmin","Adrien Chalmin",1986-07-21,NA,NA,NA,NA,NA
"Q127653314","Noah Nene","Noah Nene",2004-10-14,"Cachan",NA,NA,192,"Centre"
"Q127731617","Christian Martinez","Christian Martinez",1951-01-05,"Tarbes",NA,NA,175,"Scrum-Half; Fly-Half"
"Q127787819","Varian Pasquet","Varian Pasquet",1999-07-29,"Paris",NA,NA,192,"Centre"
"Q127816307","Freddie Thomas","Freddie Thomas",2001-11-09,"Gloucester",NA,NA,193,"2nd Row; Flanker"
"Q127971934","Benjamín Elizalde","Benjamín Elizalde",2004-06-14,"Salta",NA,NA,188,"Fullback; Winger; Centre"
"Q128034395","Frédéric Carrey","Frédéric Carrey",1963-04-10,"Pau; Pyrénées-Atlantiques",NA,NA,175,"Winger; Fullback; Fly-Half; Scrum-Half"
"Q128242054","Jean Joseph Despagnet","Jean Joseph Despagnet",1912-03-21,"Arros-de-Nay",1984-01-27,"Arros-de-Nay",NA,"2nd Row"
"Q128615560","Pierre Labourdette","Pierre Labourdette",1932-06-10,"Sauveterre-de-Béarn",2024-08-05,"Pau; Pyrénées-Atlantiques",NA,"Winger; Fullback"
"Q128635735","Yves Tour","Yves Tour",1933-05-03,"Gerderest",2017-04-25,"Pau; Pyrénées-Atlantiques",NA,"2nd Row"
"Q128694207","Pierre Rivera","Pierre Rivera",1948-09-22,"Pau; Pyrénées-Atlantiques",NA,NA,NA,"Centre"
"Q128903492","Pierre Bochet","Pierre Bochet",1920-12-25,NA,2015-11-03,NA,NA,"Centre"
"Q129645668","Kylian Jaminet","Kylian Jaminet",1994-12-28,"Hyères",NA,NA,190,"Fullback; Winger"
"Q129649486","Jessy Jegerlehner","Jessy Jegerlehner",1997-07-25,"Nérac",NA,NA,190,"Flanker"
"Q129760170","Thomas Vincent","Thomas Vincent",1999-07-21,NA,NA,NA,185,"Fly-Half; Fullback"
"Q129920088","Blair Murray","Blair Murray",2001-10-09,"Hāwera",NA,NA,173,"Winger; Fullback"
"Q129920146","Macs Page","Macs Page",2004-12-17,"Dinas Cross",NA,NA,176,"Centre"
"Q130251180","Diego Miranda","Diego Miranda",2004-03-18,NA,NA,NA,187,"Winger; 3rd Row"
"Q130260900","Romain Huet","Romain Huet",1985-03-15,NA,NA,NA,NA,NA
"Q130271991","Christian Ambadiang","Christian Ambadiang",1999-01-13,"Yaoundé",NA,NA,189,"Winger"
"Q130297927","Justin Bouraux","Justin Bouraux",2002-06-18,"Saint-Claude; Jura",NA,NA,183,"Fly-Half; Fullback"
"Q130299140","Théo Giral","Théo Giral",2003-02-04,NA,NA,NA,179,"Fly-Half"
"Q130309032","Wame Naituvi","Wame Naituvi",1996-05-18,NA,NA,NA,179,"Winger"
"Q130312732","Tim de Jong","Tim de Jong",2002-03-03,NA,NA,NA,190,"Flanker"
"Q130312942","Boris Hadinegoro","Boris Hadinegoro",2003-03-08,NA,NA,NA,171,"Scrum-Half"
"Q130315822","Hugo Huurman","Hugo Huurman",2001-05-21,NA,NA,NA,190,"Flanker"
"Q130316253","David Zabaleta","David Zabaleta",1910-06-26,"Eibar",1992-10-22,"Lège-Cap-Ferret",173,"Centre; Fly-Half"
"Q130318316","Juun Pieters","Juun Pieters",2001-05-09,NA,NA,NA,186,"Winger; Centre"
"Q130320273","Hugo Bastard","Hugo Bastard",2002-05-09,NA,NA,NA,184,"Centre"
"Q130343261","Aurélien Callandret","Aurélien Callandret",1997-08-23,"Chambéry",NA,NA,183,"Winger; Fullback"
"Q130367892","Thomas Bué","Thomas Bué",2002-07-25,NA,NA,NA,181,"Loosehead Prop"
"Q130371592","Maxence Biasotto","Maxence Biasotto",2004-07-08,"Beaumont-de-Lomagne",NA,NA,181,"Winger; Fullback; Centre"
"Q130375380","Robert Barthès","Robert Barthès",1923-04-17,"L'Isle-Jourdain; Gers",2001-06-04,"Pollestres",NA,NA
"Q130375526","René Zaccariotto","René Zaccariotto",1943-01-14,"Saint-Thomas; Haute-Garonne",NA,NA,NA,"3rd Row"
"Q130382057","Paul Poncet","Paul Poncet",1925-07-04,"Marseille",1999-05-08,"Cannes",183,"Fullback; Winger"
"Q130392250","Alexandre Kaddouri","Alexandre Kaddouri",2003-12-12,"Rochefort; Charente-Maritime",NA,NA,189,"Loosehead Prop"
"Q130408409","Lucas Oudard","Lucas Oudard",2001-06-13,NA,NA,NA,184,"Flanker; Winger"
"Q130454284","Roger Coquand","Roger Coquand",1943-06-15,"Lyon",1992-12-11,"Carcassonne",183,"2nd Row; Prop"
"Q130530847","Valentin Gayraud","Valentin Gayraud",2002-05-30,"Agen",NA,NA,181,"Flanker; Number 8"
"Q130541898","Gabin Lorre","Gabin Lorre",2001-12-23,NA,NA,NA,185,"Fullback; Winger"
"Q130554667","Martin Serre","Martin Serre",1909-12-19,"Le Boulou",1992-03-15,"Le Boulou",NA,NA
"Q130560175","Matheo Triki","Matheo Triki",2001-02-02,"La Garenne-Colombes",NA,NA,194,"Flanker"
"Q130612479","Henri Tatarzinski","Henri Tatarzinski",1928-05-16,"Oborniki",2000-11-17,"Montpellier",NA,NA
"Q130639259","Gus McCarthy","Gus McCarthy",2003-07-23,"Dublin",NA,NA,178,"Hooker"
"Q130639469","Lucas Martins","Lucas Martins",2003-01-16,NA,NA,NA,195,"Winger"
"Q130641609","Ioane Iashagashvili","Ioane Iashagashvili",2000-04-23,NA,NA,NA,192,"Number 8; Flanker"
"Q130668299","Sean Kerr","Sean Kerr",2004-11-08,"Johannesburg",NA,NA,185,"Centre"
"Q130705582","Andy Bordelai","Andy Bordelai",2000-03-29,"Paris",NA,NA,186,"Prop"
"Q130744642","Armand Balent","Armand Balent",1922-10-27,"Pia; Pyrénées-Orientales",2007-06-14,"Castres",171,"Winger"
"Q130751137","Jean Bellan","Jean Bellan",1919-01-14,"Bayonne",1991-09-15,"Pau; Pyrénées-Atlantiques",172,"Centre; Winger"
"Q130752753","Côme Joussain","Côme Joussain",2001-01-18,"Paris",NA,NA,197,"2nd Row; Flanker"
"Q130755219","Maël Moustin","Maël Moustin",2003-04-22,NA,NA,NA,187,"Winger"
"Q130904742","Antoine Lécea","Antoine Lécea",1934-09-28,"Olazti/Olazagutía",NA,NA,NA,"3rd Row"
"Q130908285","Ugo Pacome","Ugo Pacome",2005-05-01,NA,NA,NA,188,"Fullback; Winger"
"Q130932311","Xan Mousques","Xan Mousques",2005-11-18,NA,NA,NA,178,"Fullback; Winger"
"Q131002959","Georges Tutard","Georges Tutard",1912-11-16,"Villeneuve-sur-Lot",2000-03-26,"Villeneuve-sur-Lot",NA,"3rd Row"
"Q131021886","Paul Theux","Paul Theux",1919-10-12,"Arzacq-Arraziguet",2006-11-25,"Auch",174,"Flanker"
"Q131021906","Charles Peyrade","Charles Peyrade",1922-06-14,"Pau; Pyrénées-Atlantiques",1997-05-03,"Pau; Pyrénées-Atlantiques",160,"Fly-Half; Scrum-Half"
"Q131036440","André Mounié","André Mounié",1915-02-14,"Assier",1994-02-04,"Castelnau-de-Médoc",NA,NA
"Q131036447","René Lataillade","René Lataillade",1909-04-01,"Came; Pyrénées-Atlantiques",1982-10-27,"Albi",NA,"Prop"
"Q131080197","Louis Bisauta","Louis Bisauta",1911-06-08,"Bayonne",1989-02-19,"Bayonne",185,"2nd Row"
"Q131109418","Pierre Gastou","Pierre Gastou",1923-08-16,"Villeneuve-de-la-Raho",1953-04-16,"Casablanca",NA,"2nd Row"
"Q131136965","André Lacaze","André Lacaze",1920-05-09,"Béziers",2013-07-06,"Narbonne",NA,"Winger"
"Q131143573","Urbain Tissinier","Urbain Tissinier",1910-09-13,"Molandier",1986-10-07,"Tarnos",NA,"Prop"
"Q131145201","René Rangotte","René Rangotte",1914-06-20,"Ambialet",2003-08-04,"Villeneuve-lès-Avignon",NA,"Hooker"
"Q131145364","François Rivière","François Rivière",1912-04-06,"Pézenas",1987-03-15,"Menton",NA,"3rd Row"
"Q131147784","Maëlan Rabut","Maëlan Rabut",1996-09-08,NA,NA,NA,195,"Centre; Fullback"
"Q131148568","Lucas Da Silva","Lucas Da Silva",1997-12-19,"La Garenne-Colombes",NA,NA,188,"Hooker"
"Q131151429","René Clareton","René Clareton",1920-12-22,"Saint-Saturnin-lès-Avignon",1986-07-08,"Salon-de-Provence",NA,NA
"Q131153213","Gustave Genevet","Gustave Genevet",1912-08-08,"Vienne; Isère",1989-03-11,"Vienne; Isère",NA,"Scrum-Half; Hooker"
"Q131154600","Paul Font","Paul Font",1907-06-19,"Perpignan",1994-01-25,"Perpignan",NA,"Fly-Half"
"Q131172432","Adolphe Inza","Adolphe Inza",1918-02-11,"Mont-de-Marsan",1968-10-13,"Bordeaux",NA,"Hooker"
"Q131181493","Freddy Douglas","Freddy Douglas",2005-05-14,"Edinburgh",NA,NA,185,"Flanker"
"Q131185685","Arthur Mathiron","Arthur Mathiron",2003-05-19,"Chalon-sur-Saône",NA,NA,182,"Winger; Centre"
"Q131187158","Pierre Charton","Pierre Charton",1913-12-13,"Saint-Maur-des-Fossés",1992-06-16,"Saint-Lô",183,"Number 8; 2nd Row; Flanker"
"Q131192385","Nodari Shengelia","Nodari Shengelia",2002-08-11,NA,NA,NA,190,"Prop"
"Q131193081","René Lombarteix","René Lombarteix",1913-02-22,"Clermont-Ferrand",1984-04-12,"Clermont-Ferrand",182,"Prop; 2nd Row; Number 8"
"Q131282919","Luka Begic","Luka Begic",2001-01-19,NA,NA,NA,185,"Hooker"
"Q131290482","Gilbert Ponramon","Gilbert Ponramon",1912-06-01,"Perpignan",1983-06-01,"Perpignan",NA,"3rd Row"
"Q131293901","Yoni Tuataane","Yoni Tuataane",2003-10-22,"Angers",NA,NA,187,"Flanker"
"Q131294817","Imanol Biscay","Imanol Biscay",2001-10-14,"Oloron-Sainte-Marie",NA,NA,173,"Scrum-Half"
"Q131304414","Théo Bastardie","Théo Bastardie",2000-02-26,"Stains; Seine-Saint-Denis",NA,NA,180,"Winger"
"Q131313194","Jare Oguntibeju","Olujare Oguntibeju",2002-05-14,"Bloemfontein",NA,NA,206,"2nd Row"
"Q131319742","Fabien Brau-Boirie","Fabien Brau-Boirie",2005-12-19,"Tarbes",NA,NA,190,"Centre"
"Q131321664","Edgar Retière","Edgar Retière",2001-01-29,NA,NA,NA,175,"Fly-Half"
"Q131321665","Tiaan Jacobs","Tiaan Jacobs",2004-08-16,"East London; South Africa",NA,NA,193,"Number 8; Flanker"
"Q131359938","Aitor Hourcade","Aitor Hourcade",2001-01-29,NA,NA,NA,190,"Number 8; Flanker"
"Q131364031","Georges Daudignon","Georges Daudignon",1905-10-24,"Boucau",1989-11-06,"13th arrondissement of Paris",170,"Scrum-Half"
"Q131375601","Ekain Imaz Agirre","Ekain Imaz Agirre",2002-12-07,NA,NA,NA,190,"Flanker; Number 8"
"Q131376446","Clément Sentubéry","Clément Sentubéry",2003-03-22,NA,NA,NA,191,"Flanker"
"Q131402126","Kito Falatea","Kito Falatea",1998-08-03,NA,NA,NA,182,"Hooker"
"Q131431829","Morgan Eames","Morgan Eames",1994-08-22,NA,NA,NA,200,"2nd Row; Flanker"
"Q131440844","Victor Guillaumond","Victor Guillaumond",2001-04-21,"Saint-Priest-en-Jarez",NA,NA,192,"Flanker"
"Q131447905","Cameron Holt","Cameron Holt",1996-10-16,"Canberra",NA,NA,197,"2nd Row; Flanker"
"Q131455660","Loïck Jammes","Loïck Jammes",1994-11-10,NA,NA,NA,180,"Hooker"
"Q131531680","Viliame Tutuvuli","Viliame Tutuvuli",2001-10-10,"Nadi",NA,NA,186,"Winger"
"Q131564242","Arnaud Tourtoulou","Arnaud Tourtoulou",1964-02-20,NA,NA,NA,NA,NA
"Q131583533","Ale Loman","Ale Loman",2000-05-15,"Lund",NA,NA,191,"Prop"
"Q131599203","Alexandre Etchebehere","Alexandre Etchebehere",2004-12-26,"Saint-Palais; Pyrénées-Atlantiques",NA,NA,178,"Tighthead Prop"
"Q131606742","Quentin Valentino","Quentin Valentino",2006-03-14,"Grasse",NA,NA,190,"Centre"
"Q131607484","Romaric Camou","Romaric Camou",1996-10-09,"La Rochelle",NA,NA,174,"Winger; Fullback"
"Q131689962","Malachi Hawkes","Malachi Hawkes",2002-12-06,"Sydney",NA,NA,181,"Tighthead Prop; Hooker"
"Q131765561","Javier Eissmann","Javier Eissmann",1997-03-21,"Santiago",NA,NA,200,"2nd Row"
"Q131786466","Luca Tabarot","Luca Tabarot",2003-12-24,NA,NA,NA,186,"Loosehead Prop"
"Q131912232","Maxim Granell","Maxim Granell",2005-07-26,NA,NA,NA,173,"Winger"
"Q131990585","Yves Théron","Yves Théron",1962-06-16,"Rodez",NA,NA,200,"2nd Row"
