"clubId","clubLabel","clubTypeLabel","inceptionMax","inceptionFormat","terminationMax","terminationFormat","nickmaneLabels","affiliationLabels","countryLabels","competitionLabels","homeVenueLabels","homeVenueCapacities","locationLabels","AllRugbyIDs","GoogleKnowlIDs"
"Q1000020","Melrose RFC","rugby union team","1877-01-01","1877-1-1",NA,NA,NA,NA,"United Kingdom","Scottish Premiership",NA,NA,NA,NA,NA
"Q100605533","Pilier Rugby Club","rugby union team","1989-01-01","1989-1-1",NA,NA,NA,NA,"Spain",NA,NA,NA,NA,NA,NA
"Q101161486","Union sportive vizilloise rugby","rugby union team","1902-01-01","1902-1-1",NA,NA,NA,NA,"France",NA,NA,NA,"Vizille",NA,"11mvp8jdjn"
"Q102192821","Stade métropolitain","rugby union team","2020-01-01","2020-1-1",NA,NA,NA,NA,"France",NA,NA,NA,"Villeurbanne",NA,"11qnt6fj2v"
"Q1022908","CA Bordeaux-Bègles Gironde","rugby union team","1907-01-01","1907-1-1",NA,NA,NA,NA,"France",NA,"Stade André Moga",NA,"Bordeaux",NA,NA
"Q1022912","CA Brive","rugby union club","1910-01-01","1910-1-1",NA,NA,NA,"French Rugby Federation","France","Top 14","Stade Amédée-Domenech","13979","Brive-la-Gaillarde",NA,NA
"Q1022938","San Martín de Tucumán","rugby union club","1909-01-01","1909-1-1",NA,NA,NA,NA,"Argentina","Unión de Rugby de Tucumán",NA,NA,"San Miguel de Tucumán",NA,NA
"Q102422275","Union sportive usselloise","rugby union team","1941-01-01","1941-1-1",NA,NA,NA,NA,"France",NA,NA,NA,"Ussel",NA,"11qp16hkdj"
"Q1024459","CS Bourgoin-Jallieu","rugby union club","1906-01-01","1906-1-1",NA,NA,NA,"French Rugby Federation","France","Championnat Fédéral Nationale","Stade Pierre Rajon","9441","Bourgoin-Jallieu",NA,NA
"Q10280216","Farrapos Rugby Clube","rugby union team",NA,NA,NA,NA,NA,NA,"Brazil",NA,NA,NA,NA,NA,"122s98h7"
"Q102860900","Candás Rugby Club","rugby union team",NA,NA,NA,NA,NA,NA,"Spain",NA,NA,NA,NA,NA,NA
"Q10327780","Maxambomba Rugby Club","rugby union club","2008-01-01","2008-1-1",NA,NA,NA,NA,"Brazil",NA,NA,NA,NA,NA,"1221647p"
"Q1033766","Canterbury RFU","rugby union club","1879-01-01","1879-1-1",NA,NA,NA,NA,"New Zealand",NA,NA,NA,"Christchurch",NA,NA
"Q10337984","Novo Hamburgo Rugby Clube","rugby union team",NA,NA,NA,NA,NA,NA,"Brazil",NA,NA,NA,"Novo Hamburgo",NA,"11b6nwp63_"
"Q103468941","Stade Marivalois","rugby union team","1972-01-01","1972-1-1",NA,NA,NA,"French Rugby Federation","France",NA,NA,NA,"Lacapelle-Marival",NA,NA
"Q10365206","Rugby Clube de Santarém","rugby union team","1995-01-01","1995-1-1",NA,NA,NA,NA,"Portugal",NA,NA,NA,NA,NA,NA
"Q103819785","CAR Sevilla","rugby union team","1976-01-01","1976-1-1",NA,NA,NA,NA,"Spain","División de Honor B de Rugby",NA,NA,NA,NA,"11mvm33dyg"
"Q10386145","UFLA Rugby Team","rugby union team","2008-01-01","2008-1-1",NA,NA,NA,NA,"Brazil",NA,NA,NA,NA,NA,"121_p9mr"
"Q1043501","Carmarthen Quins RFC","rugby union team","1875-01-01","1875-1-1",NA,NA,NA,NA,"United Kingdom",NA,NA,NA,NA,NA,NA
"Q104598189","Rugby Club Junkers","rugby union team",NA,NA,NA,NA,NA,NA,"Georgia",NA,NA,NA,"Kiketi",NA,"11qp2_49zf"
"Q104626007","Moana Pasifika","rugby union team","2020-01-01","2020-1-1",NA,NA,NA,NA,"New Zealand","Super Rugby","Mount Smart Stadium",NA,"Auckland",NA,"11lkrbwztt"
"Q104649868","North Island (rugby union)","rugby union team",NA,NA,NA,NA,NA,NA,NA,NA,NA,NA,NA,NA,"11hj7xqpgf"
"Q104649869","South Island (rugby union)","rugby union team",NA,NA,NA,NA,NA,NA,NA,NA,NA,NA,NA,NA,"11hj7xj8pv"
"Q104841744","Berlin Irish RFC","rugby union team",NA,NA,NA,NA,NA,NA,"Germany",NA,NA,NA,NA,NA,"11n5vg20wk"
"Q10484297","Enköpings RK","rugby union club","1968-01-01","1968-1-1",NA,NA,NA,NA,"Sweden",NA,NA,NA,NA,NA,NA
"Q104845428","Newton Aycliffe RUFC","rugby union club",NA,NA,NA,NA,NA,NA,"United Kingdom",NA,NA,NA,NA,NA,"11lkzg2_kr"
"Q104851532","Dallas RFC","rugby union team",NA,NA,NA,NA,NA,NA,NA,NA,NA,NA,NA,NA,"11jy0yyhjm"
"Q104855938","Canterbury","rugby union team",NA,NA,NA,NA,NA,NA,NA,NA,NA,NA,NA,NA,"11hspmhd8b"
"Q104855944","North Harbour","rugby union team",NA,NA,NA,NA,NA,NA,"New Zealand","National Provincial Championship",NA,NA,NA,NA,"11lpwfs5m8"
"Q104856087","Tasman","rugby union team",NA,NA,NA,NA,NA,NA,NA,NA,NA,NA,NA,NA,"11lpwgngl_"
"Q104856093","Wellington","rugby union team",NA,NA,NA,NA,NA,NA,NA,NA,NA,NA,NA,NA,"11hspmpp5l"
"Q104856095","Counties Manukau","rugby union team",NA,NA,NA,NA,NA,NA,NA,NA,NA,NA,NA,NA,"11hspmftqm"
"Q104856096","Hawke's Bay","rugby union team",NA,NA,NA,NA,NA,NA,NA,NA,NA,NA,NA,NA,"11lpwg_w5x"
"Q104856099","Manawatu","rugby union team",NA,NA,NA,NA,NA,NA,"New Zealand",NA,NA,NA,NA,NA,"11kkvg6cnn"
"Q104856105","Northland","rugby union team",NA,NA,NA,NA,NA,NA,NA,NA,NA,NA,NA,NA,"11hspnwt_l"
"Q104856109","Otago","rugby union team",NA,NA,NA,NA,NA,NA,"New Zealand",NA,NA,NA,NA,NA,"11kkvg5071"
"Q104856115","Taranaki","rugby union team",NA,NA,NA,NA,NA,NA,NA,NA,NA,NA,NA,NA,"11lpwg9vjx"
"Q1048688","London Welsh RFC","defunct rugby union club","1895-01-01","1895-1-1",NA,NA,NA,"Rugby Football Union","United Kingdom",NA,NA,NA,NA,NA,NA
"Q104879075","Rugby Eagles Luxembourg","rugby union club",NA,NA,NA,NA,NA,NA,"Luxembourg",NA,NA,NA,NA,NA,"11qprcclrm"
"Q104901906","Waikato","rugby union team",NA,NA,NA,NA,NA,NA,NA,NA,NA,NA,NA,NA,"11hspnbqgy"
"Q1051207","Club de Rugby San Roque","rugby union team","1971-01-01","1971-1-1",NA,NA,NA,NA,"Spain",NA,NA,NA,NA,NA,NA
"Q10512788","Göteborg RF","rugby union club","2007-01-01","2007-1-1",NA,NA,NA,NA,"Sweden",NA,NA,NA,NA,NA,NA
"Q10516824","Hammarby IF Rugby","rugby union club","2000-01-01","2000-1-1",NA,NA,NA,NA,"Sweden",NA,NA,NA,NA,NA,NA
"Q105328944","Sport athlétique bordelais rugby","rugby union team","1892-03-16","1892-3-16","1972-02-04","1972-2-4",NA,NA,"France",NA,NA,NA,"Bordeaux",NA,"11ns14fztq"
"Q105334502","Saint Vincent and the Grenadines national rugby union team","national rugby union team",NA,NA,NA,NA,NA,NA,"Saint Vincent and the Grenadines",NA,NA,NA,NA,NA,"11qp_48wm9"
"Q1053725","Cheetahs","rugby union club","2005-01-01","2005-1-1",NA,NA,NA,NA,"South Africa","United Rugby Championship","Free State Stadium","48000","Bloemfontein",NA,NA
"Q10543921","Karlstads Rugbyklubb","rugby union club","1971-01-01","1971-1-1",NA,NA,NA,NA,"Sweden",NA,NA,NA,NA,NA,NA
"Q105561254","Royal Air Force Rugby Union","rugby union team",NA,NA,NA,NA,NA,NA,NA,NA,NA,NA,NA,NA,NA
"Q10562762","Linköpings Rugbyklubb","rugby union club","1998-01-01","1998-1-1",NA,NA,NA,NA,"Sweden",NA,NA,NA,NA,NA,NA
"Q10570562","Lugi Rugbyklubb","rugby union club","1972-01-01","1972-1-1",NA,NA,NA,NA,"Sweden",NA,NA,NA,NA,NA,NA
"Q105883493","United States national under-23 rugby union team","rugby union team",NA,NA,NA,NA,NA,NA,NA,NA,NA,NA,NA,NA,NA
"Q10593806","NRK Troján","rugby union club","1956-01-01","1956-1-1",NA,NA,NA,NA,"Sweden",NA,NA,NA,NA,NA,NA
"Q106203603","Belgium national under-20 rugby union team","rugby union team",NA,NA,NA,NA,NA,NA,"Belgium",NA,NA,NA,NA,NA,NA
"Q10631921","Pingvin RC","rugby union club","1962-01-01","1962-1-1",NA,NA,NA,NA,"Sweden",NA,NA,NA,NA,NA,NA
"Q106427613","Jeunesse olympique pradéenne Conflent Canigou rugby","rugby union team","1965-01-01","1965-1-1",NA,NA,NA,NA,"France",NA,NA,NA,"Prades",NA,NA
"Q106588324","Olympique de Paris (rugby union, 1897)","rugby union team","1897-01-01","1897-1-1","1926-01-01","1926-1-1",NA,NA,"France",NA,NA,NA,"Paris",NA,NA
"Q106620854","WRC Te Werve","rugby union team",NA,NA,NA,NA,NA,NA,"Netherlands",NA,NA,NA,NA,NA,"11r8t1fl6n"
"Q106731048","Union athlétique Gujan-Mestras","rugby union team","1908-01-01","1908-1-1",NA,NA,NA,NA,"France",NA,NA,NA,"Gujan-Mestras",NA,NA
"Q106784645","Olympique de Besançon rugby","rugby union team","1904-01-01","1904-1-1",NA,NA,NA,NA,"France",NA,NA,NA,"Besançon",NA,NA
"Q10688796","Södertälje Rugbyklubb","rugby union club","1968-01-01","1968-1-1",NA,NA,NA,NA,"Sweden",NA,NA,NA,NA,NA,NA
"Q106956542","Avenir de Bizanos","rugby union team","1924-10-09","1924-10-9",NA,NA,NA,NA,"France",NA,NA,NA,"Bizanos",NA,NA
"Q106963648","Union sportive Garazi","rugby union team","1963-01-01","1963-1-1","2003-09-01","2003-9-1",NA,NA,"France",NA,NA,NA,"Saint-Jean-Pied-de-Port",NA,NA
"Q107020076","Union sportive castillonnaise","rugby union team",NA,NA,NA,NA,NA,NA,"France",NA,NA,NA,"Saint-Magne-de-Castillon",NA,NA
"Q107065192","Union sportive mugronnaise","rugby union team","1958-05-12","1958-5-12",NA,NA,NA,NA,"France",NA,NA,NA,"Mugron",NA,NA
"Q107094470","Biscarrosse olympique rugby","rugby union team","1922-01-01","1922-1-1",NA,NA,NA,NA,"France",NA,NA,NA,"Biscarrosse",NA,NA
"Q10710225","Uppsala RFC","rugby union club","1965-01-01","1965-1-1",NA,NA,NA,NA,"Sweden",NA,NA,NA,NA,NA,NA
"Q1071691","Leicester Tigers","rugby union club","1880-01-01","1880-1-1",NA,NA,"The Tigers","Rugby Football Union","United Kingdom","Premiership Rugby","Welford Road Stadium","24000","Leicester","leicester",NA
"Q10717349","Vänersborgs RK","rugby union club","1986-01-01","1986-1-1",NA,NA,NA,NA,"Sweden",NA,NA,NA,NA,NA,NA
"Q107304762","Pacific Pride","rugby union team",NA,NA,NA,NA,NA,NA,NA,NA,NA,NA,NA,NA,NA
"Q107339843","Union sportive pouillonnaise","rugby union team","1921-01-01","1921-1-1","2021-06-01","2021-6-1",NA,NA,"France",NA,NA,NA,"Pouillon",NA,NA
"Q107339878","Association sportive des bleuets labatutois","rugby union team","1908-01-01","1908-1-1","2021-06-01","2021-6-1",NA,NA,"France",NA,NA,NA,"Labatut",NA,NA
"Q107345439","Jeunesse sportive de Labouheyre","rugby union team","1903-01-01","1903-1-1",NA,NA,NA,NA,"France",NA,NA,NA,"Labouheyre",NA,NA
"Q107345489","Parentis sport rugby","rugby union team","1922-01-01","1922-1-1",NA,NA,NA,NA,"France",NA,NA,NA,"Parentis-en-Born",NA,NA
"Q107345498","Rugby Club Nord Landes","rugby union team","2019-05-24","2019-5-24",NA,NA,NA,NA,"France",NA,NA,NA,"Labouheyre",NA,NA
"Q107345506","Rugby Club Pouillon Labatut","rugby union team","2021-06-01","2021-6-1",NA,NA,NA,NA,"France",NA,NA,NA,"Pouillon",NA,NA
"Q107345634","Étoile sportive léonnaise","rugby union team","1906-01-01","1906-1-1","2020-06-26","2020-6-26",NA,NA,"France",NA,NA,NA,"Léon",NA,NA
"Q107345657","Racing Club linxois","rugby union team","1922-01-01","1922-1-1","2001-06-04","2001-6-4",NA,NA,"France",NA,NA,NA,"Linxe",NA,NA
"Q107345666","Union sportive castésienne","rugby union team","1907-01-01","1907-1-1","2001-06-04","2001-6-4",NA,NA,"France",NA,NA,NA,"Castets",NA,NA
"Q107345674","Rugby Castets Linxe","rugby union team","2001-06-05","2001-6-5","2020-06-26","2020-6-26",NA,NA,"France",NA,NA,NA,"Linxe",NA,NA
"Q107345684","Association côte Landes rugby","rugby union team","2020-06-27","2020-6-27",NA,NA,NA,NA,"France",NA,NA,NA,"Léon",NA,NA
"Q107349465","Union sportive de Salles","rugby union team",NA,NA,NA,NA,NA,NA,"France",NA,NA,NA,"Salles",NA,NA
"Q107354114","Tigres Rugby Club","rugby union club",NA,NA,NA,NA,NA,NA,"Argentina",NA,NA,NA,NA,NA,NA
"Q10749444","Rugby Brescia","rugby union club","1928-01-01","1928-1-1",NA,NA,NA,"Italian Rugby Federation","Italy","Serie B","Aldo Invernici Stadium","5000",NA,NA,NA
"Q107501652","Aberdeenshire RFC","rugby union club",NA,NA,NA,NA,NA,NA,"United Kingdom",NA,NA,NA,NA,NA,NA
"Q107501653","Banff RFC","rugby union club",NA,NA,NA,NA,NA,NA,"United Kingdom",NA,NA,NA,NA,NA,NA
"Q107501654","Blairgowrie RFC","rugby union club",NA,NA,NA,NA,NA,NA,"United Kingdom",NA,NA,NA,NA,NA,NA
"Q107501655","Carnoustie HSFP","rugby union club",NA,NA,NA,NA,NA,NA,"United Kingdom",NA,NA,NA,NA,NA,NA
"Q107501656","Carrick RFC","rugby union club",NA,NA,NA,NA,NA,NA,"United Kingdom",NA,NA,NA,NA,NA,NA
"Q107501657","Dundee University Medics RFC","rugby union club",NA,NA,NA,NA,NA,NA,"United Kingdom",NA,NA,NA,NA,NA,NA
"Q107501658","Garioch RFC","rugby union club",NA,NA,NA,NA,NA,NA,"United Kingdom",NA,NA,NA,NA,NA,NA
"Q107501659","Huntly RFC","rugby union club",NA,NA,NA,NA,NA,NA,"United Kingdom",NA,NA,NA,NA,NA,NA
"Q107501660","Kinross RFC","rugby union club",NA,NA,NA,NA,NA,NA,"United Kingdom",NA,NA,NA,NA,NA,NA
"Q107501662","Mackie Academy RFC","rugby union club",NA,NA,NA,NA,NA,NA,"United Kingdom",NA,NA,NA,NA,NA,NA
"Q107501664","Newton Stewart RFC","rugby union club",NA,NA,NA,NA,NA,NA,"United Kingdom",NA,NA,NA,NA,NA,NA
"Q107522959","Ashhurst Pohangina RFC","rugby union club",NA,NA,NA,NA,NA,NA,NA,NA,NA,NA,NA,NA,NA
"Q107522996","Bulls RFC","rugby union club",NA,NA,NA,NA,NA,NA,NA,NA,NA,NA,NA,NA,NA
"Q107523022","Bunnythorpe RFC","rugby union club",NA,NA,NA,NA,NA,NA,NA,NA,NA,NA,NA,NA,NA
"Q107523082","Bush RFC","rugby union club",NA,NA,NA,NA,NA,NA,NA,NA,NA,NA,NA,NA,NA
"Q107523101","College Old Boys RFC","rugby union club",NA,NA,NA,NA,NA,NA,NA,NA,NA,NA,NA,NA,NA
"Q107523111","Dannevirke Sports Club","rugby union club",NA,NA,NA,NA,NA,NA,NA,NA,NA,NA,NA,NA,NA
"Q107523234","Feilding Yellows RFC","rugby union club",NA,NA,NA,NA,NA,NA,NA,NA,NA,NA,NA,NA,NA
"Q107523248","Freyberg Old Boys RFC","rugby union club",NA,NA,NA,NA,NA,NA,NA,NA,NA,NA,NA,NA,NA
"Q107523279","Halcombe RFC","rugby union club",NA,NA,NA,NA,NA,NA,NA,NA,NA,NA,NA,NA,NA
"Q107523342","Linton Army RFC","rugby union club",NA,NA,NA,NA,NA,NA,NA,NA,NA,NA,NA,NA,NA
"Q107523353","Massey University RFC","rugby union club",NA,NA,NA,NA,NA,NA,NA,NA,NA,NA,NA,NA,NA
"Q107523369","Old Boys Marist","rugby union club",NA,NA,NA,NA,NA,NA,NA,NA,NA,NA,NA,NA,NA
"Q107524249","Stobswell RFC","rugby union club",NA,NA,NA,NA,NA,NA,"United Kingdom",NA,NA,NA,NA,NA,NA
"Q107536634","Arbroath RFC","rugby union club",NA,NA,NA,NA,NA,NA,"United Kingdom",NA,NA,NA,NA,NA,NA
"Q107545900","Inverness Craig Dunain RFC","rugby union club",NA,NA,NA,NA,NA,NA,"United Kingdom",NA,NA,NA,NA,NA,NA
"Q107556848","Fraserburgh RFC","rugby union club",NA,NA,NA,NA,NA,NA,"United Kingdom",NA,NA,NA,NA,NA,NA
"Q107556977","Turriff RFC","rugby union club",NA,NA,NA,NA,NA,NA,"United Kingdom",NA,NA,NA,NA,NA,NA
"Q107565140","Aberfeldy RFC","rugby union club",NA,NA,NA,NA,NA,NA,"United Kingdom",NA,NA,NA,NA,NA,NA
"Q107642851","Rugby Club pays de Roquefort","rugby union team","1905-01-01","1905-1-1",NA,NA,NA,NA,"France",NA,NA,NA,"Roquefort",NA,NA
"Q107660641","Rostov","rugby union club","2020-01-01","2020-1-1",NA,NA,NA,"Rugby Union of Russia",NA,NA,NA,NA,NA,NA,NA
"Q107751032","Bo'ness RFC","rugby union team",NA,NA,NA,NA,NA,NA,NA,NA,NA,NA,NA,NA,NA
"Q107803223","Dyce RFC","rugby union team",NA,NA,NA,NA,NA,NA,NA,NA,NA,NA,NA,NA,NA
"Q107805430","Association sportive montfortoise","rugby union team","1931-01-01","1931-1-1",NA,NA,NA,NA,"France",NA,NA,NA,"Montfort-en-Chalosse",NA,NA
"Q107862599","Deeside RFC","rugby union team",NA,NA,NA,NA,NA,NA,NA,NA,NA,NA,NA,NA,NA
"Q107920165","Crieff and Strathearn RFC","rugby union team",NA,NA,NA,NA,NA,NA,NA,NA,NA,NA,NA,NA,NA
"Q107958563","C' Chartres Rugby","rugby union team","1981-11-28","1981-11-28",NA,NA,NA,NA,"France",NA,NA,NA,"Chartres",NA,NA
"Q107969589","Rosyth Sharks","rugby union team",NA,NA,NA,NA,NA,NA,NA,NA,NA,NA,NA,NA,NA
"Q107970181","Kinloss RFC","rugby union club",NA,NA,NA,NA,NA,NA,"United Kingdom",NA,NA,NA,NA,NA,NA
"Q107970182","Aberdeen University Medics RFC","rugby union club",NA,NA,NA,NA,NA,NA,"United Kingdom",NA,NA,NA,NA,NA,NA
"Q107970183","Aberdeen Taexali","rugby union club",NA,NA,NA,NA,NA,NA,"United Kingdom",NA,NA,NA,NA,NA,NA
"Q107970184","RAF Lossiemouth RFC","rugby union club",NA,NA,NA,NA,NA,NA,"United Kingdom",NA,NA,NA,NA,NA,NA
"Q107970185","North Police Scotland RFC","rugby union club",NA,NA,NA,NA,NA,NA,"United Kingdom",NA,NA,NA,NA,NA,NA
"Q107970186","Glasgow University Medics RFC","rugby union club",NA,NA,NA,NA,NA,NA,"United Kingdom",NA,NA,NA,NA,NA,NA
"Q107970187","Broughton RFC","rugby union club",NA,NA,NA,NA,NA,NA,"United Kingdom",NA,NA,NA,NA,NA,NA
"Q107970189","Edinburgh University Medics RFC","rugby union club",NA,NA,NA,NA,NA,NA,"United Kingdom",NA,NA,NA,NA,NA,NA
"Q107970190","North Berwick RFC","rugby union club",NA,NA,NA,NA,NA,NA,"United Kingdom",NA,NA,NA,NA,NA,NA
"Q107970191","Liberton RFC","rugby union club",NA,NA,NA,NA,NA,NA,"United Kingdom",NA,NA,NA,NA,NA,NA
"Q107970192","Ross High RFC","rugby union club",NA,NA,NA,NA,NA,NA,"United Kingdom",NA,NA,NA,NA,NA,NA
"Q107970193","Gala Y.M. RFC","rugby union club",NA,NA,NA,NA,NA,NA,"United Kingdom",NA,NA,NA,NA,NA,NA
"Q107970194","RDVC RFC","rugby union club",NA,NA,NA,NA,NA,NA,"United Kingdom",NA,NA,NA,NA,NA,NA
"Q107970195","Abertay University RFC","rugby union club",NA,NA,NA,NA,NA,NA,"United Kingdom",NA,NA,NA,NA,NA,NA
"Q107970196","Glasgow Caledonian University RFC","rugby union club",NA,NA,NA,NA,NA,NA,"United Kingdom",NA,NA,NA,NA,NA,NA
"Q107970197","Strathclyde University RFC","rugby union club",NA,NA,NA,NA,NA,NA,"United Kingdom",NA,NA,NA,NA,NA,NA
"Q107970200","Dundee University RFC","rugby union club",NA,NA,NA,NA,NA,NA,"United Kingdom",NA,NA,NA,NA,NA,NA
"Q107970202","Robert Gordon University RFC","rugby union club",NA,NA,NA,NA,NA,NA,"United Kingdom",NA,NA,NA,NA,NA,NA
"Q107970203","Stirling University RFC","rugby union club",NA,NA,NA,NA,NA,NA,"United Kingdom",NA,NA,NA,NA,NA,NA
"Q107970204","Edinburgh Napier University RFC","rugby union club",NA,NA,NA,NA,NA,NA,"United Kingdom",NA,NA,NA,NA,NA,NA
"Q107982991","Association sportive narrossaise rugby","rugby union team","1974-05-10","1974-5-10",NA,NA,NA,NA,"France",NA,"Stade Raoul-Lagraula",NA,"Narrosse",NA,NA
"Q108178995","Heriot-Watt University RFC","rugby union team",NA,NA,NA,NA,NA,NA,NA,NA,NA,NA,NA,NA,NA
"Q108179013","Queen Margaret University RFC","rugby union team",NA,NA,NA,NA,NA,NA,NA,NA,NA,NA,NA,NA,NA
"Q108179024","Moray House RFC","rugby union team",NA,NA,NA,NA,NA,NA,NA,NA,NA,NA,NA,NA,NA
"Q108179170","Toulouse olympique employés club","rugby union team","1913-01-01","1913-1-1","1995-01-01","1995-1-1",NA,NA,"France",NA,NA,NA,"Toulouse",NA,NA
"Q108290259","Association sportive ondraise","rugby union team","1911-01-01","1911-1-1",NA,NA,NA,NA,"France",NA,NA,NA,"Ondres",NA,NA
"Q108301006","Rugby Club amollois","rugby union team","1986-04-16","1986-4-16","2018-06-27","2018-6-27",NA,NA,"France",NA,NA,NA,"Amou",NA,NA
"Q108301034","Union sportive pomarézienne","rugby union team","1979-05-01","1979-5-1","2018-06-27","2018-6-27",NA,NA,"France",NA,NA,NA,"Pomarez",NA,NA
"Q108301056","Rugby Club Pomarez Amou","rugby union team","2018-06-28","2018-6-28",NA,NA,NA,NA,"France",NA,NA,NA,"Pomarez",NA,NA
"Q108304520","CM Floirac rugby","rugby union team",NA,NA,NA,NA,NA,NA,"France",NA,NA,NA,"Floirac",NA,NA
"Q108304712","Real Soldevilla campétois","rugby union team","2003-01-01","2003-1-1","2016-01-01","2016-1-1",NA,NA,"France",NA,NA,NA,"Campet-et-Lamolère",NA,NA
"Q108321489","Entente Aramits Asasp","rugby union team","2002-01-01","2002-1-1",NA,NA,NA,NA,"France",NA,NA,NA,"Aramits",NA,NA
"Q108377638","The Black Lion","rugby union team",NA,NA,NA,NA,NA,NA,"Georgia",NA,NA,NA,NA,NA,NA
"Q108415422","AZS-AWFiS Gdańsk Rugby","rugby union team",NA,NA,NA,NA,NA,NA,NA,NA,NA,NA,NA,NA,NA
"Q108470459","Abercwmboi RFC","rugby union club",NA,NA,NA,NA,NA,NA,"United Kingdom",NA,NA,NA,NA,NA,NA
"Q108565098","Tel Aviv Heat","rugby union team","2021-07-07","2021-7-7",NA,NA,NA,NA,"Israel",NA,NA,NA,NA,NA,NA
"Q108565145","Castilla y León Iberians","rugby union team","2021-01-01","2021-1-1",NA,NA,NA,NA,"Spain",NA,NA,NA,NA,NA,NA
"Q10858300","Barcelona Universitari Club","rugby union team","1929-01-01","1929-1-1",NA,NA,NA,NA,"Spain","División de Honor B de Rugby","Camp Municipal de Rugby La Foixarda",NA,"Barcelona",NA,"12364ypk"
"Q108666985","The Delta","rugby union team",NA,NA,NA,NA,NA,NA,"Netherlands",NA,NA,NA,NA,NA,NA
"Q108681444","Racing Rugby Club de Nice","rugby union team","1912-01-01","1912-1-1","2001-01-01","2001-1-1",NA,NA,"France",NA,NA,NA,"Nice",NA,NA
"Q108685870","Brussels Devils","rugby union team",NA,NA,NA,NA,NA,NA,NA,NA,NA,NA,NA,NA,NA
"Q108803455","Vancouver Island Crimson Tide","rugby union team",NA,NA,NA,NA,NA,NA,NA,NA,NA,NA,NA,NA,NA
"Q10880452","Red Hurricanes Osaka","rugby union club","1994-01-01","1994-1-1",NA,NA,NA,NA,"Japan","Japan Rugby League One",NA,NA,NA,NA,NA
"Q109040615","Istres sports rugby","rugby union team","1969-01-01","1969-1-1","2002-01-01","2002-1-1",NA,NA,"France",NA,NA,NA,"Istres",NA,NA
"Q109046241","Union sportive Baigorri","rugby union team","1971-01-01","1971-1-1","2003-09-01","2003-9-1",NA,NA,"France",NA,NA,NA,"Saint-Étienne-de-Baïgorry",NA,NA
"Q109237443","Wests Scarborough Rugby Union Football Club","rugby union team",NA,NA,NA,NA,NA,NA,NA,NA,NA,NA,NA,NA,NA
"Q109315537","Rhodesia Rugby Union Team","national rugby union team","1898-01-01","1898-1-1",NA,NA,NA,NA,"Rhodesia",NA,NA,NA,NA,NA,NA
"Q109344024","National Chengchi University Rugby Team","rugby union team",NA,NA,NA,NA,NA,NA,NA,NA,NA,NA,NA,NA,NA
"Q109357812","Aichi Teachers Club","rugby union team",NA,NA,NA,NA,NA,NA,NA,NA,NA,NA,NA,NA,NA
"Q109359846","Yokohama TKM","rugby union team",NA,NA,NA,NA,NA,NA,NA,NA,NA,NA,NA,NA,NA
"Q109364185","MSM Steelers","rugby union club",NA,NA,NA,NA,NA,NA,"Japan",NA,NA,NA,NA,NA,NA
"Q109364187","Sompo Reds","rugby union team",NA,NA,NA,NA,NA,NA,NA,NA,NA,NA,NA,NA,NA
"Q109364334","Bridgestone Red Arrows","rugby union club",NA,NA,NA,NA,NA,NA,"Japan",NA,NA,NA,NA,NA,NA
"Q109368440","Daigas Struggers","rugby union team",NA,NA,NA,NA,NA,NA,"Japan",NA,NA,NA,NA,NA,NA
"Q109369073","Aioi Nissay Dowa Insurance Toughours","rugby union team",NA,NA,NA,NA,NA,NA,NA,NA,NA,NA,NA,NA,NA
"Q109418248","National Taiwan University rugby team","rugby union team",NA,NA,NA,NA,NA,NA,NA,NA,NA,NA,NA,NA,NA
"Q109452732","Yokogawa Musashino Artemistars","rugby union team",NA,NA,NA,NA,NA,NA,NA,NA,NA,NA,NA,NA,NA
"Q109453887","Tsukushi Young Luggers","rugby union team",NA,NA,NA,NA,NA,NA,NA,NA,NA,NA,NA,NA,NA
"Q109594097","Hercules","rugby union team",NA,NA,NA,NA,NA,NA,"Japan",NA,NA,NA,NA,NA,NA
"Q109665835","Balma Olympique Rugby Club","rugby union team",NA,NA,NA,NA,NA,NA,"France",NA,NA,NA,"Balma",NA,NA
"Q109665836","Club sportif annonéen","rugby union club","1903-01-01","1903-1-1",NA,NA,NA,NA,"France",NA,NA,NA,"Annonay",NA,NA
"Q109665837","SO Givors","rugby union team",NA,NA,NA,NA,NA,NA,"France",NA,NA,NA,"Givors",NA,NA
"Q109665838","Stade Piscénois Rugby","rugby union club","1921-01-01","1921-1-1",NA,NA,NA,NA,"France",NA,NA,NA,"Pézenas",NA,NA
"Q109717645","Fleury Olympique","rugby union team",NA,NA,NA,NA,NA,NA,"France",NA,NA,NA,"Fleury",NA,NA
"Q109717674","Stade Auto Lyon","rugby union team",NA,NA,NA,NA,NA,NA,"France",NA,NA,NA,"Lyon",NA,NA
"Q109717699","Union sportive vicquoise","rugby union team",NA,NA,NA,NA,NA,NA,"France",NA,NA,NA,"Vicq-sur-Gartempe",NA,NA
"Q109806875","RC Veyle Saône","rugby union team","1977-07-22","1977-7-22",NA,NA,NA,NA,"France",NA,"Q119207970; Q119370260",NA,"Pont-de-Veyle",NA,NA
"Q109941509","Rugbyende Utrechtse Studenten","rugby union club",NA,NA,NA,NA,NA,NA,"Netherlands",NA,NA,NA,NA,NA,NA
"Q1101990","SS Lazio Rugby 1927","rugby union club","1927-01-01","1927-1-1",NA,NA,"Biancocelesti; Biancazzurri; Aquile","Italian Rugby Federation","Italy","Serie A Élite","Centro Sportivo Giulio Onesti","1036",NA,NA,NA
"Q110250064","Rugbi Club Sant Andreu","rugby union team","1921-01-01","1921-1-1","1925-01-01","1925-1-1","Diables Rojos",NA,"Spain",NA,NA,NA,"Sant Andreu de Palomar",NA,NA
"Q1102931","Club Almirante Brown","rugby union club","1912-07-01","1912-7-1",NA,NA,NA,NA,"Argentina","Unión de Rugby de Buenos Aires","Estadio Fragata Presidente Sarmiento",NA,"Isidro Casanova",NA,NA
"Q11044609","Calcutta Cricket and Football Club","rugby union team","1792-01-01","1792-1-1",NA,NA,NA,NA,"India",NA,NA,NA,NA,NA,NA
"Q11054105","Football Club de Lyon (rugby à XV)","rugby union team","1893-01-01","1893-1-1","1945-01-01","1945-1-1",NA,NA,"France",NA,NA,NA,"Lyon",NA,"128dggdd9"
"Q110588757","Berkeley All Blues","rugby union team",NA,NA,NA,NA,NA,NA,NA,NA,NA,NA,NA,NA,NA
"Q1105950","Kecskeméti Atlétika és Rugby Club","rugby union team","1979-01-01","1979-1-1",NA,NA,NA,NA,"Hungary",NA,NA,NA,NA,NA,NA
"Q110613054","Life West Gladiatrix","rugby union team",NA,NA,NA,NA,NA,NA,NA,NA,NA,NA,NA,NA,NA
"Q110613058","Life West Gladiators","rugby union team",NA,NA,NA,NA,NA,NA,"United States",NA,NA,NA,"Hayward",NA,NA
"Q110741460","Peninsula Seagulls","rugby union team","2014-01-01","2014-1-1",NA,NA,NA,NA,NA,NA,NA,NA,NA,NA,NA
"Q110892002","Stade nayais","rugby union team","1901-01-01","1901-1-1","1962-03-11","1962-3-11",NA,NA,"France",NA,NA,NA,"Nay",NA,NA
"Q110892064","Sport athlétique de Monein","rugby union team","1929-12-01","1929-12-1",NA,NA,NA,NA,"France",NA,NA,NA,"Monein",NA,NA
"Q110937680","Cottesloe Rugby Union Football Club","rugby union club",NA,NA,NA,NA,NA,NA,"Australia",NA,NA,NA,NA,NA,NA
"Q110955438","US Soustons","rugby union team","1909-10-07","1909-10-7","1926-01-01","1926-1-1",NA,NA,"France",NA,NA,NA,"Soustons",NA,NA
"Q111311281","Químic Equip de Rugby","rugby union team","1986-01-01","1986-1-1",NA,NA,NA,NA,"Spain",NA,NA,NA,"Barcelona",NA,NA
"Q11136961","Mexico national rugby union team","national rugby union team","1996-01-01","1996-1-1",NA,NA,"Serpientes",NA,"Mexico",NA,NA,NA,NA,NA,NA
"Q111433687","Amicale sportive magescquoise","rugby union team","1e00510c0e3ad1a574bbf650273e84bd",NA,"1962-01-01","1962-1-1",NA,NA,"France",NA,NA,NA,"Magescq",NA,NA
"Q1115439","RC Narbonne","rugby union club","1907-01-01","1907-1-1",NA,NA,NA,"French Rugby Federation","France","Pro D2","Parc des Sports et de l'Amitié","12000","Narbonne",NA,NA
"Q111937086","Eumundi Rugby Union Club","rugby union club",NA,NA,NA,NA,NA,NA,NA,NA,NA,NA,NA,NA,NA
"Q11195984","Rugby Club Rioja","rugby union team","1982-01-01","1982-1-1",NA,NA,NA,NA,"Spain",NA,NA,NA,NA,NA,"122v3r9y"
"Q111994855","Beccehamian Rugby Football Club","rugby union club",NA,NA,NA,NA,NA,NA,"United Kingdom",NA,NA,NA,NA,NA,NA
"Q112039273","Brothers Rugby Club Sunshine Coast","rugby union team",NA,NA,NA,NA,NA,NA,NA,NA,NA,NA,NA,NA,NA
"Q112072569","RC Gura Humorului","rugby union team",NA,NA,NA,NA,NA,NA,NA,NA,NA,NA,NA,NA,NA
"Q112077377","CS Năvodari","rugby union team",NA,NA,NA,NA,NA,NA,NA,NA,NA,NA,NA,NA,NA
"Q112078058","CSU Alba Iulia","rugby union team",NA,NA,NA,NA,NA,NA,NA,NA,NA,NA,NA,NA,NA
"Q1121321","Shizuoka Blue Revs","rugby union club","1984-01-01","1984-1-1",NA,NA,NA,NA,"Japan","Japan Rugby League One","Yamaha Stadium","15165","Iwata",NA,NA
"Q112182543","Gympie Rugby Union Club","rugby union team",NA,NA,NA,NA,NA,NA,NA,NA,NA,NA,NA,NA,NA
"Q112189985","CSM Galați","rugby union team",NA,NA,NA,NA,NA,NA,NA,NA,NA,NA,NA,NA,NA
"Q112225762","Rugby Club hyérois","rugby union team",NA,NA,NA,NA,NA,NA,NA,NA,NA,NA,NA,NA,NA
"Q1122433","Japan national rugby union team","national rugby union team","1932-01-31","1932-1-31",NA,NA,"Brave Blossoms",NA,"Japan",NA,"Chichibunomiya Rugby Stadium","24871",NA,NA,NA
"Q11226179","JR Kyushu Sanders","rugby union club",NA,NA,NA,NA,NA,NA,"Japan",NA,NA,NA,NA,NA,"122qmhy9"
"Q11226317","JR WEST Railers","rugby union team",NA,NA,NA,NA,NA,NA,"Japan","Top West",NA,NA,NA,NA,"1226mqwn"
"Q1122765","Singapore national rugby union team","national rugby union team",NA,NA,NA,NA,NA,NA,"Singapore",NA,NA,NA,NA,NA,NA
"Q1124430","US Cognac","rugby union team","1899-12-02","1899-12-2",NA,NA,NA,NA,"France",NA,"Parc des sports de Cognac",NA,"Cognac",NA,NA
"Q112605483","Léognan Rugby","rugby union team","1972-01-01","1972-1-1",NA,NA,NA,NA,"France",NA,NA,NA,"Léognan",NA,NA
"Q1126167","Connacht Rugby","rugby union club","1885-01-01","1885-1-1",NA,NA,NA,NA,"Ireland","United Rugby Championship","Dexcom Stadium",NA,"Galway",NA,NA
"Q1127919","Cross Keys RFC","rugby union club","1885-01-01","1885-1-1",NA,NA,NA,NA,"United Kingdom",NA,NA,NA,NA,NA,NA
"Q1127974","Pontypool RFC","rugby union team","1868-01-01","1868-1-1",NA,NA,"Pooler","Welsh Rugby Union","United Kingdom","Welsh Championship","Pontypool Park","8800",NA,NA,NA
"Q1127985","Ebbw Vale RFC","rugby union club","1879-01-01","1879-1-1",NA,NA,NA,NA,"United Kingdom",NA,NA,NA,NA,NA,NA
"Q1128070","Dundee HSFP","rugby union club","1880-01-01","1880-1-1",NA,NA,NA,NA,"United Kingdom","Scottish Premiership",NA,NA,NA,NA,NA
"Q112860723","Nepal national rugby union team","national rugby union team",NA,NA,NA,NA,NA,NA,"Nepal",NA,NA,NA,NA,NA,NA
"Q112876522","Rugby Club Montaigut Besse","rugby union team","1976-01-01","1976-1-1",NA,NA,NA,NA,"France","Rugby union regional Auvergne-Rhône-Alpes league; French rugby union regional 1 championship",NA,NA,"Montaigut-le-Blanc",NA,NA
"Q11298953","Classic All Blacks","rugby union team",NA,NA,NA,NA,NA,NA,NA,NA,NA,NA,NA,NA,NA
"Q113135","Italy national rugby union team","national rugby union team","1929-05-20","1929-5-20",NA,NA,"Azzurri",NA,"Italy",NA,"Stadio Olimpico","70634",NA,NA,NA
"Q11314285","Sayama Secom Rugguts","rugby union team","1985-01-01","1985-1-1",NA,NA,NA,NA,"Japan","Japan Rugby League One",NA,NA,"Sayama",NA,NA
"Q1132148","GranDucato Parma","rugby union team","1999-07-14","1999-7-14","2011-01-01","2011-1-1",NA,"Italian Rugby Federation","Italy",NA,NA,NA,NA,NA,NA
"Q1132521","Amatori Rugby Milano","defunct rugby union club","1927-01-01","1927-1-1","2011-01-01","2011-1-1",NA,"Italian Rugby Federation","Italy",NA,NA,NA,NA,NA,NA
"Q113291271","Urayasu D-Rocks","rugby union team","2022-07-01","2022-7-1",NA,NA,"D-Rocks",NA,"Japan",NA,NA,NA,NA,NA,"11t7d0rhpy"
"Q113374283","Entente Meximieux Dagneux Plaine de l'Ain","rugby union club","1970-01-01","1970-1-1",NA,NA,NA,NA,"France",NA,"Stade de la Prairie",NA,"Meximieux",NA,NA
"Q11340570","Mazda Skyactivs Hiroshima","rugby union team","1963-01-01","1963-1-1",NA,NA,NA,NA,"Japan","Japan Rugby League One",NA,NA,NA,NA,NA
"Q1134198","Cornish Pirates","rugby union club","1945-01-01","1945-1-1",NA,NA,NA,NA,"United Kingdom","RFU Championship","Mennaye Field",NA,"Penzance",NA,NA
"Q11345675","Unitika Phoenix","rugby union team",NA,NA,NA,NA,NA,NA,"Japan",NA,NA,NA,NA,NA,"122qgm35"
"Q1134659","Tonga national rugby union team","national rugby union team","1924-08-15","1924-8-15",NA,NA,"ʻIkale Tahi",NA,"Tonga",NA,"Teufaiva Sport Stadium","10000",NA,NA,NA
"Q1134669","Fiji national rugby union team","national rugby union team","1924-08-15","1924-8-15",NA,NA,"Flying Fijians",NA,"Fiji",NA,NA,NA,NA,NA,NA
"Q113472032","Stade calédonien","rugby union team",NA,NA,NA,NA,NA,NA,"France",NA,NA,NA,"Noumea",NA,NA
"Q113483327","Canberra Raiders","rugby union club",NA,NA,NA,NA,NA,NA,NA,NA,"Canberra Stadium",NA,NA,NA,NA
"Q113483334","Cronulla-Sutherland Sharks","rugby union club",NA,NA,NA,NA,NA,NA,NA,NA,"Endeavour Field",NA,NA,NA,NA
"Q113483344","North Queensland Cowboys","rugby union club",NA,NA,NA,NA,NA,NA,NA,NA,"Queensland Country Bank Stadium",NA,NA,NA,NA
"Q113507904","Khimik Rugby Club","rugby union club","2021-01-01","2021-1-1",NA,NA,NA,NA,"Russia",NA,NA,NA,NA,NA,NA
"Q11352904","Hitotsubashi University Rugby Football Club","rugby union team","1922-01-01","1922-1-1",NA,NA,NA,NA,"Japan","Kanto University Tournament",NA,NA,NA,NA,"121p6gjg"
"Q11357125","Mitsubishi Motors Kyoto Red Evoluitions","rugby union team",NA,NA,NA,NA,NA,NA,NA,NA,NA,NA,NA,NA,"120qcv9b"
"Q11357155","Mitsubishi Heavy Industries Nagasaki Rugby Football Club","rugby union team",NA,NA,NA,NA,NA,NA,"Japan","Top Kyushu League",NA,NA,NA,NA,"120vbsss"
"Q113578817","Nerja Rugby Club","rugby union club",NA,NA,NA,NA,NA,NA,NA,NA,NA,NA,NA,NA,NA
"Q11359099","Sophia University Rugby Football Club","rugby union team","1954-01-01","1954-1-1",NA,NA,NA,NA,"Japan","Kanto University Tournament",NA,NA,NA,NA,"1214mgcq"
"Q11363453","Chugoku Red Regulions","rugby union team","1987-01-01","1987-1-1",NA,NA,NA,NA,"Japan","Japan Rugby League One",NA,NA,"Hiroshima Prefecture",NA,"120qdflk"
"Q11363663","Chuo University Rugby Football Club","rugby union team",NA,NA,NA,NA,NA,NA,"Japan",NA,NA,NA,NA,NA,"122jqlhr"
"Q11370170","Kyushu Kyoritsu University Rugby Football Club","rugby union team",NA,NA,NA,NA,NA,NA,"Japan",NA,NA,NA,NA,NA,"120qkmsc"
"Q11370211","Kyushu University Rugby Club","rugby union team",NA,NA,NA,NA,NA,NA,"Japan",NA,NA,NA,NA,NA,"121_zq3q"
"Q11370361","Kyuden Voltex","rugby union club","1951-01-01","1951-1-1",NA,NA,NA,NA,"Japan","Japan Rugby League One",NA,NA,NA,NA,NA
"Q1137086","Counties Manukau Rugby Football Union","rugby union team","1955-01-01","1955-1-1",NA,NA,"Steelers",NA,"New Zealand",NA,"Navigation Homes Stadium","12000","Pukekohe",NA,NA
"Q11374905","Kyoto University Rugby Football Club","rugby union team",NA,NA,NA,NA,NA,NA,"Japan",NA,NA,NA,NA,NA,"1211q200"
"Q11375632","Kyoto Sangyo University Rugby Football Club","rugby union team",NA,NA,NA,NA,NA,NA,"Japan",NA,NA,NA,NA,NA,"121hfjj1"
"Q1138074","Coventry R.F.C.","rugby union team","1874-01-01","1874-1-1",NA,NA,NA,NA,"United Kingdom","RFU Championship","Butts Park Arena",NA,"Coventry",NA,NA
"Q1138539","Samoa national rugby union team","national rugby union team","1924-08-18","1924-8-18",NA,NA,"Manu Samoa",NA,"Samoa",NA,"Apia Park","15000",NA,NA,NA
"Q11392448","Rokko Rugby Football Club","rugby union team",NA,NA,NA,NA,NA,NA,"Japan",NA,NA,NA,NA,NA,"1232v3lm"
"Q113993121","Driffield RUFC","rugby union team",NA,NA,NA,NA,NA,NA,NA,NA,NA,NA,NA,NA,NA
"Q113997254","Rugby Club Eaunes","rugby union team",NA,NA,"2016-06-30","2016-6-30",NA,NA,"France",NA,NA,NA,"Eaunes",NA,NA
"Q114000025","Heath RUFC","rugby union team",NA,NA,NA,NA,NA,NA,NA,NA,NA,NA,NA,NA,NA
"Q11402489","Hokkaido Barbarians","rugby union team",NA,NA,NA,NA,NA,NA,"Japan",NA,NA,NA,NA,NA,"122sm8r5"
"Q1140373","Munster Rugby","rugby union franchise","1879-01-01","1879-1-1",NA,NA,NA,NA,"Ireland","United Rugby Championship","Thomond Park",NA,"Limerick",NA,NA
"Q114037688","Union sportive Joué-lès-Tours rugby","rugby union team","2006-01-01","2006-1-1",NA,NA,NA,NA,"France",NA,NA,NA,"Joué-lès-Tours; Saint-Pierre-des-Corps",NA,NA
"Q114065906","Magnoac Football Club","rugby union team","1908-01-01","1908-1-1",NA,NA,NA,NA,"France",NA,NA,NA,"Castelnau-Magnoac",NA,NA
"Q114066383","Rugby Club de Gradignan","rugby union team",NA,NA,NA,NA,NA,NA,"France",NA,NA,NA,"Gradignan",NA,NA
"Q11414629","Doshisha University Rugby Football Club","rugby union team","1911-01-01","1911-1-1",NA,NA,NA,NA,"Japan","Kansai University Rugby Football League",NA,NA,NA,NA,"121dckt2"
"Q1142928","Old Boys & Old Girls Club","rugby union club",NA,NA,NA,NA,NA,NA,"Uruguay",NA,NA,NA,NA,NA,NA
"Q1143327","Montevideo Cricket Club","rugby union club","1861-01-01","1861-1-1",NA,NA,NA,NA,"Uruguay",NA,NA,NA,"Montevideo",NA,NA
"Q11436142","Daito Bunka University Rugby Football Club","rugby union team",NA,NA,NA,NA,NA,NA,"Japan","Kanto University Rugby League",NA,NA,NA,NA,"12156cw1"
"Q1143805","United States national rugby union team","national rugby union team","1912-09-06","1912-9-6",NA,NA,NA,NA,"United States",NA,NA,NA,NA,NA,NA
"Q11440037","Osaka University of Health and Sport Sciences Rugby Football Club","rugby union team",NA,NA,NA,NA,NA,NA,"Japan","Kansai University Rugby Football League",NA,NA,NA,NA,"122tcpx1"
"Q11441551","Osaka Sangyo University Rugby Football Club","rugby union team",NA,NA,NA,NA,NA,NA,"Japan",NA,NA,NA,NA,NA,"1218lqx2"
"Q1144887","Currie RFC","rugby union club","1970-01-01","1970-1-1",NA,NA,NA,NA,"United Kingdom","Scottish Premiership",NA,NA,NA,NA,NA
"Q11448882","Gakushuin Rugby Football Society","rugby union team","1928-01-01","1928-1-1",NA,NA,NA,NA,"Japan","Kanto University Tournament",NA,NA,NA,NA,"120n3645"
"Q11458401","Senshu University Rugby Club","rugby union team",NA,NA,NA,NA,NA,NA,"Japan",NA,NA,NA,NA,NA,"122nc54x"
"Q114595992","Rugby Monza 1949","defunct rugby union club","2002-01-01","2002-1-1","2021-01-01","2021-1-1","le Ringhio","Italian Rugby Federation","Italy",NA,NA,NA,NA,NA,NA
"Q11480974","Teikyo University Rugby Football Club","rugby union team","1970-01-01","1970-1-1",NA,NA,NA,NA,"Japan","Kanto University Tournament",NA,NA,NA,NA,"120vn7nt"
"Q11490866","Shigakukan University Rugby Club","rugby union team",NA,NA,NA,NA,NA,NA,"Japan",NA,NA,NA,NA,NA,"122jdv7d"
"Q11495158","Keio University Rugby Football Club","rugby union team",NA,NA,NA,NA,NA,NA,"Japan","Kanto University Tournament",NA,NA,NA,NA,"122zvwhf"
"Q11495405","Seijo Rugby Club","rugby union team",NA,NA,NA,NA,NA,NA,"Japan","Kanto University Tournament",NA,NA,NA,NA,"1216ln2s"
"Q11495788","Seikei Rugby Football Club","rugby union team","1923-01-01","1923-1-1",NA,NA,NA,NA,"Japan","Kanto University Tournament",NA,NA,NA,NA,"122cnk2g"
"Q11497762","Takushoku University Rugby Football Club","rugby union team",NA,NA,NA,NA,NA,NA,"Japan",NA,NA,NA,NA,NA,"122d8cyp"
"Q1149835","Harlequin F.C.","rugby union club","1866-01-01","1866-1-1",NA,NA,"Quins","Rugby Football Union","United Kingdom","Premiership Rugby","Twickenham Stoop","14816",NA,"harlequins",NA
"Q11498533","Setsunan University Rugby Club","rugby union team",NA,NA,NA,NA,NA,NA,"Japan",NA,NA,NA,NA,NA,"1228lx2s"
"Q1150127","Wasps RFC","rugby union club","1867-01-01","1867-1-1",NA,NA,NA,"Rugby Football Union","United Kingdom","Premiership Rugby","Ricoh Arena","32609","Coventry","wasps",NA
"Q11502420","Nippon Steel Yawata Rugby Club","rugby union team",NA,NA,NA,NA,NA,NA,"Japan",NA,NA,NA,NA,NA,"1203ncd_g"
"Q11507236","Nippon Sport Science University Rugby Football Club","rugby union team",NA,NA,NA,NA,NA,NA,"Japan","Kanto University Tournament",NA,NA,NA,NA,"120mc2sp"
"Q11507834","Nihon University Rugby Football Club","rugby union team","1928-01-01","1928-1-1",NA,NA,NA,NA,"Japan","Kanto University Rugby League",NA,NA,NA,NA,"121qyqbk"
"Q11508204","Nippon Bunri University Rugby Club","rugby union team",NA,NA,NA,NA,NA,NA,"Japan",NA,NA,NA,NA,NA,"12151hnv"
"Q11508990","Japan Airlines JAL Wings","rugby union club",NA,NA,NA,NA,NA,NA,"Japan",NA,NA,NA,NA,NA,"121b20hy"
"Q115094352","Renaissance sportive mauvezinoise","rugby union team",NA,NA,NA,NA,NA,NA,"France",NA,NA,NA,"Mauvezin",NA,NA
"Q11512317","Meiji University Rugby Football Club","rugby union team","1922-01-01","1922-1-1",NA,NA,NA,NA,"Japan","Kanto University Tournament",NA,NA,NA,NA,"122k64wv"
"Q11512339","Meiji Gakuin University Rugby Football Club","rugby union team","1928-01-01","1928-1-1",NA,NA,NA,NA,"Japan","Kanto University Tournament",NA,NA,NA,NA,"12307f8r"
"Q11512344","Meiji Yasuda Life Hollies","rugby union club",NA,NA,NA,NA,NA,NA,"Japan",NA,NA,NA,NA,NA,"122_gqgn"
"Q115161839","Park House Football Club","rugby union club","1883-01-01","1883-1-1",NA,NA,NA,NA,NA,NA,NA,NA,NA,NA,NA
"Q11524707","University of Tokyo Rugby Football Club","rugby union team","1921-01-01","1921-1-1",NA,NA,"トウダイ",NA,"Japan","Kanto University Tournament",NA,NA,NA,NA,"120zjs4c"
"Q115272372","Chicago Hounds","rugby union team","2022-01-01","2022-1-1",NA,NA,NA,NA,"United States","Major League Rugby","SeatGeek Stadium",NA,"Chicago",NA,NA
"Q11527836","Tokai University Rugby Football Club","rugby union team",NA,NA,NA,NA,NA,NA,"Japan",NA,NA,NA,NA,NA,"122qywpx"
"Q115330966","Team Northumbria","rugby union club",NA,NA,NA,NA,NA,NA,"United Kingdom",NA,NA,NA,NA,NA,NA
"Q11536064","Kurita Water Gush Akishima","rugby union team","1962-01-01","1962-1-1",NA,NA,NA,NA,"Japan","Japan Rugby League One",NA,NA,"Akishima",NA,NA
"Q11546349","Musashi University Rugby Football Club","rugby union team","1958-01-01","1958-1-1",NA,NA,NA,NA,"Japan","Kanto University Tournament",NA,NA,NA,NA,"121q4cvq"
"Q11556775","Ryutsu Keizai University Rugby Football Club","rugby union team","1965-01-01","1965-1-1",NA,NA,NA,NA,"Japan","Kanto University Rugby League",NA,NA,NA,NA,"121fqm2s"
"Q1156303","Blues","rugby union franchise","1996-01-01","1996-1-1",NA,NA,NA,NA,"New Zealand","Super Rugby","Eden Park",NA,"Auckland",NA,NA
"Q115754320","Green Gazelles","rugby union club",NA,NA,NA,NA,NA,NA,"United Kingdom",NA,NA,NA,NA,NA,NA
"Q115754630","Pacific Tigers rugby","rugby union team","1961-01-01","1961-1-1",NA,NA,NA,NA,"United States",NA,NA,NA,NA,NA,NA
"Q11577686","Konan University Rugby Football Club","rugby union team",NA,NA,NA,NA,NA,NA,"Japan",NA,NA,NA,NA,NA,"120_4m2d"
"Q115802958","Diables Barcelona","rugby union team",NA,NA,NA,NA,NA,NA,NA,NA,NA,NA,NA,NA,NA
"Q115857504","CO Berre XV","rugby union team","1967-01-01","1967-1-1",NA,NA,NA,NA,"France",NA,NA,NA,"Berre-l'Étang",NA,NA
"Q115863939","Dogos XV","rugby union team","2023-01-01","2023-1-1",NA,NA,NA,NA,"Argentina","Super Rugby Americas",NA,NA,"Córdoba",NA,NA
"Q11592198","Fukuoka University Rugby Club","rugby union team",NA,NA,NA,NA,NA,NA,"Japan",NA,NA,NA,NA,NA,"1238y47r"
"Q11592218","Fukuoka Institute of Technology Rugby Club","rugby union team",NA,NA,NA,NA,NA,NA,"Japan",NA,NA,NA,NA,NA,"1211jlr4"
"Q11595221","Akita Northern Bullets","rugby union team","1958-01-01","1958-1-1",NA,NA,NA,NA,"Japan","Top East League",NA,NA,"Akita",NA,"122t1mv_"
"Q11597797","Ritsumeikan University Rugby Team","rugby union team",NA,NA,NA,NA,NA,NA,"Japan",NA,NA,NA,NA,NA,"122gl7bd"
"Q11597985","Rikkyo University Rugby Football Club","rugby union team",NA,NA,NA,NA,NA,NA,"Japan","Kanto University Tournament",NA,NA,NA,NA,"121qmyyn"
"Q11598021","Rissho University Rugby Football Club","rugby union team","1963-01-01","1963-1-1",NA,NA,NA,NA,"Japan","Kanto University Rugby League",NA,NA,NA,NA,"122hzt10"
"Q11602849","University of Tsukuba Rugby Football Club","rugby union team","1924-01-01","1924-1-1",NA,NA,NA,NA,"Japan","Kanto University Tournament",NA,NA,NA,NA,"122nzdl6"
"Q116057455","Taipei Yuan-kun","rugby union team",NA,NA,NA,NA,NA,NA,"中華民國","Q114563237",NA,NA,NA,NA,NA
"Q116057584","Hai Yang Ocean Feed","rugby union team",NA,NA,NA,NA,NA,NA,"中華民國","Q114563237",NA,NA,NA,NA,NA
"Q116057621","Oriact","rugby union team",NA,NA,NA,NA,NA,NA,"中華民國","Q114563237",NA,NA,NA,NA,NA
"Q116057629","Takeshi Omura Giants","rugby union team",NA,NA,NA,NA,NA,NA,"中華民國","Q114563237",NA,NA,NA,NA,NA
"Q116057636","Taiwan Sports Lei Xu Tyrannosaurus","rugby union team",NA,NA,NA,NA,NA,NA,"中華民國","Q114563237",NA,NA,NA,NA,NA
"Q116057643","Tainan Kaier","rugby union team",NA,NA,NA,NA,NA,NA,"中華民國","Q114563237",NA,NA,NA,NA,NA
"Q116057670","Taoyuan Gorilla","rugby union team",NA,NA,NA,NA,NA,NA,"中華民國","Q114563237",NA,NA,NA,NA,NA
"Q11627318","Seinan Gakuin University Rugby Club","rugby union team",NA,NA,NA,NA,NA,NA,"Japan",NA,NA,NA,NA,NA,"120qkz1j"
"Q11638608","Kinki University Rugby Club","rugby union team",NA,NA,NA,NA,NA,NA,"Japan",NA,NA,NA,NA,NA,"1232jpbg"
"Q116451279","Rugby Club Uzès","rugby union club","1977-01-01","1977-1-1",NA,NA,NA,NA,NA,NA,NA,NA,NA,NA,NA
"Q116451572","Lei Raouba Vesso Rugby","rugby union club","2010-01-12","2010-1-12",NA,NA,NA,NA,"France",NA,NA,NA,"Aimargues",NA,NA
"Q11648111","Nippon Steel Kamaishi Seawaves","rugby union team","2001-01-01","2001-1-1",NA,NA,NA,NA,"Japan","Japan Rugby League One","Kamaishi Recovery Memorial Stadium",NA,"Kamaishi",NA,NA
"Q11655946","Kanto Gakuin University Rugby Football Club","rugby union team","1960-01-01","1960-1-1",NA,NA,NA,NA,"Japan","Kanto University Rugby League",NA,NA,NA,NA,"122_9jc0"
"Q11656295","Kansai University Rugby Club","rugby union team",NA,NA,NA,NA,NA,NA,"Japan",NA,NA,NA,NA,NA,"1227pxnb"
"Q11656325","Kwansei Gakuin University Rugby Club","rugby union team",NA,NA,NA,NA,NA,NA,"Japan",NA,NA,NA,NA,NA,"122hzt3s"
"Q11661256","Aoyama Gakuin University Rugby Football Club","rugby union team","1923-01-01","1923-1-1",NA,NA,NA,NA,"Japan","Kanto University Tournament",NA,NA,NA,NA,"121k841_"
"Q11676518","Kagoshima University Rugby Club","rugby union team",NA,NA,NA,NA,NA,NA,"Japan",NA,NA,NA,NA,NA,"121wympc"
"Q11679378","Ryukoku University Rugby Club","rugby union team",NA,NA,NA,NA,NA,NA,"Japan",NA,NA,NA,NA,NA,"120v5m79"
"Q11685298","Alfa Rugby Bydgoszcz","rugby union club","2003-02-01","2003-2-1",NA,NA,NA,NA,"Poland",NA,NA,NA,NA,NA,"1239jq7p"
"Q1170708","Pumas","rugby union team","1969-01-01","1969-1-1",NA,NA,NA,"South African Rugby Union","South Africa","Currie Cup","Mbombela Stadium","40929",NA,NA,NA
"Q1170716","Griquas","rugby union team","1886-01-01","1886-1-1",NA,NA,"Peacock Blues; Poubloues","South African Rugby Union","South Africa","Currie Cup","Hoffe Park Stadium","11000","Kimberley",NA,NA
"Q1170721","Boland Cavaliers","rugby union team","1939-01-01","1939-1-1",NA,NA,"Wynboere","South African Rugby Union","South Africa","Currie Cup","Boland Stadium","3500","Wellington",NA,NA
"Q1170726","Falcons","rugby union team","1947-01-01","1947-1-1",NA,NA,"Skarlakenrooies","South African Rugby Union","South Africa","Currie Cup","Barnard Stadium","7000","Kempton Park",NA,NA
"Q1170732","SWD Eagles","rugby union team","1899-01-01","1899-1-1",NA,NA,NA,"South African Rugby Union","South Africa","Currie Cup",NA,NA,NA,NA,NA
"Q117196113","Kosovo national rugby union team","national rugby union team","2023-04-01","2023-4-1",NA,NA,"Dardanët",NA,"Kosovo",NA,NA,NA,NA,NA,NA
"Q117286464","Blue Mountains Rugby Club","rugby union club",NA,NA,NA,NA,NA,NA,"Australia",NA,NA,NA,NA,NA,NA
"Q117312613","Hunter Wildfires","rugby union team",NA,NA,NA,NA,NA,NA,"Australia",NA,NA,NA,NA,NA,NA
"Q117377294","Mutriku Rugby Taldea","rugby union club","1985-01-01","1985-1-1",NA,NA,NA,NA,"Spain",NA,NA,NA,NA,NA,NA
"Q11752840","Lanús Athletic Club","rugby union club","1887-01-01","1887-1-1","1914-07-01","1914-7-1",NA,NA,"Argentina",NA,NA,NA,"Remedios de Escalada",NA,"121z20jq"
"Q11753568","RC Lechia Gdańsk","rugby union team","1956-05-01","1956-5-1",NA,NA,NA,"Polski Związek Rugby","Poland","Rugby Ekstraliga","MOSiR Stadium",NA,NA,NA,"122fpxlp"
"Q117661642","Hyundai Glovis Rugby","rugby union team",NA,NA,NA,NA,NA,NA,NA,NA,NA,NA,NA,NA,"11bxdt4mg9"
"Q117728444","St. Xavier Bombers rugby","rugby union team",NA,NA,NA,NA,NA,NA,"United States",NA,NA,NA,NA,NA,NA
"Q11775251","JIMI RC Vyškov","rugby union team","1952-01-01","1952-1-1",NA,NA,NA,NA,"Czech Republic",NA,NA,NA,NA,NA,NA
"Q11775372","Peyrehorade sports rugby Pays d'Orthe","rugby union team","1904-01-01","1904-1-1",NA,NA,NA,NA,"France",NA,NA,NA,"Peyrehorade",NA,"12b02jfmf"
"Q11796690","MKS Ogniwo Sopot","rugby union team","1966-06-23","1966-6-23",NA,NA,NA,NA,"Poland",NA,NA,NA,NA,NA,"122gwrr3"
"Q118128575","Tel Aviv Ibex RFC","rugby union team",NA,NA,NA,NA,NA,"ASA Tel Aviv Rugby Club","Israel",NA,NA,NA,NA,NA,NA
"Q118142955","Poland national under-20 rugby union team","rugby union team",NA,NA,NA,NA,"Biało-czerwoni",NA,"Poland",NA,NA,NA,NA,NA,NA
"Q11821060","Pogoń Siedlce","rugby union team","1944-01-01","1944-1-1",NA,NA,NA,NA,"Poland",NA,NA,NA,NA,NA,"113qbdr7j"
"Q11833002","RC Grivița Bucharest","rugby union club","1932-05-07","1932-5-7",NA,NA,NA,NA,"Romania",NA,NA,NA,NA,NA,NA
"Q118498","Racing 92","rugby union club","1890-01-01","1890-1-1",NA,NA,NA,NA,"France","Top 14","Paris La Défense Arena; Yves du Manoir Stadium",NA,"Le Plessis-Robinson",NA,NA
"Q118695714","Sanguinet Athletic Club","rugby union club","1942-01-01","1942-1-1",NA,NA,NA,NA,"France",NA,NA,NA,"Sanguinet",NA,NA
"Q118874892","CSM Constanța","rugby union team","2021-01-01","2021-1-1",NA,NA,NA,NA,"Romania",NA,NA,NA,NA,NA,NA
"Q11888644","Pori Rugby","rugby union team",NA,NA,NA,NA,NA,NA,NA,NA,NA,NA,NA,NA,NA
"Q118951102","Union sportive Montréjeau Gourdan-Polignan XV","rugby union club","1921-04-01","1921-4-1",NA,NA,NA,NA,"France",NA,NA,NA,"Montréjeau",NA,NA
"Q1193020","London Irish RFC","rugby union club","1898-01-01","1898-1-1",NA,NA,"The Exiles",NA,"United Kingdom","Premiership Rugby","Madejski Stadium; Brentford Community Stadium",NA,NA,"london-irish",NA
"Q119407109","Association amicale et sportive de Sarcelles","rugby union club",NA,NA,NA,NA,NA,NA,"France",NA,NA,NA,"Sarcelles",NA,NA
"Q119407111","Beauvais Rugby Club","rugby union club",NA,NA,NA,NA,NA,NA,"France",NA,NA,NA,"Beauvais",NA,NA
"Q119407112","Bourges XV","rugby union club",NA,NA,NA,NA,NA,NA,"France",NA,NA,NA,"Bourges",NA,NA
"Q119407113","Club Sportif Nuiton","rugby union club",NA,NA,NA,NA,NA,NA,"France",NA,NA,NA,"Nuits-Saint-Georges",NA,NA
"Q119407115","Rugby Club de Sérignan","rugby union club",NA,NA,NA,NA,NA,NA,"France",NA,NA,NA,"Sérignan",NA,NA
"Q119407116","Rugby Olympique Castelnaudary","rugby union club",NA,NA,NA,NA,NA,NA,"France",NA,NA,NA,"Castelnaudary",NA,NA
"Q119407121","Union Sportive de Meyzieu Rugby","rugby union club",NA,NA,NA,NA,NA,NA,"France",NA,NA,NA,"Meyzieu",NA,NA
"Q119407242","Union Barbezieux Jonzac","rugby union club","2013-06-06","2013-6-6",NA,NA,NA,NA,"France",NA,NA,NA,"Barbezieux-Saint-Hilaire",NA,NA
"Q119407871","Aviron Gruissanais Rugby","rugby union club",NA,NA,NA,NA,NA,NA,"France",NA,NA,NA,"Gruissan",NA,NA
"Q119410865","Barbezieux Sud-Charente Rugby","rugby union club","1998-06-08","1998-6-8",NA,NA,NA,NA,"France",NA,NA,NA,"Barbezieux-Saint-Hilaire",NA,NA
"Q119410867","Rugby Club Jonzacais Haute Saintonge","rugby union club","1909-01-31","1909-1-31",NA,NA,NA,NA,"France",NA,NA,NA,"Jonzac",NA,NA
"Q119413542","Toulouse Olympique Aérospatiale Club","rugby union club",NA,NA,NA,NA,NA,NA,"France",NA,NA,NA,"Toulouse",NA,NA
"Q119414127","Football Club de Toulouse","rugby union club","1945-09-05","1945-9-5","2000-06-26","2000-6-26",NA,NA,"France",NA,NA,NA,"Toulouse",NA,NA
"Q119415425","Stade Olympique Ugine Albertville Rugby","rugby union club","1985-01-01","1985-1-1",NA,NA,NA,NA,"France",NA,NA,NA,"Albertville",NA,NA
"Q119418542","Club Athlétique Pontissalien Rugby","rugby union club","1927-01-01","1927-1-1",NA,NA,NA,NA,"France",NA,NA,NA,"Pontarlier",NA,NA
"Q119418730","Viry-Châtillon Rugby Club","rugby union club","1988-07-21","1988-7-21",NA,NA,NA,NA,"France",NA,NA,NA,"Viry-Châtillon",NA,NA
"Q119423249","Union Sportive Perpignanaise","rugby union club","1919-05-07","1919-5-7","1933-05-04","1933-5-4",NA,NA,"France",NA,NA,NA,"Perpignan",NA,NA
"Q119423381","Association Sportive Perpignanaise","rugby union club","1902-01-01","1902-1-1","1919-05-06","1919-5-6",NA,NA,"France",NA,NA,NA,"Perpignan",NA,NA
"Q119423480","Stade Olympique Perpignan","rugby union club",NA,NA,"1919-05-06","1919-5-6",NA,NA,"France",NA,NA,NA,"Perpignan",NA,NA
"Q119423683","Arlequins Club Perpignanais","rugby union club","1919-12-08","1919-12-8","1933-05-04","1933-5-4",NA,NA,"France",NA,NA,NA,"Perpignan",NA,NA
"Q11946402","Rugby Club L'Hospitalet","rugby union club","1973-01-01","1973-1-1",NA,NA,NA,NA,"Spain",NA,NA,NA,"L'Hospitalet de Llobregat",NA,"121k2yvb"
"Q119849076","Rugby Club Haute Bresse","rugby union club","1980-01-01","1980-1-1",NA,NA,NA,NA,"France",NA,NA,NA,"Town hall of Pont-de-Vaux",NA,NA
"Q11986910","Luctonians","rugby union team","1948-01-01","1948-1-1",NA,NA,NA,NA,"United Kingdom",NA,NA,NA,NA,NA,NA
"Q119999690","Miami Sharks","rugby union team","2023-01-01","2023-1-1",NA,NA,NA,NA,"United States",NA,NA,NA,NA,NA,NA
"Q1201283","Northampton Saints","rugby union club","1880-01-01","1880-1-1",NA,NA,"The Saints","Rugby Football Union","United Kingdom","Premiership Rugby","Franklin's Gardens","13951",NA,"northampton",NA
"Q120146040","Pédale et Stade tarusate","rugby union team","1912-11-15","1912-11-15",NA,NA,NA,NA,"France",NA,NA,NA,NA,NA,NA
"Q120491524","Club athlétique raphaëlo-fréjusien","rugby union team","1964-01-01","1964-1-1",NA,NA,NA,NA,"France",NA,NA,NA,"Saint-Raphaël",NA,NA
"Q120497959","Bangladesh national rugby union team","national rugby union team",NA,NA,NA,NA,NA,NA,"Bangladesh",NA,NA,NA,NA,NA,NA
"Q120831833","Rugby Club Draguignan","rugby union team",NA,NA,NA,NA,NA,NA,"France",NA,NA,NA,"Draguignan",NA,NA
"Q1210077","Highlanders","rugby union club","1996-01-01","1996-1-1",NA,NA,NA,NA,"New Zealand",NA,"Forsyth Barr Stadium",NA,"Dunedin",NA,NA
"Q1210146","Lions","rugby union club","1996-01-01","1996-1-1",NA,NA,NA,NA,"South Africa",NA,"Ellis Park Stadium",NA,"Johannesburg",NA,NA
"Q121190772","Anzac XV","rugby union team",NA,NA,NA,NA,NA,NA,NA,NA,NA,NA,NA,NA,NA
"Q121464566","Stade clermontois rugby","rugby union team","1923-01-01","1923-1-1",NA,NA,NA,NA,"France",NA,NA,NA,"Clermont-Ferrand",NA,NA
"Q121662812","Glasgow Raptors","rugby union team",NA,NA,NA,NA,NA,NA,"United Kingdom",NA,NA,NA,NA,NA,NA
"Q121891286","Union sportive aspoise","rugby union team",NA,NA,NA,NA,NA,NA,"France",NA,NA,NA,"Bedous",NA,NA
"Q122190998","Union sportive athlétique de Limoges","rugby union team","1995-01-01","1995-1-1",NA,NA,NA,NA,"France",NA,NA,NA,"Limoges",NA,NA
"Q122380645","Jersey RFC","rugby union team",NA,NA,NA,NA,NA,NA,NA,NA,NA,NA,NA,NA,NA
"Q1225303","UA Gaillac","rugby union team","1901-01-01","1901-1-1",NA,NA,NA,NA,"France",NA,NA,NA,"Gaillac",NA,NA
"Q12254878","Baztan Rugby Team","rugby union team",NA,NA,NA,NA,NA,NA,"Spain",NA,NA,NA,NA,NA,NA
"Q12257447","Basque Country national rugby union team","national rugby union team",NA,NA,NA,NA,NA,NA,"France",NA,NA,NA,NA,NA,"11c5qng5ns"
"Q12261757","La Única Rugby Taldea","rugby union club","1984-01-01","1984-1-1",NA,NA,NA,NA,"Spain",NA,NA,NA,NA,NA,"11bwkzfds9"
"Q122639340","Halifax Vandals RUFC","rugby union club",NA,NA,NA,NA,NA,NA,NA,NA,NA,NA,NA,NA,NA
"Q12269223","Zarautz RT","rugby union club","1977-01-01","1977-1-1",NA,NA,NA,NA,"Spain",NA,NA,NA,NA,NA,NA
"Q122765722","Old Boys & Old Girls Club","rugby union team",NA,NA,NA,NA,NA,NA,"Uruguay",NA,NA,NA,NA,NA,NA
"Q122781600","Union sportive capbretonnaise","rugby union team","1911-01-01","1911-1-1","2011-06-30","2011-6-30",NA,NA,"France",NA,NA,NA,"Capbreton",NA,NA
"Q122781635","Association sportive Hossegor","rugby union team","1936-01-01","1936-1-1","2011-06-30","2011-6-30",NA,NA,"France",NA,NA,NA,"Soorts-Hossegor",NA,NA
"Q122781679","Capbreton Hossegor Rugby","rugby union team","2011-07-01","2011-7-1",NA,NA,NA,NA,"France",NA,NA,NA,NA,NA,NA
"Q123027206","Clogher Valley RFC","rugby union club","1990-01-01","1990-1-1",NA,NA,NA,NA,"United Kingdom",NA,NA,NA,NA,NA,NA
"Q12317453","Hundested Rugby Klub","rugby union team",NA,NA,NA,NA,NA,NA,"Denmark",NA,NA,NA,"Hundested",NA,NA
"Q123353671","Jeunesse sportive villeneuvoise rugby","rugby union team","1960-01-01","1960-1-1",NA,NA,NA,NA,"France",NA,NA,NA,"Villeneuve-de-Marsan",NA,NA
"Q123397514","Union sportive Cambo rugby","rugby union team",NA,NA,NA,NA,NA,NA,"France",NA,NA,NA,"Cambo-les-Bains",NA,NA
"Q123521589","Ningbo Rhinos Rugby Football Club","rugby union team",NA,NA,NA,NA,NA,NA,"People's Republic of China",NA,NA,NA,NA,NA,NA
"Q12384799","CR Fendetestas","rugby union team","1989-01-01","1989-1-1",NA,NA,NA,NA,"Spain",NA,NA,NA,"As Pontes de García Rodríguez",NA,NA
"Q12384806","Unión Aljarafe Sevilla","rugby union team",NA,NA,NA,NA,NA,NA,"Spain",NA,NA,NA,"Seville",NA,NA
"Q12386264","Club de Rugby Ferrol","rugby union team","2008-01-01","2008-1-1",NA,NA,NA,NA,"Spain",NA,NA,NA,"Ferrol",NA,"11clt75hr2"
"Q12386265","Club de Rugby Lalín","rugby union team",NA,NA,NA,NA,NA,NA,"Spain",NA,NA,NA,"Lalín",NA,NA
"Q123865408","New Taipei Lei Xu Lions","rugby union team",NA,NA,NA,NA,NA,NA,"中華民國","Q114563237",NA,NA,NA,NA,NA
"Q12390683","Ingleses R.C.","rugby union team","1988-01-01","1988-1-1",NA,NA,NA,NA,"Spain",NA,NA,NA,"Vilagarcía de Arousa",NA,NA
"Q12392916","Mareantes Rugby Clube Pontevedra","rugby union team","1988-01-01","1988-1-1",NA,NA,NA,NA,"Spain",NA,"Monte Porreiro Municipal Sports Field",NA,"Pontevedra",NA,NA
"Q12393729","Muralla Rugby Club","rugby union team","1986-01-01","1986-1-1",NA,NA,NA,NA,"Spain",NA,NA,NA,"Lugo",NA,NA
"Q12393891","Nenagh Ormond","rugby union team","1884-01-01","1884-1-1",NA,NA,NA,NA,"Ireland",NA,NA,NA,NA,NA,NA
"Q12396821","Ourense Rugby Club","rugby union team",NA,NA,NA,NA,NA,NA,"Spain",NA,NA,NA,"Ourense",NA,NA
"Q12397896","Pontevedra Rugby Club","rugby union team","2009-01-01","2009-1-1",NA,NA,NA,NA,"Spain",NA,"Monte Porreiro Municipal Sports Field",NA,"Pontevedra",NA,NA
"Q123981663","Rugby Football Club Los Angeles","rugby union team","2023-01-01","2023-1-1",NA,NA,NA,NA,"United States",NA,NA,NA,NA,NA,NA
"Q12400032","Santiago Rugby Club","rugby union team","2007-01-01","2007-1-1",NA,NA,NA,NA,"Spain",NA,NA,NA,"Santiago de Compostela",NA,"11cls_hfd0"
"Q12402420","Vitória F.C.","rugby union team",NA,NA,NA,NA,NA,NA,"Portugal",NA,NA,NA,NA,NA,NA
"Q124304128","Pontefract RUFC","rugby union team",NA,NA,NA,NA,NA,NA,NA,NA,NA,NA,NA,NA,NA
"Q124322785","Leek RUFC","rugby union team",NA,NA,NA,NA,NA,NA,NA,NA,NA,NA,NA,NA,NA
"Q124357090","Anthem Rugby Carolina","rugby union team",NA,NA,NA,NA,NA,NA,NA,NA,NA,NA,NA,NA,NA
"Q124382267","LeRIRO Fukuoka","rugby union team","2022-01-01","2022-1-1",NA,NA,NA,NA,"Japan","Top Kyushu League",NA,NA,NA,NA,"11td19cc44"
"Q124391520","Anselmians RUFC","rugby union team",NA,NA,NA,NA,NA,NA,NA,NA,NA,NA,NA,NA,NA
"Q124444451","Eccles Rugby Football Club","rugby union club",NA,NA,NA,NA,NA,NA,"United Kingdom",NA,NA,NA,NA,NA,NA
"Q124448748","Banbury RUFC","rugby union club",NA,NA,NA,NA,NA,NA,"United Kingdom",NA,NA,NA,NA,NA,NA
"Q124458894","Oundle RFC","rugby union team",NA,NA,NA,NA,NA,NA,NA,NA,NA,NA,NA,NA,NA
"Q124462420","Kingston Rugby Football Club","rugby union club",NA,NA,NA,NA,NA,NA,NA,NA,NA,NA,NA,NA,NA
"Q124485497","Medway RFC","rugby union team",NA,NA,NA,NA,NA,NA,NA,NA,NA,NA,NA,NA,NA
"Q124526709","Association sportive et culturelle Pessac Alouette rugby","rugby union team",NA,NA,NA,NA,NA,NA,"France",NA,NA,NA,"Pessac",NA,NA
"Q124540187","Marlborough RFC","rugby union club",NA,NA,NA,NA,NA,NA,"United Kingdom",NA,NA,NA,NA,NA,NA
"Q124547966","Camberley RFC","rugby union club",NA,NA,NA,NA,NA,NA,"United Kingdom",NA,NA,NA,NA,NA,NA
"Q124611459","Defensores de Glew","rugby union club","1920-05-25","1920-5-25",NA,NA,NA,NA,"Argentina",NA,NA,NA,"Glew, Buenos Aires",NA,NA
"Q124625022","Horsham Rugby Club","rugby union club",NA,NA,NA,NA,NA,NA,"United Kingdom",NA,NA,NA,NA,NA,NA
"Q124749935","Old Whitgiftians Rugby Football Club","rugby union club",NA,NA,NA,NA,NA,NA,"United Kingdom",NA,NA,NA,NA,NA,NA
"Q124754949","Newport Gwent Dragons","rugby union club",NA,NA,NA,NA,NA,NA,"Wales",NA,NA,NA,NA,NA,NA
"Q124755575","Camp Hill RFC","rugby union team",NA,NA,NA,NA,NA,NA,NA,NA,NA,NA,NA,NA,NA
"Q124833389","Orpington Rugby Football Club","rugby union club",NA,NA,NA,NA,NA,NA,"United Kingdom",NA,NA,NA,NA,NA,NA
"Q124840669","Glais RFC","rugby union club",NA,NA,NA,NA,NA,NA,NA,NA,NA,NA,NA,NA,NA
"Q124842478","Hammersmith & Fulham RFC","rugby union team",NA,NA,NA,NA,NA,NA,NA,NA,NA,NA,NA,NA,NA
"Q124842500","Royal Wootton Bassett RFC","rugby union club",NA,NA,NA,NA,NA,NA,NA,NA,NA,NA,NA,NA,NA
"Q1248558","Namibia national rugby union team","national rugby union team","1955-07-05","1955-7-5",NA,NA,"Welwitschias",NA,"Namibia",NA,"Hage Geingob Rugby Stadium","10000",NA,NA,NA
"Q124942927","Association sportive saint-martinoise","rugby union team","1977-01-01","1977-1-1",NA,NA,NA,NA,"France",NA,NA,NA,"Saint-Martin-de-Seignanx",NA,NA
"Q124943367","Saint-Martin-de-Seignanx olympique","rugby union team","1936-01-01","1936-1-1","1952-01-01","1952-1-1",NA,NA,"France",NA,NA,NA,NA,NA,NA
"Q125121249","Matson RFC","rugby union club",NA,NA,NA,NA,NA,NA,"United Kingdom",NA,NA,NA,NA,NA,NA
"Q125256648","Brigandze rugby compagnie","rugby union team",NA,NA,NA,NA,NA,NA,"Belgium",NA,NA,NA,NA,NA,NA
"Q125526481","Club Natació Atlètic","rugby union club","1913-01-01","1913-1-1","1992-01-01","1992-1-1",NA,NA,"Spain",NA,NA,NA,NA,NA,NA
"Q125622597","Fawley Rugby Football Club","rugby union club",NA,NA,NA,NA,NA,NA,NA,NA,NA,NA,NA,NA,NA
"Q125660736","Santiago Lawn Tennis Club","rugby union club","1915-12-16","1915-12-16",NA,NA,NA,NA,"Argentina",NA,NA,NA,"Santiago del Estero",NA,NA
"Q125661787","Old Lions Rugby Club","rugby union club","1962-01-01","1962-1-1",NA,NA,NA,NA,NA,NA,NA,NA,"Santiago del Estero",NA,NA
"Q125697585","Wimborne Rugby Club","rugby union club",NA,NA,NA,NA,NA,NA,"United Kingdom",NA,NA,NA,NA,NA,NA
"Q125698178","Old Leamingtonians","rugby union club",NA,NA,NA,NA,NA,NA,"United Kingdom",NA,NA,NA,NA,NA,NA
"Q125924347","UFH Baby Blues","rugby union team",NA,NA,NA,NA,NA,NA,NA,NA,NA,NA,NA,NA,NA
"Q125931179","CUS Torino Rugby","rugby union team",NA,NA,NA,NA,NA,NA,NA,NA,NA,NA,NA,NA,NA
"Q125958274","UJ Rugby","rugby union team",NA,NA,NA,NA,NA,NA,NA,NA,NA,NA,NA,NA,NA
"Q12631981","HARK Mladost","rugby union team","1954-01-17","1954-1-17",NA,NA,NA,"Croatian Rugby Federation","Croatia","Q12640601",NA,NA,"Zagreb",NA,"122czx3h"
"Q126372406","Beantown RFC","rugby union team",NA,NA,NA,NA,NA,NA,NA,NA,NA,NA,NA,NA,NA
"Q126386035","Association sportive de Monaco rugby","rugby union team",NA,NA,NA,NA,NA,NA,"Monaco",NA,NA,NA,NA,NA,NA
"Q12640954","RK Ljubljana","rugby union team",NA,NA,NA,NA,NA,NA,"Slovenia",NA,NA,NA,NA,NA,"122d8bxm"
"Q126478343","Khvamli Tbilisi","rugby union club",NA,NA,NA,NA,NA,NA,NA,NA,NA,NA,NA,NA,NA
"Q126489128","Ares Kutaisi","rugby union club",NA,NA,NA,NA,NA,NA,NA,NA,NA,NA,NA,NA,NA
"Q126489203","Mie Pearls","rugby union team",NA,NA,NA,NA,NA,NA,NA,NA,NA,NA,NA,NA,NA
"Q126687791","Espira Sporting Club","rugby union club",NA,NA,NA,NA,NA,NA,"France",NA,NA,NA,NA,NA,NA
"Q126687798","Baixas Athletic Club","rugby union club",NA,NA,NA,NA,NA,NA,"France",NA,NA,NA,"Baixas",NA,NA
"Q126688090","AS Peyrestortes","rugby union club",NA,NA,NA,NA,NA,NA,"France",NA,NA,NA,NA,NA,NA
"Q1268090","Kazakhstan national rugby union team","national rugby union team","1994-04-03","1994-4-3",NA,NA,"i Nomadi",NA,"Kazakhstan",NA,NA,NA,NA,NA,NA
"Q126896060","Whitstable Rugby Football Club","rugby union team",NA,NA,NA,NA,NA,NA,"United Kingdom",NA,NA,NA,NA,NA,NA
"Q126899209","Guildfordians Rugby Football Club","rugby union club",NA,NA,NA,NA,NA,NA,"United Kingdom",NA,NA,NA,NA,NA,NA
"Q126911202","Newton Abbot Rugby Club","rugby union club",NA,NA,NA,NA,NA,NA,"United Kingdom",NA,NA,NA,NA,NA,NA
"Q126924133","Burnham-On-Sea Rugby Club","rugby union club",NA,NA,NA,NA,NA,NA,"United Kingdom",NA,NA,NA,NA,NA,NA
"Q126924739","Crediton Rugby Football Club","rugby union club",NA,NA,NA,NA,NA,NA,"United Kingdom",NA,NA,NA,NA,NA,NA
"Q126948762","Old Reigatian Rugby Football Club","rugby union team",NA,NA,NA,NA,NA,NA,"United Kingdom",NA,NA,NA,NA,NA,NA
"Q126974888","Cretan Gunners","rugby union club","2015-10-01","2015-10-1",NA,NA,NA,NA,"Greece",NA,NA,NA,NA,NA,NA
"Q127038794","Trowbridge Rugby Club","rugby union club",NA,NA,NA,NA,NA,NA,NA,NA,NA,NA,NA,NA,NA
"Q127113515","Bexley Rugby Club","rugby union club","1957-01-01","1957-1-1",NA,NA,NA,NA,"United Kingdom",NA,NA,NA,NA,NA,NA
"Q12715645","Eldar IL","rugby union club","1949-01-01","1949-1-1",NA,NA,NA,NA,"Norway",NA,NA,NA,"Vossestrand",NA,"120yxny6"
"Q127271313","Withycombe Rugby Football Club","rugby union club",NA,NA,NA,NA,NA,NA,NA,NA,NA,NA,NA,NA,NA
"Q12744358","Știința Petroșani","rugby union team",NA,NA,NA,NA,NA,NA,"Romania",NA,NA,NA,NA,NA,NA
"Q127654446","Rugby Club Val de Bièvre","rugby union team","2003-01-01","2003-1-1",NA,NA,NA,NA,"France",NA,NA,NA,"Villejuif",NA,NA
"Q127943230","Fénix Club de Rugby Zaragoza","rugby union team","1982-01-01","1982-1-1",NA,NA,NA,NA,"Spain",NA,NA,NA,NA,NA,NA
"Q1284702","Edinburgh Academical Football Club","rugby union club","1857-01-01","1857-1-1",NA,NA,NA,NA,"United Kingdom","Scottish Premiership Division Two","Raeburn Place",NA,NA,NA,NA
"Q129677519","Vancouver Highlanders","rugby union club",NA,NA,NA,NA,NA,NA,NA,NA,NA,NA,NA,NA,NA
"Q1296847","Szentesi VSC 91-esek Rögbi Szakosztály","rugby union team","1991-01-01","1991-1-1",NA,NA,NA,NA,"Hungary",NA,NA,NA,NA,NA,NA
"Q129901183","Orkan Sochaczew","rugby union team",NA,NA,NA,NA,NA,NA,"Poland",NA,NA,NA,NA,NA,NA
"Q1300399","Melbourne Rebels","rugby union franchise","2010-01-01","2010-1-1",NA,NA,NA,NA,"Australia","Super Rugby","Melbourne Rectangular Stadium",NA,"Melbourne",NA,NA
"Q130100528","Club Universitario de Rugby del Nordeste","rugby union club",NA,NA,NA,NA,NA,NA,"Argentina",NA,NA,NA,NA,NA,NA
"Q130100547","Jockey Club de Tucumán","rugby union club",NA,NA,NA,NA,NA,NA,"Argentina",NA,NA,NA,NA,NA,NA
"Q130251215","Stade foyen rugby","rugby union team","1909-01-01","1909-1-1",NA,NA,NA,NA,"France",NA,NA,NA,"Sainte-Foy-la-Grande",NA,NA
"Q130252900","Association olympique de la communauté de communes de Duras","rugby union team","1921-08-25","1921-8-25",NA,NA,NA,NA,"France",NA,NA,NA,"Duras",NA,NA
"Q130275370","Stade maursois","rugby union team","1926-01-01","1926-1-1",NA,NA,NA,NA,"France",NA,NA,NA,"Maurs",NA,NA
"Q130338958","Gravesend Rugby Football Club","rugby union club",NA,NA,NA,NA,NA,NA,NA,NA,NA,NA,NA,NA,NA
"Q130359922","Liceo Rugby Club","rugby union club",NA,NA,NA,NA,NA,NA,"Argentina",NA,NA,NA,NA,NA,NA
"Q130411345","Coomera Crushers Rugby Union Club","rugby union club","2002-01-01","2002-1-1",NA,NA,NA,NA,"Australia",NA,NA,NA,"Coomera Sports Park",NA,NA
"Q130437904","Gillingham Anchorians Rugby Club","rugby union club",NA,NA,NA,NA,NA,NA,"United Kingdom",NA,NA,NA,NA,NA,NA
"Q130479332","Old Laurentian Rugby Football Club","rugby union club",NA,NA,NA,NA,NA,NA,"United Kingdom",NA,NA,NA,NA,NA,NA
"Q130502282","Stade dacquois","rugby union team","1902-01-01","1902-1-1","1903-04-01","1903-4-1",NA,NA,"France",NA,NA,NA,"Dax",NA,NA
"Q130550687","Lince Rugby club","rugby union club",NA,NA,NA,NA,NA,NA,"Argentina",NA,NA,NA,NA,NA,NA
"Q130550695","Mar del Plata Club","rugby union club",NA,NA,NA,NA,NA,NA,"Argentina",NA,NA,NA,NA,NA,NA
"Q130554487","Boulou Sportif XV","defunct rugby union club","1921-10-25","1921-10-25","2017-01-01","2017-1-1",NA,NA,"France","Q48750250","Q130617636",NA,NA,NA,NA
"Q130565826","Gipuzkoa Sortzen Rugby Taldea","rugby union club","2024-01-01","2024-1-1",NA,NA,NA,NA,"Basque Country",NA,NA,NA,"San Sebastián; Zarautz; Lasarte-Oria",NA,NA
"Q130617828","Émulation sportive pratéene","rugby union club","1924-01-01","1924-1-1",NA,NA,NA,NA,"France",NA,NA,NA,NA,NA,NA
"Q130651141","KCS Old Boys RFC","rugby union team",NA,NA,NA,NA,NA,NA,NA,NA,NA,NA,NA,NA,NA
"Q130662575","Bajo Hondo Rugby Club","rugby union club",NA,NA,NA,NA,NA,NA,"Argentina",NA,NA,NA,NA,NA,NA
"Q130698056","Beltzak Rugby Taldea","rugby union club","1984-01-01","1984-1-1",NA,NA,NA,NA,"Spain",NA,NA,NA,"Lasarte-Oria",NA,NA
"Q130714060","Beccehamian RFC","rugby union club",NA,NA,NA,NA,NA,NA,"United Kingdom",NA,NA,NA,NA,NA,NA
"Q130760477","RC Romanais Péageois","rugby union club",NA,NA,NA,NA,NA,NA,"France",NA,NA,NA,"Romans-sur-Isère",NA,NA
"Q13090286","RC Rudar Zenica","rugby union team","1982-01-01","1982-1-1",NA,NA,NA,NA,"Bosnia and Herzegovina","Regional Rugby Championship",NA,NA,NA,NA,"11jg05xvbb"
"Q131056684","Prescott Blacksheep","rugby union team",NA,NA,NA,NA,NA,NA,NA,NA,NA,NA,NA,NA,NA
"Q131176976","Scottsdale Blues","rugby union team",NA,NA,NA,NA,NA,NA,NA,NA,NA,NA,NA,NA,NA
"Q131291767","Aranduroga Rugby Club","rugby union club",NA,NA,NA,NA,NA,NA,"Argentina",NA,NA,NA,NA,NA,NA
"Q131295868","Aldwinians RUFC","rugby union club",NA,NA,NA,NA,NA,NA,"United Kingdom",NA,NA,NA,NA,NA,NA
"Q131295928","Alton Rugby Club","rugby union club",NA,NA,NA,NA,NA,NA,"United Kingdom",NA,NA,NA,NA,NA,NA
"Q131360057","Cheshunt RFC","rugby union club",NA,NA,NA,NA,NA,NA,NA,NA,NA,NA,NA,NA,NA
"Q131369430","Tarucas","rugby union team","2024-01-01","2024-1-1",NA,NA,NA,NA,NA,NA,NA,NA,"San Miguel de Tucumán",NA,NA
"Q131465751","Rochester Aardvarks R.F.C.","rugby union club",NA,NA,NA,NA,NA,NA,NA,NA,NA,NA,NA,NA,NA
"Q131470552","Amesbury RFC","rugby union club",NA,NA,NA,NA,NA,NA,"United Kingdom",NA,NA,NA,NA,NA,NA
"Q131470561","Amicale Rugby Calaisien","rugby union club",NA,NA,NA,NA,NA,NA,"France",NA,NA,NA,NA,NA,NA
"Q131470654","Ashford RFC","rugby union club",NA,NA,NA,NA,NA,NA,"United Kingdom",NA,NA,NA,NA,NA,NA
"Q131470664","Ashley Down Old Boys RFC","rugby union club",NA,NA,NA,NA,NA,NA,"United Kingdom",NA,NA,NA,NA,NA,NA
"Q131471563","Beverley Rugby Union Football Club","rugby union club",NA,NA,NA,NA,NA,NA,"United Kingdom",NA,NA,NA,NA,NA,NA
"Q131471579","Birmingham Civil Service RFC","rugby union club",NA,NA,NA,NA,NA,NA,"United Kingdom",NA,NA,NA,NA,NA,NA
"Q131515490","North Hykeham RUFC","rugby union club",NA,NA,NA,NA,NA,NA,"United Kingdom",NA,NA,NA,NA,NA,NA
"Q131515571","Brackley Rugby Union Football Club","rugby union club",NA,NA,NA,NA,NA,NA,"United Kingdom",NA,NA,NA,NA,NA,NA
"Q131515886","Broad Plain RFC","rugby union club",NA,NA,NA,NA,NA,NA,"United Kingdom",NA,NA,NA,NA,NA,NA
"Q131584305","Queensferry RFC","rugby union club",NA,NA,NA,NA,NA,NA,"United Kingdom",NA,NA,NA,NA,NA,NA
"Q131584365","Bute RFC","rugby union club",NA,NA,NA,NA,NA,NA,"United Kingdom",NA,NA,NA,NA,NA,NA
"Q131584385","Campbeltown Kintryre","rugby union club",NA,NA,NA,NA,NA,NA,"United Kingdom",NA,NA,NA,NA,NA,NA
"Q131584396","Colonsay RFC","rugby union club",NA,NA,NA,NA,NA,NA,"United Kingdom",NA,NA,NA,NA,NA,NA
"Q131584416","Etive Vikings","rugby union club",NA,NA,NA,NA,NA,NA,"United Kingdom",NA,NA,NA,NA,NA,NA
"Q131584418","HMNB Clyde RFC","rugby union club",NA,NA,NA,NA,NA,NA,"United Kingdom",NA,NA,NA,NA,NA,NA
"Q131584422","Islay RFC","rugby union club",NA,NA,NA,NA,NA,NA,"United Kingdom",NA,NA,NA,NA,NA,NA
"Q131584428","Isle of Arran RFC","rugby union club",NA,NA,NA,NA,NA,NA,"United Kingdom",NA,NA,NA,NA,NA,NA
"Q131584437","Isle of Jura RFC","rugby union club",NA,NA,NA,NA,NA,NA,"United Kingdom",NA,NA,NA,NA,NA,NA
"Q131584444","Isle of Mull RFC","rugby union club",NA,NA,NA,NA,NA,NA,"United Kingdom",NA,NA,NA,NA,NA,NA
"Q131584448","Mid Argyll RFC","rugby union club",NA,NA,NA,NA,NA,NA,"United Kingdom",NA,NA,NA,NA,NA,NA
"Q131584451","Millbrae RFC","rugby union club",NA,NA,NA,NA,NA,NA,"United Kingdom",NA,NA,NA,NA,NA,NA
"Q131591061","Papatoetoe RFC","rugby union club",NA,NA,NA,NA,NA,NA,"New Zealand",NA,NA,NA,NA,NA,NA
"Q131591080","Waiheke RFC","rugby union club",NA,NA,NA,NA,NA,NA,"New Zealand",NA,NA,NA,NA,NA,NA
"Q131591088","Waitakere City RFC","rugby union club",NA,NA,NA,NA,NA,NA,"New Zealand",NA,NA,NA,NA,NA,NA
"Q131591100","Waitemata RFC","rugby union club",NA,NA,NA,NA,NA,NA,"New Zealand",NA,NA,NA,NA,NA,NA
"Q131591109","Puketapapa Roskill RFC","rugby union club",NA,NA,NA,NA,NA,NA,"New Zealand",NA,NA,NA,NA,NA,NA
"Q131607852","University of Newcastle Rugby Union Club","rugby union club",NA,NA,NA,NA,NA,NA,"Australia",NA,NA,NA,NA,NA,NA
"Q131608374","Zimbabwe Goshawks","rugby union team",NA,NA,NA,NA,NA,NA,"Zimbabwe",NA,NA,NA,NA,NA,NA
"Q131611572","Nishi-Nippon City Bank Rugby Club","rugby union club",NA,NA,NA,NA,NA,NA,"Japan",NA,NA,NA,NA,NA,NA
"Q131611580","Nittoku Spark Tech WKS","rugby union club",NA,NA,NA,NA,NA,NA,"Japan",NA,NA,NA,NA,NA,NA
"Q131611600","Kansai Maruwa Logistics Rugby Club","rugby union club",NA,NA,NA,NA,NA,NA,"Japan",NA,NA,NA,NA,NA,NA
"Q131611613","Kinden Rugby Club","rugby union club",NA,NA,NA,NA,NA,NA,"Japan",NA,NA,NA,NA,NA,NA
"Q131611617","JR Central Rugby Club","rugby union club",NA,NA,NA,NA,NA,NA,"Japan",NA,NA,NA,NA,NA,NA
"Q131611624","BTMU Red Bulls","rugby union club",NA,NA,NA,NA,NA,NA,"Japan",NA,NA,NA,NA,NA,NA
"Q131611660","Mitsubishi Motors Kurashiki Kingfishers","rugby union club",NA,NA,NA,NA,NA,NA,"Japan",NA,NA,NA,NA,NA,NA
"Q131626837","Nambour Toads Rugby Union Club","rugby union club","1982-01-01","1982-1-1",NA,NA,NA,NA,"Australia",NA,NA,NA,NA,NA,NA
"Q131626873","USC Rugby Union Club","rugby union club","1997-01-01","1997-1-1",NA,NA,NA,NA,"Australia",NA,NA,NA,NA,NA,NA
"Q131661654","Q131661654","rugby union club",NA,NA,NA,NA,NA,NA,"United Kingdom",NA,NA,NA,NA,NA,NA
"Q131662100","Q131662100","rugby union club",NA,NA,NA,NA,NA,NA,"United Kingdom",NA,NA,NA,NA,NA,NA
"Q131662484","Q131662484","rugby union club",NA,NA,NA,NA,NA,NA,"United Kingdom",NA,NA,NA,NA,NA,NA
"Q131663059","Q131663059","rugby union club",NA,NA,NA,NA,NA,NA,"United Kingdom",NA,NA,NA,NA,NA,NA
"Q131663208","Q131663208","rugby union club",NA,NA,NA,NA,NA,NA,"United Kingdom",NA,NA,NA,NA,NA,NA
"Q131663675","Q131663675","rugby union club",NA,NA,NA,NA,NA,NA,"United Kingdom",NA,NA,NA,NA,NA,NA
"Q131697393","Fakenham Rugby Club","rugby union club",NA,NA,NA,NA,NA,NA,"United Kingdom",NA,NA,NA,NA,NA,NA
"Q1318239","Heriot's Rugby Club","rugby union club","1890-01-01","1890-1-1",NA,NA,NA,NA,"United Kingdom",NA,NA,NA,NA,NA,NA
"Q1319827","US Dax","rugby union club","1903-04-01","1903-4-1",NA,NA,NA,"Union sportive dacquoise omnisports","France","Pro D2","Stade Maurice Boyau; stade Colette-Besson; Stade de Cuyès",NA,"Dax","dax",NA
"Q1333931","Union Sportive Bressane","rugby union club","1902-10-01","1902-10-1",NA,NA,NA,NA,"France",NA,"Stade Marcel-Verchère",NA,"Bourg-en-Bresse","bourg-en-bresse",NA
"Q1360196","Leeds Tykes","rugby union club","1991-01-01","1991-1-1",NA,NA,NA,"Rugby Football Union","United Kingdom","National League 1","Headingley Stadium","21062","Leeds",NA,NA
"Q1361000","Stade Français Rugby","rugby union club","1883-01-01","1883-1-1",NA,NA,NA,"French Rugby Federation","France","Top 14","Stade Jean-Bouin","20000","16th arrondissement of Paris","paris",NA
"Q1368281","Queensland Reds","rugby union franchise","1882-01-01","1882-1-1",NA,NA,NA,NA,"Australia",NA,"Lang Park",NA,"Brisbane",NA,NA
"Q13688250","Samsung Heavy Industries Rugby Club","rugby union team","1995-01-01","1995-1-1",NA,NA,NA,NA,NA,NA,NA,NA,NA,NA,NA
"Q1378158","Bulls","rugby union club","1997-01-01","1997-1-1",NA,NA,NA,NA,"South Africa",NA,"Loftus Versfeld Stadium",NA,"Pretoria",NA,NA
"Q1387142","Football Club Grenoble Rugby","rugby union club","1911-09-01","1911-9-1",NA,NA,"Rouges et bleus","French Rugby Federation","France","Pro D2","Stade des Alpes","20068","Grenoble",NA,NA
"Q1387621","FC Schwalbe Hannover","rugby union club","1899-01-01","1899-1-1",NA,NA,NA,NA,"Germany",NA,NA,NA,"Döhren",NA,NA
"Q1389903","FV 1897 Linden","rugby union club","1897-01-01","1897-1-1",NA,NA,NA,NA,"Germany",NA,NA,NA,NA,NA,NA
"Q1393650","Sharks","rugby union club","1996-01-01","1996-1-1",NA,NA,NA,NA,"South Africa",NA,"Kings Park Stadium",NA,"Durban",NA,NA
"Q1403018","Malta national rugby union team","national rugby union team",NA,NA,NA,NA,NA,NA,"Malta",NA,NA,NA,NA,NA,NA
"Q1407380","US Colomiers","rugby union club","1915-01-01","1915-1-1",NA,NA,NA,NA,"France","Pro D2","Stade Michel Bendichou",NA,"Colomiers",NA,NA
"Q1419899","Russia national rugby union team","national rugby union team","1992-10-11","1992-10-11",NA,NA,"Медведи",NA,"Russia",NA,NA,NA,NA,NA,NA
"Q1420748","Velencei Kék Cápák RK","rugby union team","2004-01-01","2004-1-1",NA,NA,NA,NA,"Hungary",NA,NA,NA,NA,NA,NA
"Q1422627","SU Agen Lot-et-Garonne","rugby union club","1908-01-01","1908-1-1",NA,NA,NA,"French Rugby Federation","France","Top 14","Stade Armandie","14042","Agen",NA,NA
"Q14321529","Hurlingham Club","rugby union club","1888-01-01","1888-1-1",NA,NA,NA,NA,"Argentina",NA,NA,NA,"Hurlingham",NA,NA
"Q1435989","Kyrgyzstan national rugby union team","national rugby union team",NA,NA,NA,NA,NA,NA,"Kyrgyzstan",NA,NA,NA,NA,NA,NA
"Q1449516","Club Newman","rugby union club","1975-12-15","1975-12-15",NA,NA,NA,"Unión de Rugby de Buenos Aires","Argentina","URBA Top 12",NA,NA,"Benavídez",NA,NA
"Q145281","Aironi","defunct rugby union club","2010-01-01","2010-1-1","2012-01-01","2012-1-1",NA,"Italian Rugby Federation","Italy",NA,"Luigi Zaffanella Stadium","6000","Viadana",NA,NA
"Q14645213","NRC The Wasps","rugby union club",NA,NA,NA,NA,NA,NA,"Netherlands",NA,NA,NA,NA,NA,"12hhhqcy8"
"Q1471265","USA Perpignan","rugby union club","1933-05-05","1933-5-5",NA,NA,"Els catalans","French Rugby Federation","France","Top 14","Stade Aimé Giral","16593","Perpignan",NA,NA
"Q14715159","Yale Rugby","rugby union team","1875-01-01","1875-1-1",NA,NA,NA,NA,"United States","Ivy Rugby Conference",NA,NA,NA,NA,NA
"Q1473374","Leinster Rugby","rugby union franchise","1875-01-01","1875-1-1",NA,NA,NA,"Irish Rugby Football Union","Ireland","United Rugby Championship","RDS Arena","18000","Dublin","leinster",NA
"Q1473503","SC Albi","rugby union club","1906-01-01","1906-1-1",NA,NA,NA,NA,"France",NA,"Stadium Municipal d'Albi",NA,"Albi",NA,NA
"Q1475539","Thailand national rugby union team","national rugby union team",NA,NA,NA,NA,NA,NA,"Thailand",NA,NA,NA,NA,NA,NA
"Q1476647","Wellington Rugby Football Union","rugby union team","1879-01-01","1879-1-1",NA,NA,"the Lions","New Zealand Rugby","New Zealand","ITM Cup","Wellington Regional Stadium","34500","Wellington",NA,NA
"Q14853450","NSRV Obelix","rugby union club",NA,NA,NA,NA,NA,NA,"Netherlands",NA,NA,NA,NA,NA,NA
"Q1490464","Maori All Blacks team","rugby union team","1888-01-01","1888-1-1",NA,NA,NA,NA,"New Zealand",NA,NA,NA,NA,NA,NA
"Q15036596","Nakuru Athletic Club","rugby union club",NA,NA,NA,NA,NA,NA,"Kenya",NA,NA,NA,NA,NA,NA
"Q15055309","Section Paloise","rugby union club","1902-01-01","1902-1-1",NA,NA,NA,"French Rugby Federation","France","Top 14","Stade du Hameau","14999","Pau",NA,NA
"Q15055320","Rugby Ottignies Club","rugby union team","1977-03-01","1977-3-1",NA,NA,NA,NA,"Belgium",NA,NA,NA,NA,NA,NA
"Q15141543","Rugby Leonessa 1928","defunct rugby union club","2002-01-01","2002-1-1","2008-01-01","2008-1-1",NA,"Italian Rugby Federation","Italy",NA,NA,NA,NA,NA,NA
"Q15143452","Club de Rugby Sant Cugat","rugby union club","1987-01-01","1987-1-1",NA,NA,NA,NA,"Spain",NA,NA,NA,"Sant Cugat del Vallès",NA,NA
"Q1517603","Llanelli RFC","rugby union team","1872-01-01","1872-1-1",NA,NA,NA,NA,"United Kingdom",NA,"Parc y Scarlets",NA,NA,NA,NA
"Q1518257","Ospreys","rugby union club","2003-01-01","2003-1-1",NA,NA,NA,NA,"United Kingdom","United Rugby Championship","Liberty Stadium",NA,NA,"ospreys",NA
"Q1521117","Selkirk RFC","rugby union club","1907-01-01","1907-1-1",NA,NA,NA,NA,"United Kingdom","Scottish Premiership Division Two",NA,NA,NA,NA,NA
"Q1521264","Newport RFC","rugby union team","1874-01-01","1874-1-1",NA,NA,NA,NA,"United Kingdom",NA,"Rodney Parade",NA,NA,NA,NA
"Q1521270","Neath RFC","rugby union club","1871-01-01","1871-1-1",NA,NA,NA,NA,"United Kingdom",NA,"The Gnoll",NA,NA,NA,NA
"Q15223071","Harpenden RFC","rugby union team","1919-01-01","1919-1-1",NA,NA,NA,NA,"United Kingdom",NA,NA,NA,NA,NA,NA
"Q15248449","Marlow Rugby Union Football Club","rugby union team","1947-01-01","1947-1-1",NA,NA,NA,NA,"United Kingdom",NA,NA,NA,NA,NA,NA
"Q1529911","Luxembourg national rugby union team","national rugby union team",NA,NA,NA,NA,NA,NA,"Luxembourg",NA,"Stade Josy Barthel; Stade Boy Konen",NA,NA,NA,NA
"Q1534021","Golden Lions","rugby union club","1889-01-01","1889-1-1",NA,NA,"Rooibontes","South African Rugby Union","South Africa","Currie Cup","Ellis Park Stadium","62567","Johannesburg",NA,NA
"Q15364456","RK Čelik","rugby union team","1972-01-01","1972-1-1",NA,NA,NA,NA,"Bosnia and Herzegovina",NA,NA,NA,NA,NA,NA
"Q15408625","Regbio klubas Lūšis","rugby union team",NA,NA,NA,NA,NA,NA,"Lithuania",NA,NA,NA,NA,NA,NA
"Q1543491","VVA-Podmoskovye Monino","rugby union club","1967-01-01","1967-1-1",NA,NA,NA,NA,"Russia",NA,NA,NA,NA,NA,NA
"Q1544234","Uzbekistan national rugby union team","national rugby union team",NA,NA,NA,NA,NA,NA,"Uzbekistan",NA,NA,NA,NA,NA,NA
"Q1544873","Zimbabwe national rugby union team","national rugby union team","1910-07-30","1910-7-30",NA,NA,"Sables",NA,"Zimbabwe",NA,NA,NA,NA,NA,NA
"Q1548720","Ulster Rugby","rugby union club","1879-01-01","1879-1-1",NA,NA,NA,"Irish Rugby Football Union","United Kingdom","United Rugby Championship","Ravenhill Stadium","18000","Belfast",NA,NA
"Q15531118","Stahl Brandenburg Rugby","rugby union club","1990-01-01","1990-1-1",NA,NA,NA,NA,"German Democratic Republic",NA,NA,NA,"Brandenburg an der Havel",NA,NA
"Q15615907","RK Vitez","rugby union team",NA,NA,NA,NA,NA,NA,"Croatia",NA,NA,NA,NA,NA,NA
"Q15622257","Lusitanos XV","rugby union team","2013-09-02","2013-9-2",NA,NA,NA,NA,"Portugal",NA,NA,NA,NA,NA,NA
"Q15713287","RC Locomotive Tbilisi","rugby union team",NA,NA,NA,NA,NA,NA,"Georgia",NA,NA,NA,"Tbilisi",NA,NA
"Q15714694","Bigornia Club","rugby union club","1971-05-24","1971-5-24",NA,NA,NA,NA,"Argentina",NA,NA,NA,"Rawson",NA,"1z0spm8dy"
"Q15728793","Guasca Rugby Clube","rugby union team",NA,NA,NA,NA,NA,NA,"Brazil",NA,NA,NA,NA,NA,NA
"Q15781824","Afghanistan national rugby union team","national rugby union team",NA,NA,NA,NA,NA,NA,"Afghanistan",NA,NA,NA,NA,NA,"12z84pxxk"
"Q1591699","Hawke’s Bay RU","rugby union team","1884-01-01","1884-1-1",NA,NA,NA,NA,"New Zealand",NA,NA,NA,"Napier",NA,NA
"Q15993791","Patoruzú Rugby Club","rugby union club","1972-03-16","1972-3-16",NA,NA,NA,NA,"Argentina",NA,NA,NA,NA,NA,"1pznmk_n9"
"Q1606325","Soviet Union national rugby union team","national rugby union team","1974-08-05","1974-8-5",NA,NA,NA,NA,"Soviet Union",NA,NA,NA,NA,NA,NA
"Q16068853","RC Den Helder","rugby union club","1975-11-28","1975-11-28",NA,NA,NA,NA,"Netherlands",NA,NA,NA,"Den Helder",NA,"1pwgtcccz"
"Q1608682","Monaco national rugby union team","national rugby union team","1996-01-01","1996-1-1",NA,NA,NA,NA,"Monaco",NA,NA,NA,NA,NA,NA
"Q16113601","RK Lokomotiva","rugby union team","1968-09-18","1968-9-18",NA,NA,NA,"Croatian Rugby Federation","Croatia",NA,NA,NA,NA,NA,"1215pmcq"
"Q16115123","Ragbi klub Makarska Rivijera","rugby union team","1968-01-01","1968-1-1",NA,NA,NA,"Croatian Rugby Federation","Croatia","Q12640601",NA,NA,"Makarska",NA,"121p6rj7"
"Q16150147","Old Alleynian Football Club","rugby union team","1898-01-01","1898-1-1",NA,NA,NA,NA,"United Kingdom",NA,NA,NA,NA,NA,NA
"Q16156035","Alessandria Rugby","rugby union team",NA,NA,NA,NA,NA,"Italian Rugby Federation","Italy",NA,NA,NA,NA,NA,"1yjg7xg0g"
"Q16165297","Baton Rouge Rugby Football Club","rugby union team","1977-01-01","1977-1-1",NA,NA,NA,NA,"United States",NA,NA,NA,NA,NA,NA
"Q1620798","Trinidad and Tobago national rugby union team","national rugby union team",NA,NA,NA,NA,NA,NA,"Trinidad and Tobago",NA,NA,NA,NA,NA,NA
"Q1621334","Bermuda national rugby union team","national rugby union team","1975-01-01","1975-1-1",NA,NA,NA,NA,"United Kingdom",NA,NA,NA,NA,NA,NA
"Q1621341","Bahamas national rugby union team","national rugby union team",NA,NA,NA,NA,NA,NA,"The Bahamas",NA,NA,NA,NA,NA,NA
"Q1621555","Cayman Islands national rugby union team","national rugby union team",NA,NA,NA,NA,NA,NA,"Cayman Islands",NA,NA,NA,NA,NA,NA
"Q1621574","Costa Rica national rugby union team","national rugby union team",NA,NA,NA,NA,NA,NA,"Costa Rica",NA,NA,NA,NA,NA,NA
"Q1621823","Estonia national rugby union team","national rugby union team",NA,NA,NA,NA,NA,NA,"Estonia",NA,NA,NA,NA,NA,NA
"Q1622110","RC Rottweil","rugby union team","1970-01-01","1970-1-1",NA,NA,NA,NA,"Germany",NA,NA,NA,"Rottweil",NA,NA
"Q1622363","San Marino national rugby union team","national rugby union team",NA,NA,NA,NA,NA,NA,"San Marino",NA,NA,NA,NA,NA,NA
"Q1622658","Mauritius national rugby union team","national rugby union team",NA,NA,NA,NA,NA,NA,"Mauritius",NA,NA,NA,NA,NA,NA
"Q1622752","German Democratic Republic national rugby union team","national rugby union team","1951-10-21","1951-10-21","1990-09-15","1990-9-15",NA,NA,"German Democratic Republic",NA,NA,NA,NA,NA,NA
"Q16237227","Combined New South Wales–Queensland Country","rugby union team",NA,NA,NA,NA,NA,NA,NA,NA,NA,NA,NA,NA,NA
"Q16238092","New York Athletic Club RFC","rugby union team","1973-01-01","1973-1-1",NA,NA,NA,NA,"United States",NA,NA,NA,NA,NA,NA
"Q16240983","Bracknell RFC","rugby union team","1955-01-01","1955-1-1",NA,NA,NA,NA,"United Kingdom",NA,NA,NA,NA,NA,NA
"Q16242778","Alnwick RFC","rugby union team","1960-01-01","1960-1-1",NA,NA,NA,NA,"United Kingdom",NA,NA,NA,NA,NA,NA
"Q16246717","Gentlemen of Aspen RFC","rugby union team","1977-01-01","1977-1-1",NA,NA,NA,NA,"United States",NA,NA,NA,NA,NA,NA
"Q16247459","Hora Hora RFC","rugby union team",NA,NA,NA,NA,NA,NA,"New Zealand",NA,NA,NA,NA,NA,NA
"Q16248923","Diablo Gaels RFC","rugby union team","1971-01-01","1971-1-1",NA,NA,NA,NA,"United States",NA,NA,NA,NA,NA,NA
"Q16250973","Yugoslavia national rugby union U19 team","national rugby union team",NA,NA,NA,NA,NA,NA,"Socialist Federal Republic of Yugoslavia",NA,NA,NA,NA,NA,NA
"Q16252135","Heriots Cricket Club","rugby union team",NA,NA,NA,NA,NA,NA,NA,NA,NA,NA,NA,NA,NA
"Q16253642","London French RFC","rugby union team","1959-01-01","1959-1-1",NA,NA,NA,NA,"United Kingdom",NA,NA,NA,NA,NA,NA
"Q16257741","Kisumu RFC","rugby union team",NA,NA,NA,NA,NA,NA,"Kenya","Nationwide League",NA,NA,"Kisumu",NA,NA
"Q16266475","Rugby Club Leuven","rugby union team","1983-01-01","1983-1-1",NA,NA,NA,NA,"Belgium",NA,NA,NA,NA,NA,NA
"Q1628212","Cahors Rugby","rugby union team","1908-01-01","1908-1-1",NA,NA,NA,NA,"France",NA,NA,NA,"Cahors",NA,NA
"Q16320","Club Atlético Peñarol","rugby union club","1891-09-28","1891-9-28",NA,NA,"Aurinegros",NA,"Uruguay",NA,"Estadio Campeón del Siglo",NA,"Montevideo",NA,NA
"Q163288","1. Oberösterreichischer Rugby Sport Club","rugby union club","2000-01-01","2000-1-1",NA,NA,NA,NA,"Austria",NA,NA,NA,NA,NA,NA
"Q1632899","Barbados national rugby union team","national rugby union team",NA,NA,NA,NA,NA,NA,"Barbados",NA,NA,NA,NA,NA,NA
"Q1634037","El Salvador national rugby union team","national rugby union team",NA,NA,NA,NA,NA,NA,"El Salvador",NA,NA,NA,NA,NA,NA
"Q1634636","Qatar national rugby union team","national rugby union team",NA,NA,NA,NA,NA,NA,"Qatar",NA,NA,NA,NA,NA,NA
"Q1634654","Catalonia national rugby union team","national rugby union team","1934-04-14","1934-4-14",NA,NA,"El XV de la ginesta",NA,"Spain",NA,"Camp Municipal de Rugby La Foixarda","800",NA,NA,NA
"Q1634699","Jordan national rugby union team","national rugby union team",NA,NA,NA,NA,NA,NA,"Jordan",NA,NA,NA,NA,NA,NA
"Q1634826","Turkey national rugby union team","national rugby union team",NA,NA,NA,NA,NA,NA,"Turkey",NA,NA,NA,NA,NA,NA
"Q16354761","Griffins RFC","rugby union team","2011-01-01","2011-1-1",NA,NA,NA,NA,NA,NA,NA,NA,NA,NA,NA
"Q1638171","USA Limoges","rugby union team","1902-01-01","1902-1-1",NA,NA,NA,NA,"France",NA,"Q3496152",NA,"Limoges",NA,NA
"Q16382410","Rugby olympique agathois","rugby union club","1969-01-01","1969-1-1",NA,NA,NA,NA,"France",NA,NA,NA,"Agde",NA,"12tb8681l"
"Q1645702","Club Universitario de Buenos Aires","rugby union club","1918-01-01","1918-1-1",NA,NA,NA,"Unión de Rugby de Buenos Aires","Argentina","URBA Top 12",NA,NA,"Buenos Aires",NA,NA
"Q16540514","Club athlétique Lormont Hauts de Garonne","rugby union team","1995-01-01","1995-1-1",NA,NA,NA,NA,"France",NA,NA,NA,"Lormont",NA,"12mkyv5t_"
"Q165586","Nottingham R.F.C.","rugby union club","1871-01-01","1871-1-1",NA,NA,NA,NA,"United Kingdom","RFU Championship","Meadow Lane",NA,NA,NA,NA
"Q16599080","Rugby Jesi 70","rugby union team",NA,NA,NA,NA,NA,"Italian Rugby Federation","Italy",NA,NA,NA,NA,NA,"12b02tqh0"
"Q16599138","Marabunta Rugby Club","rugby union club","1970-10-03","1970-10-3",NA,NA,NA,NA,"Argentina",NA,NA,NA,NA,NA,"12nvpb71_"
"Q16611237","Neuquén Rugby Club","rugby union club","1976-07-23","1976-7-23",NA,NA,NA,NA,"Argentina",NA,NA,NA,NA,NA,"12nvpf4pc"
"Q1661537","India national rugby union team","national rugby union team","1998-10-26","1998-10-26",NA,NA,NA,NA,"India",NA,NA,NA,NA,NA,NA
"Q16619242","Umbria Rugby Ragazze","rugby union team","2010-01-01","2010-1-1",NA,NA,NA,"Italian Rugby Federation","Italy",NA,NA,NA,"Perugia",NA,"1ydxpyq1b"
"Q16653216","Las Águilas Rugby Club","rugby union club","1961-01-01","1961-1-1",NA,NA,NA,NA,"Argentina",NA,NA,NA,NA,NA,"125_c3bqs"
"Q16656682","RC Kredo-63","rugby union club","1963-01-01","1963-1-1",NA,NA,NA,NA,"Ukraine",NA,NA,NA,NA,NA,NA
"Q16672727","ROC La Voulte-Valence","rugby union team","2010-01-01","2010-1-1","2016-06-30","2016-6-30",NA,NA,"France",NA,"Stade Georges Pompidou",NA,"Valence",NA,"12dpx18wd"
"Q16677846","Stade union cavaillonnais","rugby union club","1903-10-15","1903-10-15",NA,NA,NA,NA,"France",NA,NA,NA,"Cavaillon",NA,"12dpwrj6g"
"Q16705877","RC TEX-A-C","rugby union club","2002-01-01","2002-1-1",NA,NA,NA,NA,"Ukraine",NA,NA,NA,NA,NA,NA
"Q16722629","Yuzhnoe Tushino Rugby Club","rugby union club","1994-01-01","1994-1-1",NA,NA,NA,NA,"Russia",NA,NA,NA,NA,NA,"1yg58jshg"
"Q16736340","Brussels Celtic RFC","rugby union team","1998-01-01","1998-1-1",NA,NA,NA,NA,"Belgium",NA,NA,NA,NA,NA,NA
"Q16739921","Judgement Day","rugby union team","2003-01-01","2003-1-1",NA,NA,NA,NA,"Italy",NA,NA,NA,NA,NA,NA
"Q16740012","RC Hamme","rugby union team",NA,NA,NA,NA,NA,NA,"Belgium",NA,NA,NA,NA,NA,NA
"Q1675853","Ivory Coast national rugby union team","national rugby union team","1976-01-01","1976-1-1",NA,NA,"Éléphants",NA,"Ivory Coast",NA,NA,NA,NA,NA,NA
"Q16765172","Alba Rumburk","rugby union team",NA,NA,NA,NA,NA,NA,"Czech Republic",NA,NA,NA,"Rumburk",NA,"11b5m9pxlx"
"Q16775688","RK Fēnikss","rugby union team","2005-01-01","2005-1-1",NA,NA,NA,NA,"Latvia",NA,NA,NA,NA,NA,NA
"Q16799061","La Esperanza Rugby Club","rugby union team",NA,NA,NA,NA,NA,NA,"Honduras",NA,NA,NA,NA,NA,NA
"Q16822225","Regbio klubas Ąžuolas","rugby union team",NA,NA,NA,NA,NA,NA,"Lithuania",NA,NA,NA,NA,NA,NA
"Q16823090","Bermuda Police RFC","rugby union team","1959-01-01","1959-1-1",NA,NA,NA,NA,NA,NA,NA,NA,NA,NA,NA
"Q16824372","Abbotsford RFC","rugby union team",NA,NA,NA,NA,NA,NA,"Canada",NA,NA,NA,NA,NA,NA
"Q16833946","RFC Arsenal Tivat","rugby union team",NA,NA,NA,NA,NA,NA,NA,NA,NA,NA,NA,NA,NA
"Q16835616","Australian Maritime College Rugby Union Club","rugby union team","2012-01-01","2012-1-1",NA,NA,NA,NA,"Australia",NA,NA,NA,NA,NA,NA
"Q16838996","Gibraltar national rugby union team","national rugby union team",NA,NA,NA,NA,NA,NA,NA,NA,NA,NA,NA,NA,NA
"Q16839341","Bayside Sharks","rugby union team",NA,NA,NA,NA,NA,NA,"Canada",NA,NA,NA,NA,NA,NA
"Q16839918","Belas Rugby Clube","rugby union team",NA,NA,NA,NA,NA,NA,"Portugal",NA,NA,NA,NA,NA,NA
"Q16842085","Hartpury University RFC","rugby union club","2004-01-01","2004-1-1",NA,NA,NA,NA,"United Kingdom","RFU Championship","ALPAS Arena",NA,"Hartpury",NA,NA
"Q16848650","Ragbi klub Budućnost","rugby union team",NA,NA,NA,NA,NA,NA,"Montenegro",NA,NA,NA,NA,NA,NA
"Q16849635","Bury St Edmunds RUFC","rugby union team","1925-01-01","1925-1-1",NA,NA,NA,NA,"United Kingdom",NA,NA,NA,NA,NA,NA
"Q16910122","Mutare Sports Club","rugby union club",NA,NA,NA,NA,NA,NA,NA,NA,NA,NA,NA,NA,NA
"Q16910294","Santa Rosa Rugby Club","rugby union club","1971-01-01","1971-1-1",NA,NA,NA,NA,"United States",NA,NA,NA,NA,NA,NA
"Q16912004","New South Wales Country Eagles","rugby union team","2014-01-01","2014-1-1",NA,NA,NA,NA,"Australia",NA,NA,NA,NA,NA,NA
"Q16913248","Berisso Rugby Club","rugby union club",NA,NA,NA,NA,NA,NA,"Argentina",NA,NA,NA,NA,NA,"1q5gqx6cq"
"Q16916170","OYUS Rugby","rugby union team",NA,NA,NA,NA,NA,NA,"Finland",NA,NA,NA,NA,NA,NA
"Q16917832","Karjalan Rugby Joensuu","rugby union team",NA,NA,NA,NA,NA,NA,NA,NA,NA,NA,NA,NA,NA
"Q16917924","RK Baldone","rugby union team",NA,NA,NA,NA,NA,NA,"Latvia",NA,NA,NA,NA,NA,NA
"Q16919837","Antwerp RC","rugby union team","1998-01-01","1998-1-1",NA,NA,NA,NA,"Belgium",NA,NA,NA,"Antwerp",NA,NA
"Q16920257","Romania national under-20 rugby union team","rugby union team",NA,NA,NA,NA,NA,NA,"Romania",NA,NA,NA,NA,NA,NA
"Q16920325","VRK Tigrarna","rugby union team",NA,NA,NA,NA,NA,NA,"Sweden",NA,NA,NA,NA,NA,NA
"Q16920416","Ragbi klub Krstaši","rugby union team",NA,NA,NA,NA,NA,NA,NA,NA,NA,NA,NA,NA,NA
"Q16920545","Tešanj RK","rugby union team",NA,NA,NA,NA,NA,NA,"Bosnia and Herzegovina",NA,NA,NA,NA,NA,NA
"Q16920702","Rugby Clube de Elvas","rugby union team",NA,NA,NA,NA,NA,NA,"Portugal",NA,NA,NA,NA,NA,NA
"Q16929856","Rugby Vila da Moita","rugby union team",NA,NA,NA,NA,NA,NA,"Portugal",NA,NA,NA,NA,NA,NA
"Q16930593","IP Tomar Rugby","rugby union team",NA,NA,NA,NA,NA,NA,"Portugal",NA,NA,NA,NA,NA,NA
"Q16931617","RC Kochebi Bolnisi","rugby union team",NA,NA,NA,NA,NA,NA,"Georgia",NA,NA,NA,"Bolnisi",NA,NA
"Q16932226","Laugharne RFC","rugby union team","1893-01-01","1893-1-1",NA,NA,NA,NA,"United Kingdom",NA,NA,NA,NA,NA,NA
"Q16932231","Peebles RFC","rugby union team",NA,NA,NA,NA,NA,NA,"United Kingdom",NA,NA,NA,NA,NA,NA
"Q16932544","Les Quennevais Rugby Club, Jersey","rugby union team","1980-01-01","1980-1-1",NA,NA,NA,NA,NA,NA,NA,NA,NA,NA,NA
"Q16932957","Sale FC Rugby Club","rugby union club","1861-01-01","1861-1-1",NA,NA,NA,NA,"United Kingdom",NA,NA,NA,"Sale",NA,NA
"Q16933108","Grenå RK","rugby union team",NA,NA,NA,NA,NA,NA,"Denmark",NA,NA,NA,NA,NA,NA
"Q16933489","Neyland RFC","rugby union team","1885-01-01","1885-1-1",NA,NA,NA,NA,"United Kingdom",NA,NA,NA,NA,NA,NA
"Q16933916","Tallinna Kalev RFC","rugby union team","2006-01-01","2006-1-1",NA,NA,NA,NA,"Estonia",NA,NA,NA,"Tallinn",NA,NA
"Q16933951","LMT Regbija klubs Eži","rugby union team",NA,NA,NA,NA,NA,NA,"Latvia",NA,NA,NA,NA,NA,NA
"Q16934210","Shawlands FP RFC","rugby union team",NA,NA,NA,NA,NA,NA,"United Kingdom",NA,NA,NA,NA,NA,NA
"Q16935166","Clube de Rugby de Évora","rugby union team","1992-01-01","1992-1-1",NA,NA,NA,NA,"Portugal",NA,NA,NA,NA,NA,NA
"Q16935435","RK Gladijatori Derventa","rugby union team",NA,NA,NA,NA,NA,NA,"Bosnia and Herzegovina",NA,NA,NA,NA,NA,NA
"Q16935504","Whitecraigs RFC","rugby union team",NA,NA,NA,NA,NA,NA,"United Kingdom",NA,NA,NA,NA,NA,NA
"Q16937052","Tecnologia","rugby union team",NA,NA,NA,NA,NA,NA,"Portugal",NA,NA,NA,NA,NA,NA
"Q16937055","Jerusalem Lions RFC","rugby union team",NA,NA,NA,NA,NA,NA,NA,NA,NA,NA,NA,NA,NA
"Q16937062","RFC Märjamaa","rugby union team","2009-01-01","2009-1-1",NA,NA,NA,NA,"Estonia",NA,NA,NA,NA,NA,NA
"Q16938061","Uudeküla Bulldogs RFC","rugby union team","2007-01-01","2007-1-1",NA,NA,NA,NA,"Estonia",NA,NA,NA,NA,NA,NA
"Q16938068","RK Warriors Nemila","rugby union team",NA,NA,NA,NA,NA,NA,"Bosnia and Herzegovina",NA,NA,NA,NA,NA,NA
"Q16938176","SK Kalve","rugby union team",NA,NA,NA,NA,NA,NA,"Latvia",NA,NA,NA,NA,NA,NA
"Q16938409","Tartu Rugby Klubi Lelo","rugby union team","2008-01-01","2008-1-1",NA,NA,NA,NA,"Estonia",NA,NA,NA,NA,NA,NA
"Q16938644","Moita Rugby Clube da Bairrada","rugby union team","1984-01-01","1984-1-1",NA,NA,NA,NA,"Portugal",NA,NA,NA,NA,NA,NA
"Q16938655","LLU Sporta klubs","rugby union team",NA,NA,NA,NA,NA,NA,"Latvia",NA,NA,NA,NA,NA,NA
"Q16938760","RK Rudar","rugby union team","1982-01-01","1982-1-1",NA,NA,NA,NA,"Bosnia and Herzegovina",NA,NA,NA,NA,NA,NA
"Q16938847","Rugby Clube Montemor","rugby union team","1995-07-20","1995-7-20",NA,NA,NA,NA,"Portugal",NA,NA,NA,"Montemor-o-Novo",NA,"11fpp3k0wm"
"Q16939025","RK Herceg","rugby union team",NA,NA,NA,NA,NA,NA,NA,NA,NA,NA,NA,NA,NA
"Q16941413","Ragbi klub Nikšić","rugby union team",NA,NA,NA,NA,NA,NA,NA,NA,NA,NA,NA,NA,NA
"Q16944491","Sandviken RC","rugby union team","1983-01-01","1983-1-1",NA,NA,NA,NA,"Sweden",NA,NA,NA,NA,NA,NA
"Q16947296","Ubuntu Rugby","rugby union team",NA,NA,NA,NA,NA,NA,"Portugal",NA,NA,NA,NA,NA,NA
"Q16947316","Rhinos Rugby Oudenaarde","rugby union team","1999-01-01","1999-1-1",NA,NA,NA,NA,"Belgium",NA,NA,NA,NA,NA,NA
"Q16948326","Rugby da Universidade de Aveiro","rugby union team",NA,NA,NA,NA,NA,NA,"Portugal",NA,NA,NA,NA,NA,NA
"Q16948540","Blindern Rugbyklubb","rugby union team","2010-01-01","2010-1-1",NA,NA,NA,NA,"Norway",NA,NA,NA,NA,NA,NA
"Q16948704","Sporting Clube de Portugal (Rugby)","rugby union team",NA,NA,NA,NA,NA,NA,"Portugal",NA,NA,NA,NA,NA,NA
"Q16951324","Melbourne Rebels","rugby union team","2007-01-01","2007-1-1",NA,NA,NA,NA,"Australia",NA,NA,NA,NA,NA,NA
"Q16951730","Billericay Rugby Football Club","rugby union team","1956-01-01","1956-1-1",NA,NA,NA,NA,"United Kingdom",NA,NA,NA,NA,NA,NA
"Q16954353","Buenos Aires Football Club 1886","rugby union team","1886-01-01","1886-1-1","1951-01-01","1951-1-1",NA,NA,"Argentina",NA,"Buenos Aires Cricket Club Ground",NA,NA,NA,NA
"Q16955769","Capilano RFC","rugby union team",NA,NA,NA,NA,NA,NA,"Canada",NA,NA,NA,NA,NA,NA
"Q16956690","Stockholm Berserkers RFC","rugby union team","2011-01-01","2011-1-1",NA,NA,NA,NA,"Sweden",NA,NA,NA,NA,NA,NA
"Q16957162","Mullingar RFC","rugby union team","1924-01-01","1924-1-1",NA,NA,NA,NA,NA,NA,NA,NA,NA,NA,NA
"Q16957781","Guimarães RUFC","rugby union team","2008-01-01","2008-1-1",NA,NA,NA,NA,"Portugal",NA,NA,NA,NA,NA,NA
"Q16958426","Cinderford RFC","rugby union club","1886-01-01","1886-1-1",NA,NA,NA,NA,"United Kingdom",NA,NA,NA,"Cinderford",NA,NA
"Q16958647","City of Armagh RFC","rugby union team","1875-01-01","1875-1-1",NA,NA,NA,NA,"Ireland","All-Ireland League",NA,NA,NA,NA,NA
"Q16962259","Asociación de Ex-Alumnos del Colegio de La Salle","rugby union club","1969-01-01","1969-1-1",NA,NA,NA,"Unión de Rugby de Buenos Aires","Argentina",NA,NA,NA,"Buenos Aires",NA,NA
"Q16963555","Clube Rugby Famalicão","rugby union team",NA,NA,NA,NA,NA,NA,"Portugal",NA,NA,NA,NA,NA,NA
"Q16963576","Rugby Clube de Loulé","rugby union team",NA,NA,NA,NA,NA,NA,"Portugal",NA,NA,NA,NA,NA,NA
"Q16963582","RK Livonia","rugby union team","2007-01-01","2007-1-1",NA,NA,NA,NA,"Latvia",NA,NA,NA,NA,NA,NA
"Q16965342","RC Lousã","rugby union team",NA,NA,NA,NA,NA,NA,"Portugal",NA,NA,NA,NA,NA,NA
"Q16966045","Clube Rugby São Miguel","rugby union team","1970-01-01","1970-1-1",NA,NA,NA,NA,"Portugal",NA,NA,NA,NA,NA,NA
"Q16969795","Campbelltown Harlequins RFC","rugby union club","1972-01-01","1972-1-1",NA,NA,NA,NA,"Australia",NA,NA,NA,NA,NA,NA
"Q16970383","Hobart Harlequins Rugby Union Club","rugby union team","1933-01-01","1933-1-1",NA,NA,NA,NA,"Australia",NA,NA,NA,NA,NA,NA
"Q16970426","Hunters Hill Rugby Club","rugby union team","1882-01-01","1882-1-1",NA,NA,NA,NA,"Australia",NA,NA,NA,NA,NA,NA
"Q16970895","Merewether Carlton Rugby Club","rugby union team","1930-01-01","1930-1-1",NA,NA,NA,NA,"Australia",NA,NA,NA,NA,NA,NA
"Q16971042","Nedlands Rugby Union Football Club","rugby union team","1934-01-01","1934-1-1",NA,NA,NA,NA,"Australia",NA,NA,NA,NA,NA,NA
"Q16971053","New South Wales Country Cockatoos","rugby union team","1895-01-01","1895-1-1",NA,NA,NA,NA,"Australia",NA,NA,NA,NA,NA,NA
"Q16971387","RC Unterföhring","rugby union team",NA,NA,NA,NA,NA,NA,"Germany",NA,NA,NA,NA,NA,NA
"Q16972752","Woollahra Colleagues RFC","rugby union team","1933-01-01","1933-1-1",NA,NA,NA,NA,"Australia",NA,NA,NA,NA,NA,NA
"Q16973676","Devonport Services R.F.C.","rugby union team","1904-01-01","1904-1-1",NA,NA,NA,NA,"United Kingdom",NA,NA,NA,NA,NA,NA
"Q16975055","Espoo Rugby Club","rugby union team","2013-01-01","2013-1-1",NA,NA,NA,NA,NA,NA,NA,NA,NA,NA,NA
"Q16975875","Regbio klubas Vairas","rugby union team",NA,NA,NA,NA,NA,NA,"Lithuania",NA,NA,NA,NA,NA,NA
"Q16976488","Sligo RFC","rugby union team","1890-01-01","1890-1-1",NA,NA,NA,NA,"Ireland",NA,NA,NA,NA,NA,NA
"Q16977531","Swilers RFC","rugby union team",NA,NA,NA,NA,NA,NA,"Canada",NA,NA,NA,NA,NA,NA
"Q16977684","Kilunda RFC","rugby union team",NA,NA,NA,NA,NA,NA,NA,NA,NA,NA,NA,NA,NA
"Q16980289","BrigandZe Rugby Compagnie","rugby union team","2008-01-01","2008-1-1",NA,NA,NA,NA,"Belgium",NA,NA,NA,NA,NA,NA
"Q16980460","Louisiana State University rugby","rugby union team",NA,NA,NA,NA,NA,NA,"United States",NA,NA,NA,NA,NA,NA
"Q16980465","University of Northern Colorado Rugby Football Club","rugby union team",NA,NA,NA,NA,NA,NA,"United States",NA,NA,NA,NA,NA,NA
"Q16984995","St. Louis Ramblers","rugby union team","1932-01-01","1932-1-1",NA,NA,NA,NA,"United States",NA,NA,NA,NA,NA,NA
"Q16989138","Dartmouth Rugby","rugby union team","1951-01-01","1951-1-1",NA,NA,NA,NA,NA,NA,NA,NA,NA,NA,NA
"Q16989264","East Grinstead Rugby Football Club","rugby union team","1929-01-01","1929-1-1",NA,NA,NA,NA,"United Kingdom",NA,NA,NA,NA,NA,NA
"Q16992168","Finchley RFC","rugby union team","1925-01-01","1925-1-1",NA,NA,NA,NA,"United Kingdom",NA,NA,NA,NA,NA,NA
"Q16992225","Flamingoes F.C.","rugby union team","1866-01-01","1866-1-1",NA,NA,NA,NA,"United Kingdom",NA,NA,NA,NA,NA,NA
"Q16992237","Flintshire Falcons","rugby union team",NA,NA,NA,NA,NA,NA,NA,NA,NA,NA,NA,NA,NA
"Q16992836","Gilfach Goch RFC","rugby union team","1889-01-01","1889-1-1",NA,NA,NA,NA,"United Kingdom",NA,NA,NA,NA,NA,NA
"Q16993693","Harris Academicals RFC","rugby union team",NA,NA,NA,NA,NA,NA,"United Kingdom",NA,NA,NA,NA,NA,NA
"Q16993957","Hereford Rugby Club","rugby union team","1870-01-01","1870-1-1",NA,NA,NA,NA,"United Kingdom",NA,NA,NA,NA,NA,NA
"Q169941","Cardiff Rugby","rugby union club","2003-01-01","2003-1-1",NA,NA,NA,"Welsh Rugby Union","United Kingdom","United Rugby Championship","Cardiff Arms Park","12125","Cardiff",NA,NA
"Q16994142","Holbeck Rugby Club","rugby union team",NA,NA,"1904-01-01","1904-1-1",NA,NA,"United Kingdom",NA,"Holbeck Recreation ground; Elland Road",NA,NA,NA,NA
"Q16994364","Hove Rugby Football Club","rugby union team",NA,NA,NA,NA,NA,NA,"United Kingdom",NA,NA,NA,NA,NA,NA
"Q16994425","Hull RUFC","rugby union team","1992-01-01","1992-1-1",NA,NA,NA,NA,"United Kingdom",NA,NA,NA,NA,NA,NA
"Q16996774","Llanharan RFC","rugby union team","1891-01-01","1891-1-1",NA,NA,NA,NA,"United Kingdom",NA,NA,NA,NA,NA,NA
"Q16996776","Llantwit Major RFC","rugby union team","1889-01-01","1889-1-1",NA,NA,NA,NA,"United Kingdom",NA,NA,NA,NA,NA,NA
"Q16996879","London Irish Amateur","rugby union team","1999-01-01","1999-1-1",NA,NA,NA,NA,"United Kingdom",NA,NA,NA,NA,NA,NA
"Q16997117","Luton Rugby Club","rugby union team","1930-01-01","1930-1-1",NA,NA,NA,NA,"United Kingdom",NA,NA,NA,NA,NA,NA
"Q16997369","Market Bosworth RFC","rugby union team","1965-01-01","1965-1-1",NA,NA,NA,NA,"United Kingdom",NA,NA,NA,NA,NA,NA
"Q16998881","Newlyn RFC","rugby union team","1894-01-01","1894-1-1",NA,NA,NA,NA,"United Kingdom",NA,NA,NA,NA,NA,NA
"Q16998904","Newport Saracens RFC","rugby union team",NA,NA,NA,NA,NA,NA,"United Kingdom",NA,NA,NA,NA,NA,NA
"Q16998949","Newtown RFC","rugby union team","1925-01-01","1925-1-1",NA,NA,NA,NA,"United Kingdom",NA,NA,NA,NA,NA,NA
"Q16999348","Yizre'el RC","rugby union team",NA,NA,NA,NA,NA,NA,NA,NA,NA,NA,NA,NA,NA
"Q17000271","Manukau Rovers RFC","rugby union team",NA,NA,NA,NA,NA,NA,"New Zealand",NA,NA,NA,NA,NA,NA
"Q17004850","RC Army Tbilisi","rugby union team",NA,NA,NA,NA,NA,NA,"Georgia",NA,NA,NA,NA,NA,NA
"Q17013357","Meraloma Rugby","rugby union team","1923-01-01","1923-1-1",NA,NA,NA,NA,"Canada",NA,NA,NA,"Vancouver",NA,NA
"Q17013952","Thurrock T-Birds","rugby union team",NA,NA,NA,NA,NA,NA,"United Kingdom",NA,NA,NA,NA,NA,NA
"Q17015680","Nottinghamians","rugby union team","1971-01-01","1971-1-1",NA,NA,NA,NA,"United Kingdom",NA,NA,NA,NA,NA,NA
"Q17015687","Wasps Ladies","rugby union team","1984-01-01","1984-1-1",NA,NA,NA,NA,"United Kingdom","Premier 15s",NA,NA,"London",NA,NA
"Q17015723","Kenfig Hill RFC","rugby union team",NA,NA,NA,NA,NA,NA,"United Kingdom",NA,NA,NA,NA,NA,NA
"Q17015840","Old Centralians","rugby union team","1982-01-01","1982-1-1",NA,NA,NA,NA,"United Kingdom",NA,NA,NA,NA,NA,NA
"Q17015857","Old Colfeians","rugby union team","1928-01-01","1928-1-1",NA,NA,NA,NA,"United Kingdom",NA,NA,NA,NA,NA,NA
"Q17016156","Paignton Rugby Football Club","rugby union team","1873-01-01","1873-1-1",NA,NA,NA,NA,"United Kingdom",NA,NA,NA,NA,NA,NA
"Q17016373","Percy Park RFC","rugby union team","1872-01-01","1872-1-1",NA,NA,NA,NA,"United Kingdom",NA,NA,NA,NA,NA,NA
"Q17017546","Ruthin RFC","rugby union team",NA,NA,NA,NA,NA,NA,"United Kingdom",NA,NA,NA,NA,NA,NA
"Q17017658","Old Halesonians RFC","rugby union team","1930-01-01","1930-1-1",NA,NA,NA,NA,"United Kingdom",NA,NA,NA,NA,NA,NA
"Q17018936","Miami Rugby Club","rugby union team","1969-01-01","1969-1-1",NA,NA,NA,NA,"United States",NA,NA,NA,NA,NA,NA
"Q17020391","Thomas Cook's Rugby Club","rugby union team","1910-01-01","1910-1-1",NA,NA,NA,NA,"United Kingdom",NA,NA,NA,NA,NA,NA
"Q17020411","Thornes Football Club","rugby union club",NA,NA,NA,NA,NA,NA,"United Kingdom",NA,NA,NA,NA,NA,NA
"Q17020452","Tiverton Rugby Club","rugby union team","1868-01-01","1868-1-1",NA,NA,NA,NA,"United Kingdom",NA,NA,NA,NA,NA,NA
"Q17020492","Sandal RUFC","rugby union team","1927-01-01","1927-1-1",NA,NA,NA,NA,"United Kingdom",NA,NA,NA,NA,NA,NA
"Q17020879","Treherbert RFC","rugby union team","1879-01-01","1879-1-1",NA,NA,NA,NA,"United Kingdom",NA,NA,NA,NA,NA,NA
"Q17020913","Trimsaran RFC","rugby union team",NA,NA,NA,NA,NA,NA,"United Kingdom",NA,NA,NA,NA,NA,NA
"Q17021051","Uddingston RFC","rugby union team",NA,NA,NA,NA,NA,NA,"United Kingdom",NA,NA,NA,NA,NA,NA
"Q17021382","New London County RFC","rugby union team","2003-01-01","2003-1-1",NA,NA,NA,NA,"United States",NA,NA,NA,NA,NA,NA
"Q17021567","Warwickian Rugby Union Football Club","rugby union team",NA,NA,NA,NA,NA,NA,"United Kingdom",NA,NA,NA,NA,NA,NA
"Q17021642","New York Rugby Club","rugby union club","1929-01-01","1929-1-1",NA,NA,NA,NA,"United States",NA,NA,NA,NA,NA,NA
"Q17022509","Worcester Wanderers","rugby union team","1871-01-01","1871-1-1",NA,NA,NA,NA,"United Kingdom",NA,NA,NA,NA,NA,NA
"Q17029424","Valley RFC","rugby union team",NA,NA,NA,NA,NA,NA,NA,NA,NA,NA,NA,NA,NA
"Q17039144","UBC Old Boys Ravens","rugby union team",NA,NA,NA,NA,NA,NA,"Canada",NA,NA,NA,NA,NA,NA
"Q17041092","Seattle Saracens","rugby union team","2007-01-01","2007-1-1",NA,NA,NA,NA,"United States",NA,NA,NA,NA,NA,NA
"Q17043016","Velox Valhallians","rugby union team","1968-01-01","1968-1-1",NA,NA,NA,NA,"Canada",NA,NA,NA,NA,NA,NA
"Q17045873","Paremata-Plimmerton RFC","rugby union club",NA,NA,NA,NA,NA,NA,"New Zealand",NA,NA,NA,NA,NA,NA
"Q17048436","AA UTAD Rugby","rugby union team","1984-01-01","1984-1-1",NA,NA,NA,NA,"Portugal",NA,NA,NA,NA,NA,NA
"Q17054465","Hamilton RFC, Sea Point","rugby union team","1875-01-01","1875-1-1",NA,NA,NA,NA,"South Africa",NA,NA,NA,NA,NA,NA
"Q17055384","New Zealand national schoolboy rugby union team","national rugby union team",NA,NA,NA,NA,NA,NA,"New Zealand",NA,NA,NA,NA,NA,NA
"Q17056542","CS Universitatea Cluj-Napoca","rugby union club","1919-01-01","1919-1-1",NA,NA,NA,NA,"Romania",NA,NA,NA,"Cluj-Napoca",NA,NA
"Q17062341","Morrinsville Sports","rugby union team",NA,NA,NA,NA,NA,NA,"New Zealand",NA,NA,NA,NA,NA,NA
"Q17066129","Pittsburgh Harlequins","rugby union team","1973-01-01","1973-1-1",NA,NA,NA,NA,"United States",NA,NA,NA,NA,NA,NA
"Q1706623","RC Tigers","rugby union club",NA,NA,NA,NA,NA,NA,"Austria",NA,NA,NA,NA,NA,"113qbn6ct"
"Q17071512","Worcester Valkyries","rugby union team","1993-01-01","1993-1-1",NA,NA,NA,NA,"United Kingdom","Premier 15s",NA,NA,"Worcester",NA,NA
"Q17072098","RC Lelo Tbilisi","rugby union club","1969-01-01","1969-1-1",NA,NA,NA,NA,"Georgia",NA,NA,NA,"Tbilisi",NA,NA
"Q17073181","Huirapuca Social Club","rugby union club","1944-01-01","1944-1-1",NA,NA,NA,"Unión de Rugby de Tucumán","Argentina",NA,NA,NA,"Concepción",NA,NA
"Q17074174","James Bay Athletic Association","rugby union team",NA,NA,NA,NA,NA,NA,"Canada",NA,NA,NA,NA,NA,NA
"Q17075411","Lanús Rugby Club","rugby union club","1980-10-01","1980-10-1",NA,NA,NA,NA,"Argentina",NA,NA,NA,"Remedios de Escalada",NA,NA
"Q17086722","Tullamore RFC","rugby union team","1937-01-01","1937-1-1",NA,NA,NA,NA,"Ireland",NA,NA,NA,NA,NA,NA
"Q17087005","South Africa President's XV","national rugby union team",NA,NA,NA,NA,NA,NA,"South Africa",NA,NA,NA,NA,NA,NA
"Q17100441","RC Murphy's Lommel","rugby union team","2006-01-01","2006-1-1",NA,NA,NA,NA,"Belgium",NA,NA,NA,NA,NA,NA
"Q17100540","Mechelen RFC","rugby union team",NA,NA,NA,NA,NA,NA,"Belgium",NA,NA,NA,NA,NA,NA
"Q17101442","RU Hohen Neuendorf","rugby union team","1997-01-01","1997-1-1",NA,NA,NA,NA,NA,NA,NA,NA,NA,NA,NA
"Q17101445","RFC Liégeois Rugby","rugby union team","1958-01-01","1958-1-1",NA,NA,NA,NA,"Belgium",NA,NA,NA,NA,NA,NA
"Q17101516","Rugbyclub Diabolos","rugby union club",NA,NA,NA,NA,NA,NA,"Belgium",NA,NA,NA,NA,NA,NA
"Q17102980","Lousada Rugby Clube","rugby union team",NA,NA,NA,NA,NA,NA,"Portugal",NA,NA,NA,NA,NA,NA
"Q17103394","Malmö Devilants","rugby union team",NA,NA,NA,NA,NA,NA,"Sweden",NA,NA,NA,NA,NA,NA
"Q17103706","Letterkenny RFC","rugby union team",NA,NA,NA,NA,NA,NA,"Ireland",NA,NA,NA,NA,NA,NA
"Q17104115","Newbridge RFC","rugby union team","1996-01-01","1996-1-1",NA,NA,NA,NA,"Ireland",NA,NA,NA,NA,NA,NA
"Q17110630","Namibia national under-20 rugby union team","rugby union team",NA,NA,NA,NA,NA,NA,"Namibia",NA,NA,NA,NA,NA,NA
"Q17110662","Nakuru RFC","rugby union team",NA,NA,NA,NA,NA,NA,NA,NA,NA,NA,NA,NA,NA
"Q17111500","Hong Kong national under-20 rugby union team","rugby union team",NA,NA,NA,NA,NA,NA,"Hong Kong",NA,NA,NA,NA,NA,NA
"Q17147441","The Rock","rugby union team",NA,NA,NA,NA,NA,NA,"Canada",NA,NA,NA,NA,NA,NA
"Q17153081","Emerging Ireland","national rugby union team","2013-01-01","2013-1-1",NA,NA,NA,NA,"Ireland",NA,NA,NA,NA,NA,NA
"Q17212194","Tenri University Rugby Football Club","rugby union team","1925-01-01","1925-1-1",NA,NA,NA,NA,"Japan","Kansai University Rugby Football League",NA,NA,NA,NA,"122n5ckq"
"Q17212202","Hiroshima University Rugby Club","rugby union team",NA,NA,NA,NA,NA,NA,"Japan",NA,NA,NA,NA,NA,"12mky0pb1"
"Q17224081","Yamanashi Gakuin University Rugby Football  Cluub","rugby union team","1975-01-01","1975-1-1",NA,NA,NA,NA,"Japan","Kanto University Rugby League",NA,NA,NA,NA,"12lnh0n_x"
"Q17230201","Hosei University Rugby Football Club","rugby union team",NA,NA,NA,NA,NA,NA,"Japan","Kanto University Rugby League",NA,NA,NA,NA,"122jxd8z"
"Q1748307","Hindú Club","rugby union club","1919-10-10","1919-10-10",NA,NA,NA,"Unión de Rugby de Buenos Aires","Argentina","URBA Top 12",NA,NA,"Don Torcuato",NA,NA
"Q17487822","Lombez Samatan club","rugby union team","1961-01-01","1961-1-1",NA,NA,NA,NA,"France",NA,NA,NA,"Samatan",NA,"121pk37s"
"Q17508994","Rugbyclub Curtrycke","rugby union club","2000-01-01","2000-1-1",NA,NA,NA,NA,"Belgium",NA,NA,NA,NA,NA,NA
"Q17508997","Rugbyclub Maasland","rugby union club","2005-01-01","2005-1-1",NA,NA,NA,NA,"Belgium",NA,NA,NA,NA,NA,NA
"Q17509008","Rugbyclub Waereghem","rugby union club","2009-01-01","2009-1-1",NA,NA,NA,NA,"Belgium",NA,NA,NA,NA,NA,NA
"Q17511803","Mighty Roosters RC","rugby union team","2011-01-01","2011-1-1",NA,NA,NA,NA,"Belgium",NA,NA,NA,NA,NA,NA
"Q17515329","RC Hasselt","rugby union team","2010-01-01","2010-1-1",NA,NA,NA,NA,"Belgium",NA,NA,NA,NA,NA,NA
"Q17600316","Aborigen Rugby Club","rugby union team","1993-01-01","1993-1-1",NA,NA,NA,NA,"Argentina",NA,NA,NA,NA,NA,NA
"Q17632085","Gran Sasso Rugby","rugby union team",NA,NA,NA,NA,NA,"Italian Rugby Federation","Italy",NA,NA,NA,NA,NA,"1q5bt0zt9"
"Q1777760","Leopards","rugby union team","1920-01-01","1920-1-1",NA,NA,"Mielieboere","South African Rugby Union","South Africa","Currie Cup","Absa Puk Oval","5000","Potchefstroom",NA,NA
"Q1781643","AS Béziers Hérault","rugby union club","1911-01-01","1911-1-1",NA,NA,NA,NA,"France","Pro D2","Stade Raoul-Barrière","18555","Béziers",NA,NA
"Q1782908","Stade Montois","rugby union club","1908-10-31","1908-10-31",NA,NA,NA,NA,"France","Pro D2","Stade André-et-Guy-Boniface",NA,"Mont-de-Marsan",NA,NA
"Q1783262","Venezuela national","national rugby union team",NA,NA,NA,NA,NA,NA,"Venezuela",NA,NA,NA,NA,NA,NA
"Q1786586","San Isidro Club","rugby union club","1935-01-01","1935-1-1",NA,NA,NA,"Argentine Rugby Union","Argentina","URBA Top 12",NA,NA,"Boulogne Sur Mer",NA,NA
"Q17985394","ACT Veterans Rugby Club","rugby union team","1995-01-01","1995-1-1",NA,NA,NA,NA,"Australia",NA,NA,NA,NA,NA,NA
"Q17985960","Bletchley RUFC","rugby union team",NA,NA,NA,NA,NA,NA,"United Kingdom",NA,NA,NA,NA,NA,NA
"Q17986381","Chard RFC","rugby union team","1876-01-01","1876-1-1",NA,NA,NA,NA,"United Kingdom",NA,NA,NA,NA,NA,NA
"Q17986423","Chicago Blaze","rugby union team","1982-01-01","1982-1-1",NA,NA,NA,NA,"United States",NA,NA,NA,NA,NA,NA
"Q17986427","Chichester RFC","rugby union team","1926-01-01","1926-1-1",NA,NA,NA,NA,"United Kingdom",NA,NA,NA,NA,NA,NA
"Q18011332","RC Jiki","rugby union team","2001-01-01","2001-1-1",NA,NA,NA,NA,"Georgia",NA,NA,NA,"Tbilisi; Gori",NA,NA
"Q18066532","Aeolos Rugby","rugby union team","2010-01-01","2010-1-1",NA,NA,NA,NA,"Greece",NA,NA,NA,NA,NA,NA
"Q18089647","Tbilisi Caucasians","rugby union team","2014-01-01","2014-1-1",NA,NA,NA,NA,NA,NA,NA,NA,NA,NA,NA
"Q18110740","Welfen SC Braunschweig","rugby union team","1954-01-01","1954-1-1",NA,NA,NA,NA,NA,NA,NA,NA,NA,NA,NA
"Q18125199","RC Armazi Marneuli","rugby union team","2003-01-01","2003-1-1",NA,NA,NA,NA,"Georgia",NA,NA,NA,NA,NA,NA
"Q18125281","Batumi RC","rugby union team","1969-01-01","1969-1-1",NA,NA,NA,NA,"Georgia",NA,NA,NA,"Batumi",NA,NA
"Q18125464","CSM București","rugby union team","2007-01-01","2007-1-1",NA,NA,NA,NA,"Romania",NA,NA,NA,NA,NA,NA
"Q18125541","Dorking RFC","rugby union club","1921-01-01","1921-1-1",NA,NA,NA,NA,"United Kingdom",NA,NA,NA,NA,NA,NA
"Q18126005","Haringey Rhinos","rugby union team",NA,NA,NA,NA,NA,NA,"United Kingdom",NA,NA,NA,NA,NA,NA
"Q18126112","Hornets RFC","rugby union team","1962-01-01","1962-1-1",NA,NA,NA,NA,"United Kingdom",NA,NA,NA,NA,NA,NA
"Q18126131","Huddersfield Y.M.C.A. RUFC","rugby union team","1927-01-01","1927-1-1",NA,NA,NA,NA,"United Kingdom",NA,NA,NA,NA,NA,NA
"Q18126721","Manchester Village Spartans RUFC","rugby union team",NA,NA,NA,NA,NA,NA,"United Kingdom",NA,NA,NA,NA,NA,NA
"Q18126939","Milton Keynes RUFC","rugby union team",NA,NA,NA,NA,NA,NA,"United Kingdom",NA,NA,NA,NA,NA,NA
"Q18127227","Panathinaikos Rugby","rugby union club","2013-11-07","2013-11-7",NA,NA,NA,NA,"Greece",NA,NA,NA,NA,NA,NA
"Q18127286","Peterborough Lions RFC","rugby union team","1944-01-01","1944-1-1",NA,NA,NA,NA,"United Kingdom",NA,NA,NA,NA,NA,NA
"Q18127462","RC Rustavi Kharebi","rugby union team",NA,NA,NA,NA,NA,NA,"Georgia",NA,"Rustavi Rugby stadium",NA,NA,NA,NA
"Q18128896","Rugbyclub Turnhout","rugby union club","2008-01-01","2008-1-1",NA,NA,NA,NA,"Belgium",NA,NA,NA,NA,NA,NA
"Q18148635","Griffins Rugby","rugby union team",NA,NA,NA,NA,NA,NA,"United States",NA,NA,NA,NA,NA,NA
"Q18159009","USA Falcons XV","second national rugby union teams",NA,NA,NA,NA,NA,NA,"United States",NA,NA,NA,NA,NA,NA
"Q1816139","Czech Republic national rugby union team","national rugby union team",NA,NA,NA,NA,NA,NA,"Czech Republic",NA,NA,NA,NA,NA,NA
"Q18214295","Cercle athlétique castelsarrasinois","rugby union team","1919-01-01","1919-1-1",NA,NA,NA,NA,"France",NA,NA,NA,"Castelsarrasin",NA,"11b66cbhxb"
"Q18356234","Scottish Rugby Academy","rugby union team",NA,NA,NA,NA,NA,NA,"United Kingdom",NA,NA,NA,NA,NA,NA
"Q18379627","South Africa national under-18 rugby union team","rugby union team",NA,NA,NA,NA,NA,NA,"South Africa",NA,NA,NA,NA,NA,NA
"Q18387263","TBS Universiteti RC","rugby union team","1962-01-01","1962-1-1",NA,NA,NA,NA,NA,NA,NA,NA,NA,NA,NA
"Q18391665","SC Siemensstadt Rugby","rugby union team","1923-01-01","1923-1-1",NA,NA,NA,NA,NA,NA,NA,NA,NA,NA,NA
"Q18392518","Hambantota Sharks","rugby union team","2013-01-01","2013-1-1",NA,NA,NA,NA,NA,NA,NA,NA,NA,NA,NA
"Q18416182","Aguará Rugby Club","rugby union club","1993-01-01","1993-1-1",NA,NA,NA,NA,"Argentina",NA,NA,NA,"Jardín América",NA,"11b6bpq2n0"
"Q18417085","Uruguay A national rugby union team","second national rugby union teams",NA,NA,NA,NA,NA,NA,"Uruguay",NA,NA,NA,NA,NA,"11b6gryhtr"
"Q1842685","Bredase Rugby Club","rugby union club",NA,NA,NA,NA,NA,NA,"Netherlands",NA,NA,NA,NA,NA,"122410x0"
"Q1857064","RC Toulonnais","rugby union club","1908-06-03","1908-6-3",NA,NA,NA,"French Rugby Federation","France","Top 14","Stade Mayol","15400","Toulon",NA,NA
"Q18639691","Montenegro rugby","national rugby union team",NA,NA,NA,NA,NA,NA,"Montenegro",NA,NA,NA,NA,NA,"11bwf2m1l3"
"Q18640","Club de Gimnasia y Esgrima La Plata","rugby union club","1887-06-03","1887-6-3",NA,NA,"Lobo",NA,"Argentina",NA,"Juan Carmelo Zerillo Stadium",NA,"La Plata",NA,NA
"Q1865460","Union Bordeaux Bègles","rugby union club","2006-06-19","2006-6-19",NA,NA,NA,"French Rugby Federation","France","Top 14","Stade Chaban-Delmas","34694","Bègles",NA,NA
"Q18672217","Portet-sur-Garonne club","rugby union team",NA,NA,NA,NA,NA,NA,NA,NA,NA,NA,NA,NA,NA
"Q18680918","Old Town Shamrocks","rugby union team","2011-01-01","2011-1-1",NA,NA,NA,NA,"Finland","Finnish Championship League",NA,NA,"Porvoo",NA,"1yw9kr84v"
"Q18712602","Up Country Lions","rugby union team","2012-01-01","2012-1-1",NA,NA,NA,NA,NA,NA,NA,NA,NA,NA,NA
"Q1890136","Gent RFC","rugby union team","1969-01-01","1969-1-1",NA,NA,NA,NA,"Belgium",NA,NA,NA,NA,NA,NA
"Q1919652","Brussels Barbarians","rugby union team","1968-01-01","1968-1-1",NA,NA,NA,NA,"Belgium",NA,NA,NA,NA,NA,NA
"Q19321850","Rugby Club Krusevac","rugby union team","1992-01-01","1992-1-1",NA,NA,NA,NA,"Serbia",NA,NA,NA,NA,NA,NA
"Q1943352","Moldova national rugby union team","national rugby union team",NA,NA,NA,NA,NA,NA,"Republica Moldova",NA,NA,NA,NA,NA,NA
"Q19543883","Back Bay Rugby Club","rugby union club","1985-01-01","1985-1-1",NA,NA,NA,NA,"United States",NA,NA,NA,NA,NA,NA
"Q19544546","Montenegro national rugby union team","national rugby union team",NA,NA,NA,NA,NA,NA,"Montenegro",NA,NA,NA,NA,NA,NA
"Q19544743","Hayward Griffins Rugby Football Club","rugby union club",NA,NA,NA,NA,NA,NA,"United States",NA,NA,NA,NA,NA,"11b6gq44yh"
"Q19544885","KAC de Kénitra","rugby union team","2011-01-01","2011-1-1",NA,NA,NA,NA,"Morocco",NA,NA,NA,NA,NA,"11b6gnv1qg"
"Q195734","United Arab Emirates national rugby union team","national rugby union team","2011-04-23","2011-4-23",NA,NA,NA,NA,"United Arab Emirates",NA,NA,NA,NA,NA,NA
"Q19576877","Asia Pacific Dragons","rugby union team",NA,NA,NA,NA,NA,NA,"Australia",NA,NA,NA,NA,NA,NA
"Q19576953","Canada A national rugby union team","second national rugby union teams",NA,NA,NA,NA,NA,NA,"Canada",NA,NA,NA,NA,NA,NA
"Q19576995","Cook Islands national under-20 rugby union team","rugby union team",NA,NA,NA,NA,NA,NA,"New Zealand",NA,NA,NA,NA,NA,NA
"Q19577178","Junior Japan","second national rugby union teams","2012-01-01","2012-1-1",NA,NA,NA,NA,"Japan",NA,NA,NA,NA,NA,NA
"Q19577326","Ragbi klub Mornar Bar","rugby union team",NA,NA,NA,NA,NA,NA,NA,NA,NA,NA,NA,NA,NA
"Q19577410","New Panteg RFC","rugby union team",NA,NA,NA,NA,NA,NA,"United Kingdom",NA,NA,NA,NA,NA,NA
"Q19577502","Papua New Guinea national under-20 rugby union team","rugby union team",NA,NA,NA,NA,NA,NA,"Papua New Guinea",NA,NA,NA,NA,NA,NA
"Q19577746","Samoa A national rugby union team","second national rugby union teams",NA,NA,NA,NA,NA,NA,"Samoa",NA,NA,NA,NA,NA,NA
"Q19578106","Tonga A national rugby union team","second national rugby union teams",NA,NA,NA,NA,NA,NA,"Tonga",NA,NA,NA,NA,NA,NA
"Q19578193","Villagers Worcester","rugby union team","1883-01-01","1883-1-1",NA,NA,NA,NA,"South Africa",NA,NA,NA,NA,NA,NA
"Q1958874","München RFC","rugby union team","1977-01-01","1977-1-1",NA,NA,NA,NA,"Germany",NA,NA,NA,"München",NA,NA
"Q19622543","Rugby Lumezzane","rugby union team",NA,NA,NA,NA,NA,"Italian Rugby Federation","Italy",NA,NA,NA,NA,NA,NA
"Q19622752","Cavalieri Union Rugby","rugby union team","2010-01-01","2010-1-1",NA,NA,NA,"Italian Rugby Federation","Italy","Serie A","Enrico Chersoni Stadium","2500",NA,NA,"11b6j9v9f9"
"Q19622927","Valsugana Rugby Padova","rugby union team","1982-01-01","1982-1-1",NA,NA,NA,"Italian Rugby Federation","Italy","Serie A",NA,NA,"Padua",NA,"11f5l8pdry"
"Q1964830","Lithuania national rugby union team","national rugby union team",NA,NA,NA,NA,NA,NA,"Lithuania",NA,NA,NA,NA,NA,NA
"Q19693146","Belarus national rugby union team","national rugby union team",NA,NA,NA,NA,NA,NA,"Belarus",NA,NA,NA,NA,NA,"11b7gn3slm"
"Q19757558","History of the South Africa national rugby union team","national rugby union team",NA,NA,NA,NA,NA,NA,"South Africa",NA,NA,NA,NA,NA,NA
"Q19819361","Nepal national rugby union team","national rugby union team",NA,NA,NA,NA,NA,NA,NA,NA,NA,NA,NA,NA,"11b7lr7h7d"
"Q19840257","Sunwolves","rugby union club","2015-01-01","2015-1-1",NA,NA,NA,NA,"Japan",NA,"Chichibunomiya Rugby Stadium",NA,"Tokyo",NA,NA
"Q19843023","Rugby Club Lovćen","rugby union team",NA,NA,NA,NA,NA,NA,NA,NA,NA,NA,NA,NA,NA
"Q19867145","Olympic Club RFC","rugby union club","1908-01-01","1908-1-1",NA,NA,NA,NA,"United States",NA,NA,NA,NA,NA,NA
"Q19870761","Jaguares","rugby union franchise","2015-01-01","2015-1-1",NA,NA,NA,NA,"Argentina","Super Rugby","José Amalfitani Stadium",NA,NA,NA,NA
"Q19870888","Australia national under-19 rugby union team","rugby union team",NA,NA,NA,NA,NA,NA,"Australia",NA,NA,NA,NA,NA,NA
"Q19871070","Balmain RFC","rugby union team","1873-01-01","1873-1-1",NA,NA,NA,NA,"Australia",NA,NA,NA,NA,NA,NA
"Q19876698","Onkaparinga Rugby Union Football Club","rugby union club",NA,NA,NA,NA,NA,NA,"Australia",NA,NA,NA,NA,NA,NA
"Q1988223","Netherlands national rugby union team","national rugby union team","1930-07-01","1930-7-1",NA,NA,NA,NA,"Netherlands",NA,NA,NA,NA,NA,NA
"Q1994933","São José Rugby Clube","rugby union team","1987-01-01","1987-1-1",NA,NA,NA,NA,"Brazil",NA,NA,NA,NA,NA,NA
"Q20009056","Associazione Fascista Calcio Padova Rugby","defunct rugby union club","1932-01-01","1932-1-1","1946-01-01","1946-1-1","i Biancoscudati","Italian Rugby Federation","Kingdom of Italy",NA,NA,NA,NA,NA,"11b6_k_1jk"
"Q20009154","CUS Perugia Rugby","rugby union team","1969-01-01","1969-1-1",NA,NA,NA,"Italian Rugby Federation","Italy","Serie A",NA,NA,NA,NA,"11b6jbqpsy"
"Q20009221","Leoni di San Marco","defunct rugby union club","1927-01-01","1927-1-1","1930-01-01","1930-1-1",NA,"Italian Rugby Federation","Italy",NA,NA,NA,NA,NA,"11b6_dwd4n"
"Q20009336","ASD Rugby Lecco","rugby union club","1975-01-01","1975-1-1",NA,NA,"I Leoni","Italian Rugby Federation","Italy","Serie A",NA,NA,NA,NA,"11bc7dgdh_"
"Q2001145","Northland RU","rugby union team","1920-01-01","1920-1-1",NA,NA,"Taniwha","New Zealand Rugby","New Zealand","ITM Cup","Okara Park","18500","Whangārei",NA,"1219x_r8"
"Q20021922","Club Atlético y Progreso","rugby union club","1967-08-20","1967-8-20",NA,NA,NA,"Unión de Rugby de Buenos Aires","Argentina",NA,NA,NA,"Brandsen",NA,NA
"Q20021926","Club Vicentinos Hockey & Rugby","rugby union club","2012-08-25","2012-8-25",NA,NA,NA,NA,"Argentina",NA,NA,NA,NA,NA,"11b6js56z3"
"Q2002695","US Montauban","rugby union club","1903-01-01","1903-1-1",NA,NA,NA,NA,"France","Pro D2","Stade Sapiac",NA,"Montauban",NA,NA
"Q2003634","Poland national rugby union team","national rugby union team","1958-04-24","1958-4-24",NA,NA,"Biało-czerwoni",NA,"Poland",NA,NA,NA,NA,NA,NA
"Q20036586","Rugby Klub Bratislava","rugby union team","2015-01-01","2015-1-1",NA,NA,NA,NA,"Slovakia",NA,NA,NA,NA,NA,NA
"Q20043417","Osaka Teachers Association RFC","rugby union club",NA,NA,NA,NA,NA,NA,"Japan",NA,NA,NA,NA,NA,"11b7qq2qfh"
"Q20043424","Osaka Prefectural Police Rugby Club","rugby union club",NA,NA,NA,NA,NA,NA,"Japan",NA,NA,NA,NA,NA,"11b7nylqpt"
"Q20043445","Otsuka Brush Rugby Club","rugby union club",NA,NA,NA,NA,NA,NA,"Japan",NA,NA,NA,NA,NA,"11bc6_7984"
"Q20043573","OC RFC","rugby union club",NA,NA,NA,NA,NA,NA,"Japan",NA,NA,NA,NA,NA,"11bc78s3vt"
"Q20043628","Kagoshima Bank Rugby Club","rugby union club",NA,NA,NA,NA,NA,NA,"Japan",NA,NA,NA,NA,NA,"11b7q4jw0m"
"Q20044072","Clean Fighters Yamanashi","rugby union team",NA,NA,NA,NA,NA,NA,"Japan",NA,NA,NA,NA,NA,"11b7kg8m25"
"Q20044128","Tokyo Metropolitan Police Department Rugby Club","rugby union club",NA,NA,NA,NA,NA,NA,"Japan",NA,NA,NA,NA,NA,"11bc786p09"
"Q20044628","Suntory Foods Sun Delphys","rugby union club",NA,NA,NA,NA,NA,NA,"Japan",NA,NA,NA,NA,NA,"11b7kh0l2b"
"Q20044825","Shimadzu Corporation Rugby Club","rugby union club",NA,NA,NA,NA,NA,NA,"Japan",NA,NA,NA,NA,NA,"11bc6z0d5m"
"Q2004853","Barbarian Rugby Club","rugby union team","1979-08-01","1979-8-1",NA,NA,NA,NA,"France",NA,NA,NA,NA,NA,NA
"Q2007245","Desterro Rugby Clube","rugby union club",NA,NA,NA,NA,NA,NA,"Brazil",NA,NA,NA,NA,NA,NA
"Q20102688","XV Almogàvers","rugby union team",NA,NA,NA,NA,NA,NA,NA,NA,NA,NA,NA,NA,"122fj1nt"
"Q20106386","Club Esportiu INEF Barcelona","rugby union club","1976-01-01","1976-1-1",NA,NA,NA,NA,"Spain",NA,"Institut National d'Educació Física de Catalunya",NA,"Barcelona",NA,"1213v40f"
"Q2011550","Club Atlético Porteño","rugby union club","1895-01-01","1895-1-1",NA,NA,NA,NA,"Argentina","URBA Top 12",NA,NA,NA,NA,NA
"Q2035617","Rugby Viadana","rugby union club","1970-01-01","1970-1-1",NA,NA,"I Gialloneri","Italian Rugby Federation","Italy","Serie A Élite","Luigi Zaffanella Stadium","6000","Viadana",NA,NA
"Q2046470","Curaçao national rugby union team","national rugby union team",NA,NA,NA,NA,NA,NA,NA,NA,NA,NA,NA,NA,NA
"Q20550817","CAU Madrid RC","rugby union club","1961-01-01","1961-1-1",NA,NA,NA,NA,"Spain",NA,NA,NA,NA,NA,"11clsxz9b_"
"Q20593078","Bro Ffestiniog RFC","rugby union team",NA,NA,NA,NA,NA,NA,"United Kingdom",NA,NA,NA,"Gwynedd",NA,NA
"Q20593095","Clwb Rygbi Tregaron","rugby union team",NA,NA,NA,NA,NA,NA,NA,NA,NA,NA,NA,NA,NA
"Q2060356","Pampas XV","rugby union team","2010-01-01","2010-1-1","2015-01-01","2015-1-1",NA,"Argentine Rugby Union","Argentina",NA,NA,NA,NA,NA,NA
"Q20708609","Fordham University Rugby Football Club","rugby union team","1962-01-01","1962-1-1",NA,NA,NA,NA,"United States",NA,NA,NA,NA,NA,"11b80hfdtg"
"Q20711769","Deal & Betteshanger Rugby Club","rugby union club",NA,NA,NA,NA,NA,NA,"United Kingdom",NA,NA,NA,NA,NA,NA
"Q20716879","Portugal national under-20 rugby union team","rugby union team",NA,NA,NA,NA,NA,NA,"Portugal",NA,NA,NA,NA,NA,NA
"Q20877062","Glasgow District","rugby union team","1872-01-01","1872-1-1",NA,NA,NA,NA,"United Kingdom",NA,NA,NA,NA,NA,"11bv3gfdgf"
"Q20877353","Watsonians Ladies Rugby","rugby union team",NA,NA,NA,NA,NA,NA,"United Kingdom",NA,NA,NA,NA,NA,"11bw1hjvw3"
"Q20878150","History of the Wales national rugby union team","national rugby union team",NA,NA,NA,NA,NA,NA,"United Kingdom",NA,NA,NA,NA,NA,NA
"Q20878188","Old Bristolians Rugby Football Club","rugby union club","1915-01-01","1915-1-1",NA,NA,NA,NA,"United Kingdom",NA,NA,NA,NA,NA,"11bw2m5bs1"
"Q20902161","Sporting Club Leucate Corbières Méditerranée XV","rugby union team",NA,NA,NA,NA,NA,NA,NA,NA,NA,NA,NA,NA,NA
"Q2094512","Worcester Warriors","rugby union club","1871-01-01","1871-1-1",NA,NA,NA,"Rugby Football Union","United Kingdom","Premiership Rugby","Sixways Stadium","12024",NA,"worcester",NA
"Q2095197","Leidsch Studenten Rugby Gezelschap","rugby union club",NA,NA,NA,NA,NA,NA,"Netherlands",NA,NA,NA,NA,NA,"122rd7pn"
"Q20966973","France national under-16 rugby union team","rugby union team",NA,NA,NA,NA,NA,NA,NA,NA,NA,NA,NA,NA,NA
"Q20966981","France olympic national rugby union team","national rugby union team",NA,NA,NA,NA,NA,NA,NA,NA,NA,NA,NA,NA,NA
"Q20967019","France national under-19 rugby union team","rugby union team",NA,NA,NA,NA,NA,NA,"France",NA,NA,NA,NA,NA,NA
"Q20967743","France national university rugby union team","rugby union team",NA,NA,NA,NA,NA,NA,NA,NA,NA,NA,NA,NA,NA
"Q20977897","Barcelona Enginyers Rugby","rugby union club",NA,NA,NA,NA,NA,NA,"Spain",NA,NA,NA,NA,NA,NA
"Q20977903","Belenos Rugby Club","rugby union team","1998-01-01","1998-1-1",NA,NA,NA,NA,"Spain","División de Honor de Rugby","Estadio Santa Bárbara",NA,NA,NA,NA
"Q20977920","CAR Cáceres","rugby union club","1981-01-01","1981-1-1",NA,NA,NA,NA,"Spain",NA,NA,NA,NA,NA,"11bv5w7_z4"
"Q20978019","Helvetia Rugby","rugby union club",NA,NA,NA,NA,NA,NA,"Spain",NA,NA,NA,NA,NA,"11bwdm0rr8"
"Q20981974","South African Universities rugby union team","national rugby union team",NA,NA,NA,NA,NA,NA,"South Africa",NA,NA,NA,NA,NA,NA
"Q21007935","Anglet ORC","rugby union team","1946-01-01","1946-1-1",NA,NA,NA,NA,"France",NA,"Stade Saint-Jean",NA,"Anglet",NA,"11b8cfr_d1"
"Q21019206","Tokyo Gas Rugby Football Club","rugby union team",NA,NA,NA,NA,NA,NA,NA,NA,NA,NA,NA,NA,"11b7js4mcd"
"Q21019421","Hino Red Dolphins","rugby union team","1950-01-01","1950-1-1",NA,NA,NA,NA,"Japan","Japan Rugby League One",NA,NA,"Hino",NA,"11b7khntts"
"Q21019486","Shimizu Koto Blue Sharks","rugby union team","1976-01-01","1976-1-1",NA,NA,NA,NA,"Japan","Japan Rugby League One",NA,NA,"Kōtō-ku",NA,"11b7k5b50c"
"Q21019976","Waseda Club TOP RUSHERS","rugby union club",NA,NA,NA,NA,NA,NA,"Japan",NA,NA,NA,NA,NA,"11bc6y_cs2"
"Q21039383","Rugby Club Sitges","rugby union club","1987-01-01","1987-1-1",NA,NA,NA,NA,"Spain",NA,NA,NA,NA,NA,"11bwdy27t3"
"Q21039395","Uribealdea RKE","rugby union club","2008-01-01","2008-1-1",NA,NA,NA,NA,"Spain",NA,NA,NA,NA,NA,"11btw_p5w8"
"Q2105092","ESRC The Elephants","rugby union club",NA,NA,NA,NA,NA,NA,"Netherlands",NA,NA,NA,"Eindhoven",NA,"1hc0gv3bp"
"Q21055563","Rugby Club Tricastin","rugby union team","1962-01-01","1962-1-1",NA,NA,NA,NA,"France",NA,NA,NA,NA,NA,"11bwdwwlw0"
"Q21072615","Belgrade Rugby Club Red Star","rugby union team","1982-12-20","1982-12-20",NA,NA,NA,NA,"Serbia",NA,NA,NA,"Belgrade",NA,NA
"Q21072670","Rugby Club Balkan Mosquito","rugby union team",NA,NA,NA,NA,NA,NA,"Serbia",NA,NA,NA,NA,NA,NA
"Q21072672","Vojvodina Rugby Club","rugby union club","2001-01-01","2001-1-1",NA,NA,NA,NA,"Serbia",NA,NA,NA,NA,NA,NA
"Q21093779","Old Blues RFC","rugby union team",NA,NA,NA,NA,NA,NA,"United States",NA,NA,NA,NA,NA,"11b6gbgc32"
"Q211985","RC Mainz","rugby union club","1999-01-01","1999-1-1",NA,NA,NA,NA,"Germany","Rugby-Bundesliga",NA,NA,NA,NA,NA
"Q21235479","Lomas Athletic Club (rugby)","rugby union team","1891-01-01","1891-1-1",NA,NA,NA,"Unión de Rugby de Buenos Aires","Argentina",NA,NA,NA,NA,NA,"11b7t34l3k"
"Q21427935","Saint-Céré Rugby","rugby union team",NA,NA,NA,NA,NA,NA,"France",NA,NA,NA,"Saint-Céré",NA,"11bwg7b3m8"
"Q2149726","Rsca-rugby","rugby union team","1931-01-01","1931-1-1",NA,NA,"Paars en wit; les Mauves; l'old club","Belgian Rugby Federation","Belgium","Belgian Elite League",NA,NA,NA,NA,NA
"Q21638955","Dolgoprudny Falcons","rugby union club","1996-01-01","1996-1-1",NA,NA,NA,NA,"Russia",NA,NA,NA,NA,NA,"11bx1gzdgc"
"Q21644695","Torpedo Moscow Rugby Club","rugby union club","2013-01-01","2013-1-1",NA,NA,NA,NA,"Russia",NA,NA,NA,NA,NA,"11bx569c4b"
"Q217625","Manawatu Rugby Union","rugby union team","1886-01-01","1886-1-1",NA,NA,NA,"New Zealand Rugby","New Zealand","ITM Cup","Arena Manawatu","15000","Palmerston North",NA,NA
"Q217635","Waikato RU","rugby union team","1921-01-01","1921-1-1",NA,NA,NA,NA,"New Zealand",NA,"Waikato Stadium",NA,"Hamilton",NA,NA
"Q21843669","White Sharks Rugby Club","rugby union club","2011-01-01","2011-1-1",NA,NA,NA,NA,"Russia",NA,NA,NA,NA,NA,"11bxb8qtv3"
"Q2191086","Unione Sportiva Milanese","rugby union club","1902-01-01","1902-1-1",NA,NA,NA,NA,"Italy",NA,NA,NA,"Milan",NA,"121xjwvy"
"Q21997533","Glasgow Giants ARFC","rugby union club",NA,NA,NA,NA,NA,NA,"United Kingdom",NA,NA,NA,NA,NA,"11bwcb7rvb"
"Q21997618","Moray RFC","rugby union club",NA,NA,NA,NA,NA,NA,"United Kingdom",NA,NA,NA,NA,NA,"11bwkdyp1z"
"Q2200602","Instonians","rugby union team","1919-01-01","1919-1-1",NA,NA,NA,NA,"Ireland",NA,NA,NA,NA,NA,NA
"Q22023314","Missoula Maggots","rugby union club",NA,NA,NA,NA,NA,NA,"United States",NA,NA,NA,NA,NA,"11bxtn34qn"
"Q22080025","Rugby Union Club Piešťany","rugby union club","2014-01-01","2014-1-1",NA,NA,NA,NA,"Slovakia",NA,NA,NA,NA,NA,"11bwcd6kty"
"Q22084045","Kanturk RFC","rugby union club",NA,NA,NA,NA,NA,NA,NA,NA,NA,NA,NA,NA,NA
"Q2208598","SV Odin Hannover","rugby union team","1905-01-01","1905-1-1",NA,NA,NA,NA,"Germany",NA,NA,NA,"Hanover",NA,NA
"Q22087439","Oxford R.F.C","rugby union club",NA,NA,NA,NA,NA,NA,"United Kingdom",NA,NA,NA,NA,NA,"11bwds04_r"
"Q22096330","Valdosta State University Rugby Club","rugby union club",NA,NA,NA,NA,NA,NA,"United States",NA,NA,NA,NA,NA,"11bwgwhxsr"
"Q22097416","Husky Rugby Club","rugby union club","1963-01-01","1963-1-1",NA,NA,NA,NA,"United States",NA,NA,NA,NA,NA,"11bwn3z4yp"
"Q22097681","Glasgow Southern RFC","rugby union club",NA,NA,NA,NA,NA,NA,"United Kingdom",NA,NA,NA,NA,NA,"11clgfnc_8"
"Q22097687","Chobham Rugby Football Club","rugby union club","1967-01-01","1967-1-1",NA,NA,NA,NA,"United Kingdom",NA,NA,NA,NA,NA,"11b8y9cr3c"
"Q22097709","Cirencester RFC","rugby union club",NA,NA,NA,NA,NA,NA,"United Kingdom",NA,NA,NA,NA,NA,"11bxdt4lx8"
"Q22097728","Clarkston RFC","rugby union club",NA,NA,NA,NA,NA,NA,"United Kingdom",NA,NA,NA,NA,NA,"11clgkvsml"
"Q22098273","Scotland B national rugby union team","national rugby union team","1971-01-01","1971-1-1","1992-01-01","1992-1-1",NA,NA,NA,NA,NA,NA,NA,NA,"11bwdt6x7k"
"Q22098276","Scotland Club XV","national rugby union team",NA,NA,NA,NA,NA,NA,NA,NA,NA,NA,NA,NA,"11bv35f0qm"
"Q22098282","Scotland national under-16 rugby union team","rugby union team",NA,NA,NA,NA,NA,NA,"United Kingdom",NA,NA,NA,NA,NA,"11b87nhxxh"
"Q22098288","Scotland national under-17 rugby union team","rugby union team",NA,NA,NA,NA,NA,NA,"United Kingdom",NA,NA,NA,NA,NA,"11bwdsdsz1"
"Q22098292","Scotland national under-21 rugby union team","rugby union team",NA,NA,NA,NA,NA,NA,"United Kingdom",NA,NA,NA,NA,NA,"11bwf6d6dy"
"Q22098385","Turks and Caicos Islands national rugby union team","national rugby union team",NA,NA,NA,NA,NA,NA,NA,NA,NA,NA,NA,NA,NA
"Q22117758","Asahi University Rugby Football Club","rugby union team","1978-01-01","1978-1-1",NA,NA,NA,NA,"Japan","Tokai Student Rugby League",NA,NA,NA,NA,"11bw_5_q50"
"Q22118320","Kanagawa University Rugby Club","rugby union team",NA,NA,NA,NA,NA,NA,"Japan",NA,NA,NA,NA,NA,"11bxds_vdg"
"Q22118707","Kokugakuin University Rugby Football Club","rugby union team",NA,NA,NA,NA,NA,NA,"Japan",NA,NA,NA,NA,NA,"11bx89m80d"
"Q22119126","Surugadai University Rugby Club","rugby union team",NA,NA,NA,NA,NA,NA,"Japan",NA,NA,NA,NA,NA,"11bxb8dsmp"
"Q22119362","Tamagawa University Rugby Football Club","rugby union team",NA,NA,NA,NA,NA,NA,"Japan",NA,NA,NA,NA,NA,"11bxb8p08f"
"Q22119409","Korea University Rugby Football Club","rugby union team",NA,NA,NA,NA,NA,NA,"Japan",NA,NA,NA,NA,NA,"11bxdsljk5"
"Q22119588","Tokyo Institute of Technology Rugby Unit","rugby union team",NA,NA,NA,NA,NA,NA,"Japan",NA,NA,NA,NA,NA,"11cj8zcvk8"
"Q22119593","Tokyo University of Agriculture Rugby Club","rugby union team",NA,NA,NA,NA,NA,NA,"Japan",NA,NA,NA,NA,NA,"11bx1cmch4"
"Q22119617","Toyo University Rugby Football Club","rugby union team","1959-01-01","1959-1-1",NA,NA,NA,NA,"Japan","Kanto University Rugby League",NA,NA,NA,NA,"11bwyc8nvm"
"Q22119950","Hakuoh University Rugby Football Club","rugby union team","1986-01-01","1986-1-1",NA,NA,NA,NA,"Japan","Kanto University Rugby League",NA,NA,NA,NA,"11c3vgy3sx"
"Q22120270","National Defense Academy of Japan Rugby Club","rugby union team",NA,NA,NA,NA,NA,NA,"Japan",NA,NA,NA,NA,NA,"11bx568qsv"
"Q22120803","Yokohama National University Rugby Club","rugby union team",NA,NA,NA,NA,NA,NA,"Japan",NA,NA,NA,NA,NA,NA
"Q22120850","Kokushikan University Rugby Club","rugby union team",NA,NA,NA,NA,NA,NA,"Japan",NA,NA,NA,NA,NA,"11bwymgwbm"
"Q22123979","Fukuoka Bank Blue Groupers","rugby union club",NA,NA,NA,NA,NA,NA,"Japan",NA,NA,NA,NA,NA,"11b7p1gx79"
"Q22125155","Hitachi Sun Nexus","rugby union team",NA,NA,NA,NA,NA,NA,"Japan",NA,NA,NA,NA,NA,"11b7nscnky"
"Q22127204","Mitsubishi Electric Melco Diamonds","rugby union club",NA,NA,NA,NA,NA,NA,"Japan",NA,NA,NA,NA,NA,"11bc7fzfkh"
"Q22127470","Narashino Self-Defense Force Paratroops","rugby union club",NA,NA,NA,NA,NA,NA,"Japan",NA,NA,NA,NA,NA,"11b7nxyw8q"
"Q22127997","Funaoka Self-Defense Force Wild Boars","rugby union club",NA,NA,NA,NA,NA,NA,"Japan",NA,NA,NA,NA,NA,"11b7kh2j50"
"Q22128948","Fujifilm Business Innovation Green Elks","rugby union club",NA,NA,NA,NA,NA,NA,"Japan",NA,NA,NA,NA,NA,"11b7kdxf6z"
"Q22129410","Mizuho Financial Group Rugby Club","rugby union club",NA,NA,NA,NA,NA,NA,"Japan",NA,NA,NA,NA,NA,"11bc795jg5"
"Q22130012","MUFG RFC","rugby union club",NA,NA,NA,NA,NA,NA,"Japan",NA,NA,NA,NA,NA,"11b7l5kcrq"
"Q22131490","Toyota Tsusho Blue Wing","rugby union club",NA,NA,NA,NA,NA,NA,"Japan",NA,NA,NA,NA,NA,"11b7l6zlnv"
"Q22271899","Lindfield Rugby Club","rugby union club","1919-01-01","1919-1-1",NA,NA,NA,NA,"Australia",NA,NA,NA,NA,NA,"11cky7sbn0"
"Q22681306","Surfers Paradise Dolphins","rugby union team","1973-01-01","1973-1-1",NA,NA,NA,NA,"Australia",NA,NA,NA,NA,NA,"11clgkyqbf"
"Q2269393","Mogliano Rugby","rugby union club","1956-01-01","1956-1-1",NA,NA,NA,"Italian Rugby Federation","Italy","Serie A Élite","Q3967840","786","Mogliano Veneto",NA,NA
"Q2274476","Venezia Mestre Rugby FC","defunct rugby union club","1986-01-01","1986-1-1","2011-01-01","2011-1-1",NA,"Italian Rugby Federation","Italy",NA,NA,NA,"Venezia",NA,NA
"Q2278510","L’Aquila Rugby Club","defunct rugby union club","1936-01-01","1936-1-1","2018-01-01","2018-1-1","Neroverdi","Italian Rugby Federation","Italy",NA,"Stadio Tommaso Fattori","10000",NA,NA,NA
"Q2289089","București Wolves","rugby union team","2004-01-01","2004-1-1",NA,NA,NA,NA,"Romania",NA,NA,NA,NA,NA,NA
"Q2289327","CSA Steaua București","rugby union club","1948-01-01","1948-1-1",NA,NA,NA,NA,"Romania",NA,"Stadionul Steaua",NA,NA,NA,NA
"Q22964181","Tirana Rugby Club","rugby union club","2013-01-01","2013-1-1",NA,NA,NA,NA,"Albania",NA,NA,NA,NA,NA,"11clsgb4g8"
"Q2300859","Western Province","rugby union team","1883-01-01","1883-1-1",NA,NA,"Die Streeptruie; WP; Province","South African Rugby Union","South Africa","Currie Cup","Newlands Stadium","50900","Cape Town",NA,NA
"Q23018837","Wallsend RUFC","rugby union club",NA,NA,NA,NA,NA,NA,"United Kingdom",NA,NA,NA,NA,NA,"11bwh913hp"
"Q23020848","Palm Beach Currumbin Alleygators RUC","rugby union club","1979-01-01","1979-1-1",NA,NA,NA,NA,NA,NA,NA,NA,NA,NA,"11cjj8gsxv"
"Q23044767","Sweden national wheelchair rugby team","national rugby union team",NA,NA,NA,NA,NA,NA,"Sweden",NA,NA,NA,NA,NA,"11b8_zfy5q"
"Q23058668","Sacramento Express","rugby union club","2016-01-01","2016-1-1",NA,NA,NA,NA,"United States",NA,NA,NA,NA,NA,"11c1tqqpys"
"Q23073854","Dimbula Athletic & Cricket Club","rugby union club","1856-01-01","1856-1-1",NA,NA,NA,NA,"Sri Lanka",NA,NA,NA,NA,NA,"11cly3bfld"
"Q2332289","Slovenia national rugby union team","national rugby union team",NA,NA,NA,NA,NA,NA,"Slovenia",NA,NA,NA,NA,NA,NA
"Q2332838","Azerbaijan national rugby union team","national rugby union team",NA,NA,NA,NA,NA,NA,"Azerbaijan",NA,NA,NA,NA,NA,NA
"Q2333263","China national rugby union team","national rugby union team","1997-11-01","1997-11-1",NA,NA,NA,NA,"People's Republic of China",NA,NA,NA,NA,NA,NA
"Q2334727","Delftsche Studenten Rugby-Club","rugby union club",NA,NA,NA,NA,NA,NA,"Netherlands",NA,NA,NA,NA,NA,"122z_sfk"
"Q2335211","Israel national rugby union team","national rugby union team",NA,NA,NA,NA,NA,NA,"Israel",NA,NA,NA,NA,NA,NA
"Q2335804","Latvia national rugby union team","national rugby union team",NA,NA,NA,NA,NA,NA,"Latvia",NA,NA,NA,NA,NA,NA
"Q2335859","Serbia national rugby union team","national rugby union team","2006-10-07","2006-10-7",NA,NA,NA,NA,"Serbia",NA,NA,NA,NA,NA,NA
"Q2345914","Peru national rugby union team","national rugby union team",NA,NA,NA,NA,NA,NA,"Peru",NA,NA,NA,NA,NA,NA
"Q2352445","Malaysia national rugby union team","national rugby union team",NA,NA,NA,NA,NA,NA,"Malaysia",NA,NA,NA,NA,NA,NA
"Q2352670","ASRV Ascrum","rugby union club","1962-11-01","1962-11-1",NA,NA,NA,NA,"Netherlands",NA,NA,NA,NA,NA,"121jnmhl"
"Q2358997","Madagascar national rugby union team","national rugby union team","1970-05-24","1970-5-24",NA,NA,"Makis",NA,"Madagascar",NA,"Mahamasina Municipal Stadium","22000",NA,NA,NA
"Q2359583","Stuttgarter RC","rugby union club","1934-01-01","1934-1-1",NA,NA,NA,NA,"Germany",NA,NA,NA,"Stuttgart",NA,NA
"Q23614918","CS Politehnica Iași (rugby)","rugby union team","1969-01-01","1969-1-1",NA,NA,NA,NA,"Romania",NA,NA,NA,NA,NA,"11ckr731l3"
"Q23640868","Bond Pirates Rugby Club","rugby union club","1996-01-01","1996-1-1",NA,NA,NA,NA,NA,NA,NA,NA,NA,NA,"11clggsp6w"
"Q2366481","Jed-Forest RFC","rugby union team","1885-01-01","1885-1-1",NA,NA,NA,NA,"United Kingdom","Scottish Premiership Division Two",NA,NA,NA,NA,NA
"Q23683475","Cafeteros Pro","rugby union team","2014-01-01","2014-1-1",NA,NA,NA,NA,"Colombia",NA,NA,NA,NA,NA,"11bwh5jm7r"
"Q23701376","Quimic Equip Rugby","rugby union club",NA,NA,NA,NA,NA,NA,"Spain",NA,NA,NA,NA,NA,"11bwyxpcys"
"Q23808242","History of the Ireland national rugby union team","national rugby union team",NA,NA,NA,NA,NA,NA,"Ireland",NA,NA,NA,NA,NA,"11b8v866y6"
"Q2391440","Wanderers F.C.","rugby union team","1870-01-01","1870-1-1",NA,NA,NA,NA,"Ireland",NA,NA,NA,NA,NA,NA
"Q2393896","Taranaki Rugby Football Union","rugby union club","1879-01-01","1879-1-1",NA,NA,NA,"New Zealand Rugby","New Zealand","ITM Cup","Yarrow Stadium","25000","New Plymouth",NA,NA
"Q2395099","Tasman Rugby Union","rugby union club","2006-01-01","2006-1-1",NA,NA,"Mako","New Zealand Rugby","New Zealand","ITM Cup",NA,NA,"Nelson",NA,NA
"Q2400465","Club Atlético del Rosario","rugby union club","1867-03-27","1867-3-27",NA,NA,NA,"Unión de Rugby de Buenos Aires","Argentina","URBA Top 12",NA,NA,"Rosario",NA,NA
"Q2400665","Belgrano Athletic Club","rugby union club","1896-08-17","1896-8-17",NA,NA,NA,"Unión de Rugby de Buenos Aires","Argentina","URBA Top 12",NA,NA,"Belgrano",NA,NA
"Q24035633","Atlético Madrid Rugby","rugby union club","1914-01-01","1914-1-1",NA,NA,NA,NA,"Spain",NA,NA,NA,NA,NA,"11clzh3f8y"
"Q24051541","VfR Döhren","rugby union team","1906-01-01","1906-1-1",NA,NA,NA,NA,NA,NA,NA,NA,"Hanover",NA,"11cn8_75nc"
"Q24089802","Wynnum Rugby Union Club","rugby union club","1929-01-01","1929-1-1",NA,NA,NA,NA,"Australia",NA,NA,NA,NA,NA,NA
"Q2414175","Marlborough Rugby Union","rugby union club","1888-01-01","1888-1-1",NA,NA,NA,NA,NA,NA,NA,NA,NA,NA,NA
"Q24185018","Edinburgh Wanderers","rugby union team","1868-01-01","1868-1-1","1997-01-01","1997-1-1",NA,NA,"United Kingdom",NA,"Murrayfield Stadium",NA,NA,NA,"11cn9fpvdd"
"Q24185063","Tasman Rugby Boadilla","rugby union club",NA,NA,NA,NA,NA,NA,"Spain",NA,NA,NA,NA,NA,"11bytn6sw7"
"Q24185130","Nerang Bulls RUC","rugby union club","1983-01-01","1983-1-1",NA,NA,NA,NA,NA,NA,NA,NA,NA,NA,"11cjj9fpxf"
"Q24185131","Helensvale Hogs RUC","rugby union club","1987-01-01","1987-1-1",NA,NA,NA,NA,NA,NA,NA,NA,NA,NA,"11clgf8bvd"
"Q24185132","Gold Coast Eagles","rugby union team","1965-01-01","1965-1-1",NA,NA,NA,NA,"Australia",NA,NA,NA,NA,NA,"11clgksxg1"
"Q24185154","Ipswich Rangers Rugby Club","rugby union club","1886-01-01","1886-1-1",NA,NA,NA,NA,NA,NA,NA,NA,NA,NA,"11cls7kt5_"
"Q24185156","Aparejadores Rugby","rugby union club","2006-01-01","2006-1-1",NA,NA,NA,NA,"Spain",NA,NA,NA,NA,NA,"11c3x9_fr1"
"Q24185161","North and Midlands","rugby union club",NA,NA,NA,NA,NA,NA,"Italy",NA,NA,NA,NA,NA,"11clw0m62k"
"Q24185177","Kelvinside Academicals RFC","rugby union club","1888-01-01","1888-1-1",NA,NA,NA,NA,"United Kingdom",NA,NA,NA,NA,NA,"121k363m"
"Q24185184","Dickoya Maskeliya Cricket Club","rugby union club","1868-01-01","1868-1-1",NA,NA,NA,NA,"Sri Lanka",NA,NA,NA,NA,NA,"11cm0x3zs1"
"Q24185188","San Diego Breakers","rugby union club","2016-01-01","2016-1-1",NA,NA,NA,NA,"United States",NA,NA,NA,NA,NA,"11c1nwzl9_"
"Q24185191","San Francisco Rush","rugby union club","2016-01-01","2016-1-1","2016-12-15","2016-12-15",NA,NA,"United States",NA,NA,NA,NA,NA,"11c3yr5f47"
"Q24185196","Denver Stampede","rugby union club","2016-01-01","2016-1-1",NA,NA,NA,NA,"United States",NA,NA,NA,NA,NA,"11cm3rq0gf"
"Q24185198","Ohio Aviators","rugby union club","2016-01-01","2016-1-1",NA,NA,NA,NA,"United States",NA,NA,NA,NA,NA,"11cm89m_8c"
"Q24185239","Clydesdale RFC, Glasgow","rugby union team",NA,NA,NA,NA,NA,NA,"United Kingdom",NA,NA,NA,NA,NA,"11cmttrg6q"
"Q24185242","Clydesdale RFC, South Lanarkshire","rugby union club",NA,NA,NA,NA,NA,NA,NA,NA,NA,NA,NA,NA,"11cmy49_60"
"Q24185255","RIE College RFC","rugby union club",NA,NA,NA,NA,NA,NA,"United Kingdom",NA,NA,NA,NA,NA,"11cn3l4ybq"
"Q24185275","North of Scotland District","rugby union team",NA,NA,NA,NA,NA,NA,NA,NA,NA,NA,NA,NA,"11cmcyfc5l"
"Q24189494","Grammar TEC RC","rugby union club",NA,NA,NA,NA,NA,NA,"New Zealand",NA,NA,NA,NA,NA,"11bv5v558j"
"Q24190553","Port Adelaide RUFC","rugby union club",NA,NA,NA,NA,NA,NA,"Australia",NA,NA,NA,NA,NA,"11c3zrsyxk"
"Q24197202","Hillhead RFC","rugby union club",NA,NA,NA,NA,NA,NA,"United Kingdom",NA,NA,NA,NA,NA,"11cmmwb5hp"
"Q24197204","Jordanhill RFC","rugby union team",NA,NA,NA,NA,NA,NA,"United Kingdom",NA,NA,NA,NA,NA,"11cmmw4nqg"
"Q24197292","Co-Optimist Rugby Club","rugby union club",NA,NA,NA,NA,NA,NA,NA,NA,NA,NA,NA,NA,"11cn9tyvm8"
"Q2420720","Avenir sportif de Jemmal","rugby union club","1977-01-01","1977-1-1",NA,NA,NA,NA,"Tunisia",NA,NA,NA,"Jemmal",NA,"1hc0qw6d8"
"Q2451090","Leidse Rugbyclub DIOK","rugby union club",NA,NA,NA,NA,NA,NA,"Netherlands",NA,NA,NA,"Leiden",NA,"121912w1"
"Q247246","Pacific Islanders rugby union team","rugby union team","2004-01-01","2004-1-1",NA,NA,NA,NA,NA,NA,NA,NA,NA,NA,NA
"Q2479165","Real Sociedad Gimnástica Española","defunct rugby union club","1887-01-01","1887-1-1","1928-01-01","1928-1-1",NA,"Spanish Rugby Federation","Spain",NA,NA,NA,"Madrid",NA,NA
"Q2481690","Blackheath F.C.","rugby union club","1858-01-01","1858-1-1",NA,NA,NA,NA,"United Kingdom",NA,NA,NA,"Well Hall",NA,NA
"Q24884716","Ragbi klub Podgorica","rugby union club",NA,NA,NA,NA,NA,NA,NA,NA,NA,NA,NA,NA,"11bzv49471"
"Q24897113","Yakult Levins Toda","rugby union team","1980-01-01","1980-1-1",NA,NA,NA,NA,"Japan",NA,NA,NA,NA,NA,"11b7kknxpq"
"Q24897351","Lion Fangs","rugby union club",NA,NA,NA,NA,NA,NA,"Japan",NA,NA,NA,NA,NA,"11b7kkd41l"
"Q24897402","Chubu Electric Power RFC","rugby union team","1951-01-01","1951-1-1",NA,NA,NA,NA,"Japan","Top West",NA,NA,NA,NA,"11b7l45wp8"
"Q24897456","Ricoh Japan Rugby Football Team","rugby union team","1989-01-01","1989-1-1",NA,NA,NA,NA,"Japan","Top West",NA,NA,NA,NA,"11b7l3tr8z"
"Q24898152","Craigieburn Phoenix","rugby union team","2008-01-01","2008-1-1",NA,NA,NA,NA,"Australia",NA,NA,NA,NA,NA,"11bzq36q4x"
"Q24902115","All Americans rugby union team","national rugby union team",NA,NA,NA,NA,NA,NA,"United States",NA,NA,NA,NA,NA,"11bzx91d60"
"Q2491789","Rugbyclub Wageningen","rugby union club","1970-01-01","1970-1-1",NA,NA,NA,NA,"Netherlands",NA,NA,NA,NA,NA,"121wcbky"
"Q24940410","Rugby Bergamo","rugby union team","1950-01-01","1950-1-1",NA,NA,NA,"Italian Rugby Federation","Italy",NA,NA,NA,NA,NA,"11cny300gy"
"Q24993139","Cheltenham Saracens RFC","rugby union club",NA,NA,NA,NA,NA,NA,"United Kingdom",NA,NA,NA,NA,NA,"11c3znz722"
"Q25056631","Jakarta Komodos Rugby Club","rugby union club",NA,NA,NA,NA,NA,NA,"Indonesia",NA,NA,NA,NA,NA,"11bxg1mhjs"
"Q25058075","Vanuatu national under-20 rugby union team","rugby union team",NA,NA,NA,NA,NA,NA,"Vanuatu",NA,NA,NA,NA,NA,"11clw1xk_3"
"Q25063223","Combe Down Rugby Club","rugby union club","1896-01-01","1896-1-1",NA,NA,NA,NA,"United Kingdom",NA,NA,NA,NA,NA,"11cmy7c347"
"Q25063978","Haukar RC","rugby union club",NA,NA,NA,NA,NA,NA,"Iceland",NA,NA,NA,NA,NA,"11cn31pwx2"
"Q250778","Portugal national rugby union team","national rugby union team","1935-04-13","1935-4-13",NA,NA,"Os Lobos",NA,"Portugal",NA,"Estádio Universitário de Lisboa","8000",NA,NA,NA
"Q250783","Spain national rugby union team","national rugby union team","1929-05-20","1929-5-20",NA,NA,"el XV del León",NA,"Spain",NA,"Estadio Nacional Complutense","12000",NA,NA,NA
"Q25110963","Spain national under-20 rugby union team","rugby union team",NA,NA,NA,NA,NA,NA,"Spain",NA,NA,NA,NA,NA,"11cn3v9zr5"
"Q25171627","Edinburgh District","rugby union team",NA,NA,NA,NA,NA,NA,NA,NA,NA,NA,NA,NA,"11cm0hbg51"
"Q25171856","Bangor RFC","rugby union club","1885-01-01","1885-1-1",NA,NA,NA,NA,"Ireland","All-Ireland League",NA,NA,NA,NA,"11cn8wp077"
"Q25220990","Manchester Medics RUFC","rugby union club",NA,NA,NA,NA,NA,NA,"United Kingdom",NA,NA,NA,NA,NA,"11bwhb7zrz"
"Q25221618","Rugby Unión Xerez","rugby union club","1992-01-01","1992-1-1",NA,NA,NA,NA,"Spain",NA,NA,NA,NA,NA,"11cn9__44_"
"Q25240866","Midlands District","rugby union club",NA,NA,NA,NA,NA,NA,NA,NA,NA,NA,NA,NA,"11cm9xkgz2"
"Q2528762","RC 't Gooi","rugby union club","1933-01-01","1933-1-1",NA,NA,NA,NA,NA,NA,NA,NA,NA,NA,NA
"Q2530925","Rugby Parma FC","rugby union club","1931-01-01","1931-1-1",NA,NA,NA,"Italian Rugby Federation","Italy","Serie B",NA,NA,NA,NA,NA
"Q25344885","Rugbyfélag Reykjavíkur (Reykjavík Raiders)","rugby union team",NA,NA,NA,NA,NA,NA,"Iceland",NA,NA,NA,NA,NA,"11cn3gv6z0"
"Q25348871","UR Almería","rugby union club",NA,NA,NA,NA,NA,NA,"Spain",NA,NA,NA,NA,NA,"11bx1z4xbv"
"Q25352074","Scottish Exiles","rugby union club",NA,NA,NA,NA,NA,NA,"United Kingdom",NA,NA,NA,NA,NA,"11cm4b00xx"
"Q25382139","Stade oranais","rugby union team","2007-01-01","2007-1-1",NA,NA,NA,NA,"Algeria",NA,NA,NA,NA,NA,"11bxfvlzr4"
"Q25393900","Flagman Rugby Club","rugby union club","2011-01-01","2011-1-1",NA,NA,NA,NA,"Russia",NA,NA,NA,NA,NA,NA
"Q25395988","Club athlétique des sports généraux","rugby union team","1903-01-01","1903-1-1","1995-05-15","1995-5-15",NA,NA,"France",NA,NA,NA,"Stade Jean-Bouin",NA,"11cmcycv4f"
"Q254209","FC Lourdes","rugby union team","1911-01-01","1911-1-1",NA,NA,NA,"French Rugby Federation","France","Fédérale 2","Stade Antoine-Béguère","6500","Lourdes",NA,NA
"Q25421425","Clube e Escola de Rugby Samambaia","rugby union team",NA,NA,NA,NA,NA,NA,"Brazil",NA,NA,NA,NA,NA,"11bx1g1ry5"
"Q25477067","Mouguerre Union","rugby union team","1962-05-25","1962-5-25",NA,NA,NA,NA,"France",NA,NA,NA,"Mouguerre",NA,NA
"Q25477073","Inthalatz Larressore","rugby union club","1974-01-01","1974-1-1",NA,NA,NA,NA,"France",NA,NA,NA,"Larressore",NA,NA
"Q2549837","Warrington Wolves","rugby union team","1879-01-01","1879-1-1",NA,NA,"The Wire",NA,"United Kingdom",NA,"Halliwell Jones Stadium; Wilderspool Stadium",NA,"Warrington",NA,NA
"Q255027","Älvsjö AIK","rugby union club","1915-05-23","1915-5-23",NA,NA,NA,NA,"Sweden",NA,"Älvsjö IP",NA,"Älvsjö",NA,NA
"Q25509373","Olímpico RC","rugby union club","1964-01-01","1964-1-1",NA,NA,NA,NA,"Spain",NA,NA,NA,"Pozuelo de Alarcón",NA,"11bw6s_r86"
"Q2567307","Finland national rugby union team","national rugby union team",NA,NA,NA,NA,NA,NA,"Finland",NA,NA,NA,NA,NA,NA
"Q2567970","Croatia national rugby union team","national rugby union team","1992-01-01","1992-1-1",NA,NA,NA,NA,"Croatia",NA,NA,NA,NA,NA,NA
"Q2569139","Slovakia national rugby union team","national rugby union team",NA,NA,NA,NA,NA,NA,"Slovakia",NA,NA,NA,NA,NA,NA
"Q2569433","Hungary national rugby union team","national rugby union team",NA,NA,NA,NA,NA,NA,"Hungary",NA,NA,NA,NA,NA,NA
"Q2571617","Colombia national rugby union team","national rugby union team","1996-01-01","1996-1-1",NA,NA,"los Tucanes",NA,"Colombia",NA,NA,NA,NA,NA,NA
"Q2572572","Paraguay national rugby union team","national rugby union team",NA,NA,NA,NA,"Yacarés",NA,"Paraguay",NA,NA,NA,NA,NA,NA
"Q2573690","Algeria national rugby union team","national rugby union team",NA,NA,NA,NA,NA,NA,"Algeria",NA,NA,NA,NA,NA,NA
"Q2592934","Wombats RC","rugby union club",NA,NA,NA,NA,NA,NA,"Austria",NA,NA,NA,NA,NA,NA
"Q2625567","Castricumse Rugbyclub","rugby union club",NA,NA,NA,NA,NA,NA,"Netherlands",NA,NA,NA,NA,NA,"120jr5y9"
"Q26267366","Rugby Club Waterland","rugby union club",NA,NA,NA,NA,NA,NA,"Netherlands",NA,NA,NA,NA,NA,"11c0rhfyxd"
"Q2633484","Utrechtse Studenten Rugby Society","rugby union club",NA,NA,NA,NA,NA,NA,"Netherlands",NA,NA,NA,NA,NA,"121d6f87"
"Q2637322","Petrarca Rugby","rugby union club","1947-01-01","1947-1-1",NA,NA,"Neri","Italian Rugby Federation","Italy","Serie A Élite","Stadio Plebiscito","7715","Padua",NA,NA
"Q2640559","Independiente de Neuquén","rugby union club","1921-01-01","1921-1-1",NA,NA,NA,NA,"Argentina",NA,"Q21403393",NA,"Neuquén",NA,NA
"Q2650954","SRC Thor","rugby union club",NA,NA,NA,NA,NA,NA,"Netherlands",NA,NA,NA,NA,NA,"122zkfw1"
"Q266149","Free State Cheetahs","rugby union club","1895-01-01","1895-1-1",NA,NA,NA,"South African Rugby Union","South Africa","Currie Cup","Free State Stadium","48000",NA,NA,NA
"Q26760329","Japan national wheelchair rugby team","national rugby union team",NA,NA,NA,NA,NA,NA,"Japan",NA,NA,NA,NA,NA,"11c15ctcg8"
"Q2700173","Groninger Studenten Rugby Club","rugby union club","1986-01-01","1986-1-1",NA,NA,NA,NA,"Netherlands",NA,NA,NA,NA,NA,NA
"Q2721746","Brazil national rugby union team","national rugby union team","1950-09-09","1950-9-9",NA,NA,"Os Tupis",NA,"Brazil",NA,NA,NA,NA,NA,NA
"Q2722488","Norway national rugby union team","national rugby union team",NA,NA,NA,NA,NA,NA,"Norway",NA,NA,NA,NA,NA,NA
"Q2727012","C.F. Os Belenenses (rugby union)","rugby union team","1928-01-01","1928-1-1",NA,NA,NA,NA,"Portugal",NA,"Estádio do Restelo",NA,NA,NA,NA
"Q2733519","Morocco national rugby union team","national rugby union team","1931-12-15","1931-12-15",NA,NA,"Lions de l'Atlas",NA,"Morocco",NA,NA,NA,NA,NA,NA
"Q2734570","CR El Salvador","rugby union team","1960-01-01","1960-1-1",NA,NA,"los chamizos","Spanish Rugby Federation","Spain","División de Honor de Rugby","Estadio Pepe Rojo","5000","Valladolid",NA,NA
"Q2735810","Sweden national rugby union team","national rugby union team","1949-10-23","1949-10-23",NA,NA,NA,NA,"Sweden",NA,NA,NA,NA,NA,NA
"Q2740626","S.L. Benfica","rugby union team","1924-12-26","1924-12-26",NA,NA,"Águias",NA,"Portugal","Campeonato Português de Rugby",NA,NA,"Lisbon",NA,NA
"Q2740841","AEIS Agronomia","rugby union team","1935-01-01","1935-1-1",NA,NA,NA,NA,"Portugal",NA,"Tapada da Ajuda",NA,"Lisbon",NA,NA
"Q2740865","Clube de Rugby de Arcos de Valdevez","rugby union team","1981-01-01","1981-1-1",NA,NA,NA,NA,"Portugal",NA,NA,NA,"Arcos de Valdevez",NA,NA
"Q2756860","Sporting Club Graulhetois","rugby union team","1910-01-01","1910-1-1",NA,NA,NA,NA,"France",NA,NA,NA,"Graulhet",NA,NA
"Q2756879","Avenir Valencien","rugby union team","1903-01-01","1903-1-1",NA,NA,NA,NA,"France",NA,NA,NA,"Valence",NA,NA
"Q2759870","Gimnasia y Tiro","rugby union club","1902-11-29","1902-11-29",NA,NA,NA,NA,"Argentina",NA,"El Gigante del Norte Stadium",NA,"Salta",NA,NA
"Q276760","Uruguay national rugby union team","national rugby union team","1951-09-09","1951-9-9",NA,NA,"los Teros",NA,"Uruguay",NA,"Estadio Charrúa","14000",NA,NA,NA
"Q27860449","Alianza Jesús María, Social, Aérea y Deportiva","rugby union club",NA,NA,NA,NA,NA,NA,"Argentina",NA,NA,NA,NA,NA,"11c5rmkbxr"
"Q27897387","Veltener RC Empor 1969","rugby union club",NA,NA,NA,NA,NA,NA,"Germany",NA,NA,NA,"Velten",NA,NA
"Q27958072","Bridgnorth RFC","rugby union club",NA,NA,NA,NA,NA,NA,"United Kingdom",NA,NA,NA,NA,NA,"11cs1cf3ff"
"Q27963257","Ilkley Rugby Club","rugby union club","1899-01-01","1899-1-1",NA,NA,NA,NA,"United Kingdom",NA,NA,NA,NA,NA,"11cs1fc0_l"
"Q27963258","Colchester RFC","rugby union team",NA,NA,NA,NA,NA,NA,"United Kingdom",NA,NA,NA,NA,NA,"11c1r29s6y"
"Q27963259","Eton Manor RFC","rugby union team",NA,NA,NA,NA,NA,NA,"United Kingdom",NA,NA,NA,NA,NA,"11c55blw68"
"Q27963261","Ivybridge RFC","rugby union club","1979-01-01","1979-1-1",NA,NA,NA,NA,"United Kingdom",NA,NA,NA,NA,NA,"11c1r1nlch"
"Q27963262","Salisbury RFC","rugby union club","1912-01-01","1912-1-1",NA,NA,NA,NA,"United Kingdom",NA,NA,NA,NA,NA,"11cs1c2h7f"
"Q28163055","Club Atlético Ducilo","rugby union club","1938-11-18","1938-11-18",NA,NA,NA,NA,"Argentina",NA,NA,NA,"Berazategui",NA,"11c5xlrmgw"
"Q281694","Berliner RC","rugby union club","1928-01-01","1928-1-1",NA,NA,NA,NA,"Germany","Rugby-Bundesliga",NA,NA,"Berlin",NA,NA
"Q2817228","SC Mazamet","rugby union team","1905-01-01","1905-1-1",NA,NA,NA,NA,"France",NA,NA,NA,"Mazamet",NA,NA
"Q2817319","Stade Montchaninois","rugby union team","1961-01-01","1961-1-1",NA,NA,NA,NA,"France",NA,NA,NA,"Montchanin",NA,NA
"Q2819481","ASUB Waterloo","rugby union team","1959-01-01","1959-1-1",NA,NA,NA,NA,"Belgium",NA,NA,NA,NA,NA,NA
"Q2819484","RSV Köln","rugby union team","1951-01-01","1951-1-1",NA,NA,NA,NA,"Germany","Rugby-Bundesliga",NA,NA,NA,NA,NA
"Q28195271","Old Spierians","rugby union team","1890-01-01","1890-1-1",NA,NA,NA,NA,NA,NA,NA,NA,NA,NA,"11c2pl_vmc"
"Q2821574","Aberdeen GSFP RFC","rugby union team","1893-01-01","1893-1-1",NA,NA,NA,NA,"United Kingdom","Scottish Premiership","Rubislaw Playing Fields",NA,NA,NA,NA
"Q28219725","Adelaide Black Falcons","rugby union club",NA,NA,NA,NA,NA,NA,"Australia",NA,NA,NA,NA,NA,"11cs3yssrn"
"Q2822078","Abu Dhabi Harlequins","rugby union team",NA,NA,NA,NA,NA,NA,NA,NA,NA,NA,NA,NA,NA
"Q28223950","Australian Barbarians","rugby union team","1957-01-01","1957-1-1",NA,NA,NA,NA,NA,NA,NA,NA,NA,NA,"11c0q_cmym"
"Q28230092","Ilirët Rugby Club","rugby union club",NA,NA,NA,NA,NA,NA,"Albania",NA,NA,NA,NA,NA,"11c562k091"
"Q28233081","Saskatoon Wild Oats RFC","rugby union club",NA,NA,NA,NA,NA,NA,"Canada",NA,NA,NA,NA,NA,"11cs2wyz9r"
"Q282354","Hamilton RFC","rugby union team","1927-01-01","1927-1-1",NA,NA,NA,NA,"United Kingdom","Scottish Premiership Division Two",NA,NA,NA,NA,NA
"Q2827226","AgroUniversity Kazan","rugby union club","1967-01-01","1967-1-1",NA,NA,NA,NA,"Russia",NA,NA,NA,NA,NA,NA
"Q2834681","Cardenales Rugby Club","rugby union club","1944-01-01","1944-1-1",NA,NA,NA,"Unión de Rugby de Tucumán","Argentina","Torneo del Noroeste",NA,NA,"San Miguel de Tucumán",NA,NA
"Q28402763","Long Eaton RFC","rugby union team",NA,NA,NA,NA,NA,NA,"United Kingdom",NA,NA,NA,NA,NA,"11c1p7_72k"
"Q28403320","Hessle RUFC","rugby union club",NA,NA,NA,NA,NA,NA,"United Kingdom",NA,NA,NA,NA,NA,"11cs1bvwmw"
"Q28403560","Grimsby RUFC","rugby union club",NA,NA,NA,NA,NA,NA,"United Kingdom",NA,NA,NA,NA,NA,"11c56999z2"
"Q28407529","Hutchesons' GSFP","rugby union club","1923-01-01","1923-1-1",NA,NA,NA,NA,"United Kingdom",NA,NA,NA,NA,NA,"11c2phf7gw"
"Q28407530","Old Aloysians RFC","rugby union club",NA,NA,NA,NA,NA,NA,"United Kingdom",NA,NA,NA,NA,NA,"11ddxv85hf"
"Q28407535","Hutchesons Aloysians","rugby union club","1990-01-01","1990-1-1",NA,NA,NA,NA,"United Kingdom",NA,NA,NA,NA,NA,"11c5_z6gp4"
"Q28408132","Brighton & Hove Sea Serpents","rugby union club",NA,NA,NA,NA,NA,NA,"United Kingdom",NA,NA,NA,NA,NA,"11c60_50z9"
"Q2841363","Rugby San Donà","rugby union club","1959-01-01","1959-1-1",NA,NA,NA,"Italian Rugby Federation","Italy","Serie B","Q3967873","1500",NA,NA,"112yg120_"
"Q2841455","Club San Luis","rugby union club","1961-01-01","1961-1-1",NA,NA,NA,NA,"Argentina",NA,NA,NA,"Tolosa",NA,NA
"Q28446145","Towcestrians Sports Club","rugby union club","1933-01-01","1933-1-1",NA,NA,NA,NA,"United Kingdom",NA,NA,NA,"Towcester",NA,"11cp5_nwzp"
"Q28495465","Union Rugby Club de Dumbéa","rugby union team","2009-01-01","2009-1-1",NA,NA,NA,NA,"France",NA,NA,NA,"Dumbéa",NA,"11c5zxq160"
"Q2857438","Union sportive romanaise et péageoise","rugby union team","1908-01-01","1908-1-1","2016-06-30","2016-6-30",NA,NA,"France",NA,NA,NA,"Romans-sur-Isère",NA,"121kq3ww"
"Q28663814","CASA de Padua Rugby","rugby union team","1981-10-01","1981-10-1",NA,NA,NA,NA,"Argentina",NA,NA,NA,NA,NA,"11c610q6yv"
"Q2868057","AS Mérignac","rugby union team","1972-02-04","1972-2-4",NA,NA,NA,NA,"France",NA,NA,NA,"Mérignac",NA,"122kc8_m"
"Q2868062","AS Saint-Junien","rugby union team","1904-01-01","1904-1-1",NA,NA,NA,NA,"France",NA,NA,NA,"Saint-Junien",NA,"122tpds5"
"Q2868101","Association sportive de Villeurbanne et de l'Éveil lyonnais rugby","rugby union club","1899-01-01","1899-1-1",NA,NA,NA,NA,"France",NA,"Stade Georges Lyvet",NA,"Villeurbanne",NA,"1ylhlkg7v"
"Q2868124","Association sportive fleurantine","rugby union club","1906-03-07","1906-3-7",NA,NA,NA,NA,"France",NA,NA,NA,"Fleurance",NA,"1215jdl4"
"Q2868153","Association sportive mâconnaise","rugby union team","1909-01-01","1909-1-1",NA,NA,NA,NA,"France",NA,NA,NA,"Q119164384",NA,"121xkdbf"
"Q2868156","AS Soustons","rugby union team","1926-01-01","1926-1-1",NA,NA,NA,NA,"France",NA,"Stade Rémy-Goalard",NA,"Soustons",NA,"122jx0q4"
"Q2868158","Amicale sportive vauréenne","rugby union team","1906-01-01","1906-1-1",NA,NA,NA,NA,"France",NA,NA,NA,"Lavaur",NA,"120t4lhy"
"Q2868218","Academica Coimbra – rugby","rugby union team","1955-01-01","1955-1-1",NA,NA,NA,NA,"Portugal","Campeonato Português de Rugby","Estádio Municipal Sérgio Conceição","8000",NA,NA,NA
"Q2869022","Athens RFC","rugby union team","2004-01-01","2004-1-1",NA,NA,NA,NA,"Greece",NA,NA,NA,NA,NA,NA
"Q2870092","Attica Springboks RFC","rugby union team","2000-01-01","2000-1-1",NA,NA,NA,NA,"Greece",NA,NA,NA,NA,NA,NA
"Q2873446","Avenir aturin rugby","rugby union team","1908-01-16","1908-1-16",NA,NA,NA,NA,"France",NA,NA,NA,"Aire-sur-l'Adour",NA,"12283x1q"
"Q2873447","Avenir castanéen rugby","rugby union team","1968-01-01","1968-1-1",NA,NA,NA,NA,"France",NA,NA,NA,"Castanet-Tolosan",NA,"121jcd23"
"Q2873456","AS Bédarrides Châteauneuf-du-Pape","rugby union team","1923-01-01","1923-1-1",NA,NA,NA,NA,"France",NA,NA,NA,"Bédarrides",NA,"12215drx"
"Q2873463","Avenir sportif de M'saken","rugby union club","1991-01-01","1991-1-1",NA,NA,NA,NA,"Tunisia",NA,NA,NA,"M'saken",NA,"121w1h9s"
"Q2877524","BUC St Josse","rugby union team",NA,NA,NA,NA,NA,NA,"Belgium",NA,NA,NA,NA,NA,NA
"Q2881428","Ballymena RFC","rugby union club","1887-01-01","1887-1-1",NA,NA,NA,NA,"United Kingdom",NA,NA,NA,NA,NA,NA
"Q2881429","Brisbane City","rugby union club","2007-01-01","2007-1-1",NA,NA,NA,NA,"Australia",NA,"Ballymore Stadium",NA,NA,NA,NA
"Q2881438","Ballynahinch RFC","rugby union team","1954-01-01","1954-1-1",NA,NA,NA,NA,"Ireland","All-Ireland League",NA,NA,NA,NA,NA
"Q2882075","Club Banco Nación","rugby union club","1909-01-01","1909-1-1",NA,NA,NA,NA,"Argentina",NA,NA,NA,"Vicente López",NA,NA
"Q28843742","Valence Romans Drôme Rugby","rugby union team","2016-07-01","2016-7-1",NA,NA,NA,NA,"France","Pro D2",NA,NA,"Romans-sur-Isère",NA,NA
"Q2884711","Barnhall RFC","rugby union team","1969-01-01","1969-1-1",NA,NA,NA,NA,"Ireland",NA,NA,NA,NA,NA,NA
"Q28869487","Angouleme Sporting Club","rugby union team","1910-02-15","1910-2-15","2010-07-23","2010-7-23",NA,NA,"France",NA,NA,NA,"Angoulême",NA,"11g6qd_5s_"
"Q2888930","Tucumán Rugby Club","rugby union club","1942-01-01","1942-1-1",NA,NA,NA,"Unión de Rugby de Tucumán","Argentina",NA,NA,NA,"Yerba Buena",NA,NA
"Q289030","Birmingham Moseley Rugby Club","rugby union club","1873-01-01","1873-1-1",NA,NA,NA,"Rugby Football Union","United Kingdom","National League 1","Billesley Common","5000",NA,NA,NA
"Q2893513","Bective Rangers","rugby union team","1881-01-01","1881-1-1",NA,NA,NA,NA,"Ireland",NA,"Donnybrook Stadium",NA,NA,NA,NA
"Q2894320","Belfast Harlequins","rugby union team","1999-01-01","1999-1-1",NA,NA,NA,NA,"Northern Ireland",NA,NA,NA,NA,NA,NA
"Q28966513","Kelvinside-West","defunct rugby union club","1945-01-01","1945-1-1",NA,NA,NA,NA,NA,NA,NA,NA,NA,NA,"11c38sdsbv"
"Q28966518","Panmure RFC","rugby union club","1880-01-01","1880-1-1",NA,NA,NA,NA,"United Kingdom",NA,NA,NA,NA,NA,"11g6njcwhd"
"Q28966547","Cumnock RFC","rugby union team","1962-01-01","1962-1-1",NA,NA,NA,NA,NA,NA,NA,NA,NA,NA,"11c6s6ltnf"
"Q28966555","Stewart's College FP","defunct rugby union club",NA,NA,NA,NA,NA,NA,NA,NA,NA,NA,NA,NA,"11g6rkfr55"
"Q2896859","Bera Bera RT","rugby union team","1983-01-01","1983-1-1",NA,NA,NA,NA,"Spain","División de Honor de Rugby",NA,NA,"San Sebastián",NA,NA
"Q2897277","Berliner SV 92 Rugby","rugby union team","1892-01-01","1892-1-1",NA,NA,NA,NA,"Germany","Rugby-Bundesliga",NA,NA,NA,NA,NA
"Q2902403","Biggar RFC","rugby union team","1975-01-01","1975-1-1",NA,NA,NA,NA,"United Kingdom",NA,NA,NA,NA,NA,NA
"Q2904530","Birmingham & Solihull R.F.C.","rugby union team","1989-01-01","1989-1-1",NA,NA,NA,NA,"United Kingdom",NA,NA,NA,NA,NA,NA
"Q2905584","Blackrock College RFC","rugby union club","1881-01-01","1881-1-1",NA,NA,NA,NA,"Ireland","All-Ireland League",NA,NA,NA,NA,NA
"Q2908794","Bohemian Rugby Football Club","rugby union club","1922-01-01","1922-1-1",NA,NA,NA,NA,NA,NA,NA,NA,NA,NA,"1229knr_"
"Q2909126","Boitsfort Rugby Club","rugby union team","1970-01-01","1970-1-1",NA,NA,NA,NA,"Belgium",NA,NA,NA,NA,NA,NA
"Q2911617","Boston Irish Wolfhounds","rugby union club","1989-01-01","1989-1-1",NA,NA,NA,NA,"United States",NA,NA,NA,NA,NA,NA
"Q2921331","Boucau Tarnos stade","rugby union team","1907-01-01","1907-1-1",NA,NA,NA,NA,"France",NA,NA,NA,"Tarnos",NA,"1229dsm8"
"Q2925165","Bridgend Ravens","rugby union team","1878-01-01","1878-1-1",NA,NA,NA,NA,"United Kingdom",NA,"Brewery Field",NA,NA,NA,NA
"Q2925718","British Columbia RU","rugby union team","1889-01-01","1889-1-1",NA,NA,NA,NA,"Canada",NA,NA,NA,NA,NA,NA
"Q2926274","Brothers Old Boys","rugby union team","1905-01-01","1905-1-1",NA,NA,NA,NA,"Australia","Queensland Premier Rugby",NA,NA,NA,NA,NA
"Q2927421","Buccaneers RFC","rugby union team","1994-01-01","1994-1-1",NA,NA,NA,NA,NA,NA,NA,NA,NA,NA,NA
"Q2927879","Bulava Taganrog","rugby union club","1960-01-01","1960-1-1",NA,NA,NA,NA,"Russia",NA,NA,NA,NA,NA,"1xy2_xr_"
"Q2928543","Burnaby Lake Rugby Club","rugby union team","1994-01-01","1994-1-1",NA,NA,NA,"Rugby Canada","Canada",NA,NA,NA,"Burnaby",NA,NA
"Q2929903","S.S. Juventus Roma","defunct rugby union club","1905-01-01","1905-1-1",NA,NA,NA,NA,"Italy",NA,NA,NA,"Rome",NA,"1230jwmb"
"Q2932002","CSM Baia Mare","rugby union club","1977-01-01","1977-1-1",NA,NA,NA,NA,"Romania",NA,NA,NA,NA,NA,NA
"Q2932077","CUS Torino Rugby","rugby union team","1928-01-01","1928-1-1",NA,NA,NA,"Italian Rugby Federation","Italy","Serie A",NA,NA,NA,NA,"1222ckgx"
"Q2932822","Caen Rugby Club","rugby union team","1977-01-01","1977-1-1",NA,NA,NA,NA,"France",NA,NA,NA,"Caen",NA,"121rvn9m"
"Q2932851","Caerphilly RFC","rugby union team","1887-01-01","1887-1-1",NA,NA,NA,NA,"United Kingdom",NA,NA,NA,NA,NA,NA
"Q2933721","Caldas Rugby Clube","rugby union team",NA,NA,NA,NA,NA,NA,"Portugal",NA,NA,NA,NA,NA,NA
"Q2933786","Caledonia Reds","rugby union team","1995-01-01","1995-1-1",NA,NA,NA,NA,"United Kingdom",NA,"McDiarmid Park",NA,NA,NA,NA
"Q2933908","Calgary Mavericks","rugby union team","1960-01-01","1960-1-1",NA,NA,NA,NA,"Canada",NA,NA,NA,NA,NA,NA
"Q2934697","Cambridge University RUFC","rugby union team","1872-01-01","1872-1-1",NA,NA,NA,NA,"United Kingdom","RFU Championship",NA,NA,NA,NA,NA
"Q29379004","Penryn RFC","rugby union team","1872-01-01","1872-1-1",NA,NA,NA,NA,"United Kingdom",NA,"The Memorial Ground",NA,NA,NA,"11g6jy2_7y"
"Q29379006","Bude RFC","rugby union team","1966-01-01","1966-1-1",NA,NA,NA,NA,"United Kingdom",NA,NA,NA,NA,NA,"11g6lz5sgm"
"Q29379011","St Austell RFC","rugby union team","1963-01-01","1963-1-1",NA,NA,NA,NA,"United Kingdom",NA,NA,NA,NA,NA,"11dxb1348r"
"Q29379015","Truro RFC","rugby union team","1885-01-01","1885-1-1",NA,NA,NA,NA,"United Kingdom",NA,NA,NA,NA,NA,"11dxb1vb49"
"Q2940173","Carrasco Polo Club","rugby union club","1933-01-01","1933-1-1",NA,NA,NA,NA,"Uruguay",NA,NA,NA,NA,NA,NA
"Q2940573","Cartha Queens Park RFC","rugby union team","1906-01-01","1906-1-1",NA,NA,NA,NA,"United Kingdom",NA,NA,NA,NA,NA,NA
"Q2941339","Castaway Wanderers","rugby union team","1994-01-01","1994-1-1",NA,NA,NA,NA,"Canada",NA,NA,NA,NA,NA,NA
"Q29458342","Wanderers Rugby Club","rugby union team","1920-02-01","1920-2-1",NA,NA,NA,NA,"Namibia",NA,NA,NA,NA,NA,"11dxr_dq1x"
"Q2946149","Centro Desportivo Universitário de Lisboa","rugby union team","1952-01-01","1952-1-1",NA,NA,NA,NA,"Portugal",NA,NA,NA,"Lisbon",NA,NA
"Q2946150","Centro Desportivo Universitário do Porto","rugby union team","1964-01-01","1964-1-1",NA,NA,NA,NA,"Portugal",NA,NA,NA,NA,NA,"11dxpg9yr7"
"Q2946443","CA Lannemezan","rugby union team","1913-01-01","1913-1-1",NA,NA,NA,NA,"France",NA,NA,NA,"Lannemezan",NA,NA
"Q29467142","Roskill Districts RFC","rugby union club",NA,NA,NA,NA,NA,NA,"New Zealand",NA,NA,NA,NA,NA,"11dxb0yfvj"
"Q29470751","Austin Huns","rugby union team","1972-01-01","1972-1-1",NA,NA,NA,NA,"France",NA,NA,NA,NA,NA,"11dxb1x13k"
"Q2961176","Charrua Rugby Clube","rugby union club",NA,NA,NA,NA,NA,NA,"Brazil",NA,NA,NA,NA,NA,NA
"Q2972340","Real Ciencias Rugby Club","rugby union team","1972-01-01","1972-1-1",NA,NA,NA,NA,"Spain",NA,NA,NA,NA,NA,NA
"Q2976140","European Rugby Club Rankings","rugby union team",NA,NA,NA,NA,NA,NA,NA,NA,NA,NA,NA,NA,NA
"Q297901","ASM Clermont Auvergne","rugby union club","1911-10-11","1911-10-11",NA,NA,NA,"French Rugby Federation","France","Top 14","Parc des Sports Marcel Michelin","19357","Clermont-Ferrand","clermont",NA
"Q2979557","Clonakilty RFC","rugby union team","1977-01-01","1977-1-1",NA,NA,NA,NA,"Ireland",NA,NA,NA,NA,NA,NA
"Q2979803","Alcobendas Rugby","rugby union team","2003-01-01","2003-1-1",NA,NA,NA,NA,"Spain",NA,"Campo de rugby Las Terrazas",NA,"Alcobendas",NA,NA
"Q2979971","Club de Regatas Bella Vista","rugby union club","1895-02-14","1895-2-14",NA,NA,NA,"Unión de Rugby de Buenos Aires","Argentina","URBA Primera A",NA,NA,"Bella Vista",NA,NA
"Q2980034","Club Africain","rugby union club","1974-01-01","1974-1-1","1988-01-01","1988-1-1",NA,NA,"Tunisia",NA,NA,NA,"Tunis",NA,"122r2qbd"
"Q2980066","Club athlétique ribéracois rugby","rugby union team","1909-01-01","1909-1-1",NA,NA,NA,NA,"France",NA,NA,NA,"Ribérac",NA,"121vx9k5"
"Q2980067","CA Saint-Étienne Loire Sud Rugby","rugby union team","1908-01-01","1908-1-1","2016-08-01","2016-8-1",NA,NA,"France",NA,"Stade Etivallière",NA,"Saint-Étienne",NA,NA
"Q2980068","Sarlat Rugby","rugby union team","1903-01-01","1903-1-1",NA,NA,NA,NA,"France",NA,NA,NA,"Sarlat-la-Canéda",NA,"120ldv89"
"Q2980131","CR Liceo Francés","rugby union team","1968-01-01","1968-1-1",NA,NA,NA,NA,"Spain",NA,NA,NA,"Madrid",NA,NA
"Q2980223","Club Olympique Creusot Bourgogne","rugby union team","1901-01-01","1901-1-1",NA,NA,NA,"French Rugby Federation","France",NA,NA,NA,"Le Creusot",NA,NA
"Q2980227","Club olympique Périgueux-Ouest rugby","rugby union team",NA,NA,NA,NA,NA,NA,"France",NA,NA,NA,"Périgueux",NA,"1yxkhn40x"
"Q2980257","Club sportif Lons Jura","rugby union team","1914-01-01","1914-1-1","2009-01-01","2009-1-1",NA,NA,"France",NA,NA,NA,"Lons-le-Saunier",NA,"121b74t1"
"Q2980279","Club sportif de Vienne rugby","rugby union team","1899-02-19","1899-2-19",NA,NA,NA,NA,"France",NA,NA,NA,"Vienne",NA,"122_9ggq"
"Q2980297","Club sportif multisport gennevillois rugby","rugby union team",NA,NA,NA,NA,NA,NA,"France",NA,NA,NA,"Gennevilliers",NA,"121xqlh_"
"Q2980359","C. R. Técnico","rugby union team","1963-01-01","1963-1-1",NA,NA,NA,NA,"Portugal",NA,NA,NA,NA,NA,NA
"Q2981114","Coastal Stallions","rugby union team","2004-01-01","2004-1-1",NA,NA,NA,NA,NA,"Colonial Cup",NA,NA,NA,NA,NA
"Q2981203","Coca Cola West Red Sparks","rugby union club","1966-01-01","1966-1-1",NA,NA,NA,NA,"Japan",NA,NA,NA,NA,NA,NA
"Q298137","ASV Köln","rugby union club","1929-01-01","1929-1-1",NA,NA,NA,NA,"Germany",NA,NA,NA,NA,NA,NA
"Q2996894","Coq Mosan","rugby union team","1967-01-01","1967-1-1",NA,NA,NA,NA,"Belgium",NA,NA,NA,NA,NA,NA
"Q2997389","Cork Constitution","rugby union team","1892-01-01","1892-1-1",NA,NA,NA,NA,"Ireland","All-Ireland League",NA,NA,NA,NA,NA
"Q2998910","County Carlow Football Club","rugby union team","1873-01-01","1873-1-1",NA,NA,NA,NA,"Ireland",NA,NA,NA,NA,NA,NA
"Q3003159","Crociati Rugby Football Club","defunct rugby union club","2010-01-01","2010-1-1","2014-01-01","2014-1-1",NA,"Italian Rugby Federation","Italy",NA,NA,NA,NA,NA,"121k2w98"
"Q30074643","Buckinghamshire Rugby Football Union","rugby union team",NA,NA,NA,NA,NA,NA,NA,NA,NA,NA,NA,NA,"11c6dx8978"
"Q30074653","Okehampton RFC","rugby union team","1884-01-01","1884-1-1",NA,NA,NA,NA,"United Kingdom",NA,NA,NA,NA,NA,"11g6dg3gh3"
"Q30074676","Torquay Athletic RFC","rugby union team","1875-01-01","1875-1-1",NA,NA,NA,NA,"United Kingdom",NA,NA,NA,NA,NA,"11c37j71x9"
"Q30074683","Bideford RFC","rugby union team","1926-01-01","1926-1-1",NA,NA,NA,NA,"United Kingdom",NA,NA,NA,NA,NA,"11c380k26y"
"Q30083233","Peru national under-20 rugby union team","rugby union team",NA,NA,NA,NA,NA,NA,"Peru",NA,NA,NA,NA,NA,"11dzdy0cjg"
"Q3010323","Céret sportif","rugby union team","1915-01-01","1915-1-1",NA,NA,NA,NA,"France",NA,NA,NA,"Céret",NA,"1213h_x3"
"Q30115937","Omagh Academicals RFC","rugby union club",NA,NA,NA,NA,NA,NA,"Ireland","All-Ireland League",NA,NA,NA,NA,"11dynyrh6j"
"Q3019420","Tamariba Club","rugby union club",NA,NA,NA,NA,NA,NA,"Japan",NA,NA,NA,NA,NA,NA
"Q3020176","De La Salle Palmerston","rugby union team","1985-01-01","1985-1-1",NA,NA,NA,NA,"Ireland",NA,NA,NA,NA,NA,NA
"Q3020248","Rugby Club Walferdange","rugby union team","1990-01-01","1990-1-1",NA,NA,NA,NA,"Luxembourg",NA,NA,NA,NA,NA,NA
"Q3020426","Ricoh Black Rams Tokyo","rugby union club","1953-01-01","1953-1-1",NA,NA,NA,NA,"Japan","Japan Rugby League One","Komazawa Olympic Park Stadium",NA,"Tokyo",NA,NA
"Q3028258","CS Dinamo București","rugby union club","1949-01-01","1949-1-1",NA,NA,NA,NA,"Romania",NA,NA,NA,NA,NA,NA
"Q3034317","Dolphin RFC","rugby union team","1902-01-01","1902-1-1",NA,NA,NA,NA,"Ireland",NA,"Musgrave Park",NA,NA,NA,NA
"Q3036238","Doncaster R.F.C.","rugby union club","1875-01-01","1875-1-1",NA,NA,NA,NA,"United Kingdom","Premiership Rugby","Castle Park rugby stadium",NA,NA,NA,NA
"Q3040530","Dublin University Football Club","rugby union club","1854-01-01","1854-1-1",NA,NA,NA,NA,"Ireland","All-Ireland League",NA,NA,NA,NA,NA
"Q3041308","Dungannon RFC","rugby union team","1873-01-01","1873-1-1",NA,NA,NA,NA,"Ireland",NA,NA,NA,NA,NA,NA
"Q304142","Austria national rugby union team","national rugby union team",NA,NA,NA,NA,NA,NA,"Austria",NA,NA,NA,NA,NA,NA
"Q3046497","Queensland Country","rugby union team","2007-01-01","2007-1-1",NA,NA,NA,NA,"Australia",NA,NA,NA,NA,NA,NA
"Q3046570","Eastern Suburbs RUFC","rugby union club","1900-01-01","1900-1-1",NA,NA,NA,NA,"Australia",NA,NA,NA,NA,NA,NA
"Q3046571","Eastern Province Kings","rugby union team","1888-01-01","1888-1-1",NA,NA,NA,"South African Rugby Union","South Africa","Currie Cup","Nelson Mandela Bay Stadium","48000","Gqeberha",NA,NA
"Q3046592","Easts Tigers Rugby Union","rugby union team","1947-01-01","1947-1-1",NA,NA,NA,NA,"Australia",NA,NA,NA,NA,NA,NA
"Q3046597","Eastwood Rugby Club","rugby union club","1927-01-01","1927-1-1",NA,NA,NA,NA,"Australia",NA,NA,NA,NA,NA,NA
"Q3052155","Emerald Warriors RFC","rugby union team","2003-01-01","2003-1-1",NA,NA,NA,NA,"Ireland",NA,NA,NA,NA,NA,NA
"Q3054979","Entente Astarac Bigorre XV","rugby union club","2003-01-01","2003-1-1",NA,NA,NA,NA,"France",NA,NA,NA,"Miélan",NA,"120pgt47"
"Q3055011","Entente de la vallée du Girou XV","rugby union team","1975-06-25","1975-6-25",NA,NA,NA,NA,"France",NA,NA,NA,"Pechbonnieu",NA,"1234blw0"
"Q3055025","Entente sportive Avignon Saint-Saturnin","rugby union team","1959-01-01","1959-1-1","1991-01-01","1991-1-1",NA,NA,"France",NA,NA,NA,"Avignon",NA,"1233lt1x"
"Q3055031","Entente sportive Nanterre","rugby union club",NA,NA,NA,NA,NA,NA,"France",NA,NA,NA,"Nanterre",NA,"11x7vsn18"
"Q3055043","Entente vigilante Malemort Brive olympique","rugby union club","1990-01-01","1990-1-1",NA,NA,NA,NA,"France",NA,NA,NA,"Brive-la-Gaillarde",NA,"120_f_wq"
"Q30593005","Hamburg Exiles RFC","rugby union club",NA,NA,NA,NA,NA,NA,NA,NA,NA,NA,NA,NA,"11c6spj3ff"
"Q30602487","Loughborough Students","rugby union team","1978-01-01","1978-1-1",NA,NA,NA,"Rugby Football Union","United Kingdom",NA,NA,NA,NA,NA,"11g6ypcvlq"
"Q3063145","FC St. Pauli Rugby","rugby union team","1933-01-01","1933-1-1",NA,NA,NA,NA,"Germany","Rugby-Bundesliga",NA,NA,NA,NA,NA
"Q30632741","Waterloo Ladies","rugby union team",NA,NA,NA,NA,NA,NA,"United Kingdom",NA,NA,NA,NA,NA,"11dxm7vcff"
"Q30635588","Lloyds Bank RFC","rugby union team",NA,NA,NA,NA,NA,NA,"United Kingdom",NA,NA,NA,NA,NA,"11dylqxd52"
"Q30636459","Straits Sharks","rugby union club",NA,NA,NA,NA,NA,NA,NA,NA,NA,NA,NA,NA,"11dylv3tc8"
"Q30643284","Cleethorpes RUFC","rugby union team",NA,NA,NA,NA,NA,NA,"United Kingdom",NA,NA,NA,NA,NA,"11dzt04sx5"
"Q30672221","Stothert & Pitt RFC","rugby union club",NA,NA,NA,NA,NA,NA,"United Kingdom",NA,NA,NA,NA,NA,"11ddyss612"
"Q30681107","Albania national rugby union team","national rugby union team",NA,NA,NA,NA,NA,NA,"Albania",NA,NA,NA,NA,NA,"11g72lj2t3"
"Q30685372","Berlin Bruisers","rugby union club",NA,NA,NA,NA,NA,NA,"Germany",NA,NA,NA,NA,NA,"11dfk_p6lt"
"Q3071726","Fiji Barbarians","rugby union team","2006-01-01","2006-1-1",NA,NA,NA,NA,"Fiji",NA,NA,NA,NA,NA,NA
"Q3071728","Fiji Warriors","second national rugby union teams","2006-01-01","2006-1-1",NA,NA,NA,NA,"Fiji",NA,NA,NA,NA,NA,NA
"Q3071807","Fili Moscow","rugby union club","1967-01-01","1967-1-1",NA,NA,NA,NA,"Russia",NA,NA,NA,NA,NA,NA
"Q3072563","La Voulte sportif","rugby union team","1907-01-01","1907-1-1","2010-01-01","2010-1-1",NA,NA,"France",NA,NA,NA,"La Voulte-sur-Rhône",NA,"120_4k9q"
"Q3072847","Firenze Rugby 1931","rugby union team","1931-01-01","1931-1-1",NA,NA,NA,"Italian Rugby Federation","Italy",NA,NA,NA,NA,NA,"11dyksxmt"
"Q30737461","Cercle sportif Villefranche-sur-Saône rugby","rugby union team","1908-07-19","1908-7-19",NA,NA,NA,NA,"France",NA,NA,NA,"Villefranche-sur-Saône",NA,"11dzvxg709"
"Q30739182","Red Star Olympique rugby","rugby union team","1926-01-01","1926-1-1",NA,NA,NA,NA,"France",NA,NA,NA,"Saint-Ouen-sur-Seine",NA,"11g7289n0x"
"Q3076661","Football Club Aix-les-Bains","rugby union team","1901-01-01","1901-1-1",NA,NA,NA,NA,"France",NA,NA,NA,"Aix-les-Bains",NA,"121xq8zf"
"Q3076663","FC Saint-Claude","rugby union team","1900-01-01","1900-1-1",NA,NA,NA,NA,"France",NA,NA,NA,"Saint-Claude",NA,"120x6w2n"
"Q3076669","Football club moulinois rugby","rugby union club","1906-01-01","1906-1-1",NA,NA,NA,NA,"France",NA,NA,NA,"Moulins",NA,"121pkdm1"
"Q3076671","Football Club oloronais","rugby union team","1908-01-01","1908-1-1",NA,NA,NA,NA,"France",NA,NA,NA,"Oloron-Sainte-Marie",NA,"1238y2kx"
"Q3076673","Football club villefranchois","rugby union team","1906-01-01","1906-1-1",NA,NA,NA,NA,"France",NA,NA,NA,"Villefranche-de-Lauragais",NA,"123655w7"
"Q3086675","Fraser Valley Venom","rugby union team","1972-01-01","1972-1-1",NA,NA,NA,NA,"Canada",NA,NA,NA,NA,NA,NA
"Q30900858","Old Christians Club","rugby union team",NA,NA,NA,NA,NA,NA,"Uruguay",NA,NA,NA,NA,NA,"11dxl2s7_n"
"Q30929258","Yaskawa Electric Rugby Club","rugby union club",NA,NA,NA,NA,NA,NA,"Japan",NA,NA,NA,NA,NA,"11dybb1b9x"
"Q3093339","GPS Rugby","rugby union club","1887-01-01","1887-1-1",NA,NA,NA,NA,"Australia",NA,NA,NA,NA,NA,NA
"Q3094887","Galwegians RFC","rugby union team","1922-01-01","1922-1-1",NA,NA,NA,NA,"Ireland",NA,NA,NA,NA,NA,NA
"Q3094888","Galway Corinthians RFC","rugby union team","1932-01-01","1932-1-1",NA,NA,NA,NA,"Ireland",NA,NA,NA,NA,NA,NA
"Q3098495","Garryowen Football Club","rugby union team","1884-01-01","1884-1-1",NA,NA,NA,NA,"Ireland","All-Ireland League",NA,NA,NA,NA,NA
"Q3104686","Getxo Rugby Taldea","rugby union team","1975-01-01","1975-1-1",NA,NA,NA,NA,"Spain",NA,NA,NA,NA,NA,NA
"Q3108474","Glamorgan County RFC","rugby union team",NA,NA,NA,NA,NA,NA,"United Kingdom",NA,NA,NA,NA,NA,NA
"Q3108544","Glasgow High Kelvinside","rugby union team","1982-01-01","1982-1-1",NA,NA,NA,NA,"United Kingdom",NA,NA,NA,NA,NA,"11bw4vvhmq"
"Q3108545","Glasgow Academicals RFC","rugby union team","1866-01-01","1866-1-1",NA,NA,NA,NA,"United Kingdom",NA,NA,NA,NA,NA,NA
"Q3108546","Glasgow High School Former Pupils","rugby union team","1884-01-01","1884-1-1",NA,NA,NA,NA,"United Kingdom",NA,NA,NA,NA,NA,"120knf4h"
"Q3108550","Glasgow Hutchesons Aloysians RFC","rugby union team","1923-01-01","1923-1-1",NA,NA,NA,NA,"United Kingdom",NA,NA,NA,NA,NA,NA
"Q3109337","Lomas Athletic Club","rugby union club","1891-01-01","1891-1-1",NA,NA,NA,"Unión de Rugby de Buenos Aires","Argentina","URBA Top 12",NA,NA,"Lomas de Zamora",NA,NA
"Q3109994","Gold Coast Breakers","rugby union team","1996-01-01","1996-1-1",NA,NA,NA,NA,"Australia",NA,NA,NA,NA,NA,NA
"Q3110921","Gordon RFC","rugby union team","1936-01-01","1936-1-1",NA,NA,NA,NA,"Australia",NA,NA,NA,NA,NA,NA
"Q3110943","Gordonians RFC","rugby union team","1923-01-01","1923-1-1",NA,NA,NA,NA,"United Kingdom",NA,NA,NA,NA,NA,NA
"Q3111699","Gourdon XV Bouriane","rugby union team","1907-01-01","1907-1-1",NA,NA,NA,NA,"France",NA,NA,NA,"Gourdon",NA,"122qy6lk"
"Q3116581","Greystones RFC","rugby union team","1937-01-01","1937-1-1",NA,NA,NA,NA,"Ireland",NA,NA,NA,NA,NA,NA
"Q3116637","Griffons","rugby union club","1968-01-01","1968-1-1",NA,NA,NA,"South African Rugby Union","South Africa","Currie Cup","North West Stadium","8500","Welkom",NA,NA
"Q31174","Bay of Plenty RU","rugby union team","1911-01-01","1911-1-1",NA,NA,NA,"New Zealand Rugby","New Zealand","ITM Cup",NA,NA,"Mount Maunganui",NA,NA
"Q3117931","GS Figeac","rugby union team","1913-01-01","1913-1-1",NA,NA,NA,NA,"France",NA,NA,NA,"Figeac",NA,"1230v925"
"Q3118225","GD Direito","rugby union team",NA,NA,NA,NA,NA,NA,"Portugal",NA,NA,NA,"Lisbon",NA,NA
"Q3121447","Guy's, Kings and St. Thomas' Rugby Football Club","rugby union club","1843-01-01","1843-1-1",NA,NA,NA,NA,"United Kingdom",NA,NA,NA,NA,NA,NA
"Q31281653","Zaharrean Rugby Taldea","rugby union team","1963-01-01","1963-1-1",NA,NA,NA,NA,"Spain",NA,NA,NA,"San Sebastián",NA,NA
"Q31282285","Rugby Ourense Keltia","rugby union team","2014-01-01","2014-1-1",NA,NA,NA,NA,"Spain",NA,NA,NA,"Ourense",NA,NA
"Q3135433","Highfield RFC","rugby union team","1930-01-01","1930-1-1",NA,NA,NA,NA,"Ireland","All-Ireland League",NA,NA,NA,NA,NA
"Q3135671","Hillhead Jordanhill RFC","rugby union team","1988-01-01","1988-1-1",NA,NA,NA,NA,"United Kingdom","Scottish Premiership Division Two","Hughenden Stadium",NA,NA,NA,NA
"Q3148701","Illawarriors","rugby union team","2006-01-01","2006-1-1",NA,NA,NA,NA,"Australia",NA,NA,NA,NA,NA,NA
"Q3149412","Imperia-Dynamo Penza","rugby union club","2002-01-01","2002-1-1",NA,NA,NA,NA,"Russia",NA,NA,NA,NA,NA,NA
"Q3174673","UE Santboiana","rugby union club","1921-01-01","1921-1-1",NA,NA,NA,NA,"Spain","División de Honor de Rugby","Baldiri Aleu Stadium",NA,NA,NA,NA
"Q319305","Aberavon RFC","rugby union club","1876-01-01","1876-1-1",NA,NA,NA,NA,"United Kingdom",NA,"Talbot Athletic Ground",NA,"Port Talbot",NA,NA
"Q3194941","Kelso RFC","rugby union team","1876-01-01","1876-1-1",NA,NA,NA,NA,"United Kingdom","Scottish Premiership Division Two",NA,NA,NA,NA,NA
"Q3196999","King Country Rugby Football Union","rugby union team","1922-01-01","1922-1-1",NA,NA,NA,NA,"New Zealand",NA,NA,NA,NA,NA,NA
"Q3198123","Kobelco Kobe Steelers","rugby union club","1928-01-01","1928-1-1",NA,NA,NA,NA,"Japan","Japan Rugby League One","Wing Stadium Kobe; Kobe Universiade Memorial Stadium","30132; NA","Kobe",NA,NA
"Q3211747","La Plata Rugby Club","rugby union club","1934-01-01","1934-1-1",NA,NA,NA,"Unión de Rugby de Buenos Aires","Argentina",NA,NA,NA,"Manuel Bernardo Gonnet",NA,NA
"Q3217619","Lansdowne Football Club","rugby union club","1872-01-01","1872-1-1",NA,NA,NA,NA,"Ireland","All-Ireland League","Lansdowne Road",NA,NA,NA,NA
"Q3218248","Las Vegas Blackjacks RFC","rugby union team","1976-01-01","1976-1-1",NA,NA,NA,NA,"United States",NA,NA,NA,NA,NA,NA
"Q3220658","Bugue Athletic Club","rugby union team","1902-01-01","1902-1-1","2013-01-01","2013-1-1",NA,NA,"France",NA,NA,NA,"Le Bugue",NA,"1q673pbw0"
"Q3223482","Le Havre Athletic Club Rugby","rugby union team","1894-01-01","1894-1-1",NA,NA,NA,NA,"France",NA,NA,NA,"Le Havre",NA,NA
"Q3240887","Lille Métropole rugby","rugby union team","1996-02-01","1996-2-1","2016-04-06","2016-4-6",NA,NA,"France",NA,"Stadium Lille Métropole",NA,"Villeneuve-d'Ascq",NA,"1hcnfqt96"
"Q325466","Heidelberger RK","rugby union team","1872-01-01","1872-1-1",NA,NA,NA,NA,"Germany","Rugby-Bundesliga",NA,NA,"Heidelberg",NA,NA
"Q3257128","Liverpool St Helens F.C.","rugby union team","1857-01-01","1857-1-1",NA,NA,NA,NA,"United Kingdom",NA,NA,NA,NA,NA,NA
"Q32790180","Union Cognac Saint-Jean-d'Angély","rugby union team","2017-07-01","2017-7-1",NA,NA,NA,NA,"France",NA,"Parc des sports de Cognac",NA,"Cognac",NA,"11f06hrbr1"
"Q3282316","Malone RFC","rugby union team","1892-01-01","1892-1-1",NA,NA,NA,NA,"Ireland",NA,NA,NA,NA,NA,NA
"Q3285342","Manchester Rugby Club","rugby union team","1860-01-01","1860-1-1",NA,NA,NA,NA,"United Kingdom",NA,NA,NA,NA,NA,NA
"Q3286022","Manly RUFC","rugby union team","1906-01-01","1906-1-1",NA,NA,NA,NA,"Australia",NA,NA,NA,NA,NA,NA
"Q3291603","Dendermonde Rugby Club","rugby union team","1962-01-01","1962-1-1",NA,NA,NA,NA,"Belgium",NA,NA,NA,NA,NA,NA
"Q3294873","Unión de Sunchales","rugby union club","1948-04-02","1948-4-2",NA,NA,NA,NA,"Argentina",NA,NA,NA,"Sunchales",NA,NA
"Q3296656","Cameroon national rugby union team","national rugby union team",NA,NA,NA,NA,NA,NA,"Cameroon",NA,NA,NA,NA,NA,NA
"Q3301148","Kenya national rugby union team","national rugby union team","1955-01-01","1955-1-1",NA,NA,"Simbas",NA,"Kenya",NA,"RFUEA Ground","3000",NA,NA,NA
"Q3301431","Club Obras Sanitarias","rugby union club","1917-01-01","1917-1-1",NA,NA,NA,NA,"Argentina",NA,"Obras Sanitarias Arena",NA,"Núñez",NA,NA
"Q3312695","Midleton RFC","rugby union team","1927-01-01","1927-1-1",NA,NA,NA,NA,"Ireland",NA,NA,NA,NA,NA,NA
"Q3322823","Montluçon Rugby","rugby union team","2005-01-01","2005-1-1","2016-01-01","2016-1-1",NA,NA,"France",NA,NA,NA,"Saint-Victor",NA,NA
"Q3324822","Mosman Rugby Club","rugby union team","1890-01-01","1890-1-1",NA,NA,NA,NA,"Australia",NA,NA,NA,NA,NA,NA
"Q3326862","Hernani Club Rugby Elkartea","rugby union team","1965-01-01","1965-1-1",NA,NA,NA,NA,"Basque Country",NA,NA,NA,NA,NA,NA
"Q3334335","NEC Green Rockets Tokatsu","rugby union club","1985-01-01","1985-1-1",NA,NA,NA,NA,"Japan","Japan Rugby League One","Kashiwanoha Park Stadium",NA,NA,NA,NA
"Q3335463","Welwitschias","rugby union team",NA,NA,NA,NA,NA,NA,NA,NA,NA,NA,NA,NA,"120l2sf4"
"Q3339110","Newfoundland Rock","rugby union team","1984-01-01","1984-1-1",NA,NA,NA,NA,"Canada",NA,NA,NA,NA,NA,NA
"Q3339439","Niagara Lightning","rugby union team","2004-01-01","2004-1-1",NA,NA,NA,NA,"Canada",NA,NA,NA,NA,NA,NA
"Q3342196","Niterói Rugby","rugby union club",NA,NA,NA,NA,NA,NA,"Brazil",NA,NA,NA,NA,NA,"1236ymcp"
"Q3344223","Northern Suburbs Rugby Club","rugby union team","1900-01-01","1900-1-1",NA,NA,NA,NA,"Australia",NA,NA,NA,NA,NA,NA
"Q3344238","North Brisbane Rugby Club","rugby union team","1927-01-01","1927-1-1",NA,NA,NA,NA,"Australia",NA,NA,NA,NA,NA,NA
"Q3345530","RC Novokuznetsk","rugby union club","1967-01-01","1967-1-1",NA,NA,NA,NA,"Russia",NA,NA,NA,NA,NA,NA
"Q334657","Chile national rugby union team","national rugby union team","1936-09-18","1936-9-18",NA,NA,"los Cóndores",NA,"Chile",NA,NA,NA,NA,NA,NA
"Q3346707","Nyon Rugby Club","rugby union team","1972-01-01","1972-1-1",NA,NA,NA,NA,"Switzerland",NA,"Centre sportif de Colovray",NA,NA,NA,NA
"Q3350183","Old Crescent","rugby union team","1947-01-01","1947-1-1",NA,NA,NA,NA,"Ireland",NA,NA,NA,NA,NA,NA
"Q3350201","Old Mission Beach Athletic Club RFC","rugby union club","1966-01-01","1966-1-1",NA,NA,NA,NA,"United States",NA,NA,NA,NA,NA,NA
"Q3350224","Old Wesley RFC","rugby union club","1891-01-01","1891-1-1",NA,NA,NA,NA,"Ireland","All-Ireland League","Donnybrook Stadium",NA,NA,NA,NA
"Q335062","Belgium national rugby union team","national rugby union team","1930-07-01","1930-7-1",NA,NA,"Diables noirs",NA,"Belgium",NA,NA,NA,NA,NA,NA
"Q3351667","Olympique","defunct rugby union club","1895-01-01","1895-1-1","1902-01-01","1902-1-1",NA,NA,"France",NA,"Parc des Princes",NA,"Paris",NA,"155pbnq_"
"Q3351695","Olympique de Béja","rugby union club","1929-01-01","1929-1-1",NA,NA,NA,NA,"Tunisia",NA,NA,NA,"Béja",NA,"121hx4ch"
"Q3351703","Olympique de Marseille","rugby union team","1899-01-01","1899-1-1","1940-01-01","1940-1-1",NA,NA,"France",NA,"Stade de l'Huveaune",NA,"Marseille",NA,"121k2ll_"
"Q3356673","Orrell Rugby Club","rugby union club","1927-01-01","1927-1-1",NA,NA,NA,"Rugby Football Union","United Kingdom","Cheshire Division 3","St John Rigby College",NA,"Wigan",NA,NA
"Q3358855","Ovalie caennaise","rugby union club","2003-01-01","2003-1-1",NA,NA,NA,NA,"France",NA,NA,NA,"Caen",NA,"122jx12g"
"Q3359056","Oxford University RFC","rugby union team","1869-01-01","1869-1-1",NA,NA,NA,NA,"United Kingdom",NA,"Iffley Road rugby football ground",NA,NA,NA,NA
"Q3361904","Saiatama Panasonic Wild Knights","rugby union club","1960-01-01","1960-1-1",NA,NA,NA,NA,"Japan","Japan Rugby League One","Kumagaya Rugby Stadium",NA,"Kumagaya",NA,NA
"Q3365354","Paris Université Club","rugby union team","1906-01-01","1906-1-1",NA,NA,"les Pucistes","French Rugby Federation","France","Fédérale 2","Stade Charléty","20000","Paris",NA,NA
"Q3366023","Parramatta Two Blues","rugby union team","1879-01-01","1879-1-1",NA,NA,NA,NA,"Australia",NA,NA,NA,NA,NA,NA
"Q3366115","Partenope Rugby","rugby union team","1951-01-01","1951-1-1","1969-01-01","1969-1-1",NA,"Italian Rugby Federation","Italy","Serie B","Stadio Militare dell'Arenaccia","3000",NA,NA,"1230251p"
"Q3373335","Pays Médoc Rugby","rugby union club","2000-01-01","2000-1-1",NA,NA,NA,NA,"France",NA,NA,NA,"Pauillac",NA,NA
"Q3374636","Penarth RFC","rugby union team","1879-01-01","1879-1-1",NA,NA,NA,NA,"United Kingdom",NA,NA,NA,NA,NA,NA
"Q3374816","Penrith Emus Rugby","rugby union team","1965-01-01","1965-1-1",NA,NA,NA,NA,"Australia",NA,NA,NA,NA,NA,NA
"Q3376168","Perth Spirit","defunct rugby union club","2007-01-01","2007-1-1",NA,NA,NA,NA,"Australia",NA,NA,NA,NA,NA,NA
"Q3391693","CAU Rugby Valencia","rugby union team","1973-01-01","1973-1-1",NA,NA,NA,NA,"Spain",NA,NA,NA,NA,NA,NA
"Q3391709","CR Cisneros","rugby union team","1943-01-01","1943-1-1",NA,NA,NA,NA,"Spain","División de Honor de Rugby","Estadio Nacional Complutense",NA,NA,NA,NA
"Q3392807","Plymouth Albion R.F.C.","rugby union club","1875-01-01","1875-1-1",NA,NA,NA,NA,"United Kingdom","National League 1",NA,NA,"Plymouth",NA,NA
"Q3393984","Eibar RT","rugby union team","1977-01-01","1977-1-1",NA,NA,NA,NA,"Spain",NA,NA,NA,NA,NA,NA
"Q3394565","Shannon RFC","rugby union team","1884-01-01","1884-1-1",NA,NA,NA,NA,"Ireland","All-Ireland League","Thomond Park",NA,NA,NA,NA
"Q3394573","St Mary's College RFC","rugby union team","1900-01-01","1900-1-1",NA,NA,NA,NA,"Ireland","All-Ireland League",NA,NA,NA,NA,NA
"Q3398348","Port Hacking Rugby Football Club","rugby union club","1957-01-01","1957-1-1",NA,NA,NA,NA,NA,NA,NA,NA,NA,NA,"113qbvwh1"
"Q3415102","SCM USV Timișoara","rugby union club","1949-10-01","1949-10-1",NA,NA,NA,NA,"Romania","Liga Naţională de Rugby","Stadionul Dan Păltinișanu","32972",NA,NA,NA
"Q3415111","RC Aachen","rugby union team","1980-01-01","1980-1-1",NA,NA,NA,NA,"Germany","Rugby-Bundesliga",NA,NA,"Aachen",NA,NA
"Q3415113","RC Kuban","rugby union club","1996-01-01","1996-1-1",NA,NA,NA,NA,"Russia",NA,NA,NA,NA,NA,"155q5b_q"
"Q3415114","RC Frameries","rugby union team","1966-01-01","1966-1-1",NA,NA,NA,NA,"Belgium",NA,NA,NA,NA,NA,NA
"Q3415115","RC Sélestat Giessen","rugby union club",NA,NA,NA,NA,NA,NA,"France",NA,NA,NA,"Sélestat",NA,"1214m3gs"
"Q3415118","RC Soignies","rugby union team","1973-01-01","1973-1-1",NA,NA,NA,NA,"Belgium",NA,NA,NA,NA,NA,NA
"Q3415234","RK Heusenstamm","rugby union team","1979-01-01","1979-1-1",NA,NA,NA,NA,"Germany","Rugby-Bundesliga",NA,NA,NA,NA,"11cmffvf9b"
"Q3416284","Racing Jet Bruxelles","rugby union team","1935-01-01","1935-1-1",NA,NA,NA,NA,"Belgium",NA,NA,NA,NA,NA,"155sww0l"
"Q3416290","Racing universitaire de Casablanca","rugby union team","1929-01-01","1929-1-1",NA,NA,NA,NA,"Morocco",NA,NA,NA,"Casablanca",NA,"1hhzgq_cl"
"Q3416293","Racing Club Vichy Rugby","rugby union team","1905-01-01","1905-1-1",NA,NA,NA,NA,"France",NA,NA,NA,"Vichy",NA,NA
"Q3416294","RC Chalon","rugby union team","1899-01-01","1899-1-1","2016-02-16","2016-2-16",NA,NA,"France",NA,NA,NA,"Chalon-sur-Saône",NA,NA
"Q3416304","Rugby Club de l'agglomération de Cergy-Pontoise","rugby union team","2003-06-01","2003-6-1","2011-07-26","2011-7-26",NA,NA,"France",NA,NA,NA,"Pontoise",NA,"121259c4"
"Q3418861","Randwick DRUFC","rugby union team","1882-01-01","1882-1-1",NA,NA,"Galloping Greens; Wicks","Rugby Australia","Australia","Shute Shield",NA,NA,"City of Randwick",NA,NA
"Q3431476","Richmond Rugby Club","rugby union club","1861-01-01","1861-1-1",NA,NA,NA,"Rugby Football Union","United Kingdom","National League 1","Athletic Ground","4500",NA,NA,NA
"Q3435957","RC Dragon Brno","rugby union team","1946-01-01","1946-1-1",NA,NA,NA,NA,"Czech Republic",NA,NA,NA,NA,NA,NA
"Q3442851","Rosslyn Park F.C.","rugby union team","1879-01-01","1879-1-1",NA,NA,NA,NA,"United Kingdom","National League 1","The Rock","2000",NA,NA,NA
"Q3452817","Rugby Bologna","rugby union team","1928-01-01","1928-1-1",NA,NA,NA,"Italian Rugby Federation","Italy","Serie B","Arcoveggio Stadium","2700","Bologna",NA,"120hnnh9"
"Q3452821","Rugby Club Ettahrir","rugby union club","1995-01-01","1995-1-1",NA,NA,NA,NA,"Tunisia",NA,NA,NA,"Tunis",NA,"121bdc4z"
"Q3452823","Rugby Club Béja","rugby union club","1969-01-01","1969-1-1",NA,NA,NA,NA,"Tunisia",NA,NA,NA,"Béja",NA,"12302hps"
"Q3452824","Rugby Club Visé","rugby union team","1970-01-01","1970-1-1",NA,NA,NA,NA,"Belgium",NA,NA,NA,NA,NA,"121n9rk2"
"Q3452825","Rugby Club Stade Phocéen","rugby union team","2000-01-01","2000-1-1",NA,NA,NA,NA,"France",NA,NA,NA,NA,NA,NA
"Q3452828","Rugby Club Luxembourg","rugby union team","1973-01-01","1973-1-1",NA,NA,NA,NA,"Luxembourg",NA,NA,NA,NA,NA,NA
"Q3452829","Rugby Club de Zéramdine","rugby union club",NA,NA,NA,NA,NA,NA,"Tunisia",NA,NA,NA,"Zéramdine",NA,"1hc0qsqy9"
"Q3452837","Rugby Lions","rugby union team","1867-01-01","1867-1-1",NA,NA,NA,NA,"United Kingdom","Midlands 1 East",NA,NA,NA,NA,NA
"Q3452840","Rugby Lyons Piacenza","rugby union team","1963-01-01","1963-1-1",NA,NA,NA,"Italian Rugby Federation","Italy","Serie A Élite","Stadio Walter Beltrametti","3000","Piacenza",NA,NA
"Q3452845","Rugby Athletic Club angérien","rugby union team","1943-01-01","1943-1-1",NA,NA,NA,NA,"France",NA,NA,NA,"Saint-Jean-d'Angély",NA,"119pfqjnh"
"Q3452846","Rugby club Aubenas Vals","rugby union team","1966-01-01","1966-1-1",NA,NA,NA,NA,"France",NA,NA,NA,"Aubenas",NA,"120p9y4s"
"Q3452847","RC Hyères Carqueiranne La Crau","rugby union team","2000-01-01","2000-1-1","2024-08-01","2024-8-1",NA,NA,"France",NA,NA,NA,"Hyères",NA,"11b6gk98c2"
"Q3452848","Rugby Club Cannes Mandelieu","rugby union team",NA,NA,"2009-01-01","2009-1-1",NA,NA,"France",NA,NA,NA,"Mandelieu-la-Napoule",NA,NA
"Q3452849","Rugby Club Châteaurenard","rugby union team","1945-01-01","1945-1-1",NA,NA,NA,NA,"France",NA,NA,NA,"Châteaurenard",NA,NA
"Q3452852","RC Nîmes","rugby union team","1963-01-01","1963-1-1",NA,NA,NA,NA,"France",NA,NA,NA,"Nîmes",NA,NA
"Q3452853","RC Orléans","rugby union team","1966-06-16","1966-6-16",NA,NA,NA,NA,"France",NA,NA,NA,"Orléans",NA,NA
"Q3452854","Rugby Club Strasbourg","rugby union team","1970-01-01","1970-1-1","2019-02-25","2019-2-25",NA,NA,"France",NA,NA,NA,"Strasbourg",NA,"1218dl4p"
"Q3452855","Rugby Club bassin d'Arcachon","rugby union team","2008-01-01","2008-1-1",NA,NA,NA,NA,"France",NA,NA,NA,"La Teste-de-Buch",NA,"120hnnhb"
"Q3452856","Rugby Club auxerrois","rugby union club","1970-01-01","1970-1-1",NA,NA,NA,NA,"France",NA,NA,NA,"Auxerre",NA,"1218cys7"
"Q3452858","Rugby Club d'Arras","rugby union team","2000-01-01","2000-1-1",NA,NA,NA,NA,"France",NA,NA,NA,"Arras",NA,NA
"Q3452861","Rugby Club Metz Moselle","rugby union team","1961-01-01","1961-1-1",NA,NA,NA,NA,"France",NA,NA,NA,"Metz",NA,"120x5z9k"
"Q3452862","Rugby Club dijonnais","rugby union team","1934-01-01","1934-1-1",NA,NA,NA,NA,"France",NA,NA,NA,"Dijon",NA,"121c9zh1"
"Q3452865","Rugby Club Suresnes Hauts-de-Seine","rugby union team","1973-01-01","1973-1-1",NA,NA,NA,NA,"France",NA,"Stade Jean-Moulin",NA,"Suresnes",NA,"121vxmdc"
"Q3452866","Rugby Club Vannes","rugby union club","1950-10-15","1950-10-15",NA,NA,NA,NA,"France","Pro D2","Jo Courtel stadium; Stade de la Rabine",NA,"Vannes",NA,"121kq3td"
"Q3452868","Rugby olympique de Grasse","rugby union team","1963-01-01","1963-1-1",NA,NA,NA,NA,"France",NA,NA,NA,"Grasse",NA,"120jx04s"
"Q3452872","Rugby olympique lunellois","rugby union club","1973-01-01","1973-1-1",NA,NA,NA,NA,"France",NA,NA,NA,"Lunel",NA,"121dc71k"
"Q3452875","Rugby Épernay Champagne","rugby union team","1966-01-01","1966-1-1",NA,NA,NA,NA,"France",NA,NA,NA,"Épernay",NA,"122_gc9l"
"Q3459227","Sport athlétique verdunois rugby","rugby union team",NA,NA,NA,NA,NA,NA,"France",NA,NA,NA,"Verdun",NA,"121l5pvn"
"Q3460270","SV 08 Ricklingen","rugby union team","1908-01-01","1908-1-1",NA,NA,NA,NA,"Germany","2. Rugby-Bundesliga",NA,NA,"Hanover",NA,"11c2y2_rqp"
"Q3462337","Saint-Girons Sporting Club","rugby union team",NA,NA,NA,NA,NA,NA,"France",NA,NA,NA,"Saint-Girons",NA,"120z6z6r"
"Q3462531","Saint-Jean-de-Luz Olympique rugby team","rugby union team","1927-01-01","1927-1-1",NA,NA,NA,NA,"France",NA,"Stade du Pavillon bleu",NA,"Saint-Jean-de-Luz",NA,"122czl1r"
"Q3463122","Saint-Paul Sports Rugby","rugby union team","1909-01-01","1909-1-1",NA,NA,NA,NA,"France",NA,NA,NA,"Saint-Paul-lès-Dax",NA,NA
"Q3463991","Saint-Médard rugby club","rugby union team","1905-01-01","1905-1-1",NA,NA,NA,NA,"France",NA,"Stade Robert-Monseau",NA,"Saint-Médard-en-Jalles",NA,"122fjygr"
"Q3469726","Salford Red Devils","rugby union team","1873-01-01","1873-1-1",NA,NA,NA,NA,"United Kingdom",NA,"New Barnes; The Willows, Salford; Salford City Stadium",NA,NA,NA,NA
"Q3471435","San Francisco Golden Gate RFC","rugby union team","2001-01-01","2001-1-1",NA,NA,NA,NA,"United States",NA,NA,NA,"San Francisco",NA,NA
"Q3471485","San Gregorio Catania Rugby","rugby union team","1990-01-01","1990-1-1","2013-01-01","2013-1-1",NA,"Italian Rugby Federation","Italy",NA,NA,NA,NA,NA,NA
"Q3472221","Sangmu","rugby union team",NA,NA,NA,NA,NA,NA,NA,NA,NA,NA,NA,NA,NA
"Q3473792","Saskatchewan Prairie Fire","rugby union team",NA,NA,NA,NA,NA,NA,"Canada",NA,NA,NA,NA,NA,NA
"Q3486559","Slava Moscow","rugby union club","1974-01-01","1974-1-1",NA,NA,NA,NA,"Russia",NA,NA,NA,NA,NA,NA
"Q3492311","Southern Districts Rugby Club","rugby union team","1989-01-01","1989-1-1",NA,NA,NA,NA,"Australia",NA,NA,NA,NA,NA,NA
"Q3492339","Souths Rugby","rugby union team","1948-01-01","1948-1-1",NA,NA,NA,NA,"Australia",NA,NA,NA,NA,NA,NA
"Q3492488","Soyaux Angoulême XV Charente","rugby union team","2010-07-24","2010-7-24",NA,NA,NA,"French Rugby Federation","France","Pro D2","Stade Chanzy","8000","Angoulême",NA,"122cc17d"
"Q3492730","Spartak GM Moscow","rugby union club","1936-01-01","1936-1-1",NA,NA,NA,NA,"Russia",NA,NA,NA,NA,NA,NA
"Q3493859","Sport athlétique hagetmautien","rugby union team","1919-10-26","1919-10-26",NA,NA,NA,NA,"France",NA,NA,NA,"Hagetmau",NA,"122sgc56"
"Q3493863","SA Saint-Sever","rugby union team","1905-01-01","1905-1-1",NA,NA,NA,NA,"France",NA,NA,NA,"Saint-Sever",NA,"121v782g"
"Q3493865","Sport athlétique mauléonais","rugby union team","1905-01-01","1905-1-1",NA,NA,NA,NA,"France",NA,NA,NA,"Mauléon",NA,"1238s6g4"
"Q3494120","Sporting club appaméen","rugby union team","1904-01-01","1904-1-1",NA,NA,NA,NA,"France",NA,NA,NA,"Pamiers",NA,"121_jmsg"
"Q3494122","Sporting Club brivadois","rugby union team","1933-01-01","1933-1-1",NA,NA,NA,NA,"France",NA,NA,NA,"Brioude",NA,"1239_8dp"
"Q3494126","Sporting club tulliste","rugby union team","1904-01-01","1904-1-1",NA,NA,NA,NA,"France",NA,"Q3495498",NA,"Tulle",NA,"12dpwf79w"
"Q3494127","Sporting Club universitaire de France rugby","rugby union team","1895-01-01","1895-1-1",NA,NA,NA,NA,"France",NA,NA,NA,"17th arrondissement of Paris",NA,"120x67vn"
"Q3494132","Sporting Club nazairien","rugby union team","1908-01-01","1908-1-1","2016-11-09","2016-11-9",NA,NA,"France",NA,NA,NA,"Saint-Nazaire",NA,"122dldyp"
"Q3495283","St. Louis Bombers Rugby Football Club","rugby union team","1962-01-01","1962-1-1",NA,NA,NA,NA,"United States",NA,NA,NA,NA,NA,NA
"Q3495318","St George","rugby union team","1906-01-01","1906-1-1",NA,NA,NA,NA,NA,NA,NA,NA,NA,NA,"113qbqkq2"
"Q3495842","Stade Rodez Aveyron","rugby union team","1902-01-01","1902-1-1","2019-01-01","2019-1-1",NA,NA,"France",NA,"Stade Paul-Lignon",NA,"Rodez",NA,NA
"Q3495929","Stade Bagnérais","rugby union team","1912-01-01","1912-1-1",NA,NA,NA,NA,"France",NA,NA,NA,"Bagnères-de-Bigorre",NA,NA
"Q3495932","Stade beaumontois Lomagne rugby","rugby union team","1903-01-01","1903-1-1",NA,NA,NA,NA,"France",NA,NA,NA,"Beaumont-de-Lomagne",NA,"1216x1j4"
"Q3495934","Stade Bordelais","rugby union team","1889-07-18","1889-7-18",NA,NA,NA,NA,"France",NA,NA,NA,"Le Bouscat",NA,NA
"Q3496060","Stade Dijonnais Côte D'Or","rugby union team","1923-01-01","1923-1-1",NA,NA,NA,NA,"France",NA,NA,NA,"Longvic",NA,"122j3mx9"
"Q3496061","Stade domontois rugby club","rugby union club","1970-01-01","1970-1-1",NA,NA,NA,NA,"France",NA,"Q96210477",NA,"Domont",NA,NA
"Q3496123","Stade hendayais rugby","rugby union team","1908-01-01","1908-1-1",NA,NA,NA,NA,"France",NA,NA,NA,"Hendaye",NA,"122np64f"
"Q3496125","Stade Langonnais","rugby union team","1904-01-01","1904-1-1",NA,NA,NA,NA,"France",NA,NA,NA,"Langon",NA,"121j1yqm"
"Q3496127","Stade lavelanétien","rugby union team","1920-01-01","1920-1-1",NA,NA,NA,NA,"France",NA,NA,NA,"Lavelanet",NA,"121dcvk6"
"Q3496190","Stade Nabeulien","rugby union club","1936-01-01","1936-1-1",NA,NA,NA,NA,"Tunisia",NA,NA,NA,"Nabeul",NA,"1213_8vr"
"Q3496194","Stade Nantais","rugby union team","1907-01-01","1907-1-1",NA,NA,NA,NA,"France",NA,NA,NA,"Nantes",NA,"1213jb7x"
"Q3496202","Rugby Nice Côte d'Azur Université-Racing","rugby union team","2001-01-01","2001-1-1","2012-06-01","2012-6-1",NA,NA,"France",NA,NA,NA,"Nice",NA,NA
"Q3496206","Stade Olympique Chambérien Rugby","rugby union team","1943-01-01","1943-1-1",NA,NA,NA,NA,"France",NA,NA,NA,"Chambéry",NA,"1218d8m3"
"Q3496217","Stade olympique millavois rugby Aveyron","rugby union club","1903-01-01","1903-1-1",NA,NA,NA,NA,"France",NA,NA,NA,"Millau",NA,"120qklpt"
"Q3496225","Stade Poitevin Rugby","rugby union team","1900-01-01","1900-1-1",NA,NA,NA,NA,"France",NA,NA,NA,"Poitiers",NA,NA
"Q3496236","Stade rennais rugby","rugby union team",NA,NA,NA,NA,NA,NA,"France",NA,NA,NA,"Rennes",NA,"121qmlvq"
"Q3496238","Rouen Normandie Rugby","rugby union team","2009-01-01","2009-1-1",NA,NA,NA,NA,"France",NA,NA,NA,"Rouen",NA,"1224td4r"
"Q3499334","Stewart's Melville RFC","rugby union team","1875-01-01","1875-1-1",NA,NA,NA,NA,"United Kingdom",NA,"Inverleith Sports Ground",NA,NA,NA,NA
"Q3499557","Stirling County RFC","rugby union team","1880-01-01","1880-1-1",NA,NA,NA,"Scottish Rugby Union","United Kingdom","Scottish Premiership","Bridgehaugh Park","4000",NA,NA,NA
"Q3499631","RC Sparta Prague","rugby union team","1928-08-28","1928-8-28",NA,NA,NA,NA,"Czech Republic",NA,NA,NA,NA,NA,NA
"Q3502793","Praga Rugby","rugby union club","1944-01-01","1944-1-1",NA,NA,NA,NA,"Czech Republic","KB Extraliga",NA,NA,NA,NA,NA
"Q3503940","Sunnybank Rugby","rugby union club","1969-01-01","1969-1-1",NA,NA,NA,NA,"Australia",NA,NA,NA,NA,NA,NA
"Q3503982","Sunshine Coast Stingrays","rugby union team","2005-01-01","2005-1-1",NA,NA,NA,NA,"Australia",NA,NA,NA,NA,NA,NA
"Q3503997","Tokyo Suntory Sungoliath","rugby union club","1980-01-01","1980-1-1",NA,NA,NA,NA,"Japan",NA,NA,NA,NA,NA,NA
"Q3504335","Gimnasia y Esgrima de Buenos Aires","rugby union club","1880-01-01","1880-1-1",NA,NA,NA,"Unión de Rugby de Buenos Aires","Argentina",NA,"Estadio GEBA",NA,"Buenos Aires",NA,NA
"Q3505813","Suttonians RFC","rugby union team","1924-01-01","1924-1-1",NA,NA,NA,NA,"Ireland",NA,NA,NA,NA,NA,NA
"Q3506788","RC Říčany","rugby union team","1944-01-01","1944-1-1",NA,NA,NA,NA,"Czech Republic",NA,NA,NA,NA,NA,NA
"Q3506818","Sydney Stars","rugby union team","2007-01-01","2007-1-1","2015-01-01","2015-1-1",NA,NA,"Australia",NA,NA,NA,NA,NA,NA
"Q3506850","Sydney University Football Club","rugby union club","1863-01-01","1863-1-1",NA,NA,NA,NA,"Australia",NA,NA,NA,"Camperdown",NA,NA
"Q3507248","RC Tatra Smíchov","rugby union team","1958-01-01","1958-1-1",NA,NA,NA,NA,"Czech Republic",NA,NA,NA,NA,NA,NA
"Q3512374","TSV Handschuhsheim","rugby union club","1949-01-01","1949-1-1",NA,NA,NA,NA,"Germany","Rugby-Bundesliga",NA,NA,NA,NA,NA
"Q3512623","TV Pforzheim","rugby union team","1834-01-01","1834-1-1",NA,NA,NA,NA,NA,"Rugby-Bundesliga",NA,NA,NA,NA,NA
"Q3518327","Terenure College RFC","rugby union team",NA,NA,NA,NA,NA,NA,"Ireland","All-Ireland League",NA,NA,NA,NA,NA
"Q3525745","Thomond RFC","rugby union team","1944-09-01","1944-9-1",NA,NA,NA,NA,"Ireland",NA,NA,NA,NA,NA,NA
"Q3532391","Toronto Welsh RFC","rugby union club","1961-01-01","1961-1-1",NA,NA,NA,NA,"Canada",NA,NA,NA,NA,NA,NA
"Q3532393","Toronto Rebellion","rugby union team","1972-01-01","1972-1-1",NA,NA,NA,NA,"Canada",NA,NA,NA,NA,NA,NA
"Q3532617","Toshiba Brave Lupus","rugby union club","1948-01-01","1948-1-1",NA,NA,NA,NA,"Japan","Japan Rugby League One",NA,NA,"Fuchū",NA,NA
"Q3532922","Football club TOAC TOEC rugby","rugby union team","1995-01-01","1995-1-1",NA,NA,NA,NA,"France",NA,NA,NA,"Toulouse",NA,"1234ncqc"
"Q3534154","Tournefeuille rugby XV","rugby union team","1977-01-01","1977-1-1",NA,NA,NA,NA,"France",NA,NA,NA,"Tournefeuille",NA,"120htjpj"
"Q3542708","Club Atlético Adelante","rugby union club","1919-01-01","1919-1-1",NA,NA,NA,NA,"Argentina",NA,NA,NA,"Reconquista",NA,NA
"Q3547458","USV Potsdam Rugby","rugby union team","1988-01-01","1988-1-1",NA,NA,NA,NA,"Germany","2. Rugby-Bundesliga; Rugby-Bundesliga",NA,NA,NA,NA,NA
"Q3550009","Union Sigean Port-la-Nouvelle","rugby union team","1992-01-01","1992-1-1",NA,NA,NA,NA,"France",NA,NA,NA,"Sigean",NA,"1237k4n2"
"Q3550034","UA Libourne","rugby union team","1893-01-01","1893-1-1","2016-01-01","2016-1-1",NA,NA,"France",NA,"Stade Jean-Antoine Moueix",NA,"Libourne",NA,"120pnm4m"
"Q3550478","Union sportive Annecy","rugby union team","1898-01-01","1898-1-1",NA,NA,NA,NA,"France",NA,NA,NA,"Annecy",NA,"121y01pt"
"Q3550481","US Bergerac","rugby union team","1902-02-01","1902-2-1",NA,NA,NA,NA,"France",NA,"Stade Gaston-Simounet",NA,"Bergerac",NA,"121d1sct"
"Q3550488","Union sportive Fumel Libos","rugby union team","1908-01-01","1908-1-1","2019-06-06","2019-6-6",NA,NA,"France",NA,NA,NA,"Fumel",NA,"1236mw1z"
"Q3550490","Union sportive Marmande rugby","rugby union team","1911-01-01","1911-1-1",NA,NA,NA,NA,"France",NA,NA,NA,"Marmande",NA,"122s8wg9"
"Q3550494","Union sportive Montmélian rugby","rugby union club","1912-01-01","1912-1-1",NA,NA,NA,NA,"France",NA,NA,NA,"Montmélian",NA,"122czwx5"
"Q3550496","Union sportive Morlaàs","rugby union club","1932-01-01","1932-1-1",NA,NA,NA,NA,"France",NA,NA,NA,"Morlaàs",NA,"120xv2td"
"Q3550500","Union sportive Nafarroa","rugby union team","2003-09-01","2003-9-1",NA,NA,NA,NA,"France",NA,NA,NA,"Saint-Jean-Pied-de-Port",NA,"121_5z0p"
"Q3550504","Union sportive Orthez rugby","rugby union team","1903-01-01","1903-1-1",NA,NA,NA,NA,"France",NA,NA,NA,"Orthez",NA,"121vfcct"
"Q3550509","US Tours Rugby","rugby union team","1898-01-01","1898-1-1",NA,NA,NA,NA,"France",NA,NA,NA,"Tours",NA,NA
"Q3550510","US Quillan","rugby union team","1902-01-01","1902-1-1","2014-01-01","2014-1-1",NA,NA,"France",NA,NA,NA,"Quillan",NA,NA
"Q3550516","Union Sportive Tyrosse Rugby Côte Sud","rugby union team","1919-06-24","1919-6-24",NA,NA,NA,NA,"France",NA,NA,NA,"Saint-Vincent-de-Tyrosse",NA,NA
"Q3550519","Union sportive beaurepairoise","rugby union team","1908-09-17","1908-9-17",NA,NA,NA,NA,"France",NA,NA,NA,"Beaurepaire",NA,"122mq_ck"
"Q3550520","Union sportive carmausine","rugby union team","1906-01-01","1906-1-1",NA,NA,NA,NA,"France",NA,NA,NA,"Carmaux",NA,"12340vt9"
"Q3550526","US Carcassonne","rugby union club","1899-01-01","1899-1-1",NA,NA,NA,NA,"France","Pro D2","Stade d'Albert Domec",NA,"Carcassonne",NA,NA
"Q3550573","US L'Isle-Jourdain","rugby union team","1907-01-01","1907-1-1",NA,NA,NA,NA,"France",NA,NA,NA,"L'Isle-Jourdain",NA,"121bd1d2"
"Q3550588","USON Nevers","rugby union team","1903-08-01","1903-8-1",NA,NA,NA,NA,"France","Pro D2",NA,NA,"Nevers",NA,"120w8c3f"
"Q3550596","Union sportive seynoise","rugby union club","1902-01-01","1902-1-1",NA,NA,NA,NA,"France",NA,NA,NA,"La Seyne-sur-Mer",NA,"12156nnl"
"Q3550597","Union sportive testerine","rugby union team","1905-01-01","1905-1-1","2008-01-01","2008-1-1",NA,NA,"France",NA,NA,NA,"La Teste-de-Buch",NA,"121hxrtw"
"Q3550598","Union sportive thuirinoise","rugby union team","1911-01-01","1911-1-1",NA,NA,NA,NA,"France",NA,NA,NA,"Thuir",NA,"121m85c3"
"Q3551336","University College Cork RFC","rugby union team","1872-01-01","1872-1-1",NA,NA,NA,NA,"Ireland","All-Ireland League",NA,NA,NA,NA,NA
"Q3551359","University of Queensland Rugby Club","rugby union team","1911-01-01","1911-1-1",NA,NA,NA,NA,"Australia",NA,NA,NA,NA,NA,NA
"Q3553542","Valence Sportif","rugby union team","1905-01-01","1905-1-1","2010-01-01","2010-1-1",NA,NA,"France",NA,"Stade Georges Pompidou",NA,"Valence",NA,NA
"Q3564635","RC Slavia Prague","rugby union team","1927-04-13","1927-4-13",NA,NA,NA,NA,"Czech Republic",NA,NA,NA,"Prague",NA,NA
"Q3565240","Wakefield RFC","rugby union team","1901-01-01","1901-1-1",NA,NA,NA,NA,"United Kingdom",NA,NA,NA,NA,NA,NA
"Q3565244","Wakefield Trinity","rugby union team","1873-01-01","1873-1-1",NA,NA,NA,NA,"United Kingdom",NA,"Belle Vue",NA,NA,NA,NA
"Q3566136","Wanganui Rugby Football Union","rugby union team","1888-01-01","1888-1-1",NA,NA,NA,NA,NA,NA,NA,NA,"Whanganui",NA,NA
"Q3566416","Warringah RC","rugby union team","1963-01-01","1963-1-1",NA,NA,NA,NA,"Australia",NA,NA,NA,"Sydney",NA,NA
"Q3566519","Washington Rugby Football Club","rugby union team","1963-01-01","1963-1-1",NA,NA,NA,NA,"United States",NA,NA,NA,NA,NA,NA
"Q3566691","Waterloo FC","rugby union team","1882-01-01","1882-1-1",NA,NA,NA,NA,"United Kingdom",NA,NA,NA,"Blundellsands",NA,NA
"Q3566734","Watsonians RFC","rugby union team","1875-01-01","1875-1-1",NA,NA,NA,NA,"United Kingdom","Scottish Premiership Division Two",NA,NA,NA,NA,NA
"Q3566766","Waverley Rugby Club","rugby union team","1971-01-01","1971-1-1",NA,NA,NA,NA,"Australia",NA,NA,NA,NA,NA,NA
"Q3567410","West Coast Rugby Football Union","rugby union team","1890-01-01","1890-1-1",NA,NA,NA,NA,"New Zealand",NA,NA,NA,NA,NA,NA
"Q3567424","West Harbour RFC","rugby union club","1900-01-01","1900-1-1",NA,NA,NA,NA,"Australia",NA,NA,NA,NA,NA,NA
"Q3567426","West Hartlepool RFC","rugby union team","1881-01-01","1881-1-1",NA,NA,NA,NA,"United Kingdom",NA,NA,NA,NA,NA,NA
"Q3567454","West of Scotland FC","rugby union club","1865-01-01","1865-1-1",NA,NA,NA,NA,"United Kingdom","Scottish Premiership",NA,NA,NA,NA,NA
"Q3567505","Western Sydney Rams","defunct rugby union club","2007-01-01","2007-1-1",NA,NA,NA,NA,"Australia",NA,"Parramatta Stadium",NA,NA,NA,NA
"Q3567554","Wests Rugby","rugby union team","1951-01-01","1951-1-1",NA,NA,NA,NA,"Australia",NA,NA,NA,NA,NA,NA
"Q3572856","Young Munster","rugby union team","1895-01-01","1895-1-1",NA,NA,NA,NA,"Ireland",NA,NA,NA,NA,NA,NA
"Q3589800","Indonesia national rugby union team","national rugby union team",NA,NA,NA,NA,NA,NA,"Indonesia",NA,NA,NA,NA,NA,NA
"Q3589807","Iran national rugby union team","national rugby union team",NA,NA,NA,NA,NA,NA,"Iran",NA,NA,NA,NA,NA,NA
"Q3589850","Uganda national rugby union team","national rugby union team","1958-05-24","1958-5-24",NA,NA,"Rugby Cranes",NA,"Uganda",NA,NA,NA,NA,NA,NA
"Q3589923","Brunei national rugby union team","national rugby union team",NA,NA,NA,NA,NA,NA,"Brunei",NA,NA,NA,NA,NA,NA
"Q3590204","France national rugby union team at the 2011 World Cup","national rugby union team",NA,NA,NA,NA,NA,NA,"France",NA,NA,NA,NA,NA,"11h1stppq"
"Q3590233","Guadeloupe national rugby union team","national rugby union team",NA,NA,NA,NA,NA,NA,"France",NA,NA,NA,NA,NA,NA
"Q3590249","Jamaica national rugby union team","national rugby union team",NA,NA,NA,NA,NA,NA,"Jamaica",NA,NA,NA,NA,NA,NA
"Q3590255","Réunion national rugby union team","national rugby union team",NA,NA,NA,NA,NA,NA,"France",NA,NA,NA,NA,NA,NA
"Q3590264","Martinique national rugby union team","national rugby union team",NA,NA,NA,NA,NA,NA,"France",NA,NA,NA,NA,NA,NA
"Q3590267","Mauritania national rugby union team","national rugby union team",NA,NA,NA,NA,NA,NA,"Mauritania",NA,NA,NA,NA,NA,NA
"Q3590279","New Caledonia national rugby union team","national rugby union team",NA,NA,NA,NA,NA,NA,"France",NA,NA,NA,NA,NA,NA
"Q3590299","New Zealand national rugby union team at the 2011 World Cup","national rugby union team",NA,NA,NA,NA,NA,NA,"New Zealand",NA,NA,NA,NA,NA,"11h1t4y8t"
"Q3590407","Switzerland national under-20 rugby union team","rugby union team",NA,NA,NA,NA,NA,NA,NA,NA,NA,NA,NA,NA,"121g70fh"
"Q3590414","Tanzania national rugby union team","national rugby union team",NA,NA,NA,NA,NA,NA,"Tanzania",NA,NA,NA,NA,NA,NA
"Q3590483","Wallis and Futuna national rugby union team","national rugby union team",NA,NA,NA,NA,NA,NA,"France",NA,NA,NA,NA,NA,NA
"Q3590489","Yugoslavia national rugby union team","national rugby union team","1968-01-01","1968-1-1","1991-01-01","1991-1-1","Plavi",NA,"Yugoslavia",NA,NA,NA,NA,NA,NA
"Q3590491","Zambia national rugby union team","national rugby union team",NA,NA,NA,NA,NA,NA,"Zambia",NA,NA,NA,NA,NA,NA
"Q3590499","Dominican Republic national rugby union team","national rugby union team",NA,NA,NA,NA,NA,NA,"Dominican Republic",NA,NA,NA,NA,NA,NA
"Q3590533","Philippines national rugby union team","national rugby union team","2006-01-01","2006-1-1",NA,NA,"Volcanoes",NA,"Philippines",NA,"Rizal Memorial Stadium","30000",NA,NA,NA
"Q3590538","American Samoa national rugby union team","national rugby union team",NA,NA,NA,NA,NA,NA,"American Samoa",NA,NA,NA,NA,NA,NA
"Q3590553","Tonga national rugby union team at the 2011 World Cup","national rugby union team",NA,NA,NA,NA,NA,NA,NA,NA,NA,NA,NA,NA,"11h1v91fn"
"Q3590576","British Virgin Islands national rugby union team","national rugby union team",NA,NA,NA,NA,NA,NA,"British Virgin Islands",NA,NA,NA,NA,NA,NA
"Q3590593","Botswana national rugby union team","national rugby union team",NA,NA,NA,NA,NA,NA,"Botswana",NA,NA,NA,NA,NA,NA
"Q3590606","Burkina Faso national rugby union team","national rugby union team",NA,NA,NA,NA,NA,NA,"Burkina Faso",NA,NA,NA,NA,NA,NA
"Q3590608","Burundi national rugby union team","national rugby union team",NA,NA,NA,NA,NA,NA,"Burundi",NA,NA,NA,NA,NA,NA
"Q3590611","Benin national rugby union team","national rugby union team",NA,NA,NA,NA,NA,NA,"Benin",NA,NA,NA,NA,NA,NA
"Q3590612","Cambodia national rugby union team","national rugby union team",NA,NA,NA,NA,NA,NA,"Cambodia",NA,NA,NA,NA,NA,NA
"Q3590649","Congo national rugby union team","national rugby union team",NA,NA,NA,NA,NA,NA,"Republic of the Congo",NA,NA,NA,NA,NA,"11x1nqzb4"
"Q3590669","Ghana national rugby union team","national rugby union team","2003-10-05","2003-10-5",NA,NA,"Eagles",NA,"Ghana",NA,NA,NA,NA,NA,NA
"Q3590676","Guyana national rugby union team","national rugby union team","1979-01-01","1979-1-1",NA,NA,NA,NA,"Guyana",NA,NA,NA,NA,NA,NA
"Q3590694","Laos national rugby union team","national rugby union team",NA,NA,NA,NA,NA,NA,"Laos",NA,NA,NA,NA,NA,NA
"Q3590698","Lebanon national rugby union team","national rugby union team",NA,NA,NA,NA,NA,NA,"Lebanon",NA,NA,NA,NA,NA,NA
"Q3590712","Mali national rugby union team","national rugby union team",NA,NA,NA,NA,NA,NA,"Mali",NA,NA,NA,NA,NA,NA
"Q3590736","Niger national rugby union team","national rugby union team",NA,NA,NA,NA,NA,NA,"Niger",NA,NA,NA,NA,NA,NA
"Q3590742","Nigeria national rugby union team","national rugby union team",NA,NA,NA,NA,NA,NA,"Nigeria",NA,NA,NA,NA,NA,NA
"Q3590772","Rwanda national rugby union team","national rugby union team",NA,NA,NA,NA,NA,NA,"Rwanda",NA,NA,NA,NA,NA,NA
"Q3590786","Senegal national rugby union team","national rugby union team",NA,NA,NA,NA,NA,NA,"Senegal",NA,NA,NA,NA,NA,NA
"Q3590791","Chad national rugby union team","national rugby union team",NA,NA,NA,NA,NA,NA,"Chad",NA,NA,NA,NA,NA,NA
"Q3590799","Togo national rugby union team","national rugby union team",NA,NA,NA,NA,NA,NA,"Togo",NA,NA,NA,NA,NA,NA
"Q3590839","Wales national rugby union team at the 2011 World Cup","national rugby union team",NA,NA,NA,NA,NA,NA,NA,NA,NA,NA,NA,NA,"11h1stzht"
"Q3592514","Étoile sportive catalane","rugby union team","1912-01-01","1912-1-1",NA,NA,NA,NA,"France",NA,NA,NA,"Argelès-sur-Mer",NA,NA
"Q3592524","Étoile sportive montilienne","rugby union club","1923-01-01","1923-1-1",NA,NA,NA,NA,"France",NA,NA,NA,"Monteux",NA,"120yxkvv"
"Q3600349","Rugby Belluno","rugby union team","1969-01-01","1969-1-1",NA,NA,NA,"Italian Rugby Federation","Italy","Serie B",NA,NA,NA,NA,"120x6wz2"
"Q3600350","Rugby Paese","rugby union club","1956-01-01","1956-1-1",NA,NA,"I Canguri","Italian Rugby Federation","Italy","Serie A",NA,NA,NA,NA,"121l0t_z"
"Q3600362","A.S. Rugby Milano","rugby union team","1945-01-01","1945-1-1","1965-01-01","1965-1-1",NA,"Italian Rugby Federation","Italy","Serie A","G.B. Curioni Sports Centre","3000","Milan",NA,"122np6nc"
"Q3600363","Rugby Monza 1949","rugby union club","1949-01-01","1949-1-1",NA,NA,NA,"Italian Rugby Federation","Italy","Serie C",NA,NA,NA,NA,"122_4m1m"
"Q3601249","Rugby Casale","rugby union club","1952-01-01","1952-1-1",NA,NA,"Caimani","Italian Rugby Federation","Italy","Serie A",NA,NA,NA,NA,"1218f670"
"Q3601250","ASD Rugby Rieti","rugby union team","1961-01-01","1961-1-1",NA,NA,NA,"Italian Rugby Federation","Italy","Serie C","Q64410387","2000",NA,NA,"121kq4bn"
"Q3601251","Rugby Udine","rugby union team","1928-01-01","1928-1-1",NA,NA,NA,"Italian Rugby Federation","Italy","Serie A","Q3942409","1500","Udine",NA,"11h1t36zj"
"Q3606252","African Leopards","rugby union team",NA,NA,NA,NA,NA,NA,NA,NA,NA,NA,NA,NA,NA
"Q3613715","Amatori Parma Rugby Club","rugby union team","1971-01-01","1971-1-1",NA,NA,NA,"Italian Rugby Federation","Italy","Serie B","Stadio Sergio Lanfranchi","5000",NA,NA,"120r4vgv"
"Q3613716","Amatori Rugby Capoterra","rugby union club","1972-01-01","1972-1-1",NA,NA,NA,"Italian Rugby Federation","Italy","Serie B",NA,NA,"Capoterra",NA,NA
"Q3613720","Alghero Rugby Alghero","rugby union club","1975-01-01","1975-1-1",NA,NA,NA,"Italian Rugby Federation","Italy","Serie A",NA,NA,NA,NA,"122_gcxd"
"Q36181789","Rugby Club I Medicei","rugby union team","2015-01-01","2015-1-1","2021-01-01","2021-1-1",NA,"Italian Rugby Federation","Italy",NA,NA,NA,"Florence",NA,"11fy2lq7lr"
"Q3624648","Arvalia Villa Pamphili Rugby Roma A.S.D.","rugby union team","1980-01-01","1980-1-1",NA,NA,NA,"Italian Rugby Federation","Italy",NA,NA,NA,NA,NA,NA
"Q3627169","Ruggers Tarvisium","rugby union team","1969-01-01","1969-1-1",NA,NA,NA,"Italian Rugby Federation","Italy","Serie A",NA,NA,NA,NA,"121kq4ch"
"Q3627530","Asti Rugby","rugby union team",NA,NA,NA,NA,NA,"Italian Rugby Federation","Italy",NA,NA,NA,NA,NA,"122whf7s"
"Q3634172","Bangor RFC","rugby union team","1876-01-01","1876-1-1",NA,NA,NA,NA,"United Kingdom",NA,NA,NA,NA,NA,NA
"Q3643092","Botticino Rugby Union","rugby union team",NA,NA,NA,NA,NA,"Italian Rugby Federation","Italy",NA,NA,NA,NA,NA,"122bg20j"
"Q3644047","South Africa national under-20 rugby union team","rugby union team",NA,NA,NA,NA,NA,NA,"South Africa",NA,NA,NA,NA,NA,NA
"Q3648971","CUS Catania Rugby","rugby union team","1947-01-01","1947-1-1",NA,NA,NA,"Italian Rugby Federation","Italy","Serie B",NA,NA,NA,NA,"121dpmky"
"Q3648975","CUS Ferrara Rugby","rugby union club","1969-01-01","1969-1-1",NA,NA,NA,"Italian Rugby Federation","Italy","Serie C",NA,NA,NA,NA,"1234zsb7"
"Q3648981","CUS Genova Rugby","rugby union team",NA,NA,NA,NA,NA,"Italian Rugby Federation","Italy",NA,"Stadio Carlini-Bollesan","5700",NA,NA,"121dcw37"
"Q3648987","CUS Milano Rugby","rugby union team","1947-01-01","1947-1-1",NA,NA,NA,"Italian Rugby Federation","Italy",NA,"Mario Giuriati Sports Centre","1000",NA,NA,"12mb39r55"
"Q3649000","CUS Padova Rugby","rugby union team",NA,NA,NA,NA,NA,"Italian Rugby Federation","Italy",NA,NA,NA,NA,NA,"120wr0f8"
"Q3649007","CUS Roma Rugby","rugby union team","1934-01-01","1934-1-1",NA,NA,NA,"Italian Rugby Federation","Italy",NA,"Campo Roma",NA,NA,NA,"1215ck9k"
"Q3649009","CUS Siena","rugby union club","1946-01-01","1946-1-1",NA,NA,NA,NA,"Italy",NA,NA,NA,"Siena",NA,"122jkpsm"
"Q3649017","Verona Rugby","rugby union club","1963-01-01","1963-1-1",NA,NA,"Gli Antracite","Italian Rugby Federation","Italy","Serie A","Q111608527","2500","Verona",NA,"11g0kd6q9j"
"Q3650906","Italy A national rugby union team","second national rugby union teams",NA,NA,NA,NA,"Azzurri",NA,"Italy",NA,NA,NA,NA,NA,NA
"Q3651754","World XV","rugby union team",NA,NA,NA,NA,NA,NA,NA,NA,NA,NA,NA,NA,NA
"Q3654982","Canada West","rugby union team","2006-01-01","2006-1-1",NA,NA,NA,NA,"Canada",NA,NA,NA,NA,NA,NA
"Q3665605","Cesena Rugby Club","rugby union team",NA,NA,NA,NA,NA,"Italian Rugby Federation","Italy",NA,NA,NA,NA,NA,"112yggw5b"
"Q367722","Denmark national rugby union team","national rugby union team","1949-01-01","1949-1-1",NA,NA,NA,NA,"Denmark",NA,NA,NA,NA,NA,NA
"Q3681296","Club Atlético Provincial","rugby union club","1903-05-25","1903-5-25",NA,NA,NA,NA,"Argentina",NA,NA,NA,"Rosario",NA,NA
"Q3681461","Club Atlético San Isidro (rugby)","rugby union team",NA,NA,NA,NA,NA,NA,"Argentina",NA,"Club Atlético San Isidro Stadium",NA,NA,NA,"1hhzgb33p"
"Q3682837","Colleferro Rugby 1965","rugby union club","1965-01-01","1965-1-1",NA,NA,NA,"Italian Rugby Federation","Italy","Serie B","Q3967839","1650",NA,NA,"1pzpdgqqx"
"Q3725357","England Counties XV","national rugby union team","2001-01-01","2001-1-1",NA,NA,NA,NA,"United Kingdom",NA,NA,NA,NA,NA,NA
"Q373704","Niue national rugby union team","national rugby union team","1983-01-01","1983-1-1",NA,NA,"Toa Niue",NA,"Niue",NA,NA,NA,NA,NA,NA
"Q374255","Bosnia and Herzegovina national rugby union team","national rugby union team","1992-01-01","1992-1-1",NA,NA,NA,NA,"Bosnia and Herzegovina",NA,NA,NA,NA,NA,NA
"Q374981","Glasgow Warriors","rugby union club","1996-01-01","1996-1-1",NA,NA,NA,"Scottish Rugby Union","United Kingdom","United Rugby Championship","Scotstoun Stadium","4765","Glasgow","glasgow",NA
"Q3771858","Gladiatori Sanniti","defunct rugby union club","2009-01-01","2009-1-1","2012-01-01","2012-1-1",NA,"Italian Rugby Federation","Italy",NA,"Stadio Alfredo Dell’Oste","4000","Benevento",NA,"120y84n7"
"Q377914","Connemara RFC","rugby union team","1974-01-01","1974-1-1",NA,NA,NA,NA,"Ireland",NA,NA,NA,NA,NA,NA
"Q3782341","Kenya Commercial Bank","rugby union club","1993-01-01","1993-1-1",NA,NA,NA,NA,"Kenya",NA,"Nairobi City Stadium",NA,"Nairobi",NA,NA
"Q378628","England national rugby union team","national rugby union team","1871-03-27","1871-3-27",NA,NA,NA,NA,"United Kingdom",NA,"Twickenham Stadium","82000",NA,NA,NA
"Q3790180","I Dogi","rugby union team","1973-01-01","1973-1-1",NA,NA,NA,NA,"Italy",NA,NA,NA,NA,NA,"120jxn92"
"Q3790328","I Lupi","rugby union club","1977-01-01","1977-1-1",NA,NA,"I Lupi",NA,"Italy",NA,NA,NA,"Rome",NA,"120zjflr"
"Q3796742","Imola Rugby","rugby union team",NA,NA,NA,NA,NA,"Italian Rugby Federation","Italy",NA,NA,NA,NA,NA,"122_sg26"
"Q3808106","Jesolo Rugby","rugby union team",NA,NA,NA,NA,NA,"Italian Rugby Federation","Italy",NA,NA,NA,NA,NA,"120jr4n7"
"Q3858789","Mirano Rugby 1957","rugby union club","1957-01-01","1957-1-1",NA,NA,NA,"Italian Rugby Federation","Italy","Serie C",NA,NA,NA,NA,"121g0zjn"
"Q3859932","Modena Rugby 1965","rugby union team","1965-01-01","1965-1-1",NA,NA,NA,"Italian Rugby Federation","Italy","Serie B",NA,NA,NA,NA,"122qmh9w"
"Q38605283","Fijian Drua","rugby union team","2017-01-01","2017-1-1",NA,NA,NA,NA,"Fiji",NA,"Churchill Park",NA,NA,NA,"11f03pgs6l"
"Q3873494","Emerging Springboks","second national rugby union teams","1932-01-01","1932-1-1",NA,NA,"Emerging Springboks",NA,"South Africa",NA,NA,NA,NA,NA,NA
"Q3873496","Argentina XV","second national rugby union teams",NA,NA,NA,NA,NA,NA,"Argentina",NA,NA,NA,NA,NA,NA
"Q3873497","England Saxons","second national rugby union teams",NA,NA,NA,NA,NA,NA,"United Kingdom",NA,NA,NA,NA,NA,NA
"Q3873939","Libya national rugby union team","national rugby union team",NA,NA,NA,NA,NA,NA,"Libya",NA,NA,NA,NA,NA,NA
"Q3873941","Republic of the Congo national rugby union team","national rugby union team",NA,NA,NA,NA,NA,NA,"Republic of the Congo",NA,NA,NA,NA,NA,NA
"Q3873943","Panama national rugby union team","national rugby union team",NA,NA,NA,NA,NA,NA,"Panama",NA,NA,NA,NA,NA,NA
"Q3875602","New Zealand Cavaliers","rugby union team","1986-01-01","1986-1-1",NA,NA,NA,NA,"New Zealand",NA,NA,NA,NA,NA,NA
"Q3875619","Newbridge RFC","rugby union team","1888-01-01","1888-1-1",NA,NA,NA,NA,"United Kingdom",NA,NA,NA,NA,NA,NA
"Q388269","Rugby Calvisano","rugby union club","1970-01-01","1970-1-1",NA,NA,NA,"Italian Rugby Federation","Italy","Serie A Élite","San Michele Stadium","5000","Calvisano",NA,NA
"Q3886187","Orso RC","defunct rugby union club","2007-01-01","2007-1-1","2009-01-01","2009-1-1","le Orse","Italian Rugby Federation","Italy",NA,NA,NA,"Occhieppo Inferiore",NA,"1226g6cx"
"Q389007","CRC Pozuelo","rugby union team","1963-01-01","1963-1-1",NA,NA,NA,"Spanish Rugby Federation","Spain","División de Honor de Rugby","Campo de rugby Valle de las Cañas","500","Pozuelo de Alarcón",NA,NA
"Q3901831","Piacenza Rugby Club","rugby union team","1947-01-01","1947-1-1",NA,NA,NA,"Italian Rugby Federation","Italy","Serie B","Stadio Walter Beltrametti","3000",NA,NA,"120wr0ny"
"Q39046783","Kirkby Lonsdale RUFC","rugby union team",NA,NA,NA,NA,NA,NA,"United Kingdom",NA,NA,NA,NA,NA,"11g8_rrxhq"
"Q39046789","Newbold-on-Avon RFC","rugby union club",NA,NA,NA,NA,NA,NA,"United Kingdom",NA,NA,NA,NA,NA,"11fxfppdrs"
"Q39049526","Whitley Bay Rockcliff RFC","rugby union club",NA,NA,NA,NA,NA,NA,"United Kingdom",NA,NA,NA,NA,NA,"11f06hmpd8"
"Q39049974","Canton RFC","rugby union club",NA,NA,NA,NA,NA,NA,"United Kingdom",NA,NA,NA,NA,NA,"11f08kvyvm"
"Q39050804","Barossa Rams RUFC","rugby union club",NA,NA,NA,NA,NA,NA,"Australia",NA,NA,NA,NA,NA,"11gb407wg7"
"Q39054926","Rocky Gorge Rugby","rugby union club",NA,NA,NA,NA,NA,NA,"United States",NA,NA,NA,NA,NA,"11g9qhc5n2"
"Q39059173","Droitwich RFC","rugby union club",NA,NA,NA,NA,NA,NA,"United Kingdom",NA,NA,NA,NA,NA,"11f06l127m"
"Q39059245","Seghill RFC","rugby union club",NA,NA,NA,NA,NA,NA,"United Kingdom",NA,NA,NA,NA,NA,"11fy7klf73"
"Q39072160","Sporting Club decazevillois","rugby union team","1912-01-01","1912-1-1",NA,NA,NA,NA,"France",NA,NA,NA,"Decazeville",NA,"11d_w64zdm"
"Q39081671","Sociedad Sportiva Argentina","defunct rugby union club","1899-09-23","1899-9-23","1914-01-01","1914-1-1",NA,NA,"Argentina",NA,NA,NA,NA,NA,"11gb3wb1t2"
"Q3909617","Poverty Bay Rugby Football Union","rugby union team","1890-01-01","1890-1-1",NA,NA,NA,NA,"New Zealand",NA,NA,NA,NA,NA,NA
"Q3922245","Pro Recco Rugby","rugby union club","1968-01-01","1968-1-1",NA,NA,"I Biancocelesti; Gli Squali della Riviera di Levante; Gli Squali","Italian Rugby Federation","Italy","Serie B",NA,NA,NA,NA,"120hht3g"
"Q3924355","USA Hawks","rugby union club","2005-01-01","2005-1-1",NA,NA,NA,NA,"United States",NA,NA,NA,NA,NA,NA
"Q3924503","USA Falcons","rugby union team","2006-01-01","2006-1-1",NA,NA,NA,NA,"United States",NA,NA,NA,NA,NA,NA
"Q3932978","Reno Rugby Bologna 1967","rugby union team",NA,NA,NA,NA,NA,"Italian Rugby Federation","Italy",NA,NA,NA,NA,NA,"11vk8tqz6"
"Q3939536","Roccia Rugby","rugby union club","1979-01-01","1979-1-1",NA,NA,NA,"Italian Rugby Federation","Italy",NA,NA,NA,NA,NA,NA
"Q3940492","Romagna Rugby Football Club","rugby union team","2006-01-01","2006-1-1",NA,NA,"I Galletti","Italian Rugby Federation","Italy","Serie A",NA,NA,NA,NA,"120kng6q"
"Q3942371","Rugby Badia","rugby union club","1981-01-01","1981-1-1",NA,NA,NA,"Italian Rugby Federation","Italy","Serie A",NA,NA,NA,NA,"122jqww5"
"Q3942382","Rugby Frascati Union","rugby union club","1949-01-01","1949-1-1",NA,NA,"I Lupi","Italian Rugby Federation","Italy","Serie C",NA,NA,NA,NA,"11h1tvcpw"
"Q3942383","Rugby Club San Marino","rugby union team","2004-01-01","2004-1-1",NA,NA,NA,"Italian Rugby Federation; Federazione Sammarinese Rugby","San Marino",NA,NA,NA,NA,NA,"122h6p0x"
"Q3942385","Rugby Club Valpolicella","rugby union team","1974-01-01","1974-1-1",NA,NA,NA,"Italian Rugby Federation","Italy","Serie A",NA,NA,NA,NA,"121vl845"
"Q3942386","Rugby Grande Milano","defunct rugby union club","2003-01-01","2003-1-1","2015-01-01","2015-1-1",NA,"Italian Rugby Federation","Italy",NA,"Mario Giuriati Sports Centre","1000",NA,NA,"121k2ybm"
"Q3942387","Rugby Colorno","rugby union club","1975-01-01","1975-1-1",NA,NA,NA,"Italian Rugby Federation","Italy","Serie A Élite",NA,NA,"Colorno",NA,"120j39z6"
"Q3942388","Rugby Lazio","defunct rugby union club","1992-01-01","1992-1-1","2008-01-01","2008-1-1",NA,"Italian Rugby Federation","Italy",NA,NA,NA,NA,NA,"121v2dkm"
"Q3942391","Rugby Noceto Football Club","rugby union club","1971-01-01","1971-1-1",NA,NA,NA,"Italian Rugby Federation","Italy","Serie A",NA,NA,"Noceto",NA,"121jcffl"
"Q3942392","Rugby Livorno 1931","rugby union team","1931-01-01","1931-1-1",NA,NA,NA,"Italian Rugby Federation","Italy","Serie A",NA,NA,NA,NA,NA
"Q3942399","Rugby Rho","rugby union team","1947-01-01","1947-1-1",NA,NA,NA,"Italian Rugby Federation","Italy","Serie C",NA,NA,NA,NA,"122qglxp"
"Q3942400","Rugby Riviera 1975","rugby union team","1975-01-01","1975-1-1",NA,NA,NA,"Italian Rugby Federation","Italy","Serie C",NA,NA,"Mira",NA,"1ylhld6g4"
"Q3942415","ASD Rugby Vicenza","rugby union team","1974-01-01","1974-1-1",NA,NA,"I Biancorossi","Italian Rugby Federation","Italy","Serie A Élite","Q113130924","1000","Vicenza",NA,"12301y37"
"Q3954857","Mayotte national rugby union team","national rugby union team",NA,NA,NA,NA,NA,NA,NA,NA,NA,NA,NA,NA,NA
"Q3958419","VII Rugby Torino","rugby union team","1910-01-01","1910-1-1","1950-01-01","1950-1-1",NA,"Italian Rugby Federation","Italy","Serie A",NA,NA,"Settimo Torinese",NA,"1ylhlf0m8"
"Q3963744","Società Sportiva Rugby Reggio Calabria","defunct rugby union club","1965-01-01","1965-1-1","1979-01-01","1979-1-1",NA,"Italian Rugby Federation","Italy",NA,NA,NA,NA,NA,"1225dn7f"
"Q3964715","Rugby Sondrio","rugby union team","1962-01-01","1962-1-1",NA,NA,NA,"Italian Rugby Federation","Italy","Serie C",NA,NA,"Sondrio",NA,"121_4rv9"
"Q3967137","Sporting Club Zagara 1 Rugby","rugby union team","1978-01-01","1978-1-1","2006-01-01","2006-1-1",NA,"Italian Rugby Federation","Italy",NA,NA,NA,"Catania",NA,"112yfvqn5"
"Q3976615","Sudamérica XV","rugby union team","1980-01-01","1980-1-1",NA,NA,NA,NA,"Uruguay; Brazil; Chile; Argentina; Colombia",NA,NA,NA,NA,NA,NA
"Q4001395","Avezzano Rugby","rugby union team","1977-01-01","1977-1-1",NA,NA,"Orsi","Italian Rugby Federation","Italy","Serie A",NA,NA,"Avezzano",NA,"1218dxz0"
"Q4001580","Unione Sportiva Primavera Rugby","rugby union club","1976-01-01","1976-1-1",NA,NA,NA,"Italian Rugby Federation","Italy","Serie B",NA,NA,"Rome; Morlupo",NA,"11b6gly442"
"Q4001742","U.S. Rugby Benevento","rugby union team","1966-01-01","1966-1-1",NA,NA,NA,NA,"Italy","Serie C","Stadio Alfredo Dell’Oste","4000",NA,NA,"120j8j34"
"Q4005371","Rugby Parabiago 1948","rugby union team","1948-01-01","1948-1-1",NA,NA,"I Galletti","Italian Rugby Federation","Italy","Serie A",NA,NA,"Parabiago",NA,"120hht67"
"Q4005968","Unión Marplatense de Rugby","rugby union team","1951-01-01","1951-1-1",NA,NA,NA,"Argentine Rugby Union","Argentina",NA,NA,NA,"Mar del Plata",NA,NA
"Q4005978","Unión Cordobesa de Rugby","rugby union club","1931-04-20","1931-4-20",NA,NA,NA,NA,"Argentina",NA,NA,NA,"Córdoba",NA,NA
"Q4057955","Adrenaline Rugby Club","rugby union club","2009-01-01","2009-1-1",NA,NA,NA,NA,"Russia",NA,NA,NA,NA,NA,NA
"Q4075","Lyon OU","rugby union team","1896-01-01","1896-1-1",NA,NA,NA,NA,"France","Top 14","Stade de Gerland",NA,"Lyon","lyon",NA
"Q4120756","Argentina national under-20 rugby union team","rugby union team",NA,NA,NA,NA,NA,NA,"Argentina",NA,NA,NA,NA,NA,NA
"Q4120775","Chile national under-20 rugby union team","rugby union team",NA,NA,NA,NA,NA,NA,"Chile",NA,NA,NA,NA,NA,NA
"Q4121056","Odder RK","rugby union team","1996-01-01","1996-1-1",NA,NA,NA,NA,"Denmark",NA,NA,NA,NA,NA,NA
"Q4121069","Hamlet RK","rugby union team","1981-01-01","1981-1-1",NA,NA,NA,NA,"Denmark",NA,NA,NA,NA,NA,NA
"Q4121070","Aalborg RK","rugby union team","1964-01-01","1964-1-1",NA,NA,NA,NA,"Denmark",NA,NA,NA,NA,NA,NA
"Q4121077","Copenhagen Wolves RFC","rugby union team","2017-01-01","2017-1-1",NA,NA,NA,NA,"Denmark",NA,NA,NA,NA,NA,NA
"Q4121080","CSR-Nanok","rugby union team",NA,NA,NA,NA,NA,NA,"Denmark",NA,NA,NA,NA,NA,NA
"Q4121084","Frederiksberg RK","rugby union team",NA,NA,NA,NA,NA,NA,"Denmark",NA,NA,NA,NA,NA,NA
"Q4121085","Lindø RSC","rugby union team","1960-01-01","1960-1-1",NA,NA,NA,NA,"Denmark",NA,NA,NA,NA,NA,NA
"Q4121087","RK Speed","rugby union team","1949-01-01","1949-1-1",NA,NA,NA,NA,"Denmark",NA,NA,NA,NA,NA,NA
"Q4121089","Hundested RK","rugby union team","1985-01-01","1985-1-1",NA,NA,NA,NA,"Denmark",NA,NA,NA,NA,NA,NA
"Q4121092","Exiles RUFC","rugby union team","1968-01-01","1968-1-1",NA,NA,NA,NA,"Denmark",NA,NA,NA,NA,NA,NA
"Q4121095","Roskilde Vikings Rugby Klub","rugby union team","2010-01-01","2010-1-1",NA,NA,NA,NA,"Denmark",NA,NA,NA,"Roskilde",NA,NA
"Q4121096","Erritsø GIF Rugby","rugby union team","1984-01-01","1984-1-1",NA,NA,NA,NA,"Denmark",NA,NA,NA,NA,NA,NA
"Q41497683","Seattle Seawolves","rugby union team","2017-01-01","2017-1-1",NA,NA,NA,NA,"United States",NA,NA,NA,"Tukwila",NA,"11gbldwqc8"
"Q41498324","Jozi Cats","rugby union team","2015-01-01","2015-1-1",NA,NA,NA,NA,"South Africa",NA,NA,NA,NA,NA,"11gbkrzs5z"
"Q4161830","Dynamo Moscow Rugby Club","rugby union club","1936-01-01","1936-1-1",NA,NA,NA,NA,"Russia",NA,NA,NA,NA,NA,"121jcj9f"
"Q4190339","Zelenograd Rugby Club","rugby union club","2006-01-01","2006-1-1",NA,NA,NA,NA,"Russia",NA,NA,NA,NA,NA,"122k6763"
"Q42377528","Staffordshire Rugby Union","rugby union team",NA,NA,NA,NA,NA,NA,NA,NA,NA,NA,NA,NA,"11gbk2yr0y"
"Q42377539","Walsall RFC","rugby union club","1922-01-01","1922-1-1",NA,NA,NA,NA,"United Kingdom",NA,NA,NA,NA,NA,"11f0_gfx26"
"Q42377544","Oxfordshire Rugby Football Union","rugby union team",NA,NA,NA,NA,NA,NA,NA,NA,NA,NA,NA,NA,"11gbkrzqc1"
"Q42377566","North Gloucestershire Combination","rugby union team",NA,NA,NA,NA,NA,NA,NA,NA,NA,NA,NA,NA,"11gbldp9k0"
"Q42531020","New Orleans Gold","rugby union team","2017-01-01","2017-1-1",NA,NA,NA,NA,"United States",NA,"Shrine on Airline; Archbishop Shaw High School",NA,NA,NA,"11f19smtl_"
"Q425906","Canberra Vikings","rugby union club","1994-01-01","1994-1-1",NA,NA,NA,NA,"Australia",NA,"Manuka Oval",NA,NA,NA,NA
"Q4265824","RC Lokomotiv Moscow","rugby union club","1937-01-01","1937-1-1",NA,NA,NA,NA,"Russia",NA,NA,NA,NA,NA,NA
"Q427312","Greece national rugby union team","national rugby union team","2005-10-22","2005-10-22",NA,NA,NA,NA,"Greece",NA,NA,NA,NA,NA,NA
"Q42887824","Edinburgh Institution F.P.","defunct rugby union club",NA,NA,NA,NA,NA,NA,NA,NA,NA,NA,NA,NA,"11fz0_zf85"
"Q42956124","Austin Gilgronis","rugby union team","2017-01-01","2017-1-1",NA,NA,NA,NA,"United States",NA,NA,NA,NA,NA,"11f2ckcwcy"
"Q43009164","rugby union club","rugby union team",NA,NA,NA,NA,NA,NA,NA,NA,NA,NA,NA,NA,NA
"Q4303981","Moscow Dragons Rugby Football Club","rugby union club","1997-01-01","1997-1-1",NA,NA,NA,NA,"Russia",NA,NA,NA,NA,NA,"120ylmwf"
"Q43080384","Houston SaberCats","rugby union team","2017-01-01","2017-1-1",NA,NA,NA,NA,"United States","Major League Rugby","Aveva Stadium",NA,NA,NA,"11gbf8lsbc"
"Q431412","Stade Toulousain","rugby union club","1907-01-01","1907-1-1",NA,NA,"Les rouge et noir; Le Stade","French Rugby Federation","France","Top 14","Stade Ernest-Wallon","19500","Toulouse","toulouse",NA
"Q431717","Bulgaria national rugby union team","national rugby union team","1963-05-20","1963-5-20",NA,NA,NA,NA,"Bulgaria",NA,NA,NA,NA,NA,NA
"Q4368880","RC Posnania","rugby union club","1956-01-01","1956-1-1",NA,NA,NA,NA,"Poland",NA,NA,NA,NA,NA,NA
"Q4391897","Forum Rugby Club","rugby union club","2003-01-01","2003-1-1",NA,NA,NA,NA,"Russia",NA,NA,NA,NA,NA,NA
"Q4457139","Tigers of Donbass","rugby union club","2006-01-01","2006-1-1",NA,NA,NA,NA,"Ukraine",NA,NA,NA,NA,NA,"121qslxc"
"Q45319371","St Ives RFC","rugby union club","1889-01-01","1889-1-1",NA,NA,NA,NA,"United Kingdom",NA,NA,NA,NA,NA,"11f146kct3"
"Q4533596","Juvenia Kraków","rugby union club","1973-01-01","1973-1-1",NA,NA,NA,NA,"Poland",NA,"Juvenia Stadium",NA,NA,NA,NA
"Q455793","Amatori Catania","rugby union club","1963-01-01","1963-1-1",NA,NA,"Biancorossi","Italian Rugby Federation","Italy",NA,"Stadio Santa Maria Goretti","6000",NA,NA,NA
"Q46387","RC Massy","rugby union club","1971-06-17","1971-6-17",NA,NA,NA,NA,"France",NA,"Stade Jules Ladoumègue","6200","Massy",NA,NA
"Q4653629","ARC Iuridica","rugby union team","1956-01-01","1956-1-1",NA,NA,NA,NA,"Czech Republic",NA,NA,NA,NA,NA,NA
"Q4654064","ASA Tel Aviv Rugby Club","rugby union team","1973-01-01","1973-1-1",NA,NA,NA,"Tel Aviv Ibex RFC",NA,NA,NA,NA,NA,NA,NA
"Q4654143","ASC Saint Apollinaire-Talant RC","rugby union team","1971-01-01","1971-1-1",NA,NA,NA,NA,"France",NA,NA,NA,"Saint-Apollinaire",NA,NA
"Q4661719","Aarhus RK","rugby union team",NA,NA,NA,NA,NA,NA,"Denmark",NA,NA,NA,"Aarhus Municipality",NA,NA
"Q4666776","Aberavon Green Stars RFC","rugby union team",NA,NA,NA,NA,NA,NA,"United Kingdom",NA,NA,NA,NA,NA,NA
"Q4666778","Aberavon Quins RFC","rugby union team",NA,NA,NA,NA,NA,NA,"United Kingdom",NA,NA,NA,NA,NA,NA
"Q4666798","Abercarn RFC","rugby union team",NA,NA,NA,NA,NA,NA,"United Kingdom",NA,NA,NA,NA,NA,NA
"Q4666814","Abercrave RFC","rugby union team","1894-01-01","1894-1-1",NA,NA,NA,NA,"United Kingdom",NA,NA,NA,NA,NA,NA
"Q4666842","Abercynon RFC","rugby union team","1886-01-01","1886-1-1",NA,NA,NA,NA,"United Kingdom",NA,NA,NA,NA,NA,NA
"Q4666854","Aberdare RFC","rugby union team","1890-01-01","1890-1-1",NA,NA,NA,NA,"United Kingdom",NA,NA,NA,NA,NA,NA
"Q4667001","Aberdeen University RFC","rugby union team","1871-01-01","1871-1-1",NA,NA,NA,NA,"United Kingdom",NA,NA,NA,NA,NA,NA
"Q4667008","Aberdeen Wanderers RFC","rugby union team",NA,NA,NA,NA,NA,NA,"United Kingdom",NA,NA,NA,NA,NA,NA
"Q4667091","Abergavenny Rugby Football Club","rugby union team","1877-01-01","1877-1-1",NA,NA,NA,NA,"United Kingdom",NA,NA,NA,NA,NA,NA
"Q4667198","Abertillery RFC","rugby union team",NA,NA,NA,NA,NA,NA,"United Kingdom",NA,NA,NA,NA,NA,NA
"Q4667222","Aberystwyth RFC","rugby union team","1947-01-01","1947-1-1",NA,NA,NA,NA,"United Kingdom",NA,NA,NA,NA,NA,NA
"Q4681250","Addison Football Club","rugby union team","1869-01-01","1869-1-1",NA,NA,NA,NA,"United Kingdom",NA,NA,NA,NA,NA,NA
"Q4694407","Agrária","rugby union team",NA,NA,NA,NA,NA,NA,"Portugal",NA,NA,NA,NA,NA,NA
"Q4699617","Ajax Wanderers R.U.F.C.","rugby union team",NA,NA,NA,NA,NA,NA,"Canada",NA,NA,NA,NA,NA,NA
"Q4705951","Alamo City Rugby Football Club","rugby union team","1983-01-01","1983-1-1",NA,NA,NA,NA,"United States",NA,NA,NA,NA,NA,NA
"Q4708942","Alba","national rugby union team",NA,NA,NA,NA,NA,NA,"United Kingdom",NA,NA,NA,NA,NA,NA
"Q472632","RC Innsbruck","rugby union club",NA,NA,NA,NA,NA,NA,"Austria",NA,NA,NA,NA,NA,NA
"Q47266251","Kenya national under-20 rugby union team","rugby union team",NA,NA,NA,NA,NA,NA,"Kenya",NA,NA,NA,NA,NA,"11dfwypyq2"
"Q47327574","Tunisia national under-20 rugby union team","rugby union team",NA,NA,NA,NA,NA,NA,"Tunisia",NA,NA,NA,NA,NA,"11f3jyd8cr"
"Q473372","Andorra national rugby union team","national rugby union team",NA,NA,NA,NA,NA,NA,"Andorra",NA,NA,NA,NA,NA,NA
"Q4736996","Altrincham Kersal","rugby union team","1897-01-01","1897-1-1",NA,NA,NA,NA,"United Kingdom",NA,NA,NA,NA,NA,NA
"Q4743536","American Cougars","rugby union team",NA,NA,NA,NA,NA,NA,"New Zealand",NA,NA,NA,NA,NA,NA
"Q4744892","American Samoa national rugby sevens team","national rugby union team",NA,NA,NA,NA,NA,NA,NA,NA,NA,NA,NA,NA,NA
"Q4745828","Amersham and Chiltern Rugby Football Club","rugby union team","1924-01-01","1924-1-1",NA,NA,NA,NA,"United Kingdom",NA,NA,NA,NA,NA,NA
"Q4747139","Amman United RFC","rugby union team","1903-01-01","1903-1-1",NA,NA,NA,NA,"United Kingdom",NA,NA,NA,NA,NA,NA
"Q4747155","Ammanford RFC","rugby union club","1887-01-01","1887-1-1",NA,NA,NA,NA,"Wales",NA,NA,NA,NA,NA,NA
"Q4747977","Amoskeag Rugby Club","rugby union team",NA,NA,NA,NA,NA,NA,NA,NA,NA,NA,NA,NA,NA
"Q4748551","Ampthill Rugby Club","rugby union club","1881-01-01","1881-1-1",NA,NA,NA,NA,"United Kingdom","RFU Championship","Dillingham Park",NA,"Ampthill",NA,NA
"Q47488335","Rugby Club Winterthur","rugby union club","2009-03-01","2009-3-1",NA,NA,NA,NA,"Switzerland",NA,"Q2326060",NA,"Winterthur",NA,"11gfjbz0ck"
"Q474910","Unione Rugby Capitolina","rugby union team","1996-01-01","1996-1-1",NA,NA,NA,"Italian Rugby Federation","Italy","Serie B; Serie A",NA,NA,NA,NA,NA
"Q4767911","Annan RFC","rugby union team",NA,NA,NA,NA,NA,NA,"United Kingdom",NA,NA,NA,NA,NA,NA
"Q4774106","Anti-Assassins","rugby union team","1950-01-01","1950-1-1",NA,NA,NA,NA,"United Kingdom",NA,NA,NA,NA,NA,NA
"Q4774838","Antigua and Barbuda national rugby union team","national rugby union team",NA,NA,NA,NA,NA,NA,"Antigua and Barbuda",NA,NA,NA,NA,NA,NA
"Q4777344","Antrim RFC","rugby union team",NA,NA,NA,NA,NA,NA,"Ireland",NA,NA,NA,NA,NA,NA
"Q4787876","Ardee RFC","rugby union team","1980-01-01","1980-1-1",NA,NA,NA,NA,"Ireland",NA,NA,NA,NA,NA,NA
"Q4788260","Ardrossan Academicals RFC","rugby union club","1921-01-01","1921-1-1",NA,NA,NA,NA,"United Kingdom",NA,NA,NA,NA,NA,NA
"Q4788284","Ards RFC","rugby union team","1928-01-01","1928-1-1",NA,NA,NA,NA,"United Kingdom",NA,NA,NA,NA,NA,NA
"Q479194","SC 1880 Frankfurt","rugby union club","1880-01-01","1880-1-1",NA,NA,NA,NA,"Germany","Rugby-Bundesliga",NA,NA,"Frankfurt",NA,NA
"Q4792025","Arklow RFC","rugby union team","1936-01-01","1936-1-1",NA,NA,NA,NA,"Ireland",NA,NA,NA,NA,NA,NA
"Q4794237","Army Rugby Union","rugby union team","1906-01-01","1906-1-1",NA,NA,NA,NA,"United Kingdom",NA,NA,NA,NA,NA,NA
"Q4794241","Army Rugby Football Club","rugby union team","1961-01-01","1961-1-1",NA,NA,NA,NA,"United States",NA,NA,NA,NA,NA,NA
"Q4804630","Ashbourne RFC","rugby union team","1974-01-01","1974-1-1",NA,NA,NA,NA,"Ireland",NA,NA,NA,NA,NA,NA
"Q4807498","Asociación Deportiva Francesa","rugby union club","1913-01-01","1913-1-1",NA,NA,NA,"Unión de Rugby de Buenos Aires","Argentina",NA,NA,NA,"Manuel Alberti",NA,NA
"Q4807743","Aspatria RUFC","rugby union team","1875-01-01","1875-1-1",NA,NA,NA,NA,"United Kingdom",NA,NA,NA,NA,NA,NA
"Q4813069","Ateneo Cultural y Deportivo Don Bosco","rugby union club","1967-01-01","1967-1-1",NA,NA,NA,NA,"Argentina",NA,NA,NA,"Bernal",NA,NA
"Q4813290","Athboy RFC","rugby union team","1978-01-01","1978-1-1",NA,NA,NA,NA,"Ireland",NA,NA,NA,NA,NA,NA
"Q4813517","Athens Spartans RFC","rugby union team","1982-01-01","1982-1-1",NA,NA,NA,NA,"Greece",NA,NA,NA,NA,NA,NA
"Q4815705","Athy Rugby Club","rugby union team","1880-01-01","1880-1-1",NA,NA,NA,NA,"Ireland",NA,NA,NA,NA,NA,NA
"Q4816133","Atlanta Renegades Rugby Football Club","rugby union club","1971-01-01","1971-1-1",NA,NA,NA,NA,"United States",NA,NA,NA,NA,NA,NA
"Q4819588","Auckland rugby union team","rugby union club","1883-01-01","1883-1-1",NA,NA,NA,NA,"New Zealand",NA,NA,NA,"Auckland",NA,NA
"Q4820378","Aughrim Rugby","rugby union club","2011-01-01","2011-1-1",NA,NA,NA,NA,NA,NA,NA,NA,NA,NA,NA
"Q4820958","Augusta Rugby Football Club","rugby union team",NA,NA,NA,NA,NA,NA,"United States",NA,NA,NA,NA,NA,NA
"Q4823557","Australia A national rugby union team","second national rugby union teams",NA,NA,NA,NA,NA,NA,"Australia",NA,NA,NA,NA,NA,NA
"Q4823733","Australia national under-21 rugby union team","rugby union team",NA,NA,NA,NA,NA,NA,"Australia",NA,NA,NA,NA,NA,NA
"Q4823734","Australia national wheelchair rugby team","national rugby union team",NA,NA,NA,NA,NA,NA,"Australia",NA,NA,NA,NA,NA,NA
"Q4823737","Australia national under-20 rugby union team","rugby union team",NA,NA,NA,NA,NA,NA,"Australia",NA,NA,NA,NA,NA,NA
"Q4824649","Australian Schoolboys national rugby union team","rugby union team",NA,NA,NA,NA,NA,NA,"Australia",NA,NA,NA,NA,NA,NA
"Q4825453","Austria national under-18 rugby union team","rugby union team",NA,NA,NA,NA,NA,NA,"Austria",NA,NA,NA,NA,NA,NA
"Q4829353","Avonmouth Old Boys","rugby union team","1897-01-01","1897-1-1",NA,NA,NA,NA,"United Kingdom",NA,NA,NA,NA,NA,NA
"Q4834534","BAE Warton Rugby","rugby union team","1992-01-01","1992-1-1",NA,NA,NA,NA,"United Kingdom",NA,NA,NA,NA,NA,NA
"Q4836920","BYU men's rugby","rugby union team","1962-01-01","1962-1-1",NA,NA,NA,NA,"United States",NA,"South Field",NA,"Provo",NA,NA
"Q4841969","Baglan RFC","rugby union team",NA,NA,NA,NA,NA,NA,"United Kingdom",NA,NA,NA,NA,NA,NA
"Q484649","South Korea national rugby union team","national rugby union team","1969-03-16","1969-3-16",NA,NA,NA,NA,"South Korea",NA,NA,NA,NA,NA,NA
"Q4849694","Bala RFC","rugby union team",NA,NA,NA,NA,NA,NA,"United Kingdom",NA,NA,NA,NA,NA,NA
"Q4850210","Balbriggan RFC","rugby union team","1925-01-01","1925-1-1",NA,NA,NA,NA,"Ireland",NA,NA,NA,NA,NA,NA
"Q4851719","Ballincollig RFC","rugby union team",NA,NA,NA,NA,NA,NA,"Ireland",NA,NA,NA,NA,NA,NA
"Q4854001","Banbridge RFC","rugby union team","1925-01-01","1925-1-1",NA,NA,NA,NA,"Ireland",NA,NA,NA,NA,NA,NA
"Q4854113","Banco Rugby Club","rugby union club","1992-11-21","1992-11-21",NA,NA,NA,NA,"Argentina","Cuyo Rugby Union",NA,NA,"Buena Nueva",NA,NA
"Q4855085","Bangalore rugby football club","rugby union club",NA,NA,NA,NA,NA,NA,"India",NA,NA,NA,NA,NA,NA
"Q4857007","Bannockburn RFC","rugby union team",NA,NA,NA,NA,NA,NA,"United Kingdom",NA,NA,NA,NA,NA,NA
"Q4857344","Banwen RFC","rugby union team","1947-01-01","1947-1-1",NA,NA,NA,NA,"United Kingdom",NA,NA,NA,NA,NA,NA
"Q4860595","Bargoed RFC","rugby union team","1882-01-01","1882-1-1",NA,NA,NA,NA,"United Kingdom",NA,NA,NA,NA,NA,NA
"Q4861045","Barking Rugby Football Club","rugby union team","1930-01-01","1930-1-1",NA,NA,NA,NA,"United Kingdom",NA,NA,NA,NA,NA,NA
"Q4861546","Barnes Rugby Football Club","rugby union team","1920-01-01","1920-1-1",NA,NA,NA,NA,"United Kingdom",NA,NA,NA,NA,NA,NA
"Q4861967","Barnstaple RFC","rugby union team","1877-01-01","1877-1-1",NA,NA,NA,NA,"United Kingdom",NA,NA,NA,NA,NA,NA
"Q4864636","Barry RFC","rugby union team",NA,NA,NA,NA,NA,NA,"United Kingdom",NA,NA,NA,NA,NA,NA
"Q4865799","Barts and The London RFC","rugby union team","1996-01-01","1996-1-1",NA,NA,NA,NA,"United Kingdom",NA,NA,NA,NA,NA,NA
"Q4867519","Basingstoke R.F.C.","rugby union club","1948-01-01","1948-1-1",NA,NA,NA,NA,"United Kingdom",NA,NA,NA,NA,NA,NA
"Q48698853","London Welsh Amateur","rugby union club",NA,NA,NA,NA,NA,NA,"United Kingdom",NA,NA,NA,NA,NA,"11hbkds8t5"
"Q4873905","Bay Area Baracus RFC","rugby union team","2001-01-01","2001-1-1",NA,NA,NA,NA,"United States",NA,NA,NA,NA,NA,NA
"Q4873918","Bay Area Pelicans","rugby union team","1977-01-01","1977-1-1",NA,NA,NA,NA,"United States",NA,NA,NA,NA,NA,NA
"Q4874226","Bay of Plenty Steamers","rugby union team",NA,NA,NA,NA,NA,NA,"New Zealand",NA,NA,NA,NA,NA,NA
"Q48747180","JR East Railways","rugby union team",NA,NA,NA,NA,NA,NA,"Japan",NA,NA,NA,NA,NA,"11gbk4sq4_"
"Q4876030","Beaconsfield Rugby Club","rugby union team","1952-01-01","1952-1-1",NA,NA,NA,NA,"United Kingdom",NA,NA,NA,NA,NA,NA
"Q48773787","Cooks Hill Rugby Club","rugby union club","2007-01-01","2007-1-1",NA,NA,NA,NA,"Australia",NA,NA,NA,NA,NA,"11fxf5260q"
"Q4878649","Beckenham Rugby Football Club","rugby union team","1894-01-01","1894-1-1",NA,NA,NA,NA,"United Kingdom",NA,NA,NA,NA,NA,NA
"Q4879013","Beddau RFC","rugby union team",NA,NA,NA,NA,NA,NA,"United Kingdom",NA,NA,NA,NA,NA,NA
"Q48790206","Club Universitario de Buenos Aires (rugby)","rugby union team","1918-05-11","1918-5-11",NA,NA,NA,"Unión de Rugby de Buenos Aires","Argentina",NA,NA,NA,NA,NA,"11f3gd4pzv"
"Q4879103","Bedford Athletic","rugby union team","1908-01-01","1908-1-1",NA,NA,NA,NA,"United Kingdom",NA,NA,NA,NA,NA,NA
"Q4879302","Bedlinog RFC","rugby union team",NA,NA,NA,NA,NA,NA,"United Kingdom",NA,NA,NA,NA,NA,NA
"Q4879720","Beecroft Rugby Club","rugby union team","1998-01-01","1998-1-1",NA,NA,NA,NA,"Australia",NA,NA,NA,NA,NA,NA
"Q4881389","Beirut Phoenicians Rugby Club","rugby union team","1995-01-01","1995-1-1",NA,NA,NA,NA,NA,NA,NA,NA,NA,NA,NA
"Q48835249","United States national under-19 rugby union team","rugby union team",NA,NA,NA,NA,NA,NA,"United States",NA,NA,NA,NA,NA,"11fzd1fjdw"
"Q48835514","Stade Niçois","rugby union team","2012-01-01","2012-1-1",NA,NA,NA,NA,"France","Pro D2",NA,NA,"Nice",NA,"11g9fms0rd"
"Q48835878","Luxembourg national rugby sevens team","national rugby union team",NA,NA,NA,NA,NA,NA,"Luxembourg",NA,NA,NA,NA,NA,"11gbk2xldz"
"Q4884422","Belmont Shore RFC","rugby union club","1974-01-01","1974-1-1",NA,NA,NA,NA,"United States",NA,NA,NA,NA,NA,NA
"Q4884681","Belsize Park Football Club","rugby union team","1870-01-01","1870-1-1",NA,NA,NA,NA,"United Kingdom",NA,NA,NA,NA,NA,NA
"Q4884682","Belsize Park Rugby Football Club","rugby union club","1870-01-01","1870-1-1",NA,NA,NA,NA,"United Kingdom",NA,NA,NA,NA,NA,NA
"Q48854703","Utah Warriors","rugby union club",NA,NA,NA,NA,NA,NA,"United States",NA,NA,NA,NA,NA,"11hbqlpxrh"
"Q48861120","American Raptors","rugby union team","2006-01-01","2006-1-1",NA,NA,NA,NA,"United States",NA,NA,NA,"Glendale",NA,"11bc6j88n0"
"Q48861132","San Diego Legion","rugby union team","2017-01-01","2017-1-1",NA,NA,NA,NA,"United States",NA,NA,NA,"San Diego",NA,"11gfm9vwj_"
"Q4891542","Bergen Rugbyklubb","rugby union team","1999-01-01","1999-1-1",NA,NA,NA,NA,"Norway",NA,NA,NA,NA,NA,NA
"Q4896005","Berwick RFC","rugby union team","1926-01-01","1926-1-1",NA,NA,NA,NA,"United Kingdom",NA,NA,NA,NA,NA,NA
"Q4897999","Bethesda RFC","rugby union team",NA,NA,NA,NA,NA,NA,"United Kingdom",NA,NA,NA,NA,NA,NA
"Q4898679","Bettws RFC","rugby union team",NA,NA,NA,NA,NA,NA,"United Kingdom",NA,NA,NA,NA,NA,NA
"Q4899222","Betws RFC","rugby union team",NA,NA,NA,NA,NA,NA,"United Kingdom",NA,NA,NA,NA,NA,NA
"Q4899430","Beverley RUFC","rugby union team","1959-01-01","1959-1-1",NA,NA,NA,NA,"United Kingdom",NA,NA,NA,NA,NA,NA
"Q4903586","Bicester Rugby Club","rugby union team",NA,NA,NA,NA,NA,NA,"United Kingdom",NA,NA,NA,NA,NA,NA
"Q4906932","Biggleswade Rugby Club","rugby union team","1949-01-01","1949-1-1",NA,NA,NA,NA,"United Kingdom",NA,NA,NA,NA,NA,NA
"Q4911926","Billingham Rugby Union Football Club","rugby union team","1924-01-01","1924-1-1",NA,NA,NA,NA,"United Kingdom",NA,NA,NA,NA,NA,NA
"Q4915736","Birchgrove RFC","rugby union team",NA,NA,NA,NA,NA,NA,"United Kingdom",NA,NA,NA,NA,NA,NA
"Q4916436","Birkenhead Park FC","rugby union team","1871-01-01","1871-1-1",NA,NA,NA,NA,"United Kingdom",NA,NA,NA,NA,NA,NA
"Q4916494","Birkirkara Alligators RFC","rugby union team","1990-01-01","1990-1-1",NA,NA,NA,NA,"Malta",NA,NA,NA,NA,NA,NA
"Q4916942","Birr RFC","rugby union team","1887-01-01","1887-1-1",NA,NA,NA,NA,"Ireland",NA,NA,NA,NA,NA,NA
"Q4916981","Birstall RFC","rugby union team","1975-01-01","1975-1-1",NA,NA,NA,NA,"United Kingdom",NA,NA,NA,NA,NA,NA
"Q4917442","Bishop's Stortford RFC","rugby union club","1921-01-01","1921-1-1",NA,NA,NA,NA,"United Kingdom",NA,NA,NA,"Bishop's Stortford",NA,NA
"Q4923635","Blackwood RFC","rugby union team","1889-01-01","1889-1-1",NA,NA,NA,NA,"United Kingdom",NA,NA,NA,NA,NA,NA
"Q4923805","Blaenavon RFC","rugby union team","1877-01-01","1877-1-1",NA,NA,NA,NA,"United Kingdom",NA,NA,NA,NA,NA,NA
"Q4923915","Blaina RFC","rugby union team",NA,NA,NA,NA,NA,NA,"United Kingdom",NA,NA,NA,NA,NA,NA
"Q4925576","Blaydon RFC","rugby union team","1888-01-01","1888-1-1",NA,NA,NA,NA,"United Kingdom",NA,NA,NA,NA,NA,NA
"Q4926458","Bligh Roosters","rugby union team",NA,NA,NA,NA,NA,NA,NA,NA,NA,NA,NA,NA,NA
"Q4940217","Bolton R.U.F.C","rugby union team","1872-01-01","1872-1-1",NA,NA,NA,NA,"United Kingdom",NA,NA,NA,NA,NA,NA
"Q4942696","Bonymaen Broncos","rugby union team","2010-01-01","2010-1-1",NA,NA,NA,NA,NA,NA,NA,NA,NA,NA,NA
"Q4942697","Bonymaen RFC","rugby union team",NA,NA,NA,NA,NA,NA,"United Kingdom",NA,NA,NA,NA,NA,NA
"Q4947842","Boston College Rugby Football Club","rugby union club","1967-01-01","1967-1-1",NA,NA,NA,NA,"United States",NA,NA,NA,"Boston",NA,NA
"Q4947946","Boston Ironsides RFC","rugby union team","2001-01-01","2001-1-1",NA,NA,NA,NA,"United States",NA,NA,NA,NA,NA,NA
"Q4948043","Boston RFC","rugby union team","1960-01-01","1960-1-1",NA,NA,NA,NA,"United States",NA,NA,NA,NA,NA,NA
"Q4948071","Boston Rugby Club","rugby union team","1927-01-01","1927-1-1",NA,NA,NA,NA,"United Kingdom",NA,NA,NA,NA,NA,NA
"Q4950293","Bournemouth Rugby Club","rugby union team","1893-01-01","1893-1-1",NA,NA,NA,NA,"United Kingdom",NA,NA,NA,NA,NA,NA
"Q4950323","Bournville RFC","rugby union club","1909-01-01","1909-1-1",NA,NA,NA,NA,"United Kingdom",NA,NA,NA,NA,NA,NA
"Q4950760","Bowdoin College Men's Rugby","rugby union club",NA,NA,NA,NA,NA,NA,NA,NA,NA,NA,NA,NA,NA
"Q4952563","Boyne RFC","rugby union team",NA,NA,NA,NA,NA,NA,"Ireland",NA,NA,NA,NA,NA,NA
"Q4954569","Bradford & Bingley RFC","rugby union team","1982-01-01","1982-1-1",NA,NA,NA,NA,"United Kingdom",NA,NA,NA,NA,NA,NA
"Q4954602","Bradford Bulls Academy","rugby union team",NA,NA,NA,NA,NA,NA,"United Kingdom",NA,NA,NA,NA,NA,NA
"Q4960080","Brecon RFC","rugby union team","1879-01-01","1879-1-1",NA,NA,NA,NA,"United Kingdom",NA,NA,NA,NA,NA,NA
"Q4966529","Bridgend Athletic RFC","rugby union team","1939-01-01","1939-1-1",NA,NA,NA,NA,"United Kingdom",NA,NA,NA,NA,NA,NA
"Q4966541","Bridgend Sports RFC","rugby union team",NA,NA,NA,NA,NA,NA,"United Kingdom",NA,NA,NA,NA,NA,NA
"Q4966914","Bridgwater & Albion","rugby union club","1875-01-01","1875-1-1",NA,NA,NA,NA,"United Kingdom",NA,NA,NA,NA,NA,NA
"Q4967643","Brighton Football Club","rugby union team","1868-01-01","1868-1-1",NA,NA,NA,NA,"United Kingdom",NA,NA,NA,NA,NA,NA
"Q4968584","Brisbane Irish Rugby Football Club","rugby union club","1996-01-01","1996-1-1",NA,NA,NA,NA,"Australia",NA,NA,NA,NA,NA,NA
"Q4968805","Bristol Bisons RFC","rugby union team",NA,NA,NA,NA,NA,NA,"United Kingdom",NA,NA,NA,NA,NA,NA
"Q4969476","British Army Germany rugby union team","rugby union team",NA,NA,NA,NA,NA,NA,NA,NA,NA,NA,NA,NA,NA
"Q4971506","Briton Ferry RFC","rugby union team","1888-01-01","1888-1-1",NA,NA,NA,NA,"United Kingdom",NA,NA,NA,NA,NA,NA
"Q4971708","Brixham Rugby Club","rugby union club","1874-01-01","1874-1-1",NA,NA,NA,NA,"United Kingdom",NA,NA,NA,NA,NA,NA
"Q4972313","Broadstreet Rugby Club","rugby union team","1929-01-01","1929-1-1",NA,NA,NA,NA,"United Kingdom",NA,NA,NA,NA,NA,NA
"Q4973768","Bromsgrove RFC","rugby union club","1872-01-01","1872-1-1",NA,NA,NA,NA,"United Kingdom",NA,NA,NA,NA,NA,NA
"Q4974887","Brooklyn Rugby","rugby union team","2007-01-01","2007-1-1",NA,NA,NA,NA,"United States",NA,NA,NA,NA,NA,NA
"Q4975675","Brothers Rugby Club Sydney","rugby union team","1947-01-01","1947-1-1",NA,NA,NA,NA,"Australia",NA,NA,NA,NA,NA,NA
"Q4975836","Broughton Park FC","rugby union team","1882-01-01","1882-1-1",NA,NA,NA,NA,"United Kingdom",NA,NA,NA,NA,NA,NA
"Q4975839","Broughton RUFC","rugby union team","1869-01-01","1869-1-1",NA,NA,NA,NA,"United Kingdom",NA,NA,NA,NA,NA,NA
"Q4975841","Broughton Rangers","rugby union team","1877-01-01","1877-1-1","1955-01-01","1955-1-1",NA,NA,"United Kingdom",NA,"Belle Vue Stadium; Wheater's Field; The Cliff",NA,NA,NA,NA
"Q4978663","Bruff R.F.C.","rugby union team","1969-01-01","1969-1-1",NA,NA,NA,NA,"Ireland",NA,NA,NA,NA,NA,NA
"Q4980935","Bryncethin RFC","rugby union team",NA,NA,NA,NA,NA,NA,"United Kingdom",NA,NA,NA,NA,NA,NA
"Q4980937","Bryncoch RFC","rugby union team",NA,NA,NA,NA,NA,NA,"United Kingdom",NA,NA,NA,NA,NA,NA
"Q4980990","Brynithel RFC","rugby union team","1974-01-01","1974-1-1",NA,NA,NA,NA,"United Kingdom",NA,NA,NA,NA,NA,NA
"Q4981012","Brynmawr RFC","rugby union team",NA,NA,NA,NA,NA,NA,"United Kingdom",NA,NA,NA,NA,NA,NA
"Q4984050","Budapest Exiles RFC","rugby union team","1991-01-01","1991-1-1",NA,NA,NA,NA,"Hungary",NA,NA,NA,NA,NA,NA
"Q498478","South Africa national rugby union team","national rugby union team","1891-07-30","1891-7-30",NA,NA,"Springboks",NA,"South Africa",NA,NA,NA,NA,"south-africa",NA
"Q4985162","Budowlani Łódź","rugby union club","1948-01-01","1948-1-1",NA,NA,NA,NA,"Poland",NA,NA,NA,"Łódź",NA,NA
"Q4985517","Buenos Aires Cricket & Rugby Club","rugby union club","1864-01-01","1864-1-1",NA,NA,NA,NA,"Argentina",NA,NA,NA,"San Fernando",NA,NA
"Q4986693","Builth Wells RFC","rugby union team","1888-01-01","1888-1-1",NA,NA,NA,NA,"United Kingdom",NA,NA,NA,NA,NA,NA
"Q4996770","Buller Rugby Football Union","rugby union club","1894-01-01","1894-1-1",NA,NA,NA,NA,"New Zealand",NA,NA,NA,NA,NA,NA
"Q4998591","Burgess Hill Rugby Football Club","rugby union team","1962-01-01","1962-1-1",NA,NA,NA,NA,"United Kingdom",NA,NA,NA,NA,NA,NA
"Q4999605","Burnage Rugby","rugby union team","1936-01-01","1936-1-1",NA,NA,NA,NA,"United Kingdom",NA,NA,NA,NA,NA,NA
"Q4999783","Burnie Rugby Union Club","rugby union team","1961-01-01","1961-1-1",NA,NA,NA,NA,"Australia",NA,NA,NA,NA,NA,NA
"Q5000020","Burnley Rugby Club","rugby union team","1926-01-01","1926-1-1",NA,NA,NA,NA,"United Kingdom",NA,NA,NA,NA,NA,NA
"Q5000259","Burntwood Barbarians","rugby union club","2006-01-01","2006-1-1",NA,NA,NA,NA,"United Kingdom",NA,NA,NA,NA,NA,NA
"Q5000543","Burry Port RFC","rugby union team",NA,NA,NA,NA,NA,NA,"United Kingdom",NA,NA,NA,NA,NA,NA
"Q5000901","Burton RFC","rugby union team","1870-01-01","1870-1-1",NA,NA,NA,NA,"United Kingdom",NA,NA,NA,NA,NA,NA
"Q5004999","Békéscsabai Benny Bulls RC","rugby union team","1992-01-01","1992-1-1",NA,NA,NA,NA,"Hungary",NA,NA,NA,NA,NA,NA
"Q5010217","CEC Liceo Militar","rugby union club","1950-01-02","1950-1-2",NA,NA,NA,NA,"Argentina",NA,NA,NA,"Loma Hermosa",NA,NA
"Q5013263","COBRA Rugby Club of Malaysia","rugby union team",NA,NA,NA,NA,NA,NA,"Malaysia",NA,NA,NA,NA,NA,NA
"Q5013992","CR Atlético Portuense","rugby union club","1982-01-01","1982-1-1",NA,NA,NA,NA,"Spain","División de Honor B de Rugby",NA,NA,NA,NA,NA
"Q5014418","CSU Aurel Vlaicu Arad","rugby union team",NA,NA,NA,NA,NA,NA,"Romania",NA,NA,NA,NA,NA,NA
"Q5014485","CS Rugby 1863","rugby union team","1863-01-01","1863-1-1",NA,NA,NA,NA,"United Kingdom",NA,NA,NA,NA,NA,NA
"Q5014498","CS Universitatea Cluj-Napoca","rugby union team","1949-01-01","1949-1-1",NA,NA,NA,NA,"Romania",NA,"Cluj Arena",NA,NA,NA,NA
"Q5014939","CYM RFC","rugby union team","1924-01-01","1924-1-1",NA,NA,NA,NA,"Ireland",NA,NA,NA,NA,NA,NA
"Q5016906","Caerleon R.F.C.","rugby union team","1970-01-01","1970-1-1",NA,NA,NA,NA,"United Kingdom",NA,NA,NA,NA,NA,NA
"Q5016913","Caernarfon RFC","rugby union team","1973-01-01","1973-1-1",NA,NA,NA,NA,"United Kingdom",NA,NA,NA,NA,NA,NA
"Q501864","Uruguay national under-20 rugby union team","rugby union team",NA,NA,NA,NA,NA,NA,"Uruguay",NA,NA,NA,NA,NA,NA
"Q5019088","Caldicot RFC","rugby union team",NA,NA,NA,NA,NA,NA,"United Kingdom",NA,NA,NA,NA,NA,NA
"Q5019181","Caldy Rugby Football Club","rugby union club","1924-01-01","1924-1-1",NA,NA,NA,NA,"United Kingdom","RFU Championship",NA,NA,"Thurstaston",NA,NA
"Q5019454","Caledonian Thebans RFC","rugby union team",NA,NA,NA,NA,NA,NA,"United Kingdom",NA,NA,NA,NA,NA,NA
"Q5019642","Calgary Canadian Irish Athletic Club","rugby union club",NA,NA,NA,NA,NA,NA,"Canada",NA,NA,NA,NA,NA,NA
"Q5020510","California Golden Bears rugby","rugby union team","1882-01-01","1882-1-1",NA,NA,NA,NA,"United States",NA,NA,NA,NA,NA,NA
"Q5025224","Camborne RFC","rugby union team","1878-01-01","1878-1-1",NA,NA,NA,NA,"United Kingdom",NA,NA,NA,NA,NA,NA
"Q5025391","Cambridge Colts","rugby union team",NA,NA,NA,NA,NA,NA,"United Kingdom",NA,NA,NA,NA,NA,NA
"Q5025504","Cambridge Rugby","rugby union team","1923-01-01","1923-1-1",NA,NA,NA,NA,"United Kingdom",NA,"West Renault Park",NA,"Cambridge",NA,NA
"Q5025690","Cambuslang RFC","rugby union team",NA,NA,NA,NA,NA,NA,"United Kingdom",NA,NA,NA,NA,NA,NA
"Q5025890","Camelford RFC","rugby union team","2008-01-01","2008-1-1",NA,NA,NA,NA,"United Kingdom",NA,NA,NA,NA,NA,NA
"Q50301082","Jockey Club de Salta","rugby union club",NA,NA,NA,NA,NA,NA,"Argentina",NA,NA,NA,"Salta",NA,"11ggfrx1bm"
"Q5031280","Canberra Royals","rugby union team","1949-01-01","1949-1-1",NA,NA,NA,NA,"Australia",NA,NA,NA,NA,NA,NA
"Q50322380","Tiro Federal de Salta","rugby union club",NA,NA,NA,NA,NA,NA,"Argentina",NA,NA,NA,"Salta",NA,NA
"Q5033238","Yokohama Canon Eagles","rugby union club","1980-01-01","1980-1-1",NA,NA,NA,NA,"Japan","Japan Rugby League One","Nippatsu Mitsuzawa Stadium",NA,NA,NA,NA
"Q5033683","Canterbury RFC","rugby union team","1929-01-01","1929-1-1",NA,NA,NA,NA,"United Kingdom",NA,NA,NA,NA,NA,NA
"Q5034100","Canucks rugby","rugby union team",NA,NA,NA,NA,NA,NA,NA,NA,NA,NA,NA,NA,NA
"Q5038423","Cardiff Harlequins RFC","rugby union team",NA,NA,NA,NA,NA,NA,"United Kingdom",NA,NA,NA,NA,NA,NA
"Q5038439","Cardiff Lions","rugby union team",NA,NA,NA,NA,NA,NA,"United Kingdom",NA,NA,NA,NA,NA,NA
"Q5038454","Cardiff Quins RFC","rugby union team","1928-01-01","1928-1-1",NA,NA,NA,NA,"United Kingdom",NA,NA,NA,NA,NA,NA
"Q5038459","Cardiff Saracens RFC","rugby union team",NA,NA,NA,NA,NA,NA,"United Kingdom",NA,NA,NA,NA,NA,NA
"Q5038510","Cardigan RFC","rugby union team","1876-01-01","1876-1-1",NA,NA,NA,NA,"United Kingdom",NA,NA,NA,NA,NA,NA
"Q5043191","Carmarthen Athletic RFC","rugby union team","1944-01-01","1944-1-1",NA,NA,NA,NA,"United Kingdom",NA,NA,NA,NA,NA,NA
"Q5048230","Cascais Rugby Linha","rugby union team",NA,NA,NA,NA,NA,NA,"Portugal",NA,NA,NA,"Cascais",NA,NA
"Q5048727","Cashel RFC","rugby union club",NA,NA,NA,NA,NA,NA,"Ireland",NA,NA,NA,"Cashel",NA,NA
"Q5050652","Castletown R.U.F.C.","rugby union team",NA,NA,NA,NA,NA,NA,"United Kingdom",NA,NA,NA,NA,NA,NA
"Q5057252","Cefn Cribwr RFC","rugby union team",NA,NA,NA,NA,NA,NA,"United Kingdom",NA,NA,NA,NA,NA,NA
"Q5057278","Cefneithin RFC","rugby union team",NA,NA,NA,NA,NA,NA,"United Kingdom",NA,NA,NA,NA,NA,NA
"Q5057338","Ceglédi RC","rugby union team","2010-01-01","2010-1-1",NA,NA,NA,NA,"Hungary",NA,NA,NA,NA,NA,NA
"Q5059047","Centauros Rugby Clube","rugby union team",NA,NA,NA,NA,NA,NA,"Brazil",NA,NA,NA,NA,NA,NA
"Q5061994","Central Vikings Rugby Union","rugby union team","1997-01-01","1997-1-1",NA,NA,NA,NA,NA,NA,NA,NA,NA,NA,NA
"Q5065805","Ceylonese Rugby & Football Club","rugby union team","1922-01-01","1922-1-1",NA,NA,NA,NA,NA,NA,NA,NA,NA,NA,NA
"Q50779319","Flaming Lions Rugby Football Club","rugby union team","1999-02-26","1999-2-26",NA,NA,NA,NA,"Peru",NA,NA,NA,NA,NA,"11f53qtkg6"
"Q5082080","Charles River Rats","rugby union team","1973-01-01","1973-1-1",NA,NA,NA,NA,"United States",NA,NA,NA,NA,NA,NA
"Q5084165","Charleston Outlaws RFC","rugby union team",NA,NA,NA,NA,NA,NA,"United States",NA,NA,NA,NA,NA,NA
"Q5086122","Charlotte Rugby Club","rugby union club","1971-01-01","1971-1-1",NA,NA,NA,NA,"United States",NA,NA,NA,"North Carolina",NA,NA
"Q5086325","Charlton Park","rugby union club","1893-01-01","1893-1-1",NA,NA,NA,NA,"United Kingdom",NA,NA,NA,"Kidbrooke",NA,NA
"Q5089966","Chelmsford R.F.C.","rugby union team",NA,NA,NA,NA,NA,NA,"United Kingdom",NA,NA,NA,NA,NA,NA
"Q5091734","Chepstow RFC","rugby union team","1878-01-01","1878-1-1",NA,NA,NA,NA,"United Kingdom",NA,NA,NA,NA,NA,NA
"Q5093311","Chess Valley Rugby Football Club","rugby union team",NA,NA,NA,NA,NA,NA,"United Kingdom",NA,NA,NA,NA,NA,NA
"Q5093418","Chester-le-Street Rugby Club","rugby union club",NA,NA,NA,NA,NA,NA,"United Kingdom",NA,NA,NA,NA,NA,NA
"Q5093693","Chester RUFC","rugby union team","1925-01-01","1925-1-1",NA,NA,NA,NA,"United Kingdom",NA,"Hare Lane",NA,NA,NA,NA
"Q5093817","Chesterfield Panthers Rugby Union Football Club","rugby union team","2008-01-01","2008-1-1",NA,NA,NA,NA,"United Kingdom",NA,NA,NA,"Chesterfield",NA,NA
"Q5095633","Chicago Griffins RFC","rugby union team","1973-01-01","1973-1-1",NA,NA,NA,NA,"United States",NA,NA,NA,NA,NA,NA
"Q5095689","Chicago Lions","rugby union team","1964-01-01","1964-1-1",NA,NA,NA,NA,"United States",NA,NA,NA,NA,NA,NA
"Q5095892","Chicago riot rugby football club","rugby union team","2006-01-01","2006-1-1",NA,NA,NA,NA,"United States",NA,NA,NA,NA,NA,NA
"Q5101194","Chinnor R.F.C.","rugby union club","1962-01-01","1962-1-1",NA,NA,NA,NA,"United Kingdom","RFU Championship","Kingsey Road",NA,"Thame",NA,NA
"Q5101641","Chippenham RFC","rugby union team","1898-01-01","1898-1-1",NA,NA,NA,NA,"United Kingdom",NA,NA,NA,"Chippenham",NA,NA
"Q5105169","Chorley RUFC","rugby union team","1973-01-01","1973-1-1",NA,NA,NA,NA,"United Kingdom",NA,NA,NA,NA,NA,NA
"Q5115858","Chuckanut Bay RFC","rugby union team",NA,NA,NA,NA,NA,NA,NA,NA,NA,NA,NA,NA,NA
"Q5118893","Châtenoy RC","rugby union team","1977-01-01","1977-1-1",NA,NA,NA,NA,"France",NA,NA,NA,"Châtenoy-le-Royal",NA,NA
"Q511912","Sri Lanka national rugby union team","national rugby union team",NA,NA,NA,NA,NA,NA,"Sri Lanka",NA,NA,NA,NA,NA,NA
"Q5119939","Cilfynydd RFC","rugby union team",NA,NA,NA,NA,NA,NA,"United Kingdom",NA,NA,NA,NA,NA,NA
"Q5120000","Cill Dara RFC","rugby union team","1976-01-01","1976-1-1",NA,NA,NA,NA,"Ireland",NA,NA,NA,NA,NA,NA
"Q5123650","City of Derry R.F.C.","rugby union team","1881-01-01","1881-1-1",NA,NA,NA,NA,NA,NA,NA,NA,NA,NA,NA
"Q5124571","Civil Service Rugby Club","rugby union team","1922-01-01","1922-1-1",NA,NA,NA,NA,NA,NA,NA,NA,NA,NA,NA
"Q5125781","Clane RFC","rugby union team","1984-01-01","1984-1-1",NA,NA,NA,NA,"Ireland",NA,NA,NA,NA,NA,NA
"Q5125835","Clanwilliam Rugby Club","rugby union team",NA,NA,NA,NA,NA,NA,"Ireland",NA,NA,NA,NA,NA,NA
"Q5131032","Cleckheaton RUFC","rugby union club","1888-01-01","1888-1-1",NA,NA,NA,NA,"United Kingdom",NA,NA,NA,NA,NA,NA
"Q5131549","Clemson Rugby","rugby union team","1967-01-01","1967-1-1",NA,NA,NA,NA,"United States",NA,NA,NA,NA,NA,NA
"Q5132009","Cleve RFC","rugby union team","1922-01-01","1922-1-1",NA,NA,NA,NA,"United Kingdom",NA,NA,NA,NA,NA,NA
"Q513257","Central Coast Rays","rugby union team","2007-01-01","2007-1-1",NA,NA,NA,NA,"Australia",NA,NA,NA,NA,NA,NA
"Q5133308","Clifton RFC","rugby union team","1872-01-01","1872-1-1",NA,NA,NA,NA,"United Kingdom",NA,NA,NA,NA,NA,NA
"Q5134982","Clondalkin RFC","rugby union team","1973-01-01","1973-1-1",NA,NA,NA,NA,NA,NA,NA,NA,NA,NA,NA
"Q5136117","Club Argentino de Rugby","rugby union club","1977-01-01","1977-1-1",NA,NA,NA,"Unión de Rugby de Buenos Aires","Argentina",NA,NA,NA,"Avellaneda",NA,NA
"Q5136125","Club Atlético Chascomús","rugby union club","1907-01-01","1907-1-1",NA,NA,NA,NA,"Argentina",NA,NA,NA,"Chascomús",NA,NA
"Q5136134","Club San Martín","rugby union club","1908-01-01","1908-1-1",NA,NA,NA,"Unión de Rugby de Buenos Aires","Argentina","URBA Primera A",NA,NA,"Villa Raffo",NA,NA
"Q5136143","CASA de Padua","rugby union club","1926-01-01","1926-1-1",NA,NA,NA,NA,"Argentina",NA,NA,NA,"San Antonio de Padua",NA,NA
"Q5136152","Club Banco Hipotecario","rugby union team","1956-01-01","1956-1-1",NA,NA,NA,NA,"Argentina",NA,NA,NA,NA,NA,NA
"Q5136169","Club Champagnat","rugby union club","1956-01-01","1956-1-1",NA,NA,NA,NA,"Argentina",NA,NA,NA,"Pilar",NA,NA
"Q5136175","Club Ciudad de Buenos Aires","rugby union club","1920-01-01","1920-1-1",NA,NA,NA,NA,"Argentina",NA,NA,NA,"Núñez",NA,NA
"Q5136176","Club Cipolletti","rugby union club","1926-10-15","1926-10-15",NA,NA,NA,NA,"Argentina",NA,"Estadio La Visera",NA,"Cipolletti",NA,NA
"Q5136257","Club Gimnasia y Esgrima de Rosario","rugby union club","1904-09-10","1904-9-10",NA,NA,NA,"Unión de Rugby de Rosario","Argentina","Torneo del Litoral",NA,NA,NA,NA,NA
"Q5136274","Club La Tablada","rugby union club","1943-01-01","1943-1-1",NA,NA,NA,"Unión Cordobesa de Rugby","Argentina",NA,NA,NA,"Córdoba",NA,NA
"Q5136293","Club Los Cedros","rugby union club","1975-12-31","1975-12-31",NA,NA,NA,"Unión de Rugby de Buenos Aires","Argentina",NA,NA,NA,"Los Polvorines",NA,NA
"Q5136304","Club Manuel Belgrano","rugby union club","1958-01-01","1958-1-1",NA,NA,NA,"Unión de Rugby de Buenos Aires","Argentina",NA,NA,NA,"Saavedra",NA,NA
"Q5136324","Club Natación y Gimnasia","rugby union club","1930-02-21","1930-2-21",NA,NA,NA,"Unión de Rugby de Tucumán","Argentina",NA,NA,NA,"San Miguel de Tucumán",NA,NA
"Q5136342","Club Palermo Bajo","rugby union club","1955-01-01","1955-1-1",NA,NA,NA,"Unión Cordobesa de Rugby","Argentina",NA,NA,NA,"Córdoba",NA,NA
"Q5136347","Club Pueyrredón","rugby union club","1953-06-11","1953-6-11",NA,NA,NA,"Unión de Rugby de Buenos Aires","Argentina",NA,NA,NA,"Benavídez",NA,NA
"Q5136351","Club Pucará","rugby union club","1943-10-12","1943-10-12",NA,NA,NA,"Unión de Rugby de Buenos Aires","Argentina","URBA Top 12",NA,NA,"Burzaco",NA,NA
"Q5136359","Club San Albano","rugby union club","1923-02-10","1923-2-10",NA,NA,NA,"Unión de Rugby de Buenos Aires","Argentina",NA,NA,NA,"Burzaco",NA,NA
"Q5136360","Club San Andrés","rugby union club","1911-01-01","1911-1-1",NA,NA,NA,"Unión de Rugby de Buenos Aires","Argentina",NA,NA,NA,"Benavídez",NA,NA
"Q5136363","Club San Cirano","rugby union club","1973-01-01","1973-1-1",NA,NA,NA,NA,"Argentina",NA,NA,NA,"Villa Celina",NA,NA
"Q5136366","Club San Patricio","rugby union club","1973-01-01","1973-1-1",NA,NA,NA,"Unión de Rugby de Buenos Aires","Argentina",NA,NA,NA,"La Lonja",NA,NA
"Q5136367","Club San Fernando","rugby union club","1923-01-01","1923-1-1",NA,NA,NA,"Unión de Rugby de Buenos Aires","Argentina","URBA Primera A",NA,NA,"San Fernando",NA,NA
"Q5136393","Club Tilcara","rugby union team","1954-01-01","1954-1-1",NA,NA,NA,NA,"Argentina",NA,NA,NA,NA,NA,NA
"Q5136396","Club Universitario de Córdoba","rugby union club","1907-01-01","1907-1-1",NA,NA,NA,"Unión Cordobesa de Rugby","Argentina","Torneo de Córdoba",NA,NA,NA,NA,NA
"Q5136399","Club Universitario de La Plata","rugby union club","1937-03-03","1937-3-3",NA,NA,NA,"Unión de Rugby de Buenos Aires","Argentina",NA,NA,NA,"La Plata",NA,NA
"Q5136429","Club de Rugby Ateneo Inmaculada","rugby union club",NA,NA,NA,NA,NA,"Unión Santafesina de Rugby","Argentina","Torneo del Litoral",NA,NA,NA,NA,"1yxkhnvyf"
"Q5136430","Club de Rugby Los Tilos","rugby union club","1944-01-01","1944-1-1",NA,NA,NA,"Unión de Rugby de Buenos Aires","Argentina","URBA Top 12",NA,NA,"Tolosa",NA,NA
"Q5136450","Club y Biblioteca Mariano Moreno","rugby union club","1928-01-01","1928-1-1",NA,NA,NA,"Unión de Rugby de Buenos Aires","Argentina",NA,NA,NA,"Moreno",NA,NA
"Q5138892","Cobham RFC","rugby union team","1863-01-01","1863-1-1",NA,NA,NA,NA,"United Kingdom",NA,NA,NA,NA,NA,NA
"Q5146534","College Rifles RFC","rugby union team",NA,NA,NA,NA,NA,NA,"New Zealand",NA,NA,NA,NA,NA,NA
"Q5146941","Collegians","rugby union team","1890-01-01","1890-1-1",NA,NA,NA,NA,"Ireland",NA,NA,NA,NA,NA,NA
"Q5148022","Colombo Hockey and Football Club","rugby union team","1892-01-01","1892-1-1",NA,NA,NA,NA,NA,NA,NA,NA,NA,NA,NA
"Q5149779","Columbia Rhinos Rugby Football Club","rugby union team",NA,NA,NA,NA,NA,NA,"United States",NA,NA,NA,NA,NA,NA
"Q5150337","Colwyn Bay RFC","rugby union team","1923-01-01","1923-1-1",NA,NA,NA,NA,"United Kingdom",NA,NA,NA,NA,NA,NA
"Q51593358","London New Zealand RFC","rugby union team","1926-01-01","1926-1-1",NA,NA,NA,NA,"United Kingdom",NA,NA,NA,NA,NA,"11ggzm9hn3"
"Q5159581","Coney Hill RFC","rugby union team","1947-01-01","1947-1-1",NA,NA,NA,NA,"United Kingdom",NA,NA,NA,NA,NA,NA
"Q5161653","Connecticut Yankees RFC","rugby union team","1975-01-01","1975-1-1",NA,NA,NA,NA,"United States",NA,NA,NA,NA,NA,NA
"Q5167030","Cooke RFC","rugby union team",NA,NA,NA,NA,NA,NA,"Ireland",NA,NA,NA,NA,NA,NA
"Q5167516","Coolmine RFC","rugby union team","1980-01-01","1980-1-1",NA,NA,NA,NA,"Ireland",NA,NA,NA,NA,NA,NA
"Q516893","Football Club Sportif Rumilly","rugby union team","1911-01-01","1911-1-1",NA,NA,NA,NA,"France",NA,NA,NA,"Rumilly",NA,NA
"Q5172659","Corpus Christi Rugby Football Club","rugby union team","1973-01-01","1973-1-1",NA,NA,NA,NA,"United States",NA,NA,NA,NA,NA,NA
"Q5173205","Corsários Rugby Clube","rugby union team",NA,NA,NA,NA,NA,NA,"Brazil",NA,NA,NA,NA,NA,NA
"Q5173414","Corus (Port Talbot) RFC","rugby union team","1908-01-01","1908-1-1",NA,NA,NA,NA,"United Kingdom",NA,NA,NA,NA,NA,NA
"Q517805","Real Oviedo Rugby","rugby union team","1983-01-01","1983-1-1",NA,NA,NA,NA,"Spain","División de Honor B de Rugby","Q54366220",NA,"Oviedo",NA,NA
"Q5179615","Cowbridge RFC","rugby union team",NA,NA,NA,NA,NA,NA,"United Kingdom",NA,NA,NA,NA,NA,NA
"Q518116","France national rugby union team","national rugby union team","1906-01-01","1906-1-1",NA,NA,NA,NA,"France",NA,"Stade de France; Yves du Manoir Stadium; Parc des Princes","80698; NA",NA,"france",NA
"Q5182986","Crawley Rugby Football Club","rugby union team",NA,NA,NA,NA,NA,NA,"United Kingdom",NA,NA,NA,NA,NA,NA
"Q5183011","Crawshays RFC","rugby union team",NA,NA,NA,NA,NA,NA,"United Kingdom",NA,NA,NA,NA,NA,NA
"Q5187460","Croesyceiliog RFC","rugby union team","1881-01-01","1881-1-1",NA,NA,NA,NA,"United Kingdom",NA,NA,NA,NA,NA,NA
"Q5188624","Crosshaven RFC","rugby union team",NA,NA,NA,NA,NA,NA,"Ireland",NA,NA,NA,NA,NA,NA
"Q5189693","Croydon RFC","rugby union club","1956-01-01","1956-1-1",NA,NA,NA,NA,"United Kingdom",NA,NA,NA,NA,NA,NA
"Q5190057","Crumlin RFC","rugby union team","1880-01-01","1880-1-1",NA,NA,NA,NA,"United Kingdom",NA,NA,NA,NA,NA,NA
"Q5190493","Crymych RFC","rugby union team","1984-01-01","1984-1-1",NA,NA,NA,NA,"United Kingdom",NA,NA,NA,NA,NA,NA
"Q5190496","Crynant RFC","rugby union team","1898-01-01","1898-1-1",NA,NA,NA,NA,"United Kingdom",NA,NA,NA,NA,NA,NA
"Q5194001","Cumbernauld RFC","rugby union team",NA,NA,NA,NA,NA,NA,"United Kingdom",NA,NA,NA,NA,NA,NA
"Q5194802","Curitiba Rugby Clube","rugby union team",NA,NA,NA,NA,NA,NA,"Brazil",NA,NA,NA,NA,NA,NA
"Q5196034","Curupaytí Club de Rugby","rugby union club","1924-07-30","1924-7-30",NA,NA,NA,NA,"Argentina",NA,NA,NA,"Hurlingham",NA,NA
"Q5197226","Cwmavon RFC","rugby union team",NA,NA,NA,NA,NA,NA,"United Kingdom",NA,NA,NA,NA,NA,NA
"Q5197231","Cwmbran RFC","rugby union team","1880-01-01","1880-1-1",NA,NA,NA,NA,"United Kingdom",NA,NA,NA,NA,NA,NA
"Q5197246","Cwmgors RFC","rugby union team","1927-01-01","1927-1-1",NA,NA,NA,NA,"United Kingdom",NA,NA,NA,NA,NA,NA
"Q5197249","Cwmgwrach RFC","rugby union team",NA,NA,NA,NA,NA,NA,"United Kingdom",NA,NA,NA,NA,NA,NA
"Q5197250","Cwmllynfell RFC","rugby union team","1904-01-01","1904-1-1",NA,NA,NA,NA,"United Kingdom",NA,NA,NA,NA,NA,NA
"Q5197257","Cwmtwrch RFC","rugby union team",NA,NA,NA,NA,NA,NA,"United Kingdom",NA,NA,NA,NA,NA,NA
"Q5202679","Círculo Universitario de Quilmes","rugby union club","1938-01-01","1938-1-1",NA,NA,NA,NA,"Argentina",NA,NA,NA,"Quilmes",NA,NA
"Q5202720","Córdoba Athletic Club","rugby union club","1882-04-17","1882-4-17",NA,NA,NA,"Unión Cordobesa de Rugby","Argentina",NA,NA,NA,"Córdoba",NA,NA
"Q5206201","08 Ricklingen","rugby union team","1878-01-01","1878-1-1",NA,NA,NA,NA,NA,NA,NA,NA,NA,NA,NA
"Q5211067","Dalkeith RFC","rugby union club","1898-01-01","1898-1-1",NA,NA,NA,NA,"United Kingdom",NA,NA,NA,NA,NA,NA
"Q521129","Benetton Rugby Treviso","rugby union club","1932-01-01","1932-1-1",NA,NA,"I Leoni","Italian Rugby Federation","Italy","United Rugby Championship","Stadio di Monigo","5000","Treviso",NA,NA
"Q5211339","Dallas Harlequins R.F.C.","rugby union team","1971-01-01","1971-1-1",NA,NA,NA,NA,"United States",NA,NA,NA,NA,NA,NA
"Q5211811","Dalziel RFC","rugby union team","1924-01-01","1924-1-1",NA,NA,NA,NA,"United Kingdom",NA,NA,NA,NA,NA,NA
"Q5223990","Darlington Mowden Park R.F.C.","rugby union team","1945-01-01","1945-1-1",NA,NA,NA,NA,"United Kingdom",NA,NA,NA,NA,NA,NA
"Q5223995","Darlington RFC","rugby union team","1863-01-01","1863-1-1",NA,NA,NA,NA,"United Kingdom",NA,NA,NA,NA,NA,NA
"Q5243504","Dayton Area Rugby Club","rugby union team","1973-01-01","1973-1-1",NA,NA,NA,NA,"United States",NA,NA,NA,NA,NA,NA
"Q5243825","DeA Tigers RFC","rugby union team","1978-01-01","1978-1-1",NA,NA,NA,NA,NA,NA,NA,NA,NA,NA,NA
"Q5253766","Delhi Hurricanes RFC","rugby union team","2004-01-01","2004-1-1",NA,NA,NA,NA,"India",NA,NA,NA,NA,NA,NA
"Q5253817","Delhi Sher RFC","rugby union team","1996-01-01","1996-1-1",NA,NA,NA,NA,"India",NA,NA,NA,NA,NA,NA
"Q5254730","Delta Rugby Club","rugby union club","2009-01-01","2009-1-1",NA,NA,NA,NA,"Argentina",NA,NA,NA,NA,NA,NA
"Q5259678","Denver Barbarians RFC","rugby union team","1967-01-01","1967-1-1",NA,NA,NA,NA,"United States",NA,NA,NA,NA,NA,NA
"Q5261499","Derby RFC","rugby union team","1891-01-01","1891-1-1",NA,NA,NA,NA,"United Kingdom",NA,"Haslams Lane",NA,NA,NA,NA
"Q5262557","Deri RFC","rugby union team",NA,NA,NA,NA,NA,NA,"United Kingdom",NA,NA,NA,NA,NA,NA
"Q5267838","Devonport Rugby Club","rugby union team","1964-01-01","1964-1-1",NA,NA,NA,NA,"Australia",NA,NA,NA,NA,NA,NA
"Q52696564","Gijón Rugby Club","rugby union team","1995-01-01","1995-1-1",NA,NA,NA,NA,"Spain",NA,"Hipódromo de Las Mestas",NA,NA,NA,"11g0g4v_66"
"Q5278270","Dings Crusaders RFC","rugby union team","1897-01-01","1897-1-1",NA,NA,NA,NA,"United Kingdom",NA,NA,NA,NA,NA,NA
"Q5282734","Diss Rugby Club","rugby union club","1958-01-01","1958-1-1",NA,NA,NA,NA,"United Kingdom",NA,NA,NA,NA,NA,NA
"Q528969","Glasgow Hawks","rugby union club","1997-01-01","1997-1-1",NA,NA,NA,NA,"United Kingdom","Scottish Premiership",NA,NA,NA,NA,NA
"Q5297620","Dorchester Rugby Football Club","rugby union team","1871-01-01","1871-1-1",NA,NA,NA,NA,"United Kingdom",NA,NA,NA,NA,NA,NA
"Q5301903","Douglas R.U.F.C.","rugby union team",NA,NA,NA,NA,NA,NA,"United Kingdom",NA,NA,NA,NA,NA,NA
"Q5302696","Dowlais RFC","rugby union team",NA,NA,NA,NA,NA,NA,"United Kingdom",NA,NA,NA,NA,NA,NA
"Q5309256","Drummoyne DRFC","rugby union club",NA,NA,NA,NA,NA,NA,"Australia",NA,NA,NA,NA,NA,NA
"Q5310860","Dublin City University RFC","rugby union team",NA,NA,NA,NA,NA,NA,NA,NA,NA,NA,NA,NA,NA
"Q5311896","Dudley Kingswinford","rugby union team","1922-01-01","1922-1-1",NA,NA,NA,NA,"United Kingdom",NA,NA,NA,NA,NA,NA
"Q5312216","Duendes Rugby Club","rugby union club","1957-01-05","1957-1-5",NA,NA,NA,"Unión de Rugby de Rosario","Argentina","Torneo del Litoral",NA,NA,"Rosario",NA,NA
"Q5313800","Dumfries Saints RFC","rugby union club","1901-01-01","1901-1-1",NA,NA,NA,NA,"United Kingdom",NA,NA,NA,NA,NA,NA
"Q5314155","Dunbar RFC","rugby union team","1923-01-01","1923-1-1",NA,NA,NA,NA,"United Kingdom",NA,NA,NA,NA,NA,NA
"Q5314734","Dundalk R.F.C","rugby union team",NA,NA,NA,NA,NA,NA,"Ireland",NA,NA,NA,NA,NA,NA
"Q5315050","Dunfermline RFC","rugby union club","1893-01-01","1893-1-1",NA,NA,NA,NA,"United Kingdom",NA,NA,NA,NA,NA,NA
"Q5315664","Duns RFC","rugby union team","1878-01-01","1878-1-1",NA,NA,NA,NA,"United Kingdom",NA,NA,NA,NA,NA,NA
"Q5315713","Dunstablians R.F.C.","rugby union team","1948-01-01","1948-1-1",NA,NA,NA,NA,"United Kingdom",NA,NA,NA,NA,NA,NA
"Q5315784","Dunvant RFC","rugby union team",NA,NA,NA,NA,NA,NA,"United Kingdom",NA,NA,NA,NA,NA,NA
"Q5325366","Eagles RFC","rugby union club","2002-01-01","2002-1-1",NA,NA,NA,NA,"Finland","Finnish Championship League",NA,NA,"Turku",NA,NA
"Q5325488","Ealing Rugby Club","rugby union club","1871-01-01","1871-1-1",NA,NA,NA,NA,"United Kingdom","Premiership Rugby","Trailfinders Sports Ground",NA,NA,NA,NA
"Q5326546","Earlston RFC","rugby union team",NA,NA,NA,NA,NA,NA,"United Kingdom",NA,NA,NA,NA,NA,NA
"Q5327644","East Africa rugby union team","rugby union team",NA,NA,NA,NA,NA,NA,NA,NA,NA,NA,NA,NA,NA
"Q5328141","East Coast Rugby Football Union","rugby union team","1922-01-01","1922-1-1",NA,NA,NA,NA,NA,NA,NA,NA,NA,NA,NA
"Q5328727","East Kilbride RFC","rugby union team",NA,NA,NA,NA,NA,NA,"United Kingdom",NA,NA,NA,NA,NA,NA
"Q5329479","East Tamaki RFC","rugby union club","1962-01-01","1962-1-1",NA,NA,NA,NA,"New Zealand",NA,NA,NA,NA,NA,NA
"Q5330509","Eastern Suburbs RUFC","rugby union team","1938-01-01","1938-1-1",NA,NA,NA,NA,"Australia",NA,NA,NA,NA,NA,NA
"Q5330510","Eastern Suburbs Rugby Union Football Club Inc.","rugby union team","1964-01-01","1964-1-1",NA,NA,NA,NA,"Australia",NA,NA,NA,NA,NA,NA
"Q5334368","Ecuador national rugby union team","national rugby union team",NA,NA,NA,NA,NA,NA,"Ecuador",NA,NA,NA,NA,NA,NA
"Q5336908","Eden RFC","rugby union team",NA,NA,NA,NA,NA,NA,"New Zealand",NA,NA,NA,NA,NA,NA
"Q5336990","Edenderry RFC","rugby union team","1951-01-01","1951-1-1",NA,NA,NA,NA,"Ireland",NA,NA,NA,NA,NA,NA
"Q5338230","Edinburgh Northern RFC","rugby union team",NA,NA,NA,NA,NA,NA,"United Kingdom",NA,NA,NA,NA,NA,NA
"Q5338280","Edinburgh University RFC","rugby union club","1857-01-01","1857-1-1",NA,NA,NA,NA,"United Kingdom",NA,NA,NA,"Edinburgh",NA,NA
"Q5339056","Edmonton Gold","rugby union team",NA,NA,NA,NA,NA,NA,"Canada",NA,NA,NA,NA,NA,NA
"Q5339088","Edmonton Rugby Foot-ball Club","rugby union club","1907-01-01","1907-1-1",NA,NA,NA,NA,"Canada",NA,NA,NA,NA,NA,NA
"Q534417","New South Wales Waratahs","rugby union franchise","1882-01-01","1882-1-1",NA,NA,NA,NA,"Australia",NA,"Sydney Football Stadium",NA,"Sydney Olympic Park",NA,NA
"Q5348362","Egypt national rugby union team","national rugby union team",NA,NA,NA,NA,NA,NA,"Egypt",NA,NA,NA,NA,NA,NA
"Q5349827","Eintracht Frankfurt Rugby","rugby union team","1923-01-01","1923-1-1",NA,NA,NA,NA,"Germany",NA,NA,NA,"Frankfurt",NA,NA
"Q535106","Gernika RT","rugby union team","1973-01-01","1973-1-1",NA,NA,"Basurde","Spanish Rugby Federation","Spain","División de Honor de Rugby",NA,NA,NA,NA,NA
"Q535408","Fiamme Oro Rugby","rugby union club","1955-01-01","1955-1-1","1978-01-01","1978-1-1","Le Fiamme; Il XV della Polizia di Stato; I Poliziotti; I Cremisi","Italian Rugby Federation","Italy","Serie A Élite",NA,NA,NA,NA,NA
"Q5358642","Elefántok Rögbi SE","rugby union team","1993-01-01","1993-1-1",NA,NA,NA,NA,"Hungary",NA,NA,NA,NA,NA,NA
"Q5362952","Hanazono Kintetsu Liners","rugby union team","1929-01-01","1929-1-1",NA,NA,NA,NA,"Japan","Japan Rugby League One","Hanazono Rugby Stadium",NA,"Higashiosaka",NA,NA
"Q5366108","Ellon RFC","rugby union team",NA,NA,NA,NA,NA,NA,"United Kingdom",NA,NA,NA,NA,NA,NA
"Q5378054","England national under-18 rugby union team","rugby union team",NA,NA,NA,NA,NA,NA,"United Kingdom",NA,NA,NA,NA,NA,NA
"Q5378379","English Shinty Team","national rugby union team",NA,NA,NA,NA,NA,NA,"United Kingdom",NA,NA,NA,NA,NA,NA
"Q5379191","Ennis RFC","rugby union team","1923-01-01","1923-1-1",NA,NA,NA,NA,"Ireland",NA,NA,NA,NA,NA,NA
"Q5379200","Enniscorthy RFC","rugby union team","1912-01-01","1912-1-1",NA,NA,NA,NA,"Ireland",NA,NA,NA,NA,NA,NA
"Q5379253","Eno River Rugby","rugby union team","1991-01-01","1991-1-1",NA,NA,NA,NA,"United States",NA,NA,NA,NA,NA,NA
"Q5383893","Epping Rams Rugby Club","rugby union club",NA,NA,NA,NA,NA,NA,"Australia",NA,NA,NA,"Epping",NA,NA
"Q538747","Scarlets","rugby union franchise","2003-01-01","2003-1-1",NA,NA,"The Turks","Welsh Rugby Union","United Kingdom","United Rugby Championship","Parc y Scarlets","14870","Llanelli",NA,NA
"Q5396785","Esbjerg RK","rugby union team",NA,NA,NA,NA,NA,NA,"Denmark",NA,NA,NA,"Esbjerg Municipality",NA,NA
"Q5397827","Esher RFC","rugby union team","1923-01-01","1923-1-1",NA,NA,NA,NA,"United Kingdom",NA,NA,NA,NA,NA,NA
"Q5399918","Essington Rugby Union Football Club","rugby union team","1998-01-01","1998-1-1",NA,NA,NA,NA,"United Kingdom",NA,NA,NA,"Essington",NA,NA
"Q5419481","Excelsior Rugby Club","rugby union team",NA,NA,NA,NA,NA,NA,"New Zealand",NA,NA,NA,NA,NA,NA
"Q5420146","Exeter University RFC","rugby union club","1860-01-01","1860-1-1",NA,NA,NA,NA,"United Kingdom",NA,NA,NA,NA,NA,NA
"Q5420463","Exmouth RFC","rugby union team","1873-01-01","1873-1-1",NA,NA,NA,NA,"United Kingdom",NA,NA,NA,NA,NA,NA
"Q5427255","FT Adler Kiel Rugby","rugby union team","1999-01-01","1999-1-1",NA,NA,NA,NA,NA,NA,NA,NA,NA,NA,NA
"Q5430400","Fairfield University Men's Rugby Football Club","rugby union team",NA,NA,NA,NA,NA,NA,"United States",NA,NA,NA,NA,NA,NA
"Q5431941","Falkirk RFC","rugby union team",NA,NA,NA,NA,NA,NA,"United Kingdom",NA,NA,NA,NA,NA,NA
"Q5432599","Falmouth RFC","rugby union team","1873-01-01","1873-1-1",NA,NA,NA,NA,"United Kingdom",NA,NA,NA,NA,NA,NA
"Q5436518","RCJ Farul Constanța","rugby union team","1955-01-01","1955-1-1",NA,NA,NA,NA,"Romania",NA,NA,NA,NA,NA,NA
"Q5441510","Fehérvár RC","rugby union team","1985-01-01","1985-1-1",NA,NA,NA,NA,"Hungary",NA,NA,NA,NA,NA,NA
"Q5441552","Feilding Old Boys RFC","rugby union club",NA,NA,NA,NA,NA,NA,"New Zealand",NA,NA,NA,NA,NA,NA
"Q5441918","Felinfoel RFC","rugby union team",NA,NA,NA,NA,NA,NA,"United Kingdom",NA,NA,NA,NA,NA,NA
"Q5445067","Ferndale RFC","rugby union team",NA,NA,NA,NA,NA,NA,"United Kingdom",NA,NA,NA,NA,NA,NA
"Q5445989","Fettesian-Lorettonian Club","rugby union team","1881-01-01","1881-1-1",NA,NA,NA,NA,"United Kingdom",NA,NA,NA,NA,NA,NA
"Q5448181","Fiji national under-20 rugby union team","rugby union team",NA,NA,NA,NA,NA,NA,"Fiji",NA,NA,NA,NA,NA,NA
"Q5454979","Fishguard and Goodwick RFC","rugby union team",NA,NA,NA,NA,NA,NA,"United Kingdom",NA,NA,NA,NA,NA,NA
"Q5455389","Fit World Gorillák RC","rugby union team","1993-01-01","1993-1-1",NA,NA,NA,NA,"Hungary",NA,NA,NA,NA,NA,NA
"Q5458866","Fleur De Lys RFC","rugby union team","1966-01-01","1966-1-1",NA,NA,NA,NA,"United Kingdom",NA,NA,NA,NA,NA,NA
"Q5459563","Flint Rogues Rugby Club","rugby union team","1972-01-01","1972-1-1",NA,NA,NA,NA,"United States",NA,NA,NA,NA,NA,NA
"Q5466575","Footscray RUFC","rugby union team","1967-01-01","1967-1-1",NA,NA,NA,NA,"United Kingdom",NA,NA,NA,NA,NA,NA
"Q5469099","Forest Rugby Club","rugby union team","1958-01-01","1958-1-1",NA,NA,NA,NA,"Australia",NA,NA,NA,NA,NA,NA
"Q5470552","Forrester RFC","rugby union team",NA,NA,NA,NA,NA,NA,"United Kingdom",NA,NA,NA,NA,NA,NA
"Q5471651","Fort McMurray Knights RFC","rugby union team","1974-01-01","1974-1-1",NA,NA,NA,NA,"Canada",NA,NA,NA,NA,NA,NA
"Q5478264","France A national rugby union team","second national rugby union teams",NA,NA,NA,NA,NA,NA,"France",NA,NA,NA,NA,NA,NA
"Q5478453","France national under-18 rugby union team","rugby union team",NA,NA,NA,NA,NA,NA,"France",NA,NA,NA,NA,NA,NA
"Q5478456","France national under-20 rugby union team","rugby union team","2008-01-01","2008-1-1",NA,NA,"Les Bleuets",NA,"France",NA,NA,NA,NA,NA,NA
"Q548720","Old Belvedere","rugby union team","1930-01-01","1930-1-1",NA,NA,NA,NA,"Ireland","All-Ireland League",NA,NA,NA,NA,NA
"Q548893","Royal Kituro Rugby Club","rugby union team","1961-01-01","1961-1-1",NA,NA,NA,"Belgian Rugby Federation","Belgium","Belgian Elite League",NA,NA,NA,NA,NA
"Q54953803","Rugby New York","rugby union team","2018-01-01","2018-1-1",NA,NA,NA,"USA Rugby","United States","Major League Rugby","Q16560680",NA,"Brooklyn",NA,"11g0gdjfxt"
"Q55007171","Lima Rugby Club","rugby union team","1996-04-09","1996-4-9",NA,NA,NA,NA,"Peru",NA,NA,NA,NA,NA,"11g0sltc8m"
"Q550457","Ukraine national rugby union team","national rugby union team","1991-11-21","1991-11-21",NA,NA,NA,NA,"Ukraine",NA,NA,NA,NA,NA,NA
"Q5507699","Munakata Sanix Blues","rugby union club","1994-01-01","1994-1-1",NA,NA,NA,NA,"Japan",NA,NA,NA,NA,NA,NA
"Q55098868","London South Africa RFC","defunct rugby union club","2005-01-01","2005-1-1",NA,NA,NA,NA,"United Kingdom",NA,NA,NA,NA,NA,"11f4v4vh8j"
"Q5511219","Fylde Rugby Club","rugby union team","1919-01-01","1919-1-1",NA,NA,NA,NA,"United Kingdom",NA,NA,NA,NA,NA,NA
"Q55137026","Durham University Rugby Football Club","rugby union team",NA,NA,NA,NA,NA,NA,"United Kingdom",NA,NA,NA,NA,NA,"11f4zlzwlb"
"Q55137438","Toronto Arrows","rugby union team","2017-08-25","2017-8-25",NA,NA,NA,NA,"Canada",NA,NA,NA,"Toronto",NA,"11g0gdhsxm"
"Q55137509","Whitehaven RUFC","rugby union team","1875-01-01","1875-1-1",NA,NA,NA,NA,"United Kingdom",NA,NA,NA,NA,NA,"11ggzm9_0j"
"Q5516516","Gael Force","rugby union team","2009-01-01","2009-1-1",NA,NA,NA,NA,"United Kingdom",NA,NA,NA,NA,NA,NA
"Q55178435","Jaén Rugby","rugby union team","2003-01-01","2003-1-1",NA,NA,NA,NA,"Spain","División de Honor B de Rugby",NA,NA,"Jaén",NA,"11g0slwxm5"
"Q5522139","Garda RFC","rugby union team","1965-01-01","1965-1-1",NA,NA,NA,NA,"Ireland",NA,NA,NA,NA,NA,NA
"Q5523592","Garndiffaith RFC","rugby union team","1922-01-01","1922-1-1",NA,NA,NA,NA,"United Kingdom",NA,NA,NA,NA,NA,NA
"Q5523707","Garnock RFC","rugby union team",NA,NA,NA,NA,NA,NA,"United Kingdom",NA,NA,NA,NA,NA,NA
"Q55263980","University of Michigan Rugby Football Club","rugby union team",NA,NA,NA,NA,NA,NA,"United States",NA,NA,NA,NA,NA,"11hd62qmcc"
"Q55318047","SA Trélissac","rugby union team","1961-01-01","1961-1-1",NA,NA,NA,NA,"France",NA,NA,NA,"Trélissac",NA,"11g18_g266"
"Q55343194","Urú Curé Rugby Club","rugby union club",NA,NA,NA,NA,NA,NA,"Argentina",NA,NA,NA,"Río Cuarto",NA,"11gjhfs60m"
"Q5547058","Georgetown University Rugby Football Club","rugby union team","1967-01-01","1967-1-1",NA,NA,NA,NA,"United States",NA,NA,NA,NA,NA,NA
"Q5547325","Georgia A national rugby union team","second national rugby union teams",NA,NA,NA,NA,NA,NA,"Georgia",NA,NA,NA,NA,NA,"11bw82n4gf"
"Q5547938","Georgia national under-18 rugby union team","rugby union team",NA,NA,NA,NA,NA,NA,NA,NA,NA,NA,NA,NA,NA
"Q5547941","Georgia national under-20 rugby union team","rugby union team",NA,NA,NA,NA,NA,NA,"Georgia",NA,NA,NA,NA,NA,NA
"Q5552173","Germany national under-18 rugby union team","rugby union team",NA,NA,NA,NA,NA,NA,"Germany",NA,NA,NA,NA,NA,NA
"Q55522958","Momotaro's Maruwa Transportation Rugby","rugby union team",NA,NA,NA,NA,NA,NA,"Japan",NA,NA,NA,NA,NA,"11f4v4wz8h"
"Q55589761","Stade saint-gaudinois","rugby union team","1898-01-01","1898-1-1","2013-01-01","2013-1-1",NA,NA,"France",NA,"Stade Jules Ribet",NA,"Saint-Gaudens",NA,NA
"Q5559128","Gibraltar Barbarians Rugby Club","rugby union team",NA,NA,NA,NA,NA,NA,NA,NA,NA,NA,NA,NA,NA
"Q55604779","Ballina R.F.C.","rugby union club",NA,NA,NA,NA,NA,NA,NA,NA,NA,NA,NA,NA,"11f760gl18"
"Q55605896","Brentwood RFC","rugby union club",NA,NA,NA,NA,NA,NA,"United Kingdom",NA,NA,NA,NA,NA,"11gjp8ngx4"
"Q55607449","Chingford RFC","rugby union club",NA,NA,NA,NA,NA,NA,"United Kingdom",NA,NA,NA,NA,NA,"11g1gtb2gq"
"Q55610046","Drybrook RFC","rugby union club",NA,NA,NA,NA,NA,NA,"United Kingdom",NA,NA,NA,NA,NA,"11f721n89t"
"Q55622723","Melbourne University Rugby Football Club","rugby union club","1909-01-01","1909-1-1",NA,NA,NA,NA,"Australia",NA,NA,NA,NA,NA,"11g0ld0dgk"
"Q55627303","Odisha rugby union team","rugby union club",NA,NA,NA,NA,NA,NA,"India",NA,NA,NA,NA,NA,"11f6gjj7p2"
"Q5562747","Gimnasia y Esgrima de Ituzaingó","rugby union club","1925-06-25","1925-6-25",NA,NA,NA,"Unión de Rugby de Buenos Aires","Argentina",NA,NA,NA,"Ituzaingó",NA,NA
"Q55633568","South Darwin Rabbitohs","rugby union club","1976-01-01","1976-1-1",NA,NA,NA,NA,NA,NA,NA,NA,NA,NA,"11gj19vqhz"
"Q55637779","Wilmslow RUFC","rugby union team",NA,NA,NA,NA,NA,NA,"United Kingdom",NA,NA,NA,NA,NA,"11g1fq7ql3"
"Q5564077","Gipsies Football Club","rugby union team","1868-01-01","1868-1-1",NA,NA,NA,NA,"United Kingdom",NA,NA,NA,NA,NA,NA
"Q55641528","RC Academy Tbilisi","rugby union team",NA,NA,NA,NA,NA,NA,"Georgia",NA,NA,NA,NA,NA,"11clt0tjyb"
"Q5566543","Glamorgan Police RFC","rugby union team","1892-01-01","1892-1-1",NA,NA,NA,NA,"United Kingdom",NA,NA,NA,NA,NA,NA
"Q5566952","Glasgow University RFC","rugby union team","1869-01-01","1869-1-1",NA,NA,NA,NA,"United Kingdom",NA,NA,NA,NA,NA,NA
"Q5568381","Glendale Merlins","rugby union team","2007-01-01","2007-1-1",NA,NA,NA,NA,"United States",NA,NA,NA,NA,NA,NA
"Q5569260","Glenorchy Rugby Union Football Club","rugby union team","1935-01-01","1935-1-1",NA,NA,NA,NA,"Australia",NA,NA,NA,NA,NA,NA
"Q5569297","Glenrothes RFC","rugby union team","1965-01-01","1965-1-1",NA,NA,NA,NA,"United Kingdom",NA,NA,NA,NA,NA,NA
"Q5572911","Glyncorrwg RFC","rugby union team",NA,NA,NA,NA,NA,NA,"United Kingdom",NA,NA,NA,NA,NA,NA
"Q5572999","Glynneath RFC","rugby union team","1889-01-01","1889-1-1",NA,NA,NA,NA,"United Kingdom",NA,NA,NA,NA,NA,NA
"Q55801","New Zealand national rugby union team","national rugby union team","1903-08-15","1903-8-15",NA,NA,"Ōpango; All Blacks",NA,"New Zealand",NA,NA,NA,NA,NA,NA
"Q55812022","Alumni Rugby Club","rugby union team","2000-01-01","2000-1-1",NA,NA,NA,NA,"Peru",NA,NA,NA,NA,NA,"11f7dt7_tq"
"Q5586198","Gorey RFC","rugby union team","1968-01-01","1968-1-1",NA,NA,NA,NA,"Ireland",NA,NA,NA,NA,NA,NA
"Q5586878","Gorseinon RFC","rugby union team","1884-01-01","1884-1-1",NA,NA,NA,NA,"United Kingdom",NA,NA,NA,NA,NA,NA
"Q5587214","Gosforth Rugby Football Club","rugby union team","1877-01-01","1877-1-1",NA,NA,NA,NA,"United Kingdom",NA,NA,NA,NA,NA,NA
"Q5587448","Gosport and Fareham R.F.C.","rugby union team","1946-01-01","1946-1-1",NA,NA,NA,NA,"United Kingdom",NA,NA,NA,NA,NA,NA
"Q5587814","Gotham Knights","rugby union team",NA,NA,NA,NA,NA,NA,"United States",NA,NA,NA,NA,NA,NA
"Q5588245","Goulburn Rugby Union","rugby union team","1872-01-01","1872-1-1",NA,NA,NA,NA,"Australia",NA,NA,NA,NA,NA,NA
"Q5590061","Gowerton RFC","rugby union team","1884-01-01","1884-1-1",NA,NA,NA,NA,"United Kingdom",NA,NA,NA,NA,NA,NA
"Q5593659","Grammar Carlton RFC","rugby union team",NA,NA,NA,NA,NA,NA,"New Zealand",NA,NA,NA,NA,NA,NA
"Q5598888","Great Britain national wheelchair rugby team","national rugby union team",NA,NA,NA,NA,NA,NA,"United Kingdom",NA,NA,NA,NA,NA,NA
"Q5604352","Greenock Wanderers RFC","rugby union team","1873-01-01","1873-1-1",NA,NA,NA,NA,"United Kingdom",NA,NA,NA,NA,NA,NA
"Q5614220","Guatemala Quetzal Rugby Club","rugby union team","2010-01-01","2010-1-1",NA,NA,NA,NA,"Guatemala",NA,NA,NA,NA,NA,NA
"Q5614908","Guernsey RFC","rugby union team","1928-01-01","1928-1-1",NA,NA,NA,NA,"United Kingdom",NA,NA,NA,NA,NA,NA
"Q5615840","Guildford Rugby Club","rugby union team",NA,NA,NA,NA,NA,NA,"United Kingdom",NA,NA,NA,NA,NA,NA
"Q5618761","Gungahlin Eagles","rugby union club",NA,NA,NA,NA,NA,NA,"Australia",NA,NA,NA,NA,NA,NA
"Q5623563","Gwernyfed RFC","rugby union team","1965-01-01","1965-1-1",NA,NA,NA,NA,"United Kingdom",NA,NA,NA,NA,NA,NA
"Q56251781","Osos del Pardo Rugby Club","rugby union team",NA,NA,NA,NA,NA,NA,"Spain",NA,NA,NA,"Community of Madrid",NA,NA
"Q5625607","Gyulai Várvédők RK","rugby union team","2010-01-01","2010-1-1",NA,NA,NA,NA,"Hungary",NA,NA,NA,NA,NA,NA
"Q5625632","Gyöngyösi Farkasok RK","rugby union team","1991-01-01","1991-1-1",NA,NA,NA,NA,"Hungary",NA,NA,NA,NA,NA,NA
"Q5626455","Gödöllői Ördögök RC","rugby union team","2006-01-01","2006-1-1",NA,NA,NA,NA,"Hungary",NA,NA,NA,NA,NA,NA
"Q56291293","ACS Tomitanii Constanța","rugby union club",NA,NA,NA,NA,NA,NA,"Romania",NA,NA,NA,NA,NA,"11gm7gmf4c"
"Q56291299","SCM Gloria Buzău","rugby union team","2005-01-01","2005-1-1",NA,NA,NA,NA,"Romania",NA,NA,NA,NA,NA,"11g4cxdz9m"
"Q56305829","Wydad Athletic Club","rugby union team",NA,NA,NA,NA,NA,NA,NA,NA,NA,NA,NA,NA,"11f61559_9"
"Q56306976","Rennes Étudiants Club rugby","rugby union team","1961-01-01","1961-1-1",NA,NA,NA,NA,"France",NA,NA,NA,"Rennes",NA,"11ghtd2gdn"
"Q5635791","HRC Gripen","rugby union club","1968-01-01","1968-1-1",NA,NA,NA,NA,"Sweden",NA,NA,NA,NA,NA,NA
"Q5637375","Hackney RFC","rugby union team",NA,NA,NA,NA,NA,NA,"United Kingdom",NA,NA,NA,NA,NA,NA
"Q5637667","Haddington RFC","rugby union team",NA,NA,NA,NA,NA,NA,"United Kingdom",NA,NA,NA,NA,NA,NA
"Q5637768","Haderslev RC","rugby union team","1991-01-01","1991-1-1",NA,NA,NA,NA,"Denmark",NA,NA,NA,NA,NA,NA
"Q5639053","Haifa Wild Boars","rugby union team",NA,NA,NA,NA,NA,NA,NA,NA,NA,NA,NA,NA,NA
"Q5642223","Halifax RUFC","rugby union team","1919-01-01","1919-1-1",NA,NA,NA,NA,"United Kingdom",NA,NA,NA,NA,NA,NA
"Q5642261","Halifax Vandals","rugby union team","1923-01-01","1923-1-1",NA,NA,NA,NA,"United Kingdom",NA,NA,NA,NA,NA,NA
"Q5644343","Hamburger SV Rugby","rugby union team","1925-01-01","1925-1-1",NA,NA,NA,NA,"Germany",NA,NA,NA,NA,NA,NA
"Q5644452","Santa Fe Rugby Club","rugby union club",NA,NA,NA,NA,NA,"Unión Santafesina de Rugby","Argentina","Torneo del Litoral",NA,NA,"Sauce Viejo",NA,NA
"Q5644972","Hamilton Harlequins","rugby union team","1938-01-01","1938-1-1",NA,NA,NA,NA,"New Zealand",NA,NA,NA,NA,NA,NA
"Q5647680","Handsworth Rugby Union Football Club","rugby union team",NA,NA,NA,NA,NA,NA,"United Kingdom",NA,NA,NA,NA,NA,NA
"Q5656793","tomas meiser “el paquete”","rugby union team","1938-01-01","1938-1-1",NA,NA,NA,NA,"Chile",NA,NA,NA,NA,NA,"122rv5x4"
"Q5658644","Harlequin Amateurs","rugby union team",NA,NA,NA,NA,NA,NA,"United Kingdom",NA,NA,NA,NA,NA,NA
"Q5658996","Harlow rugby club","rugby union team","1955-01-01","1955-1-1",NA,NA,NA,NA,"United Kingdom",NA,NA,NA,NA,NA,NA
"Q5662531","Albatros Rugby Club","rugby union club",NA,NA,NA,NA,NA,NA,"Argentina",NA,NA,NA,NA,NA,"121_5m1p"
"Q5666423","Harrogate RUFC","rugby union team","1871-01-01","1871-1-1",NA,NA,NA,NA,"United Kingdom",NA,NA,NA,NA,NA,NA
"Q5666580","Harrow RFC","rugby union team",NA,NA,NA,NA,NA,NA,"United Kingdom",NA,NA,NA,NA,NA,NA
"Q5674565","Hartford Wanderers RFC","rugby union team","1966-01-01","1966-1-1",NA,NA,NA,NA,"United States",NA,NA,NA,NA,NA,NA
"Q5674821","Hartlepool Rovers","rugby union team","1879-01-01","1879-1-1",NA,NA,NA,NA,"United Kingdom",NA,NA,NA,NA,NA,NA
"Q5676306","Harvard Business School RFC","rugby union team","1963-01-01","1963-1-1",NA,NA,NA,NA,"United States",NA,NA,NA,NA,NA,NA
"Q5676639","Harvard rugby","rugby union club","1872-01-01","1872-1-1",NA,NA,NA,NA,"United States",NA,NA,NA,NA,NA,NA
"Q5683135","Havant RFC","rugby union team","1951-01-01","1951-1-1",NA,NA,NA,NA,"United Kingdom",NA,NA,NA,NA,NA,NA
"Q5683604","Havelock Sports Club","rugby union team","1915-01-01","1915-1-1",NA,NA,NA,NA,NA,NA,NA,NA,NA,NA,NA
"Q5683768","Haverfordwest RFC","rugby union team","1875-01-01","1875-1-1",NA,NA,NA,NA,"United Kingdom",NA,NA,NA,NA,NA,NA
"Q56844124","Rugby Club Chilly-Mazarin","rugby union team",NA,NA,NA,NA,NA,NA,"France",NA,"Sports complex Jesse Owens",NA,"Chilly-Mazarin",NA,"11gnrlzbqf"
"Q5684758","Hawick Harlequins RFC","rugby union team",NA,NA,NA,NA,NA,NA,"United Kingdom",NA,NA,NA,NA,NA,NA
"Q5684764","Hawick Linden RFC","rugby union team","1921-01-01","1921-1-1",NA,NA,NA,NA,"United Kingdom",NA,NA,NA,NA,NA,NA
"Q5687394","Haywards Heath RFC","rugby union team","1950-01-01","1950-1-1",NA,NA,NA,NA,"United Kingdom",NA,NA,NA,NA,NA,NA
"Q5694423","Heaton Moor RUFC","rugby union team","1899-01-01","1899-1-1",NA,NA,NA,NA,"United Kingdom",NA,NA,NA,NA,NA,NA
"Q5709295","Q5709295","rugby union club",NA,NA,NA,NA,NA,NA,"Chile",NA,NA,NA,NA,NA,"120qdc91"
"Q570941","RC Olomouc","rugby union team","1953-01-01","1953-1-1",NA,NA,NA,NA,"Czech Republic",NA,NA,NA,NA,NA,NA
"Q5710525","Helsinki RC","rugby union club","1999-01-01","1999-1-1",NA,NA,NA,NA,"Finland","Finnish Championship League",NA,NA,NA,NA,NA
"Q5710580","Helston RFC","rugby union team","1965-01-01","1965-1-1",NA,NA,NA,NA,"United Kingdom",NA,NA,NA,NA,NA,NA
"Q5714086","Hendy RFC","rugby union team","1893-01-01","1893-1-1",NA,NA,NA,NA,"United Kingdom",NA,NA,NA,NA,NA,NA
"Q5714642","Henley Hawks","rugby union team","1930-01-01","1930-1-1",NA,NA,NA,NA,"United Kingdom",NA,NA,NA,NA,NA,NA
"Q5731584","Heol y Cyw RFC","rugby union team",NA,NA,NA,NA,NA,NA,"United Kingdom",NA,NA,NA,NA,NA,NA
"Q5744712","Hertford Rugby Football Club","rugby union team","1932-01-01","1932-1-1",NA,NA,NA,NA,"United Kingdom",NA,NA,NA,NA,NA,NA
"Q5756549","High School Old Boys RFC","rugby union team",NA,NA,NA,NA,NA,NA,"New Zealand",NA,NA,NA,NA,NA,NA
"Q5759041","Highland RFC","rugby union club","1922-01-01","1922-1-1",NA,NA,NA,NA,"United Kingdom",NA,NA,NA,NA,NA,NA
"Q5761450","Centro Naval","rugby union club","1882-05-04","1882-5-4",NA,NA,NA,NA,"Argentina",NA,NA,NA,"Buenos Aires",NA,NA
"Q5763906","Cha Roga Club","rugby union club",NA,NA,NA,NA,NA,NA,"Argentina",NA,NA,NA,NA,NA,"122vxrvp"
"Q576485","United States national under-20 rugby union team","rugby union team",NA,NA,NA,NA,NA,NA,"United States",NA,NA,NA,NA,NA,NA
"Q5765771","Hinckley RFC","rugby union team","1893-01-01","1893-1-1",NA,NA,NA,NA,"United Kingdom",NA,"Leicester Road",NA,NA,NA,NA
"Q5773283","Club Atlético San Jorge","rugby union club","1912-06-23","1912-6-23",NA,NA,NA,NA,"Argentina",NA,NA,NA,NA,NA,"155spnh4"
"Q5773482","Club Ciclista Olímpico","rugby union club","1921-01-01","1921-1-1",NA,NA,NA,NA,"Argentina",NA,NA,NA,"La Banda",NA,"11b631g5n8"
"Q5773811","Club Deportivo Hercesa","rugby union team","2001-01-01","2001-1-1",NA,NA,NA,NA,"Spain",NA,NA,NA,"Alcalá de Henares",NA,"122nj8vh"
"Q5774344","Club Italiano rugby","rugby union team",NA,NA,NA,NA,NA,NA,"Argentina",NA,NA,NA,NA,NA,"122h5_ny"
"Q5774772","Club Sol de Mayo","rugby union club","1920-08-02","1920-8-2",NA,NA,NA,NA,"Argentina",NA,NA,NA,"Viedma",NA,"122tc9tt"
"Q5775039","Club de Golf del Uruguay","rugby union club","1922-01-01","1922-1-1",NA,NA,NA,NA,"Uruguay",NA,NA,NA,NA,NA,NA
"Q5775167","Associated Clubs Progreso Rowing and Independiente","rugby union club","1960-01-01","1960-1-1",NA,NA,NA,NA,"Argentina",NA,NA,NA,NA,NA,"120wr89s"
"Q5790523","Craighouse Old Boys","rugby union club","1972-01-01","1972-1-1",NA,NA,NA,NA,"Chile",NA,NA,NA,NA,NA,"120pnkw7"
"Q580900","Esztergomi Vitézek Rugby SE","rugby union team","1983-01-01","1983-1-1",NA,NA,NA,NA,"Hungary",NA,NA,NA,NA,NA,NA
"Q5815133","Durango RT","rugby union team","1986-01-01","1986-1-1",NA,NA,NA,NA,"Spain",NA,NA,NA,NA,NA,"155r9lls"
"Q58354783","Warlingham Rugby Football Club","rugby union club","1922-09-04","1922-9-4",NA,NA,NA,NA,"United Kingdom",NA,NA,NA,NA,NA,NA
"Q585080","FC Barcelona Rugby","rugby union team","1924-09-21","1924-9-21",NA,NA,"blaugrana","Spanish Rugby Federation","Spain","División de Honor de Rugby","Camp de Rugbi La Teixonera",NA,NA,NA,NA
"Q5852829","Unione Rugby Sannio","rugby union team","1998-01-01","1998-1-1",NA,NA,NA,NA,"Italy",NA,NA,NA,NA,NA,NA
"Q5863184","Floresta Rugby Club","rugby union club",NA,NA,NA,NA,NA,NA,"Argentina",NA,NA,NA,NA,NA,"11x1nxbz8"
"Q586617","Chiefs","rugby union club","1996-01-01","1996-1-1",NA,NA,NA,"New Zealand Rugby","New Zealand","Super Rugby","Waikato Stadium","25800","Hamilton",NA,NA
"Q5871837","Hitchin Rugby Club","rugby union team",NA,NA,NA,NA,NA,NA,"United Kingdom",NA,NA,NA,NA,NA,NA
"Q5874722","Hobart Lions Rugby Club","rugby union team","1983-01-01","1983-1-1",NA,NA,NA,NA,"Australia",NA,NA,NA,NA,NA,NA
"Q5884404","Gran Parma Rugby","rugby union team","1999-01-01","1999-1-1",NA,NA,NA,NA,"Italy",NA,NA,NA,NA,NA,"121sr9gq"
"Q5884448","Holstebro RK","rugby union team","1980-01-01","1980-1-1",NA,NA,NA,NA,"Denmark",NA,NA,NA,NA,NA,NA
"Q5889287","Homeboyz RFC","rugby union team","2009-01-01","2009-1-1",NA,NA,NA,NA,"Kenya",NA,NA,NA,"Nairobi",NA,NA
"Q5892505","Mie Honda Heat","rugby union team","1960-01-01","1960-1-1",NA,NA,NA,NA,"Japan","Japan Rugby League One","Suzuka Sports Garden",NA,"Suzuka",NA,NA
"Q5894993","Hong Kong Scottish","rugby union team",NA,NA,NA,NA,NA,NA,NA,NA,NA,NA,NA,NA,NA
"Q5902949","Horden Rugby Club","rugby union team","1925-01-01","1925-1-1",NA,NA,NA,NA,"United Kingdom",NA,NA,NA,NA,NA,NA
"Q5904498","Hornsby Rugby Club","rugby union club","1962-01-01","1962-1-1",NA,NA,NA,NA,"Australia",NA,NA,NA,NA,NA,NA
"Q5904921","Horowhenua-Kapiti Rugby Football Union","rugby union team","1893-01-01","1893-1-1",NA,NA,NA,NA,"New Zealand",NA,NA,NA,NA,NA,NA
"Q5915985","Ingenieros Industriales Las Rozas Rugby","rugby union club","1971-01-01","1971-1-1",NA,NA,NA,NA,"Spain","División de Honor B de Rugby",NA,NA,NA,NA,"121l5nr3"
"Q591846","Democratic Republic of the Congo national rugby union team","national rugby union team",NA,NA,NA,NA,NA,NA,"Democratic Republic of the Congo",NA,NA,NA,NA,NA,NA
"Q5921630","Howe of Fife RFC","rugby union team","1921-01-01","1921-1-1",NA,NA,NA,NA,"United Kingdom",NA,NA,NA,NA,NA,NA
"Q592714","Valladolid RAC","rugby union club","1986-01-01","1986-1-1",NA,NA,"los queseros","Spanish Rugby Federation","Spain","División de Honor de Rugby","Estadio Pepe Rojo","5000",NA,NA,NA
"Q5928274","Huddersfield Rugby Union Football Club","rugby union team","1909-01-01","1909-1-1",NA,NA,NA,NA,"United Kingdom",NA,NA,NA,NA,NA,NA
"Q593570","University College Dublin R.F.C.","rugby union team","1910-01-01","1910-1-1",NA,NA,NA,NA,"Ireland","All-Ireland League",NA,NA,NA,NA,NA
"Q5935936","Hull Ionians RUFC","rugby union team","1989-01-01","1989-1-1",NA,NA,NA,NA,"United Kingdom",NA,NA,NA,NA,NA,NA
"Q5946700","Hurling Club","rugby union club","1922-08-22","1922-8-22",NA,NA,NA,"Unión de Rugby de Buenos Aires","Argentina",NA,NA,NA,"Hurlingham",NA,NA
"Q59474562","Lausanne Université Club Rugby","rugby union team",NA,NA,NA,NA,NA,NA,"Switzerland",NA,NA,NA,NA,NA,"11fj0_znqp"
"Q5950914","Hutt Old Boys-Marist","rugby union team","1992-01-01","1992-1-1",NA,NA,NA,NA,"New Zealand",NA,NA,NA,NA,NA,NA
"Q5968773","IBM Big Blue","rugby union team","1976-01-01","1976-1-1",NA,NA,NA,NA,NA,NA,NA,NA,NA,NA,NA
"Q596985","Montpellier Hérault Rugby","rugby union club","1986-01-01","1986-1-1",NA,NA,NA,"French Rugby Federation","France","Top 14","Stade Yves-du-Manoir","12697","Montpellier","montpellier",NA
"Q5970887","IF Attila","rugby union club","1949-01-01","1949-1-1",NA,NA,NA,NA,"Sweden",NA,NA,NA,NA,NA,NA
"Q5984735","Luján Rugby Club","rugby union club","1972-01-01","1972-1-1",NA,NA,NA,NA,"Argentina",NA,NA,NA,"Luján",NA,NA
"Q5995899","Ikey Tigers","rugby union team",NA,NA,NA,NA,NA,NA,"South Africa",NA,NA,NA,NA,NA,NA
"Q599903","Ireland national rugby union team","national rugby union team","1875-02-15","1875-2-15",NA,NA,"The Shamrocks XV",NA,"Ireland; United Kingdom",NA,"Aviva Stadium","51700",NA,NA,NA
"Q6005403","Immortals RLFC","rugby union team","2002-01-01","2002-1-1",NA,NA,NA,NA,NA,NA,NA,NA,NA,NA,NA
"Q6006032","Impala RFC","rugby union team",NA,NA,NA,NA,NA,NA,"Kenya",NA,NA,NA,NA,NA,NA
"Q6006755","Imperial Medicals Rugby Club","rugby union club","1997-01-01","1997-1-1",NA,NA,NA,NA,"United Kingdom",NA,NA,NA,NA,NA,NA
"Q601366","Vigo RC","rugby union team","1988-01-01","1988-1-1",NA,NA,NA,NA,"Spain","División de Honor B de Rugby",NA,NA,"Vigo",NA,NA
"Q6017638","Independiente RC","rugby union team","1917-01-01","1917-1-1",NA,NA,NA,NA,"Spain",NA,NA,NA,NA,NA,NA
"Q6023867","Indianapolis Impalas","rugby union team","1980-01-01","1980-1-1",NA,NA,NA,NA,"United States",NA,NA,NA,NA,NA,NA
"Q603010","Pakistan national rugby union team","national rugby union team",NA,NA,NA,NA,NA,NA,"Pakistan",NA,NA,NA,NA,NA,NA
"Q6049694","Old Markhamians Rugby Football Club","rugby union team","1995-01-01","1995-1-1",NA,NA,NA,NA,"Peru",NA,NA,NA,NA,NA,"11r_phc65"
"Q605245","ACT Brumbies","rugby union franchise","1996-01-01","1996-1-1",NA,NA,NA,"Rugby Australia","Australia","Super Rugby","Canberra Stadium","25011","Canberra",NA,NA
"Q6058831","Palencia Rugby Club","rugby union team","1991-01-01","1991-1-1",NA,NA,NA,NA,"Spain",NA,"Estadio Nueva Balastera",NA,NA,NA,"120jqt4z"
"Q6060029","Invercargill Rugby Club","rugby union team","1874-01-01","1874-1-1",NA,NA,NA,NA,"New Zealand",NA,NA,NA,NA,NA,NA
"Q6060128","Inverleith RFC","rugby union team",NA,NA,NA,NA,NA,NA,"United Kingdom",NA,NA,NA,NA,NA,NA
"Q606042","Glamorgan Wanderers RFC","rugby union club","1893-01-01","1893-1-1",NA,NA,NA,NA,"United Kingdom",NA,NA,NA,NA,NA,NA
"Q60619897","Berlin Grizzlies","rugby union club",NA,NA,NA,NA,NA,NA,"Germany",NA,NA,NA,NA,NA,"11fjn2lwht"
"Q6068556","Ireland Wolfhounds","second national rugby union teams",NA,NA,NA,NA,"Ireland's Wolfhounds",NA,"Ireland; United Kingdom",NA,NA,NA,NA,NA,NA
"Q6068681","Ireland national schoolboy rugby union team","national rugby union team",NA,NA,NA,NA,NA,NA,"Ireland",NA,NA,NA,NA,NA,NA
"Q6068684","Ireland national under-20 rugby union team","rugby union team",NA,NA,NA,NA,NA,NA,"Ireland",NA,NA,NA,NA,NA,NA
"Q6070712","Irish Exiles","rugby union team","1989-01-01","1989-1-1",NA,NA,NA,NA,"United Kingdom",NA,NA,NA,NA,NA,NA
"Q60743236","Bangladesh national rugby sevens team","national rugby union team",NA,NA,NA,NA,NA,NA,NA,NA,NA,NA,NA,NA,"11gr6w3tnr"
"Q6074370","Irvine RFC","rugby union team",NA,NA,NA,NA,NA,NA,"United Kingdom",NA,NA,NA,NA,NA,NA
"Q60747040","New England Free Jacks","rugby union team","2018-09-21","2018-9-21",NA,NA,NA,NA,"United States","Major League Rugby","Veterans Memorial Stadium","5000",NA,NA,"11fd6dj2yn"
"Q60747396","Moorabbin Rugby Club","rugby union club","1965-01-01","1965-1-1",NA,NA,NA,NA,"Australia",NA,NA,NA,NA,NA,"11gnrm0gtm"
"Q60747726","Rugby ATL","rugby union team",NA,NA,NA,NA,NA,NA,"United States",NA,NA,NA,NA,NA,"11gv06p7_h"
"Q60750576","Thanet Wanderers","rugby union club",NA,NA,NA,NA,NA,NA,NA,NA,NA,NA,NA,NA,"11fhnfz977"
"Q60754769","Workington RFC","rugby union club",NA,NA,NA,NA,NA,NA,"United Kingdom",NA,NA,NA,NA,NA,"11gxssdy_5"
"Q60775551","Old Glory DC","rugby union team",NA,NA,NA,NA,NA,NA,NA,NA,NA,NA,NA,NA,"11gt__jyr0"
"Q60784999","South China Tigers","rugby union club",NA,NA,NA,NA,NA,NA,NA,NA,NA,NA,NA,NA,"11h1t0zf92"
"Q6082089","Islamabad Rugby Football Club","rugby union team","1992-01-01","1992-1-1",NA,NA,NA,NA,"Pakistan",NA,NA,NA,NA,NA,NA
"Q60852499","Club Beromama","rugby union club",NA,NA,NA,NA,NA,NA,"Argentina",NA,NA,NA,NA,NA,"11fctqq9nz"
"Q6092120","Puerto Madryn Rugby Club","rugby union club","1974-05-14","1974-5-14",NA,NA,NA,NA,"Argentina",NA,NA,NA,NA,NA,"1218lc1g"
"Q6093838","Italy national under-18 rugby union team","rugby union team",NA,NA,NA,NA,NA,NA,"Italy",NA,NA,NA,NA,NA,NA
"Q6093842","Italy national under-20 rugby union team","rugby union team","2008-01-01","2008-1-1",NA,NA,"Azzurrini",NA,"Italy",NA,NA,NA,NA,NA,"11bvtr5fm0"
"Q609885","Georgia national rugby union team","national rugby union team","1991-11-21","1991-11-21",NA,NA,"lelos",NA,"Georgia",NA,"Dinamo Arena","54549",NA,NA,NA
"Q6102027","Real Madrid Rugby","rugby union team","1924-01-01","1924-1-1","1948-01-01","1948-1-1","los Blancos; las Merengues","Spanish Rugby Federation","Spain",NA,"Estadio Chamartín","15000",NA,NA,"1ym_l4sgb"
"Q611331","CR La Vila","rugby union team","1982-02-13","1982-2-13",NA,NA,NA,NA,"Spain","División de Honor de Rugby",NA,NA,NA,NA,NA
"Q6118024","Jacksonville Rugby Football Club","rugby union team","1973-01-01","1973-1-1",NA,NA,NA,NA,"United States",NA,NA,NA,NA,NA,NA
"Q6119019","San José Rugby Club","rugby union club",NA,NA,NA,NA,NA,NA,"Argentina",NA,NA,NA,NA,NA,"121hx3kc"
"Q6119421","San Miguel Hockey & Rugby Club","rugby union club",NA,NA,NA,NA,NA,NA,"Argentina",NA,NA,NA,NA,NA,"1z3t2jzh5"
"Q6124220","Colombia national rugby sevens team","rugby union club",NA,NA,NA,NA,NA,NA,"Colombia",NA,NA,NA,NA,NA,"122qy610"
"Q6130911","Sociedad Hebraica Argentina","rugby union club",NA,NA,NA,NA,NA,NA,"Argentina",NA,NA,NA,"Buenos Aires",NA,"120t48cs"
"Q6130921","Sociedad Italiana de Tiro al Segno","rugby union club","1895-05-14","1895-5-14",NA,NA,NA,"Unión de Rugby de Buenos Aires","Argentina",NA,NA,NA,"El Palomar",NA,"121zjj24"
"Q6133391","IPR Sporting Club","rugby union club","1915-09-19","1915-9-19",NA,NA,NA,"Unión Marplatense de Rugby","Argentina","Torneo Pampeano",NA,NA,"Mar del Plata",NA,"11b41bv0s"
"Q61364981","Saint-Pée Union Club rugby","rugby union team","1968-01-01","1968-1-1",NA,NA,NA,NA,"France",NA,NA,NA,"Saint-Pée-sur-Nivelle",NA,NA
"Q6137222","NTT Shining Arcs","rugby union club","1976-01-01","1976-1-1",NA,NA,NA,NA,"Japan",NA,"Chichibunomiya Rugby Stadium",NA,NA,NA,NA
"Q613916","Gala RFC","rugby union club","1875-01-01","1875-1-1",NA,NA,NA,NA,"United Kingdom","Scottish Premiership Division Two",NA,NA,NA,NA,NA
"Q6155949","Uncas Rugby Club","rugby union club","1969-06-20","1969-6-20",NA,NA,NA,NA,"Argentina",NA,NA,NA,NA,NA,"121xq8hp"
"Q6156767","Universidad de Granada Rugby","rugby union team","1969-01-01","1969-1-1",NA,NA,NA,NA,"Spain","División de Honor B de Rugby","Campo de Rugby de Fuentenueva",NA,"Granada",NA,"11dyjtflp"
"Q6156886","Club Universitario de Rosario","rugby union team","1924-01-01","1924-1-1",NA,NA,NA,NA,"Argentina",NA,NA,NA,NA,NA,NA
"Q6158042","Japan national under-20 rugby union team","rugby union team","2008-01-01","2008-1-1",NA,NA,NA,NA,"Japan",NA,NA,NA,NA,NA,NA
"Q6158143","Ushuaia Rugby Club","rugby union club",NA,NA,NA,NA,NA,NA,"Mexico",NA,NA,NA,NA,NA,"122y5dkq"
"Q61746557","US Nérac","rugby union team",NA,NA,NA,NA,NA,NA,"France",NA,NA,NA,"Nérac",NA,NA
"Q61746578","Union athlétique gaillacoise","rugby union team",NA,NA,NA,NA,NA,NA,"France",NA,NA,NA,"Gaillac",NA,NA
"Q61746595","Section paloise","rugby union team",NA,NA,NA,NA,NA,NA,"France",NA,NA,NA,"Pau",NA,NA
"Q61746620","Stade bordelais rugby","rugby union team",NA,NA,NA,NA,NA,NA,"France",NA,NA,NA,"Le Bouscat",NA,NA
"Q61790123","Budo 2011 Aleksandrów Łódzki","rugby union club","2011-01-01","2011-1-1",NA,NA,NA,NA,"Poland",NA,NA,NA,"Łódź",NA,"11h06m97nz"
"Q6184915","The Jersey Reds R.F.C.","rugby union club","1879-01-01","1879-1-1",NA,NA,NA,NA,"United Kingdom",NA,"St. Peter",NA,NA,NA,NA
"Q62006391","France national under-21 rugby union team","rugby union team",NA,NA,NA,NA,NA,NA,"France",NA,NA,NA,NA,NA,NA
"Q620948","CR Arquitectura Técnica","rugby union club","1976-01-01","1976-1-1",NA,NA,NA,NA,"Spain",NA,NA,NA,"A Coruña",NA,"1hf_wf5ms"
"Q622443","Australia national rugby union team","national rugby union team","1899-06-24","1899-6-24",NA,NA,NA,NA,"Australia",NA,NA,NA,NA,NA,NA
"Q624092","Arabian Gulf rugby union team","rugby union team",NA,NA,NA,NA,NA,NA,NA,NA,NA,NA,NA,NA,NA
"Q62615889","U.R. L’Aquila","rugby union team","2018-01-01","2018-1-1",NA,NA,NA,"Italian Rugby Federation","Italy","Serie A",NA,NA,"L'Aquila",NA,NA
"Q62911900","Belgium Rugby Barbarians XV","rugby union team","2018-01-01","2018-1-1",NA,NA,NA,NA,"Belgium",NA,NA,NA,NA,NA,NA
"Q630112","Aviron Bayonnais","rugby union club","1906-10-14","1906-10-14",NA,NA,NA,"French Rugby Federation","France","Top 14","Stade Jean Dauger","16934","Bayonne",NA,NA
"Q6319548","Jyväskylä RC","rugby union team","2001-01-01","2001-1-1",NA,NA,NA,NA,NA,NA,NA,NA,NA,NA,NA
"Q63257354","Union sportive saint-sulpicienne rugby","rugby union team","1912-01-01","1912-1-1",NA,NA,NA,NA,"France",NA,NA,NA,"Saint-Sulpice-sur-Lèze",NA,"11fkw9f249"
"Q63341740","Club sportif beaunois","rugby union team","1922-01-01","1922-1-1",NA,NA,NA,NA,"France",NA,NA,NA,"Beaune",NA,"11h15wyzcp"
"Q6345871","Kadıköy Rugby","rugby union team","2006-01-01","2006-1-1",NA,NA,NA,NA,"Turkey",NA,NA,NA,NA,NA,NA
"Q63483939","Los Tordos Rugby Club","rugby union team","1961-02-08","1961-2-8",NA,NA,NA,NA,"Argentina",NA,NA,NA,"Mendoza",NA,"11fkpws5sb"
"Q634843","Tarbes Pyrénées Rugby","rugby union club","1902-01-01","1902-1-1",NA,NA,NA,NA,"France",NA,"Stade Maurice Trélut",NA,"Tarbes",NA,NA
"Q635712","Cook Islands national rugby union team","national rugby union team","1971-09-01","1971-9-1",NA,NA,"Cook Is",NA,"Cook Islands",NA,"National Stadium","5000",NA,NA,NA
"Q635725","Saint Lucia national rugby union team","national rugby union team",NA,NA,NA,NA,NA,NA,"Saint Lucia",NA,NA,NA,NA,NA,NA
"Q635733","Saint Vincent and the Grenadines national rugby union team","national rugby union team",NA,NA,NA,NA,NA,NA,"Saint Vincent and the Grenadines",NA,NA,NA,NA,NA,NA
"Q636019","Oyonnax Rugby","rugby union club","1909-01-01","1909-1-1",NA,NA,NA,NA,"France","Top 14","Stade Charles-Mathon",NA,"Oyonnax",NA,NA
"Q6361705","Kandy Sports Club","rugby union team","1874-01-01","1874-1-1",NA,NA,NA,NA,NA,NA,NA,NA,NA,NA,NA
"Q6364670","Kansas City Blues Rugby Football Club","rugby union club","1966-01-01","1966-1-1",NA,NA,NA,NA,"United States",NA,NA,NA,NA,NA,NA
"Q6367776","Karachi Rugby Football Club","rugby union team","1926-01-01","1926-1-1",NA,NA,NA,NA,"Pakistan",NA,NA,NA,NA,NA,NA
"Q6372599","Karlsruher SV Rugby","rugby union team","1991-01-01","1991-1-1",NA,NA,NA,NA,NA,NA,NA,NA,NA,NA,NA
"Q637392","Tahiti national rugby union team","national rugby union team",NA,NA,NA,NA,NA,NA,"France",NA,NA,NA,NA,NA,NA
"Q637404","Guam national rugby union team","national rugby union team",NA,NA,NA,NA,NA,NA,"United States",NA,"Wettengel Rugby Field",NA,NA,NA,NA
"Q637436","Vanuatu national rugby union team","national rugby union team",NA,NA,NA,NA,NA,NA,"Vanuatu",NA,NA,NA,NA,NA,NA
"Q637445","Solomon Islands national rugby union team","national rugby union team",NA,NA,NA,NA,NA,NA,"Solomon Islands",NA,NA,NA,NA,NA,NA
"Q637465","Papua New Guinea national rugby union team","national rugby union team","1966-12-01","1966-12-1",NA,NA,"The Pukpuks",NA,"Papua New Guinea",NA,NA,NA,NA,NA,NA
"Q6374828","Toyota Verblitz","rugby union club","1941-01-01","1941-1-1",NA,NA,NA,NA,"Japan","Japan Rugby League One","Toyota Stadium; Mizuho Rugby Stadium",NA,NA,NA,NA
"Q6383589","Keighley RUFC","rugby union team","1920-01-01","1920-1-1",NA,NA,NA,NA,"United Kingdom",NA,NA,NA,NA,NA,NA
"Q6388862","Kendal Rugby Union Football Club","rugby union team","1905-01-01","1905-1-1",NA,NA,NA,NA,"United Kingdom",NA,NA,NA,NA,NA,NA
"Q6389298","Kenilworth RFC","rugby union team","1924-01-01","1924-1-1",NA,NA,NA,NA,"United Kingdom",NA,NA,NA,NA,NA,NA
"Q639082","Bedford Blues","rugby union club","1886-01-01","1886-1-1",NA,NA,NA,NA,"United Kingdom","RFU Championship","Goldington Road",NA,NA,NA,NA
"Q6392562","Kenya Commercial Bank RFC","rugby union team","1989-01-01","1989-1-1",NA,NA,NA,NA,"Kenya",NA,NA,NA,NA,NA,NA
"Q6392577","Kenya Harlequin F.C.","rugby union team",NA,NA,NA,NA,NA,NA,"Kenya",NA,NA,NA,"Nairobi",NA,NA
"Q6395476","Kettering Rugby Football Club","rugby union team","1875-01-01","1875-1-1",NA,NA,NA,NA,"United Kingdom",NA,NA,NA,NA,NA,NA
"Q639797","Hurricanes","rugby union franchise","1996-01-01","1996-1-1",NA,NA,NA,"New Zealand Rugby","New Zealand","Super Rugby","Wellington Regional Stadium","34500","Wellington",NA,NA
"Q6398564","Keyworth Rugby Union Football Club","rugby union team","1976-01-01","1976-1-1",NA,NA,NA,NA,"United Kingdom",NA,NA,NA,NA,NA,NA
"Q64027245","Rugby Clermont la Plaine","rugby union team","2008-01-01","2008-1-1",NA,NA,NA,NA,"France",NA,NA,NA,"Clermont-Ferrand",NA,"11jl4086mw"
"Q6403665","Kia Toa RFC","rugby union club",NA,NA,NA,NA,NA,NA,"New Zealand",NA,NA,NA,NA,NA,NA
"Q6405071","Kidwelly RFC","rugby union team",NA,NA,NA,NA,NA,NA,"United Kingdom",NA,NA,NA,NA,NA,NA
"Q6406835","Kilfeacle and District RFC","rugby union team",NA,NA,NA,NA,NA,NA,"Ireland",NA,NA,NA,NA,NA,NA
"Q6407045","Kilkenny RFC","rugby union team","1886-01-01","1886-1-1",NA,NA,NA,NA,"Ireland",NA,NA,NA,NA,NA,NA
"Q6407323","Killarney RFC","rugby union team",NA,NA,NA,NA,NA,NA,NA,NA,NA,NA,NA,NA,NA
"Q6407987","Kilmarnock RFC","rugby union team",NA,NA,NA,NA,NA,NA,"United Kingdom",NA,NA,NA,NA,NA,NA
"Q6410891","King's College Hospital RFC","rugby union club","1869-01-01","1869-1-1",NA,NA,NA,NA,"United Kingdom",NA,NA,NA,NA,NA,NA
"Q6410899","King's College London Rugby Football Club","rugby union team","1869-01-01","1869-1-1",NA,NA,NA,NA,"United Kingdom",NA,NA,NA,NA,NA,NA
"Q6412901","Kings Cross Steelers","rugby union team",NA,NA,NA,NA,NA,NA,"United Kingdom",NA,NA,NA,NA,NA,NA
"Q6412970","Kings Norton RFC","rugby union team","1923-01-01","1923-1-1",NA,NA,NA,NA,"United Kingdom",NA,NA,NA,NA,NA,NA
"Q6414242","Kinsale RFC","rugby union team","1982-01-01","1982-1-1",NA,NA,NA,NA,"Ireland",NA,NA,NA,NA,NA,NA
"Q6415617","Kirkcaldy RFC","rugby union team","1873-01-01","1873-1-1",NA,NA,NA,NA,"United Kingdom",NA,NA,NA,NA,NA,NA
"Q6423574","Knox Old Boys RUFC","rugby union club","1959-01-01","1959-1-1",NA,NA,NA,NA,"Australia",NA,NA,NA,NA,NA,NA
"Q64240978","Club de Rugby Santander","rugby union club","2007-01-01","2007-1-1",NA,NA,NA,NA,"Spain",NA,NA,NA,NA,NA,"11flggt1v5"
"Q6430720","RC Valencia","rugby union team","1966-01-01","1966-1-1",NA,NA,NA,"Spanish Rugby Federation","Spain","División de Honor B de Rugby","Quatre Carreres",NA,"Valencia",NA,NA
"Q6435053","Kowloon RFC","rugby union team",NA,NA,NA,NA,NA,NA,NA,NA,NA,NA,NA,NA,NA
"Q6435992","Kraljevski Beogradski Ragbi Klub","rugby union team","2014-01-01","2014-1-1",NA,NA,NA,NA,"Serbia",NA,NA,NA,NA,NA,NA
"Q6441306","Kubota Spears Funabashi Tokyo-Bay","rugby union club","1978-01-01","1978-1-1",NA,NA,NA,NA,"Japan","Japan Rugby League One","Edogawa Stadium",NA,"Funabashi",NA,NA
"Q6445259","Kuopio RC","rugby union team",NA,NA,NA,NA,NA,NA,NA,NA,NA,NA,NA,NA,NA
"Q645253","Llandovery RFC","rugby union club","1878-01-01","1878-1-1",NA,NA,NA,NA,"United Kingdom",NA,NA,NA,NA,NA,NA
"Q6457199","LA Rugby Club","rugby union club","1958-01-01","1958-1-1",NA,NA,NA,NA,"United States",NA,NA,NA,NA,NA,NA
"Q646070","Argentina national rugby union team","national rugby union team","1910-06-12","1910-6-12",NA,NA,"los Pumas",NA,"Argentina",NA,"José Amalfitani Stadium",NA,NA,NA,NA
"Q64666634","Universitario de Santa Fe Club","rugby union club","1941-11-11","1941-11-11",NA,NA,NA,NA,"Argentina",NA,NA,NA,NA,NA,"11h111np9_"
"Q6473410","Lahore Rugby Football Club","rugby union team","1991-01-01","1991-1-1",NA,NA,NA,NA,"Pakistan",NA,NA,NA,NA,NA,NA
"Q64816584","US Issoire","rugby union team","1910-11-01","1910-11-1",NA,NA,NA,NA,"France",NA,NA,NA,"Issoire",NA,"11hy_56hgr"
"Q6482414","Lampeter Town RFC","rugby union team","1875-01-01","1875-1-1",NA,NA,NA,NA,"United Kingdom",NA,NA,NA,NA,NA,NA
"Q6485379","Lane Cove Rugby","rugby union club","1949-01-01","1949-1-1",NA,NA,NA,NA,"Australia",NA,NA,NA,NA,NA,NA
"Q6486096","Langholm RFC","rugby union team","1871-01-01","1871-1-1",NA,NA,NA,NA,"United Kingdom",NA,NA,NA,NA,NA,NA
"Q6494082","Lasswade RFC","rugby union team",NA,NA,NA,NA,NA,NA,"United Kingdom",NA,NA,NA,NA,NA,NA
"Q6498361","Launceston RUFC","rugby union team","1948-01-01","1948-1-1",NA,NA,NA,NA,"United Kingdom",NA,NA,NA,NA,NA,NA
"Q6498363","Launceston Rugby Union Football Club","rugby union team","1999-01-01","1999-1-1",NA,NA,NA,NA,"Australia",NA,NA,NA,NA,NA,NA
"Q65018297","Cercle sportif Grésivaudan Belledonne","rugby union team",NA,NA,NA,NA,NA,NA,"France",NA,NA,NA,"Villard-Bonnot",NA,"11h4g00g0_"
"Q6501981","Lausanne Football Club","rugby union team","1867-01-01","1867-1-1",NA,NA,NA,NA,"United Kingdom",NA,NA,NA,NA,NA,NA
"Q6503040","Law FC","rugby union team","1870-01-01","1870-1-1",NA,NA,NA,NA,"United Kingdom",NA,NA,NA,NA,NA,NA
"Q65041384","Caithness RFC","rugby union club",NA,NA,NA,NA,NA,NA,"United Kingdom",NA,NA,NA,NA,NA,"11h1mjdgjh"
"Q65042938","Milwaukee Barbarians","rugby union club",NA,NA,NA,NA,NA,NA,"United States",NA,NA,NA,NA,NA,"11hy9tr1g3"
"Q65043244","Drumchapel RFC","rugby union team",NA,NA,NA,NA,NA,NA,"United Kingdom",NA,NA,NA,NA,NA,"11h7nbgrcc"
"Q65043339","Blackburn RUFC","rugby union club",NA,NA,NA,NA,NA,NA,"United Kingdom",NA,NA,NA,NA,NA,"11h3sn59q1"
"Q65043343","Carlisle RFC","rugby union club",NA,NA,NA,NA,NA,NA,"United Kingdom",NA,NA,NA,NA,NA,"11hy9tkyc9"
"Q65043800","Paviors RFC","rugby union club",NA,NA,NA,NA,NA,NA,"United Kingdom",NA,NA,NA,NA,NA,"11hy9tsp99"
"Q65044750","Morpeth RFC","rugby union club",NA,NA,NA,NA,NA,NA,"United Kingdom",NA,NA,NA,NA,NA,"11h3xbf_mq"
"Q65045335","Rochford Hundred Rugby Club","rugby union club",NA,NA,NA,NA,NA,NA,"United Kingdom",NA,NA,NA,NA,NA,"11h3_7yml3"
"Q65045344","Sevenoaks RFC","rugby union club",NA,NA,NA,NA,NA,NA,"United Kingdom",NA,NA,NA,NA,NA,"11h3_7_62h"
"Q65045871","Scarborough RUFC","rugby union club",NA,NA,NA,NA,NA,NA,"United Kingdom",NA,NA,NA,NA,NA,"11flrdjkqb"
"Q65048033","Durham City RFC","rugby union club",NA,NA,NA,NA,NA,NA,"United Kingdom",NA,NA,NA,NA,NA,"11flxwh1mx"
"Q65048052","Stoke on Trent RUFC","rugby union club",NA,NA,NA,NA,NA,NA,"United Kingdom",NA,NA,NA,NA,NA,"11flxwdxb1"
"Q65048763","Sudbury RUFC","rugby union club",NA,NA,NA,NA,NA,NA,"United Kingdom",NA,NA,NA,NA,NA,"11hyqzrfrt"
"Q650503","Krasny Yar Krasnoyarsk","rugby union club","1969-01-01","1969-1-1",NA,NA,NA,NA,"Russia",NA,NA,NA,"Krasnoyarsk",NA,NA
"Q65051741","High Wycombe RFC","rugby union club",NA,NA,NA,NA,NA,NA,"United Kingdom",NA,NA,NA,NA,NA,"11h4cysr24"
"Q65051787","Tabard RFC","rugby union club",NA,NA,NA,NA,NA,NA,"United Kingdom",NA,NA,NA,NA,NA,"11hz0s8fgh"
"Q65065461","St Boswells RFC","rugby union club",NA,NA,NA,NA,NA,NA,"United Kingdom",NA,NA,NA,NA,NA,"11fkyzqsj2"
"Q65065510","Melville College FP","defunct rugby union club",NA,NA,NA,NA,NA,NA,NA,NA,NA,NA,NA,NA,"11h6yw02tn"
"Q65067838","Hawick Trades","rugby union club",NA,NA,NA,NA,NA,NA,"United Kingdom",NA,NA,NA,NA,NA,"11h1dnydm1"
"Q65068100","Grangemouth Stags","rugby union club",NA,NA,NA,NA,NA,NA,"United Kingdom",NA,NA,NA,NA,NA,"11h1fy_qhm"
"Q65068423","Penguin International RFC","rugby union team",NA,NA,NA,NA,NA,NA,NA,NA,NA,NA,NA,NA,"11h77pr4rf"
"Q65069044","Hillfoots RFC","rugby union club",NA,NA,NA,NA,NA,NA,"United Kingdom",NA,NA,NA,NA,NA,"11h1hqwcxx"
"Q65069403","Oban Lorne RFC","rugby union team","1962-01-01","1962-1-1",NA,NA,NA,"Scottish Rugby Union","United Kingdom",NA,NA,NA,"Oban",NA,"11h1j31llg"
"Q65070097","Strathmore RFC","rugby union club",NA,NA,NA,NA,NA,NA,"United Kingdom",NA,NA,NA,NA,NA,"11h7b59mss"
"Q65070825","Stornoway RFC","rugby union club",NA,NA,NA,NA,NA,NA,"United Kingdom",NA,NA,NA,NA,NA,"11h1j_nfpl"
"Q65070840","Shetland RFC","rugby union club",NA,NA,NA,NA,NA,NA,"United Kingdom",NA,NA,NA,NA,NA,"11h1j_mmvb"
"Q65071249","Orkney RFC","rugby union club",NA,NA,NA,NA,NA,NA,"United Kingdom",NA,NA,NA,NA,NA,"11h7cpd1m1"
"Q65079133","Fijian Latui","rugby union club",NA,NA,NA,NA,NA,NA,"Fiji",NA,NA,NA,NA,NA,"11h07s50sc"
"Q65087582","Metropolis RFC","rugby union club",NA,NA,NA,NA,NA,NA,NA,NA,NA,NA,NA,NA,"11h0v8yqsn"
"Q65087604","Columbus RFC","rugby union club",NA,NA,NA,NA,NA,NA,NA,NA,NA,NA,NA,NA,"11h0v8y_h_"
"Q65089233","Corstorphine Cougars RFC","rugby union club","1950-01-01","1950-1-1",NA,NA,NA,NA,"United Kingdom",NA,NA,NA,NA,NA,"11fkw7tj81"
"Q65089239","Royal HSFP","rugby union team","1868-01-01","1868-1-1","2003-01-01","2003-1-1",NA,NA,"United Kingdom",NA,NA,NA,"Edinburgh",NA,"11h6t_nb2n"
"Q65117700","Winchester RFC","rugby union club",NA,NA,NA,NA,NA,NA,"United Kingdom",NA,NA,NA,NA,NA,NA
"Q6516427","Leesbrook Rugby Football Club","rugby union team",NA,NA,NA,NA,NA,NA,"United Kingdom",NA,NA,NA,NA,NA,NA
"Q65165207","Jaguares XV","rugby union club","2019-01-01","2019-1-1",NA,NA,NA,NA,"Argentina","Super Liga Americana de Rugby",NA,NA,NA,NA,"11h0ykp5l5"
"Q65166931","Société athlétique condomoise","rugby union team",NA,NA,NA,NA,NA,NA,"France",NA,NA,NA,"Condom",NA,"11h0jd2r2n"
"Q651731","Border Bulldogs","rugby union team","1891-01-01","1891-1-1",NA,NA,NA,"South African Rugby Union","South Africa","Currie Cup","Buffalo City Stadium","16000","East London",NA,NA
"Q6519198","Leicester Lions RFC","rugby union club","1998-01-01","1998-1-1",NA,NA,NA,NA,"United Kingdom",NA,NA,NA,NA,NA,NA
"Q6519742","Leighton Buzzard R.F.C.","rugby union team","1934-01-01","1934-1-1",NA,NA,NA,NA,"United Kingdom",NA,NA,NA,NA,NA,NA
"Q6520395","Leith RFC","rugby union team",NA,NA,NA,NA,NA,NA,"United Kingdom",NA,NA,NA,NA,NA,NA
"Q6522850","Lennox Football Club","rugby union team","1883-01-01","1883-1-1",NA,NA,NA,NA,"United Kingdom",NA,NA,NA,NA,NA,NA
"Q65271278","Tokyo Sankyu Phoenix","rugby union team",NA,NA,NA,NA,NA,NA,"Japan",NA,NA,NA,NA,NA,"11fk_8fh8r"
"Q6529511","Les Gaillards","rugby union team","2004-01-01","2004-1-1",NA,NA,NA,NA,"France",NA,NA,NA,NA,NA,NA
"Q65295202","Clwb Rygbi Machynlleth","rugby union team",NA,NA,NA,NA,NA,NA,NA,NA,NA,NA,NA,NA,NA
"Q65295409","Clwb Rygbi Cymry Caerdydd","rugby union team",NA,NA,NA,NA,NA,NA,NA,NA,NA,NA,NA,NA,NA
"Q6533189","Letchworth Garden City rugby football club","rugby union team",NA,NA,NA,NA,NA,NA,"United Kingdom",NA,NA,NA,NA,NA,NA
"Q6536140","Lewes Rugby Football Club","rugby union team",NA,NA,NA,NA,NA,NA,"United Kingdom",NA,NA,NA,NA,NA,NA
"Q6543128","Club Liceo Naval","rugby union club","1953-04-26","1953-4-26",NA,NA,NA,"Unión de Rugby de Buenos Aires","Argentina",NA,NA,NA,NA,NA,NA
"Q6543279","Lichfield Rugby Union Football Club","rugby union team","1874-01-01","1874-1-1",NA,NA,NA,NA,"United Kingdom",NA,NA,NA,NA,NA,NA
"Q654755","Pontypridd RFC","rugby union team","1875-01-01","1875-1-1",NA,NA,NA,"Welsh Rugby Union","United Kingdom","Welsh Premier Division","Sardis Road","7861","Pontypridd",NA,NA
"Q6548897","Limassol Crusaders","rugby union team",NA,NA,NA,NA,NA,NA,NA,NA,NA,NA,NA,NA,NA
"Q6550823","Lincoln Lions","rugby union team",NA,NA,NA,NA,NA,NA,"United Kingdom",NA,NA,NA,NA,NA,NA
"Q6552410","Lindenwood Lions men's rugby","rugby union team",NA,NA,NA,NA,NA,NA,"United States",NA,NA,NA,NA,NA,NA
"Q6554475","Linlithgow RFC","rugby union team",NA,NA,NA,NA,NA,NA,"United Kingdom",NA,NA,NA,NA,NA,NA
"Q6554550","Linna RC","rugby union team","2011-01-01","2011-1-1",NA,NA,NA,NA,NA,NA,NA,NA,NA,NA,NA
"Q6559031","Lismore RFC","rugby union team",NA,NA,NA,NA,NA,NA,"United Kingdom",NA,NA,NA,NA,NA,NA
"Q65719214","Rugby Club de Drancy","rugby union team","1947-01-01","1947-1-1",NA,NA,NA,NA,"France",NA,"Q96210667",NA,"Drancy",NA,"11fmhx2cnw"
"Q657211","London Scottish F.C.","rugby union club","1878-01-01","1878-1-1",NA,NA,NA,NA,"United Kingdom","RFU Championship",NA,NA,NA,NA,NA
"Q661552","AC Bobigny 93 Rugby","rugby union team","1965-01-01","1965-1-1",NA,NA,NA,NA,"France",NA,NA,NA,"Bobigny",NA,NA
"Q66314447","Olympique de Nouméa rugby","rugby union team","1955-01-01","1955-1-1",NA,NA,NA,NA,"France",NA,NA,NA,"Noumea",NA,NA
"Q663727","North Harbour Rugby Union","rugby union team","1985-01-01","1985-1-1",NA,NA,NA,NA,"New Zealand",NA,NA,NA,"Albany",NA,NA
"Q6658676","Liversedge RFC","rugby union team","1877-01-01","1877-1-1","1906-01-01","1906-1-1",NA,NA,"United Kingdom",NA,"Whitcliffe; King George V playing field, Liversedge",NA,NA,NA,NA
"Q6659677","Livingston RFC","rugby union team",NA,NA,NA,NA,NA,NA,"United Kingdom",NA,NA,NA,NA,NA,NA
"Q6661133","Llandaff North RFC","rugby union team",NA,NA,NA,NA,NA,NA,"United Kingdom",NA,NA,NA,NA,NA,NA
"Q6661135","Llandaff RFC","rugby union team","1876-01-01","1876-1-1",NA,NA,NA,NA,"Wales",NA,NA,NA,NA,NA,NA
"Q6661192","Llandeilo RFC","rugby union team","1871-01-01","1871-1-1",NA,NA,NA,NA,"United Kingdom",NA,NA,NA,NA,NA,NA
"Q6661259","Llandudno RFC","rugby union team","1952-01-01","1952-1-1",NA,NA,NA,NA,"United Kingdom",NA,NA,NA,NA,NA,NA
"Q6661264","Llandybie RFC","rugby union team",NA,NA,NA,NA,NA,NA,"United Kingdom",NA,NA,NA,NA,NA,NA
"Q6661293","Llanelli Wanderers RFC","rugby union team",NA,NA,NA,NA,NA,NA,"United Kingdom",NA,NA,NA,NA,NA,NA
"Q6661447","Llangefni RFC","rugby union team","1972-01-01","1972-1-1",NA,NA,NA,NA,"United Kingdom",NA,NA,NA,NA,NA,NA
"Q6661461","Llangennech RFC","rugby union team","1885-01-01","1885-1-1",NA,NA,"Bois y Llan",NA,"Wales; United Kingdom",NA,NA,NA,NA,NA,NA
"Q6661599","Llanhilleth RFC","rugby union team","1894-01-01","1894-1-1",NA,NA,NA,NA,"United Kingdom",NA,NA,NA,NA,NA,NA
"Q6661608","Llanidloes RFC","rugby union team",NA,NA,NA,NA,NA,NA,"United Kingdom",NA,NA,NA,NA,NA,NA
"Q6661624","Llanishen RFC","rugby union team","1962-01-01","1962-1-1",NA,NA,NA,NA,"United Kingdom",NA,NA,NA,NA,NA,NA
"Q6661803","Llantrisant RFC","rugby union team","1888-01-01","1888-1-1",NA,NA,NA,NA,"United Kingdom",NA,NA,NA,NA,NA,NA
"Q6661812","Llantwit Fardre RFC","rugby union team","1946-01-01","1946-1-1",NA,NA,NA,NA,"United Kingdom",NA,NA,NA,NA,NA,NA
"Q6662913","Llwynypia RFC","rugby union team","1891-01-01","1891-1-1",NA,NA,NA,NA,"Wales",NA,NA,NA,NA,NA,NA
"Q6664959","Loch Lomond RFC","rugby union team",NA,NA,NA,NA,NA,NA,"United Kingdom",NA,NA,NA,NA,NA,NA
"Q666510","Southland RFU","rugby union team","1887-01-01","1887-1-1",NA,NA,NA,NA,"New Zealand",NA,"Rugby Park Stadium",NA,"Invercargill",NA,NA
"Q6668737","Lokomotiv RFC","rugby union team",NA,NA,NA,NA,NA,NA,"Bulgaria",NA,NA,NA,NA,NA,NA
"Q666949","Mongolia national rugby union team","national rugby union team",NA,NA,NA,NA,NA,NA,"Mongolia",NA,NA,NA,NA,NA,NA
"Q6670288","London Cornish Rugby Football Club","rugby union team","1962-01-01","1962-1-1",NA,NA,NA,NA,"United Kingdom",NA,NA,NA,NA,NA,NA
"Q6673838","Longford RFC","rugby union team","1921-01-01","1921-1-1",NA,NA,NA,NA,"Ireland",NA,NA,NA,NA,NA,NA
"Q6674363","Longton Rugby Club","rugby union team",NA,NA,NA,NA,NA,NA,"United Kingdom",NA,NA,NA,NA,NA,NA
"Q667932","Otago RFU","rugby union team","1881-01-01","1881-1-1",NA,NA,NA,NA,"New Zealand",NA,"Forsyth Barr Stadium",NA,"Dunedin",NA,NA
"Q6682316","Los Angeles Rebellion","rugby union team","2001-01-01","2001-1-1",NA,NA,NA,NA,"United States",NA,NA,NA,NA,NA,NA
"Q6682937","Rugby Club los Matreros","rugby union club","1928-01-01","1928-1-1",NA,NA,NA,NA,"Argentina",NA,NA,NA,"Castelar",NA,NA
"Q6683286","Los Tarcos Rugby Club","rugby union club","1955-01-01","1955-1-1",NA,NA,NA,"Unión de Rugby de Tucumán","Argentina",NA,NA,NA,"San Miguel de Tucumán",NA,NA
"Q6686168","Loughborough RFC","rugby union team","1891-01-01","1891-1-1",NA,NA,NA,NA,"United Kingdom",NA,NA,NA,NA,NA,NA
"Q6686175","Loughborough Students RUFC","rugby union team","1919-01-01","1919-1-1",NA,NA,NA,NA,"United Kingdom",NA,NA,NA,NA,NA,NA
"Q6686228","Loughor RFC","rugby union team","1882-01-01","1882-1-1",NA,NA,NA,NA,"United Kingdom",NA,NA,NA,NA,NA,NA
"Q670755","Switzerland national rugby union team","national rugby union team","1973-04-11","1973-4-11",NA,NA,"Le XV de l'edelweiss",NA,"Switzerland",NA,NA,NA,NA,NA,NA
"Q6707732","Lydney RFC","rugby union team","1888-01-01","1888-1-1",NA,NA,NA,NA,"United Kingdom",NA,NA,NA,NA,NA,NA
"Q6708205","Lymm RFC","rugby union team","1960-01-01","1960-1-1",NA,NA,NA,NA,"United Kingdom",NA,NA,NA,NA,NA,NA
"Q67087991","Lokomotiv Penza","rugby union club",NA,NA,NA,NA,NA,NA,"Russia",NA,"Q106786479",NA,NA,NA,"11hzv3kqm0"
"Q67200317","Union athlétique mimizannaise","rugby union team","1920-04-01","1920-4-1",NA,NA,NA,NA,"France",NA,NA,NA,"Mimizan",NA,"11h56jbxf3"
"Q6722862","Maccabi RFC","rugby union club","1969-01-01","1969-1-1",NA,NA,NA,NA,"Australia",NA,NA,NA,"Bondi Beach",NA,NA
"Q6722935","Macclesfield R.U.F.C.","rugby union team","1877-01-01","1877-1-1",NA,NA,NA,NA,"United Kingdom","National League 2 North",NA,NA,NA,NA,NA
"Q6723487","Machen RFC","rugby union team",NA,NA,NA,NA,NA,NA,"United Kingdom",NA,NA,NA,NA,NA,NA
"Q672679","Southern Spears","rugby union team","2006-01-01","2006-1-1",NA,NA,NA,NA,"Australia",NA,"EPRU Stadium",NA,NA,NA,NA
"Q6728475","Madras College FP RFC","rugby union team",NA,NA,NA,NA,NA,NA,"United Kingdom",NA,NA,NA,NA,NA,NA
"Q6729310","Maesteg Celtic RFC","rugby union team",NA,NA,NA,NA,NA,NA,"United Kingdom",NA,NA,NA,NA,NA,NA
"Q6729311","Maesteg Harlequins RFC","rugby union team",NA,NA,NA,NA,NA,NA,"United Kingdom",NA,NA,NA,NA,NA,NA
"Q6735439","Maidenhead RFC","rugby union team","1922-01-01","1922-1-1",NA,NA,NA,NA,"United Kingdom",NA,NA,NA,NA,NA,NA
"Q6735518","Maidstone FC","rugby union team","1880-01-01","1880-1-1",NA,NA,NA,NA,"United Kingdom",NA,NA,NA,NA,NA,NA
"Q6741072","Malahide RFC","rugby union team","1922-01-01","1922-1-1",NA,NA,NA,NA,"Ireland",NA,NA,NA,NA,NA,NA
"Q6744419","Malmö RC","rugby union club","1954-01-01","1954-1-1",NA,NA,NA,NA,"Sweden",NA,NA,NA,NA,NA,NA
"Q6745084","Malvern RFC","rugby union team","1934-01-01","1934-1-1",NA,NA,NA,NA,"United Kingdom",NA,NA,NA,NA,NA,NA
"Q674994","Macau national rugby union team","national rugby union team",NA,NA,NA,NA,NA,NA,"Macau",NA,NA,NA,NA,NA,NA
"Q6749968","Manitoba Buffalo","rugby union team",NA,NA,NA,NA,NA,NA,"Canada",NA,NA,NA,NA,NA,NA
"Q6751679","Mansfield Rugby Club","rugby union team","1956-01-01","1956-1-1",NA,NA,NA,NA,"United Kingdom",NA,NA,NA,NA,NA,NA
"Q675305","Exeter Chiefs","rugby union club","1871-01-01","1871-1-1",NA,NA,"the Chiefs","Rugby Football Union","United Kingdom","Premiership Rugby","Sandy Park","10744","Exeter","exeter",NA
"Q675856","Cyprus national rugby union team","national rugby union team","2007-03-24","2007-3-24",NA,NA,"Τα Αγρινά",NA,"Cyprus",NA,NA,NA,NA,NA,NA
"Q6764383","Mariners RFC","rugby union team",NA,NA,NA,NA,NA,NA,NA,NA,NA,NA,NA,NA,NA
"Q6765660","Marist Brothers Old Boys RFC","rugby union team","1908-01-01","1908-1-1",NA,NA,NA,NA,"New Zealand",NA,NA,NA,NA,NA,NA
"Q6765688","Marist Rugby Club","rugby union team",NA,NA,NA,NA,NA,NA,"New Zealand",NA,NA,NA,NA,NA,NA
"Q6765696","Marist St. Joseph","rugby union club",NA,NA,NA,NA,NA,NA,NA,NA,NA,NA,NA,NA,NA
"Q6765702","Marista Rugby Club","rugby union club","1961-01-01","1961-1-1",NA,NA,NA,NA,"Argentina",NA,NA,NA,"Las Catitas",NA,NA
"Q6771676","Marlborough Nomads","rugby union team","1868-01-01","1868-1-1",NA,NA,NA,NA,"United Kingdom",NA,NA,NA,NA,NA,NA
"Q6772766","Marr RFC","rugby union club",NA,NA,NA,NA,NA,NA,"United Kingdom",NA,NA,NA,"Troon",NA,NA
"Q6773260","Marseille Provence XV","rugby union team","2000-01-01","2000-1-1",NA,NA,NA,NA,"France",NA,NA,NA,"Marseille",NA,NA
"Q6781322","Maryland Exiles","rugby union club","1993-01-01","1993-1-1",NA,NA,NA,NA,"United States",NA,NA,NA,NA,NA,NA
"Q67912841","Lochaber RFC","rugby union team",NA,NA,NA,NA,NA,NA,"United Kingdom",NA,NA,NA,NA,NA,"11fm_474sv"
"Q67913273","Helensburgh RFC","rugby union team",NA,NA,NA,NA,NA,NA,"United Kingdom",NA,NA,NA,NA,NA,"11h4zr1nbw"
"Q67913274","Cowal RFC","rugby union team",NA,NA,NA,NA,NA,NA,"United Kingdom",NA,NA,NA,NA,NA,"11hztsdy8h"
"Q67913290","Hawick and Wilton RFC","rugby union team",NA,NA,NA,NA,NA,NA,"United Kingdom",NA,NA,NA,NA,NA,"11hzcy9_tz"
"Q67913309","Alloa RFC","rugby union team","1931-01-01","1931-1-1",NA,NA,NA,NA,"United Kingdom",NA,NA,NA,NA,NA,"11hzlfkm26"
"Q67913328","Stewartry RFC","rugby union team",NA,NA,NA,NA,NA,NA,"United Kingdom",NA,NA,NA,NA,NA,"11h4ylnfv4"
"Q67913330","Wigtownshire RFC","rugby union team",NA,NA,NA,NA,NA,NA,"United Kingdom",NA,NA,NA,NA,NA,NA
"Q6803583","Mean Machine RFC","rugby union team",NA,NA,NA,NA,NA,NA,"Kenya",NA,NA,NA,"Nairobi",NA,NA
"Q6806628","Medicals RFC","rugby union team","1898-01-01","1898-1-1",NA,NA,NA,NA,"United Kingdom",NA,NA,NA,NA,NA,NA
"Q6807390","Medvék RK","rugby union team","2003-01-01","2003-1-1",NA,NA,NA,NA,"Hungary",NA,NA,NA,NA,NA,NA
"Q6811788","Melbourne Harlequins","rugby union team","1928-01-01","1928-1-1",NA,NA,NA,NA,"Australia",NA,NA,NA,NA,NA,NA
"Q6811862","Melbourne Rugby Football Club","rugby union team","1982-01-01","1982-1-1",NA,NA,NA,NA,"United Kingdom",NA,NA,NA,NA,NA,NA
"Q6811863","Melbourne Rugby Union Football Club","rugby union team","1909-01-01","1909-1-1",NA,NA,NA,NA,"Australia",NA,NA,NA,NA,NA,NA
"Q6818468","Merchistonian FC","rugby union team",NA,NA,NA,NA,NA,NA,"United Kingdom",NA,NA,NA,NA,NA,NA
"Q6820679","Merthyr RFC","rugby union team","1876-01-01","1876-1-1",NA,NA,NA,NA,"United Kingdom",NA,NA,NA,NA,NA,NA
"Q68375523","Lanark RFC","rugby union team",NA,NA,NA,NA,NA,NA,"United Kingdom",NA,NA,NA,NA,NA,"11fm_4jjgj"
"Q68376322","Bishopton RFC","rugby union team",NA,NA,NA,NA,NA,NA,"United Kingdom",NA,NA,NA,NA,NA,"11h51zwc12"
"Q68376692","Waysiders Drumpellier","rugby union team",NA,NA,NA,NA,NA,NA,"United Kingdom",NA,NA,NA,NA,NA,"11hzslmhhp"
"Q68377166","Birkmyre RFC","rugby union team",NA,NA,NA,NA,NA,NA,"United Kingdom",NA,NA,NA,NA,NA,"11fmvkjsxq"
"Q68377625","Lenzie RFC","rugby union team",NA,NA,NA,NA,NA,NA,"United Kingdom",NA,NA,NA,NA,NA,"11hzl27z_t"
"Q68377627","Clydebank RFC","rugby union team",NA,NA,NA,NA,NA,NA,"United Kingdom",NA,NA,NA,NA,NA,"11hzlhvsdq"
"Q68377636","Allan Glen's RFC","rugby union team",NA,NA,NA,NA,NA,NA,"United Kingdom",NA,NA,NA,NA,NA,"11fmrqmqw1"
"Q68377641","Hyndland RFC","rugby union team",NA,NA,NA,NA,NA,NA,"United Kingdom",NA,NA,NA,NA,NA,"11hzy8ptw9"
"Q68377644","Cartha RFC","rugby union team",NA,NA,NA,NA,NA,NA,"United Kingdom",NA,NA,NA,NA,NA,"11hzy8n8pl"
"Q68377650","Queens Park F.P.","rugby union team",NA,NA,NA,NA,NA,NA,"United Kingdom",NA,NA,NA,NA,NA,"11fmzt9b7t"
"Q6840934","Mid Canterbury Rugby Football Union","rugby union club","1904-01-01","1904-1-1",NA,NA,NA,NA,"New Zealand",NA,NA,NA,NA,NA,NA
"Q6841755","Middlebury College Rugby Club","rugby union club","1972-01-01","1972-1-1",NA,NA,NA,NA,"United States",NA,NA,NA,"Middlebury",NA,NA
"Q6841859","Middlesbrough RUFC","rugby union team","1872-01-01","1872-1-1",NA,NA,NA,NA,"United Kingdom",NA,NA,NA,NA,NA,NA
"Q6842548","Midlands Rugby Club","rugby union team",NA,NA,NA,NA,NA,NA,"New Zealand",NA,NA,NA,NA,NA,NA
"Q6844162","Mighty Minnows","rugby union team",NA,NA,NA,NA,NA,NA,"United Kingdom",NA,NA,NA,NA,NA,NA
"Q684546","Armenia national rugby union team","national rugby union team",NA,NA,NA,NA,NA,NA,"Armenia",NA,NA,NA,NA,NA,NA
"Q6860130","Millwall Rugby Club","rugby union team","1995-01-01","1995-1-1",NA,NA,NA,NA,"United Kingdom",NA,NA,NA,NA,NA,NA
"Q686057","Rotherham R.U.F.C.","rugby union club","1923-01-01","1923-1-1",NA,NA,NA,NA,"United Kingdom","National League 1",NA,NA,NA,NA,NA
"Q6868001","Minneapolis Mayhem","rugby union team",NA,NA,NA,NA,NA,NA,"United States",NA,NA,NA,NA,NA,NA
"Q6883038","Mitsubishi Sagamihara DynaBoars","rugby union team","1981-01-01","1981-1-1",NA,NA,NA,NA,"Japan","Japan Rugby League One","Sagamihara Gion Stadium",NA,NA,NA,NA
"Q6890346","Moffat RFC","rugby union team","1994-01-01","1994-1-1",NA,NA,NA,NA,"United Kingdom",NA,NA,NA,NA,NA,NA
"Q6894166","Mohicans Football Club","rugby union team","1869-01-01","1869-1-1",NA,NA,NA,NA,"United Kingdom",NA,NA,NA,NA,NA,NA
"Q6895736","Mold RFC","rugby union team",NA,NA,NA,NA,NA,NA,"United Kingdom",NA,NA,NA,NA,NA,NA
"Q6900983","Monkstown Football Club","rugby union team","1883-01-01","1883-1-1",NA,NA,NA,NA,"Ireland",NA,NA,NA,NA,NA,NA
"Q6901107","Monmouth RFC","rugby union team",NA,NA,NA,NA,NA,NA,"United Kingdom",NA,NA,NA,"Monmouth; Druid's Head Inn",NA,NA
"Q6901115","Monmouth Rugby Club","rugby union team","1973-01-01","1973-1-1",NA,NA,NA,NA,"United States",NA,NA,NA,NA,NA,NA
"Q6901165","Monmouthshire County RFC","rugby union team",NA,NA,NA,NA,NA,NA,"United Kingdom",NA,NA,NA,"Monmouthshire",NA,NA
"Q6904775","Monte Grande Rugby Club","rugby union club","1965-01-01","1965-1-1",NA,NA,NA,NA,"Argentina",NA,NA,NA,"Monte Grande",NA,NA
"Q6906248","Montreal Barbarians","rugby union team",NA,NA,NA,NA,NA,NA,"Canada",NA,NA,NA,NA,NA,NA
"Q6906280","Montreal Football Club","rugby union team",NA,NA,"1915-01-01","1915-1-1",NA,NA,"Canada",NA,NA,NA,NA,NA,NA
"Q6906344","Montreal Wanderers RFC","rugby union club",NA,NA,NA,NA,NA,NA,NA,NA,NA,NA,NA,NA,NA
"Q6911569","Morgan Academy RFC","rugby union team",NA,NA,NA,NA,NA,NA,"United Kingdom",NA,NA,NA,NA,NA,NA
"Q6912548","Morley R.F.C.","rugby union team","1878-01-01","1878-1-1",NA,NA,NA,NA,"United Kingdom",NA,NA,NA,NA,NA,NA
"Q6914101","Morriston RFC","rugby union team","1876-01-01","1876-1-1",NA,NA,NA,NA,"United Kingdom",NA,NA,NA,NA,NA,NA
"Q692299","Ordizia RE","rugby union club","1973-01-01","1973-1-1",NA,NA,NA,NA,"Spain",NA,NA,NA,NA,NA,NA
"Q6924868","Mountain Ash RFC","rugby union team","1875-01-01","1875-1-1",NA,NA,NA,NA,"United Kingdom",NA,NA,NA,NA,NA,NA
"Q6925828","Mounts Bay RFC","rugby union team","1999-01-01","1999-1-1",NA,NA,NA,NA,"United Kingdom",NA,NA,NA,NA,NA,NA
"Q6926309","Moutere Rugby Football Club","rugby union club","1906-01-01","1906-1-1",NA,NA,NA,NA,"New Zealand",NA,NA,NA,NA,NA,NA
"Q6930404","Mt Wellington RFC","rugby union team",NA,NA,NA,NA,NA,NA,"New Zealand",NA,NA,NA,NA,NA,NA
"Q6935358","Mumbles RFC","rugby union team","1887-01-01","1887-1-1",NA,NA,NA,NA,"United Kingdom",NA,NA,NA,NA,NA,NA
"Q6939543","Murrayfield Wanderers RFC","rugby union team",NA,NA,NA,NA,NA,NA,"United Kingdom",NA,NA,NA,NA,NA,NA
"Q6943105","Musselburgh RFC","rugby union club",NA,NA,NA,NA,NA,NA,"United Kingdom",NA,NA,NA,NA,NA,NA
"Q6944635","Mwamba RFC","rugby union team","1977-01-01","1977-1-1",NA,NA,NA,NA,"Kenya",NA,NA,NA,NA,NA,NA
"Q6948969","Mystic River Rugby Club","rugby union team","1974-01-01","1974-1-1",NA,NA,NA,NA,"United States",NA,NA,NA,NA,NA,NA
"Q695374","Germany national rugby union team","national rugby union team","1927-04-17","1927-4-17",NA,NA,"Schwarze Adler",NA,"Germany",NA,NA,NA,NA,NA,NA
"Q6955430","NS Wanderers RC","rugby union team",NA,NA,NA,NA,NA,NA,NA,NA,NA,NA,NA,NA,NA
"Q6955480","NTNUI Rugby","rugby union team",NA,NA,NA,NA,NA,NA,NA,NA,NA,NA,NA,NA,NA
"Q6956670","Naas RFC","rugby union team","1922-01-01","1922-1-1",NA,NA,NA,NA,"Ireland","All-Ireland League",NA,NA,NA,NA,NA
"Q6964269","Nant Conwy RFC","rugby union team","1980-01-01","1980-1-1",NA,NA,NA,NA,"United Kingdom",NA,NA,NA,NA,NA,NA
"Q6964396","Nantyffyllon RFC","rugby union team",NA,NA,NA,NA,NA,NA,"United Kingdom",NA,NA,NA,NA,NA,NA
"Q6964397","Nantyglo RFC","rugby union team",NA,NA,NA,NA,NA,NA,"United Kingdom",NA,NA,NA,NA,NA,NA
"Q6964402","Nantymoel RFC","rugby union team",NA,NA,NA,NA,NA,NA,"United Kingdom",NA,NA,NA,NA,NA,NA
"Q6965587","Narberth RFC","rugby union team","1882-01-01","1882-1-1",NA,NA,NA,NA,"United Kingdom",NA,NA,NA,NA,NA,NA
"Q6966973","Nashville Grizzlies RFC","rugby union team",NA,NA,NA,NA,NA,NA,"United States",NA,NA,NA,NA,NA,NA
"Q6982078","Navan R.F.C.","rugby union team",NA,NA,NA,NA,NA,NA,"Ireland",NA,NA,NA,NA,NA,NA
"Q6982837","Nawaka Rugby Club","rugby union club",NA,NA,NA,NA,NA,NA,NA,NA,NA,NA,NA,NA,NA
"Q6990377","Nelson Bays Rugby Union","rugby union team","1968-01-01","1968-1-1",NA,NA,NA,NA,"New Zealand",NA,NA,NA,NA,NA,NA
"Q6990701","Nelson RFC","rugby union team","1934-01-01","1934-1-1",NA,NA,NA,NA,"United Kingdom",NA,NA,NA,NA,NA,NA
"Q7005690","New Brighton FC","rugby union club","1875-01-01","1875-1-1",NA,NA,NA,NA,"United Kingdom",NA,NA,NA,"Moreton",NA,NA
"Q7006128","New Brunswick Timber","rugby union team",NA,NA,NA,NA,NA,NA,"Canada",NA,NA,NA,NA,NA,NA
"Q7008541","New Haven Old Black RFC","rugby union team","1986-01-01","1986-1-1",NA,NA,NA,NA,"United States",NA,NA,NA,NA,NA,NA
"Q7010784","New Orleans Rugby Football Club","rugby union team","1973-01-01","1973-1-1",NA,NA,NA,NA,"United States",NA,NA,NA,NA,NA,NA
"Q7011348","New Ross RFC","rugby union team","1970-01-01","1970-1-1",NA,NA,NA,NA,"Ireland",NA,NA,NA,NA,NA,NA
"Q7012158","New Tredegar RFC","rugby union team","1977-01-01","1977-1-1",NA,NA,NA,NA,"United Kingdom",NA,NA,NA,NA,NA,NA
"Q7015235","New Zealand Barbarians","rugby union club","1937-01-01","1937-1-1",NA,NA,NA,NA,"New Zealand",NA,NA,NA,"Kingsland",NA,NA
"Q7015419","New Zealand Heartland XV","national rugby union team",NA,NA,NA,NA,NA,NA,"New Zealand",NA,NA,NA,NA,NA,NA
"Q7016264","New Zealand national under-19 rugby union team","rugby union team",NA,NA,NA,NA,NA,NA,"New Zealand",NA,NA,NA,NA,NA,NA
"Q7016267","New Zealand national under-21 rugby union team","rugby union team",NA,NA,NA,NA,NA,NA,"New Zealand",NA,NA,NA,NA,NA,NA
"Q7016275","New Zealand national under-20 rugby union team","rugby union team",NA,NA,NA,NA,NA,NA,"New Zealand",NA,NA,NA,NA,NA,NA
"Q7017241","Newbury R.F.C.","rugby union team","1928-01-01","1928-1-1",NA,NA,NA,NA,"United Kingdom",NA,NA,NA,NA,NA,NA
"Q7017409","Newcastle Emlyn RFC","rugby union team","1977-01-01","1977-1-1",NA,NA,NA,NA,"United Kingdom",NA,NA,NA,NA,NA,NA
"Q7017465","Newcastle Ravens","rugby union team",NA,NA,NA,NA,NA,NA,"United Kingdom",NA,NA,NA,NA,NA,NA
"Q7018743","Newport Salop RUFC","rugby union team","1871-01-01","1871-1-1",NA,NA,NA,NA,"United Kingdom",NA,NA,NA,NA,NA,NA
"Q7018861","Newport HSOB RFC","rugby union team","1923-01-01","1923-1-1",NA,NA,NA,NA,"United Kingdom",NA,NA,NA,NA,NA,NA
"Q7019141","Newry RFC","rugby union team",NA,NA,NA,NA,NA,NA,"United Kingdom",NA,NA,NA,NA,NA,NA
"Q7020130","Newton Abbot RFC","rugby union team","1873-01-01","1873-1-1",NA,NA,NA,NA,"United Kingdom",NA,NA,NA,NA,NA,NA
"Q70203473","Bizkarians Rugby Elkartea","rugby union club","2011-01-01","2011-1-1",NA,NA,NA,NA,"Biscay",NA,NA,NA,NA,NA,NA
"Q70243155","RC CSKA Moscow","rugby union club",NA,NA,NA,NA,NA,NA,"Russia",NA,NA,NA,"Moscow",NA,"11fzsd8qp5"
"Q7048433","Nomads R.F.C.","rugby union team","1989-01-01","1989-1-1",NA,NA,NA,NA,NA,NA,NA,NA,NA,NA,NA
"Q7048435","Nomads RFC","rugby union team",NA,NA,NA,NA,NA,NA,"United Kingdom",NA,NA,NA,NA,NA,NA
"Q7049259","Nondescripts RFC","rugby union team",NA,NA,NA,NA,NA,NA,NA,NA,NA,NA,NA,NA,NA
"Q7050995","Norfolk Blues","rugby union team",NA,NA,NA,NA,NA,NA,"United States",NA,NA,NA,NA,NA,NA
"Q7055143","North Dorset Rugby Football Club","rugby union team",NA,NA,NA,NA,NA,NA,"United Kingdom",NA,NA,NA,NA,NA,NA
"Q7055788","North Kildare RFC","rugby union team","1928-01-01","1928-1-1",NA,NA,NA,NA,"Ireland",NA,NA,NA,NA,NA,NA
"Q7056038","North Manchester Rugby Club","rugby union team","1921-01-01","1921-1-1",NA,NA,NA,NA,"United Kingdom",NA,NA,NA,NA,NA,NA
"Q7056065","North Meath RFC","rugby union team","2007-01-01","2007-1-1",NA,NA,NA,NA,"Ireland",NA,NA,NA,NA,NA,NA
"Q7056241","North Otago Rugby Football Union","rugby union team","1904-01-01","1904-1-1",NA,NA,NA,NA,"New Zealand",NA,NA,NA,NA,NA,NA
"Q7056706","North Shore Rugby Football Club","rugby union team","1873-01-01","1873-1-1",NA,NA,NA,NA,"New Zealand",NA,NA,NA,NA,NA,NA
"Q7057169","North Wales rugby","rugby union team",NA,NA,NA,NA,NA,NA,NA,NA,NA,NA,NA,NA,NA
"Q7057178","North Walsham R.F.C.","rugby union team","1962-01-01","1962-1-1",NA,NA,NA,NA,"United Kingdom",NA,NA,NA,NA,NA,NA
"Q7057523","North of Ireland F.C.","rugby union team","1868-01-01","1868-1-1",NA,NA,NA,NA,"Ireland",NA,NA,NA,NA,NA,NA
"Q7058067","Northeastern University Rugby Club","rugby union team","1984-01-01","1984-1-1",NA,NA,NA,NA,"United States",NA,NA,NA,"Brookline",NA,NA
"Q7058351","Northern Football Club","rugby union club","1875-01-01","1875-1-1",NA,NA,NA,NA,"United Kingdom",NA,NA,NA,NA,NA,NA
"Q7058878","Northern Pride RLFC","rugby union club",NA,NA,NA,NA,NA,NA,"Australia",NA,NA,NA,NA,NA,NA
"Q7058963","Northern Sharks","rugby union team",NA,NA,NA,NA,NA,NA,NA,NA,NA,NA,NA,NA,NA
"Q7059592","Northolt Rugby Football Club","rugby union team",NA,NA,NA,NA,NA,NA,"United Kingdom",NA,NA,NA,NA,NA,NA
"Q7059701","Norths Devils","rugby union club","1891-01-01","1891-1-1",NA,NA,NA,NA,"Australia",NA,NA,NA,NA,NA,NA
"Q7063469","Notre Dame Rugby Football Club","rugby union team","1961-01-01","1961-1-1",NA,NA,NA,NA,"United States",NA,NA,NA,NA,NA,NA
"Q7063672","Nottingham Moderns R.F.C","rugby union team",NA,NA,NA,NA,NA,NA,"United Kingdom",NA,NA,NA,NA,NA,NA
"Q7064135","Nova Scotia Keltics","rugby union team",NA,NA,NA,NA,NA,NA,"Canada",NA,NA,NA,NA,NA,NA
"Q7065000","Novocastrians Rugby Football Club","rugby union club",NA,NA,NA,NA,NA,NA,"United Kingdom",NA,NA,NA,NA,NA,NA
"Q7069804","Nuneaton RFC","rugby union club","1879-01-01","1879-1-1",NA,NA,NA,NA,"United Kingdom",NA,NA,NA,NA,NA,NA
"Q7073813","Oakdale RFC","rugby union team",NA,NA,NA,NA,NA,NA,"United Kingdom",NA,NA,NA,NA,NA,NA
"Q7074227","Oakthorpe Invitational","rugby union team",NA,NA,NA,NA,NA,NA,"United Kingdom",NA,NA,NA,NA,NA,NA
"Q7083374","Old Albanian RFC","rugby union team","1924-01-01","1924-1-1",NA,NA,NA,NA,"United Kingdom",NA,NA,NA,NA,NA,NA
"Q7083490","Old Blue R.F.C.","rugby union team","1963-01-01","1963-1-1",NA,NA,NA,NA,"United States",NA,NA,NA,NA,NA,NA
"Q7083494","Old Blues RFC","rugby union team",NA,NA,NA,NA,NA,NA,"United Kingdom",NA,NA,NA,NA,NA,NA
"Q7083514","Old Boys University","rugby union team",NA,NA,NA,NA,NA,NA,"New Zealand",NA,NA,NA,NA,NA,NA
"Q7083546","Old Brodleians","rugby union team","1930-01-01","1930-1-1",NA,NA,NA,NA,"United Kingdom",NA,NA,NA,NA,NA,NA
"Q7083657","Old Christians Club","rugby union club","1692-12-01","1692-12-1",NA,NA,NA,NA,"Uruguay",NA,NA,NA,NA,NA,NA
"Q7083721","Old Collegians Rugby Club","rugby union club","1937-01-01","1937-1-1",NA,NA,NA,NA,"Australia",NA,NA,NA,NA,NA,NA
"Q7083906","Old Elthamians","rugby union team","1911-01-01","1911-1-1",NA,NA,NA,NA,"United Kingdom",NA,NA,NA,NA,NA,NA
"Q7084082","Old Georgian Club","rugby union club","1908-01-01","1908-1-1",NA,NA,NA,"Unión de Rugby de Buenos Aires","Argentina",NA,NA,NA,NA,NA,NA
"Q7084108","Old Gold Rugby","rugby union club","1974-01-01","1974-1-1",NA,NA,NA,NA,"United States",NA,NA,NA,NA,NA,NA
"Q7084261","Old Ignatians' Rugby Football Club","rugby union team","1969-01-01","1969-1-1",NA,NA,NA,NA,"Australia",NA,NA,NA,NA,NA,NA
"Q7084263","Old Illtydians RFC","rugby union team","1928-01-01","1928-1-1",NA,NA,NA,NA,"United Kingdom",NA,NA,NA,NA,NA,NA
"Q7084508","Old Merchant Taylors' FC","rugby union team","1882-01-01","1882-1-1",NA,NA,NA,NA,"United Kingdom",NA,NA,NA,NA,NA,NA
"Q7084641","Old Northamptonians RFC","rugby union team","1923-01-01","1923-1-1",NA,NA,NA,NA,"United Kingdom",NA,NA,NA,NA,NA,NA
"Q7084707","Old Patesians R.F.C.","rugby union team","1913-01-01","1913-1-1",NA,NA,NA,NA,"United Kingdom",NA,NA,NA,NA,NA,NA
"Q7084711","Old Penarthians RFC","rugby union team","1923-01-01","1923-1-1",NA,NA,NA,NA,"United Kingdom",NA,NA,NA,NA,NA,NA
"Q7084827","Old Redcliffians","rugby union team","1918-01-01","1918-1-1",NA,NA,NA,NA,"United Kingdom",NA,NA,NA,NA,NA,NA
"Q7085172","Old Swinford Hospital RFC","rugby union club",NA,NA,NA,NA,NA,NA,"United Kingdom",NA,NA,NA,NA,NA,NA
"Q7085412","Old Wheatleyans RFC","rugby union team","1928-01-01","1928-1-1",NA,NA,NA,NA,"United Kingdom",NA,NA,NA,NA,NA,NA
"Q7088223","Olivos Rugby Club","rugby union club","1927-01-01","1927-1-1",NA,NA,NA,"Unión de Rugby de Buenos Aires","Argentina",NA,NA,NA,"Munro, Buenos Aires",NA,NA
"Q7088456","Olney RFC","rugby union team",NA,NA,NA,NA,NA,NA,"United Kingdom",NA,NA,NA,NA,NA,NA
"Q7089195","Olympique Marcquois Rugby","rugby union team",NA,NA,NA,NA,NA,NA,"France",NA,NA,NA,"Marcq-en-Barœul",NA,NA
"Q7089249","Olympus Rugby XV Madrid","rugby union team","2009-01-01","2009-1-1",NA,NA,NA,NA,"Spain",NA,NA,NA,NA,NA,NA
"Q7094611","Ontario Blues","rugby union team",NA,NA,NA,NA,NA,NA,NA,NA,NA,NA,NA,NA,NA
"Q7094889","Ontario Rugby Union","rugby union club",NA,NA,NA,NA,NA,NA,"Canada",NA,NA,NA,NA,NA,NA
"Q7107044","Oslo RK","rugby union team","1964-01-01","1964-1-1",NA,NA,NA,NA,"Norway",NA,NA,NA,NA,NA,NA
"Q7108371","Otahuhu RFC","rugby union team",NA,NA,NA,NA,NA,NA,"New Zealand",NA,NA,NA,NA,NA,NA
"Q7109183","Ottawa Harlequins","rugby union team",NA,NA,NA,NA,NA,NA,"Canada",NA,NA,NA,NA,NA,NA
"Q7109277","Ottawa Wolves RFC","rugby union team",NA,NA,NA,NA,NA,NA,NA,NA,NA,NA,NA,NA,NA
"Q7113927","Overseas RUFC","rugby union team","1946-01-01","1946-1-1",NA,NA,NA,NA,NA,NA,NA,NA,NA,NA,NA
"Q7113937","Overseas Unions rugby union team","national rugby union team",NA,NA,NA,NA,NA,NA,"United Kingdom",NA,NA,NA,NA,NA,NA
"Q7115345","Oxford Harlequins Rugby Football Club","rugby union team","1996-01-01","1996-1-1",NA,NA,NA,NA,"United Kingdom",NA,NA,NA,NA,NA,NA
"Q7122744","Pacific Tyee","rugby union team","2009-01-01","2009-1-1",NA,NA,NA,NA,"Canada",NA,NA,NA,NA,NA,NA
"Q7125194","Paisley RFC","rugby union team",NA,NA,NA,NA,NA,NA,"United Kingdom",NA,NA,NA,NA,NA,NA
"Q7126084","Pakūranga United Rugby Club","rugby union team",NA,NA,NA,NA,NA,NA,"New Zealand",NA,NA,NA,NA,NA,NA
"Q7132420","Papakura RFC","rugby union team",NA,NA,NA,NA,NA,NA,"New Zealand",NA,NA,NA,NA,NA,NA
"Q7132791","Paphos Tigers","rugby union team",NA,NA,NA,NA,NA,NA,NA,NA,NA,NA,NA,NA,NA
"Q7138616","Parkmore RFC","rugby union team","1907-01-01","1907-1-1",NA,NA,NA,NA,"Ireland",NA,NA,NA,NA,NA,NA
"Q7141560","Pasadena Rugby Football Club","rugby union team","1971-01-01","1971-1-1",NA,NA,NA,NA,"United States",NA,NA,NA,NA,NA,NA
"Q7142896","Past Brothers","rugby union club","1929-01-01","1929-1-1",NA,NA,NA,NA,"Australia",NA,NA,NA,NA,NA,NA
"Q714402","Chinese Taipei national rugby union team","national rugby union team","1969-03-14","1969-3-14",NA,NA,NA,NA,"中華民國",NA,NA,NA,NA,NA,NA
"Q7161953","Pembroke Dock Harlequins RFC","rugby union team",NA,NA,NA,NA,NA,NA,"United Kingdom",NA,NA,NA,NA,NA,NA
"Q7161970","Pembroke RFC","rugby union team",NA,NA,NA,NA,NA,NA,"United Kingdom",NA,NA,NA,NA,NA,NA
"Q7162165","Penallta RFC","rugby union team","1952-01-01","1952-1-1",NA,NA,NA,NA,"United Kingdom",NA,NA,NA,NA,NA,NA
"Q7162346","Penclawdd RFC","rugby union team","1888-01-01","1888-1-1",NA,NA,NA,NA,"United Kingdom",NA,NA,NA,NA,NA,NA
"Q7162349","Pencoed RFC","rugby union team","1888-01-01","1888-1-1",NA,NA,NA,NA,"United Kingdom",NA,NA,NA,NA,NA,NA
"Q7162872","Penicuik RFC","rugby union team",NA,NA,NA,NA,NA,NA,"United Kingdom",NA,NA,NA,NA,NA,NA
"Q7164613","Penrith RUFC","rugby union team","1881-01-01","1881-1-1",NA,NA,NA,NA,"United Kingdom",NA,NA,NA,NA,NA,NA
"Q7165335","Pentyrch RFC","rugby union team","1882-01-01","1882-1-1",NA,NA,NA,NA,"United Kingdom",NA,NA,NA,NA,NA,NA
"Q7165410","Penygraig RFC","rugby union team","1877-01-01","1877-1-1",NA,NA,NA,NA,"United Kingdom",NA,NA,NA,NA,NA,NA
"Q7165431","Penzance RFC","rugby union team","1876-01-01","1876-1-1",NA,NA,NA,NA,"United Kingdom",NA,NA,NA,NA,NA,NA
"Q7170932","Perthshire RFC","rugby union team","1868-01-01","1868-1-1",NA,NA,NA,NA,"United Kingdom",NA,NA,NA,NA,NA,NA
"Q7178024","Peterborough RUFC","rugby union team",NA,NA,NA,NA,NA,NA,"United Kingdom",NA,NA,NA,NA,NA,NA
"Q7178055","Peterhead RFC","rugby union team","1984-01-01","1984-1-1",NA,NA,NA,NA,NA,NA,NA,NA,NA,NA,NA
"Q7178214","Petersfield R.F.C.","rugby union team",NA,NA,NA,NA,NA,NA,"United Kingdom",NA,NA,NA,NA,NA,NA
"Q7178225","Petersham RUFC","rugby union team","1883-01-01","1883-1-1",NA,NA,NA,NA,"Australia",NA,NA,NA,NA,NA,NA
"Q7178484","Petone Rugby Club","rugby union club","1885-01-01","1885-1-1",NA,NA,NA,NA,"New Zealand",NA,"Petone",NA,NA,NA,NA
"Q7182849","Philadelphia Whitemarsh RFC","rugby union team","1985-01-01","1985-1-1",NA,NA,NA,NA,"United States",NA,NA,NA,NA,NA,NA
"Q7194094","Pill Harriers RFC","rugby union team","1880-01-01","1880-1-1",NA,NA,NA,NA,"United Kingdom",NA,NA,NA,NA,NA,NA
"Q7206470","Pocklington RUFC","rugby union team","1928-01-01","1928-1-1",NA,NA,NA,NA,"United Kingdom",NA,NA,NA,NA,NA,NA
"Q7209799","Polis Egaleo Rugby","rugby union team",NA,NA,NA,NA,NA,NA,NA,NA,NA,NA,NA,NA,NA
"Q7227980","Ponsonby RFC","rugby union team",NA,NA,NA,NA,NA,NA,"New Zealand",NA,NA,NA,NA,NA,NA
"Q7228068","Pontardawe RFC","rugby union club",NA,NA,NA,NA,NA,NA,"United Kingdom",NA,NA,NA,NA,NA,NA
"Q7228079","Pontarddulais RFC","rugby union team","1881-01-01","1881-1-1",NA,NA,NA,NA,NA,NA,NA,NA,NA,NA,NA
"Q7228310","Pontllanfraith RFC","rugby union team",NA,NA,NA,NA,NA,NA,NA,NA,NA,NA,NA,NA,NA
"Q7228393","Pontyberem RFC","rugby union team",NA,NA,NA,NA,NA,NA,NA,NA,NA,NA,NA,NA,NA
"Q7228395","Pontyclun RFC","rugby union team","1887-01-01","1887-1-1",NA,NA,NA,NA,NA,NA,NA,NA,NA,NA,NA
"Q7228396","Pontycymmer RFC","rugby union team","1887-01-01","1887-1-1",NA,NA,NA,NA,NA,NA,NA,NA,NA,NA,NA
"Q7228411","Pontypool United RFC","rugby union team",NA,NA,NA,NA,NA,NA,NA,NA,NA,NA,NA,NA,NA
"Q7231392","Portadown RFC","rugby union team","1879-01-01","1879-1-1",NA,NA,NA,NA,NA,NA,NA,NA,NA,NA,NA
"Q7231524","Portarlington RFC","rugby union team","1974-01-01","1974-1-1",NA,NA,NA,NA,NA,NA,NA,NA,NA,NA,NA
"Q7231735","Porth Harlequins RFC","rugby union team",NA,NA,NA,NA,NA,NA,NA,NA,NA,NA,NA,NA,NA
"Q7231752","Porthcawl RFC","rugby union team","1880-01-01","1880-1-1",NA,NA,NA,NA,NA,NA,NA,NA,NA,NA,NA
"Q7232030","Portland Rugby Football Club","rugby union club",NA,NA,NA,NA,NA,NA,"United States",NA,NA,NA,NA,NA,NA
"Q7232031","Portland Rugby Football Club","rugby union club","1961-01-01","1961-1-1",NA,NA,NA,NA,"United States",NA,NA,NA,NA,NA,NA
"Q7232098","Portlaoise RFC","rugby union team","1966-01-01","1966-1-1",NA,NA,NA,NA,NA,NA,NA,NA,NA,NA,NA
"Q7232191","Portobello RFC","rugby union club",NA,NA,NA,NA,NA,NA,"United Kingdom",NA,NA,NA,NA,NA,NA
"Q7232493","Portsmouth Rugby Football Club","rugby union club",NA,NA,NA,NA,NA,NA,"United Kingdom",NA,NA,NA,NA,NA,NA
"Q7232856","Porvoo RC","rugby union team",NA,NA,NA,NA,NA,NA,NA,NA,NA,NA,NA,NA,NA
"Q7235040","Potomac Athletic Club RFC","rugby union team","1988-01-01","1988-1-1",NA,NA,NA,NA,"United States",NA,NA,NA,NA,NA,NA
"Q7238028","Prairie Wolf Pack","rugby union team",NA,NA,NA,NA,NA,NA,"Canada",NA,NA,NA,NA,NA,NA
"Q7241893","Preston Grasshoppers R.F.C.","rugby union team","1869-09-28","1869-9-28",NA,NA,NA,NA,"United Kingdom",NA,NA,NA,"Preston",NA,NA
"Q7241930","Preston Lodge RFC","rugby union club",NA,NA,NA,NA,NA,NA,"United Kingdom",NA,NA,NA,NA,NA,NA
"Q7242171","Pretoria Harlequins","rugby union team","1906-01-01","1906-1-1",NA,NA,NA,NA,"South Africa",NA,NA,NA,NA,NA,NA
"Q7244380","Prince of Wales Country Club","rugby union club","1925-01-01","1925-1-1",NA,NA,NA,NA,"Chile",NA,NA,NA,NA,NA,NA
"Q7245002","Princeton Rugby","rugby union club","1876-01-01","1876-1-1",NA,NA,NA,NA,"United States","Ivy Rugby Conference",NA,NA,NA,NA,NA
"Q7252475","Providence Rugby","rugby union club",NA,NA,NA,NA,NA,NA,"United States",NA,NA,NA,NA,NA,NA
"Q7257573","Public School Wanderers","rugby union team",NA,NA,NA,NA,NA,NA,"United Kingdom",NA,NA,NA,NA,NA,NA
"Q7260313","Punjab Warriors","rugby union team",NA,NA,NA,NA,NA,NA,"Pakistan",NA,NA,NA,NA,NA,NA
"Q7262777","Pwllheli RFC","rugby union team","1972-01-01","1972-1-1",NA,NA,NA,NA,NA,NA,NA,NA,NA,NA,NA
"Q7263081","Pyle RFC","rugby union team",NA,NA,NA,NA,NA,NA,NA,NA,NA,NA,NA,NA,NA
"Q7264653","Pécsi Indiánok SK","rugby union team","1996-01-01","1996-1-1",NA,NA,NA,NA,"Hungary",NA,NA,NA,NA,NA,NA
"Q7269730","Queanbeyan Whites","rugby union team","1954-01-01","1954-1-1",NA,NA,NA,NA,"Australia",NA,NA,NA,NA,NA,NA
"Q7269756","Quebec Caribou","rugby union team",NA,NA,NA,NA,NA,NA,"Canada",NA,NA,NA,NA,NA,NA
"Q7270016","Queen's House Football Club","rugby union team","1867-01-01","1867-1-1",NA,NA,NA,NA,"United Kingdom",NA,NA,NA,NA,NA,NA
"Q7270137","Queen's University RFC","rugby union team","1869-01-01","1869-1-1",NA,NA,NA,NA,"United Kingdom","All-Ireland League",NA,NA,NA,NA,NA
"Q7270925","Queensland Country Heelers","rugby union team","1902-01-01","1902-1-1",NA,NA,NA,NA,"Australia",NA,NA,NA,NA,NA,NA
"Q7276157","RC Aia","rugby union team",NA,NA,NA,NA,NA,NA,"Georgia",NA,"Aia Arena",NA,"Kutaisi",NA,"11gdgrqj90"
"Q7276158","RC Antares","rugby union club",NA,NA,NA,NA,NA,NA,NA,NA,NA,NA,NA,NA,NA
"Q7276159","RC Argo","rugby union team","1992-01-01","1992-1-1",NA,NA,NA,NA,"Ukraine",NA,NA,NA,"Kyiv",NA,NA
"Q7276160","RC Arka Gdynia","rugby union team","1996-01-01","1996-1-1",NA,NA,NA,NA,"Poland",NA,NA,NA,NA,NA,NA
"Q7276161","RC Aviator","rugby union club","1963-01-01","1963-1-1",NA,NA,NA,NA,"Ukraine","Q11221912","Spartak Stadium, Kyiv",NA,"Kyiv",NA,NA
"Q7276162","RC Batyari","rugby union team","2009-01-01","2009-1-1",NA,NA,NA,NA,NA,NA,NA,NA,NA,NA,NA
"Q7276164","RC Bystrc","rugby union club","1953-01-01","1953-1-1",NA,NA,NA,NA,"Czech Republic",NA,NA,NA,NA,NA,NA
"Q7276166","Rugby Union Donau Wien","rugby union team","1999-01-01","1999-1-1",NA,NA,NA,NA,"Austria",NA,NA,NA,NA,NA,NA
"Q7276167","RC Dnepr","rugby union team","2009-01-01","2009-1-1",NA,NA,NA,NA,"Ukraine",NA,NA,NA,"Dnipro",NA,NA
"Q7276169","RC Epokha-Polytechnic","rugby union club","1962-01-01","1962-1-1",NA,NA,NA,NA,"Ukraine",NA,NA,NA,"Kyiv",NA,NA
"Q7276170","RC Evko-More","rugby union team","1973-01-01","1973-1-1",NA,NA,NA,NA,NA,NA,NA,NA,NA,NA,NA
"Q7276171","RC Girnik","rugby union team",NA,NA,NA,NA,NA,NA,NA,NA,NA,NA,NA,NA,NA
"Q7276172","RC Graz","rugby union club",NA,NA,NA,NA,NA,NA,"Austria",NA,NA,NA,NA,NA,NA
"Q7276176","RC Havířov","rugby union club","1966-01-01","1966-1-1",NA,NA,NA,NA,"Czech Republic",NA,NA,NA,NA,NA,NA
"Q7276177","RC Krems","rugby union team",NA,NA,NA,NA,NA,NA,"Austria",NA,NA,NA,"Krems",NA,NA
"Q7276184","RC Obolon-University","rugby union team","1984-01-01","1984-1-1",NA,NA,NA,NA,"Ukraine","Q11221912",NA,NA,NA,NA,"11c5fzsbzm"
"Q7276185","RC Olymp","rugby union club","1989-01-01","1989-1-1",NA,NA,NA,NA,NA,NA,NA,NA,"Kharkiv",NA,NA
"Q7276186","RC Odense","rugby union team","1980-01-01","1980-1-1",NA,NA,NA,NA,"Denmark",NA,NA,NA,NA,NA,NA
"Q7276187","RC Polytechnic","rugby union club","1965-01-01","1965-1-1",NA,NA,NA,NA,NA,NA,NA,NA,NA,NA,NA
"Q7276189","RC Písek","rugby union team","2008-01-01","2008-1-1",NA,NA,NA,NA,NA,NA,NA,NA,NA,NA,NA
"Q7276190","RC Přelouč","rugby union team","1974-01-01","1974-1-1",NA,NA,NA,NA,NA,NA,NA,NA,NA,NA,NA
"Q7276196","RC Rivne","rugby union team","1999-01-01","1999-1-1",NA,NA,NA,NA,"Ukraine",NA,NA,NA,"Rivne",NA,NA
"Q7276197","RC Roland","rugby union team",NA,NA,NA,NA,NA,NA,"Ukraine",NA,NA,NA,"Ivano-Frankivsk",NA,NA
"Q7276198","RC Spartak Trnava","rugby union team",NA,NA,NA,NA,NA,NA,"Slovakia",NA,NA,NA,NA,NA,NA
"Q7276199","RC Slovan Bratislava","rugby union team","2003-01-01","2003-1-1",NA,NA,NA,NA,"Slovakia",NA,NA,NA,NA,NA,NA
"Q7276200","RC Spartan Oradea","rugby union team",NA,NA,NA,NA,NA,NA,NA,NA,NA,NA,NA,NA,NA
"Q7276203","RC Varna","rugby union team","1964-01-01","1964-1-1",NA,NA,NA,NA,"Bulgaria",NA,NA,NA,NA,NA,NA
"Q7276206","RC Yantra Gabrovo","rugby union team","1973-01-01","1973-1-1",NA,NA,NA,NA,"Bulgaria",NA,NA,NA,NA,NA,NA
"Q7276209","RC Vyškov","rugby union team","1952-01-01","1952-1-1",NA,NA,NA,NA,NA,NA,NA,NA,NA,NA,NA
"Q7276211","RC Zlín","rugby union team","1944-01-01","1944-1-1",NA,NA,NA,NA,NA,NA,NA,NA,NA,NA,NA
"Q7276572","RFC Haarlem","rugby union team","1980-01-01","1980-1-1",NA,NA,NA,NA,NA,NA,NA,NA,NA,NA,NA
"Q7276641","RGC 1404","rugby union team","2008-01-01","2008-1-1",NA,NA,NA,"Welsh Rugby Union","United Kingdom",NA,NA,NA,NA,NA,NA
"Q7276915","RK Nada","rugby union team","1959-02-23","1959-2-23",NA,NA,NA,NA,"Croatia",NA,NA,NA,NA,NA,NA
"Q7276919","RK Petrovice","rugby union team","1944-01-01","1944-1-1",NA,NA,NA,NA,"Czech Republic",NA,NA,NA,"Prague",NA,NA
"Q7276924","RK Sisak","rugby union team","1970-01-01","1970-1-1",NA,NA,NA,NA,"Croatia",NA,NA,NA,NA,NA,NA
"Q7276932","RK Zagreb","rugby union team","1964-01-01","1964-1-1",NA,NA,NA,NA,"Croatia",NA,NA,NA,NA,NA,NA
"Q7282829","Ragbi Klub Crvena Zvezda","rugby union team",NA,NA,NA,NA,NA,NA,"Serbia",NA,NA,NA,NA,NA,NA
"Q7282831","Ragbi Klub Partizan","rugby union team","1953-01-01","1953-1-1",NA,NA,NA,NA,"Serbia",NA,NA,NA,NA,NA,NA
"Q7284217","Railway Union RFC","rugby union team","1905-01-01","1905-1-1",NA,NA,NA,NA,"Ireland",NA,NA,NA,NA,NA,NA
"Q7284861","Rainey Old Boys R.F.C.","rugby union team","1928-01-01","1928-1-1",NA,NA,NA,NA,NA,NA,NA,NA,NA,NA,NA
"Q7290242","Ramsey R.U.F.C.","rugby union team",NA,NA,NA,NA,NA,NA,"United Kingdom",NA,NA,NA,NA,NA,NA
"Q7291669","Randers RC","rugby union team",NA,NA,NA,NA,NA,NA,"Denmark",NA,NA,NA,NA,NA,NA
"Q7295623","Rathdrum RFC","rugby union team",NA,NA,NA,NA,NA,NA,NA,NA,NA,NA,NA,NA,NA
"Q7296210","Rauma Ice Pack","rugby union team",NA,NA,NA,NA,NA,NA,NA,NA,NA,NA,NA,NA,NA
"Q7296486","Ravens Košice RC","rugby union team","2010-01-01","2010-1-1",NA,NA,NA,NA,"Slovakia",NA,NA,NA,NA,NA,NA
"Q7296506","Ravenscourt Park Football Club","rugby union team","1865-01-01","1865-1-1",NA,NA,NA,NA,"United Kingdom",NA,NA,NA,NA,NA,NA
"Q7300463","Reading Abbey R.F.C.","rugby union club",NA,NA,NA,NA,NA,NA,"United Kingdom",NA,NA,NA,NA,NA,NA
"Q7300545","Reading R.F.C.","rugby union team","1898-01-01","1898-1-1",NA,NA,NA,NA,"United Kingdom",NA,NA,NA,NA,NA,NA
"Q7305540","Redcar Rugby Union Football Club","rugby union team","1920-01-01","1920-1-1",NA,NA,NA,NA,"United Kingdom",NA,NA,NA,NA,NA,NA
"Q7305944","Rams RFC","rugby union club","1924-01-01","1924-1-1",NA,NA,NA,NA,"United Kingdom",NA,NA,NA,"Reading",NA,NA
"Q7306238","Redruth R.F.C.","rugby union team","1875-01-01","1875-1-1",NA,NA,NA,NA,"United Kingdom",NA,NA,NA,NA,NA,NA
"Q7313054","Renegades RFC","rugby union team","1958-01-01","1958-1-1",NA,NA,NA,NA,NA,NA,NA,NA,NA,NA,NA
"Q7315715","Resolven RFC","rugby union club",NA,NA,NA,NA,NA,NA,"United Kingdom",NA,NA,NA,NA,NA,NA
"Q7320526","Rhigos RFC","rugby union club",NA,NA,NA,NA,NA,NA,"United Kingdom",NA,NA,NA,NA,NA,NA
"Q7320725","Rhiwbina RFC","rugby union team",NA,NA,NA,NA,NA,NA,NA,NA,NA,NA,NA,NA,NA
"Q7321613","Rhydyfelin RFC","rugby union team","1905-01-01","1905-1-1",NA,NA,NA,NA,NA,NA,NA,NA,NA,NA,NA
"Q7321627","Rhyl and District RFC","rugby union team",NA,NA,NA,NA,NA,NA,NA,NA,"Tynewydd Fields",NA,NA,NA,NA
"Q7321659","Rhymney RFC","rugby union team",NA,NA,NA,NA,NA,NA,NA,NA,NA,NA,NA,NA,NA
"Q7330982","Richmond Rugby Football Club","rugby union team",NA,NA,NA,NA,NA,NA,"Canada",NA,NA,NA,NA,NA,NA
"Q7335676","Ripon Rugby Union Football Club","rugby union team","1886-01-01","1886-1-1",NA,NA,NA,NA,"United Kingdom",NA,NA,NA,NA,NA,NA
"Q7335833","Risca RFC","rugby union team","1875-01-01","1875-1-1",NA,NA,NA,NA,NA,NA,NA,NA,NA,NA,NA
"Q733600","British & Irish Lions","rugby union team","1888-01-01","1888-1-1",NA,NA,NA,NA,"Ireland; United Kingdom",NA,NA,NA,"Dublin",NA,NA
"Q7338588","Riverside Rugby Club","rugby union team","1976-01-01","1976-1-1",NA,NA,NA,NA,"United States",NA,NA,NA,NA,NA,NA
"Q735168","UL Bohemians R.F.C.","rugby union team","1999-01-01","1999-1-1",NA,NA,NA,NA,"Ireland",NA,NA,NA,NA,NA,NA
"Q7353809","Rochdale RUFC","rugby union team","1921-01-01","1921-1-1",NA,NA,NA,NA,"United Kingdom",NA,NA,NA,NA,NA,NA
"Q7357250","Rodos Colossi RFC","rugby union team",NA,NA,NA,NA,NA,NA,NA,NA,NA,NA,NA,NA,NA
"Q7361347","Rolls-Royce Rugby Football Club","rugby union team","1944-01-01","1944-1-1",NA,NA,NA,NA,"United Kingdom",NA,NA,NA,NA,NA,NA
"Q73631367","Gòtics RC","rugby union team","1984-01-01","1984-1-1",NA,NA,NA,NA,"Spain",NA,"Camp Municipal de Rugby La Foixarda",NA,"Barcelona",NA,"11h8brzw71"
"Q7363197","Romford and Gidea Park Rugby Club","rugby union club","1929-01-01","1929-1-1",NA,NA,NA,NA,"United Kingdom",NA,NA,NA,NA,NA,NA
"Q7367594","Roscrea RFC","rugby union team","1950-01-01","1950-1-1",NA,NA,NA,NA,NA,NA,NA,NA,NA,NA,NA
"Q7368655","Roses Rugby Football Club","rugby union team","1974-01-01","1974-1-1",NA,NA,NA,NA,"United States",NA,NA,NA,NA,NA,NA
"Q7369647","Ross Sutherland RFC","rugby union team",NA,NA,NA,NA,NA,NA,NA,NA,NA,NA,NA,NA,NA
"Q7369786","Rossendale RUFC","rugby union team","1969-01-01","1969-1-1",NA,NA,NA,NA,"United Kingdom",NA,NA,NA,NA,NA,NA
"Q7371856","Rowdies Rugby Football Club","rugby union team","1978-01-01","1978-1-1",NA,NA,NA,NA,"United States",NA,NA,NA,NA,NA,NA
"Q7374194","Royal Free, University College and Middlesex Medical Students RFC","rugby union team",NA,NA,NA,NA,NA,NA,"United Kingdom",NA,NA,NA,NA,NA,NA
"Q7374271","RHC Cougars RFC","rugby union team",NA,NA,"2017-01-01","2017-1-1",NA,NA,"United Kingdom",NA,NA,NA,NA,NA,NA
"Q7374556","Royal Navy Rugby Union","rugby union team","1906-01-01","1906-1-1",NA,NA,NA,NA,NA,NA,NA,NA,NA,NA,NA
"Q7378160","Rugby Club CERN","rugby union team",NA,NA,NA,NA,NA,NA,"Switzerland",NA,NA,NA,NA,NA,NA
"Q7378162","Rugby Club Pobednik","rugby union team","1996-01-01","1996-1-1",NA,NA,NA,NA,"Serbia",NA,NA,NA,NA,NA,NA
"Q7378163","Rugby Club Stade Viennois","rugby union team",NA,NA,NA,NA,NA,NA,"Austria",NA,NA,NA,NA,NA,NA
"Q7378164","Rugby Clube de Oeiras","rugby union team",NA,NA,NA,NA,NA,NA,"Portugal",NA,NA,NA,NA,NA,NA
"Q7378233","Rugby Nova Scotia","rugby union club",NA,NA,NA,NA,NA,NA,"Canada",NA,NA,NA,NA,NA,NA
"Q7378250","Rugby São Carlos","rugby union team",NA,NA,NA,NA,NA,NA,"Brazil",NA,NA,NA,NA,NA,NA
"Q7379329","Rumney RFC","rugby union team",NA,NA,NA,NA,NA,NA,NA,NA,NA,NA,NA,NA,NA
"Q7381979","Russia national under-20 rugby union team","rugby union team",NA,NA,NA,NA,NA,NA,"Russia",NA,NA,NA,NA,NA,NA
"Q7389392","SC Sokil","rugby union team","1977-01-01","1977-1-1",NA,NA,NA,NA,NA,NA,NA,NA,NA,NA,NA
"Q7392164","SO Voiron","rugby union team","1900-02-20","1900-2-20",NA,NA,NA,NA,"France",NA,NA,NA,"Coublevie",NA,NA
"Q7395325","SZTE EHÖK SE","rugby union team","2009-01-01","2009-1-1",NA,NA,NA,NA,"Hungary",NA,NA,NA,NA,NA,NA
"Q739613","Edinburgh Rugby","rugby union franchise","1872-01-01","1872-1-1",NA,NA,"The Gunners","Scottish Rugby Union","United Kingdom","United Rugby Championship","Murrayfield Stadium; Edinburgh Rugby Stadium","67044; 7800",NA,"edimbourg",NA
"Q7409933","Samoa national under-20 rugby union team","rugby union team","2008-01-01","2008-1-1",NA,NA,NA,NA,"Samoa",NA,NA,NA,NA,NA,NA
"Q74110517","Clonmel RFC","rugby union club",NA,NA,NA,NA,NA,NA,NA,NA,NA,NA,NA,NA,"11fmkg12jt"
"Q74110776","Detroit Tradesmen","rugby union club","1978-01-01","1978-1-1",NA,NA,NA,NA,"United States",NA,NA,NA,"Detroit",NA,"11hzdqwydj"
"Q74115763","Ballina Seahorses","rugby union team",NA,NA,NA,NA,NA,NA,NA,NA,NA,NA,NA,NA,"11fmzcj8s9"
"Q7414034","San Francisco Fog RFC","rugby union team","2001-01-01","2001-1-1",NA,NA,NA,NA,"United States",NA,NA,NA,NA,NA,NA
"Q7416005","Sandbach RUFC","rugby union team","1936-01-01","1936-1-1",NA,NA,NA,NA,"United Kingdom",NA,NA,NA,NA,NA,NA
"Q7419806","Santa Monica Rugby Club","rugby union club","1972-01-01","1972-1-1",NA,NA,NA,NA,"United States",NA,NA,NA,NA,NA,NA
"Q7427877","Savannah Shamrocks RFC","rugby union club",NA,NA,NA,NA,NA,NA,"United States",NA,NA,NA,NA,NA,NA
"Q7435412","Scorpions RFC","rugby union team",NA,NA,NA,NA,NA,NA,NA,NA,NA,NA,NA,NA,NA
"Q7435629","Scotland A national rugby union team","second national rugby union teams",NA,NA,NA,NA,NA,NA,"United Kingdom",NA,NA,NA,NA,NA,NA
"Q7435694","Scotland national shinty team","national rugby union team",NA,NA,NA,NA,NA,NA,"United Kingdom",NA,NA,NA,NA,NA,NA
"Q7435697","Scotland national under-18 rugby union team","rugby union team",NA,NA,NA,NA,NA,NA,"United Kingdom",NA,NA,NA,NA,NA,NA
"Q7435699","Scotland national under-19 rugby union team","rugby union team",NA,NA,NA,NA,NA,NA,"United Kingdom",NA,NA,NA,NA,NA,NA
"Q7435701","Scotland national under-20 rugby union team","rugby union team",NA,NA,NA,NA,NA,NA,"United Kingdom",NA,NA,NA,NA,NA,NA
"Q7438750","Scranton Norseman Rugby","rugby union club","1985-01-01","1985-1-1",NA,NA,NA,NA,"United States",NA,NA,NA,NA,NA,NA
"Q7439497","Scunthorpe Rugby Club","rugby union team","1929-01-01","1929-1-1",NA,NA,NA,NA,"United Kingdom",NA,NA,NA,NA,NA,NA
"Q7440391","Seaford Rugby Football Club","rugby union club",NA,NA,NA,NA,NA,NA,"United Kingdom",NA,NA,NA,NA,NA,NA
"Q7441588","Seapoint RFC","rugby union team","1934-01-01","1934-1-1",NA,NA,NA,NA,NA,NA,NA,NA,NA,NA,NA
"Q7445255","Sedgley Park R.U.F.C.","rugby union team","1932-01-01","1932-1-1",NA,NA,NA,NA,"United Kingdom",NA,NA,NA,NA,NA,NA
"Q7446123","Sefton RUFC","rugby union team","1907-01-01","1907-1-1",NA,NA,NA,NA,"United Kingdom",NA,NA,NA,NA,NA,NA
"Q744636","Natal Sharks","rugby union team","1890-01-01","1890-1-1",NA,NA,NA,"South African Rugby Union","South Africa","Currie Cup","Kings Park Stadium","52000","Durban",NA,NA
"Q7450566","Senghenydd RFC","rugby union team","1898-01-01","1898-1-1",NA,NA,NA,NA,NA,NA,NA,NA,NA,NA,NA
"Q7457436","Seven Sisters RFC","rugby union club",NA,NA,NA,NA,NA,NA,"United Kingdom",NA,NA,NA,NA,NA,NA
"Q745758","Gloucester Rugby","rugby union club","1873-01-01","1873-1-1",NA,NA,NA,"Rugby Football Union","United Kingdom","Premiership Rugby","Kingsholm Stadium","16500","Gloucester","gloucester",NA
"Q7458963","Seychelles national rugby union team","national rugby union team",NA,NA,NA,NA,NA,NA,"Seychelles",NA,NA,NA,NA,NA,NA
"Q748103","Rugby Club I Cavalieri","rugby union team","2000-01-01","2000-1-1","2015-01-01","2015-1-1",NA,"Italian Rugby Federation","Italy",NA,NA,NA,NA,NA,"11bc5wd2bx"
"Q7487669","Shamrock Warriors RFC","national rugby union team","2009-01-01","2009-1-1",NA,NA,NA,NA,"Ireland",NA,NA,NA,NA,NA,NA
"Q7492734","Sheffield RUFC","rugby union team","1902-01-01","1902-1-1",NA,NA,NA,NA,"United Kingdom",NA,NA,NA,NA,NA,NA
"Q7492761","Sheffield Tigers RUFC","rugby union team","1932-01-01","1932-1-1",NA,NA,NA,NA,"United Kingdom","National League 2 North",NA,NA,NA,NA,NA
"Q7493610","Shelford Rugby Club","rugby union team","1933-01-01","1933-1-1",NA,NA,NA,NA,"United Kingdom",NA,NA,NA,NA,NA,NA
"Q7494732","Sherborne RFC","rugby union club",NA,NA,NA,NA,NA,NA,"United Kingdom",NA,NA,NA,NA,NA,NA
"Q749756","Junior All Blacks","second national rugby union teams","2005-06-26","2005-6-26",NA,NA,"Junior All Blacks",NA,"New Zealand",NA,NA,NA,NA,NA,NA
"Q7498115","Shipston-on-Stour Rugby Football Club","rugby union team",NA,NA,NA,NA,NA,NA,"United Kingdom",NA,NA,NA,NA,NA,NA
"Q7514876","Silhillians Rugby Union Football Club","rugby union team","1932-01-01","1932-1-1",NA,NA,NA,NA,"United Kingdom",NA,NA,NA,NA,NA,NA
"Q7534693","Skerries RFC","rugby union team","1926-01-01","1926-1-1",NA,NA,NA,NA,NA,NA,NA,NA,NA,NA,NA
"Q7534817","Skewen RFC","rugby union club",NA,NA,NA,NA,NA,NA,"United Kingdom",NA,NA,NA,NA,NA,NA
"Q7535985","Skive RC","rugby union team","2009-01-01","2009-1-1",NA,NA,NA,NA,"Denmark",NA,NA,NA,NA,NA,NA
"Q753618","Stade Aurillacois Cantal Auvergne","rugby union club","1904-01-01","1904-1-1",NA,NA,NA,NA,"France","Pro D2","Jean Alric stadium",NA,"Aurillac",NA,NA
"Q75375252","Union sportive métropolitaine des transports","rugby union team","1945-03-17","1945-3-17",NA,NA,NA,NA,"France",NA,NA,NA,"13th arrondissement of Paris",NA,"11h8h89g1g"
"Q75375259","Union sportive métropolitaine","rugby union team","1928-03-11","1928-3-11","1945-03-17","1945-3-17",NA,NA,"France",NA,NA,NA,"Paris",NA,"11h8h8p_4h"
"Q7565371","South Africa amateur national rugby union team","national rugby union team",NA,NA,NA,NA,NA,NA,"South Africa",NA,NA,NA,NA,NA,NA
"Q7565434","South African Barbarians","rugby union team","1960-01-01","1960-1-1",NA,NA,NA,NA,"South Africa",NA,NA,NA,NA,NA,NA
"Q756594","Stade Rochelais","rugby union team","1898-01-01","1898-1-1",NA,NA,"les Maritimes","French Rugby Federation","France","Top 14","Stade Marcel-Deflandre","16000","La Rochelle","la-rochelle",NA
"Q7566502","South Canterbury Rugby Football Union","rugby union team","1888-01-01","1888-1-1",NA,NA,NA,NA,"New Zealand",NA,"Alpine Energy Stadium",NA,NA,NA,NA
"Q7567806","South Leicester RFC","rugby union team","1919-01-01","1919-1-1",NA,NA,NA,NA,"United Kingdom",NA,NA,NA,NA,NA,NA
"Q7568436","South Shore Anchors","rugby union team",NA,NA,NA,NA,NA,NA,"United States",NA,NA,NA,NA,NA,NA
"Q7568781","South Wales Police RFC","rugby union team","1969-01-01","1969-1-1",NA,NA,NA,NA,NA,NA,NA,NA,NA,NA,NA
"Q7569050","South of Scotland rugby union team","rugby union team",NA,NA,NA,NA,NA,NA,NA,NA,NA,NA,NA,NA,NA
"Q7569546","Southend RFC","rugby union club",NA,NA,NA,NA,NA,NA,"United Kingdom",NA,NA,NA,NA,NA,NA
"Q7570094","Southern Lions Rugby Union Football Club","rugby union team",NA,NA,NA,NA,NA,NA,NA,NA,NA,NA,NA,NA,NA
"Q7570204","Southern Nomads R.U.F.C.","rugby union club","1982-01-01","1982-1-1",NA,NA,NA,NA,"United Kingdom",NA,NA,NA,NA,NA,NA
"Q7570746","Southerners Sports Club","rugby union club","1994-01-01","1994-1-1",NA,NA,NA,NA,"Thailand",NA,NA,NA,NA,NA,NA
"Q7570979","Southport Rugby Football Club","rugby union team","1872-01-01","1872-1-1",NA,NA,NA,NA,"United Kingdom",NA,NA,NA,NA,NA,NA
"Q7573864","Spartacus Rugby Club","rugby union club","1968-01-01","1968-1-1",NA,NA,NA,NA,"Sweden",NA,NA,NA,NA,NA,NA
"Q75754433","Union sportive fuxéenne","rugby union team",NA,NA,NA,NA,NA,NA,"France",NA,NA,NA,"Foix",NA,"11j0hsv820"
"Q7579393","Adelaide University Rugby Union Football Club","rugby union team",NA,NA,NA,NA,NA,NA,"Australia",NA,NA,NA,"University of Adelaide",NA,NA
"Q7580942","Springfield Celts Rugby Club","rugby union team","1975-01-01","1975-1-1",NA,NA,NA,NA,"United States",NA,NA,NA,NA,NA,NA
"Q7585892","Sri Lanka Air Force Sports Club","rugby union team",NA,NA,NA,NA,NA,NA,NA,NA,NA,NA,NA,NA,NA
"Q7585905","Sri Lanka Army Sports Club","rugby union team",NA,NA,NA,NA,NA,NA,NA,NA,NA,NA,NA,NA,NA
"Q7585934","Sri Lanka Navy Sports Club","rugby union team",NA,NA,NA,NA,NA,NA,NA,NA,NA,NA,NA,NA,NA
"Q7585939","Sri Lanka Police Sports Club","rugby union team",NA,NA,NA,NA,NA,NA,NA,NA,NA,NA,NA,NA,NA
"Q758655","Auckland RFU","rugby union team","1883-01-01","1883-1-1",NA,NA,NA,"New Zealand Rugby","New Zealand","ITM Cup","Eden Park","50000","Auckland",NA,NA
"Q7586894","St. Andrew's Rovers FC","rugby union team","1869-01-01","1869-1-1",NA,NA,NA,NA,"United Kingdom",NA,NA,NA,NA,NA,NA
"Q7587353","St. Brendan's Rugby Club","rugby union team","2004-01-01","2004-1-1",NA,NA,NA,NA,"Argentina",NA,NA,NA,NA,NA,NA
"Q7587731","St. Davids RFC","rugby union team","1953-01-01","1953-1-1",NA,NA,NA,NA,NA,NA,NA,NA,NA,NA,NA
"Q7588145","St. George's Hospital Medical School RFC","rugby union team","1863-01-01","1863-1-1",NA,NA,NA,NA,"United Kingdom",NA,NA,NA,NA,NA,NA
"Q7588322","St. Helens RUFC","rugby union club",NA,NA,NA,NA,NA,NA,"United Kingdom",NA,NA,NA,NA,NA,NA
"Q7589212","St. Joseph's RFC","rugby union team","1959-01-01","1959-1-1",NA,NA,NA,NA,NA,NA,NA,NA,NA,NA,NA
"Q7591475","St. Peters RFC","rugby union team","1886-01-01","1886-1-1",NA,NA,NA,NA,NA,NA,NA,NA,NA,NA,NA
"Q7592279","St Albans RFC","rugby union club",NA,NA,NA,NA,NA,NA,"United Kingdom",NA,NA,NA,NA,NA,NA
"Q7594909","St Neots RUFC","rugby union team",NA,NA,NA,NA,NA,NA,"United Kingdom",NA,NA,NA,NA,NA,NA
"Q7595090","St Patrick's Rugby Club","rugby union team","1964-01-01","1964-1-1",NA,NA,NA,NA,"Australia",NA,NA,NA,NA,NA,NA
"Q7596132","Stade Lausanne Rugby Club","rugby union team","1969-01-01","1969-1-1",NA,NA,NA,NA,"Switzerland",NA,NA,NA,NA,NA,NA
"Q7596188","Niort Rugby Club","rugby union team","1906-09-26","1906-9-26",NA,NA,NA,NA,"France",NA,NA,NA,"Niort",NA,"121dcjq2"
"Q7597035","Staines Rugby Football Club","rugby union team",NA,NA,NA,NA,NA,NA,"United Kingdom",NA,NA,NA,NA,NA,NA
"Q7600868","Star Rugby Club","rugby union club",NA,NA,NA,NA,NA,NA,"New Zealand",NA,NA,NA,NA,NA,NA
"Q7604787","Stavanger RK","rugby union club","1978-01-01","1978-1-1",NA,NA,NA,NA,"Norway",NA,NA,NA,NA,NA,NA
"Q7617262","Stillorgan RFC","rugby union club","1973-01-01","1973-1-1",NA,NA,NA,NA,NA,NA,NA,NA,NA,NA,NA
"Q7618009","Stockholm Exiles RFC","rugby union club","1963-01-01","1963-1-1",NA,NA,NA,NA,"Sweden",NA,NA,NA,NA,NA,NA
"Q7618168","Stockport RUFC","rugby union club",NA,NA,NA,NA,NA,NA,"United Kingdom",NA,NA,NA,NA,NA,NA
"Q7618775","Stompers RFC","rugby union club","1996-01-01","1996-1-1",NA,NA,NA,NA,NA,NA,NA,NA,NA,NA,NA
"Q7620586","Stourbridge R.F.C.","rugby union team","1876-01-01","1876-1-1",NA,NA,NA,NA,"United Kingdom",NA,NA,NA,NA,NA,NA
"Q7622028","Strathaven RFC","rugby union club","1984-01-01","1984-1-1",NA,NA,NA,NA,"United Kingdom",NA,NA,NA,NA,NA,NA
"Q7622098","Strathendrick RFC","rugby union club",NA,NA,NA,NA,NA,NA,"United Kingdom",NA,NA,NA,NA,NA,NA
"Q7622152","Strathmore University RFC","rugby union club",NA,NA,NA,NA,NA,NA,NA,NA,NA,NA,NA,NA,NA
"Q7622727","Streatham-Croydon RFC","rugby union club",NA,NA,NA,NA,NA,NA,"United Kingdom",NA,NA,NA,NA,NA,NA
"Q7626132","StuSta München","rugby union club","1999-01-01","1999-1-1",NA,NA,NA,NA,NA,NA,NA,NA,NA,NA,NA
"Q7639627","Sundays Well RFC","rugby union club",NA,NA,NA,NA,NA,NA,NA,NA,NA,NA,NA,NA,NA
"Q764951","Grupo Dramático e Sportivo Cascais","rugby union team",NA,NA,NA,NA,NA,NA,"Portugal",NA,NA,NA,NA,NA,NA
"Q7650213","Sutton & Epsom RFC","rugby union club",NA,NA,NA,NA,NA,NA,"United Kingdom",NA,NA,NA,NA,NA,NA
"Q7650230","Sutton Coldfield RFC","rugby union club",NA,NA,NA,NA,NA,NA,"United Kingdom",NA,NA,NA,NA,NA,NA
"Q7650470","Suva Highlanders","rugby union team",NA,NA,NA,NA,NA,NA,"Fiji",NA,NA,NA,NA,NA,NA
"Q7653713","Swansea University RFC","rugby union club",NA,NA,NA,NA,NA,NA,"United Kingdom",NA,NA,NA,NA,NA,NA
"Q7653717","Swansea Uplands RFC","rugby union club",NA,NA,NA,NA,NA,NA,"United Kingdom",NA,NA,NA,NA,NA,NA
"Q7659344","Swords RFC","rugby union club",NA,NA,NA,NA,NA,NA,NA,NA,NA,NA,NA,NA,NA
"Q7663902","Syston RFC","rugby union club",NA,NA,NA,NA,NA,NA,"United Kingdom",NA,NA,NA,NA,NA,NA
"Q7666484","Sønderborg Barbarians RK","rugby union club",NA,NA,NA,NA,NA,NA,"Denmark",NA,NA,NA,NA,NA,NA
"Q7674956","Taffs Well RFC","rugby union team","1887-01-01","1887-1-1",NA,NA,NA,NA,NA,NA,NA,NA,NA,NA,NA
"Q7675878","Taibach RFC","rugby union club",NA,NA,NA,NA,NA,NA,"United Kingdom",NA,NA,NA,NA,NA,NA
"Q7676099","Tailevu Knights","rugby union team",NA,NA,NA,NA,NA,NA,NA,NA,NA,NA,NA,NA,NA
"Q76762453","Old Resian Club","rugby union club",NA,NA,NA,NA,NA,NA,"Argentina",NA,NA,NA,NA,NA,"11fmzrwmsg"
"Q7676269","Taipei Baboons","rugby union team","1990-01-01","1990-1-1",NA,NA,NA,NA,NA,NA,NA,NA,NA,NA,NA
"Q7677251","Takapuna Rugby Football Club","rugby union team",NA,NA,NA,NA,NA,NA,"New Zealand",NA,NA,NA,NA,NA,NA
"Q7678745","Tala Rugby Club","rugby union club","1944-01-01","1944-1-1",NA,NA,NA,"Unión Cordobesa de Rugby","Argentina",NA,NA,NA,NA,NA,NA
"Q7680433","Talywain RFC","rugby union team",NA,NA,NA,NA,NA,NA,NA,NA,NA,NA,NA,NA,NA
"Q7681685","Tampa Bay Krewe","rugby union team","1989-01-01","1989-1-1",NA,NA,NA,NA,"United States",NA,NA,NA,NA,NA,NA
"Q7681768","Tampere RC","rugby union team","2001-01-01","2001-1-1",NA,NA,NA,NA,"Finland","Finnish Championship League",NA,NA,"Tampere",NA,NA
"Q7681929","Tamworth Rugby Union Football Club","rugby union team","1925-01-01","1925-1-1",NA,NA,NA,NA,"United Kingdom",NA,NA,NA,NA,NA,NA
"Q7686556","Taroona Rugby Club","rugby union team","1947-01-01","1947-1-1",NA,NA,NA,NA,"Australia",NA,NA,NA,NA,NA,NA
"Q7688802","Taunton R.F.C.","rugby union team","1875-01-01","1875-1-1",NA,NA,NA,NA,"United Kingdom",NA,NA,NA,NA,NA,NA
"Q7690842","Te Kawau","rugby union club",NA,NA,NA,NA,NA,NA,NA,NA,NA,NA,NA,NA,NA
"Q7690900","Te Papapa Onehunga RFC","rugby union team",NA,NA,NA,NA,NA,NA,"New Zealand",NA,NA,NA,NA,NA,NA
"Q7691252","Teachers RFC","rugby union team","1961-01-01","1961-1-1",NA,NA,NA,NA,NA,NA,NA,NA,NA,NA,NA
"Q7695006","Teignmouth R.F.C.","rugby union team","1874-01-01","1874-1-1",NA,NA,NA,NA,"United Kingdom",NA,NA,NA,NA,NA,NA
"Q7699539","Tenby United RFC","rugby union club",NA,NA,NA,NA,NA,NA,"United Kingdom",NA,NA,NA,NA,NA,NA
"Q7701448","Teqüe Rugby Club","rugby union team","1973-01-01","1973-1-1",NA,NA,NA,NA,"Argentina",NA,NA,NA,NA,NA,NA
"Q7709937","Thames Valley Rugby Football Union","rugby union team","1921-01-01","1921-1-1",NA,NA,NA,NA,"New Zealand",NA,NA,NA,NA,NA,NA
"Q774221","Canada national rugby union team","national rugby union team","1932-01-31","1932-1-31",NA,NA,"Canucks",NA,"Canada",NA,NA,NA,NA,NA,NA
"Q7762102","The Saints Rugby School","rugby union team",NA,NA,NA,NA,NA,NA,"Switzerland",NA,NA,NA,NA,NA,NA
"Q7783473","Thessaloniki Lions RFC","rugby union team","2008-01-01","2008-1-1",NA,NA,NA,NA,NA,NA,NA,NA,NA,NA,NA
"Q779116","FC Auch Gers","rugby union club","1903-01-01","1903-1-1","2017-01-01","2017-1-1",NA,"French Rugby Federation","France",NA,"Stade du Moulias",NA,"Auch",NA,NA
"Q7796402","Thorney RUFC","rugby union team",NA,NA,NA,NA,NA,NA,"United Kingdom",NA,NA,NA,NA,NA,NA
"Q7799381","Thurrock Rugby Football Club","rugby union team","1928-01-01","1928-1-1",NA,NA,NA,NA,"United Kingdom",NA,NA,NA,NA,NA,NA
"Q7801705","Tigre Rugby Club","rugby union club","1981-01-01","1981-1-1",NA,NA,NA,NA,"Argentina",NA,NA,NA,"Tigre",NA,NA
"Q7820769","Tonbridge Juddians RFC","rugby union club","1999-01-01","1999-1-1",NA,NA,NA,NA,"United Kingdom",NA,NA,NA,NA,NA,NA
"Q7820811","Tondu RFC","rugby union team","1880-01-01","1880-1-1",NA,NA,NA,NA,NA,NA,NA,NA,NA,NA,NA
"Q7820993","Tonga national under-20 rugby union team","rugby union team",NA,NA,NA,NA,NA,NA,"Tonga",NA,NA,NA,NA,NA,NA
"Q7821561","Tonmawr RFC","rugby union club",NA,NA,NA,NA,NA,NA,"United Kingdom",NA,NA,NA,NA,NA,NA
"Q7821565","Tonna RFC","rugby union club",NA,NA,NA,NA,NA,NA,"United Kingdom",NA,NA,NA,NA,NA,NA
"Q7830799","Toyota Industries Shuttles Aichi","rugby union club","1984-01-01","1984-1-1",NA,NA,NA,NA,"Japan","Japan Rugby League One",NA,NA,NA,NA,NA
"Q7836149","Traverse Bay Blues Rugby Football Club","rugby union team",NA,NA,NA,NA,NA,NA,NA,NA,NA,NA,NA,NA,NA
"Q7837343","Trebanos RFC","rugby union club",NA,NA,NA,NA,NA,NA,"United Kingdom",NA,NA,NA,NA,NA,NA
"Q7837472","Tredegar Ironsides RFC","rugby union team","1946-01-01","1946-1-1",NA,NA,NA,NA,NA,NA,NA,NA,NA,NA,NA
"Q7837475","Tredegar RFC","rugby union team","1899-01-01","1899-1-1",NA,NA,NA,NA,NA,NA,NA,NA,NA,NA,NA
"Q7838651","Treorchy RFC","rugby union team","1886-01-01","1886-1-1",NA,NA,NA,NA,NA,NA,NA,NA,NA,NA,NA
"Q7841371","Trident (Miami) Rugby Football Club","rugby union team","1973-01-01","1973-1-1",NA,NA,NA,NA,"United States",NA,NA,NA,NA,NA,NA
"Q7842301","Trinant RFC","rugby union team","1956-01-01","1956-1-1",NA,NA,NA,NA,NA,NA,NA,NA,NA,NA,NA
"Q7842357","Tring Rugby","rugby union team","1963-01-01","1963-1-1",NA,NA,NA,NA,"United Kingdom",NA,NA,NA,NA,NA,NA
"Q7842559","Trinity Academicals RFC","rugby union club",NA,NA,NA,NA,NA,NA,"United Kingdom",NA,NA,NA,NA,NA,NA
"Q7845132","Trojans Rugby Club","rugby union club",NA,NA,NA,NA,NA,NA,"United Kingdom",NA,NA,NA,NA,NA,NA
"Q7845133","Trojans Rugby Football Club","rugby union team",NA,NA,NA,NA,NA,NA,"United States",NA,NA,NA,NA,NA,NA
"Q7851197","Tucumán Lawn Tennis Club","rugby union team","1915-04-14","1915-4-14",NA,NA,NA,NA,"Argentina",NA,NA,NA,"San Miguel de Tucumán",NA,NA
"Q7851645","Tuggeranong Vikings","rugby union team","1973-01-01","1973-1-1",NA,NA,NA,NA,"Australia",NA,NA,NA,NA,NA,NA
"Q7852225","Tullow RFC","rugby union team","1928-01-01","1928-1-1",NA,NA,NA,NA,NA,NA,NA,NA,NA,NA,NA
"Q7852548","Tumble RFC","rugby union team","1897-01-01","1897-1-1",NA,NA,"Y Piod",NA,NA,NA,NA,NA,NA,NA,NA
"Q7852849","Tunbridge Wells RFC","rugby union team","1931-01-01","1931-1-1",NA,NA,NA,NA,"United Kingdom",NA,NA,NA,NA,NA,NA
"Q7860287","Tylorstown RFC","rugby union team","1903-01-01","1903-1-1",NA,NA,NA,NA,NA,NA,NA,NA,NA,NA,NA
"Q7860518","Tynedale R.F.C.","rugby union team","1876-01-01","1876-1-1",NA,NA,NA,NA,"United Kingdom",NA,NA,NA,NA,NA,NA
"Q7863739","Club Deportivo UAI Urquiza","rugby union club","1950-01-01","1950-1-1",NA,NA,NA,NA,"Argentina",NA,"Monumental de Villa Lynch Stadium",NA,"Buenos Aires",NA,NA
"Q7866373","USC Trojans men's rugby","rugby union team","1886-01-01","1886-1-1",NA,NA,NA,NA,"United States",NA,NA,NA,NA,NA,NA
"Q786742","Guatemala national rugby union team","national rugby union team",NA,NA,NA,NA,NA,NA,"Guatemala",NA,NA,NA,NA,NA,NA
"Q7876134","UWIC RFC","rugby union team",NA,NA,NA,NA,NA,NA,"United Kingdom",NA,NA,NA,NA,NA,NA
"Q787890","Central Coast Waves","rugby union team","2006-01-01","2006-1-1",NA,NA,NA,NA,"Australia",NA,NA,NA,NA,NA,NA
"Q7879955","Ulster F.C.","rugby union team","1877-01-01","1877-1-1",NA,NA,NA,NA,"United Kingdom",NA,NA,NA,NA,NA,NA
"Q7880033","Ulster Titans","rugby union team","2007-01-01","2007-1-1",NA,NA,NA,NA,NA,NA,NA,NA,NA,NA,NA
"Q7884612","Uni-Norths Owls","rugby union team","1937-01-01","1937-1-1",NA,NA,NA,NA,"Australia",NA,NA,NA,NA,NA,NA
"Q7884831","Unidare RFC","rugby union team","1958-01-01","1958-1-1",NA,NA,NA,NA,NA,NA,NA,NA,NA,NA,NA
"Q7887855","United Hospitals Athletics Club","rugby union club","1867-01-01","1867-1-1",NA,NA,NA,NA,"United Kingdom",NA,NA,NA,NA,NA,NA
"Q7887857","United Hospitals RFC","rugby union team","1869-01-01","1869-1-1",NA,NA,NA,NA,"United Kingdom",NA,NA,NA,NA,NA,NA
"Q7889118","United Rugby Club","rugby union team",NA,NA,NA,NA,NA,NA,"Canada",NA,NA,NA,NA,NA,NA
"Q7889135","United Services Portsmouth Rugby Football Club","rugby union team","1882-01-01","1882-1-1",NA,NA,NA,NA,"United Kingdom",NA,NA,NA,NA,NA,NA
"Q7892604","United States national wheelchair rugby team","national rugby union team",NA,NA,NA,NA,NA,NA,"United States",NA,NA,NA,NA,NA,NA
"Q7894406","Universitario Rugby Club","rugby union club","1943-01-01","1943-1-1",NA,NA,NA,"Unión de Rugby de Tucumán","Argentina",NA,NA,NA,"San Miguel de Tucumán",NA,NA
"Q7894623","University College Galway R.F.C.","rugby union team",NA,NA,NA,NA,NA,NA,"Ireland",NA,NA,NA,NA,NA,NA
"Q7894991","University at Buffalo Rugby Football Club","rugby union club","1966-01-01","1966-1-1",NA,NA,NA,NA,"United States",NA,NA,NA,NA,NA,NA
"Q7895746","University of Miami Rugby Football Club","rugby union team","1989-01-01","1989-1-1",NA,NA,NA,NA,"United States",NA,"University of Miami",NA,NA,NA,NA
"Q7896354","University of St Andrews RFC","rugby union team","1858-01-01","1858-1-1",NA,NA,NA,NA,"United Kingdom",NA,NA,NA,"St Andrews",NA,NA
"Q7896402","University of Tasmania Rugby Union Club","rugby union team","1933-01-01","1933-1-1",NA,NA,NA,NA,"Australia",NA,NA,NA,NA,NA,NA
"Q7902009","Usk RFC","rugby union team","1874-01-01","1874-1-1",NA,NA,NA,NA,NA,NA,NA,NA,NA,NA,NA
"Q7902526","Utah Warriors","rugby union team","2010-01-01","2010-1-1",NA,NA,NA,NA,"United States",NA,NA,NA,"Herriman",NA,NA
"Q7903454","Uttoxeter Rugby Club","rugby union team","1982-01-01","1982-1-1",NA,NA,NA,NA,"United Kingdom",NA,NA,NA,NA,NA,NA
"Q7906633","VPC Andorra XV","rugby union team","1961-01-01","1961-1-1",NA,NA,"VPC; L'onada blava; L'equip tricolor",NA,"Andorra",NA,"Estadi Nacional",NA,"Andorra la Vella",NA,NA
"Q7907839","Vaasa RC","rugby union team",NA,NA,NA,NA,NA,NA,NA,NA,NA,NA,NA,NA,NA
"Q7908441","Vagabonds R.U.F.C.","rugby union club",NA,NA,NA,NA,NA,NA,"United Kingdom",NA,NA,NA,NA,NA,NA
"Q7909552","Vale of Lune RUFC","rugby union team","1900-01-01","1900-1-1",NA,NA,NA,NA,"United Kingdom",NA,NA,NA,NA,NA,NA
"Q7911961","Valletta Lions RFC","rugby union team","2008-01-01","2008-1-1",NA,NA,NA,NA,"Malta",NA,NA,NA,NA,NA,NA
"Q7912068","Valley Fort RFC","rugby union team","1978-01-01","1978-1-1",NA,NA,NA,NA,NA,NA,NA,NA,NA,NA,NA
"Q791369","Battai Bulldogok RK","rugby union team","1989-01-01","1989-1-1",NA,NA,NA,NA,"Hungary",NA,NA,NA,NA,NA,NA
"Q7914209","Vancouver Island Rising Tide","rugby union team",NA,NA,NA,NA,NA,NA,"Canada",NA,NA,NA,NA,NA,NA
"Q7914269","Vancouver Wave","rugby union team",NA,NA,NA,NA,NA,NA,"Canada",NA,NA,NA,NA,NA,NA
"Q7920692","Veor","rugby union team","1966-01-01","1966-1-1",NA,NA,NA,NA,"United Kingdom",NA,NA,NA,NA,NA,NA
"Q7928310","Vienna Celtic RFC","rugby union team","1978-01-01","1978-1-1",NA,NA,NA,NA,"Austria",NA,NA,NA,NA,NA,NA
"Q793219","Ayr RFC","rugby union club","1897-01-01","1897-1-1",NA,NA,NA,NA,"United Kingdom",NA,NA,NA,NA,NA,NA
"Q794479","Canada national under-20 rugby union team","rugby union team",NA,NA,NA,NA,NA,NA,"Canada",NA,NA,NA,NA,NA,NA
"Q7944866","Völgy Lovagjai Rögbi SE","rugby union team","2010-01-01","2010-1-1",NA,NA,NA,NA,"Hungary",NA,NA,NA,NA,NA,NA
"Q794910","Stormers","rugby union club","1996-01-01","1996-1-1",NA,NA,NA,NA,"South Africa",NA,"Newlands Stadium",NA,"Cape Town",NA,NA
"Q7959148","Wadebridge Camels","rugby union team","1955-01-01","1955-1-1",NA,NA,NA,NA,"United Kingdom",NA,NA,NA,NA,NA,NA
"Q7959925","Waid Academy FPRFC","rugby union team",NA,NA,NA,NA,NA,NA,NA,NA,NA,NA,NA,NA,NA
"Q7960032","Waikiwi Rugby Club","rugby union team",NA,NA,NA,NA,NA,NA,"New Zealand",NA,NA,NA,NA,NA,NA
"Q7960307","Wairarapa Bush Rugby Football Union","rugby union team","1971-01-01","1971-1-1",NA,NA,NA,NA,"New Zealand",NA,NA,NA,NA,NA,NA
"Q7960500","Waitemata Rugby Football and Sports Club","rugby union team",NA,NA,NA,NA,NA,NA,"New Zealand",NA,NA,NA,NA,NA,NA
"Q7961749","Wales A national rugby union team","second national rugby union teams",NA,NA,NA,NA,NA,NA,"United Kingdom",NA,NA,NA,NA,NA,NA
"Q7961831","Wales national under-18 rugby union team","rugby union team",NA,NA,NA,NA,NA,NA,"United Kingdom",NA,NA,NA,NA,NA,NA
"Q7961834","Wales national under-20 rugby union team","rugby union team",NA,NA,NA,NA,NA,NA,"United Kingdom",NA,NA,NA,NA,NA,NA
"Q7962353","Walkerburn RFC","rugby union team","1884-01-01","1884-1-1",NA,NA,NA,NA,NA,NA,NA,NA,NA,NA,NA
"Q7970819","Warriors RC","rugby union team",NA,NA,NA,NA,NA,NA,NA,NA,NA,NA,NA,NA,NA
"Q7971389","Waseda University Rugby Football Club","rugby union team","1918-01-01","1918-1-1",NA,NA,NA,NA,"Japan","Kanto University Tournament",NA,NA,NA,NA,NA
"Q7971989","Washington Irish R.F.C.","rugby union team",NA,NA,NA,NA,NA,NA,"United States",NA,NA,NA,NA,NA,NA
"Q7972155","Washington Renegades RFC","rugby union team","1998-01-01","1998-1-1",NA,NA,NA,NA,"United States",NA,NA,NA,NA,NA,NA
"Q7972726","Wasps FC","rugby union team","1867-01-01","1867-1-1",NA,NA,NA,NA,"United Kingdom",NA,NA,NA,"London",NA,NA
"Q7972728","Wasps Stabia Rugby","rugby union club","2006-01-01","2006-1-1",NA,NA,NA,NA,"Italy",NA,NA,NA,NA,NA,NA
"Q7974380","Waterpark RFC","rugby union club",NA,NA,NA,NA,NA,NA,"Ireland",NA,NA,NA,NA,NA,NA
"Q7975196","Waunarlwydd RFC","rugby union team","1900-01-01","1900-1-1",NA,NA,NA,NA,NA,NA,NA,NA,NA,NA,NA
"Q7979220","Wednesbury Rugby Club","rugby union club",NA,NA,NA,NA,NA,NA,"United Kingdom",NA,NA,NA,NA,NA,NA
"Q7982060","Welshpool RFC","rugby union team","1926-01-01","1926-1-1",NA,NA,NA,NA,NA,NA,NA,NA,NA,NA,NA
"Q7982151","Welwyn RFC","rugby union team","1931-01-01","1931-1-1",NA,NA,NA,NA,"United Kingdom",NA,NA,NA,NA,NA,NA
"Q7984569","West Bridgford RFC","rugby union team","1945-01-01","1945-1-1",NA,NA,NA,NA,"United Kingdom",NA,NA,NA,NA,NA,NA
"Q7985608","West Kent Football Club","rugby union club","1867-01-01","1867-1-1",NA,NA,NA,NA,"United Kingdom",NA,NA,NA,NA,NA,NA
"Q7986174","West Park St Helens","rugby union team","1947-01-01","1947-1-1",NA,NA,NA,NA,"United Kingdom",NA,NA,NA,NA,NA,NA
"Q7986289","West Potomac Rugby Football Club","rugby union team","1963-01-01","1963-1-1",NA,NA,NA,NA,"United States",NA,NA,NA,NA,NA,NA
"Q7987277","Westcliff RFC","rugby union team","1922-01-01","1922-1-1",NA,NA,NA,NA,"United Kingdom",NA,NA,NA,NA,NA,NA
"Q7987290","Westcombe Park RFC","rugby union club","1904-01-01","1904-1-1",NA,NA,NA,NA,"United Kingdom",NA,NA,NA,NA,NA,NA
"Q7987769","Western Crusaders","rugby union team",NA,NA,NA,NA,NA,NA,"Fiji",NA,NA,NA,NA,NA,NA
"Q7988423","Western Vikings R.U.F.C.","rugby union team","1989-01-01","1989-1-1",NA,NA,NA,NA,"United Kingdom",NA,NA,NA,NA,NA,NA
"Q7989329","Westmount Rugby Club","rugby union team","1876-01-01","1876-1-1",NA,NA,NA,NA,"Canada",NA,NA,NA,NA,NA,NA
"Q7989340","South Shields Westoe RFC","rugby union club",NA,NA,NA,NA,NA,NA,"United Kingdom",NA,NA,NA,NA,NA,NA
"Q7989385","Weston-super-Mare RFC","rugby union club",NA,NA,NA,NA,NA,NA,"United Kingdom",NA,NA,NA,NA,NA,NA
"Q7989609","Westport Rugby Football Club","rugby union team","1886-01-01","1886-1-1",NA,NA,NA,NA,"New Zealand",NA,NA,NA,NA,NA,NA
"Q7989652","Wests Lions","rugby union team","1962-01-01","1962-1-1",NA,NA,NA,NA,"Australia",NA,NA,NA,NA,NA,NA
"Q7990260","Wexford Wanderers RFC","rugby union team","1924-01-01","1924-1-1",NA,NA,NA,NA,NA,NA,NA,NA,NA,NA,NA
"Q7990676","Wharfedale R.U.F.C.","rugby union team","1923-01-01","1923-1-1",NA,NA,NA,NA,"United Kingdom",NA,NA,NA,NA,NA,NA
"Q7994208","Whitchurch RFC","rugby union club","1936-01-01","1936-1-1",NA,NA,NA,NA,"United Kingdom",NA,NA,NA,NA,NA,NA
"Q7996537","Whitland RFC","rugby union team",NA,NA,NA,NA,NA,NA,NA,NA,NA,NA,NA,NA,NA
"Q7998432","Wicklow RFC","rugby union team","1963-01-01","1963-1-1",NA,NA,NA,NA,NA,NA,NA,NA,NA,NA,NA
"Q7999546","Wigan R.U.F.C.","rugby union team","1913-01-01","1913-1-1",NA,NA,NA,NA,"United Kingdom",NA,NA,NA,NA,NA,NA
"Q8021000","Williams College Rugby Football","rugby union club",NA,NA,NA,NA,NA,NA,"United States",NA,NA,NA,NA,NA,NA
"Q8023527","Wimbledon RFC","rugby union club","1865-01-01","1865-1-1",NA,NA,NA,NA,"United Kingdom",NA,NA,NA,NA,NA,NA
"Q8024646","Windsor Lancers Rugby","rugby union team",NA,NA,NA,NA,NA,NA,NA,NA,NA,NA,NA,NA,NA
"Q8025722","Winnington Park","rugby union club",NA,NA,NA,NA,NA,NA,"United Kingdom",NA,NA,NA,NA,NA,NA
"Q8025917","Winscombe R.F.C.","rugby union team","1962-01-01","1962-1-1",NA,NA,NA,NA,"United Kingdom",NA,NA,NA,NA,NA,NA
"Q8026993","Wirral Rugby Club","rugby union team","1937-01-01","1937-1-1",NA,NA,NA,NA,"United Kingdom",NA,NA,NA,NA,NA,NA
"Q8027266","Wisconsin Rugby Club","rugby union team",NA,NA,NA,NA,NA,NA,"United States",NA,NA,NA,NA,NA,NA
"Q8032960","Woodlands Rugby Club","rugby union team",NA,NA,NA,NA,NA,NA,"New Zealand",NA,NA,NA,NA,NA,NA
"Q8035730","World Fighting Bull","rugby union team","1984-01-01","1984-1-1",NA,NA,NA,NA,"Japan",NA,NA,NA,NA,NA,NA
"Q8037228","Worthing Rugby Football Club","rugby union team","1920-01-01","1920-1-1",NA,NA,NA,NA,"United Kingdom",NA,NA,NA,NA,NA,NA
"Q8038123","Wrexham RFC","rugby union club",NA,NA,NA,NA,NA,NA,"United Kingdom",NA,NA,NA,NA,NA,NA
"Q8049284","Yardley & District RFC","rugby union team","1971-01-01","1971-1-1",NA,NA,NA,NA,"United Kingdom",NA,NA,NA,NA,NA,NA
"Q8054075","Ynysddu RFC","rugby union team","1894-01-01","1894-1-1",NA,NA,NA,NA,NA,NA,NA,NA,NA,NA,NA
"Q8054084","Ynysybwl RFC","rugby union team","1898-01-01","1898-1-1",NA,NA,NA,NA,NA,NA,NA,NA,NA,NA,NA
"Q8054609","Yokogawa Musashino Atlastars","rugby union team","1946-01-01","1946-1-1",NA,NA,NA,NA,NA,NA,NA,NA,NA,NA,NA
"Q8059792","Ystalyfera RFC","rugby union club",NA,NA,NA,NA,NA,NA,"United Kingdom",NA,NA,NA,NA,NA,NA
"Q8059803","Ystrad Rhondda RFC","rugby union team","1880-01-01","1880-1-1",NA,NA,NA,NA,NA,NA,NA,NA,NA,NA,NA
"Q8059808","Ystradgynlais RFC","rugby union team",NA,NA,NA,NA,NA,NA,NA,NA,NA,NA,NA,NA,NA
"Q8072048","Zimbabwe national under-20 rugby union team","rugby union team",NA,NA,NA,NA,NA,NA,"Zimbabwe",NA,NA,NA,NA,NA,NA
"Q807749","Barbarian FC","rugby union club","1890-01-01","1890-1-1",NA,NA,"Baa-Baas",NA,"United Kingdom",NA,NA,NA,NA,NA,NA
"Q8080233","İstanbul Ottomans","rugby union team",NA,NA,NA,NA,NA,NA,"Turkey",NA,NA,NA,NA,NA,NA
"Q8085937","Limpopo Blue Bulls","rugby union team",NA,NA,NA,NA,NA,NA,"South Africa",NA,NA,NA,NA,NA,NA
"Q810436","Basque Korsarioak","rugby union team","2009-01-01","2009-1-1",NA,NA,NA,NA,"Spain",NA,"Miniestadio de Anoeta",NA,NA,NA,"121gpnfq"
"Q810786","Bath Rugby","rugby union club","1865-01-01","1865-1-1",NA,NA,NA,"Rugby Football Union","United Kingdom","Premiership Rugby","Recreation Ground","14509","Bath","bath",NA
"Q813956","Bedwas RFC","rugby union club","1885-01-01","1885-1-1",NA,NA,NA,NA,"United Kingdom",NA,NA,NA,NA,NA,NA
"Q8196040","Almallo Rugby Clube Ferrol","rugby union team","1997-01-01","1997-1-1",NA,NA,NA,NA,"Spain",NA,NA,NA,"Ferrol",NA,NA
"Q820052","RC Leipzig","rugby union team","2003-01-01","2003-1-1",NA,NA,NA,NA,"Germany","Rugby-Bundesliga",NA,NA,"Leipzig",NA,NA
"Q82216","Dragons","rugby union club","2003-01-01","2003-1-1",NA,NA,NA,NA,"Wales","United Rugby Championship","Rodney Parade","9097",NA,NA,NA
"Q822335","Hamburger RC","rugby union club","1950-01-01","1950-1-1",NA,NA,NA,NA,"Germany","Rugby-Bundesliga",NA,NA,NA,NA,NA
"Q822616","SC Germania List","rugby union club","1900-01-01","1900-1-1",NA,NA,NA,NA,"Germany","2. Rugby-Bundesliga",NA,NA,"Hanover",NA,NA
"Q822877","Wales national rugby union team","national rugby union team","1881-02-19","1881-2-19",NA,NA,"The Red Dragons",NA,"United Kingdom",NA,"Millennium Stadium",NA,"Cardiff",NA,NA
"Q822920","Stahl Hennigsdorf Rugby","rugby union club","1948-01-01","1948-1-1",NA,NA,NA,NA,"Germany",NA,NA,NA,"Hennigsdorf",NA,NA
"Q828527","RK 03 Berlin","rugby union team","2003-01-01","2003-1-1",NA,NA,NA,NA,"Germany","Rugby-Bundesliga","Stadium Buschallee",NA,NA,NA,NA
"Q831529","DRC Hannover","rugby union club","1905-01-01","1905-1-1",NA,NA,NA,NA,"Germany","2. Rugby-Bundesliga",NA,NA,NA,NA,NA
"Q832774","Heidelberger TV","rugby union club","1846-01-01","1846-1-1",NA,NA,NA,NA,"Germany","Rugby-Bundesliga",NA,NA,"Heidelberg",NA,NA
"Q833432","DSV 78 Hannover","rugby union club","1878-01-01","1878-1-1",NA,NA,NA,NA,"Germany","Rugby-Bundesliga",NA,NA,"Hanover",NA,NA
"Q834120","SC Neuenheim","rugby union club","1902-01-01","1902-1-1",NA,NA,NA,NA,"Germany","Rugby-Bundesliga",NA,NA,NA,NA,NA
"Q8347000","Estudiantes de Paraná","rugby union club","1905-05-05","1905-5-5",NA,NA,NA,"Entre Ríos Rugby Union","Argentina","Torneo del Litoral",NA,NA,"Paraná",NA,NA
"Q8347049","Club Deportivo Arquitectura","rugby union club","1931-01-01","1931-1-1",NA,NA,NA,NA,"Spain",NA,NA,NA,NA,NA,"123b8_k_"
"Q8347100","Club Deportivo Zalaeta","rugby union team","1982-01-01","1982-1-1",NA,NA,NA,NA,"Spain",NA,NA,NA,"A Coruña",NA,NA
"Q8347180","Club de Regatas Resistencia","rugby union club","1920-01-01","1920-1-1",NA,NA,NA,NA,"Argentina",NA,NA,NA,"Resistencia",NA,"1hh_rtf0z"
"Q83558260","Ceibos Rugby","rugby union team","2019-01-01","2019-1-1","2023-01-01","2023-1-1",NA,NA,"Argentina","Super Liga Americana de Rugby",NA,NA,"Córdoba",NA,"11frs28f9k"
"Q83864890","Peñarol Rugby","rugby union team","2020-01-01","2020-1-1",NA,NA,NA,NA,"Uruguay","Super Liga Americana de Rugby","Estadio Charrúa",NA,NA,NA,"11frqwfzq9"
"Q83867801","Yacare XV","rugby union team","2019-01-01","2019-1-1",NA,NA,NA,NA,"Paraguay","Super Liga Americana de Rugby",NA,NA,"Asunción",NA,"11frs2ch_f"
"Q8417960","Rugby Club Hilversum","rugby union club",NA,NA,NA,NA,NA,NA,"Netherlands",NA,NA,NA,NA,NA,"1tj51t9p"
"Q841966","Swansea RFC","rugby union club","1872-01-01","1872-1-1",NA,NA,"The Whites",NA,"United Kingdom",NA,"St. Helen's Rugby and Cricket Ground","10000",NA,NA,NA
"Q842510","Cardiff RFC","rugby union team","1876-01-01","1876-1-1",NA,NA,NA,NA,"United Kingdom","Welsh Premier Division","Cardiff Arms Park",NA,"Cardiff",NA,NA
"Q8430339","Jockey Club Córdoba","rugby union club","1887-01-01","1887-1-1",NA,NA,NA,"Unión Cordobesa de Rugby","Argentina",NA,NA,NA,"Córdoba",NA,NA
"Q84348017","Selknam","rugby union team",NA,NA,NA,NA,NA,NA,"Chile",NA,NA,NA,NA,NA,"11j7vj9gcn"
"Q855496","Biarritz Olympique","rugby union club","1913-01-01","1913-1-1",NA,NA,NA,NA,"France","Pro D2","Parc des Sports Aguiléra",NA,"Biarritz",NA,NA
"Q8563923","Flores Athletic Club","rugby union club","1893-01-01","1893-1-1","1907-01-01","1907-1-1",NA,NA,"Argentina",NA,"Flores Old Ground",NA,"Caballito",NA,NA
"Q8565341","France amateur national rugby union team","national rugby union team",NA,NA,NA,NA,NA,NA,"France",NA,NA,NA,NA,NA,NA
"Q85745453","Barkers Butts RFC","rugby union club",NA,NA,NA,NA,NA,NA,"United Kingdom",NA,NA,NA,NA,NA,"11h4nhjp42"
"Q85746695","Berry Hill RFC","rugby union club",NA,NA,NA,NA,NA,NA,"United Kingdom",NA,NA,NA,NA,NA,"11hz9hyc7m"
"Q85748766","Brazil national under-20 rugby union team","rugby union team",NA,NA,NA,NA,NA,NA,"Brazil",NA,NA,NA,NA,NA,"11hz6pmt7f"
"Q85754086","Cobras Brasil XV","rugby union team","2021-01-01","2021-1-1",NA,NA,NA,NA,"Brazil",NA,NA,NA,NA,NA,"11j2ltspk8"
"Q85758377","East of Scotland District","rugby union team",NA,NA,NA,NA,NA,NA,NA,NA,NA,NA,NA,NA,"11j84w5rs5"
"Q85788038","Nauru national rugby union team","national rugby union team",NA,NA,NA,NA,NA,NA,"Nauru",NA,NA,NA,NA,NA,"11fn0jcl6x"
"Q85803557","Stockton RFC","rugby union club",NA,NA,NA,NA,NA,NA,"United Kingdom",NA,NA,NA,NA,NA,"11h91cyjr1"
"Q85805120","Tamworth Rugby Union Sporting Club","rugby union club",NA,NA,NA,NA,NA,NA,"Australia",NA,NA,NA,NA,NA,"11h5mkmtrr"
"Q85814471","Warriston RFC","rugby union club",NA,NA,NA,NA,NA,NA,"United Kingdom",NA,NA,NA,NA,NA,"11fs93ncmz"
"Q85815139","West of Scotland District","rugby union team",NA,NA,NA,NA,NA,NA,NA,NA,NA,NA,NA,NA,"11fs8r_571"
"Q85845658","Cincinnati Rugby Football Club","rugby union club","1974-01-01","1974-1-1",NA,NA,NA,NA,"United States",NA,NA,NA,"Cincinnati",NA,"11h8f4m8p3"
"Q85846875","Palmer College Rugby Football Club","rugby union club","1960-01-01","1960-1-1",NA,NA,NA,NA,"United States","Midwest Rugby Premiership",NA,NA,"Davenport",NA,"11fpqw_cjy"
"Q85847905","University of Birmingham Medical School RFC","rugby union club",NA,NA,NA,NA,NA,NA,"United Kingdom",NA,NA,NA,NA,NA,"11h4w77kyt"
"Q85883346","Hanazono University Rugby Football Club","rugby union team",NA,NA,NA,NA,NA,NA,"Japan",NA,NA,NA,NA,NA,"11frs291tc"
"Q86661679","Union sportive de Vinay","rugby union team",NA,NA,NA,NA,NA,NA,"France",NA,NA,NA,"Vinay",NA,"11fp0bg12h"
"Q86668392","Stade montluçonnais","rugby union team","1941-01-01","1941-1-1","2005-01-01","2005-1-1",NA,NA,"France",NA,NA,NA,"Montluçon",NA,"11h_cd45w4"
"Q86674018","Union montilienne sportive rugby","rugby union team",NA,NA,NA,NA,NA,NA,"France",NA,NA,NA,"Montélimar",NA,"11fp3rpdxz"
"Q86682258","AS Roanne","rugby union team","1925-01-01","1925-1-1",NA,NA,NA,NA,"France",NA,NA,NA,"Roanne",NA,"11fqd6p8nc"
"Q869651","TSV Victoria Linden","rugby union club","1900-01-01","1900-1-1",NA,NA,NA,NA,"Germany","2. Rugby-Bundesliga",NA,NA,NA,NA,NA
"Q870753","Rudergesellschaft Heidelberg 1898","rugby union team","1898-01-01","1898-1-1",NA,NA,NA,NA,"Germany","Rugby-Bundesliga","Fritz-Grunebaum-Sportpark","5000","Heidelberg",NA,NA
"Q881070","Blagnac SCR","rugby union team","1922-01-01","1922-1-1",NA,NA,NA,NA,"France",NA,NA,NA,"Blagnac",NA,NA
"Q88288356","Union athlétique saverdunoise","rugby union team","1932-01-01","1932-1-1",NA,NA,NA,NA,"France",NA,NA,NA,"Saverdun",NA,"11jf9s9fsc"
"Q885646","Blue Bulls","rugby union team","1938-01-01","1938-1-1",NA,NA,NA,"South African Rugby Union","South Africa","Currie Cup","Loftus Versfeld Stadium","51762","Pretoria",NA,NA
"Q88870110","Amicale sportive bortoise","rugby union team","1904-01-01","1904-1-1",NA,NA,NA,NA,"France",NA,NA,NA,"Bort-les-Orgues",NA,"11jfcchwjh"
"Q89193963","Union sportive Côte Vermeille","rugby union team","1901-01-01","1901-1-1",NA,NA,NA,NA,"France",NA,NA,NA,"Port-Vendres",NA,"11ft8y50sf"
"Q893414","Border Reivers","defunct rugby union club","1999-01-01","1999-1-1","2007-01-01","2007-1-1",NA,NA,"United Kingdom",NA,NA,NA,NA,NA,NA
"Q894098","Boroughmuir RFC","rugby union club","1919-01-01","1919-1-1",NA,NA,NA,"Scottish Rugby Union","United Kingdom","Super 6","Meggetland Sports Complex","3000",NA,NA,NA
"Q89426327","Rugby club Auch","rugby union team","2017-06-12","2017-6-12",NA,NA,NA,"French Rugby Federation","France",NA,"Stade du Moulias",NA,"Auch",NA,"11j5q58snb"
"Q89480381","Clamart Rugby 92","rugby union team",NA,NA,NA,NA,NA,NA,"France","French rugby union regional 1 championship",NA,NA,"Clamart",NA,"11jfld0t6b"
"Q8963652","Gaztedi RT","rugby union team",NA,NA,NA,NA,NA,NA,"Spain",NA,NA,NA,NA,NA,"121fwdz5"
"Q896965","Bradford (Park Avenue) A.F.C.","rugby union team","1907-01-01","1907-1-1",NA,NA,"The Green Army",NA,"United Kingdom",NA,"Horsfall Stadium",NA,"Bradford",NA,NA
"Q9021861","CR Les Abelles","rugby union team","1971-01-01","1971-1-1",NA,NA,"Abejorros",NA,"Spain","División de Honor de Rugby",NA,NA,NA,NA,NA
"Q9023423","Lobo Bravo Rugby","rugby union club",NA,NA,NA,NA,NA,NA,"Brazil",NA,NA,NA,NA,NA,NA
"Q9064639","Pueyrredón Rugby Club","rugby union club",NA,NA,NA,NA,NA,NA,"Argentina",NA,NA,NA,NA,NA,"12214hzvn"
"Q910657","Newcastle Falcons","rugby union club","1877-01-01","1877-1-1",NA,NA,"The Falcons","Rugby Football Union","United Kingdom","RFU Championship","Kingston Park","10200",NA,"newcastle",NA
"Q91253260","Jeunesse sportive riscloise","rugby union team",NA,NA,NA,NA,NA,NA,"France",NA,NA,NA,"Riscle",NA,"11jg1s35b7"
"Q915507","Western Force","rugby union franchise","2005-01-01","2005-1-1",NA,NA,NA,NA,"Australia",NA,"Perth Rectangular Stadium",NA,"Perth",NA,NA
"Q917973","Bristol Bears","rugby union club","1888-01-01","1888-1-1",NA,NA,NA,"Rugby Football Union","United Kingdom","Premiership Rugby","Ashton Gate Stadium","21497","Bristol","bristol",NA
"Q9181375","Budowlani Łódź (rugby union)","rugby union club","1968-01-01","1968-1-1",NA,NA,NA,NA,"Poland",NA,NA,NA,"Łódź",NA,NA
"Q920928","England national under-20 rugby union team","rugby union team",NA,NA,NA,NA,NA,NA,"United Kingdom",NA,NA,NA,NA,NA,NA
"Q922496","Club Atlético San Isidro","rugby union club","1902-01-01","1902-1-1",NA,NA,NA,NA,"Argentina",NA,"Club Atlético San Isidro Stadium",NA,"San Isidro",NA,NA
"Q928517","Sale Sharks","rugby union club","1861-01-01","1861-1-1",NA,NA,NA,NA,"United Kingdom","Premiership Rugby","Salford City Stadium","11500","Salford","sale",NA
"Q930661","Hawick RFC","rugby union team","1873-01-01","1873-1-1",NA,NA,NA,NA,"United Kingdom","Scottish Premiership Division Two",NA,NA,NA,NA,NA
"Q930719","Yenisey-STM Krasnoyarsk","rugby union club","1975-01-01","1975-1-1",NA,NA,"тяжелая машина","Rugby Union of Russia","Russia","Russian Rugby Championship",NA,NA,NA,NA,NA
"Q93110757","Servette Rugby Club de Genève","rugby union team","2014-01-01","2014-1-1",NA,NA,NA,NA,"Switzerland",NA,NA,NA,"Geneva",NA,"11ggb2syyc"
"Q932889","Hong Kong national rugby union team","national rugby union team","1969-03-09","1969-3-9",NA,NA,"Dragons",NA,"People's Republic of China",NA,NA,NA,NA,NA,NA
"Q9338136","Skra Warszawa Rugby","rugby union team",NA,NA,NA,NA,NA,NA,"Poland",NA,NA,NA,NA,NA,"1215cmtx"
"Q93441437","Rugby Club Courbevoie","rugby union team",NA,NA,NA,NA,NA,NA,"France",NA,"Q31062868",NA,NA,NA,NA
"Q9353727","TJ Sokol Mariánské Hory","rugby union team","1947-01-01","1947-1-1",NA,NA,NA,NA,"Czech Republic",NA,NA,NA,NA,NA,NA
"Q936108","Maesteg RFC","rugby union team","1877-01-01","1877-1-1",NA,NA,NA,NA,"Wales",NA,"Llynfi Road","1100",NA,NA,NA
"Q93928","Valorugby Emilia","rugby union club","1945-01-01","1945-1-1",NA,NA,"I Diavoli","Italian Rugby Federation","Italy",NA,"Stadio Mirabello","4400","Reggio Emilia",NA,NA
"Q940179","Clontarf FC","rugby union team","1876-01-01","1876-1-1",NA,NA,NA,NA,"Ireland","All-Ireland League",NA,NA,NA,NA,NA
"Q942653","São Paulo Athletic Club","rugby union club","1888-01-01","1888-1-1",NA,NA,NA,NA,"Brazil",NA,NA,NA,NA,NA,NA
"Q942915","Madrid Gatos","rugby union team","2009-01-01","2009-1-1",NA,NA,NA,NA,"Spain",NA,NA,NA,NA,NA,"120rrq8z"
"Q942928","Catalunya Blaus Almogàvers","rugby union team","2009-01-01","2009-1-1",NA,NA,NA,NA,"Spain",NA,"Baldiri Aleu Stadium",NA,NA,NA,"1237vwn8"
"Q942941","FC Seville de Andalucía","rugby union team","2009-01-01","2009-1-1",NA,NA,NA,NA,"Spain",NA,"Estadio de La Cartuja",NA,NA,NA,"121fwdtr"
"Q942962","La Vila Mariners","rugby union club","2009-01-01","2009-1-1",NA,NA,NA,NA,"Spain",NA,NA,NA,NA,NA,"122152hm"
"Q942999","Vacceos Cavaliers","rugby union team","2009-01-01","2009-1-1",NA,NA,NA,NA,"Spain",NA,"Estadio Pepe Rojo",NA,NA,NA,"122152ql"
"Q945016","Scotland national rugby union team","national rugby union team","1871-03-27","1871-3-27",NA,NA,NA,NA,"United Kingdom",NA,NA,NA,NA,"scotland",NA
"Q946174","Eswatini national rugby union team","national rugby union team",NA,NA,NA,NA,NA,NA,"Eswatini",NA,NA,NA,NA,NA,NA
"Q948693","Asociación Alumni","rugby union club","1951-01-01","1951-1-1",NA,NA,NA,"Unión de Rugby de Buenos Aires","Argentina","URBA Top 12",NA,NA,"Tortuguitas",NA,NA
"Q949807","Southern Kings","rugby union club","2009-01-01","2009-1-1",NA,NA,NA,NA,"South Africa",NA,"Nelson Mandela Bay Stadium",NA,"Gqeberha",NA,NA
"Q950674","Zebre","rugby union franchise","2012-01-01","2012-1-1",NA,NA,"il XV del Nord-Ovest","Italian Rugby Federation","Italy","United Rugby Championship","Stadio Sergio Lanfranchi","5000","Parma","zebre",NA
"Q95115354","Libelluli Rugby Football Club","rugby union team","1990-01-01","1990-1-1",NA,NA,NA,NA,"Italy",NA,NA,NA,NA,NA,NA
"Q951242","Provence Rugby","rugby union team","1970-01-01","1970-1-1",NA,NA,NA,NA,"France","Pro D2","stade Maurice-David",NA,"stade Maurice-David","provence-rugby",NA
"Q952709","CA Périgueux","rugby union team","1901-01-01","1901-1-1",NA,NA,NA,NA,"France",NA,"Stade Francis-Rongiéras",NA,"Périgueux",NA,NA
"Q953455","Czechoslovakia national rugby union team","national rugby union team","1927-05-22","1927-5-22","1992-11-15","1992-11-15",NA,NA,"Czechoslovakia",NA,NA,NA,NA,NA,NA
"Q953823","Otley R.U.F.C.","rugby union team","1865-01-01","1865-1-1",NA,NA,NA,NA,"United Kingdom",NA,NA,NA,NA,NA,NA
"Q95565441","Narvskaya Zastava Rugby Club","rugby union club",NA,NA,NA,NA,NA,NA,"Russia",NA,NA,NA,"Saint Petersburg",NA,"11ft3v_fjz"
"Q956805","Celtic Warriors","defunct rugby union club","2003-01-01","2003-1-1","2004-01-01","2004-1-1",NA,NA,"United Kingdom",NA,"Brewery Field",NA,NA,NA,NA
"Q957849","Canada East","rugby union team","2006-01-01","2006-1-1",NA,NA,NA,NA,"Canada",NA,NA,NA,NA,NA,NA
"Q959351","Belgrano de San Nicolás","rugby union club","1927-01-01","1927-1-1",NA,NA,NA,NA,"Argentina",NA,NA,NA,NA,NA,NA
"Q959847","Crusaders","rugby union franchise","1996-01-01","1996-1-1",NA,NA,NA,NA,"New Zealand","Super Rugby","Rugby League Park",NA,"Christchurch",NA,NA
"Q96071617","LA Giltinis","rugby union team",NA,NA,NA,NA,NA,NA,"United States",NA,NA,NA,NA,NA,"11j6schclj"
"Q96073676","Dallas Jackals","rugby union team",NA,NA,NA,NA,NA,NA,"United States",NA,NA,NA,NA,NA,"11jn3hn0fn"
"Q96147221","Netherlands national under-20 rugby union team","rugby union team",NA,NA,NA,NA,NA,NA,"Netherlands",NA,NA,NA,NA,NA,"11h5vk98_w"
"Q96240634","France national under-17 rugby union team","rugby union team",NA,NA,NA,NA,NA,NA,NA,NA,NA,NA,NA,NA,NA
"Q96283181","Étoile sportive gimontoise rugby","rugby union team",NA,NA,NA,NA,NA,NA,"France",NA,NA,NA,"Gimont",NA,"11jcfylj7_"
"Q96356436","Club de Rugbi Bonanova","rugby union team","1969-01-01","1969-1-1","2001-01-01","2001-1-1",NA,NA,"Spain",NA,"Camp Municipal de Rugby La Foixarda",NA,NA,NA,NA
"Q96356605","Club de Rugby Majadahonda","rugby union team","1991-01-01","1991-1-1",NA,NA,NA,NA,"Spain",NA,NA,NA,"Majadahonda",NA,NA
"Q96371391","Aberdeen Nomads RFC","rugby union club",NA,NA,NA,NA,NA,NA,"United Kingdom",NA,NA,NA,NA,NA,"11j5hn32t6"
"Q96372319","Ardrossan Castle Foot-Ball Club","defunct rugby union club",NA,NA,NA,NA,NA,NA,"United Kingdom",NA,NA,NA,NA,NA,"11fwc1bn0h"
"Q96373062","Bandon R.F.C.","rugby union club",NA,NA,NA,NA,NA,NA,"Ireland",NA,NA,NA,NA,NA,"11fsw4g8sl"
"Q96374913","China Lions","rugby union club",NA,NA,NA,NA,NA,NA,NA,NA,NA,NA,NA,NA,"11j91_g28l"
"Q96375057","Cities District","rugby union team",NA,NA,NA,NA,NA,NA,NA,NA,NA,NA,NA,NA,"11j3735b49"
"Q96375642","Cranbrook RFC","rugby union club",NA,NA,NA,NA,NA,NA,"United Kingdom",NA,NA,NA,NA,NA,"11jg8qpwzz"
"Q96379929","Greenock Osborne F.C.","rugby union club",NA,NA,NA,NA,NA,NA,NA,NA,NA,NA,NA,NA,"11fwpb13wx"
"Q96391639","Malaysia Valke","rugby union club",NA,NA,NA,NA,NA,NA,"Malaysia",NA,NA,NA,NA,NA,"11ft3vwvd6"
"Q96394258","Muddy York RFC","rugby union club",NA,NA,NA,NA,NA,NA,NA,NA,NA,NA,NA,NA,"11j6tw3mzl"
"Q96397933","Oxford Brookes University Rugby Football Club","rugby union club",NA,NA,NA,NA,NA,NA,"United Kingdom",NA,NA,NA,NA,NA,"11fw_ffkdq"
"Q96398205","Paisley Football and Shinty Club","rugby union club",NA,NA,NA,NA,NA,NA,NA,NA,NA,NA,NA,NA,"11j6tw3sm1"
"Q96400361","Provinces District","rugby union club",NA,NA,NA,NA,NA,NA,"United Kingdom",NA,NA,NA,NA,NA,"11j376313r"
"Q9641","Saracens F.C.","rugby union club","1876-01-01","1876-1-1",NA,NA,"The Sarries; The Men in Black","Rugby Football Union","United Kingdom","Premiership Rugby","Barnet Copthall","10000","Hendon","saracens",NA
"Q96418948","Michigan RFC","rugby union club",NA,NA,NA,NA,NA,NA,NA,NA,NA,NA,NA,NA,"11jnt6jb2v"
"Q964957","Castres Olympique","rugby union club","1906-01-01","1906-1-1",NA,NA,NA,"French Rugby Federation","France","Top 14","Stade Pierre-Fabre",NA,"Labruguière",NA,NA
"Q9663312","Braga Rugby","rugby union team","2010-01-01","2010-1-1",NA,NA,NA,NA,"Portugal",NA,NA,NA,"Braga",NA,NA
"Q967505","Romania national rugby union team","national rugby union team","1919-07-01","1919-7-1",NA,NA,"Stejarii",NA,"Romania",NA,NA,NA,NA,NA,NA
"Q969462","Rugby Roma","rugby union club","1930-01-01","1930-1-1","2011-01-01","2011-1-1",NA,"Italian Rugby Federation","Italy","Serie A",NA,NA,NA,NA,NA
"Q97162969","York RUFC","rugby union club",NA,NA,NA,NA,NA,NA,"United Kingdom",NA,NA,NA,NA,NA,"11j_v9f1mz"
"Q97177935","Chicken Rugby","rugby union team",NA,NA,NA,NA,NA,NA,"Italy",NA,NA,NA,"Rozzano",NA,"11fv40jc3p"
"Q97180206","Ragbi klub Dorćol","rugby union team",NA,NA,NA,NA,NA,NA,"Serbia",NA,NA,NA,NA,NA,"11jg4r5cn2"
"Q971837","Tunisia national rugby union team","national rugby union team","1976-01-01","1976-1-1",NA,NA,"Aigles de Carthage",NA,"Tunisia",NA,"Stade Mustapha Ben Jannet","20000",NA,NA,NA
"Q97196490","ESC BAC ASP","rugby union club","1968-05-01","1968-5-1",NA,NA,NA,NA,"France",NA,NA,NA,NA,NA,"11j94fsqy3"
"Q97356777","San Diego State Aztecs rugby","rugby union team",NA,NA,NA,NA,NA,NA,"United States",NA,NA,NA,NA,NA,"11jp0fmjd1"
"Q97368682","Saint-Priest rugby","rugby union team",NA,NA,NA,NA,NA,NA,"France",NA,NA,NA,"Saint-Priest",NA,NA
"Q97491457","XV du Coudon","rugby union team","1965-01-01","1965-1-1",NA,NA,NA,NA,"France",NA,NA,NA,"La Valette-du-Var",NA,"11k0qtx7rz"
"Q975674","Jockey Club de Rosario","rugby union club","1900-09-18","1900-9-18",NA,NA,NA,NA,"Argentina",NA,NA,NA,"Rosario",NA,NA
"Q97861229","Kanaloa Hawai’i","rugby union team",NA,NA,NA,NA,NA,NA,NA,NA,NA,NA,NA,NA,NA
"Q979797","Rugby Rovigo","rugby union team","1935-01-01","1935-1-1",NA,NA,"I Rossoblu; I Bersaglieri","Italian Rugby Federation","Italy","Serie A Élite","Stadio Comunale Mario Battaglini","5500",NA,NA,NA
"Q98462471","Union sportive Coarraze Nay rugby","rugby union team","1962-03-12","1962-3-12",NA,NA,NA,NA,"France",NA,NA,NA,"Nay",NA,"11jx604f41"
"Q98539235","VfR Döhren","rugby union team","2007-01-01","2007-1-1","2020-01-01","2020-1-1",NA,NA,NA,NA,NA,NA,NA,NA,NA
"Q98734347","Landarbaso Rugby Taldea","rugby union team","2019-01-01","2019-1-1",NA,NA,NA,NA,"Spain",NA,NA,NA,NA,NA,NA
"Q99206112","Club Italiano","rugby union club","1898-01-01","1898-1-1",NA,NA,NA,NA,"Argentina",NA,NA,NA,"Caballito",NA,NA
"Q99469829","Oulu Rugby Club","rugby union team",NA,NA,NA,NA,NA,NA,"Finland",NA,NA,NA,NA,NA,NA
