"wikidataId","fullName","itName","height","weight","positions","positionsWP","birthCountry","sportCountry","currentTeamWP"
"Q207","George W. Bush","George W. Bush",NA,NA,NA,NA,NA,NA,NA
"Q5809","Ernesto Guevara","Ernesto Che Guevara",NA,NA,NA,NA,NA,NA,NA
"Q7571","Patricio Albacete","Patricio Albacete",200,115,"2nd Row",NA,"Argentina",NA,NA
"Q12940","Jacques Chaban-Delmas","Jacques Chaban-Delmas",NA,NA,NA,NA,NA,NA,NA
"Q18455","Ben Tune","Ben Tune",185,96,"Utility Back",NA,"Australia",NA,NA
"Q26037","Quade Cooper","Quade Cooper",186,92,"Fly-Half",NA,"New Zealand","Australia",NA
"Q31193","Ben Smith","Ben Smith",185,95,"Utility Back",NA,"New Zealand",NA,NA
"Q46223","Stephen Hoiles","Stephen Hoiles",190,101,"Number 8",NA,"Australia",NA,"/wiki/Randwick_District_Rugby_Union_Football_Club"
"Q71268","Hugo Betting","Hugo Betting",NA,NA,"Fly-Half",NA,"Germany",NA,NA
"Q72185","Manu Tuilagi","Manu Tuilagi",185,110,"Centre",NA,"Samoa","England","/wiki/Aviron_Bayonnais_Rugby_Pro"
"Q75480","Marco Platania","Marco Platania",180,88,"Centre",NA,"Italy",NA,NA
"Q76869","Toby Flood","Toby Flood",188,92,"Utility Back",NA,"Great Britain","England",NA
"Q86108","Clemens von Grumbkow","Clemens von Grumbkow",191,102,"Winger",NA,"Germany","Germany",NA
"Q94144","Massimo Ravazzolo","Massimo Ravazzolo",190,95,"Winger",NA,"Italy",NA,NA
"Q94780","Joe Rokocoko","Joe Rokocoko",189,104,"Winger",NA,"Fiji","New Zealand",NA
"Q106775","Richard Harris","Richard Harris",NA,NA,NA,NA,"Ireland",NA,NA
"Q113526","Adriaan Strauss","Adriaan Strauss",185,110,"Hooker",NA,"South Africa",NA,NA
"Q127613","Patrick Lambie","Patrick Lambie",178,92,"Utility Back",NA,"South Africa",NA,NA
"Q127618","Chris Ashton","Chris Ashton",183,92,"Winger; Fullback",NA,"Great Britain","England",NA
"Q134895","Javier Bardem",NA,NA,NA,NA,NA,NA,NA,NA
"Q135385","Israel Dagg","Israel Dagg",185,95,"Fullback",NA,"New Zealand",NA,NA
"Q138586","Gurthrö Steenkamp","Gurthrö Steenkamp",189,122,"Prop",NA,"South Africa",NA,NA
"Q138722","Stephen Donald","Stephen Donald",191,99,"Fly-Half",NA,"New Zealand",NA,NA
"Q147338","Morris Kirksey","Morris Kirksey",178,77,NA,NA,"U.S.A.",NA,NA
"Q151533","Sam Whitelock","Sam Whitelock",203,114,"2nd Row",NA,"New Zealand",NA,"/wiki/Section_Paloise"
"Q151572","Victor Vito","Victor Vito",193,109,"Number 8",NA,"New Zealand",NA,"/wiki/Stade_rochelais"
"Q165701","Ali Williams","Ali Williams",203,112,"2nd Row",NA,"New Zealand",NA,NA
"Q166094","Zane Kirchner","Zane Kirchner",185,92,"Fullback",NA,"South Africa",NA,NA
"Q168675","Francois Pienaar","François Pienaar",191,108,"Flanker",NA,"South Africa",NA,NA
"Q172174","Guy Ligier","Guy Ligier",NA,NA,NA,NA,"France",NA,NA
"Q176596","Clive Rowlands","Clive Rowlands",NA,NA,"Scrum-Half",NA,"Great Britain","Wales",NA
"Q181263","François Steyn","François Steyn",191,100,"Utility Back",NA,"South Africa",NA,"/wiki/Free_State_Cheetahs"
"Q182609","Jacques Rogge","Jacques Rogge",NA,NA,NA,NA,NA,NA,NA
"Q188309","Sergio Parisse","Sergio Parisse",196,110,"Number 8",NA,"Argentina","Italy",NA
"Q193926","Aaron Cruden","Aaron Cruden",178,84,"Fly-Half",NA,"New Zealand",NA,NA
"Q194026","Jimmy Cowan","Jimmy Cowan",185,92,"Scrum-Half",NA,"New Zealand",NA,"/wiki/Gloucester_Rugby"
"Q200427","Dimitri Szarzewski","Dimitri Szarzewski",185,106,"Hooker",NA,"France",NA,NA
"Q205288","Zinzan Brooke","Zinzan Brooke",190,99,"Number 8",NA,"New Zealand",NA,NA
"Q207709","Roland Garros","Roland Garros",NA,NA,NA,NA,NA,NA,NA
"Q209365","Richie Gray","Richie Gray",207,120,"2nd Row",NA,"Great Britain","Scotland",NA
"Q221074","Bud Spencer","Carlo Pedersoli",192,125,NA,NA,"Italy",NA,NA
"Q261477","Gareth Llewellyn","Gareth Llewellyn",198,114,"2nd Row",NA,"Wales",NA,"/wiki/Bristol_Rugby"
"Q276102","Jean de Villiers","Jean de Villiers",191,100,"Centre",NA,"South Africa",NA,NA
"Q281187","George Chuter","George Chuter",178,101,"Hooker",NA,"Great Britain","England",NA
"Q284846","Schalk Willem Petrus Burger","Schalk Burger",193,114,"Flanker",NA,"South Africa",NA,NA
"Q285258","Ron Waldron","Ron Waldron",NA,NA,"Prop",NA,"Wales",NA,NA
"Q285739","Valentin Ursache","Valentin Ursache",194,110,"Flanker",NA,"Romania",NA,"/wiki/Oyonnax_Rugby"
"Q286258","Yannick Jauzion","Yannick Jauzion",193,106,"Centre",NA,"France",NA,NA
"Q287936","Joe Launchbury","Joe Launchbury",199,115,"2nd Row",NA,"Great Britain","England","/wiki/Wasps_Rugby_Football_Club"
"Q289223","Jerry Collins","Jerry Collins",191,107,"3rd Row",NA,"Samoa","New Zealand",NA
"Q301081","Jamie Salmon","Jamie Salmon",183,84,"Centre",NA,"Hong Kong","New Zealand; England",NA
"Q302330","Aaron Mauger","Aaron Mauger",183,94,"Centre",NA,"New Zealand",NA,NA
"Q311569","Michael Hester","Michael Hester",181,NA,NA,NA,NA,NA,NA
"Q316676","Mariusz Pudzianowski","Mariusz Pudzianowski",186,116,NA,NA,"Poland",NA,NA
"Q317422","Eric Liddell","Eric Liddell",173,68,"Winger",NA,"Great Britain",NA,NA
"Q318920","Jonny Wilkinson","Jonny Wilkinson",178,85,"Fly-Half",NA,"Great Britain","England",NA
"Q319318","William Webb Ellis",NA,NA,NA,NA,NA,NA,NA,NA
"Q325033","Jannie du Plessis","Jannie du Plessis",188,121,"Prop",NA,"South Africa",NA,NA
"Q325881","Hugh Llewellyn Glyn Hughes","Hugh Llewellyn Glyn Hughes",NA,NA,NA,NA,NA,NA,NA
"Q327770","John Roe","John Roe",187,105,"Number 8",NA,"Australia",NA,NA
"Q329393","David Auradou","David Auradou",201,108,"2nd Row",NA,"France",NA,NA
"Q335197","Bryan Habana","Bryan Habana",180,94,"Winger",NA,"South Africa",NA,NA
"Q335238","Rahul Bose",NA,NA,NA,NA,NA,NA,NA,NA
"Q338006","Jean-Baptiste Élissalde","Jean-Baptiste Élissalde",172,73,"Fly-Half",NA,"France",NA,NA
"Q348855","Pat Sanderson","Pat Sanderson",190,104,"Number 8",NA,"Great Britain","England",NA
"Q348867","Ian Kirkpatrick","Ian Kirkpatrick",190,102,"3rd Row",NA,"New Zealand",NA,NA
"Q350686","Adam Rhys Jones","Adam Jones",183,124,"Prop",NA,"Great Britain","Wales",NA
"Q350967","Luke McAlister","Luke McAlister",180,95,"Utility Back",NA,"New Zealand",NA,NA
"Q352068","Carl Hayman","Carl Hayman",193,119,"Prop",NA,"New Zealand",NA,NA
"Q353833","Hosea Gear","Hosea Gear",188,104,"Winger",NA,"New Zealand",NA,"/wiki/Racing_Club_Narbonne"
"Q356460","Dick Spring","Dick Spring",NA,NA,NA,NA,NA,NA,NA
"Q360694","Charlie Hodgson","Charlie Hodgson",178,82,"Fly-Half",NA,"Great Britain","England",NA
"Q361549","David Bortolussi","David Bortolussi",188,88,"Fullback",NA,"France","Italy",NA
"Q361732","Brian Ashton","Brian Ashton",NA,NA,"Scrum-Half",NA,"Great Britain","England",NA
"Q363717","Jonah Lomu","Jonah Lomu",196,119,"Winger",NA,"New Zealand",NA,NA
"Q364461","Josh Lewsey","Josh Lewsey",178,87,"Utility Back",NA,"Great Britain","England",NA
"Q364694","Lote Tuqiri","Lote Tuqiri",191,102,"Utility Back",NA,"Fiji","Australia",NA
"Q364941","Matt Burke","Matt Burke",183,94,"Utility Back",NA,"Australia",NA,NA
"Q365731","Michael Lynagh","Michael Lynagh",178,80,"Fly-Half",NA,"Australia",NA,NA
"Q365879","Brian Lima","Brian Lima",183,97,"Utility Back",NA,"Samoa",NA,NA
"Q366237","Jeff Wilson","Jeff Wilson",180,94,"Utility Back",NA,"New Zealand",NA,NA
"Q369607","Salvatore Perugini","Salvatore Perugini",182,119,"Prop",NA,"Italy",NA,NA
"Q369619","Gavin Johnson","Gavin Johnson",188,80,"Winger",NA,"South Africa",NA,NA
"Q370059","George Smith","George Smith",180,98,"Flanker",NA,"Australia",NA,NA
"Q372362","Mike Teague","Mike Teague",190,106,"Flanker",NA,"Great Britain","England",NA
"Q372453","Marcelo Loffreda","Marcelo Loffreda",NA,NA,"Centre",NA,"Argentina",NA,NA
"Q372734","Adrian Cashmore","Adrian Cashmore",183,90,"Fullback",NA,"New Zealand",NA,NA
"Q373384","Noel Purcell","Noel Purcell",186,NA,NA,NA,"Ireland",NA,NA
"Q373771","Mark Ella","Mark Ella",178,81,"Fly-Half",NA,"Australia",NA,NA
"Q374376","De Wet Barry","De Wet Barry",185,89,"Centre",NA,"South Africa",NA,NA
"Q375081","Pablo Canavosio","Pablo Canavosio",178,89,"Utility Back",NA,"Argentina","Italy",NA
"Q375493","Jim Williams","Jim Williams",193,112,"Flanker",NA,"Australia",NA,NA
"Q375894","Andrea De Marchi","Andrea De Marchi",187,114,"Prop",NA,"Italy",NA,NA
"Q376270","Denis Fahey",NA,NA,NA,NA,NA,NA,NA,NA
"Q376378","David Humphreys","David Humphreys",178,86,"Fly-Half",NA,"Great Britain","Ireland",NA
"Q376397","Japie Mulder","Japie Mulder",180,77,"Centre",NA,"South Africa",NA,NA
"Q376430","Mike Blair","Mike Blair",180,85,"Scrum-Half",NA,"Great Britain","Scotland",NA
"Q377052","William Téchoueyres","William Téchoueyres",183,88,"Winger",NA,"France",NA,NA
"Q377476","Peter Winterbottom","Peter Winterbottom",178,102,"3rd Row",NA,"Great Britain","England",NA
"Q378444","Rod Kafer","Rod Kafer",175,98,"Centre",NA,"Australia",NA,NA
"Q381641","Girvan Dempsey","Girvan Dempsey",183,92,"Fullback",NA,"Ireland","Ireland",NA
"Q381649","Gareth Cooper","Gareth Cooper",170,84,"Scrum-Half",NA,"Wales",NA,NA
"Q383727","Giovanbattista Venditti","Giovanbattista Venditti",188,108,"Winger",NA,"Italy",NA,NA
"Q383886","Fourie du Preez","Fourie du Preez",183,90,"Scrum-Half",NA,"South Africa",NA,NA
"Q387525","Wavell Wakefield, 1st Baron Wakefield of Kendal","Wavell Wakefield",NA,NA,"3rd Row",NA,"Great Britain","England",NA
"Q387669","John Robbie","John Robbie",175,75,"Scrum-Half",NA,"Ireland","Ireland; South Africa",NA
"Q389714","Imanol Harinordoquy","Imanol Harinordoquy",192,110,"Number 8",NA,"France",NA,NA
"Q399410","Agustín Pichot","Agustín Pichot",175,78,"Scrum-Half",NA,"Argentina",NA,NA
"Q406142","Rémi Lamerat","Rémi Lamerat",185,108,"Centre",NA,"France",NA,"/wiki/Union_Bordeaux_B%C3%A8gles"
"Q406616","Rabah Slimani","Rabah Slimani",175,113,"Prop",NA,"France",NA,NA
"Q425547","Gonzalo Longo","Gonzalo Longo",193,102,"Number 8",NA,"Argentina",NA,NA
"Q425576","Michael Lipman","Michael Lipman",185,99,"Flanker",NA,"Great Britain","England",NA
"Q425580","Sitiveni Sivivatu","Sitiveni Sivivatu",185,95,"Winger",NA,"Fiji","Fiji; New Zealand",NA
"Q427291","Gavin Hastings","Gavin Hastings",188,91,"Fullback",NA,"Great Britain","Scotland",NA
"Q430712","Charles William Miller","Charles Miller",NA,NA,NA,NA,"Brazil",NA,NA
"Q431135","Ron Cribb","Ron Cribb",194,110,"Number 8",NA,"New Zealand",NA,NA
"Q432329","Paul Sackey","Paul Sackey",186,91,"Winger",NA,"Great Britain","England","/wiki/Harlequin_Football_Club"
"Q433258","Ian McGeechan","Ian McGeechan",176,71,"Utility Back",NA,"Great Britain","Scotland",NA
"Q433324","Lee Mears","Lee Mears",175,100,"Hooker",NA,"Great Britain","England",NA
"Q433334","Phil Vickery","Phil Vickery",190,120,"Prop",NA,"Great Britain","England",NA
"Q433339","Andrew Sheridan","Andrew Sheridan",195,128,"Prop",NA,"Great Britain","England","/wiki/Rugby_Club_Toulonnais"
"Q433539","Nick Easter","Nick Easter",193,115,"Number 8",NA,"Great Britain","England",NA
"Q433546","Steve Borthwick","Steve Borthwick",198,113,"2nd Row",NA,"Great Britain","England",NA
"Q433551","Lewis Moody","Lewis Moody",195,105,"3rd Row",NA,"Great Britain","England",NA
"Q433555","Danny Care","Danny Care",174,84,"Scrum-Half",NA,"Great Britain","England","/wiki/Harlequin_Football_Club"
"Q433643","Simon Shaw","Simon Shaw",205,124,"2nd Row",NA,"Kenya","England",NA
"Q433780","Mathew Tait","Mathew Tait",183,90,"Utility Back",NA,"Great Britain","England",NA
"Q433791","Mark Cueto","Mark Cueto",183,96,"Utility Back",NA,"Great Britain","England",NA
"Q433797","Danny Cipriani","Danny Cipriani",183,90,"Fly-Half",NA,"Great Britain","England",NA
"Q434398","Jerry Flannery","Jerry Flannery",180,100,"Hooker",NA,"Ireland","Ireland",NA
"Q434427","David Wallace","David Wallace",188,105,"Flanker",NA,"Ireland","Ireland",NA
"Q434652","Simon Webster","Simon Webster",NA,NA,"Winger",NA,"Great Britain","Scotland",NA
"Q438506","John Yapp","John Yapp",188,123,"Prop",NA,"Wales",NA,NA
"Q438515","Dafydd Jones","Dafydd Jones",191,108,"Flanker",NA,"Great Britain","Wales",NA
"Q439015","Riki Flutey","Riki Flutey",180,93,"Centre",NA,"New Zealand","England",NA
"Q439025","Donncha O'Callaghan","Donncha O'Callaghan",198,114,"2nd Row",NA,"Ireland","Ireland",NA
"Q439402","Tommy Bowe","Tommy Bowe",191,98,"Winger",NA,"Ireland","Ireland",NA
"Q439413","Harry Ellis","Harry Ellis",178,89,"Scrum-Half",NA,"Great Britain","England",NA
"Q439453","Keith Earls","Keith Earls",178,90,"Utility Back",NA,"Ireland","Ireland",NA
"Q439867","Mark Regan","Mark Regan",185,93,"Hooker",NA,"Great Britain","England",NA
"Q439880","Joe Worsley","Joe Worsley",196,110,"3rd Row",NA,"Great Britain","England",NA
"Q440131","Jamie Heaslip","Jamie Heaslip",193,109,"Number 8",NA,"Israel","Ireland",NA
"Q440625","Martin Corry","Martin Corry",195,112,"2nd Row",NA,"Great Britain","England",NA
"Q441286","Tom Croft","Tom Croft",195,103,"Flanker",NA,"Great Britain","England",NA
"Q441972","Tendai Mtawarira","Tendai Mtawarira",188,116,"Prop",NA,"Zimbabwe","Zimbabwe; South Africa",NA
"Q443117","Tim Payne","Tim Payne",185,117,"Prop",NA,"Great Britain","England",NA
"Q446789","Dai Young","Dai Young",185,117,"Prop",NA,"Great Britain","Wales",NA
"Q447937","Jack Kyle","Jack Kyle",NA,NA,"Fly-Half",NA,"Great Britain","Ireland",NA
"Q447949","Bryn Meredith","Bryn Meredith",NA,NA,"Hooker",NA,"Wales",NA,NA
"Q447961","Alun Wyn Jones","Alun Wyn Jones",198,117,"2nd Row",NA,"Great Britain","Wales",NA
"Q448009","Jim Telfer","Jim Telfer",188,94,"Number 8",NA,"Great Britain","Scotland",NA
"Q448172","Syd Millar","Syd Millar",183,100,"Prop",NA,"Great Britain","Ireland",NA
"Q448182","Jeremy Guscott","Jeremy Guscott",185,87,"Centre",NA,"Great Britain","England",NA
"Q448212","Bobby Windsor","Bobby Windsor",175,93,"Hooker",NA,"Great Britain","Wales",NA
"Q448312","Willie John McBride","Willie John McBride",190,102,"2nd Row",NA,"Great Britain","Ireland",NA
"Q448515","David Nash","David Nash",NA,NA,"Number 8",NA,"Great Britain","Wales",NA
"Q448825","Will Greenwood","Will Greenwood",193,100,"Centre",NA,"Great Britain","England",NA
"Q449012","Jamie Roberts","Jamie Roberts",193,111,"Centre",NA,"Great Britain","Wales",NA
"Q449131","Luke Charteris","Luke Charteris",206,125,"2nd Row",NA,"Great Britain","Wales",NA
"Q452051","Graham Mourie","Graham Mourie",183,89,"3rd Row",NA,"New Zealand",NA,NA
"Q452373","Sid Going","Sid Going",170,81,"Scrum-Half",NA,"New Zealand",NA,NA
"Q452384","Julien Dupuy","Julien Dupuy",178,78,"Scrum-Half",NA,"France",NA,NA
"Q453066","Władysław Komar","Władysław Komar",196,125,NA,NA,"Poland",NA,NA
"Q454123","Rob Kearney","Rob Kearney",185,95,"Fullback",NA,"Ireland","Ireland",NA
"Q455124","Wilson Whineray","Wilson Whineray",183,94,"Prop",NA,"New Zealand",NA,NA
"Q460627","Sam Warburton","Sam Warburton",188,99,"Flanker",NA,"Great Britain","Wales",NA
"Q460637","Jonathan Davies","Jonathan Davies",186,103,"Centre",NA,"Great Britain","Wales",NA
"Q461349","Oscar Kreuzer","Oscar Kreuzer",NA,NA,NA,NA,"Germany",NA,NA
"Q463531","Jean-Baptiste Charcot","Jean-Baptiste Charcot",NA,NA,NA,NA,"France",NA,NA
"Q465470","Sébastien Chabal","Sébastien Chabal",191,114,"Number 8",NA,"France",NA,NA
"Q469706","Percy Montgomery","Percy Montgomery",183,91,"Utility Back",NA,"South Africa",NA,NA
"Q472853","Alan Quinlan","Alan Quinlan",191,105,"Flanker",NA,"Ireland","Ireland",NA
"Q474788","Matthew Rees","Matthew Rees",188,108,"Hooker",NA,"Great Britain","Wales",NA
"Q475438","Vincent Clerc","Vincent Clerc",178,85,"Winger",NA,"France",NA,NA
"Q496505","Heyneke Meyer","Heyneke Meyer",185,85,NA,NA,"South Africa",NA,NA
"Q502251","Massimiliano Capuzzoni","Massimiliano Capuzzoni",NA,NA,"3rd Row",NA,"Italy",NA,NA
"Q503407","James Haskell","James Haskell",193,113,"Flanker",NA,"Great Britain","England",NA
"Q503493","John Bevan","John Bevan",173,80,"Fly-Half",NA,"Great Britain","Wales",NA
"Q504581","Andrew Ellis","Andrew Ellis",182,89,"Scrum-Half",NA,"New Zealand",NA,NA
"Q505193","Andrew Hore","Andrew Hore",183,110,"Hooker",NA,"New Zealand",NA,NA
"Q506299","Andrew Mehrtens","Andrew Mehrtens",178,88,"Fly-Half",NA,"South Africa","New Zealand",NA
"Q506434","Luke Fitzgerald","Luke Fitzgerald",185,91,"Utility Back",NA,"Ireland","Ireland",NA
"Q506917","Marcos Ayerza","Marcos Ayerza",186,106,"Prop",NA,"Argentina",NA,NA
"Q507506","Fabio Staibano","Fabio Staibano",183,123,"Prop",NA,"Italy",NA,NA
"Q508105","Andrew Trimble","Andrew Trimble",183,98,"Centre",NA,"Great Britain","Ireland",NA
"Q508342","André Venter","André Venter",196,104,"3rd Row",NA,"South Africa",NA,NA
"Q510441","Steve Bainbridge","Steve Bainbridge",201,106,"2nd Row",NA,"Great Britain","England",NA
"Q512413","J. J. Williams","J.J. Williams",NA,NA,"Winger",NA,"Wales",NA,NA
"Q513201","Ken Jones","Kenneth Jones",180,NA,NA,NA,"Wales",NA,NA
"Q513355","Gert Smal","Gert Smal",198,100,"Flanker",NA,"South Africa",NA,NA
"Q515485","Ricky Januarie","Ricky Januarie",168,85,"Scrum-Half",NA,"South Africa",NA,NA
"Q517519","Norm Maxwell","Norm Maxwell",198,106,"2nd Row",NA,"New Zealand",NA,NA
"Q517812","Craig Green","Craig Green",178,79,"Winger",NA,"New Zealand",NA,NA
"Q518014","Laurent Bénézech","Laurent Bénézech",186,103,"Prop",NA,"France",NA,NA
"Q518349","Gary Botha","Gary Botha",180,110,"Hooker",NA,"South Africa",NA,NA
"Q519164","Wenceslas Lauret","Wenceslas Lauret",188,103,"Flanker",NA,"France",NA,NA
"Q519358","Alex Cuthbert","Alex Cuthbert",198,103,"Winger",NA,"Great Britain","Wales","/wiki/Exeter_Chiefs"
"Q519589","Mike Phillips","Mike Phillips",192,101,"Scrum-Half",NA,"Great Britain","Wales","/wiki/Scarlets"
"Q521927","Brad Thorn","Brad Thorn",195,116,"2nd Row",NA,"New Zealand","New Zealand",NA
"Q522429","Ned Haig","Ned Haig",NA,NA,"Scrum-Half",NA,"Great Britain","Scotland",NA
"Q525873","Shane Williams","Shane Williams",170,77,"Winger",NA,"Great Britain","Wales",NA
"Q526295","Andy Irvine","Andy Irvine",178,80,"Fullback",NA,"Great Britain","Scotland",NA
"Q528784","Wynand Olivier","Wynand Olivier",185,94,"Centre",NA,"South Africa",NA,NA
"Q532570","Wyatt Crockett","Wyatt Crockett",193,116,"Prop",NA,"New Zealand",NA,"/wiki/Tasman_Rugby_Union"
"Q534779","Tony Spreadbury","Tony Spreadbury",NA,NA,NA,NA,"Great Britain",NA,NA
"Q537512","Michel Yachvili","Michel Yachvili",178,85,"Hooker",NA,"France",NA,NA
"Q537574","Oscar Collodo","Oscar Collodo",NA,NA,"Fly-Half",NA,"Sweden","Italy",NA
"Q537933","Joe Warbrick","Joe Warbrick",NA,NA,"Utility Back",NA,"New Zealand",NA,NA
"Q540060","Ken Kennedy","Ken Kennedy",182,81,"Hooker",NA,"Great Britain","Ireland",NA
"Q540685","Stu Wilson","Stu Wilson",183,86,"Winger",NA,"New Zealand",NA,NA
"Q540932","Brian Carney","Brian Carney",180,91,"Winger",NA,"Ireland","Ireland",NA
"Q541164","Bryan Williams","Bryan Williams",179,89,"Winger",NA,"New Zealand",NA,NA
"Q542818","Nic Berry","Nic Berry",NA,NA,"Scrum-Half",NA,"Australia",NA,NA
"Q542948","Federico Nicolás Sánchez","Nicolás Sánchez",178,80,"Fly-Half",NA,"Argentina",NA,"/wiki/Stade_fran%C3%A7ais_Paris_rugby"
"Q543135","Patrice Lagisquet","Patrice Lagisquet",183,82,"Winger",NA,"France",NA,NA
"Q543795","Simon Best","Simon Best",185,114,"Prop",NA,"Great Britain","Ireland",NA
"Q544142","Eoin Reddan","Eoin Reddan",180,95,"Scrum-Half",NA,"Ireland","Ireland",NA
"Q544444","Brett Papworth","Brett Papworth",NA,NA,"Centre",NA,"Australia",NA,NA
"Q544594","Tony Daly","Tony Daly",178,103,"Prop",NA,"Australia",NA,NA
"Q546277","André Pretorius","André Pretorius",173,83,"Fly-Half",NA,"South Africa",NA,"/wiki/Rugby_Club_Toulonnais"
"Q549490","Anthony Foley","Anthony Foley",191,111,"Number 8",NA,"Ireland","Ireland",NA
"Q568655","Joseph Roffo","Joseph Roffo",NA,NA,NA,NA,"France",NA,NA
"Q569150","David Aucagne","David Aucagne",178,72,"Fly-Half",NA,"France",NA,NA
"Q578310","Olivier Brouzet","Olivier Brouzet",203,120,"2nd Row",NA,"France",NA,NA
"Q579257","Nicolas Mas","Nicolas Mas",180,110,"Prop",NA,"France",NA,"/wiki/Union_Sportive_Arlequins_Perpignanais"
"Q579573","Louis Picamoles","Louis Picamoles",192,113,"Number 8",NA,"France",NA,"/wiki/Union_Bordeaux_B%C3%A8gles"
"Q581829","Joe Maddock","Joe Maddock",173,85,"Utility Back",NA,"New Zealand",NA,NA
"Q582609","Fernando Morel","Fernando Morel",NA,NA,"Prop",NA,"Argentina",NA,NA
"Q582826","Nando Parrado",NA,NA,NA,NA,NA,NA,NA,NA
"Q584317","Mervyn Davies","Mervyn Davies",191,108,"Number 8",NA,"Wales",NA,NA
"Q586437","Jason Robinson","Jason Robinson",173,84,"Winger",NA,"Great Britain","England",NA
"Q588193","Felipe Contepomi","Felipe Contepomi",180,91,"Utility Back",NA,"Argentina",NA,NA
"Q590826","Rory Lamont","Rory Lamont",188,100,"Fullback",NA,"Great Britain","Scotland",NA
"Q591370","Serge Betsen","Serge Betsen",182,96,"3rd Row",NA,"Cameroon","France",NA
"Q591492","Shaun Perry","Shaun Perry",178,89,"Scrum-Half",NA,"Great Britain","England","/wiki/Club_athl%C3%A9tique_Brive_Corr%C3%A8ze_Limousin"
"Q592277","Anton Oliver","Anton Oliver",184,111,"Hooker",NA,"New Zealand",NA,NA
"Q593893","Matteo Mazzantini","Matteo Mazzantini",178,87,"Scrum-Half",NA,"Italy",NA,NA
"Q594222","Marc Dal Maso","Marc Dal Maso",183,98,"Hooker",NA,"France",NA,NA
"Q594828","Peter Grigg","Peter Grigg",NA,NA,"Winger",NA,"Australia",NA,NA
"Q595313","Andrew Blowers","Andrew Blowers",193,105,"3rd Row",NA,"New Zealand",NA,NA
"Q596064","Fulgence Ouedraogo","Fulgence Ouedraogo",191,98,"Flanker",NA,"Burkina Faso","France","/wiki/Montpellier_H%C3%A9rault_Rugby"
"Q597161","Butch James","Butch James",185,98,"Fly-Half",NA,"South Africa",NA,NA
"Q598568","Robbie Brink","Robbie Brink",196,113,"3rd Row",NA,"South Africa",NA,NA
"Q599061","Yoann Maestri","Yoann Maestri",201,121,"2nd Row",NA,"France",NA,"/wiki/Stade_fran%C3%A7ais_Paris_rugby"
"Q600196","Sean Fitzpatrick","Sean Fitzpatrick",183,105,"Hooker",NA,"New Zealand",NA,NA
"Q601678","Ben Youngs","Ben Youngs",178,87,"Scrum-Half",NA,"Great Britain","England","/wiki/Leicester_Tigers"
"Q605864","Gabriel Fulcher","Gabriel Fulcher",196,108,"2nd Row",NA,"Great Britain","Ireland",NA
"Q607384","Mirco Bergamasco","Mirco Bergamasco",180,90,"Centre",NA,"Italy","Italy",NA
"Q609538","Chris Masoe","Chris Masoe",183,106,"3rd Row",NA,"Samoa","New Zealand",NA
"Q611049","Austin Healey","Austin Healey",178,87,"Utility Back",NA,"Great Britain","England",NA
"Q612984","Ian Hunter","Ian Hunter",188,93,"Utility Back",NA,"Great Britain","England",NA
"Q614602","Roberto Canessa","Roberto Canessa",NA,NA,"Winger",NA,"Uruguay",NA,NA
"Q614928","Cliff Morgan","Cliff Morgan",171,71,"Fly-Half",NA,"Great Britain","Wales",NA
"Q616217","Santiago González Bonorino","Santiago González Bonorino",183,116,"Prop",NA,"Argentina",NA,NA
"Q617154","Giambattista Croci","Giambattista Croci",201,100,"2nd Row",NA,"Italy",NA,NA
"Q617168","Mauro Dal Sie","Mauro Dal Sie",180,106,"Prop",NA,"Italy",NA,NA
"Q630058","Derick Hougaard","Derick Hougaard",175,85,"Fly-Half",NA,"South Africa",NA,NA
"Q630724","Michel Crauste","Michel Crauste",181,85,"Number 8",NA,"France",NA,NA
"Q635409","Benn Robinson","Benn Robinson",183,113,"Prop",NA,"Australia",NA,NA
"Q635697","Constantin Henriquez","Constantin Henriquez",NA,NA,NA,NA,"France",NA,NA
"Q635864","Dan Cole","Dan Cole",191,123,"Prop",NA,"Great Britain","England","/wiki/Leicester_Tigers"
"Q636885","Tim Gavin","Tim Gavin",198,107,"Number 8",NA,"Australia",NA,NA
"Q639771","August Schmierer","Hermann Kreuzer",NA,NA,"Scrum-Half",NA,"Germany",NA,NA
"Q639951","Octavio Bartolucci","Octavio Bartolucci",195,99,"Winger",NA,"Argentina",NA,NA
"Q641995","Mike Barbieri","Mike Barbieri",185,118,"Prop",NA,"Canada",NA,NA
"Q641999","Will Genia","Will Genia",174,82,"Scrum-Half",NA,"Papua New Guinea","Australia",NA
"Q642380","Colin Meads","Colin Meads",192,102,"2nd Row",NA,"New Zealand",NA,NA
"Q645540","Nicolás Fernández Miranda","Nicolás Fernández Miranda",177,83,"Scrum-Half",NA,"Argentina",NA,NA
"Q650640","Frantz Reichel","Frantz Reichel",NA,NA,"Fly-Half",NA,"France",NA,NA
"Q651186","Gordon Brown","Gordon Brown",196,110,"2nd Row",NA,"Great Britain","Scotland",NA
"Q651983","Gary Whetton","Gary Whetton",198,105,"2nd Row",NA,"New Zealand",NA,NA
"Q657322","Joël Jutge","Joël Jutge",NA,NA,"Scrum-Half",NA,"France",NA,NA
"Q660403","Jean Prat","Jean Prat",176,84,"3rd Row",NA,"France",NA,NA
"Q662781","Anthony Boric","Anthony Boric",200,110,"2nd Row",NA,"New Zealand",NA,NA
"Q664469","Sisa Koyamaibole","Sisa Koyamaibole",NA,NA,"Number 8",NA,"Fiji",NA,NA
"Q665978","Diego Cash","Diego Cash",NA,NA,"Prop",NA,"Argentina",NA,NA
"Q667796","Akona Ndungane","Akona Ndungane",183,92,"Winger",NA,"South Africa",NA,"/wiki/Blue_Bulls"
"Q668587","Fergie McCormick","Fergie McCormick",170,83,"Fullback",NA,"New Zealand",NA,NA
"Q670241","Vladimir Aïtoff","Vladimir Aïtoff",180,75,"Number 8",NA,"France",NA,NA
"Q670394","Nathan Hines","Nathan Hines",200,114,"2nd Row",NA,"Australia","Scotland",NA
"Q671300","Keith Gleeson","Keith Gleeson",185,98,"Flanker",NA,"Ireland","Australia; Ireland",NA
"Q677419","Kitch Christie","Kitch Christie",NA,NA,"Flanker",NA,"South Africa",NA,NA
"Q679613","Ben McCalman","Ben McCalman",193,106,"Number 8",NA,"Australia",NA,NA
"Q680818","Billy Twelvetrees","Billy Twelvetrees",191,103,"Utility Back",NA,"Great Britain","England","/wiki/Gloucester_Rugby"
"Q681795","Émile Sarrade","Émile Sarrade",NA,NA,NA,NA,"France",NA,NA
"Q682817","David Denton","David Denton",196,114,"3rd Row",NA,"Zimbabwe","Scotland",NA
"Q685157","Pat Spence","Pat Spence",NA,NA,NA,NA,"South Africa",NA,NA
"Q690625","Didier Camberabero","Didier Camberabero",175,70,"Fly-Half",NA,"France",NA,NA
"Q692832","Hendrik le Roux","Hennie le Roux",175,80,"Centre",NA,"South Africa",NA,NA
"Q693345","Marius Hurter","Marius Hurter",188,123,"Prop",NA,"South Africa",NA,NA
"Q704657","John McKenna","John McKenna",NA,NA,NA,NA,"Ireland",NA,NA
"Q707683","Marcello Fiasconaro","Marcello Fiasconaro",185,74,"Winger",NA,"Italy",NA,NA
"Q715091","Jacques Fouroux","Jacques Fouroux",163,66,"Scrum-Half",NA,"France",NA,NA
"Q715492","Arturo Rodríguez","Arturo Rodríguez",NA,NA,"Centre",NA,"Argentina",NA,NA
"Q716246","Peter MacKay","Peter MacKay",NA,NA,NA,NA,NA,NA,NA
"Q718533","Owen Farrell","Owen Farrell",188,90,"Utility Back",NA,"Great Britain","England","/w/index.php?title=Template:Racing_92&action=edit&redlink=1"
"Q722819","Leon MacDonald","Leon MacDonald",181,96,"Fullback",NA,"New Zealand",NA,NA
"Q723044","Grant Fox","Grant Fox",175,72,"Fly-Half",NA,"New Zealand",NA,NA
"Q723121","Byron Kelleher","Byron Kelleher",175,95,"Scrum-Half",NA,"New Zealand",NA,NA
"Q723260","Justin Marshall","Justin Marshall",179,95,"Scrum-Half",NA,"New Zealand",NA,NA
"Q723355","Nick Evans","Nick Evans",180,84,"Utility Back",NA,"New Zealand",NA,NA
"Q723617","John Kirwan","John Kirwan",191,97,"Winger",NA,"New Zealand",NA,NA
"Q723626","Conrad Smith","Conrad Smith",186,95,"Centre",NA,"New Zealand",NA,NA
"Q723754","Charles-Édouard Yachvili","Charles-Édouard Yachvili",180,75,"Scrum-Half",NA,"France","Georgia",NA
"Q723836","Isaia Toeava","Isaia Toeava",185,102,"Fullback",NA,"Samoa","New Zealand","/wiki/Association_sportive_montferrandaise_Clermont_Auvergne"
"Q723988","Neemia Tialata","Neemia Tialata",187,136,"Prop",NA,"New Zealand",NA,"/wiki/Stade_Toulousain"
"Q725555","J. P. R. Williams","J.P.R. Williams",185,89,"Fullback",NA,"Great Britain","Wales",NA
"Q725671","Michael Jones","Michael Jones",185,98,"3rd Row",NA,"New Zealand","Samoa; New Zealand",NA
"Q726148","Richie McCaw","Richie McCaw",188,104,"Flanker",NA,"New Zealand",NA,NA
"Q726173","Os du Randt","Os du Randt",190,125,"Prop",NA,"South Africa",NA,NA
"Q726199","Dan Carter","Dan Carter",178,89,"Fly-Half",NA,"New Zealand",NA,NA
"Q726224","CJ van der Linde","CJ van der Linde",191,122,"Prop",NA,"South Africa",NA,NA
"Q729183","Ben Alexander","Ben Alexander",188,120,"Prop",NA,"Australia",NA,NA
"Q730932","Elliot Bunney","Elliot Bunney",183,85,NA,NA,"Great Britain",NA,NA
"Q732909","Greg Holmes","Greg Holmes",183,112,"Prop",NA,"Australia",NA,NA
"Q733831","Ronan O'Gara","Ronan O'Gara",183,83,"Fly-Half",NA,"U.S.A.","Ireland",NA
"Q737072","Stirling Mortlock","Stirling Mortlock",191,105,"Utility Back",NA,NA,"Australia",NA
"Q737700","Adolf Stockhausen","Adolf Stockhausen",NA,NA,"Hooker",NA,"Germany",NA,NA
"Q741112","Ieuan Evans","Ieuan Evans",178,85,"Winger",NA,"Great Britain","Wales",NA
"Q742873","Danie Craven","Danie Craven",178,80,"Scrum-Half",NA,"South Africa",NA,NA
"Q742960","Alessandro Troncon","Alessandro Troncon",177,88,"Scrum-Half",NA,"Italy",NA,NA
"Q743099","Stuart Lancaster","Stuart Lancaster",183,87,"2nd Row",NA,"Great Britain","Scotland",NA
"Q743330","Alex Brown","Alex Brown",201,116,"2nd Row",NA,"Great Britain","England",NA
"Q746834","Jeff Miller","Jeff Miller",NA,NA,"3rd Row",NA,"U.S.A.","Australia",NA
"Q747292","Gavin Duffy","Gavin Duffy",185,92,"Centre",NA,"Ireland","Ireland",NA
"Q747672","Mark Titley","Mark Titley",NA,NA,"Winger",NA,"Wales",NA,NA
"Q749148","Arnaud Costes","Arnaud Costes",185,99,"3rd Row",NA,"France",NA,NA
"Q761487","Mathieu Bastareaud","Mathieu Bastareaud",183,120,"Centre",NA,"France",NA,"/wiki/Lyon_Olympique_Universitaire_Rugby"
"Q761775","Abel Albert","Abel Albert",NA,NA,"Fly-Half",NA,"France",NA,NA
"Q762608","Ian Evans","Ian Evans",204,116,"2nd Row",NA,"South Africa","Wales",NA
"Q762620","Omar Hasan","Omar Hasan",185,115,"Prop",NA,"Argentina",NA,NA
"Q762944","Isoa Neivua","Isoa Neivua",174,98,"Winger",NA,"Fiji",NA,NA
"Q763721","Haydn Tanner","Haydn Tanner",NA,NA,"Scrum-Half",NA,"Great Britain","Wales",NA
"Q766509","Nigel Melville","Nigel Melville",178,76,"Scrum-Half",NA,"Great Britain","England",NA
"Q768777","Corné Krige","Corné Krige",191,102,"3rd Row",NA,"Zambia","South Africa",NA
"Q768874","Sean O'Brien","Seán O'Brien",188,105,"Flanker",NA,"Ireland","Ireland",NA
"Q772272","Alain Carminati","Alain Carminati",196,108,"2nd Row",NA,"France",NA,NA
"Q774079","Simon Geoghegan","Simon Geoghegan",183,83,"Winger",NA,"Great Britain","Ireland",NA
"Q775742","Barry John","Barry John",178,75,"Fly-Half",NA,"Great Britain","Wales",NA
"Q776564","Jean-Pierre Rives","Jean-Pierre Rives",180,85,"Flanker",NA,"France",NA,NA
"Q777512","Raphaël Ibañez","Raphaël Ibañez",180,102,"Hooker",NA,"France",NA,NA
"Q778307","Don Clarke","Don Clarke",188,110,"Fullback",NA,"New Zealand",NA,NA
"Q779888","Jonathan Kaplan","Jonathan Kaplan",174,NA,NA,NA,"South Africa","South Africa",NA
"Q780661","Keith Robinson","Keith Robinson",198,114,"2nd Row",NA,"New Zealand",NA,NA
"Q780849","Scott Hastings","Scott Hastings",186,91,"Centre",NA,"Great Britain","Scotland",NA
"Q781211","Ian Gough","Ian Gough",196,119,"2nd Row",NA,"Wales",NA,NA
"Q783392","Ramiro Martínez","Ramiro Martínez",183,116,"Prop",NA,"Argentina","Italy",NA
"Q784026","Chris Jones","Chris Jones",199,111,"2nd Row",NA,"Great Britain","England",NA
"Q786285","Cameron Lillicrap","Cameron Lillicrap",NA,NA,"Prop",NA,"Australia",NA,NA
"Q786362","Nicky Robinson","Nicky Robinson",185,92,"Fly-Half",NA,"Wales",NA,NA
"Q787770","John Timu","John Timu",180,82,"Centre",NA,"New Zealand","New Zealand",NA
"Q788236","Rima Wakarua","Rima Wakarua",178,85,"Utility Back",NA,"New Zealand","Italy",NA
"Q793995","Zac Guildford","Zac Guildford",182,97,"Winger",NA,"New Zealand",NA,NA
"Q804456","Bakkies Botha","Bakkies Botha",201,120,"2nd Row",NA,"South Africa",NA,NA
"Q816494","Ben Franks","Ben Franks",183,112,"Prop",NA,"Australia","New Zealand",NA
"Q827102","Berrick Barnes","Berrick Barnes",183,87,"Centre",NA,"Australia",NA,NA
"Q859787","Richard Kahui","Richard Kahui",191,99,"Centre",NA,"New Zealand",NA,NA
"Q861935","Bill Beaumont","Bill Beaumont",194,102,"2nd Row",NA,"Great Britain","England",NA
"Q862313","Bill McLaren",NA,NA,NA,NA,NA,NA,NA,NA
"Q883404","Bleddyn Williams","Bleddyn Williams",178,83,"Centre",NA,"Great Britain","Wales",NA
"Q892034","Carlin Isles","Carlin Isles",176,75,"Winger",NA,"U.S.A.",NA,"/w/index.php?title=United_States_national_rugby_sevens_team&action=edit&redlink=1"
"Q893192","Roberto Favaro","Roberto Favaro",196,115,"2nd Row",NA,"Italy",NA,NA
"Q897007","Bradley Davies","Bradley Davies",198,121,"2nd Row",NA,"Great Britain","Wales",NA
"Q908859","Brendon Leonard","Brendon Leonard",182,93,"Scrum-Half",NA,"New Zealand",NA,"/wiki/Taranaki_Rugby_Football_Union"
"Q912573","Brian Lochore","Brian Lochore",191,95,"Number 8",NA,"New Zealand",NA,NA
"Q912889","Brian O'Driscoll","Brian O'Driscoll",178,95,"Centre",NA,"Ireland","Ireland",NA
"Q914227","Justin Tipuric","Justin Tipuric",188,107,"Flanker",NA,"Great Britain","Wales",NA
"Q919397","Hugo Porta","Hugo Porta",NA,NA,"Fly-Half",NA,"Argentina",NA,NA
"Q921039","Philippe Sella","Philippe Sella",181,84,"Centre",NA,"France",NA,NA
"Q921375","Chris Latham","Chris Latham",193,102,"Fullback",NA,"Australia",NA,NA
"Q921680","Clive Woodward","Clive Woodward",180,80,"Centre",NA,"Great Britain","England",NA
"Q922025","John Afoa","John Afoa",183,118,"Prop",NA,"New Zealand",NA,"/wiki/Bristol_Rugby"
"Q922170","Matt Giteau","Matt Giteau",178,85,"Utility Back",NA,"Australia",NA,NA
"Q923207","Christophe Dominici","Christophe Dominici",172,82,"Winger",NA,"France",NA,NA
"Q924641","Marzio Innocenti","Marzio Innocenti",NA,NA,"Flanker",NA,"Italy",NA,NA
"Q924729","Colin Slade","Colin Slade",183,90,"Utility Back",NA,"New Zealand",NA,NA
"Q925097","Stephen Larkham","Stephen Larkham",189,88,"Utility Back",NA,"Australia",NA,NA
"Q926351","John Eales","John Eales",200,115,"2nd Row",NA,"Australia",NA,NA
"Q927905","Géo André","Géo André",188,85,"Winger",NA,"France",NA,NA
"Q928783","Gavin Kerr","Gavin Kerr",180,103,"Prop",NA,"Scotland",NA,NA
"Q930461","Duncan Jones","Duncan Jones",183,110,"Prop",NA,"Great Britain","Wales",NA
"Q930496","Rodrigo Roncero","Rodrigo Roncero",178,113,"Prop",NA,"Argentina",NA,NA
"Q930517","Simon Taylor","Simon Taylor",195,104,"Number 8",NA,"Great Britain","Scotland",NA
"Q930546","Jean-François Montauriol","Jean-François Montauriol",199,103,"2nd Row",NA,"France","Italy",NA
"Q932094","Chris Cusiter","Chris Cusiter",177,85,"Scrum-Half",NA,"Great Britain","Scotland",NA
"Q932319","Jason White","Jason White",196,108,"3rd Row",NA,"Great Britain","Scotland",NA
"Q932939","Thinus Delport","Thinus Delport",188,102,"Fullback",NA,"South Africa",NA,NA
"Q933941","Tom Shanklin","Tomos George L. Shanklin",188,95,"Centre",NA,"Wales",NA,"/wiki/Cardiff_Rugby"
"Q934120","Jonathan Thomas","Jonathan Thomas",196,110,"Flanker",NA,"Great Britain","Wales",NA
"Q934472","Dwayne Peel","Dwayne Peel",178,87,"Scrum-Half",NA,"Great Britain","Wales",NA
"Q934531","Martyn Williams","Martyn Williams",185,100,"Flanker",NA,"Wales",NA,"/wiki/Cardiff_Rugby"
"Q934587","Mark Jones","Mark Jones",188,91,"Winger",NA,"Great Britain","Wales",NA
"Q934602","Colin Charvis","Colin Charvis",191,116,"3rd Row",NA,"Great Britain","Wales",NA
"Q934631","Gethin Jenkins","Gethin Jenkins",NA,NA,"Prop",NA,"Great Britain","Wales",NA
"Q934769","Huw Bennett","Huw Bennett",183,106,"Hooker",NA,"Great Britain","Wales",NA
"Q934781","Warren Gatland","Warren Gatland",188,95,"Hooker",NA,"New Zealand",NA,NA
"Q935470","Alex Wyllie","Alex Wyllie",185,102,"3rd Row",NA,"New Zealand",NA,NA
"Q935555","Olo Brown","Olo Brown",185,100,"Prop",NA,"Samoa","New Zealand",NA
"Q935913","Roberto Quartaroli","Roberto Quartaroli",191,95,"Centre",NA,"Italy",NA,NA
"Q936012","James Horwill","James Horwill",200,117,"2nd Row",NA,"Australia",NA,NA
"Q936035","Lionel Nallet","Lionel Nallet",197,116,"2nd Row",NA,"France",NA,"/wiki/Racing_92"
"Q936628","Brett Robinson","Brett Robinson",188,101,"Flanker",NA,"Australia",NA,NA
"Q936651","Cédric Heymans","Cédric Heymans",180,96,"Utility Back",NA,"France",NA,"/wiki/Aviron_Bayonnais_Rugby_Pro"
"Q936712","Dan Parks","Dan Parks",180,89,"Fly-Half",NA,"Australia","Scotland",NA
"Q938312","Alejandro Allub","Alejandro Allub",196,105,"2nd Row",NA,"Argentina",NA,NA
"Q938743","David Codey","David Codey",NA,NA,"3rd Row",NA,"Australia",NA,NA
"Q938814","Geordan Murphy","Geordan Murphy",185,86,"Utility Back",NA,"Ireland","Ireland",NA
"Q941226","Ross Ford","Ross Ford",185,115,"Hooker",NA,"Great Britain","Scotland",NA
"Q941295","Mauro Bergamasco","Mauro Bergamasco",185,102,"Flanker",NA,"Italy",NA,NA
"Q941509","Andrea Moretti","Andrea Moretti",178,102,"Hooker",NA,"Italy",NA,NA
"Q942066","Ian Roberts","Ian Roberts",196,112,"2nd Row",NA,"Australia",NA,NA
"Q944046","Justin Harrison","Justin Harrison",201,113,"2nd Row",NA,"Australia",NA,NA
"Q947144","Mike Gibson","Mike Gibson",180,81,"Centre",NA,"Great Britain","Ireland",NA
"Q949204","Gareth Thomas","Gareth Thomas",191,103,"Centre; 2nd Row",NA,"Great Britain","Wales",NA
"Q949374","Wendell Sailor","Wendell Sailor",190,106,"Winger",NA,"Australia","Australia",NA
"Q950114","Gwyn Nicholls","Gwyn Nicholls",NA,NA,"Centre",NA,"Great Britain","Wales",NA
"Q950241","Juan Martín Fernández Lobbe","Juan Martín Fernández Lobbe",186,106,"Flanker",NA,"Argentina",NA,NA
"Q953736","Troy Coker","Troy Coker",198,110,"Number 8",NA,"Australia",NA,NA
"Q958264","Garath Archer","Garath Archer",198,115,"2nd Row",NA,"Great Britain","England",NA
"Q959311","Errol Tobias","Errol Tobias",175,77,"Fly-Half",NA,"South Africa",NA,NA
"Q960657","Ronald Scobie","Ronald Scobie",NA,NA,NA,NA,NA,NA,NA
"Q960819","Alexandru Penciu","Alexandru Penciu",NA,NA,"Fullback",NA,"Romania",NA,NA
"Q963552","Cory Jane","Cory Jane",183,88,"Utility Back",NA,"New Zealand",NA,NA
"Q963878","Shane Horgan","Shane Horgan",193,104,"Centre",NA,"Ireland","Ireland",NA
"Q964302","John Hayes","John Hayes",193,125,"Prop",NA,"Ireland","Ireland",NA
"Q964396","Peter Sutherland","Peter Sutherland",NA,NA,NA,NA,NA,NA,NA
"Q964516","Gordon D'Arcy","Gordon D'Arcy",180,91,"Centre",NA,"Ireland","Ireland","/wiki/Leinster_Rugby"
"Q965304","Gareth Wyatt","Gareth Wyatt",177,79,"Utility Back",NA,"Wales",NA,"/wiki/Dragons_(rugby_a_15)"
"Q965625","Will Johnson","Will Johnson",193,108,"2nd Row",NA,"Great Britain","England",NA
"Q970683","Joe Simpson","Joe Simpson",178,86,"Scrum-Half",NA,"Australia","England","/wiki/Gloucester_Rugby"
"Q971098","Ben Foden","Ben Foden",183,93,"Utility Back",NA,"Great Britain","England","/wiki/Rugby_New_York"
"Q971565","Dow Travers","Dow Travers",180,86,NA,NA,"Cayman Islands",NA,NA
"Q971887","Santiago Dellapè","Santiago Dellapè",200,117,"2nd Row",NA,"Argentina","Italy",NA
"Q971915","Joost van der Westhuizen","Joost van der Westhuizen",185,89,"Scrum-Half",NA,"South Africa",NA,NA
"Q972170","Georg Wenderoth","Georg Wenderoth",NA,NA,"2nd Row",NA,"Germany",NA,NA
"Q972956","Jamie Noon","Jamie Noon",178,89,"Centre",NA,"Great Britain","England","/wiki/Club_athl%C3%A9tique_Brive_Corr%C3%A8ze_Limousin"
"Q976977","Jack Gregory","Jack Gregory",NA,NA,NA,NA,"Great Britain",NA,NA
"Q979163","Carwyn James","Carwyn James",NA,NA,"Fly-Half",NA,"Great Britain","Wales",NA
"Q979204","Gerald Davies","Gerald Davies",174,74,"Winger",NA,"Great Britain","Wales",NA
"Q979301","John Dawes","John Dawes",178,82,"Centre",NA,"Great Britain","Wales",NA
"Q979336","Delme Thomas","Delme Thomas",191,104,"2nd Row",NA,"Wales",NA,NA
"Q981549","Sitiveni Rabuka","Sitiveni Ligamamada Rabuka",NA,NA,NA,NA,NA,NA,NA
"Q981870","Robin Welsh","Robin Welsh",NA,NA,NA,NA,"Great Britain",NA,NA
"Q981948","Rob Howley","Rob Howley",175,85,"Scrum-Half",NA,"Great Britain","Wales",NA
"Q982144","Juan Smith","Juan Smith",196,112,"3rd Row",NA,"South Africa",NA,"/wiki/Toyota_Verblitz"
"Q982231","Nick Mallett","Nick Mallett",193,102,"Number 8",NA,"Great Britain","South Africa",NA
"Q984338","Corey Flynn","Corey Flynn",185,108,"Hooker",NA,"New Zealand",NA,NA
"Q984446","Kieran Read","Kieran Read",193,105,"Number 8",NA,"New Zealand",NA,NA
"Q984616","Owen Franks","Owen Franks",185,112,"Prop",NA,"New Zealand",NA,"/wiki/Stade_Toulousain"
"Q1026362","Kevin Skinner","Kevin Skinner",183,97,"Prop",NA,"New Zealand",NA,NA
"Q1026692","Richard White","Richard White",188,101,"2nd Row",NA,"New Zealand",NA,NA
"Q1039026","Martin Castrogiovanni","Martín Castrogiovanni",188,117,"Prop",NA,"Argentina","Italy",NA
"Q1043259","Carlos Spencer","Carlos Spencer",184,95,"Fly-Half",NA,NA,NA,NA
"Q1052808","Marco Bortolami","Marco Bortolami",196,110,"2nd Row",NA,"Italy",NA,NA
"Q1053176","Naas Botha","Naas Botha",180,80,"Fly-Half",NA,"South Africa",NA,NA
"Q1055519","Stefano Bettarello","Stefano Bettarello",173,67,"Fly-Half",NA,"Italy",NA,NA
"Q1060582","Benoît Baby","Benoît Baby",176,78,"Centre",NA,"France",NA,"/wiki/Biarritz_Olympique_Pays_Basque"
"Q1061706","Andrea Scanavacca","Andrea Scanavacca",175,75,"Fly-Half",NA,"Italy",NA,NA
"Q1061908","Michael Owen","Michael Owen",197,109,"2nd Row; Flanker",NA,"Wales",NA,NA
"Q1061916","Jérôme Thion","Jérôme Thion",199,120,"2nd Row",NA,"France",NA,NA
"Q1061941","AJ Venter","AJ Venter",196,106,"Number 8",NA,"South Africa",NA,NA
"Q1061948","Rémy Martin","Rémy Martin",196,107,"3rd Row",NA,"France",NA,"/wiki/Aviron_Bayonnais_Rugby_Pro"
"Q1064574","Charles Gondouin","Charles Gondouin",NA,NA,NA,NA,"France",NA,NA
"Q1072699","Maurice Tillet","Maurice Tillet",NA,NA,NA,NA,"France",NA,NA
"Q1077368","Chris Jack","Chris Jack",202,112,"2nd Row",NA,"New Zealand",NA,NA
"Q1077593","Andrea Marcato","Andrea Marcato",183,88,"Utility Back",NA,"Italy",NA,NA
"Q1077641","Chris Paterson","Chris Paterson",183,78,"Fly-Half",NA,"Great Britain","Scotland",NA
"Q1079231","Christian Cullen","Christian Cullen",180,85,"Utility Back",NA,"New Zealand",NA,NA
"Q1081019","Daisuke Ohata","Daisuke Ōhata",175,85,"Winger",NA,"Japon",NA,NA
"Q1090659","Renzo Nostini","Renzo Nostini",NA,NA,NA,NA,"Italy",NA,NA
"Q1113393","Quintin Geldenhuys","Quintin Geldenhuys",203,116,"2nd Row",NA,"South Africa","Italy",NA
"Q1113423","Julien Saby","Julien Saby",NA,NA,"Winger",NA,NA,NA,NA
"Q1115849","Jonathan Davies","Jonathan Davies",175,78,"Utility Back",NA,"Great Britain","Wales",NA
"Q1116693","Ramiro Pez","Ramiro Pez",178,86,"Fly-Half",NA,"Argentina","Italy",NA
"Q1117881","Georges Coste","Georges Coste",NA,NA,"Scrum-Half",NA,"France",NA,NA
"Q1125154","Mils Muliaina","Mils Muliaina",183,93,"Fullback",NA,"Samoa","New Zealand",NA
"Q1133612","Tim Visser","Tim Visser",193,106,"Winger",NA,"Netherlands","Scotland",NA
"Q1145792","Fabio Ongaro","Fabio Ongaro",183,104,"Hooker",NA,"Italy",NA,NA
"Q1145820","David Marty","David Marty",180,86,"Centre",NA,"France",NA,"/wiki/Union_Sportive_Arlequins_Perpignanais"
"Q1146089","Pierre Hola","Pierre Hola",182,105,"Utility Back",NA,"Australia","Tonga",NA
"Q1146098","Andrea Masi","Andrea Masi",185,105,"Utility Back",NA,"Italy",NA,NA
"Q1146488","Malcolm O'Kelly","Malcolm O'Kelly",203,119,"2nd Row",NA,"Great Britain","Ireland",NA
"Q1146510","Scott Murray","Scott Murray",199,105,"2nd Row",NA,"Great Britain","Scotland",NA
"Q1150644","Casey Dunning","Casey Dunning",182,115,"Prop",NA,"Canada",NA,NA
"Q1150866","Drew Mitchell","Drew Mitchell",180,85,"Utility Back",NA,"Australia",NA,NA
"Q1151497","Frano Botica","Frano Botica",178,85,"Fly-Half",NA,"New Zealand","New Zealand; Croatia",NA
"Q1151501","Haloti Ngata","Haloti Ngata",193,150,NA,NA,"Tonga",NA,NA
"Q1152152","Finau Maka","Finau Maka",188,110,"2nd Row",NA,"Tonga",NA,NA
"Q1152188","Abdelatif Benazzi","Abdelatif Benazzi",198,115,"2nd Row",NA,"Morocco","France",NA
"Q1152349","Paolo Vaccari","Paolo Vaccari",185,93,"Utility Back",NA,"Italy",NA,NA
"Q1153763","Robin McBryde","Robin McBryde",183,98,"Hooker",NA,"Great Britain","Wales",NA
"Q1158723","Henry Tuilagi","Henry Tuilagi",185,128,"Number 8",NA,"Samoa",NA,"/wiki/Union_Sportive_Arlequins_Perpignanais"
"Q1158997","Dan Biggar","Dan Biggar",188,92,"Fly-Half",NA,"Great Britain","Wales","/wiki/Northampton_Saints"
"Q1159111","Dan Lydiate","Dan Lydiate",193,101,"Flanker",NA,"Great Britain","Wales",NA
"Q1168182","Neil Back","Neil Back",178,89,"3rd Row",NA,"Great Britain","England",NA
"Q1171148","David Skrela","David Skrela",191,94,"Fly-Half",NA,"France",NA,NA
"Q1173751","Julien Arias","Julien Arias",178,82,"Winger",NA,NA,NA,NA
"Q1173922","David Campese","David Campese",180,89,"Winger",NA,"Australia",NA,NA
"Q1174510","Gonzalo Quesada","Gonzalo Quesada",183,88,"Fly-Half",NA,"Argentina",NA,"/wiki/Nazionale_maschile_di_rugby_a_15_dell%27Italia"
"Q1174996","David Kirk","David Kirk",173,73,"Scrum-Half",NA,"New Zealand",NA,NA
"Q1183309","Deiniol Jones","Deiniol Jones",196,115,"2nd Row",NA,"Wales",NA,"/wiki/Cardiff_Rugby"
"Q1209805","Dick Thornett","Dick Thornett",188,104,"1st Row",NA,NA,"Australia",NA
"Q1220419","Diego Domínguez","Diego Domínguez",173,76,"Fly-Half",NA,"Argentina","Argentina; Italy",NA
"Q1248312","Ma'a Nonu","Ma'a Nonu",183,104,"Centre",NA,"New Zealand",NA,NA
"Q1251763","Doug Howlett","Doug Howlett",185,93,"Winger",NA,"New Zealand",NA,NA
"Q1255252","James Cecil Parke","James Cecil Parke",NA,NA,NA,NA,"Ireland",NA,NA
"Q1290991","Eduardo Guerrero","Eduardo Guerrero",NA,NA,NA,NA,"Argentina",NA,NA
"Q1308117","Pierre Spies","Pierre Spies",196,110,"Number 8",NA,"South Africa",NA,NA
"Q1322456","Serge Blanco","Serge Blanco",185,85,"Utility Back",NA,"Venezuela","France",NA
"Q1333347","Robbie Deans","Robbie Deans",180,79,"Fullback",NA,"New Zealand",NA,NA
"Q1340053","Pierre Failliot","Pierre Failliot",NA,NA,NA,NA,"France",NA,NA
"Q1343583","Kenta Kobashi","Kenta Kobashi",NA,NA,NA,NA,"Japon",NA,NA
"Q1349233","Thierry Dusautoir","Thierry Dusautoir",188,101,"Flanker",NA,"Ivory Coast","France",NA
"Q1354535","Reginald Baker","Snowy Baker",178,NA,NA,NA,"Australia",NA,NA
"Q1364292","Albert Henry","Albert Henry",NA,NA,NA,NA,NA,NA,NA
"Q1372070","Euan Murray","Euan Murray",188,115,"Prop",NA,"Great Britain","Scotland","/wiki/Section_Paloise"
"Q1375848","Piri Weepu","Piri Weepu",178,96,"Scrum-Half",NA,"New Zealand",NA,NA
"Q1380216","Graham Henry","Graham Henry",NA,NA,NA,NA,"New Zealand",NA,NA
"Q1380259","Lee Byrne","Lee Byrne",191,96,"Fullback",NA,"Wales",NA,NA
"Q1380938","Stephen Jones","Stephen Jones",183,95,"Fly-Half",NA,"Great Britain","Wales",NA
"Q1381032","Phil Bennett","Phil Bennett",170,72,"Fly-Half",NA,"Great Britain","Wales",NA
"Q1381089","Gareth Edwards","Gareth Edwards",173,75,"Scrum-Half",NA,"Great Britain","Wales",NA
"Q1381233","Neil Jenkins","Neil Jenkins",178,86,"Fly-Half",NA,"Great Britain","Wales",NA
"Q1381758","Nicky Little","Nicky Little",183,96,"Fly-Half",NA,"New Zealand","Fiji","/wiki/Bristol_Rugby"
"Q1381928","Lawrence Dallaglio","Lawrence Dallaglio",191,112,"3rd Row",NA,"Great Britain","England",NA
"Q1386045","Juan Martín Hernández","Juan Martín Hernández",187,90,"Utility Back",NA,"Argentina",NA,NA
"Q1386825","Ryan Jones","Ryan Jones",196,114,"Number 8",NA,"Great Britain","Wales",NA
"Q1386944","Mike Tindall","Mike Tindall",187,105,"Centre",NA,"Great Britain","England",NA
"Q1388702","Keith Wood","Keith Wood",183,106,"Hooker",NA,"Ireland","Ireland",NA
"Q1390425","Fabien Pelous","Fabien Pelous",198,118,"2nd Row",NA,"France",NA,NA
"Q1390892","Morné Steyn","Morné Steyn",184,90,"Fly-Half",NA,"South Africa",NA,NA
"Q1390916","Jaque Fourie","Jaque Fourie",190,105,"Centre",NA,"South Africa",NA,"/wiki/Western_Province"
"Q1391022","JP Pietersen","JP Pietersen",191,102,"Winger",NA,"South Africa",NA,"/wiki/Natal_Sharks"
"Q1392497","Peter de Villiers","Peter de Villiers",165,70,"Scrum-Half",NA,"South Africa",NA,NA
"Q1396331","Frédéric Michalak","Frédéric Michalak",183,78,"Fly-Half",NA,"France",NA,NA
"Q1396771","John Smit","John Smit",188,116,"Hooker",NA,"South Africa",NA,NA
"Q1398207","Penaia Ganilau","Penaia Ganilau",NA,NA,NA,NA,NA,NA,NA
"Q1398346","Leigh Halfpenny","Leigh Halfpenny",178,85,"Utility Back",NA,"Great Britain","Wales",NA
"Q1400144","Jonathan Sexton","Jonathan Sexton",188,92,"Fly-Half",NA,"Ireland","Ireland",NA
"Q1402244","Gonzalo Tiesi","Gonzalo Tiesi",184,92,"Centre",NA,"Argentina",NA,NA
"Q1402511","Clément Poitrenaud","Clément Poitrenaud",188,92,"Fullback",NA,"France",NA,NA
"Q1403116","Arthur Gould","Arthur Gould",NA,NA,"Centre; Fullback",NA,"Wales",NA,NA
"Q1403131","Graham Price","Graham Price",183,97,"Prop",NA,"Egypt","Wales",NA
"Q1403137","Dewi Bebb","Dewi Bebb",176,72,"Winger",NA,"Great Britain","Wales",NA
"Q1403150","Derek Quinnell","Derek Quinnell",192,105,"Number 8",NA,"Great Britain","Wales",NA
"Q1403274","Johan Ackermann","Johan Ackermann",196,110,"2nd Row",NA,"South Africa",NA,NA
"Q1403617","Juan Manuel Leguizamón","Juan Manuel Leguizamón",190,100,"Flanker",NA,"Argentina",NA,"/wiki/Seattle_Seawolves"
"Q1403952","Rob Andrew","Rob Andrew",175,80,"Fly-Half",NA,"Great Britain","England",NA
"Q1404165","Jeff Probyn","Jeff Probyn",178,102,"Prop",NA,"Great Britain","England",NA
"Q1404569","Gareth Jenkins","Gareth Jenkins",185,87,"Flanker",NA,"Great Britain","Wales",NA
"Q1404576","Mike Ruddock","Mike Ruddock",NA,NA,"Flanker",NA,"Great Britain","Wales",NA
"Q1404832","Perry Freshwater","Perry Freshwater",180,109,"Prop",NA,"New Zealand","England",NA
"Q1407412","Watcyn Thomas","Watcyn Thomas",NA,NA,"Number 8",NA,"Wales",NA,NA
"Q1409027","Adam Ashley-Cooper","Adam Ashley-Cooper",182,98,"Utility Back",NA,"Australia",NA,NA
"Q1410667","Stephen Moore","Stephen Moore",186,112,"Hooker",NA,"Saudi Arabia","Australia",NA
"Q1410678","Wycliff Palu","Wycliff Palu",194,120,"2nd Row",NA,"Australia",NA,"/wiki/Toyota_Verblitz"
"Q1421403","Nathan Sharpe","Nathan Sharpe",200,115,"2nd Row",NA,"Australia",NA,NA
"Q1421525","Marcello Cuttitta","Marcello Cuttitta",181,98,"Winger",NA,"Italy",NA,NA
"Q1432627","Ignacio Corleto","Ignacio Corleto",185,92,"Fullback",NA,"Argentina",NA,NA
"Q1440699","Fran Cotton","Fran Cotton",189,105,"Prop",NA,"Great Britain","England",NA
"Q1445873","Peter Stringer","Peter Stringer",170,73,"Scrum-Half",NA,"Ireland","Ireland",NA
"Q1451857","Andy Ripley","Andy Ripley",196,100,"Number 8",NA,"Great Britain","England",NA
"Q1452535","Frédéric Cermeno","Frédéric Cermeno",175,79,"Utility Back",NA,"France",NA,NA
"Q1455146","Massimo Giovanelli","Massimo Giovanelli",185,104,"3rd Row",NA,"Italy",NA,NA
"Q1469095","Luke McLean","Luke McLean",191,96,"Utility Back",NA,"Australia","Italy",NA
"Q1496438","Gavin Henson","Gavin Henson",183,100,"Centre",NA,"Great Britain","Wales",NA
"Q1507452","George Gregan","George Gregan",173,79,"Scrum-Half",NA,"Zambia","Australia",NA
"Q1544987","Greg Somerville","Greg Somerville",185,113,"Prop",NA,"New Zealand",NA,NA
"Q1558855","Paul James","Paul James",185,116,"Prop",NA,"Great Britain","Wales",NA
"Q1606696","Lucas Borges","Lucas Borges",177,80,"Winger",NA,"Argentina",NA,NA
"Q1611133","Pierre Mignoni","Pierre Mignoni",167,75,"Scrum-Half",NA,"France",NA,NA
"Q1613680","Yannick Bru","Yannick Bru",180,98,"Hooker",NA,"France",NA,NA
"Q1617770","Lloyd Johansson","Lloyd Johansson",181,105,"Centre",NA,"Australia",NA,NA
"Q1617787","Tony Marsh","Tony Marsh",186,97,"Centre",NA,"New Zealand","France",NA
"Q1619707","Matthieu Lièvremont","Matthieu Lièvremont",185,99,"3rd Row",NA,"France",NA,"/wiki/Union_sportive_dacquoise"
"Q1620977","Jeff Young","Jeff Young",NA,NA,"Hooker",NA,"Wales",NA,NA
"Q1626795","Thierry Lacroix","Thierry Lacroix",184,85,"Fly-Half",NA,"France",NA,NA
"Q1627760","Jean-Baptiste Lafond","Jean-Baptiste Lafond",180,82,"Utility Back",NA,"France",NA,NA
"Q1637651","André Boniface","André Boniface",179,82,"Winger",NA,"France",NA,NA
"Q1638027","Alexis Palisson","Alexis Palisson",176,78,"Winger",NA,"France",NA,"/wiki/Union_sportive_Colomiers_rugby"
"Q1638162","Maxime Mermoz","Maxime Mermoz",180,95,"Centre",NA,NA,NA,NA
"Q1638760","Pascal Papé","Pascal Papé",196,114,"2nd Row",NA,"France",NA,NA
"Q1638997","Damien Chouly","Damien Chouly",192,108,"Flanker",NA,"France",NA,"/wiki/Union_Sportive_Arlequins_Perpignanais"
"Q1639698","Dan Vickerman","Daniel Vickerman",204,119,"2nd Row",NA,"South Africa","Australia",NA
"Q1645731","Alain Rolland","Alain Rolland",178,80,"Scrum-Half",NA,"Ireland","Ireland",NA
"Q1645792","Santiago Phelan","Santiago Phelan",187,92,"3rd Row",NA,"Argentina",NA,NA
"Q1648228","Carlos Ignacio Fernández Lobbe","Ignacio Fernández Lobbe",194,110,"2nd Row",NA,"Argentina",NA,NA
"Q1649008","Federico Méndez","Federico Méndez",183,107,"Prop",NA,"Argentina",NA,NA
"Q1649199","Rolando Martín","Rolando Martín",189,99,"3rd Row",NA,"U.S.A.","Argentina",NA
"Q1649587","Jake White","Jake White",NA,NA,NA,NA,"South Africa",NA,NA
"Q1650753","Diego Albanese","Diego Albanese",174,78,"Winger",NA,"Argentina",NA,NA
"Q1680577","James Hook","James Hook",183,96,"Utility Back",NA,"Great Britain","Wales",NA
"Q1683939","Jason Leonard","Jason Leonard",178,111,"Prop",NA,"Great Britain","England",NA
"Q1700866","John Lloyd","John Lloyd",NA,NA,"Prop",NA,"Great Britain","Wales",NA
"Q1720081","Scott Quinnell","Scott Quinnell",193,120,"Prop; 2nd Row",NA,"Great Britain","Wales",NA
"Q1727793","Stephen Ferris","Stephen Ferris",193,116,"Flanker",NA,"Great Britain","Ireland",NA
"Q1747980","Lisandro Arbizu","Lisandro Arbizu",174,80,"Fly-Half",NA,"Argentina",NA,NA
"Q1768469","Rob Waddell","Rob Waddell",200,103,NA,NA,"New Zealand",NA,NA
"Q1773628","Eddie Jones","Eddie Jones",NA,NA,"Hooker",NA,"Australia",NA,NA
"Q1775702","Stan Pilecki","Stan Pilecki",NA,NA,"Prop",NA,"Germany","Australia",NA
"Q1814785","Norman Borrett","Norman Borrett",NA,NA,NA,NA,"Great Britain",NA,NA
"Q1896655","Rory Best","Rory Best",180,106,"Hooker",NA,"Great Britain","Ireland",NA
"Q1909280","Matt Todd","Matt Todd",185,104,"Flanker",NA,"New Zealand",NA,NA
"Q1984070","Mat Rogers","Mat Rogers",183,85,"Utility Back",NA,"Australia","Australia",NA
"Q1988054","Toutai Kefu","Toutai Kefu",190,111,"Number 8",NA,"Tonga","Australia",NA
"Q1988772","Tiaan Strauss","Tiaan Strauss",188,104,"Number 8",NA,"South Africa","South Africa; Australia",NA
"Q1989492","Nigel Barker","Nigel Barker",NA,NA,NA,NA,"Australia",NA,NA
"Q1992030","Heinrich Reitz","Heinrich Reitz",NA,NA,"Centre",NA,"Germany",NA,NA
"Q1992038","Jacob Herrmann","Jacob Herrmann",NA,NA,"Centre",NA,"Germany",NA,NA
"Q1992089","Jean Hervé","Jean Hervé",NA,NA,NA,NA,"France",NA,NA
"Q1992095","Arnold Landvoigt","Arnold Landvoigt",173,77,"Winger",NA,"Germany",NA,NA
"Q1992104","Fritz Müller","Fritz Müller",NA,NA,"Prop",NA,"Germany",NA,NA
"Q1992406","Eduard Poppe","Eduard Poppe",NA,NA,"Flanker",NA,"Germany",NA,NA
"Q1992432","Willy Hofmeister","Willy Hofmeister",NA,NA,"2nd Row",NA,"Germany",NA,NA
"Q1993074","Hans Latscha","Hans Latscha",NA,NA,"Prop",NA,"Germany",NA,NA
"Q1997696","Bismarck du Plessis","Bismarck du Plessis",188,111,"Hooker",NA,"South Africa",NA,"/wiki/Bulls_(rugby_a_15)"
"Q1999454","Tana Umaga","Tana Umaga",187,100,"Centre",NA,"New Zealand",NA,NA
"Q2000145","Bobby Skinstad","Bobby Skinstad",193,105,"3rd Row",NA,"South Africa","South Africa",NA
"Q2000155","Johann Muller","Johann Muller",201,106,"2nd Row",NA,"South Africa",NA,NA
"Q2012819","Jaco van der Westhuyzen","Jaco van der Westhuyzen",201,86,"Utility Back",NA,"South Africa",NA,"/wiki/Blue_Bulls"
"Q2014424","Stefan Terblanche","Stefan Terblanche",183,95,"Centre",NA,"South Africa",NA,NA
"Q2014449","Rudolf Straeuli","Rudolf Straeuli",191,110,"Number 8",NA,"South Africa",NA,NA
"Q2015500","Adrian Garvey","Adrian Garvey",191,118,"Prop",NA,"Zimbabwe","Zimbabwe; South Africa",NA
"Q2016678","Tommaso Benvenuti","Tommaso Benvenuti",186,95,"Centre",NA,"Italy",NA,NA
"Q2016688","Chiliboy Ralepelle","Chiliboy Ralepelle",178,103,"Hooker",NA,"South Africa",NA,NA
"Q2019466","Takudzwa Ngwenya","Takudzwa Ngwenya",177,85,"Winger",NA,"Zimbabwe","U.S.A.",NA
"Q2021505","André Vos","André Vos",196,105,"3rd Row",NA,"South Africa",NA,NA
"Q2021513","Rassie Erasmus","Rassie Erasmus",191,100,"3rd Row",NA,"South Africa",NA,NA
"Q2036406","Martin Johnson","Martin Johnson",201,119,"2nd Row",NA,"Great Britain","England",NA
"Q2038034","Paul O'Connell","Paul O'Connell",198,112,"2nd Row",NA,"Ireland","Ireland",NA
"Q2051641","William Servat","William Servat",185,106,"Hooker",NA,"France",NA,NA
"Q2053062","Matt Banahan","Matt Banahan",201,105,"Utility Back",NA,"Great Britain","England","/wiki/Gloucester_Rugby"
"Q2053152","Jerome Kaino","Jerome Kaino",196,109,"Flanker",NA,"American Samoa","New Zealand",NA
"Q2053771","Luc Ducalcon","Luc Ducalcon",183,114,"Prop",NA,"France",NA,NA
"Q2053942","Adriaan Richter","Adriaan Richter",196,100,"Number 8",NA,"South Africa",NA,NA
"Q2053950","Heinrich Brüssow","Heinrich Brüssow",180,102,"3rd Row",NA,"South Africa",NA,NA
"Q2053955","Gary Teichmann","Gary Teichmann",196,100,"Number 8",NA,"South Africa","South Africa",NA
"Q2053962","Francois Louw","Francois Louw",191,112,"Flanker",NA,"South Africa",NA,NA
"Q2054018","Raphaël Lakafia","Raphaël Lakafia",193,108,"3rd Row",NA,"France",NA,"/wiki/Rugby_Club_Toulonnais"
"Q2054824","Guy Novès","Guy Novès",180,78,"Winger",NA,"France",NA,NA
"Q2054904","Jean-Marc Doussain","Jean-Marc Doussain",175,91,"Fly-Half",NA,"France",NA,"/wiki/Lyon_Olympique_Universitaire_Rugby"
"Q2055503","Julien Pierre","Julien Pierre",198,106,"2nd Row",NA,"France",NA,NA
"Q2056292","Gio Aplon","Gio Aplon",175,76,"Utility Back",NA,"South Africa",NA,"/wiki/Toyota_Verblitz"
"Q2056296","Odwa Ndungane","Odwa Ndungane",185,96,"Winger",NA,"South Africa",NA,"/wiki/Natal_Sharks"
"Q2056300","Francois Hougaard","Francois Hougaard",179,91,"Scrum-Half",NA,"South Africa",NA,"/wiki/Saracens_Football_Club"
"Q2061836","Freddie Tuilagi","Freddie Tuilagi",180,102,"Utility Back",NA,"Samoa",NA,NA
"Q2063331","Scott Higginbotham","Scott Higginbotham",196,110,"Number 8",NA,"Australia",NA,"/wiki/Union_Bordeaux_B%C3%A8gles"
"Q2063763","Saia Fainga'a","Saia Fainga'a",187,108,"Hooker",NA,"Australia",NA,NA
"Q2064248","Sekope Kepu","Sekope Kepu",188,120,"Prop",NA,"Australia",NA,NA
"Q2065222","Salesi Ma'afu","Salesi Ma'afu",183,122,"Prop",NA,"Australia",NA,"/wiki/Racing_Club_Narbonne"
"Q2066416","Tatafu Polota-Nau","Tatafu Polota-Nau",180,113,"Hooker",NA,"Australia",NA,NA
"Q2067610","Victor Matfield","Victor Matfield",201,109,"2nd Row",NA,"South Africa",NA,NA
"Q2069565","Rob Simmons","Rob Simmons",196,115,"2nd Row",NA,"Australia",NA,"/wiki/London_Irish_Rugby_Football_Club"
"Q2074817","Kurtley Beale","Kurtley Beale",185,90,"Utility Back",NA,"Australia",NA,NA
"Q2074930","Luke Burgess","Luke Burgess",180,89,"Scrum-Half",NA,"Australia",NA,NA
"Q2080001","Rob Horne","Rob Horne",186,90,"Centre",NA,"Australia",NA,"/wiki/Northampton_Saints"
"Q2080039","Anthony Fainga'a","Anthony Fainga'a",183,92,"Centre",NA,"Australia",NA,NA
"Q2080642","Mamuka Gorgodze","Mamuka Gorgodze",196,118,"3rd Row",NA,"Soviet Union","Georgia",NA
"Q2082385","Digby Ioane","Digby Ioane",183,96,"Utility Back",NA,"New Zealand","Australia","/wiki/Saitama_Wild_Knights"
"Q2082391","Pat McCabe","Pat McCabe",186,92,"Fullback",NA,"Australia",NA,NA
"Q2084110","Nicholas Phipps","Nick Phipps",180,87,"Scrum-Half",NA,"Australia",NA,"/wiki/London_Irish_Rugby_Football_Club"
"Q2085483","Adam Thomson","Adam Thomson",196,110,"3rd Row",NA,"New Zealand",NA,NA
"Q2086349","Philip Moore, Baron Moore of Wolvercote","Philip Moore",NA,NA,NA,NA,NA,NA,NA
"Q2149806","Richard Hibbard","Richard Hibbard",183,114,"Hooker",NA,"Great Britain","Wales",NA
"Q2164605","Jean Collas","Jean Collas",NA,NA,NA,NA,"France",NA,NA
"Q2164614","Joseph Olivier","Joseph Olivier",180,74,"Prop",NA,"France",NA,NA
"Q2182964","Maxime Médard","Maxime Médard",180,89,"Utility Back",NA,"France",NA,"/wiki/Stade_Toulousain"
"Q2203638","James O'Connor","James O’Connor",177,84,"Utility Back",NA,"Australia",NA,NA
"Q2244780","James Slipper","James Slipper",185,117,"Prop",NA,"Australia",NA,NA
"Q2249503","Keven Mealamu","Keven Mealamu",181,111,"Hooker",NA,"New Zealand",NA,NA
"Q2250641","Sean Lamont","Sean Lamont",191,105,"Utility Back",NA,"Great Britain","Scotland",NA
"Q2251158","Bernard Laporte","Bernard Laporte",NA,NA,"Scrum-Half",NA,"France",NA,NA
"Q2251828","Alastair Kellock","Alastair Kellock",203,114,"2nd Row",NA,"Scotland",NA,"/wiki/Glasgow_Warriors"
"Q2272950","Joel Stransky","Joël Stransky",179,86,"Fly-Half",NA,"South Africa",NA,NA
"Q2278053","Sylvain Marconnet","Sylvain Marconnet",183,113,"3rd Row",NA,"France",NA,NA
"Q2278517","Ben Cohen","Ben Cohen",188,103,"Winger",NA,"Great Britain","England",NA
"Q2278581","Pieter de Villiers","Pieter de Villiers",188,111,"Prop",NA,"South Africa","France",NA
"Q2280214","Julien Bonnaire","Julien Bonnaire",193,102,"3rd Row",NA,"France",NA,NA
"Q2280233","Gonzalo Canale","Gonzalo Canale",182,90,"Centre",NA,"Argentina","Italy",NA
"Q2282348","Andrea Lo Cicero","Andrea Lo Cicero",185,112,"Prop",NA,"Italy",NA,NA
"Q2282931","Chester Williams","Chester Williams",174,84,"Winger",NA,"South Africa",NA,NA
"Q2288228","Roland de Marigny","Roland de Marigny",183,90,"Fullback",NA,"South Africa","Italy",NA
"Q2289971","Scott Hamilton","Scott Hamilton",190,95,"Utility Back",NA,"New Zealand",NA,NA
"Q2296866","Alesana Tuilagi","Alesana Tuilagi",185,124,"Winger",NA,"Samoa",NA,NA
"Q2303583","Rocky Elsom","Rocky Elsom",197,112,"Flanker",NA,"Australia",NA,"/wiki/Racing_Club_Narbonne"
"Q2303942","Martin Bayfield","Martin Bayfield",208,121,"2nd Row",NA,"Great Britain","England",NA
"Q2309883","James Small","James Small",183,93,"Winger",NA,"South Africa",NA,NA
"Q2313220","Federico Martín Aramburú","Federico Martín Aramburú",183,86,"Centre",NA,"Argentina",NA,NA
"Q2314505","Bernard Lapasset",NA,NA,NA,NA,NA,NA,NA,NA
"Q2314755","Alexander Obolensky","Aleksandr Obolenskij",NA,NA,"Winger",NA,"Russia","England",NA
"Q2333026","Lionel Beauxis","Lionel Beauxis",180,89,"Fly-Half",NA,"France",NA,"/wiki/Oyonnax_Rugby"
"Q2333694","Rimas Álvarez Kairelis","Rimas Álvarez Kairelis",199,107,"2nd Row",NA,"Argentina",NA,NA
"Q2334843","Fabien Galthié","Fabien Galthié",183,84,"Scrum-Half",NA,NA,NA,NA
"Q2342037","Marc Lièvremont","Marc Lièvremont",183,92,"3rd Row",NA,"Senegal","France",NA
"Q2342896","Kenzo Suzuki","Kenso",NA,NA,NA,NA,"Japon",NA,NA
"Q2346730","Davit Zirakashvili","Davit Zirakašvili",178,113,"Prop",NA,"Soviet Union","Georgia",NA
"Q2359466","Guilhem Guirado","Guilhem Guirado",183,105,"Hooker",NA,"France",NA,"/wiki/Montpellier_H%C3%A9rault_Rugby"
"Q2361687","Darren Junee","Darren Junee",178,89,"Fullback",NA,"Australia",NA,NA
"Q2362012","Thomas Domingo","Thomas Domingo",175,118,"Prop",NA,"France",NA,NA
"Q2362025","Vincent Debaty","Vincent Debaty",190,122,"Prop",NA,"Belgium","France","/wiki/Oyonnax_Rugby"
"Q2373851","Josh Sole","Josh Sole",196,110,"Flanker",NA,"New Zealand","Italy",NA
"Q2377378","Courtney Lawes","Courtney Lawes",201,114,"2nd Row",NA,"Great Britain","England","/wiki/Club_athl%C3%A9tique_Brive_Corr%C3%A8ze_Limousin"
"Q2394577","Romeo Gontineac","Romeo Gontineac",NA,NA,"Centre",NA,"Romania",NA,NA
"Q2397086","Arturo Bergamasco","Arturo Bergamasco",NA,NA,"3rd Row",NA,"Italy",NA,NA
"Q2397187","Horacio Agulla","Horacio Agulla",181,90,"Utility Back",NA,"Argentina",NA,"/wiki/Hind%C3%BA_Club"
"Q2401959","Martín Scelzo","Martín Scelzo",190,126,"Prop",NA,"Argentina",NA,NA
"Q2411645","Juan Lanza","Juan Lanza",NA,NA,"Winger",NA,"Argentina",NA,NA
"Q2415577","Fabrice Estebanez","Fabrice Estebanez",186,98,"Centre",NA,"France","France",NA
"Q2420452","Dean Richards","Dean Richards",191,121,"Number 8",NA,"Great Britain","England",NA
"Q2424180","Robert Barbieri","Robert Barbieri",185,104,"Flanker",NA,"Canada","Italy",NA
"Q2440114","Tom Smith","Tom Smith",178,108,"Prop",NA,"Great Britain","Scotland",NA
"Q2442574","Tony Gray","Tony Gray",NA,NA,"Flanker",NA,"Great Britain","Wales",NA
"Q2443371","Erich Ludwig","Erich Ludwig",NA,NA,"Winger",NA,"Germany",NA,NA
"Q2443428","Hermann Kreuzer","Hermann Kreuzer",NA,NA,"Fullback",NA,"Germany",NA,NA
"Q2443618","Richard Ludwig","Richard Ludwig",NA,NA,"Flanker",NA,"Germany",NA,NA
"Q2443936","Victor Lardanchet","Victor Lardanchet",NA,NA,NA,NA,"France",NA,NA
"Q2464963","Morgan Parra","Morgan Parra",180,77,"Scrum-Half",NA,"France",NA,"/wiki/Association_sportive_montferrandaise_Clermont_Auvergne"
"Q2465068","Elvis Vermeulen","Elvis Vermeulen",189,113,"Number 8",NA,"France",NA,"/wiki/Association_sportive_montferrandaise_Clermont_Auvergne"
"Q2469802","Arnold Watson Hutton","Arnold Watson Hutton",NA,NA,NA,NA,"Argentina",NA,NA
"Q2472720","Vladislav Korshunov","Vladislav Koršunov",183,105,"Hooker",NA,"Soviet Union","Russia","/wiki/VVA-Podmoskov%27e"
"Q2476819","Rupeni Caucaunibuca","Rupeni Caucaunibuca",180,96,"Utility Back",NA,"Fiji",NA,NA
"Q2480198","Jacques Brunel","Jacques Brunel",NA,NA,"Fullback",NA,"France",NA,NA
"Q2481789","Sonny Bill Williams","Sonny Bill Williams",191,108,"2nd Row",NA,NA,"New Zealand","/wiki/Sydney_Roosters"
"Q2524252","Carlos Deltour","Carlos Deltour",NA,NA,NA,NA,"France",NA,NA
"Q2557424","Steve Hansen","Steve Hansen",NA,92,"Centre",NA,"New Zealand",NA,NA
"Q2568753","Ruan Pienaar","Ruan Pienaar",188,83,"Scrum-Half",NA,"South Africa",NA,"/wiki/Free_State_Cheetahs"
"Q2578953","William Hirigoyen","Marcel Gayraud-Hirigoyen",176,NA,"Hooker",NA,"France",NA,NA
"Q2602308","Yves du Manoir","Yves du Manoir",170,NA,"Fly-Half",NA,"France",NA,NA
"Q2603439","Alan Davies","Alan Davies",NA,NA,NA,NA,"Wales",NA,NA
"Q2607117","Mario Ledesma","Mario Ledesma",183,110,"Hooker",NA,"Argentina",NA,NA
"Q2608846","Dimitri Yachvili","Dimitri Yachvili",182,84,"Scrum-Half",NA,"France",NA,NA
"Q2635850","David Robertson","David Robertson",NA,NA,"Three-Quarter",NA,"Great Britain",NA,NA
"Q2636049","Franz Albert Amrhein","Albert Amrhein",NA,NA,"Prop",NA,"Germany",NA,NA
"Q2636058","André Roosevelt","Albert Roosevelt",NA,NA,"Flanker",NA,"France",NA,NA
"Q2636456","Jean-Guy Gautier","Jean-Guy Gautier",NA,NA,"2nd Row",NA,"France",NA,NA
"Q2636650","Léon Binoche","Léon Binoche",NA,NA,"Fly-Half",NA,"France",NA,NA
"Q2700940","Hubert Lefèbvre","Hubert Lefèbvre",168,65,"2nd Row",NA,"France",NA,NA
"Q2701263","André Rischmann","André Rischmann",NA,NA,NA,NA,"France",NA,NA
"Q2701355","Auguste Giroux","Auguste Giroux",168,65,NA,NA,"France",NA,NA
"Q2701529","Alexandre Pharamond","Alexandre Pharamond",164,80,"Fullback",NA,"France",NA,NA
"Q2735105","François Trinh-Duc","François Trinh-Duc",184,82,"Fly-Half",NA,"France",NA,"/wiki/Racing_92"
"Q2738926","Damien Traille","Damien Traille",193,105,"Utility Back",NA,"France",NA,"/wiki/Section_Paloise"
"Q2739194","Aurélien Rougerie","Aurélien Rougerie",194,95,"Centre",NA,"France",NA,NA
"Q2742643","Merab Kvirikashvili","Merab Kvirikashvili",177,80,"Utility Back",NA,"Soviet Union","Georgia",NA
"Q2755519","Nigel Walker","Nigel Walker",180,76,"Winger",NA,"Great Britain","Wales",NA
"Q2761879","Radike Samo","Radike Samo",198,116,"2nd Row",NA,"Fiji","Australia",NA
"Q2777809","David Pocock","David Pocock",181,101,"Flanker",NA,"Zimbabwe","Australia",NA
"Q2779131","Danie Gerber","Daniel Mattheus Gerber",187,90,"Centre",NA,"South Africa",NA,NA
"Q2784728","Patricio Noriega","Patricio Noriega",185,119,"Prop",NA,"Argentina","Argentina; Australia",NA
"Q2817187","Scott Palmer","Scott Palmer",193,100,"Flanker",NA,"New Zealand","Italy",NA
"Q2820082","Aaron Persico","Aaron Persico",183,94,"Flanker",NA,"New Zealand","Italy",NA
"Q2823947","Adam Freier","Adam Freier",175,101,"Hooker",NA,"Australia",NA,NA
"Q2825023","Adrian Durston","Adrian Durston",183,89,"Fullback",NA,"Great Britain","Wales",NA
"Q2825031","Adrian Hadley","Adrian Hadley",NA,NA,NA,NA,"Wales",NA,NA
"Q2825053","Adrian Stoop","Adrian Stoop",NA,NA,"Fly-Half",NA,"Great Britain","England",NA
"Q2827350","Agustín Creevy","Agustín Creevy",183,110,"Hooker",NA,"Argentina",NA,NA
"Q2828064","Aimé Giral","Aimé Giral",177,77,"Fly-Half",NA,"France",NA,NA
"Q2829303","Al Baxter","Al Baxter",190,116,"Prop",NA,"Australia",NA,NA
"Q2830046","Alain Lorieux","Alain Lorieux",196,109,"2nd Row",NA,"France",NA,NA
"Q2830436","Alama Ieremia","Alama Ieremia",186,100,"Centre",NA,"Samoa","Samoa; New Zealand",NA
"Q2830602","Alan Tait","Alan Tait",180,95,"Centre",NA,"Great Britain","Scotland",NA
"Q2830613","Alan Whetton","Alan Whetton",193,100,"Flanker",NA,"New Zealand",NA,NA
"Q2830674","Alasdair Dickinson","Alasdair Dickinson",185,111,"Prop",NA,"Great Britain","Scotland",NA
"Q2830676","Alasdair Strokosch","Alasdair Strokosch",191,107,"Flanker",NA,"Great Britain","Scotland",NA
"Q2831053","Albert Cigagna","Albert Cigagna",186,105,"Number 8",NA,"France",NA,NA
"Q2831172","Albert Ferrasse","Albert Ferrasse",NA,NA,"2nd Row",NA,"France",NA,NA
"Q2831618","Albert van den Berg","Albert van den Berg",201,107,"2nd Row",NA,"South Africa",NA,NA
"Q2831761","Alberto de Marchi","Alberto De Marchi",183,123,"Prop",NA,"Italy",NA,NA
"Q2831762","Alberto Di Bernardo","Alberto Di Bernardo",178,85,"Fly-Half",NA,"Argentina","Argentina; Italy",NA
"Q2831832","Alberto Sgarbi","Alberto Sgarbi",192,101,"Centre",NA,"Italy",NA,"/wiki/Petrarca_Rugby"
"Q2831847","Alberto Vernet Basualdo","Alberto Vernet Basualdo",189,102,"Hooker",NA,"Argentina",NA,NA
"Q2832401","Aled de Malmanche","Aled de Malmanche",185,110,"Hooker",NA,"New Zealand",NA,"/wiki/Stade_fran%C3%A7ais_Paris_rugby"
"Q2832786","Alessandro Ghini","Alessandro Ghini",173,80,"Scrum-Half",NA,"Italy",NA,NA
"Q2832797","Alex Moreno","Alejandro Moreno",182,112,"Prop",NA,"Argentina","Argentina; Italy",NA
"Q2832802","Alessandro Moscardi","Alessandro Moscardi",185,100,"Hooker",NA,"Italy",NA,NA
"Q2832819","Cristian Stoica","Cristian Stoica",188,98,"Centre",NA,"Romania","Italy",NA
"Q2832832","Alessandro Zanni","Alessandro Zanni",195,105,"Flanker",NA,"Italy",NA,NA
"Q2832843","Alessio Galante","Alessio Galante",NA,NA,"Winger",NA,"Italy",NA,NA
"Q2832924","Alex Corbisiero","Alex Corbisiero",185,120,"Prop",NA,"U.S.A.","England","/wiki/Northampton_Saints"
"Q2832979","Alex King","Alex King",183,92,"Fly-Half",NA,"Great Britain","England",NA
"Q2833641","Alexandre Dumoulin","Alexandre Dumoulin",190,104,"Centre",NA,"France",NA,NA
"Q2833670","Alexandre Flanquart","Alexandre Flanquart",204,120,"2nd Row",NA,"France",NA,"/wiki/Union_Bordeaux_B%C3%A8gles"
"Q2833812","Alexandre Lapandry","Alexandre Lapandry",193,101,"Flanker",NA,"France",NA,"/wiki/Association_sportive_montferrandaise_Clermont_Auvergne"
"Q2836265","Ali Koko","Ali Koko",184,NA,"Winger",NA,"American Samoa","Samoa",NA
"Q2837292","Alix Popham","Alix Popham",191,108,"Flanker",NA,"Great Britain","Wales",NA
"Q2837676","Allan Bateman","Allan Bateman",175,84,"Centre",NA,"Great Britain","Wales",NA
"Q2837722","Allan Jacobsen","Allan Jacobsen",178,117,"Prop",NA,"Scotland",NA,NA
"Q2837744","Allan Martin","Allan Martin",NA,NA,"2nd Row",NA,"Wales",NA,NA
"Q2838356","Allister Hogg","Allister Hogg",190,101,"Number 8",NA,"Great Britain","Scotland","/wiki/Newcastle_Falcons"
"Q2840543","Alun Pask","Alun Pask",188,90,"Number 8",NA,"Great Britain","Wales",NA
"Q2841072","Oriol Ripol","Oriol Ripol",174,73,"Winger",NA,"Spain",NA,NA
"Q2843934","Amos du Plooy","Amos du Plooy",186,97,"Prop",NA,"South Africa",NA,NA
"Q2844645","Amédée Domenech","Amédée Domenech",180,95,"Prop",NA,"France",NA,NA
"Q2846294","Andrea Bacchetti","Andrea Bacchetti",184,94,"Winger",NA,"Italy",NA,"/wiki/Rugby_Rovigo_Delta"
"Q2846301","Andrea Benatti","Andrea Benatti",191,97,"3rd Row",NA,"Italy",NA,NA
"Q2846319","Andrea Castellani","Andrea Castellani",191,110,"Prop",NA,"Italy",NA,NA
"Q2846324","Andrea de Rossi","Andrea De Rossi",185,98,"Number 8",NA,"Italy",NA,NA
"Q2846342","Andrea Gritti","Andrea Gritti",200,103,"2nd Row",NA,"Italy",NA,NA
"Q2846414","Andrea Sgorlon","Andrea Sgorlon",180,93,"Flanker",NA,"Italy",NA,NA
"Q2846498","Andriy Kovalenco","Andrej Kovalenko",180,80,"Fly-Half",NA,"Soviet Union","Ukraine; Spain",NA
"Q2846568","Andrew Blades","Andrew Blades",175,110,"Prop",NA,"Australia",NA,NA
"Q2846631","Andrew Henderson","Andrew Henderson",193,97,"Centre",NA,"Great Britain","Scotland",NA
"Q2846661","Andrew Leeds","Andrew Leeds",185,89,"Fullback",NA,"Australia",NA,NA
"Q2846734","Andrew Slack","Andrew Slack",NA,NA,"Centre",NA,"Australia",NA,NA
"Q2846836","Andrei Ostrikov","Andrej Ostrikov",198,114,"2nd Row",NA,"Soviet Union","Russia","/wiki/Football_club_de_Grenoble_rugby"
"Q2847401","André Buonomo","André Buonomo",188,NA,"Flanker",NA,"France",NA,NA
"Q2848016","André Joubert","André Joubert",188,92,"Fullback",NA,"South Africa",NA,NA
"Q2849092","Andy Dalton","Andy Dalton",178,93,"Hooker",NA,"New Zealand",NA,NA
"Q2849101","Andy Earl","Andy Earl",191,98,"Flanker",NA,"New Zealand",NA,NA
"Q2849107","Andy Farrell","Andy Farrell",NA,NA,"Winger",NA,"Great Britain","England",NA
"Q2849114","Andy Gomarsall","Andy Gomarsall",177,90,"Scrum-Half",NA,"Great Britain","England",NA
"Q2849116","Andy Goode","Andy Goode",180,95,"Fly-Half",NA,"Great Britain","England",NA
"Q2849120","Andy Haden","Andy Haden",NA,NA,"2nd Row",NA,"New Zealand",NA,NA
"Q2849141","Andy McIntyre","Andy McIntyre",NA,NA,"Prop",NA,"Australia",NA,NA
"Q2849163","Andy Robinson","Andy Robinson",175,88,"3rd Row",NA,"Great Britain","England",NA
"Q2849186","Andy Ward","Andy Ward",191,103,"Flanker",NA,"New Zealand","Ireland",NA
"Q2850200","Anitelea Tuilagi","Anitele'a Tuilagi",185,96,"Centre",NA,"Samoa",NA,"/wiki/Tarbes_Pyr%C3%A9n%C3%A9es_rugby"
"Q2852790","Anthony Allen","Anthony Allen",180,91,"Centre",NA,"Great Britain","England","/wiki/Leicester_Tigers"
"Q2852852","Anthony Floch","Anthony Floch",182,76,"Fullback",NA,"France",NA,NA
"Q2852873","Anthony Herbert","Anthony Herbert",NA,NA,"Centre",NA,"Australia",NA,NA
"Q2852878","Anthony Horgan","Anthony Horgan",180,96,"Winger",NA,"Ireland","Ireland",NA
"Q2857013","Anton Leonard","Anton Leonard",191,110,"Number 8",NA,"South Africa",NA,NA
"Q2857396","Antonio Pavanello","Antonio Pavanello",195,113,"2nd Row",NA,"Italy",NA,NA
"Q2861349","Aristide Barraud","Aristide Barraud",178,86,"Fly-Half",NA,"France",NA,NA
"Q2863025","Arnaldo Gruarin","Arnaldo Gruarin",180,105,"Prop",NA,"Italy","France",NA
"Q2866598","Ashwin Willemse","Ashwin Willemse",188,89,"Winger",NA,"South Africa",NA,NA
"Q2869593","Uini Atonio","Uini Atonio",197,155,"Prop",NA,"New Zealand","France","/wiki/Stade_rochelais"
"Q2870617","Aubin Hueber","Aubin Hueber",175,75,"Scrum-Half",NA,"France",NA,NA
"Q2874600","Avril Williams","Avril Williams",175,82,"Winger",NA,"South Africa",NA,NA
"Q2880856","Balie Swart","Balie Swart",185,110,"Prop",NA,"South Africa",NA,NA
"Q2885809","Barry Williams","Barry Williams",183,83,"Hooker",NA,"Great Britain","Wales",NA
"Q2895327","Ben Atiga","Ben Atiga",175,99,"Fullback",NA,"New Zealand",NA,"/wiki/Edinburgh_Rugby"
"Q2895345","Ben Blair","Ben Blair",173,83,"Fullback",NA,"New Zealand",NA,"/wiki/Cardiff_Rugby"
"Q2895382","Ben Clarke","Ben Clarke",196,115,"3rd Row",NA,"Great Britain","England",NA
"Q2895394","Ben Darwin","Ben Darwin",185,114,"Prop",NA,"Great Britain","Australia",NA
"Q2895492","Ben Kay","Ben Kay",198,112,"2nd Row",NA,"Great Britain","England",NA
"Q2895512","Ben MacDougall","Ben MacDougall",193,92,"Centre",NA,"Australia","Scotland",NA
"Q2895525","Ben Morgan","Ben Morgan",193,117,"Number 8",NA,"Great Britain","England",NA
"Q2895571","Ben Te'o","Ben Te’o",188,109,"Centre; 2nd Row",NA,"New Zealand","England",NA
"Q2896013","Benjamin Boyet","Benjamin Boyet",185,87,"Fly-Half",NA,"France",NA,NA
"Q2896071","Benjamin Fall","Benjamin Fall",186,95,"Winger",NA,"France",NA,NA
"Q2896114","Benjamin Kayser","Benjamin Kayser",183,109,"Hooker",NA,"France",NA,NA
"Q2896267","Benjamín Urdapilleta","Benjamín Urdapilleta",176,85,"Fly-Half",NA,"Argentina",NA,"/wiki/Castres_Olympique"
"Q2896286","Benjamin de Jager","Benjamin de Jager",196,95,"Winger",NA,"South Africa","Italy",NA
"Q2898198","Bernard Le Roux","Bernard Le Roux",196,112,"Flanker",NA,"South Africa","France","/wiki/Racing_92"
"Q2899060","Bernie Fraser","Bernie Fraser",178,83,"Winger",NA,"Fiji","New Zealand",NA
"Q2899064","Bernie McCahill","Bernie McCahill",183,78,"Centre",NA,"New Zealand",NA,NA
"Q2899532","Bertrand Fourcade","Bertrand Fourcade",178,70,"Fullback",NA,"France",NA,NA
"Q2903145","William Alexander Campbell","Bill Campbell",202,118,"2nd Row",NA,"Australia",NA,NA
"Q2903413","Bill Young","Bill Young",188,112,"Prop",NA,"Australia",NA,NA
"Q2905738","Blair Larsen","Blair Larsen",198,107,"Flanker",NA,"New Zealand",NA,NA
"Q2907612","Bob Casey","Bob Casey",201,123,"2nd Row",NA,"Ireland","Ireland",NA
"Q2907639","Bob Dwyer","Bob Dwyer",NA,NA,"2nd Row",NA,"Australia",NA,NA
"Q2907646","Bob Egerton","Bob Egerton",NA,NA,"Winger",NA,"Australia",NA,NA
"Q2907786","Bob Norster","Bob Norster",196,105,"2nd Row",NA,"Great Britain","Wales",NA
"Q2908634","Bogdan Leonte","Bogdan Leonte",190,100,"3rd Row",NA,"Romania","France","/wiki/Stade_montois_rugby"
"Q2923187","Braam Immelman","Braam Immelman",195,106,"Number 8",NA,"South Africa",NA,"/wiki/Eagles_(rugby_a_15)"
"Q2923399","Brad Johnstone","Brad Johnstone",188,102,"Prop",NA,"New Zealand",NA,NA
"Q2924422","Brendan Cannon","Brendan Cannon",188,108,"Hooker",NA,"Australia",NA,NA
"Q2924436","Brendan Mullin","Brendan Mullin",186,85,"Centre",NA,"Israel","Ireland",NA
"Q2924439","Brendan Venter","Brendan Venter",185,93,"Centre",NA,"South Africa",NA,NA
"Q2924441","Brendon Nasser","Brendon Nasser",NA,NA,"3rd Row",NA,"Australia",NA,NA
"Q2924442","BJ Botha","BJ Botha",183,110,"Prop",NA,"South Africa",NA,NA
"Q2924470","Brent Cockbain","Brent Cockbain",202,114,"2nd Row",NA,"Australia","Wales",NA
"Q2924768","Breyton Paulse","Breyton Paulse",178,80,"Winger",NA,"South Africa",NA,NA
"Q2924944","Brian Liebenberg","Brian Liebenberg",185,89,"Utility Back",NA,"South Africa","France",NA
"Q2924966","Brian Moore","Brian Moore",175,92,"Hooker",NA,"Great Britain","England",NA
"Q2924970","Brian O'Meara","Brian O’Meara",175,91,"Scrum-Half",NA,"Ireland","Ireland",NA
"Q2924982","Brian Price","Brian Price",192,98,"2nd Row",NA,"Great Britain","Wales",NA
"Q2925008","Brian Smith","Brian Smith",NA,NA,"Scrum-Half",NA,"Australia","Australia; Ireland",NA
"Q2925089","Brice Dulin","Brice Dulin",178,82,"Fullback",NA,"France",NA,"/wiki/Stade_rochelais"
"Q2926415","Bruce Douglas","Bruce Douglas",180,115,"Prop",NA,"Scotland",NA,"/wiki/Worcester_Rugby"
"Q2926426","Bruce Hay","Bruce Hay",178,85,"Fullback",NA,"Great Britain","Scotland",NA
"Q2926472","Bruce Reihana","Bruce Reihana",184,93,"Utility Back",NA,"New Zealand",NA,NA
"Q2926784","Bruno Francescato","Bruno Francescato",172,72,"Centre",NA,"Italy",NA,NA
"Q2927178","Bryan Redpath","Bryan Redpath",170,82,"Scrum-Half",NA,"Great Britain","Scotland",NA
"Q2927183","Bryan Young","Bryan Young",185,114,"Prop",NA,"Great Britain","Ireland",NA
"Q2927196","Bryce Lawrence","Bryce Lawrence",NA,NA,NA,NA,"New Zealand",NA,NA
"Q2927462","Wayne Shelford","Wayne Shelford",189,93,"Number 8",NA,"New Zealand",NA,NA
"Q2933774","Caleb Ralph","Caleb Ralph",187,93,"Utility Back",NA,"New Zealand",NA,NA
"Q2934777","Cameron Shepherd","Cameron Shepherd",191,104,"Winger",NA,"Great Britain","Australia",NA
"Q2935003","Camille Lopez","Camille Lopez",175,88,"Fly-Half",NA,"France",NA,"/wiki/Association_sportive_montferrandaise_Clermont_Auvergne"
"Q2938934","Carl Hoeft","Carl Hoeft",184,115,"Prop",NA,"New Zealand",NA,NA
"Q2938954","Carl Manu","Carl Manu",173,97,"Centre",NA,"New Zealand","Samoa",NA
"Q2939170","Carlo Caione","Carlo Caione",187,97,"3rd Row",NA,"Italy",NA,NA
"Q2939177","Carlo Checchinato","Carlo Checchinato",198,110,"2nd Row",NA,"Italy",NA,NA
"Q2939186","Carlo Del Fava","Carlo Antonio del Fava",198,115,"2nd Row",NA,"South Africa","Italy",NA
"Q2939194","Carlo Festuccia","Carlo Festuccia",180,105,"Hooker",NA,"Italy",NA,NA
"Q2939230","Carlo Orlandi","Carlo Orlandi",183,100,"Hooker",NA,"Italy",NA,NA
"Q2939422","Carlos Nieto","Carlos Nieto",185,110,"Prop",NA,"Argentina","Italy",NA
"Q2939509","Carlos de Candamo","Carlos de Candamo",NA,68,"Centre",NA,"Peru",NA,NA
"Q2940990","Casey Laulala","Casey Laulala",186,101,"Centre",NA,"Samoa","New Zealand",NA
"Q2944283","Census Johnston","Census Johnston",189,137,"Prop",NA,"New Zealand","Samoa",NA
"Q2946644","Ceri Sweeney","Ceri Sweeney",176,88,"Fly-Half",NA,"Wales",NA,"/wiki/Dragons_(rugby_a_15)"
"Q2946998","César Sempere","César Sempere",182,86,"Fullback",NA,"Spain",NA,NA
"Q2959278","Charles Guiraist","Charles Guiraist",NA,NA,NA,NA,"France",NA,NA
"Q2960858","Charlie Hore","Charlie Hore",186,96,"Fly-Half",NA,"New Zealand",NA,NA
"Q2964830","Chris Oti","Christopher C. Oti",180,83,"Winger",NA,"Great Britain","England",NA
"Q2964847","Chris Rossouw","Chris Rossouw",183,105,"Hooker",NA,"South Africa",NA,NA
"Q2964850","Chris Robshaw","Chris Robshaw",188,110,"Flanker",NA,"Great Britain","England",NA
"Q2964893","Chris Whitaker","Chris Whitaker",176,82,"Scrum-Half",NA,"Australia",NA,NA
"Q2964897","Chris Wyles","Chris Wyles",183,93,"Utility Back",NA,"U.S.A.",NA,NA
"Q2964900","Chris Wyatt","Chris Wyatt",195,111,"2nd Row",NA,"Wales",NA,NA
"Q2964973","Christiaan Scholtz","Christiaan Petrus Scholtz",185,90,"Centre",NA,"South Africa",NA,NA
"Q2965112","Christian Califano","Christian Califano",180,113,"Prop",NA,"France",NA,NA
"Q2965277","Christian Gajan","Christian Gajan",NA,NA,"Centre",NA,"France",NA,NA
"Q2965386","Christian Labit","Christian Labit",189,105,"3rd Row",NA,"France",NA,NA
"Q2965394","Christian Lanta","Christian Lanta",NA,NA,"Flanker",NA,"France",NA,NA
"Q2966033","Christo Bezuidenhout","Christo Bezuidenhout",188,119,"Prop",NA,"Spain","South Africa",NA
"Q2966210","Christophe Deylaud","Christophe Deylaud",175,74,"Fly-Half",NA,"France",NA,NA
"Q2966316","Christophe Juillet","Christophe Juillet",191,115,"Number 8",NA,"France",NA,NA
"Q2966334","Christophe Lamaison","Christophe Lamaison",178,87,"Fly-Half",NA,"France",NA,NA
"Q2972202","Cian Healy","Cian Healy",186,110,"Prop",NA,"Ireland","Ireland",NA
"Q2977307","Claude Dourthe","Claude Dourthe",178,78,"Centre",NA,"France",NA,NA
"Q2978800","Clem Thomas","Clem Thomas",186,89,"Flanker",NA,"Great Britain","Wales",NA
"Q2979357","Clinton Schifcofske","Clinton Schifcofske",183,93,"Fullback; Winger",NA,"Australia",NA,NA
"Q2979449","Clive Williams","Clive Williams",183,99,"Prop",NA,"Great Britain","Wales",NA
"Q2981183","Cobus Visagie","Cobus Visagie",185,117,"Prop",NA,"South Africa",NA,NA
"Q2982589","Colin Deans","Colin Deans",178,84,"Hooker",NA,"Great Britain","Scotland",NA
"Q2982664","Colin Yukes","Colin Yukes",198,109,"3rd Row",NA,"Canada",NA,"/wiki/Sporting_Union_Agen_Lot-et-Garonne"
"Q2993552","Conor Murray","Conor Murray",188,94,"Scrum-Half",NA,"Ireland","Ireland","/wiki/Garryowen_Football_Club"
"Q2993556","Conor O'Shea","Conor O’Shea",188,101,"Fullback",NA,"Ireland","Ireland",NA
"Q2997522","Cornelius van Zyl","Cornelius van Zyl",200,110,"2nd Row",NA,"South Africa","Italy",NA
"Q3002002","Craig Dowd","Craig Dowd",191,114,"Prop",NA,"New Zealand",NA,NA
"Q3002015","Craig Gower","Craig Gower",175,90,"Scrum-Half",NA,"Australia","Italy",NA
"Q3002019","Craig Innes","Craig Innes",181,82,"Centre",NA,"New Zealand","New Zealand",NA
"Q3002051","Craig Quinnell","Jonathan Craig Quinnel",198,130,"2nd Row",NA,"Great Britain","Wales",NA
"Q3002061","Craig Smith","Craig Smith",188,127,"Prop",NA,"Scotland",NA,NA
"Q3002839","Cristian Bezzi","Cristian Bezzi",196,116,"2nd Row",NA,"Italy",NA,NA
"Q3002857","Cristian Săuan","Cristian Săuan",183,95,"Winger",NA,"Romania",NA,NA
"Q3009884","Cédric Desbrosse","Cédric Desbrosse",190,95,"Centre",NA,"France",NA,NA
"Q3009961","Cédric Soulette","Cédric Soulette",188,108,"Prop",NA,"France",NA,NA
"Q3011484","D.T.H. van der Merwe","DTH van der Merwe",183,98,"Winger",NA,"South Africa","Canada",NA
"Q3011848","Dafydd James","Dafydd James",193,99,"Centre",NA,"Zambia","Wales",NA
"Q3012016","Dai Morris","Dai Morris",NA,NA,"Flanker",NA,"Wales",NA,NA
"Q3012320","Dale Santon","Dale Santon",180,106,"Hooker",NA,"South Africa",NA,NA
"Q3012711","Damian Smith","Damian Smith",191,102,"Winger",NA,"Australia",NA,NA
"Q3012857","Damien Varley","Damian Varley",180,110,"Hooker",NA,"Ireland","Ireland",NA
"Q3013047","Dan Crowley","Dan Crowley",176,102,"Prop",NA,"Australia",NA,NA
"Q3013095","Daniel Herbert","Daniel Herbert",188,100,"Centre",NA,"Australia",NA,NA
"Q3013101","Dan Hipkiss","Dan Hipkiss",178,92,"Centre",NA,"Great Britain","England","/wiki/Leicester_Tigers"
"Q3013138","Dan Luger","Dan Luger",185,93,"Utility Back",NA,"Great Britain","England",NA
"Q3013444","Dane Haylett-Petty","Dane Haylett-Petty",190,100,"Fullback",NA,"South Africa","Australia",NA
"Q3013585","Danie Coetzee","Danie Coetzee",185,108,"Hooker",NA,"South Africa",NA,NA
"Q3013593","Danie Rossouw","Danie Rossouw",196,117,"Number 8",NA,"South Africa",NA,NA
"Q3013795","Daniel Braid","Daniel Braid",186,94,"3rd Row",NA,"New Zealand",NA,NA
"Q3013976","Daniel Dubroca","Daniel Dubroca",178,93,"Hooker",NA,"France",NA,NA
"Q3014019","Daniel Farani","Daniel Farani",195,120,"2nd Row",NA,"New Zealand","Samoa",NA
"Q3015249","Danny Grewcock","Danny Grewcock",197,118,"2nd Row",NA,"Great Britain","England",NA
"Q3015762","Danwel Demas","Danwel Demas",188,NA,"Winger",NA,"South Africa",NA,NA
"Q3016509","Darren Garforth","Darren Garforth",178,119,"Prop",NA,"Great Britain","England",NA
"Q3016657","Daryl Gibson","Daryl Gibson",181,98,"Centre",NA,"New Zealand",NA,NA
"Q3017270","Dave Tiueti","Dave Tiueti",183,NA,"Centre",NA,"Tonga",NA,NA
"Q3017427","David Attoub","David Attoub",183,113,"Prop",NA,"France",NA,NA
"Q3017705","David Corkery","David Corkery",193,103,"Flanker",NA,"Ireland","Ireland",NA
"Q3017726","David Croft","David Croft",185,100,"3rd Row",NA,"Australia",NA,NA
"Q3017733","David Dal Maso","David Dal Maso",188,100,"3rd Row",NA,NA,NA,NA
"Q3017962","David Giffin","David Giffin",198,109,"2nd Row",NA,"Australia",NA,NA
"Q3018064","Dave Hewett","Dave Hewett",191,119,"Prop",NA,"New Zealand",NA,NA
"Q3018134","David Irwin","David Irwin",186,84,"Centre",NA,"Great Britain","Ireland",NA
"Q3018168","David Wilson","David Wilson",188,94,"3rd Row",NA,"Australia",NA,NA
"Q3018208","David Knox","David Knox",185,87,"Fly-Half",NA,"Australia",NA,NA
"Q3018291","David Lemi","David Lemi",168,80,"Winger",NA,"Samoa","Samoa",NA
"Q3018333","David Lyons","David Lyons",192,117,"Number 8",NA,"Australia",NA,"/wiki/Stade_fran%C3%A7ais_Paris_rugby"
"Q3018546","David Nucifora","David Nucifora",NA,NA,"Hooker",NA,"Australia",NA,NA
"Q3018579","David Paice","David Paice",185,103,"Hooker",NA,"Australia","England",NA
"Q3018809","David Sole","David Sole",180,104,"Prop",NA,"Great Britain","Scotland",NA
"Q3018830","David Strettle","David Strettle",183,83,"Winger",NA,"Great Britain","England",NA
"Q3018935","David Venditti","David Venditti",188,101,"Utility Back",NA,"France",NA,NA
"Q3019005","Dave Wilson","David Wilson",185,122,"Prop",NA,"Great Britain","England",NA
"Q3020652","Dean Mumm","Dean Mumm",196,109,"2nd Row",NA,"New Zealand","Australia",NA
"Q3021031","Declan Kidney","Declan Kidney",NA,NA,NA,NA,"Ireland","Ireland",NA
"Q3021760","Delon Armitage","Delon Armitage",185,95,"Fullback",NA,"Trinidad and Tobago","England",NA
"Q3022595","Denis Charvet","Denis Charvet",180,79,"Centre",NA,"France",NA,NA
"Q3022636","Denis Dallan","Denis Dallan",188,97,"Winger",NA,"Italy",NA,NA
"Q3022739","Denis Hickie","Denis Hickie",188,93,"Winger",NA,"Ireland","Ireland",NA
"Q3022790","Denis Leamy","Denis Leamy",188,108,"Flanker",NA,"Ireland","Ireland",NA
"Q3022828","Denis McBride","Denis McBride",180,90,"Flanker",NA,"Great Britain","Ireland",NA
"Q3023454","Deon Kayser","Deon Kayser",175,78,"Winger",NA,"South Africa",NA,NA
"Q3025583","Dewi Morris","Colin Morris",183,89,"Scrum-Half",NA,"Great Britain","England",NA
"Q3026584","Dick Greenwood","Dick Greenwood",NA,NA,"Flanker",NA,"Great Britain","England",NA
"Q3026670","Dicky Owen","Dicky Owen",163,60,"Scrum-Half",NA,"Great Britain","Wales",NA
"Q3027380","Diego Cuesta Silva","Diego Cuesta Silva",NA,NA,"Winger",NA,"Argentina",NA,NA
"Q3027432","Diego Ormaechea","Diego Ormaechea",NA,NA,"Number 8",NA,"Uruguay","Uruguay",NA
"Q3028719","Dion O'Cuinneagain","Dion O’Cuinneagain",193,102,"Number 8",NA,"South Africa","South Africa; Ireland",NA
"Q3032930","Djibril Camara","Djibril Camara",181,85,"Winger",NA,"France",NA,"/wiki/Aviron_Bayonnais_Rugby_Pro"
"Q3033645","Doddie Weir","Doddie Weir",198,109,"2nd Row",NA,"Great Britain","Scotland",NA
"Q3034852","Dominic Feau'nati","Dominic Feau'nati",185,120,"Centre",NA,"New Zealand","Samoa",NA
"Q3035139","Dominique Erbani","Dominique Erbani",193,102,"3rd Row",NA,"France",NA,NA
"Q3036774","Donnacha Ryan","Donnacha Ryan",201,114,"2nd Row",NA,"Ireland","Ireland","/wiki/Racing_92"
"Q3037029","Dorian West","Dorian West",180,100,"Hooker",NA,"Great Britain","England",NA
"Q3037983","Dougie Hall","Douglas",183,98,"Hooker",NA,"Scotland",NA,"/wiki/Edinburgh_Rugby"
"Q3041701","Dusty Hare","Dusty Hare",177,80,"Fullback",NA,"Great Britain","England",NA
"Q3041937","Dylan Hartley","Dylan Hartley",185,113,"Hooker",NA,"New Zealand","England",NA
"Q3041939","Dylan Mika","Dylan Mika",194,108,"3rd Row",NA,"New Zealand","Samoa; New Zealand",NA
"Q3043618","Wesley Fofana","Wesley Fofana",178,89,"Utility Back",NA,"France",NA,"/wiki/Association_sportive_montferrandaise_Clermont_Auvergne"
"Q3045593","Dănuț Dumbravă","Dănuț Dumbravă",187,80,"Utility Back",NA,"Romania",NA,NA
"Q3046794","Eben Etzebeth","Eben Etzebeth",203,122,"2nd Row",NA,"South Africa",NA,NA
"Q3047296","Eddie O'Sullivan","Eddie O'Sullivan",NA,78,"Fly-Half",NA,"Ireland","Ireland",NA
"Q3048197","Edoardo Gori","Edoardo Gori",178,90,"Scrum-Half",NA,"Italy",NA,NA
"Q3048383","Eduardo Simone","Eduardo Simone",183,89,"Centre",NA,"Argentina",NA,NA
"Q3051133","Eliseo Branca","Eliseo Branca",NA,NA,"2nd Row",NA,"Argentina",NA,NA
"Q3051778","Elton Flatley","Elton Flatley",178,92,"Utility Back",NA,"Australia",NA,NA
"Q3054645","Enrico Pavanello","Enrico Pavanello",194,113,"2nd Row",NA,"Italy",NA,NA
"Q3054707","Enrique Rodríguez","Enrique Rodríguez",178,110,"Prop",NA,NA,"Argentina; Australia",NA
"Q3056258","Eric Elwood","Eric Elwood",180,92,"Fly-Half",NA,"Ireland","Ireland",NA
"Q3056350","Eric Miller","Eric Miller",188,108,"Flanker",NA,"Ireland","Ireland",NA
"Q3056393","Eric Rush","Eric Rush",183,86,"Winger",NA,"New Zealand",NA,NA
"Q3058870","Esteban Lozada","Esteban Lozada",194,106,"2nd Row",NA,"Belgium","Argentina",NA
"Q3060976","Eusebio Guiñazú","Eusebio Guiñazú",181,114,"Prop",NA,"Argentina",NA,NA
"Q3061708","Ewen McKenzie","Ewen McKenzie",183,117,"Prop",NA,"Australia",NA,NA
"Q3062836","Ezio Galon","Ezio Galon",188,93,"Utility Back",NA,"Italy",NA,NA
"Q3063496","Faan Rautenbach","Faan Rautenbach",191,128,"Prop",NA,"South Africa",NA,NA
"Q3063550","Fabien Barcella","Fabien Barcella",183,115,"Prop",NA,"France",NA,NA
"Q3063725","Fabio Gómez","Fabio Gómez",181,84,"Scrum-Half",NA,"Argentina",NA,NA
"Q3063748","Fabio Semenzato","Fabio Semenzato",178,86,"Scrum-Half",NA,"Italy",NA,NA
"Q3063769","Fabián Turnes","Fabián Turnes",180,83,"Utility Back",NA,"Argentina",NA,NA
"Q3067931","Federico Pucciariello","Federico Pucciariello",175,110,"Prop",NA,"Argentina","Italy",NA
"Q3067933","Federico Serra Mirás","Federico Serra Mirás",188,82,"Fullback",NA,"Argentina",NA,"/wiki/San_Isidro_Club"
"Q3067941","Federico Todeschini","Federico Todeschini",185,85,"Fly-Half",NA,"Argentina",NA,NA
"Q3068776","Fergus McFadden","Fergus McFadden",180,93,"Utility Back",NA,"Ireland","Ireland",NA
"Q3069080","Fernand Cazenave","Fernand Cazenave",180,76,"Utility Back",NA,"France",NA,NA
"Q3074185","Florian Cazenave","Florian Cazenave",182,80,"Scrum-Half",NA,"France",NA,NA
"Q3074199","Florian Fritz","Florian Fritz",182,97,"Centre",NA,"France",NA,"/wiki/Stade_Toulousain"
"Q3074324","Florin Vlaicu","Florin Vlaicu",186,102,"Utility Back",NA,"Romania",NA,NA
"Q3081020","Francesco Mazzariol","Francesco Mazzariol",172,75,"Fly-Half",NA,"Italy",NA,NA
"Q3081113","Francesco Zani","Francesco Zani",NA,NA,"3rd Row",NA,"Italy",NA,NA
"Q3081477","Francis Haget","Francis Haget",194,106,"2nd Row",NA,"France",NA,NA
"Q3081810","Francisco Bosch","Francisco Bosch",183,83,"Winger",NA,"Argentina",NA,"/wiki/Hind%C3%BA_Club"
"Q3082059","Franck Azéma","Franck Azéma",182,82,"Centre",NA,"France",NA,NA
"Q3082223","Franck Mesnel","Franck Mesnel",181,92,"Utility Back",NA,"France",NA,NA
"Q3082306","Franck Tournaire","Franck Tournaire",183,111,"Prop",NA,"France",NA,NA
"Q3082356","Franco Bargelli","Franco Bargelli",NA,NA,"3rd Row",NA,"Italy",NA,NA
"Q3082390","Franco Properzi","Franco Properzi",188,112,"Prop",NA,"India","Italy",NA
"Q3082393","Franco Sbaraglini","Franco Sbaraglini",178,101,"Hooker",NA,"Argentina","Argentina; Italy",NA
"Q3082399","Franco Smith","Franco Smith",183,90,"Fly-Half",NA,"South Africa",NA,NA
"Q3082524","Frank Bunce","Frank Bunce",180,85,"Centre",NA,"New Zealand","Samoa; New Zealand",NA
"Q3082917","Frankie Sheahan","Frankie Sheahan",180,107,"Hooker",NA,"Canada","Ireland",NA
"Q3086682","Fraser Waters","Fraser Waters",183,93,"Centre",NA,"South Africa","England",NA
"Q3086995","Freddie Burns","Freddie Burns",185,80,"Fly-Half",NA,"Great Britain","England",NA
"Q3090450","Marius Tincu","Marius Tincu",NA,NA,"Hooker",NA,"Romania",NA,NA
"Q3090810","Fulvio Lorigiola","Fulvio Lorigiola",NA,NA,"Scrum-Half",NA,"Italy",NA,NA
"Q3093524","Gabiriele Lovobalavu","Gabiriele Lovobalavu",182,95,"Centre",NA,"Fiji",NA,"/wiki/Oyonnax_Rugby"
"Q3098293","Gareth Chilcott","Gareth Chilcott",170,77,"Scrum-Half",NA,"Great Britain","England",NA
"Q3098295","Gareth Delve","Gareth Delve",191,112,"Number 8",NA,"Great Britain","Wales",NA
"Q3098306","Gareth Rees","Gareth Rees",182,103,"Fly-Half",NA,"Canada",NA,NA
"Q3098384","Garin Jenkins","Garin Jenkins",178,106,"Hooker",NA,"Great Britain","Wales",NA
"Q3098492","Garry Pagel","Garry Pagel",188,118,"Prop",NA,"South Africa",NA,NA
"Q3098499","Garth Ziegler","Garth Ziegler",186,NA,"Utility Back",NA,"Zimbabwe",NA,NA
"Q3098563","Gary Halpin","Gary Halpin",183,111,"Prop",NA,"Ireland","Ireland",NA
"Q3098596","Gary Pearce","Gary Pearce",NA,NA,"Prop",NA,"Great Britain","England",NA
"Q3098605","Gary Rees","Gary Rees",NA,NA,"3rd Row",NA,"Great Britain","England",NA
"Q3099860","Gaël Fickou","Gaël Fickou",190,93,"Centre",NA,"France",NA,"/wiki/Racing_92"
"Q3101074","Geoffrey Doumayrou","Geoffrey Doumayrou",186,92,"Centre",NA,"France",NA,NA
"Q3101152","Geoffroy Messina","Geoffroy Messina",189,90,"Centre",NA,"France",NA,"/wiki/Rugby_Club_Toulonnais"
"Q3101802","George North","George Philip North",193,109,"Winger",NA,"Great Britain","Wales",NA
"Q3103948","Gerard Fraser","Gerard Fraser",180,86,"Fly-Half",NA,"New Zealand",NA,NA
"Q3104384","Gert Peens","Gert Peens",182,95,"Fullback",NA,"South Africa","Italy",NA
"Q3105137","Giampiero De Carli","Giampiero De Carli",184,112,"Prop",NA,"Italy",NA,NA
"Q3105180","Giancarlo Pivetta","Giancarlo Pivetta",183,103,"Prop; Hooker",NA,"Italy",NA,NA
"Q3105225","Gianluca Guidi","Gianluca Guidi",180,80,"Scrum-Half",NA,"Italy",NA,NA
"Q3105282","Gianni Zanon","Gianni Zanon",192,95,"Flanker",NA,"Italy",NA,NA
"Q3105687","Gilbert Doucet","Gilbert Doucet",182,95,"Number 8",NA,"France",NA,NA
"Q3105936","Gilberto Pavan","Gilberto Pavan",187,102,"Centre",NA,"Italy",NA,"/wiki/Rugby_Viadana"
"Q3106186","Gilles Delaigue","Gilles Delaigue",173,78,"Centre",NA,"France",NA,NA
"Q3106903","Giorgio Intoppa","Giorgio Intoppa",183,100,"Hooker",NA,"Italy",NA,NA
"Q3107952","Giulio Rubini","Giulio Rubini",174,85,"Utility Back",NA,"Italy",NA,NA
"Q3107960","Giulio Toniolatti","Giulio Toniolatti",180,86,"Winger",NA,"Italy",NA,NA
"Q3108679","Glen Jackson","Glen Jackson",180,85,"Fly-Half",NA,"New Zealand",NA,NA
"Q3108686","Glen Osborne","Glen Osborne",185,85,"Utility Back",NA,"New Zealand",NA,NA
"Q3110610","Gonzalo Camardón","Gonzalo Camardón",180,92,"Utility Back",NA,"Argentina",NA,NA
"Q3110622","Gonzalo Garcia","Gonzalo García",185,95,"Centre",NA,"Argentina","Italy",NA
"Q3110628","Gonzalo Padro","Gonzalo Padró",196,110,"Number 8",NA,"Argentina","Argentina; Italy",NA
"Q3110887","Gordon Bulloch","Gordon Bulloch",181,100,"Hooker",NA,"Great Britain","Scotland",NA
"Q3110925","Gordon Ross","Gordon Ross",173,84,"Fly-Half",NA,"Scotland",NA,"/wiki/London_Welsh_Rugby_Football_Club"
"Q3113187","Graeme Bachop","Graeme Bachop",177,82,"Scrum-Half",NA,"New Zealand",NA,NA
"Q3113243","Graham Dawe","Graham Dawe",180,93,"Hooker",NA,"Great Britain","England",NA
"Q3113276","Graham Rowntree","Graham Rowntree",183,110,"Prop",NA,"Great Britain","England",NA
"Q3116218","Greg Feek","Greg Feek",185,117,"Prop",NA,"New Zealand",NA,NA
"Q3116311","Gregor Townsend","Gregor Townsend",183,93,"Fly-Half",NA,"Great Britain","Scotland",NA
"Q3116394","Greig Laidlaw","Greig Laidlaw",175,78,"Scrum-Half",NA,"Great Britain","Scotland",NA
"Q3118478","Grégoire Lascubé","Grégoire Lascubé",188,115,"Prop",NA,"France",NA,NA
"Q3118516","Grégoire Yachvili","Grégoire Yachvili",190,93,"3rd Row",NA,"France","Georgia",NA
"Q3118532","Grégory Arganese","Grégory Arganese",180,95,"Hooker",NA,"France","Italy",NA
"Q3119461","Guido Rossi","Guido Rossi",185,110,"Prop",NA,"Italy","Italy",NA
"Q3120536","Guillermo Angaut","Guillermo Angaut",NA,NA,"Fullback",NA,"Argentina",NA,NA
"Q3121508","Guy Accoceberry","Guy Accoceberry",182,78,"Scrum-Half",NA,"France",NA,NA
"Q3121620","Guy Camberabero","Guy Camberabero",170,65,"Fly-Half",NA,"France",NA,NA
"Q3121764","Guy Easterby","Guy Easterby",183,94,"Scrum-Half",NA,"Great Britain","Ireland",NA
"Q3121913","Guy Laporte","Guy Laporte",183,83,"Fly-Half",NA,"France",NA,NA
"Q3122151","Guy Shepherdson","Guy Shepherdson",187,116,"Prop",NA,"Indonesia","Australia",NA
"Q3123650","Gérald Merceron","Gérald Merceron",173,78,"Fly-Half",NA,"France",NA,NA
"Q3125889","Hal Luscombe","Hal Luscombe",190,93,"Winger",NA,"Wales",NA,NA
"Q3126862","Hannes Strydom","Hannes Strydom",198,114,"2nd Row",NA,"South Africa",NA,NA
"Q3130272","Hendro Scholtz","Hendro Scholtz",188,104,"3rd Row",NA,"South Africa",NA,NA
"Q3130550","Henri Amand","Henri Amand",163,60,"Fly-Half",NA,"France",NA,NA
"Q3131988","Henri Sanz","Henri Sanz",175,77,"Scrum-Half",NA,"France",NA,NA
"Q3132839","Henry Honiball","Henry Honiball",191,85,"Fly-Half",NA,"South Africa",NA,NA
"Q3134297","Hernán Senillosa","Hernán Senillosa",180,85,"Utility Back",NA,"Argentina",NA,"/wiki/Hind%C3%BA_Club"
"Q3136862","Juan Soler",NA,NA,NA,NA,NA,NA,NA,NA
"Q3142292","Hugh McMeniman","Hugh McMeniman",200,114,"2nd Row",NA,"Australia",NA,NA
"Q3142449","Hugo Southwell","Hugo Southwell",188,96,NA,NA,"Scotland",NA,"/wiki/Wasps_Rugby_Football_Club"
"Q3142650","Hugues Miorin","Hugues Miorin",192,114,"2nd Row",NA,"France",NA,NA
"Q3147193","Iain Balshaw","Iain Balshaw",183,83,"Utility Back",NA,"Great Britain","England",NA
"Q3147285","Ian Jones","Ian Jones",198,104,"2nd Row",NA,"New Zealand",NA,NA
"Q3147324","Ian Smith","Ian Smith",NA,NA,"Winger",NA,"Australia","Scotland",NA
"Q3148682","Ilivasi Tabua","Ilivasi Tabua",193,106,"Flanker",NA,"Fiji","Fiji; Australia",NA
"Q3151441","Inoke Afeaki","Inoke Afeaki",197,114,"2nd Row",NA,"Tonga",NA,NA
"Q3154134","Joe Tekori","Iosefa Tekori",198,130,"2nd Row",NA,"Samoa",NA,"/wiki/Stade_Toulousain"
"Q3154733","Isaac Boss","Isaac Boss",178,88,"Scrum-Half",NA,"New Zealand","New Zealand; Ireland","/wiki/Waikato_Rugby_Union"
"Q3155340","Isidoro Quaglio","Isidoro Quaglio",191,105,"2nd Row",NA,"Italy",NA,NA
"Q3155646","Israel Folau","Israel Folau",194,103,"Centre; Winger; Fullback",NA,"Australia","Australia; Tonga",NA
"Q3156103","Ivan Francescato","Ivan Francescato",178,80,"Centre",NA,"Italy",NA,NA
"Q3157310","Jack Rowell","Jack Rowell",201,102,"2nd Row",NA,"Great Britain","England",NA
"Q3157505","Jaco Erasmus","Jaco Erasmus",200,105,"Flanker",NA,"South Africa","Italy",NA
"Q3158435","Jacques Burger","Jacques Burger",NA,NA,"Flanker",NA,"Namibia","Namibia",NA
"Q3160903","James Allan","James Allan",NA,90,"Forward",NA,"New Zealand",NA,NA
"Q3161007","James Dalton","James Dalton",178,95,"Hooker",NA,"South Africa",NA,NA
"Q3161084","James Forrester","James Forrester",196,110,"Number 8",NA,"Great Britain","England",NA
"Q3161345","James Pritchard","James Pritchard",176,83,"Fullback",NA,"Australia","Canada",NA
"Q3161412","James Simpson-Daniel","James Simpson-Daniel",183,92,"Winger",NA,"Great Britain","England","/wiki/Gloucester_Rugby"
"Q3161451","James Topping","James Topping",180,95,"Winger",NA,"Great Britain","Ireland",NA
"Q3161537","Jamie Joseph","Jamie Joseph",196,105,"Flanker",NA,"New Zealand",NA,NA
"Q3161715","Jan Macháček","Jan Macháček",193,108,"Number 8",NA,"Czechoslovakia","Czechia",NA
"Q3162059","Jannes Labuschagne","Jannes Labuschagne",195,114,"2nd Row",NA,"South Africa",NA,NA
"Q3162066","Jannie de Beer","Jannie de Beer",183,87,"Fly-Half",NA,"South Africa",NA,NA
"Q3162947","Jason Hobson","Jason Hobson",175,118,"Prop",NA,"Great Britain","England","/wiki/Bristol_Rugby"
"Q3162966","Jason Little","Jason Little",185,95,"Centre",NA,"Australia",NA,NA
"Q3163166","Javier Pértile","Javier Pértile",185,90,"Fullback",NA,"Argentina","Italy",NA
"Q3164372","Jean-Baptiste Poux","Jean-Baptiste Poux",180,105,"Prop",NA,"France",NA,NA
"Q3165234","Jean-Claude Skrela","Jean-Claude Skrela",187,92,"Flanker",NA,"France",NA,NA
"Q3166221","Jean-Jacques Crenca","Jean-Jacques Crenca",180,103,"Prop",NA,"France",NA,NA
"Q3166997","Jean-Louis Tolot","Jean-Louis Tolot",178,97,"Prop",NA,"France",NA,NA
"Q3167179","Jean-Luc Joinel","Jean-Luc Joinel",195,103,"Number 8",NA,"France",NA,NA
"Q3167266","Jean-Luc Sadourny","Jean-Luc Sadourny",181,88,"Fullback",NA,NA,NA,NA
"Q3167598","Jean-Marie Cadieu","Jean-Marie Cadieu",193,102,"2nd Row",NA,"France",NA,NA
"Q3167930","Jean-Michel Aguirre","Jean-Michel Aguirre",NA,NA,"Scrum-Half",NA,"France",NA,NA
"Q3168036","Jean-Michel Gonzalez","Jean-Michel Gonzalez",175,100,"Hooker",NA,"France",NA,NA
"Q3168320","Jean-Patrick Lescarboura","Jean-Patrick Lescarboura",185,85,"Fly-Half",NA,"France",NA,NA
"Q3169326","Jean-Pierre Garuet-Lempirou","Jean-Pierre Garuet-Lempirou",178,105,"Prop",NA,"France",NA,NA
"Q3171408","Jean Condom","Jean Condom",197,111,"2nd Row",NA,"France",NA,NA
"Q3171707","Jean Desclaux","Jean Desclaux",NA,NA,"3rd Row",NA,"France",NA,NA
"Q3176589","Jeff Squire","Jeff Squire",190,99,"3rd Row",NA,"Great Britain","Wales",NA
"Q3177306","Jeremy Davidson","Jeremy Davidson",198,115,"2nd Row",NA,"Great Britain","Ireland",NA
"Q3177336","Jeremy Paul","Jeremy Paul",183,103,"Hooker",NA,"New Zealand","Australia",NA
"Q3178816","Jim Hamilton","Jim Hamilton",203,125,"2nd Row",NA,"Great Britain","Scotland",NA
"Q3178949","Jim Staples","Jim Staples",188,87,"Fullback",NA,"Great Britain","Ireland",NA
"Q3179051","Jimmy Gopperth","Jimmy Gopperth",178,88,"Utility Back",NA,"New Zealand",NA,"/wiki/Provence_Rugby"
"Q3179079","Jimmy Marlu","Jimmy Marlu",180,89,"Fly-Half",NA,"France",NA,NA
"Q3179777","Joaquín Tuculet","Joaquín Tuculet",184,92,"Utility Back",NA,"Argentina",NA,NA
"Q3179896","Jock Hobbs","Jock Hobbs",185,92,"Flanker",NA,"New Zealand",NA,NA
"Q3180129","Joe McDonnell","Joe McDonnell",175,108,"Prop",NA,"New Zealand",NA,NA
"Q3180173","Joe Roff","Joe Roff",191,101,"Utility Back",NA,"Australia",NA,NA
"Q3180190","Joe Stanley","Joe Stanley",178,83,"Centre",NA,"New Zealand",NA,NA
"Q3180204","Joe van Niekerk","Joe van Niekerk",193,108,"Number 8",NA,"South Africa",NA,NA
"Q3180454","Johan Roux","Johan Roux",180,80,"Scrum-Half",NA,"South Africa",NA,NA
"Q3180995","John Barclay","John Barclay",190,102,"Flanker",NA,"Great Britain","Scotland",NA
"Q3181022","Johnnie Beattie","John Beattie",193,105,"Number 8",NA,"Great Britain","Scotland","/wiki/Aviron_Bayonnais_Rugby_Pro"
"Q3181040","John Bentley","John Bentley",182,98,"Winger",NA,"Great Britain","England",NA
"Q3181199","John Carleton","John Carleton",180,90,"Winger",NA,"Great Britain","England",NA
"Q3181263","John Connolly","John Connolly",NA,NA,"Hooker",NA,"Australia",NA,NA
"Q3181382","John Drake","John Drake",183,99,"Prop",NA,"New Zealand",NA,NA
"Q3181506","John Flett","John Flett",NA,NA,"Winger",NA,"Australia",NA,NA
"Q3181557","John Anthony Gallagher","John Gallagher",190,85,"Fullback",NA,"Great Britain","New Zealand; Ireland",NA
"Q3181702","John Hart","John Hart",NA,NA,"Scrum-Half",NA,"New Zealand",NA,NA
"Q3181857","John Kelly","John Kelly",178,89,"Winger",NA,"Ireland","Ireland",NA
"Q3182098","John Mitchell","John Mitchell",190,108,"Number 8",NA,"New Zealand",NA,NA
"Q3182217","John Olver","John Olver",NA,NA,"Hooker",NA,"Great Britain","England",NA
"Q3182320","John Pullin","John Pullin",182,96,"Hooker",NA,"Great Britain","England",NA
"Q3182576","John Taylor","John Taylor",180,85,"Flanker",NA,"Wales",NA,NA
"Q3182710","John Wells","John Wells",NA,NA,"Flanker",NA,"Great Britain","England",NA
"Q3183177","Jon Callard","Jon Callard",180,81,"Fullback",NA,"Great Britain","England",NA
"Q3183195","Jon Hall","Jon Hall",191,108,"3rd Row",NA,"Great Britain","England",NA
"Q3183225","Jon Petrie","Jon Petrie",193,109,"Number 8",NA,"Great Britain","Scotland",NA
"Q3183317","Jonathan Bell","Jonathan Bell",180,95,"Centre",NA,"Great Britain","Ireland",NA
"Q3183497","Jonathan Webb","Jonathan Webb",188,93,"Fullback",NA,"Great Britain","England",NA
"Q3183595","Jonny Fa'amatuainu","Jonny Fa’amatuainu",195,106,"2nd Row",NA,"New Zealand","Samoa",NA
"Q3183609","Johnny O'Connor","Johnny O'Connor",178,100,"Flanker",NA,"Ireland",NA,NA
"Q3183783","Jorge Allen","Jorge Allen",191,95,"3rd Row",NA,"Argentina",NA,NA
"Q3183939","Julian Gardner","Julian Gardner",193,100,"3rd Row",NA,"Australia","Italy",NA
"Q3183951","Jorrie Muller","Jorrie Muller",180,85,"Winger",NA,"South Africa",NA,NA
"Q3185986","Josh Kronfeld","Josh Kronfeld",185,94,"3rd Row",NA,"New Zealand",NA,NA
"Q3185989","Josh Matavesi","Josh Matavesi",188,112,"Centre",NA,"Great Britain","Fiji",NA
"Q3186246","José Cilley","José Cilley",178,80,"Fly-Half",NA,"Argentina",NA,NA
"Q3186451","José María Núñez Piossek","José María Núñez Piossek",182,89,"Winger",NA,"Argentina",NA,NA
"Q3186497","José Orengo","José Orengo",175,80,"Centre",NA,"Argentina",NA,NA
"Q3186525","José Pinto","José Pinto",185,85,"Scrum-Half",NA,"Portugal",NA,NA
"Q3187645","Juan Figallo","Juan Figallo",188,119,"Prop",NA,"Argentina",NA,NA
"Q3187685","Juan José Imhoff","Juan Imhoff",185,84,"Winger",NA,"Argentina",NA,"/wiki/Racing_92"
"Q3187756","Juan Pablo Orlandi","Juan Pablo Orlandi",191,124,"Prop",NA,"Argentina",NA,NA
"Q3187834","Juan de Jongh","Juan de Jongh",175,87,"Centre",NA,"South Africa",NA,"/wiki/Stormers"
"Q3187851","Juan Fernández Miranda","Juan Fernández Miranda",178,88,"Fly-Half",NA,"Argentina",NA,NA
"Q3188851","Jules Plisson","Jules Plisson",183,92,"Fly-Half",NA,"France",NA,"/wiki/Stade_rochelais"
"Q3189091","Julian Huxley","Julian Huxley",186,94,"Utility Back",NA,"Australia",NA,NA
"Q3189106","Julian Savea","Julian Savea",192,107,"Winger",NA,"New Zealand",NA,"/wiki/Wellington_Rugby_Football_Union"
"Q3189114","Julian White","Julian White",185,120,"Prop",NA,"Great Britain","England","/wiki/Leicester_Tigers"
"Q3189360","Julien Berger","Julien Berger",171,82,"Scrum-Half",NA,"Belgium",NA,NA
"Q3189549","Julien Laharrague","Julien Laharrague",186,90,"Fullback",NA,"France",NA,"/wiki/Football_Club_Lourdais_XV"
"Q3189811","Julio Farías Cabello","Julio Farías Cabello",194,107,"Flanker",NA,"Argentina",NA,NA
"Q3189813","Julio García","Julio García",185,NA,"Prop",NA,"Argentina",NA,NA
"Q3190412","Justin Bishop","Justin Bishop",185,90,"Winger",NA,"Great Britain","England; Ireland",NA
"Q3190437","Justin Fitzpatrick","Justin Fitzpatrick",185,117,"Prop",NA,"Great Britain","Ireland",NA
"Q3191973","Kaine Robertson","Kaine Robertson",178,76,"Winger",NA,"New Zealand","Italy",NA
"Q3192385","Kameli Ratuvou","Kameli Ratuvou",190,95,"Centre",NA,"Fiji",NA,NA
"Q3194387","Kaya Malotana","Kaya Malotana",188,86,"Centre",NA,"South Africa",NA,NA
"Q3194645","Kees Meeuws","Kees Meeuws",181,121,"Prop",NA,"New Zealand",NA,NA
"Q3195021","Ken Carrington","Ken Carrington",NA,NA,"Winger",NA,"New Zealand",NA,NA
"Q3195079","Ken Owens","Ken Owens",185,109,"Hooker",NA,"Great Britain","Wales",NA
"Q3195228","Kenny Logan","Kenny Logan",185,94,"Winger",NA,"Great Britain","Scotland",NA
"Q3195748","Kevin Maggs","Kevin Maggs",180,92,"Centre",NA,"Great Britain","Ireland",NA
"Q3195806","Kevin Simms","Kevin Simms",175,77,"Centre",NA,"Great Britain","England",NA
"Q3195830","Kevin Yates","Peter Yates",182,115,"Prop",NA,"Canada","England",NA
"Q3196457","Kieran Crowley","Kieran Crowley",184,84,"Fullback",NA,"New Zealand",NA,NA
"Q3196468","Kieron Dawson","Kieron Dawson",185,99,"Flanker",NA,"Great Britain","Ireland",NA
"Q3196881","Sione Lauaki","Sione Lauaki",194,115,"Number 8",NA,"Tonga","New Zealand",NA
"Q3198147","Kobus Wiese","Kobus Wiese",198,120,"2nd Row",NA,"South Africa",NA,NA
"Q3199721","Kristopher Burton","Kris Burton",176,90,"Utility Back",NA,"Australia","Italy",NA
"Q3200017","Krynauw Otto","Krynauw Otto",201,117,"2nd Row",NA,"South Africa",NA,NA
"Q3200986","Kyran Bracken","Kyran Bracken",180,82,"Scrum-Half",NA,"Ireland","England",NA
"Q3219089","Laurent Cabannes","Laurent Cabannes",191,90,"3rd Row",NA,"France",NA,NA
"Q3219488","Laurent Rodriguez","Laurent Rodriguez",191,108,"Number 8",NA,"France",NA,NA
"Q3219555","Laurent Travini","Laurent Travini",191,105,"2nd Row",NA,"France","Italy",NA
"Q3219656","Laurie Mains","Laurie Mains",178,80,"Fullback",NA,"New Zealand",NA,NA
"Q3219921","Lawrence Sephaka","Lawrence Sephaka",178,108,"Prop",NA,"South Africa",NA,NA
"Q3228892","Lee Jarvis","Lee Jarvis",178,92,"Fly-Half",NA,"Great Britain","Wales",NA
"Q3229550","Leo Cullen","Leo Cullen",198,111,"2nd Row",NA,"Ireland","Ireland",NA
"Q3229715","Leonardo Ghiraldini","Leonardo Ghiraldini",184,103,"Hooker",NA,"Italy",NA,NA
"Q3229737","Leonardo Senatore","Leonardo Senatore",191,106,"Flanker",NA,"Argentina",NA,NA
"Q3229756","Leone Nakarawa","Leone Nakarawa",198,109,"2nd Row",NA,"Fiji",NA,NA
"Q3229814","Leopoldo De Chazal","Leopoldo de Chazal",180,118,"Prop",NA,"Argentina",NA,NA
"Q3230260","Leroy Houston","Leroy Houston",191,117,"Number 8",NA,"New Zealand","Australia","/wiki/Biarritz_Olympique_Pays_Basque"
"Q3236679","Lesley Vainikolo","Lesley Vainikolo",188,112,"Winger",NA,"Tonga","England",NA
"Q3237647","Liam Messam","Liam Messam",190,109,"Flanker",NA,"New Zealand",NA,"/wiki/Waikato_Rugby_Union"
"Q3240802","Lilian Camberabero","Lilian Camberabero",170,65,"Scrum-Half",NA,"France",NA,NA
"Q3241902","Lionel Mallier","Lionel Mallier",183,98,"3rd Row",NA,"France",NA,NA
"Q3242461","Lisandro Villagra","Lisandro Villagra",170,78,"Scrum-Half",NA,"Argentina","Italy",NA
"Q3258838","Jean-Louis Basei","Jean-Louis Basei",NA,NA,"2nd Row",NA,"France","Italy",NA
"Q3259468","Lorenzo Cittadini","Lorenzo Cittadini",191,125,"Prop",NA,"Italy",NA,NA
"Q3261102","Louis Armary","Louis Armary",183,102,"Prop",NA,"France",NA,NA
"Q3261118","Louis Attrill","Louis Attrill",NA,NA,NA,NA,"Great Britain",NA,NA
"Q3261666","Louis Deacon","Louis Deacon",198,115,"2nd Row",NA,"Great Britain","England",NA
"Q3262400","Louis Koen","Louis Koen",180,82,"Fly-Half",NA,"South Africa",NA,NA
"Q3264985","Luca Martin","Luca Martin",185,90,"Utility Back",NA,"Italy",NA,NA
"Q3265049","Lucas González Amorosino","Lucas González Amorosino",185,85,"Utility Back",NA,"Argentina",NA,NA
"Q3265066","Lucas Ostiglia","Lucas Ostiglia",191,102,"3rd Row",NA,"Argentina",NA,NA
"Q3265216","Luciano Orquera","Luciano Orquera",171,80,"Fly-Half",NA,"Argentina","Italy",NA
"Q3266151","Ludovic Mercier","Ludovic Mercier",180,90,"Fly-Half",NA,"France",NA,NA
"Q3266174","Ludovic Valbon","Ludovic Valbon",183,97,"Centre",NA,"France",NA,NA
"Q3266198","Ludovico Nitoglia","Ludovico Nitoglia",179,84,"Winger",NA,"Italy",NA,NA
"Q3266442","Luigi Francescato","Nello Francescato",172,75,"Centre",NA,"Italy",NA,NA
"Q3266493","Luigi Milani","Luigi Milani",182,110,"Prop",NA,"Italy",NA,"/wiki/Rugby_Calvisano"
"Q3266557","Luigi Troiani","Luigi Troiani",183,85,"Fullback; Fly-Half",NA,"Italy",NA,NA
"Q3266763","Luis Molina","Luis Molina",NA,NA,"Prop",NA,"Argentina",NA,NA
"Q3267071","Luke Gross","Luke Gross",206,125,"2nd Row",NA,"U.S.A.",NA,NA
"Q3267099","Luke Narraway","Luke Narraway",191,108,"Number 8",NA,"Great Britain","England",NA
"Q3286112","Manoa Vosawai","Manoa Vosawai",185,112,"Number 8",NA,"Fiji","Fiji; Italy",NA
"Q3286790","Manuel Contepomi","Manuel Contepomi",187,90,"Centre",NA,"Argentina",NA,NA
"Q3286797","Manuel Dallan","Manuel Dallan",185,87,"Centre",NA,"Italy",NA,NA
"Q3287748","Marc Andrieu","Marc Andrieu",188,90,"Centre",NA,"France",NA,NA
"Q3287923","Marc Cécillon","Marc Cécillon",191,108,"Number 8",NA,"France",NA,NA
"Q3287936","Marc Delpoux","Marc Delpoux",NA,NA,"Number 8",NA,"France",NA,NA
"Q3287995","Marc Ellis","Marc Ellis",NA,NA,"Centre",NA,"New Zealand","New Zealand",NA
"Q3288533","Marc de Rougemont","Marc de Rougemont",175,95,"2nd Row",NA,"France",NA,NA
"Q3289523","Marcell Coetzee","Marcell Coetzee",189,106,"Flanker",NA,"South Africa",NA,NA
"Q3289653","Marcelo Bosch","Marcelo Bosch",185,97,"Centre",NA,"Argentina",NA,NA
"Q3289654","Marcelo Campo","Marcelo Campo",180,84,"Winger",NA,"Argentina",NA,NA
"Q3290064","Marco Bollesan","Marco Bollesan",NA,NA,"Number 8",NA,"Italy",NA,NA
"Q3290072","Marco Coletti","Marco Coletti",183,110,"Prop",NA,"Italy",NA,NA
"Q3290125","Marco Neethling","Marco Neethling",183,90,"Centre",NA,"South Africa","Italy",NA
"Q3290256","Marcus Di Rollo","Marcus di Rollo",186,95,"Centre",NA,"Great Britain","Scotland",NA
"Q3290269","Marcus Horan","Marcus Horan",185,106,"Prop",NA,"Ireland","Ireland",NA
"Q3290296","Marcus Rose","Marcus Rose",180,84,"Fullback",NA,"Great Britain","England",NA
"Q3291370","Mariano Galarza","Mariano Galarza",203,118,"2nd Row",NA,"Argentina",NA,"/wiki/Aviron_Bayonnais_Rugby_Pro"
"Q3293448","Mario Gerosa","Mario Gerosa",NA,NA,"Winger",NA,"Argentina","Argentina; Italy",NA
"Q3293502","Mario Mazzuca","Mario Mazzuca",NA,NA,NA,NA,"Italy",NA,NA
"Q3293807","Marius Goosen","Marius Goosen",187,93,"Fly-Half",NA,"South Africa",NA,NA
"Q3293985","Mark Andrews","Mark Andrews",201,116,"2nd Row",NA,NA,NA,NA
"Q3293990","Mark Bailey","Mark Bailey",188,86,"Winger",NA,"Great Britain","England",NA
"Q3294023","Mark Carter","Mark Carter",188,100,"Flanker",NA,"New Zealand",NA,NA
"Q3294030","Mark Chisholm","Mark Chisholm",197,112,"2nd Row",NA,"Australia",NA,NA
"Q3294035","Mark Connors","Mark Connors",195,104,"2nd Row",NA,"Australia",NA,NA
"Q3294092","Mark Gerrard","Mark Gerrard",192,99,"Utility Back",NA,"Australia",NA,NA
"Q3294093","Mark Giacheri","Mark Giacheri",202,113,"Flanker",NA,"Australia","Italy",NA
"Q3294099","Mark Hammett","Mark Hammett",185,107,"Hooker",NA,"New Zealand",NA,NA
"Q3294101","Mark Hartill","Mark Hartill",183,109,"Prop",NA,"Australia",NA,NA
"Q3294162","Mark McBain","Mark McBain",NA,NA,"Hooker",NA,"Australia",NA,NA
"Q3294382","Marko Stanojevic","Marko Stanojevic",180,88,"Winger",NA,"Great Britain","Italy",NA
"Q3295483","Martin Jágr","Martin Jágr",181,85,"Winger",NA,"Czechoslovakia","Czechia",NA
"Q3295922","Marty Holah","Marty Holah",184,101,"3rd Row",NA,"New Zealand",NA,NA
"Q3295929","Marty Roebuck","Marty Roebuck",NA,NA,"Fullback",NA,"Australia",NA,NA
"Q3295939","Martyn Wood","Martyn Wood",178,92,"Scrum-Half",NA,"Great Britain","England",NA
"Q3295981","Martín Durand","Martín Durand",182,86,"3rd Row",NA,"Argentina",NA,"/wiki/Union_Sportive_Arlequins_Perpignanais"
"Q3295989","Martín Gaitán","Martín Gaitán",178,83,"Centre",NA,"Argentina",NA,NA
"Q3296002","Martín Schusterman","Martín Schusterman",189,102,"3rd Row",NA,"Argentina",NA,NA
"Q3297725","Massimiliano Perziano","Massimiliano Perziano",183,78,"Winger",NA,"Italy",NA,NA
"Q3297727","Massimiliano Ravalle","Massimiliano Ravalle",183,125,"Prop",NA,"Italy",NA,NA
"Q3297745","Massimo Bonomi","Massimo Bonomi",180,90,"Centre",NA,"Italy",NA,NA
"Q3297752","Massimo Cuttitta","Massimo Cuttitta",180,110,"Prop",NA,"Italy",NA,NA
"Q3298650","Mathieu Bélie","Mathieu Bélie",178,80,"Fly-Half",NA,"France","Spain",NA
"Q3299432","Matt Dawson","Matt Dawson",178,90,"Scrum-Half",NA,"Great Britain","England",NA
"Q3299449","Matt Dunning","Matt Dunning",182,115,"Prop",NA,"Canada","Australia",NA
"Q3299535","Matt Mostyn","Matt Mostyn",188,96,"Utility Back",NA,"Australia","Ireland",NA
"Q3299551","Matt Perry","Matt Perry",185,88,"Fullback",NA,"Great Britain","England",NA
"Q3299552","Matt Pini","Matt Pini",183,95,"Fullback",NA,"Australia","Australia; Italy",NA
"Q3299562","Matt Toomua","Matt Toomua",180,90,"Utility Back",NA,"Australia",NA,NA
"Q3299617","Matteo Barbini","Matteo Barbini",190,95,"Centre",NA,"Italy",NA,NA
"Q3299636","Matteo Pratichetti","Matteo Pratichetti",190,100,"Centre",NA,"Italy",NA,NA
"Q3299684","Matthew Burke","Matthew Burke",NA,NA,"Winger",NA,"Australia",NA,NA
"Q3299694","Matt Cockbain","Matt Cockbain",198,108,"2nd Row",NA,"Australia",NA,NA
"Q3299783","Matthew Phillips","Matthew Phillips",193,115,"Number 8",NA,"New Zealand","Italy",NA
"Q3299804","Matt Stevens","Matt Stevens",183,123,"Prop",NA,"South Africa","England","/wiki/Saracens_Football_Club"
"Q3299818","Matthew Watkins","Matthew Watkins",183,92,"Centre",NA,"Great Britain","Wales",NA
"Q3300062","Matías Agüero","Matías Agüero",184,106,"Prop",NA,"Argentina","Italy",NA
"Q3301624","Mauricio Reggiardo","Mauricio Reggiardo",191,108,"Prop",NA,"Argentina",NA,NA
"Q3301720","Maurizio Zaffiri","Maurizio Zaffiri",185,100,"Flanker",NA,"Italy",NA,NA
"Q3302040","Max Brito","Max Brito",NA,NA,"Winger",NA,"Ivory Coast",NA,NA
"Q3302099","Max Evans","Max Evans",175,86,"Centre",NA,"Great Britain","Scotland","/wiki/Castres_Olympique"
"Q3302643","Maxime Machenaud","Maxime Machenaud",173,87,"Scrum-Half",NA,"France",NA,"/wiki/Aviron_Bayonnais_Rugby_Pro"
"Q3304186","Mefin Davies","Mefin Davies",178,96,"Hooker",NA,"Great Britain","Wales",NA
"Q3308051","Michael Bradley","Michael Bradley",NA,NA,"Scrum-Half",NA,"Ireland","Ireland",NA
"Q3308102","Michael Cheika","Michael Cheika",NA,NA,"Number 8",NA,"Australia",NA,NA
"Q3308125","Michael Cook","Michael Cook",NA,NA,"Centre",NA,"Australia",NA,NA
"Q3308195","Michael Foley","Michael Foley",180,106,"Hooker",NA,"Australia",NA,NA
"Q3308215","Michael Gibson","Michael Gibson",198,NA,"Number 8",NA,"Ireland","Ireland",NA
"Q3309070","Michel Boucheron","Michel Boucheron",166,60,"Scrum-Half",NA,"France",NA,NA
"Q3309348","Michel Courtiols","Michel Courtiols",190,98,"3rd Row",NA,"France",NA,NA
"Q3310284","Michel Marfaing","Michel Marfaing",183,84,"Winger",NA,"France",NA,NA
"Q3310696","Michel Ringeval","Michel Ringeval",NA,NA,"Scrum-Half",NA,"France",NA,NA
"Q3311321","Michele Sepe","Michele Sepe",184,90,"Winger",NA,"Italy",NA,NA
"Q3311741","Mick O'Driscoll","Mick O'Driscoll",196,113,"2nd Row",NA,"Ireland","Ireland",NA
"Q3311889","Michael Skinner","Mickey Skinner",NA,NA,"Flanker",NA,"Great Britain","England",NA
"Q3313064","Mihai Lazăr","Mihai Lazar",188,120,"Prop",NA,"Romania",NA,"/wiki/Oyonnax_Rugby"
"Q3313238","Mike Brewer","Mike Brewer",196,103,"3rd Row",NA,"New Zealand",NA,NA
"Q3313242","Mike Brown","Mike Brown",184,90,"Fullback",NA,"Great Britain","England","/wiki/Leicester_Tigers"
"Q3313261","Mike Catt","Mike Catt",177,86,"Utility Back",NA,"South Africa","England",NA
"Q3313357","Mike Harrison","Mike Harrison",NA,NA,"Winger",NA,"Great Britain","England",NA
"Q3313363","Mike Hercus","Mike Hercus",178,82,"Fly-Half",NA,"U.S.A.",NA,NA
"Q3313472","Mike Mullins","Mike Mullins",178,93,"Centre",NA,"New Zealand","Ireland",NA
"Q3313522","Mike Ross","Mike Ross",188,127,"Prop",NA,"Ireland","Ireland",NA
"Q3324008","Morgan Turinui","Morgan Turinui",181,100,"Centre",NA,"Australia",NA,NA
"Q3324010","Morgan Williams","Morgan Williams",183,84,"Scrum-Half",NA,"Canada",NA,NA
"Q3324728","Mose Tuiali'i","Mose Tuiali’i",194,112,"Number 8",NA,"New Zealand",NA,NA
"Q3328211","Murray Pierce","Murray Pierce",198,107,"2nd Row",NA,"New Zealand",NA,NA
"Q3335328","Naka Drotské","Naka Drotské",183,108,"Hooker",NA,"South Africa",NA,NA
"Q3336729","Nathan Grey","Nathan Grey",185,98,"Centre",NA,"Australia",NA,NA
"Q3337803","Neil Best","Neil Best",188,106,"Flanker",NA,"Great Britain","Ireland","/wiki/London_Scottish_Football_Club"
"Q3337816","Neil Francis","Neil Francis",198,119,"2nd Row",NA,"Ireland","Ireland",NA
"Q3337848","Neil de Kock","Neil de Kock",175,81,"Scrum-Half",NA,"South Africa",NA,NA
"Q3337982","Nemani Nadolo","Nemani Nadolo",196,137,"Winger",NA,"Fiji",NA,"/wiki/Leicester_Tigers"
"Q3339277","Ngapaku Ngapaku","Ngapaku Ngapaku",180,83,"Fly-Half",NA,"New Zealand","Samoa",NA
"Q3339448","Niall Hogan","Niall Hogan",173,80,"Scrum-Half",NA,"Ireland","Ireland",NA
"Q3339700","Nick Abendanon","Nick Abendanon",178,86,"Fullback",NA,"South Africa","England",NA
"Q3339714","Nick Beal","Nick Beal",188,94,"Fullback",NA,"Great Britain","England",NA
"Q3339743","Nick Farr-Jones","Nick Farr-Jones",191,114,"Scrum-Half",NA,"Australia",NA,NA
"Q3339762","Nick Kennedy","Nick Kennedy",203,114,"2nd Row",NA,"Great Britain","England",NA
"Q3339789","Nick Popplewell","Nick Popplewell",178,111,"Prop",NA,"Ireland","Ireland",NA
"Q3339795","Nick Stiles","Nick Stiles",183,109,"Prop",NA,"Australia",NA,NA
"Q3339811","Nick Williams","Nick Williams",191,120,"Number 8",NA,"New Zealand",NA,NA
"Q3339894","Nicola Mazzucato","Nicola Mazzucato",188,95,"Winger",NA,"Italy",NA,NA
"Q3340158","Nicolas Brusque","Nicolas Brusque",189,84,"Fullback",NA,"France",NA,NA
"Q3340592","Nicolas Meeùs","Nicolas Meeùs",187,NA,"Winger",NA,"Belgium",NA,"/wiki/Royal_Kituro_Rugby_Club"
"Q3341351","Nigel Heslop","Nigel Heslop",178,83,"Winger",NA,"Great Britain","England",NA
"Q3341358","Nigel Horton","Nigel Horton",195,106,"2nd Row",NA,"Great Britain","England",NA
"Q3341363","Nigel Redman","Nigel Redman",193,109,"2nd Row",NA,"Great Britain","England",NA
"Q3345864","Noel Murphy","Noel Murphy",184,92,"Flanker",NA,"Ireland","Ireland",NA
"Q3349746","Ofisa Tonu'u","Ofisa Tonu'u",178,94,"Scrum-Half",NA,"New Zealand",NA,NA
"Q3350982","Olivier Diomandé","Olivier Diomandé",180,115,"Hooker",NA,"Ivory Coast",NA,NA
"Q3351185","Olivier Magne","Olivier Magne",188,96,"3rd Row",NA,"France",NA,NA
"Q3351222","Olivier Merle","Olivier Merle",198,130,"2nd Row",NA,"France",NA,NA
"Q3351228","Olivier Milloud","Olivier Milloud",185,111,"Prop",NA,"France",NA,NA
"Q3351349","Olivier Roumat","Olivier Roumat",202,110,"2nd Row",NA,"France",NA,NA
"Q3351370","Olivier Sarramea","Olivier Sarraméa",193,104,"Utility Back",NA,"France",NA,NA
"Q3351505","Ollie Phillips","Ollie Phillips",180,92,"Winger",NA,"Great Britain","England",NA
"Q3351507","Ollie le Roux","Ollie le Roux",183,122,"Prop",NA,"South Africa",NA,NA
"Q3351519","Olly Barkley","Olly Barkley",178,92,"Fly-Half",NA,"Great Britain","England",NA
"Q3355146","Orazio Arancio","Orazio Arancio",191,104,"3rd Row",NA,"Italy",NA,NA
"Q3358996","Owen Finegan","Owen Finegan",198,120,"2nd Row",NA,"Australia",NA,NA
"Q3359963","Pablo Bouza","Pablo Bouza",193,108,"2nd Row",NA,"Argentina",NA,NA
"Q3359982","Pablo Lemoine","Pablo Lemoine",NA,NA,"Prop",NA,"Uruguay",NA,NA
"Q3360340","Paddy Johns","Paddy Johns",198,106,"2nd Row",NA,"Great Britain","Ireland",NA
"Q3360349","Paddy Wallace","Paddy Wallace",181,83,"Utility Back",NA,"Great Britain","Ireland",NA
"Q3360612","Paino Hehea","Paino Hehea",199,118,"2nd Row",NA,"Tonga",NA,NA
"Q3362658","Paolo Rosi","Paolo Rosi",NA,NA,"Utility Back",NA,"Italy",NA,NA
"Q3367547","Pascal Ondarts","Pascal Ondarts",178,102,"Prop",NA,"France",NA,NA
"Q3368550","Pat Lam","Pat Lam",NA,NA,"Number 8",NA,"New Zealand","Samoa",NA
"Q3369432","Patrick Estève","Patrick Estève",183,77,"Winger",NA,"France",NA,NA
"Q3369881","Patrick Tabacco","Patrick Tabacco",198,97,"3rd Row",NA,"France",NA,NA
"Q3370427","Paul Ackford","Paul Ackford",198,112,"2nd Row",NA,"Germany","England",NA
"Q3370769","Paul Burke","Paul Burke",173,87,"Fly-Half",NA,"Great Britain","England; Ireland",NA
"Q3371048","Paul Derbyshire","Paul Derbyshire",192,105,"Flanker",NA,"Italy",NA,"/wiki/Mogliano_Rugby_1969"
"Q3371165","Paul Emerick","Paul Emerick",183,95,"Centre",NA,"U.S.A.",NA,NA
"Q3371365","Paul Grayson","Paul Grayson",177,88,"Fly-Half",NA,"Great Britain","England",NA
"Q3371372","Paul Griffen","Paul Griffen",178,83,"Scrum-Half",NA,"New Zealand","Italy",NA
"Q3371409","Paul Gustard","Paul Gustard",193,108,"Flanker",NA,"Great Britain","England",NA
"Q3371471","Paul Hodgson","Paul Hodgson",173,79,"Scrum-Half",NA,"Great Britain","England",NA
"Q3372090","Paul Rendall","Paul Rendall",180,107,"Prop",NA,"Great Britain","England",NA
"Q3372289","Paul Thorburn","Paul Thorburn",183,90,"Fullback",NA,"Germany","Wales",NA
"Q3372399","Paul Wallace","Paul Wallace",185,110,"Prop",NA,"Ireland","Ireland",NA
"Q3374000","Pedrie Wannenburg","Pedrie Wannenburg",196,112,"Flanker",NA,"South Africa",NA,NA
"Q3374073","Pedro Leal","Pedro Leal",160,76,"Scrum-Half",NA,"Portugal",NA,NA
"Q3374132","Pedro Sporleder","Pedro Sporleder",198,118,"2nd Row",NA,"Argentina",NA,NA
"Q3376505","Peter Clohessy","Peter Clohessy",180,106,"Prop",NA,"Ireland","Ireland",NA
"Q3376849","Peter Richards","Peter Richards",175,94,"Scrum-Half",NA,"Great Britain","England",NA
"Q3376886","Peter Slattery","Peter Slattery",NA,NA,"Scrum-Half",NA,"Australia",NA,NA
"Q3376963","Peter Wheeler","Peter Wheeler",180,90,"Hooker",NA,"Great Britain","England",NA
"Q3376966","Peter Williams","Peter Wilson",NA,NA,"Fullback; Centre",NA,"Great Britain","England",NA
"Q3378756","Phil Davies","Philip Davies",NA,NA,"2nd Row",NA,"Great Britain","Wales",NA
"Q3378783","Phil Greening","Phil Greening",180,108,"Hooker",NA,"Great Britain","England",NA
"Q3378800","Phil Kearns","Phil Kearns",183,109,"Hooker",NA,"Australia",NA,NA
"Q3378818","Phil Murphy","Phil Murphy",193,116,"Flanker",NA,"Canada",NA,NA
"Q3378838","Phil Waugh","Phil Waugh",175,100,"Flanker",NA,"Australia",NA,NA
"Q3378839","Phil de Glanville","Phil de Glanville",180,85,"Centre",NA,"Great Britain","England",NA
"Q3379329","Philippe Benetton","Philippe Benetton",190,98,"3rd Row",NA,"France",NA,NA
"Q3379342","Philippe Bernat-Salles","Philippe Bernat-Salles",181,76,"Winger",NA,"France",NA,NA
"Q3379484","Philippe Bérot","Philippe Bérot",175,78,"Utility Back",NA,"France",NA,NA
"Q3379743","Philippe Dintrans","Philippe Dintrans",180,92,"Hooker",NA,"France",NA,NA
"Q3379878","Philippe Gallart","Philippe Gallart",185,100,"Prop",NA,"France",NA,NA
"Q3379921","Philippe Gimbert","Philippe Gimbert",185,107,"Prop",NA,"France",NA,NA
"Q3380327","Philippe Marocco","Philippe Marocco",180,103,"Prop",NA,"France",NA,NA
"Q3380687","Philippe Saint-André","Philippe Saint-André",180,92,"Winger",NA,"France",NA,NA
"Q3383935","Pierre Berbizier","Pierre Berbizier",170,70,"Scrum-Half",NA,"France",NA,NA
"Q3384066","Pierre Bondouy","Pierre Bondouy",180,75,"Utility Back",NA,"France",NA,NA
"Q3387305","Pierre Villepreux","Pierre Villepreux",180,82,"Fly-Half",NA,"France",NA,NA
"Q3388004","Pieter Hendriks","Pieter Hendriks",183,86,"Winger",NA,"South Africa",NA,NA
"Q3388021","Pieter Muller","Pieter Muller",188,101,"Centre",NA,"South Africa",NA,NA
"Q3388026","Pieter Rossouw","Pieter Rossouw",193,80,"Winger",NA,"South Africa",NA,NA
"Q3388200","Pietro Travagli","Pietro Travagli",182,94,"Scrum-Half",NA,"Italy",NA,NA
"Q3389323","Pita Alatini","Pita Alatini",179,90,"Centre",NA,"Tonga","Tonga; New Zealand",NA
"Q3399819","Scott Williams","Scott Williams",183,97,"Centre",NA,"Great Britain","Wales",NA
"Q3401755","Toby Faletau","Toby Faletau",188,109,"Number 8",NA,"Tonga","Wales","/wiki/Bath_Rugby"
"Q3403741","Rhys Priestland","Rhys Priestland",183,95,"Fullback",NA,"Great Britain","Wales",NA
"Q3411871","Pépito Elhorga","Pépito Elhorga",178,80,"Fullback",NA,"Ivory Coast","France","/wiki/Aviron_Bayonnais_Rugby_Pro"
"Q3417243","Rafael Madero","Rafael Madero",NA,NA,"Utility Back",NA,"Argentina",NA,NA
"Q3417306","Rafael Carballo","Rafaël Carballo",179,88,"Centre",NA,"Argentina",NA,NA
"Q3418271","Ralph Keyes","Ralph Keyes",173,80,"Fly-Half",NA,"Ireland","Ireland",NA
"Q3419466","Raphaël Jéchoux","Raphaël Jéchoux",190,103,"3rd Row",NA,"France",NA,NA
"Q3423032","Rees Stephens","Rees Stephens",NA,NA,"2nd Row",NA,"Wales",NA,NA
"Q3423419","Reggie Corrigan","Reggie Corrigan",188,112,"Prop",NA,"Ireland","Ireland",NA
"Q3428323","Reuben Thorne","Reuben Thorne",193,108,"2nd Row",NA,"New Zealand",NA,NA
"Q3429868","Rhys Duggan","Rhys Duggan",175,75,"Scrum-Half",NA,"New Zealand",NA,NA
"Q3430273","Ricardo Loubscher","Ricardo Loubscher",170,84,"Fullback",NA,"South Africa",NA,NA
"Q3430360","Riccardo Bocchino","Riccardo Bocchino",181,83,"Fly-Half",NA,"Italy",NA,NA
"Q3430379","Riccardo Pavan","Riccardo Pavan",187,100,"Winger",NA,"Italy",NA,NA
"Q3430498","Richard Bands","Richard Bands",183,114,"Prop",NA,"South Africa",NA,NA
"Q3430647","Richard Cockerill","Richard Cockerill",178,107,"Hooker",NA,"Great Britain","England",NA
"Q3430728","Richard Dourthe","Richard Dourthe",186,95,"Centre",NA,"France",NA,NA
"Q3430841","Richard Harding","Richard Harding",NA,NA,"Scrum-Half",NA,"Great Britain","England",NA
"Q3430846","Richard Harry","Richard Harry",184,117,"Prop",NA,"Australia",NA,NA
"Q3430866","Richard Hill","Richard Hill",188,108,"3rd Row",NA,"Great Britain","England",NA
"Q3430868","Richard Hill","Richard Hill",170,77,"Scrum-Half",NA,"Great Britain","England",NA
"Q3430989","Richard Loe","Richard Loe",188,116,"Prop",NA,"New Zealand",NA,NA
"Q3431260","Richard Tardits","Richard Tardits",NA,NA,NA,NA,"France",NA,NA
"Q3431310","Richard Wallace","Richard Wallace",180,88,"Winger",NA,"Ireland","Ireland",NA
"Q3431321","Richard Webster","Richard Webster",188,108,"3rd Row",NA,"Wales",NA,NA
"Q3431328","Richard Wigglesworth","Richard Wigglesworth",175,84,"Scrum-Half",NA,"Great Britain","England",NA
"Q3431650","Ricky Nebbett","Ricky Nebbett",180,113,"Prop",NA,"Great Britain","England",NA
"Q3432261","Rino Francescato","Rino Francescato",172,72,"Centre",NA,"Italy",NA,NA
"Q3434244","Rob Wainwright","Rob Wainwright",196,101,"Flanker",NA,"Great Britain","Scotland",NA
"Q3434246","Rob Webber","Rob Webber",183,114,"Hooker",NA,"Great Britain","England",NA
"Q3434282","Robbie Fleck","Robbie Fleck",183,95,"Centre",NA,"South Africa",NA,NA
"Q3436303","Robert Sidoli","Robert Sidoli",198,116,"2nd Row",NA,"Wales",NA,NA
"Q3436323","Robert Soro","Robert Soro",185,110,"2nd Row",NA,"France",NA,NA
"Q3436908","Roberto Diego Grau","Roberto Grau",182,108,"Prop",NA,"Argentina",NA,NA
"Q3436929","Roberto Mandelli","Roberto Mandelli",193,103,"2nd Row",NA,"Italy",NA,NA
"Q3437048","Robin Brooke","Robin Brooke",197,109,"2nd Row",NA,"New Zealand",NA,NA
"Q3438087","Rod Macqueen","Rod Macqueen",NA,NA,NA,NA,"Australia",NA,NA
"Q3438094","Rod McCall","Rod McCall",198,110,"2nd Row",NA,"Australia",NA,NA
"Q3438240","Rodney So'oialo","Rodney So'oialo",190,107,"3rd Row",NA,"Samoa","New Zealand",NA
"Q3438352","Rodolphe Modin","Rodolphe Modin",178,78,"Scrum-Half",NA,"France",NA,NA
"Q3438451","Rodrigo Capó Ortega","Rodrigo Capó Ortega",NA,NA,"Number 8",NA,"Uruguay",NA,NA
"Q3439040","Roger Gould","Roger Gould",NA,NA,"Fullback",NA,"Australia",NA,NA
"Q3439575","Roger Wilson","Roger Wilson",191,106,"Number 8",NA,"Great Britain","Ireland",NA
"Q3440722","Romain Millo-Chluski","Romain Millo-Chluski",196,120,"2nd Row",NA,NA,NA,NA
"Q3440777","Romain Taofifénua","Romain Taofifénua",201,139,"2nd Row",NA,"France",NA,"/wiki/Rugby_Club_Toulonnais"
"Q3441074","Romano Bettarello","Romano Bettarello",NA,NA,"Utility Back",NA,"Italy",NA,NA
"Q3442046","Rory Kockott","Rory Kockott",180,92,"Scrum-Half",NA,"South Africa","France","/wiki/Castres_Olympique"
"Q3442064","Rory Underwood","Rory Underwood",175,86,"Winger",NA,"Great Britain","England",NA
"Q3442783","Ross Reynolds","Ross Reynolds",NA,NA,"Number 8",NA,"Australia",NA,NA
"Q3445745","Roy Bish","Roy Bish",NA,NA,"Centre",NA,"Great Britain","Wales",NA
"Q3446312","Royce Willis","Royce Willis",197,120,"2nd Row",NA,"New Zealand",NA,NA
"Q3446467","Ruben Kruger","Ruben Kruger",188,102,"Flanker",NA,"South Africa",NA,NA
"Q3453815","Ryan Lamb","Ryan Lamb",175,88,"Fly-Half",NA,"Great Britain","England",NA
"Q3455795","Régis Sonnes","Régis Sonnes",193,102,"Number 8",NA,"France",NA,NA
"Q3461646","Saimone Taumoepeau","Saimone Taumoepeau",186,105,"Prop",NA,"Tonga","New Zealand","/wiki/Castres_Olympique"
"Q3470378","Salvatore Costanzo","Salvatore Costanzo",187,132,"Prop",NA,"Italy",NA,NA
"Q3470454","Sam Burgess","Sam Burgess",NA,NA,"2nd Row",NA,"Great Britain","England",NA
"Q3470458","Sam Cane","Sam Cane",189,106,"Flanker",NA,"New Zealand",NA,NA
"Q3470471","Sam Cordingley","Sam Cordingley",176,84,"Scrum-Half",NA,"Australia",NA,NA
"Q3470496","Sam Harding","Sam Harding",183,104,"Flanker",NA,"Australia","New Zealand",NA
"Q3471284","Samuele Pace","Samuele Pace",185,93,"Utility Back",NA,"Italy",NA,NA
"Q3472041","Sandro Vigliano","Sandro Vigliano",NA,NA,"Flanker",NA,"Italy",NA,NA
"Q3475287","Schalk Brits","Schalk Brits",183,98,"Hooker",NA,"South Africa",NA,NA
"Q3476188","Scott Bowen","Scott Bowen",178,86,"Fly-Half",NA,"Australia",NA,NA
"Q3476218","Scott Gibbs","Scott Gibbs",178,95,"Centre",NA,"Great Britain","Wales",NA
"Q3476251","Scott Lawson","Scott Lawson",173,102,"Hooker",NA,"Great Britain","Scotland",NA
"Q3476261","Scott MacLeod","Scott MacLeod",198,110,"2nd Row",NA,"Great Britain","Scotland",NA
"Q3476297","Scott Robertson","Scott Robertson",190,109,"Number 8",NA,"New Zealand",NA,NA
"Q3476309","Scott Spedding","Scott Spedding",187,97,"Fullback",NA,"South Africa","France",NA
"Q3476318","Scott Staniforth","Scott Staniforth",188,103,"Utility Back",NA,"Australia",NA,NA
"Q3476709","Sean Cronin","Seán Cronin",180,101,"Hooker",NA,"Ireland","Ireland",NA
"Q3476732","Sean Hardman","Sean Hardman",183,102,"Hooker",NA,"Australia",NA,NA
"Q3476744","Sean Maitland","Sean Maitland",188,97,"Winger",NA,"New Zealand","Scotland","/wiki/Saracens_Football_Club"
"Q3478056","Selborne Boome","Selborne Boome",191,108,"2nd Row",NA,"South Africa",NA,NA
"Q3479111","Serafino Ghizzoni","Serafino Ghizzoni",NA,NA,"Utility Back",NA,"Italy",NA,NA
"Q3479112","Serafín Dengra","Serafín Dengra",NA,NA,"Prop",NA,"Argentina",NA,NA
"Q3479668","Sergio Lanfranchi","Sergio Lanfranchi",180,92,"Flanker",NA,"Italy",NA,NA
"Q3479767","Sergej Sergeev","Sergej Sergeev",197,115,"2nd Row",NA,"Soviet Union","Soviet Union; Russia",NA
"Q3481354","Shane Byrne","Shane Byrne",178,98,"Hooker",NA,"Ireland","Ireland",NA
"Q3481368","Shane Jennings","Shane Jennings",185,105,"Flanker",NA,"Ireland","Ireland","/wiki/St._Mary%27s_College_RFC"
"Q3481564","Shaun Berne","Shaun Berne",178,85,"Fullback",NA,"Australia",NA,NA
"Q3482463","Shontayne Hape","Shontayne Hape",186,102,"Winger; Centre",NA,"New Zealand","England",NA
"Q3482545","Shota Horie","Shōta Horie",180,104,"Hooker",NA,"Japon",NA,"/wiki/Saitama_Wild_Knights"
"Q3482905","Siaosi Vaili","Siaosi Vaili",196,NA,"2nd Row",NA,"Samoa",NA,NA
"Q3483791","Silao Leaega","Silao Leaega",179,94,"Winger",NA,"Samoa",NA,NA
"Q3483970","Silvano Tartaglini","Silvano Tartaglini",NA,NA,"Fullback",NA,"Italy",NA,NA
"Q3484067","Silvio Orlando","Silvio Orlando",187,99,"Flanker",NA,"Italy",NA,NA
"Q3484246","Simon Culhane","Simon Culhane",175,76,"Fly-Half",NA,"New Zealand",NA,NA
"Q3484250","Simon Danielli","Simon Danielli",188,102,"Winger",NA,"Great Britain","Scotland",NA
"Q3484266","Simon Easterby","Simon Easterby",190,100,"Flanker",NA,"Great Britain","Ireland",NA
"Q3484297","Simon Halliday","Simon Halliday",183,87,"Centre",NA,"Great Britain","England",NA
"Q3484300","Simon Hodgkinson","Simon Hodgkinson",NA,NA,"Fullback",NA,"Great Britain","England",NA
"Q3484417","Simon Picone","Simon Picone",180,88,"Scrum-Half",NA,"Italy",NA,NA
"Q3484422","Simon Poidevin","Simon Poidevin",NA,NA,"Flanker",NA,"Australia",NA,NA
"Q3485047","Sinoti Sinoti","Sinoti Sinoti",173,100,"Winger",NA,"New Zealand","Samoa",NA
"Q3488842","Sofiane Guitoune","Sofiane Guitoune",184,97,"Winger",NA,"Algeria","France",NA
"Q3488863","Sofiene Chaari",NA,NA,NA,NA,NA,NA,NA,NA
"Q3490651","Sonny Parker","Sonny Parker",183,103,"Centre",NA,"New Zealand","Wales",NA
"Q3497946","Stefano Bordon","Stefano Bordon",183,95,"Centre",NA,"Italy",NA,NA
"Q3497992","Stefano Saviozzi","Stefano Saviozzi",185,98,"Hooker",NA,"Italy",NA,NA
"Q3498501","Stephen Bachop","Stephen Bachop",178,92,"Fly-Half",NA,"New Zealand","Samoa; New Zealand",NA
"Q3498621","Stephen Myler","Stephen Myler",180,95,"Fly-Half",NA,"Great Britain","England",NA
"Q3498896","Steve Cutler","Steve Cutler",201,92,"2nd Row",NA,"Australia",NA,NA
"Q3498905","Steve Devine","Steve Devine",176,85,"Scrum-Half",NA,"Australia","Australia; New Zealand",NA
"Q3498924","Steve Fenwick","Steve Fenwick",178,84,"Centre",NA,"Great Britain","Wales",NA
"Q3498946","Steve Hanley","Steve Hanley",193,101,"Winger",NA,"Great Britain","England",NA
"Q3499015","Steve McDowall","Steve McDowall",182,102,"Prop",NA,"New Zealand",NA,NA
"Q3499042","Steve Ojomoh","Stephen Ojomoh",191,106,"3rd Row",NA,"Nigeria","England",NA
"Q3499139","Steve Thompson","Steve Thompson",188,115,"Hooker",NA,"Great Britain","England","/wiki/Wasps_Rugby_Football_Club"
"Q3499146","Steve Tuynman","Steve Tuynman",NA,NA,"Number 8",NA,"Australia",NA,NA
"Q3499275","Steven So'oialo","Steven So'oialo",178,83,"Scrum-Half",NA,"Samoa",NA,"/wiki/Harlequin_Football_Club"
"Q3500777","Stuart Abbott","Stuart Abbott",182,89,"Centre",NA,"South Africa","England",NA
"Q3500801","Stuart Grimes","Stuart Grimes",196,109,"2nd Row",NA,"Great Britain","Scotland",NA
"Q3500807","Stuart Hogg","Stuart Hogg",180,93,"Fullback",NA,"Great Britain","Scotland","/wiki/Exeter_Chiefs"
"Q3500816","Stuart Lane","Stuart Lane",183,92,"Flanker",NA,"Great Britain","Wales",NA
"Q3500821","Stuart Moffat","Stuart Moffat",190,99,"Fullback",NA,"Great Britain","Scotland",NA
"Q3500845","Stuart Watkins","Stuart Watkins",188,81,"Winger",NA,"Great Britain","Wales",NA
"Q3501664","Stéphane Castaignède","Stéphane Castaignède",172,73,"Scrum-Half",NA,"France",NA,NA
"Q3501792","Stéphane Glas","Stéphane Glas",178,87,"Centre",NA,"France",NA,NA
"Q3501989","Stéphane Ougier","Stéphane Ougier",190,92,"Fullback",NA,"France",NA,NA
"Q3509985","Sébastien Bruno","Sébastien Bruno",175,103,"Hooker",NA,"France",NA,NA
"Q3510337","Sébastien Tillous-Borde","Sébastien Tillous-Borde",176,90,"Scrum-Half",NA,"France",NA,NA
"Q3510346","Sébastien Vahaamahina","Sébastien Vahaamahina",203,125,"2nd Row",NA,"France",NA,"/wiki/Association_sportive_montferrandaise_Clermont_Auvergne"
"Q3510351","Sébastien Viars","Sébastien Viars",NA,NA,"Fullback",NA,"France",NA,NA
"Q3514043","Taine Randell","Taine Randell",188,110,"2nd Row",NA,"New Zealand",NA,NA
"Q3518906","Terry Kingston","Terry Kingston",178,99,"Hooker",NA,"Ireland","Ireland",NA
"Q3518949","Tertius Losper","Tertius Losper",185,88,"Fullback",NA,"Namibia","Namibia",NA
"Q3523902","Harold Caccia, Baron Caccia","Harold Caccia",NA,NA,NA,NA,NA,NA,NA
"Q3524230","Thierry Devergie","Thierry Devergie",198,118,"2nd Row",NA,"France",NA,NA
"Q3524979","Thomas Castaignède","Thomas Castaignède",183,111,"Utility Back",NA,"France",NA,NA
"Q3525363","Thomas Lièvremont","Thomas Lièvremont",188,105,"Number 8",NA,"France",NA,NA
"Q3525517","T. Rhys Thomas","Rhys Thomas",183,106,"Hooker",NA,"Wales",NA,NA
"Q3525648","Thomas Waldrom","Thomas Waldrom",184,111,"Number 8",NA,"New Zealand","England",NA
"Q3528646","Tim Horan","Tim Horan",183,93,"Utility Back",NA,"Australia",NA,NA
"Q3528659","Tim Lane","Tim Lane",NA,NA,"Centre",NA,"Australia",NA,NA
"Q3528684","Tim Rodber","Tim Rodber",198,115,"Flanker",NA,"Great Britain","England",NA
"Q3528697","Tim Stimpson","Tim Stimpson",191,103,"Fullback",NA,"Great Britain","England",NA
"Q3529025","Timoci Nagusa","Timoci Nagusa",183,103,"Winger",NA,"Fiji",NA,"/wiki/Football_club_de_Grenoble_rugby"
"Q3529589","Tito Tebaldi","Tito Tebaldi",185,87,"Scrum-Half",NA,"Italy",NA,"/wiki/Petrarca_Rugby"
"Q3530245","Todd Blackadder","Todd Blackadder",190,100,"2nd Row",NA,"New Zealand",NA,NA
"Q3530661","Tom Bowman","Tom Bowman",200,118,"2nd Row",NA,"Australia",NA,NA
"Q3530696","Tom Court","Tom Court",191,117,"Prop",NA,"Australia","Ireland",NA
"Q3530773","Tom Lawton","Tom Lawton",185,118,"Hooker",NA,"Australia",NA,NA
"Q3530790","Tom May","Tom May",177,92,"Utility Back",NA,"Great Britain","England",NA
"Q3530833","Tom Palmer","Tom Palmer",201,118,"2nd Row",NA,"Great Britain","England",NA
"Q3530858","Tom Rees","Tom Rees",184,100,"Flanker",NA,"Great Britain","England",NA
"Q3530903","Tom Tierney","Tom Tierney",183,83,"Scrum-Half",NA,"Ireland","Ireland",NA
"Q3530908","Tom Varndell","Tom Varndell",192,96,"Winger",NA,"Great Britain","England",NA
"Q3530910","Tom Voyce","Tom Voyce",185,95,"Utility Back",NA,"Great Britain","England",NA
"Q3530931","Tom Wood","Tom Wood",193,105,"3rd Row",NA,"Great Britain","England","/wiki/Northampton_Saints"
"Q3531257","Tommaso D'Apice","Tommaso D'Apice",183,105,"Hooker",NA,"Italy",NA,NA
"Q3531270","Tommaso Reato","Tommaso Reato",193,96,"2nd Row",NA,"Italy",NA,NA
"Q3531274","Tommaso Visentin","Tomas Visentin",180,85,"Centre",NA,"Italy",NA,NA
"Q3531701","Tony Brown","Tony Brown",177,85,"Fly-Half",NA,"New Zealand",NA,NA
"Q3531703","Tony Buckley","Tony Buckley",196,138,"Prop",NA,"Ireland","Ireland",NA
"Q3531751","Tony Diprose","Tony Diprose",196,112,"Number 8",NA,"Great Britain","England",NA
"Q3531900","Tony Stanger","Tony Stanger",189,95,"Winger",NA,"Great Britain","Scotland",NA
"Q3531920","Tony Underwood","Tony Underwood",175,86,"Winger",NA,"Malaysia","England",NA
"Q3532170","Topsy Ojo","Topsy Ojo",183,85,"Winger",NA,"Great Britain","England",NA
"Q3533201","Alastair Hignell","Alastair Hignell",NA,NA,"Fullback",NA,"England",NA,NA
"Q3538563","Trevor Brennan","Trevor Brennan",196,105,"Flanker",NA,"Ireland","Ireland",NA
"Q3538616","Trevor Woodman","Trevor Woodman",182,111,"Prop",NA,"Great Britain","England",NA
"Q3547810","Ugo Mola","Ugo Mola",183,85,"Fly-Half",NA,"France",NA,NA
"Q3553044","Va'aiga Tuigamala","Va'aiga Tuigamala",180,94,"Utility Back",NA,"Samoa","New Zealand; Samoa",NA
"Q3553236","Warren Spragg","Warren Spragg",180,92,"Utility Back",NA,"Great Britain","England; Italy",NA
"Q3553719","Valerio Bernabò","Valerio Bernabò",198,110,"2nd Row",NA,"Italy",NA,NA
"Q3554936","Vasily Artemyev","Vasilij Artem'ev",183,87,"Winger",NA,"Soviet Union","Russia",NA
"Q3555838","Vereniki Goneva","Vereniki Goneva",189,97,"Utility Back",NA,"Fiji",NA,NA
"Q3555942","Vern Cotter","Vern Cotter",193,97,"3rd Row",NA,"New Zealand",NA,NA
"Q3557237","Victor Costello","Victor Costello",196,122,"3rd Row",NA,"Ireland","Ireland",NA
"Q3557619","Victor Ubogu","Victor Ubogu",175,108,"Prop",NA,"Nigeria","England",NA
"Q3558418","Viliami Vaki","Viliami Vaki",198,104,"3rd Row",NA,"Tonga",NA,NA
"Q3559614","Vincent Etcheto","Vincent Etcheto",NA,NA,"Fly-Half",NA,"France",NA,NA
"Q3559922","Vincenzo Bertolotto","Vincenzo Bertolotto",NA,NA,"2nd Row",NA,"Italy",NA,NA
"Q3560816","Virimi Vakatawa","Virimi Vakatawa",185,92,"Centre",NA,"New Zealand","France",NA
"Q3561372","Vittorio Munari","Vittorio Munari",NA,NA,"Scrum-Half",NA,"Italy",NA,NA
"Q3564982","Wade Dooley","Wade Dooley",202,112,"2nd Row",NA,"Great Britain","England",NA
"Q3565170","Waisale Serevi","Waisale Serevi",165,80,"Utility Back",NA,"Fiji",NA,NA
"Q3565728","Walter Cristofoletto","Walter Cristofoletto",192,110,"2nd Row",NA,"Italy",NA,NA
"Q3565811","Walter Little","Walter Little",178,76,"Fly-Half",NA,"New Zealand",NA,NA
"Q3565857","Walter Pozzebon","Walter Pozzebon",180,90,"Centre",NA,"Italy",NA,NA
"Q3566468","Warwick Taylor","Warwick Taylor",179,79,"Centre",NA,"New Zealand",NA,NA
"Q3566471","Warwick Waugh","Warwick Waugh",203,123,"2nd Row",NA,"Australia",NA,NA
"Q3566842","Wayne Julies","Wayne Julies",183,88,"Centre",NA,"South Africa",NA,NA
"Q3566851","Wayne Pivac","Wayne Pivac",NA,NA,"3rd Row",NA,"New Zealand",NA,"/wiki/Nazionale_maschile_di_rugby_a_15_del_Galles"
"Q3566861","Wayne Smith","Wayne Smith",NA,NA,"Fly-Half",NA,"New Zealand",NA,NA
"Q3567318","Werner Greeff","Werner Greeff",188,92,"Winger",NA,"South Africa",NA,NA
"Q3567340","Werner Swanepoel","Werner Swanepoel",173,76,"Scrum-Half",NA,"South Africa",NA,NA
"Q3568079","Wikus van Heerden","Wikus van Heerden",193,108,"3rd Row",NA,"South Africa",NA,"/wiki/Golden_Lions"
"Q3568280","Will Carling","Will Carling",180,90,"Centre",NA,"Great Britain","England",NA
"Q3568328","Willem Alberts","Willem Alberts",193,117,"Flanker",NA,"South Africa",NA,NA
"Q3569004","Billy Trew","Billy Trew",NA,NA,"Centre",NA,"Wales",NA,NA
"Q3569098","Viliami Ofahengaue","Willie Ofahengaue",193,125,"3rd Row",NA,"Tonga","Australia",NA
"Q3570685","Xavier Garbajosa","Xavier Garbajosa",185,89,"Utility Back",NA,"France",NA,NA
"Q3571639","Yann Delaigue","Yann Delaigue",180,83,"Fly-Half",NA,"France",NA,NA
"Q3571791","Yannick Nyanga","Yannick Nyanga",187,102,"3rd Row",NA,"D.R. of the Congo","France",NA
"Q3572366","Yoann Huget","Yoann Huget",190,94,"Winger",NA,"France",NA,NA
"Q3574638","Zak Feau'nati","Isaac Fe’aunati",188,117,"Number 8",NA,"New Zealand","Samoa",NA
"Q3588678","Émile Ntamack","Émile Ntamack",189,92,"Utility Back",NA,"France",NA,NA
"Q3591004","Eric Bonneval","Éric Bonneval",180,83,"Winger",NA,"France",NA,NA
"Q3591043","Éric Champ","Éric Champ",195,106,"2nd Row",NA,"France",NA,NA
"Q3603065","Aaron Cowie","Aaron Cowie",178,90,"Centre",NA,"New Zealand","Scotland",NA
"Q3604979","Adam Byrnes","Adam Byrnes",201,118,"2nd Row",NA,"Australia","Russia",NA
"Q3604991","Adam M. Jones","Adam Jones",201,118,"2nd Row",NA,"Great Britain","Wales",NA
"Q3605497","Adolphe Klingelhoefer","Adolphe Klingelhoeffer",NA,NA,NA,NA,"France; Brazil",NA,NA
"Q3605612","Adrian Donald","Adrian Donald",185,108,"Prop",NA,"New Zealand",NA,NA
"Q3606810","Agostino Puppo","Agostino Puppo",NA,NA,"Scrum-Half",NA,"Italy",NA,NA
"Q3606939","Agustín Cavalieri","Agustin Cavalieri",196,113,"2nd Row",NA,"Argentina","Italy",NA
"Q3606940","Agustín Canalda","Agustín Canalda",183,98,"Hooker",NA,"Argentina",NA,NA
"Q3608146","Alberto Bergamo","Alberto Bergamo",187,87,"Winger",NA,"Italy",NA,NA
"Q3608388","Alberto Lucchese","Alberto Lucchese",174,79,"Scrum-Half",NA,"Italy",NA,NA
"Q3608408","Alberto Marconato","Alberto Marconato",182,97,"Winger",NA,NA,NA,"/wiki/Rugby_Udine_Union_FVG"
"Q3608650","Alberto Zorzi","Alberto Zorzi",178,81,"Utility Back",NA,"Italy",NA,"/wiki/Rugby_Casale"
"Q3609130","Aldo Birchall","Aldo Birchall",185,99,"Flanker",NA,"Great Britain","Italy",NA
"Q3609429","Alejandro Abadie","Alejandro Abadie",190,107,"Number 8",NA,"Argentina",NA,NA
"Q3609858","Alessandro Bollati","Alessandro Bollati",NA,NA,"Prop",NA,"Italy",NA,NA
"Q3609879","Alessandro Bottacchiari","Alessandro Bottacchiari",NA,NA,"3rd Row",NA,"Italy",NA,NA
"Q3609897","Alessandro Caranci","Alessandro Caranci",NA,NA,"Fly-Half",NA,"Italy",NA,NA
"Q3610024","Alessandro Fusco","Alessandro Fusco",NA,NA,NA,NA,"Italy",NA,NA
"Q3610596","Alessio Zdrilich","Alessio Zdrilich",194,109,"2nd Row",NA,"Italy",NA,"/wiki/Rugby_Brescia"
"Q3610665","Alec Evans","Alex Evans",NA,NA,NA,NA,"Australia",NA,NA
"Q3611407","Alfredo Gavazzi","Alfredo Gavazzi",NA,NA,"Prop",NA,"Italy",NA,NA
"Q3613815","Ambrogio Bona","Ambrogio Bona",180,102,"Prop",NA,"Italy",NA,NA
"Q3615613","Andrea Cococcetta","Andrea Cococcetta",NA,NA,"Fly-Half",NA,"Italy",NA,NA
"Q3615737","Andrea Gavazzi","Andrea Gavazzi",175,104,"Hooker",NA,"Italy",NA,"/wiki/Rugby_Calvisano"
"Q3615813","Andrea Lovotti","Andrea Lovotti",183,111,"Prop",NA,"Italy",NA,"/wiki/Rugby_Colorno"
"Q3616029","Andrea Sartoretto","Andrea Sartoretto",191,87,"Winger",NA,NA,NA,"/wiki/Ruggers_Tarvisium"
"Q3616253","Andy Craig","Andy Craig",186,91,"Centre",NA,"Great Britain","Scotland",NA
"Q3616280","Andrew Lewis","Andrew Lewis",178,105,"Hooker",NA,"Great Britain","Wales",NA
"Q3616293","Andrew Skeen","Andrew Skeen",176,80,"Fly-Half",NA,"Great Britain","Scotland",NA
"Q3616300","Andy Vilk","Andrew Vilk",180,98,"Utility Back",NA,"Great Britain","England",NA
"Q3616552","Andy Marinos","Andy Marinos",178,96,"Centre",NA,"Zimbabwe","Wales",NA
"Q3619432","Antonio Colella","Antonio Colella",197,115,"2nd Row",NA,"Italy",NA,NA
"Q3619616","Antonio Galeazzo","Antonio Galeazzo",182,98,"Hooker",NA,"Italy",NA,NA
"Q3620233","Antonio Spagnoli","Antonio Spagnoli",181,110,"Prop",NA,"Italy",NA,NA
"Q3624265","Arthur Emyr","Arthur Emyr",188,92,"Winger",NA,"Great Britain","Wales",NA
"Q3637951","Ben Smith","Ben Smith",181,90,"Centre",NA,"New Zealand",NA,NA
"Q3639985","Bill Leversee","Bill Leversee",198,111,"2nd Row",NA,"U.S.A.",NA,NA
"Q3641358","Bob Wilkinson","Bob Wilkinson",NA,NA,"2nd Row",NA,"Great Britain","England",NA
"Q3644238","Brendan Williams","Brendan Williams",170,76,"Fullback",NA,"Australia",NA,NA
"Q3646462","Budge Rogers","Budge Rogers",183,85,"Flanker",NA,"Great Britain","England",NA
"Q3647870","Byran Black","Byran Black",NA,NA,NA,NA,"Great Britain",NA,NA
"Q3659238","Carlo Damasco","Carlo Damasco",NA,NA,NA,NA,"Italy",NA,NA
"Q3665437","Cesare Ghezzi","Cesare Ghezzi",NA,NA,"Scrum-Half",NA,"Italy",NA,NA
"Q3675525","Chris MacKintosh","Chris MacKintosh",188,80,NA,NA,"Great Britain",NA,"/wiki/Universit%C3%A0_di_Oxford"
"Q3679945","Claudio Bincaz","Claudio Bincaz",NA,NA,NA,NA,"Argentina",NA,NA
"Q3679959","Claudio Buezas","Claudio Buezas",179,90,"Centre",NA,"Argentina",NA,NA
"Q3680441","Clemente Caccianiga","Clemente Caccianiga",NA,NA,NA,NA,"Italy",NA,NA
"Q3694299","Corrado Pilat","Corrado Pilat",180,80,"Utility Back",NA,"Italy",NA,NA
"Q3695553","Costantino Ricciardi","Costantino Ricciardi",190,100,"Winger",NA,"Italy",NA,NA
"Q3701242","Damian Hopley","Damian Hopley",188,96,"Utility Back",NA,"Great Britain","England",NA
"Q3702086","Daniele Tebaldi","Daniele Tebaldi",NA,NA,"Fullback",NA,"Italy",NA,NA
"Q3703205","David Harvey","David Harvey",178,91,"Fly-Half",NA,"Australia","Australia; Brazil",NA
"Q3703309","David Rees","David Rees",175,89,"Utility Back",NA,"Great Britain","England",NA
"Q3703373","David Williams","David Williams",NA,NA,"Hooker",NA,"Great Britain","Wales",NA
"Q3703542","Davide Duca","Davide Duca",183,95,"Fly-Half",NA,"Italy",NA,NA
"Q3707244","Diego Saccà","Diego Saccà",189,87,"Centre",NA,"Italy",NA,NA
"Q3707248","Diego Scaglia","Diego Scaglia",198,109,"2nd Row",NA,"Argentina","Italy",NA
"Q3709167","Dirk Naudè","Dirk Naudé",203,115,"2nd Row",NA,"South Africa",NA,NA
"Q3713600","Don White","Don White",NA,NA,"Flanker",NA,"Great Britain","England",NA
"Q3716869","Dylan des Fountain","Dylan des Fountain",188,98,"Centre",NA,"South Africa",NA,NA
"Q3718921","Eddie Butler","Eddie Butler",191,95,"Number 8",NA,"Great Britain","Wales",NA
"Q3719101","Edgardo Venturi","Edgardo Venturi",NA,NA,"Winger",NA,"Italy",NA,NA
"Q3722914","Elia Violi","Elia Violi",186,118,"Prop",NA,"Italy",NA,NA
"Q3723013","Elio De Anna","Elio De Anna",NA,NA,NA,NA,NA,NA,NA
"Q3723026","Elio Fusco","Elio Fusco",NA,NA,"Scrum-Half",NA,"Italy",NA,NA
"Q3723891","Emanuele Bellandi","Emanuele Bellandi",189,96,"3rd Row",NA,"Italy",NA,"/wiki/Rugby_Brescia"
"Q3724301","Emiliano Mulieri","Emiliano Mulieri",181,87,"Fullback",NA,"Argentina",NA,NA
"Q3725497","Ennio Ponzi","Ennio Ponzi",NA,NA,"Fly-Half",NA,"Italy",NA,NA
"Q3725680","Enrico Ceccato","Enrico Ceccato",179,108,"Hooker",NA,"Italy",NA,NA
"Q3734342","Eugenio Eugenio","Eugenio Eugenio",NA,NA,"Utility Back",NA,"Italy",NA,NA
"Q3737719","Fabio Gaetaniello","Fabio Gaetaniello",183,NA,"Centre",NA,"Italy",NA,NA
"Q3737820","Fabio Roselli","Fabio Roselli",176,85,"Winger",NA,"Italy",NA,NA
"Q3738038","Fabrizio Franzoni","Fabrizio Franzoni",170,75,"Scrum-Half",NA,"Italy",NA,"/wiki/Botticino_Rugby_Union"
"Q3738119","Fabrizio Sepe","Fabrizio Sepe",184,95,"Winger",NA,"Italy",NA,"/wiki/Polisportiva_S.S._Lazio_Rugby_1927"
"Q3739635","Giovanni Grespan","Giovanni Grespan",185,116,"Prop",NA,"Italy",NA,NA
"Q3741906","Federico Sossi","Federico Sossi",193,121,"Winger",NA,"Italy",NA,"/wiki/CUS_Brescia"
"Q3742780","Fergus Aherne","Fergus Aherne",NA,NA,"Scrum-Half",NA,"Ireland",NA,NA
"Q3742902","Fernando Díaz Alberdi","Fernando Díaz Alberdi",180,108,"Prop",NA,"Argentina",NA,NA
"Q3743819","Ferruccio Tozzi","Ferruccio Tozzi",NA,NA,"Winger; Centre",NA,"Italy",NA,NA
"Q3749948","Francesco Faia Pappalardo","Francesco Faia Pappalardo",180,90,"Fullback",NA,"Italy",NA,NA
"Q3750304","Francesco Minto","Francesco Minto",192,103,"Flanker",NA,"Italy",NA,NA
"Q3750468","Francesco Pietrosanti","Francesco Pietrosanti",NA,NA,"Scrum-Half",NA,"Italy",NA,NA
"Q3751040","Francisco Rubio","Francisco Rubio",170,78,"Prop",NA,"Argentina",NA,NA
"Q3751145","Franco Berni","Franco Berni",200,150,"2nd Row",NA,"Italy",NA,NA
"Q3751223","Franco Cioni","Franco Cioni",NA,NA,"3rd Row",NA,"Italy",NA,NA
"Q3751785","Frank Chevallier-Boutell","Frank Chevallier-Boutell",NA,NA,NA,NA,"Argentina",NA,NA
"Q3756475","Gabriel Filizzola","Gabriel Filizzola",175,81,"Centre",NA,"Argentina","Italy",NA
"Q3756549","Gabriele Brussolo","Gabriele Brussolo",175,82,"Fly-Half",NA,NA,NA,"/wiki/Rugby_San_Don%C3%A0"
"Q3756568","Gabriele Cicchinelli","Gabriele Cicchinelli",193,105,"2nd Row",NA,"Italy",NA,"/wiki/Rugby_Colorno"
"Q3756639","Gabriele Morelli","Gabriele Morelli",189,131,"Prop",NA,"Italy",NA,"/wiki/Rugby_Calvisano"
"Q3758824","Gastón de Robertis","Gastón de Robertis",179,105,"Prop",NA,"Argentina",NA,"/wiki/Pampas_XV"
"Q3758994","Gavin Quinnell","Gavin Quinnell",201,138,"2nd Row",NA,"Great Britain","Wales",NA
"Q3760509","George Graham","George Graham",193,92,"Prop",NA,"Great Britain","Scotland",NA
"Q3761168","Germán Bustos","Germán Bustos",188,88,"Fly-Half",NA,"Argentina",NA,NA
"Q3762006","Giacomo Brancoli","Giacomo Brancoli",190,106,"Flanker",NA,"Italy",NA,"/wiki/Rugby_Club_I_Medicei"
"Q3762321","Giacomo Zoli","Giacomo Zoli",180,107,"Hooker",NA,"Italy",NA,NA
"Q3762531","Giampiero Mazzi","Giampiero Mazzi",173,75,"Scrum-Half",NA,"Italy",NA,NA
"Q3762778","Gianantonio Bulgheroni","Gianantonio Bulgheroni",185,NA,NA,NA,"Italy",NA,NA
"Q3762833","Giancarlo Cucchiella","Giancarlo Cucchiella",182,NA,"Prop",NA,"Italy",NA,NA
"Q3762846","Giancarlo Dondi","Giancarlo Dondi",187,90,"2nd Row",NA,"Italy",NA,NA
"Q3763221","Gianluca Faliva","Gianluca Faliva",178,112,"Prop",NA,"Italy",NA,NA
"Q3763256","Gianluca Limone","Gianluca Limone",180,88,"Centre",NA,"Italy",NA,NA
"Q3763628","Gianni Salamon","Gianni Salamon",NA,NA,"Prop",NA,"Italy",NA,NA
"Q3764114","Gigi Savoia",NA,NA,NA,NA,NA,NA,NA,NA
"Q3765614","Giorgio Morelli","Giorgio Morelli",NA,NA,"Hooker",NA,"Italy",NA,NA
"Q3765798","Giorgio Troncon","Giorgio Troncon",NA,NA,"Centre",NA,"Italy",NA,NA
"Q3767294","Giovanni Frapporti","Giovanni Frapporti",180,92,"Centre",NA,"Italy",NA,"/wiki/Rugby_Club_Valpolicella"
"Q3767615","Giovanni Maistri","Giovanni Maistri",191,109,"Hooker",NA,"Italy",NA,"/wiki/Petrarca_Rugby"
"Q3768004","Giovanni Raineri","Giovanni Raineri",175,86,"Utility Back",NA,"Italy",NA,NA
"Q3770024","Giuseppe Artuso","Giuseppe Artuso",NA,NA,"Flanker",NA,"Italy",NA,NA
"Q3771445","Giuseppe Sessa","Giuseppe Sessa",NA,NA,"2nd Row",NA,"Italy",NA,NA
"Q3778981","Guglielmo Palazzani","Guglielmo Palazzani",173,82,"Utility Back",NA,"Italy",NA,"/wiki/Rugby_Colorno"
"Q3779967","Gustavo Milano","Gustavo Milano",195,105,"2nd Row",NA,"Argentina","Argentina; Italy",NA
"Q3780050","Guy Pardiès","Guy Pardiès",178,78,"Scrum-Half",NA,"France",NA,NA
"Q3785281","Hernán Mazino","Hernán Mazino",182,112,"Prop",NA,"Argentina",NA,NA
"Q3787517","Hugo Torres","Hugo Torres",NA,NA,"Prop",NA,"Argentina",NA,NA
"Q3788117","Héctor Luis Silva","Héctor Silva",NA,NA,"Number 8",NA,"Argentina",NA,NA
"Q3792247","Ignacio Fernandez Rouyet","Ignacio Fernández Rouyet",181,107,"Prop",NA,"Argentina","Italy",NA
"Q3805933","Jacopo Salvetti","Jacopo Salvetti",192,103,"Flanker",NA,"Italy",NA,"/wiki/Verona_Rugby"
"Q3808352","Jim Love","Jim Love",NA,NA,"Flanker",NA,"New Zealand",NA,NA
"Q3808383","Jim Thompson","Jim Thompson",186,94,"Fullback",NA,"Great Britain","Scotland","/wiki/London_Scottish_Football_Club"
"Q3808729","Joe van Niekerk","Joe van Niekerk",180,98,"Centre",NA,"South Africa","Italy",NA
"Q3809448","John Mallett","John Mallett",185,102,"Prop",NA,"Great Britain","England",NA
"Q3809624","John Smith","John Smith",190,95,NA,NA,"Scotland",NA,NA
"Q3810820","Juan Cruz Légora","Juan Cruz Légora",NA,NA,"Scrum-Half",NA,"Argentina",NA,NA
"Q3810880","Juan Manuel Queirolo","Juan Manuel Queirolo",170,78,"Scrum-Half",NA,"Argentina","Italy",NA
"Q3811161","Julio Clement","Julio Clement",NA,NA,"2nd Row",NA,"Argentina",NA,NA
"Q3814405","Kelly Rolleston","Kelly Rolleston",180,87,"Fullback",NA,"New Zealand",NA,NA
"Q3814797","Kevin Bowring","Kevin Bowring",NA,NA,"Flanker",NA,"Great Britain","Wales",NA
"Q3830242","Leo Chiosso",NA,NA,NA,NA,NA,NA,NA,NA
"Q3835650","Liviu Pascu","Liviu Pascu",194,99,"Flanker",NA,"Romania","Romania; Italy",NA
"Q3837077","Lorenzo Sebastiani","Lorenzo Sebastiani",184,118,"Prop",NA,"Italy",NA,NA
"Q3838031","Luca Beccaris","Luca Beccaris",197,120,"2nd Row",NA,"Italy",NA,"/wiki/Petrarca_Rugby"
"Q3838087","Luca Corona","Luca Corona",179,90,"Winger",NA,"Italy",NA,"/wiki/Rugby_Frascati_Union"
"Q3838212","Luca Morisi","Luca Morisi",182,95,"Centre",NA,"Italy",NA,"/wiki/Zebre_Rugby_Club"
"Q3838273","Luca Scarsini","Luca Scarsini",183,118,"Prop",NA,"Italy",NA,"/wiki/Rugby_Lyons"
"Q3838302","Luca Tramontin",NA,NA,NA,NA,NA,NA,NA,NA
"Q3838320","Luca Zara","Luca Zara",182,103,"Hooker",NA,"Italy",NA,"/wiki/Mogliano_Rugby_1969"
"Q3838347","Lucas Barrera Oro","Lucas Barrera Oro",188,95,"Winger",NA,"Argentina",NA,NA
"Q3838816","Lucio Boccaletto","Lucio Boccaletto",NA,NA,"3rd Row",NA,"Italy",NA,NA
"Q3839630","Luigi Ferraro","Luigi Ferraro",180,100,"Hooker",NA,"Italy",NA,NA
"Q3844859","Manrico Marchetto","Manrico Marchetto",NA,NA,"Winger",NA,NA,NA,NA
"Q3845629","Marcello Martone","Marcello Martone",NA,NA,"Fullback",NA,"Italy",NA,NA
"Q3845978","Marco Buscarini","Marco Buscarini",NA,117,"Prop",NA,"Italy",NA,NA
"Q3846121","Marco Filippucci","Marco Filippucci",188,103,"Flanker",NA,"Italy",NA,NA
"Q3846150","Marco Gavazzi","Marco Gavazzi",170,82,"Hooker",NA,"Italy",NA,NA
"Q3846157","Marco Geraci","Marco Geraci",179,110,"Prop; Hooker",NA,"Italy",NA,"/wiki/Benetton_Rugby_Treviso"
"Q3846509","Marco Susio","Marco Susio",188,101,"Winger",NA,"Italy",NA,"/wiki/Rugby_Calvisano"
"Q3848325","Mario Battaglini","Mario Battaglini",185,105,"3rd Row",NA,"Italy",NA,NA
"Q3848930","Mario Pavin","Mario Pavin",185,87,"Flanker",NA,"Italy",NA,NA
"Q3849446","Mark Bingham",NA,NA,NA,NA,NA,NA,NA,NA
"Q3851152","Massimo Brunello","Massimo Brunello",180,81,"Utility Back",NA,"Italy",NA,NA
"Q3851349","Massimo Mascioletti","Massimo Mascioletti",169,74,"Winger",NA,"Italy",NA,NA
"Q3852057","Matteo Appiani","Matteo Appiani",184,81,"Utility Back",NA,"Italy",NA,NA
"Q3852126","Matteo Foschi","Matteo Foschi",190,102,"2nd Row",NA,"Italy",NA,NA
"Q3852496","Maurizio Aluigi","Maurizio Aluigi",190,103,"Prop",NA,"Italy",NA,"/wiki/Rugby_Brescia"
"Q3852828","Mauro Gardin","Mauro Gardin",NA,NA,"2nd Row",NA,"Italy",NA,NA
"Q3854365","Memo Geremia","Memo Geremia",NA,NA,"Prop",NA,"Italy",NA,NA
"Q3856488","Michele Andreotti","Michele Andreotti",200,105,"2nd Row",NA,"Italy",NA,"/wiki/Rugby_Calvisano"
"Q3856546","Michele Carlotto","Michele Carlotto",NA,NA,"Winger",NA,"Italy",NA,NA
"Q3856775","Michele Rizzo","Michele Rizzo",188,115,"Prop",NA,"Italy",NA,NA
"Q3856837","Michele Visentin","Michele Visentin",185,89,"Winger",NA,"Italy",NA,"/wiki/ASD_Rugby_Paese"
"Q3857283","Miguel Ruiz","Miguel Ruiz",194,108,"2nd Row",NA,"Argentina",NA,NA
"Q3857367","Mike Burton","Mike Burton",188,104,"Prop",NA,"Great Britain","England",NA
"Q3857474","Mike Worsley","Mike Worsley",185,106,"Prop",NA,"England",NA,NA
"Q3862942","Moreno Trevisiol","Moreno Trevisiol",NA,NA,"Hooker",NA,"Italy",NA,NA
"Q3870706","Nate Ebner","Nate Ebner",183,100,NA,NA,"U.S.A.",NA,NA
"Q3874309","Neil McCarthy","Neil McCarthy",178,102,"Hooker",NA,"Great Britain","England",NA
"Q3876032","Nick Screnci","Nick Screnci",NA,NA,"Prop",NA,"U.S.A.","Italy",NA
"Q3876046","Nick Youngs","Nick Youngs",NA,NA,"Scrum-Half",NA,"Great Britain","England",NA
"Q3876047","Nick Zisti","Nick Zisti",185,99,"Winger",NA,"Australia","Italy",NA
"Q3876109","Nicola Aldrovandi","Nicola Aldrovandi",160,93,"Centre",NA,"Italy",NA,NA
"Q3876128","Nicola Belardo","Nicola Belardo",195,100,"3rd Row",NA,"Italy",NA,NA
"Q3876190","Nicola De Meneghi","Nicola De Meneghi",185,109,"Prop",NA,"Italy",NA,NA
"Q3876256","Nicola Leonardi","Nicola Leonardi",172,75,"Scrum-Half",NA,"Italy",NA,NA
"Q3876311","Nicola Pavin","Nicola Pavin",191,100,"Fly-Half",NA,"Italy",NA,"/wiki/Rugby_Riviera_1975"
"Q3876507","Nicolás Bossicovich","Nicolás Bossicovich",NA,NA,"2nd Row",NA,"Argentina",NA,NA
"Q3877008","Nili Latu","Nili Latu",183,101,"Flanker",NA,"Tonga",NA,NA
"Q3887366","Ottorino Bettarello","Ottorino Bettarello",NA,NA,"Scrum-Half",NA,"Italy",NA,NA
"Q3888366","Pablo Calanchini","Pablo Calanchini",188,103,"Winger",NA,"Argentina","Italy",NA
"Q3893830","Paolo Buso","Paolo Buso",183,88,"Utility Back",NA,"Italy",NA,"/wiki/CUS_Genova_Rugby"
"Q3894332","Paolo Paoletti","Paolo Paoletti",NA,NA,"Hooker",NA,"Italy",NA,NA
"Q3897121","Pasquale Presutti","Pasquale Presutti",NA,NA,"Prop",NA,"Italy",NA,NA
"Q3898672","Pedro Lanza","Pedro Lanza",NA,NA,"Winger",NA,"Argentina",NA,NA
"Q3903021","Piergianni Farina","Piergianni Farina",NA,NA,"3rd Row",NA,"Italy",NA,NA
"Q3903086","Pierluigi Camiscioni","Pierluigi Camiscioni",NA,NA,"2nd Row",NA,"Italy",NA,NA
"Q3903111","Pierluigi Gentile","Pierluigi Gentile",182,89,"Winger",NA,"Italy","Italy",NA
"Q3903139","Piermarcello Farinelli","Piermarcello Farinelli",NA,NA,"Centre",NA,"Italy",NA,NA
"Q3903145","Piermassimiliano Dotto","Piermassimiliano Dotto",188,83,"Utility Back",NA,"Italy",NA,NA
"Q3903412","Pierpaolo Pedroni","Pierpaolo Pedroni",188,115,"2nd Row",NA,"Italy",NA,NA
"Q3929074","Raffaele Dolfato","Raffaele Dolfato",NA,NA,"Flanker",NA,"Italy",NA,NA
"Q3930845","Raúl Pérez","Raúl Pérez",190,104,"3rd Row",NA,"Argentina",NA,NA
"Q3934898","Richard West","Richard West",203,127,"2nd Row",NA,"Great Britain","England",NA
"Q3939134","Roberto Saetti","Roberto Saetti",196,105,"2nd Row",NA,"Italy",NA,NA
"Q3939560","Rocco Caligiuri","Rocco Caligiuri",NA,NA,"Utility Back",NA,"Italy",NA,NA
"Q3939915","Rodolfo Ambrosio","Rodolfo Ambrosio",177,87,"Utility Back",NA,"Argentina","Italy",NA
"Q3945991","Salvatore Carbone","Salvatore Carbone",174,87,"3rd Row",NA,"Italy",NA,"/wiki/San_Gregorio_Catania_Rugby"
"Q3946072","Salvatore Garozzo","Salvatore Garozzo",NA,NA,"Flanker",NA,"Italy","Italy",NA
"Q3946330","Sam Cox","Sam Cox",183,97,"Centre",NA,"Great Britain","England",NA
"Q3946663","Samuela Vunisa","Samuela Vunisa",189,130,"Number 8",NA,"Fiji","Italy","/wiki/Rugby_Vicenza"
"Q3948202","Sandro Ceppolino","Sandro Ceppolino",184,89,"Centre",NA,"Argentina","Italy",NA
"Q3953568","Sean Hohneck","Sean Hohneck",203,117,"2nd Row",NA,"New Zealand",NA,NA
"Q3953752","Sebastiano Dusi","Sebastiano Dusi",178,73,"Scrum-Half",NA,"Italy",NA,"/wiki/Rugby_Colorno"
"Q3956056","Sergio Carossio","Sergio Carossio",NA,NA,"2nd Row",NA,"Argentina",NA,NA
"Q3956345","Sergio Zorzi","Sergio Zorzi",NA,NA,"Centre",NA,"Italy",NA,NA
"Q3961123","Simon Mason","Simon Mason",185,91,"Fullback",NA,"Great Britain","Ireland",NA
"Q3961221","Simone Favaro","Simone Favaro",184,103,"Flanker",NA,"Italy",NA,NA
"Q3972353","Stefano Annibal","Stefano Annibal",195,110,"2nd Row",NA,"Italy",NA,NA
"Q3972362","Stefano Barba","Stefano Barba",175,80,"Centre",NA,"Italy",NA,NA
"Q3972693","Stefano Romagnoli","Stefano Romagnoli",NA,NA,"Prop",NA,"Italy",NA,NA
"Q3972720","Stefano Scanferla","Stefano Scanferla",186,105,"Flanker",NA,"Italy",NA,"/wiki/Rugby_Milano"
"Q3973205","Stephen Nicol","Stephen Nicol",200,121,"2nd Row",NA,"Great Britain","Italy",NA
"Q3973423","Steven Bortolussi","Steven Bortolussi",174,82,"Utility Back",NA,"Australia","Italy",NA
"Q3991365","Tim Manawatu","Tim Manawatu",188,98,"Fullback",NA,"New Zealand",NA,NA
"Q3991607","Tino Paoletti","Tino Paoletti",183,124,"Prop",NA,"Italy",NA,NA
"Q3991877","Tito Lupini","Tito Lupini",NA,NA,"Prop",NA,"South Africa","Italy",NA
"Q3992106","Tobie Botes","Tobie Botes",180,88,"Scrum-Half",NA,"South Africa","Italy",NA
"Q3992734","Tommaso Castello","Tommaso Castello",184,100,"Centre",NA,"Italy",NA,NA
"Q3992760","Tommaso Fattori","Tommaso Fattori",NA,NA,"Prop",NA,"Italy",NA,NA
"Q4003038","Ulises Gamboa","Ulises Gamboa",180,118,"Prop",NA,"Argentina",NA,NA
"Q4003343","Umberto Calcinai","Umberto Calcinai",NA,77,"Hooker",NA,"New Zealand",NA,NA
"Q4007925","Valerio Vicerè","Valerio Vicerè",179,97,"Hooker",NA,"Italy",NA,"/wiki/Fiamme_Oro_Rugby"
"Q4010127","Vernon Pugh",NA,NA,NA,NA,NA,NA,NA,NA
"Q4015869","Vladimír Pácl","Vladimír Pácl",NA,NA,NA,NA,"Czechoslovakia",NA,NA
"Q4019876","Will Johnson","Will Johnson",191,121,"Prop",NA,"U.S.A.",NA,"/wiki/Rosslyn_Park_Football_Club"
"Q4020100","William McCrum","William McCrum",NA,NA,NA,NA,"Ireland",NA,NA
"Q4020143","William Ryder","William Ryder",174,77,"Fly-Half; Winger; Fullback; Scrum-Half",NA,"Fiji",NA,"/wiki/Toyota_Verblitz"
"Q4120957","Simon Zebo","Simon Zebo",188,94,"Winger",NA,"Ireland","Ireland","/wiki/Racing_92"
"Q4160419","Kingsley Jones","Kingsley Jones",NA,NA,"Flanker",NA,"Great Britain","Wales",NA
"Q4208918","George Cakobau","George Cakobau",NA,NA,NA,NA,NA,NA,NA
"Q4410317","Marcel Garvey","Marcel Garvey",172,87,"Winger",NA,"Great Britain","England",NA
"Q4474828","Eddy Ben Arous","Eddy Ben Arous",183,107,"Prop",NA,"France",NA,"/wiki/Racing_92"
"Q4662456","Aaron Smith","Aaron Smith",171,83,"Scrum-Half",NA,"New Zealand",NA,"/wiki/Toyota_Verblitz"
"Q4709631","Albert Anderson","Albert Anderson",197,111,"2nd Row",NA,"New Zealand",NA,NA
"Q4716935","Alex Dunbar","Alex Dunbar",191,100,"Centre",NA,"Great Britain","Scotland",NA
"Q4717065","Alex Goode","Alex Goode",180,91,"Fullback",NA,"Great Britain","England","/wiki/Saracens_Football_Club"
"Q4717951","Alex Waller","Alex Waller",180,110,"Prop",NA,"Great Britain","England","/wiki/Northampton_Saints"
"Q4721196","Alexandru Țăruș","Alexandru Țăruș",NA,NA,"Prop",NA,"Romania",NA,NA
"Q4730557","Allan Dell","Allan Dell",185,114,"Prop",NA,"South Africa","Scotland","/wiki/London_Irish_Rugby_Football_Club"
"Q4756664","Andrew Conway","Andrew Conway",180,90,"Winger",NA,"Ireland","Ireland",NA
"Q4759311","Andries Coetzee","Andries Coetzee",183,90,"Fullback",NA,"South Africa",NA,"/wiki/Golden_Lions"
"Q4762874","Angelo Esposito","Angelo Esposito",187,91,"Winger",NA,"Italy",NA,"/wiki/Petrarca_Rugby"
"Q4764198","Angus McKeen","Angus McKeen",180,106,"Prop",NA,"Ireland","Ireland",NA
"Q4779344","Apenisa Tuta Vodo","Apenisa Tuta Vodo",186,90,"Winger",NA,"Fiji","Italy",NA
"Q4788055","Ardie Savea","Ardie Savea",190,100,"3rd Row",NA,"New Zealand",NA,NA
"Q4821207","Augustine Pulu","Augustine Pulu",180,89,"Scrum-Half",NA,"New Zealand","New Zealand; Tonga",NA
"Q4831827","Ayumu Goromaru","Ayumu Gorōmaru",185,98,"Fullback",NA,"Japon",NA,NA
"Q4864213","Barry Everitt","Barry Everitt",175,84,"Fly-Half",NA,"Ireland","Ireland",NA
"Q4877438","Beauden Barrett","Beauden Barrett",188,92,"Fly-Half",NA,"New Zealand",NA,"/wiki/Toyota_Verblitz"
"Q4886437","Ben Seymour","Ben Seymour",181,90,"Fly-Half",NA,"New Zealand","Australia",NA
"Q4886609","Ben Volavola","Ben Volavola",191,89,"Fly-Half",NA,"Fiji","Australia; Fiji","/wiki/Union_Sportive_Arlequins_Perpignanais"
"Q4893136","Bernard Foley","Bernard Foley",183,89,"Fly-Half",NA,"Australia",NA,NA
"Q4941870","Bongi Mbonambi","Bongi Mbonambi",175,108,"Hooker",NA,"South Africa",NA,NA
"Q4954874","Bradley Barritt","Brad Barritt",186,96,"Centre",NA,"South Africa","South Africa; England","/wiki/Saracens_Football_Club"
"Q4961160","Brendon Dawson","Brendon Dawson",NA,NA,"3rd Row",NA,"Zimbabwe","Zimbabwe",NA
"Q4973036","Brodie Retallick","Brodie Retallick",204,117,"2nd Row",NA,"New Zealand",NA,NA
"Q4977366","Bruce Deans","Bruce Deans",179,76,"Scrum-Half",NA,"New Zealand",NA,NA
"Q4997511","Bundee Aki","Bundee Aki",178,102,"Centre",NA,"New Zealand","New Zealand; Ireland",NA
"Q5012275","CJ Stander","CJ Stander",185,114,"3rd Row",NA,"South Africa","Ireland",NA
"Q5039790","Carl Aarvold","Carl Aarvold",NA,NA,"Centre",NA,"Great Britain","England",NA
"Q5081683","Charles Piutau","Charles Piutau",185,97,"Utility Back",NA,"New Zealand","New Zealand; Tonga","/wiki/Bristol_Rugby"
"Q5084829","Charlie Faumuina","Charlie Faumuina",185,130,"Prop",NA,"New Zealand","New Zealand; Samoa",NA
"Q5085299","Charlie Ngatai","Charlie Ngatai",186,100,"Centre",NA,"New Zealand",NA,"/wiki/Lyon_Olympique_Universitaire_Rugby"
"Q5106535","Chris Feauai-Sautia","Chris Feauai-Sautia",181,92,"Centre",NA,"New Zealand","Australia","/wiki/Oyonnax_Rugby"
"Q5106860","Chris Henry","Chris Henry",188,107,"Flanker",NA,"Great Britain","Ireland",NA
"Q5109832","Christian Lealiifano","Christian Lealiʻifano",180,95,"Fly-Half",NA,"New Zealand","Australia; Samoa",NA
"Q5110257","Christian Wade","Christian Wade",174,82,"Winger",NA,"Great Britain",NA,"/wiki/Racing_92"
"Q5139034","Cobus Reinach","Cobus Reinach",175,84,"Scrum-Half",NA,"South Africa",NA,"/wiki/Montpellier_H%C3%A9rault_Rugby"
"Q5140290","Codie Taylor","Codie Taylor",183,106,"Hooker",NA,"New Zealand",NA,NA
"Q5140724","Coenie Oosthuizen","Coenie Oosthuizen",188,129,"Prop",NA,"South Africa",NA,NA
"Q5212361","Damian de Allende","Damian de Allende",189,101,"Centre",NA,"South Africa",NA,NA
"Q5214161","Dan Palmer","Dan Palmer",180,115,"Prop",NA,"Australia",NA,NA
"Q5215794","Dane Coles","Dane Coles",185,103,"Hooker",NA,"New Zealand",NA,NA
"Q5216633","Daniel Bowden","Daniel Bowden",178,88,"Centre",NA,"New Zealand",NA,"/wiki/Auckland_Rugby_Football_Union"
"Q5222833","Dario Chistolini","Dario Chistolini",180,110,"Prop",NA,"South Africa","Italy","/wiki/Verona_Rugby"
"Q5224236","Darragh O'Mahony","Darragh O’Mahony",180,83,"Winger",NA,"Ireland","Ireland",NA
"Q5224836","Darren Cave","Darren Cave",183,93,"Centre",NA,"Great Britain","Ireland",NA
"Q5228266","Dave Attwood","Dave Attwood",201,119,"2nd Row",NA,"Great Britain","England","/wiki/Bristol_Rugby"
"Q5231455","David Blair","David Blair",180,80,"Utility Back",NA,"Great Britain","Scotland",NA
"Q5233307","David Egerton","David Egerton",196,106,"Number 8",NA,"Great Britain","England",NA
"Q5235886","David Kearney","Dave Kearney",180,91,"Winger",NA,"Ireland","Ireland",NA
"Q5235997","David Kilcoyne","Dave Kilcoyne",183,111,"Prop",NA,"Ireland","Ireland",NA
"Q5241562","Davide Giazzon","Davide Giazzon",182,108,"Hooker",NA,"Italy",NA,NA
"Q5242225","Davy Tweed","Davy Tweed",199,114,"2nd Row",NA,"Great Britain","Ireland",NA
"Q5257371","Denis Majstorović","Denis Majstorović",185,87,"Centre",NA,"Yugoslavia","Italy","/wiki/Valorugby_Emilia"
"Q5267522","Devin Toner","Devin Toner",208,124,"2nd Row",NA,"Ireland","Ireland",NA
"Q5279300","Dion Waller","Dion Waller",198,NA,"2nd Row",NA,"New Zealand",NA,NA
"Q5289755","Dom Shipperley","Dominic Shipperley",186,95,"Winger",NA,"Australia",NA,NA
"Q5290466","Dominic Bird","Dominic Bird",206,112,"2nd Row",NA,"New Zealand",NA,"/wiki/Racing_92"
"Q5290495","Dominic Chapman","Dominic Chapman",175,76,"Winger",NA,"Great Britain","England",NA
"Q5290516","Dominic Day","Dominic Day",196,116,"2nd Row",NA,"Great Britain","Wales",NA
"Q5294175","Donald Cobden","Donald Cobden",185,84,"Winger",NA,"New Zealand",NA,NA
"Q5310394","Duane Vermeulen","Duane Vermeulen",193,116,"Number 8",NA,"South Africa",NA,NA
"Q5314649","Duncan Weir","Duncan Weir",173,90,"Fly-Half",NA,"Great Britain","Scotland",NA
"Q5336097","Eddie Halvey","Eddie Halvey",193,108,"Flanker",NA,"Ireland","Ireland",NA
"Q5367852","Elton Jantjies","Elton Jantjies",176,88,"Fly-Half",NA,"South Africa",NA,NA
"Q5373740","Emosi Koloto","Emosi Koloto",NA,NA,"2nd Row",NA,"Tonga","Tonga",NA
"Q5394805","Jamie Hendrie","Jamie Hendrie",178,76,"Scrum-Half",NA,"Singapore","Australia",NA
"Q5478656","Andrea Pratichetti","Andrea Pratichetti",183,94,"Centre",NA,"Italy",NA,"/wiki/Mogliano_Rugby_1969"
"Q5483434","Francisco Gómez Kodela","Francisco Gómez Kodela",184,120,"Prop",NA,"Argentina",NA,"/wiki/Stade_fran%C3%A7ais_Paris_rugby"
"Q5484584","Franco Mostert","Franco Mostert",198,111,"2nd Row",NA,"South Africa",NA,NA
"Q5484684","Faf de Klerk","Faf de Klerk",172,80,"Scrum-Half",NA,"South Africa",NA,"/wiki/Yokohama_Canon_Eagles"
"Q5492374","Frans Malherbe","Frans Malherbe",190,124,"Prop",NA,"South Africa",NA,NA
"Q5522780","Gareth Anscombe","Gareth Anscombe",183,87,"Fly-Half",NA,"New Zealand","New Zealand; Wales",NA
"Q5522976","Gareth Steenson","Gareth Steenson",179,87,"Fly-Half",NA,"Great Britain","Ireland",NA
"Q5525482","Gary Longwell","Gary Longwell",201,117,"2nd Row",NA,"Great Britain","Ireland",NA
"Q5534256","Geoff Parling","Geoff Parling",196,104,"2nd Row",NA,"Great Britain","England",NA
"Q5536963","George Biagi","George Fabio Biagi",198,116,"2nd Row",NA,"Great Britain","Italy",NA
"Q5537724","George Carter","George Carter",NA,NA,"Prop",NA,"New Zealand",NA,NA
"Q5537767","George Cawkwell",NA,NA,NA,NA,NA,NA,NA,NA
"Q5539348","George Ford","George Ford",178,84,"Fly-Half",NA,"Great Britain","England","/wiki/Sale_Sharks"
"Q5540391","George Helmore","George Helmore",NA,NA,"Utility Back",NA,"New Zealand",NA,NA
"Q5541430","George Kruis","George Kruis",198,115,"2nd Row",NA,"Great Britain","England",NA
"Q5542527","George Moala","George Moala",188,99,"Centre",NA,"New Zealand","New Zealand; Tonga","/wiki/Association_sportive_montferrandaise_Clermont_Auvergne"
"Q5552937","Gerry Murphy","Gerry Murphy",NA,NA,NA,NA,"Ireland","Ireland",NA
"Q5582326","Gonçalo Malheiro","Gonçalo Malheiro",173,80,"Fly-Half",NA,"Portugal",NA,NA
"Q5592783","Graham Dowd","Graham Dowd",183,105,"Prop",NA,"New Zealand",NA,NA
"Q5596226","Grant Gilchrist","Grant Gilchrist",198,118,"2nd Row",NA,"Great Britain","Scotland",NA
"Q5727284","Henry Pyrgos","Henry Pyrgos",178,83,"Scrum-Half",NA,"Great Britain","Scotland",NA
"Q5727479","Henry Renny-Tailyour","Henry Renny-Tailyour",NA,NA,NA,NA,"Scotland",NA,NA
"Q5728379","Henry Slade","Henry Slade",188,87,"Utility Back",NA,"Great Britain","England","/wiki/Exeter_Chiefs"
"Q5728534","Henry Speight","Henry Speight",186,97,"Winger",NA,"Fiji","Fiji; Australia","/wiki/Biarritz_Olympique_Pays_Basque"
"Q5865298","Francisco Borrell","Francisco Borrell",200,NA,"Centre",NA,"Spain",NA,NA
"Q5902440","Horacio San Martín","Horacio San Martín",187,94,"Centre",NA,"Argentina",NA,NA
"Q5980469","Iain Henderson","Iain Henderson",198,116,"Flanker",NA,"Great Britain","Ireland",NA
"Q5981557","Ian Foster","Ian Foster",NA,NA,"Fly-Half",NA,"New Zealand",NA,NA
"Q5981945","Ian Keatley","Ian Keatley",176,82,"Fly-Half",NA,"Ireland",NA,NA
"Q5982176","Ian Madigan","Ian Madigan",180,90,"Utility Back",NA,"Ireland","Ireland","/wiki/Bristol_Rugby"
"Q6006485","Matthew Nable","Matt Nable",NA,NA,"2nd Row",NA,"Australia",NA,NA
"Q6072767","Andrea Rinaldo",NA,NA,NA,NA,NA,NA,NA,NA
"Q6114000","Jack McGrath","Jack McGrath",185,118,"Prop",NA,"Ireland","Ireland",NA
"Q6118187","Jaco Kriel","Jaco Kriel",184,100,"Flanker",NA,"South Africa",NA,NA
"Q6120814","Jacques Potgieter","Jacques Potgieter",194,115,"Flanker",NA,"South Africa",NA,NA
"Q6124556","Jake Ball","Jake Ball",201,119,"2nd Row",NA,"Great Britain","Wales",NA
"Q6124971","Jake Schatz","Jake Schatz",190,105,"Number 8",NA,"Australia",NA,NA
"Q6130245","James Broadhurst","James Broadhurst",201,122,"2nd Row",NA,"New Zealand",NA,NA
"Q6135513","James Hanson","James Hanson",183,104,"Hooker",NA,"Australia",NA,NA
"Q6140975","James Parsons","James Parsons",185,106,"Hooker",NA,"New Zealand",NA,"/wiki/North_Harbour_Rugby_Union"
"Q6146928","Jamie George","Jamie George",183,109,"Hooker",NA,"Great Britain","England","/wiki/Saracens_Football_Club"
"Q6147865","Jamison Gibson-Park","Jamison Gibson-Park",175,80,"Scrum-Half",NA,"New Zealand","Ireland",NA
"Q6160072","Jared Payne","Jared Payne",188,95,"Utility Back",NA,"New Zealand","New Zealand; Ireland",NA
"Q6161063","Jarrod Cunningham","Jarrod Cunningham",183,91,"Fullback",NA,"New Zealand",NA,NA
"Q6167740","Jayden Hayward","Jayden Hayward",184,90,"Fullback",NA,"New Zealand","New Zealand; Italy",NA
"Q6211121","Joe Marler","Joe Marler",183,110,"Prop",NA,"Great Britain","England","/wiki/Harlequin_Football_Club"
"Q6211415","Joe Moody","Joe Moody",188,112,"Prop",NA,"New Zealand",NA,"/wiki/Canterbury_Rugby_Football_Union"
"Q6227064","John Cootes","John Cootes",180,NA,"Centre",NA,"Australia","Australia",NA
"Q6244350","John Lecky","John Lecky",NA,NA,"Prop",NA,"New Zealand",NA,NA
"Q6258643","John Spencer","John Spencer",NA,NA,"Centre",NA,"Great Britain","England",NA
"Q6273512","Jonathan Joseph","Jonathan Joseph",183,91,"Centre",NA,"Great Britain","England","/wiki/Bath_Rugby"
"Q6275792","Jonny May","Jonny May",185,90,"Winger",NA,"Great Britain","England",NA
"Q6277480","Jordi Murphy","Jordi Murphy",NA,NA,"Flanker",NA,"Spain","Ireland","/wiki/Lansdowne_Football_Club"
"Q6280152","Josef Schmidt","Joe Schmidt",NA,NA,"Fullback",NA,"New Zealand",NA,NA
"Q6287450","Joseph Tomane","Joe Tomane",188,101,"Winger",NA,"New Zealand","Australia",NA
"Q6289200","Josh Navidi","Josh Navidi",185,105,"Flanker",NA,"Great Britain","Wales",NA
"Q6289409","Josh Strauss","Josh Strauss",193,116,"Number 8",NA,"South Africa","Scotland",NA
"Q6289830","Joshua Furno","Joshua Furno",199,108,"2nd Row",NA,"Australia","Italy","/wiki/Zebre_Rugby_Club"
"Q6290041","Joshua Mann-Rea","Joshua Mann-Rea",181,108,"Hooker",NA,"Australia",NA,NA
"Q6361791","Kane Douglas","Kane Douglas",202,123,"2nd Row",NA,"Australia",NA,"/wiki/Union_Bordeaux_B%C3%A8gles"
"Q6371712","Karl Dickson","Karl Steven Dickson",NA,NA,"Scrum-Half",NA,"England",NA,NA
"Q6372784","Nick Cummins","Nicholas Mark Cummins",NA,NA,"Winger",NA,"Australia","Australia",NA
"Q6384804","Keith Murdoch","Keith Murdoch",183,110,"Prop",NA,"New Zealand",NA,NA
"Q6391168","Kenny Murphy","Kenny Murphy",NA,NA,"Fullback",NA,"Ireland","Ireland",NA
"Q6405342","Kieran Brookes","Kieran Brookes",185,123,"Prop",NA,"Great Britain","Ireland; England","/wiki/Wasps_Rugby_Football_Club"
"Q6405531","Kieron Fonotia","Kieron Fonotia",186,108,"Centre",NA,"New Zealand","Samoa",NA
"Q6437885","Kristian Dacey","Kristian Dacey",188,119,"Hooker",NA,"Great Britain","Wales",NA
"Q6451162","Kyle Godwin","Kyle Godwin",187,93,"Centre",NA,"Zimbabwe","Australia",NA
"Q6501755","Laurie Weeks","Laurie Weeks",180,116,"Prop",NA,"Australia",NA,NA
"Q6513447","Lee Dickson","Lee Dickson",178,83,"Scrum-Half",NA,"Germany","England","/wiki/Bedford_Blues"
"Q6539846","Liam Williams","Liam Williams",188,88,"Utility Back",NA,"Great Britain","Wales","/wiki/Saracens_Football_Club"
"Q6548834","Lima Sopoaga","Lima Sopoaga",175,91,"Fly-Half",NA,"New Zealand",NA,"/wiki/Wasps_Rugby_Football_Club"
"Q6674905","Lood de Jager","Lood de Jager",206,120,"2nd Row",NA,"South Africa",NA,"/wiki/Sale_Sharks"
"Q6676166","Lopeti Timani","Lopeti Timani",193,124,"2nd Row",NA,"Tonga","Australia","/wiki/Stade_rochelais"
"Q6701893","Luke Cowan-Dickie","Luke Cowan-Dickie",185,110,"Hooker",NA,"Great Britain","England","/wiki/Sale_Sharks"
"Q6702308","Luke Romano","Luke Romano",199,115,"2nd Row",NA,"New Zealand",NA,"/wiki/Canterbury_Rugby_Football_Union"
"Q6705518","Luther Burrell","Luther Burrell",191,104,"Centre",NA,"Great Britain","England",NA
"Q6706963","Lwazi Mvovo","Lwazi Mvovo",183,95,"Winger",NA,"South Africa",NA,"/wiki/Natal_Sharks"
"Q6708332","Lyn Jones","Lyn Jones",NA,NA,"Flanker",NA,"Wales",NA,NA
"Q6709072","Lynn Howells","Lynn Howells",NA,NA,"Flanker",NA,"Great Britain","Wales",NA
"Q6722318","Mac McCallion","Mac McCallion",NA,NA,"Flanker",NA,"New Zealand",NA,NA
"Q6741136","Malakai Fekitoa","Malakai Fekitoa",187,100,"Centre",NA,"Tonga","New Zealand; Tonga","/wiki/Benetton_Rugby_Treviso"
"Q6766868","Mark Brooke-Cowden","Mark Brooke-Cowden",183,91,"Flanker",NA,"New Zealand","New Zealand",NA
"Q6768286","Mark Jones","Mark Jones",197,104,"Prop",NA,"Great Britain","Wales",NA
"Q6770385","Mark Wilson","Mark Wilson",190,112,"Flanker",NA,"Great Britain","England","/wiki/Sale_Sharks"
"Q6775592","Martin Haag","Martin Haag",196,105,"2nd Row",NA,"Great Britain","England",NA
"Q6777798","Martín Landajo","Martín Landajo",175,82,"Scrum-Half",NA,"Argentina",NA,"/wiki/Harlequin_Football_Club"
"Q6788345","Matt Berquist","Matt Berquist",182,88,"Fly-Half",NA,"New Zealand",NA,NA
"Q6789304","Matt Scott","Matt Scott",185,101,"Utility Back",NA,"Great Britain","Scotland",NA
"Q6793080","Maurice Field","Maurice Field",183,91,"Centre",NA,"Great Britain","Ireland",NA
"Q6831232","Michael Hooper","Michael Hooper",182,101,"Flanker",NA,"Australia",NA,"/wiki/Toyota_Verblitz"
"Q6967042","Nasi Manu","Nasi Manu",190,110,"3rd Row",NA,"New Zealand","Tonga",NA
"Q6988480","Neil Doak","Neil Doak",173,85,"Scrum-Half",NA,"Great Britain","Ireland",NA
"Q6993434","Tony Woodcock","Tony Woodcock",185,118,"Prop",NA,"New Zealand",NA,NA
"Q6998879","Carlo Pratichetti","Carlo Pratichetti",177,100,"Hooker",NA,"Italy",NA,NA
"Q7000622","Roberto Santamaria","Roberto Santamaria",182,100,"Hooker",NA,"Italy",NA,NA
"Q7002256","Filippo Gerosa","Filippo Gerosa",198,118,"2nd Row",NA,"Italy",NA,"/wiki/Valorugby_Emilia"
"Q7024328","Nic White","Nic White",175,82,"Scrum-Half",NA,"Australia",NA,NA
"Q7027148","Nick Frisby","Nick Frisby",184,84,"Scrum-Half",NA,"Australia",NA,NA
"Q7035584","Nikola Matawalu","Nikola Matawalu",NA,NA,"Winger",NA,"Fiji",NA,NA
"Q7045287","Noa Nakaitaci","Noa Nakaitaci",190,94,"Winger",NA,"Fiji","France","/wiki/Lyon_Olympique_Universitaire_Rugby"
"Q7051494","Norm Hewitt","Norm Hewitt",178,100,"Hooker",NA,"New Zealand",NA,NA
"Q7078840","Ofa Tu'ungafasi","Ofa Tu'ungafasi",195,129,"Prop",NA,"Tonga","New Zealand",NA
"Q7123620","Paddy Ryan","Paddy Ryan",190,114,"Prop",NA,"Australia",NA,NA
"Q7146830","Patrick Jackson","Paddy Jackson",180,87,"Fly-Half",NA,"Great Britain","Ireland","/wiki/London_Irish_Rugby_Football_Club"
"Q7149042","Paul Alo-Emile","Paul Alo-Emile",180,125,"Prop",NA,"New Zealand","Samoa","/wiki/Stade_fran%C3%A7ais_Paris_rugby"
"Q7153425","Paul Sampson","Paul Sampson",178,88,"Fullback",NA,"Great Britain","England",NA
"Q7154370","Paul Willemse","Paul Willemse",201,135,"2nd Row",NA,"South Africa","France","/wiki/Montpellier_H%C3%A9rault_Rugby"
"Q7159757","Pedro Martín","Pedro Martín",172,72,"Utility Back",NA,"Spain",NA,NA
"Q7174734","Peter Horne","Peter Horne",183,92,"Centre",NA,"Great Britain","Scotland",NA
"Q7176180","Peter O'Mahony","Peter O'Mahony",191,108,"Flanker",NA,"Ireland","Ireland",NA
"Q7181847","Phil Dowson","Phil Dowson",190,106,"Number 8",NA,"Great Britain","England",NA
"Q7192749","Pieter-Steph du Toit","Pieter-Steph du Toit",201,115,"2nd Row",NA,"South Africa",NA,"/wiki/Toyota_Verblitz"
"Q7299351","Raynor Parkinson","Raynor Parkinson",188,92,"Fly-Half",NA,"South Africa","Germany","/wiki/Heidelberger_Ruderklub_1872"
"Q7321829","Rhys Patchell","Rhys Patchell",191,92,"Fly-Half",NA,"Great Britain","Wales",NA
"Q7321837","Rhys Ruddock","Rhys Ruddock",191,113,"Flanker",NA,"Ireland","Ireland",NA
"Q7321844","Rhys Webb","Rhys Webb",183,93,"Scrum-Half",NA,"Great Britain","Wales",NA
"Q7329559","Richard Tsimba","Richard Tsimba",NA,NA,"Centre",NA,"Zimbabwe","Zimbabwe",NA
"Q7330366","Richardt Strauss","Richardt Strauss",173,101,"Hooker",NA,"South Africa","South Africa; Ireland",NA
"Q7340198","Rob Henshaw","Robbie Henshaw",191,100,"Utility Back",NA,"Ireland","Ireland",NA
"Q7340376","Rob Miller","Rob Miller",180,86,"Fullback",NA,"Great Britain","England",NA
"Q7359037","Roger Tuivasa-Sheck","Roger Tuivasa-Sheck",NA,NA,"Fullback",NA,NA,"New Zealand","/wiki/Auckland_Rugby_Football_Union"
"Q7360447","Roland Suniula","Roland Suniula",173,91,"Centre",NA,"American Samoa","U.S.A.","/wiki/Seattle_Seawolves"
"Q7369534","Ross Moriarty","Ross Moriarty",188,106,"Number 8",NA,"Great Britain","Wales",NA
"Q7369544","Ross Nesdale","Ross Nesdale",177,103,"Hooker",NA,"New Zealand","Ireland",NA
"Q7372175","Rowland Phillips","Rowland Phillips",188,111,"Forward",NA,"Wales","Wales",NA
"Q7375697","Ruan Combrinck","Ruan Combrinck",183,101,"Winger",NA,"South Africa",NA,NA
"Q7377671","Rudy Paige","Rudy Paige",170,83,"Scrum-Half",NA,"South Africa",NA,NA
"Q7383990","Ryan Crotty","Ryan Crotty",181,92,"Centre",NA,"New Zealand",NA,NA
"Q7384098","Ryan Grant","Ryan Grant",185,113,"Prop",NA,"Great Britain","Scotland",NA
"Q7384652","Ryan Wilson","Ryan Wilson",193,105,"3rd Row",NA,"Great Britain","Scotland",NA
"Q7407296","Sam Carter","Sam Carter",200,110,"2nd Row",NA,"Australia",NA,NA
"Q7407597","Sam Hidalgo-Clyne","Sam Hidalgo-Clyne",175,76,"Scrum-Half",NA,"Spain","Scotland","/wiki/Exeter_Chiefs"
"Q7410381","Samson Lee","Samson Lee",180,116,"Prop",NA,"Great Britain","Wales",NA
"Q7420276","Santiago González Iglesias","Santiago González Iglesias",178,91,"Fly-Half",NA,"Argentina",NA,NA
"Q7435941","Scott Baldwin","Scott Baldwin",191,111,"Hooker",NA,"Great Britain","Wales","/wiki/Harlequin_Football_Club"
"Q7436308","Scott Fardy","Scott Fardy",198,114,"Flanker",NA,NA,NA,NA
"Q7437264","Scott Sio","Scott Sio",187,115,"Prop",NA,"Australia",NA,NA
"Q7447316","Sekonaia Kalou","Sekonaia Kalou",189,109,"3rd Row",NA,"Fiji",NA,NA
"Q7451719","Sep Visser","Sep Visser",191,100,"Winger",NA,"Netherlands",NA,"/wiki/Boroughmuir_Rugby_%26_Community_Sports_Club"
"Q7531622","Sitaleki Timani","Sitaleki Timani",203,118,"2nd Row",NA,"Tonga","Australia",NA
"Q7533339","Siya Kolisi","Siya Kolisi",188,102,"Flanker",NA,"South Africa",NA,"/wiki/Racing_92"
"Q7614917","Steven Kitshoff","Steven Kitshoff",184,125,"Prop",NA,"South Africa",NA,NA
"Q7626828","Stuart McInally","Stuart McInally",190,108,"Hooker",NA,"Great Britain","Scotland",NA
"Q7659895","Sydney Deane",NA,NA,NA,NA,NA,NA,NA,NA
"Q7670518","TJ Perenara","TJ Perenara",184,94,"Scrum-Half",NA,"New Zealand",NA,NA
"Q7689255","Tawera Kerr-Barlow","Tawera Kerr-Barlow",187,89,"Scrum-Half",NA,"Australia","New Zealand","/wiki/Stade_rochelais"
"Q7707164","Tevita Kuridrani","Tevita Kuridrani",193,102,"Centre",NA,"Fiji","Australia",NA
"Q7793708","Thomas Ryan","Thomas Ryan",NA,NA,"Three-Quarter",NA,"New Zealand",NA,NA
"Q7804363","Tim Swinson","Tim Swinson",193,111,"2nd Row",NA,"Great Britain","Scotland",NA
"Q7811889","Toby Smith","Toby Smith",190,116,"Prop",NA,"Australia","New Zealand; Australia",NA
"Q7814927","Tom Beim","Tom Beim",183,87,"Winger",NA,"Great Britain","England",NA
"Q7816225","Tom Homer","Tom Homer",178,91,"Winger",NA,"Great Britain","England",NA
"Q7816724","Tom Marshall","Tom Marshall",183,91,"Fullback",NA,"New Zealand",NA,NA
"Q7818134","Tom Youngs","Tom Youngs",175,102,"Hooker",NA,"Great Britain","England",NA
"Q7819071","Tommaso Iannone","Tommaso Iannone",183,83,"Utility Back",NA,"Italy",NA,NA
"Q7819846","Tommy Seymour","Tommy Seymour",183,95,"Winger",NA,"U.S.A.","Scotland",NA
"Q7820453","Tomás Cubelli","Tomás Cubelli",177,81,"Scrum-Half",NA,"Argentina",NA,NA
"Q7839352","Trevor Nyakane","Trevor Nyakane",178,121,"Prop",NA,"South Africa",NA,"/wiki/Racing_92"
"Q7846905","Troy Nathan","Troy Nathan",NA,NA,"Fly-Half",NA,"New Zealand",NA,NA
"Q7954588","WP Nel","Willem Petrus Nel",180,115,"Prop",NA,"South Africa","Scotland",NA
"Q7960346","Waisake Naholo","Waisake Naholo",186,96,"Winger",NA,"Fiji","New Zealand","/wiki/London_Irish_Rugby_Football_Club"
"Q7970584","Warren Whiteley","Warren Whiteley",192,97,"Number 8",NA,"South Africa",NA,NA
"Q8003749","Willi Heinz","Will Heinz",181,94,"Scrum-Half",NA,"New Zealand","England",NA
"Q8015653","William Millton","William Milton",NA,NA,"Flanker",NA,"New Zealand",NA,NA
"Q8021926","Willie le Roux","Willie le Roux",185,90,"Utility Back",NA,"South Africa",NA,NA
"Q8061538","Yuri Kushnarev","Jurij Kušnarëv",183,95,"Fly-Half",NA,"Soviet Union","Russia",NA
"Q8518572","James Marshall","James Marshall",183,90,"Utility Back",NA,"New Zealand",NA,"/wiki/Tasman_Rugby_Union"
"Q9972175","Luke Baldwin","Luke Baldwin",173,85,"Scrum-Half",NA,"Great Britain","England",NA
"Q11155470","Lappies Labuschagné","Pieter Labuschagné",189,105,"Flanker",NA,"South Africa","Japon",NA
"Q11722570","Jan Serfontein","Jan Serfontein",188,98,"Centre",NA,"South Africa",NA,"/wiki/Montpellier_H%C3%A9rault_Rugby"
"Q11837692","Yacouba Camara","Yacouba Camara",193,101,"Flanker",NA,"France",NA,"/wiki/Montpellier_H%C3%A9rault_Rugby"
"Q13560448","John Hart","John Hart",196,110,"Number 8",NA,"Great Britain","England",NA
"Q13652709","Paul Henderson","Paul Henderson",188,90,"Flanker",NA,"New Zealand",NA,NA
"Q14372315","Mako Vunipola","Mako Vunipola",180,130,"Prop",NA,"New Zealand","England",NA
"Q14918712","Gabriele Rubini","Gabriele Rubini",190,108,"Flanker",NA,"Italy",NA,NA
"Q14948228","Lorenzo Romano","Lorenzo Romano",190,115,"Prop",NA,"Italy",NA,NA
"Q15042047","Ant Strachan","Ant Strachan",175,82,"Scrum-Half",NA,"New Zealand",NA,NA
"Q15070001","Jason Hewett","Jason Hewett",178,75,"Scrum-Half",NA,"New Zealand",NA,NA
"Q15076350","Kevin Schuler","Kevin Schuler",189,95,"Flanker",NA,"New Zealand",NA,NA
"Q15097500","Graham Purvis","Graham Purvis",183,105,"Prop",NA,"New Zealand",NA,NA
"Q15101082","Daniel Hourcade","Daniel Hourcade",NA,NA,"Scrum-Half",NA,"Argentina",NA,NA
"Q15119090","Billy Vunipola","Billy Vunipola",188,126,"Number 8",NA,"Australia","England","/wiki/Saracens_Football_Club"
"Q15140706","Tommaso Allan","Tommaso Allan",186,87,"Fly-Half",NA,"Italy",NA,"/wiki/Union_Sportive_Arlequins_Perpignanais"
"Q15147778","Uili Kolo'ofai","Uili Kolo'ofai",198,120,"2nd Row",NA,"New Zealand","Tonga",NA
"Q15185698","Michele Campagnaro","Michele Campagnaro",184,88,"Centre",NA,"Italy",NA,"/wiki/Union_sportive_Colomiers_rugby"
"Q15219068","Jon Preston","Jon Preston",176,77,"Scrum-Half",NA,"New Zealand",NA,NA
"Q15221057","Shayne Philpott","Shayne Philpott",175,80,"Fullback",NA,"New Zealand",NA,NA
"Q15241244","Terry Wright","Terry Wright",183,75,"Winger",NA,"New Zealand",NA,NA
"Q15243168","Luca Martinelli","Luca Martinelli",175,73,"Scrum-Half",NA,"Italy",NA,NA
"Q15276885","Steve Gordon","Steve Gordon",198,112,"2nd Row",NA,"New Zealand",NA,NA
"Q15403637","Fran Clough","Fran Clough",185,92,"Centre",NA,"Great Britain","England",NA
"Q15622330","Waisea Nayacalevu","Waisea Nayacalevu",193,105,"Winger",NA,"Fiji",NA,"/wiki/Stade_fran%C3%A7ais_Paris_rugby"
"Q15653152","Josua Tuisova","Josua Tuisova",181,112,"Winger",NA,"Fiji",NA,"/wiki/Lyon_Olympique_Universitaire_Rugby"
"Q15695792","Alberto Chiesa","Alberto Chiesa",177,89,"Utility Back",NA,"Italy",NA,NA
"Q15695793","Kelly Haimona","Kelly Haimona",186,114,"Fly-Half",NA,"New Zealand","Italy",NA
"Q15695798","Marcello Violi","Marcello Violi",178,82,"Scrum-Half",NA,"Italy",NA,"/wiki/Valorugby_Emilia"
"Q15731077","Jack Nowell","Jack Nowell",181,97,"Utility Back",NA,"Great Britain","England","/wiki/Exeter_Chiefs"
"Q15736032","Handré Pollard","Handré Pollard",188,96,"Fly-Half",NA,"South Africa",NA,"/wiki/Leicester_Tigers"
"Q15791720","Francesco Vinci","Francesco Vinci",NA,NA,"Centre",NA,"Italy","Italy",NA
"Q15845617","Filippo Giusti","Filippo Giusti",191,100,"Flanker",NA,"Italy",NA,NA
"Q15925083","Leonardo Sarto","Leonardo Sarto",193,91,"Winger",NA,"Italy",NA,"/wiki/Rugby_Rovigo_Delta"
"Q15967248","Geoff Cooke","Geoff Cooke",NA,NA,"Scrum-Half",NA,"Great Britain","England",NA
"Q15973427","Cyril Baille","Cyril Baille",182,113,"Prop",NA,"France",NA,"/wiki/Stade_Toulousain"
"Q16011996","Henry Toft","Henry Toft",NA,NA,"Hooker",NA,"Great Britain","England",NA
"Q16030566","Calixte Delmas","Calixte Delmas",NA,NA,NA,NA,"France",NA,NA
"Q16078998","Ausonio Alacevich","Ausonio Alacevich",NA,NA,"Prop",NA,"Italy",NA,NA
"Q16148224","Alofa Alofa","Alofa Alofa",185,93,"Centre",NA,"New Zealand","Samoa","/wiki/Aviron_Bayonnais_Rugby_Pro"
"Q16148739","Lukhanyo Am","Lukhanyo Am",186,93,"Centre",NA,"South Africa",NA,NA
"Q16150710","Rory Arnold","Rory Arnold",208,120,"2nd Row",NA,"Australia",NA,"/wiki/Stade_Toulousain"
"Q16195009","Allister Coetzee","Allister Coetzee",170,72,"Scrum-Half",NA,"South Africa",NA,NA
"Q16195790","John Schuster","John Schuster",182,83,"Winger",NA,"Samoa","New Zealand; Samoa",NA
"Q16195965","Phil Danaher","Phil Danaher",NA,NA,"Centre",NA,"Ireland","Ireland",NA
"Q16196612","Shade Munro","Shade Munro",198,108,"2nd Row",NA,"Great Britain","Scotland",NA
"Q16197444","Angelo Arrigoni","Angelo Arrigoni",NA,NA,"Winger",NA,"Italy",NA,NA
"Q16200426","Fraser Brown","Fraser Brown",183,102,"Hooker",NA,"Great Britain","Scotland",NA
"Q16202959","Tetaz Chaparro","Nahuel Tetaz Chaparro",188,121,"Prop",NA,"Argentina",NA,"/wiki/Bristol_Rugby"
"Q16210506","Vincent Koch","Vincent Koch",185,120,"Prop",NA,"South Africa",NA,"/wiki/Saracens_Football_Club"
"Q16212512","Tolu Latu","Tolu Latu",178,110,"Hooker",NA,"Tonga","Australia","/wiki/Stade_fran%C3%A7ais_Paris_rugby"
"Q16212692","Ben Toolis","Ben Toolis",201,116,"2nd Row",NA,"Australia","Scotland",NA
"Q16212733","Alberto Benettin","Alberto Benettin",183,87,"Utility Back",NA,"Italy",NA,NA
"Q16212765","Mark Bennett","Mark Bennett",183,89,"Centre",NA,"Great Britain","Scotland",NA
"Q16216839","Mark Wilkinson","Mark Wilkinson",191,108,"Centre",NA,"Great Britain","England",NA
"Q16221390","Gareth Krause","Gareth Krause",NA,NA,"3rd Row",NA,"South Africa",NA,NA
"Q16221683","Nathan White","Nathan White",188,118,"Prop",NA,"New Zealand","Ireland",NA
"Q16223479","Florin Surugiu","Florin Surugiu",NA,NA,"Scrum-Half",NA,"Romania",NA,"/wiki/Rugby_Club_Steaua_Bucure%C8%99ti"
"Q16223701","Davit Kacharava","Davit Kacharava",184,90,"Centre",NA,"Soviet Union","Georgia","/wiki/Enisej-STM"
"Q16230257","Alberto Chillon","Alberto Chillon",178,80,"Scrum-Half",NA,"Italy",NA,NA
"Q16231871","Hadleigh Parkes","Hadleigh Parkes",187,101,"Centre",NA,"New Zealand","Wales","/wiki/Saitama_Wild_Knights"
"Q16232141","Kane Hames","Kane Hames",179,114,"Prop",NA,"New Zealand",NA,"/wiki/Tasman_Rugby_Union"
"Q16233064","Liam Coltman","Liam Coltman",185,109,"Hooker",NA,"New Zealand",NA,"/wiki/Lyon_Olympique_Universitaire_Rugby"
"Q16233083","Gareth Davies","Gareth Davies",178,88,"Scrum-Half",NA,"Great Britain","Wales",NA
"Q16233138","Filippo Ferrarini","Filippo Ferrarini",183,100,"Flanker",NA,"Italy",NA,NA
"Q16233151","Piers Francis","Piers Francis",183,90,"Fly-Half",NA,"Great Britain","England","/wiki/Bath_Rugby"
"Q16233222","Rob Herring","Rob Herring",185,105,"Hooker",NA,"South Africa","Ireland",NA
"Q16233365","Andrea Manici","Andrea Manici",183,104,"Hooker",NA,"Italy",NA,NA
"Q16233367","Marco Fuser","Marco Fuser",198,115,"2nd Row",NA,"Italy",NA,NA
"Q16233630","Ruggero Trevisan","Ruggero Trevisan",180,83,"Fullback",NA,"Italy",NA,NA
"Q16233718","Adam Coleman","Adam Coleman",204,122,"2nd Row",NA,"Australia","Australia; Tonga","/wiki/Union_Bordeaux_B%C3%A8gles"
"Q16234139","Javier Rojas","Javier Rojas",172,85,"Utility Back",NA,"Argentina",NA,NA
"Q16234209","Liam Squire","Liam Squire",196,109,"Flanker",NA,"New Zealand","New Zealand",NA
"Q16234481","Elliot Daly","Elliot Daly",183,92,"Utility Back",NA,"Great Britain","England","/wiki/Saracens_Football_Club"
"Q16234630","Cory Hill","Cory Hill",195,111,"2nd Row",NA,"Great Britain","Wales",NA
"Q16234713","Marika Koroibete","Marika Koroibete",180,93,"Winger",NA,"Fiji","Australia",NA
"Q16234758","James Lowe","James Lowe",188,105,"Winger",NA,"New Zealand","Ireland",NA
"Q16234943","Semi Radradra","Semi Radradra",NA,NA,"Winger",NA,"Fiji","Fiji","/wiki/Lyon_Olympique_Universitaire_Rugby"
"Q16234958","Rob Evans","Rob Evans",185,118,"Prop",NA,"Great Britain","Wales",NA
"Q16235024","Will Skelton","Will Skelton",203,140,"2nd Row",NA,"New Zealand","Australia",NA
"Q16235302","Santiago Cordero","Santiago Cordero",177,83,"Utility Back",NA,"Argentina",NA,"/wiki/Union_Bordeaux_B%C3%A8gles"
"Q16235327","Matías Díaz","Matías Díaz",187,105,"Prop",NA,"Argentina",NA,NA
"Q16235510","Samu Kerevi","Samu Kerevi",186,108,"Centre",NA,"Fiji","Australia",NA
"Q16235526","Cheslin Kolbe","Cheslin Kolbe",171,74,"Winger",NA,"South Africa",NA,NA
"Q16235566","Tomás Lavanini","Tomás Lavanini",210,130,"2nd Row",NA,"Argentina",NA,"/wiki/Association_sportive_montferrandaise_Clermont_Auvergne"
"Q16235620","Pablo Matera","Pablo Matera",193,110,"Flanker",NA,"Argentina",NA,NA
"Q16235918","Patrick Tuipulotu","Patrick Tuipulotu",198,120,"2nd Row",NA,"New Zealand",NA,"/wiki/Auckland_Rugby_Football_Union"
"Q16236079","Elliot Dee","Elliot Dee",183,104,"Hooker",NA,"Great Britain","Wales",NA
"Q16236121","André Esterhuizen","Andre Esterhuizen",193,110,"Centre",NA,"South Africa",NA,"/wiki/Harlequin_Football_Club"
"Q16236171","Jonny Gray","Jonny Gray",198,121,"2nd Row",NA,"Great Britain","Scotland",NA
"Q16236197","Jonny Hill","Jonny Hill",196,112,"2nd Row",NA,"Great Britain","England","/wiki/Sale_Sharks"
"Q16236331","Malcolm Marx","Malcolm Marx",188,119,"Hooker",NA,"South Africa",NA,NA
"Q16236338","Sean McMahon","Sean McMahon",186,100,"Flanker",NA,"Australia",NA,NA
"Q16236647","Anthony Watson","Anthony Watson",185,93,"Winger",NA,"Great Britain","England","/wiki/Bath_Rugby"
"Q16236734","Thomas du Toit","Thomas du Toit",188,130,"Prop",NA,"South Africa",NA,"/wiki/Natal_Sharks"
"Q16236862","Anton Lienert-Brown","Anton Lienert-Brown",185,96,"Centre",NA,"New Zealand",NA,NA
"Q16533360","Braam Steyn","Braam Steyn",192,104,"Number 8",NA,"South Africa","South Africa; Italy",NA
"Q16555526","Federico Piran","Federico Piran",NA,NA,NA,NA,"Italy",NA,NA
"Q16577115","Matteo Corazzi","Matteo Corazzi",192,109,"Flanker",NA,"Italy",NA,"/wiki/Mogliano_Rugby_1969"
"Q16590237","Piermaria Leso","Piermaria Leso",183,123,"Prop",NA,"Italy",NA,"/wiki/Rugby_Colorno"
"Q16599849","Sami Panico","Sami Panico",185,110,"Prop",NA,"Italy",NA,NA
"Q16679970","Thomas Ramos","Thomas Ramos",178,87,"Fullback",NA,"France",NA,"/wiki/Stade_Toulousain"
"Q16728062","Nick Civetta","Nick Civetta",203,115,"2nd Row",NA,"U.S.A.",NA,"/wiki/Rugby_New_York"
"Q16729986","Henry Hurley","Henry Hurley",178,112,"Prop",NA,"Great Britain","Ireland",NA
"Q16730969","Osea Kolinisau","Osea Kolinisau",174,90,NA,NA,"Fiji",NA,NA
"Q16731047","Jesse Kriel","Jesse Kriel",188,97,"Centre",NA,"South Africa",NA,"/wiki/Yokohama_Canon_Eagles"
"Q16761572","Enrico Targa","Enrico Targa",191,97,"3rd Row",NA,"Italy",NA,"/wiki/Petrarca_Rugby"
"Q16762760","Finn Russell","Finn Russell",183,87,"Fly-Half",NA,"Great Britain","Scotland","/wiki/Bath_Rugby"
"Q16845274","Jean Kleyn","Jean Kleyn",203,120,"2nd Row",NA,"South Africa","Ireland; South Africa",NA
"Q16846337","Luke McGrath","Luke McGrath",175,84,"Scrum-Half",NA,"Canada","Ireland",NA
"Q16846899","Taqele Naiyaravoro","Taqele Naiyaravoro",195,123,"Winger; 2nd Row",NA,"Fiji","Australia","/wiki/Northampton_Saints"
"Q16995269","Jack Conan","Jack Conan",193,114,"Number 8",NA,"Ireland","Ireland",NA
"Q17016918","Jamie Ritchie","Jamie Ritchie",193,106,"Flanker",NA,"Great Britain","Scotland",NA
"Q17018385","Kyle Sinckler","Kyle Sinckler",180,122,"Prop",NA,"Great Britain","England","/wiki/Bristol_Rugby"
"Q17018685","Rory Sutherland","Rory Sutherland",183,112,"Prop",NA,"Great Britain","Scotland",NA
"Q17019995","Tadhg Furlong","Tadhg Furlong",183,119,"Prop",NA,"Ireland","Ireland",NA
"Q17183134","Giulio Bisegni","Giulio Bisegni",180,88,"Centre",NA,"Italy",NA,"/wiki/Rugby_Colorno"
"Q17210116","Kenki Fukuoka","Kenki Fukuoka",175,83,"Winger",NA,"Japon",NA,"/wiki/Saitama_Wild_Knights"
"Q17343768","Polla Roux","Polla Roux",186,93,"Scrum-Half",NA,"South Africa",NA,NA
"Q17350850","Jefferson Poirot","Jefferson Poirot",181,117,"Prop",NA,"France",NA,"/wiki/Union_Bordeaux_B%C3%A8gles"
"Q17351919","Oliviero Fabiani","Oliviero Fabiani",180,98,"Hooker",NA,"Italy",NA,"/wiki/Rugby_Colorno"
"Q17351927","Matteo Ferro","Matteo Ferro",195,122,"Number 8",NA,"Italy",NA,"/wiki/Rugby_Rovigo_Delta"
"Q17385620","Scott Barrett","Scott Barrett",197,112,"2nd Row",NA,"New Zealand",NA,NA
"Q17386026","Brett Harvey","Brett Harvey",194,92,"Flanker",NA,"New Zealand",NA,NA
"Q17386578","Gerwyn Price","Gerwyn Price",175,NA,"Hooker",NA,"Wales",NA,NA
"Q17403308","Allan Alaalatoa","Allan Alaalatoa",182,120,"Prop",NA,"Australia",NA,NA
"Q17411164","Mark Finlay","Mark Finlay",183,89,"Fullback",NA,"New Zealand",NA,NA
"Q17465851","Scott Crichton","Scott Crichton",180,110,"Prop",NA,"New Zealand",NA,NA
"Q17497081","Teddy Thomas","Teddy Thomas",185,90,"Winger",NA,"France",NA,"/wiki/Racing_92"
"Q17517204","Damian McKenzie","Damian McKenzie",177,81,"Fullback",NA,"New Zealand",NA,NA
"Q17517217","Johan Meyer","Johan Meyer",193,104,"Flanker",NA,"South Africa","South Africa; Italy",NA
"Q17523769","Matías Alemanno","Matías Alemanno",199,117,"2nd Row",NA,"Argentina",NA,NA
"Q17523840","Ramiro Herrera","Ramiro Herrera",194,123,"Prop",NA,"Argentina",NA,"/wiki/Stade_rochelais"
"Q17523906","Lucas Noguera Paz","Lucas Noguera Paz",179,108,"Prop",NA,"Argentina",NA,NA
"Q17542132","Jerónimo de la Fuente","Jerónimo de la Fuente",183,96,"Centre",NA,"Argentina",NA,NA
"Q17589494","Filippo Frati","Filippo Frati",170,76,"Scrum-Half",NA,"Italy",NA,NA
"Q17600458","Allan Mann","Allan Mann",NA,NA,"Utility Back",NA,"Scotland",NA,NA
"Q17624661","Charles Ollivon","Charles Ollivon",198,108,"3rd Row",NA,"France",NA,"/wiki/Rugby_Club_Toulonnais"
"Q18022517","Denny Solomona","Denny Solomona",190,95,"Winger",NA,"New Zealand","England","/wiki/North_Harbour_Rugby_Union"
"Q18128188","Kwagga Smith","Kwagga Smith",180,90,"Flanker",NA,"South Africa",NA,"/wiki/Shizuoka_Blue_Revs"
"Q18129148","Hamish Watson","Hamish Watson",185,91,"Flanker",NA,"Great Britain","Scotland",NA
"Q18162827","Felipe Berchesi","Felipe Berchesi",178,80,"Fly-Half",NA,"Uruguay",NA,"/wiki/Union_sportive_dacquoise"
"Q18165611","Angus Gardner","Angus Gardner",NA,NA,NA,NA,"Australia",NA,NA
"Q18166319","Taniela Tupou","Taniela Tupou",175,128,"Prop",NA,"Tonga","Australia",NA
"Q18167677","Hendrik Tui","Hendrik Tui",189,110,"Flanker",NA,"New Zealand","Japon",NA
"Q18218068","Seta Tamanivalu","Seta Tamanivalu",189,104,"Centre",NA,"Fiji","New Zealand","/wiki/Union_Bordeaux_B%C3%A8gles"
"Q18222876","Riccardo Brugnara","Riccardo Brugnara",180,115,"Prop",NA,"Italy",NA,"/wiki/Petrarca_Rugby"
"Q18224322","Gabriele Pierini","Gabriele Pierini",195,110,"2nd Row",NA,"Italy",NA,"/wiki/Polisportiva_S.S._Lazio_Rugby_1927"
"Q18359107","Javier Ortega Desio","Javier Ortega Desio",193,108,"Flanker",NA,"Argentina",NA,NA
"Q18368242","Simone Ragusi","Simone Ragusi",176,90,"Utility Back",NA,"Italy",NA,"/wiki/Rugby_Calvisano"
"Q18391686","Nehe Milner-Skudder","Nehe Milner-Skudder",180,90,"Utility Back",NA,"New Zealand",NA,"/wiki/Rugby_New_York"
"Q18418565","Jonathon Edwards","Jonathon Edwards",182,85,"Winger",NA,"Australia","Switzerland","/wiki/L%27Aquila_Rugby_Club"
"Q18419030","Luigi Luise","Luigi Luise",NA,NA,"Centre",NA,"Italy","Italy",NA
"Q18420360","Roberto Luise","Roberto Luise",NA,NA,"Centre",NA,"Italy",NA,NA
"Q18589216","Zander Fagerson","Zander Fagerson",188,115,"Prop",NA,"Great Britain","Scotland",NA
"Q18619312","Facundo Isa","Facundo Isa",188,106,"Flanker",NA,"Argentina",NA,"/wiki/Rugby_Club_Toulonnais"
"Q18632100","Blake Gibson","Blake Gibson",186,102,"Flanker",NA,"New Zealand",NA,"/wiki/Auckland_Rugby_Football_Union"
"Q18632188","Richie Mo'unga","Richie Mo'unga",176,86,"Fly-Half",NA,"New Zealand",NA,NA
"Q18637132","Enrico Bacchin","Enrico Bacchin",182,97,"Centre",NA,"Italy",NA,NA
"Q18637426","Juan Cruz Guillemaín","Juan Cruz Guillemaín",197,115,"2nd Row",NA,"Argentina",NA,NA
"Q18637622","Marco Lazzaroni","Marco Lazzaroni",191,110,"2nd Row",NA,"Italy",NA,NA
"Q18637759","Matías Moroni","Matías Moroni",185,90,"Utility Back",NA,"Argentina",NA,"/wiki/Leicester_Tigers"
"Q18637778","Sefanaia Naivalu","Sefanaia Naivalu",186,101,"Winger",NA,"Fiji","Australia","/wiki/Stade_fran%C3%A7ais_Paris_rugby"
"Q18637859","Tiziano Pasquali","Tiziano Pasquali",185,118,"Prop",NA,"Italy",NA,"/wiki/Benetton_Rugby_Treviso"
"Q18637871","Guido Petti Pagadizábal","Guido Petti Pagadizábal",194,108,"2nd Row",NA,"Argentina",NA,"/wiki/Union_Bordeaux_B%C3%A8gles"
"Q18638202","Matteo Zanusso","Matteo Zanusso",178,116,"Prop",NA,"Italy",NA,NA
"Q18759723","José Luis Imhoff","José Luis Imhoff",NA,NA,"Number 8",NA,"Argentina",NA,NA
"Q18808571","Ultan Dillane","Ultan Dillane",198,115,"2nd Row",NA,"France","Ireland",NA
"Q18921739","Tomas Francis","Tomas Francis",185,129,"Prop",NA,"Great Britain","Wales","/wiki/Exeter_Chiefs"
"Q18977737","Marco Barbini","Marco Barbini",191,101,"Flanker",NA,"Italy",NA,NA
"Q18978120","Maro Itoje","Maro Itoje",195,116,"2nd Row",NA,"Great Britain","England","/wiki/Saracens_Football_Club"
"Q18978162","Huw Jones","Huw Jones",185,96,"Centre",NA,"Great Britain","Scotland",NA
"Q19395004","Franco Baraldi","Franco Baraldi",NA,NA,"Flanker",NA,"Italy",NA,NA
"Q19405223","Luigi Guandalini","Luigi Guandalini",NA,NA,NA,NA,"Italy",NA,NA
"Q19406484","Davide Lanzoni","Davide Lanzoni",NA,NA,NA,NA,"Italy",NA,NA
"Q19406545","Lelio Lazzarini","Lelio Lazzarini",NA,NA,"Utility Back",NA,"Italy",NA,NA
"Q19407403","Renzo Maffioli","Renzo Maffioli",NA,NA,"Centre",NA,"Italy",NA,NA
"Q19408080","Elio Michelon","Elio Michelon",NA,NA,"Winger",NA,"Italy",NA,NA
"Q19408574","Giancarlo Navarrini","Giancarlo Navarrini",NA,NA,"Hooker",NA,"Italy",NA,NA
"Q19412230","Cesare Sarti","Cesare Sarti",NA,NA,NA,NA,"Italy",NA,NA
"Q19517709","Finlay Bealham","Finlay Bealham",188,118,"Prop",NA,"Australia","Ireland",NA
"Q19538987","Kennedy Tsimba","Kennedy Tsimba",NA,NA,"Fly-Half",NA,"Zimbabwe","Zimbabwe",NA
"Q19560446","Charlie Ewels","Charlie Ewels",197,112,"2nd Row",NA,"Great Britain","England","/wiki/Bath_Rugby"
"Q19578358","Peceli Yato","Peceli Yato",196,112,"Flanker",NA,"Fiji",NA,"/wiki/Association_sportive_montferrandaise_Clermont_Auvergne"
"Q19623644","Nelie Smith","Nelie Smith",NA,NA,"Scrum-Half",NA,"South Africa",NA,NA
"Q19654810","Dave Sisi","David Sisi",196,122,"2nd Row",NA,"Germany","England; Italy",NA
"Q19660113","Umberto Pilla","Umberto Pilla",178,90,"Flanker",NA,"Italy","Germany","/wiki/Rugby_San_Don%C3%A0"
"Q19661153","Jerry Tuwai","Jerry Tuwai",174,81,NA,NA,"Fiji",NA,NA
"Q19664800","Callum Braley","Callum Braley",178,83,"Scrum-Half",NA,"Great Britain","England; Italy","/wiki/Northampton_Saints"
"Q19766130","Mario Savi","Mario Savi",178,105,"Prop",NA,"Italy",NA,NA
"Q19818622","Josh van der Flier","Josh van der Flier",183,105,"Flanker",NA,"Ireland","Ireland",NA
"Q19818683","RG Snyman","RG Snyman",206,117,"2nd Row",NA,"South Africa",NA,NA
"Q19843698","Julien Marchand","Julien Marchand",181,110,"Hooker",NA,"France",NA,"/wiki/Stade_Toulousain"
"Q19843878","Franco Bernini","Franco Bernini",NA,NA,"Flanker",NA,"Italy",NA,NA
"Q19843888","Regan Sue","Regan Sue",184,100,"Fly-Half",NA,"New Zealand","Denmark",NA
"Q19875319","Wilco Louw","Wilco Louw",185,130,"Prop",NA,"South Africa",NA,"/wiki/Harlequin_Football_Club"
"Q19875405","Kotaro Matsushima","Kōtarō Matsushima",178,88,"Fullback",NA,"South Africa","Japon",NA
"Q19952311","Marius Delport","Marius Delport",194,90,"Centre",NA,"South Africa",NA,NA
"Q19956060","Kevin Gourdon","Kevin Gourdon",190,103,"Flanker",NA,"France",NA,"/wiki/Stade_rochelais"
"Q19958436","Octavian Morariu","Octavian Morariu",193,98,"Number 8",NA,"Romania",NA,NA
"Q19984531","Keanu Apperley","Keanu Apperley",180,78,"Utility Back",NA,"Great Britain","Italy","/wiki/Rugby_Viadana"
"Q19984955","Ian McKinley","Ian McKinley",182,85,"Fly-Half",NA,"Ireland","Ireland; Italy",NA
"Q20050734","Roy Roper",NA,NA,NA,NA,NA,NA,NA,NA
"Q20065197","Teimana Harrison","Teimana Harrison",188,100,"Number 8",NA,"New Zealand","England","/wiki/Northampton_Saints"
"Q20246315","Andrea Cavinato","Andrea Cavinato",NA,NA,"Fly-Half",NA,"Italy",NA,NA
"Q20246342","Andrea Barbieri","Andrea Barbieri",192,106,"2nd Row",NA,"Italy",NA,"/wiki/Rugby_Colorno"
"Q20643173","Makazole Mapimpi","Makazole Mapimpi",187,91,"Utility Back",NA,"South Africa",NA,NA
"Q20666534","Antoine Dupont","Antoine Dupont",175,84,"Scrum-Half",NA,"France",NA,"/wiki/Stade_Toulousain"
"Q20677076","Rieko Ioane","Rieko Ioane",189,102,"Winger",NA,"New Zealand",NA,NA
"Q20702835","Carlo Canna","Carlo Canna",190,93,"Fly-Half",NA,"Italy",NA,"/wiki/Fiamme_Oro_Rugby"
"Q20713052","Ali Price","Ali Price",178,80,"Scrum-Half",NA,"Great Britain","Scotland",NA
"Q20744800","Daniel Yakopo","Dan Yakopo",178,85,"Centre",NA,"Fiji","Australia",NA
"Q20744990","Lasha Lomidze","Lasha Lomidze",195,110,"Number 8",NA,"Georgia",NA,"/wiki/Polisportiva_S.S._Lazio_Rugby_1927"
"Q20877105","George Horne","George Horne",175,79,"Scrum-Half",NA,"Great Britain","Scotland",NA
"Q20961841","Giorgi Melikidze",NA,179,117,"Prop",NA,"Georgia",NA,"/wiki/Stade_fran%C3%A7ais_Paris_rugby"
"Q20971961","Benoît Piffero","Benoît Piffero",182,102,"Hooker",NA,"Canada",NA,NA
"Q20981768","Julián Montoya","Julián Montoya",184,102,"Hooker",NA,"Argentina",NA,"/wiki/Leicester_Tigers"
"Q20981841","Matías Orlando","Matías Orlando",183,94,"Centre",NA,"Argentina",NA,NA
"Q20983136","Yu Tamura","Yū Tamura",181,87,"Fly-Half",NA,"Japon",NA,"/wiki/Yokohama_Canon_Eagles"
"Q20986653","Karne Hesketh","Karne Hesketh",178,98,"Winger",NA,"New Zealand","Japon",NA
"Q20992219","Amanaki Mafi","Amanaki Mafi",189,112,"Number 8",NA,"Tonga","Japon",NA
"Q21055343","Sebastian Negri","Sebastian Negri",197,108,"Flanker",NA,"Zimbabwe","Italy",NA
"Q21063928","Franco Lamanna","Franco Lamanna",188,100,"Flanker",NA,"Uruguay",NA,NA
"Q21066897","Api Ratuniyarawa","Api Ratuniyarawa",198,115,"2nd Row",NA,"Fiji",NA,"/wiki/Northampton_Saints"
"Q21066918","Alejandro Nieto","Alejandro Nieto",185,101,"Number 8",NA,"Uruguay",NA,NA
"Q21066991","Santiago García Botta","Santiago García Botta",185,109,"Prop",NA,"Argentina",NA,"/wiki/Harlequin_Football_Club"
"Q21067230","Damian Stevens","Damian Stevens",168,79,"Scrum-Half",NA,"Namibia",NA,NA
"Q21152023","Baptiste Serin","Baptiste Serin",180,81,"Scrum-Half",NA,"France",NA,"/wiki/Rugby_Club_Toulonnais"
"Q21285374","MJ Mentz","Marthinus Mentz",177,77,"Winger",NA,"South Africa",NA,NA
"Q21294591","Camille Chat","Camille Chat",178,101,"Hooker",NA,"France",NA,"/wiki/Racing_92"
"Q21600834","Héctor De Marco","Héctor De Marco",178,80,"Fly-Half",NA,"Argentina","Italy",NA
"Q21620859","Adam Beard","Adam Beard",203,117,"2nd Row",NA,"Great Britain","Wales",NA
"Q21621239","Ryan Elias","Ryan Elias",188,110,"Hooker",NA,"Great Britain","Wales",NA
"Q21621271","Hame Faiva","Hame Faiva",183,108,"Hooker",NA,"New Zealand","Italy","/wiki/Bath_Rugby"
"Q21621405","Wyn Jones","Wyn Jones",183,114,"Prop",NA,"Great Britain","Wales",NA
"Q21621420","Toa Halafihi","Toa Halafihi",191,107,"Flanker",NA,"New Zealand","Italy",NA
"Q21621701","Blair Kinghorn","Blair Kinghorn",191,104,"Fullback",NA,"Great Britain","Scotland","/wiki/Stade_Toulousain"
"Q21621825","Dillon Lewis","Dillon Lewis",183,118,"Prop",NA,"Great Britain","Wales",NA
"Q21622539","Garry Ringrose","Garry Ringrose",185,94,"Centre",NA,"Ireland","Ireland",NA
"Q21622779","Scott Scrafton","Scott Scrafton",200,120,"2nd Row",NA,"New Zealand",NA,NA
"Q21623186","Sam Underhill","Sam Underhill",186,103,"Flanker",NA,"U.S.A.","England","/wiki/Bath_Rugby"
"Q21623197","Latu Vaeno","Latu Vaeno",188,94,"Centre",NA,"Tonga",NA,"/wiki/Valorugby_Emilia"
"Q21623285","Owen Watkin","Owen Watkin",188,112,"Centre",NA,"Great Britain","Wales",NA
"Q21623324","Tomos Williams","Tomos Williams",178,77,"Scrum-Half",NA,"Great Britain","Wales",NA
"Q21976121","Roger Cornforth","Roger Cornforth",NA,NA,NA,NA,"Australia",NA,NA
"Q22007135","Joe Naufahu","Joe Naufahu",180,NA,"Centre",NA,"New Zealand",NA,NA
"Q22069549","Simone Rossi","Simone Rossi",190,93,"Winger",NA,"Italy",NA,"/wiki/Rugby_Milano"
"Q22069561","Jacopo Sarto","Jacopo Sarto",191,108,"Number 8",NA,"Italy",NA,"/wiki/Rugby_Colorno"
"Q22097947","Paul Hill","Paul Hill",188,117,"Prop",NA,"Germany","England","/wiki/Northampton_Saints"
"Q22098189","German Araoz","Germán Araoz",185,109,"Prop",NA,"Argentina",NA,NA
"Q22117295","Arthur Iturria","Arthur Iturria",198,110,"Flanker",NA,"France",NA,"/wiki/Aviron_Bayonnais_Rugby_Pro"
"Q22287139","Judicaël Cancoriet","Judicaël Cancoriet",194,112,"Flanker",NA,"France",NA,"/wiki/Association_sportive_montferrandaise_Clermont_Auvergne"
"Q22669705","Ornel Gega","Ornel Gega",180,103,"Hooker",NA,"Albania","Italy",NA
"Q22703869","Dries van Schalkwyk","Dries van Schalkwyk",193,108,"3rd Row",NA,"South Africa","Italy",NA
"Q22704225","Mattia Bellini","Mattia Bellini",193,93,"Winger",NA,"Italy",NA,"/wiki/Petrarca_Rugby"
"Q22704513","David Odiete","David Odiete",180,86,"Utility Back",NA,"Italy",NA,NA
"Q23307365","Antonio Mannato","Antonio Mannato",180,100,"Number 8",NA,"Italy",NA,NA
"Q23771546","Reece Hodge","Reece Hodge",191,94,"Utility Back",NA,"Australia",NA,"/wiki/Aviron_Bayonnais_Rugby_Pro"
"Q23893063","Paolo Pavesi","Paolo Pavesi",NA,NA,"Hooker",NA,"Italy",NA,NA
"Q24005337","Josh Adams","Josh Adams",185,94,"Winger",NA,"Great Britain","Wales",NA
"Q24006925","Tom Robertson","Tom Robertson",180,107,"Prop",NA,"Australia",NA,NA
"Q24262942","Franco Valier","Franco Valier",NA,NA,"Flanker",NA,"Italy",NA,NA
"Q24451746","Ellis Genge","Ellis Genge",185,116,"Prop",NA,"Great Britain","England","/wiki/Bristol_Rugby"
"Q24574383","Pietro Ceccarelli","Pietro Ceccarelli",184,118,"Prop",NA,"Italy",NA,"/wiki/Union_Sportive_Arlequins_Perpignanais"
"Q24809717","Ramiro Moyano Joya","Ramiro Moyano",180,85,"Winger",NA,"Argentina",NA,NA
"Q26155668","Marcos Kremer","Marcos Kremer",195,115,"Flanker",NA,"Argentina",NA,"/wiki/Stade_fran%C3%A7ais_Paris_rugby"
"Q26155884","Viliame Mata","Viliame Sevaka Mata",196,106,"Flanker",NA,"Fiji",NA,NA
"Q26209474","Ollie Thorley","Ollie Thorley",185,97,"Winger",NA,"Great Britain","England","/wiki/Gloucester_Rugby"
"Q26260326","Ruaridh McConnochie","Ruaridh McConnochie",187,90,"Fullback",NA,"Great Britain","England; Scotland","/wiki/Bath_Rugby"
"Q26405341","Ned Hanigan","Ned Hanigan",195,109,"2nd Row",NA,"Australia",NA,NA
"Q26512515","Roberto Mariani","Roberto Mariani",176,80,"Winger",NA,"Italy",NA,NA
"Q26704593","Rikiya Matsuda","Rikiya Matsuda",180,91,"Centre",NA,"Japon",NA,"/wiki/Saitama_Wild_Knights"
"Q26704610","Emiliano Boffelli","Emiliano Boffelli",191,91,"Utility Back",NA,"Argentina",NA,"/wiki/Edinburgh_Rugby"
"Q26837893","Jordie Barrett","Jordie Barrett",196,96,"Fullback",NA,"New Zealand",NA,NA
"Q26923808","Tadhg Beirne","Tadhg Beirne",NA,NA,"Flanker",NA,"Ireland","Ireland",NA
"Q26923916","Joey Carbery","Joey Carbery",183,88,"Fly-Half",NA,"New Zealand","Ireland",NA
"Q26923917","Ross Byrne","Ross Byrne",191,92,"Fly-Half",NA,"Ireland","Ireland",NA
"Q26972029","Remigio Sturaro","Remigio Sturaro",NA,NA,NA,NA,"Italy",NA,NA
"Q26972035","Carlo Salmaso","Carlo Salmaso",NA,NA,NA,NA,"Italy",NA,NA
"Q26997492","Matteo Silini","Matteo Silini",NA,NA,NA,NA,"Italy",NA,NA
"Q27078146","Mario Piovan","Mario Piovan",189,115,"Prop",NA,"Italy",NA,NA
"Q27078235","Antonio Danieli","Antonio Danieli",NA,NA,NA,NA,"Italy",NA,NA
"Q27671041","Paolo Odogwu","Paolo Odogwu",175,96,"Winger",NA,"Great Britain","Italy",NA
"Q27735775","George Bridge","George Bridge",186,96,"Winger",NA,"New Zealand",NA,"/wiki/Canterbury_Rugby_Football_Union"
"Q27838020","Andrew Porter","Andrew Porter",183,125,"Prop",NA,"Ireland","Ireland",NA
"Q27888528","Sevu Reece","Sevu Reece",179,87,"Winger",NA,"Fiji","New Zealand",NA
"Q27909524","Tommaso Boni","Tommaso Boni",185,100,"Centre",NA,"Italy","Italy; U.S.A.",NA
"Q27909582","Mata Maxime Mbanda","Maxime Mbanda",189,106,"Flanker",NA,"Italy",NA,"/wiki/Rugby_Colorno"
"Q27909808","Edoardo Padovani","Edoardo Padovani",188,90,"Fullback",NA,"Italy",NA,NA
"Q27919123","Giorgio Bronzini","Giorgio Bronzini",178,87,"Scrum-Half",NA,"Italy",NA,"/wiki/Rugby_Viadana"
"Q27924903","Tom Curry","Tom Curry",188,106,"Flanker",NA,"Great Britain","England","/wiki/Sale_Sharks"
"Q27999656","Maurizio Perego","Maurizio Perego",NA,NA,NA,NA,"Italy",NA,NA
"Q28033370","Peato Mauvaka","Peato Mauvaka",184,124,"Hooker",NA,"France",NA,"/wiki/Stade_Toulousain"
"Q28540561","Duhan van der Merwe","Duhan van der Merwe",193,106,"Winger",NA,"South Africa","Scotland",NA
"Q28648803","Federico Ruzza","Federico Ruzza",198,108,"2nd Row",NA,"Italy",NA,NA
"Q28741342","Ben White","Ben White",175,80,"Scrum-Half",NA,"Great Britain","England; Scotland","/wiki/Rugby_Club_Toulonnais"
"Q28853743","Jacob Stockdale","Jacob Stockdale",191,102,"Winger",NA,"Great Britain","Ireland",NA
"Q28857138","Steve James","Steve James",NA,NA,"Fly-Half",NA,"Australia",NA,NA
"Q28924403","Edoardo Ruffolo","Edoardo Ruffolo",194,100,"Flanker",NA,"Italy",NA,"/wiki/Valorugby_Emilia"
"Q28938164","Luca Sperandio","Luca Sperandio",188,93,"Utility Back",NA,"Italy",NA,NA
"Q28976112","Damian Willemse","Damian Willemse",183,86,"Fullback",NA,"South Africa",NA,NA
"Q29533947","Jake Polledri","Jake Polledri",188,106,"Number 8",NA,"Great Britain","Italy",NA
"Q29868478","Joe Cokanasiga","Joe Cokanasiga",192,114,"Winger",NA,"Fiji","England","/wiki/Bath_Rugby"
"Q30027820","Adam Hastings","Adam Hastings",185,93,"Fly-Half",NA,"Great Britain","Scotland",NA
"Q30118260","Anthony Belleau","Anthony Belleau",177,85,"Fly-Half",NA,"France",NA,"/wiki/Rugby_Club_Toulonnais"
"Q30122761","Marcus Smith","Marcus Smith",177,80,"Fly-Half",NA,"Philippines","England","/wiki/Harlequin_Football_Club"
"Q30140939","Damian Penaud","Damian Penaud",192,94,"Centre",NA,"France",NA,"/wiki/Union_Bordeaux_B%C3%A8gles"
"Q30223019","Romain Ntamack","Romain Ntamack",186,83,"Fly-Half",NA,"France",NA,"/wiki/Stade_Toulousain"
"Q30558811","Derrick Appiah","Derrick Appiah",185,118,"Prop",NA,"Italy",NA,NA
"Q30569808","Cristian Prestera","Cristian Prestera",180,116,"Prop",NA,"Argentina",NA,NA
"Q30611867","James Ryan","James Ryan",203,108,"2nd Row",NA,"Ireland","Ireland",NA
"Q30729224","Félix Lambey","Félix Lambey",195,110,"2nd Row",NA,"France",NA,"/wiki/Lyon_Olympique_Universitaire_Rugby"
"Q32095370","Simone Ferrari","Simone Ferrari",185,124,"Prop",NA,NA,NA,NA
"Q33044058","Lewis Ludlam","Lewis Ludlam",189,101,"Flanker",NA,"Great Britain","England","/wiki/Northampton_Saints"
"Q37999182","Angelo Autore","Angelo Autore",NA,NA,"Fullback",NA,"Italy",NA,NA
"Q38094908","Andrew Brace","Andrew Brace",180,NA,"Utility Back",NA,"Great Britain","Belgium",NA
"Q38458403","Hugo Keenan","Hugo Keenan",185,92,"Fullback",NA,"Ireland","Ireland",NA
"Q39072906","Clément Castets","Clément Castets",181,109,"Prop",NA,"France",NA,"/wiki/Stade_fran%C3%A7ais_Paris_rugby"
"Q39487006","Braydon Ennor","Braydon Ennor",187,94,"Centre",NA,"New Zealand",NA,"/wiki/Canterbury_Rugby_Football_Union"
"Q39757739","Paul Gabrillagues","Paul Gabrillagues",197,106,"2nd Row",NA,"France",NA,"/wiki/Stade_fran%C3%A7ais_Paris_rugby"
"Q41794215","Luca Bigi","Luca Bigi",180,100,"Hooker",NA,"Italy",NA,NA
"Q41794373","Dean Budd","Dean Budd",196,108,"2nd Row",NA,"New Zealand","New Zealand; Italy",NA
"Q41794378","Federico Zani","Federico Zani",178,110,"Prop",NA,"Italy",NA,NA
"Q41794539","Nicola Quaglio","Nicola Quaglio",185,115,"Prop",NA,"Italy",NA,"/wiki/Rugby_Rovigo_Delta"
"Q41798836","Failaga Afamasaga","Faialaga Afamasaga",178,112,"Centre",NA,"Samoa",NA,NA
"Q42803377","Nicolás Galatro","Nicolás Galatro",190,104,"Flanker",NA,"Argentina","Argentina; Italy",NA
"Q42885922","Enrico Francescato","Enrico Francescato",173,80,"Scrum-Half",NA,"Italy",NA,"/wiki/Rugby_San_Don%C3%A0"
"Q42889381","Sam Simmonds","Sam Simmonds",NA,NA,"Flanker",NA,"Great Britain","England","/wiki/Exeter_Chiefs"
"Q43067567","Matteo Minozzi","Matteo Minozzi",175,80,"Fullback",NA,"Italy",NA,NA
"Q43067575","Giovanni Licata","Giovanni Licata",193,107,"Flanker",NA,"Italy",NA,NA
"Q43260418","Chris Harris","Chris Harris",188,104,"Centre",NA,"Great Britain","Scotland","/wiki/Gloucester_Rugby"
"Q43797252","Renato Giammarioli","Renato Giammarioli",188,112,"Flanker",NA,"Italy",NA,"/wiki/Fiamme_Oro_Rugby"
"Q44701283","Asaeli Ai Valu","Asaeli Ai Valu",187,115,"Prop",NA,"Tonga","Japon","/wiki/Saitama_Wild_Knights"
"Q44738068","Matthieu Jalibert","Matthieu Jalibert",180,86,"Fly-Half",NA,"France",NA,"/wiki/Union_Bordeaux_B%C3%A8gles"
"Q44738136","Emerick Setiano","Emerick Setiano",183,114,"Prop",NA,"France",NA,"/wiki/Rugby_Club_Toulonnais"
"Q44738208","Dany Priso","Dany Priso",182,110,"Prop",NA,"Cameroon","France","/wiki/Rugby_Club_Toulonnais"
"Q44738218","Sekou Macalou","Sekou Macalou",195,108,"Flanker",NA,"France",NA,"/wiki/Stade_fran%C3%A7ais_Paris_rugby"
"Q44749698","Craig McGrath","Craig McGrath",182,NA,"Scrum-Half",NA,"New Zealand",NA,NA
"Q45313885","Luke Jacobson","Luke Jacobson",191,107,"3rd Row",NA,"New Zealand","New Zealand","/wiki/Waikato_Rugby_Union"
"Q46351155","Darcy Graham","Darcy Graham",175,84,"Winger",NA,"Great Britain","Scotland",NA
"Q47035437","Jordan Larmour","Jordan Larmour",178,87,"Winger",NA,"Ireland","Ireland",NA
"Q47089477","Stefan Basson","Stefan Basson",176,82,"Fullback",NA,"South Africa",NA,"/wiki/Rugby_Club_I_Medicei"
"Q47390306","Mack Hansen","Mack Hansen",188,89,"Winger",NA,"Australia","Ireland",NA
"Q47490703","Aaron Wainwright","Aaron Wainwright",190,102,"3rd Row",NA,"Great Britain","Wales",NA
"Q47528471","Aphiwe Dyantyi","Aphiwe Dyantyi",182,90,"Winger",NA,"South Africa",NA,NA
"Q48534468","John Poland","John Poland",170,77,"Scrum-Half",NA,"Ireland","Ireland",NA
"Q48639077","Mathieu Babillot","Mathieu Babillot",190,109,"Flanker",NA,"France",NA,"/wiki/Castres_Olympique"
"Q48789074","Marco Riccioni","Marco Riccioni",186,127,"Prop",NA,"Italy",NA,"/wiki/Saracens_Football_Club"
"Q48792294","Will Jordan","Will Jordan",NA,NA,"Winger",NA,"New Zealand",NA,NA
"Q48913616","Andrea Di Giandomenico","Andrea Di Giandomenico",180,95,"Fly-Half",NA,"Italy",NA,NA
"Q49150651","Anthony Bouthier","Anthony Bouthier",182,NA,"Fullback",NA,"France",NA,"/wiki/Montpellier_H%C3%A9rault_Rugby"
"Q49988437","Cameron Stones","Cameron Stones",191,109,NA,NA,"Canada",NA,NA
"Q50368975","Anacleto Altigieri","Anacleto Altigieri",180,105,"Prop",NA,"Italy",NA,NA
"Q50772610","Michelangelo Biondelli","Michelangelo Biondelli",184,90,"Fly-Half",NA,"Italy",NA,"/wiki/Fiamme_Oro_Rugby"
"Q51275869","André Bester","André Bester",NA,NA,"Hooker",NA,"South Africa","South Africa",NA
"Q51624644","Jordan Petaia","Jordan Petaia",190,101,"Utility Back",NA,"Australia",NA,NA
"Q52339077","Tito Cicciò","Tito Cicciò",193,110,"Number 8",NA,"Italy",NA,NA
"Q52419853","Jacopo Giangrande","Jacopo Giangrande",185,85,"Scrum-Half",NA,"Italy",NA,NA
"Q52781784","Nelson Babrow","Nelson Babrow",173,74,"Fly-Half",NA,"South Africa",NA,NA
"Q53871272","Ben Earl","Ben Earl",188,102,"Flanker",NA,"Great Britain","England","/wiki/Saracens_Football_Club"
"Q54142651","Alberto Saccardo","Alberto Saccardo",192,95,"2nd Row",NA,"Italy",NA,NA
"Q54913837","Salvatore Bonetti","Salvatore Bonetti",NA,NA,"Flanker",NA,"Italy",NA,NA
"Q55081123","Giosuè Zilocchi","Giosuè Zilocchi",189,112,"Prop",NA,"Italy",NA,"/wiki/Benetton_Rugby_Treviso"
"Q55081476","Cherif Traorè","Cherif Traorè",180,116,"Prop",NA,"Guinea","Italy","/wiki/Rugby_Vicenza"
"Q55092450","Jack Singleton","Jack Singleton",180,108,"Hooker",NA,"Great Britain","England","/wiki/Gloucester_Rugby"
"Q55214960","Demba Bamba","Demba Bamba",185,124,"Prop",NA,"France",NA,"/wiki/Racing_92"
"Q55590015","Arthur Vincent","Arthur Vincent",182,90,"Centre",NA,"France",NA,"/wiki/Montpellier_H%C3%A9rault_Rugby"
"Q55590016","Pierre-Henri Azagoh",NA,196,103,"2nd Row",NA,"France",NA,"/wiki/Stade_fran%C3%A7ais_Paris_rugby"
"Q55760202","Cliven Loubser","Cliven Loubser",NA,NA,"Fly-Half",NA,"Namibia",NA,NA
"Q56486294","Max Malins","Max Malins",180,84,"Fly-Half",NA,"Great Britain","England","/wiki/Saracens_Football_Club"
"Q56641621","Rhys Carré","Rhys Carre",191,131,"Prop",NA,"Great Britain","Wales",NA
"Q56651214","Monty Ioane","Monty Ioane",180,95,"Winger",NA,"Australia","Australia; Italy","/wiki/Lyon_Olympique_Universitaire_Rugby"
"Q57541918","Robin Williams","Robin Williams",183,79,"Fullback",NA,"Great Britain","Wales",NA
"Q57586448","Caelan Doris","Caelan Doris",193,106,"Number 8",NA,"Ireland","Ireland",NA
"Q58008359","Jimmy Tuivaiti","Jimmy Tuivaiti",183,113,"Number 8",NA,"New Zealand","New Zealand; Italy",NA
"Q58009212","JJ van der Mescht",NA,198,135,"2nd Row",NA,"South Africa",NA,"/wiki/Stade_fran%C3%A7ais_Paris_rugby"
"Q60040602","Sebastián Levaggi","Sebastián Levaggi",180,107,"Prop",NA,"Uruguay",NA,NA
"Q60040611","Sergiu Ursache","Sergiu Ursache",198,114,"3rd Row",NA,"Romania",NA,"/wiki/CUS_Torino_Rugby"
"Q60040614","Fernando Higgs","Fernando Higgs",186,92,"Utility Back",NA,"Argentina",NA,NA
"Q60836358","Grégory Alldritt","Grégory Alldritt",190,107,"3rd Row",NA,"France",NA,"/wiki/Stade_rochelais"
"Q60841690","Umberto Casellato","Umberto Casellato",176,81,"Scrum-Half",NA,"Italy",NA,NA
"Q61631457","Charly Trussardi","Charly Trussardi",172,85,"Scrum-Half",NA,"France","Italy","/wiki/Sporting_Club_Albigeois"
"Q61811618","Marco Zanon","Marco Zanon",186,97,"Centre",NA,"Italy",NA,NA
"Q61853285","Umberto Silvestri","Umberto Silvestri",NA,NA,NA,NA,"Italy",NA,NA
"Q62572798","Davide Zanetti","Davide Zanetti",193,108,"2nd Row",NA,"Italy",NA,"/wiki/Rugby_Calvisano"
"Q62926120","Ștefan Constantin","Ștefan Constantin",196,102,"2nd Row",NA,"Romania",NA,NA
"Q62942455","Ronan Kelleher","Rónan Kelleher",183,110,"Hooker",NA,"Ireland","Ireland",NA
"Q63527509","Mirko Amenta","Mirko Amenta",187,107,"Number 8",NA,"Italy",NA,"/wiki/Valorugby_Emilia"
"Q63533219","Ivo Mazzucchelli","Ivo Mazzucchelli",NA,NA,"2nd Row",NA,"Italy",NA,NA
"Q63760015","Guglielmo Colussi","Guglielmo Colussi",NA,NA,"Utility Back",NA,"Italy",NA,NA
"Q63869607","Pier Luigi Bernabò","Pier Luigi Bernabò",NA,NA,"2nd Row",NA,"Italy",NA,NA
"Q63981836","Iliesa Ratuva Tavuyara","Iliesa Ratuva Tavuyara",NA,100,"Winger",NA,"Fiji",NA,"/wiki/Rugby_Rovigo_Delta"
"Q64578406","Víctor Jiménez","Víctor Jiménez",177,110,"Hooker",NA,"Argentina",NA,NA
"Q64682537","Plinio Sciamanna","Plinio Sciamanna",185,106,"Prop",NA,"Italy",NA,NA
"Q64746908","Ryan Baird","Ryan Baird",198,113,"2nd Row",NA,"Ireland","Ireland",NA
"Q64759801","Casper Steyn","Casper Steyn",186,94,"Fly-Half",NA,"South Africa",NA,NA
"Q64840829","Jerome Paarwater","Jerome Paarwater",188,NA,"3rd Row",NA,"South Africa",NA,NA
"Q64840843","Theodor Rădulescu","Theodor Rădulescu",NA,NA,"Prop",NA,"Romania",NA,NA
"Q64853283","Mesu Dolokoto","Mesu Dolokoto",181,112,"Hooker",NA,"Fiji",NA,NA
"Q65125122","Matteo Dell'Acqua","Matteo Dell'Acqua",193,111,"2nd Row",NA,"Italy","Italy; Brazil","/wiki/Valorugby_Emilia"
"Q65126581","Paolo Pescetto","Paolo Pescetto",177,85,"Fly-Half",NA,"Italy",NA,"/wiki/Zebre_Rugby_Club"
"Q65346265","Guillermo Roan","Guillermo Roan",192,120,"Prop",NA,"Argentina",NA,NA
"Q65553712","Juan Ignacio Brex","Ignacio Brex",189,99,"Centre",NA,"Argentina","Argentina; Italy",NA
"Q65953047","Luca Petillo","Luca Petillo",187,100,"Flanker",NA,"Italy",NA,"/wiki/Rugby_Lyons"
"Q65953139","Mosese Tavutunawailala","Mosese Tavutunawailala",NA,NA,"Utility Back",NA,"Fiji","Italy",NA
"Q66372450","Gabriele Signore","Gabriele Signore",NA,NA,"2nd Row",NA,"Italy",NA,"/wiki/Rugby_Club_I_Medicei"
"Q66372479","Ruben Riccioli","Ruben Riccioli",NA,NA,"3rd Row",NA,"Italy",NA,"/wiki/Polisportiva_S.S._Lazio_Rugby_1927"
"Q66459161","Nico Wegner","Nico Wegner",201,114,"2nd Row",NA,"South Africa",NA,NA
"Q66459164","Karim Jammal","Karim Jammal",175,86,"Fly-Half",NA,"Great Britain","Lebanon","/wiki/Valorugby_Emilia"
"Q66685953","Roberto Pedrazzi","Roberto Pedrazzi",NA,NA,"Centre",NA,"Italy",NA,NA
"Q66736233","Ramiro Finco","Ramiro Finco",185,95,"Centre",NA,"Argentina",NA,"/wiki/Rugby_Viadana"
"Q66982840","Rodrigo Bruno","Rodrigo Bruno",191,107,"Number 8",NA,"Argentina",NA,NA
"Q67181870","Eroni Mawi","Eroni Mawi",188,130,"Prop",NA,"Fiji",NA,"/wiki/Saracens_Football_Club"
"Q67214296","Bruno Ancillotti","Bruno Ancillotti",NA,NA,"Scrum-Half",NA,"Italy",NA,NA
"Q67214302","Gerardo Cinti","Gerardo Cinti",NA,NA,"Winger",NA,"Italy",NA,NA
"Q67214308","Tommaso Altissimi","Tommaso Altissimi",NA,NA,"Prop",NA,"Italy",NA,NA
"Q67214316","Aldo Balducci","Aldo Balducci",NA,NA,"Number 8",NA,"Italy",NA,NA
"Q67214324","Giuseppe Bigi","Giuseppe Bigi",NA,NA,"Scrum-Half",NA,"Argentina","Italy",NA
"Q67214328","Carlo Raffo","Carlo Raffo",NA,NA,"3rd Row",NA,"Italy",NA,NA
"Q67214348","Armando Nisti","Armando Nisti",NA,NA,"Prop",NA,"Italy",NA,NA
"Q67214356","Gilberto Luchini","Gilberto Luchini",NA,NA,"Centre",NA,"Italy",NA,NA
"Q67214365","Franco Paganelli","Franco Paganelli",NA,NA,"Winger",NA,"Italy",NA,NA
"Q67214369","Rodolfo Giuliani","Rodolfo Giuliani",NA,NA,"Number 8",NA,"Italy",NA,NA
"Q67214392","Nicolás Coronel","Nicolás Coronel",185,100,"Utility Back",NA,"Spain","Argentina","/wiki/Rugby_Rovigo_Delta"
"Q67214396","Eugenio Vinci","Eugenio Vinci",NA,NA,"Utility Back",NA,"Italy","Italy",NA
"Q67214401","Paolo Vinci","Paolo Vinci",NA,NA,"Centre",NA,"Italy","Italy",NA
"Q67214463","Andrei Bals","Andrei Bals",NA,NA,"Fullback",NA,"Romania",NA,NA
"Q67214477","Gary Pearse","Gary Pearse",NA,NA,"Flanker",NA,"Australia",NA,NA
"Q67511086","Kirill Golosnitsky","Kirill Golosnickij",185,105,"Centre",NA,"Russia",NA,"/wiki/VVA-Podmoskov%27e"
"Q67916420","Diego Arbelo","Diego Arbelo",190,114,"Prop",NA,"Uruguay",NA,NA
"Q68159235","Chad Plato","Chad Plato",170,78,"Fullback",NA,"Namibia",NA,NA
"Q68163877","James Faiva","James Faiva",185,89,"Fly-Half",NA,"New Zealand","Tonga","/wiki/Petrarca_Rugby"
"Q68539092","Manuel Ardao","Manuel Ardao",NA,NA,"Prop",NA,"Uruguay",NA,NA
"Q68585598","Junior Ngaluafe","Junior Ngaluafe",NA,NA,"Fullback",NA,"New Zealand",NA,"/wiki/Valorugby_Emilia"
"Q68585794","Antonio Denti","Antonio Denti",181,120,"Prop",NA,"Italy",NA,"/wiki/Rugby_Viadana"
"Q68585819","Jacob Gaina","Jacob Gaina",172,90,"Winger",NA,"New Zealand","Italy",NA
"Q68586010","Nicola Cattina","Nicola Cattina",191,102,"3rd Row",NA,"Italy",NA,NA
"Q68586219","Manuel Díaz","Manuel Díaz",165,73,"Scrum-Half",NA,"Argentina",NA,NA
"Q68586363","Ernesto Nathan","Ernesto Nathan",NA,92,"Centre",NA,"Italy",NA,NA
"Q68586992","Gabriel Pizarro","Gabriel Pizarro",183,100,"Centre",NA,"Argentina","Argentina; Italy",NA
"Q69818655","Agustín Costa Repetto","Agustín Costa Repetto",176,115,"Hooker",NA,"Argentina",NA,NA
"Q69818706","Luca Nostran","Luca Nostran",189,105,"3rd Row",NA,"Italy",NA,"/wiki/Petrarca_Rugby"
"Q69885996","Garry Law","Garry Law",183,92,"Utility Back",NA,"Great Britain","Scotland",NA
"Q70248846","Mattia Dolcetto","Mattia Dolcetto",178,88,"Winger",NA,"Italy",NA,NA
"Q71997047","Antoine Hastoy","Antoine Hastoy",179,82,"Fly-Half",NA,"France",NA,"/wiki/Stade_rochelais"
"Q72043545","Ange Capuozzo","Ange Capuozzo",177,71,"Utility Back",NA,"France","Italy","/wiki/Stade_Toulousain"
"Q72686002","Federico Mori","Federico Mori",188,104,"Centre",NA,"Italy",NA,"/wiki/Aviron_Bayonnais_Rugby_Pro"
"Q73106431","Stefano Sironi","Stefano Sironi",196,101,"Flanker",NA,"Italy",NA,NA
"Q73527192","Cadan Murley","Cadan Murley",175,82,"Winger",NA,"Great Britain","England","/wiki/Harlequin_Football_Club"
"Q73786875","Danilo Fischetti","Danilo Fischetti",180,110,"Prop",NA,"Italy",NA,NA
"Q76164749","Harry Potter","Harry Potter",185,95,"Centre",NA,"Great Britain","Australia",NA
"Q76639120","Richard Denhardt","Richard Denhardt",193,117,"2nd Row",NA,"New Zealand",NA,NA
"Q78070817","Iván Merlo","Iván Merlo",183,90,"Centre",NA,"Argentina",NA,NA
"Q78154663","Juan Francesio","Juan Francesio",188,87,"Winger",NA,"Argentina","Italy",NA
"Q78332573","Marco Rivaro","Marco Rivaro",178,88,"Centre",NA,"Italy",NA,NA
"Q78623600","Ramiro Cassina","Ramiro Cassina",193,114,"2nd Row",NA,"Argentina","Italy",NA
"Q78775207","Stefano Boccazzi","Stefano Boccazzi",NA,NA,"Scrum-Half",NA,"Italy",NA,NA
"Q79329132","Louis Rees-Zammit","Louis Rees-Zammit",191,88,"Winger",NA,"Great Britain","Wales","/wiki/Gloucester_Rugby"
"Q82953626","Ollie Sleightholme","Ollie Sleightholme",181,89,"Winger",NA,"Great Britain","England","/wiki/Northampton_Saints"
"Q84035223","Niccolò Cannone","Niccolò Cannone",196,96,"2nd Row",NA,"Italy",NA,NA
"Q84048212","Stephen Varney","Stephen Varney",173,73,"Scrum-Half",NA,"Great Britain","Italy",NA
"Q85610761","Giovanni Pettinelli","Giovanni Pettinelli",193,108,"Flanker",NA,"Italy",NA,NA
"Q85708516","Manuel Ordas","Manuel Ordas",187,81,"Fly-Half",NA,"France","Spain","/wiki/Aviron_Bayonnais_Rugby_Pro"
"Q86358782","Akaki Tabutsadze","Akaki Tabutsadze",NA,NA,"Winger",NA,"Georgia",NA,NA
"Q86360248","Mohammadali Esteki","Mohammadali Esteki",170,79,"Scrum-Half",NA,"Iran",NA,"/wiki/Rugby_Bologna_1928"
"Q86459458","Tanginoa Halaifonua",NA,196,115,"Flanker",NA,NA,NA,"/wiki/Stade_fran%C3%A7ais_Paris_rugby"
"Q86543739","Antonio Rizzi","Antonio Rizzi",178,85,"Fly-Half",NA,"Italy",NA,NA
"Q86838421","Jack van Poortvliet","Jack van Poortvliet",183,81,"Scrum-Half",NA,"Great Britain","England","/wiki/Leicester_Tigers"
"Q88207455","Lucas Peyresblanques",NA,181,96,"Hooker",NA,"France",NA,"/wiki/Stade_fran%C3%A7ais_Paris_rugby"
"Q89411885","Mihovil Rađa","Mihovil Radja",NA,NA,NA,NA,"Yugoslavia",NA,NA
"Q92825626","Maurizio Mondelli","Maurizio Mondelli",NA,NA,"Flanker",NA,"Italy",NA,NA
"Q93877348","Alessandro Castagnoli","Alessandro Castagnoli",183,93,"Utility Back",NA,"Italy",NA,NA
"Q93971274","Gareth Griffiths","Gareth Griffiths",180,88,"Fly-Half",NA,"Great Britain","England; Spain","/wiki/Valladolid_Rugby_Asociaci%C3%B3n_Club"
"Q94670594","Michele Lamaro","Michele Lamaro",188,103,"Flanker",NA,"Italy",NA,NA
"Q95982412","Nik Jurišić","Nik Jurišić",189,98,"Fly-Half",NA,"Yugoslavia","Croatia","/wiki/Hrvatski_akademski_rugby_klub_Mladost"
"Q95991148","Daniele Rimpelli","Daniele Rimpelli",188,110,"Prop",NA,"Italy",NA,"/wiki/Zebre_Rugby_Club"
"Q96002173","Alessandro Mordacci","Alessandro Mordacci",NA,NA,"Flanker",NA,"Italy",NA,"/wiki/Rugby_Colorno"
"Q96007380","Leonardo Mantelli","Leonardo Mantelli",180,85,"Fly-Half",NA,"Italy",NA,NA
"Q96082038","Umberto Levorato","Umberto Levorato",NA,NA,"Prop",NA,"Italy",NA,NA
"Q96195087","Drake Muyodi","Drake Muyodi",180,NA,"Prop",NA,"Uganda","Uganda",NA
"Q96211487","Massimo Cioffi","Massimo Cioffi",175,85,"Utility Back",NA,"Italy",NA,"/wiki/Petrarca_Rugby"
"Q96240635","Manuel Zuliani","Manuel Zuliani",189,108,"Flanker",NA,"Italy",NA,NA
"Q96250211","Riccardo Favretto","Riccardo Favretto",200,108,"2nd Row",NA,"Italy",NA,NA
"Q96321395","Nicolò Casilio","Nicolò Casilio",NA,NA,"Scrum-Half",NA,"Italy",NA,NA
"Q96358795","Jacopo Trulla","Jacopo Trulla",180,83,"Fullback",NA,"Italy",NA,NA
"Q96361584","Pierre Bruno","Pierre Bruno",178,88,"Winger",NA,"Italy",NA,NA
"Q96391928","Marco Manfredi","Marco Manfredi",NA,NA,"Hooker",NA,"Italy",NA,NA
"Q97066449","Paolo Garbisi","Paolo Garbisi",183,93,"Fly-Half",NA,"Italy",NA,"/wiki/Rugby_Club_Toulonnais"
"Q97285212","Alain Teixidor","Alain Teixidor",NA,NA,"Centre",NA,"France",NA,NA
"Q97451788","Ryan Smith","Ryan Smith",NA,NA,NA,NA,"U.S.A.",NA,NA
"Q97463174","Enrico Ceccato","Enrico Ceccato",179,88,"Centre",NA,"Italy",NA,NA
"Q97924160","Brian Ormson","Brian Ormson",178,92,"Fly-Half",NA,"Argentina",NA,"/wiki/Verona_Rugby"
"Q98809528","Cristian Stoian","Cristian Stoian",197,115,"2nd Row",NA,"Moldavia","Italy","/wiki/Fiamme_Oro_Rugby"
"Q98959321","Iván Nemer","Iván Nemer",180,116,"Prop",NA,"Argentina","Italy",NA
"Q98959324","Gianmarco Lucchesi","Gianmarco Lucchesi",184,110,"Hooker",NA,"Italy",NA,"/wiki/Rugby_Club_Toulonnais"
"Q101107503","Roberto Manghi","Roberto Manghi",NA,NA,"Prop",NA,"Italy",NA,NA
"Q101244628","Carlo Filippucci","Carlo Filippucci",185,100,"Flanker",NA,"Italy",NA,NA
"Q102181119","Alejandro Canale","Alejandro Canale",NA,NA,"Fly-Half",NA,"Argentina",NA,NA
"Q102367637","Andrea Zambonin","Andrea Zambonin",202,105,"2nd Row",NA,"Italy",NA,NA
"Q102823618","Tommaso Menoncello","Tommaso Menoncello",185,90,"Centre",NA,"Italy",NA,"/wiki/Mogliano_Rugby_1969"
"Q103046384","Alessandro Fusco","Alessandro Fusco",185,88,"Scrum-Half",NA,"Italy",NA,NA
"Q103471115","Alessandro Izekor","Alessandro Izekor",196,110,"Flanker",NA,"Italy",NA,NA
"Q103842695","Giacomo Nicotera","Giacomo Nicotera",183,102,"Hooker",NA,"Italy",NA,"/wiki/Stade_fran%C3%A7ais_Paris_rugby"
"Q104530105","Diego Antl","Diego Antl",NA,NA,"Utility Back",NA,"Argentina",NA,"/wiki/Verona_Rugby"
"Q104632462","Jack Crowley","Jack Crowley",185,89,"Fly-Half",NA,"Ireland","Ireland",NA
"Q104834350","Thomas Gallo","Thomas Gallo",175,107,"Prop",NA,"Argentina",NA,NA
"Q104840021","Dan Sheehan","Dan Sheehan",191,110,"Hooker",NA,"Ireland","Ireland",NA
"Q104902533","Edoardo Iachizzi","Edoardo Iachizzi",NA,NA,"2nd Row",NA,"Italy",NA,"/wiki/Benetton_Rugby_Treviso"
"Q105230058","Felipe Aliaga","Felipe Aliaga",NA,NA,"Prop",NA,"Uruguay",NA,NA
"Q105230143","Matías Benítez","Matías Benítez",NA,NA,"Prop",NA,"Uruguay",NA,NA
"Q106177637","Louis Lynagh","Louis Lynagh",180,96,"Winger",NA,"Italy",NA,NA
"Q106179029","Dino Lamb","Dino Lamb",196,119,"2nd Row",NA,"Great Britain","Italy","/wiki/Harlequin_Football_Club"
"Q106730294","Federico Williams","Federico Williams",188,93,"Fullback",NA,"Argentina","Italy",NA
"Q107272916","Vittorio Borsetto","Vittorio Borsetto",NA,NA,"Prop",NA,"Italy",NA,NA
"Q107605370","Sacha Feinberg-Mngomezulu","Sacha Feinberg-Mngomezulu",185,90,"Fly-Half",NA,"South Africa",NA,"/wiki/Western_Province"
"Q108532922","Franco Casellato","Franco Casellato",NA,NA,"Centre",NA,"Italy","Italy",NA
"Q108691697","Lorenzo Cannone","Lorenzo Cannone",190,102,"Flanker",NA,"Italy",NA,NA
"Q108760998","Leonardo Marin","Leonardo Marin",188,NA,"Fly-Half",NA,"Italy",NA,NA
"Q108770260","Pasilio Tosi","Pasilio Tosi",193,140,"Prop",NA,"New Zealand",NA,NA
"Q109493991","Oleksiy Tsybko","Oleksij CybkoОлексій Цибко",NA,NA,"Prop",NA,"Soviet Union","Soviet Union; Ukraine",NA
"Q109564490","Sergio Barilari","Sergio Barilari",NA,NA,"2nd Row",NA,"Italy",NA,NA
"Q109771457","Alessandro Garbisi","Alessandro Garbisi",174,83,"Scrum-Half",NA,"Italy",NA,"/wiki/Mogliano_Rugby_1969"
"Q110157211","Bob Templeton","Bob Templeton",NA,NA,NA,NA,"Australia",NA,NA
"Q110179287","Lorenzo Pani","Lorenzo Pani",193,96,"Fullback",NA,"Italy",NA,NA
"Q110587306","Louis Bielle-Biarrey","Louis Bielle-Biarrey",184,79,"Winger",NA,"France",NA,"/wiki/Union_Bordeaux_B%C3%A8gles"
"Q110721783","Giacomo Da Re","Giacomo Da Re",181,83,"Utility Back",NA,"Italy",NA,NA
"Q111180375","Ian Smith","Ian Smith",NA,NA,"Fullback",NA,"Great Britain","Scotland",NA
"Q111671639","Luca Zini","Luca Zini",181,85,"Fly-Half",NA,"Italy",NA,"/wiki/Petrarca_Rugby"
"Q111901590","Martin Page-Relo","Martin Page-Relo",173,77,"Scrum-Half",NA,"France","Italy","/wiki/Lyon_Olympique_Universitaire_Rugby"
"Q111902613","Ross Michael Vintcent","Ross Vintcent",185,98,"Flanker",NA,"South Africa","Italy","/wiki/Exeter_Chiefs"
"Q112727244","Manfredi Albanese","Manfredi Albanese Ginammi",170,78,"Scrum-Half",NA,"Italy",NA,"/wiki/Polisportiva_S.S._Lazio_Rugby_1927"
"Q112943910","Romain Briatte",NA,194,108,"Flanker",NA,"France",NA,"/wiki/Stade_fran%C3%A7ais_Paris_rugby"
"Q113515814","Marcelo Rodríguez","Marcelo Rodríguez",NA,NA,"Centre",NA,"Argentina",NA,NA
"Q114949256","Émilien Gailleton","Émilien Gailleton",185,89,"Centre",NA,"Great Britain","France","/wiki/Section_Paloise"
"Q115627095","Pietro Reale","Pietro Reale",NA,NA,"2nd Row",NA,"Italy",NA,NA
"Q115754114","Hugo Auradou","Hugo Auradou",NA,NA,"2nd Row",NA,"France",NA,NA
"Q116305126","Théo Attissogbé","Théo Attissogbé",180,82,"Utility Back",NA,"France",NA,"/wiki/Section_Paloise"
"Q118792840","Giovanni Montemauri","Giovanni Montemauri",189,92,"Fly-Half",NA,"Italy",NA,NA
"Q119173515","Aldo Battagion","Aldo Battagion",NA,NA,"Scrum-Half",NA,"Italy",NA,NA
"Q119228963","Ettore Abbiati","Ettore Abbiati",NA,NA,"Prop",NA,"Italy",NA,NA
"Q120450617","Martin Green","Martin Green",NA,NA,"Flanker",NA,"Great Britain","England",NA
"Q121363891","Paolo Ricchebono","Paolo Ricchebono",NA,NA,"Winger",NA,"Italy",NA,NA
"Q124812202","Moses Alo-Emile","Moses Alo-Emile",187,125,"Prop",NA,"Australia",NA,"/wiki/Stade_fran%C3%A7ais_Paris_rugby"
"Q124973740","Adriano Aguiari","Adriano Aguiari",NA,NA,"Winger",NA,"Italy",NA,NA
"Q125132398","Emilio Andina","Emilio Andina",NA,NA,"Centre",NA,"Italy",NA,NA
"Q125957184","Andrea Rizzi","Andrea Rizzi",171,67.4,"Winger",NA,"Italy",NA,"/wiki/Rugby_Parabiago"
"Q130261475","Giancarlo Morelli","Giancarlo Morelli",NA,NA,"Centre",NA,"Italy",NA,"/wiki/L%27Aquila_Rugby_Club"
"Q130305705","Andrea Duodo",NA,NA,NA,NA,NA,NA,NA,NA
