"wikidataId","fullName","jaName","birthDate","birthPlace","deathDate","deathPlace","height","weight","positions"
"Q207","George W. Bush",NA,"1946-07-06","United States; Connecticut; New Haven",NA,NA,NA,NA,NA
"Q12940","Jacques Chaban-Delmas",NA,"1915-03-07","France; Paris","2000-11-10","France; Paris",NA,NA,NA
"Q26037","Quade Cooper","クウェイド・クーパー","1988-04-05","New Zealand; Auckland",NA,NA,182,90,"Fly-Half; Fullback"
"Q31193","Ben Smith","ベン・スミス","1986-06-01","New Zealand; Dunedin",NA,NA,182,88,"Outside Centre; Fullback"
"Q46171","Pekahou Cowan","ペッカフォウ・カーワン","1986-06-02","New Zealand; Wellington",NA,NA,183,118,"Prop; Hooker"
"Q72185","Manu Tuilagi","マヌ・トゥイランギ","1991-05-18","Samoa; Savaiʻi",NA,NA,185,110,"Centre"
"Q106775","Richard Harris",NA,"1930-10-01","Irish Free State; Limerick","2002-10-25","England; London",185,NA,NA
"Q113526","Adriaan Strauss","アドリアン・ストラウス","1985-11-18","Bloemfontein",NA,NA,185,113,"Hooker"
"Q127613","Patrick Lambie","パトリック・ランビー","1990-10-17","Durban",NA,NA,177,88,"Fly-Half; Centre; Fullback"
"Q134895","Javier Bardem",NA,"1969-03-01","Francoist Spain; Canary Islands; Las Palmas",NA,NA,181,NA,NA
"Q138722","Stephen Donald","スティーブン・ドナルド","1983-12-03","New Zealand",NA,NA,186,96,"Fly-Half"
"Q147338","Morris Kirksey",NA,NA,NA,NA,NA,NA,NA,NA
"Q151533","Sam Whitelock","サム ホワイトロック","1988-10-12","New Zealand; Palmerston North",NA,NA,202,120,"Lock"
"Q151572","Victor Vito","ヴィクター・ヴィト","1987-03-27","New Zealand; Wellington",NA,NA,193,112,"Flanker; Number 8"
"Q166094","Zane Kirchner","ザイン・カーシュナー","1984-06-16","South Africa; Western Cape; George",NA,NA,186,94,"Winger; Centre; Fullback"
"Q168675","Francois Pienaar","フランソワ・ピナール","1967-01-02","South Africa; Gauteng; Vereeniging; NA",NA,NA,191,108,"Flanker"
"Q172174","Guy Ligier",NA,"1930-07-12","Vichy","2015-08-23",NA,NA,NA,NA
"Q181263","François Steyn","フランソワ・ステイン","1987-05-14","South Africa; Eastern Cape; Aliwal North",NA,NA,191,100,"Fly-Half; Centre; Fullback"
"Q182609","Jacques Rogge",NA,"1942-05-02","Belgium; Ghent",NA,NA,NA,NA,NA
"Q188309","Sergio Parisse","セルジオ・パリセ","1983-09-12","Argentina; Buenos Aires",NA,NA,196,112,"Number 8"
"Q200427","Dimitri Szarzewski","ディミトリ・ザルゼウスキ","1983-01-26","France; Narbonne",NA,NA,180,105,"Hooker"
"Q207709","Roland Garros",NA,NA,NA,NA,NA,NA,NA,NA
"Q209365","Richie Gray","リッチー・グレイ","1989-08-24","Scotland; Glasgow",NA,NA,204,123,"Lock"
"Q221074","Bud Spencer",NA,"1929-10-31","Kingdom of Italy; Naples","2016-06-27","Italy; Rome",NA,NA,NA
"Q261702","Sunia Koto","スニア・コト","1980-04-15","Suva",NA,NA,174,113,"Hooker"
"Q276102","Jean de Villiers","ジャン・デヴィリアス","1981-02-24","South Africa; Paarl",NA,NA,190,103,"Winger; Centre"
"Q284846","Schalk Willem Petrus Burger","スカルク・バーガー","1983-04-13","South Africa; Eastern Cape; Gqeberha",NA,NA,193,114,"Number 8; Flanker"
"Q286258","Yannick Jauzion","ヤニック・ジョジオン","1978-07-28","France; Castres",NA,NA,193,101,"Centre"
"Q287936","Joe Launchbury","ジョー・ローンチブリー","1991-04-12","England; Devon; Exeter",NA,NA,196,126,"Lock"
"Q316676","Mariusz Pudzianowski",NA,"1977-02-07","Poland; Łódź Voivodeship",NA,NA,186,130,NA
"Q317422","Eric Liddell",NA,"1902-01-16","Qing dynasty; Tianjin","1945-02-21","Wang Jingwei regime; Shandong Province; Weifang",173,68,NA
"Q318920","Jonny Wilkinson","ジョニー・ウィルキンソンCBE","1979-05-25","England; Surrey",NA,NA,178,89,"Fly-Half; Inside Centre"
"Q325033","Jannie du Plessis","ヤニー・デュプレッシー","1982-10-16","South Africa",NA,NA,188,119,"Prop"
"Q335197","Bryan Habana","ブライアン・ハバナ","1983-06-12","South Africa; Gauteng; Johannesburg",NA,NA,180,94,"Winger"
"Q338006","Jean-Baptiste Élissalde","ジャン＝バチスト・エリサルド",NA,NA,NA,NA,172,73,"Scrum-Half"
"Q350967","Luke McAlister","ルーク・マカリスター","1983-08-28","New Zealand; Waitara",NA,NA,180,94,"Fly-Half; Centre"
"Q363717","Jonah Lomu","ジョナ・ロムー","1975-05-12","Auckland","2015-11-18",NA,196,119,"Winger"
"Q365879","Brian Lima","ブライアン・リマ","1972-01-25","Apia",NA,NA,186,95,"Winger; Centre"
"Q370059","George Smith","ジョージ・スミス","1980-07-14","New South Wales; Sydney",NA,NA,180,103,"Flanker; Number 8"
"Q376430","Mike Blair","マイク・ブレア","1981-04-20","Scotland; Edinburgh",NA,NA,NA,NA,"Scrum-Half"
"Q383886","Fourie du Preez","フーリー・デュプレア","1982-03-24","Pretoria",NA,NA,182,89,"Scrum-Half"
"Q389714","Imanol Harinordoquy","イマノル・アリノルドキ","1980-02-20","France; Bayonne",NA,NA,192,105,"Hooker; Number 8"
"Q406385","Rémi Tales","レミー・タレス","1984-05-02","Mont-de-Marsan",NA,NA,186,93,"Fly-Half"
"Q406616","Rabah Slimani","ラバー・スリマニ","1989-10-18","France; Val-d'Oise; Sarcelles",NA,NA,178,115,"Prop"
"Q433539","Nick Easter","ニック・イースター","1978-08-15","Epsom",NA,NA,193,115,"Lock; Number 8"
"Q433546","Steve Borthwick","スティーブ・ボーズウィック","1979-10-12","England; Cumbria; Carlisle",NA,NA,NA,NA,"Lock"
"Q433555","Danny Care","ダニー・ケア","1987-01-02","England; Leeds",NA,NA,173,84,"Scrum-Half; Fly-Half"
"Q433797","Danny Cipriani","ダニー・シプリアーニ","1987-11-02","London",NA,NA,185,92,"Fly-Half"
"Q439015","Riki Flutey","リキ・フルーティ","1980-02-10","New Zealand",NA,NA,178,92,"Fly-Half; Centre"
"Q439453","Keith Earls","キース・アールズ","1987-10-02","Republic of Ireland; Limerick",NA,NA,178,86,"Winger"
"Q440131","Jamie Heaslip","ジェイミー・ヒースリップ","1983-12-15","Israel; Northern District (Israel); Tiberias",NA,NA,192,110,"Number 8"
"Q441972","Tendai Mtawarira","テンダイ・ムタワリラ","1985-08-01","Zimbabwe; Harare",NA,NA,183,116,"Prop"
"Q447961","Alun Wyn Jones","アラン・ウィン・ジョーンズ","1985-09-19","Wales; Swansea",NA,NA,198,118,"Lock; Flanker"
"Q449012","Jamie Roberts","ジェイミー・ロバーツ","1986-11-08","Wales; Newport",NA,NA,193,110,"Winger; Centre; Fullback"
"Q449131","Luke Charteris","ルーク・チャータリス","1983-03-09","England",NA,NA,206,124,"Lock"
"Q453066","Władysław Komar",NA,NA,NA,NA,NA,NA,NA,NA
"Q454123","Rob Kearney","ロブ・カーニー","1986-03-26","Republic of Ireland; County Louth; Dundalk",NA,NA,185,94,"Fullback"
"Q460627","Sam Warburton","サム・ウォーバートン","1988-10-05","Wales; Cardiff",NA,NA,188,103,"Flanker"
"Q460637","Jonathan Davies","ジョナサン・デーヴィス","1988-04-05","England; Solihull",NA,NA,186,104,"Centre"
"Q461349","Oscar Kreuzer",NA,"1887-06-14",NA,"1968-05-03",NA,NA,NA,NA
"Q465470","Sébastien Chabal","セバスチャン・シャバル","1977-12-08","France; Valence; Drôme",NA,NA,190,115,"Number 8; Flanker; Lock"
"Q469706","Percy Montgomery","Percy Montgomery","1974-03-15","Namibia; Walvis Bay",NA,NA,185,93,"Fullback; Centre; Fly-Half"
"Q503407","James Haskell","ジェームス・ハスケル","1985-04-02","Windsor; Berkshire",NA,NA,193,118,"Flanker; Number 8"
"Q504581","Andrew Ellis","アンドリュー・エリス","1984-02-21","New Zealand; Christchurch",NA,NA,182,90,"Scrum-Half"
"Q506299","Andrew Mehrtens","Andrew Mehrtens","1973-04-28",NA,NA,NA,178,89,"Fly-Half"
"Q506917","Marcos Ayerza","マルコス・アジェルサ","1983-01-12","Argentina; Buenos Aires",NA,NA,185,115,"Prop"
"Q519164","Wenceslas Lauret","ヴェンセスラス・ローレ","1989-05-28","Tarbes",NA,NA,188,103,"Lock; Flanker"
"Q519358","Alex Cuthbert","アレックス・カスバート","1990-04-05","Gloucester",NA,NA,191,105,"Winger"
"Q519589","Mike Phillips","マイク・フィリップス","1982-08-29","Carmarthen",NA,NA,191,101,"Winger"
"Q525873","Shane Williams","Shane Williams","1977-02-26","Wales",NA,NA,170,80,"Winger; Scrum-Half"
"Q542818","Nic Berry","ニック・ベリー","1984-03-13","Australia; Queensland; Brisbane",NA,NA,173,80,"Scrum-Half"
"Q542948","Federico Nicolás Sánchez","ニコラス・サンチェス","1988-10-26","Argentina; Tucumán Province; San Miguel de Tucumán",NA,NA,177,83,"Fly-Half"
"Q579257","Nicolas Mas","ニコラ・マス","1980-05-25","Perpignan",NA,NA,180,108,"Prop"
"Q579573","Louis Picamoles","ルイ・ピカモール","1986-02-05","France; Paris",NA,NA,192,116,"Flanker; Number 8"
"Q582826","Nando Parrado",NA,NA,NA,NA,NA,NA,NA,NA
"Q588193","Felipe Contepomi","フェリペ・コンテポーミ","1977-08-20","Argentina; Buenos Aires",NA,NA,184,92,"Fly-Half; Centre"
"Q591370","Serge Betsen","セルジュ・ベッツェン","1974-03-25","Cameroon; Southwest Region (Cameroon); Kumba",NA,NA,183,98,"Flanker"
"Q596064","Fulgence Ouedraogo","フュルジャンス・ウエドゥラオゴ","1986-07-21","Burkina Faso; Kadiogo Province; Ouagadougou",NA,NA,191,99,"Flanker"
"Q599061","Yoann Maestri","ヨアン・マエストリ","1988-01-14","France; Var (department); Hyères",NA,NA,202,119,"Lock"
"Q601678","Ben Youngs","ベン・ヤングス","1989-09-05","England; Norfolk; Aylsham",NA,NA,178,88,"Scrum-Half"
"Q614602","Roberto Canessa",NA,NA,NA,NA,NA,NA,NA,NA
"Q635864","Dan Cole","ダン・コール","1987-05-09","England; Leicester",NA,NA,190,123,"Prop"
"Q641999","Will Genia","ウィル・ゲニア","1988-01-17","Papua New Guinea; Port Moresby",NA,NA,174,81,"Scrum-Half"
"Q662781","Anthony Boric","アンソニー・ボーリッチ","1983-12-27","New Zealand; Auckland",NA,NA,199,118,"Lock; Flanker"
"Q664074","Akapusi Qera","アカプシ・ンゲラ","1984-04-24","Suva",NA,NA,194,112,"Flanker; Number 8"
"Q682817","David Denton","デビッド・デントン","1990-02-05","Zimbabwe",NA,NA,196,119,"Flanker"
"Q690729","Vilimoni Delasau","ビリモニ・デラサウ","1977-07-12","Fiji",NA,NA,190,99,"Winger; Centre"
"Q715492","Arturo Rodríguez",NA,NA,NA,NA,NA,NA,NA,NA
"Q717879","John O'Neil",NA,NA,NA,NA,NA,NA,NA,NA
"Q718533","Owen Farrell","オーウェン・ファレル","1991-09-24","England",NA,NA,188,96,"Fly-Half; Centre"
"Q723260","Justin Marshall","Justin Marshall","1973-08-05",NA,NA,NA,179,95,"Scrum-Half"
"Q723617","John Kirwan","Sir John Kirwan","1964-12-16",NA,NA,NA,191,100,"Winger"
"Q723626","Conrad Smith","コンラッド・スミス","1981-10-12","Taranaki Region",NA,NA,187,95,"Centre"
"Q726148","Richie McCaw","リッチー・マコウ","1980-12-31","New Zealand",NA,NA,188,108,"Flanker; Number 8"
"Q726199","Dan Carter","ダン・カーター","1982-03-05","New Zealand; Christchurch",NA,NA,178,96,"Fly-Half; Centre"
"Q727503","Taniela Moa","タニエラ・モア","1985-03-11","Tonga; Tongatapu","2021-12-16",NA,182,102,"Scrum-Half; Fly-Half"
"Q732909","Greg Holmes","グレッグ・ホームズ","1983-06-11","Australia; Queensland; Warwick",NA,NA,183,114,"Prop"
"Q733831","Ronan O'Gara","ローナン・オガーラ","1977-03-07","United States; San Diego",NA,NA,183,83,"Fly-Half"
"Q745663","Aleki Lutui","アレキ・ルツイ","1978-07-01","Tonga; Tofoa",NA,NA,180,108,"Hooker"
"Q761487","Mathieu Bastareaud","マチュー・バスタロー","1988-09-17","France; Val-de-Marne; Créteil",NA,NA,185,125,"Centre; Number 8"
"Q777512","Raphaël Ibañez","ラファエル・イバネス","1973-02-17","France; Dax; Landes",NA,NA,178,100,"Hooker"
"Q827102","Berrick Barnes","ベリック・バーンズ","1986-05-28","Brisbane",NA,NA,183,87,"Fly-Half; Centre"
"Q859787","Richard Kahui","リチャード・カフイ","1985-06-09","New Zealand; Tokoroa",NA,NA,190,102,"Centre"
"Q861935","Bill Beaumont","ビル・ボーモント","1952-03-09","England; Chorley",NA,NA,NA,NA,"Lock"
"Q892034","Carlin Isles","カーリン・アイルズ","1989-11-21","United States; Ohio; Massillon",NA,NA,173,75,"Winger"
"Q897007","Bradley Davies","ブラッドリー・デーヴィス","1987-01-09","Wales; Lelan Tricent",NA,NA,198,122,"Lock"
"Q912889","Brian O'Driscoll","ブライアン・オドリスコル","1979-01-21","Dublin",NA,NA,178,93,"Centre"
"Q914227","Justin Tipuric","ジャスティン・ティプリック","1989-08-06","Wales; Trebanos",NA,NA,188,102,"Flanker"
"Q919501","Todd Clever","トッド・クレバー","1983-01-16","United States; California; Palm Springs",NA,NA,193,97,"Flanker"
"Q922170","Matt Giteau","マット・ギタウ","1982-09-29","Australia; New South Wales; Sydney",NA,NA,178,85,"Fly-Half; Centre"
"Q923207","Christophe Dominici","クリストフ・ドミニシ","1972-05-20","France; Toulon","2020-11-24",NA,172,82,"Winger"
"Q927905","Géo André",NA,NA,NA,NA,NA,NA,NA,NA
"Q931973","Kini Murimurivalu","キニ・ムリムリヴァル","1989-05-15","Fiji; Suva",NA,NA,176,97,"Winger; Fullback"
"Q934631","Gethin Jenkins","ゲシン・ジェンキンス","1980-11-17","Wales; Lambit",NA,NA,188,121,"Prop"
"Q934781","Warren Gatland","ウォーレン・ガットランド","1963-09-17","New Zealand; Hamilton",NA,NA,NA,NA,"Hooker"
"Q936035","Lionel Nallet","リオネル・ナレ","1976-09-14","France; Auvergne-Rhône-Alpes; Ain; Bourg-en-Bresse",NA,NA,197,117,"Lock"
"Q936651","Cédric Heymans","セドリック・エマンス","1978-07-20","Brive-la-Gaillarde; France",NA,NA,180,91,"Winger; Fullback"
"Q941226","Ross Ford","ロス・フォード","1984-04-23","Scotland; Edinburgh",NA,NA,185,115,"Hooker"
"Q941295","Mauro Bergamasco","マウロ・ベルガマスコ","1979-05-01","Italy; Veneto; Province of Padua; Padua",NA,NA,185,98,"Flanker; Scrum-Half"
"Q950241","Juan Martín Fernández Lobbe","フアン・フェルナンデス・ロベ","1981-11-19","Argentina; Buenos Aires",NA,NA,193,108,"Flanker; Number 8"
"Q956769","Ilia Zedginidze","イリア・ゼドギニゼ","1977-01-20","Tbilisi; Georgian Soviet Socialist Republic",NA,NA,195,109,"Lock; Number 8; Flanker"
"Q963552","Cory Jane","コーリー・ジェーン","1983-02-08","New Zealand",NA,NA,183,85,"Winger; Fullback"
"Q964396","Peter Sutherland",NA,NA,NA,NA,NA,NA,NA,NA
"Q971915","Joost van der Westhuizen","ユースト・ファン・デル・ヴェストハイゼン","1971-02-20","South Africa; Pretoria","2017-02-06",NA,188,88,"Scrum-Half"
"Q981549","Sitiveni Rabuka",NA,NA,NA,NA,NA,NA,NA,NA
"Q984446","Kieran Read","キーラン・リード","1985-10-26","New Zealand; Papakura",NA,NA,193,110,"Number 8; Flanker"
"Q984616","Owen Franks","オーウェン・フランクス","1987-12-23","New Zealand",NA,NA,185,NA,"Prop"
"Q1061916","Jérôme Thion","ジェローム・ティオン","1977-12-02","France; Senlis",NA,NA,199,120,"Lock"
"Q1081019","Daisuke Ohata","大畑 大介","1975-11-11","Osaka Prefecture; Osaka; Jōtō-ku",NA,NA,176,82,"Three-Quarter"
"Q1133612","Tim Visser","ティム・ビッサー","1987-05-29","Netherlands",NA,NA,195,109,"Winger; Fullback"
"Q1158997","Dan Biggar","ダン・ビガー","1989-10-16","Wales; Morriston",NA,NA,188,89,"Fly-Half"
"Q1159111","Dan Lydiate","ダン・リディエイト","1987-12-18","England; Salford",NA,NA,194,115,"Flanker"
"Q1171148","David Skrela","ダヴィド・スクレラ","1979-03-02","France; Toulouse",NA,NA,190,94,"Fly-Half"
"Q1173922","David Campese","David Campese","1962-10-21","New South Wales; Queenbian",NA,NA,180,89,"Winger; Fullback"
"Q1174510","Gonzalo Quesada","ゴンサロ・ケサダ","1974-05-02","Argentina; Buenos Aires",NA,NA,177,80,"Fly-Half"
"Q1248312","Ma'a Nonu","マア・ノヌー","1982-05-21","New Zealand; Wellington",NA,NA,182,107,"Winger; Centre"
"Q1251763","Doug Howlett","ダグ・ハウレット","1978-09-21","Auckland",NA,NA,185,93,"Winger; Fullback"
"Q1255252","James Cecil Parke",NA,"1881-07-26",NA,"1946-02-27",NA,NA,NA,NA
"Q1308117","Pierre Spies","ピエール・スピース","1985-07-08","South Africa; Gauteng; Pretoria",NA,NA,194,111,"Flanker; Number 8; Winger"
"Q1322456","Serge Blanco","セルジュ・ブランコ","1958-08-31","Venezuela; Caracas",NA,NA,NA,NA,"Fullback; Winger"
"Q1333347","Robbie Deans","ロビー・ディーンズ","1959-09-04","New Zealand; Chaviot",NA,NA,NA,NA,"Fullback"
"Q1340053","Pierre Failliot",NA,NA,NA,NA,NA,NA,NA,NA
"Q1343583","Kenta Kobashi",NA,NA,NA,NA,NA,186,115,NA
"Q1349233","Thierry Dusautoir","ティエリー・デュソトワール","1981-11-18","Ivory Coast; Abidjan",NA,NA,188,99,"Flanker"
"Q1381089","Gareth Edwards","サー・ガレス・エドワーズCBE","1947-07-12","Gwoyn Kerr Gewan; Gwaun-Cae-Gurwen",NA,NA,NA,NA,"Scrum-Half"
"Q1381928","Lawrence Dallaglio",NA,"1972-08-10",NA,NA,NA,NA,NA,NA
"Q1386045","Juan Martín Hernández","フアン・マルティン・エルナンデス","1982-08-07","Argentina; Buenos Aires",NA,NA,187,93,"Fly-Half"
"Q1388702","Keith Wood","キース・ウッド","1972-01-27","Killaloe",NA,NA,183,106,"Hooker"
"Q1390892","Morné Steyn","モルネ・ステイン","1984-07-11","South Africa; Cape Town",NA,NA,184,90,"Fly-Half"
"Q1390916","Jaque Fourie","ジャック・フーリー","1983-03-04","South Africa; Gauteng; Carlton Building",NA,NA,190,105,"Centre"
"Q1391022","JP Pietersen","JP・ピーターセン","1986-07-12","South Africa; Western Cape; Stellenbosch",NA,NA,190,106,"Centre; Winger; Fullback"
"Q1396178","Winston Peters",NA,"1945-04-11","New Zealand; Whangārei",NA,NA,NA,NA,NA
"Q1396331","Frédéric Michalak","フレデリック・ミシャラク","1982-10-16","Toulouse",NA,NA,181,87,"Fly-Half; Scrum-Half"
"Q1396771","John Smit","ジョン・スミット","1978-04-03","South Africa; Limpopo; Polokwane",NA,NA,188,122,"Prop; Hooker"
"Q1398346","Leigh Halfpenny","リー・ハーフペニー","1988-12-22","Wales; Gorseinon",NA,NA,178,85,"Winger; Fullback"
"Q1400144","Jonathan Sexton","ジョナサン・セクストン","1985-07-11","Republic of Ireland; County Dublin; Dublin",NA,NA,188,90,"Fly-Half"
"Q1403274","Johan Ackermann","ヨハン・アッカーマン","1970-06-03","South Africa; Gauteng; Benoni",NA,NA,196,115,"Lock"
"Q1403617","Juan Manuel Leguizamón","フアン・マヌエル・レギサモン","1983-06-06","Argentina; Santiago del Estero",NA,NA,190,104,"Flanker; Number 8"
"Q1409027","Adam Ashley-Cooper","アダム・アシュリー＝クーパー","1984-03-27","Australia; New South Wales; Sydney",NA,NA,185,98,"Winger; Fullback; Centre"
"Q1410667","Stephen Moore","スティーブン・ムーア","1983-01-20","Saudi Arabia; Khamis Mushait",NA,NA,186,112,"Hooker"
"Q1410678","Wycliff Palu","ウィクリフ・パールー","1982-07-27","Australia; New South Wales; Sydney",NA,NA,194,120,"Number 8; Flanker"
"Q1443895","Frank Oliver",NA,NA,NA,NA,NA,NA,NA,NA
"Q1558855","Paul James","ポール・ジェームズ","1982-05-13","Neath Port Talbot",NA,NA,185,115,"Prop"
"Q1617787","Tony Marsh","トニー・マーシュ","1972-08-12","New Zealand; Rotorua",NA,NA,188,97,"Centre"
"Q1638760","Pascal Papé","パスカル・パペ","1980-10-05","Lyon",NA,NA,195,122,"Lock"
"Q1638997","Damien Chouly","ダミアン・シュリー","1985-11-27","France; Haute-Vienne; Limoges",NA,NA,192,106,"Flanker; Number 8"
"Q1649587","Jake White","ジェイク・ホワイト","1963-12-13","South Africa; Gauteng; Johannesburg",NA,NA,185,85,NA
"Q1680577","James Hook","ジェームズ・フック","1985-06-27","Wales; Neath Port Talbot",NA,NA,183,95,"Fly-Half; Centre; Fullback"
"Q1766531","Jean-Pascal Barraque","ジャン＝パスカル・バラク","1991-04-24","France; Le Chesnay",NA,NA,182,80,"Fly-Half; Centre; Fullback"
"Q1773628","Eddie Jones","エディー・ジョーンズ","1960-01-30","Australia; Tasmania",NA,NA,164,NA,"Hooker"
"Q1805220","John Muldoon",NA,NA,NA,NA,NA,NA,NA,NA
"Q1896655","Rory Best","ローリー・ベストOBE","1984-08-15","Craigavon; County Armagh; Northern Ireland",NA,NA,180,110,"Hooker"
"Q1909280","Matt Todd","マット・トッド","1988-03-24","New Zealand; Christchurch",NA,NA,185,104,"Flanker"
"Q1989492","Nigel Barker",NA,"1883-02-26","Australia; New South Wales; Petersham; NA","1948-07-31","Australia; New South Wales; Sydney; NA",NA,NA,NA
"Q1997696","Bismarck du Plessis","ビスマルク・デュプレッシー","1984-05-22","South Africa; Free State (province); Bethlehem",NA,NA,189,115,"Hooker"
"Q2016678","Tommaso Benvenuti","トンマーゾ・ベンヴェヌーティ","1990-12-12","Italy; Veneto; Province of Treviso; Vittorio Veneto",NA,NA,186,98,"Winger; Centre; Fullback"
"Q2021513","Rassie Erasmus","ラシー・エラスムス","1972-11-05","South Africa",NA,NA,185,112,"Flanker; Number 8"
"Q2038034","Paul O'Connell","ポール・オコンネル","1979-10-20","Limerick",NA,NA,198,112,"Lock"
"Q2053950","Heinrich Brüssow","ハインリッヒ・ブルソー","1986-07-21","South Africa; Free State (province); Bloemfontein",NA,NA,181,101,"Flanker"
"Q2053962","Francois Louw","フランソワ・ロウ","1985-06-15","South Africa; Western Cape; Cape Town",NA,NA,190,109,"Flanker; Number 8"
"Q2056292","Gio Aplon","ジオ・アプロン","1982-10-06","South Africa; Western Cape",NA,NA,175,78,"Winger; Fullback"
"Q2056300","Francois Hougaard","フランソワ・ホーハート","1988-04-15","South Africa; Western Cape; Paarl",NA,NA,180,90,"Scrum-Half; Winger"
"Q2063331","Scott Higginbotham","スコット・ヒギンボザム","1986-09-05","Australia; Western Australia; Perth",NA,NA,195,107,"Number 8; Flanker"
"Q2063763","Saia Fainga'a","サイア・ファインガー","1987-02-02","Australia; New South Wales; Queanbeyan",NA,NA,187,108,"Hooker"
"Q2067610","Victor Matfield","ヴィクター・マットフィールド","1977-05-11","South Africa; Limpopo; Polokwane",NA,NA,200,110,"Lock"
"Q2074817","Kurtley Beale","カートリー・ビール","1989-01-06","Australia; Sydney",NA,NA,183,90,"Fly-Half; Centre; Fullback"
"Q2080039","Anthony Fainga'a","アンソニー・ファインガー","1987-02-02","Australia; New South Wales; Queanbeyan",NA,NA,182,91,"Centre"
"Q2080642","Mamuka Gorgodze","マムカ・ゴルゴゼ","1984-07-14","Georgia (country); Tbilisi",NA,NA,196,118,"Flanker; Number 8"
"Q2082385","Digby Ioane","ディグビー・イオアネ","1985-07-14","New Zealand; Wellington",NA,NA,184,100,"Winger; Centre"
"Q2084110","Nicholas Phipps","ニック・フィップス","1989-01-09","Australia; New South Wales; Baulkham Hills",NA,NA,180,87,"Scrum-Half"
"Q2085483","Adam Thomson","アダム・トムソン","1982-03-13","New Zealand; Ashburton",NA,NA,196,112,"Number 8; Flanker"
"Q2182964","Maxime Médard","マクシム・メダール","1986-11-16","France; Gironde; Toulouse",NA,NA,180,88,"Winger; Centre; Fullback"
"Q2203638","James O'Connor","ジェームズ・オコーナー","1990-07-05","Australia; Queensland; Gold Coast",NA,NA,180,88,"Fly-Half; Winger; Centre; Fullback"
"Q2244780","James Slipper","ジェイムス・スリッパー","1989-06-06","Australia; Queensland; Gold Coast",NA,NA,185,117,"Prop"
"Q2250641","Sean Lamont","ショーン・ラモント","1981-01-15","Perth; Scotland",NA,NA,188,105,"Winger; Centre"
"Q2251158","Bernard Laporte","ベルナール・ラポルト","1964-07-01","France; Rodez",NA,NA,NA,NA,"Scrum-Half"
"Q2278581","Pieter de Villiers","ピーター・ド・ヴィリエ","1972-07-03","South Africa; Western Cape; Malmesbury",NA,NA,184,111,"Loosehead Prop"
"Q2280214","Julien Bonnaire","ジュリアン・ボネール","1978-09-20","France; Auvergne; Auvergne-Rhône-Alpes; Isère; Bourgoin-Jallieu",NA,NA,193,100,"Flanker; Number 8"
"Q2282931","Chester Williams","チェスター・ウィリアムズ","1970-08-08","South Africa; Western Cape; Paarl","2019-09-06",NA,175,85,"Winger"
"Q2333026","Lionel Beauxis","リオネル・ボクシス","1985-10-24","France; Occitania; Occitania (administrative region); Hautes-Pyrénées; Tarbes",NA,NA,180,89,"Fly-Half"
"Q2334843","Fabien Galthié","ファビアン・ガルティエ","1969-03-20","Cahors; France",NA,NA,180,84,"Scrum-Half"
"Q2342896","Kenzo Suzuki",NA,NA,NA,NA,NA,191,118,NA
"Q2359466","Guilhem Guirado","ギエム・ギラド","1986-06-17","France; Pyrénées-Orientales; Céret",NA,NA,183,109,"Hooker"
"Q2362025","Vincent Debaty","ヴァンサン・ドゥバティー","1981-10-02","Belgium; Woluwe-Saint-Lambert",NA,NA,188,128,"Prop"
"Q2365231","Daniel Heenan","ヒーナン ダニエル","1981-11-07","Australia",NA,NA,196,112,"Lock; Flanker"
"Q2371608","Tusi Pisi","トゥシ・ピシ","1982-06-18","Samoa; Apia",NA,NA,183,93,"Fly-Half; Fullback"
"Q2377378","Courtney Lawes","コートニー・ローズ","1989-02-23","England; London; London Borough of Hackney",NA,NA,200,115,"Lock"
"Q2384444","Hrishikesh Pendse","リシケシュ・ペンゼ","1986-04-08","India; Mumbai",NA,NA,190,105,"Flanker"
"Q2397187","Horacio Agulla","オラシオ・アグージャ","1984-10-22","Argentina; Buenos Aires",NA,NA,182,92,"Winger; Centre; Fullback"
"Q2464963","Morgan Parra","モルガン・パラ","1988-11-15","France; Moselle (department); Metz",NA,NA,180,77,"Scrum-Half"
"Q2465068","Elvis Vermeulen","エルヴィス・ヴェルムラン",NA,NA,NA,NA,187,105,"Number 8"
"Q2481789","Sonny Bill Williams","ソニー・ビル・ウィリアムズ","1985-08-03","Auckland",NA,NA,194,110,"Centre"
"Q2568753","Ruan Pienaar","ルアン・ピナール","1984-03-10","South Africa; Free State (province); Bloemfontein",NA,NA,187,92,"Scrum-Half"
"Q2608846","Dimitri Yachvili","ディミトゥリ・ヤシュヴィリ","1980-09-19","France; Brive-la-Gaillarde",NA,NA,182,84,"Scrum-Half"
"Q2636058","André Roosevelt",NA,NA,NA,NA,NA,NA,NA,NA
"Q2735105","François Trinh-Duc","フランソワ・トゥラン＝デュック","1986-11-11","France; Hérault; Montpellier",NA,NA,185,85,"Fly-Half; Centre"
"Q2738926","Damien Traille","ダミアン・トライユ","1979-06-12","France; Nouvelle-Aquitaine; Pyrénées-Atlantiques; Pau",NA,NA,193,105,"Centre; Fly-Half"
"Q2739194","Aurélien Rougerie","オーレリアン・ルジュリー","1980-09-26","Beaumont; Puy-de-Dôme",NA,NA,193,104,"Winger; Centre"
"Q2761879","Radike Samo","ラディキ・サモ","1976-07-09","Fiji; Nadi",NA,NA,198,116,"Lock; Flanker"
"Q2777809","David Pocock","デイヴィッド・ポーコック","1988-04-23","Zimbabwe; Midlands Province; Gweru",NA,NA,183,100,"Flanker; Number 8"
"Q2820032","Aaron Carpenter","アーロン・カーペンター","1983-01-09","Canada; Ontario; Brantford",NA,NA,183,109,"Hooker; Flanker; Number 8"
"Q2820060","Aaron Jarvis","アーロン・ジャービス","1986-05-20","England; Exeter",NA,NA,183,116,"Prop"
"Q2827350","Agustín Creevy","アグスティン・クレービー","1985-03-15","Argentina; Buenos Aires Province; La Plata",NA,NA,181,106,"Hooker; Flanker"
"Q2830436","Alama Ieremia","アラマ・イエレミア","1970-10-27","Samoa; Apia",NA,NA,186,100,"Centre"
"Q2830616","Alan Williams","アラン・ウィリアムズ","1987-12-11","Belgium",NA,NA,186,115,"Fullback"
"Q2830674","Alasdair Dickinson","アラスデア・ディッキンソン","1983-09-11","Dundee",NA,NA,185,111,"Prop"
"Q2830676","Alasdair Strokosch","アラスデア・ストロコッシュ","1983-02-21","Paisley; Renfrewshire",NA,NA,190,110,"Flanker"
"Q2832832","Alessandro Zanni","アレッサンドロ・ザンニ","1984-01-31","Italy; Friuli-Venezia Giulia; Province of Udine; Udine",NA,NA,193,108,"Flanker; Number 8"
"Q2833641","Alexandre Dumoulin","アレクサンドル・デュムラン","1989-08-24","France; Isère; Bourgoin-Jallieu",NA,NA,189,97,"Centre"
"Q2833670","Alexandre Flanquart","アレクサンドル・フランカール","1989-10-09","Cambrai",NA,NA,206,120,"Lock"
"Q2837135","Alisi Tupuailei","アリシ トゥプアイレイ","1980-09-28","Samoa",NA,NA,187,116,"Centre"
"Q2846679","Andrew McCormick","アンドリュー マコーミック","1967-02-05","New Zealand",NA,NA,NA,NA,"Centre"
"Q2846836","Andrei Ostrikov","アンドレイ・オストリコフ","1987-07-02","Russia; Moscow",NA,NA,202,119,"Lock; Flanker"
"Q2846872","Andries Bekker","アンドリース・ベッカー","1983-12-05","South Africa; Cape Town",NA,NA,208,121,"Lock"
"Q2849107","Andy Farrell","アンディ・ファレル","1975-05-30","England; Wigan",NA,NA,NA,NA,"Fly-Half; Centre; Flanker"
"Q2869593","Uini Atonio","ウイニ・アトニオ","1990-03-26","New Zealand; Timaru",NA,NA,196,145,"Prop"
"Q2895525","Ben Morgan","ベン・モーガン","1989-02-18","England; Bristol",NA,NA,194,117,"Number 8"
"Q2895571","Ben Te'o","ベン・テオ","1987-01-27","New Zealand; Auckland",NA,NA,188,106,"Centre"
"Q2896114","Benjamin Kayser","バンジャマン・ケイゼル","1984-07-26","Paris",NA,NA,183,112,"Hooker"
"Q2896305","Benji Marshall",NA,NA,NA,NA,NA,NA,NA,NA
"Q2898198","Bernard Le Roux","バーナード・ルルー","1989-06-04","South Africa; Western Cape; Mooresburg",NA,NA,196,113,"Lock; Flanker"
"Q2925089","Brice Dulin","ブリス・デュラン","1990-04-13","Agen",NA,NA,176,85,"Fullback"
"Q2935003","Camille Lopez","カミーユ・ロペス","1989-04-03","France; Pyrénées-Atlantiques; Oloron-Sainte-Marie",NA,NA,176,88,"Fly-Half"
"Q2941606","Cătălin Fercu","カタリン・フェルク","1986-09-05","Romania; Brașov",NA,NA,184,90,"Winger; Fullback"
"Q2946998","César Sempere","セサル・センペレ","1984-04-26","Spain; Valencian Community; Province of Alicante; Villa Joyosa",NA,NA,180,95,"Fly-Half; Fullback; Winger"
"Q2964850","Chris Robshaw","クリス・ロブシャー","1986-06-04","England; Red Hill",NA,NA,188,108,"Flanker"
"Q2964897","Chris Wyles","クリス・ワイレス","1983-09-13","United States; Connecticut; Stamford",NA,NA,183,93,"Winger; Centre; Fullback"
"Q2965433","Christian Loamanu","クリスチャン・ロアマヌ","1986-05-13","Tonga",NA,NA,188,106,"Winger; Centre"
"Q2966657","Christopher Tolofua","クリストファー・タロフュア","1993-12-31","France; Var (department); Fréjus",NA,NA,182,132,"Hooker"
"Q2972202","Cian Healy","キアン・ヒーリー","1987-10-07","County Dublin; Dublin",NA,NA,185,116,"Prop"
"Q2993552","Conor Murray","コナー・マレー","1989-04-20","Republic of Ireland; Limerick",NA,NA,188,102,"Scrum-Half"
"Q3011484","D.T.H. van der Merwe","DTH・ファン・デル・メルヴァ","1986-04-28","South Africa; Western Cape; Worcester",NA,NA,183,98,"Winger; Centre; Fullback"
"Q3013444","Dane Haylett-Petty","デイン・ハイレット＝ペティ","1989-06-18","South Africa; KwaZulu-Natal; Durban",NA,NA,189,93,"Fullback; Openside Flanker"
"Q3018069","David Hill","デイビッド・ヒル","1978-07-31","New Zealand; Blenheim",NA,NA,188,102,"Fly-Half; Centre"
"Q3018410","David McHugh","デイヴィット・マックヒュー","1955-12-21","Republic of Ireland; County Limerick; Limerick",NA,NA,NA,NA,NA
"Q3019005","Dave Wilson","デビッド・ウィルソン","1985-04-09","South Shields",NA,NA,187,126,"Prop"
"Q3020652","Dean Mumm","ディーン・マム","1984-05-05","Auckland",NA,NA,196,109,"Lock; Flanker"
"Q3027432","Diego Ormaechea","ディエゴ・オルマエチェア","1959-07-19","Uruguay; Montevideo Department; Montevideo",NA,NA,183,98,"Number 8"
"Q3043307","Julien Bardy","ジュリアン・バーディ","1986-04-03","France; Puy-de-Dôme; Clermont-Ferrand",NA,NA,188,98,"Flanker"
"Q3043618","Wesley Fofana","ウェスレイ・フォファナ","1988-01-20","France; Paris",NA,NA,182,93,"Centre"
"Q3046794","Eben Etzebeth","エベン・エツベス","1991-10-29","South Africa; Cape Town",NA,NA,202,122,"Lock"
"Q3059565","Eugene Jantjies","ユージン・ヤンチース","1986-08-10","Namibia; Omaheke Region; Gobabis",NA,NA,177,90,"Scrum-Half"
"Q3068391","Takashi Kikutani","菊谷 崇","1980-02-24","Katsuragi",NA,NA,187,100,"Number 8; Flanker"
"Q3072194","Filo Tiatia","フィロ・ティアティア","1971-06-04","New Zealand; Wellington",NA,NA,192,112,"Lock; Flanker; Number 8"
"Q3074324","Florin Vlaicu","フロリン・ブライク","1986-07-26","Romania; Bucharest",NA,NA,186,103,"Fly-Half; Centre; Fullback"
"Q3081920","Francisco Puertas Soto","フランシスコ・プエルタス","1963-11-18","Spain; Gipuzkoa",NA,NA,185,91,"Fullback; Fly-Half"
"Q3086995","Freddie Burns","フレディー・バーンズ","1990-05-13","England; Somerset; Bath",NA,NA,183,90,"Fly-Half; Fullback"
"Q3090450","Marius Tincu","マリウス・ティンク","1978-04-07","Romania; Iași County",NA,NA,184,120,"Hooker"
"Q3093524","Gabiriele Lovobalavu","ガビリエル・ロヴォンバラヴ","1985-06-20","Savusavu",NA,NA,185,94,"Winger; Centre"
"Q3099509","Gautier Gibouin","ゴティエ・ギブアン","1989-05-24","France; Charente",NA,NA,184,102,"Flanker"
"Q3099860","Gaël Fickou","ガエル・フィクー","1994-05-26","France; Var (department); La Seyne-sur-Mer",NA,NA,190,100,"Centre"
"Q3101791","George Nicholson","George Nickolson","1878-08-03","Auckland",NA,NA,191,87,"Flanker"
"Q3101802","George North","ジョージ・ノース","1992-04-13","England; King's Lynn",NA,NA,193,109,"Winger; Centre"
"Q3103753","Giorgi Chkhaidze","ギオルギ・チハイゼ","1981-08-20","Georgian Soviet Socialist Republic; Kutaisi",NA,NA,194,101,"Number 8"
"Q3106790","Ginnosuke Tanaka",NA,NA,NA,NA,NA,NA,NA,NA
"Q3106879","Giorgi Nemsadze","ギオルギ・ネムサゼ","1984-09-26","Georgia (country); Kutaisi",NA,NA,196,115,"Lock; Flanker"
"Q3108675","Glen Ennis","グレン・エニス","1964-05-19","Canada; British Columbia; Vancouver",NA,NA,NA,NA,"Number 8"
"Q3113187","Graeme Bachop","グレアム・バショップ","1967-06-11","New Zealand; Christchurch",NA,NA,NA,NA,"Scrum-Half"
"Q3116311","Gregor Townsend","グレガー・タウンゼンド","1973-04-26","Scotland; Galaciel",NA,NA,NA,NA,"Fly-Half; Centre; Fullback"
"Q3116394","Greig Laidlaw","グレイグ・レイドロー","1985-10-12","Scotland; Jedburgh",NA,NA,175,80,"Scrum-Half; Fly-Half"
"Q3125806","Hajime Kiso","木曽 一","1978-11-07","Osaka Prefecture; Mishima District; Osaka",NA,NA,195,105,"Lock; Number 8; Flanker"
"Q3128846","Hayden Smith","ヘイデン・スミス","1985-04-10","Australia; New South Wales; Penrith",NA,NA,198,120,"Lock; Flanker"
"Q3136382","Hirotoki Onozawa","小野澤 宏時","1978-03-29","Shizuoka Prefecture; Shimada; Shizuoka",NA,NA,180,82,"Winger; Fullback"
"Q3154134","Joe Tekori","ジョー・テコリ","1983-12-17","Samoa",NA,NA,198,131,"Lock; Flanker; Number 8"
"Q3154769","Isaac Ross","ロス アイザック","1984-10-27","New Zealand",NA,NA,200,118,"Lock"
"Q3155646","Israel Folau","イズラエル・フォラウ","1989-04-03","Australia; New South Wales; Minto",NA,NA,194,103,"Winger; Centre"
"Q3157005","Jaba Bregvadze","ジャバ・ブレグヴァゼ","1987-04-23","Georgia (country); Tbilisi",NA,NA,182,105,"Hooker"
"Q3160910","James Arlidge","ジェームス・アレジ","1979-08-11","New Zealand; Hamilton",NA,NA,174,79,"Fly-Half"
"Q3161345","James Pritchard","ジェームス・プリチャード","1979-07-21","Australia; New South Wales; Parks",NA,NA,175,85,"Winger; Fullback"
"Q3161537","Jamie Joseph","ジェイミー・ジョセフ","1969-11-21","New Zealand",NA,NA,NA,NA,"Flanker"
"Q3169865","Jean-Pierre Élissalde","ジャン＝ピエール・エリサルド",NA,NA,NA,NA,NA,NA,"Scrum-Half"
"Q3179777","Joaquín Tuculet","ホアキン・トゥクレ","1989-08-08","Argentina; Buenos Aires Province; La Plata",NA,NA,181,91,"Fly-Half; Winger; Centre; Fullback"
"Q3180995","John Barclay","ジョン・バークリー","1986-09-25","Hong Kong",NA,NA,190,102,"Flanker; Number 8"
"Q3182560","John Tait","ジョン・テイト","1973-08-14","Canada; Ontario; Orangeville",NA,NA,202,110,"Lock"
"Q3183245","Jon Welsh","ジョン・ウェルシュ","1986-10-13","Glasgow",NA,NA,185,111,"Prop"
"Q3185989","Josh Matavesi","ジョシュ・マタヴェシ","1990-10-05","England; Cornwall; Camborne",NA,NA,188,112,"Fly-Half; Winger; Centre; Fullback"
"Q3187645","Juan Figallo","フアン・フィガロ","1988-03-25","Argentina; Salta Province; Salta",NA,NA,187,119,"Prop"
"Q3187685","Juan José Imhoff","フアン・イモフ","1988-05-10","Argentina; Santa Fe Province; Rosario",NA,NA,185,90,"Winger; Fullback"
"Q3187756","Juan Pablo Orlandi","フアン・パブロ・オルランディ","1983-06-20","Argentina; Mendoza Province; Mendoza",NA,NA,190,119,"Prop"
"Q3187834","Juan de Jongh","フアン・デ・ヨング","1988-04-15","South Africa; Western Cape; Paarl",NA,NA,176,87,"Centre"
"Q3188851","Jules Plisson","ジュール・プリソン","1991-08-20","France; Paris; Neuilly-sur-Seine",NA,NA,184,92,"Fly-Half"
"Q3189106","Julian Savea","ジュリアン・サヴェア","1990-08-07","New Zealand; Wellington",NA,NA,190,100,"Winger; Centre"
"Q3189360","Julien Berger","ジュリアン・バーガー","1990-01-10","Belgium",NA,NA,171,85,"Scrum-Half"
"Q3190869","Jérôme Daret","ジェローム・ダレー","1974-12-26","France; Dax; Landes",NA,NA,178,NA,"Scrum-Half"
"Q3195079","Ken Owens","ケン・オーウェンズ","1987-01-03","Wales; Carmarthen",NA,NA,184,109,"Hooker"
"Q3195261","Kensuke Hatakeyama","畠山 健介","1985-08-02","Japan; Miyagi Prefecture; Kesennuma",NA,NA,178,115,"Tighthead Prop"
"Q3195263","Kensuke Iwabuchi","岩渕 健輔","1975-12-30","Japan; Tokyo",NA,NA,178,81,"Fly-Half"
"Q3195767","Kevin Morgan","ケヴィン・モーガン","1977-02-23","Pontapriz; Pontypridd; Wales",NA,NA,178,83,"Fullback; Winger"
"Q3196457","Kieran Crowley","キーラン・クロウリー","1961-08-31","New Zealand; Kaponga",NA,NA,NA,NA,"Centre; Fullback"
"Q3199130","Kosuke Endo","遠藤 幸佑","1980-11-11","Hokkaido; Nakashibetsu",NA,NA,NA,NA,"Winger; Fullback"
"Q3199344","Kosei Ono","小野 晃征","1987-04-17","Japan; Aichi Prefecture; Nagoya",NA,NA,171,83,"Fly-Half; Centre"
"Q3200598","Kurt Morath","カート・モラス","1984-12-13","New Zealand",NA,NA,180,90,"Fly-Half"
"Q3218300","Lasha Malaghuradze","ラシャ・マラグラゼ","1986-01-02","Georgia (country); Tbilisi",NA,NA,192,95,"Fly-Half; Centre"
"Q3219422","Laurent Pakihivatau",NA,NA,NA,NA,NA,NA,NA,NA
"Q3229715","Leonardo Ghiraldini","レオナルド・ギラルディーニ","1984-12-26","Italy; Veneto; Padua",NA,NA,183,103,"Hooker"
"Q3229737","Leonardo Senatore","レオナルド・セナトーレ","1984-05-13","Argentina; Santa Fe Province; Rosario",NA,NA,191,106,"Flanker; Number 8"
"Q3229756","Leone Nakarawa","レオネ・ナカラワ","1988-04-02","Fiji; Tavua",NA,NA,198,109,"Lock"
"Q3237647","Liam Messam","リアム・メッサム","1984-03-25","Marlborough District",NA,NA,188,108,"Flanker"
"Q3257547","Lloyd Williams","ロイド・ウィリアムズ","1989-11-30","Wales; Cardiff",NA,NA,183,87,"Scrum-Half; Winger"
"Q3264589","Tukulua Lokotui","トゥクルア・ロコツイ","1979-12-31","New Zealand; Auckland",NA,NA,196,115,"Lock"
"Q3265049","Lucas González Amorosino","ルーカス・ゴンサレス・アモロシーノ","1985-11-02","Argentina; Buenos Aires",NA,NA,185,88,"Winger; Fullback"
"Q3289523","Marcell Coetzee","マルセル・クッツェー","1991-05-08","South Africa; North West (South African province); Potchefstroom",NA,NA,193,117,"Flanker"
"Q3289653","Marcelo Bosch","マルセロ・ボシュ","1984-01-07","Argentina; Buenos Aires",NA,NA,186,97,"Fly-Half; Centre; Fullback"
"Q3291370","Mariano Galarza","マリアノ・ガラルサ","1986-11-12","Argentina; Buenos Aires",NA,NA,202,116,"Lock"
"Q3294099","Mark Hammett","マーク・ハメット","1972-07-13","New Zealand",NA,NA,185,107,"Hooker"
"Q3298403","Matekitonga Moeakiola","マテキトンガ・モエアキオラ","1978-05-16","Tongatapu",NA,NA,183,120,"Prop"
"Q3299562","Matt Toomua","マット・トゥームア","1990-01-02","Australia; Victoria (state); Melbourne",NA,NA,182,91,"Fly-Half"
"Q3299694","Matt Cockbain","マット・コベイン","1972-09-19","Australia; New South Wales; Coffs Harbour",NA,NA,186,88,"Lock; Flanker"
"Q3302643","Maxime Machenaud","マクシム・マシュノー","1988-12-30","France; Gironde; Bordeaux",NA,NA,174,87,"Scrum-Half"
"Q3308102","Michael Cheika","マイケル・チェイカ","1967-03-04","Australia; Sydney",NA,NA,NA,NA,"Number 8"
"Q3313064","Mihai Lazăr","ミハイ・ラザール","1986-11-03","Romania; Iași",NA,NA,189,120,"Prop"
"Q3313242","Mike Brown","マイク・ブラウン","1985-09-04","England; Southampton",NA,NA,183,93,"Fullback"
"Q3313720","Mikheil Nariashvili","ミヘイル・ナリアシヴィリ","1990-05-25","Georgia (country); Kutaisi",NA,NA,186,113,"Prop"
"Q3324728","Mose Tuiali'i","モセ・トゥイアリイ","1981-03-25","New Zealand; Auckland",NA,NA,194,112,"Number 8; Flanker"
"Q3336450","Nataniela Oto","ナタニエラ・オト","1978-05-16","Tonga",NA,NA,174,96,"Winger"
"Q3337982","Nemani Nadolo","ネマニ・ナドロ","1988-01-31","Fiji; Viti Levu; Sigatoka",NA,NA,195,125,"Winger; Centre"
"Q3338508","Netani Talei","ネタニ・タレイ","1983-03-19","Fiji; Suva",NA,NA,188,112,"Flanker; Number 8"
"Q3339700","Nick Abendanon","ニック・アベンダノン","1986-08-27","South Africa; Gauteng; Bryanston",NA,NA,183,87,"Fullback"
"Q3358954","Ovidiu Tonița","オヴィデュ・トニツァ","1980-08-06","Romania; Burlad",NA,NA,195,109,"Flanker"
"Q3376624","Peter Grant","ピーター グラント","1984-08-15","Durban",NA,NA,186,92,"Fly-Half"
"Q3376641","Peter Hewat","ピーター・ヒューワット","1978-03-17","Australia; New South Wales",NA,NA,191,100,"Fly-Half; Fullback"
"Q3376694","Peter Kimlin","ピーター・キムリン","1985-07-11","Australia",NA,NA,198,110,"Lock"
"Q3378783","Phil Greening","フィル・グリーニングPhil Greening","1975-10-03","England; Gloucestershire; Gloucester",NA,NA,183,108,"Hooker"
"Q3389323","Pita Alatini","ピタ アラティニ","1976-03-11","Nukuʻalofa",NA,NA,NA,NA,"Centre; Winger"
"Q3399819","Scott Williams","スコット・ウィリアムズ","1990-10-10","Wales; Carmarthen",NA,NA,183,97,"Centre"
"Q3401755","Toby Faletau","タウルペ・ファレタウ","1990-10-12","Tonga; Tofoa",NA,NA,187,111,"Flanker; Number 8"
"Q3403741","Rhys Priestland","リース・プリーストランド","1987-01-09","Wales; Carmarthen",NA,NA,188,92,"Fly-Half; Fullback"
"Q3425307","Rene Ranger","レネ・レンジャー","1986-09-30","New Zealand; Auckland",NA,NA,183,102,"Centre; Winger"
"Q3428323","Reuben Thorne","ルーベン・ソーン","1975-01-02","New Zealand; Christchurch",NA,NA,192,107,"Lock; Flanker"
"Q3431328","Richard Wigglesworth","リチャード・ウィグルスワース","1983-06-09","England; Blackpool",NA,NA,176,84,"Scrum-Half"
"Q3431456","Richie Vernon","リッチー・バーノン","1987-07-07","Dundee",NA,NA,198,105,"Centre; Flanker; Number 8"
"Q3434246","Rob Webber","ロブ・ウェバー","1986-08-01","York",NA,NA,183,118,"Hooker"
"Q3440777","Romain Taofifénua","ロマン・タオフィフェヌア","1990-09-14","France; Landes (department); Mont-de-Marsan",NA,NA,202,120,"Lock"
"Q3442046","Rory Kockott","ロリー・ココット","1986-06-25","South Africa; Eastern Cape; East London",NA,NA,180,92,"Scrum-Half"
"Q3446312","Royce Willis","ロイス・ウイリス","1975-08-28","New Zealand; Tauranga",NA,NA,197,120,"Lock"
"Q3453812","Ryan Kankowski","ライアン・カンコウスキー","1985-10-14","South Africa; Eastern Cape; Gqeberha",NA,NA,193,106,"Number 8"
"Q3453834","Ryan Nicholas","ニコラス ライアン","1979-05-23","Broken Hill",NA,NA,192,92,"Centre"
"Q3454073","Ryō Yamamura","山村 亮","1981-08-09","Saga Prefecture; Takeo; Saga",NA,NA,186,120,"Prop"
"Q3456142","Rémy Grosso","レミー・グロッソ","1988-12-04","France; Lyon",NA,NA,190,102,"Winger"
"Q3469388","Sakiusa Matadigo","サキウサ・マタンディンゴ","1982-08-08","Suva",NA,NA,190,109,"Lock; Flanker; Number 8"
"Q3470454","Sam Burgess","Sam Burgess","1988-12-14","England; West Yorkshire; Dewsbury",NA,NA,196,116," "
"Q3470458","Sam Cane","サム・ケイン","1992-01-13","New Zealand; Rotorua",NA,NA,189,108,"Flanker; Number 8"
"Q3470529","Sam Norton-Knight","サム・ノートンナイト","1983-12-02","Canberra",NA,NA,187,86,"Fly-Half; Fullback"
"Q3475287","Schalk Brits","スカルク・ブリッツ","1981-05-16","South Africa; KwaZulu-Natal",NA,NA,182,100,"Hooker"
"Q3476297","Scott Robertson","スコット・ロバートソン","1974-08-21","New Zealand; Tauranga",NA,NA,NA,NA,"Flanker; Number 8"
"Q3476309","Scott Spedding","スコット・スペディング","1986-05-04","South Africa; Gauteng",NA,NA,188,97,"Fullback"
"Q3476709","Sean Cronin","ショーン・クローニン","1986-05-06","Republic of Ireland; County Limerick; Limerick",NA,NA,178,103,"Hooker"
"Q3476744","Sean Maitland","ショーン・メイトラント","1988-09-14","New Zealand; Tokoroa",NA,NA,188,101,"Winger; Fullback"
"Q3477909","Seilala Mapusua","セイララ マプスア","1980-02-27","Samoa",NA,NA,180,106,"Winger"
"Q3478445","Semisi Naevo","セミシ・サウカワ","1976-05-03","Fiji; Nadi",NA,NA,197,115,"Flanker"
"Q3478532","Sene Ta'ala","セネ・タアラ","1973-10-20","New Zealand",NA,NA,193,120,"Flanker"
"Q3482545","Shota Horie","堀江 翔太","1986-01-21","Japan; Osaka Prefecture; Suita",NA,NA,180,105,"Hooker"
"Q3482885","Siale Piutau","シアレ・ピウタウ","1985-10-13","New Zealand; Auckland",NA,NA,185,97,"Centre"
"Q3484266","Simon Easterby","サイモン・イースタービー","1975-07-21","England; North Yorkshire",NA,NA,193,100,"Flanker"
"Q3484858","Sinali Latu","シナリ ラトゥ","1965-08-22","Tonga",NA,NA,NA,NA,"Number 8; Flanker"
"Q3488842","Sofiane Guitoune","ソフィアヌ・ギトゥーヌ","1989-03-27","Algeria; Algiers Province; Algiers",NA,NA,184,97,"Centre; Winger"
"Q3499177","Steven Bates","スティーブン・ベイツ","1980-01-16","New Zealand; Auckland",NA,NA,193,110,"Flanker; Number 8"
"Q3500807","Stuart Hogg","スチュアート・ホッグ","1992-06-24","Scotland; Melrose; Scottish Borders",NA,NA,180,93,"Fullback"
"Q3510337","Sébastien Tillous-Borde","セバスチアン・ティユスボルド","1985-04-29","Oloron-Sainte-Marie",NA,NA,176,87,"Scrum-Half"
"Q3510346","Sébastien Vahaamahina","セバスチャン・ヴァアマイナ","1992-11-01","New Caledonia; Nouméa",NA,NA,202,125,"Lock"
"Q3514313","Takeomi Ito","伊藤 剛臣","1971-04-11","Tokyo; Arakawa",NA,NA,185,92,"Number 8; Flanker"
"Q3514378","Taku Inoguchi","猪口 拓","1982-10-05","Tokyo",NA,NA,NA,NA,"Hooker"
"Q3514395","Takuro Miuchi","箕内 拓郎","1975-12-11","Japan; Fukuoka Prefecture; Kitakyushu",NA,NA,187,106,"Number 8; Flanker"
"Q3516500","Taylor Paris","テイラー・パリス","1992-10-06","Canada; Ontario; Barrie",NA,NA,185,86,"Winger"
"Q3518885","Terry Bouhraoua","テリー・ボーラウア","1987-08-29","France; Châteaudun",NA,NA,169,59,"Scrum-Half; Fly-Half"
"Q3525959","Thretton Palamo","スレトン・パラモ","1988-09-22","United States; California; Woodland",NA,NA,191,116,"Centre"
"Q3529025","Timoci Nagusa","ティモジ・ナグサ","1987-07-14","Nadi",NA,NA,188,100,"Winger; Centre; Fullback"
"Q3529589","Tito Tebaldi","ティト・テバルディ","1987-09-20","Italy; Emilia-Romagna; Province of Parma; Parma",NA,NA,180,88,"Scrum-Half"
"Q3530931","Tom Wood","トム・ウッド","1986-11-03","England; Coventry",NA,NA,195,112,"Flanker; Number 8"
"Q3531701","Tony Brown","トニー・ブラウン","1975-01-17","New Zealand",NA,NA,NA,NA,"Fly-Half"
"Q3547082","Toru Kurihara","栗原 徹","1978-08-12","Ibaraki Prefecture; Itako; Ibaraki",NA,NA,178,80,"Winger; Fullback"
"Q3553044","Va'aiga Tuigamala","Va'aiga TuigamalaMNZM","1969-09-04","Samoa; Faleaciu",NA,NA,180,110,"Winger; Centre"
"Q3553572","Valentin Calafeteanu","バレンティン・カラフェテアヌ","1985-01-25","Romania; Bucharest",NA,NA,182,87,"Scrum-Half"
"Q3554936","Vasily Artemyev","ヴァシリー・アルテミエフ","1987-07-24","Russia; Moscow",NA,NA,184,93,"Winger"
"Q3555838","Vereniki Goneva","ヴェレニキ・ゴネヴァ","1984-04-05","Fiji; Lautoka",NA,NA,175,102,"Winger; Centre; Fullback"
"Q3558299","Viktor Gresev","ヴィクトル・グレセフ","1986-03-31","Russia; Saint Petersburg",NA,NA,185,108,"Flanker"
"Q3558411","Viliami Ma'afu","ヴィリアミ・マアフ","1982-03-09","Tonga; Rongorongo",NA,NA,186,100,"Number 8"
"Q3560816","Virimi Vakatawa","ヴィリミ・ヴァカタワ","1992-05-01","New Zealand; Rangiora",NA,NA,186,92,"Winger; Centre"
"Q3566851","Wayne Pivac","ウェイン・ピヴァック","1962-09-10","New Zealand; Auckland",NA,NA,NA,NA,"Lock; Flanker; Number 8"
"Q3568328","Willem Alberts","ウィレム・アルバーツ","1984-05-11","Pretoria",NA,NA,192,120,"Lock; Flanker"
"Q3571791","Yannick Nyanga","ヤニック・ニヤンガ","1983-12-19","Zaire; Kinshasa",NA,NA,187,102,"Flanker"
"Q3572366","Yoann Huget","ヨアン・ユジェ","1987-06-02","France; Ariège (department); Pamiers",NA,NA,190,96,"Winger; Fullback"
"Q3573304","Yuya Saito","斉藤 祐也","1977-04-28","Tokyo",NA,NA,185,92,"Number 8; Flanker"
"Q3615813","Andrea Lovotti","アンドレア・ロボッティ","1989-07-28","Italy; Emilia-Romagna; Province of Piacenza; Piacenza",NA,NA,189,111,"Prop"
"Q3778981","Guglielmo Palazzani","グリエルモ・パラッツァーニ","1991-04-11","Italy; Lombardy; Province of Brescia; Gardone Val Trompia",NA,NA,173,83,"Scrum-Half"
"Q3838212","Luca Morisi","ルカ・モリシ","1991-02-22","Italy; Lombardy; Province of Milan; Milan",NA,NA,185,98,"Centre"
"Q3870706","Nate Ebner",NA,"1988-12-14","United States; Ohio; Columbus",NA,NA,NA,NA,"Flanker; Centre"
"Q3877008","Nili Latu","ニリ・ラトゥ","1982-02-19","Tonga",NA,NA,182,101,"Number 8"
"Q4339148","Vladimir Ostroushko","ウラジーミル・オストロウシコ","1986-09-30","Russia; Krasnodar",NA,NA,183,97,"Winger"
"Q4419837","Denis Simplikevich","デニス・シンプリケヴィッチ","1991-03-11","Russia; Novokuznetsk",NA,NA,193,95,"Fullback"
"Q4474828","Eddy Ben Arous","エディー・ベン・アルース","1990-08-25","France; Alpes-Maritimes; Nice",NA,NA,183,110,"Prop"
"Q4662429","Aaron Shingler","アーロン・シングラー","1987-08-07","England; Aldershot",NA,NA,197,105,"Flanker"
"Q4662456","Aaron Smith","アーロン・スミス","1988-11-21","New Zealand; Palmerston North",NA,NA,171,83,"Scrum-Half"
"Q4675641","Jeremy Su'a","ジェレミー・スア","1988-11-10","New Zealand; Wellington",NA,NA,177,92,"Scrum-Half"
"Q4690859","Afusipa Taumoepeau","アフシパ・タウモエペアウ","1990-01-26","New Zealand; New South Wales; Sydney",NA,NA,184,95,"Winger; Centre"
"Q4708328","Alapati Leiua","アラパティ・レイウア","1988-09-21","Samoa",NA,NA,185,100,"Winger; Centre"
"Q4714328","Aled Davies","アレッド・デーヴィス","1992-07-19","Wales",NA,NA,175,86,"Scrum-Half"
"Q4717065","Alex Goode","アレックス・グッド","1988-05-07","England; Cambridge",NA,NA,181,85,"Fly-Half; Fullback"
"Q4721196","Alexandru Țăruș","アレクサンドル・タルス","1989-05-09","Romania; Brașov",NA,NA,185,125,"Prop"
"Q4730557","Allan Dell","アラン・デル","1992-03-16","South Africa; Eastern Cape; Human's Drop",NA,NA,186,105,"Prop"
"Q4754886","Andre Taylor","アンドレ・テイラー","1988-01-11","New Zealand",NA,NA,180,90,"Centre; Fullback"
"Q4756664","Andrew Conway","アンドリュー・コンウェイ","1991-07-11","Republic of Ireland; County Dublin; Dublin",NA,NA,180,90,"Winger"
"Q4756859","Andrew Durutalo","アンドリュー・デュルタロ","1987-10-25","United States; New York (state); New York City",NA,NA,188,111,"Flanker"
"Q4758669","Andrew Suniula","アンドリュー・スニウラ","1982-05-01","American Samoa; Pago Pago",NA,NA,186,102,"Winger; Centre"
"Q4759311","Andries Coetzee","アンドリース・クッツェー","1990-03-01","South Africa; Mpumalanga; Bechar",NA,NA,181,92,"Fly-Half; Winger; Fullback"
"Q4764259","Angus Ta'avao","アンガス・タアバオ","1990-03-22","New Zealand; Auckland",NA,NA,194,125,"Prop"
"Q4788055","Ardie Savea","アーディー・サヴェア","1993-10-14","New Zealand; Wellington",NA,NA,190,102,"Flanker; Number 8"
"Q4803294","Asaeli Tikoirotuma","アサエリ・ティコイロトマ","1986-06-24","Suva",NA,NA,187,91,"Winger; Centre"
"Q4804368","Ash Dixon","アッシュ・ディクソン","1988-09-01","New Zealand; Christchurch",NA,NA,180,103,"Hooker"
"Q4806120","Ashura Hara",NA,NA,NA,NA,NA,183,125,NA
"Q4815766","Atieli Pakalani","アティエリ・パカラニ","1989-08-02","Tonga",NA,NA,183,88,"Winger; Fullback"
"Q4821207","Augustine Pulu","オーガスティン・プル","1990-01-04","New Zealand; Auckland",NA,NA,180,90,"Scrum-Half"
"Q4831827","Ayumu Goromaru","五郎丸 歩","1986-03-01","Japan; Fukuoka Prefecture; Fukuoka",NA,NA,185,100,"Fullback"
"Q4839117","Back Kwang-soo","白光洙","1975-07-04","South Korea",NA,NA,186,96,"Flanker"
"Q4840757","Baden Kerr","ベイデン・カー","1989-06-09","New Zealand",NA,NA,189,90,"Fly-Half"
"Q4877438","Beauden Barrett","ボーデン・バレット","1991-05-27","New Zealand; New Plymouth",NA,NA,187,92,"Fly-Half; Centre; Fullback"
"Q4885691","Ben Funnell","ベン・ファネル","1990-06-06","New Zealand; Christchurch",NA,NA,181,105,"Hooker"
"Q4885835","Ben Herring","ベン・ヘリング","1980-03-14","New Zealand; Auckland",NA,NA,NA,NA,"Flanker"
"Q4886034","Ben Lam","ベン・ラム","1991-06-09","New Zealand; Auckland",NA,NA,194,105,"Winger; Centre"
"Q4886083","Ben Lucas","ベン・ルーカス","1987-12-30","Australia; Queensland; Ipswich",NA,NA,178,85,"Fullback"
"Q4886399","Ben Ryan","ベン・ライアン","1971-09-11","England; London; Wimbledon",NA,NA,NA,NA,"Scrum-Half"
"Q4886540","Ben Tameifuna","ベン・タメイフナ","1991-08-30","New Zealand; Auckland",NA,NA,182,151,"Prop"
"Q4886609","Ben Volavola","ベン・ヴォラヴォラ","1991-01-13","Australia; New South Wales; Sydney",NA,NA,191,89,"Fly-Half; Fullback"
"Q4893136","Bernard Foley","バーナード・フォーリー","1989-09-08","Australia; Sydney",NA,NA,182,89,"Fly-Half; Fullback"
"Q4923708","Blade Thomson","ブレイド・トムソン","1990-12-04","New Zealand; Auckland",NA,NA,198,106,"Lock; Flanker; Number 8"
"Q4923976","Blaine Scully","ブレイン・スカリー","1988-02-29","United States; California; Sacramento",NA,NA,193,92,"Winger; Fullback"
"Q4924071","Blair Cowan","ブレア・カーワン","1986-04-21","New Zealand; Upper Hutt",NA,NA,188,102,"Flanker"
"Q4941870","Bongi Mbonambi","ボンギ・ンボナンビ","1991-01-07","South Africa; Free State (province); Bethlehem",NA,NA,175,108,"Hooker"
"Q4953713","Brackin Karauria-Henry","ヘンリー ブラッキン","1988-07-31","New Zealand; Christchurch",NA,NA,180,95,"Centre"
"Q4954874","Bradley Barritt","ブラッド・バリット","1986-08-07","Durban",NA,NA,185,101,"Centre"
"Q4961030","Brendan Neilson","ニールソン 武蓮傳","1978-04-05","Auckland",NA,NA,NA,NA,"Centre"
"Q4961188","Brendon O'Connor","ブレンドン・オコナー","1989-09-11","New Zealand; Gisborne",NA,NA,186,102,"Flanker"
"Q4973036","Brodie Retallick","ブロディ・レタリック","1991-05-31","New Zealand; Hamilton",NA,NA,204,121,"Lock"
"Q4980717","Bryce Robins","ロビンス ブライス","1980-09-19","New Zealand",NA,NA,183,93,"Fly-Half; Centre"
"Q4980867","Bryn Hall","ブリン・ホール","1992-02-03","New Zealand; Auckland",NA,NA,183,93,"Scrum-Half"
"Q4997511","Bundee Aki","バンディー・アキ","1990-04-07","New Zealand; Auckland",NA,NA,183,99,"Centre"
"Q5012275","CJ Stander","CJ・スタンダー","1990-04-05","South Africa; Western Cape; George",NA,NA,185,114,"Flanker; Number 8"
"Q5016451","Cadeyrn Neville","ケイデン・ネヴィル","1988-11-09","Australia; Manly",NA,NA,202,123,"Lock"
"Q5028328","Campese Ma'afu","キャンピージ・マアフ","1984-12-19","Sydney",NA,NA,184,118,"Prop"
"Q5040943","Carl Wegner","カール・ウェグナー","1991-02-07","South Africa; Free State (province); Ficksburg",NA,NA,200,115,"Lock"
"Q5055919","Cecil Afrika","セシル・アフリカ","1988-03-03","South Africa; Eastern Cape; Gqeberha",NA,NA,177,65,"Fullback"
"Q5081683","Charles Piutau","チャールズ・ピウタウ","1991-10-31","New Zealand; Auckland",NA,NA,186,95,"Winger; Centre; Fullback"
"Q5084829","Charlie Faumuina","チャーリー・ファウムイナ","1986-12-24","New Zealand; South Auckland",NA,NA,185,130,"Prop"
"Q5105709","Chris Alcock","クリス・アルコック","1988-06-24","Durban",NA,NA,183,107,"Number 8; Flanker"
"Q5109832","Christian Lealiifano","クリスチャン・リアリーファノ","1987-09-24","New Zealand; Auckland",NA,NA,182,95,"Fly-Half; Inside Centre"
"Q5119140","Ciaran Hearn","キアラン・ハーン","1985-12-30","Canada; Newfoundland and Labrador; Conception Bay South",NA,NA,190,100,"Winger; Centre; Fullback"
"Q5139034","Cobus Reinach","コーバス・ライナー","1990-02-07","South Africa; Free State (province); Bloemfontein",NA,NA,175,85,"Scrum-Half"
"Q5140290","Codie Taylor","コーディー・テイラー","1991-03-31","New Zealand; Levin",NA,NA,183,106,"Hooker"
"Q5140723","Coenie van Wyk","コンラッド・バンワイク","1988-01-08","South Africa; Western Cape; Belleville",NA,NA,183,90,"Fly-Half; Fullback"
"Q5140724","Coenie Oosthuizen","コーニー・ウーストハイゼン","1989-05-22","South Africa; North West (South African province); Potchefstroom",NA,NA,180,127,"Prop"
"Q5142022","Colby Fainga'a","コルビー・ファインガア","1991-03-31","Australia; New South Wales; Queanbeyan",NA,NA,183,101,"Flanker"
"Q5147387","Collins Injera","コリンス・インジェラ","1986-10-18","Kenya; Nairobi",NA,NA,186,96,"Fly-Half; Winger; Fullback"
"Q5162305","Conor Trainor","コナー・トレイナー","1989-12-05","Canada; British Columbia; Vancouver",NA,NA,188,95,"Winger; Centre"
"Q5167835","Cooper Vuna","クーパー・ブーナ","1987-05-07","New Zealand; Auckland",NA,NA,186,108,"Winger"
"Q5172060","Corné Fourie","コーネ・フーリー","1988-09-02","South Africa; Gauteng; Rohdepoort",NA,NA,187,118,"Prop"
"Q5173537","Cory Allen","コリー・アレン","1993-02-11","Wales; Cardiff",NA,NA,193,99,"Centre"
"Q5181605","Craig Wing","クレイグ・ウィング","1979-12-26","Australia; New South Wales; Sydney",NA,NA,180,90,"Centre; Fly-Half"
"Q5205318","DJ Forbes","DJ・フォーブス","1982-12-15","Auckland",NA,NA,189,103,"Flanker"
"Q5212296","Damian McInally","ダミアン・マクイナリ","1975-12-23","Australia; Queensland; Brisbane",NA,NA,187,90,"Fullback"
"Q5212361","Damian de Allende","ダミアン・デアレンデ","1991-11-25","South Africa; Western Cape; Cape Town",NA,NA,190,105,"Winger; Centre"
"Q5214106","Dan Norton","ダン・ノートン","1988-03-22","England; Gloucester",NA,NA,182,85,"Winger; Fullback"
"Q5215794","Dane Coles","デイン・コールズ","1986-12-10","New Zealand; Paraparaumu",NA,NA,184,108,"Hooker"
"Q5220548","Danny Lee","ダニー・リー","1976-03-01","New Zealand; Hastings",NA,NA,175,80,"Fly-Half; Scrum-Half"
"Q5229656","Dave Rennie","デイヴ・レニー","1963-12-22","New Zealand; Lower Hutt",NA,NA,NA,NA,"Winger; Centre"
"Q5231882","David Bulbring","デーヴィッド・ブルブリング","1989-09-12","South Africa; Gqeberha",NA,NA,199,113,"Lock"
"Q5235997","David Kilcoyne","デイヴ・キルコイン","1988-12-14","Republic of Ireland; Limerick",NA,NA,183,110,"Prop"
"Q5260001","Deon Fourie","ディオン・フーリー","1986-09-25","South Africa; Gauteng; Pretoria",NA,NA,176,96,"Hooker; Flanker; Number 8"
"Q5260013","Deon Stegmann","デオン・ステフマン","1986-03-22","South Africa; Eastern Cape; Cradock",NA,NA,181,104,"Flanker"
"Q5290516","Dominic Day","ドミニク・デイ","1985-08-22","Wales",NA,NA,198,116,"Lock"
"Q5291007","Dominiko Waqaniburotu","ドミニコ・ワンガニンブロトゥ","1986-04-20","Suva",NA,NA,184,93,"Lock"
"Q5310394","Duane Vermeulen","ドウェイン・フェルミューレン","1986-07-03","South Africa; Mpumalanga; Mbombela",NA,NA,193,120,"Number 8"
"Q5314649","Duncan Weir","ダンカン・ウィアー","1991-05-10","Scotland; Glasgow",NA,NA,173,89,"Fly-Half"
"Q5334993","Ed Jenkins","エド・ ジェンキンス","1986-05-26","Australia; New South Wales; Sydney",NA,NA,185,95,"Flanker"
"Q5335299","Ed Quirk","エドワード・カーク","1991-08-28","Australia; Queensland; Brisbane",NA,NA,191,108,"Flanker"
"Q5360339","Eli Walker","エリ・ウォーカー","1992-03-28","Wales; Swansea",NA,NA,183,89,"Winger"
"Q5365477","Elliot Dixon","エリオット・ディクソン","1989-09-04","New Zealand; Christchurch",NA,NA,193,111,"Flanker"
"Q5365732","Elliott Stooke","エリオット・ストーク","1993-09-10","England; Worcester",NA,NA,198,116,"Lock"
"Q5367852","Elton Jantjies","エルトン・ヤンチース","1990-08-01","South Africa; Eastern Cape; Graaff-Reinet",NA,NA,176,88,"Fly-Half"
"Q5373739","Emosi Kauhenga","カウヘンガ 桜エモシ","1981-04-27","Nukuʻalofa",NA,NA,200,120,"Lock"
"Q5386535","Eric Fry","エリック・フライ","1987-09-14","United States; California; Davis",NA,NA,193,120,"Prop"
"Q5431837","Fale Simitaitoko",NA,NA,NA,NA,NA,193,156,NA
"Q5449188","Filo Paulo","フィロ・パウロ","1987-11-06","New Zealand",NA,NA,202,122,"Lock"
"Q5464240","Folau Niua","ファラウ・ニウア","1985-01-27","United States; California; Palo Alto",NA,NA,188,89,"Fly-Half"
"Q5483434","Francisco Gómez Kodela","フランシスコ・ゴメス・コデラ","1984-07-07","Argentina; Buenos Aires",NA,NA,184,120,"Prop"
"Q5484572","Franco Marais","フランコ・マレー","1992-09-23","South Africa; Gauteng; Vereeniging",NA,NA,186,108,"Hooker"
"Q5484584","Franco Mostert","フランコ・モスタート","1990-11-27","South Africa; Free State (province); Welkom",NA,NA,199,112,"Lock; Flanker"
"Q5484634","Francois Brummer","フランソワ・ブランマー","1989-05-17","South Africa",NA,NA,183,93,"Fly-Half"
"Q5484684","Faf de Klerk","ファフ・デ・クラーク","1991-10-19","South Africa; Mpumalanga; Echanzenie County; Mbombela Local Municipality; Mbombela",NA,NA,170,88.19,"Scrum-Half"
"Q5492374","Frans Malherbe","フランス・マルハーバ","1991-03-14","South Africa",NA,NA,190,122,"Prop"
"Q5493562","Fraser Anderson","アンダーソン フレイザー","1984-04-20","New Zealand; Auckland",NA,NA,193,101,"Centre"
"Q5504964","Fritz Lee","フリッツ・リー","1988-08-29","Samoa; Mototua",NA,NA,195,103,"Flanker; Number 8"
"Q5508557","Fumiaki Tanaka","田中 史朗","1985-01-03","Japan; Kyoto Prefecture",NA,NA,166,75,"Scrum-Half"
"Q5522780","Gareth Anscombe","ガレス・アンスコム","1991-05-10","New Zealand; Auckland",NA,NA,183,86,"Fly-Half; Fullback"
"Q5522787","Gareth Baber","ガレス・バーバー","1972-05-23","Wales; Cardiff",NA,NA,NA,NA,"Scrum-Half"
"Q5534256","Geoff Parling","ジェフ・パーリング","1983-10-28","England",NA,NA,198,116,"Lock"
"Q5539348","George Ford","ジョージ・フォード","1993-05-16","England; Oldham",NA,NA,178,85,"Fly-Half"
"Q5541430","George Kruis","ジョージ・クルーズ","1990-02-22","England; Guildford",NA,NA,198,123,"Lock"
"Q5542527","George Moala","ジョージ・モアラ","1990-11-05","New Zealand; Auckland",NA,NA,188,99,"Winger; Centre"
"Q5550793","Gerhard van den Heever","ゲラード・ファンデンヒーファー","1989-04-13","South Africa; Free State (province); Bloemfontein",NA,NA,192,102,"Winger; Fullback"
"Q5574698","Go Aruga","有賀 剛","1983-11-03","Yamanashi Prefecture; Kōshū; Yamanashi",NA,NA,175,84,"Centre; Fullback"
"Q5585722","Gordon Reid","ゴードン・リード","1987-03-04","Scotland; Irvine; North Ayrshire",NA,NA,188,123,"Prop"
"Q5596226","Grant Gilchrist","グラント・ギルクリスト","1990-08-09","Scotland; Stirling",NA,NA,200,115,"Lock"
"Q5596250","Grant Hattingh","グラント・ハッティング","1990-10-03","South Africa; Gauteng; Johannesburg",NA,NA,200,115,"Lock; Flanker"
"Q5596291","Grant Kemp","グラント・ケンプ","1988-10-31","South Africa; Western Cape; Cape Town",NA,NA,187,139,"Prop"
"Q5606132","Greg Peterson","グレッグ・ピーターソン","1991-03-26","Australia; New South Wales; Sydney",NA,NA,202,117,"Lock"
"Q5642749","Hallam Amos","ハラム・エイモス","1994-09-24","England; Stockport",NA,NA,186,98,"Winger; Centre; Fullback"
"Q5666806","Alfonso Escobar","アルフォンソ・エスコバル","1997-08-17","Chile",NA,NA,185,98,"Flanker"
"Q5686359","Hayden Parker","ヘイデン・パーカー","1990-11-19","New Zealand; Oamaru",NA,NA,175,80,"Fly-Half; Centre"
"Q5727284","Henry Pyrgos","ヘンリー・ピルゴス","1989-07-09","England; Dorchester; Dorset",NA,NA,178,83,"Scrum-Half"
"Q5728379","Henry Slade","ヘンリー・スレイド","1993-03-19","England; Plymouth",NA,NA,191,96,"Fly-Half; Centre"
"Q5728534","Henry Speight","ヘンリー・スパイト","1988-05-22","Suva",NA,NA,186,97,"Winger"
"Q5771513","Hiroyuki Kajihara","梶原 宏之","1966-09-28","Yamanashi Prefecture",NA,NA,NA,NA,"Flanker"
"Q5872356","Hitoshi Ōno","大野 均","1978-05-06","Fukushima Prefecture; Kōriyama; NA",NA,NA,192,105,"Lock"
"Q5927194","Hubert Buydens","ヒューバート・バイデンス","1982-01-04","Canada; Saskatchewan; Saskatoon",NA,NA,190,118,"Prop"
"Q5932415","Hugh Pyle","ヒュー・パイル","1988-09-21","Australia; New South Wales; Sydney",NA,NA,200,115,"Lock"
"Q5980469","Iain Henderson","イアン・ヘンダーソン","1992-02-21","Northern Ireland; Craigavon",NA,NA,198,117,"Lock"
"Q5981557","Ian Foster","イアン・フォスター","1965-05-01","New Zealand",NA,NA,NA,NA,"Fly-Half"
"Q5993254","Igor Galinovskiy","イゴール・ガリノフスキー","1985-11-08","Azerbaijan Soviet Socialist Republic; Baku",NA,NA,180,87,"Winger; Centre"
"Q6006485","Matthew Nable",NA,"1972-03-08","Australia; New South Wales; Sydney",NA,NA,NA,NA,NA
"Q6006740","Matías Tudela","マティアス・トゥデラ","1984-10-06","Spain; Catalonia; Province of Barcelona; Barcelona",NA,NA,187,97,"Winger; Fullback"
"Q6107910","JC Roos","ジャン・クロード・ルース","1990-09-12","South Africa",NA,NA,180,97,"Fly-Half"
"Q6108305","JJ Engelbrecht","JJ・エンゲルブレヒト","1989-02-22","South Africa; Eastern Cape; Gqeberha",NA,NA,190,90,"Centre"
"Q6113567","Jack Lam","ジャック・タファ・ラム","1987-11-18","New Zealand; Hamilton",NA,NA,183,103,"Flanker; Number 8"
"Q6118187","Jaco Kriel","ヤコ・クリエル","1989-08-21","South Africa; Mpumalanga; Standerton",NA,NA,184,100,"Number 8"
"Q6119614","Yoshikazu Fujita","藤田 慶和","1993-09-08","Japan; Kyoto Prefecture; Kyoto",NA,NA,184,90,"Winger; Fullback"
"Q6120814","Jacques Potgieter","ジャック・ポトヒエッター","1986-04-24","South Africa",NA,NA,196,115,"Number 8"
"Q6124556","Jake Ball","ジェイク・ボール","1991-06-21","England; Ascot",NA,NA,197,121,"Lock"
"Q6124971","Jake Schatz","ジェイク・シャッツ","1990-07-25","Australia; Queensland; Springwood",NA,NA,192,111,"Number 8"
"Q6130245","James Broadhurst","ジェームス・ブロードハースト","1987-12-01","Kaitaia",NA,NA,200,122,"Lock"
"Q6135513","James Hanson","ジェームス・ハンソン","1988-09-15","Australia; Queensland; Brisbane",NA,NA,183,104,"Hooker"
"Q6137088","James Kamana","ジェームス カマナ","1985-08-15","New Zealand",NA,NA,180,92,"Winger; Fullback"
"Q6137343","James King","ジェームズ・キング","1990-07-24","Australia; New South Wales; Albury",NA,NA,193,107,"Lock; Flanker; Number 8"
"Q6142352","James Rodwell","ジェームス・ロドウェル","1984-08-23","England",NA,NA,195,106,"Flanker"
"Q6145710","James Wilson","ジェームス・ウィルソン","1983-07-07","New Zealand; Invercargill",NA,NA,196,93,"Fly-Half; Centre; Fullback"
"Q6146928","Jamie George","ジェイミー・ジョージ","1990-10-20","England; Hertfordshire; Welwyn Garden City",NA,NA,178,113,"Hooker"
"Q6147865","Jamison Gibson-Park","ジャミソン・ギブソン＝パーク","1992-02-23","New Zealand",NA,NA,175,80,"Scrum-Half"
"Q6162442","Jason Emery","ジェイソン・エメリー","1993-09-21","Tauranga",NA,NA,176,86,"Winger; Centre"
"Q6167740","Jayden Hayward","ジェイデン・ヘイワード","1987-02-11","New Zealand; Hāwera",NA,NA,185,90,"Fly-Half; Centre; Fullback"
"Q6172593","Jed Holloway","ジェド・ホロウェイ","1992-11-02","Australia; Wollongong",NA,NA,195,118,"Lock; Flanker; Number 8"
"Q6201442","Jimmy Tupou","ジミー・トゥポウ","1992-08-08","New Zealand; Auckland",NA,NA,196,111,"Lock; Flanker"
"Q6211121","Joe Marler","ジョー・マーラー","1990-07-07","England; Eastbourne",NA,NA,183,114,"Prop"
"Q6211415","Joe Moody","ジョー・ムーディ","1988-09-18","New Zealand; Christchurch",NA,NA,188,112,"Prop"
"Q6237719","John Hardie","ジョン・ハーディー","1988-07-27","New Zealand",NA,NA,183,102,"Flanker"
"Q6273512","Jonathan Joseph","ジョナサン・ジョセフ","1991-05-21","England; Derby",NA,NA,183,91,"Centre; Winger"
"Q6275792","Jonny May","ジョニー・メイ","1990-04-01","England; Wiltshire; Swindon",NA,NA,187,90,"Winger"
"Q6275861","Jono Lance","ジョノ・ランス","1990-06-27","Australia; Canberra",NA,NA,183,91,"Fly-Half; Centre; Fullback"
"Q6277020","Jordan Smiler","ジョーダン・スマイラー","1985-06-19","New Zealand; Palmerston North",NA,NA,193,108,"Flanker"
"Q6277480","Jordi Murphy","ジョーディ・マーフィー","1991-04-22","Spain; Catalonia; Province of Barcelona; Barcelona",NA,NA,188,105,"Flanker; Number 8"
"Q6287450","Joseph Tomane","ジョー・トマネ","1990-02-11","New Zealand; Palmerston North",NA,NA,188,102,"Winger; Centre"
"Q6288640","Josh Bekhuis","ジョシュ・ベックハイス","1986-04-26","New Zealand; Invercargill",NA,NA,200,112,"Lock"
"Q6289200","Josh Navidi","ジョシュ・ナヴィディ","1990-12-30","Wales; Bridgend",NA,NA,183,118,"Flanker; Number 8"
"Q6289409","Josh Strauss","ジョシュ・ストラウス","1986-10-23","South Africa",NA,NA,193,117,"Flanker; Number 8"
"Q6317532","Justin Downey","ジャスティン・ダウニー","1986-11-11","South Africa; Gauteng; Johannesburg",NA,NA,191,105,"Flanker"
"Q6321938","Jürgen Visser","ユルゲン・ヴィサー","1989-09-13","South Africa",NA,NA,191,93,"Fly-Half"
"Q6361791","Kane Douglas","ケーン・ダグラス","1989-06-01","Australia; New South Wales; McClain",NA,NA,202,123,"Lock"
"Q6378253","Katsuyuki Kiyomiya","清宮 克幸","1967-07-17","Japan; Osaka Prefecture; Osaka",NA,NA,NA,NA,"Number 8; Flanker"
"Q6383645","Keiji Hirose","廣瀬 佳司","1973-04-16","Osaka Prefecture",NA,NA,170,74,"Fly-Half"
"Q6405342","Kieran Brookes","キーラン・ブルックス","1990-08-29","England; Staffordshire; Stoke-on-Trent",NA,NA,188,129,"Prop"
"Q6405414","Kieran Marmion","キエラン・マルミオン","1992-02-11","England; London; London Borough of Barking and Dagenham",NA,NA,178,83,"Scrum-Half"
"Q6405531","Kieron Fonotia","キーロン・フォノティ","1988-02-02","New Zealand; Christchurch",NA,NA,185,105,"Winger; Centre"
"Q6408490","Kim Chul-won","金 喆元","1984-01-22","South Korea",NA,NA,171,76,"Scrum-Half"
"Q6409053","Kim Kwang Mo","金光模","1979-09-19","South Korea",NA,NA,187,117,"Prop"
"Q6446598","Kurt Baker","カート・ベイカー","1988-10-07","New Zealand; Palmerston North",NA,NA,184,88,"Fullback"
"Q6451930","Kyohei Morita","森田 恭平","1984-02-06","Osaka Prefecture; Toyonaka",NA,NA,180,86,"Fly-Half"
"Q6514186","Lee Jones","リー・ジョーンズ","1988-06-28","Scotland; Edinburgh",NA,NA,180,86,"Winger"
"Q6514365","Lee Kwang-moon","李 光紋","1983-08-04","South Korea",NA,NA,187,105,"Number 8"
"Q6534842","Levan Chilachava","レヴァン・チラチャヴァ","1991-08-17","Georgia (country)",NA,NA,188,118,"Prop"
"Q6539462","Liaki Moli","リアキマタギ・モリ","1990-01-04","New Zealand; Auckland",NA,NA,198,114,"Lock"
"Q6539609","Liam Gill","リアム・ギル","1992-06-08","Australia; Queensland; Brisbane",NA,NA,184,96,"Flanker"
"Q6539846","Liam Williams","リアム・ウィリアムズ","1991-04-09","Wales; Swansea",NA,NA,188,87,"Winger; Fullback"
"Q6548834","Lima Sopoaga","リマ・ソポアンガ","1991-02-03","New Zealand; Wellington",NA,NA,175,91,"Fly-Half; Centre"
"Q6555602","Lionel Cronjé","ライオネル・クロニエ","1989-05-25","South Africa; Free State (province); Bloemfontein",NA,NA,185,92,"Fly-Half"
"Q6555717","Lionel Mapoe","ライオネル・マプー","1988-07-13","South Africa; Eastern Cape; Gqeberha",NA,NA,189,80,"Winger; Centre"
"Q6582163","Hirofumi Ōuchi","大内 寛文","1966-11-17","Hiroshima Prefecture",NA,NA,NA,NA,"Flanker"
"Q6667867","Logovi'i Mulipola","ローゴービー・マリポラ","1987-03-11","Samoa",NA,NA,192,128,"Prop"
"Q6668872","Lolagi Visinia","ロラギ・ビシニア","1993-01-17","New Zealand; Auckland",NA,NA,194,101,"Winger; Fullback"
"Q6674905","Lood de Jager","ルード・デヤハー","1992-12-17","South Africa; Gauteng",NA,NA,206,125,"Lock"
"Q6676166","Lopeti Timani","ロペティ・ティマニ","1990-09-28","Tonga",NA,NA,193,125,"Lock; Flanker; Number 8"
"Q6684640","Lote Tuqiri","トゥキリ ロテ","1987-11-12","Fiji",NA,NA,188,98,"Centre"
"Q6687195","Louis Fouché","ルイ・フーシェ","1990-01-04","South Africa; Gauteng; Pretoria",NA,NA,186,96,"Fly-Half"
"Q6688207","Louis Stanfill","ルイス・スタンフィル","1985-05-30","United States; California; Sacramento",NA,NA,191,110,"Flanker"
"Q6701893","Luke Cowan-Dickie","ルーク・カウワン＝ディッキー","1993-06-20","England; Truro",NA,NA,185,110,"Hooker"
"Q6702308","Luke Romano","ルーク・ロマノ","1986-02-16","New Zealand; Nelson",NA,NA,199,118,"Lock"
"Q6702393","Luke Thompson","トンプソン ルーク","1981-04-16","New Zealand; Christchurch",NA,NA,196,110,"Lock"
"Q6706963","Lwazi Mvovo","ルワジ・ンヴォヴォ","1986-06-03","Mthatha",NA,NA,185,91,"Winger; Fullback"
"Q6720569","Ma'afu Fia","マアフ・フィア","1989-11-22","Tonga; Tofoa",NA,NA,180,114,"Prop"
"Q6721068","Maama Molitika","マアマ・モリティカ","1974-08-26","Tonga; Haʻapai",NA,NA,196,108,"Number 8"
"Q6738571","Maka Unufe","マカ・ウヌフェ","1991-09-28","United States; Utah; Provo",NA,NA,185,95,"Centre"
"Q6741136","Malakai Fekitoa","マラカイ・フェキトア","1992-05-10","Tonga; Haʻapai",NA,NA,187,99,"Centre"
"Q6756059","Marcel Brache","マルセル・ブラーシェ","1987-10-15","United States; California; Los Angeles",NA,NA,193,94,"Winger; Centre"
"Q6769468","Mark Robertson","マーク・ロバートソン","1984-12-31","Melrose; Scottish Borders",NA,NA,186,95,"Winger"
"Q6769480","Mark Robinson","マーク・ロビンソン","1974-01-17","New Zealand; Stratford",NA,NA,182,88,"Centre; Fullback"
"Q6770385","Mark Wilson","マーク・ウィルソン","1989-10-06","England; Cumbria; Kendal",NA,NA,191,112,"Number 8"
"Q6777573","Marty Veale","マーティ・ヴィール","1977-08-09","New Zealand",NA,NA,195,112,"Lock"
"Q6777798","Martín Landajo","マルティン・ランダホ","1988-06-14","Argentina; Buenos Aires",NA,NA,170,82,"Scrum-Half; Fly-Half"
"Q6782374","Masahiro Kunda","薫田 真広","1966-09-29","Gifu Prefecture; Kakamigahara",NA,NA,186,92,"Hooker"
"Q6788983","Matt Lucas","マット・ルーカス","1992-01-29","Australia; Queensland; Gold Coast",NA,NA,174,80,"Scrum-Half"
"Q6789282","Matt Saunders","マット・サンダース","1988-07-06","England; Chichester",NA,NA,178,91,"Centre; Fullback"
"Q6789304","Matt Scott","マット・スコット","1990-09-01","Scotland; Dunfermline",NA,NA,185,106,"Centre"
"Q6789465","Matt Vant Leven","マット・バンリーベン","1987-10-23","Rotorua",NA,NA,191,106,"Number 8; Flanker"
"Q6790988","Matthew Morgan","マシュー・モーガン","1992-04-23","Wales; Swansea",NA,NA,173,78,"Fly-Half; Fullback"
"Q6792167","Mau Touriki","真羽 闘力","1977-08-21","Nukuʻalofa",NA,NA,NA,NA,"Flanker; Number 8"
"Q6825521","Metuisela Talebula","メトゥイセラ・タレンブラ","1991-05-20","Lautoka",NA,NA,186,98,"Winger"
"Q6829378","Michael Collins","マイケル・コリンズ","1993-06-03","New Zealand; Queenstown",NA,NA,186,99,"Centre"
"Q6830968","Michael Harris","マイク・ハリス","1988-07-08","New Zealand; North Harbor",NA,NA,186,96,"Fly-Half"
"Q6831232","Michael Hooper","マイケル・フーパー","1991-10-29","Australia; New South Wales; Sydney",NA,NA,182,101,"Flanker"
"Q6832188","Michael Leitch","リーチ マイケル","1988-10-07","New Zealand; Christchurch",NA,NA,190,105,"Flanker; Number 8"
"Q6845086","Mihai Macovei","ミハイ・マコベイ","1986-10-29","Romania; Gura Fumorrui",NA,NA,193,109,"Flanker; Number 8"
"Q6848383","Mike Petri","マイク・ペトリ","1984-08-16","United States; New York (state); New York City; Brooklyn",NA,NA,178,83,"Scrum-Half"
"Q6918721","Motu Matu'u","モトゥ・マトゥウ","1987-04-30","New Zealand; Wellington",NA,NA,181,111,"Hooker"
"Q6939524","Murray Williams","マリー・ウィリアムス","1982-06-27","New Zealand; Wellington",NA,NA,NA,NA,"Fly-Half"
"Q6958172","Nafi Tuitavake","ナフィ・ツイタヴァキ","1989-01-21","New Zealand; Auckland",NA,NA,180,95,"Winger; Centre"
"Q6967042","Nasi Manu","ナシ・マヌ","1988-08-15","New Zealand; Lincoln",NA,NA,190,110,"Flanker; Number 8"
"Q6969134","Nathan Hirayama","ネイサン・ヒラヤマ","1988-03-23","Canada; British Columbia; Richmond",NA,NA,183,88,"Fly-Half; Fullback"
"Q6991165","Nemia Kenatale","ネミア・ケナタレ","1986-01-21","Tavua; Fiji",NA,NA,173,92,"Scrum-Half"
"Q6993434","Tony Woodcock","トニー・ウッドコック","1981-01-27","New Zealand",NA,NA,184,120,"Prop"
"Q6995271","Nepo Laulala","ネポ・ラウララ","1991-11-06","Samoa; Motuture",NA,NA,184,116,"Prop"
"Q7024291","Nic Mayhew","ニック・メイヒュー","1988-11-28","New Zealand; Auckland",NA,NA,180,114,"Prop"
"Q7024328","Nic White","ニック・ホワイト","1990-06-13","Australia; Scone",NA,NA,175,82,"Scrum-Half"
"Q7032204","Nigel Ah Wong","ナイジェル・アーウォン","1990-05-30","New Zealand; Wellington",NA,NA,193,102,"Winger; Fullback"
"Q7035584","Nikola Matawalu","ニコラ・マタワル","1989-03-08","Suva",NA,NA,176,85,"Scrum-Half; Winger"
"Q7045287","Noa Nakaitaci","ノア・ナカイタシ","1990-07-11","Fiji; Lautoka",NA,NA,190,96,"Winger"
"Q7078840","Ofa Tu'ungafasi","オファ・トゥウンガファシ","1992-04-19","Tonga; Nukuʻalofa",NA,NA,193,125,"Prop"
"Q7087813","Oliver Saunders","オリバー・サンダーズ","1986-03-23","England",NA,NA,178,86,"Fly-Half"
"Q7114700","Owen Williams","オーウェン・ウィリアムズ","1992-02-27","Wales; Neath",NA,NA,185,98,"Fly-Half; Centre"
"Q7123620","Paddy Ryan","パディー・ライアン","1988-08-09","Australia; New South Wales; Tamworth",NA,NA,190,114,"Prop"
"Q7147434","Patrick Osborne","パトリック・オズボーン","1987-06-14","Fiji; Suva",NA,NA,187,106,"Winger"
"Q7149042","Paul Alo-Emile","ポール・アロエミール","1991-12-22","New Zealand; Auckland",NA,NA,180,132,"Prop"
"Q7154370","Paul Willemse","ポール・ヴィレムサ","1992-11-13","South Africa; Gauteng; Pretoria",NA,NA,200,136,"Lock"
"Q7154889","Pauliasi Manu","パウリアシ・マヌ","1987-12-23","Tonga; Vavaʻu",NA,NA,185,113,"Prop"
"Q7174734","Peter Horne","ピーター・ホーン","1989-10-05","Scotland; Aberdeen",NA,NA,183,92,"Fly-Half; Centre"
"Q7176180","Peter O'Mahony","ピーター・オマホニー","1989-09-17","Republic of Ireland; County Cork; Cork (city)",NA,NA,191,106,"Flanker; Number 8"
"Q7181745","Phil Burleigh","フィル・バーリー","1986-10-22","New Zealand; Christchurch",NA,NA,182,93,"Centre"
"Q7182107","Phil Larder",NA,NA,NA,NA,NA,NA,NA,NA
"Q7182477","Phil Thiel","フィル・ティール","1984-10-29","United States; Michigan; Traverse City",NA,NA,180,113,"Prop; Hooker"
"Q7184645","Philip van der Walt","フィリップ・ヴァン・ダー・ウォルト","1989-07-14","South Africa; Eastern Cape; Adelaide",NA,NA,195,110,"Number 8; Flanker"
"Q7192749","Pieter-Steph du Toit","ピーターステフ・デュトイ","1992-08-20","South Africa; Western Cape; Cape Town",NA,NA,200,116,"Lock; Flanker"
"Q7198582","Pita Ahki","ピタ・アーキ","1992-09-24","New Zealand; Auckland",NA,NA,180,98,"Centre"
"Q7312508","Renaldo Bothma","レナルド・ボスマ","1989-09-18","South Africa; Gauteng",NA,NA,188,110,"Flanker; Number 8"
"Q7319417","Rey Lee-Lo","レイ・リーロ","1986-02-28","Samoa",NA,NA,181,98,"Winger; Centre"
"Q7321243","Rhodri Jones","ロドリー・ジョーンズ","1991-12-23","Wales; Aberystwyth",NA,NA,191,119,"Prop"
"Q7321829","Rhys Patchell","リース・パッチェル","1993-05-17","Wales; Landau; Llandough; Penarth",NA,NA,191,92,"Fly-Half; Fullback"
"Q7321837","Rhys Ruddock","リース・ラドック","1990-11-13","Republic of Ireland; County Dublin; Dublin",NA,NA,191,113,"Flanker"
"Q7321844","Rhys Webb","リース・ウェッブ","1988-12-09","Wales; Bridgend",NA,NA,183,93,"Scrum-Half"
"Q7322097","Riaan Viljoen","リアン・フィルヨーン","1983-04-01","South Africa; Gauteng; Carltonville",NA,NA,185,90,"Fly-Half; Winger; Fullback"
"Q7324428","Richard Buckman","リチャード・バックマン","1989-05-27","New Zealand",NA,NA,184,94,"Centre"
"Q7330180","Richard de Carpentier","リチャード・デカーペンティア","1990-04-30","England; Manchester",NA,NA,194,105,"Flanker"
"Q7340198","Rob Henshaw","ロビー・ヘンショー","1993-06-12","Republic of Ireland; Athlone",NA,NA,193,105,"Centre"
"Q7340460","Rob Penney","ロブ・ペニー","1964-04-27","New Zealand",NA,NA,NA,NA,""
"Q7340984","Robbie Robinson","ロビー・ロビンソン","1989-08-22","New Zealand; Invercargill",NA,NA,181,89,"Fullback"
"Q7356897","Rodney Davies","ロドニー・デイヴィス","1989-09-05","Australia",NA,NA,180,90,"Winger; Fullback"
"Q7369016","Rosko Specman","ロスコー・スペックマン","1989-04-28","Makanda",NA,NA,176,85,"Winger"
"Q7369534","Ross Moriarty","ロス・モリアーティ","1994-04-18","England; St Helens; Merseyside",NA,NA,188,103,"Flanker; Number 8"
"Q7375695","Ruan Botha","ルアン・ボタ","1992-01-10","South Africa; Gauteng; Brakpan",NA,NA,202,123,"Lock"
"Q7375697","Ruan Combrinck","ルアン・コンブリンク","1990-05-10","South Africa; KwaZulu-Natal; Vryheid",NA,NA,183,97,"Fullback"
"Q7375702","Ruan Smith","ルアーン スミス","1990-01-24","South Africa; North West (South African province); Vrijpurg",NA,NA,188,123,"Prop"
"Q7377671","Rudy Paige","ルディ・ペイジ","1989-08-02","South Africa; Western Cape; Heidelberg",NA,NA,169,77,"Scrum-Half"
"Q7383990","Ryan Crotty","ライアン・クロッティ","1988-09-23","New Zealand; Nelson",NA,NA,181,94,"Centre"
"Q7384098","Ryan Grant","ライアン・グラント","1985-10-08","Scotland",NA,NA,183,113,"Prop"
"Q7384652","Ryan Wilson","ライアン・ウィルソン","1989-05-18","England; Aldershot",NA,NA,191,106,"Flanker; Number 8"
"Q7385230","Rynier Bernardo","リニーア・ベルナルド","1991-08-27","South Africa; Gauteng; Pretoria",NA,NA,199,112,"Lock"
"Q7392708","SP Marais","エスピー・マレー","1989-03-16","South Africa",NA,NA,185,94,"Winger; Fullback"
"Q7407296","Sam Carter","サム・カーター","1989-09-10","Australia; New South Wales; Kuwarindai",NA,NA,200,116,"Lock"
"Q7407398","Sam Davies","サム・デービス","1993-10-06","Wales; Swansea",NA,NA,180,87,"Fly-Half"
"Q7407597","Sam Hidalgo-Clyne","サム・イダルゴ＝クライン","1993-08-04","Spain; Andalusia; Province of Granada; Granada",NA,NA,175,85,"Scrum-Half"
"Q7407812","Sam Lousi","サム・ラウシ","1991-07-20","New Zealand; Auckland",NA,NA,198,116,"Lock"
"Q7408360","Sam Wykes","サム・ワイクス","1988-04-25","Australia; New South Wales; Sydney",NA,NA,197,111,"Lock"
"Q7410381","Samson Lee","サムソン・リー","1992-11-30","Wales; Swansea",NA,NA,180,115,"Prop"
"Q7410667","Samu Manoa","サム・マノア","1985-03-05","United States; California; Concord",NA,NA,198,127,"Lock; Number 8"
"Q7420275","Santiago Gomez Cora","サンティアゴ・ゴメス・コラ","1978-07-25","Argentina; Buenos Aires",NA,NA,NA,NA,"Fullback"
"Q7420276","Santiago González Iglesias","サンティアゴ・ゴンサレス","1988-06-16","Argentina; Buenos Aires",NA,NA,180,94,"Fly-Half; Centre"
"Q7435941","Scott Baldwin","スコット・ボールドウィン","1988-07-12","Wales; Bridgend",NA,NA,188,110,"Hooker"
"Q7436308","Scott Fardy","スコット ファーディー","1984-07-05","Australia; New South Wales; Sydney",NA,NA,198,116,"Lock; Flanker"
"Q7436372","Scott Fuglistaller","スコット・フグリストーラー","1987-04-16","New Zealand",NA,NA,183,100,"Flanker"
"Q7436840","Scott McLeod","スコット・マクラウド","1973-02-28","Australia; Queensland; Brisbane",NA,NA,191,100,"Centre"
"Q7437264","Scott Sio","スコット・シオ","1991-10-16","Australia; New South Wales; Sydney",NA,NA,187,115,"Prop"
"Q7446727","Seiji Hirao","平尾 誠二","1963-01-21","Japan; Kyoto Prefecture; Kyoto; Minami-ku","2016-10-20",NA,180,79,"Fly-Half; Inside Centre"
"Q7487319","Shalom Suniula","シャローム・スニウラ","1988-06-05","American Samoa; Pago Pago",NA,NA,173,86,"Scrum-Half; Fly-Half; Centre"
"Q7487339","Shalva Mamukashvili","シャルヴァ・マムカシヴィリ","1990-10-02","Georgia (country); Tbilisi",NA,NA,179,102,"Hooker"
"Q7488074","Shane Gates","シェーン・ゲイツ","1992-09-27","South Africa; Eastern Cape; Gqeberha",NA,NA,183,93,"Centre"
"Q7490986","Shaun Treeby","ショーン・トレビー","1989-01-26","New Zealand; New Plymouth",NA,NA,176,90,"Centre"
"Q7490999","Shaun Webb","ウェブ 将武","1981-12-30","Christchurch",NA,NA,181,90,"Fly-Half"
"Q7500091","Shogo Mukai","向井 昭吾","1961-10-02","Ehime Prefecture; Iyo; Ehime",NA,NA,NA,NA,"Fullback"
"Q7518163","Simon Amor","シモン・アモール","1979-04-25","England; London; Royal Borough of Kingston upon Thames",NA,NA,NA,NA,"Scrum-Half; Fly-Half"
"Q7518955","Simon Hickey","サイモン・ヒッキー","1994-12-01","New Zealand; Auckland",NA,NA,174,82,"Fly-Half"
"Q7525385","Sione Kalamafoni","シオネ・カラマフォニ","1988-05-18","Tonga; Matahau",NA,NA,196,121,"Flanker; Number 8"
"Q7531622","Sitaleki Timani","シタレキ・ティマニ","1986-09-19","Tonga",NA,NA,202,118,"Lock; Flanker"
"Q7532494","Siviwe Soyizwapi","シビウェ・ソイズワピ","1992-12-07","South Africa; Eastern Cape; Mthatha",NA,NA,172,75,"Winger; Fullback"
"Q7533339","Siya Kolisi","シヤ・コリシ","1991-06-16","South Africa; Eastern Cape; Gqeberha",NA,NA,188,105,"Flanker; Number 8"
"Q7558690","Solomon King","ソロモン・キング","1985-03-08","New Zealand",NA,NA,189,104,"Flanker"
"Q7613190","Steven Luatua","スティーブン・ルアトゥア","1991-04-29","New Zealand; Auckland",NA,NA,198,114,"Lock; Flanker"
"Q7613228","Steve Mafi","スティーブ・マフィ","1989-12-09","Australia; New South Wales; Fairfield",NA,NA,200,112,"Lock; Flanker"
"Q7614917","Steven Kitshoff","スティーヴン・キッツォフ","1992-02-10","South Africa; Western Cape",NA,NA,184,117,"Prop"
"Q7615402","Steven Yates","イェーツ スティーブン","1983-07-26","New Zealand",NA,NA,186,97,"Fullback"
"Q7626453","Stuart Davies","スチュアート・デイヴィス","1965-09-02","Swansea; Wales",NA,NA,180,77,"Number 8"
"Q7626828","Stuart McInally","スチュアート・マッキナリー","1990-08-09","Scotland; Edinburgh",NA,NA,190,110,"Hooker"
"Q7670502","TJ Ioane","TJ・イアオネ","1989-05-09","Samoa; Motoochua",NA,NA,182,104,"Flanker; Number 8"
"Q7670518","TJ Perenara","TJ・ペレナラ","1992-01-23","New Zealand",NA,NA,184,94,"Scrum-Half; Fly-Half"
"Q7677052","Takahiro Hosokawa","細川 隆弘","1967-04-01","Kyoto Prefecture; Kyoto",NA,NA,NA,NA,"Fullback; Centre"
"Q7679159","Talemaitoga Tuapati","タレマイトンガ・トゥアパティ","1985-08-16","Suva",NA,NA,178,107,"Hooker"
"Q7680952","Tamati Ellison","タマティ・エリソン","1983-04-01","New Zealand; Wellington",NA,NA,183,97,"Centre"
"Q7689255","Tawera Kerr-Barlow","タウェラ・カー＝バーロー","1990-08-15","Australia; Victoria (state); Melbourne",NA,NA,187,91,"Fly-Half"
"Q7697931","Telusa Veainu","テルサ・ベアイヌ","1990-12-26","New Zealand; Kawakawa",NA,NA,180,103,"Fullback"
"Q7701379","Teppei Tomioka","冨岡 鉄平","1977-03-01","Fukuoka Prefecture",NA,NA,NA,NA,"Centre"
"Q7707164","Tevita Kuridrani","テヴィタ・クリンドラニ","1991-03-31","Fiji; Suva",NA,NA,192,102,"Centre; Winger"
"Q7800130","Tian Meyer","ティアン・メイヤー","1988-11-20","South Africa; KwaZulu-Natal; Pietermaritzburg",NA,NA,177,85,"Scrum-Half"
"Q7803136","Tim Bateman","ティム・ベイトマン","1987-06-03","New Zealand; Greymouth",NA,NA,182,91,"Fly-Half; Centre; Fullback"
"Q7804034","Tim Nanai-Williams","ティム・ナナイ＝ウィリアムズ","1989-06-12","New Zealand; Auckland",NA,NA,179,87,"Winger; Centre; Fullback"
"Q7804363","Tim Swinson","ティム・スウィンソン","1987-02-17","England; London",NA,NA,193,116,"Lock; Flanker"
"Q7804443","Tim Walsh","ティム・ウォルシュ","1979-04-10","Australia; Sydney",NA,NA,NA,NA,"Fly-Half"
"Q7811889","Toby Smith","トビー・スミス","1988-10-10","Australia",NA,NA,190,116,"Prop"
"Q7812946","Toetu'u Taufa","タウファ 統悦","1980-10-08","Tonga",NA,NA,183,105,"Number 8; Flanker"
"Q7816724","Tom Marshall","トム・マーシャル","1990-07-05","New Zealand; Auckland",NA,NA,183,91,"Winger; Centre; Fullback"
"Q7817474","Tom Savage","トム・サベッジ","1989-04-18","England; London; London Borough of Havering",NA,NA,197,118,"Lock"
"Q7817789","Tom Taylor","トム・テイラー","1989-03-11","New Zealand; Christchurch",NA,NA,183,90,"Fly-Half; Fullback"
"Q7818134","Tom Youngs","トム・ヤングス","1987-01-28","England; Norwich",NA,NA,175,104,"Hooker; Centre"
"Q7819846","Tommy Seymour","トミー・シーモア","1988-07-01","United States; Tennessee; Nashville",NA,NA,183,93,"Winger; Fullback"
"Q7820086","Tomoaki Taniguchi","谷口 智昭","1982-08-26","Hyōgo Prefecture",NA,NA,193,124,"Lock"
"Q7820149","Tomoki Yoshida","吉田 朋生","1982-02-22","Kyoto Prefecture",NA,NA,172,81,"Scrum-Half"
"Q7820453","Tomás Cubelli","トマス・クベリ","1989-06-12","Argentina; Buenos Aires",NA,NA,177,80,"Scrum-Half"
"Q7820479","Tomás Leonardi","トマス・レオナルディ","1987-07-01","Argentina; Buenos Aires",NA,NA,190,106,"Flanker"
"Q7827263","Torsten van Jaarsveld","トルステン・ファンヤースフェルト","1987-06-30","Namibia; Khomas Region; Windhoek",NA,NA,179,106,"Hooker; Flanker"
"Q7827621","Toshiaki Hirose","廣瀬 俊朗","1981-10-17","Osaka Prefecture",NA,NA,173,68.5,"Winger; Fly-Half"
"Q7839352","Trevor Nyakane","トレヴァー・ニャカネ","1989-05-04","South Africa; Mpumalanga; Bushbuckridge Local Municipality",NA,NA,178,118,"Prop"
"Q7864743","UJ Seuteni","UJ・セウテニ","1993-12-09","Australia; South Australia; Adelaide",NA,NA,185,100,"Fly-Half; Centre; Fullback"
"Q7908231","Vadim Cobîlaș","ワディム・コビラス","1983-07-30","Moldova; Soroka",NA,NA,183,120,"Prop"
"Q7930212","Viliame Veikoso","ヴィリアメ・ヴェイコソ","1982-04-04","Fiji; Suva",NA,NA,184,101,"Hooker"
"Q7954588","WP Nel","WP・ネル","1986-04-30","South Africa; Northern Cape",NA,NA,180,115,"Prop"
"Q7960346","Waisake Naholo","ワイサケ・ナホロ","1991-05-08","Fiji; Sigatoka",NA,NA,186,96,"Winger"
"Q7970584","Warren Whiteley","ワーレン・ホワイトリー","1987-09-18","South Africa",NA,NA,193,106,"Number 8"
"Q8002743","Will Chambers","ウィル・チャンバー","1988-05-26","Australia; Queensland; Brisbane",NA,NA,190,100,"Centre"
"Q8003160","Will Tupou","ウィリアム・トゥポウ","1990-07-20","New Zealand; Auckland",NA,NA,187,101,"Flanker; Centre"
"Q8003749","Willi Heinz","ウィリー・ハインツ","1986-11-24","New Zealand; Christchurch",NA,NA,181,89,"Scrum-Half"
"Q8021926","Willie le Roux","ウィリー・ルルー","1989-08-18","South Africa; Stellenbosch",NA,NA,186,90,"Fullback"
"Q8023559","Wimpie van der Walt","ヴィンピー・ファンデルヴァルト","1989-01-06","South Africa; North West (South African province); Blitz",NA,NA,188,106,"Lock; Flanker"
"Q8056395","Yosuke Ikegaya","池谷 陽輔","1979-08-24","Hiroshima Prefecture; Hiroshima",NA,NA,183,110,"Prop"
"Q8060510","Yuji Matsuo","松尾 雄治","1954-01-20",NA,NA,NA,NA,NA,"Fly-Half; Scrum-Half"
"Q8060679","Yuki Yatomi","矢富 勇毅","1985-02-16","Japan; Kyoto Prefecture; Kyoto",NA,NA,172,82,"Scrum-Half"
"Q8060751","Yukio Motoki","元木 由記雄","1971-08-27","Osaka Prefecture; Higashiōsaka",NA,NA,177,86,"Centre"
"Q8061538","Yuri Kushnarev","ユーリ・クシュナレフ","1985-06-06","Moscow",NA,NA,183,95,"Fly-Half"
"Q8063997","Zachary Test","ザック・テスト","1989-10-13","United States; California; Redwood City",NA,NA,191,86,"Winger; Fullback"
"Q8070441","Zhang Zhiqiang","張志強","1974-12-15","Shandong; Zibo",NA,NA,185,88,"Fly-Half"
"Q8518572","James Marshall","ジェームズ・マーシャル","1990-02-05","New Zealand",NA,NA,186,90,"Fly-Half"
"Q8943845","Lee Ka To Cado","李 卡度Lee Ka To Cado","1991-12-27","British Hong Kong",NA,NA,170,77,"Scrum-Half"
"Q9125861","Yiu Kam Shing Salom",NA,NA,NA,NA,NA,184,82,NA
"Q9142690","Agustín Ormaechea","アグスティン・オルマエチェア","1991-03-08","Uruguay; Montevideo Department; Montevideo",NA,NA,175,80,"Scrum-Half"
"Q9168396","Beka Tsiklauri","ベカ・ツィクラウリ","1989-02-09","Tbilisi; Georgia; Georgia (country)",NA,NA,182,87,"Fullback"
"Q9333985","Rowan Varty","ローワン・ヴァーティ","1986-03-20","England",NA,NA,173,81,"Winger; Fullback"
"Q9354610","Ka-chun Kwok",NA,NA,NA,NA,NA,183,99,NA
"Q10284751","Francisco Fernandes","フランシスコ・フェルナンデス","1985-09-06","Portugal",NA,NA,181,115,"Prop"
"Q10331542","Moisés Duque","モイゼス・ドゥケ","1988-12-11","Brazil; São Paulo (state); São José dos Campos",NA,NA,175,92,"Centre"
"Q10729290","Philip Snyman","フィリップ・スナイマン","1987-03-26","South Africa; Free State (province); Bloemfontein",NA,NA,188,98,"Winger; Centre"
"Q10920060","Rasta Rasivhenge","ラスタ・ラシベンゲ","1986-01-03","South Africa; Gauteng; Johannesburg",NA,NA,NA,NA,NA
"Q11155470","Lappies Labuschagné","ピーター・ラピース・ラブスカフニ","1989-01-11","South Africa; Gauteng; Pretoria",NA,NA,189,107,"Flanker"
"Q11291273","Takitaki Elone","タキタキ エロネ","1985-04-07","Tonga",NA,NA,183,114,"Prop"
"Q11300762","Glen Marsh","グレン マーシュ","1972-08-12","Rotorua",NA,NA,NA,NA,"Flanker"
"Q11300814","Masatake Kusatsu",NA,NA,NA,NA,NA,192,118,NA
"Q11305226","Sam Kaleta","サム カレタ","1966-03-09","Samoa",NA,NA,NA,NA,"Flanker"
"Q11309756","Justin Ives","アイブス ジャスティン","1984-05-24","New Zealand; Dunedin",NA,NA,196,105,"Lock"
"Q11320981","Deryck Thomas","トーマス 優デーリックデニイ","1985-04-08","Fiji; Suva",NA,NA,193,115,"Lock"
"Q11336368","Hayden Hopgood","ヘイデン ホップグッド","1980-07-30","Dunedin",NA,NA,190,110,"Flanker"
"Q11338009","Koliniasi Holani","ホラニ 龍コリニアシ","1981-10-25","Tonga; Nukuʻalofa",NA,NA,187,115,"Number 8; Flanker"
"Q11350645","Lopeti Oto","ロペティ オト","1971-11-02","Tonga",NA,NA,NA,NA,"Winger"
"Q11359293","Kōta Kamimura","上村 康太","1980-09-02","Tokyo; Suginami",NA,NA,180,90,"Flanker"
"Q11359827","Akio Ueda","上田 昭夫","1952-10-21","Japan; Tokyo","2015-07-23",NA,160,60,"Scrum-Half"
"Q11368939","Tatsuya Kusumi","久住 辰也","1981-03-20","Osaka Prefecture",NA,NA,180,82,"Winger"
"Q11372691","Ryō Gorōmaru","五郎丸 亮","1984-07-06","Fukuoka Prefecture; Fukuoka",NA,NA,178,95,"Hooker"
"Q11373449","Masakatsu Iguchi","井口 雅勝","1949-11-26","Kyoto Prefecture",NA,NA,175,80,"Fly-Half"
"Q11377121","Yuta Imamura","今村 雄太","1984-10-31","Japan; Mie Prefecture; Yokkaichi",NA,NA,178,93,"Centre"
"Q11377268","Kiyoshi Imaizumi","今泉 清","1967-09-13","Ōita Prefecture; Ōita (city)",NA,NA,NA,NA,"Fullback"
"Q11377465","Kenji Imakoma","今駒 憲二","1965-05-03","Kanagawa Prefecture",NA,NA,NA,NA,"Centre"
"Q11380030","Hiroaki Itō","伊藤 宏明","1975-11-17","Osaka Prefecture",NA,NA,170,75,"Fly-Half"
"Q11380475","Shōji Itō","伊藤 鐘史","1980-12-02","Hyōgo Prefecture; Kobe",NA,NA,191,100,"Lock; Flanker; Number 8"
"Q11382437","Takamichi Sasaki","佐々木 隆道","1983-10-30","Japan; Osaka Prefecture; Osaka",NA,NA,184,95,"Number 8; Flanker"
"Q11383749","Tsuyoshi Satō","佐藤 剛","1977-07-16","Saitama Prefecture; Sōka",NA,NA,197,120,"Lock"
"Q11383956","Mikio Satō","佐藤 幹夫","1979-11-12","Kanagawa Prefecture",NA,NA,181,100,"Flanker; Number 8"
"Q11388980","Masakazu Irie","入江 順和","1981-09-30","Fukuoka Prefecture",NA,NA,172,78,"Fly-Half"
"Q11397206","Shōhei Maekawa","前川 鐘平","1988-09-08","Japan; Osaka Prefecture; Osaka",NA,NA,178,94,"Flanker"
"Q11397737","Tatsuya Maeda","前田 達也","1968-09-23","Osaka Prefecture",NA,NA,NA,NA,"Fly-Half; Centre"
"Q11401588","Toshizumi Kitagawa","北川 俊澄","1981-02-07","Kyoto Prefecture; Kyoto",NA,NA,195,110,"Lock"
"Q11401594","Yūji Kitagawa","北川 勇次","1986-08-11","Osaka Prefecture",NA,NA,195,106,"Lock"
"Q11401637","Tomoki Kitagawa","北川 智規","1983-07-25","Kyoto Prefecture",NA,NA,174,80,"Winger"
"Q11402262","Jun'ichi Hōjō","北條 純一","1977-05-20","Iwate Prefecture; Ōshū; Iwate",NA,NA,178,82,"Winger"
"Q11405737","Michihito Chida","千田 美智仁","1958-12-22","Iwate Prefecture; Kitakami; Iwate",NA,NA,183,93,"Lock; Number 8; Flanker"
"Q11410293","Hiraku Tomoigawa","友井川 拓","1984-11-25","Kanagawa Prefecture",NA,NA,168,70,"Right Winger; Scrum-Half"
"Q11413606","Kōjirō Yoshida","吉田 光治郎","1988-05-25","Osaka Prefecture",NA,NA,178,102,"Flanker"
"Q11413736","Takashi Yoshida","吉田 尚史","1975-05-11","Nagasaki Prefecture",NA,NA,181,80,"Fullback"
"Q11413860","Akira Yoshida","吉田 明","1971-08-13","Kyoto Prefecture",NA,NA,NA,NA,"Centre"
"Q11414081","Hideyuki Yoshida","吉田 英之","1977-03-03","Gunma Prefecture",NA,NA,182,85,"Fly-Half; Fullback; Centre"
"Q11414359","Toshirō Yoshino","吉野 俊郎","1960-09-05","Ibaraki Prefecture",NA,NA,NA,NA,"Winger; Centre"
"Q11418105","Kōji Wada","和田 耕二","1985-04-14","Fukuoka Prefecture",NA,NA,173,78,"Winger; Scrum-Half"
"Q11419859","Yōhei Shinomiya","四宮 洋平","1978-12-08","Kanagawa Prefecture; Kawasaki; Kanagawa; Nakahara-ku",NA,NA,180,85,"Winger; Fullback"
"Q11425506","Yoshihiro Sakata","坂田好弘","1942-09-26","Osaka Prefecture",NA,NA,NA,NA,"Winger"
"Q11425524","Masaaki Sakata","坂田 正彰","1972-11-25","Kyoto Prefecture; Nagaokakyō; Kyoto",NA,NA,180,99,"Hooker"
"Q11426179","Yūki Kido","城戸 雄生","1986-12-21","Hyōgo Prefecture",NA,NA,181,83,"Winger; Fullback"
"Q11427798","Masami Horikoshi","堀越 正己","1968-11-27","Saitama Prefecture; Kumagaya",NA,NA,NA,NA,"Scrum-Half"
"Q11429152","Terunori Masuho","増保 輝則","1972-01-26","Tokyo",NA,NA,NA,NA,"Winger"
"Q11432047","Naoya Okubo","大久保直弥","1975-09-27","Kanagawa Prefecture; Kawasaki; Kanagawa",NA,NA,188,100,"Flanker; Lock"
"Q11438850","Shōtarō Ōnishi","大西 将太郎","1978-11-18","Osaka Prefecture",NA,NA,180,90,"Centre"
"Q11441787","Takaaki Ōkuma","大隈 隆明","1982-09-24","Osaka Prefecture; Hirakata",NA,NA,170,85,"Flanker"
"Q11449612","Takehisa Usuzuki","宇薄 岳央","1985-09-28","Osaka Prefecture",NA,NA,186,92,"Fullback"
"Q11451334","Eiji Ando","安藤 栄次","1982-05-14","Saitama Prefecture",NA,NA,169,80,"Fly-Half; Centre"
"Q11453517","Katsumi Miyaji","宮地 克実","1941-03-10","Osaka Prefecture",NA,NA,NA,NA,"Prop"
"Q11454805","Katsufumi Miyamoto","宮本 勝文","1966-03-19","Osaka Prefecture",NA,NA,NA,NA,"Flanker"
"Q11454917","Kenji Miyamoto","宮本 賢二","1987-11-28","Fukuoka Prefecture",NA,NA,172,78,"Centre"
"Q11455646","Hiroaki Shukuzawa","宿沢 広朗","1950-09-01","Saitama Prefecture","2006-06-17",NA,160,NA,"Scrum-Half"
"Q11458065","Hiroshi Teranishi","寺西 博","1935-02-08","Hokkaido",NA,NA,NA,NA,"Centre"
"Q11463331","Jin Ogasawara","小笠原 仁","1983-05-07","Shiga Prefecture",NA,NA,180,86,"Winger"
"Q11465673","Yagi Binjamin Ray","屋宜 ベンジャミンレイ","1988-03-05","Japan; Okinawa Prefecture; Uruma",NA,NA,174,83,"Winger; Fullback"
"Q11466117","Ryōhei Yamanaka","山中 亮平","1988-06-22","Japan; Osaka Prefecture; Osaka; Suminoe-ku",NA,NA,188,98,"Fly-Half; Fullback"
"Q11466425","Tomokazu Yamauchi","山内 智一","1977-03-29","Iwate Prefecture; Miyako; Iwate",NA,NA,178,82,"Winger; Centre"
"Q11466509","Masanobu Yamauchi","山内 雅延","1984-09-24","Tokyo; Setagaya",NA,NA,175,115,"Prop"
"Q11467486","Takatoyo Yamaguchi","山口 貴豊","1977-11-09","Iwate Prefecture",NA,NA,180,88,"Flanker"
"Q11469150","Masahito Yamamoto","山本 正人","1978-05-29","Aichi Prefecture; Nagoya",NA,NA,NA,NA,"Prop"
"Q11469268","Hidefumi Yamamoto","山本 秀文","1984-07-24","Fukuoka Prefecture",NA,NA,185,94,"Winger"
"Q11469560","Naoto Yamane","山根 有人","1987-12-28","Hokkaido",NA,NA,189,89,"Number 8; Lock"
"Q11470597","Akihito Yamada","山田 章仁","1985-07-26","Japan; Fukuoka Prefecture; Kitakyushu",NA,NA,181,90,"Winger"
"Q11475842","Reo Kishiwada","岸和田 玲央","1987-01-18","Hyōgo Prefecture; Takarazuka; Hyōgo",NA,NA,180,86,"Centre"
"Q11477709","Naoki Kawamata","川俣 直樹","1985-10-31","Japan; Tokyo",NA,NA,184,118,"Prop"
"Q11478086","Reo Kawai","川合 レオ","1974-03-13","Tokyo",NA,NA,183,87,"Centre"
"Q11483125","Taizō Hirabayashi",NA,"1975-04-24",NA,NA,NA,NA,NA,"Scrum-Half; Winger"
"Q11483218","Koji Taira","平 浩二","1983-01-12","Nagasaki Prefecture",NA,NA,185,96,"Centre"
"Q11486382","Taku Hirosawa","廣澤 拓","1986-09-10","Tochigi Prefecture; Haga District; Tochigi; Mashiko",NA,NA,192,108,"Lock"
"Q11488597","Shōta Gotō","後藤 翔太","1983-01-07","Ōita Prefecture; Ōita (city)",NA,NA,NA,NA,"Scrum-Half"
"Q11495484","Angduk Sung","成 昂徳","1983-04-28","Hyōgo Prefecture",NA,NA,170,110,"Prop"
"Q11495709","Shūetsu Narita","成田 秀悦","1984-08-29","Akita Prefecture; Oga; Akita",NA,NA,169,74,"Winger; Scrum-Half"
"Q11497253","Yajiro Ori","打矢 二郎",NA,NA,NA,NA,NA,NA,"Flanker"
"Q11499916","Takaya Monji","文字 隆也","1988-03-31","Kyoto Prefecture",NA,NA,173,85,"Fly-Half"
"Q11505186","Atsushi Hiwasa","日和佐 篤","1987-05-22","Japan; Hyōgo Prefecture; Kobe",NA,NA,166,72,"Scrum-Half"
"Q11515288","Yoshinori Sogabe","曽我部 佳憲","1984-05-06","Osaka Prefecture",NA,NA,178,77,"Fly-Half"
"Q11521646","Eiji Kutsuki","朽木 英次","1962-12-25","Fukui Prefecture",NA,NA,NA,NA,"Centre"
"Q11522577","Li Yang","李 陽","1984-09-29","Gansu; Lanzhou",NA,NA,178,83,"Winger"
"Q11523396","Wataru Murata","村田 亙","1968-01-25","Japan; Fukuoka Prefecture; Fukuoka; Jōnan-ku",NA,NA,172,75,"Scrum-Half"
"Q11531935","Manabu Matsuse",NA,NA,NA,NA,NA,NA,NA,NA
"Q11532009","Tsutomu Matsuda","松田 努","1970-04-30","Saitama Prefecture",NA,NA,180,85,"Winger; Fullback"
"Q11537567","Yūsaku Kuwazuru","桑水流 裕策","1985-10-23","Kagoshima Prefecture; Kagoshima",NA,NA,188,97,"Flanker"
"Q11538049","Yoshihiko Sakuraba","桜庭 吉彦","1966-09-22","Akita Prefecture",NA,NA,NA,NA,"Lock"
"Q11542281","Tarō Kenjō","権丈 太郎","1986-01-09","Fukuoka Prefecture",NA,NA,185,100,"Lock; Flanker; Number 8"
"Q11543834","Shunji Hashimoto","橋本","1978-07-01","Osaka; Hirano-ku",NA,NA,165,60,"Scrum-Half"
"Q11545722","Kenji Shōmen","正面 健司","1983-05-01","Osaka Prefecture; Moriguchi; Osaka",NA,NA,175,85,"Fullback"
"Q11547820","Hirotaka Ujino","氏野 博隆","1955-01-23","Osaka Prefecture",NA,NA,170,NA,"Winger"
"Q11552016","Wataru Ikeda","池田 渉","1975-11-17","Miyagi Prefecture; Higashimatsushima",NA,NA,172,76,"Scrum-Half"
"Q11557404","Ryōta Asano","浅野 良太","1979-09-25","Chiba Prefecture",NA,NA,183,97,"Lock; Flanker; Number 8"
"Q11561936","Tamotsu Tokaiya","渡海谷 保","1981-05-20","Osaka Prefecture",NA,NA,171,90,"Centre"
"Q11563485","Hiroki Yuhara","湯原 祐希","1984-01-21","Chiba Prefecture; Inzai","2020-09-29",NA,173,110,"Hooker"
"Q11566450","Hayato Sezaki","瀬崎 隼人","1980-01-21","Aomori Prefecture",NA,NA,182,93,"Winger"
"Q11568796","Takanori Kumagae","熊谷 皇紀","1978-05-31","Fukuoka Prefecture",NA,NA,193,103,"Lock"
"Q11572281","Shigeaki Gen","玄 成哲","1985-01-19","Osaka Prefecture",NA,NA,189,105,"Lock"
"Q11574161","Yasuharu Uryū","瓜生 靖治","1980-01-07","Fukuoka Prefecture",NA,NA,176,78,"Winger"
"Q11575305","Yūsuke Tanaka","田中 優介","1984-09-22","Kanagawa Prefecture",NA,NA,185,97,"Winger; Centre"
"Q11576207","Masanori Takura","田倉 政憲","1966-09-30","Kyoto Prefecture",NA,NA,NA,NA,"Prop"
"Q11577089","Hiroyuki Tanuma","田沼 広之","1973-05-24","Kanagawa Prefecture",NA,NA,193,90,"Lock"
"Q11582509","Tomokazu Sōma","相馬 朋和","1977-06-05","Japan; Kanagawa Prefecture",NA,NA,183,122,"Prop"
"Q11584645","Tomoo Chiba","知葉友雄","1905-06-02",NA,"1974-04-13",NA,172,69,NA
"Q11585763","Yasuhiko Ishikawa","石川 安彦","1976-01-28","Yamanashi Prefecture",NA,NA,NA,NA,"Winger"
"Q11587969","Masaaki Isooka","磯岡 正明","1983-03-21","Fukuoka Prefecture",NA,NA,187,97,"Number 8"
"Q11597887","Goshi Tachikawa","立川 剛士","1976-11-25","Saga Prefecture",NA,NA,181,94,"Fullback"
"Q11598676","Shōhei Takeshita","竹下 祥平","1989-05-06","Fukuoka Prefecture; Fukuoka",NA,NA,177,85,"Winger; Fullback"
"Q11599778","Kenji Kasai","笠井 建志","1976-06-07","Tokyo",NA,NA,184,118,"Prop"
"Q11599816","Tsunehiko Kasahara",NA,"1911-07-18","Japan; Tokyo Prefecture (1868–1943); Tokyo City; Koishikawa Ward","1989-04-11",NA,NA,NA,NA
"Q11599850","Yūta Kasahara","笠原 雄太","1984-09-30","Japan; Hokkaido; Hakodate",NA,NA,186,108,"Lock; Flanker"
"Q11603495","Masahiro Tsuiki","築城 昌拓","1983-07-26","Fukuoka Prefecture",NA,NA,176,88,"Winger"
"Q11603650","Koji Shinozuka","篠塚 公史","1983-07-13","Saitama Prefecture; Kumagaya",NA,NA,196,105,"Lock; Flanker"
"Q11616091","Yūji Sonoda","苑田 右二","1973-07-05","Osaka Prefecture; Hirakata",NA,NA,NA,NA,"Scrum-Half"
"Q11624711","Tsuyoshi Fujita","藤田 剛","1961-01-27","Osaka Prefecture",NA,NA,NA,NA,"Hooker"
"Q11624826","Nozomu Fujita","藤田 望","1984-10-02","Saitama Prefecture",NA,NA,192,125,"Tighthead Prop"
"Q11627356","Tadasuke Nishihara","西原 忠佑","1988-01-02","Osaka Prefecture",NA,NA,184,105,"Flanker"
"Q11631229","Q11631229","許 雄","1985-01-13","South Korea",NA,NA,185,116,"Prop"
"Q11634029","Masakazu Toyota","豊田 将万","1986-05-15","Fukuoka Prefecture",NA,NA,189,108,"Number 8"
"Q11638245","Yutaka Tsujimoto","辻本 裕","1975-07-24","Osaka Prefecture",NA,NA,NA,NA,"Hooker"
"Q11638345","Takashi Tsuji","辻 高志","1977-04-24","Ibaraki Prefecture",NA,NA,NA,NA,"Scrum-Half"
"Q11644702","Yasumasa Shigemitsu","重光 泰昌","1980-01-06","Japan; Kyoto Prefecture",NA,NA,174,82,"Fly-Half"
"Q11645655","Naoya Nomura","野村 直矢","1983-11-03","Japan; Saitama Prefecture; Fukaya; Saitama",NA,NA,179,84,"Fly-Half; Centre"
"Q11647618","Ryō Kanazawa","金澤 良","1981-07-13","Osaka Prefecture",NA,NA,174,86,"Centre"
"Q11649129","Hidemaru Suzuki","鈴木秀丸","1907-10-30",NA,"1984-11-24",NA,160,70,"Centre"
"Q11653134","Yusuke Nagae","長江 有祐","1985-07-19","Japan; Gifu Prefecture; Tajimi",NA,NA,171,108,"Prop"
"Q11653834","Shin Hasegawa","長谷川 慎","1972-03-31","Kyoto Prefecture; Kyoto",NA,NA,NA,NA,"Prop"
"Q11657779","Hironori Abe","阿部 博典","1984-09-15","Iwate Prefecture; Shiwa; Iwate",NA,NA,NA,NA,"Centre"
"Q11659567","Hideki Nanba","難波英樹","1976-07-08","Kanagawa Prefecture",NA,NA,178,84,"Centre"
"Q11660149","Hitoshi Matsumoto","松本 仁志","1993-09-29","Japan; Nara Prefecture",NA,NA,179,92,"Centre"
"Q11661635","Yusuke Aoki","青木 佑輔","1983-06-19","Tokyo; Machida",NA,NA,176,95,"Hooker"
"Q11667050","Kōshirō Shutō","首藤 甲子郎","1984-05-05","Ōita Prefecture",NA,NA,163,75,"Winger"
"Q11677606","Ippei Asada","麻田 一平","1980-06-26","Japan; Osaka Prefecture",NA,NA,NA,NA,"Scrum-Half"
"Q11722570","Jan Serfontein","ジャン・サーフォンテイン","1993-04-15","South Africa; Eastern Cape; Gqeberha",NA,NA,187,97,"Centre"
"Q11728764","Juan Diego Ormaechea","フアン・ディエゴ・オルマエチェア","1989-01-28","Uruguay; Montevideo Department; Montevideo",NA,NA,182,100,"Flanker; Number 8"
"Q11837692","Yacouba Camara","ヤクーバ・カマラ","1994-06-02","France; Seine-Saint-Denis; Aubervilliers",NA,NA,195,110,"Flanker"
"Q13530415","Michael Broadhurst","ブロードハースト マイケル","1986-10-30","New Zealand; Gisborne",NA,NA,196,110,"Number 8; Flanker"
"Q13579186","Hisateru Hirashima","平島 久照","1983-01-15","Japan; Kumamoto Prefecture; Kumamoto",NA,NA,181,110,"Prop"
"Q13933304","Fred Zeilinga","フレッド・ゼイリンガ","1992-12-11","South Africa; Free State (province); Bloemfontein",NA,NA,175,82,"Fly-Half"
"Q14192201","Frans Ludeke","フラン・ルディケ","1968-04-24","South Africa; Polokwane",NA,NA,NA,NA,"Flanker; Number 8"
"Q14372315","Mako Vunipola","マコ・ヴニポラ","1991-01-14","New Zealand; Wellington",NA,NA,180,122,"Prop"
"Q14979115","Louis Schreuder","ルイ・シュラウダー","1990-04-25","South Africa; Western Cape; Paarl",NA,NA,184,82,"Scrum-Half"
"Q15072130","Evgeny Matveev","イゴール・ガリノフスキー","1984-04-15","Russia; Penza",NA,NA,187,102,"Hooker"
"Q15119090","Billy Vunipola","ビリー・ヴニポラ","1992-11-03","Australia; New South Wales; Sydney",NA,NA,188,130,"Number 8"
"Q15140706","Tommaso Allan","トンマーゾ・アラン","1993-04-26","Italy; Veneto; Province of Vicenza; Vicenza",NA,NA,184,91,"Fly-Half; Fullback"
"Q15185698","Michele Campagnaro","ミケーレ・カンパニャーロ","1993-03-13","Italy; Lombardy; Province of Milan; Milan",NA,NA,183,94,"Centre"
"Q15618653","Harumichi Tatekawa","立川 理道","1989-12-02","Japan; Nara Prefecture; Tenri; Nara",NA,NA,181,94,"Fly-Half; Centre"
"Q15622330","Waisea Nayacalevu","ワイセア・ナヤザレヴ","1990-06-26","Fiji; Navua",NA,NA,193,105,"Winger; Centre"
"Q15653152","Josua Tuisova","チョスア・トゥイソヴァ","1994-02-04","Fiji",NA,NA,180,108,"Winger; Centre"
"Q15712719","Henry Thomas","ヘンリー・トーマス","1991-10-30","England; Royal Borough of Kingston upon Thames",NA,NA,185,120,"Prop"
"Q15731077","Jack Nowell","ジャック・ノーウェル","1993-04-11","England; Truro",NA,NA,180,98,"Winger"
"Q15736032","Handré Pollard","ハンドレ・ポラードHandré Pollard","1994-03-11","South Africa; Western Cape",NA,NA,188,95,"Fly-Half"
"Q15968561","Shane O'Leary","シェーン・オリアリー","1993-03-12","Republic of Ireland; County Cork; Cork (city)",NA,NA,178,90,"Fly-Half"
"Q15973427","Cyril Baille","シリル・バイユ","1993-09-15","France; Pau; Pyrénées-Atlantiques",NA,NA,182,116,"Prop"
"Q16011219","Chris Farrell","クリス・ファレル","1993-03-16","Northern Ireland; County Antrim; Belfast",NA,NA,191,110,"Centre"
"Q16057918","Mark Abbott","マーク・アボット","1990-02-20","New Zealand; Christchurch",NA,NA,197,112,"Lock"
"Q16058179","Tim Agaba","ティム・アガバ","1989-07-23","Uganda; Kampala District; Kampala",NA,NA,193,106,"Flanker; Number 8"
"Q16148739","Lukhanyo Am","ルカニョ・アム","1993-11-28","South Africa; Qonce",NA,NA,186,93,"Centre"
"Q16150064","Tyler Ardron","タイラー・アードロン","1991-06-16","Canada; Ontario; Peterborough",NA,NA,194,110,"Lock"
"Q16150710","Rory Arnold","ローリー・アーノルド","1990-07-01","Australia; New South Wales; Wagga Wagga",NA,NA,208,120,"Lock"
"Q16187337","Nofomuli Taumoefolau","ノフォムリ タウモエフォラウ","1956-06-12","Tonga",NA,NA,NA,NA,"Winger"
"Q16196027","Rob Gordon","ロバート・ゴードン","1965-08-07","New Zealand",NA,NA,NA,NA,"Flanker"
"Q16196601","Simon Middleton","サイモン・ミドルトン","1966-02-02","West Yorkshire; Nottingley",NA,NA,NA,NA,"Winger"
"Q16198056","Marty Banks","マーティー・バンクス","1989-09-19","New Zealand",NA,NA,191,94,"Fly-Half; Fullback"
"Q16200426","Fraser Brown","フレーザー・ブラウン","1989-06-20","Scotland; Edinburgh",NA,NA,182,113,"Hooker; Flanker"
"Q16202959","Tetaz Chaparro","ナウエル・テタス・チャパロ","1989-06-11","Argentina",NA,NA,187,118,"Prop"
"Q16210351","Rohan Janse van Rensburg","ローハン・ヤンセ・ファンレンズバーグ","1994-09-11","South Africa; Free State (province); Welkom",NA,NA,185,108,"Centre"
"Q16210506","Vincent Koch","ヴィンセント・コッホ","1990-05-13","South Africa; KwaZulu-Natal; Empangeni",NA,NA,185,118,"Prop"
"Q16212076","Jacques van Rooyen","ジャックス・ヴァンローエン","1986-10-24","South Africa; Gauteng; Pretoria",NA,NA,186,122,"Prop"
"Q16212120","Henco Venter","ヘンコ・フェンター","1992-03-27","South Africa; Free State (province); Bloemfontein",NA,NA,193,113,"Number 8; Flanker"
"Q16212500","Heiden Bedwell-Curtis","ヘイデン・ベッドウェル＝カーティス","1991-06-25","New Zealand; Christchurch",NA,NA,194,108,"Flanker; Number 8"
"Q16212512","Tolu Latu","トル・ラトゥ","1993-02-23","Tonga; Nukuʻalofa",NA,NA,175,110,"Hooker"
"Q16212692","Ben Toolis","ベン・トゥーリス","1992-03-31","Australia; Queensland; Brisbane",NA,NA,200,119,"Lock"
"Q16212765","Mark Bennett","マーク・ベネット","1993-02-03","Irvine; North Ayrshire",NA,NA,183,91,"Centre"
"Q16214508","Tabai Matson","タンバイ・マットソン","1973-05-14","Fiji",NA,NA,192,104,"Centre"
"Q16221824","Humphrey Kayange","ハンフリー・カヤンゲ","1982-07-20","Nairobi",NA,NA,198,105,"Centre; Fullback"
"Q16222406","Malakai Ravulo","マラカイ・ラヴロ","1983-09-22","Fiji",NA,NA,190,107,"Flanker"
"Q16222516","Pieter-Jan van Lill","PJ・ヴァンリー","1983-12-04","Namibia; Karas Region; Keetmanshoop",NA,NA,193,117,"Flanker; Number 8"
"Q16223178","Itaru Taniguchi","谷口 到","1984-10-01","Japan; Ibaraki Prefecture; Naka; Ibaraki",NA,NA,188,105,"Number 8"
"Q16223328","Oh Youn-hyung","呉潤衡","1984-10-29","South Korea",NA,NA,178,78,"Fly-Half"
"Q16223479","Florin Surugiu","フロリン・スルジュ","1984-12-10","Romania; Bucharest",NA,NA,169,71,"Scrum-Half"
"Q16223701","Davit Kacharava","ダヴィト・カチャラヴァ","1985-01-16","Georgia (country); Tbilisi",NA,NA,185,100,"Centre"
"Q16229940","Patrick Butler","パディ・バトラー","1990-12-01","Republic of Ireland; County Tipperary",NA,NA,191,107,"Flanker; Number 8"
"Q16230108","Jack Carty","ジャック・カーティー","1992-08-31","Republic of Ireland; County Westmeath; Athlone",NA,NA,181,88,"Fly-Half"
"Q16231444","Tim Mikkelson","ティム・ミケルセン","1986-08-13","New Zealand",NA,NA,194,101,"Winger; Fullback"
"Q16231454","Morrison Mong","モリソン・モング","1986-09-22",NA,NA,NA,175,NA,"Fly-Half"
"Q16231657","Chris Eves","クリス・イーヴズ","1987-12-11","New Zealand",NA,NA,188,118,"Prop"
"Q16231871","Hadleigh Parkes","ハドレー・パークス","1987-10-05","New Zealand; Huntersville",NA,NA,187,101,"Fly-Half; Winger; Centre"
"Q16231937","Male Sa'u","マレ・サウ","1987-10-13","New Zealand; Auckland",NA,NA,183,97,"Centre; Fly-Half"
"Q16231991","Alexander Todua","アレクサンドレ・トドゥア","1987-11-02","Georgia (country); Tbilisi",NA,NA,183,92,"Winger; Centre; Fullback"
"Q16232028","Joe Wheeler","ジョー・ウィーラー","1987-10-20","Christchurch",NA,NA,200,114,"Lock"
"Q16232393","John Ryan","ジョン・ライアン","1988-08-02","Republic of Ireland; County Cork; Cork (city)",NA,NA,183,120,"Prop"
"Q16232425","Sila Puafisi","シラ・プアフィシ","1988-04-15","Tonga",NA,NA,185,135,"Prop"
"Q16232563","Daniel Faleafa","ダニエル・ファレアファ","1989-02-13","New Zealand; Auckland",NA,NA,195,108,"Lock; Flanker"
"Q16232630","James Hilterbrand","ジェームズ・ヒルターブランド","1989-05-21","Australia; South Australia; Adelaide",NA,NA,184,108,"Prop; Hooker"
"Q16232677","Belgium Tuatagaloa","ベルジウム・トゥアタガロア","1989-09-19","New Zealand; Auckland",NA,NA,181,115,"Prop"
"Q16232737","Jamie Mackenzie","ジェイミー・マッケンジー","1989-02-28","Canada; Ontario; Oakville",NA,NA,173,89,"Scrum-Half"
"Q16232797","Dean Muir","ディーン・ミュアー","1989-02-06","South Africa; KwaZulu-Natal; Durban",NA,NA,181,108,"Hooker"
"Q16232800","Duncan Taylor","ダンカン・テイラー","1989-09-05","England; Northampton",NA,NA,189,92,"Winger; Centre; Fullback"
"Q16233064","Liam Coltman","リアム・コルトマン","1990-01-25","New Zealand; New Plymouth",NA,NA,185,109,"Hooker"
"Q16233075","Simon Berghan","シモン・ベルクハーン","1990-12-07","New Zealand; Christchurch",NA,NA,193,126,"Prop"
"Q16233083","Gareth Davies","ガレス・デーヴィス","1990-08-18","Wales; Carmarthen",NA,NA,178,88,"Scrum-Half"
"Q16233109","Matt Duffie","マット・ダフィー","1990-08-16","New Zealand; Christchurch",NA,NA,192,95,"Winger; Fullback"
"Q16233151","Piers Francis","ピアース・フランシス","1990-06-20","England; Gravesend",NA,NA,183,90,"Centre"
"Q16233152","Tom Franklin","トム・フランクリン","1990-08-11","New Zealand; Opotiki",NA,NA,200,110,"Lock"
"Q16233222","Rob Herring","ロブ・ハーリング","1990-04-27","South Africa; Western Cape; Cape Town",NA,NA,185,102,"Hooker"
"Q16233367","Marco Fuser","マルコ・フゼル","1991-03-09","Italy; Veneto; Province of Treviso; Villorba",NA,NA,198,122,"Lock"
"Q16233399","Craig Millar","クレイグ・ミラー","1990-10-29","New Zealand; Dunedin",NA,NA,186,116,"Prop"
"Q16233482","Sam Prattley","サム・プラットリー","1990-01-16","New Zealand; Blenheim",NA,NA,196,116,"Prop"
"Q16233491","John Quill","ジョン・クィル","1990-03-10","Republic of Ireland; County Cork; Youghal",NA,NA,188,100,"Flanker"
"Q16233718","Adam Coleman","アダム・コールマン","1991-10-07","Australia; Tasmania; Hobart",NA,NA,206,122,"Lock"
"Q16233844","Jeff Hassler","ジェフ・ハスラー","1991-08-21","Canada; Alberta; Calgary",NA,NA,178,99,"Winger; Centre"
"Q16233881","John-Roy Jenkinson","ジョン＝ロイ・ジェンキンソン","1991-03-26","South Africa; Western Cape; Worcester",NA,NA,181,120,"Prop"
"Q16233918","Seamus Kelly","シーマス・ケリー","1991-05-30","United States; New York (state); New York City",NA,NA,181,92,"Centre"
"Q16233943","Chris Kuridrani","クリス・クリンドラニ","1991-12-12","Australia; Queensland; Brisbane",NA,NA,189,100,"Winger"
"Q16234008","Charlie Matthews","チャールズ・マシュー","1991-07-23","England; London; Royal Borough of Kingston upon Thames",NA,NA,202,121,"Lock"
"Q16234070","Ruhan Nel","ルーハン・ネル","1991-05-17","South Africa; Eastern Cape; Gqeberha",NA,NA,191,97,"Winger; Centre; Fullback"
"Q16234072","Maritino Nemani","マリティノ・ネマニ","1991-05-24","Fiji",NA,NA,181,100,"Winger; Centre"
"Q16234209","Liam Squire","リアム・スクワイア","1991-03-20","New Zealand; Palmerston North",NA,NA,196,113,"Flanker"
"Q16234234","Sonatane Takulua","ソナタネ・タクルア","1991-01-11","Tonga; Rapaha; Lapaha",NA,NA,176,95,"Scrum-Half"
"Q16234312","Brad Weber","ブラッド・ウェバー","1991-01-17","New Zealand; Napier",NA,NA,172,75,"Scrum-Half"
"Q16234481","Elliot Daly","エリオット・デイリー","1992-10-08","England; London; Croydon",NA,NA,184,98,"Winger; Centre; Fullback"
"Q16234621","Bryce Hegarty","ブライス・ヘガティ","1992-08-28","Australia; Brisbane",NA,NA,185,92,"Fly-Half; Fullback"
"Q16234630","Cory Hill","コリー・ヒル","1992-02-10","Wales; Maeshikodo; Maesycoed",NA,NA,196,117,"Lock; Flanker"
"Q16234713","Marika Koroibete",NA,NA,NA,NA,NA,NA,NA,NA
"Q16234744","Stephan Lewies","ステファン・ルイス","1992-01-27","South Africa; Gauteng; Pretoria",NA,NA,198,113,"Lock"
"Q16234758","James Lowe","ジェームズ・ロウ","1992-07-08","New Zealand; Nelson",NA,NA,188,105,"Winger; Fullback"
"Q16234852","Peter Nelson","ピーター・ネルソン","1992-10-05","Northern Ireland; Dungannon",NA,NA,183,99,"Fullback"
"Q16234943","Semi Radradra","セミ・ランドランドラ","1992-06-13","Fiji; Suva",NA,NA,190,110,"Winger; Centre; Fullback"
"Q16234993","Niall Scannell","ニール・スカネル","1992-04-08","Republic of Ireland; County Cork; Cork (city)",NA,NA,185,110,"Hooker"
"Q16234998","Paul Schoeman","ポール・スクーマン","1992-12-19","South Africa",NA,NA,190,110,"Flanker; Number 8"
"Q16235024","Will Skelton","ウィル・スケルトン","1992-05-03","Auckland",NA,NA,202,140,"Lock"
"Q16235043","Ben Spencer","ベン・スペンサー","1992-07-31","England; Stockport",NA,NA,178,86,"Scrum-Half"
"Q16235076","Jordan Taufua","ジョーダン・タウフア","1992-01-29","New Zealand; Auckland",NA,NA,185,115,"Flanker; Number 8"
"Q16235117","Hencus van Wyk","ヘンカス・ファン・ヴィック","1992-03-02","South Africa; Gauteng; Nigel",NA,NA,183,115,"Prop"
"Q16235302","Santiago Cordero","サンティアゴ・コルデロ","1993-12-06","Argentina; Buenos Aires",NA,NA,175,83,"Winger; Fullback"
"Q16235393","Justin Geduld","ジャスティン・ゲドゥルト","1993-10-01","South Africa; Western Cape; Cape Town",NA,NA,175,70,"Centre"
"Q16235510","Samu Kerevi","サム・ケレビ","1993-09-27","Fiji; Suva",NA,NA,186,106,"Centre"
"Q16235526","Cheslin Kolbe","チェスリン・コルビ","1993-10-28","South Africa; Western Cape",NA,NA,171,74,"Winger; Fullback"
"Q16235565","Ngani Laumape","ナニ・ラウマぺ","1993-04-22","New Zealand; Palmerston North",NA,NA,171,103,"Centre"
"Q16235566","Tomás Lavanini","トマス・ラバニーニ","1993-01-22","Argentina; Buenos Aires",NA,NA,200,130,"Lock"
"Q16235620","Pablo Matera","パブロ・マテーラ","1993-07-18","Argentina; Buenos Aires",NA,NA,193,98,"Flanker"
"Q16235888","Jamie-Jerry Taulagi","ジェイミー＝ジェリー・タウランギ","1993-06-18","New Zealand; Auckland",NA,NA,180,93,"Fly-Half; Winger; Fullback"
"Q16235918","Patrick Tuipulotu","パトリック・トゥイプロトゥ","1993-01-23","New Zealand; Christchurch",NA,NA,198,123,"Lock"
"Q16235958","Harold Vorster","ハロルド・フォスター","1993-10-11","South Africa; Limpopo",NA,NA,186,92,"Centre"
"Q16236079","Elliot Dee","エリオット・ディー","1994-03-07","Wales; Newport",NA,NA,186,106,"Hooker"
"Q16236104","Mitchell Drummond","ミッチェル・ドラモンド","1994-02-15","New Zealand; Nelson",NA,NA,180,86,"Scrum-Half"
"Q16236121","André Esterhuizen","アンドレ・エスターハイゼン","1994-03-30","South Africa; North West (South African province); Potchefstroom",NA,NA,193,113,"Centre; Fullback"
"Q16236171","Jonny Gray","ジョニー・グレイ","1994-03-14","Scotland; Rutherglen",NA,NA,198,120,"Lock"
"Q16236197","Jonny Hill","ジョニー・ヒル","1994-06-08","England; Shropshire",NA,NA,200,113,"Lock"
"Q16236331","Malcolm Marx","マルコム・マークス","1994-07-13","South Africa; Gauteng",NA,NA,189,112,"Hooker"
"Q16236338","Sean McMahon","ショーン・マクマーン","1994-06-18","Australia; Queensland; Brisbane",NA,NA,186,102,"Flanker"
"Q16236647","Anthony Watson","アンソニー・ワトソン","1994-02-26","England; Ashford",NA,NA,185,93,"Winger; Fullback"
"Q16236734","Thomas du Toit","トーマス・デュトイ","1995-05-05","South Africa; Western Cape; Cape Town",NA,NA,189,130,"Prop"
"Q16236861","Tevita Li","テビタ・リー","1995-03-23","New Zealand; Auckland",NA,NA,182,95,"Centre"
"Q16236862","Anton Lienert-Brown","アントン・ライナート＝ブラウン","1995-04-15","New Zealand; Christchurch",NA,NA,185,96,"Centre"
"Q16239644","Harry Mallinder","ハリー・マリンダー","1996-06-12","England; Trafford; Sale",NA,NA,196,112,"Fly-Half; Centre; Fullback"
"Q16263565","Shinobu Aoki","青木 忍","1968-01-26","Saitama Prefecture",NA,NA,NA,NA,"Fly-Half"
"Q16533360","Braam Steyn","ブラーム・スタイン","1992-05-02","South Africa; Eastern Cape; Cradock",NA,NA,193,110,"Flanker"
"Q16640549","Guillaume Piron","ギヨーム・ピロン","1992-04-09","Belgium",NA,NA,183,94,"Centre"
"Q16679970","Thomas Ramos","トマ・ラモス","1995-07-23","France; Tarn (department); Mazamet",NA,NA,178,87,"Fullback"
"Q16683742","You Young-nam","劉 永男","1983-10-13","South Korea",NA,NA,191,100,"Lock; Flanker"
"Q16728062","Nick Civetta","ニック・チヴェッタ","1989-11-05","United States; New York (state); Scarsdale; New York",NA,NA,202,118,"Lock; Flanker"
"Q16728406","Selvyn Davids","セルウィン・デービズ","1994-03-26","South Africa; Eastern Cape",NA,NA,169,70,"Winger; Centre"
"Q16729964","Nathan Hughes","ネイサン・ヒューズ","1991-06-10","Fiji; Lautoka",NA,NA,196,126,"Number 8"
"Q16730969","Osea Kolinisau","オセア・コリニサウ","1985-11-17","Fiji; Suva",NA,NA,174,90,"Winger; Fullback"
"Q16731047","Jesse Kriel","ジェシー・クリエル","1994-02-15","South Africa; Cape Town",NA,NA,186,95,"Centre"
"Q16734317","Jordan Payne","ジョーダン・ペイン","1993-03-25","New Zealand",NA,NA,187,98,"Centre"
"Q16738954","Jean-Luc du Plessis","ジャン＝ルック・デュプレッシー","1994-05-07","South Africa; Cape Town",NA,NA,179,87,"Fly-Half; Fullback"
"Q16762688","Michael Dowsett","マイケル・ドーセット","1992-03-23","Australia; Sydney",NA,NA,181,82,"Scrum-Half"
"Q16762737","Curtis Rona","カーティス・ロナ","1992-05-26","New Zealand; Waitara",NA,NA,194,102,"Winger; Centre"
"Q16762760","Finn Russell","フィン・ラッセル","1992-09-23","Scotland; Bridge of Allan",NA,NA,182,87,"Fly-Half; Centre"
"Q16845274","Jean Kleyn","ジーン・クライン","1993-08-26","South Africa; Gauteng; Linden",NA,NA,202,120,"Lock"
"Q16846015","Niel Marais","ニール・マレー","1992-01-21","South Africa",NA,NA,182,100,"Fly-Half; Centre"
"Q16846337","Luke McGrath","ルーク・マクグラス","1993-02-03","Canada; Ontario; Hamilton",NA,NA,175,84,"Scrum-Half"
"Q16846899","Taqele Naiyaravoro","タンゲレ・ナイヤラボロ","1991-12-07","Fiji; Sigatoka",NA,NA,195,125,"Winger; Centre"
"Q16853397","Marvin Orie","マーヴィン・オリー","1993-02-15","South Africa; Cape Town",NA,NA,200,115,"Lock"
"Q16855064","Dorian Aldegheri","ドリアン・アルデゲーリ","1993-08-04","France; Toulouse",NA,NA,180,119,"Prop"
"Q16873617","Samisoni Viriviri","サミソニ・ヴィリヴィリ","1988-04-25","Fiji",NA,NA,186,88,"Winger; Fullback"
"Q16886478","Joe Webber","ジョー・ウェバー","1993-08-27","New Zealand",NA,NA,186,90,"Winger; Centre; Fullback"
"Q16931032","Kevin Bryce","ケビン・ブライス","1988-09-07","Alois",NA,NA,185,106,"Prop; Hooker"
"Q16935156","Tyler Paul","タイラー・ポール","1995-01-20","South Africa; Limpopo; Modiadisukurufu",NA,NA,195,112,"Lock; Flanker"
"Q16969871","Jack Debreczeni","ジャック・デブレチェニ","1993-06-06","New Zealand; Auckland",NA,NA,192,99,"Fly-Half; Fullback"
"Q16970046","Lalakai Foketi","ララカイ・フォケティ","1994-12-22","New Zealand; Hamilton",NA,NA,180,95,"Centre"
"Q16980019","Robert Kruger","ロバート・クルーガー","1988-04-28","South Africa",NA,NA,193,113,"Lock; Flanker"
"Q16995269","Jack Conan","ジャック・コナン","1992-07-29","Republic of Ireland; County Wicklow; Bray",NA,NA,193,114,"Number 8"
"Q17016918","Jamie Ritchie","ジェイミー・リッチー","1996-08-16","Scotland; Dundee",NA,NA,193,109,"Flanker"
"Q17018385","Kyle Sinckler","カイル・シンクラー","1993-03-30","England; London; Wandsworth",NA,NA,180,120,"Prop"
"Q17018685","Rory Sutherland","ローリー・サザーランド","1992-08-24","Scotland; Melrose; Scottish Borders",NA,NA,183,118,"Prop"
"Q17019995","Tadhg Furlong","タイグ・ファーロング","1992-11-14","Republic of Ireland; County Wexford; Wexford",NA,NA,183,122,"Prop"
"Q17129248","Dai Katsuno","勝野大","1974-11-26","Japan; Nagano Prefecture",NA,NA,180,97,"Centre"
"Q17129465","Takeshi Kizu","木津 武士","1988-07-15","Japan; Osaka Prefecture; Higashiōsaka",NA,NA,183,115,"Hooker"
"Q17129557","Yoshio Kimishima","君島良夫","1984-01-13","Ibaraki Prefecture; Mito; Ibaraki",NA,NA,176,80,"Fly-Half"
"Q17159596","Seiichi Shimomura","霜村 誠一","1981-09-20","Japan; Gunma Prefecture; Kiryū; Gunma",NA,NA,176,87,"Centre"
"Q17160364","Tomohiro Senba","仙波 智裕","1982-10-26","Shiga Prefecture; Ōtsu",NA,NA,183,93,"Centre"
"Q17182640","Cam Dolan","キャム・ドラン","1990-03-07","United States; Florida; Fort Myers",NA,NA,198,115,"Lock; Flanker; Number 8"
"Q17183134","Giulio Bisegni","ジュリオ・ビゼーニ","1992-04-04","Italy; Lazio; Metropolitan City of Rome Capital; Frascati",NA,NA,180,88,"Centre"
"Q17198694","Pierre Schoeman","ピエール・スクーマン","1994-05-07","South Africa; Mpumalanga; Mbombela",NA,NA,184,118,"Prop"
"Q17210116","Kenki Fukuoka","福岡 堅樹","1992-09-07","Fukuoka Prefecture; Koga; Fukuoka",NA,NA,175,83,"Winger"
"Q17211372","Masataka Mikami","三上 正貴","1988-06-04","Japan; Aomori Prefecture; Aomori",NA,NA,178,115,"Prop"
"Q17223024","Katsuhiro Matsuo","松尾 勝博","1964-01-06","Miyazaki Prefecture",NA,NA,NA,NA,"Fly-Half"
"Q17223380","Hiroshi Yamashita","山下 裕史","1986-01-01","Japan; Osaka Prefecture; Shijōnawate",NA,NA,183,120,"Prop; Hooker"
"Q17225677","姫野和樹","姫野 和樹","1994-07-27","Japan; Aichi Prefecture; Nagoya; Nakamura-ku",NA,NA,187,112,"Number 8"
"Q17225992","Shūji Nakashima","中島 修二","1965-07-08","Yamaguchi Prefecture",NA,NA,NA,NA,"Flanker"
"Q17230068","Mitsugu Fujii",NA,"1909-08-28","Japan; Tokyo City; Kyobashi Ward; Tokyo; Chūō; Ginza","1979-10-23",NA,NA,NA,NA
"Q17285657","Olive Kilifi","オリーブ・キリフィ","1986-09-28","United States; California; Huntington Beach",NA,NA,180,120,"Prop"
"Q17350850","Jefferson Poirot","ジェフェソン・ポワロ","1992-11-01","France; Val-d'Oise; L'Isle-Adan",NA,NA,181,123,"Prop"
"Q17350940","Juan Pablo Socino","フアン・パブロ・ソシーノ","1988-05-30","Argentina; Buenos Aires",NA,NA,178,98,"Fly-Half; Centre"
"Q17351919","Oliviero Fabiani","オリヴィエロ・ファビアーニ","1990-07-13","Italy; Lazio; Metropolitan City of Rome Capital; Rome",NA,NA,180,98,"Hooker"
"Q17385542","Michael Alaalatoa","マイケル・アラアラトア","1991-08-28","Australia; New South Wales; Sydney",NA,NA,191,128,"Prop"
"Q17385620","Scott Barrett","スコット・バレット","1993-11-20","New Zealand; New Plymouth",NA,NA,197,118,"Lock; Flanker"
"Q17385777","Greg Cooper","グレッグ・クーパー","1965-06-10","New Zealand; Gisborne",NA,NA,183,90,"Fullback"
"Q17386113","Sam Jeffries","サム・ジェフリーズ","1992-05-20","Australia; Brisbane",NA,NA,200,115,"Lock"
"Q17386178","Lasha Khmaladze","ラシャ・フマラゼ","1988-01-20","Georgia (country); Tbilisi",NA,NA,182,83,"Fly-Half"
"Q17388809","Shalva Sutiashvili","シャルヴァ・スティアシヴィリ","1984-01-24","Georgia (country); Tbilisi",NA,NA,193,110,"Flanker"
"Q17403308","Allan Alaalatoa","アラン・アラアラトア","1994-01-28","Australia; New South Wales; Sydney",NA,NA,188,120,"Prop"
"Q17403372","Sylvian Mahuza","シルヴィアン・マフーザ","1993-07-29","South Africa; George",NA,NA,178,80,"Winger; Centre; Fullback"
"Q17403430","JD Schickerling","JD・シカリング","1995-05-09","South Africa; Northern Cape",NA,NA,202,119,"Lock"
"Q17403432","Seabelo Senatla","シアベロ・セナトラ","1993-02-10","South Africa; Free State (province); Welkom",NA,NA,179,84,"Winger"
"Q17411164","Mark Finlay","マーク・フィンレー","1963-05-10","New Zealand; Palmerston North",NA,NA,NA,NA,"Fullback"
"Q17465593","Willy Ambaka","ウィリー・アンバカ","1990-05-14","Kenya",NA,NA,194,100,"Winger"
"Q17484162","Gillies Kaka","ギリース・カカ",NA,NA,NA,NA,186,90,"Fullback"
"Q17489768","Burger Odendaal","バーガー・オーデンダール","1993-04-15","South Africa; Free State (province); Bloemfontein",NA,NA,187,101,"Centre"
"Q17497081","Teddy Thomas","テディ・トーマス","1993-09-18","France; Biarritz",NA,NA,185,98,"Winger; Fullback"
"Q17517204","Damian McKenzie","ダミアン・マッケンジー","1995-04-20","New Zealand; Invercargill",NA,NA,175,81,"Fly-Half; Fullback"
"Q17523769","Matías Alemanno","マティアス・アレマノ","1991-12-05","Argentina; Córdoba Province; Córdoba",NA,NA,198,113,"Lock"
"Q17523840","Ramiro Herrera","ラミロ・エレーラ","1989-02-14","Argentina; Chubut Province; Comodoro Rivadavia",NA,NA,190,126,"Prop"
"Q17523906","Lucas Noguera Paz","ルーカス・ノゲラ・パス","1993-10-05","Argentina; Tucumán Province; San Miguel de Tucumán",NA,NA,179,108,"Prop"
"Q17542132","Jerónimo de la Fuente","ヘロニモ・デラフエンテ","1991-02-24","Argentina; Santa Fe Province; Rosario",NA,NA,184,95,"Centre"
"Q17612451","Jamie Hood","ジェイミー・フッド","1986-11-13","Hong Kong",NA,NA,180,84,"Scrum-Half"
"Q17624661","Charles Ollivon","シャルル・オリヴォン","1993-05-11","France; Pyrénées-Atlantiques; Saint-Pé-sur-Nivelle",NA,NA,199,113,"Flanker"
"Q17708991","Raef Morrison","レイフ・モリソン","1995-29-30",NA,NA,NA,NA,NA,"2nd Row"
"Q18128188","Kwagga Smith","クワッガ・スミス","1993-06-11","South Africa; Mpumalanga; Lydenburg",NA,NA,181,91,"Flanker"
"Q18129148","Hamish Watson","ハミッシュ・ワトソン","1991-10-15","England; Greater Manchester; Manchester",NA,NA,185,102,"Flanker"
"Q18162827","Felipe Berchesi","フェリペ・ベルチェシ","1991-04-12","Uruguay; Montevideo Department; Montevideo",NA,NA,178,80,"Fly-Half; Centre"
"Q18165611","Angus Gardner","アンガス・ガードナー","1984-08-24","Australia; Sydney",NA,NA,NA,NA,NA
"Q18166205","Sam Talakai","セミセ・タラカイ","1991-09-14","Australia; New South Wales; Sydney",NA,NA,183,115,"Prop"
"Q18166227","Rob Thompson","ロブ・トンプソン","1991-08-29","New Zealand",NA,NA,184,103,"Winger; Centre"
"Q18166319","Taniela Tupou","タニエラ・トゥポウ","1996-05-10","Tonga",NA,NA,181,132,"Prop"
"Q18167677","Hendrik Tui","ツイ ヘンドリック","1987-12-13","New Zealand; Auckland",NA,NA,189,112,"Flanker"
"Q18170970","Jake Ilnicki","ジェイク・イルニッキー","1992-02-24","Canada; British Columbia; Williams Lake",NA,NA,180,125,"Prop"
"Q18172006","Jonathan Danty","ジョナサン・ダンティ","1992-10-07","France; Paris",NA,NA,181,106,"Centre"
"Q18205288","George Ayoub","ジョージ・エイユー","1963-10-23","Australia; Sydney",NA,NA,NA,NA,NA
"Q18206529","Madison Hughes","マディソン・ヒューズ","1992-10-26","England; Surrey; Epsom",NA,NA,177,79,"Fullback"
"Q18209267","Konstantin Mikautadze","コンスタンティネ・ミカウタゼ","1991-07-01","Georgia (country); Kutaisi",NA,NA,200,127,"Lock"
"Q18218068","Seta Tamanivalu","セタ・タマニバル","1992-07-23","Fiji; Lautoa",NA,NA,189,104,"Winger; Centre"
"Q18225861","Nick Holten","ニコラス・ホルテン","1972-07-10","New Zealand",NA,NA,NA,NA,"Flanker"
"Q18235410","Max John WOODWARD","マックス・ウッドワード","1990-10-27","Hong Kong",NA,NA,183,94,"Winger; Centre"
"Q18236820","Michael Coverdale","マイケル・カヴァデール","1995-03-12","Hong Kong",NA,NA,185,87,"Flanker"
"Q18249290","Michael Allardice","マイケル・アラダイス","1991-10-19","New Zealand",NA,NA,200,112,"Lock; Flanker"
"Q18331050","Iopu Iopu-Aso","イオプ・イオプアソ","1991-04-01","New Zealand",NA,NA,190,107,"Flanker; Number 8"
"Q18331852","Siate Tokolahi","シアテ・トコラヒ","1992-03-16","Tonga; Nukuʻalofa",NA,NA,184,116,"Prop"
"Q18347989","Clinton Swart","クリントン・スワート","1992-09-06","South Africa",NA,NA,184,105,"Centre"
"Q18348145","Codey Rei","コディ・レイ","1989-02-02","Patea",NA,NA,183,92,"Fly-Half"
"Q18350070","Dan Pryor","ダン・プライアー","1988-04-14","New Zealand; Auckland",NA,NA,191,103,"Flanker"
"Q18353250","Nicky Smith","ニッキー・スミス","1994-04-07","Wales; Swansea",NA,NA,182,103,"Prop"
"Q18359107","Javier Ortega Desio","ハビエル・オルテガ・デシオ","1990-06-14","Argentina; Entre Ríos Province; Paraná; Entre Ríos",NA,NA,193,110,"Flanker"
"Q18359222","Jed Brown","ジェド・ブラウン","1991-03-12","New Zealand; Christchurch",NA,NA,186,105,"Flanker"
"Q18359280","Vince Aso","ヴィンス・アソ","1995-01-05","New Zealand; Auckland",NA,NA,185,90,"Winger; Centre"
"Q18385883","Joshua Stander","ジョシュア・スタンダー","1994-01-01","South Africa; Eastern Cape; Cradock",NA,NA,183,90,"Fly-Half"
"Q18391686","Nehe Milner-Skudder","ネヘ・ミルナー＝スカッダー","1990-12-15","New Zealand; Taihape",NA,NA,179,90,"Winger; Fullback"
"Q18535007","Henry Ratu Wainiu Seniloli","ヘンリー・セニロリ","1989-06-15","Tavua; Fiji",NA,NA,175,75,"Scrum-Half"
"Q18577129","Peni Ravai","ペニ・ラヴァイ","1990-06-16","Fiji; Natuvava",NA,NA,185,118,"Prop; Hooker; Winger; Centre"
"Q18589216","Zander Fagerson","ザンダー・ファーガソン","1996-01-19","Scotland; Perth",NA,NA,186,126,"Prop"
"Q18611889","Connor Braid","コナー・ブレイズ","1990-05-31","Canada; British Columbia; Capital Regional District",NA,NA,182,98,"Fly-Half; Centre"
"Q18619312","Facundo Isa","ファクンド・イサ","1993-09-21","Argentina; Santiago del Estero Province; Santiago del Estero",NA,NA,188,103,"Flanker"
"Q18632024","Johan Bardoul","ヨハン・バードゥル","1987-06-16","New Zealand",NA,NA,193,112,"Lock; Number 8; Flanker"
"Q18632037","Otere Black","オテレ・ブラック","1995-05-04","New Zealand; Palmerston North",NA,NA,185,86,"Fly-Half; Centre"
"Q18632058","Tevita Cavubati","テヴィタ・ザヴンバティ","1987-08-12","Fiji; Suva",NA,NA,198,120,"Lock"
"Q18632098","Leon Fukofuka","レオン・フコフカ","1994-09-08","New Zealand; Auckland",NA,NA,185,94,"Scrum-Half"
"Q18632100","Blake Gibson","ブレイク・ギブソン","1995-04-19","New Zealand; Auckland",NA,NA,186,107,"Flanker; Number 8"
"Q18632111","Siua Halanukonuka","シウア・ハラヌコヌカ","1986-08-09","Tongatapu",NA,NA,186,120,"Prop"
"Q18632115","David Havili","デービッド・ハヴィリ","1994-12-23","New Zealand; Nelson",NA,NA,184,88,"Fly-Half; Centre; Fullback"
"Q18632154","Joe Latta","ジョー・ラタ","1992-04-07","New Zealand; Dunedin",NA,NA,200,118,"Lock"
"Q18632188","Richie Mo'unga","リッチー・モウンガ","1994-05-25","New Zealand; Christchurch",NA,NA,176,83,"Fly-Half; Fullback"
"Q18632192","Matt Moulds","マット・モールズ","1991-05-15","New Zealand",NA,NA,188,107,"Hooker"
"Q18632241","Tom Sanders","トム・サンダース","1994-02-05","New Zealand; Christchurch",NA,NA,190,110,"Flanker; Number 8"
"Q18632282","Ahsee Tuala","アーセ・トゥアラ","1989-08-23","Samoa",NA,NA,189,107,"Fullback"
"Q18632285","Matt Vaega","マット・ヴァエガ","1994-09-07","New Zealand; Auckland",NA,NA,178,89,"Winger; Centre; Fullback"
"Q18632289","Ma'ama Vaipulu","マアマ・バイプル","1989-07-21","New Zealand; Kawakawa",NA,NA,190,112,"Number 8"
"Q18637201","Kyle Brown","カイル・ブラウン","1987-02-06","South Africa; Western Cape; Cape Town",NA,NA,182,96,"Flanker"
"Q18637254","Cameron Clark","キャメロン・クラーク","1993-03-20","New Zealand; Auckland",NA,NA,185,88,"Winger; Centre; Fullback"
"Q18637283","Danny Barrett","ダニー・バレット","1990-03-23","United States; California; Pacifica",NA,NA,191,100,"Flanker"
"Q18637285","James Dargaville","ジェームス・ダーガヴィル","1992-04-25","Australia; Queensland; Southport",NA,NA,187,94,"Winger"
"Q18637441","David Halaifonua","デイビッド・ハライフォヌア","1987-07-05","Tonga; Vavaʻu",NA,NA,189,104,"Winger; Fullback"
"Q18637494","Rodney Iona","ロドニー・アイオナ","1991-08-17","Australia; Melbourne",NA,NA,177,89,"Fly-Half"
"Q18637637","Tomás Lezana","トマス・レサナ","1994-02-16","Argentina; Santiago del Estero Province; Santiago del Estero",NA,NA,186,104,"Flanker"
"Q18637672","Campbell Magnay","キャンベル・マグネイ","1996-11-10","Brisbane",NA,NA,195,104,"Centre"
"Q18637720","Stuart McCloskey","スチュアート・マクロスキー","1992-08-06","Northern Ireland; Bangor; County Down",NA,NA,193,110,"Centre"
"Q18637759","Matías Moroni","マティアス・モローニ","1991-03-29","Argentina; Buenos Aires",NA,NA,185,92,"Winger; Centre"
"Q18637850","Duncan Paia'aua","ダンカン・パイアアウア","1995-01-20","New Zealand; Porirua",NA,NA,180,91,"Centre; Fullback"
"Q18637859","Tiziano Pasquali","ティツィアーノ・パスクアーリ","1994-07-14","Italy; Lazio; Metropolitan City of Rome Capital; Rome",NA,NA,183,111,"Prop"
"Q18637871","Guido Petti Pagadizábal","ギド・ペティ","1994-11-17","Argentina; Buenos Aires",NA,NA,194,111,"Lock"
"Q18808571","Ultan Dillane","アルタン・ディラン","1993-11-09","France; Paris",NA,NA,198,112,"Lock"
"Q18921739","Tomas Francis","トマス・フランシス","1992-02-27","England; Yorkshire; York",NA,NA,186,135,"Prop"
"Q18978120","Maro Itoje","マロ・イトジェ","1996-05-14","England; London; London Borough of Camden",NA,NA,195,115,"Lock"
"Q18978162","Huw Jones","ヒュー・ジョーンズ","1993-12-17","Scotland; Edinburgh",NA,NA,186,102,"Centre"
"Q19282141","Warrick Gelant","ウォリック・ヘラント","1995-05-20","South Africa",NA,NA,180,89,"Fullback"
"Q19420827","Tjiuee Uanivi","チュウェ・ウアニビ","1990-12-31","Namibia; Omaheke Region; Ottiwarongo",NA,NA,200,110,"Lock; Flanker"
"Q19517709","Finlay Bealham","フィンレイ・ビーラム","1991-10-09","Australia; Canberra",NA,NA,189,123,"Prop"
"Q19518758","Titi Lamositele","ティティ・ラモシテレ","1995-02-11","United States; Washington (state); Tacoma; Washington",NA,NA,182,125,"Prop"
"Q19518957","Piula Fa'asalele","ピウア・ファアサレレ","1988-01-22","New Zealand; Wellington",NA,NA,196,117,"Flanker"
"Q19548121","Guillaume Rouet","ギヨーム・ルエ","1988-08-13","France; Pyrénées-Atlantiques; Bayonne",NA,NA,168,74,"Scrum-Half"
"Q19560423","Mike Ellery","マイク・エレリー","1991-09-08","England; Cumbria; Penrith",NA,NA,193,102,"Winger"
"Q19560446","Charlie Ewels","チャーリー・ユールズ","1995-06-29","England; Bournemouth",NA,NA,197,112,"Lock"
"Q19571579","Sef Fa'agase","セフ・ファアガセ","1991-03-05","New Zealand; Auckland",NA,NA,185,112,"Prop"
"Q19571736","Giorgi Tkhilaishvili","ギオルギ・トヒライシヴィリ","1991-04-08","Georgia (country); Kobuleti",NA,NA,180,103,"Flanker"
"Q19571764","Zurab Zhvania","ズラブ・ジワニア","1991-09-23","Georgia (country)",NA,NA,179,125,"Prop; Hooker"
"Q19571780","Branco du Preez","ブランコ・デプリーズ","1990-05-08","South Africa; Western Cape; George",NA,NA,166,72,"Fly-Half"
"Q19571797","Keita Inagaki","稲垣 啓太","1990-06-02","Japan; Niigata Prefecture; Niitsu; Niigata; Niigata (city); Akiha-ku",NA,NA,186,115,"Prop"
"Q19578358","Peceli Yato","ペゼリ・ヤト","1993-01-17","Fiji; Sigatoka",NA,NA,196,112,"Flanker"
"Q19585557","Chris Dry","クリス・ドライ","1988-02-13","South Africa; Western Cape; Cape Town",NA,NA,191,98,"Flanker"
"Q19585867","Werner Kok","ヴェルナー・コック","1993-01-17","South Africa; Mpumalanga; Mbombela Local Municipality",NA,NA,179,92,"Winger; Centre"
"Q19606804","Levani Botia","レヴァニ・ボティア","1989-03-14","Fiji",NA,NA,182,103,"Flanker; Centre; Winger"
"Q19614405","Andrey Garbuzov","アンドリー・ガルブゾフ","1983-08-07","Russia; Krasnoyarsk",NA,NA,193,112,"Flanker"
"Q19654810","Dave Sisi","デイブ・シシィ","1993-02-05","Germany; Lower Saxony; Rinteln",NA,NA,193,117,"Flanker"
"Q19661153","Jerry Tuwai","ジュリー・トゥワイ","1989-03-23","Fiji; Suva",NA,NA,174,81,"Fly-Half; Winger; Fullback"
"Q19661685","Keisuke Uchida","内田 啓介","1992-02-22","Japan; Shiga Prefecture",NA,NA,179,86,"Scrum-Half"
"Q19662912","Semi Kunatani","セミ・クナタニ","1990-10-27","Nadi",NA,NA,191,107,"Lock; Flanker; Centre"
"Q19663272","Nick Tompkins","ニック・トンプキンズ","1995-02-16","England; London; London Borough of Bexley; Sidcup",NA,NA,181,94,"Centre"
"Q19664247","Tamaz Mchedlidze","タマズ・ムチェドリゼ","1993-03-17","Georgia (country); Tbilisi",NA,NA,195,110,"Winger; Centre"
"Q19664363","Scott Curry","スコット・カリー","1988-05-17","New Zealand; Rotorua",NA,NA,193,100,"Number 8"
"Q19664800","Callum Braley","コーラム・ブラレィ","1994-03-20","England; Bristol",NA,NA,178,84,"Scrum-Half"
"Q19665248","Merab Sharikadze","メラブ・シャリカゼ","1993-05-17","Russia; Moscow",NA,NA,185,91,"Centre"
"Q19665256","Solomone Kata","ソロモネ・カタ","1994-12-03","Tonga; Neiafu (Vavaʻu)",NA,NA,177,104,"Winger; Centre"
"Q19665314","Akira Ioane","アキラ・イオアネ","1995-06-16","Japan; Tokyo",NA,NA,194,113,"Number 8; Flanker"
"Q19818622","Josh van der Flier","ジョシュ・バンダーフリアー","1993-04-25","Republic of Ireland; County Wicklow; Wicklow",NA,NA,186,103,"Flanker"
"Q19818683","RG Snyman","RG・スナイマン","1995-01-29","South Africa; North West (South African province); Potchefstroom",NA,NA,206,120,"Lock"
"Q19843698","Julien Marchand","ジュリアン・マルシャン","1995-05-10","France; Haute-Garonne; Saint-Gaudens",NA,NA,180,108,"Hooker"
"Q19865236","Paul Lasike","ポール・ラシケ","1990-06-18","New Zealand",NA,NA,175,113,"Centre"
"Q19875018","Kane Koteka","ケイン・コテカ","1994-01-08","Australia; Western Australia; Perth",NA,NA,182,99,"Flanker"
"Q19875405","Kotaro Matsushima","松島幸太郎","1993-02-26","South Africa; Pretoria; Japan; Saitama Prefecture; NA",NA,NA,178,88,"Centre; Winger; Fullback"
"Q19875674","Milton Haig","ミルトン・ヘイグ","1964-02-06","New Zealand; Invercargill",NA,NA,NA,NA,""
"Q19876897","Dayan van der Westhuizen","デイヤン・ファンダーウエストハイゼン","1994-04-05","South Africa; Western Cape; Wellington",NA,NA,184,116,"Prop"
"Q19885453","Garth April","ガース・エイプリル","1991-07-16","South Africa; Western Cape; Cape Town",NA,NA,176,85,"Fly-Half; Fullback"
"Q19893217","Ryan Louwrens","ライアン・ローレンス","1991-03-12","South Africa; Gauteng; Johannesburg",NA,NA,179,93,"Scrum-Half"
"Q19955758","Perry Baker","ペリー・ベイカー","1986-06-29","United States; Florida; New Summer Beach",NA,NA,185,82,"Winger"
"Q19958126","Reniel Hugo","レニエル・ヒューゴ","1990-07-19","South Africa; Western Cape; Belleville",NA,NA,197,110,"Lock"
"Q19958690","Vincent Rattez","ヴァンサン・ラッテ","1992-03-24","France; Colombes",NA,NA,181,77,"Winger"
"Q19984955","Ian McKinley","イアン・マッキンリー","1989-12-04","Republic of Ireland; County Dublin; Dublin",NA,NA,184,88,"Fly-Half"
"Q20020514","Niall Rowark","ニール・ロアーク","1990-06-20","South Korea",NA,NA,181,83,"Fly-Half"
"Q20022462","Patiliai Tuidraki","パティリアイ・ツイドラキ","1969-07-29","Fiji; Lautoka","2002-09-26",NA,NA,NA,"Winger"
"Q20038355","Hideaki Aizawa","合澤 英旦","1995-03-23","Iwate Prefecture; Kamaishi; Iwate",NA,NA,166,77,"Scrum-Half"
"Q20038695","Jiro Ishiyama","石山 次郎","1957-05-22","Akita Prefecture",NA,NA,NA,NA,"Prop"
"Q20038778","Mikiya Inoue","井上 益基也","1986-05-09","Kyoto Prefecture",NA,NA,173,73,"Scrum-Half"
"Q20039171","Eiji Okazaki","岡崎 英二","1981-05-29","Tokyo; Hino",NA,NA,180,89,"Number 8; Flanker"
"Q20039231","Hiroya Okuda","奥田 浩也","1986-10-21","Nara Prefecture",NA,NA,181,83,"Winger; Fullback"
"Q20039300","Kōdai Ono","小野 航大","1991-12-25","Japan; Fukushima Prefecture",NA,NA,167,82,"Winger"
"Q20039308","Masato Onodera","小野寺 政人","1983-07-14","Iwate Prefecture; Takizawa; Iwate",NA,NA,175,90,"Hooker; Prop"
"Q20039324","Patrice Olivier","パトリス・オリビエ","1990-01-07","France; Pays de Caux",NA,NA,191,98,"Winger; Fullback"
"Q20039403","Sho Kataoka","片岡 将","1987-12-30","Japan; Kagawa Prefecture",NA,NA,174,80,"Winger; Centre"
"Q20039587","Yūki Kanda","神田 佑樹","1987-04-30","Osaka Prefecture",NA,NA,181,104,"Prop"
"Q20039590","Tomoyuki Kanno","菅野 朋幸","1984-09-07","Fukushima Prefecture",NA,NA,178,74,"Winger"
"Q20039676","Yūta Kimura","木村 優太","1991-12-10","Japan; Miyagi Prefecture; Ishinomaki",NA,NA,180,87,"Flanker"
"Q20039725","Arata Kinno","金野 新","1990-09-28","Iwate Prefecture; Kamaishi; Iwate",NA,NA,194,98,"Lock"
"Q20040188","Kaoru Saito","斉藤 芳","1985-08-07","Aomori Prefecture",NA,NA,179,123,"Prop"
"Q20040210","Yū Saeki","佐伯 悠","1985-03-30","Kanagawa Prefecture; Yokohama",NA,NA,183,93,"Flanker"
"Q20040288","Kazuki Sasaki","佐々木 和樹","1989-12-27","Iwate Prefecture; Shiwa; Iwate",NA,NA,181,110,"Prop"
"Q20040293","Takamitsu Sasaki","佐々木 天晃","1984-01-13","Iwate Prefecture",NA,NA,180,90,"Centre"
"Q20040305","Yōsuke Sasaki","佐々木 陽丞","1990-12-14","Akita Prefecture",NA,NA,182,92,"Lock"
"Q20040367","Yūta Satō","佐藤 雄太","1990-06-12",NA,NA,NA,185,88,"Flanker; Lock"
"Q20040677","Josh Afu","ジョシュア アフ","1987-02-21","Tonga",NA,NA,195,108,"Lock; Number 8; Flanker"
"Q20040704","Kenzo Shirabe","調 建造","1984-05-08","Hong Kong",NA,NA,173,80,"Fly-Half"
"Q20040770","Yuki Sugawara","菅原 祐輝","1995-04-07","Japan; Miyagi Prefecture; Watari; Miyagi",NA,NA,169,73,"Winger"
"Q20040858","Yasuo Suda","須田 康夫","1983-11-09","Miyagi Prefecture; Ishinomaki",NA,NA,183,100,"Flanker; Number 8"
"Q20041067","Taufa Tafiaibahayu","タウファ タフィアイバハ優","1982-04-10","Tonga",NA,NA,183,100,"Winger"
"Q20041110","Yuhei Takano","高野 裕平","1990-07-13","Kanagawa Prefecture",NA,NA,182,87,"Centre"
"Q20041123","Takuya Takahashi","高橋 拓也","1992-03-06","Japan; Iwate Prefecture",NA,NA,172,94,"Hooker; Prop"
"Q20041126","Hiroyuki Takahashi","高橋 博行","1956-01-01","Akita Prefecture",NA,NA,NA,NA,"Flanker"
"Q20041338","Yoshikazu Tamura","田村 義和","1978-10-17","Aomori Prefecture; Minamitsugaru District; Aomori",NA,NA,183,110,"Prop"
"Q20041397","Ryōsuke Chifu","千布 亮輔","1989-03-02","Japan; Fukuoka Prefecture",NA,NA,182,103,"Lock; Flanker"
"Q20041413","Kwihong Chong","鄭 貴弘","1986-10-02","Osaka Prefecture",NA,NA,185,110,"Prop"
"Q20041829","Yoji Nagatomo","永友 洋司","1971-03-14","Miyazaki Prefecture; Tsuno; Miyazaki",NA,NA,NA,NA,"Scrum-Half"
"Q20041916","Takeshi Nagata","長田 剛","1983-03-08","Nara Prefecture",NA,NA,174,77,"Scrum-Half"
"Q20041992","Hayato Nishiuchi","西内 勇人","1993-03-30","Fukuoka Prefecture",NA,NA,182,103,"Flanker"
"Q20042081","Kunimitsu Numata","沼田 邦光","1982-01-23","Kanagawa Prefecture",NA,NA,174,88,"Winger; Fullback"
"Q20042188","Park Soon Chai","朴 淳彩","1985-08-20","South Korea",NA,NA,187,110,"Lock"
"Q20042382","Takamichi Harada","原田 航路","1986-08-28","Ōita Prefecture",NA,NA,168,74,"Scrum-Half"
"Q20042477","Taiji Hisawa","樋澤 泰二","1990-04-01","Yamanashi Prefecture",NA,NA,171,90,"Hooker; Prop"
"Q20090331","Magnus Bradbury","マグナス・ブラッドベリー","1995-08-23","Scotland; Glasgow",NA,NA,193,111,"Flanker; Number 8"
"Q20090563","Jan de Klerk","ジャン・デ・クラーク","1991-02-10","South Africa; Cape Town",NA,NA,198,118,"Lock"
"Q20090626","Jean-Luc du Preez","ジャンリュック・デュプレア","1995-08-05","South Africa; KwaZulu-Natal; Durban",NA,NA,194,113,"Flanker"
"Q20109678","Samuel Marques","サムエル・マルケス","1988-12-08","France; Gers; Condom",NA,NA,177,78,"Scrum-Half"
"Q20631055","Vaea Fifita","ヴァエア・フィフィタ","1992-06-17","Tonga; Vavaʻu",NA,NA,197,111,"Lock; Flanker"
"Q20638099","Scott Cummings","スコット・カミングス","1996-12-03","Scotland; Glasgow",NA,NA,198,115,"Lock"
"Q20639274","Sam Johnson","サム・ジョンソン","1993-06-19","Australia; Queensland; Dysart",NA,NA,183,95,"Centre"
"Q20643173","Makazole Mapimpi","マカゾレ・マピンピ","1990-07-26","South Africa; Eastern Cape; Mudantan",NA,NA,187,90,"Winger; Centre"
"Q20666534","Antoine Dupont","アントワーヌ・デュポン","1996-11-15","France; Hautes-Pyrénées; Lanemezan",NA,NA,174,85,"Scrum-Half"
"Q20675889","Giorgi Aptsiauri","ギオルギ・アプツィアウリ","1994-01-20","Georgia (country); Tbilisi",NA,NA,178,89,"Winger; Fullback"
"Q20675973","Giorgi Begadze","ギオルギ・ベガゼ","1986-03-04","Georgia (country); Tbilisi",NA,NA,180,81,"Scrum-Half"
"Q20676396","Andrew Davidson","アンドリュー・デビッドソンAndrew Davidson","1996-11-07","Scotland",NA,NA,200,113,"Lock"
"Q20676794","Beka Gorgadze","ベカ・ゴルガゼ","1996-02-08","Georgia (country); Tbilisi",NA,NA,189,105,"Flanker"
"Q20677076","Rieko Ioane","リーコ・イオアネ","1997-03-18","New Zealand; Auckland",NA,NA,189,105,"Winger; Centre"
"Q20702835","Carlo Canna","カルロ・カンナ","1992-08-25","Italy; Campania; Province of Benevento; Benevento",NA,NA,191,93,"Fly-Half"
"Q20713052","Ali Price","アリ・プライス","1993-05-12","England; King's Lynn",NA,NA,178,88,"Scrum-Half"
"Q20714025","Javan Sebastian","ジャヴァン・セバスチャン","1994-09-02","England",NA,NA,177,118,"Prop"
"Q20727816","Giorgi Tsutskiridze","ギオルギ・ツツキリゼ","1996-11-26","Georgia (country); Tbilisi",NA,NA,188,104,"Flanker"
"Q20727849","José Lima","ジョゼ・リマ","1992-04-24","Portugal; Coimbra",NA,NA,186,95,"Centre"
"Q20744750","Otar Turashvili","オタル・トゥラシビリ","1986-07-14","Georgia (country); Tbilisi",NA,NA,184,118,"Prop; Hooker"
"Q20744874","Jason Jenkins","ジェイソン・ジェンキンス","1995-12-02","South Africa; Pretoria",NA,NA,202,125,"Lock"
"Q20744989","Vasil Lobzhanidze","ヴァシル・ロブジャニゼ","1996-10-14","Georgia (country); Tbilisi",NA,NA,176,76,"Scrum-Half"
"Q20744990","Lasha Lomidze","ラシャ・ロミゼ","1992-06-30","Georgia (country); Tbilisi",NA,NA,195,110,"Lock; Flanker; Number 8"
"Q20745036","Matt McGahan","マット・マッガーン","1993-04-21","Australia; Sydney",NA,NA,185,91,"Fly-Half; Fullback"
"Q20745098","Ox Nché","オックス・ンチェ","1995-07-23","South Africa; Free State (province); Bloemfontein",NA,NA,173,114,"Prop"
"Q20745142","Otar Giorgadze","オタル・ギオルガゼ","1996-03-02","Georgia (country); Tbilisi",NA,NA,193,109,"Lock; Flanker"
"Q20810491","Gonzalo Bertranou","ゴンサロ・ベルトラノウ","1993-12-31","Argentina; Mendoza",NA,NA,174,72,"Scrum-Half"
"Q20872558","Yutaka Nagare","流 大","1992-09-04","Japan; Fukuoka Prefecture; Kurume; NA",NA,NA,166,75,"Scrum-Half"
"Q20877054","Robbie Fergusson","ロビー・ファーガソン","1993-08-30","Scotland; Ayr; South Ayrshire",NA,NA,180,92,"Centre; Fullback"
"Q20877105","George Horne","ジョージ・ホーン","1995-05-12","Scotland; Dundee",NA,NA,175,79,"Scrum-Half"
"Q20961841","Giorgi Melikidze","ギオルギ・メリキゼ","1996-06-24","Georgia (country)",NA,NA,179,117,"Prop; Hooker"
"Q20981440","Aranos Coetzee","ヨハネス・クッツェー","1988-03-14","Namibia; Windhoek",NA,NA,186,120,"Prop"
"Q20981534","Lourens Erasmus","ローレンス・エラスマス","1993-06-14","South Africa; Gauteng; Pretoria",NA,NA,200,115,"Lock"
"Q20981541","Felipe Ezcurra","フェリペ・エスクラ","1993-04-15","Argentina; Buenos Aires",NA,NA,178,89,"Scrum-Half"
"Q20981578","Sam Greene","サム・グリーン","1994-08-16","Australia; Brisbane",NA,NA,177,86,"Fly-Half; Fullback"
"Q20981645","Jannes Kirsten","ジャネス・カースティン","1993-12-01","South Africa; Gauteng; Johannesburg",NA,NA,197,111,"Lock; Flanker"
"Q20981768","Julián Montoya","フリアン・モントージャ","1993-10-29","Argentina; Buenos Aires",NA,NA,183,113,"Hooker"
"Q20981841","Matías Orlando","マティアス・オルランド","1991-12-14","Argentina; Tucumán Province; San Miguel de Tucumán",NA,NA,183,94,"Centre"
"Q20983083","Shinya Makabe","真壁 伸弥","1987-03-26","Miyagi Prefecture; Sendai",NA,NA,192,125,"Lock; Flanker"
"Q20983136","Yu Tamura","田村 優","1989-01-09","Japan; Aichi Prefecture; Okazaki; Aichi",NA,NA,181,92,"Centre; Fly-Half"
"Q20986653","Karne Hesketh","カーン・ヘスケス","1985-08-01","New Zealand; Napier",NA,NA,178,98,"Winger; Centre"
"Q20992219","Amanaki Mafi","アマナキ・レレィ・マフィ","1990-01-11","Tonga",NA,NA,189,112,"Number 8"
"Q21004889","Lee Roy Atalifo","リー＝ロイ・アタリフォ","1984-12-19","Fiji; Rotuma",NA,NA,180,134,"Prop"
"Q21005004","Chris Baumann","クリス・バウマン","1987-05-18","United States; Steamboat Springs",NA,NA,188,124,"Prop; Hooker"
"Q21005109","Nick Blevins","ニック・ブレヴィンズ","1988-11-11","Canada; Alberta; Edmonton",NA,NA,187,98,"Centre"
"Q21005404","Isei Colati","イセイ・ゾラティ","1983-12-23","Suva",NA,NA,175,115,"Prop"
"Q21005426","Wian Conradie","ウィアン・コンラディ","1994-10-14","Namibia; Windhoek",NA,NA,185,105,"Flanker"
"Q21005568","Darryl de la Harpe","ダリル・デラハルペ","1986-02-10","Namibia; Windhoek",NA,NA,187,98,"Centre"
"Q21005614","Johan Deysel","ヨハン・ディーゼル","1991-09-26","Namibia; Khomas Region; Windhoek",NA,NA,184,93,"Centre"
"Q21009593","AJ MacGinty","AJ・マクギンティ","1990-02-26","Republic of Ireland; County Dublin; Dublin",NA,NA,185,95,"Fly-Half"
"Q21055343","Sebastian Negri","セバスチャン・ネグリ","1994-06-30","Zimbabwe; Harare",NA,NA,195,110,"Lock"
"Q21061663","Marcus Watson","マーカス・ワトソン","1991-06-27","England; Hillingdon",NA,NA,178,86,"Winger; Fullback"
"Q21063359","Sean Wainui","ショーン・ワイヌイ","1995-10-23","New Zealand","2021-10-18",NA,191,102,"Winger; Centre"
"Q21063366","Jacob Skeen","ジェイコブ・スキーン","1993-04-07","New Zealand",NA,NA,200,115,"Lock"
"Q21063920","Gastón Mieres","ガストン・ミエレス","1989-10-05","Uruguay; Maldonado Department; Punta del Este",NA,NA,178,81,"Winger; Fullback"
"Q21063928","Franco Lamanna","フランコ・ラマンナ","1991-10-05","Uruguay; Montevideo Department; Montevideo",NA,NA,188,100,"Lock; Flanker"
"Q21064449","Jono Hickey","ジョノ・ヒッキー","1991-03-30","New Zealand; Auckland",NA,NA,174,79,"Scrum-Half"
"Q21066015","Manasa Saulo","マナサ・サウロ","1989-04-06","Suva",NA,NA,182,132,"Prop"
"Q21066569","Zach Fenoglio","ザック・フィノグリオ","1989-07-29","United States; Colorado; Denver",NA,NA,188,116,"Hooker"
"Q21066897","Api Ratuniyarawa","アピ・ラトゥニヤラワ","1986-07-11","Fiji; Sigatoka",NA,NA,198,115,"Lock"
"Q21066898","Nemia Soqeta","ネミア・ソンゲタ","1985-03-04","Nadi",NA,NA,196,117,"Lock; Number 8"
"Q21066899","Germán Kessler","ヘルマン・ケスレル","1994-07-01","Uruguay; Montevideo Department; Montevideo",NA,NA,184,105,"Hooker"
"Q21066900","Mateo Sanguinetti","マテオ・サンギネッティ","1992-07-26","Uruguay; Montevideo Department; Montevideo",NA,NA,185,105,"Prop"
"Q21066917","Juan Manuel Gaminara","フアン・マヌエル・ガミナラ","1989-05-01","Uruguay; Montevideo",NA,NA,171,95,"Flanker"
"Q21066918","Alejandro Nieto","アレハンドロ・ニエト","1988-01-07","Uruguay; Montevideo Department; Montevideo",NA,NA,186,108,"Number 8"
"Q21066922","Andrés Vilaseca","アンドレス・ビラセカ","1991-05-08","Uruguay; Montevideo Department; Montevideo",NA,NA,185,82,"Winger; Centre"
"Q21066925","Leandro Leivas","レアンドロ・レイバス","1988-07-06","Uruguay; Montevideo Department; Montevideo",NA,NA,180,94,"Winger"
"Q21066926","Rodrigo Silva","ロドリゴ・シルバ","1992-11-02","Uruguay; Montevideo Department; Montevideo",NA,NA,183,86,"Winger; Fullback"
"Q21067181","Paul Ngauamo","パウラ・ヌガウアモ","1990-02-19","New Zealand; Christchurch",NA,NA,185,121,"Hooker"
"Q21067182","Viliami Tahitu'a","ヴィリアミ・タヒトゥア","1991-10-02","New Zealand; Auckland",NA,NA,182,100,"Centre"
"Q21067217","Gordon McRorie","ゴードン・マクローリー","1988-05-12","Scotland",NA,NA,178,80,"Scrum-Half"
"Q21067226","Louis van der Westhuizen","ルイス・ファンデルウェストヘーゼン","1995-02-25","Namibia; Khomas Region; Windhoek",NA,NA,180,100,"Hooker"
"Q21067227","Janco Venter","ジャンコ・フェンター","1994-09-19","Namibia; Khomas Region; Windhoek",NA,NA,194,107,"Lock; Flanker"
"Q21067230","Damian Stevens","ダミアン・スティーブンズ","1995-06-02","Namibia; Erongo Region; Walvis Bay",NA,NA,175,82,"Scrum-Half; Winger"
"Q21067234","Djustice Sears-Duru","ジャスティス・シアーズ＝ドゥル","1994-05-24","Canada; Alberta; Edmonton",NA,NA,185,119,"Prop"
"Q21067235","Phil Mack","フィル・マック","1985-09-18","Canada; British Columbia; Victoria",NA,NA,170,77,"Scrum-Half"
"Q21067238","Evan Olmstead","エバン・オルムステッド","1991-02-21","Canada; British Columbia; North Vancouver (city)",NA,NA,198,115,"Lock; Flanker"
"Q21067239","Harry Jones","ハリー・ジョーンズ","1989-08-26","Canada; British Columbia; Vancouver",NA,NA,185,90,"Fly-Half"
"Q21067321","Alastair McFarland","アル・マクファーランド","1989-06-02","Australia; New South Wales; Sydney",NA,NA,193,114,"Flanker; Number 8"
"Q21067329","Brett Thompson","ブレット・トンプソン","1990-08-17","United States; Arizona; Tempe",NA,NA,193,102,"Winger; Fullback"
"Q21067408","Johan van Heerden","ヨハネス・ファン・ヒアデン","1986-12-09","South Africa; Gauteng; Pretoria",NA,NA,196,118,"Lock; Flanker"
"Q21114747","Johan Tromp","ヨハン・トロンプ","1990-12-23","Namibia; Khomas Region; Windhoek",NA,NA,183,91,"Scrum-Half; Fullback"
"Q21152023","Baptiste Serin","バティスト・セラン","1994-06-20","France; Gironde; La Teste-de-Buch",NA,NA,180,76,"Scrum-Half"
"Q21284569","Dmitri Arhip","ドミトリー・アリップ","1988-12-12","Moldova; Kamenka",NA,NA,182,120,"Prop"
"Q21285173","Jake Grey","ジェイク・グレイ","1984-02-17","Samoa; Mototua","2021-12-19",NA,180,125,"Prop"
"Q21285622","Matt Trouville","マット・トゥルヴィル","1986-06-09","Australia; New South Wales; Darlinghurst",NA,NA,195,115,"Flanker"
"Q21294591","Camille Chat","カミーユ・シャ","1995-12-18","France; Auxerre",NA,NA,178,101,"Hooker"
"Q21523402","Niku Kruger","ニック・クルーガー","1991-10-09","South Africa; Gauteng; Pretoria",NA,NA,175,84,"Scrum-Half"
"Q21620753","Leni Apisai","レニ・アピサイ","1996-03-08","New Zealand",NA,NA,182,108,"Hooker"
"Q21620859","Adam Beard","アダム・ビアード","1996-01-07","Wales; Swansea",NA,NA,202,117,"Lock"
"Q21620910","Jamie Booth","ジェイミー・ブース","1994-09-14","Palmerston North",NA,NA,171,92,"Fly-Half"
"Q21620941","Mitchell Brown","ミッチェル・ブラウン","1993-08-15","New Zealand; New Plymouth",NA,NA,194,110,"Lock; Flanker"
"Q21621139","James Davies","ジェームズ・デーヴィス","1990-10-25","Wales; Carmarthen",NA,NA,186,135,"Flanker"
"Q21621158","Jack Dempsey","ジャック・デンプシー","1994-12-04","Australia; New South Wales; Sydney",NA,NA,190,109,"Flanker"
"Q21621172","Joshua Dickson","ジョシュ・ディクソン","1994-11-02","Australia; Perth",NA,NA,200,117,"Lock"
"Q21621239","Ryan Elias","ライアン・エリアス","1995-02-07","Wales; Carmarthen",NA,NA,185,104,"Hooker"
"Q21621270","TJ Faiane","TJ・ファイアネ","1995-08-24","New Zealand; Auckland",NA,NA,175,92,"Centre"
"Q21621271","Hame Faiva","ハメ・ファイバ","1994-05-09","New Zealand; Auckland",NA,NA,183,102,"Hooker"
"Q21621385","Jack Goodhue","ジャック・グッドヒュー","1995-06-13","New Zealand; Whangārei",NA,NA,187,98,"Centre"
"Q21621405","Wyn Jones","ウィン・ジョーンズ","1992-02-26","Wales; Randvalley",NA,NA,184,114,"Prop"
"Q21621420","Toa Halafihi","トア・ハラフィヒ","1993-11-27","New Zealand; Gisborne",NA,NA,191,102,"Flanker; Number 8"
"Q21621457","Ross Haylett-Petty","ロス・ハイレットペティ","1994-01-10","Durban",NA,NA,197,114,"Lock"
"Q21621467","Jackson Hemopo","ジャクソン・ヘモポ","1993-11-14","New Zealand; Whanganui",NA,NA,195,112,"Lock; Flanker"
"Q21621511","Mitchell Hunt","ミッチェル・ハント","1995-06-19","New Zealand; Nelson",NA,NA,172,88,"Fly-Half; Fullback"
"Q21621557","Mitch Jacobson","ミッチ・ジェイコブソン","1996-01-13","New Zealand",NA,NA,188,105,"Flanker"
"Q21621616","Nick Jooste","ニック・ユースト","1997-07-07","Australia; Perth",NA,NA,190,94,"Fly-Half"
"Q21621665","Andrew Kellaway","アンドリュー・ケラウェイ","1995-10-12","Australia; Sydney",NA,NA,184,106,"Winger"
"Q21621701","Blair Kinghorn","ブレア・キングホーン","1997-01-18","Scotland; Edinburgh",NA,NA,193,95,"Fly-Half; Winger; Fullback"
"Q21621729","Taniela Koroi","タニエラ・コロイ","1990-02-08","Kadavu Island",NA,NA,184,125,"Prop; Hooker"
"Q21621782","Tony Lamborn","トニー・ランボルン","1991-07-31","New Zealand; Timaru",NA,NA,185,107,"Flanker; Number 8"
"Q21621825","Dillon Lewis","ディロン・ルイス","1996-02-04","Wales; Church Village",NA,NA,183,118,"Prop"
"Q21621853","Michael Little","マイケル・リトル","1993-03-14","Italy; Rome",NA,NA,183,89,"Centre"
"Q21621976","Semisi Masirewa","セミシ・マシレワ","1992-06-09","Fiji; Taveuni",NA,NA,184,94,"Winger; Fullback"
"Q21622097","Atunaisa Moli","アトゥナイサ・モリ","1995-06-12","New Zealand; Gisborne",NA,NA,189,127,"Prop"
"Q21622321","Pat Parfrey","パトリック・パーフリー","1991-11-01","Canada; Newfoundland and Labrador; St. John's",NA,NA,185,95,"Fly-Half"
"Q21622353","Izaia Perese","イザイア・ペレス","1997-05-17","Australia; Brisbane",NA,NA,180,95,"Winger; Centre"
"Q21622406","Kara Pryor","カラ・プライアー","1991-04-02","New Zealand; Auckland",NA,NA,183,106,"Flanker"
"Q21622539","Garry Ringrose","ギャリー・リングローズ","1995-01-26","Republic of Ireland; County Dublin; Dublin",NA,NA,191,94,"Centre"
"Q21622689","Peter Samu","ピート・サム","1991-12-17","Australia; Melbourne",NA,NA,185,102,"Flanker; Number 8"
"Q21622810","Taleni Seu","タレニ ・セウ","1993-12-26","New Zealand; Auckland",NA,NA,202,109,"Lock; Flanker"
"Q21622963","Shaun Stevenson","ショーン・スティーブンソン","1996-11-14","New Zealand; Auckland",NA,NA,190,92,"Fullback; Winger"
"Q21623068","Joe Taufete'e","ジョー・タウフェテ","1992-10-04","American Samoa",NA,NA,183,125,"Prop; Hooker"
"Q21623095","Gareth Thomas","ガレス・トーマス","1993-09-01","Wales; Ceredigion",NA,NA,188,118,"Prop"
"Q21623166","James Tucker","ジェームス・タッカー","1994-08-05","New Zealand; Christchurch",NA,NA,197,115,"Lock"
"Q21623168","Gerard Cowley-Tuioti","ジェラード・カウリートゥイオティ","1992-06-16","New Zealand; Auckland",NA,NA,196,112,"Lock; Flanker"
"Q21623176","George Turner","ジョージ・ターナー","1992-10-08","Scotland; Edinburgh",NA,NA,180,105,"Hooker"
"Q21623186","Sam Underhill","サム・アンダーヒル","1996-07-22","United States; Ohio; Dayton",NA,NA,186,103,"Flanker"
"Q21623201","Sam Vaka","サム・ヴァカ","1992-10-26","New Zealand; Ōtāhuhu",NA,NA,186,95,"Centre"
"Q21623211","Gerdus van der Walt","ヘルダス・ファンデルヴォルト","1995-04-02","South Africa; Potchefstroom",NA,NA,184,100,"Centre"
"Q21623263","Chris Vui","クリス・ブイ","1993-02-11","New Zealand; Auckland",NA,NA,197,118,"Lock; Flanker"
"Q21623285","Owen Watkin","オーウェン・ワトキン","1996-10-12","Wales; Bridgend",NA,NA,188,100,"Centre"
"Q21623324","Tomos Williams","トモス・ウィリアムズ","1995-01-01","Wales; Treorch",NA,NA,178,77,"Scrum-Half"
"Q21642478","Siegfried Fisiihoi","ジークフリート・フィシイホイ","1987-06-08","Vavaʻu",NA,NA,184,125,"Prop"
"Q21698423","Yasunori Nagatomo","長友 泰憲","1985-05-03","Miyazaki Prefecture; Koyu District; Miyazaki",NA,NA,177,84,"Winger"
"Q21701142","Tatsukichi Nishiura","西浦 達吉","1976-02-20","Miyazaki Prefecture",NA,NA,NA,NA,"Prop"
"Q21701385","Yasuki Hayashi","林 泰基","1985-04-26","Osaka Prefecture",NA,NA,176,85,"Centre; Fly-Half"
"Q21701781","Kenta Fujiwara","藤原 健太","1992-01-24",NA,NA,NA,179,91,"Winger"
"Q21701869","Susumu Hosokawa","細川 進","1978-10-18","Iwate Prefecture; Shiwa; Iwate",NA,NA,NA,NA,"Winger; Scrum-Half"
"Q21702182","Masaru Mabuchi","馬渕 勝","1982-05-26","Osaka Prefecture",NA,NA,188,100,"Number 8"
"Q21702256","Yūya Mizumoto","水本 裕也","1992-02-18","Fukuoka Prefecture",NA,NA,180,100,"Prop"
"Q21872408","Ryuhei Arita","有田 隆平","1989-03-21","Japan; Fukuoka Prefecture; Chikushi District; Fukuoka",NA,NA,176,98,"Hooker"
"Q21872441","Tim Bond","ティモシー・ボンド","1989-10-25","Christchurch",NA,NA,194,113,"Lock"
"Q21872455","Derek Carpenter","デレック・カーペンター","1988-07-26","New Zealand; Whangārei",NA,NA,183,95,"Fly-Half; Centre"
"Q21872539","Yoshiya Hosoda","細田 佳也","1987-08-05","Japan; Nagano Prefecture; Iida; Nagano",NA,NA,192,103,"Flanker"
"Q21872548","Daisuke Inoue","井上 大介","1989-11-16","Japan; Nara Prefecture",NA,NA,173,81,"Scrum-Half"
"Q21872574","Fa'atiga Lemalu","ファアティンガ・レマル","1989-04-17","Auckland",NA,NA,200,115,"Lock; Flanker"
"Q21872625","Tsuyoshi Murata","村田 毅","1988-12-15","Japan; Kanagawa Prefecture; Yokohama",NA,NA,185,105,"Flanker"
"Q21872649","Paea Mifi Poseti","パエア ミフィポセチ","1987-07-06","Tonga",NA,NA,178,108,"Centre"
"Q21872671","Yasutaka Sasakura","笹倉 康誉","1988-08-04","Japan; Kanagawa Prefecture",NA,NA,186,88,"Centre; Fullback"
"Q21928085","Shinnosuke Kakinaga","垣永 真之介","1991-12-19","Japan; Fukuoka Prefecture; Fukuoka",NA,NA,180,115,"Prop"
"Q21997547","Nick Grigg","ニック・グリッグ","1992-09-18","New Zealand; Tower Flat",NA,NA,178,90,"Centre"
"Q22003832","Tom Cusack","トム・キューザック","1993-03-01","Australia; Canberra",NA,NA,191,101,"Flanker"
"Q22005006","Lewis Holland","ルイス・ホラード","1993-01-14","Australia; New South Wales; Queanbeyan",NA,NA,182,83,"Winger"
"Q22005485","Henry Hutchison","ヘンリー・ハッチソン","1997-02-12","Australia; New South Wales; Sydney",NA,NA,175,86,"Winger"
"Q22006373","Amanaki Taiyo Lotoahea","ロトアヘア アマナキ大洋","1990-04-14","Tonga",NA,NA,191,107,"Centre"
"Q22006578","Nick Malouf","ニック・マルーフ","1993-03-19","Australia",NA,NA,186,96,"Winger; Centre"
"Q22084250","Jerry Sexton","ジェリー・セクストン","1993-01-20","Republic of Ireland; County Dublin; Dublin",NA,NA,196,113,"Lock"
"Q22097008","Garrett Bender","ギャレット・ベンダー","1991-12-02","United States; Minnesota; Minneapolis",NA,NA,193,102,"Centre"
"Q22098001","Savenaca Rawaca","サヴェナザ・ラワザ","1991-08-20","Fiji",NA,NA,180,108,"Centre"
"Q22098233","Dylan Sage","ディラン・セイジ","1992-01-24","South Africa; Western Cape; Cape Town",NA,NA,187,87,"Winger"
"Q22117239","Alivereti Raka","アリヴェルティ・ラカ","1994-12-09","Fiji; Naitasiri",NA,NA,184,88,"Winger"
"Q22117295","Arthur Iturria","アルトゥール・イトゥリア","1994-05-13","France; Pyrénées-Atlantiques; Bayonne",NA,NA,198,109,"Lock; Flanker"
"Q22117973","Taihei Ueda","上田 泰平","1982-03-03","Japan; Fukuoka Prefecture",NA,NA,NA,NA,"Winger; Centre; Fullback"
"Q22118114","Tatsuhiko Ōtao","大田尾 竜彦","1982-01-31","Saga Prefecture; Saga (city)",NA,NA,181,93,"Fly-Half"
"Q22118314","Tateo Kanai","金井 健雄","1984-11-05","Japan; Gunma Prefecture; Ōta; Gunma",NA,NA,175,111,"Prop"
"Q22119474","Hidetatsu Tsuboi","坪井 秀龍","1989-03-21","Japan; Okayama Prefecture",NA,NA,NA,NA,"Prop"
"Q22119698","Masato Toyoda","豊田 真人","1984-11-19","Kyoto Prefecture",NA,NA,186,105,"Number 8"
"Q22119781","Shinsuke Nakamura","仲村 慎祐","1987-08-18","Hyōgo Prefecture; Nishinomiya",NA,NA,190,120,"Prop; Lock"
"Q22119972","Daiki Hashimoto","橋本 大輝","1987-02-07","Fukuoka Prefecture; Kitakyushu",NA,NA,184,100,"Flanker"
"Q22120122","Takafumi Hirao","平尾 剛","1975-05-03","Japan; Osaka Prefecture; NA",NA,NA,182,85,"Fullback; Winger; "
"Q22120140","Shōhei Hirano","平野 翔平","1993-08-03","Japan; Fukuoka Prefecture",NA,NA,178,120,"Prop"
"Q22120156","Phillip Searle Finau","フィナウ フィリペサーリ","1989-02-15","Tonga; Houma; Houma (Tongatapu)",NA,NA,178,98,"Flanker"
"Q22120194","Jun Fujii","藤井 淳","1982-08-10","Aichi Prefecture",NA,NA,170,77,"Scrum-Half"
"Q22120212","Makoto Fujiwara","藤原 誠","1982-01-22","Iwate Prefecture; Shiwa; Iwate",NA,NA,NA,NA,"Winger; Scrum-Half; Fullback"
"Q22120295","Satoshi Hosokawa","細川 諭","1987-10-27","Iwate Prefecture",NA,NA,168,70,"Scrum-Half"
"Q22120312","Kyosuke Horie","堀江 恭佑","1990-07-11","Japan; Tokyo",NA,NA,184,107,"Number 8"
"Q22120389","Yūji Matsubara","松原 裕司","1979-09-05","Osaka Prefecture; Osaka",NA,NA,180,100,"Hooker"
"Q22120405","Mahe Tuvi","マヘ トゥビ","1980-09-21","Tonga",NA,NA,183,109,"Prop"
"Q22120600","Kenji Murata","村田 賢史","1987-05-17","Kyoto Prefecture",NA,NA,174,81,"Fly-Half"
"Q22120601","Daishi Murata","村田 大志","1988-05-29","Nagasaki Prefecture; Isahaya; Nagasaki",NA,NA,180,87,"Centre"
"Q22120632","Yūta Mochizuki","望月 雄太","1981-08-21","Kanagawa Prefecture; Hadano; Kanagawa; NA",NA,NA,184,98,"Flanker"
"Q22120651","Kaito Morikawa","森川 海斗","1988-05-27","Japan; Chiba Prefecture",NA,NA,175,88,"Centre"
"Q22120682","Ryūta Yasui","安井 龍太","1989-12-06","Japan; Kyoto Prefecture; Kyoto",NA,NA,187,105,"Flanker"
"Q22120871","Q22120871","ルイ ラターヘーパエア","1981-06-08","Tonga",NA,NA,190,115,"Lock"
"Q22120909","Takayuki Watanabe","渡邉 隆之","1994-05-27","Japan; Hokkaido; Otaru",NA,NA,180,120,"Prop"
"Q22125760","Tim Bennetts","ティム・ベネット","1990-08-01","Australia; New South Wales; Sydney",NA,NA,183,92,"Centre"
"Q22127693","Takehiro Miura","三浦 健博","1976-09-16","Iwate Prefecture; Ōtsuchi; Iwate",NA,NA,NA,NA,"Lock"
"Q22131633","Kōsuke Matsui","松井 康輔","1982-07-13","Akita Prefecture",NA,NA,NA,NA,"Hooker"
"Q22210349","François Cros","フランソワ・クロス","1994-03-25","France; Toulouse",NA,NA,190,107,"Flanker"
"Q22276966","Florin Bârdașu","フロリン・バルダシュ","1991-09-23","Romania; Vrancea County; Negrireshti",NA,NA,174,102,"Hooker"
"Q22704225","Mattia Bellini","マッティア・ベッリーニ","1994-02-08","Italy; Veneto; Province of Padua; Padua",NA,NA,193,101,"Winger"
"Q23664699","Nate Augspurger","ネイト・オーギュスパーガー","1990-01-31","United States; Minnesota; Minneapolis",NA,NA,170,77,"Scrum-Half"
"Q23664876","Koki Yamamoto","山本 幸輝","1990-10-29","Japan; Shiga Prefecture",NA,NA,181,116,"Prop"
"Q23751588","Q23751588","徐 吉嶺","1985-03-05","Aichi Prefecture",NA,NA,180,95,"Winger"
"Q23765759","Chance Peni","チャンス・ペニー","1994-01-17","New Zealand; Invercargill",NA,NA,190,97,"Centre"
"Q23771546","Reece Hodge","リース・ホッジ","1994-08-26","Manly Council",NA,NA,189,90,"Centre; Winger; Fullback; Fly-Half"
"Q23771627","Yoshizumi Takeda","竹田 宜純","1991-04-29","Japan; Nara Prefecture",NA,NA,180,94,"Fullback"
"Q23799336","Martin Iosefo","マルティン・イオセフォ","1990-01-13","United States; Hawaii; Honolulu",NA,NA,185,97,"Centre"
"Q23883108","Lomano Lemeki","レメキ ロマノ ラヴァ","1989-01-20","New Zealand; Auckland",NA,NA,177,92,"Winger; Fullback"
"Q23883345","Jasa Veremalua","ジェサ・ヴェレマルーア","1988-05-29","Fiji",NA,NA,195,98,"Flanker; Winger; Centre"
"Q23887846","Suliasi Vunivalu","スリ・ヴニヴァル","1995-11-27","Fiji; Suva",NA,NA,192,99,"Winger"
"Q23926441","Stephen Parez","スティーブン・ペレス","1994-08-01","France",NA,NA,174,75,"Winger; Centre"
"Q23926444","Steeve Barry","スティーブ・バリー","1991-04-18","France",NA,NA,181,85,"Scrum-Half"
"Q23978282","Enrique Pieretto","エンリケ・ピエレット","1994-12-15","Argentina; Córdoba Province; Córdoba",NA,NA,186,122,"Prop"
"Q24005017","Diego Magno","ディエゴ・マグノ","1989-04-27","Uruguay; Montevideo Department; Montevideo",NA,NA,187,105,"Flanker"
"Q24005097","Hajime Yamashita","山下 一","1992-06-14","Nagasaki Prefecture",NA,NA,180,85,"Fullback"
"Q24005337","Josh Adams","ジョシュ・アダムス","1995-04-21","Wales; Swansea",NA,NA,185,94,"Winger; Fullback"
"Q24005528","Sione Tuipulotu","シオネ・トゥイプロトゥ","1997-12-02","Australia; Frankston; Victoria",NA,NA,179,104,"Centre"
"Q24006305","Mike Te'o","マイク・テオ","1993-07-23","United States; California; Long Beach",NA,NA,173,93,"Winger; Fullback"
"Q24006925","Tom Robertson","トム・ロバートソン","1994-08-28","Australia; New South Wales; Wellington",NA,NA,180,107,"Prop"
"Q24007252","Lukhan Salakaia-Loto","ルカン・サラカイアロト","1996-09-19","New Zealand; Auckland",NA,NA,198,116,"Lock; Flanker; Number 8"
"Q24258847","Shaun Davies","ショーン・デービス","1989-06-21","South Africa; KwaZulu-Natal; Durban",NA,NA,170,81,"Scrum-Half"
"Q24450993","Dewald Human","デワルト・ヒューマン","1995-05-19","South Africa; Western Cape; Uniondale",NA,NA,168,70,"Fly-Half; Fullback"
"Q24451683","Nika Khatiashvili","ニコロズ・カティアシヴィリ","1992-05-22","Georgia (country); Tbilisi",NA,NA,177,116,"Prop"
"Q24451746","Ellis Genge","エリス・ゲンジ","1995-02-16","England; Bristol",NA,NA,186,116,"Prop"
"Q24451809","Ollie Lindsay-Hague","オリー・リンゼイ＝ヘイグ","1990-10-08","London",NA,NA,180,82,"Winger; Fullback"
"Q24549053","Will Magie","ウィル・マギー","1992-02-23","England; London",NA,NA,183,84,"Fly-Half; Fullback"
"Q24572643","Masivesi Dakuwaqa","マスヴェシ・ダクワカ","1994-02-14","Nadi",NA,NA,189,96,"Winger"
"Q24574383","Pietro Ceccarelli","ピエトロ・チェッカレリ","1992-02-16","Italy; Rome",NA,NA,184,118,"Prop"
"Q24579182","Joseph Manu","ジョセフ・マヌ","1996-06-29","New Zealand; Hamilton",NA,NA,192,98,"Winger; Centre; Fullback"
"Q24809717","Ramiro Moyano Joya","ラミロ・モジャーノ","1990-05-28","Argentina; Tucumán Province; San Miguel de Tucumán",NA,NA,180,85,"Winger; Fullback"
"Q24809849","Billy Dardis","ビリー・デーヴィス","1995-01-31","Republic of Ireland; County Dublin; Dublin",NA,NA,177,85,"Fullback"
"Q24859898","Yūya Mizoguchi","溝口 裕哉","1989-11-03","Miyazaki Prefecture",NA,NA,183,92,"Centre"
"Q24859975","Hiroaki Sugimoto","杉本 博昭","1989-02-27","Japan; Osaka Prefecture",NA,NA,181,106,"Hooker; Number 8"
"Q24860252","Kenta Nakasone","仲宗根 健太","1989-04-05","Kanagawa Prefecture; Kawasaki; Kanagawa",NA,NA,180,101,"Flanker"
"Q24860517","Ryutaro Takemoto","竹本 竜太郎","1988-05-19","Nagasaki Prefecture; Nagasaki",NA,NA,172,82,"Fullback"
"Q24860744","Kenji Hayata","早田 健二","1987-05-26","Japan; Fukuoka Prefecture",NA,NA,175,81,"Winger; Centre"
"Q24861029","Michiro Takai","高井 迪郎","1989-12-13","Japan; Ōita Prefecture",NA,NA,187,95,"Flanker"
"Q24861209","Yoshitaka Tokunaga","德永 祥尭","1992-04-10","Japan; Hyōgo Prefecture",NA,NA,185,100,"Flanker; Number 8"
"Q24861686","Kōhei Yoshida","吉田 康平","1989-12-29","Japan; Kyoto Prefecture",NA,NA,184,106,"Prop"
"Q24861813","Yoshikazu Morita","森田 佳寿","1989-05-14","Nara Prefecture",NA,NA,173,85,"Fly-Half"
"Q24862318","Keiichi Tanaka","田中 圭一","1989-10-25","Japan; Saga Prefecture",NA,NA,181,120,"Prop"
"Q24862329","Shūhei Ōshima","大島 脩平","1988-09-16","Kyoto Prefecture",NA,NA,180,82,"Winger"
"Q24862639","Daisuke Musha","武者 大輔","1990-05-18","Japan; Miyagi Prefecture; Watari; Miyagi",NA,NA,177,93,"Flanker"
"Q24862677","Keisuke Masuda","増田 慶介","1988-05-02","Tokyo",NA,NA,183,96,"Centre"
"Q24862768","Kōichi Sugimoto","杉本 晃一","1986-05-31","Japan; Osaka Prefecture",NA,NA,188,105,"Lock; Flanker; Number 8"
"Q24863513","Shinji Nakazono","中園 真司","1986-01-11","Fukuoka Prefecture; Kurume",NA,NA,171,77,"Winger"
"Q24863539","Akio Takano","高野 彬夫","1983-11-14","Nara Prefecture",NA,NA,174,86,"Centre"
"Q24863903","Kazuhiro Goya","合谷 和弘","1993-04-21","Fukuoka Prefecture; Ōnojō",NA,NA,170,78,"Fly-Half; Centre; Fullback"
"Q24863956","Shindo Kamaike","釜池 真道","1986-10-23","Osaka Prefecture",NA,NA,174,88,"Centre"
"Q24864310","Yoshiaki Tsurugasaki","鶴ヶ崎 好昭","1990-01-09","Aomori Prefecture",NA,NA,185,93,"Winger"
"Q24864343","Tomohiro Shōkai","正海 智大","1989-09-14","Kumamoto Prefecture",NA,NA,186,90,"Winger; Fullback"
"Q24864404","Atsushi Sakate","坂手 淳史","1993-06-21","Japan; Kyoto Prefecture",NA,NA,180,104,"Hooker"
"Q24864493","Yuga Hyakutake","百武 優雅","1990-06-25","Fukuoka Prefecture",NA,NA,174,82,"Centre"
"Q24864585","Ippei Okada","岡田 一平","1994-02-16","Japan; Osaka Prefecture",NA,NA,166,80,"Scrum-Half; Centre"
"Q24864604","Takaaki Nakazuru","中靏 隆彰","1990-10-24","Japan; Fukuoka Prefecture; Fukuoka",NA,NA,177,83,"Winger"
"Q24864683","Shunta Nakamura","中村 駿太","1994-02-28","Japan; Tokyo; Suginami",NA,NA,176,105,"Hooker"
"Q24864704","Kanzō Nakahama","中濱 寛造","1988-09-28","Japan; Osaka Prefecture; Osaka",NA,NA,176,85,"Winger"
"Q24864967","Takayuki Yamauchi","山内 貴之","1986-06-17","Akita Prefecture",NA,NA,180,88,"Centre"
"Q24864996","Ryota Hasegawa","長谷川 崚太","1993-05-12","Japan; Chiba Prefecture",NA,NA,188,98,"Lock; Flanker"
"Q24865090","Ryuji Noguchi","野口 竜司","1995-07-15","Japan; Osaka Prefecture; Higashiōsaka",NA,NA,177,83,"Winger; Fullback"
"Q24865174","Taiki Matsunobu","松延 泰樹","1990-04-25","Japan; Osaka Prefecture",NA,NA,186,92,"Winger; Fullback"
"Q24865287","Tokirō Harada","原田 季郎","1990-07-09","Fukuoka Prefecture",NA,NA,164,70,"Winger; Fullback"
"Q24865513","Yusuke Aramaki","荒牧 佑輔","1988-12-01","Japan; Fukuoka Prefecture",NA,NA,178,83,"Fly-Half"
"Q24865536","Takashi Toyomae","豊前 貴士","1987-04-21","Gunma Prefecture",NA,NA,177,90,"Winger"
"Q24865568","Hiroaki Ishizuka","石塚 弘章","1993-12-28","Japan; Tokyo",NA,NA,188,88,"Fullback"
"Q24865637","Yoichi Iijima","飯島 陽一","1983-09-06","Hungary",NA,NA,189,102,"Lock"
"Q24865744","Ryo Tsuruda","鶴田 諒","1988-12-08","Japan; Yamanashi Prefecture; Yamanashi (city)",NA,NA,174,89,"Scrum-Half; Winger"
"Q24865779","Sho Takenaka","竹中 祥","1992-08-12","Japan; Miyazaki Prefecture",NA,NA,176,90,"Winger"
"Q24866011","Takumi Mikami","三上 匠","1990-05-15","Aomori Prefecture",NA,NA,192,103,"Lock"
"Q24866165","Tatsuji Yoshida","吉田 竜二","1988-02-03","Japan; Osaka Prefecture; Osaka",NA,NA,175,105,"Hooker"
"Q24866193","Daiki Yanagawa","柳川 大樹","1989-02-19","Japan; Tokushima Prefecture; Tokushima (city)",NA,NA,191,108,"Lock; Flanker"
"Q24866227","Noriya Kobayashi","小林 訓也","1984-07-14","Japan; Niigata Prefecture; Niigata (city)",NA,NA,185,105,"Flanker"
"Q24866296","Tsuyoshi Iguchi","井口 剛志","1989-12-21","Kyoto Prefecture; Kyoto",NA,NA,180,87,"Fullback"
"Q24866569","Naoya Minamihashi","南橋 直哉","1989-08-10","Japan; Kyoto Prefecture; Kyoto",NA,NA,178,88,"Centre"
"Q24866578","Yūta Katō","加藤 祐太","1985-08-29","Miyagi Prefecture; Sendai",NA,NA,180,92,"Fullback"
"Q24866705","Kenichiro Iwamoto","岩本 健一朗","1984-01-27","Osaka Prefecture",NA,NA,185,85,"Winger"
"Q24866707","Yoshiki Niizeki","新関 世志輝","1990-02-03","Yamagata Prefecture",NA,NA,192,115,"Lock"
"Q24866835","Kazuki Takamori","高森 一輝","1991-08-13","Chiba Prefecture",NA,NA,178,97,"Flanker; Number 8"
"Q24866974","Satoshi Tsuruoka","鶴岡 怜志","1990-07-28","Chiba Prefecture",NA,NA,180,88,"Flanker; Number 8"
"Q24867014","Shinsuke Ono","小野 慎介","1989-10-30","Chiba Prefecture; Inzai",NA,NA,181,115,"Prop"
"Q24867128","Ryotaro Suzuki","鈴木 亮大郎","1989-12-10","Iwate Prefecture; Takizawa; Iwate",NA,NA,176,105,"Hooker"
"Q24867187","Takumi Itō","伊藤 拓巳","1990-01-20","Tokyo",NA,NA,180,88,"Winger"
"Q24867338","Yuho Ashiya","芦谷 勇帆","1991-07-02","Kyoto Prefecture",NA,NA,190,95,"Lock"
"Q24867500","Takehito Namekawa","滑川 剛人","1990-01-01","Tokyo",NA,NA,164,73,"Scrum-Half"
"Q24867651","Masaru Sugaya","菅谷 優","1990-05-21","Tokyo; Adachi",NA,NA,173,83,"Winger; Fullback"
"Q24867669","Mao Enoki","榎 真生","1991-03-02","Chiba Prefecture",NA,NA,178,125,"Prop"
"Q24867777","Nobutaka Ubukata","生方 信孝","1988-03-28","Japan; Saitama Prefecture",NA,NA,169,82,"Winger; Scrum-Half"
"Q24867907","Shintaro Ishihara","石原 慎太郎","1990-06-17","Japan; Tokyo; Mitaka",NA,NA,181,108,"Prop"
"Q24868026","Takahiro Ogawa","小川 高廣","1991-03-18","Japan; Fukuoka Prefecture",NA,NA,172,73,"Scrum-Half"
"Q24868075","Hiroki Yamamoto","山本 浩輝","1992-11-17","Japan; Osaka Prefecture",NA,NA,187,95,"Flanker"
"Q24868153","Motoki Yamazaki","山崎 基生","1988-11-25","Japan; Kagawa Prefecture; Takamatsu",NA,NA,174,110,"Prop"
"Q24868250","Keisuke Sakamoto","阪本 圭輔","1990-11-06","Osaka Prefecture; Misaki; Osaka",NA,NA,177,86,"Fly-Half"
"Q24868404","Yoshihiro Sononaka","園中 良寛","1991-03-22","Japan; Kagoshima Prefecture",NA,NA,189,107,"Lock"
"Q24868470","Shingo Nakashima","中島 進護","1992-12-06","Japan; Fukuoka Prefecture; Fukuoka",NA,NA,187,100,"Lock; Flanker"
"Q24868637","Naoki Sarugaku","猿楽 直希","1990-04-04","Fukuoka Prefecture",NA,NA,179,82,"Centre"
"Q24868789","Chikara Itō","伊東 力","1990-01-11","Japan; Nagasaki Prefecture; Nagasaki",NA,NA,173,80,"Winger"
"Q24868871","Shōta Emi","江見 翔太","1991-12-08","Indonesia; Jakarta",NA,NA,183,93,"Centre"
"Q24869090","Rakuhei Yamashita","山下 楽平","1992-01-30","Japan; Kyoto Prefecture; Uji",NA,NA,174,84,"Winger"
"Q24869114","Masahiko Nakagawa","中川 昌彦","1988-07-15","Osaka Prefecture; Osaka",NA,NA,183,115,"Prop"
"Q24869247","Taisei Hayashi","林 大成","1992-06-27","Osaka Prefecture",NA,NA,176,90,"Centre"
"Q24869268","Atsushi Tanabe","田邉 淳","1978-06-25","Nara Prefecture",NA,NA,171,76,"Centre; Fullback"
"Q24869348","Tatsuya Araki","荒木 達也","1987-11-05","Hokkaido; Otaru",NA,NA,171,92,"Number 8; Flanker"
"Q24869421","Ryōta Suginaga","杉永 亮太","1992-06-29","Japan; Nagasaki Prefecture",NA,NA,184,100,"Number 8; Flanker"
"Q24869560","Futoshi Mori","森 太志","1988-04-25","Japan; Tokyo",NA,NA,175,103,"Hooker"
"Q24869618","Hikaru Ishizawa","石澤 輝","1991-05-12","Tokyo",NA,NA,180,112,"Prop"
"Q24869740","Yūta Nakano","中野 裕太","1989-11-16","Japan; Fukuoka Prefecture; Kitakyushu",NA,NA,180,100,"Number 8"
"Q24869761","Takuya Miyata","宮田 拓哉","1988-07-11","Osaka Prefecture",NA,NA,174,83,"Winger; Fullback"
"Q24869777","Takashi Satō","佐藤 貴志","1981-06-10","Osaka Prefecture; Hirakata",NA,NA,174,84,"Scrum-Half"
"Q24869837","Yoshimitsu Yasue","安江 祥光","1984-08-25","Japan; Chiba Prefecture; Chiba (city)",NA,NA,176,109,"Hooker"
"Q24869857","Mitsugu Yamamoto","山本 貢","1981-05-12","Okayama Prefecture; Kurashiki",NA,NA,176,107,"Hooker; Prop"
"Q24869882","Michiyoshi Morita","森田 慶良","1990-07-07","Osaka Prefecture",NA,NA,176,85,"Fly-Half"
"Q24869883","Koichiro Kubota","窪田 幸一郎","1978-09-15","Yamanashi Prefecture",NA,NA,177,80,"Winger"
"Q24870015","Jumpei Ogura","小倉 順平","1992-07-11","Japan; Tokyo; Hachiōji",NA,NA,172,82,"Fly-Half"
"Q24870053","Masaki Midorikawa","緑川 昌樹","1988-09-04","Japan; Osaka Prefecture",NA,NA,173,96,"Hooker"
"Q24870137","Takahiro Sugiura","杉浦 敬宏","1983-10-04","Aichi Prefecture",NA,NA,177,105,"Prop"
"Q24870190","Kōhei Yamaguchi","山口 浩平","1990-08-11","Osaka Prefecture",NA,NA,188,108,"Lock"
"Q24870427","Sione Vatuvei","バツベイ シオネ","1983-03-14","Tonga",NA,NA,190,105,"Number 8"
"Q24870614","Yūki Miyamae","宮前 勇規","1990-08-03","Osaka Prefecture",NA,NA,176,87,"Winger"
"Q24870769","Masaaki Murashita","村下 雅章","1987-06-23","Kyoto Prefecture",NA,NA,186,108,"Lock"
"Q24871086","Kazushi Hano","羽野 一志","1991-06-21","Japan; Aichi Prefecture; Nagoya",NA,NA,185,87,"Fullback"
"Q24871134","Kōsuke Hashino","橋野 皓介","1987-11-20","Osaka Prefecture; Hirakata",NA,NA,176,83,"Winger; Fullback"
"Q24871271","Kengo Kitagawa","北川 賢吾","1992-08-27","Japan; Fukuoka Prefecture",NA,NA,178,115,"Prop"
"Q24871372","Kazuma Miyata","宮田 一馬","1990-07-25","Osaka Prefecture",NA,NA,178,84,"Winger; Fullback"
"Q24871412","Yasutake Nagashita","永下 安武","1985-08-18","Osaka Prefecture",NA,NA,171,94,"Hooker"
"Q24871548","Takuya Ishibashi","石橋 拓也","1992-08-19","Japan; Fukuoka Prefecture; Kitakyushu",NA,NA,181,92,"Centre"
"Q24871650","Daisuke Natsui","夏井 大輔","1988-10-27","Akita Prefecture",NA,NA,188,90,"Fullback"
"Q24871667","Katsuyuki Sakai","坂井 克行","1988-09-07","Japan; Mie Prefecture",NA,NA,172,85,"Centre"
"Q24871706","Eiri Nakada","中田 英里","1988-11-16","Tokyo",NA,NA,194,113,"Lock"
"Q24871731","Wataru Kanemoto","金本 航","1990-10-10","Kumamoto Prefecture",NA,NA,186,98,"Number 8"
"Q24871852","Latuila Repuha","ラトゥイラ レプハ","1985-01-19","Tonga",NA,NA,189,109,"Number 8; Flanker"
"Q24871995","Shigeru Kohiyama","小樋山 樹","1989-10-13","Fukuoka Prefecture",NA,NA,170,79,"Scrum-Half"
"Q24872192","Yōsuke Takahashi","高橋 洋丞","1991-08-06","Saitama Prefecture",NA,NA,180,102,"Prop"
"Q24872214","Takashi Suzuki","鈴木 貴士","1981-01-18","Japan; Chiba Prefecture; Ichikawa; Chiba",NA,NA,166,73,"Winger"
"Q24872414","Shota Hagizawa","萩澤 正太","1990-01-19","Hokkaido",NA,NA,187,105,"Lock; Flanker"
"Q24872435","Masaki Watanabe","渡邊 昌紀","1989-09-07","Japan; Yamanashi Prefecture; Fujikawaguchiko",NA,NA,175,80,"Winger"
"Q24872690","Hiroki Miyamoto","宮本 啓希","1986-10-03","Nara Prefecture; Ikoma; Nara",NA,NA,175,87,"Centre"
"Q24872783","Makoto Katō","加藤 誠央","1990-08-01","Japan; Yamaguchi Prefecture",NA,NA,176,88,"Winger; Fullback"
"Q24872787","Satoshi Saita","才田 智","1993-06-07","Japan; Fukuoka Prefecture",NA,NA,181,125,"Prop"
"Q24872900","Akira Nakamura","中村 彰","1987-08-25","Fukuoka Prefecture",NA,NA,173,98,"Hooker"
"Q24873081","Satoshi Ōshima","大島 佐利","1988-01-01","Tochigi Prefecture; Tochigi (city)",NA,NA,181,97,"Flanker; Number 8"
"Q24873092","Teruya Goto","後藤 輝也","1991-12-18","Japan; Yamanashi Prefecture",NA,NA,177,80,"Winger"
"Q24873128","Shinri Tabuchi","田淵 慎理","1992-08-12","Japan; Nara Prefecture",NA,NA,179,105,"Flanker; Number 8"
"Q24873146","Shunya Gotō","後藤 駿弥","1989-12-04","Mie Prefecture",NA,NA,188,90,"Lock; Flanker"
"Q24873503","Teppei Akiyama","秋山 哲平","1991-06-22","Japan; Fukuoka Prefecture",NA,NA,173,100,"Hooker"
"Q24873543","Naoki Nagano","長野 直樹","1989-01-09","Hyōgo Prefecture; Kobe",NA,NA,174,82,"Winger; Fullback"
"Q24873588","Hiroki Mizuno","水野 弘貴","1981-10-08","Kyoto Prefecture",NA,NA,170,77,"Winger; Fullback"
"Q24873804","Ryūta Ueno","上野 隆太","1985-10-02","Kyoto Prefecture",NA,NA,174,100,"Hooker"
"Q24873824","Shōya Matsuhama","松波 昭哉","1992-04-11","Japan; Fukuoka Prefecture",NA,NA,186,110,"Prop"
"Q24873860","Kaoru Matsushita","松下 馨","1983-11-23","Hyōgo Prefecture",NA,NA,185,88,"Winger; Fullback"
"Q24873918","Masakatsu Hikosaka","彦坂 匡克","1991-01-18","Japan; Aichi Prefecture",NA,NA,177,92,"Winger"
"Q24873950","Hideaki Suzuki","鈴木 秀明","1993-03-04","Kanagawa Prefecture",NA,NA,182,95,"Flanker"
"Q24873970","Dai Ozawa","小澤 大","1989-05-08","Japan; Gifu Prefecture",NA,NA,183,89,"Winger; Fullback"
"Q24874032","Kōsuke Kigami","木上 鴻佑","1993-01-25","Japan; Kyoto Prefecture; Kyoto",NA,NA,175,77,"Fly-Half; Centre"
"Q24874182","Shingo Yoshida","吉田 真吾","1988-04-20","Aomori Prefecture",NA,NA,172,82,"Fly-Half; Centre"
"Q24874273","Yoshikatsu Hikosaka","彦坂 圭克","1991-01-18","Japan; Aichi Prefecture",NA,NA,178,99,"Hooker"
"Q24874297","Shōta Yamamoto","山本 将太","1989-07-01","Osaka Prefecture",NA,NA,178,95,"Centre; Fullback"
"Q24874482","Masahiro Noguchi","野口 真寛","1987-05-05","Ibaraki Prefecture",NA,NA,180,98,"Flanker"
"Q24874536","Yūtarō Murai","村井 佑太朗","1992-06-12","Japan; Akita Prefecture",NA,NA,176,77,"Fullback"
"Q24874576","Michael Toloke","トロケ マイケル","1990-05-15","Tonga",NA,NA,182,100,"Centre"
"Q24874612","Sunao Takizawa","瀧澤 直","1986-09-30","Japan; Aichi Prefecture",NA,NA,175,108,"Prop"
"Q24874786","Gōki Amano","天野 豪紀","1987-03-20","Osaka Prefecture",NA,NA,174,107,"Hooker"
"Q24874806","Haruki Saito","斎藤 春樹","1991-03-20","Hokkaido",NA,NA,181,81,"Winger"
"Q24874858","Seiyū Kohara","小原 政佑","1992-08-28","Osaka Prefecture",NA,NA,183,92,"Winger"
"Q24874869","Tarō Satō","佐藤 大朗","1990-04-03","Japan; Tokyo",NA,NA,181,97,"Flanker"
"Q24874966","Sohei Nishimura","西村 颯平","1992-08-20","Japan; Kyoto Prefecture",NA,NA,180,115,"Prop"
"Q24874972","Dallas Tatana","タタナ ダラス","1991-08-27","New Zealand",NA,NA,186,106,"Lock"
"Q24875147","Keisuke Moriya","森谷 圭介","1994-03-04","Japan; Saitama Prefecture",NA,NA,184,90,"Fullback"
"Q24875216","Taiki Watanabe","渡邊 太生","1987-06-23","Iwate Prefecture; Kitakami; Iwate",NA,NA,183,94,"Centre"
"Q24875297","Yuki Shishimoto","四至本 侑城","1988-12-24","Osaka Prefecture",NA,NA,184,106,"Lock; Number 8"
"Q24875342","Eiji Kaneda","金田 瑛司","1993-05-14","Japan; Kyoto Prefecture",NA,NA,172,86,"Fly-Half; Centre"
"Q24875448","Pohiva Yamato Lotoahea","ロトアヘア ポヒヴァ大和","1988-08-10","Tonga",NA,NA,192,111,"Lock"
"Q24875508","Kōta Yamashita","山下 昂大","1990-01-26","Fukuoka Prefecture",NA,NA,180,95,"Flanker"
"Q24875626","Ryūtarō Ueda","上田 竜太郎","1990-06-27","Japan; Fukuoka Prefecture",NA,NA,182,107,"Prop"
"Q24875653","Kenta Tokuda","徳田 健太","1993-10-07","Japan; Hyōgo Prefecture",NA,NA,166,73,"Scrum-Half"
"Q24875706","Raikō Katsuki","勝木 来幸","1992-06-12","Kyoto Prefecture; Kyoto",NA,NA,175,110,"Prop"
"Q24875793","Genki Sudō","須藤 元樹","1994-01-28","Japan; Tokyo; Itabashi",NA,NA,173,110,"Prop"
"Q24875805","Masayoshi Marumi","圓生 正義","1991-04-10","Osaka Prefecture",NA,NA,177,100,"Hooker"
"Q24875892","Kento Takeuchi","竹内 健人","1990-11-16","Osaka Prefecture",NA,NA,176,92,"Flanker"
"Q24875959","Koo Ji-won","具 智元","1994-07-20","South Korea; Seoul",NA,NA,183,122,"Prop"
"Q24875966","Wataru Kobayashi","小林 航","1994-03-22","Japan; Tokyo; Nerima",NA,NA,195,112,"Lock"
"Q24876226","Yuya Taka","髙悠也","1993-09-27","Gunma Prefecture; Maebashi",NA,NA,176,90,"Winger"
"Q24876344","Daisuke Hamano","濱野 大輔","1994-01-06","Japan; Kanagawa Prefecture; Yokohama",NA,NA,172,85,"Centre"
"Q24876373","Tatsurō Konno","今野 達朗","1986-11-28","Ibaraki Prefecture",NA,NA,190,108,"Lock"
"Q24876434","Takuru Suto","須藤 拓輝","1991-11-15","Tokyo; Setagaya",NA,NA,174,97,"Hooker"
"Q24876630","Naoyuki Narayama","楢山 直幸","1990-02-26","Iwate Prefecture; Morioka",NA,NA,177,110,"Prop"
"Q24876709","Shūji Saita","才田 修二","1988-08-14","Japan; Fukuoka Prefecture",NA,NA,180,115,"Prop"
"Q24876747","Yūto Satō","佐藤 勇人","1992-09-21","Japan; Akita Prefecture; Katagami; Akita",NA,NA,182,110,"Prop"
"Q24876993","Naoyuki Tsuji","辻 直幸","1991-01-23","Osaka Prefecture",NA,NA,180,95,"Flanker; Number 8"
"Q24877011","Takuya Kitade","北出 卓也","1992-09-14","Japan; Kyoto Prefecture; Kyoto",NA,NA,180,102,"Hooker"
"Q24877095","Shōta Yamamoto","山本 昌太","1990-05-09","Japan; Osaka Prefecture; Daitō; Osaka",NA,NA,166,66,"Scrum-Half"
"Q24877115","Kosuke Nishibayashi","西林 宏祐","1990-08-31","Osaka Prefecture; Osaka",NA,NA,180,106,"Number 8"
"Q24877136","Yūki Mori","森 雄基","1985-07-05","Japan; Osaka Prefecture; Daitō; Osaka",NA,NA,180,105,"Hooker"
"Q24877154","Naoya Kishi","岸 直弥","1986-10-15","Saitama Prefecture; Moroyama; Saitama",NA,NA,167,101,"Prop; Hooker"
"Q24877208","Yu Chinen","知念 雄","1990-11-18","Japan; Okinawa Prefecture; Okinawa (city)",NA,NA,184,125,"Prop"
"Q24895098","Yūki Moriyama","森山 裕樹","1985-05-29","Hiroshima Prefecture",NA,NA,171,80,"Winger"
"Q24895681","Tōru Wada","和田 透","1950-01-29","Hokkaido",NA,NA,NA,NA,"Hooker; Flanker"
"Q24963359","Vatemo Ravouvou","ヴァテモ・ラヴォウヴォウ","1990-07-31","Australia",NA,NA,178,85,"Fly-Half; Fullback"
"Q24997799","Dylan Collier","ディラン・コリアー","1991-04-27","New Zealand",NA,NA,191,100,"Centre"
"Q25039636","Kitione Taliga","キティオネ・タリガ","1993-04-21","Fiji",NA,NA,186,87,"Fullback"
"Q25266051","Hiroshi Takeyama","竹山 浩史","1985-02-22","Kagoshima Prefecture; Amami Ōshima",NA,NA,175,90,"Number 8; Flanker"
"Q25266054","Yūsuke Hamashima","濱島 悠輔","1985-03-17","Kagoshima Prefecture; Kagoshima",NA,NA,180,88,"Winger"
"Q25266063","Toshiki Amano","天野 寿紀","1990-10-27","Japan; Osaka Prefecture",NA,NA,170,83,"Scrum-Half"
"Q25266067","Yusuke Ochiai","落合 佑輔","1990-04-13","Ōita Prefecture",NA,NA,182,103,"Number 8; Flanker"
"Q25266075","Shinya Ikemachi","池町 信哉","1988-07-13","Hyōgo Prefecture",NA,NA,182,103,"Scrum-Half"
"Q25266083","Takao Manabe","眞壁 貴男","1992-08-20","Japan; Hiroshima Prefecture; Fukuyama; Hiroshima",NA,NA,170,105,"Prop"
"Q25266084","Kazuhiro Shibata","柴田 和宏","1986-08-22","Japan; Tokushima Prefecture; Tsurugi; Tokushima",NA,NA,186,110,"Prop"
"Q25266088","Takuma Takashima","高島 卓久馬","1988-06-24","Hyōgo Prefecture",NA,NA,174,104,"Prop; Hooker"
"Q25266100","Tetsuya Shitara","設樂 哲也","1986-10-03","Gunma Prefecture; Takasaki",NA,NA,175,100,"Hooker"
"Q25266108","Tadahiro Miwa","三輪 忠寛","1987-06-14","Gunma Prefecture",NA,NA,174,84,"Fullback"
"Q25714000","Rob Leota","ロバート・レオタ","1997-03-03","Australia; Victoria (state); Preston",NA,NA,190,110,"Flanker; Number 8"
"Q25714022","Curwin Bosch","カーウィン・ボッシュ","1997-06-25","South Africa; Gqeberha",NA,NA,180,83,"Fly-Half; Fullback"
"Q25751565","Regan Ware","レーガン・ウェア","1994-08-07","New Zealand",NA,NA,188,89,"Winger"
"Q25755558","Hagen Schulte","ハーゲン・シュルテ","1993-01-11","New Zealand; Christchurch",NA,NA,183,90,"Fly-Half; Fullback"
"Q25975828","Ben Pinkelman","ベン・ピンケルマン","1994-06-13","United States; Nebraska; Omaha",NA,NA,193,93,"Flanker"
"Q25975829","Gastón Revol","ガストン・レボル","1986-11-26","Argentina; Córdoba Province; Córdoba",NA,NA,170,76,"Scrum-Half; Fly-Half"
"Q25976293","Sam Dickson","サム・ディクソン","1989-10-28","New Zealand; Christchurch",NA,NA,190,97,"Flanker"
"Q26036414","Jonathan Laugel","ジョナサン・ラウゲル","1993-01-30","Montmorency; Val-d'Oise",NA,NA,194,100,"Centre"
"Q26042308","Tonisio Vaihu","トニシオ・バイフ","1991-02-12","New Zealand; Auckland",NA,NA,177,108,"Centre"
"Q26042986","Hiroya Sawai","沢居 寛也","1990-07-18","Aomori Prefecture; Misawa; Aomori",NA,NA,179,125,"Prop"
"Q26042989","Hirotaka Hirahara","平原 大敬","1986-12-21","Japan; Miyazaki Prefecture",NA,NA,176,116,"Prop"
"Q26043004","Genki Tokushige","徳重 元気","1990-08-27","Japan; Kagoshima Prefecture",NA,NA,180,129,"Prop"
"Q26043073","Shigeki Uemoto","上本 茂基","1983-09-01","Fukuoka Prefecture",NA,NA,175,90,"Number 8"
"Q26043121","Taiki Koyanagi","小柳 泰貴","1984-02-14","Saga Prefecture",NA,NA,177,85,"Winger"
"Q26043139","Yūji Ueki","植木 悠治","1994-01-11","Japan; Osaka Prefecture",NA,NA,180,112,"Prop"
"Q26043209","Kōhei Asahori","浅堀 航平","1994-02-03","Kyoto Prefecture",NA,NA,185,120,"Prop"
"Q26043214","Hideto Kondo","近藤 英人","1993-04-16","Japan; Hyōgo Prefecture",NA,NA,178,84,"Winger; Fullback"
"Q26043266","Toshiki Kuwayama","桑山 聖生","1996-06-06","Japan; Kagoshima Prefecture; Kagoshima",NA,NA,184,95,"Winger; Fullback"
"Q26043307","Kyōhei Tomonaga","友永 恭平","1990-10-04","Osaka Prefecture",NA,NA,184,110,"Prop"
"Q26043383","Tomohiro Oinuma","生沼 知裕","1981-04-30","Japan; Tokyo; Edogawa",NA,NA,190,105,"Lock"
"Q26043498","Masatoshi Kayashima","茅島 雅俊","1989-12-02","Fukuoka Prefecture",NA,NA,174,108,"Prop"
"Q26043536","Kenta Tsujii","辻井 健太","1989-10-17","Japan; Kyoto Prefecture; Kyoto",NA,NA,181,111,"Prop"
"Q26043578","Yoshiharu Minami","南 善晴","1989-05-17","Fukuoka Prefecture",NA,NA,188,92,"Lock; Flanker"
"Q26043686","Takeshi Oyamada","小山田 岳","1989-04-22","Kyoto Prefecture",NA,NA,182,99,"Flanker"
"Q26043779","Takuya Takeuchi","竹内 琢恭","1992-11-06","Osaka Prefecture",NA,NA,182,100,"Number 8; Flanker"
"Q26043882","Yūki Namioka","浪岡 祐貴","1987-05-03","Aomori Prefecture",NA,NA,173,100,"Prop"
"Q26043889","Hiroki Murakawa","村川 浩喜","1992-01-19","Japan; Fukuoka Prefecture",NA,NA,174,98,"Hooker"
"Q26043939","Sō Noda","野田 創","1986-09-30","Aichi Prefecture; Nagoya",NA,NA,182,92,"Winger"
"Q26043999","Shūhei Yamaguchi","山口 修平","1991-09-04","Saga Prefecture",NA,NA,172,72,"Scrum-Half"
"Q26044115","Ryōhei Yoshida","吉田 良平","1984-12-07","Chiba Prefecture",NA,NA,180,90,"Fly-Half"
"Q26044170","Kōki Hirano","平野 航輝","1992-12-11","Nagasaki Prefecture",NA,NA,168,70,"Scrum-Half"
"Q26044310","Hiroki Terada","寺田 大樹","1993-01-07","Akita Prefecture; Akita (city)",NA,NA,195,107,"Lock"
"Q26044335","Kōjirō Fujichika","藤近 紘二郎","1992-01-29","Hiroshima Prefecture",NA,NA,180,86,"Centre"
"Q26044576","Tadanobu Ko","高 忠伸","1980-09-13","Japan; Osaka Prefecture; Osaka",NA,NA,173,84,"Fullback"
"Q26044615","Takamasa Sakai","酒井 教全","1988-07-28","Japan; Saitama Prefecture",NA,NA,NA,NA,"Winger"
"Q26044696","Shinya Shimizu","清水 新也","1992-11-19","Tokyo",NA,NA,176,99,"Hooker"
"Q26044860","Kengo Fukatsu","深津 健吾","1992-04-23","Tokyo; Fuchū",NA,NA,175,86,"Winger; Centre"
"Q26044893","Yōichirō Tsuchiya","土屋 鷹一郎","1989-12-04","Japan; Tokyo",NA,NA,187,103,"Lock"
"Q26045061","Tevita Tatafu","テビタ・タタフ","1996-01-02","American Samoa",NA,NA,183,124,"Number 8"
"Q26045304","Shōta Mizukami","水上 彰太","1993-02-15","Nagasaki Prefecture",NA,NA,192,90,"Flanker"
"Q26045619","Yuin Kon","権 裕人","1992-04-09","Japan; Hyōgo Prefecture; Amagasaki",NA,NA,174,82,"Centre"
"Q26045802","Ryota Kayama","香山 良太","1991-04-06","Fukuoka Prefecture",NA,NA,167,78,"Scrum-Half"
"Q26045939","Akito Kawamata","川俣 晃人","1992-09-02","Tokyo",NA,NA,172,100,"Prop"
"Q26046042","Naoto Tanemoto","種本 直人","1984-05-20","Kanagawa Prefecture; Kawasaki; Kanagawa",NA,NA,174,105,"Hooker; Prop"
"Q26046061","Kōsuke Yamashita","山下 弘資","1988-07-07","Fukuoka Prefecture; Ōnojō",NA,NA,185,102,"Number 8; Flanker"
"Q26046062","Daiki Numajiri","沼尻 大輝","1987-08-07","Saitama Prefecture; Kumagaya",NA,NA,178,86,"Winger; Fullback"
"Q26046073","Yoshiki Nakamura","中村 嘉樹","1983-05-30","Kyoto Prefecture",NA,NA,175,101,"Prop; Hooker"
"Q26046081","Hiroki Ōi","大居 広樹","1988-04-17","Osaka Prefecture",NA,NA,179,82,"Winger; Centre"
"Q26046085","Shogo Miura","三浦 昌悟","1995-06-08","Japan; Akita Prefecture",NA,NA,180,108,"Prop"
"Q26131237","Kobus van Dyk","コーバス・ファンダイク","1994-07-06","South Africa",NA,NA,196,108,"Lock; Flanker; Number 8"
"Q26132721","Apisai Domolailai","アピサイ・ドモライライ","1989-04-16","Fiji",NA,NA,192,98,"Flanker"
"Q26132729","Kameli Raravou Soejima","副島 亀里ララボウラティアナラ","1983-06-01","Fiji",NA,NA,190,94,"Centre"
"Q26155668","Marcos Kremer","マルコス・クレメル","1997-07-30","Argentina; Entre Ríos Province; Concordia; Entre Ríos",NA,NA,195,114,"Lock; Flanker"
"Q26155884","Viliame Mata","ビリアメ・マタ","1991-10-22","Fiji",NA,NA,196,115,"Lock; Flanker; Number 8"
"Q26217950","Axel Müller","アクセル・ムジェル","1993-11-25",NA,NA,NA,183,90,"Winger"
"Q26217953","Tom Mitchell","トム・ミッチェル","1989-07-22","England",NA,NA,177,85,"Fly-Half"
"Q26217964","Lewis Ormond","ルイス・オーモンド","1994-02-05","New Zealand; Hāwera",NA,NA,195,100,"Winger; Centre; Fullback"
"Q26220911","Sam Cross","サム・クロス","1992-08-26","Wales",NA,NA,190,97,"Flanker; Number 8"
"Q26221115","Andrew Amonde","アンドリュー・アモンデ","1983-12-25","Kenya",NA,NA,189,106,"Flanker"
"Q26252952","Sione Molia","シオネ・モリア","1993-09-05","Auckland",NA,NA,186,95,"Fullback"
"Q26259797","Dan Bibby","ダン・ビビー","1991-02-06","Wigan",NA,NA,176,89,"Fly-Half"
"Q26260326","Ruaridh McConnochie","ルーリー・マコノキー","1991-10-23","London; London Borough of Lambeth",NA,NA,189,91,"Winger"
"Q26405158","Richard Hardwick","リチャード・ハードウィック","1994-05-31","Namibia; Khomas Region; Windhoek",NA,NA,183,102,"Flanker"
"Q26405162","Matt Philip","マシュー・フィリップ","1994-03-07","Australia; New South Wales",NA,NA,199,115,"Lock"
"Q26405253","Josh Goodhue","ジョシュ・グッドヒュー","1995-06-13","New Zealand; Huntersville",NA,NA,199,115,"Lock"
"Q26405298","Henry Taefu","ヘンリー・タエフ","1993-04-02","Samoa; Apia",NA,NA,183,100,"Centre"
"Q26405341","Ned Hanigan","ネッド・ハニガン","1995-04-11","Australia; New South Wales; City of Dubbo",NA,NA,194,110,"Lock; Flanker"
"Q26405410","Kaito Shigeno","茂野 海人","1990-11-21","Japan; Osaka Prefecture",NA,NA,170,77,"Scrum-Half"
"Q26405434","Naohiro Kotaki","小瀧 尚弘","1992-06-13","Japan; Kagoshima Prefecture; Kanoya; Kagoshima",NA,NA,194,110,"Lock"
"Q26405439","Kentaro Kodama","児玉 健太郎","1992-01-28","Japan; Fukuoka Prefecture",NA,NA,183,85,"Winger; Fullback"
"Q26405516","Kazuhiko Usami","宇佐美 和彦","1992-03-17","Ehime Prefecture; Saijō; Ehime",NA,NA,198,115,"Lock"
"Q26405777","Jordan Jackson-Hope","ジョーダン・ジャクソン＝ホープ","1996-04-05","Australia; Canberra",NA,NA,175,82,"Fly-Half"
"Q26405780","Ben Hyne","ベン・ハイン","1994-03-07","Australia; Queensland; Rockhampton",NA,NA,194,105,"Lock"
"Q26405885","Lachlan Boshier","ラクラン・ボーシェー","1994-11-16","New Zealand; New Plymouth",NA,NA,191,104,"Flanker"
"Q26405939","Matt Mafi","マット・マフィ","1993-05-26","Australia",NA,NA,178,120,"Prop"
"Q26405989","Viliami Lolohea","ビリアミ・ロロヘア","1993-07-04","Auckland",NA,NA,181,93,"Winger"
"Q26406004","Shokei Kin","金 正奎","1991-10-03","Japan; Osaka Prefecture",NA,NA,177,95,"Hooker"
"Q26436244","Anaru Rangi","アナル・ランギ","1988-10-19","New Zealand; Wellington",NA,NA,181,117,"Hooker"
"Q26436320","Taiyo Ando","安藤 泰洋","1987-08-22","Japan; Akita Prefecture; Oga; Akita",NA,NA,181,96,"Number 8; Flanker"
"Q26436366","Kotaro Yatabe","谷田部 洸太郎","1986-07-29","Japan; Gunma Prefecture",NA,NA,190,105,"Lock"
"Q26472784","Pol Pla","ポール・プラ","1993-02-18","Spain; Catalonia; Province of Barcelona; Barcelona",NA,NA,174,76,"Scrum-Half; Winger; Fullback"
"Q26678268","Ryoto Nakamura","中村 亮土","1991-06-03","Japan; Kagoshima Prefecture; Kagoshima",NA,NA,178,92,"Centre; Fly-Half"
"Q26689671","Takuma Asahara","浅原 拓真","1987-09-07","Japan; Yamanashi Prefecture",NA,NA,179,114,"Prop"
"Q26704593","Rikiya Matsuda","松田 力也","1994-05-03","Japan; Kyoto Prefecture; Kyoto",NA,NA,181,92,"Fly-Half; Inside Centre; Fullback"
"Q26704610","Emiliano Boffelli","エミリアノ・ボフェッリ","1995-01-16","Argentina; Santa Fe Province; Rosario",NA,NA,193,94,"Winger; Centre; Fullback"
"Q26704717","Will Hooley","ウィル・フーリー","1993-11-28","England; Cambridgeshire; Cambridge",NA,NA,188,89,"Winger; Centre"
"Q26704740","Brian Alainu'uese","ブライアン・アライヌウエセ","1994-03-19","New Zealand; Invercargill",NA,NA,202,135,"Lock"
"Q26837893","Jordie Barrett","ジョーディー・バレット","1997-02-17","New Zealand; New Plymouth",NA,NA,196,96,"Winger; Centre; Fullback; Fly-Half"
"Q26838601","Mikheil Babunashvili","ミヘイル・バブナシュヴィリ","1996-05-31","Georgia (country); Kutaisi",NA,NA,195,115,"Lock; Flanker"
"Q26838728","Samuel Oliech","サムエル・オリエク","1993-12-15","Kenya",NA,NA,185,92,"Flanker"
"Q26838729","Billy Odhiambo","ビリー・オディアンボ","1993-11-07","Kenya",NA,NA,184,95,"Fullback"
"Q26845551","Oscar Ouma Achieng","オスカー・オーマ","1989-05-03","Kenya",NA,NA,186,105,"Winger"
"Q26870435","Shohei Toyoshima","豊島 翔平","1989-01-09","Japan; Tokyo",NA,NA,175,85,"Fullback"
"Q26923784","Neil Powell","ニール・パウエル","1978-06-28","Namibia; Khomas Region; Windhoek",NA,NA,NA,NA,"Scrum-Half"
"Q26923808","Tadhg Beirne","タイグ・バーン","1992-01-08","Republic of Ireland; County Kildare; Easttown",NA,NA,198,113,"Lock"
"Q26923916","Joey Carbery","ジョーイ・カーベリー","1995-11-01","New Zealand; Auckland",NA,NA,183,85,"Fly-Half"
"Q26923917","Ross Byrne","ロス・バーン","1995-04-08","Republic of Ireland; Dublin",NA,NA,191,92,"Fly-Half"
"Q26924480","Bautista Ezcurra","バウティスタ・エスクーラ","1995-04-21","Argentina; Buenos Aires",NA,NA,181,90,"Centre"
"Q26924481","Rodrigo Etchart","ロドリゴ・エチャルト","1994-01-24","Argentina; Buenos Aires",NA,NA,175,80,"Winger; Centre"
"Q26924487","Germán Schulz","ヘルマン・シュルツ","1994-02-05","Argentina; Córdoba Province; Córdoba",NA,NA,188,95,"Winger"
"Q27049086","Jamie Bhatti","ジェイミー・バッティ","1993-09-08","Scotland; Stirling",NA,NA,186,120,"Prop"
"Q27063479","Matt Fagerson","マット・ファーガソン","1998-07-16","Scotland; Perth",NA,NA,186,110,"Flanker; Number 8"
"Q27106990","Isi Naisarani","イシ・ナイサラニ","1995-02-14","Fiji",NA,NA,195,110,"Flanker; Number 8"
"Q27150292","Josefa Lilidamu","ジョセファ・リリダム","1989-09-05","Fiji; Nadi",NA,NA,190,97,"Winger"
"Q27150300","Takuhei Yasuda","安田 卓平","1996-05-20","Japan; Kyoto Prefecture",NA,NA,176,76,"Fullback"
"Q27150329","Jungo Kikawa","木川 隼吾","1983-09-26","Saitama Prefecture",NA,NA,177,105,"Prop"
"Q27150380","Masahiro Arita","有田 将太","1987-01-01","Fukuoka Prefecture",NA,NA,174,88,"Flanker"
"Q27150391","Daiki Murakami","村上 大記","1989-08-14","Nagasaki Prefecture",NA,NA,174,82,"Scrum-Half"
"Q27150403","Lokotui Siupel","ロコツイ シュウペリ","1983-05-14","Tonga",NA,NA,186,109,"Centre"
"Q27150409","Yosuke Eto","衞藤 陽介","1988-04-08","Fukuoka Prefecture",NA,NA,172,88,"Flanker"
"Q27150415","Hiro Izumi","泉 敬","1990-08-24","Osaka Prefecture; Higashiōsaka",NA,NA,175,104,"Hooker"
"Q27150420","Juntaro Takemoto","竹本 隼太郎","1983-07-18","Nagasaki Prefecture; Nagasaki",NA,NA,180,103,"Number 8"
"Q27150431","Kentarō Inami","井波 健太郎","1993-01-21","Gifu Prefecture",NA,NA,181,97,"Centre"
"Q27150434","Kouki Arai","荒井 康植","1993-05-14","Japan; Fukuoka Prefecture",NA,NA,175,80.5,"Scrum-Half"
"Q27150439","Shōgo Naka","名嘉 翔伍","1988-06-22","Okinawa Prefecture; Nago",NA,NA,183,106,"Hooker"
"Q27150443","Yuta Takagi","高城 佑太","1993-10-21","Japan; Iwate Prefecture",NA,NA,164,66,"Scrum-Half"
"Q27150455","Masakatsu Nishikawa","西川 征克","1987-05-18","Osaka Prefecture; Osaka",NA,NA,181,97,"Flanker"
"Q27150459","Hayato Nishibashi","西橋 勇人","1990-10-12","Japan; Kanagawa Prefecture; Yokohama",NA,NA,170,78,"Scrum-Half"
"Q27150460","Kan Yoshino","芳野 寛","1990-11-16","Japan; Hyōgo Prefecture; Kobe",NA,NA,177,103,"Hooker"
"Q27150464","Akira Jō","城 彰","1988-07-11","Ōita Prefecture; Hiji",NA,NA,178,115,"Prop"
"Q27150466","Songchang Lee","李 聖彰","1991-08-24","Japan; Tokyo",NA,NA,188,102,"Number 8"
"Q27150468","Tatsuru Ōwada","大和田 立","1992-01-14","Japan; Hokkaido",NA,NA,180,100,"Flanker"
"Q27150478","Shūichi Kinoshita","木下 修一","1990-07-09","Saga Prefecture",NA,NA,185,101,"Lock"
"Q27150482","Ryang Jongchu","梁 正秋","1992-12-14","Japan; Osaka Prefecture; Osaka",NA,NA,171,74,"Scrum-Half"
"Q27150493","Kim Gwantae","金 寛泰","1992-06-05","Japan; Osaka Prefecture",NA,NA,175,106,"Prop"
"Q27150499","Kōtarō Yoshimura","吉村 公太朗","1993-12-11","Hiroshima Prefecture; Hiroshima",NA,NA,186,112,"Prop"
"Q27150503","Yūta Nakarai","半井 優太","1993-03-04","Japan; Kyoto Prefecture",NA,NA,177,80,"Winger"
"Q27150506","Kai Ishii","石井 魁","1993-08-04","Japan; Tokyo",NA,NA,179,85,"Winger"
"Q27150511","Hidemasa Itō","伊東 秀剛","1986-04-29","Nagasaki Prefecture",NA,NA,180,125,"Prop"
"Q27150512","Toshiki Yamauchi","山内 俊輝","1993-06-12","Yamaguchi Prefecture; Ube; Yamaguchi",NA,NA,185,98,"Winger"
"Q27150519","Tatsuhide Akabori","赤堀 龍秀","1988-10-02","Tokyo; Nishitokyo",NA,NA,187,96,"Flanker"
"Q27150526","Yukio Morikawa","森川 由起乙","1993-02-06","Japan; Hyōgo Prefecture; Amagasaki",NA,NA,180,112,"Prop"
"Q27150529","Aki Makita","牧田 旦","1992-02-21","Japan; Kanagawa Prefecture; Fujisawa; Kanagawa",NA,NA,182,86,"Centre; Fullback"
"Q27150537","Taishi Hori","堀 大志","1991-09-03","Osaka Prefecture; Sakai",NA,NA,180,98,"Flanker; Number 8"
"Q27150541","Kenta Ōtsuka","大塚 健太","1993-05-08","Japan; Chiba Prefecture",NA,NA,190,127,"Prop"
"Q27150548","Yūsuke Ogawa","小川 優輔","1989-09-26","Fukuoka Prefecture; Kitakyushu",NA,NA,176,85,"Winger; Fullback"
"Q27150550","Daisuke Kurihara","栗原 大介","1990-03-17","Japan; Kanagawa Prefecture; Fujisawa; Kanagawa",NA,NA,182,102,"Lock; Number 8; Flanker"
"Q27150554","Keita Uchida","内田 啓太","1990-11-22","Yamanashi Prefecture; Kōshū; Yamanashi",NA,NA,177,86,"Centre; Fullback"
"Q27150575","Kōhei Saita","斉田 晃平","1989-02-22","Miyagi Prefecture; Sendai",NA,NA,186,100,"Lock; Flanker"
"Q27150581","Kazuki Yamaji","山路 和希","1990-02-12","Mie Prefecture; Yokkaichi",NA,NA,180,95,"Flanker"
"Q27150592","Yūki Shichinohe","七戸 勇気","1991-03-08","Aomori Prefecture",NA,NA,170,77,"Scrum-Half; Winger"
"Q27150597","Masato Furukawa","古川 聖人","1996-12-06","Japan; Fukuoka Prefecture",NA,NA,179,95,"Flanker"
"Q27150602","Doga Maeda","前田 土芽","1996-11-30","Japan; Nagasaki Prefecture; Nagayo; Nagasaki",NA,NA,179,87,"Fly-Half; Centre"
"Q27150606","Faulua Makisi","ファウルア・マキシ","1997-01-20","Tonga",NA,NA,187,112,"Number 8"
"Q27150611","Tomoya Watanabe","渡邊 友哉","1989-05-07","Japan; Aichi Prefecture",NA,NA,173,100,"Hooker"
"Q27150615","Kenta Yamaji","山路 健太","1989-08-09","Japan; Mie Prefecture",NA,NA,171,78,"Scrum-Half"
"Q27150627","Ryo Fujii","藤井 諒","1990-04-27","Aichi Prefecture",NA,NA,183,96,"Number 8; Flanker"
"Q27150628","Yūta Haruyama","春山 悠太","1990-06-01","Osaka Prefecture",NA,NA,178,85,"Centre"
"Q27150633","Ryōta Kabashima","樺島亮太","1990-11-18","Fukuoka Prefecture; Munakata; Fukuoka",NA,NA,178,87,"Fly-Half; Centre"
"Q27150635","Takayoshi Haku","白 隆尚","1989-06-25","Osaka Prefecture; Osaka",NA,NA,177,104,"Prop"
"Q27150639","Reiichi Tamura","田村 玲一","1990-01-20","Japan; Nara Prefecture; Kashihara; Nara",NA,NA,183,100,"Flanker"
"Q27150642","Masakazu Nagano","長野 正和","1987-05-17","Kanagawa Prefecture; Yokohama",NA,NA,182,110,"Prop"
"Q27150644","Yūta Onodera","小野寺 優太","1989-11-29","Japan; Ibaraki Prefecture",NA,NA,187,110,"Lock"
"Q27150645","Yōsuke Morita","森田 洋介","1989-01-05","Nara Prefecture",NA,NA,177,87,"Fly-Half; Centre"
"Q27150650","Yuya Noguchi","野口 裕也","1986-08-31","Saitama Prefecture",NA,NA,173,90,"Fly-Half"
"Q27150653","Takeshi Mabuchi","馬渕 武史","1986-10-14","Japan; Saitama Prefecture; Sakado; Saitama",NA,NA,185,102,"Lock; Flanker"
"Q27150655","Ealey Nicholas","イーリ ニコラス","1988-10-14","New Zealand",NA,NA,180,90,"Scrum-Half"
"Q27150657","Taichi Yoshizawa","吉澤 太一","1991-07-18","Japan; Saitama Prefecture; Kumagaya",NA,NA,171,75,"Fullback"
"Q27150661","Tetsuya Fukuda","福田 哲也","1983-06-23","Ōita Prefecture",NA,NA,175,87,"Fly-Half"
"Q27150663","Iori Kaji","梶 伊織","1992-01-30","Japan; Nara Prefecture",NA,NA,170,78,"Centre"
"Q27150667","Hikaru Ōkubo","大窪 光","1987-12-21","Fukuoka Prefecture; Miyako District; Fukuoka",NA,NA,190,110,"Lock"
"Q27150677","Tomoharu Kawanishi","川西 智治","1987-09-25","Chiba Prefecture",NA,NA,175,94,"Hooker"
"Q27150679","Naoshi Shimizu","清水 直志","1987-07-24","Japan; Tokyo",NA,NA,182,97,"Number 8; Flanker"
"Q27150682","Keisuke Matsuda","松田 圭祐","1988-01-06","Hokkaido",NA,NA,190,110,"Lock"
"Q27150686","Hiroshi Tashiro","田代 宙士","1987-10-14","Japan; Fukuoka Prefecture",NA,NA,177,86,"Fly-Half"
"Q27150694","Masatoshi Miyazawa","宮澤 正利","1988-08-15","Tokyo; Hachiōji",NA,NA,170,80,"Fly-Half; Centre"
"Q27150698","Tōru Kawaharada","川原田 徹","1991-04-02","Fukuoka Prefecture",NA,NA,183,96,"Winger; Centre"
"Q27150722","Yoji Akiyama","秋山 陽路","1992-02-06","Japan; Tokushima Prefecture",NA,NA,189,110,"Lock"
"Q27150725","Ryō Morita","森田 諒","1988-05-03","Nara Prefecture",NA,NA,177,88,"Centre; Fullback"
"Q27150730","Ryōta Shimohira","下平 凌也","1990-11-29","Osaka Prefecture",NA,NA,173,80,"Scrum-Half"
"Q27150733","Takahiro Kimura","木村 貴大","1993-12-09","Japan; Fukuoka Prefecture",NA,NA,172,83,"Scrum-Half"
"Q27150735","Wataru Iwatsume","岩爪 航","1985-04-08","Ibaraki Prefecture",NA,NA,172,103,"Prop"
"Q27150746","Hideyuki Moriwaki","森脇 秀幸","1985-11-07","Osaka Prefecture; Osaka",NA,NA,177,84,"Fly-Half"
"Q27150753","Masahiro Oda","小田 正浩","1987-01-01","Kumamoto Prefecture",NA,NA,187,110,"Prop"
"Q27150756","Masatoshi Nakamura","中村 正寿","1989-01-24","Japan; Fukuoka Prefecture; Fukuoka",NA,NA,165,64,"Scrum-Half"
"Q27150762","Toshitaka Mitsuyasu","光安 俊貴","1988-09-24","Fukuoka Prefecture",NA,NA,175,90,"Flanker"
"Q27150776","Daiji Hachiyaku","八役 大治","1986-10-31","Shiga Prefecture",NA,NA,175,85,"Centre"
"Q27150780","Shōta Tanaka","田中 渉太","1986-12-24","Saga Prefecture",NA,NA,170,80,"Winger"
"Q27150782","Akihiro Sakurai","櫻井 朋広","1987-06-18","Ōita Prefecture",NA,NA,165,72,"Scrum-Half"
"Q27150785","Hideki Tanabe","田邊 秀樹","1987-11-11","Japan; Osaka Prefecture; Higashiōsaka",NA,NA,175,85,"Fullback"
"Q27150787","Ryota Inahashi","稲橋 良太","1988-10-17","Hyōgo Prefecture; Amagasaki",NA,NA,182,97,"Flanker"
"Q27150790","Takayuki Kabuki","株木 孝行","1989-09-06","Saitama Prefecture; Kawaguchi; Saitama",NA,NA,183,112,"Prop"
"Q27150802","Daisuke Kaneko","金子 大介","1988-08-12","Tokyo",NA,NA,175,99,"Hooker"
"Q27150809","Naoki Ozawa","小澤 直輝","1988-10-08","Japan; Kanagawa Prefecture; Yamato; Kanagawa",NA,NA,182,103,"Flanker; Number 8"
"Q27150812","Takeru Fukui","福居 武","1990-03-29","Osaka Prefecture",NA,NA,177,82,"Scrum-Half"
"Q27150818","Tasuku Koizumi","小泉 将","1989-04-19","Japan; Tokyo; Tama",NA,NA,175,85,"Centre; Winger"
"Q27150821","Ryōta Fukamura","深村 亮太","1993-07-23","Japan; Saga Prefecture",NA,NA,186,124,"Prop"
"Q27150827","Daigo Hashimoto","橋本 大吾","1994-01-28","Japan; Saitama Prefecture",NA,NA,174,106,"Prop; Hooker"
"Q27150835","Kōta Nobuhara","宣原 甲太","1991-01-31","Osaka Prefecture; Osaka",NA,NA,168,93,"Hooker"
"Q27150846","Hikaru Tamura","田村 熙","1993-09-12","Japan; Aichi Prefecture; Okazaki; Aichi",NA,NA,175,89,"Fly-Half"
"Q27150851","Takuya Yamasawa","山沢 拓也","1994-09-21","Japan; Saitama Prefecture; Kumagaya",NA,NA,176,81,"Fly-Half; Fullback"
"Q27150855","Kazunori Chishima","千島 和憲","1988-08-03","Aomori Prefecture",NA,NA,181,110,"Prop"
"Q27150858","Takahito Kunai","久内 崇史","1993-05-05","Hyōgo Prefecture",NA,NA,183,87,"Winger"
"Q27150869","Koki Shigeno","茂野 洸気","1989-03-14","Japan; Osaka Prefecture",NA,NA,170,80,"Winger"
"Q27150876","Yuki Takahira","高平 祐輝","1991-09-09","Tokyo",NA,NA,179,83,"Fullback"
"Q27150878","Shōhei Shimoyama","下山 翔平","1991-07-19","Nagasaki Prefecture",NA,NA,183,94,"Flanker"
"Q27150882","Keita Katō","加藤 圭太","1983-10-09","Yamanashi Prefecture; Tsuru; Yamanashi",NA,NA,175,96,"Hooker"
"Q27150894","Rikiya Ōishi","大石 力也","1993-01-29","Nagano Prefecture",NA,NA,190,90,"Flanker"
"Q27150896","Hiroyuki Miyajima","宮島 裕之","1992-09-23","Japan; Nagano Prefecture",NA,NA,182,85,"Winger"
"Q27150902","Takahisa Miyamoto","宮本 誉久","1985-04-26","Shimane Prefecture",NA,NA,180,95,"Flanker"
"Q27150906","Tomonori Kimura","木村 友憲","1992-10-23","Japan; Osaka Prefecture",NA,NA,168,78,"Scrum-Half"
"Q27150908","Hiromasa Yoshihiro","吉廣 広征","1985-04-02","Japan; Tokyo",NA,NA,180,89,"Fullback"
"Q27150913","Hayato Motegi","茂木 隼人","1984-05-22","Japan; Saitama Prefecture; Kumagaya",NA,NA,171,77,"Scrum-Half"
"Q27150915","Yosuke Usui","臼井 陽亮","1985-07-22","Kanagawa Prefecture",NA,NA,181,104,"Hooker"
"Q27150926","Daisuke Komatsu","小松 大祐","1984-09-27","Miyagi Prefecture; Tome; Miyagi",NA,NA,173,85,"Scrum-Half"
"Q27150928","Hiroshi Yamamoto","山本 紘史","1986-04-28","Gunma Prefecture",NA,NA,183,100,"Flanker"
"Q27150938","Yuki Tsujimoto","辻本 雄起","1987-08-16","Hyōgo Prefecture; Kobe",NA,NA,190,108,"Lock"
"Q27150939","Yūji Itō","伊藤 有司","1987-02-06","Tokyo; Adachi",NA,NA,179,91,"Winger"
"Q27150954","Jamie Henry","ヘンリー ジェイミー","1990-03-11","New Zealand; Auckland",NA,NA,184,95,"Fullback; Winger"
"Q27150955","Daiki Nakajima","中嶋 大希","1996-03-25","Japan; Saitama Prefecture",NA,NA,175,65,"Scrum-Half"
"Q27150959","Holani Ryu Sioape Latu","ホラニ 龍シオアペラトゥー","1982-12-29","Tonga",NA,NA,187,115,"Prop"
"Q27150961","Otukolo Katoni","オツコロ カトニ","1982-08-23","Tonga; Fakakakai",NA,NA,187,110,"Centre"
"Q27150962","Takahiro Doi","土井 貴弘","1986-08-22","Japan; Nara Prefecture",NA,NA,182,113,"Prop"
"Q27150976","Yū Shimizu","清水 佑","1986-04-08","Kyoto Prefecture; Uji",NA,NA,186,105,"Lock"
"Q27150977","Ren Murayama","村山 廉","1990-10-12","Chiba Prefecture",NA,NA,180,110,"Hooker"
"Q27150989","Shintaro Hayashi","林 真太郎","1993-09-13","Japan; Osaka Prefecture; Katano",NA,NA,178,90,"Centre"
"Q27150990","Tsuyoshi Higashiguchi","東口 剛士","1994-01-04","Japan; Osaka Prefecture",NA,NA,174,84,"Centre; Fullback"
"Q27150999","Nozomi Kuraya","倉屋 望","1993-04-04","Japan; Osaka Prefecture",NA,NA,170,99,"Hooker"
"Q27151000","Takashi Takabe","高部 大志","1993-09-22","Japan; Hyōgo Prefecture",NA,NA,177,100,"Hooker"
"Q27151015","Hirotomo Shimoji","下地 大朋","1991-12-01","Osaka Prefecture; Sakai",NA,NA,175,85,"Fly-Half"
"Q27151019","Kōhei Yuasa","湯浅 航平","1992-02-09","Kyoto Prefecture",NA,NA,173,82,"Winger"
"Q27151050","Topui Sekona","トプイ・セコナ","1991-03-30","Tonga",NA,NA,180,118,"Prop"
"Q27151052","Kenta Nanjō","南條 賢太","1972-11-22","Japan; Higashiōsaka; NA",NA,NA,180,100,NA
"Q27151056","Ryōta Mihara","三原 亮太","1991-05-03","Osaka Prefecture",NA,NA,175,92,"Fly-Half"
"Q27151057","Sho Kiyohara","清原 祥","1993-03-01","Japan; Kumamoto Prefecture",NA,NA,174,77,"Fly-Half"
"Q27151069","Tupou Tevita","ツポウ テビタ","1991-09-26","Tonga",NA,NA,186,102,"Flanker"
"Q27151070","Hikaru Hashimoto","橋本 皓","1993-05-17","Japan; Osaka Prefecture; Osaka",NA,NA,181,97,"Flanker"
"Q27151071","Michi Kanado","金堂 礼","1992-07-15","Fukuoka Prefecture",NA,NA,180,98,"Flanker; Number 8"
"Q27151084","Anderson Nathan","アンダーソン ネーサン","1984-05-18","Christchurch",NA,NA,170,73,"Scrum-Half"
"Q27151090","Hisayoshi Itō","伊藤 玖祥","1993-04-12","Japan; Mie Prefecture",NA,NA,166,74,"Scrum-Half"
"Q27151091","Ryūnosuke Yamada","山田 龍之介","1991-10-12","Japan; Hokkaido",NA,NA,187,108,"Lock"
"Q27151107","Shin'ya Ōyama","大山 晋弥","1993-04-02","Kyoto Prefecture; Kyoto",NA,NA,180,97,"Winger"
"Q27151111","Shohei Awata","粟田 祥平","1991-11-04","Osaka Prefecture",NA,NA,189,98,"Winger"
"Q27151112","Tatsuhiko Muroi","室井 達彦","1986-08-06","Saitama Prefecture",NA,NA,182,105,"Hooker"
"Q27151116","Atsushi Takayasu","高安 厚史","1982-12-11","Kyoto Prefecture",NA,NA,172,78,"Scrum-Half"
"Q27151129","Keisuke Kimura","木村 恵輔","1987-12-25","Gunma Prefecture",NA,NA,182,85,"Fly-Half; Centre"
"Q27151133","Suguru Hidaka","日高 駿","1990-02-15","Japan; Fukuoka Prefecture",NA,NA,191,112,"Lock"
"Q27151135","Ryohei Mitomo","三友 良平","1986-12-21","Saitama Prefecture; Fukaya; Saitama",NA,NA,177,93,"Centre"
"Q27151137","Shōri Hoshino","星野 将利","1985-10-15","Nagano Prefecture; Kamiina District; Nagano; Iijima",NA,NA,175,82,"Winger"
"Q27151142","Takurō Takahashi","高橋 拓朗","1991-12-26","Japan; Gunma Prefecture; Maebashi",NA,NA,182,88,"Centre; Winger"
"Q27151143","Kaname Ogihara","荻原 要","1981-10-24","Gunma Prefecture; Takasaki",NA,NA,174,100,"Hooker"
"Q27151171","Kunitetsu Takayama","高山 国哲","1984-08-28","Osaka Prefecture",NA,NA,176,88,"Centre"
"Q27151173","Takaharu Yamamoto","山本 貴治","1982-07-09","Mie Prefecture",NA,NA,173,93,"Hooker"
"Q27151174","Akinori Kawamoto","河本 明哲","1986-12-27","Osaka Prefecture",NA,NA,183,93,"Flanker; Number 8"
"Q27151186","Leilua Murphy","レイルア マーフィー","1988-12-02","New Zealand; Christchurch",NA,NA,185,108,"Prop"
"Q27151191","Kōichi Nitta","新田 浩一","1988-06-27","Osaka Prefecture",NA,NA,184,113,"Prop"
"Q27151192","Hiroki Yamada","山田 大生","1996-05-17","Fukuoka Prefecture",NA,NA,172,84,"Winger; Centre"
"Q27151196","Satoru Sawatari","猿渡 知","1985-08-02","Nagasaki Prefecture; Nagasaki",NA,NA,166,78,"Scrum-Half"
"Q27151209","Sadaomi Kanagawa","金川 禎臣","1982-11-27","Hiroshima Prefecture",NA,NA,177,83,"Fly-Half; Centre"
"Q27151210","Ahio Siliva","アヒオ シリバ","1986-10-05","New Zealand",NA,NA,176,102,"Centre; Fullback"
"Q27151223","Yutaro Kamada","鎌田 祐太郎","1987-10-31","Miyazaki Prefecture",NA,NA,187,106,"Lock"
"Q27151226","Kōji Nakata","中田 晃司","1987-12-04","Kumamoto Prefecture",NA,NA,186,100,"Lock; Flanker; Number 8"
"Q27151227","Daiki Yasuoka","安岡 大貴","1991-08-08","Kyoto Prefecture",NA,NA,175,95,"Centre"
"Q27151235","Daijirō Nakamura","中村 大治郎","1991-08-10","Kyoto Prefecture",NA,NA,190,101,"Lock; Number 8"
"Q27151236","Shigeki Morita","森田 茂希","1983-05-22","Kyoto Prefecture",NA,NA,173,86,"Centre"
"Q27151243","Yūki Suematsu","末松 勇喜","1985-10-23","Aichi Prefecture",NA,NA,182,86,"Winger"
"Q27151245","Taufa Olive","タウファ オリヴェ","1991-06-05","Tonga",NA,NA,182,104,"Number 8"
"Q27151256","Yūki Kawamoto","川本 祐輝","1986-09-27","Hyōgo Prefecture; Ashiya; Hyōgo",NA,NA,177,87,"Fly-Half"
"Q27151261","Kōta Iwamura","岩村 昂太","1993-12-07","Japan; Fukuoka Prefecture",NA,NA,181,85,"Scrum-Half"
"Q27151262","Jōji Satō","佐藤 穣司","1993-08-03","Yamanashi Prefecture",NA,NA,184,103,"Flanker"
"Q27151265","Yusho Takeda","竹田 祐将","1993-07-01","Japan; Nara Prefecture",NA,NA,177,90,"Utility Back"
"Q27151274","Kenta Tsukamoto","塚本 健太","1990-08-02","Japan; Nara Prefecture; Kashihara; Nara",NA,NA,177,85,"Fullback"
"Q27151275","Kazutaka Ashida","芦田 一顕","1990-03-07","Osaka Prefecture; Katano",NA,NA,170,76,"Scrum-Half"
"Q27151302","Takatoshi Sugawara","菅原 崇聖","1987-03-13","Japan; Hokkaido; Kutchan",NA,NA,175,110,"Prop"
"Q27151305","Naoto Shimada","嶋田 直人","1991-05-21","Japan; Kyoto Prefecture",NA,NA,182,98,"Number 8; Flanker"
"Q27151306","Naomichi Tatekawa","立川 直道","1988-10-31","Japan; Nara Prefecture; Tenri; Nara",NA,NA,174,100,"Hooker"
"Q27151320","Muneyuki Uematsu","植松 宗之","1990-03-09","Kyoto Prefecture",NA,NA,183,97,"Number 8; Flanker"
"Q27151321","Tatsuya Fukuzaki","福崎 竜也","1994-02-12","Fukuoka Prefecture",NA,NA,175,79,"Fly-Half"
"Q27443245","Fletcher Smith","フレッチャー・スミス","1995-03-01","New Zealand; Nelson",NA,NA,180,88,"Fly-Half; Fullback"
"Q27443250","Sam Malcolm","サム・マルコム","1995-09-25","New Zealand; Whanganui",NA,NA,174,81,"Fly-Half; Fullback"
"Q27448048","David Ribbans","デイヴィッド・リバンズ","1996-05-06","South Africa; Western Cape; Somerset West",NA,NA,202,116,"Lock"
"Q27497180","Santiago Álvarez","サンティアゴ・アルバレス","1994-01-17","Argentina; Buenos Aires Province; Bahía Blanca",NA,NA,188,93,"Centre"
"Q27671041","Paolo Odogwu","パオロ・オドグウ","1997-02-18","England; Coventry",NA,NA,175,98,"Winger; Centre"
"Q27671359","Jean Droste","ジャン・ドロースト","1994-01-21","South Africa; Gauteng; Pretoria",NA,NA,200,108,"Lock"
"Q27671475","S'busiso Nkosi","シブシソ・ンコシ","1996-01-21","South Africa; Mpumalanga",NA,NA,181,97,"Winger"
"Q27671510","Benhard Janse van Rensburg","ベンハード・ヤンセ・ヴァン・レンスバーグ","1997-01-14","South Africa; Gauteng; Pretoria",NA,NA,185,98,"Fly-Half; Centre; Fullback"
"Q27681077","Murphy Taramai","マーフィー・タラマイ","1992-08-17","New Zealand; Upper Hutt",NA,NA,186,105,"Flanker; Number 8"
"Q27735074","Sefo Kautai","セフォ・カウタイ","1996-08-16","New Zealand",NA,NA,189,133,"Prop"
"Q27735110","Finlay Christie","フィンレー・クリスティ","1995-09-19","Scotland; Peebles",NA,NA,177,82,"Scrum-Half"
"Q27735127","Johnny Fa'auli","ジョニー・ファアウリ","1995-09-13","New Zealand",NA,NA,180,105,"Centre"
"Q27735740","Andrew Makalio","アンドリュー・マカリオ","1992-01-22","New Zealand; Auckland",NA,NA,182,125,"Hooker"
"Q27735775","George Bridge","ジョージ・ブリッジ","1995-04-01","New Zealand; Gisborne",NA,NA,185,93,"Winger; Fullback"
"Q27736887","Jackson Garden-Bachop","ジャクソン・ガーデンバショップ","1994-10-03","New Zealand; Dunedin",NA,NA,185,102,"Fly-Half; Fullback"
"Q27736895","Whetu Douglas","フェトゥカモカモ・ダグラス","1991-04-18","New Zealand; Rotorua",NA,NA,190,110,"Flanker; Number 8"
"Q27755475","Duke Krishnan","ディネスバラン・クリシュナン","1988-05-22","Malaysia",NA,NA,198,120,"Lock"
"Q27757690","Jale Vatubua","ジャレ・バトゥンブア","1991-08-30","Fiji; Suva",NA,NA,189,105,"Centre"
"Q27804619","Timothy Lafaele","ラファエレ ティモシー","1991-08-19","New Zealand",NA,NA,186,96,"Fly-Half; Centre"
"Q27805315","Shuhei Matsuhashi","松橋 周平","1993-11-24","Japan; Nagano Prefecture; Nagano (city)",NA,NA,180,99,"Number 8"
"Q27805316","Uwe Helu","ヘル ウヴェ","1990-07-12","Tonga",NA,NA,193,120,"Lock; Flanker"
"Q27825241","Conraad van Vuuren","コンラード・ファンフィーレン","1995-09-04","South Africa; Gauteng; Magalisburg",NA,NA,182,115,"Prop"
"Q27825250","Samuela Anise","アニセ サムエラ","1986-08-30","Fiji",NA,NA,198,118,"Lock"
"Q27825287","Kyosuke Kajikawa","梶川 喬介","1987-09-05","Japan; Fukuoka Prefecture",NA,NA,188,105,"Lock"
"Q27830711","Yuhimaru Mimura","三村 勇飛丸","1989-02-27","Japan; Tochigi Prefecture; Ashikaga; Tochigi",NA,NA,178,95,"Flanker"
"Q27830768","Heiichiro Ito","伊藤 平一郎","1990-10-05","Japan; Ōita Prefecture",NA,NA,175,115,"Prop"
"Q27830772","Satoshi Nakatani","仲谷 聖史","1981-10-27","Osaka Prefecture; Takatsuki",NA,NA,170,105,"Prop"
"Q27830803","Malgene Ilaua","マルジーン・イラウア","1993-06-05","New Zealand; Auckland",NA,NA,186,108,"Flanker"
"Q27830839","Tom Banks","トム・バンクス","1994-06-18","Australia; Brisbane",NA,NA,186,93,"Winger; Fullback"
"Q27832657","Pele Cowley","ペレ・カウリー","1993-04-16","New Zealand",NA,NA,175,85,"Scrum-Half"
"Q27832684","So'otala Fa'aso'o","ソオタラ・ファアソオ","1994-10-02","New Zealand; Auckland",NA,NA,195,130,"Flanker"
"Q27838020","Andrew Porter","アンドリュー・ポーター","1996-01-16","Republic of Ireland; County Dublin; Dublin",NA,NA,183,125,"Prop"
"Q27859521","Ere Enari","エレアタラ・エナリ","1997-05-30","New Zealand; Auckland",NA,NA,178,84,"Scrum-Half"
"Q27860241","Shunsuke Nunomaki","布巻 峻介","1992-07-13","Japan; Fukuoka Prefecture",NA,NA,178,98,"Flanker; Centre"
"Q27860247","Yasuo Yamaji","山路 泰生","1985-02-20","Tokyo",NA,NA,180,108,"Prop"
"Q27861853","Luteru Laulala","ルテル・ラウララ","1995-05-30","New Zealand; Christchurch",NA,NA,178,90,"Fly-Half; Winger; Centre; Fullback"
"Q27888527","Sam Henwood","サム・ヘンウッド","1991-03-28","New Zealand",NA,NA,186,109,"Flanker; Number 8"
"Q27888528","Sevu Reece","セヴ・リース","1997-02-13","Fiji; Nadi",NA,NA,182,91,"Winger; Centre; Fullback"
"Q27889099","Tevita Taufu’i","テヴィタ・タウフイ","1988-03-21","Tonga",NA,NA,172,101,"Winger; Centre"
"Q27899218","Takeshi Hino","日野 剛志","1990-01-20","Japan; Fukuoka Prefecture; Fukuoka",NA,NA,172,100,"Hooker"
"Q27909314","Billy Harmon","ビリー・ハーモン","1994-12-23","New Zealand; Christchurch",NA,NA,187,104,"Flanker"
"Q27909324","Bryn Gatland","ブリン・ガットランド","1995-05-10","New Zealand",NA,NA,177,88,"Fly-Half"
"Q27909475","Nathan Vella","ネイサン・ベラ","1990-02-10","New Zealand",NA,NA,183,106,"Hooker"
"Q27909582","Mata Maxime Mbanda","マクシム・ムバンダ","1992-04-10","Italy; Lazio; Metropolitan City of Rome Capital; Rome",NA,NA,188,101,"Flanker"
"Q27909808","Edoardo Padovani","エドアルド・パドヴァーニ","1993-05-15","Italy; Veneto; Province of Venice; Venice",NA,NA,189,90,"Winger; Fullback"
"Q27915092","Jack Walker","ジャック・ウォーカー","1996-05-06","England",NA,NA,185,109,"Hooker"
"Q27915192","Joe Marchant","ジョー・マーチャント","1996-07-16","England; Hampshire; Winchester",NA,NA,182,89,"Centre"
"Q27915264","Ben Curry","ベン・カリー","1998-06-15","England; London; London Borough of Hounslow; Hounslow",NA,NA,185,106,"Flanker"
"Q27917450","Tomohiro Kubo","久保 知大","1981-05-02","Hokkaido",NA,NA,175,105,"Prop"
"Q27917458","Daiki Toyota","豊田 大樹","1988-11-13","Japan; Osaka Prefecture; Higashiōsaka",NA,NA,173,102,"Prop"
"Q27917464","Shin Kanto","菅藤 心","1981-01-18","Nagasaki Prefecture",NA,NA,175,78,"Fly-Half"
"Q27917467","Shori Koshida","越田 勝利","1993-12-28","Hyōgo Prefecture",NA,NA,172,106,"Prop"
"Q27917478","Kōhei Yoshii","吉井 耕平","1990-04-08","Nara Prefecture",NA,NA,165,70,"Fly-Half"
"Q27917479","Shinjiro Kumazaki","熊崎 伸治朗","1993-06-21","Aichi Prefecture",NA,NA,179,106,"Hooker"
"Q27917487","Naoki Morita","森田 尚希","1986-08-05","Japan; Kyoto Prefecture",NA,NA,176,88,"Centre"
"Q27917489","Hayato Mitsui","光井 勇人","1992-06-06","Japan; Nara Prefecture; Kitakatsuragi District; Nara",NA,NA,170,73,"Scrum-Half"
"Q27917508","Manabu Komatsu","小松 学","1983-05-27","Ibaraki Prefecture",NA,NA,180,105,"Prop"
"Q27917512","Chisei Koyama","小山 智聲","1991-10-28","Hyōgo Prefecture; Kobe",NA,NA,188,96,"Lock"
"Q27917513","Naoki Moriya","森谷 直貴","1991-04-07","Japan; Saitama Prefecture; Fukaya; Saitama",NA,NA,181,88,"Winger; Fullback"
"Q27917524","Hirotomo Ono","小野 寛智","1990-12-18","Ōita Prefecture; Saiki; Ōita",NA,NA,178,86,"Fly-Half; Winger; Centre; Fullback"
"Q27917525","Ryō Miura","三浦 嶺","1990-11-17","Japan; Tokyo; Hachiōji",NA,NA,178,100,"Hooker"
"Q27917539","Taishin Itō","伊藤 太進","1980-06-15","Japan; Osaka Prefecture",NA,NA,183,101,"Lock"
"Q27917558","Shōhei Yamazaki","山崎 章平","1990-07-05","Hyōgo Prefecture",NA,NA,181,100,"Number 8; Flanker"
"Q27917561","Yoshikazu Ōhashi","大橋 由和","1984-05-18","Osaka Prefecture; Hirakata",NA,NA,172,85,"Winger"
"Q27917562","Taichi Tahara","田原 太一","1982-04-27","Kagoshima Prefecture",NA,NA,192,107,"Lock"
"Q27917570","Yūta Inose","猪瀬 佑太","1982-03-15","Ibaraki Prefecture",NA,NA,182,110,"Prop"
"Q27917610","Toshiya Hagiwara","萩原 寿哉","1993-03-09","Gunma Prefecture",NA,NA,180,97,"Flanker; Number 8"
"Q27917611","Takashi Kamio","神尾 卓志","1983-02-05","Saitama Prefecture; Fukaya; Saitama",NA,NA,168,73,"Scrum-Half"
"Q27917626","Rikiya Matsumoto","松本 力哉","1990-12-08","Japan; Osaka Prefecture",NA,NA,186,102,"Number 8"
"Q27917627","Yūsuke Kobuki","小吹 祐介","1981-05-18","Kanagawa Prefecture",NA,NA,181,86,"Winger; Fullback"
"Q27917660","Haruki Ōta","太田 春樹","1987-02-16","Japan; Osaka Prefecture",NA,NA,176,101,"Hooker"
"Q27917661","Hironori Maekawa","前川 泰慶","1985-06-03","Nara Prefecture",NA,NA,184,107,"Lock"
"Q27917676","Kōji Tomioka","冨岡 耕児","1980-05-07","Osaka Prefecture",NA,NA,178,81,"Winger; Fullback"
"Q27917690","Yōichi Tokuno","徳野 洋一","1980-09-24","Osaka Prefecture",NA,NA,173,85,"Centre"
"Q27917714","Naonori Mizuyama","水山 尚範","1982-03-15","Hyōgo Prefecture",NA,NA,175,95,"Hooker"
"Q27917716","Yūsuke Ōta","太田 祐介","1984-01-19","Miyagi Prefecture",NA,NA,180,84,"Number 8"
"Q27917732","Takashi Miyake","三宅 敬","1980-05-02","Kyoto Prefecture",NA,NA,175,82,"Winger; Centre; Fullback"
"Q27917750","Atsushi Moriya","守屋 篤","1981-12-28","Kyoto Prefecture",NA,NA,184,78,"Centre"
"Q27917771","Ryō Tokunaga","徳永 亮","1985-08-13","Kumamoto Prefecture; Tamana; Kumamoto",NA,NA,183,90,"Fly-Half"
"Q27917781","Taira Satō","佐藤 平","1982-02-06","Akita Prefecture",NA,NA,192,110,"Lock"
"Q27917806","Kyohei Fujito","藤戸 恭平","1980-05-11","Saga Prefecture",NA,NA,174,77,"Scrum-Half"
"Q27917827","Hiroki Yoshida","吉田 大樹","1981-11-16","Fukushima Prefecture",NA,NA,180,85,"Winger; Fullback"
"Q27917833","Mitsuhisa Gotō","後藤 満久","1985-04-05","Osaka Prefecture; Takaishi; Osaka",NA,NA,173,99,"Hooker"
"Q27917840","Yūsuke Dantsuji","壇辻 勇佑","1987-03-20","Osaka Prefecture",NA,NA,178,85,"Winger; Fullback"
"Q27917843","Kōta Kawashima","河嶋 康太","1985-10-26","Japan; Osaka Prefecture",NA,NA,189,105,"Lock"
"Q27917860","Makoto Mayahara","馬屋原 誠","1975-09-16","Kanagawa Prefecture",NA,NA,196,105,"Lock"
"Q27917869","Masataka Matsuzono","松園 正隆","1973-12-16","Japan; Saga Prefecture",NA,NA,NA,NA,"Prop; Hooker"
"Q27917876","Takeshi Fujiwara","藤原 丈嗣","1984-03-05","Okayama Prefecture",NA,NA,187,98,"Winger"
"Q27917890","Jun Sakaida","堺田 純","1981-04-07","Japan; Ibaraki Prefecture",NA,NA,NA,NA,"Lock; Flanker"
"Q27917896","Hiroshige Tezuka","手塚 洋成","1982-11-23","Tochigi Prefecture",NA,NA,177,103,"Prop"
"Q27917908","Shinsuke Ikegami","池上 真介","1983-11-10","Kanagawa Prefecture",NA,NA,175,85,"Winger; Centre; Fullback"
"Q27917928","Hiroshi Yamashita","山下 祐史","1984-09-15","Osaka Prefecture",NA,NA,175,80,"Fullback"
"Q27917936","Yoshimitsu Kawano","河野 好光","1981-08-08","Yamanashi Prefecture",NA,NA,173,80,"Fly-Half; Centre"
"Q27917944","Terutoshi Seino","清野 輝俊","1982-02-13","Fukushima Prefecture",NA,NA,189,100,"Lock"
"Q27917952","Daniel Linde","リンディー 真ダニエル","1987-11-09","Australia; Queensland",NA,NA,195,108,"Lock"
"Q27917974","Yoshiyuki Koike","小池 善行","1979-03-08","Japan; Tokyo",NA,NA,167,72,"Scrum-Half"
"Q27917982","Tevita Lepolo","レポロ テビタ","1987-10-15","New Zealand; Auckland",NA,NA,185,110,"Winger; Centre"
"Q27918007","Koichi Kubo","久保 晃一","1976-01-13","Saitama Prefecture",NA,NA,NA,NA,"Flanker; Number 8"
"Q27918074","Masao Amino","網野 正大","1974-10-14","Yamanashi Prefecture",NA,NA,178,95,"Hooker"
"Q27918102","Masahiko Toyoyama","豊山 昌彦","1976-08-18","Osaka Prefecture",NA,NA,178,107,"Prop"
"Q27918164","Takahiro Hayano","早野 貴大","1974-09-06","Yamanashi Prefecture",NA,NA,187,103,"Lock"
"Q27918174","Rikiya Asami","朝見 力弥","1986-02-24","Saitama Prefecture",NA,NA,171,80,"Winger"
"Q27918188","Ryohei Miki","三木 亮平","1978-03-24","Kyoto Prefecture",NA,NA,187,90,"Winger"
"Q27918193","Yōhei Takizawa","瀧澤 陽兵","1985-07-16","Iwate Prefecture",NA,NA,196,96,"Lock"
"Q27918206","Satonobu Ko","高 聡伸","1982-11-29","Osaka Prefecture",NA,NA,175,86,"Flanker"
"Q27918217","Kōta Matsushima","松島 鴻太","1991-05-01","Kyoto Prefecture",NA,NA,164,69,"Scrum-Half"
"Q27919940","Kanta Higashionna","東恩納 寛太","1992-11-26","Japan; Okinawa Prefecture",NA,NA,178,113,"Prop"
"Q27921237","Atsushi Fujiya","藤谷 淳","1982-04-30","Akita Prefecture; Oga; Akita",NA,NA,181,91,"Winger; Fullback"
"Q27921247","Koichiro Kikuchi","菊池 功一郎","1985-07-31","Kumamoto Prefecture; Tamana District; Kumamoto",NA,NA,174,81,"Winger"
"Q27924903","Tom Curry","トム・カリー","1998-06-15","England; London; London Borough of Hounslow",NA,NA,185,110,"Flanker; Number 8"
"Q27929673","Manie Libbok","マニー・リボック","1997-07-15","South Africa; Eastern Cape",NA,NA,184,76,"Fly-Half"
"Q27981164","Gerrie Labuschagné","ゲリー・ラブスカフニ","1995-12-05","South Africa",NA,NA,195,101,"Winger; Fullback"
"Q27989968","Shinobu Takashima","高島 忍","1992-08-31","Kyoto Prefecture",NA,NA,169,100,"Hooker; Prop"
"Q27997147","Kane Falconer","フォルクナー ケイン","1997-06-07","Australia; Western Australia; Perth",NA,NA,186,98,"Number 8; Flanker"
"Q27999184","Baptiste Couilloud","バティスト・クイユー","1997-07-22","France; Metropolis of Lyon; Lyon",NA,NA,176,78,"Scrum-Half"
"Q28033370","Peato Mauvaka","ペアト・モーヴァカ","1997-01-10","New Caledonia; Nouméa",NA,NA,184,124,"Hooker"
"Q28054120","Jasper Wiese","ヤスパー・ヴィーセ","1995-07-23","South Africa; Northern Cape; Upington",NA,NA,190,110,"Flanker; Number 8"
"Q28068955","Junpei Enomoto","榎本 淳平","1979-11-30","Tokyo",NA,NA,181,87,"Centre"
"Q28068990","Tetsuya Omine","小峰 徹也","1986-08-12","Ibaraki Prefecture",NA,NA,184,90,"Number 8; Flanker"
"Q28069026","Daisuke Obiya","帯谷 大介","1986-10-29","Fukuoka Prefecture",NA,NA,180,90,"Fly-Half; Centre"
"Q28069075","Takuma Hori","堀 卓馬","1990-05-25","Fukui Prefecture",NA,NA,187,110,"Prop"
"Q28069200","Hayato Daimon","大門 隼人","1979-08-22","Hokkaido",NA,NA,180,87,"Winger"
"Q28180876","Sam Thomson","サム・トムソン","1994-01-23","Scotland; Edinburgh",NA,NA,198,115,"Lock"
"Q28366483","Stephen Tomasin","スティーブン・トマシン","1994-09-25","United States; California; Santa Rosa",NA,NA,180,91,"Utility Back"
"Q28382619","Zain Davids","ザイン・デービズ","1997-05-04","South Africa; Western Cape; Cape Town",NA,NA,184,97,"Flanker; Centre"
"Q28421707","Tom Moloney","トム・モロニー","1994-03-04","Australia",NA,NA,189,120,"Prop"
"Q28540561","Duhan van der Merwe","ドゥーハン・ファン・デル・メルヴァ","1995-06-04","South Africa; Western Cape; George",NA,NA,193,106,"Winger"
"Q28648803","Federico Ruzza","フェデリコ・ルッツァ","1994-08-04","Italy; Veneto; Province of Padua; Padua",NA,NA,198,108,"Lock"
"Q28665203","Ramil Gaisin","ラミーリ・ガイシン","1991-07-26","Russia; Krasnoyarsk",NA,NA,174,77,"Fly-Half"
"Q28682139","Ryōta Kobayashi","小林 亮太","1991-06-11","Japan; Nara Prefecture",NA,NA,181,96,"Flanker"
"Q28682336","Pak Songgi","朴 成基","1993-02-25","Japan; Hyōgo Prefecture; Amagasaki",NA,NA,178,91,"Fly-Half"
"Q28682981","Hikaru Tanaka","田中 光","1989-03-24","Japan; Niigata Prefecture",NA,NA,177,110,"Prop"
"Q28683135","Masaki Tani","谷 昌樹","1990-09-18","Japan; Osaka Prefecture",NA,NA,180,103,"Flanker"
"Q28683595","Takahiro Fujita","藤田 貴大","1993-06-17","Japan; Aomori Prefecture; Yomogita",NA,NA,176,96,"Flanker"
"Q28683635","Jung-hyek Kwon","權 正赫","1989-02-05","South Korea",NA,NA,178,93,"Centre"
"Q28684285","Shin Itō","伊藤 真","1987-12-08","Tokyo",NA,NA,180,86,"Winger"
"Q28685254","Kenta Tanaka","田中 健太","1994-02-03","Japan; Osaka; Ikuno-ku",NA,NA,177,94,"Prop"
"Q28685307","Daisuke Noguchi","野口 大輔","1993-06-14","Japan; Osaka Prefecture",NA,NA,178,90,"Fly-Half"
"Q28686183","Kōji Mori","森 功至","1985-12-17","Nara Prefecture; Yamatokōriyama",NA,NA,177,85,"Fullback"
"Q28686781","Marc Le","マーク・リー","1986-10-06","Malaysia",NA,NA,182,93,"Winger"
"Q28687776","Yūki Imamura","今村 友基","1979-07-08","Kyoto Prefecture; Kyoto",NA,NA,170,75,"Fly-Half; Scrum-Half"
"Q28687883","Masayuki Murakami","村上 正幸","1982-09-21","Osaka Prefecture; Osaka",NA,NA,175,95,"Hooker"
"Q28687917","Yūta Itō","伊藤 雄大","1982-04-02","Tokyo",NA,NA,172,120,"Prop"
"Q28688002","Hiroyuki Kondo","近藤 洋至","1984-11-15","Hyōgo Prefecture; Akashi; Hyōgo",NA,NA,193,112,"Lock"
"Q28688029","Eikō Yoshida","吉田 永昊","1982-07-19","Saitama Prefecture; Saitama (city)",NA,NA,182,105,"Prop"
"Q28688445","Masataka Tsujii","辻井 将孝","1982-05-06","Kyoto Prefecture; Kyoto",NA,NA,177,95,"Flanker"
"Q28688464","Takahiro Suzuki","鈴木 敬弘","1985-02-28","Chiba Prefecture; Noda; Chiba",NA,NA,185,100,"Flanker"
"Q28688473","Masanobu Suefuji","末藤 雅宣","1984-05-21","Fukuoka Prefecture; Ōmuta; Fukuoka",NA,NA,183,97,"Winger"
"Q28688547","Ryō Ōishi","大石 嶺","1983-08-25","Chiba Prefecture; Kashiwa",NA,NA,174,90,"Centre"
"Q28688564","Kazuyuki Takakura","高倉 和起","1982-10-02","Saga Prefecture; Tosu; Saga",NA,NA,174,93,"Centre"
"Q28688619","Kōta Makihara","槇原 航太","1984-09-11","Kyoto Prefecture",NA,NA,186,99,"Flanker"
"Q28688644","Shūji Yoshikawa","吉川 修司","1984-09-17","Osaka Prefecture",NA,NA,182,92,"Centre"
"Q28688668","Kojiro Tani","谷 浩二朗","1992-04-30","Hyōgo Prefecture",NA,NA,182,86,"Winger"
"Q28688776","Hideaki Takahashi","高橋 英明","1983-08-24","Iwate Prefecture",NA,NA,178,103,"Prop"
"Q28688794","Masayuki Yachimura","谷地村 政幸","1982-12-29","Aomori Prefecture",NA,NA,177,115,"Prop"
"Q28688826","Shinpei Naitō","内藤 慎平","1982-06-12","Akita Prefecture; Akita (city)",NA,NA,175,85,"Winger; Fullback"
"Q28688848","Yoshiyasu Sasakura","笹倉 康義","1983-08-17","Kanagawa Prefecture",NA,NA,179,119,"Prop"
"Q28688902","Mikio Banba","馬場 美喜男","1983-03-20","Kyoto Prefecture",NA,NA,173,82,"Fly-Half"
"Q28689044","Keiichiro Suenaga","末永 敬一朗","1982-10-18","Nagasaki Prefecture",NA,NA,183,98,"Number 8; Flanker"
"Q28689076","Tadayoshi Watanabe","渡辺 正善","1982-11-21","Miyazaki Prefecture",NA,NA,188,90,"Lock; Flanker"
"Q28689116","Alaimoana Motuapuaka","アライモアナ・モツアプアカ","1991-05-12","Tonga",NA,NA,192,130,"Prop"
"Q28689149","Junji Takatani","高谷 順二","1982-09-21","Nagasaki Prefecture",NA,NA,183,91,"Flanker"
"Q28689206","Takeshi Katsuki","香月 武","1982-04-18","Miyazaki Prefecture",NA,NA,175,80,"Scrum-Half"
"Q28689223","Terumasa Sonoda","園田 晃将","1983-12-18","Fukuoka Prefecture",NA,NA,181,84,"Winger; Fullback"
"Q28689264","Kiichi Ono","小野 喜一","1983-11-28","Ōita Prefecture",NA,NA,176,88,"Number 8"
"Q28689290","Keita Hasegawa","長谷川 圭太","1983-04-25","Fukuoka Prefecture",NA,NA,180,114,"Prop"
"Q28689344","Kōhei Maeda","前田 航平","1983-08-12","Chiba Prefecture",NA,NA,180,110,"Prop"
"Q28689387","Yoshiyuki Takizawa","滝澤 佳之","1978-05-30","Tokyo",NA,NA,174,96,"Hooker"
"Q28689464","Kiyonori Tanaka","田中 澄憲","1975-12-28","Japan; Hyōgo Prefecture; Itami",NA,NA,164,70,"Scrum-Half"
"Q28689574","Nam Jong-Seong","南 宗成","1992-04-27","Japan; Niigata Prefecture",NA,NA,188,100,"Lock"
"Q28689602","Takashi Yamaoka","山岡 俊","1976-04-24","Yamagata Prefecture",NA,NA,175,98,"Hooker"
"Q28689615","Shūji Shimizu","清水 秀司","1971-03-22","Aichi Prefecture",NA,NA,176,90,"Prop"
"Q28689681","Osami Yatsuhashi","八ッ橋 修身","1974-04-02","Nara Prefecture",NA,NA,176,90,"Fullback"
"Q28689863","Kōichi Ōhigashi","大東 功一","1979-10-03","Osaka Prefecture",NA,NA,177,74,"Fullback"
"Q28689878","Naoya Ōkubo","大久保 尚哉","1976-08-15","Kanagawa Prefecture; Kawasaki; Kanagawa",NA,NA,189,101,"Lock"
"Q28689915","Takeru Yoshizawa","吉澤 尊","1986-10-15","Saitama Prefecture",NA,NA,173,90,"Number 8; Flanker"
"Q28689935","Shōhei Okada","岡田 正平","1984-09-13","Okayama Prefecture",NA,NA,180,95,"Lock; Number 8"
"Q28689977","Yoshikazu Kushida","串田 義和","1980-12-29","Aichi Prefecture",NA,NA,180,92,"Flanker"
"Q28689996","Genta Akanuma","赤沼 源太","1980-03-22","Japan; Tokyo; Fuchū",NA,NA,175,80,"Centre"
"Q28690036","Shigeyasu Takagi","高木 重保","1975-10-16","Hyōgo Prefecture",NA,NA,180,110,"Prop; Flanker"
"Q28690050","Takeshi Hosaka","保坂 豪","1981-07-24","Akita Prefecture; Akita (city)",NA,NA,184,100,"Lock"
"Q28690079","Takashi Hayashi","林 仰","1980-12-27","Ōita Prefecture",NA,NA,182,109,"Prop"
"Q28690102","Noriaki Azumano","東野 憲照","1981-04-09","Kagoshima Prefecture",NA,NA,182,110,"Prop"
"Q28690125","Hayden Cripps","クリップス ヘイデン","1990-10-30","New Zealand; Wellington",NA,NA,177,82,"Fly-Half"
"Q28690148","Yōji Ōta","太田 洋治","1981-04-02","Osaka Prefecture",NA,NA,174,81,"Centre"
"Q28690161","Shinya Jinkawa","陣川 真也","1981-07-24","Nagasaki Prefecture",NA,NA,177,89,"Winger; Fullback"
"Q28690203","Havili Rocky","ハビリ ロッキー","1980-03-08","Tonga",NA,NA,182,102,"Winger; Centre"
"Q28690270","Atsushi Tanabe","田邉 篤","1984-01-10","Tokyo",NA,NA,173,105,"Prop"
"Q28690301","Satoru Sasabuchi","笹渕 智","1987-04-20","Aichi Prefecture",NA,NA,185,97,"Lock; Flanker"
"Q28690318","Sosiceni Tokoqio","トコキオ ソシセニ","1993-02-01","Fiji; Suva",NA,NA,185,108,"Number 8"
"Q28690372","Takayuki Yasuoka","安岡 貴之","1987-07-04","Kyoto Prefecture",NA,NA,176,100,"Hooker"
"Q28690383","Dai Kasagi","笠木 大","1987-09-19","Osaka Prefecture",NA,NA,181,78,"Scrum-Half"
"Q28690410","Ken Tsukagoshi","塚越 賢","1977-09-12","Saitama Prefecture",NA,NA,178,98,"Hooker"
"Q28690437","Kento Yoda","依田 賢人","1985-03-13","Tokyo",NA,NA,183,100,"Number 8; Flanker"
"Q28690441","Keita Sekimoto","関本 圭汰","1993-06-08","Japan; Tokyo",NA,NA,174,90,"Winger"
"Q28690482","Ryōta Fujii","藤井 亮太","1984-12-02","Fukuoka Prefecture",NA,NA,166,77,"Fly-Half"
"Q28690491","Yosuke Kasagi","笠木 陽介","1985-01-23","Osaka Prefecture",NA,NA,172,74,"Scrum-Half"
"Q28690510","Teppei Yagi","八木 鉄兵","1981-08-26","Tokyo",NA,NA,180,94,"Prop"
"Q28690534","Kōji Misumi","三角 公志","1983-07-03","Fukuoka Prefecture",NA,NA,171,86,"Fly-Half; Centre"
"Q28690566","Hiroaki Tainaka","田井中 啓彰","1984-03-27","Fukuoka Prefecture",NA,NA,186,92,"Winger; Fullback"
"Q28690584","Takeshi Nozawa","野澤 武史","1979-04-24","Tokyo; Shinjuku",NA,NA,170,100,"Flanker"
"Q28690605","Daisuke Tachikawa","立川 大介","1981-03-30","Kumamoto Prefecture",NA,NA,185,113,"Prop"
"Q28690620","Keiji Takei","武井 敬司","1980-06-01","Kanagawa Prefecture",NA,NA,174,80,"Fly-Half; Winger; Fullback"
"Q28690648","Leon Ellison","レオン・エリソン","1989-06-06","New Zealand",NA,NA,182,88,"Centre"
"Q28690674","Atsushi Iwakami","岩上 篤史","1981-02-12","Tochigi Prefecture",NA,NA,178,94,"Flanker"
"Q28690686","Yoshifumi Sugimoto","杉本 剛章","1984-06-24","Osaka Prefecture",NA,NA,171,98,"Hooker"
"Q28690701","Keisuke Arita","有田 啓介","1985-01-06","Fukuoka Prefecture",NA,NA,175,85,"Winger; Centre"
"Q28690756","Ryūji Oda","小田 龍司","1985-06-12","Fukuoka Prefecture",NA,NA,180,84,"Centre; Fullback"
"Q28690801","Yūsuke Kajimura","梶村 祐介","1995-09-13","Japan; Hyōgo Prefecture; Itami",NA,NA,180,95,"Centre"
"Q28690829","Itsuki Watanabe","渡部 逸記","1989-01-06","Hyōgo Prefecture",NA,NA,180,99,"Hooker"
"Q28690857","Yūta Takahashi","高橋 悠太","1988-11-03","Saitama Prefecture; Niiza; Saitama",NA,NA,172,105,"Prop"
"Q28690866","Nobuji Saito","斉藤 展士","1979-06-01","Osaka Prefecture",NA,NA,185,115,"Prop"
"Q28690892","Shigenori Someyama","染山 茂範","1990-09-05","Japan; Fukuoka Prefecture",NA,NA,171,73,"Fly-Half"
"Q28690915","Ryūji Koga","古賀 龍二","1977-07-24","Saga Prefecture",NA,NA,NA,NA,"Fullback"
"Q28690924","Yu Kanto","菅藤 友","1979-03-06","Nagasaki Prefecture",NA,NA,179,91,"Number 8; Flanker"
"Q28690933","Takayuki Kitagawa","北川 喬之","1981-12-13","Kyoto Prefecture",NA,NA,175,105,"Prop; Hooker"
"Q28690967","Shinsuke Yoshida","吉田 伸介","1985-04-20","Japan; Nagasaki Prefecture",NA,NA,174,100,"Hooker"
"Q28690968","Kōsuke Moriya","森谷 恒亮","1986-05-08","Aichi Prefecture",NA,NA,186,95,"Winger"
"Q28690997","Kento Matsui","松井 謙斗","1991-10-02","Osaka Prefecture",NA,NA,178,84,"Winger"
"Q28691067","Takayuki Masada","政田 孝之","1982-07-29","Kyoto Prefecture",NA,NA,176,76,"Fullback"
"Q28691075","Eiji Yamamoto","山本 英児","1979-09-20","Fukuoka Prefecture",NA,NA,184,98,"Number 8"
"Q28691100","Tsutomu Kawaguchi","川口 勉","1982-02-05","Osaka Prefecture",NA,NA,175,96,"Hooker"
"Q28691110","Yasuhiko Iwama","岩間 保彦","1977-08-26","Kanagawa Prefecture",NA,NA,183,113,"Prop; Hooker"
"Q28691115","Takeshi Yamamoto","山本 剛","1978-05-19","Shiga Prefecture",NA,NA,178,78,"Centre"
"Q28691170","Keiju Tsuruta","鶴田 桂樹","1996-02-28","Yamanashi Prefecture",NA,NA,172,79,"Winger"
"Q28691176","Kōsuke Naka","中 孝祐","1997-05-06","Japan; Nara Prefecture",NA,NA,177,77,"Winger"
"Q28691188","Yoshitaka Nakayama","中山 義孝","1982-08-06","Fukuoka Prefecture",NA,NA,184,106,"Flanker"
"Q28691232","Yūki Kawano","河野 悠輝","1984-11-07","Fukuoka Prefecture",NA,NA,183,113,"Prop"
"Q28691284","Tomohiro Kurata","藏田 知浩","1993-10-16","Japan; Hyōgo Prefecture",NA,NA,180,83,"Winger"
"Q28691291","Yoshihiko Kakuhama","角濱 嘉彦","1979-12-05","Kyoto Prefecture",NA,NA,193,102,"Winger"
"Q28691312","Hiroyuki Ōtsuka","大塚 博之","1978-08-20","Chiba Prefecture",NA,NA,181,100,"Hooker"
"Q28691342","Tsubasa Haruguchi","春口 翼","1979-12-18","Kanagawa Prefecture",NA,NA,NA,NA,"Scrum-Half"
"Q28691372","Kenyu Fujimoto","藤本 健友","1990-06-01","Tokyo",NA,NA,182,94,"Winger; Fullback"
"Q28691395","Kenji Oka","岡 健二","1982-11-26","Tokyo",NA,NA,165,70,"Scrum-Half"
"Q28691409","Patrick Stehlin","ステイリン パトリック","1992-12-15","Samoa",NA,NA,175,95,"Fly-Half"
"Q28691474","Junshi Yamakita","山北 純嗣","1991-09-28","Fukuoka Prefecture",NA,NA,178,85,"Centre"
"Q28691489","Hirotomo Kobori","小堀 弘朝","1981-04-17","Tokyo",NA,NA,180,91,"Winger"
"Q28691520","Tomoo Yasuda","安田 知生","1978-08-16","Nara Prefecture",NA,NA,188,110,"Lock"
"Q28691521","Takayuki Kunitake","金武 貴之","1981-07-09","Mie Prefecture; Suzuka; Mie",NA,NA,180,115,"Prop"
"Q28691533","Daisuke Motegi","茂木 大輔","1986-02-16","Japan; Saitama Prefecture",NA,NA,173,82,"Fly-Half"
"Q28691560","Gen Kakurai","覺來 弦","1985-11-16","Kanagawa Prefecture",NA,NA,186,97,"Flanker"
"Q28691590","Shunsuke Amamiya","雨宮 俊介","1985-06-26","Yamanashi Prefecture",NA,NA,192,107,"Lock"
"Q28691591","Motohiro Akagi","赤木 基浩","1980-06-28","Japan; Osaka Prefecture",NA,NA,168,71,"Winger"
"Q28691609","Shin'ya Ōsugi","大椙 慎也","1992-09-21","Japan; Fukuoka Prefecture",NA,NA,187,97,"Lock"
"Q28691658","Willie Britz","ヴィリー・ブリッツ","1988-08-31","South Africa; Bloemfontein",NA,NA,193,110,"Lock; Number 8; Flanker"
"Q28691698","Hiroaki Ushihara","牛原 寛章","1993-01-17","Japan; Fukuoka Prefecture",NA,NA,173,103,"Hooker"
"Q28691702","Kim Yong-hwi","金 勇輝","1993-03-29","Japan; Osaka Prefecture",NA,NA,175,85,"Centre"
"Q28691706","Naoki Hayakawa","早川 直樹","1992-04-03","Niigata Prefecture",NA,NA,186,88,"Winger"
"Q28691800","Taku Wada","和田 拓","1988-11-19","Kanagawa Prefecture; Ebina; Kanagawa",NA,NA,175,84,"Winger; Fullback"
"Q28691832","Junichi Nagao","長尾 純一","1985-11-08","Aichi Prefecture",NA,NA,178,108,"Prop"
"Q28691836","Yoshihiro Matsui","松井 祥寛","1977-12-26","Osaka Prefecture",NA,NA,182,95,"Flanker"
"Q28691871","Hisayoshi Matsuoka","松岡 久善","1992-09-01","Japan; Hyōgo Prefecture",NA,NA,183,87,"Winger"
"Q28691874","Kazuhiko Gotō","後藤 和彦","1979-02-26","Aichi Prefecture",NA,NA,172,72,"Scrum-Half"
"Q28691954","Yoshinobu Arai","新井 慶史","1988-04-07","Osaka Prefecture; Osaka",NA,NA,175,95,"Flanker"
"Q28691994","Masatoshi Mukōyama","向山 昌利","1975-05-20","Kumamoto Prefecture",NA,NA,182,90,"Centre"
"Q28692048","Kentaro Nagasaki","長崎 健太郎","1991-08-06","Osaka Prefecture; Matsubara",NA,NA,174,99,"Hooker"
"Q28692049","Yūki Ōnishi","大西 優希","1992-01-22","Nara Prefecture; Kashihara; Nara",NA,NA,182,115,"Prop"
"Q28692175","Kazuya Koizumi","小泉 和也","1973-06-09","Yamanashi Prefecture; Kōshū; Yamanashi",NA,NA,185,95,"Lock"
"Q28692181","Manabu Suzuki","鈴木 学","1983-02-08","Japan; Akita Prefecture",NA,NA,200,108,"Lock"
"Q28692194","Tomoaki Nakai","中居 智昭","1981-09-18","Kumamoto Prefecture",NA,NA,186,98,"Flanker"
"Q28692229","Takuo Kawasaki","川嵜 拓生","1977-06-12","Fukuoka Prefecture",NA,NA,185,90,"Number 8"
"Q28692231","Taiichi Yoshioka","吉岡 泰一","1978-03-26","Miyazaki Prefecture",NA,NA,177,93,"Centre"
"Q28692252","Shin'ya Miyamura","宮村 眞也","1976-10-29","Miyazaki Prefecture",NA,NA,190,105,"Lock"
"Q28692289","Shōjirō Saza","左座 正二郎","1978-08-25","Fukuoka Prefecture",NA,NA,183,111,"Prop"
"Q28692324","Junji Hiratsuka","平塚 純司","1978-04-07","Akita Prefecture",NA,NA,199,110,"Lock"
"Q28692327","Masatoshi Hasako","端迫 雅俊","1980-06-16","Kumamoto Prefecture",NA,NA,183,101,"Number 8"
"Q28692410","Tsuyoshi Kinoshita","木下 剛","1975-07-05","Osaka Prefecture",NA,NA,185,111,"Lock"
"Q28692443","Satoshi Ueda","上田 聖","1989-04-08","Japan; Ishikawa Prefecture; Kanazawa",NA,NA,181,112,"Prop"
"Q28692469","Yōsuke Shishido","宍戸 要介","1985-05-26","Japan; Shizuoka Prefecture",NA,NA,176,104,"Prop"
"Q28692478","Shōhei Yuzawa","湯澤 奨平","1988-08-22","Kanagawa Prefecture; Kawasaki; Kanagawa",NA,NA,186,105,"Lock"
"Q28741342","Ben White","ベン・ホワイト","1998-05-27","England; Stoke-on-Trent",NA,NA,178,88,"Scrum-Half"
"Q28756386","Kilive Naloli","キリベ・ナロリ","1975-09-26","Fiji",NA,NA,NA,NA,"Centre"
"Q28810444","Matt Tierney","マット・ティアニー","1996-07-04","Canada; Ontario; Mississauga",NA,NA,185,134,"Prop"
"Q28811953","Bryce Campbell","ブライス・キャンベル","1994-09-21","United States; Indiana; Indianapolis",NA,NA,184,107,"Centre"
"Q28831223","Paulo Nawalu","パウロ・ナワル","1958-10-18","Fiji; Lautoka",NA,NA,NA,NA,"Scrum-Half"
"Q28853743","Jacob Stockdale","ジェイコブ・ストックデイル","1996-04-03","Northern Ireland; Lurgan",NA,NA,191,103,"Winger; Centre; Fullback"
"Q28853751","Jordan Uelese","ジョーダン・ウエレセ","1997-01-24","New Zealand; Wellington",NA,NA,189,122,"Hooker"
"Q28853818","Tyrel Lomax","ティレル・ロマックス","1996-03-16","Australia; Canberra",NA,NA,192,127,"Prop"
"Q28911582","Jon Zabala","ジョン・サバラ","1996-11-26","Spain; Basque Country (autonomous community); Biscay; Getxo",NA,NA,192,124,"Prop"
"Q28925209","Fonovai Tangimana","フォノヴァイ・タンジマナ","1989-10-25","Tonga; Neiafu (Vavaʻu)",NA,NA,188,111,"Winger; Centre"
"Q28939732","Stedman Gans","ステッドマン・ガンズ","1997-03-19","South Africa; Eastern Cape",NA,NA,180,85,"Winger; Centre"
"Q28943604","Nicolás Freitas","ニコラス・フレイタス","1993-07-03","Uruguay; Montevideo Department; Montevideo",NA,NA,180,90,"Centre"
"Q28973581","Murray Douglas","マリー・ダグラス","1989-10-27","Scotland",NA,NA,198,115,"Lock"
"Q28974206","Sione Fakaʻosilea","シオネ・ファカオシーレア","1987-01-13","Tonga",NA,NA,182,109,"Centre"
"Q28976112","Damian Willemse","ダミアン・ウィレムセ","1998-05-07","South Africa; Western Cape",NA,NA,183,86,"Fly-Half; Fullback"
"Q29312512","Richie Arnold","リッチー・アーノルド","1990-07-01","Australia; Wagga Wagga",NA,NA,208,127,"Lock"
"Q29472892","Sosefo Sakalia","ソセフォ・サカリア","1991-12-14","Tonga; Nukuʻalofa",NA,NA,178,96,"Hooker"
"Q29533947","Jake Polledri","ジェイク・ポッレードリ","1995-11-08","England; Bristol",NA,NA,188,106,"Flanker; Number 8"
"Q29561631","Ekeroma Luaiufi","エケロマ・ルアイウヒ","1963-07-08","Samoa",NA,NA,NA,NA,"Lock"
"Q29561634","Sione Latu","シオネ・ラトゥ","1971-02-23","Tonga",NA,NA,NA,NA,"Number 8"
"Q29818455","Esei Ha'angana","エセイ・ハアンガナ","1999-04-21","Australia; New South Wales; Sydney",NA,NA,198,112,"Lock"
"Q29841241","Masaki Fujisaki","藤崎 眞樹","1995-01-18","Japan; Osaka Prefecture",NA,NA,175,85,"Winger; Centre"
"Q29868478","Joe Cokanasiga","ジョー・ゾカナシンガ","1997-11-15","Fiji; Suva",NA,NA,192,112,"Winger"
"Q29892081","Lasha Jaiani","ラシャ・ジャイアニ","1998-04-21","Georgia (country); Tbilisi",NA,NA,200,122,"Lock"
"Q29895603","Guram Papidze","グラム・パイドゼ","1997-06-16","Georgia (country); Tbilisi",NA,NA,186,127,"Prop"
"Q29896122","Giorgi Gogoladze","ギオルギ・ゴゴラゼ","1997-10-27","Tbilisi; Georgia; Georgia (country)",NA,NA,189,100,"Centre"
"Q29914197","Mirian Modebadze","ミリアン・モデバゼ","1997-10-27","Georgia (country); Tbilisi",NA,NA,194,95,"Winger; Fullback"
"Q29914201","Guram Gogichashvili","グラム・ゴギチャイシヴィリ","1998-09-04","Georgia (country)",NA,NA,183,118,"Prop"
"Q29982241","Yoshihito Yoshida","吉田 義人","1969-02-16","Akita Prefecture; Oga; Akita",NA,NA,NA,NA,"Winger"
"Q30013226","Soso Matiashvili","ソソ・マティアシヴィリ","1993-01-27","Georgia (country); Tbilisi",NA,NA,185,85,"Winger; Centre"
"Q30014591","Giorgi Kveseladze","ギオルギ・クヴェセラセ","1997-11-11","Georgia (country); Tbilisi",NA,NA,185,100,"Centre"
"Q30027820","Adam Hastings","アダム・ヘイスティングス","1996-10-05","Scotland; Edinburgh",NA,NA,188,87,"Fly-Half; Fullback"
"Q30122149","Bruce Ferguson","ブルース・ファーガソン","1969-07-25","Fiji; Suva",NA,NA,NA,NA,"Lock"
"Q30122178","Michael Stolberg","マイケル・ストーバーグ","1992-03-27","Australia",NA,NA,204,120,"Lock"
"Q30122379","Leon Brown","レオン・ブラウン","1996-10-26","Wales; Newport",NA,NA,190,126,"Prop"
"Q30122761","Marcus Smith","マーカス・スミス","1999-02-14","Philippines; Manila",NA,NA,178,83,"Fly-Half; Fullback"
"Q30140858","Gela Aprasidze","ゲラ・アプラシゼ","1998-01-14","Georgia (country); Tbilisi",NA,NA,175,70,"Scrum-Half"
"Q30140939","Damian Penaud","ダミアン・プノー","1996-09-25","France; Corrèze; Brive-la-Gaillarde",NA,NA,192,94,"Centre; Winger"
"Q30149653","Atsushi Tsukamoto","塚本 篤志","1986-12-12","Saitama Prefecture",NA,NA,189,102,"Lock"
"Q30223019","Romain Ntamack","ロマン・ヌタマック","1999-05-01","France; Haute-Garonne; Toulouse",NA,NA,186,86,"Fly-Half; Centre"
"Q30234153","Harry McNulty","ハリー・マクナルティ","1993-03-05","Bahrain",NA,NA,188,95,"Winger; Centre"
"Q30501849","Jordan Conroy","ジョーダン・コンロイ","1994-03-10","Republic of Ireland; County Offaly; Tullamore",NA,NA,183,92,"Winger"
"Q30502098","Nick Timoney","ニック・ティモニー","1995-08-01","Republic of Ireland; Dublin",NA,NA,188,114,"Flanker"
"Q30595006","Josh Peters","ジョシュ・ペーターズ","1995-10-12","England; London; London Borough of Bexley; Sidcup",NA,NA,200,108,"Lock"
"Q30611867","James Ryan","ジェームズ・ライアン","1996-07-24","Republic of Ireland; County Dublin; Black Rock",NA,NA,202,106,"Lock"
"Q30612327","Harry Williams","ハリー・ウィリアムズ","1991-10-01","England; London",NA,NA,191,126,"Prop"
"Q30726873","Maxime Lucu","マキシム・ルク","1993-01-12","France; Saint-Jean-de-Luz",NA,NA,177,79,"Scrum-Half; Fly-Half"
"Q30729256","Anthony Jelonch","アントニー・ジェロンチ","1996-07-28","France; Gers; Vic-Fezensac",NA,NA,193,105,"Flanker"
"Q30922428","Ken Yoshida","吉田 健","1987-05-03","Gifu Prefecture",NA,NA,165,72,"Scrum-Half"
"Q30922429","Ryōta Takagi","高城 良太","1989-11-08","Iwate Prefecture",NA,NA,170,78,"Scrum-Half"
"Q30922451","Toshikazu Akiba","秋葉 俊和","1981-12-14","Yamagata Prefecture; Higashimurayama District; Yamagata",NA,NA,180,110,"Prop"
"Q30922460","Naoya Kai","甲斐 尚哉","1987-10-14","Miyazaki Prefecture; Nobeoka",NA,NA,172,106,"Prop"
"Q30922482","Yūta Yatōgo","八藤後 裕太","1986-03-12","Niigata Prefecture",NA,NA,184,100,"Lock; Flanker"
"Q30922483","Masaru Ishigami","石神 勝","1981-06-20","Gifu Prefecture; Gifu",NA,NA,190,103,"Lock"
"Q30922498","Naoto Sugiura","杉浦 直人","1986-11-21","Kanagawa Prefecture; Odawara",NA,NA,186,75,"Lock"
"Q30922524","Takuya Nakajima","中島 拓也","1988-10-09","Japan; Saitama Prefecture",NA,NA,174,89,"Centre"
"Q30922555","Wataru Nishimura","西村 渉","1986-11-25","Nara Prefecture; Gose; Nara",NA,NA,174,75,"Scrum-Half"
"Q30922566","Haruki Satō","佐藤 晴紀","1986-05-21","Kanagawa Prefecture; Yokohama",NA,NA,184,98,"Winger; Centre; Fullback"
"Q30922573","Rahboni Warren-Vosayaco","ラーボニ・ウォーレン＝ボスアヤコ","1995-09-28","Australia; New South Wales; Sydney",NA,NA,190,104,"Number 8; Flanker"
"Q30922597","Yuya Odo","大戸 裕矢","1990-03-09","Japan; Saitama Prefecture",NA,NA,187,104,"Lock; Flanker"
"Q30922598","Tenyu Aono","青野 天悠","1991-09-12","Osaka Prefecture; Osaka",NA,NA,190,97,"Lock"
"Q30922636","Keisuke Yagishita","八木下 恵介","1984-05-09","Tokyo; Bunkyō",NA,NA,185,105,"Lock; Flanker"
"Q30922664","Taiki Koyama","小山 大輝","1994-10-31","Japan; Hokkaido",NA,NA,171,71,"Scrum-Half"
"Q30922665","Tomohito Miyakawa","宮川 智海","1994-09-06","Japan; Akita Prefecture",NA,NA,191,105,"Flanker"
"Q30922682","Takeshi Ōhigashi","大東 毅","1974-10-05","Hokkaido",NA,NA,178,88,"Flanker"
"Q30922726","Ken Hidaka","日高 健","1981-06-25","Tokyo",NA,NA,182,92,"Number 8"
"Q30922731","Masatoshi Mukawa","武川 正敏","1979-07-11","Yamanashi Prefecture",NA,NA,173,80,"Fly-Half; Centre"
"Q30922750","Toshiki Sakurai","櫻井 寿貴","1980-02-27","Gunma Prefecture",NA,NA,185,115,"Prop"
"Q30922782","Sōtarō Ōkawa","大川 創太郎","1991-10-25","Japan; Kumamoto Prefecture; Kumamoto",NA,NA,181,107,"Prop"
"Q30922823","Yūsuke Matsumoto","松本 友介","1987-07-01","Nara Prefecture",NA,NA,187,110,"Prop"
"Q30922828","Takehiro Fujiwara","藤原 丈宏","1990-01-31","Osaka Prefecture; Osaka",NA,NA,172,105,"Prop"
"Q30922831","Akiyoshi Kawaguchi","川口 顕義","1987-12-22","Osaka Prefecture",NA,NA,179,93,"Flanker"
"Q30922847","Fumihiro Yoshizawa","吉沢 文洋","1991-10-24","Japan; Nagano Prefecture",NA,NA,172,76,"Scrum-Half"
"Q30922848","Kazuhiro Koike","小池 一宏","1992-06-10","Japan; Gunma Prefecture; Maebashi",NA,NA,172,93,"Hooker"
"Q30922875","Ryōma Kudō","工藤 良麻","1989-09-30","Kumamoto Prefecture",NA,NA,172,77,"Fly-Half; Centre; Fullback"
"Q30922899","Hiromi Endo","遠藤 広太","1984-02-07","Aomori Prefecture",NA,NA,173,83,"Centre; Fullback"
"Q30922931","Katsunori Imoto","井本 克典","1986-08-25","Miyazaki Prefecture",NA,NA,174,84,"Centre"
"Q30922943","Shohei Fukumoto","福本 翔平","1992-06-12","Osaka Prefecture; Osaka",NA,NA,181,93,"Flanker"
"Q30922955","Keisuke Matsumoto","松本 悠介","1991-06-06","Japan; Nara Prefecture; Tenri; Nara",NA,NA,180,86,"Winger; Centre"
"Q30922991","Genki Hasegawa","長谷川 元氣","1988-01-05","Kyoto Prefecture; Kyoto",NA,NA,178,85,"Winger"
"Q30922994","Fumiya Yamafuji","山藤 史也","1984-12-13","Hiroshima Prefecture",NA,NA,180,80,"Centre"
"Q30923029","Kazuki Kohama","小浜 和己","1987-07-24","Ibaraki Prefecture; Moriya; Ibaraki",NA,NA,183,85,"Centre"
"Q30923069","Akihiro Shioyama","塩山 瑛大","1988-11-18","Fukuoka Prefecture",NA,NA,175,80,"Centre"
"Q30923074","Takuya Takahira","高平 拓弥","1990-10-17","Osaka Prefecture; Osaka",NA,NA,177,85,"Fullback"
"Q30923088","Yōto Ioki","伊尾木 洋斗","1992-12-20","Japan; Kyoto Prefecture",NA,NA,181,125,"Prop"
"Q30923136","Yūki Uchida","内田 裕大","1991-07-23","Aichi Prefecture",NA,NA,178,115,"Prop"
"Q30923137","Kazuto Satō","佐藤 一斗","1988-08-12","Tokyo",NA,NA,178,100,"Prop"
"Q30923153","Daiki Masuda","増田 大暉","1990-06-07","Osaka Prefecture",NA,NA,176,93,"Winger; Centre"
"Q30923183","Takuro Yoneya","米谷 卓朗","1990-12-12","Chiba Prefecture",NA,NA,180,140,"Prop"
"Q30923245","Shin Kawamura","川村 慎","1987-08-06","Japan; Tokyo",NA,NA,172,102,"Hooker"
"Q30923258","Ryoya Sakai","酒井 亮八","1985-04-17","Ishikawa Prefecture",NA,NA,187,98,"Flanker"
"Q30923290","Tsukuru Nishida","西田 創","1983-04-17","Fukuoka Prefecture",NA,NA,169,77,"Scrum-Half"
"Q30923369","Hikaru Kuzure","崩 光瑠","1991-09-09","Aomori Prefecture",NA,NA,180,113,"Hooker"
"Q30923410","Taiki Koga","古賀 太貴","1989-04-06","Tokyo; Meguro",NA,NA,178,108,"Prop"
"Q30923411","Tsutomu Sakuraya","櫻谷 勉","1984-06-16","Kyoto Prefecture",NA,NA,181,91,"Centre"
"Q30923436","Yuki Aoki","青木 祐樹","1992-02-23","Japan; Chiba Prefecture; Kashiwa",NA,NA,188,105,"Lock; Flanker"
"Q30923487","Yūta Chiba","千葉 雄太","1992-12-21","Japan; Miyagi Prefecture; Shiogama",NA,NA,182,108,"Number 8"
"Q30923540","Takuya Inoue","井上 卓哉","1991-07-26","Tokyo; Nerima",NA,NA,164,74,"Scrum-Half"
"Q30923545","Ryoma Shirai","白井 竜馬","1992-10-06","Japan; Osaka Prefecture; Higashiōsaka",NA,NA,172,82,"Fly-Half; Centre; Fullback"
"Q30923654","Yūya Tensaka","天坂 裕也","1989-12-01","Niigata Prefecture; Shibata; Niigata",NA,NA,173,82,"Winger"
"Q30923665","Gintarō Takahashi","髙橋 銀太郎","1984-02-03","Niigata Prefecture",NA,NA,174,82,"Fly-Half; Centre; Fullback"
"Q30923696","Hidetaka Shibahara","柴原 英孝","1982-08-28","Shizuoka Prefecture",NA,NA,175,81,"Winger"
"Q30923704","Kenta Tanaka","田中 健太","1988-03-18","Tokyo; Adachi",NA,NA,175,92,"Centre"
"Q30923725","Ryō Mochizuki","望月 諒","1988-05-06","Shizuoka Prefecture; Shizuoka (city)",NA,NA,183,87,"Winger; Fullback"
"Q30923773","Ryō Iwamoto","岩本 亮","1985-01-20","Saga Prefecture",NA,NA,180,105,"Prop"
"Q30923823","Yasuo Saruwatari","猿渡 康雄","1990-09-28","Japan; Kumamoto Prefecture",NA,NA,182,114,"Prop"
"Q30923836","Tomohiro Tanaka","田中 智広","1991-10-24","Kumamoto Prefecture",NA,NA,175,115,"Prop"
"Q30923907","Masahiro Hibino","日比野 壮大","1992-06-20","Japan; Aichi Prefecture",NA,NA,180,115,"Prop"
"Q30923964","Naoto Osajima","筬島 直人","1991-05-23","Kumamoto Prefecture",NA,NA,187,95,"Lock"
"Q30923967","Shun Sekiya","関屋 駿","1991-05-18","Fukuoka Prefecture",NA,NA,189,102,"Lock"
"Q30924022","Taiji Machino","町野 泰司","1992-09-17","Japan; Kumamoto Prefecture",NA,NA,178,100,"Lock"
"Q30924077","Shōta Egashira","江頭 翔太","1991-03-19","Saga Prefecture",NA,NA,172,70,"Scrum-Half"
"Q30924091","Yūki Yamazaki","山崎 雄希","1992-07-10","Nagasaki Prefecture",NA,NA,183,88,"Fly-Half"
"Q30924094","Daisuke Ōtsuka","大塚 大輔","1988-04-12","Ibaraki Prefecture",NA,NA,178,88,"Centre"
"Q30924107","Hisatoshi Yamada","山田 久寿","1985-08-30","Fukuoka Prefecture",NA,NA,180,83,"Centre"
"Q30924142","Yōji Yamamoto","山本 耀司","1992-01-17","Wakayama Prefecture",NA,NA,179,81,"Centre"
"Q30924192","Kōhei Kawaguchi","川口 皓平","1988-09-14","Nagasaki Prefecture",NA,NA,183,90,"Fullback"
"Q30924197","Arata Nanri","南里 新","1988-11-08","Japan; Fukuoka Prefecture",NA,NA,171,78,"Fullback"
"Q30924208","Gō Watanabe","渡辺 郷","1989-05-05","Kumamoto Prefecture",NA,NA,182,94,"Fullback"
"Q30924223","Daichi Tomoeda","友枝 大智","1991-03-29","Osaka Prefecture",NA,NA,185,115,"Prop"
"Q30924244","Kota Kumamoto","隈本　浩太","1988-11-24","Japan; Kagoshima Prefecture",NA,NA,172,107,"Hooker"
"Q30924247","Yasunori Hoshimoto","星本 泰憲","1989-10-24","Osaka Prefecture",NA,NA,170,98,"Hooker"
"Q30924272","Taro Akita","秋田 太朗","1979-05-01","Fukuoka Prefecture",NA,NA,190,103,"Lock"
"Q30924288","Ippei Hata","秦 一平","1990-02-01","Fukuoka Prefecture",NA,NA,152,53,"Scrum-Half"
"Q30924311","Yosuke Nishiura","西浦 洋祐","1990-09-29","Japan; Kumamoto Prefecture",NA,NA,175,105,"Prop"
"Q30924312","Shun Okabe","岡部 瞬","1993-02-17","Saitama Prefecture",NA,NA,175,105,"Prop"
"Q30924383","Naoyuki Ueyama","上山 直之","1992-02-16","Osaka Prefecture",NA,NA,192,103,"Lock"
"Q30924384","Tōru Sugishita","杉下 暢","1992-05-04","Japan; Kyoto Prefecture",NA,NA,183,102,"Lock"
"Q30924403","Kosuke Tsujii","辻井 宏介","1987-09-02","Kyoto Prefecture",NA,NA,181,95,"Flanker"
"Q30924406","Ryō Kawada","川田 涼","1989-08-09","Gunma Prefecture",NA,NA,174,97,"Flanker"
"Q30924434","Gō Miura","三浦 豪","1990-11-17","Tokyo",NA,NA,175,95,"Flanker"
"Q30924475","Akira Inoue","井之上 明","1991-04-12","Japan; Hyōgo Prefecture",NA,NA,168,73,"Scrum-Half"
"Q30924479","Masahito Imura","猪村 優仁","1991-06-15","Osaka Prefecture",NA,NA,173,78,"Fly-Half"
"Q30924540","Masaki Kobayashi","小林 正旗","1992-07-18","Japan; Niigata Prefecture",NA,NA,177,88,"Centre"
"Q30924541","Yoshihito Satō","佐藤 善仁","1990-03-14","Hokkaido",NA,NA,178,84,"Fullback"
"Q30924560","Takeru Moriyama","森山 雄","1992-07-07","Toyama Prefecture; Toyama (city)",NA,NA,190,105,"Lock"
"Q30924561","Tatsuki Tomura","戸室 達貴","1994-09-09","Japan; Gunma Prefecture",NA,NA,176,80,"Winger; Centre"
"Q30924572","Yuki Kagoshima","篭島 優輝","1994-01-15","Japan; Kanagawa Prefecture",NA,NA,166,73,"Scrum-Half"
"Q30924588","Kabuto Anoku","庵奥 翔太","1993-04-19","Japan; Hyōgo Prefecture; Amagasaki",NA,NA,178,105,"Prop; Hooker"
"Q30924612","Hiroyuki Mezaki","目崎 啓志","1993-08-04","Japan; Tokyo; Adachi",NA,NA,186,100,"Lock; Flanker"
"Q30924615","Toshiya Takahashi","高橋 敏也","1993-10-22","Japan; Kanagawa Prefecture; Kawasaki; Kanagawa",NA,NA,180,82,"Scrum-Half"
"Q30924632","Takehiro Nakazawa","中澤 健宏","1991-09-10","Japan; Saitama Prefecture; Iruma; Saitama",NA,NA,181,86,"Fullback"
"Q30924657","Suguru Igarashi","五十嵐 優","1993-11-22","Japan; Kanagawa Prefecture",NA,NA,171,101,"Prop"
"Q30924693","Tetsu Uehara","上原 哲","1994-02-05","Chiba Prefecture",NA,NA,177,86,"Fly-Half"
"Q30924699","Toshiaki Maejima","前島 利明","1993-12-13","Japan; Yamanashi Prefecture",NA,NA,175,106,"Prop"
"Q30924724","Yō Satō","佐藤 耀","1994-01-27","Japan; Tokyo",NA,NA,178,100,"Hooker"
"Q30924727","Kōdai Kameyama","亀山 宏大","1993-03-24","Japan; Chiba Prefecture",NA,NA,174,82,"Fly-Half"
"Q30924773","Kōichi Matsuura","松浦 康一","1993-08-03","Japan; Fukuoka Prefecture",NA,NA,183,90,"Centre"
"Q30924801","Toshiyuki Morikawa","森川 稔之","1993-05-26","Fukuoka Prefecture",NA,NA,181,83,"Winger"
"Q30924805","Kōsuke Oike","尾池 亨允","1993-08-18","Japan; Miyazaki Prefecture",NA,NA,183,111,"Prop"
"Q30924838","Mitsumasa Harayama","原山 光正","1993-04-06","Japan; Kyoto Prefecture",NA,NA,176,102,"Hooker"
"Q30924856","Kōsetsu Kawachi","川地 光節","1993-04-08","Japan; Fukuoka Prefecture",NA,NA,180,106,"Lock"
"Q30924871","Kohei Ishigaki","石垣 航平","1993-06-25","Japan; Okinawa Prefecture",NA,NA,184,104,"Centre"
"Q30924873","Masakazu Yatsumonji","八文字 雅和","1993-07-14","Japan; Miyazaki Prefecture",NA,NA,178,93,"Winger"
"Q30924898","Kentarō Komura","古村 健太郎","1993-07-21","Kyoto Prefecture",NA,NA,177,95,"Prop"
"Q30924936","Yūsuke Yamada","山田 裕介","1998-03-11","Aichi Prefecture",NA,NA,177,105,"Prop"
"Q30924937","Shōta Hirono","廣野 翔太","1993-12-10","Japan; Osaka Prefecture",NA,NA,179,101,"Hooker"
"Q30924947","Munetaka Sashida","指田 宗孝","1994-03-02","Japan; Osaka Prefecture",NA,NA,176,115,"Prop"
"Q30924953","Shota Takano","高野 祥太","1994-01-12","Japan; Fukuoka Prefecture",NA,NA,176,83,"Centre"
"Q30924958","Kōsuke Hattori","服部 航介","1993-06-04","Japan; Wakayama Prefecture",NA,NA,181,99,"Flanker"
"Q30925011","Gu Jiyoon","具 智允","1992-05-02","South Korea",NA,NA,176,89,"Fly-Half; Centre"
"Q30925052","Ryosuke Kanemura","金村 良祐","1993-06-26","Osaka Prefecture",NA,NA,177,88,"Centre"
"Q30925054","Ryuta Iiyama","飯山 竜太","1994-08-03","Japan; Ibaraki Prefecture",NA,NA,176,83,"Winger"
"Q30925090","Takumi Matsumura","松村 拓海","1994-12-16","Japan; Tokyo",NA,NA,183,90,"Flanker"
"Q30925092","Kento Imura","井村 兼人","1994-04-30","Kyoto Prefecture",NA,NA,176,111,"Prop"
"Q30925108","Daijirō Tanaka","田中 大治郎","1990-07-06","Nara Prefecture; Ikoma; Nara",NA,NA,166,75,"Scrum-Half"
"Q30925109","Daisuke Maeda","前田 大輔","1990-10-07","Osaka Prefecture; Suita",NA,NA,187,106,"Lock"
"Q30925164","Shōji Tanaka","田中 章司","1994-09-12","Japan; Kyoto Prefecture",NA,NA,187,96,"Lock; Number 8; Flanker"
"Q30925166","Yoshihisa Kawasaki","川崎 仁久","1987-12-07","Gunma Prefecture",NA,NA,186,118,"Prop"
"Q30925183","Masashi Debuchi","出渕 賢史","1990-05-30","Japan; Okayama Prefecture",NA,NA,177,112,"Prop"
"Q30925185","Tetsuo Imamura","今村 哲央","1991-04-20","Saga Prefecture",NA,NA,190,109,"Lock"
"Q30925245","Keita Fujiwara","藤原 恵太","1994-06-27","Japan; Osaka Prefecture",NA,NA,173,83,"Scrum-Half"
"Q30925258","Hayata Nakao","中尾 隼太","1995-01-20","Japan; Nagasaki Prefecture",NA,NA,175,82,"Fly-Half"
"Q30925261","Toshiki Fujii","藤井 俊希","1992-04-03","Japan; Osaka Prefecture",NA,NA,188,97,"Lock"
"Q30925275","Daiki Konishi","小西 大樹","1987-08-02","Nara Prefecture",NA,NA,166,70,"Scrum-Half"
"Q30925351","Issei Shige","重 一生","1994-12-05","Japan; Osaka Prefecture",NA,NA,170,76,"Scrum-Half; Centre; Fullback"
"Q30925354","Yasunori Katagiri","片桐 康策","1992-01-05","Japan; Nagano Prefecture",NA,NA,170,75,"Fly-Half; Centre"
"Q30925383","Wataru Kawai","河合 航","1987-06-30","Japan; Saitama Prefecture",NA,NA,175,90,"Centre"
"Q30925391","Shin Ōhashi","大橋 晋","1991-11-07","Japan; Osaka Prefecture",NA,NA,171,91,"Centre"
"Q30925485","Shinya Morita","森田 慎也","1994-10-15","Japan; Kyoto Prefecture",NA,NA,170,78,"Winger"
"Q30925486","Akihiro Shimizu","清水 晶大","1995-02-18","Japan; Osaka Prefecture",NA,NA,175,85,"Fly-Half"
"Q30925505","Wataru Niimoto","新本 亘","1992-09-19","Hiroshima Prefecture",NA,NA,185,93,"Lock; Flanker"
"Q30925507","Toshihiro Nishii","西井 利宏","1990-12-03","Japan; Ehime Prefecture",NA,NA,185,109,"Lock; Flanker"
"Q30925537","Yōhei Nakamura","中村 洋平","1990-10-22","Kanagawa Prefecture",NA,NA,170,72,"Scrum-Half"
"Q30925538","Tasuku Kinjo","金城 佑","1992-09-11","Okinawa Prefecture",NA,NA,172,77,"Scrum-Half"
"Q30925568","Shūsaku Hamazato","濱里 周作","1985-12-28","Okinawa Prefecture",NA,NA,180,85,"Winger; Centre"
"Q30925570","Kōhei Hamazato","濱里 耕平","1988-05-25","Okinawa Prefecture",NA,NA,174,81,"Scrum-Half; Winger"
"Q30925608","Nobuyoshi Arai","新井 信善","1989-07-13","Osaka Prefecture",NA,NA,179,115,"Hooker; Number 8"
"Q30925609","Kiminori Moto","元 公法","1985-08-30","Osaka Prefecture",NA,NA,177,106,"Prop"
"Q30925696","Shota Takizawa","滝澤 翔太","1992-09-03","Osaka Prefecture",NA,NA,177,105,"Prop"
"Q30925707","Hiroto Kawasaki","川崎 大翔","1991-07-05","Japan; Osaka Prefecture",NA,NA,183,103,"Flanker"
"Q30925712","Tomoyuki Harashima","原島 知行","1989-01-22","Tokyo",NA,NA,180,90,"Centre"
"Q30925754","Takahito Takemaru","竹丸 貴仁","1987-09-20","Osaka Prefecture",NA,NA,175,86,"Centre"
"Q30925757","Tetsuro Kamata","鎌田 哲郎","1986-11-28","Osaka Prefecture",NA,NA,184,89,"Winger; Fullback"
"Q30925781","Takahiro Furuya","古屋 孝広","1984-04-15","Yamanashi Prefecture",NA,NA,172,82,"Fly-Half"
"Q30925848","Ei Kawamukō","川向 瑛","1995-01-09","Japan; Kagoshima Prefecture",NA,NA,172,82,"Fly-Half; Centre"
"Q30925849","Takeo Suenaga","末永 健雄","1994-07-31","Japan; Fukuoka Prefecture",NA,NA,178,94,"Number 8; Flanker"
"Q30925936","Kōta Kaishi","海士 広大","1994-10-07","Japan; Osaka Prefecture",NA,NA,172,105,"Prop"
"Q30925937","Kenichiro Kuwae","桑江 健一郎","1994-10-24","Japan; Okinawa Prefecture",NA,NA,177,76,"Fullback"
"Q30926016","Kazuhiro Taniguchi","谷口 和洋","1995-02-05","Japan; Osaka Prefecture",NA,NA,163,72,"Scrum-Half"
"Q30926020","Ryōi Kamei","亀井 亮依","1994-10-08","Japan; Osaka Prefecture",NA,NA,178,97,"Flanker"
"Q30926105","Hiroshi Abe","阿部 浩士","1990-07-20","Miyagi Prefecture; Ishinomaki",NA,NA,176,104,"Prop"
"Q30926109","Ben Gunter","ベン・ガンター","1997-10-24","Australia",NA,NA,195,120,"Lock; Flanker"
"Q30926110","Tomohiro Saruta","猿田 智広","1986-02-12","Akita Prefecture",NA,NA,175,95,"Hooker"
"Q30926117","Takanori Hamada","濱田 宇功","1985-09-17","Tokyo",NA,NA,180,102,"Hooker"
"Q30926147","Tomoya Tomizawa","冨沢 智也","1989-01-21","Tokyo",NA,NA,175,85,"Fly-Half; Centre"
"Q30926148","Hiromitsu Kai","甲斐 洋充","1986-08-27","Hyōgo Prefecture",NA,NA,188,95,"Lock"
"Q30926165","Keisuke Tahara","田原 圭祐","1987-02-14","Aichi Prefecture; Nagoya",NA,NA,168,70,"Scrum-Half"
"Q30926284","Shin'nosuke Tase","田瀬 慎之介","1987-02-19","Yamagata Prefecture",NA,NA,173,75,"Fly-Half"
"Q30926286","Daiki Ogaswara","小笠原 大樹","1987-02-26","Kanagawa Prefecture",NA,NA,185,92,"Lock"
"Q30926316","Kentaro Nagatomi","永富 健太郎","1994-04-02","Japan; Fukuoka Prefecture",NA,NA,183,83,"Fly-Half"
"Q30926422","Shin'ichi Tanaka","田中 真一","1994-06-08","Japan; Tokyo; Mitaka",NA,NA,186,98,"Number 8; Flanker"
"Q30926424","Kentarō Kobayashi","小林 健太郎","1994-04-26","Kanagawa Prefecture",NA,NA,180,90,"Winger; Centre"
"Q30926446","Aiban Mishima","三島 藍伴","1994-07-16","Osaka Prefecture",NA,NA,173,86,"Winger; Centre"
"Q30926507","Yuji Takei","竹井 勇二","1994-10-14","Japan; Nara Prefecture; Yamatokōriyama",NA,NA,183,105,"Hooker"
"Q30926509","Kenta Yamaguchi","山口 健太","1994-08-17","Tokyo",NA,NA,185,98,"Lock; Flanker"
"Q30926632","Che Runya","崔 凌也","1994-05-20","Japan; Fukuoka Prefecture",NA,NA,182,104,"Prop"
"Q30926652","Shō Yamazaki","山崎 翔","1995-03-02","Tokyo",NA,NA,175,91,"Centre"
"Q30926703","Yoshio Koyama","小山 恵生","1975-11-13","Niigata Prefecture",NA,NA,183,115,"Prop"
"Q30926748","Isileli Nakajima","中島 イシレリ","1989-07-09","Tonga; Viola",NA,NA,186,120,"Prop; Lock; Number 8"
"Q30926928","Koji Iino","飯野 晃司","1994-10-12","Japan; Aichi Prefecture",NA,NA,189,108,"Lock"
"Q30926930","Sōta Oketani","桶谷 宗汰","1994-11-18","Japan; Osaka Prefecture",NA,NA,177,93,"Hooker"
"Q30926967","Shuhei Narita","成田 秀平","1994-12-11","Japan; Akita Prefecture",NA,NA,176,77,"Winger; Fullback"
"Q30926970","Hironori Yatomi","矢富 洋則","1995-11-09","Japan; Kyoto Prefecture",NA,NA,181,90,"Centre; Fullback"
"Q30927005","Daniel Peters","ピータース ダニエル","1985-06-04","New Zealand",NA,NA,180,87,"Fullback"
"Q30927062","Genki Ōkoshi","大越 元気","1994-12-26","Japan; Tokyo; Setagaya",NA,NA,162,63,"Scrum-Half"
"Q30927065","Kim Ryonji","金 嶺志","1994-08-26","Japan; Saitama Prefecture",NA,NA,190,99,"Lock"
"Q30927162","Atsushi Yumoto","湯本 睦","1994-05-02","Japan; Osaka Prefecture",NA,NA,165,70,"Scrum-Half"
"Q30927166","Shoma Makinouchi","牧野内 翔馬","1994-11-05","Japan; Fukuoka Prefecture",NA,NA,189,103,"Lock"
"Q30927239","Fetuani Lautaimi","フェツアニ・ラウタイミ","1992-10-21","Tonga",NA,NA,184,115,"Number 8"
"Q30927314","Rui Sannomiya","三宮 累","1994-08-16","Japan; Tokyo",NA,NA,182,110,"Prop"
"Q30927315","Masayasu Ōshiba","大芝 優泰","1994-04-05","Chiba Prefecture",NA,NA,176,90,"Winger"
"Q30927436","Seiya Ozaki","尾崎 晟也","1995-07-11","Japan; Kyoto Prefecture; Uji",NA,NA,174,85,"Winger; Fullback"
"Q30929077","Kazuki Katō","加藤 一希","1994-12-07","Japan; Aichi Prefecture",NA,NA,185,115,"Prop; Lock; Flanker"
"Q30929232","Hiroaki Shirahama","白濱 弘章","1994-10-28","Japan; Fukuoka Prefecture",NA,NA,176,100,"Hooker"
"Q30929244","Kōhei Eguchi","江口 晃平","1994-12-20","Japan; Kyoto Prefecture",NA,NA,174,105,"Hooker"
"Q30929250","Yuji Nishiuchi","西内 勇二","1994-05-22","Fukuoka Prefecture",NA,NA,180,108,"Prop"
"Q30929321","Shōya Hirokawa","廣川 翔也","1995-01-21","Japan; Aichi Prefecture",NA,NA,166,90,"Flanker"
"Q30929325","Eishin Kuwano","桑野 詠真","1994-10-11","Japan; Fukuoka Prefecture",NA,NA,193,112,"Lock"
"Q30929388","Genta Wada","和田 源太","1994-07-10","Japan; Osaka Prefecture",NA,NA,179,90,"Fly-Half"
"Q30929395","Tomokazu Kira","吉良 友嘉","1994-07-29","Japan; Ōita Prefecture",NA,NA,171,82,"Winger; Centre"
"Q30929545","Yuta Isobe","磯辺 裕太","1995-02-27","Japan; Aichi Prefecture",NA,NA,174,92,"Number 8; Flanker"
"Q30929550","Ryōsei Kohara","小原 稜生","1993-10-05","Japan; Kyoto Prefecture",NA,NA,181,90,"Flanker"
"Q30929593","Yūki Ōmichi","大道 勇喜","1994-07-30","Japan; Nagasaki Prefecture",NA,NA,176,76,"Winger; Fullback"
"Q30929596","Keita Terada","寺田 桂太","1995-02-01","Japan; Kyoto Prefecture",NA,NA,198,112,"Lock"
"Q30929630","Tomoki Yamaguchi","山口 知貴","1994-09-28","Japan; Nara Prefecture",NA,NA,175,105,"Prop"
"Q30929633","Toshimitsu Ogami","尾上 俊光","1994-08-06","Japan; Osaka Prefecture",NA,NA,190,100,"Lock"
"Q30929763","Toshiki Hamagishi","浜岸 峻輝","1994-11-28","Japan; Kanagawa Prefecture",NA,NA,175,90,"Scrum-Half; Centre"
"Q30929764","Masashi Ōnishi","大西 将史","1995-02-21","Japan; Osaka Prefecture",NA,NA,179,103,"Hooker; Lock; Number 8"
"Q30929839","Taichi Chiba","千葉 太一","1994-09-22","Japan; Tokyo",NA,NA,176,117,"Prop"
"Q30929843","Q30929843","趙 隆泰","1994-04-09","Osaka Prefecture",NA,NA,180,88,"Prop"
"Q30929913","Q30929913","李 智栄","1994-10-05","Japan; Osaka Prefecture",NA,NA,179,95,"Flanker"
"Q30929925","Keisuke Shin","秦 啓祐","1994-10-04","Japan; Fukuoka Prefecture",NA,NA,182,95,"Number 8; Flanker"
"Q30930782","Tatsuya Hamano","浜野 達也","1994-11-02","Japan; Aichi Prefecture",NA,NA,164,60,"Scrum-Half"
"Q30930784","Kanta Ishida","石田 幹太","1994-05-04","Kyoto Prefecture",NA,NA,180,88,"Centre"
"Q30930833","Kōsuke Horikoshi","堀越 康介","1995-06-02","Japan; Gunma Prefecture",NA,NA,175,100,"Prop; Hooker"
"Q30930934","Kanta Shikao","鹿尾 貫太","1995-09-06","Japan; Fukuoka Prefecture; Fukuoka",NA,NA,177,90,"Centre"
"Q30930955","Yuichiro Hosono","細野 裕一朗","1993-12-03","Japan; Kyoto Prefecture",NA,NA,181,108,"Prop"
"Q30930968","Atsurō Nakamura","中村 篤郎","1994-04-11","Japan; Kumamoto Prefecture",NA,NA,173,100,"Hooker"
"Q30930982","Masafumi Tanabe","田辺 雅文","1994-05-02","Japan; Nagasaki Prefecture",NA,NA,170,78,"Scrum-Half"
"Q30931044","Yoshitsumi Shimora","下良 好純","1993-11-12","Japan; Hyōgo Prefecture",NA,NA,176,90,"Winger; Centre"
"Q30931046","Kentaro Kamata","鎌田 健太郎","1994-08-27","Japan; Fukuoka Prefecture",NA,NA,179,92,"Centre; Fullback"
"Q30931065","Hiroto Kobayashi","小林 広人","1992-11-13","Japan; Osaka Prefecture",NA,NA,173,85,"Centre"
"Q30931154","Miwasuke Go","呉 味和昌","1994-04-12","Hyōgo Prefecture",NA,NA,181,115,"Prop"
"Q30931170","Q30931170","竹内 擁騎","1991-02-23",NA,NA,NA,172,90,"Hooker"
"Q30931194","Masaki Kondo","近藤 雅喜","1994-12-02","Japan; Aichi Prefecture",NA,NA,188,105,"Lock; Flanker"
"Q30931214","Q30931214","諸葛 彬","1990-02-24","South Korea",NA,NA,183,95,"Winger; Centre"
"Q30931274","Kenta Kutsuna","忽那 健太","1994-09-13","Japan; Ehime Prefecture; Matsuyama",NA,NA,173,85,"Fly-Half; Fullback"
"Q30931294","Kanta Omata","尾又 寛汰","1994-11-02","Japan; Ibaraki Prefecture",NA,NA,174,81,"Centre"
"Q30936144","Ryō Yamamoto","山本亮","1988-08-19","Osaka Prefecture; Ibaraki; Osaka",NA,NA,163,63,"Scrum-Half"
"Q32095370","Simone Ferrari","シモーネ・フェッラーリ","1994-03-28","Italy; Lombardy; Province of Milan; Cernusco sul Naviglio",NA,NA,184,120,"Prop"
"Q33044058","Lewis Ludlam","ルイス・ラドラム","1995-12-08","England; Ipswich",NA,NA,192,104,"Flanker"
"Q33044581","Jayden Ngamanu","ジェイデン・ナーマヌ","1997-08-28","Australia; Perth",NA,NA,175,85,"Winger; Fullback"
"Q33044584","Senio Toleafoa","セニオ・トレアフォア","1993-08-26","Australia; Sydney",NA,NA,197,125,"Lock"
"Q33077043","Semisi Tupou","セミシ・トゥポウ","1999-06-29","Australia; Queensland; Brisbane",NA,NA,184,94,"Winger; Centre"
"Q33103813","Shambeckler Vui","シャムベックラー・ブイ","1997-05-20","Australia; New South Wales; Bankstown",NA,NA,180,117,"Prop"
"Q33108793","Kenichi Kimura","木村 賢一","1968-12-29",NA,NA,NA,NA,NA,"Prop"
"Q33129561","Rob Valetini","ロブ・ヴァレティニ","1998-09-03","Australia; Melbourne",NA,NA,193,113,"Flanker; Number 8"
"Q33190210","Wharenui Hawera","ファレヌイ・ハウェラ","1993-05-22","New Zealand; Hamilton",NA,NA,180,89,"Fly-Half"
"Q34624540","Andrew Deegan","アンドリュー・ディーガン","1995-03-23","Australia; New South Wales",NA,NA,177,86,"Fly-Half"
"Q34849062","William Edwards","ウィル・エドワーズ","1995-11-17","England; Kent; Royal Tunbridge Wells",NA,NA,173,89,"Fly-Half"
"Q36472525","Tedo Abzhandadze","テド・アブジャンダゼ","1999-06-13","Georgia (country); Kutaisi",NA,NA,177,77,"Fly-Half"
"Q36576304","Izack Rodda","アイザック・ロッダ","1996-08-20","Australia; New South Wales; Lismore",NA,NA,202,119,"Lock"
"Q37115669","Seiji Kurihara","栗原 誠治","1964-11-16","Japan; Ehime Prefecture",NA,NA,NA,NA,"Lock"
"Q37319060","Kazuaki Takahashi","高橋 一彰","1968-01-31","Japan; Osaka Prefecture",NA,NA,NA,NA,"Prop"
"Q37586526","Josaia Raisuqe","チョサイア・ライスンゲ","1994-07-22","Fiji; Naitasiri",NA,NA,190,91,"Winger"
"Q37810659","Minoru Okidoi","沖土居稔","1965-02-07","Hiroshima Prefecture",NA,NA,174,80,"Winger"
"Q38051992","Kojiro Yoshinaga","吉永 宏二郎","1961-06-08","Japan; Tokyo",NA,NA,NA,NA,"Centre"
"Q38053378","Shinji Onuki","大貫 慎二","1962-03-16","Japan; Tokyo",NA,NA,NA,NA,"Winger"
"Q38054259","Daijiro Murai","村井 大次郎","1962-08-24","Japan; Tokyo",NA,NA,NA,NA,"Fullback"
"Q38094908","Andrew Brace","アンドリュー・ブライス","1988-06-15","Wales; Cardiff",NA,NA,NA,NA,"Scrum-Half"
"Q38190133","Corey Domachowski","コーリー・ドマコウスキー","1996-09-11","Wales",NA,NA,183,124,"Prop"
"Q38276563","Tsubasa Yamamoto","山本 翼","1983-02-10","Japan",NA,NA,NA,NA,"Prop"
"Q38276595","Koki Takeyama","竹山 晃暉","1996-09-25","Japan; Tochigi Prefecture; Utsunomiya",NA,NA,176,84,"Winger; Fullback"
"Q38276598","Shogo Nakano","中野 将伍","1997-06-11","Japan; Fukuoka Prefecture",NA,NA,186,100,"Centre"
"Q38276906","Hiroto Katō","加藤 広人","1995-09-30","Akita Prefecture; Akita (city)",NA,NA,186,103,"Lock; Flanker"
"Q38276910","Mitsuru Furukawa","古川 満","1995-07-09","Japan; Tokyo",NA,NA,186,107,"Lock; Flanker"
"Q38276942","Kōsuke Urabe","占部 航典","1995-07-07","Japan; Hiroshima Prefecture",NA,NA,178,93,"Flanker"
"Q38458403","Hugo Keenan","ヒューゴ・キーナン","1996-06-18","Republic of Ireland; Dublin",NA,NA,185,92,"Winger; Centre"
"Q38618996","Tomoya Haneda","羽根田 智也","1968-12-21","Japan; Osaka Prefecture",NA,NA,NA,NA,"Lock"
"Q39045001","Eiji Hirotsu","弘津 英司","1967-11-24","Japan; Yamaguchi Prefecture",NA,NA,NA,NA,"Hooker"
"Q39072888","Alexandre Roumat","アレクサンドル・ルマ","1997-06-27","France; Dax; Landes",NA,NA,198,110,"Flanker"
"Q39123834","Takashi Akatsuka","赤塚 隆","1973-09-08","Japan; Osaka Prefecture",NA,NA,193,120,"Lock"
"Q39141124","Ko Izawa","中村 航","1970-06-16","Japan; Kanagawa Prefecture",NA,NA,NA,NA,"Flanker"
"Q39174501","Kazu Hamabe","浜辺 和","1971-05-31","Japan; Ishikawa Prefecture",NA,NA,NA,NA,"Prop"
"Q39757739","Paul Gabrillagues","ポール・ガブリヤーガ","1993-06-03","France; Paris",NA,NA,199,119,"Lock"
"Q41622842","Luka Azariashvili","ルカ・アザリアシヴィリ","1999-02-15","Tbilisi; Georgia; Georgia (country)",NA,NA,185,125,"Loosehead Prop"
"Q41794215","Luca Bigi","ルカ・ビジ","1991-04-19","Italy; Emilia-Romagna; Reggio Emilia",NA,NA,182,104,"Hooker"
"Q41794373","Dean Budd","ディーン・ブード","1986-07-31","New Zealand; Whangārei",NA,NA,195,110,"Lock"
"Q41794378","Federico Zani","フェデリコ・ザーニ","1989-04-09","Italy; Emilia-Romagna; Province of Parma; Parma",NA,NA,178,110,"Prop"
"Q41794539","Nicola Quaglio","ニコラ・クアーリオ","1991-03-09","Italy; Veneto; Province of Rovigo; Rovigo",NA,NA,185,115,"Prop"
"Q41798800","Eduardo Bello","エドゥアルド・ベロ","1995-11-27","Argentina; Córdoba",NA,NA,190,114,"Prop"
"Q42102067","Folau Fainga'a","フォラウ・ファインガア","1995-05-05","Australia; New South Wales; Sydney",NA,NA,179,107,"Hooker"
"Q42308296","Asafo Aumua","アサフォ・アウムア","1997-05-05","New Zealand; Wellington",NA,NA,177,109,"Hooker"
"Q42308807","Sergey Yanyushkin","セルゲイ・ヤンユシュキン","1986-11-16","Russia; Penza",NA,NA,174,82,"Fly-Half"
"Q42410519","Liam Wright","リアム・ライト","1997-11-06","Durban",NA,NA,192,97,"Flanker"
"Q42887458","Ian Fitzpatrick","イアン・フィッツパトリック","1994-08-25","Republic of Ireland; County Dublin; Dublin",NA,NA,183,85,"Winger"
"Q42889381","Sam Simmonds","サム・シモンズ","1994-11-10","England; Devon; Torquay",NA,NA,184,115,"Number 8"
"Q42897692","Luke Crosbie","ルーク・クロスビー","1997-04-22","Scotland; Livingston; West Lothian",NA,NA,196,111,"Flanker"
"Q43067567","Matteo Minozzi","マッテーオ・ミノッツィ","1996-06-04","Italy; Veneto; Padua",NA,NA,175,77,"Winger; Fullback"
"Q43078608","Joe Ravouvou","ジョー・ラヴォウヴォウ","1991-04-21","Fiji",NA,NA,190,107,"Winger"
"Q43260418","Chris Harris","クリス・ハリス","1990-12-28","England; Carlisle",NA,NA,188,104,"Centre"
"Q43382456","Max McFarland","マックス・マクファーランド","1993-07-13","Republic of Ireland",NA,NA,175,84,"Winger"
"Q43847981","Owen Lane","オーウェン・レーン","1997-12-20","Wales; Cardiff",NA,NA,185,100,"Winger; Centre"
"Q44072638","Harry Hockings","ハリー・ホッキングス","1998-07-28","Australia; Queensland; Proserpine",NA,NA,206,118,"Lock"
"Q44075289","Tate McDermott","テイト・マクダーモット","1998-09-18","Australia; Queensland; Bundaberg",NA,NA,179,82,"Scrum-Half"
"Q44155556","Nikita Vavilin","ニキータ・ワビリン","1994-05-13","Russia; Moscow",NA,NA,188,100,"Flanker"
"Q44155668","Andrei Mahu","アンドレイ・マフ","1991-09-03","Moldova; Glodeni",NA,NA,204,110,"Lock"
"Q44155703","Stanislav Sel'skiy","スタニスラフ・セルスキー","1991-09-02","Russia; Novokuznetsk",NA,NA,180,105,"Hooker"
"Q44155755","Azamat Bitiev","アザマト・ビティエフ","1991-07-26","Russia; North Ossetia–Alania; Selo-Kambileyevskoye",NA,NA,174,77,"Prop"
"Q44155813","Evgeny Elgin","エフゲニー・エルギン","1987-03-10","Russia; Krasnoyarsk",NA,NA,190,114,"Lock"
"Q44380656","Hunter Paisami","ハンター・パイサミ","1998-04-10","Samoa; Savaiʻi",NA,NA,172,90,"Centre"
"Q44380665","Trevor Hosea","トレヴァ・ホゼア","1998-07-28","Australia; Victoria (state); Melbourne",NA,NA,204,117,"Lock"
"Q44395328","Sione Teaupa","テアウパ シオネ","1992-07-09","Tonga",NA,NA,183,98,"Centre"
"Q44395552","Takumi Tsukahara","塚原 巧巳","1994-03-18","Tochigi Prefecture; Shimotsuke; Tochigi",NA,NA,182,130,"Prop"
"Q44395616","Shinnosuke Tafokitau Oka","岡 新之助タフォキタウ","1994-06-11","Japan; Okayama Prefecture",NA,NA,173,81,"Scrum-Half"
"Q44438166","Matai Leuta","マタイ・レウラ","1990-07-20","United States; California; Marina",NA,NA,189,106,"Fullback"
"Q44701283","Asaeli Ai Valu","ヴァル アサエリ愛","1989-05-07","Tonga",NA,NA,187,118,"Prop"
"Q44738068","Matthieu Jalibert","マチュー・ジャリベール","1998-11-06","France; Yvelines; Saint-Germain-en-Laye",NA,NA,180,86,"Fly-Half"
"Q44738136","Emerick Setiano","エメリック・セティアノ","1996-07-19","France; Angers",NA,NA,185,114,"Prop"
"Q44738218","Sekou Macalou","セク・マカルー","1995-04-20","France; Sarcelles",NA,NA,195,108,"Winger; Flanker; Number 8"
"Q45254240","Dalton Papali'i","ダルトン・パパリイ","1997-10-11","New Zealand; Auckland",NA,NA,193,113,"Flanker"
"Q45313883","Samisoni Taukei'aho","サミソニ・タウケイアホ","1997-08-08","Tonga; Tongatapu",NA,NA,192,127,"Hooker"
"Q45313885","Luke Jacobson","ルーク・ジェーコブソン","1997-04-20","New Zealand; Cambridge",NA,NA,191,107,"Flanker"
"Q45313937","Tiaan Falcon","ティアーン・ファルコン","1997-06-19","Australia; Penrith; New South Wales",NA,NA,181,90,"Fly-Half; Fullback"
"Q45313938","Levi Aumua","リーバイ・アウムア","1994-10-09","New Zealand; Auckland",NA,NA,185,118,"Winger; Centre"
"Q45313990","Jonathan Taumateine","ジョナサン・タウマテイネ","1996-09-28","New Zealand; Auckland",NA,NA,178,90,"Winger; Centre"
"Q45314237","Jack Stratton","ジャック・ストラトン","1994-08-21","New Zealand",NA,NA,185,91,"Scrum-Half; Fly-Half"
"Q45314243","Ethan Blackadder","Ethan Blackadder","1995-03-22","Rangiora",NA,NA,190,111,"Flanker; Number 8"
"Q45342410","Pari Pari Parkinson","パリパリ・パーキンソン","1996-09-12","New Zealand",NA,NA,204,119,"Lock"
"Q45342943","Shannon Frizell","シャノン・フリゼル","1994-02-11","Tonga",NA,NA,195,108,"Flanker"
"Q45818943","Aikō Sumiyoshi","住吉 藍好","1994-12-27","Kyoto Prefecture",NA,NA,162,67,"Scrum-Half"
"Q45819103","Yoshihiro Noguchi","野口 宜裕","1994-12-26","Japan; Tokyo",NA,NA,170,77,"Scrum-Half; Winger"
"Q45819335","Moriki Read","モリキ・リード","1996-04-13","New Zealand",NA,NA,178,84,"Winger; Fullback"
"Q45819462","Keisuke Yamada","山田 啓介","1991-05-05","Shizuoka Prefecture",NA,NA,170,67,"Scrum-Half"
"Q45819527","Shunsuke Tani","谷 峻輔","1994-12-02","Japan; Osaka Prefecture",NA,NA,180,108,"Prop"
"Q45819623","Yūki Asaoka","浅岡 勇輝","1992-10-23","Japan; Kyoto Prefecture",NA,NA,173,105,"Prop"
"Q45819651","Ryōsuke Maeda","前田 龍佑","1989-07-02","Osaka Prefecture",NA,NA,186,120,"Prop"
"Q45819724","Atsushi Kashimoto","樫本 敦","1988-02-19","Japan; Osaka Prefecture",NA,NA,180,106,"Hooker"
"Q45819730","Q45819730","王 鏡聞","1991-09-12","South Korea",NA,NA,175,100,"Hooker"
"Q45819759","Yūsuke Mori","森 雄祐","1988-11-10","Osaka Prefecture",NA,NA,165,75,"Scrum-Half"
"Q45819766","Kosuke Enomoto","榎本 光祐","1988-10-02","Japan; Fukuoka Prefecture",NA,NA,170,75,"Scrum-Half"
"Q45819811","Takuya Tōgō","東郷 拓也","1989-11-15","Kyoto Prefecture",NA,NA,177,89,"Centre"
"Q45819829","Keisuke Yatsugi","矢次 啓佑","1991-08-13","Japan; Yamaguchi Prefecture",NA,NA,176,88,"Centre"
"Q45819883","Naoyoshi Shima","島 直良","1989-07-29","Nara Prefecture",NA,NA,180,84,"Winger; Fullback"
"Q45819896","Tatsuma Nantō","南藤 辰馬","1990-07-19","Japan; Kyoto Prefecture",NA,NA,177,86,"Winger; Fullback"
"Q45820041","Daisuke Yokoyama","横山 大輔","1993-12-25","Japan; Tokyo; Minato",NA,NA,183,97,"Number 8"
"Q45893435","Jang Song-min","張 成民","1992-08-22","South Korea",NA,NA,186,105,"Winger"
"Q45903359","Tsutomu Hirose","広瀬　務","1963-06-24","Shizuoka Prefecture",NA,NA,NA,NA,"Hooker"
"Q46346605","Dmitry Gerasimov","ドミトリー・ゲラシモフ","1988-04-16","Russia; Krasnoyarsk",NA,NA,185,100,"Centre"
"Q46351155","Darcy Graham","ダーシー・グレアム","1997-06-21","Scotland",NA,NA,176,84,"Winger; Fullback"
"Q46575278","Masahiro Nakano","中野 将宏","1996-01-25","Yamaguchi Prefecture",NA,NA,168,75,"Winger; Fullback"
"Q46575337","Osuka Lloyd Murata","村田 オスカロイド","1994-01-02","Australia; Sydney",NA,NA,173,77,"Centre"
"Q46575405","Takahiro Terui","照井 貴大","1991-01-21","Japan; Akita Prefecture",NA,NA,190,108,"Lock"
"Q46575435","Shohei Shikata","鹿田 翔平","1989-10-13","Hiroshima Prefecture; Onomichi",NA,NA,171,100,"Hooker"
"Q46575470","Kenji Ōde","大出 憲司","1989-11-10","Tochigi Prefecture",NA,NA,170,103,"Prop"
"Q46575497","Yuji Hasegawa","長谷川 雄司","1988-05-16","Gifu Prefecture",NA,NA,189,105,"Lock"
"Q46575564","Manato Hasegawa","長谷川 真人","1989-09-07","Hokkaido",NA,NA,175,86,"Fly-Half; Fullback"
"Q46575653","Yūki Nakamura","中村 優樹","1993-03-20","Nara Prefecture",NA,NA,175,97,"Hooker"
"Q46575663","Q46575663","張 泰堉","1989-10-10","Osaka Prefecture",NA,NA,182,112,"Prop"
"Q46575741","Jang Seok-Hwan","張 碩煥","1991-11-27","South Korea; North Chungcheong Province; Cheongju",NA,NA,193,116,"Lock"
"Q46998309","D'Angelo Leuila","ディアンジェロ・レウリア","1997-01-18","New Zealand; Auckland",NA,NA,175,85,"Fly-Half; Centre"
"Q47004825","Jeremy Loughman","ジェレミー・ラフマン","1995-07-22","United States; Nevada; Reno",NA,NA,185,118,"Prop"
"Q47006796","Q47006796","金 昊範","1990-12-10","South Korea; Seoul",NA,NA,193,116,"Lock"
"Q47006829","Joshua Mau","マウ ジョシュア","1987-01-27","Christchurch",NA,NA,180,100,"Hooker"
"Q47006837","Amanaki Savieti","アマナキ・サヴィエティ","1996-03-13","New Zealand",NA,NA,183,104,"Centre"
"Q47006840","Sanaila Waqa","サナイラ・ワクァ","1995-07-17","Fiji",NA,NA,202,120,"Lock; Winger"
"Q47034760","Rodrigo Bruni","ロドリゴ・ブルーニ","1993-09-03","Argentina; Buenos Aires Province; Tandil",NA,NA,187,110,"Number 8"
"Q47034777","Bautista Delguy","バウティスタ・デルグイ","1997-04-22","Argentina; Buenos Aires Province",NA,NA,181,83,"Winger"
"Q47035437","Jordan Larmour","ジョーダン・ラーマー","1997-06-10","Republic of Ireland; Dublin",NA,NA,178,86,"Winger; Fullback"
"Q47088674","George Konia","ジョージ・コニア","1969-08-09","New Zealand",NA,NA,NA,NA,"Winger; Centre"
"Q47088741","Reuben Parkinson","ルーベン・パーキンソン","1973-07-19","New Zealand",NA,NA,NA,NA,"Centre"
"Q47089446","Toshikazu Nakamichi","中道 紀和","1971-07-16","Japan; Osaka Prefecture",NA,NA,NA,NA,"Prop"
"Q47091820","Ryuji Ishi","石井 龍司","1970-05-13","Japan; Fukuoka Prefecture",NA,NA,NA,NA,"Flanker"
"Q47092049","Kohei Oguchi","小口 耕平","1968-10-06","Japan; Saitama Prefecture",NA,NA,NA,NA,"Prop"
"Q47144555","Hosea Saumaki","ホセア・サウマキ","1992-05-10","Tonga",NA,NA,187,100,"Winger; Fullback"
"Q47390306","Mack Hansen","マック・ハンセン","1998-03-27","Australia; Canberra",NA,NA,188,89,"Winger; Fullback"
"Q47453374","Valery Morozov","ヴァレリー・モロゾフ","1994-09-21","Russia; Moscow",NA,NA,191,115,"Prop"
"Q47453419","Vladislav Sozonov","ウラディスラフ・ソゾノフ","1993-10-09","Ukraine; Kyiv",NA,NA,179,82,"Fly-Half; Winger"
"Q47453427","German Davydov","アンドレイ・ポリヴァロフ","1994-03-10","Russia; Kazan",NA,NA,185,109,"Fly-Half; Winger"
"Q47456232","Manuel Leindekar","マヌエル・レインデカル","1997-04-23","Uruguay; Montevideo Department; Montevideo",NA,NA,202,115,"Lock"
"Q47464970","Solomon T-Pole","ソロモン・ティーポレ","1992-02-16","Tonga",NA,NA,190,113,"Number 8"
"Q47464979","Alex Woonton","アレックス・ウォントン","1988-02-27","New Zealand; Auckland",NA,NA,184,120,"Prop"
"Q47464984","Q47464984","申 東源","1986-12-12","South Korea",NA,NA,181,107,"Prop"
"Q47464991","Ryuichiro Fukutsubo","福坪 龍一郎","1988-08-16","Japan; Kagoshima Prefecture",NA,NA,190,108,"Lock"
"Q47465010","Youichi Fujita Tarrig","藤田 タリグ洋一","1992-09-14","Osaka Prefecture",NA,NA,188,92,"Fullback"
"Q47465012","Josh Gordon","ジョシュ・ゴードン","1994-12-13","New Zealand",NA,NA,185,100,"Fullback"
"Q47465042","Q47465042","王 授榮","1993-05-11","South Korea",NA,NA,178,91,"Centre"
"Q47465056","Nick Ross","ニック・ロス","1992-08-05","New Zealand",NA,NA,196,110,"Lock"
"Q47465077","Liam Dunne","ダン リアム","1995-04-03","Sydney",NA,NA,185,95,"Centre"
"Q47470199","Harry Jones","ハリー・ジョーンズ","1995-11-17","Australia",NA,NA,187,104,"Winger"
"Q47477040","Levi Douglas","リーヴァイ・ダグラス","1995-09-01","England; Royal Borough of Greenwich; Greenwich",NA,NA,195,130,"Lock; Number 8"
"Q47483003","Yusuke Niwai","庭井 祐輔","1991-10-22","Japan; Hyōgo Prefecture",NA,NA,174,100,"Hooker"
"Q47483978","Matthys Basson","マティウス・バッソン","1995-06-09","South Africa; Oudtshoorn",NA,NA,191,114,"Prop"
"Q47488393","Cedate Gomes Sa","セダーテ・ゴメス・サ","1993-08-07","Guinea-Bissau; Canchungo",NA,NA,185,113,"Prop"
"Q47490703","Aaron Wainwright","アーロン・ウェインライト","1997-09-25","Wales; Newport",NA,NA,189,106,"Flanker"
"Q47528441","Hacjivah Dayimani","ハチヴァ・ダイマニ","1997-09-23","South Africa; Western Cape; Cape Town",NA,NA,188,106,"Flanker; Number 8"
"Q47528471","Aphiwe Dyantyi","アフィウェ・デャンティ","1994-08-26","South Africa; Eastern Cape; Encobo",NA,NA,182,87,"Winger; Centre"
"Q47538622","Seilala Lam","セイララ・ラム","1989-02-18","New Zealand; Hamilton",NA,NA,183,110,"Hooker"
"Q47541989","Adam Parker","アダム・パーカー","1973-04-21","New Zealand; Christchurch",NA,NA,NA,NA,"Lock"
"Q47542201","Atsushi Koga","古賀 淳","1975-02-25","Japan; Kanagawa Prefecture",NA,NA,NA,NA,"Centre"
"Q47545596","Naoto Nakamura","中村 直人","1969-01-18","Japan; Kyoto Prefecture",NA,NA,NA,NA,"Prop"
"Q47545601","Greg Smith","グレッグ・スミス","1968-07-16","Fiji",NA,NA,NA,NA,"Flanker"
"Q47580967","Corey Thomas","コーリー・トーマス","1994-09-21","Australia",NA,NA,194,105,"Lock"
"Q47581016","Nicolas Kraska","ニコラス・クラスカ","1989-06-11","Thailand",NA,NA,177,89,"Centre"
"Q47581634","Eito Tamura","田村 衛土","1982-05-31","Kyoto",NA,NA,182,98,"Flanker"
"Q47582059","Yūsuke Hamazato","濱里 祐介","1984-08-17","Okinawa Prefecture",NA,NA,180,92,"Flanker; Number 8"
"Q47582250","Benjamin Saunders","ベンジャミン・ソーンダース","1992-09-29","Philippines",NA,NA,177,89,"Centre"
"Q47582301","Q47582301","イオンギ 譲","1986-01-12","Tonga",NA,NA,187,112,"Number 8"
"Q47582433","Masaki Kawabata","川端 正樹","1987-12-04","Osaka Prefecture",NA,NA,176,88,"Centre"
"Q47582529","Shōta Saiguchi","才口 將太","1986-04-10","Hyōgo Prefecture",NA,NA,176,81,"Fullback"
"Q47582787","Q47582787","李 珍錫","1991-09-01","South Korea",NA,NA,190,109,"Lock"
"Q47582855","George Risale","ジョージ・リサレ","1993-01-22","Samoa",NA,NA,188,118,"Number 8"
"Q47583020","Yoshimi Watanabe","渡辺 義己","1984-10-21","Osaka Prefecture",NA,NA,172,85,"Winger"
"Q47583083","Ierome Jeffrey Tsuyoshi","イエロメ ジェフリー剛","1982-05-18","New Zealand",NA,NA,180,99,"Centre"
"Q47713291","Kevon Williams","ケヴォン・ウィリアムズ","1991-06-07","United States; Texas; Houston",NA,NA,178,60,"Fly-Half; Winger"
"Q48193436","Teti Tela","テティ・テラ","1991-03-07","Fiji; Levuka",NA,NA,176,90,"Fly-Half; Centre"
"Q48471804","Etene Nanai-Seturo","エテネ・ナナイ＝セツロ","1999-08-20","New Zealand",NA,NA,183,92,"Winger; Fullback"
"Q48472477","Ben Landry","ベン・ランドリー","1991-03-26","United States; Wisconsin",NA,NA,196,120,"Lock"
"Q48761090","Emersen Tamura","田村 エムセン","1995-08-08","New Zealand",NA,NA,184,106,"Prop"
"Q48761640","Finau Tupa","トゥパ フィナウ","1989-09-23","Tonga",NA,NA,190,115,"Number 8; Flanker"
"Q48761710","Michael Bond","マイケル・ボンド","1987-01-27","Australia; Brisbane",NA,NA,179,96,"Centre"
"Q48761842","Q48761842","李 明俊","1990-11-21","South Korea",NA,NA,174,74,"Scrum-Half"
"Q48761904","Havili Richard Arthur","ハヴィリ リッチー","1988-04-16","Tonga",NA,NA,178,92,"Centre"
"Q48762053","Ryūto Kosugi","小杉 龍斗","1998-06-05","Fukuoka Prefecture",NA,NA,187,105,"Lock"
"Q48762188","Franklin Calugay","フランクリン・カルゲイ","1996-12-21","Australia; New South Wales; Sydney",NA,NA,183,100,"Winger"
"Q48762243","Jack Cornelsen","ジャック・コーネルセン","1994-10-13","Australia",NA,NA,195,110,"Lock; Number 8; Flanker"
"Q48762375","Amanaki Saumaki","サウマキ アマナキ","1997-03-08","Tonga",NA,NA,190,100,"Lock; Flanker; Number 8"
"Q48762687","Daniel Ricky Kucia","ダニエル・リッキー・クシア","1992-07-05","Australia",NA,NA,178,93,"Centre"
"Q48762774","Joseph Tupe","ジョセフ・トゥペ","1991-03-14","New Zealand",NA,NA,190,108,"Number 8"
"Q48762965","Q48762965","孫 榮基","1990-10-01","South Korea",NA,NA,179,108,"Prop"
"Q48763160","Q48763160","ソンゲタ トマシ","1983-08-16","Fiji",NA,NA,190,112,"Number 8; Flanker"
"Q48763255","Malietoa Hingano","マリエトア・ヒンガノ","1992-01-27","Australia; New South Wales",NA,NA,180,95,"Centre"
"Q48763277","Tarōma Tōgō","東郷 太朗丸","1994-08-03","Japan; Tokyo",NA,NA,174,87,"Fly-Half"
"Q48763282","Ittetsu Sasaki","佐々木 一徹","1992-09-25","Iwate Prefecture",NA,NA,186,130,"Prop"
"Q48763390","Kazushi Nakamura","中村 和史","1994-06-07","Tokyo",NA,NA,176,132,"Prop"
"Q48763433","Naoya Toyoshima","豊島 直哉","1995-02-28","Tokyo",NA,NA,172,82,"Winger"
"Q48763556","Kuniya Sonoki","園木 邦弥","1994-06-10","Japan; Aichi Prefecture",NA,NA,175,95,"Centre"
"Q48763652","Takahisa Ono","小野 貴久","1993-06-06","Tochigi Prefecture",NA,NA,179,96,"Flanker"
"Q48763823","Yūta Matsui","松井 佑太","1992-03-07","Japan; Gunma Prefecture",NA,NA,180,95,"Fullback"
"Q48763886","Akihiro Fujita","藤田 哲啓","1990-07-31","Aomori Prefecture",NA,NA,175,93,"Flanker"
"Q48763982","Akihiro Tagawa","田川 明洋","1991-07-19","Nara Prefecture",NA,NA,163,73,"Scrum-Half"
"Q48764057","Kazuto Ozawa","小澤 和人","1991-11-05","Tokyo",NA,NA,173,81,"Winger"
"Q48764220","Shōhei Ozawa","小沢 翔平","1989-07-29","Aichi Prefecture",NA,NA,173,85,"Scrum-Half; Winger"
"Q48764267","Naoki Tomatani","苫谷 直樹","1988-10-21","Hiroshima Prefecture",NA,NA,176,91,"Centre"
"Q48764418","Shogo Shinoda","篠田 正悟","1991-01-24","Saitama Prefecture",NA,NA,170,84,"Winger"
"Q48764638","Ryo Motegi","茂手木 亮","1990-08-23","Yamanashi Prefecture",NA,NA,174,109,"Prop"
"Q48764661","Kōta Yamane","山根 皓太","1992-01-22","Chiba Prefecture",NA,NA,176,118,"Prop"
"Q48764808","Kentarō Uemura","植村 健太郎","1992-03-22","Tokyo",NA,NA,169,115,"Prop"
"Q48764892","Yūki Go","郷 雄貴","1989-09-26","Japan; Ōita Prefecture",NA,NA,174,103,"Hooker"
"Q48765074","Makoto Tsuchiya","土屋 眞","1990-02-23","Japan; Kanagawa Prefecture",NA,NA,183,110,"Lock"
"Q48765156","Haruka Ōkubo","大窪 遥","1991-12-27","Osaka Prefecture",NA,NA,183,98,"Lock"
"Q48765279","Takehiro Kimura","木村 勇大","1992-11-11","Japan; Osaka Prefecture",NA,NA,188,100,"Lock"
"Q48765324","Toshiyuki Shōji","庄司 壽之","1991-07-24","Shizuoka Prefecture",NA,NA,187,103,"Lock"
"Q48765491","Takehiro Nishimura","西村 雄大","1991-09-23","Japan; Miyazaki Prefecture",NA,NA,184,103,"Flanker"
"Q48765515","Jun'ya Ri","李 淳也","1993-12-27","Japan; Osaka Prefecture",NA,NA,175,87,"Flanker"
"Q48765612","Taiki Kurogi","黒木 大貴","1994-01-18","Miyazaki Prefecture",NA,NA,177,84,"Scrum-Half"
"Q48765655","Ryōya Sakamoto","坂本 椋矢","1993-01-21","Osaka Prefecture",NA,NA,174,90,"Centre"
"Q48780679","Kōhei Kichijō","吉上 耕平","1975-09-13","Fukuoka Prefecture",NA,NA,185,100,"Lock; Flanker"
"Q48781090","Yūsuke Tokota","床田 裕亮","1995-05-10","Japan; Kanagawa Prefecture",NA,NA,181,110,"Prop"
"Q48789074","Marco Riccioni","マルコ・リッチョーニ","1997-10-19","Italy; Abruzzo; Teramo",NA,NA,186,127,"Prop"
"Q48792294","Will Jordan","ウィル・ジョーダン","1998-02-24","New Zealand; Christchurch",NA,NA,188,94,"Winger; Fullback"
"Q48803865","Caleb Clarke","ケイレブ・クラーク","1999-03-29","New Zealand; Auckland",NA,NA,189,107,"Winger"
"Q48804101","James Blackwell","ジェームス・ブラックウェル","1995-04-01","New Zealand; Wellington",NA,NA,193,111,"Lock; Flanker"
"Q48815536","James Moore","ジェームス・ムーア","1993-06-11","Australia; Brisbane",NA,NA,195,110,"Lock; Flanker"
"Q49789738","Sama Malolo","サマ・マロロ","1998-02-19","New Zealand; Auckland",NA,NA,183,109,"Hooker"
"Q50202967","Hanco Germishuys","ハンコ・ジャーミスハイス","1996-08-24","South Africa; Northern Cape; Kimberley",NA,NA,188,102,"Flanker; Number 8"
"Q50214295","Marco van Staden","マルコ・ファンスターデン","1995-08-25","South Africa; Gauteng; Krugersdorp",NA,NA,184,106,"Flanker"
"Q50220611","Pone Fa’amuasili","ポネ・ファアマウシリ","1997-02-26","Australia; Melbourne",NA,NA,196,130,"Prop"
"Q50282176","Brett Gillespie","ブレット・ガレスピー","1988-02-14","Australia",NA,NA,180,93,"Winger; Centre"
"Q50285530","Kalivati Tawake","カリヴァティ・タワケ","1988-11-16","Fiji; Lautoka",NA,NA,182,124,"Prop"
"Q50286736","Itsuki Ōnishi","大西 樹","1995-12-09","Japan; Hokkaido; Asahikawa",NA,NA,184,100,"Number 8; Flanker"
"Q50286760","Kaisei Kasahara","笠原 開盛","1995-10-02","Japan; Gunma Prefecture",NA,NA,181,92,"Centre"
"Q50286790","Jyonon Kim","金 典弘","1995-05-20","Japan; Osaka Prefecture; Osaka",NA,NA,183,95,"Fly-Half"
"Q50286799","Kyō Yoshida","吉田 杏","1995-06-30","Japan; Osaka Prefecture",NA,NA,188,105,"Number 8; Flanker"
"Q50286817","Yūki Okada","岡田 優輝","1995-07-13","Japan; Hyōgo Prefecture",NA,NA,180,92,"Centre"
"Q50286824","Keita Suzuki","鈴木 啓太","1994-08-16","Japan; Ibaraki Prefecture",NA,NA,174,83,"Centre"
"Q50364705","Pierre Bourgarit","ピエール・ブルガリ","1997-09-12","France; Jimon",NA,NA,184,105,"Hooker"
"Q50365652","Grant Williams","グラント・ウィリアムズ","1996-07-22","South Africa; Western Cape; Paarl",NA,NA,174,80,"Scrum-Half; Winger"
"Q50385516","Marius Simionescu","マリウス・シミオネスキュ","1997-09-05","Romania; Iași County; Elviseny",NA,NA,187,84,"Winger; Fullback"
"Q50394056","Will Rowlands","ウィル・ローランド","1991-09-19","England; London; Hammersmith",NA,NA,202,123,"Lock"
"Q50640639","Tetuhi Roberts","テトゥヒ・ロバーツ","1994-07-06","New Zealand",NA,NA,191,110,"Lock"
"Q50640664","Daichi Akiyama","秋山 大地","1996-11-14","Japan; Tokushima Prefecture; Awa; Tokushima",NA,NA,192,117,"Lock"
"Q50640760","Brodi McCurran","ブロディ・マクカラン","1994-05-24","New Zealand; Tokoroa",NA,NA,192,105,"Number 8"
"Q50640807","Kyō Furuta","古田 京","1997-02-25","Kanagawa Prefecture",NA,NA,176,84,"Fly-Half"
"Q50640908","Ryūsei Katō","加藤 竜聖","1997-01-14","Japan; Aichi Prefecture",NA,NA,178,98,"Hooker; Number 8"
"Q50640947","Shota Fukui","福井 翔大","1999-09-28","Japan; Fukuoka Prefecture; Fukuoka",NA,NA,186,101,"Number 8"
"Q50641003","Nobuhisa Takahashi","高橋 信之","1998-09-02","Japan; Mie Prefecture",NA,NA,180,107,"Prop"
"Q50641040","Yūichi Hisadomi","久富 雄一","1978-08-11","Japan; Saga Prefecture",NA,NA,183,115,"Prop"
"Q50641155","Shōtarō Hirai","平井 将太郎","1995-04-03","Japan; Nagasaki Prefecture",NA,NA,185,125,"Prop"
"Q50641270","Daiki Satō","佐藤 大樹","1995-04-15","Japan; Yamaguchi Prefecture; Yamaguchi (city)",NA,NA,189,104,"Lock"
"Q50641313","Kōhei Kire","喜連 航平","1995-06-25","Japan; Hyōgo Prefecture; Itami",NA,NA,174,84,"Fly-Half; Scrum-Half"
"Q50641387","Yuki Ikeda","池田 悠希","1995-05-21","Osaka Prefecture",NA,NA,186,98,"Centre"
"Q50641531","Ryōma Nakamura","中村 良真","1994-11-27","Japan; Aomori Prefecture",NA,NA,172,80,"Fly-Half"
"Q50641560","Shuta Fukushi","福士 周太","1994-08-15","Japan; Iwate Prefecture",NA,NA,178,88,"Fly-Half"
"Q50641618","Nobutaka Kanto","関東 申峻","1993-02-20","Japan; Iwate Prefecture",NA,NA,178,83,"Winger"
"Q50641645","Yūjirō Sasaki","佐々木 裕次郎","1993-12-27","Japan; Iwate Prefecture; Kitakami; Iwate",NA,NA,175,87,"Centre"
"Q50641694","Atsushi Minami","南 篤志","1993-08-06","Japan; Hokkaido; Tomakomai",NA,NA,174,78,"Scrum-Half"
"Q50641761","Shūta Ujiie","氏家 柊太","1995-01-26","Japan; Fukushima Prefecture; Iwaki; Fukushima",NA,NA,172,83,"Winger"
"Q50641889","Gōsuke Kawakami","川上 剛右","1994-04-28","Japan; Miyazaki Prefecture; Koyu District; Miyazaki",NA,NA,173,92,"Winger"
"Q50641905","Yūki Hiyane","比屋根 裕樹","1994-08-19","Okinawa Prefecture",NA,NA,160,68,"Scrum-Half"
"Q50642042","Tatsuki Tsuchiya","土屋 樹生","1994-04-26","Japan; Saitama Prefecture",NA,NA,181,106,"Number 8"
"Q50642100","Yoshiki Hika","比果 義稀","1991-12-23","Kyoto Prefecture; Kyoto",NA,NA,183,95,"Lock; Flanker"
"Q50875012","Jordan Lay","ジョーダン・レイ","1992-11-05","Samoa",NA,NA,184,115,"Prop"
"Q51093703","James Grayson","ジェームス・グレイソン","1998-06-26","England; Northamptonshire; Northampton",NA,NA,187,98,"Fly-Half; Fullback"
"Q51128813","Baylin Sullivan","ベイリン・サリヴァン","1998-09-03","New Zealand; Napier",NA,NA,187,93,"Winger; Centre"
"Q51128814","Karl Tu’inukuafe","カール・タアイナカアフェ","1993-02-21","New Zealand; Auckland",NA,NA,182,135,"Prop"
"Q51129066","Brett Cameron","ブレット・キャメロン","1996-10-04","New Zealand; Whanganui",NA,NA,171,82,"Fly-Half"
"Q51166179","Ippei Yamamoto","山本 逸平","1992-02-13","Japan; Tokyo",NA,NA,172,68,"Scrum-Half; Fullback"
"Q51166283","Kazan Watanabe","渡邉 夏燦","1993-08-31","Kanagawa Prefecture",NA,NA,177,75,"Fly-Half"
"Q51166305","Shintarō Yasui","安井 慎太郎","1984-12-07","Kanagawa Prefecture",NA,NA,178,85,"Centre"
"Q51166359","Mapei Tabata","田畑 万併","1993-12-19","Japan; Kanagawa Prefecture",NA,NA,180,95,"Centre"
"Q51166381","Sōichirō Tanahashi","棚橋 宗一郎","1992-10-06","Tochigi Prefecture",NA,NA,178,79,"Winger"
"Q51166472","Takehiro Kitsuki","木付 丈博","1994-11-15","Japan; Kumamoto Prefecture",NA,NA,185,112,"Lock"
"Q51166495","Yūki Yamada","山田 有樹","1994-06-18","Japan; Osaka Prefecture",NA,NA,180,95,"Lock"
"Q51166586","Kazuto Tokunaga","徳永 一斗","1993-04-08","Japan; Saga Prefecture; Saga (city)",NA,NA,181,121,"Prop"
"Q51166602","Kōtarō Hirohata","廣畑 光太朗","1988-03-06","Kanagawa Prefecture",NA,NA,177,118,"Prop"
"Q51166702","Kazuma Hirata","平田 一真","1988-07-24","Japan; Kumamoto Prefecture",NA,NA,177,94,"Flanker"
"Q51166765","Wataru Obara","小原 渉","1989-05-29","Japan; Fukuoka Prefecture",NA,NA,180,96,"Flanker"
"Q51166815","Kōtarō Komori","小森 光太郎","1988-11-05","Japan; Nagasaki Prefecture",NA,NA,165,75,"Scrum-Half"
"Q51166833","Kōtarō Nakao","中尾 康太郎","1992-05-28","Japan; Fukuoka Prefecture",NA,NA,177,82,"Scrum-Half"
"Q51166882","Daisuke Kodama","児玉 大輔","1991-03-25","Japan; Miyazaki Prefecture",NA,NA,166,74,"Scrum-Half"
"Q51166898","Mitsuaki Motomura","本村 光章","1990-09-07","Japan; Ōita Prefecture",NA,NA,165,68,"Scrum-Half"
"Q51167001","Katsuya Yoshida","吉田 克也","1985-11-09","Nagasaki Prefecture",NA,NA,184,99,"Centre; Winger; Fullback"
"Q51167009","Noriaki Nakazuru","中靏 憲章","1989-05-03","Japan; Fukuoka Prefecture",NA,NA,181,100,"Centre"
"Q51167035","Yuma Fujino","藤野 佑磨","1995-07-29","Japan; Hyōgo Prefecture",NA,NA,181,115,"Prop"
"Q51167051","Hyōsuke Watanabe","渡邊 彪亮","1995-08-01","Japan; Osaka Prefecture",NA,NA,166,103,"Prop"
"Q51167088","Ken Mizuno","水野 健","1995-05-01","Nara Prefecture",NA,NA,178,110,"Prop"
"Q51167103","Gō Maeda","前田 剛","1996-01-19","Japan; Hyōgo Prefecture",NA,NA,177,96,"Flanker"
"Q51448373","Marino Mikaele-Tu’u","マリノ・ミカエリ＝トゥウ","1997-11-06","New Zealand; Wellington",NA,NA,192,113,"Flanker; Number 8"
"Q51530260","Orbyn Leger","オルビン・レジャー","1997-03-13","New Zealand; Auckland",NA,NA,184,90,"Fly-Half"
"Q51530476","Richard Judd","リチャード・ジャッド","1992-05-18","New Zealand",NA,NA,180,89,"Scrum-Half"
"Q51574120","Yōsuke Sano","佐野 瑛亮","1995-05-24","Kanagawa Prefecture",NA,NA,180,90,"Flanker"
"Q51574180","Shinsuke Iseki","井関 信介","1995-04-24","Japan; Aichi Prefecture",NA,NA,179,82,"Winger; Fullback"
"Q51574242","Hirofumi Onoda","小野田 寛文","1984-11-21","Ōita Prefecture",NA,NA,181,105,"Prop"
"Q51574353","Kōki Satō","佐藤 孝樹","1984-06-25","Ōita Prefecture",NA,NA,172,100,"Hooker"
"Q51574401","Keiji Ikeda","池田 圭治","1987-01-11","Japan; Nagasaki Prefecture; Minamishimabara",NA,NA,178,112,"Prop"
"Q51574413","Takahiro Ōyama","大山 貴弘","1985-03-22","Fukuoka Prefecture",NA,NA,174,100,"Hooker"
"Q51574459","Masato Ura","浦 真人","1983-12-29","Japan; Fukuoka Prefecture",NA,NA,190,105,"Lock"
"Q51574492","Shintaro Urakawa","浦川 伸太郎","1986-07-23","Fukuoka Prefecture",NA,NA,186,105,"Lock"
"Q51574556","Kazuto Yamashita","山下 和人","1986-06-28","Japan; Fukuoka Prefecture",NA,NA,192,98,"Lock"
"Q51574598","Kazuma Nishi","西 和磨","1995-08-10","Japan; Tonami; Toyama",NA,NA,180,108,"Prop"
"Q51603965","Mark Roche","マーク・ロッシュ","1993-01-25","Republic of Ireland; County Dublin; Dublin",NA,NA,173,89,"Centre"
"Q51624644","Jordan Petaia","ジョーダン・ペタイア","2000-03-14","Australia; Victoria (state); Melbourne",NA,NA,190,102,"Winger; Centre; Fullback"
"Q51754686","Max Denmark","マックス・デンマーク","1999-08-11","Hong Kong",NA,NA,184,83,"Winger"
"Q51767718","Conán O'Donnell","コナン・オドネル","1996-05-23","Republic of Ireland; County Sligo; Sligo",NA,NA,178,113,"Prop"
"Q51834770","Heino Bezuidenhout","ハイノ・ベズイデンホウト","1997-03-13","South Africa; Gauteng; Rohdepoort",NA,NA,188,95,"Centre"
"Q51835421","Ryan Oosthuizen","ライアン・ウェストヘーゼン","1995-05-22","South Africa; Western Cape; Stellenbosch",NA,NA,189,92,"Centre"
"Q51914670","Ryuji Yonemura","米村 龍二","1995-06-06","Japan; Osaka Prefecture",NA,NA,174,81,"Scrum-Half"
"Q51914691","Kōhei Horigome","堀米 航平","1995-09-18","Japan; Saitama Prefecture; Tokorozawa; Saitama",NA,NA,177,89,"Fly-Half"
"Q51914993","Takuya Shima","島 拓也","1986-12-17","Fukuoka Prefecture",NA,NA,182,98,"Centre"
"Q51915164","Ryōta Nakanishi","仲西 良太","1986-08-08","Fukuoka Prefecture",NA,NA,174,100,"Hooker"
"Q52084834","Dewi Lake","デヴィ・レイク","1999-05-16","Wales; Bridgend",NA,NA,185,114,"Hooker"
"Q52106763","Nate Brakeley","ネイト・ブレイクリー","1989-08-31","United States; Massachusetts",NA,NA,196,120,"Lock; Flanker"
"Q52106765","Dylan Fawsitt","ディラン・フォーシット","1990-07-24","Republic of Ireland; Wexford",NA,NA,183,107,"Hooker"
"Q52145503","Tumua Manu","トゥムア・マヌ","1993-04-18","Samoa; Apia",NA,NA,183,97,"Winger; Centre"
"Q52145620","AJ Alatimu","AJ・アラティム","1993-03-25","Samoa; Apia",NA,NA,173,108,"Fly-Half"
"Q52324417","Cameron Woki","キャメロン・ウォキ","1998-11-07","France; Saint-Denis; Seine-Saint-Denis",NA,NA,196,109,"Lock; Flanker"
"Q52376741","Genki Kitamura","北村 彦樹","1992-11-04","Tokyo; Adachi",NA,NA,180,102,"Hooker"
"Q52607318","Jesse Parete","ジェシー・パレテ","1993-04-20","New Zealand; Hāwera",NA,NA,196,105,"Lock; Number 8"
"Q52637787","Malon Al-Jiboori","マロン・アリ＝ジボーリ","1997-08-01","United States; Oklahoma; Tulsa",NA,NA,191,100,"Flanker"
"Q52662112","Tom Hendrickson","トム・ヘンドリクソン","1994-09-01","New Zealand; Nelson",NA,NA,185,103,"Centre"
"Q52663654","Santiago Medrano","サンティアゴ・メドラノ","1996-05-06","Argentina; Buenos Aires",NA,NA,186,115,"Prop"
"Q53010938","Beka Saghinadze","ベカ・サギナゼ","1998-10-29","Georgia (country); Tbilisi",NA,NA,197,105,"Flanker; Number 8"
"Q53097451","Demur Tapladze","デムリ・タプラゼ","2000-03-18","Georgia (country); Kutaisi",NA,NA,193,94,"Centre"
"Q53764880","Tatsuhiro Nagai","永井 達啓","1996-01-07","Japan; Osaka Prefecture; Hirakata",NA,NA,190,103,"Lock"
"Q53764890","Kazuma Nakagawa","中川 和真","1995-10-28","Japan; Hokkaido; Hakodate",NA,NA,173,77,"Winger; Fullback"
"Q53764897","Takato Okabe","岡部 崇人","1995-02-19","Japan; Nara Prefecture",NA,NA,180,100,"Hooker"
"Q53764920","Takumi Adachi","足立 匠","1995-04-12","Gifu Prefecture; Gifu",NA,NA,183,122,"Prop"
"Q53764927","Yokoyama Yōsuke","横山 陽介","1995-04-14","Akita Prefecture; Akita (city)",NA,NA,181,93,"Fly-Half"
"Q53764945","Atomu Shirai","白井 吾士矛","1995-11-01","Japan; Kanagawa Prefecture; Yokohama",NA,NA,172,92,"Centre"
"Q53764947","Yūdai Kameyama","亀山 雄大","1995-05-05","Japan; Chiba Prefecture",NA,NA,170,78,"Centre"
"Q53764961","Yūji Shimogama","下釜 優次","1992-01-25","Japan; Kagoshima Prefecture",NA,NA,178,100,"Hooker; Flanker"
"Q53764963","Chikara Morita","盛田 気","1995-10-05","Japan; Osaka Prefecture; Neyagawa; Osaka",NA,NA,180,90,"Winger; Fullback"
"Q53764979","Kruger Latu","ラトゥ ウィリアム クルーガー","1995-10-10","Japan; Gunma Prefecture; Ōta; Gunma",NA,NA,185,102,"Fly-Half; Centre; Fullback"
"Q53764988","Taihei Kusaka","日下 太平","1999-11-08","Japan; Kanagawa Prefecture; Kamakura",NA,NA,181,88,"Centre"
"Q53765009","Keito Moribayashi","森林 啓斗","1995-01-27","Tokushima Prefecture; Tokushima (city)",NA,NA,180,92,"Centre"
"Q53765018","Raku Yamaoka","山岡 楽","1995-09-12","Shiga Prefecture",NA,NA,172,81,"Scrum-Half"
"Q53844732","Gheorghe Gajion","ゲオルゲ・ガジオン","1992-11-13","United States",NA,NA,190,133,"Prop"
"Q53844819","Lesley Klim","レスリー・クリム","1995-01-16","Namibia; Keetmanshoop",NA,NA,187,95,"Winger; Centre"
"Q53871261","Cameron Redpath","キャメロン・レッドパス","1999-12-23","France; Narbonne",NA,NA,188,95,"Centre"
"Q53871272","Ben Earl","ベン・アール","1998-01-07","England; Surrey; Red Hill",NA,NA,183,107,"Flanker; Number 8"
"Q54290819","Ryōma Nishimura","西村 龍馬","1995-11-21","Japan; Miyazaki Prefecture",NA,NA,189,105,"Lock"
"Q54291518","Tornike Jalaghonia","トルニケ・ジャラゴニア","1998-12-12","Georgia (country); Tbilisi",NA,NA,189,105,"Flanker; Number 8"
"Q54292236","Taumua Naeata","ナエアタ ルイ","1994-02-02","Tonga",NA,NA,193,110,"Flanker"
"Q54292354","Katsuya Ōkuma","大熊 克哉","1995-12-23","Japan; Nagasaki Prefecture; Nagasaki",NA,NA,171,94,"Hooker"
"Q54292417","Sohn Seunggi","孫 昇己","1995-05-10","Osaka Prefecture",NA,NA,192,92,"Lock"
"Q54292597","Ryōma Kuhara","久原 綾眞","1995-04-27","Saga Prefecture",NA,NA,177,110,"Prop"
"Q54292756","Ataru Nishikawa","西川 中","1995-12-15","Miyazaki Prefecture",NA,NA,181,98,"Flanker"
"Q54292840","Hiroki Hanada","花田 広樹","1994-07-15",NA,NA,NA,184,96,"Flanker"
"Q54292975","Hisanori Mimata","三股 久典","1995-09-07","Japan; Kagoshima Prefecture; Kagoshima",NA,NA,167,72,"Scrum-Half"
"Q54293023","Genta Hoshino","星野 玄太","1995-04-17",NA,NA,NA,173,82,"Scrum-Half"
"Q54293066","Shōtarō Tsuoka","津岡 翔太郎","1996-03-22","Fukuoka Prefecture; Fukuoka",NA,NA,182,86,"Winger"
"Q54293115","Taishi Nakamura","中村 大志","1995-09-05","Japan; Osaka Prefecture",NA,NA,188,96,"Lock"
"Q54293242","Hayato Akahira","赤平 勇人","1995-09-29","Japan; Aomori Prefecture",NA,NA,176,115,"Prop"
"Q54293268","Takumi Fujii","藤井 拓海","1995-09-02","Japan; Kyoto Prefecture",NA,NA,176,105,"Prop"
"Q54293463","Akito Fujinami","藤浪 輝人","1995-08-31","Japan; Kyoto Prefecture",NA,NA,170,100,"Hooker"
"Q54293504","Ryō Furuta","古田 凌","1995-09-29","Japan; Kyoto Prefecture",NA,NA,183,103,"Number 8; Flanker"
"Q54358365","Ruben de Haas","ルーベン・デ・ハース","1998-10-09","South Africa; Western Cape; George",NA,NA,183,84,"Scrum-Half"
"Q54861310","Taine Basham","テイン・バシャム","1999-11-02","Wales",NA,NA,183,95,"Flanker; Number 8"
"Q54867534","Kanta Watanabe","渡部 寛太","1996-03-01","Japan; Ehime Prefecture",NA,NA,186,90,"Winger; Fullback"
"Q54867541","Shinsuke Igoshi","井越 慎介","1996-01-24","Japan; Niigata Prefecture",NA,NA,175,78,"Flanker"
"Q54867549","Norifumi Hashimoto","橋本 法史","1996-01-24","Japan; Kumamoto Prefecture",NA,NA,165,60,"Scrum-Half"
"Q54867555","Masayoshi Takezawa","竹澤 正祥","1995-05-05","Japan; Gunma Prefecture",NA,NA,176,91,"Centre; Winger"
"Q54867569","Yuki Ishii","石井 勇輝","1996-02-27","Japan; Kanagawa Prefecture; Kawasaki; Kanagawa",NA,NA,184,NA,"Winger"
"Q54867573","Han Jyon Mun","韓 尊文","1996-07-07","Japan; Osaka Prefecture",NA,NA,183,80,"Centre"
"Q54867580","Kōtarō Furukawa","古川 浩太郎","1994-12-25","Japan; Fukuoka Prefecture; Kitakyushu",NA,NA,168,74,"Scrum-Half"
"Q54867590","Joe Kamana","ジョー・カマナ","1991-09-23","New Zealand",NA,NA,193,102,"Centre"
"Q54867634","Q54867634","金 宣求","1992-04-06","South Korea",NA,NA,184,106,"Centre"
"Q54867641","Shun Sasaki","佐々木 駿","1989-03-06","Japan; Toyama Prefecture",NA,NA,174,105,"Prop"
"Q54867650","Q54867650","羅 官榮","1992-07-14","South Korea",NA,NA,176,94,"Prop"
"Q54867685","Tomoya Yamamura","山村 知也","1997-12-02","Japan; Osaka Prefecture; Suita",NA,NA,175,77,"Winger; Fullback"
"Q54867703","Kenta Fukuda","福田 健太","1996-12-19","Japan; Saitama Prefecture; Misato; Saitama (city)",NA,NA,173,84,"Scrum-Half"
"Q54995092","Leva Fifita","レバ・フィフィタ","1989-07-29","Tonga",NA,NA,195,115,"Lock"
"Q55050536","Shingo Satō","佐藤 真吾","1996-08-29","Tokyo",NA,NA,179,93,"Number 8; Flanker"
"Q55092450","Jack Singleton","ジャック・シングルトン","1996-05-14","England; Hertfordshire; Dacolum",NA,NA,180,109,"Hooker"
"Q55214960","Demba Bamba","デンバ・バンバ","1998-03-17","France; Seine-Saint-Denis; Saint-Denis",NA,NA,185,118,"Prop"
"Q55314873","Jacob Pierce","ジェイコブ・ピアス","1997-09-10","New Zealand; Auckland",NA,NA,200,106,"Lock"
"Q55363808","Terry Kennedy","テリー・ケネディ","1996-07-04","Republic of Ireland; County Dublin; Dublin",NA,NA,183,84,"Winger"
"Q55530234","Naoto Saito","齋藤 直人","1997-08-26","Japan; Kanagawa Prefecture",NA,NA,165,75,"Scrum-Half"
"Q55539610","Jone Naikabula","ジョネ・ナイカブラ","1994-04-12","Fiji",NA,NA,177,95,"Winger"
"Q55584143","Kieran Hardy","キーラン・ハーディ","1995-11-30","Wales; Carmarthen",NA,NA,186,90,"Scrum-Half"
"Q55584550","Rio Dyer","リオ・ダイアー","1999-12-21","Wales; Newport",NA,NA,186,84,"Winger"
"Q55584710","Herschel Jantjies","ハーシェル・ヤンチース","1996-04-22","South Africa; Western Cape; Stellenbosch",NA,NA,167,75,"Scrum-Half"
"Q55585247","Sione Havili","シオネ・ハヴィリ・タリトゥイ","1998-01-25","Tonga; Nukuʻalofa",NA,NA,187,108,"Flanker; Number 8"
"Q55590015","Arthur Vincent","アルチュール・ヴァンサン","1999-09-30","France; Montpellier",NA,NA,183,88,"Centre"
"Q55614796","Jack Willis","ジャック・ウィリス","1996-12-24","England; Reading; Berkshire",NA,NA,191,110,"Flanker"
"Q55632419","Sam Skinner","サム・スキナー","1995-01-31","England; Exeter",NA,NA,196,116,"Lock; Flanker"
"Q55635992","Tom Wright","トム・ライト","1997-07-21","Australia; New South Wales; Randwick",NA,NA,186,96,"Fly-Half; Fullback"
"Q55760182","Adriaan Booysen","アドリアン・ボーイセン","1996-05-17","Namibia; Omaheke Region; Gobabis",NA,NA,190,112,"Number 8"
"Q55760183","Obert Nortjé","オーバート・ノーチェ","1997-04-17","Namibia; Khomas Region; Windhoek",NA,NA,179,98,"Hooker"
"Q55760202","Cliven Loubser","クライヴェン・ルーバー","1997-02-24","Namibia",NA,NA,176,75,"Fly-Half"
"Q56223240","Kyle Steyn","カイル・ステイン","1994-01-29","South Africa; Gauteng; Johannesburg",NA,NA,187,102,"Winger; Centre"
"Q56232526","Filipo Nakosi","フィリポ・ナコシ","1992-04-08","Fiji; Ba (town)",NA,NA,182,98,"Winger"
"Q56248386","Jimmy O'Brien","ジミー・オブライエン","1996-11-27","Republic of Ireland; Easttown",NA,NA,183,90,"Winger; Fullback"
"Q56250249","PJ Steenkamp","PJ・スティーンカンプ","1998-01-03","South Africa; Western Cape; Bellville",NA,NA,195,100,"Lock; Flanker"
"Q56253222","Tatsuya Kakimoto","垣本 竜哉","1995-04-18","Japan; Osaka Prefecture; Osaka",NA,NA,178,116,"Prop"
"Q56434164","Sione Vailanu","シオネ・ヴァイラヌ","1995-01-27","Tonga",NA,NA,185,119,"Flanker; Number 8"
"Q56434168","Louis Conradie","ルイス・コンラディー","1996-06-11","South Africa; Pretoria",NA,NA,204,117,"Lock"
"Q56434179","Walt Steenkamp","ウォルト・スティーンカンプ","1995-07-21","South Africa; North West (South African province); Rustenburg",NA,NA,202,121,"Lock"
"Q56486294","Max Malins","マックス・マリンズ","1997-01-07","England; Cambridgeshire; Cambridge",NA,NA,180,88,"Fly-Half; Winger; Fullback"
"Q56641617","Gianni Lombard","ジアニ・ロンバート","1998-01-22","South Africa; Western Cape; Worcester",NA,NA,178,80,"Fly-Half; Winger; Fullback"
"Q56641621","Rhys Carré","リース・カレ","1998-02-08","Wales; Cardiff",NA,NA,191,132,"Prop"
"Q56651214","Monty Ioane","モンティ・イオアネ","1994-10-30","Australia; Victoria (state); Melbourne",NA,NA,180,93,"Winger"
"Q56690563","Beaudein Waaka","ボーディン・ワッカ","1994-01-27","New Zealand; Whakat%C4%81ne",NA,NA,181,93,"Fly-Half; Winger; Centre"
"Q56702813","Tomoyuki Ochiai","落合 知之","1994-06-29","Japan; Niigata Prefecture; Gosen; Niigata",NA,NA,185,95,"Winger"
"Q56702845","Lisala Siosifa","リサラ シオシファ","1994-02-02","Tonga",NA,NA,179,92,"Winger; Centre"
"Q56702906","Q56702906","梁 大煐","1993-05-02","South Korea",NA,NA,196,116,"Lock"
"Q56810144","Ray Niuia","レイ・ニウア","1991-06-19","New Zealand; Auckland",NA,NA,176,110,"Hooker"
"Q57242321","Leicester Fainga'anuku","レスター・ファインガアヌク","1999-10-11","Tonga; Nukuʻalofa",NA,NA,188,108,"Winger; Centre"
"Q57314394","Shneil Singh","シュネル・シン","1997-02-02","New Zealand",NA,NA,197,110,"Lock"
"Q57314723","Seijun Kawasaki","川崎 清純","1999-06-17","Japan; Iwate Prefecture; Shizukuishi",NA,NA,193,102,"Winger; Fullback"
"Q57314769","Kotetsu Nishikawa","西川 虎哲","1999-07-17","Japan; Kyoto Prefecture",NA,NA,168,72,"Fly-Half; Centre"
"Q57585126","Len Ikitau","レン・イキタウ","1998-10-01","Australia; Brisbane",NA,NA,180,95,"Centre"
"Q57585129","Noah Lolesio","ノア・ロレシオ","1999-12-18","New Zealand; Auckland",NA,NA,180,89,"Centre; Fly-Half"
"Q57586448","Caelan Doris","ケーラン・ドリス","1998-04-02","Republic of Ireland; Barina",NA,NA,193,111,"Number 8; Flanker"
"Q57586501","Gavin Mullin","ギャビン・マリン","1997-11-29","Republic of Ireland; County Dublin; Dublin",NA,NA,175,63,"Centre"
"Q57587669","Tommy Reffell","トミー・レフェル","1999-04-27","Wales; Bridgend County Borough",NA,NA,183,103,"Flanker"
"Q57883812","Alekisio Mafi","アレックス・マフィ","1996-11-07","Australia; Brisbane",NA,NA,179,108,"Hooker"
"Q58010447","Hoskins Sotutu","ホスキンス・ソトゥトゥ","1998-07-12","New Zealand; Auckland",NA,NA,192,112,"Flanker; Number 8"
"Q58010508","Salesi Rayasi","チョナ・ナレキ","1996-12-25","New Zealand; Wellington",NA,NA,175,83,"Winger"
"Q58010512","Ataata Moeakiola","アタアタ・モエアキオラ","1996-02-06","Tonga",NA,NA,185,107,"Fullback; Winger; Fly-Half; Number 8"
"Q58495352","Prince ǃGaoseb","プリンス・ガオセブ","1998-07-07","Namibia; Omaruru",NA,NA,186,98,"Flanker"
"Q58755865","Marius Iftimiciuc","マリウス・イフティミチュク","1997-08-13","Romania; Iași County; Iași",NA,NA,202,127,"Lock"
"Q58974744","Beka Gigashvili","ベカ・ギガシヴィリ","1992-02-17","Georgia (country); Tbilisi",NA,NA,178,116,"Prop"
"Q59134330","Sam Chongkit","サム・チョンキット","1995-03-02","Fiji",NA,NA,198,107,"Lock"
"Q59179885","Fraser McReight","フレーザー・マクライト","1999-02-19","Australia; Queensland; Buderim",NA,NA,184,102,"Flanker"
"Q59209880","Pierre-Louis Barassi","ピエール＝ルイ・バラシ","1998-04-22","France; Sélestat",NA,NA,188,91,"Centre"
"Q59306050","Kalione Nasoko","カリオネ・ナソコ","1990-12-02","Fiji; Yasawa Islands",NA,NA,195,104,"Fullback"
"Q59327563","Frank Lomani","フランク・ロマニ","1996-04-18","Fiji",NA,NA,180,81,"Scrum-Half"
"Q59327751","Impi Visser","インピ・ヴィサー","1995-05-30","South Africa; Eastern Cape",NA,NA,187,94,"Centre"
"Q59387209","Sevuloni Mocenacagi","セヴロニ・モセナカギ","1990-06-29","Fiji; Nukuilau",NA,NA,194,92,"Centre"
"Q59751514","Lautaro Bazán Velez","ラウタロ・バサン・ベレス","1996-02-24","Argentina; Córdoba Province; Córdoba",NA,NA,188,93,"Centre"
"Q59830933","James Lay","ジェームズ・レイ","1993-12-26","Samoa; Motoochua",NA,NA,180,118,"Prop"
"Q60329570","Jean-Baptiste Gros","ジョアン＝バチスタ・グロス","1999-05-25","France; Arles",NA,NA,195,110,"Prop"
"Q60643061","David Cherry","デイヴ・チェリー","1991-01-03","Scotland; Edinburgh",NA,NA,183,107,"Hooker"
"Q60733427","Feao Fotuaika","フェアオ・フォトゥアイカ","1993-04-23","New Zealand; Gisborne",NA,NA,186,135,"Prop"
"Q60733998","Paul Mullen","ポール・ミューレン","1991-11-16","Republic of Ireland; County Galway; Inishmore",NA,NA,182,122,"Prop"
"Q60734121","Patrick Tafa","パトリック・タファ","1999-07-19","Australia",NA,NA,194,113,"Lock; Flanker"
"Q60734188","Tim O'Malley","ティム・オマリー","1994-08-21","New Zealand",NA,NA,186,96,"Fly-Half; Centre"
"Q60734508","Ben Donaldson","ベン・ドナルドソン","1999-04-04","Australia; Queensland; Sydney",NA,NA,184,84,"Fly-Half; Fullback"
"Q60734660","Harry Wilson","ハリー・ウィルソン","1999-11-22","Australia; New South Wales",NA,NA,190,110,"Number 8"
"Q60734739","Tom Robinson","トム・ロビンソン","1994-11-10","New Zealand; Kerikeri",NA,NA,198,110,"Lock; Flanker"
"Q60734741","Harry Plummer","ハリー・プラマー","1998-06-19","New Zealand; Auckland",NA,NA,184,94,"Fly-Half"
"Q60734743","Liam Mitchell","リアム・ミッチェル","1995-10-10","New Zealand; Palmerston North",NA,NA,197,117,"Lock"
"Q60735383","Tom Rowe","トム・ロウ","1991-02-21","New Zealand; Dunedin",NA,NA,202,115,"Lock"
"Q60735854","Mike Sheppard","マイク・シェパード","1988-12-20","Canada; Ontario; Mississauga",NA,NA,193,111,"Lock; Flanker"
"Q60736946","Johnny Williams","ジョニー・ウィリアムズ","1996-10-18","England; Weston-super-Mare",NA,NA,190,105,"Centre"
"Q60788178","Will Harrison","ウィル・ハリソン","1999-07-30","Australia; New South Wales; Sydney",NA,NA,178,83,"Fly-Half; Fullback"
"Q60836358","Grégory Alldritt","グレゴリー・アルドリット","1997-03-23","France; Toulouse",NA,NA,191,115,"Flanker; Number 8"
"Q60881604","Juan Cruz Mallia","フアン・クルス・マリア","1996-09-11","Argentina; Córdoba Province; Córdoba",NA,NA,182,90,"Winger; Centre"
"Q60930244","Santiago Chocobares","サンティアゴ・チョコバレス","1999-03-31","Argentina; Rufino",NA,NA,189,96,"Centre"
"Q60949869","Mayco Vivas","マイコ・ビバス","1998-06-02","Argentina; Santa Fe Province; Raffaella",NA,NA,185,122,"Prop"
"Q60991038","Takatoshi Nogami","野上貴俊","1986-05-26","Saitama Prefecture",NA,NA,177,89,"Centre"
"Q61054335","Ignacio Mendy","イグナシオ・メンディー","2000-06-29","Argentina; Buenos Aires",NA,NA,185,81,"Fullback"
"Q61160474","Santiago Carreras","サンティアゴ・カレラス","1998-03-30","Argentina; Córdoba Province; Córdoba",NA,NA,183,88,"Winger"
"Q61198015","Santiago Socino","サンティアゴ・ソシノ","1992-03-07","Argentina; Buenos Aires",NA,NA,187,110,"Hooker"
"Q61319235","JC Pretorius","JC・プレトリウス","1998-01-29","South Africa; Gauteng",NA,NA,185,90,"Flanker"
"Q61590346","Cristian Chirică","クリスティアニ・クリカ","1997-04-09","Romania; Vaslui County; Burlad; B%C3%A2rlad",NA,NA,192,115,"Flanker; Number 8"
"Q61594854","Theo Sauder","テオ・サウダー","1996-04-02","Canada; British Columbia; Vancouver",NA,NA,180,84,"Fly-Half; Fullback"
"Q61622987","Vano Karkadze","ヴァノ・カルカゼ","2000-06-25","Georgia (country); Tbilisi",NA,NA,174,108,"Hooker"
"Q61746642","Ruan Vermaak","ルアン・フェルマーク","1998-05-01","South Africa; Gauteng; Rohdepoort",NA,NA,199,117,"Lock; Flanker; Number 8"
"Q61777231","Jack Kelly","ジャック・ケリー","1997-10-26","Republic of Ireland; County Dublin; Dublin",NA,NA,185,86,"Winger; Fullback"
"Q61806692","Isaac Lucas","アイザック・ルーカス","1999-02-11","Australia",NA,NA,179,84,"Fly-Half; Centre; Fullback"
"Q61866518","Zurab Dzneladze","ズラブ・ズネラゼ","1992-01-23","Georgia (country); Tbilisi",NA,NA,191,95,"Winger; Fullback"
"Q61911609","Bradley Slater","ブラッドリー・スレーター","1998-09-23","New Zealand; New Plymouth",NA,NA,186,110,"Hooker; Flanker"
"Q61947566","Afa Amosa","アファ・アモサ","1993-12-09","Samoa; Henderson",NA,NA,191,112,"Number 8"
"Q61983345","David Ainuʻu","デイビッド・アイヌウ","1999-11-20","American Samoa",NA,NA,178,125,"Prop"
"Q62006475","Josh Timu","ジョシュ・ティム","1997-07-06","New Zealand; Otago",NA,NA,180,90,"Centre"
"Q62016677","George Bower","ジョージ・バウワー","1992-05-28","New Zealand; Lower Hutt",NA,NA,183,115,"Prop"
"Q62088508","Thierry Feuteu","ティエリー・フェウテウ","1995-06-23","Cameroon; Littoral Region (Cameroon); Douala",NA,NA,185,115,"Prop"
"Q62127935","Danny Toala","ダニー・トアラ","1999-03-26","New Zealand; Hastings",NA,NA,176,95,"Winger; Centre"
"Q62570376","Kane Leʻaupepe","ケーン・レウペペ","1992-12-03","New Zealand; Wellington",NA,NA,200,119,"Lock; Flanker"
"Q62629604","Alex Dombrandt","アレックス・ドンブラント","1997-04-29","England; Surrey",NA,NA,191,118,"Flanker; Number 8"
"Q62657835","Robert Baloucoune","ロバート・バルクーン","1997-08-19","Northern Ireland; Enniskillen",NA,NA,193,89,"Winger; Fullback"
"Q62664755","Tom O'Toole","トム・オトゥール","1998-09-23","Republic of Ireland; Drogheda",NA,NA,183,123,"Prop"
"Q62942455","Ronan Kelleher","ローナン・ケラハー","1998-01-24","Republic of Ireland; Dublin",NA,NA,183,105,"Hooker"
"Q62948670","Foster Horan","フォスター・ホラン","1992-11-03","Republic of Ireland; County Wexford; Gorey",NA,NA,180,88,"Winger; Centre"
"Q63006459","Gabin Villière","ギャビン・ヴィリエール","1995-12-13","France; Calvados (department); Vire",NA,NA,180,88,"Winger"
"Q63105381","Sako Makata","ソコイサ・マカナ","1998-09-10","South Africa; Eastern Cape; East London",NA,NA,185,97,"Winger"
"Q63106324","Meli Derenalagi","メリ・デレナランギ","1998-11-26","Fiji; Nadi",NA,NA,190,84,"Flanker"
"Q63228479","Sam Matavesi","サム・マタヴェシ","1992-02-13","England; Cornwall; Camborne",NA,NA,183,102,"Hooker; Number 8; Flanker"
"Q63229992","Kurt-Lee Arendse","カート＝リー・アレンゼ","1996-06-17","South Africa; Western Cape; Paarl",NA,NA,176,80,"Winger; Fullback"
"Q63234125","Aminiasi Tuimaba","アミニアシ・ツイマバ","1995-03-26","Fiji; Yasawa Islands",NA,NA,185,96,"Winger"
"Q63243609","Maceo Brown","メイシオ・ブラウン","1995-09-01","United States; Arizona; Tempe",NA,NA,185,86,"Utility Back"
"Q63252790","Angelo Davids","アンジェロ・デービッド","1999-06-01","South Africa; Western Cape; Cape Town",NA,NA,178,84,"Winger"
"Q63258231","Vilimoni Botitu","ヴィリモニ・ボティツ","1998-06-15","Fiji",NA,NA,179,93,"Winger"
"Q63313847","Will Stuart","ウィル・スチュアート","1996-07-12","England; Westminster",NA,NA,188,133,"Prop"
"Q63351514","Craig Casey","クレイグ・ケイシー","1999-04-19","Northern Ireland; County Limerick; Limerick",NA,NA,165,76,"Scrum-Half"
"Q63431815","Alivereti Veitokani","アリベレティ・ベイトカニ","1992-11-02","Fiji; Nausori",NA,NA,180,81,"Fullback"
"Q64010793","Daymon Leasuasu","デーモン・レエスアス","1993-01-20","New Zealand; Auckland",NA,NA,200,117,"Lock"
"Q64010799","Scott Malolua","スコット・マルーア","1993-07-11","Samoa",NA,NA,168,85,"Scrum-Half"
"Q64176226","Bastien Chalureau","バスティアン・シャルロー","1992-02-13","France; Mondabesan",NA,NA,202,124,"Lock"
"Q64176553","Tevita Manumua","テヴィタ・マヌムア","1993-02-12","Tonga; Tongatapu",NA,NA,187,107,"Winger; Centre"
"Q64481602","Thomas Jolmès","トマ・ジョルメス","1995-10-08","France; Isère; Échirolles",NA,NA,204,125,"Lock"
"Q64699619","Antoine Zeghdar","アントワーヌ・ゼグダル","1999-05-22","Monaco",NA,NA,198,100,"Centre"
"Q64735394","Andrew Quattrin","アンドリュー・クワトリン","1996-08-29","Canada; Ontario; Markham",NA,NA,183,115,"Hooker"
"Q64746908","Ryan Baird","ライアン・ベアード","1999-07-26","Republic of Ireland; Dublin",NA,NA,198,112,"Lock; Flanker"
"Q64829489","Greg O'Shea","グレッグ・オシェイ","1995-03-23","Republic of Ireland; County Limerick; Limerick",NA,NA,175,63,"Winger"
"Q64853212","Jacob Ojee","ジャコブ・オージー","1991-03-07","Kenya",NA,NA,180,82,"Centre"
"Q64853283","Mesu Dolokoto","マス・ドロコロ","1995-01-21","Fiji",NA,NA,177,115,"Hooker"
"Q64933179","Alex Mitchell","アレックス・ミッチェル","1997-05-25","England; Maidstone",NA,NA,178,89,"Scrum-Half"
"Q65030380","Eric Howard","エリック・ハワード","1993-09-05","Canada; Ontario; Ottawa",NA,NA,178,106,"Hooker"
"Q65125688","Sergey Chernyshev","セルゲイ・チェルニシェフ","1988-05-13","Russia; Moscow",NA,NA,180,114,"Prop; Hooker"
"Q65248712","Takashi Sasaki",NA,NA,NA,NA,NA,NA,NA,NA
"Q65553712","Juan Ignacio Brex","フアン・イグナシオ・ブレックス","1992-05-26","Argentina; Buenos Aires",NA,NA,189,99,"Centre"
"Q65679972","Adré Smith","アドレ・スミス","1997-04-06","South Africa; Western Cape; Swellendam",NA,NA,200,117,"Lock"
"Q65926251","Melani Matavao","メラニ・マタヴァオ","1995-11-19","Samoa",NA,NA,171,73,"Scrum-Half"
"Q65935878","Jamie Shillcock","ジェームス・シルコック","1997-08-01","England; West Midlands (county); Coventry",NA,NA,180,90,"Fly-Half; Fullback"
"Q66054572","Lucas de Coninck","ルーカス・デ・コニック","1996-01-15","France",NA,NA,194,110,"Flanker; Number 8"
"Q66124435","Iulian Harțig","ルリアン・ハルティグ","1998-10-11","Romania",NA,NA,179,105,"Prop"
"Q66237912","Tevita Ratuva","テビタ・ラトゥバ","1995-05-08","Fiji; Yadua",NA,NA,198,110,"Lock"
"Q66480275","Sō Kaku",NA,"1990-10-28","Japan; Aichi Prefecture; Nagoya",NA,NA,185,NA,NA
"Q66736160","Rikus Pretorius","リカス・プレトリアス","1999-01-15","South Africa; Eastern Cape; Gqeberha",NA,NA,193,104,"Centre"
"Q66736162","Schalk Erasmus","スカルク・エラスマス","1998-04-15","South Africa; Limpopo; Referrale",NA,NA,184,109,"Hooker"
"Q66736752","Lucas Mensa","ルーカス・メンサ","1996-05-24","Argentina; Buenos Aires",NA,NA,183,94,"Centre"
"Q66980706","Ignacio Dotti","イグナシオ・ドッティ","1994-08-18","Uruguay; Montevideo Department; Montevideo",NA,NA,191,102,"Lock"
"Q67008145","Kyle Baillie","カイル・ベイリー","1991-04-07","Canada; Alberta; St. Albert",NA,NA,197,112,"Lock; Flanker"
"Q67017307","Fotu Lokotui","フォトゥ・ロコトゥイ","1996-03-19","Tonga; Longoteme",NA,NA,178,108,"Flanker"
"Q67131213","Ed Fidow","エド・フィドウ","1993-09-11","Samoa; Apia",NA,NA,188,96,"Winger"
"Q67181821","Ratu Veremalua Vugakoto","トゥベレ・ブンガコト","1997-12-29","Fiji",NA,NA,183,109,"Hooker"
"Q67181870","Eroni Mawi","エロニ・マウィ","1996-06-02","Fiji",NA,NA,180,131,"Prop"
"Q67184136","Mosese Voka","モセセ・ヴォカ","1985-06-07","Fiji; Lautoka",NA,NA,193,103,"Flanker"
"Q67188593","Johnny Matthews","ジョニー・マシューズ","1993-07-05","England; Liverpool",NA,NA,183,107,"Hooker"
"Q67193343","Yusuke Kizu","木津 悠輔","1995-12-02","Japan; Ōita Prefecture",NA,NA,179,110,"Prop"
"Q67376292","Alec Coombes","アレック・クームズ","1995-11-26","Hong Kong",NA,NA,187,101,"Winger; Centre"
"Q67504605","Kirill Gotovtsev","キリル・ゴトフツェフ","1987-07-17","Russia",NA,NA,180,112,"Prop"
"Q67506819","Bogdan Fedotko","ボグダン・フェドトコ","1994-09-22","Russia; Krasnoyarsk",NA,NA,200,105,"Lock"
"Q67506924","Andrey Polivalov","アンドレイ・ポリヴァロフ","1986-08-09","Russia; Penza",NA,NA,185,109,"Prop"
"Q67506941","Vladimir Podrezov","ウラジーミル・ポドレゾフ","1994-01-27","Russia; Kaliningrad",NA,NA,185,122,"Prop"
"Q67509202","Vasily Dorofeev","ヴァシリー・ドロフェエフ","1990-08-06","Russia; Krasnoyarsk",NA,NA,175,82,"Scrum-Half"
"Q67509245","Vitaly Zhivatov","ヴィタリー・ジワトフ","1992-02-16","Russia; Oryol Oblast",NA,NA,185,98,"Flanker"
"Q67509330","Anton Sychev","アントン・シチェフ","1994-02-05","Russia; Kemerovo",NA,NA,182,98,"Number 8"
"Q67509344","Roman Khodin","ロマン・ホディン","1993-09-06","Russia; Penza",NA,NA,191,99,"Lock"
"Q67509373","Tagir Gadzhiev","タギール・ガジエフ","1994-03-29","Russia; Kizlyar",NA,NA,188,108,"Lock; Flanker"
"Q67511086","Kirill Golosnitsky","キリル・ゴロスニツキー","1994-05-30","Russia; Moscow",NA,NA,185,105,"Winger; Centre"
"Q67511171","Dmitry Perov","ドミトリー・ペロフ","1984-11-18","Russia; Moscow",NA,NA,175,75,"Scrum-Half"
"Q67916420","Diego Arbelo","ディエゴ・アルベロ","1994-08-19","Uruguay; Montevideo Department; Montevideo",NA,NA,188,114,"Prop"
"Q68009370","Dwayne Polataivao","ドウェイン・ポラタイヴァオ","1990-07-30","New Zealand; Auckland",NA,NA,175,92,"Scrum-Half"
"Q68012974","Josh Tyrell","ジョシュ・ティレル","1990-10-16","New Zealand; Hamilton",NA,NA,194,116,"Lock"
"Q68163877","James Faiva","ジェームズ・ファイバ","1994-06-13","Tonga",NA,NA,185,104,"Fly-Half"
"Q68163925","Zane Kapeli","ザネ・カペリ","1992-09-28","New Zealand; Auckland",NA,NA,188,103,"Flanker; Number 8"
"Q68224498","Latu Talakai","ラトゥ・タラカイ","1989-12-26","Tonga; Neiafu (Vavaʻu)",NA,NA,193,132,"Prop"
"Q68284946","Siua Maile","シウア・マイレ","1997-02-18","Tonga; Niua Islands",NA,NA,181,111,"Hooker"
"Q68475523","Juan Echeverría","フアン・エチェベリア","1991-10-09","Uruguay; Florida Department; Florida",NA,NA,172,113,"Prop"
"Q68475664","Facundo Gattas","ファクンド・ガッタス","1995-07-02","Uruguay; Montevideo Department; Montevideo",NA,NA,183,107,"Hooker"
"Q68539092","Manuel Ardao","マヌエル・アルダオ","1998-09-09","Uruguay; Montevideo Department; Montevideo",NA,NA,176,88,"Hooker; Flanker"
"Q68544085","Guillermo Pujadas","ギジェルモ・プハーダス","1997-02-06","Uruguay; Montevideo Department; Montevideo",NA,NA,180,110,"Hooker"
"Q68544175","Santiago Arata","サンティアゴ・アラタ","1996-09-02","Uruguay; Montevideo Department; Montevideo",NA,NA,174,73,"Scrum-Half"
"Q68544209","Manuel Diana","マヌエル・ディアナ","1996-03-07","Uruguay; Montevideo Department; Montevideo",NA,NA,188,103,"Number 8"
"Q68544239","Santiago Civetta","サンティアゴ・シベッタ","1998-02-28","Uruguay; Montevideo Department; Montevideo",NA,NA,187,109,"Flanker"
"Q68554997","Felipe Etcheverry","フェリペ・エチェベリ","1996-06-23","Uruguay; Montevideo Department; Montevideo",NA,NA,174,74,"Fullback"
"Q68559123","Tomás Inciarte","トマス・インシアルテ","1996-10-22","Uruguay; Montevideo Department; Montevideo",NA,NA,180,83,"Scrum-Half; Centre"
"Q68700866","Lucas Rumball","ルーカス・ラムボール","1995-08-02","Canada; Ontario; Markham",NA,NA,188,105,"Flanker; Number 8"
"Q68701012","Ben LeSage","ベン・ルサージュ","1995-11-24","Canada; Alberta; Calgary",NA,NA,183,98,"Centre"
"Q68705572","Matt Heaton","マット・ヒートン","1993-02-09","Canada; Quebec; Godmanchester",NA,NA,188,100,"Flanker"
"Q68705860","Conor Keys","コナー・キーズ","1996-07-09","Canada; Ontario; Stittsville",NA,NA,198,118,"Lock"
"Q68817398","Andrew Coe","アンドリュー・コー","1996-04-08","Canada; Ontario; Brampton",NA,NA,187,93,"Fullback"
"Q68941886","Jack O'Sullivan","ジャック・オサリバン","1998-10-01","Northern Ireland; County Cork; Cork (city)",NA,NA,188,100,"Flanker; Number 8"
"Q69554584","Cole Keith","コール・キース","1997-05-07","Canada; New Brunswick; Saint John",NA,NA,183,116,"Prop"
"Q69749364","Federico Favaro","フェデリコ・ファバロ","1991-05-19","Uruguay; Montevideo Department; Montevideo",NA,NA,174,74,"Winger"
"Q70341280","Giuseppe du Toit","ジュゼッペ・デュトイ","1995-07-29","Canada; British Columbia; Maple Ridge",NA,NA,183,98,"Centre"
"Q70926672","Marcelo Torrealba","マルセロ・トレアルバ","1996-05-14","Chile; Santiago",NA,NA,170,78,"Scrum-Half"
"Q71997047","Antoine Hastoy","アントワーヌ・アストイ","1997-06-04","France; Bayonne",NA,NA,180,86,"Fly-Half; Fullback"
"Q72023420","Albert Tuisue","アルバート・トゥイスエ","1993-06-06","Fiji; Kadavu Island",NA,NA,188,114,"Lock"
"Q72043545","Ange Capuozzo","アンジェ・カプオッツォ","1999-04-30","France; Isère; Grenoble",NA,NA,177,68,"Fullback; Winger"
"Q73497929","Issak Fines-Leleiwasa","アイザック・フィンネス＝レレイワサ","1995-10-02","Australia; Queensland; Sydney",NA,NA,173,81,"Scrum-Half"
"Q73497963","Nick Frost","ニック・フロスト","1999-10-10","Australia; New South Wales; Sydney",NA,NA,206,120,"Lock"
"Q73498071","Carter Gordon","カーター・ゴードン","2001-01-29","Australia; Queensland; Nambour",NA,NA,189,93,"Fly-Half"
"Q73527192","Cadan Murley","ケイダン・マーリー","1999-07-31","England",NA,NA,175,82,"Winger"
"Q73678427","Manu Vunipola","マヌ・ヴニポラ","2000-05-04","New Zealand; Auckland",NA,NA,180,92,"Fly-Half; Fullback"
"Q73786875","Danilo Fischetti","ダニーロ・フィスケッティ","1998-01-26","Italy; Lazio; Metropolitan City of Rome Capital; Genzano di Roma",NA,NA,181,110,"Prop"
"Q74267475","Hugh Reece-Edwards","ヒュー・リース＝エドワーズ","1961-01-05","South Africa; Gauteng; Johannesburg",NA,NA,189,96,"Fullback"
"Q74690975","Kaleb Trask","ケイレブ・トラスク","1999-01-27","New Zealand; Rotorua",NA,NA,180,90,"Fly-Half; Fullback"
"Q74691206","Dylan Nel","ディラン・ネル","1992-11-27","South Africa; KwaZulu-Natal; Durban",NA,NA,185,110,"Flanker; Number 8"
"Q74691300","Mark Tele'a","マーク・テレア","1996-12-06","New Zealand; Auckland",NA,NA,186,94,"Winger"
"Q74691454","Emoni Narawa","エモニ・ナラワ","1999-07-13","Fiji; Suva",NA,NA,184,98,"Winger; Fullback"
"Q74691554","Waimana Riedlinger-Kapa","ワイマナ・カパ","1998-09-02","New Zealand",NA,NA,196,102,"Lock; Flanker; Number 8"
"Q74691590","Kurt Eklund","カート・エクランド","1992-01-05","New Zealand; Auckland",NA,NA,180,103,"Fly-Half; Hooker"
"Q74698522","Jona Nareki","チョナ・ナレキ","1997-12-27","Fiji; Sigatoka",NA,NA,175,83,"Winger"
"Q74698570","Connor Garden-Bachop","コナー・ガーデンバショップ","1999-04-19","New Zealand","2024-06-17",NA,188,92,"Winger; Fullback"
"Q74698729","Ethan de Groot","イーサン・デグルート","1998-07-22","Australia; Gold Coast; Queensland",NA,NA,190,135,"Prop"
"Q74698825","Dallas McLeod","ダラス・マクロード","1999-04-30","New Zealand; Methven",NA,NA,188,101,"Centre; Winger"
"Q75033278","Tsuji Takayasu","辻 雄康","1995-10-28","Japan; Tokyo; Shinjuku",NA,NA,190,113,"Lock"
"Q75185979","Adam Leavy","アダム・レヴィ","1995-09-21","Republic of Ireland; County Dublin; Dublin",NA,NA,185,90,"Winger"
"Q75628387","Mike Tadjer","マイク・タジャール","1989-03-10","Portugal",NA,NA,183,118,"Hooker"
"Q76009855","Mateo Carreras","マテオ・カレラス","1999-12-17","Argentina; San Miguel de Tucumán",NA,NA,173,86,"Winger"
"Q76009866","Joel Sclavi","ジョエル・スクラビ","1994-06-25","Argentina; Mar del Plata",NA,NA,188,137,"Prop"
"Q76118679","Josh Kemeny","ジョシュ・ケメニー","1998-11-29","Australia; Sydney",NA,NA,193,110,"Flanker"
"Q76164749","Harry Potter","ハリー・ポッター","1997-12-15","England; London boroughs; London Borough of Merton; Wimbledon; London",NA,NA,185,95,"Winger"
"Q76282623","Suliasi Tolu","Suliasi Tolu","1993-10-05","Fiji",NA,NA,188,118,"Prop"
"Q76282907","Shō Furuhata","古畑 翔","1996-12-10","Japan; Osaka Prefecture",NA,NA,185,123,"Prop"
"Q76284164","Ryōsuke Iwaihara","祝原 涼介","1996-10-06","Japan; Fukuoka Prefecture; Fukuoka",NA,NA,184,113,"Prop"
"Q76284494","Kazuma Shimane","島根 一磨","1996-11-30","Japan; Nara Prefecture",NA,NA,175,99,"Hooker"
"Q76508368","Sione Asi","シオネ・アシ","1998-05-14","Tonga",NA,NA,186,135,"Prop"
"Q76508379","Jarred Adams","ジャレッド・アダムス","1996-09-26","New Zealand; Auckland",NA,NA,186,125,"Prop"
"Q76969599","Sione Lavemai","シオネ・ラベマイ","1994-05-08","Tonga",NA,NA,190,120,"Lock; Flanker"
"Q76969654","Oeltjen Kazumi","オルジェン カズミ","1996-10-09","United States; Irvine; California",NA,NA,186,104,"Flanker"
"Q76969730","Talau Samurai Fakatava","ファカタヴァ タラウ侍","1994-12-07","Tonga",NA,NA,191,114,"Flanker"
"Q76969776","Amato Fakatava","ファカタヴァ アマト","1994-12-07","Tonga; Nukuʻalofa",NA,NA,195,118,"Number 8; Lock"
"Q76970276","Jura Asanuma","浅沼 樹羅","1996-05-23","Japan; Aomori Prefecture",NA,NA,183,93,"Flanker"
"Q76970282","Tatsuhiro Tanji","丹治 辰碩","1996-11-19","Japan; Tokyo",NA,NA,184,91,"Winger; Fullback"
"Q76970318","Shintarō Okamoto","岡本 慎太郎","1996-04-12","Japan; Kyoto; Ukyō-ku",NA,NA,182,112,"Prop"
"Q76970324","Yūki Tsuchiyama","土山 勇樹","1996-04-04","Japan; Fukuoka Prefecture; Fukuoka",NA,NA,180,108,"Prop"
"Q76970367","Toshiya Hirakawa","平川 隼也","1996-07-08","Japan; Nagasaki Prefecture; Nagasaki",NA,NA,165,98,"Hooker"
"Q76970369","Ryōsuke Funahashi","舟橋 諒将","1997-01-05","Japan; Hokkaido",NA,NA,186,106,"Lock"
"Q76970414","Arito Takahashi","高橋 在人","1997-01-09","Japan; Osaka Prefecture; Osaka",NA,NA,184,104,"Lock; Flanker"
"Q76970417","Minoru Tanoue","田上 稔","1997-02-10","Japan; Kumamoto Prefecture; Kumamoto",NA,NA,169,80,"Scrum-Half"
"Q76970427","Kento Nakai","中井 健人","1996-08-11","Japan; Fukuoka Prefecture",NA,NA,182,92,"Fullback"
"Q76970477","Shunsuke Asaoka","淺岡 俊亮","1996-06-24","Japan; Kyoto Prefecture",NA,NA,186,121,"Prop"
"Q76970480","Taichi Takahashi","高橋 汰地","1996-06-24","Japan; Hyōgo Prefecture",NA,NA,180,91,"Winger"
"Q76970486","Shūhei Yamaguchi","山口 修平","1996-07-21","Japan; Osaka Prefecture",NA,NA,183,100,"Centre"
"Q76970492","Takemichi Nakano","中野 剛通","1996-12-18","Japan; Hyōgo Prefecture",NA,NA,186,96,"Fullback"
"Q76970539","Shigure Takao","高尾 時流","1996-08-15","Japan; Fukuoka Prefecture; Fukuoka",NA,NA,176,110,"Prop"
"Q76970543","Takara Imamura","今村 陽良","1997-01-17","Japan; Kyoto Prefecture; Kyoto",NA,NA,187,103,"Lock"
"Q76970552","Ryō Inoue","井上 遼","1997-03-18","Japan; Hyōgo Prefecture; Kobe",NA,NA,183,96,"Flanker"
"Q76970582","Kentarō Obata","小畑 健太郎","1996-12-03","Japan; Kyoto Prefecture; Kyoto",NA,NA,170,71,"Scrum-Half"
"Q76970586","Gentarō Ikenaga","池永 玄太郎","1997-01-27","Japan; Osaka Prefecture; Osaka",NA,NA,181,100,"Centre"
"Q76970592","Teruo Makabe","眞壁 照男","1996-05-04","Japan; Hiroshima Prefecture; Fukuyama; Hiroshima",NA,NA,172,110,"Prop"
"Q76970596","Kai Hirata","平田 快笙","1997-01-25","Japan; Saitama Prefecture",NA,NA,170,100,"Hooker"
"Q76970633","Kōhei Takahashi","髙橋 昴平","1996-04-12","Japan; Nagasaki Prefecture",NA,NA,168,81,"Scrum-Half"
"Q76970640","Masaki Hamada","濵田 将暉","1996-07-13","Japan; Kyoto Prefecture",NA,NA,174,82,"Winger"
"Q76970641","Ryōsuke Hayama","巴山 凌輔","1996-08-15","Japan; Osaka Prefecture",NA,NA,176,87,"Centre"
"Q76970670","Junpei Yukawa","湯川 純平","1996-04-24","Japan; Nara Prefecture",NA,NA,182,94,"Flanker"
"Q76970675","Ryōhei Isoda","礒田 凌平","1996-07-22","Japan; Osaka Prefecture; Ikeda; Osaka",NA,NA,178,88,"Centre"
"Q76970691","Taku Tōma","當眞 琢","1996-09-21","Japan; Okinawa Prefecture",NA,NA,183,121,"Prop"
"Q76970706","Kōki Yoshikawa","吉川 浩貴","1996-04-04","Nara Prefecture",NA,NA,168,72,"Scrum-Half"
"Q76970709","Taisetsu Kanai","金井 大雪","1997-01-29","Japan; Saitama Prefecture",NA,NA,178,88,"Fly-Half"
"Q76970722","Ken Saitō","齊藤 剣","1996-08-22","Japan; Akita Prefecture",NA,NA,177,115,"Prop"
"Q76970755","Shōtarō Matsuo","松尾 将太郎","1996-10-19","Japan; Fukuoka Prefecture",NA,NA,170,83,"Fly-Half"
"Q76970756","Tetsuya Yamaguchi","山口 達也","1996-06-18","Japan; Osaka Prefecture",NA,NA,175,101,"Hooker"
"Q76970763","Shōsuke Funaki","船木 頌介","1996-09-14","Japan; Akita Prefecture",NA,NA,178,115,"Prop"
"Q76970764","Q76970764","朴 成浩","1995-11-10","Japan; Osaka Prefecture",NA,NA,175,99,"Hooker"
"Q76970771","Mitsuhide Matsuyama","松山 光秀","1995-11-04","Japan; Osaka Prefecture",NA,NA,178,81,"Scrum-Half"
"Q77209664","Morgan Mitchell","モーガン・ミッチェル","1993-07-20","New Zealand; Goa",NA,NA,170,110,"Prop"
"Q77807791","Honeti Taumohaapai","タウモハパイ ホネティ","1992-10-02","Tonga; Neiafu (Vavaʻu)",NA,NA,180,93.5,"Winger; Centre"
"Q77810696","Ryō Tabata","田畑 凌","1996-07-05","Japan; Hyōgo Prefecture",NA,NA,177,91,"Centre"
"Q77810699","Seiya Yamada","山田 聖也","1996-12-02","Japan; Kyoto Prefecture; Kyoto",NA,NA,171,83,"Winger; Fullback"
"Q77810701","Kentarō Ōtsuka","大塚 健太郎","1997-03-12","Japan; Saga Prefecture",NA,NA,176,98,"Hooker"
"Q77810710","Takenori Matsui","松井 丈典","1996-08-06","Japan; Aichi Prefecture",NA,NA,195,115,"Lock"
"Q77810775","Shunta Koga","古賀 駿汰","1997-03-21","Fukuoka Prefecture",NA,NA,180,85,"Scrum-Half"
"Q77810777","Shintarō Nagatomi","永富 晨太郎","1996-04-04","Japan; Fukuoka Prefecture",NA,NA,180,95,"Fly-Half; Centre"
"Q77810785","Kento Iwasa","岩佐 賢人","1997-01-14","Japan; Fukuoka Prefecture",NA,NA,176,86,"Winger"
"Q77810841","Shōta Nakata","中田 翔太","1996-05-20","Japan; Osaka Prefecture",NA,NA,181,88,"Centre; Fullback"
"Q77810846","Shōgo Murakami","村上 翔梧","1996-08-01","Ehime Prefecture",NA,NA,178,115,"Prop"
"Q77810848","Ryōta Tsukada","束田 涼太","1996-04-30","Japan; Tokyo",NA,NA,182,117,"Prop"
"Q77810913","Kōta Kinoshita","木下 皓太","1997-03-08","Kyoto Prefecture",NA,NA,165,65,"Scrum-Half"
"Q77810917","Rinto Kagawa","香川 凜人","1997-03-18","Japan; Osaka Prefecture",NA,NA,174,86,"Fly-Half; Centre"
"Q77810924","Kyōji Takano","髙野 恭二","1996-10-25","Japan; Fukuoka Prefecture",NA,NA,174,84,"Fullback"
"Q77810969","Tatsuhiko Tsurukawa","鶴川 達彦","1995-05-21","United States",NA,NA,182,112,"Prop"
"Q77810975","Taiki Yoshioka","吉岡 大貴","1995-09-02","Japan; Miyazaki Prefecture",NA,NA,183,110,"Prop"
"Q77810984","Akihito Doi","土井 暉仁","1997-03-13","Japan; Osaka Prefecture; Takatsuki",NA,NA,187,104,"Lock"
"Q77811005","Kienori Go","呉 季依典","1996-10-23","Japan; Hyōgo Prefecture; Amagasaki",NA,NA,177,102,"Hooker"
"Q77811012","Sōki Watanabe","渡邊 弐貴","1997-01-14","Japan; Yamanashi Prefecture; Minamitsuru District; Yamanashi; Nishikatsura",NA,NA,175,89,"Centre"
"Q77811024","Shōgo Nezuka","根塚 聖冴","1997-01-13","Japan; Hyōgo Prefecture; Amagasaki",NA,NA,163,72,"Scrum-Half"
"Q77811031","Gwangtee Oh","呉 洸太","1996-11-16","Japan; Osaka Prefecture; Osaka",NA,NA,180,90,"Centre"
"Q77811053","Naoya Ishibashi","石橋 尚也","1996-08-25","Japan; Osaka Prefecture; Daitō; Osaka",NA,NA,175,105,"Prop"
"Q77811059","Shun Tomonaga","朝長 駿","1997-02-14","Japan; Nagasaki Prefecture; Nagasaki",NA,NA,181,98,"Flanker"
"Q77935397","Q77935397","大崎 琢也","1993-06-23","England",NA,NA,168,82,"Scrum-Half"
"Q78564562","Ben Healy","ベン・ヒーリー","1999-06-29","Republic of Ireland; Tipperary",NA,NA,191,97,"Fly-Half"
"Q79017429","Hayato Hosoda","細田 隼都","1995-06-29","Japan; Kanagawa Prefecture",NA,NA,173,103,"Prop"
"Q79017435","Jun Morimoto","森本 潤","1996-06-04","Japan; Osaka Prefecture",NA,NA,175,112,"Prop"
"Q79017450","Yūki Miyazato","宮里 侑樹","1997-01-06","Japan; Okinawa Prefecture",NA,NA,175,110,"Hooker"
"Q79017455","Shin'ya Tanaka","田中 伸弥","1996-02-15","Japan; Osaka Prefecture",NA,NA,174,96,"Flanker"
"Q79017543","Rentarō Kanazaki","金崎 廉太朗","1996-04-11","Japan; Kōchi Prefecture",NA,NA,178,86,"Fly-Half; Winger; Fullback"
"Q79017548","Nozomi Nara","奈良 望","1996-11-04","Japan; Akita Prefecture",NA,NA,179,92,"Centre"
"Q79017555","Tatsurō Sugimoto","杉本 達郎","1996-09-30","Japan; Osaka Prefecture",NA,NA,175,100,"Prop"
"Q79017563","Yūta Kojima","小島 佑太","1996-11-08","Japan; Kyoto Prefecture",NA,NA,188,103,"Lock"
"Q79017624","Tatsunari Fujita","藤田 達成","1996-12-02","Japan; Kyoto Prefecture",NA,NA,192,100,"Lock"
"Q79017626","Kanta Yamamoto","山本 貫太","1996-06-23","Japan; Hyōgo Prefecture",NA,NA,177,87,"Fullback"
"Q79017636","Kazuki Ishida","石田 一貴","1996-01-14","Japan; Kumamoto Prefecture; Aso; Kumamoto",NA,NA,173,85,"Fly-Half; Centre"
"Q79017865","Daiyū Ishimori","石森 大雄","1990-09-08","Japan; Saitama Prefecture; Ageo",NA,NA,173,82,"Scrum-Half"
"Q79052347","Mateaki Kafatolu","マテアキ・カファトル","1989-08-11","New Zealand; Lower Hutt",NA,NA,183,105,"Flanker"
"Q79278182","Hugo Lennox","ヒューゴ・レノックス","1999-03-06","Republic of Ireland; County Dublin",NA,NA,175,63,"Fullback"
"Q79329132","Louis Rees-Zammit",NA,"2001-02-02","Wales; Penarth",NA,NA,NA,NA,"Winger"
"Q80863651","Luke Campbell","ルーク・キャンベル","1992-10-02","Canada; British Columbia; Victoria",NA,NA,190,110,"Number 8"
"Q81052834","Jac Morgan","ジャック・モーガン","2000-01-21","Wales; Swansea",NA,NA,180,104,"Flanker"
"Q81099210","Freddie Steward","フレディ・スチュワード","2000-12-05","England; Norfolk; East Dereham",NA,NA,196,107,"Fullback"
"Q81209102","Mark Nawaqanitawase","マーク・ナワンガニタワシ","2000-09-11","Australia; New South Wales; Burwood",NA,NA,193,100,"Winger"
"Q81216530","Angus Bell","アンガス・ベル","2000-10-04","Australia; Sydney",NA,NA,191,124,"Prop"
"Q81404737","Dylan Cretin","ディラン・クルタン","1997-05-04","France; Haute-Savoie; Annemasse",NA,NA,195,103,"Flanker"
"Q81625784","Charlie Cassang","シャルリ・カッサン","1995-02-08","France",NA,NA,173,80,"Scrum-Half"
"Q81761181","Gabriel Rupanu","ガブリエル・ルパーヌ","1997-09-28","Romania; Purisakani; Pris%C4%83cani",NA,NA,176,73,"Scrum-Half"
"Q81834991","Ovidiu Cojocaru","オヴィデュ・コジョカル","1996-11-19","Romania; Iași County; Pașcani",NA,NA,178,105,"Hooker"
"Q81839594","Vlad Neculau","ヴラド・ネクラウ","1998-01-07","Romania; Iași County; Vivolari; Bivolari",NA,NA,192,108,"Lock"
"Q81843753","Dragoș Ser","ドラゴス・セル","1999-03-04","Romania; Costinésti",NA,NA,187,102,"Flanker; Number 8"
"Q81929355","Paul Popoaia","ポール・ポポアイア","2000-05-29","Romania; Iași County; Pașcani",NA,NA,178,80,"Winger; Fullback"
"Q82267087","Alex Horan","アレックス・ホラン","1997-04-04","Australia",NA,NA,189,95,"Centre"
"Q82312361","Leroy Carter","レロイ・カーター","1999-02-24","New Zealand; Tauranga",NA,NA,180,86,"Scrum-Half"
"Q82953626","Ollie Sleightholme","オーリー・スレイトホルム","2000-04-13","England; Northampton",NA,NA,181,89,"Winger"
"Q83182910","Vincent Pinto","ヴィンセント・ピント","1999-04-10","France; Hautes-Pyrénées; Adi",NA,NA,187,90,"Winger; Centre"
"Q83182936","Ethan Dumortier","エタン・デュモルティエ","2000-12-29","France; Metropolis of Lyon; Lyon",NA,NA,192,93,"Winger; Centre"
"Q83569614","Paulin Riva","ポーラン・リヴァ","1994-04-20","France; Pontoise",NA,NA,185,92,"Centre"
"Q83739297","Sam Costelow","サム・コステロウ","2001-01-10","Wales; Llantrisant",NA,NA,173,82,"Fly-Half"
"Q84035223","Niccolò Cannone","ニッコロ・カンノーネ","1998-05-17","Italy; Tuscany; Province of Florence; Florence",NA,NA,195,120,"Lock"
"Q84044382","Joris Moura","ジョリス・モウラ","2000-05-07","France; Haute-Savoie; Annecy",NA,NA,186,105,"Fly-Half"
"Q84048212","Stephen Varney","スティーブン・バーニー","2001-05-16","Wales; Carmarthen",NA,NA,175,73,"Scrum-Half"
"Q84079991","Taylor Gontineac","テイラー・ゴンティネアック","2000-07-16","Romania; Aurillac",NA,NA,185,94,"Centre"
"Q84139564","Siosaia Fifita","シオサイア・フィフィタ","1998-12-20","Tonga",NA,NA,187,103,"Centre; Winger"
"Q84228912","Tiaan Swanepoel","ティアン・スワネポール","1996-06-04","Namibia; Khomas Region; Windhoek",NA,NA,178,91,"Fly-Half; Fullback"
"Q84460681","Q84460681",NA,NA,NA,NA,NA,173,68,NA
"Q84464556","Taichi Mano","眞野 泰地","1997-06-01","Japan; Nara Prefecture",NA,NA,171,87,"Fly-Half; Centre"
"Q84464633","Hinata Takei","武井 日向","1997-06-17","Japan; Tochigi Prefecture; Sano; Tochigi",NA,NA,171,95,"Hooker"
"Q84466276","Kippei Ishida","石田 吉平","2000-04-28","Japan; Hyōgo Prefecture; Amagasaki",NA,NA,167,75,"Winger"
"Q84466916","Ryō Kikkawa","吉川 遼","1996-03-21","Tokyo; Chōfu; New Zealand; Hamilton",NA,NA,176,83,"Winger; Fullback"
"Q84466977","Akinori Hirota","廣田 耀規","1994-12-08","Japan; Mie Prefecture",NA,NA,193,114,"Lock"
"Q84467197","Tatsuya Fujii","藤井 達哉","2000-03-15","Japan; Fukuoka Prefecture",NA,NA,165,70,"Scrum-Half"
"Q84801959","John Stewart","ジョン・スチュワート","1988-02-17","Lautoka",NA,NA,170,80,"Winger"
"Q85291501","Tomás Albornoz","トマス・アルボルノス","1997-09-17","Argentina",NA,NA,173,82,"Fly-Half"
"Q85515498","Thibaud Flament","ティボー・フランマン","1997-04-29","France; Paris",NA,NA,202,116,"Lock; Flanker"
"Q85610761","Giovanni Pettinelli","ジョヴァンニ・ペティネッリ","1996-03-13","Italy; Venice",NA,NA,193,110,"Flanker"
"Q85870226","Inoke Burua","イノケ・ブルア","1999-05-30","Fiji",NA,NA,178,95,"Winger; Centre"
"Q85870439","Effie Maafu","エフィ・マアフ","1998-01-23","Australia",NA,NA,178,108,"Hooker"
"Q85870539","Onehunga Kaufusi","オネフンガ・カウフシ","1996-02-16","Tonga",NA,NA,195,113,"Number 8"
"Q85870651","Kai Stroem","カイ・ストローム","1998-01-21","Germany",NA,NA,181,105,"Hooker"
"Q85879686","Atsushi Komura","小村 淳","1970-03-17","Hokkaido; Kameda District; Nanae",NA,NA,180,100,"Flanker"
"Q85884109","Kim Sang-jin","金 相進","1993-06-11","South Korea",NA,NA,195,120,"Lock"
"Q86334920","Jean-Baptiste de Clercq","ジャン＝バティスト・ディクラリス","1994-02-23","Belgium; East Flanders; Ghent",NA,NA,183,124,"Prop"
"Q86358782","Akaki Tabutsadze","アカキ・タブツァゼ","1997-08-19","Georgia (country); Tbilisi",NA,NA,184,91,"Winger"
"Q86459458","Tanginoa Halaifonua","タンギノア・ハライフォヌア","1996-09-20","New Zealand",NA,NA,196,115,"Lock; Flanker"
"Q86531009","Luteru Tolai","ルテル・トライ","1998-06-01","New Zealand; Auckland",NA,NA,179,119,"Hooker"
"Q86838421","Jack van Poortvliet","ジャック・ヴァン・ポートヴリート","2001-05-15","England; Norfolk; Norwich",NA,NA,183,84,"Scrum-Half"
"Q87409467","Florian Roșu","フロリアン・ロス","1993-04-20",NA,NA,NA,193,106,"Flanker; Number 8"
"Q87648088","Sam Caird","サム・ケアード","1997-03-18","New Zealand; Hamilton",NA,NA,202,116,"Lock"
"Q88695088","Sipili Falatea","シピリ・ファラテア","1997-06-06","France; Wallis and Futuna",NA,NA,184,116,"Prop"
"Q88718843","Mamoru Harada","原田 衛","1999-04-15","Japan; Hyōgo Prefecture; Itami",NA,NA,175,101,"Hooker"
"Q90312580","Marcos Moneta","マルコス・モネタ","2000-03-07","Argentina; Buenos Aires",NA,NA,181,75,"Centre"
"Q90862075","Taiji Hongō","本郷 泰司","1997-09-15","Japan; Shiga Prefecture; Ōtsu",NA,NA,182,105,"Centre"
"Q90862104","Kazuki Ban","坂 和樹","1997-09-22","Japan; Tokyo",NA,NA,182,105,"Number 8"
"Q90862126","Shūhei Takeuchi","竹内 柊平","1997-12-09","Japan; Miyazaki Prefecture",NA,NA,183,115,"Prop"
"Q90862774","Riki Sugihara","杉原 立樹","1997-11-09","Japan; Osaka Prefecture",NA,NA,184,107,"Number 8"
"Q90862802","Shunpei Miura","三浦 駿平","1997-04-30","Japan; Akita Prefecture",NA,NA,187,103,"Lock"
"Q90862853","Kazuhiro Kawata","河田 和大","1996-05-23","Japan; Saitama Prefecture",NA,NA,172,102,"Prop"
"Q90864256","Daisuke Nishikawa","西川 大輔","1997-08-24","Japan; Aichi Prefecture; Nagoya",NA,NA,183,90,"Centre"
"Q90864262","Yūta Kurihara","栗原 由太","1997-10-12","Japan; Kanagawa Prefecture; Fujisawa; Kanagawa",NA,NA,179,92,"Centre"
"Q90864264","Daigo Sasagawa","笹川 大五","1997-08-03","Japan; Tokyo; Nakano",NA,NA,185,114,"Prop"
"Q90864267","Ren Miyagami","宮上 廉","1997-05-15","Japan; Tokyo",NA,NA,178,90,"Fullback"
"Q90865528","Atsuki Kuwayama","桑山 淳生","1997-11-15","Japan; Kagoshima Prefecture",NA,NA,183,90,"Winger; Centre"
"Q90865530","Yūhei Sugiyama","杉山 優平","1997-06-05","Japan; Osaka Prefecture",NA,NA,167,70,"Scrum-Half"
"Q90865535","Shōhei Itō","伊藤 鐘平","1997-05-01","Japan; Hyōgo Prefecture; Kobe",NA,NA,190,105,"Lock"
"Q90865539","Takeshi Sasaki","佐々木 剛","1997-04-17","Japan; Aomori Prefecture; Hachinohe",NA,NA,180,98,"Number 8"
"Q90866200","Q90866200","濱野 隼大","2001-05-02","Japan; Hyōgo Prefecture; Sanda; Hyōgo",NA,NA,180,94,"Winger; Centre"
"Q90866296","RYō Kayutsuka","粥塚 諒","1997-07-30","Japan; Ibaraki Prefecture",NA,NA,185,98,"Flanker"
"Q90866575","Kenta Matsuoka","松岡 賢太","1997-06-06","Japan; Osaka Prefecture",NA,NA,175,100,"Hooker"
"Q90866587","Hyūga Shimada","島田 彪雅","2000-06-16","Japan; Osaka; Abeno-ku",NA,NA,176,112,"Prop"
"Q90866589","Tsubasa Arai","新井 翼","1997-07-14","Japan; Saitama Prefecture",NA,NA,175,85,"Centre"
"Q90866592","Ryūsei Kawasaki","川崎 龍清","1997-06-07","Japan; Iwate Prefecture; Shizukuishi",NA,NA,183,97,"Lock; Flanker"
"Q90866593","Taiki Fujii","藤井 大喜","1998-01-04","Japan; Iwate Prefecture",NA,NA,183,114,"Prop"
"Q90866594","Taichi Niizuma","新妻 汰一","1998-01-18","Japan; Saitama Prefecture",NA,NA,187,121,"Prop"
"Q90866659","Kan Nakano","中野 幹","1997-09-29","Japan; Osaka Prefecture; Takatsuki",NA,NA,176,108,"Prop"
"Q91758460","Sione Anga'aelangi","シオネ・アンガアエランギ","1988-11-07","Australia; Sydney",NA,NA,185,105,"Hooker"
"Q92673017","Q92673017","宮崎 達也","1996-04-10","Japan; Kyoto Prefecture",NA,NA,164,95,"Hooker"
"Q92673028","Shun Terawaki","寺脇 駿","1998-03-26","Japan; Osaka Prefecture",NA,NA,178,120,"Prop"
"Q92684272","Yūma Sugimoto","杉本 悠馬","1997-12-16","Japan; Tokyo",NA,NA,178,86,"Winger"
"Q92684288","Daiki Yamagiwa","山極 大貴","1997-07-24","Japan; Tokyo",NA,NA,198,113,"Lock"
"Q92684328","Takeru Motoyama","本山 尊","1998-02-23","Japan; Ōita Prefecture",NA,NA,191,107,"Lock"
"Q92684378","Miyū Arai","新井 望友","1998-02-15","Japan; Saitama Prefecture",NA,NA,171,92,"Hooker"
"Q92685583","Daisuke Iba","射場 大輔","1997-12-03","Japan; Hyōgo Prefecture",NA,NA,177,90,"Centre"
"Q92685602","Toshihiro Yamanouchi","山内 俊央","1997-12-03","Japan; Hyōgo Prefecture",NA,NA,164,71,"Scrum-Half"
"Q92685625","Q92685625","坂本 洋道","1996-04-26","Japan; Tokyo; Akishima",NA,NA,174,104,"1st Row"
"Q92685656","Rikyū Yamakawa","山川 力優","1997-05-04","Japan; Osaka Prefecture; Osaka",NA,NA,175,115,"Prop"
"Q92922698","Sosefo Fakatava","ソセフォ・ファカタヴァ","1997-10-25","Tonga",NA,NA,186,118,"Centre"
"Q92923541","Jun'ya Matsumoto","松本 純弥","2000-03-17","Japan; Kagoshima Prefecture",NA,NA,171,79,"Winger"
"Q92923727","Takanobu Minami","南 昂伸","1999-03-03","Japan; Aichi Prefecture",NA,NA,166,70,"Scrum-Half"
"Q92923864","Taiga Ishida","石田 大河","1997-10-01","Japan; Kumamoto Prefecture",NA,NA,176,88,"Fullback"
"Q92924006","Ahn Changho","安 昌豪","1997-11-20","Japan; Hyōgo Prefecture",NA,NA,178,110,"Prop"
"Q92924013","Shōta Matsuoka","松岡 将大","1997-07-31","Japan; Osaka Prefecture",NA,NA,181,111,"Prop"
"Q92924029","Yūki Yamamoto","山本 雄貴","1998-03-25","Japan; Kyoto Prefecture",NA,NA,177,80,"Centre"
"Q92924032","Kazunari Takagi","高木 一成","1997-06-23","Japan; Kanagawa Prefecture",NA,NA,176,84,"Winger; Fullback"
"Q92924092","Gakuto Ishida","石田 楽人","1998-01-09","Japan; Kanagawa Prefecture",NA,NA,181,113,"Prop"
"Q92924094","Kenshi Yamamoto","山本 剣士","1997-09-17","Japan; Hyōgo Prefecture; Himeji",NA,NA,186,115,"Prop"
"Q92924102","Kensuke Seki","積 賢佑","1997-11-15","Japan; Kumamoto Prefecture; Uto; Kumamoto",NA,NA,178,100,"Hooker; Number 8"
"Q92924108","Naoaki Horibe","堀部 直壮","1997-04-17","Japan; Fukuoka Prefecture",NA,NA,191,100,"Lock"
"Q92924177","Hisanobu Okayama","岡山 仙治","1998-02-05","Japan; Osaka Prefecture",NA,NA,168,90,"Flanker"
"Q92924190","Shinkō Tsuchiya","土谷 深浩","1998-03-19","Japan; Fukuoka Prefecture",NA,NA,185,95,"Flanker; Number 8"
"Q92924195","Tomoki Kishioka","岸岡 智樹","1997-09-22","Japan; Osaka Prefecture; Hirakata",NA,NA,173,85,"Fly-Half"
"Q92924309","Hiroyuki Yamasaki","山﨑 洋之","1998-03-08","Japan; Fukuoka Prefecture",NA,NA,175,82,"Winger"
"Q92924317","Yūhei Shimada","島田 悠平","1997-12-25","Japan; Tokyo",NA,NA,183,87,"Winger"
"Q92924322","Kim Suryung","金 秀隆","1998-01-16","Japan; Osaka Prefecture",NA,NA,186,88,"Utility Back"
"Q92924332","Maoya Nakagawa","中川 真生哉","1996-09-12","Japan; Kanagawa Prefecture; Kawasaki; Kanagawa",NA,NA,190,105,"Lock"
"Q92924337","Atsurō Tsuji","辻 惇朗","1997-08-29","Japan; Osaka Prefecture",NA,NA,187,103,"Lock; Flanker"
"Q92924376","Takuya Obata","小畑 拓也","1997-12-11","Japan; Kyoto Prefecture",NA,NA,163,70,"Scrum-Half"
"Q92924380","Kengo Gunji","郡司 健吾","1997-09-13","Japan; Ibaraki Prefecture; Mito; Ibaraki",NA,NA,184,90,"Fly-Half; Centre"
"Q92924384","Q92924384","松浦 祐太","1996-12-05","Japan; Fukuoka Prefecture",NA,NA,178,82,"Fullback"
"Q93936119","Tomás Appleton","トマス・アップルトン","1993-07-29","Portugal",NA,NA,180,83,"Winger; Centre"
"Q94670594","Michele Lamaro","ミケーレ・ラマロ","1998-06-03","Italy; Rome",NA,NA,188,103,"Flanker"
"Q95162068","Keisuke Sawaki","沢木 敬介","1975-04-12","Japan; Akita Prefecture; Oga; Akita",NA,NA,183,83,"Fly-Half"
"Q95162846","Yukio Matsumoto","松本 幸雄","1974-11-04","Japan; Hokkaido; Hakodate",NA,NA,180,97,"Flanker"
"Q96130497","Tupou Vaa'i","トゥポウ・ヴァアイ","2000-01-27","New Zealand; Auckland",NA,NA,200,118,"Lock; Flanker"
"Q96193111","Lachie Anderson","ラシー・アンダーソン","1997-08-27","Australia",NA,NA,187,92,"Number 8; Winger; Centre"
"Q96240635","Manuel Zuliani","マヌエル・ズリアーニ","2000-04-26","Italy; Castelfranco Veneto",NA,NA,186,109,"Flanker"
"Q96273331","Josua Kerevi","ケレビ ジョシュア","1992-06-18","Fiji; Lautoka",NA,NA,190,98,"Fullback"
"Q96273478","Yū Okudaira","奥平 湧","1999-05-26","Japan; Hyōgo Prefecture",NA,NA,188,95,"Winger; Centre; Fullback"
"Q96273492","Takamasa Maruo","丸尾 崇真","1999-01-08","Tokyo; Chiyoda",NA,NA,183,100,"Number 8; Flanker"
"Q96273504","Ryuga Hashimoto","箸本 龍雅","1998-11-23","Japan; Fukuoka Prefecture; Munakata; Fukuoka",NA,NA,188,107,"Lock; Number 8; Flanker"
"Q96273544","Kento Matsumoto","松本 健留","1998-07-11","Japan; Osaka; Ikuno-ku",NA,NA,176,96,"Flanker"
"Q96273552","Daisuke Yoshida","吉田 大亮","1998-07-20","Japan; Kyoto Prefecture",NA,NA,186,102,"Flanker"
"Q96273563","Gun Tajima","田嶋 グン","1999-08-19","Japan; Aomori Prefecture; Shichinohe",NA,NA,172,101,"Prop"
"Q96361584","Pierre Bruno","ピエール・ブルーノ","1996-06-28","Italy; Genoa",NA,NA,181,83,"Winger"
"Q96391928","Marco Manfredi","マルコ・マンフレディ","1997-09-18","Germany; Freiburg im Breisgau",NA,NA,183,108,"Hooker"
"Q96707312","Fisipuna Tuiaki","フィシプナ・トゥイアキ","1995-01-23","Tonga",NA,NA,188,107,"Centre"
"Q96707356","Jose Seru","セル ホゼ","1991-02-09","Fiji; Suva",NA,NA,197,101,"Flanker; Winger"
"Q96708924","Justin Coveney","ジャスティン・コベニー","1985-05-02","Philippines",NA,NA,181,102,"Winger; Centre"
"Q96709686","Dylan Riley","ディラン・ライリー","1997-05-02","Australia; Gold Coast; Queensland",NA,NA,187,102,"Centre"
"Q96714481","Ryota Kono","河野 良太","1995-12-07","Japan; Aichi Prefecture; Nagoya; Kita-ku",NA,NA,168,82,"Flanker"
"Q96744857","Luke Tagi","ルケ・タンギ","1997-06-23","Fiji; Gau Island",NA,NA,187,130,"Prop"
"Q97066449","Paolo Garbisi","パオロ・ガルビシ","2000-04-26","Italy; Veneto; Province of Vicenza; Venice",NA,NA,183,93,"Fly-Half"
"Q97095953","Dave Porecki","デイヴ・ポレクキ","1992-10-23","Australia; Sydney",NA,NA,185,108,"Hooker"
"Q97120503","Lekima Tagitagivalu","レキマ・タンギタンギヴァル","1995-12-04","Fiji; Ba (town)",NA,NA,192,109,"Flanker"
"Q97160253","Tom Parsons","トム・パーソンズ","1990-07-25","New Zealand",NA,NA,198,113,"Lock"
"Q97160290","Vatiliai Tuidraki","バティリアイ・ツイドラキ","1995-01-04","New Zealand; Auckland",NA,NA,181,98,"Centre"
"Q97160401","Malo Tuitama","マロ・ツイタマ","1996-03-23","Samoa",NA,NA,182,91,"Winger"
"Q97164006","Hamish Dalzell","ハミッシュ・ダルゼル","1996-01-16","New Zealand",NA,NA,200,113,"Lock"
"Q97273401","Q97273401","小山内 健","1996-09-22","Japan; Tokyo",NA,NA,177,110,"Prop"
"Q97273466","Q97273466","川井 太貴","1997-04-30","Japan; Osaka Prefecture",NA,NA,173,84,"Winger"
"Q97273474","Q97273474","床田 聖悟","1997-09-27","Japan; Kanagawa Prefecture; Yokohama",NA,NA,182,92,"Fullback"
"Q97496312","Netani Vakayalia","ネタニ・ヴァカヤリア","1998-02-25","Fiji; Corobou",NA,NA,181,94,"Winger"
"Q97539156","Keagen Faria","キーガン・ファリア","1994-12-10","New Zealand; Hamilton",NA,NA,183,85,"Winger; Fullback"
"Q97590099","Sekonaia Pole","セコナイア・ポレ","1995-04-02","New Zealand",NA,NA,181,112,"Hooker"
"Q98082918","Clinton Knox","クリントン・ノックス","1992-12-27","Australia",NA,NA,182,98,"Centre"
"Q98141426","Larry Sulunga","ラリー・スルンガ","1998-10-22","Tonga",NA,NA,183,93,"Winger"
"Q98147268","Zane Nonggorr","ゼイン・ノンゴール","2001-03-30","Australia; Queensland; Cairns",NA,NA,187,130,"Prop"
"Q98233613","Mesake Doge","メサケ・ドンゲ","1993-04-01","Fiji; Suva",NA,NA,178,122,"Prop"
"Q98733836","Samisoni Tua","サミソニ・トゥア","1995-05-24","Tonga",NA,NA,182,105,"Centre"
"Q98734297","Q98734297","鶴田 馨","1995-06-28","Japan; Fukuoka Prefecture",NA,NA,178,85,"Centre"
"Q98734353","Q98734353","王子 拓也","1995-04-29","Japan; Nara Prefecture; Tenri; Nara",NA,NA,179,90,"Fly-Half"
"Q98734394","Kazuma Nishikawa","西川 和眞","1996-02-14","Japan; Osaka Prefecture",NA,NA,177,113,"Prop"
"Q98734440","Hiroshi Kitajima","北島 大","1985-09-21","Japan; Hyōgo Prefecture",NA,NA,175,103,"Prop"
"Q98734481","Kim Ryom","金 廉","1996-04-01","Japan; Hyōgo Prefecture",NA,NA,175,103,"Prop"
"Q98757903","Aukuso Taumafai","タウマファイ 竜","1995-06-12","Samoa",NA,NA,192,140,"Prop"
"Q98757907","Epineri Uluiviti","エピネリ・ウルイヴァイティ","1996-07-07","Fiji",NA,NA,198,118,"Lock"
"Q98757912","Mosese Tonga","トンガ モセセ","1992-04-05","Tonga",NA,NA,173,103,"Centre"
"Q98757914","Ash Parker","パーカー アッシュ","1988-11-01","New Zealand",NA,NA,187,110,"Number 8"
"Q98757917","Ben Paltridge","ベン・ポルトリッジ","1992-09-21","Thailand",NA,NA,177,87,"Winger"
"Q98757918","Sora Roland Alaiasa","アライアサ 空ローランド","1995-07-10","New Zealand",NA,NA,172,93,"Winger"
"Q98757948","Hiroki Nakamura","中村 拓樹","1988-09-28","Japan; Osaka Prefecture; Osaka",NA,NA,170,80,"Flanker; Number 8"
"Q98758010","Q98758010","加藤 凌悠","1991-04-29","Japan; Aichi Prefecture; Nagoya",NA,NA,172,105,"Prop"
"Q98758043","Makoto Tosa","土佐 誠","1986-06-28","Japan; Yamaguchi Prefecture",NA,NA,188,112,"Flanker; Number 8"
"Q98758067","Q98758067","大塚 憂也","1995-04-15","Japan; Osaka Prefecture",NA,NA,171,96,"Hooker"
"Q98758076","Q98758076","大嶌 一平","1995-08-22","Japan; Osaka Prefecture",NA,NA,172,78,"Scrum-Half"
"Q98758110","Akihiro Ogiso","小木曽 晃大","1996-03-10","Japan; Tokyo",NA,NA,175,105,"Prop"
"Q98758131","Q98758131","小野 雄貴","1993-04-26","Japan; Gunma Prefecture; Takasaki",NA,NA,182,98,"Flanker"
"Q98758196","Q98758196","徳田 亮真","1990-03-07","Japan; Osaka Prefecture",NA,NA,188,103,"Lock"
"Q98758224","Lee Song-yong","李 城鏞","1995-04-28","Japan; Osaka Prefecture",NA,NA,171,108,"Prop"
"Q98758228","Q98758228","村上 玲央","1990-07-29","Hiroshima Prefecture; Fukuyama; Hiroshima",NA,NA,174,105,"Prop"
"Q98758356","Q98758356","真田 裕継","1993-06-21","Osaka Prefecture; Osaka",NA,NA,187,97,"Flanker"
"Q98758414","Q98758414","西舘 健太","1987-09-12","Iwate Prefecture",NA,NA,172,85,"Scrum-Half"
"Q98758436","Q98758436","金子 峻大","1994-01-26","Gunma Prefecture",NA,NA,161,78,"Scrum-Half"
"Q98758451","Q98758451","阿久田 健策","1984-09-25","Japan; Osaka Prefecture; Osaka",NA,NA,177,87,"Fullback"
"Q98959321","Iván Nemer","イヴァン・ネメル","1998-04-22","Argentina; Mar del Plata",NA,NA,180,116,"Prop"
"Q98962785","Sam Moli","サム・モリ","1998-12-24","New Zealand; Gisborne",NA,NA,185,114,"Hooker"
"Q99208658","Paul Boudehent","ポール・ブドゥアン","1999-11-21","France; Angers",NA,NA,192,107,"Flanker; Number 8"
"Q99579615","Myles Edwards","マイルズ・エドワーズ","1997-05-19","England",NA,NA,198,124,"Lock"
"Q99628893","Te Ahiwaru Cirikidaveta","テ・アヒワル・ジリキンダヴェタ","1998-04-12","New Zealand; Te Araroa",NA,NA,194,110,"Lock; Flanker; Number 8"
"Q99937592","Ruben Love","ルーベン・ラヴ","2001-04-28","New Zealand; Wellington",NA,NA,183,90,"Fly-Half; Fullback"
"Q100146692","Cristian Ojovan","クリスチアン・オジョバン","1997-01-04","Moldova; Soroka",NA,NA,183,118,"Prop"
"Q100269559","Tamaiti Williams","タマティ・ウィリアムズ","2000-08-10","New Zealand; Whangārei",NA,NA,196,144,"Prop; Number 8"
"Q100454741","Lee Seung-Sin","李　承信","2001-01-13","Japan; Hyōgo Prefecture",NA,NA,176,88,"Fly-Half; Centre; Fullback"
"Q100710310","Isaiah Punivai","イザヤ・プニヴァイ","2000-12-01","New Zealand; Lower Hutt",NA,NA,186,102,"Centre"
"Q100724880","Ollie Lawrence","オーリー・ローレンス","1999-09-18","England; West Midlands (county); Birmingham",NA,NA,180,101,"Centre"
"Q100998846","Melvyn Jaminet","メルヴィン・ジャミネ","1999-06-30","France; Var (department); Hyères",NA,NA,180,77,"Fullback; Fly-Half"
"Q101006672","Ollie Chessum","オリー・チェサム","2000-09-06","England; Boston; Lincolnshire",NA,NA,200,118,"Lock; Flanker"
"Q101199992","Q101199992","金澤章太","1987-06-24",NA,NA,NA,171,65,"Scrum-Half"
"Q101200378","Main Taira","メイン 平","2000-09-05","Japan; Miyazaki Prefecture; Miyazaki (city)",NA,NA,180,92,"Fly-Half; Centre; Fullback"
"Q101515848","Lucio Cinti","ルシオ・シンティ","2000-02-23","Argentina; Buenos Aires Province; La Plata",NA,NA,190,90,"Winger; Centre"
"Q102045544","Rory Darge","ロリー・ダージ","2000-02-23","Scotland; Edinburgh",NA,NA,186,102,"Flanker; Number 8"
"Q102129066","Yoram Moefana","ヨーラム・モエファナ","2000-07-18","France; Wallis and Futuna; Futuna (Wallis and Futuna)",NA,NA,182,95,"Centre"
"Q102246524","Q102246524","黒川 ラフィ","1994-11-09","Japan; Fukuoka Prefecture",NA,NA,178,79,"Winger"
"Q102426712","Raffaele Storti","ラファエレ・ストルティ","2000-12-19","Portugal",NA,NA,178,83,"Winger"
"Q102735094","Mason Grady","メイソン・グレイディ","2002-03-29","Wales; Cardiff",NA,NA,196,112,"Winger; Centre"
"Q102823618","Tommaso Menoncello","トンマーゾ・メノンチェッロ","2002-08-20","Italy; Treviso",NA,NA,186,90,"Centre; Winger"
"Q103046384","Alessandro Fusco","アレッサンドロ・フスコ","1999-10-28","Italy; Naples",NA,NA,183,85,"Scrum-Half"
"Q103406440","Julius Nostadt","ジュリアス・ノスタディト","1992-10-12","Germany; Baden-Württemberg; Heidelberg",NA,NA,185,115,"Prop"
"Q103716276","Fletcher Newell","フレッチャー・ニューウェル","2000-03-01","New Zealand; Rangiora",NA,NA,186,112,"Prop"
"Q103791735","Martín Alonso Muñoz","マーティン・アロンソ","1999-12-02","Spain; Valladolid",NA,NA,185,75,"Winger"
"Q103842695","Giacomo Nicotera","ジャコモ・ニコテーラ","1996-07-15","Italy; Trieste",NA,NA,183,102,"Hooker"
"Q103940219","Davit Niniashvili","ダヴィト・ニニアシヴィリ","2002-07-14","Georgia (country); Tbilisi",NA,NA,186,90,"Fullback; Winger"
"Q104012970","Shohei Oyama","大山 祥平","1998-11-15","Japan; Kanagawa Prefecture",NA,NA,186,115,"Prop"
"Q104013075","Q104013075","山本 悠翔","1997-05-17","Japan; Osaka Prefecture",NA,NA,184,95,"Winger; Fullback; Number 8"
"Q104013199","Lee Seung Hyok","李 承爀","1999-01-27","Japan; Hyōgo Prefecture; Kobe",NA,NA,179,110,"Hooker"
"Q104013273","Q104013273","森谷和博","1986-11-12","Saitama Prefecture",NA,NA,182,100,"Flanker"
"Q104037625","Temo Mayanavanua","テモ・マヤナヴァヌア","1997-11-09","Fiji",NA,NA,197,120,"Lock"
"Q104054614","Diogo Hasse Ferreira","ディオゴ・フェレイラ","1996-10-17","Portugal; Lisbon District; Cascais",NA,NA,176,116,"Prop"
"Q104128394","Tristan Leyds","トリスタン・リーズ","1997-05-24","South Africa; Western Cape; Somerset West",NA,NA,179,68,"Winger; Fullback"
"Q104147000","Jaden Hendrikse","ジェイデン・ヘンドリクセ","2000-03-23","South Africa; Eastern Cape; Qonce",NA,NA,184,86,"Scrum-Half"
"Q104538643","Q104538643","土井 崇司","1959-10-03","Japan; Osaka Prefecture",NA,NA,NA,NA,"Fly-Half; Fullback"
"Q104538830","Q104538830","相良 南海夫","1969-08-14","Japan; Saitama Prefecture; Kasukabe; Saitama",NA,NA,NA,NA,"Flanker"
"Q104538855","Q104538855","綾部 正史","1975-01-21","Japan; Osaka Prefecture; Yao; Osaka",NA,NA,NA,NA,"Centre"
"Q104538864","Q104538864","藤原 秀之","1968-01-10","Japan; Tokyo",NA,NA,NA,NA,"Winger"
"Q104538865","Q104538865","藤田 雄一郎","1972-10-17","Japan; Fukuoka Prefecture",NA,NA,NA,NA,"Number 8"
"Q104538873","Toshikazu Kitora","記虎 敏和","1952-04-28","Japan; Osaka Prefecture; Hirakata",NA,NA,NA,NA,""
"Q104538877","Q104538877","谷崎 重幸","1958-04-17","Japan; Mie Prefecture; Shima District; Mie; Isobe; Shima; NA",NA,NA,NA,NA,"Fly-Half; Fullback"
"Q104538883","Q104538883","野上 友一","1958-06-16","Japan; Osaka Prefecture; Osaka",NA,NA,NA,NA,"Prop; Hooker"
"Q104538903","Haruto Takahashi","高橋 陽大","2002-06-29","Japan; Osaka Prefecture; Higashiōsaka",NA,NA,185,115,"Prop"
"Q104538911","Q104538911","麻生 彰久","1976-09-20","Japan; Fukuoka Prefecture; Fukuoka",NA,NA,168,70,"Fly-Half; Fullback"
"Q104622032","Tom Parton","トム・パートン","1998-02-02","England",NA,NA,178,90,"Winger; Fullback"
"Q104632462","Jack Crowley","ジャック・クロウリー","2000-01-13","Republic of Ireland; County Cork",NA,NA,185,89,"Fly-Half; Centre; Fullback"
"Q104702766","Janko Swanepoel","ヤンコ・スワナポール","1999-09-08","South Africa; Western Cape; Cape Town",NA,NA,200,114,"Lock"
"Q104720487","Alamanda Motuga","アラマンダ・モトゥンガ","1994-09-11","New Zealand; Auckland",NA,NA,188,111,"Flanker"
"Q104731085","José Madeira","ジュゼー・マデイラ","2001-03-19","Portugal; Lisbon",NA,NA,195,104,"Lock"
"Q104771913","Dawid Kellerman","ダーウィッド・ケラーマン","2000-07-21","South Africa",NA,NA,185,96,"Centre"
"Q104834350","Thomas Gallo","トーマス・ガジョ","1999-04-30","Argentina; San Miguel de Tucumán",NA,NA,176,107,"Prop"
"Q104840021","Dan Sheehan","ダン・シーハン","1998-09-17","Republic of Ireland; Dublin",NA,NA,191,111,"Hooker"
"Q104848793","Andrew Smith","アンドリュー・スミス","2000-07-21","Republic of Ireland; County Dublin; Dublin",NA,NA,185,86,"Winger"
"Q104873400","Ollie Smith","オリー・スミス","2000-08-07","Scotland; Prestwick",NA,NA,188,90,"Centre; Fullback"
"Q104884593","Matt Faessler","マット・フェスラー","1998-12-21","Australia; Queensland; Toowoomba",NA,NA,183,105,"Hooker"
"Q104904344","Cristi Boboc","クリスティ・ボボック","1995-10-09","Romania",NA,NA,188,108,"Flanker; Number 8"
"Q104969014","Ewan Ashman","イワン・アシュマン","2000-04-03","Canada; Toronto",NA,NA,186,113,"Hooker"
"Q105121902","Samu Tawake","サム・タワケ","1996-09-11","Fiji; Levuka",NA,NA,183,120,"Prop"
"Q105177533","Richie Asiata","リッチー・アシアタ","1996-05-03","New Zealand; Auckland",NA,NA,180,120,"Prop; Hooker"
"Q105224447","Ignacio Péculo","イグナシオ・ペクロ","1999-02-02","Uruguay",NA,NA,189,134,"Prop"
"Q105229982","Tomás Etcheverry","トマス・エチェベリー","1991-02-14","Uruguay",NA,NA,180,79,"Centre"
"Q105230058","Felipe Aliaga","フェリペ・アリアガ","1999-09-14","Uruguay",NA,NA,193,110,"Lock"
"Q105258114","Samisoni Asaeri","アサエリ・サミソニ","1998-04-06","Tonga",NA,NA,181,115,"Hooker"
"Q105258145","Oto Joshua Teruyoshi","オト ジョシュア輝恵","1998-10-07","Japan; Aichi Prefecture",NA,NA,191,113,"Lock"
"Q105258220","Nicholas McCurran","ニコラス・マクカラン","1996-06-13","New Zealand",NA,NA,188,93,"Centre"
"Q105258264","Warner Dearns","ワーナー・ディアンズ","2002-04-11","New Zealand; Wellington",NA,NA,202,123,"Lock; Number 8"
"Q105258359","Hiroto Mamada","侭田 洋翔","1998-10-29","Japan; Gunma Prefecture; Takasaki",NA,NA,175,87,"Fly-Half"
"Q105258431","Takashi Harada","原田 隆司","1967-07-27","Japan; Osaka Prefecture; Sakai",NA,NA,NA,NA,"Fly-Half; Fullback"
"Q105258439","Q105258439","古賀 由教","1998-08-28","Japan; Hyōgo Prefecture; Ashiya; Hyōgo",NA,NA,175,83,"Winger"
"Q105258500","Q105258500","大内 真","1997-07-26","Japan; Hiroshima Prefecture",NA,NA,183,107,"Hooker"
"Q105258510","Q105258510","大槻 卓","1978-07-07","Japan; Aichi Prefecture; Nagoya",NA,NA,168,70,"Fly-Half"
"Q105258542","Q105258542","安田 司","1999-03-28","Japan; Osaka Prefecture",NA,NA,180,104,"Flanker; Number 8"
"Q105258588","Q105258588","小松 節夫","1963-03-03","Japan; Nara Prefecture; Tenri; Nara",NA,NA,NA,NA,"Fly-Half; Centre"
"Q105258603","Q105258603","小鍜治 悠太","1998-07-08","Japan; Osaka Prefecture",NA,NA,176,109,"Prop"
"Q105258628","Kyohei Yamasawa","山沢 京平","1998-08-17","Japan; Saitama Prefecture; Kumagaya",NA,NA,176,85,"Fly-Half; Fullback"
"Q105258637","Q105258637","山神 孝志","1966-11-25","Japan; Okayama Prefecture; Okayama",NA,NA,NA,NA,"Flanker"
"Q105258650","Q105258650","島田 久満","1998-12-10","Japan; Osaka Prefecture",NA,NA,173,103,"Hooker"
"Q105258656","Q105258656","川原 佑","1992-12-25","Japan; Nagasaki Prefecture",NA,NA,NA,NA,"Fly-Half; Fullback"
"Q105258765","Q105258765","木村 季由","1966-05-13","Japan",NA,NA,NA,NA,"Winger"
"Q105258773","Q105258773","本堂 杏虎","1998-11-09","Japan; Saitama Prefecture",NA,NA,173,82,"Scrum-Half"
"Q105258804","Q105258804","松岡 大和","1998-05-31","Japan; Hyōgo Prefecture; Kobe; Kita-ku",NA,NA,177,95,"Flanker; Number 8"
"Q105258813","Q105258813","松永 拓朗","1998-08-13","Japan; Osaka Prefecture",NA,NA,172,81,"Fly-Half; Fullback"
"Q105258828","Koga Nezuka","根塚 洸雅","1998-09-15","Japan; Hyōgo Prefecture; Amagasaki",NA,NA,173,82,"Winger; Centre; Fullback"
"Q105258843","Q105258843","森 勇登","1998-11-14","Japan; Fukuoka Prefecture",NA,NA,175,83,"Fly-Half; Centre; Winger; Fullback"
"Q105258866","Q105258866","橋元 教明","1986-09-14",NA,NA,NA,NA,NA,""
"Q105258903","Q105258903","深澤 翔祐","1998-09-16","Japan; Kanagawa Prefecture",NA,NA,175,110,"Prop"
"Q105258924","Q105258924","湯浅 泰正","1964-03-18","Japan; Kyoto Prefecture",NA,NA,NA,NA,"Fly-Half; Winger"
"Q105258940","Q105258940","牧山 巧樹","1999-03-17","Japan; Osaka Prefecture; Taishi; Osaka",NA,NA,175,82,"Scrum-Half"
"Q105258951","Q105258951","玉置 将也","1998-12-22","Japan; Wakayama Prefecture",NA,NA,188,100,"Lock; Flanker"
"Q105258993","Q105258993","石川 貴大","1998-04-07","Japan; Hyōgo Prefecture",NA,NA,180,90,"Winger; Centre"
"Q105259026","Hiroyuki Takeda","竹田 寛行","1960-05-08","Japan; Tokushima Prefecture; Mima; Tokushima",NA,NA,NA,NA,"Number 8"
"Q105259058","Q105259058","繁松 哲大","1999-01-06","Japan; Fukuoka Prefecture",NA,NA,178,94,"Flanker"
"Q105259091","Shinobu Fujiwara","藤原 忍","1999-02-08","Japan; Osaka Prefecture",NA,NA,171,76,"Scrum-Half"
"Q105259113","Q105259113","谷口 かずひと",NA,NA,NA,NA,NA,NA,"Winger"
"Q105259114","Yuichiro Taniguchi","谷口 祐一郎","1998-09-08","Japan; Osaka Prefecture",NA,NA,180,106,"Prop"
"Q105334250","George Martin","ジョージ・マーティン","2001-06-18","England; Nottingham",NA,NA,198,118,"Lock; Flanker"
"Q105556025","Rodrigo Fernández","ロドリゴ・フェルナンデス","1996-02-08","Chile",NA,NA,183,82,"Fullback"
"Q105581833","Ilaisa Droasese","イライア・ドロアセセ","1999-09-13","Fiji",NA,NA,185,99,"Winger; Centre"
"Q105592736","Jeremy Williams","ジェレミー・ウィリアムズ","2000-12-02","Australia",NA,NA,198,113,"Lock"
"Q105703979","Kavaia Tagivetaua","カヴァイア・タギヴェタウア","1997-08-08","Fiji",NA,NA,190,104,"Flanker"
"Q105704008","Yūsaku Miyoshi","三好 優作","1998-05-14","Japan; Ehime Prefecture",NA,NA,174,102,"Hooker"
"Q105704022","Masaya Nakagawa","中川 将弥","1996-02-27","Nara Prefecture",NA,NA,175,95,"Hooker"
"Q105704034","Suguru Kubo","久保 優","1998-04-28","Japan; Fukuoka Prefecture",NA,NA,178,110,"Prop"
"Q105704035","Katsuto Kubo","久保 克斗","1998-11-07","Japan; Tokyo",NA,NA,192,108,"Lock"
"Q105704091","Q105704091","吉岡 肇","1961-09-25","Japan; Tokyo",NA,NA,NA,NA,"Winger"
"Q105704153","Q105704153","小島 昂","1998-04-29","Japan; Tokyo",NA,NA,185,90,"Winger"
"Q105704155","Q105704155","小幡 将己","1998-12-25","Japan; Osaka Prefecture",NA,NA,181,91,"Centre"
"Q105704161","Q105704161","小野 広大","1998-09-13","Japan; Fukuoka Prefecture",NA,NA,180,112,"Prop"
"Q105704170","Ikuma Yamada","山田 生真","1999-01-26","Japan; Ehime Prefecture",NA,NA,177,98,"Hooker"
"Q105704254","Q105704254","梅本 勝","1963-03-05","Japan; Hiroshima Prefecture; Onomichi",NA,NA,NA,NA,"Flanker"
"Q105704308","Rento Tsukayama","津嘉山 廉人","1998-09-07","Japan; Okinawa Prefecture",NA,NA,185,105,"Prop"
"Q105704321","Q105704321","濱野 隼也","1999-03-11","Japan; Akita Prefecture",NA,NA,182,108,"Hooker"
"Q105704332","Q105704332","猿田 湧","1998-06-04","Japan; Akita Prefecture",NA,NA,184,88,"Fullback"
"Q105704361","Q105704361","福士 萌起","1999-03-11","Japan; Hyōgo Prefecture",NA,NA,184,100,"Winger; Centre"
"Q105704402","Q105704402","菊田 圭佑","1998-06-15","Japan; Miyagi Prefecture",NA,NA,173,113,"Prop"
"Q105704405","Q105704405","薬師寺 晃","1998-11-16","Japan; Ōita Prefecture",NA,NA,175,84,"Winger"
"Q105704481","Q105704481","高城 勝一","1998-06-29","Japan; Osaka Prefecture",NA,NA,196,101,"Lock"
"Q105711639","Hajime Oinuma","生沼 元","1979-01-27","Japan; Tokyo; Edogawa","2005-09-16",NA,186,100,"Lock"
"Q105822596","Paul Graou","ポール・グラウ","1997-06-25","France; Gers; Auch",NA,NA,177,88,"Scrum-Half"
"Q105954381","Marcus Tupuola","マーカス・トゥプオラ","1995-10-05","United States; California; Carson",NA,NA,190,90,"Winger"
"Q105989960","Anthony Alvès","アンソニー・アウヴェス","1989-06-23","France; Ain; Oyonnax",NA,NA,185,120,"Prop"
"Q106017031","Joe Apikotoa","ソセフォ・アピコトア","1996-07-18","New Zealand; Wellington",NA,NA,191,120,"Prop"
"Q106178887","Will Muir","ウィル・ミュア","1995-10-30","England; Yorkshire; Cleveland",NA,NA,187,94,"Winger; Centre"
"Q106179029","Dino Lamb","ディノ・ラム","1998-04-18","England; Warwickshire",NA,NA,196,119,"Lock; Flanker"
"Q106190371","Tommy Freeman","トミー・フリーマン","2001-03-05","England; Oxford",NA,NA,188,102,"Centre; Winger; Fullback"
"Q106230399","Max Douglas","マックス・ダグラス","2000-01-01","Australia",NA,NA,200,105,"Lock; Flanker"
"Q106417896","Iñaki Ayarza","イニャキ・アジャルサ","1999-09-07","Chile; Santiago",NA,NA,186,102,"Winger; Centre"
"Q106432856","Amin Hamzaoui","アミン・ハンザオウイ","1996-05-07","Belgium",NA,NA,189,98,"Flanker"
"Q106436413","Bevan Rodd","ベヴァン・ロッド","2000-08-26","Scotland",NA,NA,183,118,"Prop"
"Q106461756","Cameron Roigard","キャム・ロイガード","2000-11-16","New Zealand; Hamilton",NA,NA,183,88,"Scrum-Half"
"Q106478519","Faialaga Nozomu Samuel","ファイアラガ 望サムエル","1998-07-03","Japan; Osaka Prefecture",NA,NA,175,125,"Prop"
"Q106478611","Kanji Shimokawa","下川 甲嗣","1999-01-17","Japan; Fukuoka Prefecture; Fukuoka",NA,NA,187,106,"Lock; Flanker"
"Q106478749","Hideto Niguma","仁熊 秀斗","1998-06-24","Japan; Okayama Prefecture; Okayama",NA,NA,172,83,"Winger; Fullback"
"Q106478966","Q106478966","北村 将大","1998-08-29","Japan; Hyōgo Prefecture; Kobe",NA,NA,172,87,"Fly-Half"
"Q106479094","Q106479094","土永 雷","1998-07-24","Kyoto Prefecture",NA,NA,170,72,"Scrum-Half"
"Q106479108","Q106479108","坂本 侑翼","1998-10-25","Japan; Chiba Prefecture; Kimitsu",NA,NA,176,95,"Flanker"
"Q106479162","Q106479162","大峯 功三","1992-10-03","Fukuoka Prefecture",NA,NA,NA,NA,"Lock"
"Q106479219","Kakeru Okumura","奥村 翔","1998-06-10","Japan; Kyoto Prefecture",NA,NA,180,87,"Fullback"
"Q106479357","Q106479357","尾崎 泰雅","1998-09-25","Japan; Kyoto Prefecture; Uji",NA,NA,182,92,"Fly-Half; Winger; Fullback"
"Q106479366","Kenta Yamashita","山下 憲太","1999-02-04","Japan; Nagasaki Prefecture",NA,NA,176,105,"Hooker"
"Q106479453","Kodai Okazaki","岡﨑 航大","1998-07-27","Japan; Nagasaki Prefecture",NA,NA,171,82,"Fly-Half"
"Q106479548","Takuma Shoji","庄司 拓馬","1998-05-22","Japan; Osaka Prefecture",NA,NA,182,100,"Flanker"
"Q106479555","Q106479555","延山 敏和","1998-07-04","Japan; Osaka Prefecture",NA,NA,174,100,"Hooker"
"Q106479677","Q106479677","杉浦 拓実","1998-08-24","Japan; Tokyo",NA,NA,176,90,"Centre"
"Q106479807","Q106479807","横井 隼","1997-07-29","Japan; Osaka Prefecture",NA,NA,183,101,"Flanker"
"Q106479934","Q106479934","清水 岳","1998-11-22","Japan; Osaka Prefecture",NA,NA,174,108,"Prop"
"Q106479998","Q106479998","片倉 康瑛","1998-08-09","Japan; Kanagawa Prefecture; Kawasaki; Kanagawa",NA,NA,189,99,"Lock"
"Q106480294","Q106480294","藤村 琉士","1998-10-03","Japan; Kyoto Prefecture; Kyoto",NA,NA,174,102,"Hooker"
"Q106480314","Q106480314","西川 壮一","1996-05-22","Hyōgo Prefecture",NA,NA,NA,NA,"Lock; Flanker"
"Q106480369","Kuo Wen-chin","郭 玟慶","1998-04-01","Taiwan; Taiwan (island)",NA,NA,180,120,"Prop"
"Q106480522","Taichi Takahashi","高橋 太一","1998-07-16","Japan; Miyazaki Prefecture",NA,NA,163,70,"Scrum-Half"
"Q106673560","Wilton Rebolo","ウィルトン・レボロ","1995-02-08","Brazil; São Paulo (state); São José dos Campos",NA,NA,173,108,"Prop; Hooker"
"Q106729073","Hare Makiri","ハレ・マキリ","1978-05-31","New Zealand",NA,NA,190,105,"Flanker"
"Q106777849","Nika Abuladze","ニカ・アブラゼ","1995-10-29","Georgia (country); Tbilisi",NA,NA,187,126,"Prop"
"Q106800394","Yoan Tanga Mangene","ヨアン・タンガ","1996-11-29","France; Seine-Saint-Denis; Bondy",NA,NA,185,108,"Flanker; Number 8"
"Q106840316","Tom Hooper","トム・フーパー","2001-01-29","Australia; Sydney",NA,NA,199,122,"Lock"
"Q106920074","Philip O'Reilly","フィリップ・オライリー","1980-07-24","New Zealand",NA,NA,190,100,"Flanker"
"Q106981381","Tomoki Osada","長田 智希","1999-11-25","Japan; Kyoto Prefecture; Ōyamazaki; Kyoto",NA,NA,179,90,"Centre"
"Q106994544","Q106994544","小川 拓朗","1995-09-11","Japan; Hyōgo Prefecture; Kawanishi; Hyōgo",NA,NA,180,95,"Lock"
"Q106995054","Q106995054","間藤　郁也","1994-04-06","Japan; Niigata Prefecture; Shibata; Niigata",NA,NA,170,100,"Prop"
"Q106995077","Q106995077","青柳 勝彦","1973-06-01","Japan; Miyagi Prefecture",NA,NA,NA,NA,"Flanker"
"Q106995080","Q106995080","飯沼 蓮","2000-02-08","Japan; Yamanashi Prefecture; Yamanashi (city)",NA,NA,169,72,"Scrum-Half"
"Q106995092","Q106995092","高崎 利明","1962-04-25","Japan; Kyoto Prefecture; Kyoto",NA,NA,NA,NA,"Scrum-Half"
"Q107119257","Ethan Waddleton","イーサン・ワドルトン","1996-11-23","England; Suffolk; Ipswich",NA,NA,178,87,"Flanker"
"Q107119276","Harry Glover","ハリー・グラバー","1995-12-31","England; London",NA,NA,189,85,"Centre"
"Q107246305","Luka Nioradze","ルカ・ニオラゼ","1999-04-06","Georgia (country); Tbilisi",NA,NA,181,108,"Hooker"
"Q107267220","FC du Plessis","FC・デュプレッシー","2001-02-07","South Africa; Free State (province); Bloemfontein",NA,NA,185,87,"Fly-Half; Fullback"
"Q107377181","Ross McCann","ロス・マッカン","1997-10-30","Scotland; Edinburgh",NA,NA,181,83,"Centre"
"Q107387975","Fin Smith","フィン・スミス","2002-05-11","England; Warwick",NA,NA,178,87,"Fly-Half"
"Q107400972","Neria Foma'i","ネリア・フォマイ","1992-02-03","New Zealand; Auckland",NA,NA,178,98,"Winger; Centre"
"Q107411011","Juan Martín González","フアン・マルティン・ゴンサレス","2000-11-14","Argentina; Mendoza",NA,NA,192,102,"Flanker"
"Q107417375","Jake Thiel","ジャック・ティール","1997-06-02","Canada; British Columbia; Victoria",NA,NA,193,103,"Number 8"
"Q107426658","Justin Douglas","ジャスティン・ドウグラス","1994-04-05","Canada; British Columbia",NA,NA,183,83,"Fly-Half"
"Q107426660","Patrick Kay","パトリック・カイ","1993-09-19","Canada; British Columbia; Duncan",NA,NA,182,92,"Centre"
"Q107481762","Murray Koster","マリー・コスター","1999-02-21","South Africa; Eastern Cape; East London",NA,NA,188,106,"Centre"
"Q107534981","Tom Bowen","トム・ボーウェン","1993-01-31","England; London; London Borough of Richmond upon Thames",NA,NA,189,85,"Winger"
"Q107555867","Sam Slade","サム・スレイド","1997-08-28","New Zealand; Auckland",NA,NA,195,118,"Lock; Flanker"
"Q107605370","Sacha Feinberg-Mngomezulu","サシャ・ファインバーグ＝ムンゴメズル","2002-02-22","South Africa; Western Cape; Cape Town",NA,NA,185,94,"Fly-Half; Centre; Fullback"
"Q107649746","William Warbrick","ウィリアム・ウォーブリック","1998-03-06","New Zealand",NA,NA,194,98,"Winger"
"Q107658966","Matías Osadczuk","マティアス・オサドクスク","1997-05-22","Argentina; Buenos Aires",NA,NA,191,91,"Fullback"
"Q107658985","Rodrigo Isgro","ロドリゴ・イスグロ","1999-05-24","Argentina; Mendoza Province; Mendoza",NA,NA,185,94,"Winger"
"Q107659092","Asaeli Tuivuaka","アサエリ・ツイヴアカ","1995-12-22","Fiji",NA,NA,190,84,"Winger"
"Q107659107","Josua Vakurunabili","ジョシュア・ヴァクルナヴィリ","1994-04-21","Fiji",NA,NA,189,96,"FW"
"Q107659109","Joe Schroeder","ジョー・シュローダー","1993-06-14","United States; Indiana; Indianapolis",NA,NA,196,108,"Prop"
"Q107660091","Iosefo Masi","イオセフォ・マシ","1998-05-09","Fiji",NA,NA,190,84,"Centre"
"Q107660093","Jiuta Wainiqolo","ジウタ・ワイニンゴロ","1999-03-10","Fiji",NA,NA,197,108,"Winger"
"Q107660099","Amanaki Nicole","アマナキ・ニコル","1992-02-08","Fiji",NA,NA,185,99,"Centre"
"Q107660138","Santiago Mare","サンティアゴ・マーレ","1996-10-21","Argentina; Buenos Aires",NA,NA,184,92,"Centre"
"Q107673245","Sireli Maqala","シレリ・マンガラ","2000-03-20","Fiji",NA,NA,167,70,"Winger"
"Q107676791","Luciano González","ルシアノ・ゴンサレス","1997-04-10","Argentina; La Rioja Province; La Rioja",NA,NA,181,90,"Centre"
"Q107721033","Shota Nishizawa","西澤 将太","1997-03-30","Australia",NA,NA,176,103,"Hooker"
"Q107735656","Joe Pincus","ジョー・ピンカス","1996-07-24","Australia; Brisbane",NA,NA,186,88,"Scrum-Half"
"Q107735738","Josh Coward","ジョシュア・カワード","1997-06-28","Australia",NA,NA,172,75,"Winger"
"Q107735741","Dylan Pietsch","ディラン・ピーチ","1998-04-23","Australia; Sydney",NA,NA,187,95,"Centre"
"Q107735972","Naoki Motomura","本村 直樹","1992-04-11","Japan; Aomori Prefecture; Hachinohe",NA,NA,184,88,"Winger; Fullback"
"Q107735977","Chihito Matsui","松井 千士","1994-11-11","Japan; Osaka Prefecture; Osaka; Asahi-ku",NA,NA,183,88,"Winger"
"Q107735979","Colin Raijin Bourke","ボーク コリン雷神","1984-10-15","New Zealand; Tauranga",NA,NA,190,110,"Number 8"
"Q107736036","Ryota Kano","加納 遼大","1992-05-10","Tokyo; Katsushika",NA,NA,173,72,"Scrum-Half"
"Q107880106","Hibiki Noda","野田 響","1998-06-07","Japan; Fukuoka Prefecture; Ōmuta; Fukuoka",NA,NA,187,110,"Lock"
"Q108003956","Simon Miller","シモン・ミラー","2001-05-05","South Africa; Gauteng; Pretoria",NA,NA,198,118,"Flanker; Lock"
"Q108046936","Josh Turner","ジョシュ・ターナー","1996-09-23","New Zealand",NA,NA,178,82,"Centre"
"Q108052739","Nathan Lawson","ネーサン・ローソン","1999-01-23","Australia; New South Wales; Sydney",NA,NA,188,94,"Winger; Fullback"
"Q108109395","Clark Laidlaw","クラーク・レイドロー",NA,NA,NA,NA,NA,NA,""
"Q108109397","Saiasi Fuli","サイアシ・フリー","1978-05-16","Fiji; Suva",NA,NA,NA,NA,"Scrum-Half"
"Q108109406","Jamie Washington","ジェミー・ワシントン","1974-06-06","Australia",NA,NA,197,108,"Lock"
"Q108109425","Tukufuka Tone","トゥクフカ トネ","1988-06-11","Tonga",NA,NA,180,108,"Centre"
"Q108109439","Brody MacAskill","ブロディ・マカスケル","1999-10-27","Australia",NA,NA,190,111,"Number 8"
"Q108109605","Koki Sato","佐藤 弘樹","1995-07-22","Japan; Aomori Prefecture",NA,NA,177,95,"Flanker"
"Q108109750","Q108109750","塩田 蔵人","1997-08-07","Miyagi Prefecture",NA,NA,185,120,"Prop"
"Q108109883","Q108109883","山城 泰介",NA,NA,NA,NA,NA,NA,"Prop"
"Q108109897","Q108109897","山菅 一史","1997-12-03","Japan; Tokyo",NA,NA,164,78,"Scrum-Half"
"Q108109904","Q108109904","岩下 丈一郎","1996-11-17",NA,NA,NA,174,89,"Centre"
"Q108109907","Q108109907","岩戸 博和","1982-11-26",NA,NA,NA,NA,NA,"Fly-Half; Centre"
"Q108110029","Q108110029","杉本 誠二郎","1971-06-25","Japan; Kyoto Prefecture; Kyoto",NA,NA,NA,NA,"Fly-Half"
"Q108110135","Q108110135","殿元 政仁","1996-09-02","Japan; Fukuoka Prefecture; Fukuoka",NA,NA,180,94,"Flanker"
"Q108110141","Q108110141","水間 良武","1978-01-12","Osaka Prefecture",NA,NA,176,94,"Hooker"
"Q108110180","Q108110180","渡瀬 裕司","1963-03-03","Japan; Tokyo",NA,NA,NA,NA,"Fullback"
"Q108110216","Motoki Tanaka","田中 元珠","2001-04-18","Japan; Kanagawa Prefecture",NA,NA,180,86,"Scrum-Half"
"Q108110253","Taro Aihara","相原 汰郎","1995-09-24","Japan; Akita Prefecture",NA,NA,182,110,"Prop"
"Q108110263","Tomoaki Ishii","石井 智亮","1995-08-23","Japan; Kanagawa Prefecture; Kawasaki; Kanagawa",NA,NA,182,120,"Prop; Flanker"
"Q108110296","Hiroyuki Kamitori","神鳥 裕之","1974-10-06","Osaka Prefecture",NA,NA,NA,NA,"Flanker; Number 8"
"Q108110343","Yasushi Segawa","脊川 穏","1981-08-22","Nagasaki Prefecture",NA,NA,NA,NA,"Scrum-Half"
"Q108110513","Q108110513","長谷川 寛太","1996-04-23","Japan; Nagasaki Prefecture",NA,NA,179,110,"Prop"
"Q108235397","Tau Koloamatangi","タウ・コロマタンギ","1995-01-03","New Zealand; Auckland",NA,NA,172,128,"Prop"
"Q108263636","Zuriel Togiatama","ズリエル・トンギアタマ","1999-02-03","New Zealand; Auckland",NA,NA,183,109,"Hooker"
"Q108291687","William Havili","ウィリアム・ハヴィリ","1998-09-09","New Zealand; Motueka",NA,NA,187,84,"Fly-Half"
"Q108687736","Joaquín Oviedo","ホアキン・オビエド","2001-07-17","Argentina; Córdoba",NA,NA,191,113,"Flanker; Number 8"
"Q108691697","Lorenzo Cannone","ロレンツォ・カンノーネ","2001-01-28","Italy; Tuscany; Province of Florence; Florence",NA,NA,188,110,"Flanker; Number 8"
"Q108776368","Callum Mcdonald","カラム・マクドナルド","2000-03-06","Australia",NA,NA,204,120,"Lock"
"Q108776378","Coby Miln","コビー・ミルン","1999-06-15","New Zealand",NA,NA,192,95,"Fly-Half; Fullback"
"Q108776405","Dirk Danen","ダーク・ダーメン","1989-04-21","Netherlands",NA,NA,185,95,"Flanker"
"Q108776417","Toby Williams","トビー・ウィリアムズ","1986-05-15","Germany; Lower Saxony; Rinteln",NA,NA,173,108,"Prop"
"Q108776429","Ben Harris","ベン・ハリス","1999-09-08","England; London",NA,NA,189,85,"Winger; Fullback"
"Q108776435","Alexander Mackenzie","マッケンジー アレキサンダー","1997-10-10","United States; Seattle; Japan; Tokyo",NA,NA,186,105,"Flanker; Number 8"
"Q108776451","Hitoshi Ipponsugi","一本杉 仁志","1977-03-24","Osaka Prefecture",NA,NA,NA,NA,"Flanker"
"Q108776527","Masayuki Inoue","井上 正幸","1975-04-02","Osaka Prefecture",NA,NA,168,62,"Fly-Half"
"Q108776677","Q108776677","増田 遼太","1993-10-12","Aichi Prefecture; Okazaki; Aichi",NA,NA,185,90,"Fly-Half; Fullback"
"Q108776969","Hiroshi Moriyama","森山 漠",NA,NA,NA,NA,NA,NA,""
"Q108777161","Q108777161","竹内 克","1973-01-12","Mie Prefecture",NA,NA,170,79,""
"Q108777181","Shun Hizume","肥爪 駿","1999-01-28","Japan; Hyōgo Prefecture",NA,NA,171,100,"Hooker"
"Q108818556","Theo McFarland","セオ・マクファーランド","1995-10-16","Samoa; Apia",NA,NA,198,115,"Lock; Flanker"
"Q108884950","Christ Tshiunza","クリスト・チウンザ","2002-01-09","Democratic Republic of the Congo; Kinshasa",NA,NA,198,112,"Lock; Flanker"
"Q108887329","Lincoln McClutchie","リンカーン・マックラウチ","1999-04-12","New Zealand",NA,NA,174,84,"Fly-Half; Fullback"
"Q109287693","Q109287693","尾﨑　達洋","1995-08-13","Japan; Kanagawa Prefecture; Yokohama",NA,NA,185,88,"Fullback"
"Q109288267","Harrison Fox","ハリソン・フォックス","2000-11-01","Australia; Queensland; Brisbane",NA,NA,199,115,"Lock; Flanker"
"Q109317783","Ben Hughes","ベン・ヒューズ","1994-10-24","Australia",NA,NA,178,90,"Fly-Half; Centre"
"Q109452884","Kensuke Maeda","前田　健介","1975-10-26","Kumamoto Prefecture",NA,NA,174,84,"Winger"
"Q109452885","Katsuki Furuse","古瀬 健樹","2002-01-25","Japan; Fukuoka Prefecture; Ōnojō",NA,NA,NA,NA,"Fly-Half; Hooker"
"Q109452889","Ibuki Tetsuka","手束 伊吹","1997-06-09",NA,NA,NA,NA,NA,"Fly-Half"
"Q109452890","Itsuki Maeda","前田 樹","1989-10-23","Japan; Fukuoka Prefecture; Kitakyushu",NA,NA,NA,NA,"Centre; Fullback"
"Q109452891","Suguru Kamamuta","蒲牟田 卓",NA,NA,NA,NA,NA,NA,"Winger; Fullback"
"Q109452892","Jinnohara Ryo","陣野原 涼","1994-10-30","Japan; Fukushima Prefecture",NA,NA,184,123,"Prop"
"Q109452894","Shuhei Sasaki","佐々木 周平","1994-05-04","Japan; Hyōgo Prefecture; Itami",NA,NA,177,85,"Winger"
"Q109452895","Tooru Morita","森田 澄","1995-01-10","Japan; Nara Prefecture; Tenri; Nara",NA,NA,185,92,"Centre"
"Q109452897","Hiroto Watanabe","渡邉 洋人","1994-09-21","Japan; Kanagawa Prefecture; Yokohama",NA,NA,184,102,"Lock"
"Q109452898","Masamichi Tatekawa","立川 誠道","1985-02-06",NA,NA,NA,NA,NA,"Winger"
"Q109452905","Luke Porter","ルーク・ポーター","1997-04-03","Australia; New South Wales",NA,NA,200,119,"Lock"
"Q109452909","Takahiro Yoshihara","吉原 崇宏","1985-02-06","Japan; Nagasaki Prefecture; Nagasaki",NA,NA,NA,NA,"Centre; Fullback"
"Q109452912","Tomoyuki Matsugu","真継 丈友紀","1982-08-10",NA,NA,NA,NA,NA,"Back"
"Q109452923","Junichiro Tsujihara","辻原 潤一郎",NA,NA,NA,NA,NA,NA,"Fly-Half"
"Q109452924","Toshimasa Sekiya","関谷 惇大",NA,NA,NA,NA,NA,NA,""
"Q109452925","Tomohiro Ogawa","小川 朋弘","1982-01-01","Japan; Kumamoto Prefecture; Hondo; Kumamoto",NA,NA,NA,NA,"Fly-Half"
"Q109452926","Zephania Tuinona","ゼファニア・トゥイノナ","2001-05-11","Australia",NA,NA,198,108,"Lock"
"Q109452929","Riku Kitahara","北原 璃久","1999-03-30",NA,NA,NA,166,75,"Fly-Half"
"Q109453800","Hirofumi Uchiyama","内山 浩文","1980-11-12","Miyazaki Prefecture; Hyūga; Miyazaki",NA,NA,186,89,"Winger; Centre"
"Q109483980","Anzelo Tuitavuki","アンジェロ・ツイタヴキ","1998-10-10","New Zealand; Auckland",NA,NA,182,98,"Winger"
"Q109594112","Atsushi Yamamoto","山本 篤志",NA,NA,NA,NA,NA,NA,"Flanker; Scrum-Half; Fly-Half"
"Q109594113","Takeshi Matsumoto","松本 剛",NA,NA,NA,NA,NA,NA,"Lock"
"Q109594116","Q109594116","佐々木 裕司","1979-08-23","Japan; Tokushima Prefecture; Kamiyama; Tokushima",NA,NA,175,NA,"Fly-Half; Winger"
"Q109599388","Joao Granate","ジョアン・グラナーテ","1997-02-21","Portugal",NA,NA,185,97,"Flanker; Number 8"
"Q109670969","Justin Sangster","ジャスティン・サングスター","1996-11-30","New Zealand",NA,NA,198,115,"Lock"
"Q109672367","Tevita Ikanivere","テヴィタ・イカニヴェレ","1999-09-06","Fiji; Ono-i-Lau",NA,NA,183,113,"Hooker"
"Q109672371","Jone Koroiduadua","チョネ・コロインドゥアンドゥア","1997-02-23","Fiji; Nadroga-Navsa",NA,NA,182,114,"Prop"
"Q109672373","Fine Inisi","フィネ・イニシ","1998-05-19","New Zealand; Auckland",NA,NA,187,95,"Winger; Centre"
"Q109672386","Penitoa Finau","ペニトア・フィノア","1993-12-17","New Zealand; Hamilton",NA,NA,185,97,"Flanker; Number 8"
"Q109672958","Ratu Peni Matawalu","ペニ・マタワル","1997-07-08","Fiji; Lau Island",NA,NA,175,78,"Scrum-Half"
"Q109672960","Simione Kuruvoli","シミオネ・クルヴォリ","1999-01-02","Fiji; Kadavu Island",NA,NA,174,78,"Scrum-Half"
"Q109700258","Solomone Funaki","ソロモネ・フナキ","1994-04-25","Tonga; Nukuʻalofa",NA,NA,187,110,"Flanker; Number 8"
"Q109771457","Alessandro Garbisi","アレッサンドロ・ガルビシ","2002-04-11","Italy; Venice",NA,NA,174,83,"Scrum-Half"
"Q109784700","Niall Comerford","ナイアル・コマフォード","2000-04-06","Republic of Ireland; County Dublin; Dublin",NA,NA,183,87,"Winger; Centre"
"Q109923913","Jordan Sepho","ジョルダン・セポ","1998-12-08","France; Pontoise",NA,NA,194,105,"Centre"
"Q110014141","Fraser Quirk","フレイザー・クワーク","1998-08-14","Australia",NA,NA,188,100,"Centre"
"Q110179287","Lorenzo Pani","ロレンツォ・パーニ","2002-07-04","Italy; Florence",NA,NA,188,98,"Fullback"
"Q110403076","Tony Alofipo","トニー・アロフィポ","2002-09-11","Australia; Canberra",NA,NA,186,95,"Fly-Half; Centre; Fullback"
"Q110403443","Q110403443","川合 カイト","1999-07-29","Japan; Tokyo",NA,NA,183,88,"Centre"
"Q110403460","Q110403460","平野 叶翔","2000-02-08","Japan; Mie Prefecture; Kuwana; Mie",NA,NA,180,110,"Prop"
"Q110403491","Katsuyuki Hoshino","星野 克之","1999-08-24","Japan; Aichi Prefecture",NA,NA,186,116,"Prop"
"Q110403639","Q110403639","河野 孝太郎","1999-07-24","Japan; Ōita Prefecture",NA,NA,183,85,"Winger; Fullback"
"Q110403743","Q110403743","竹下 敬介","1978-09-15","Kumamoto Prefecture",NA,NA,NA,NA,"Centre"
"Q110403744","Q110403744","竹中 太一","1995-12-25","Japan; Osaka Prefecture",NA,NA,173,83,"Scrum-Half; Fly-Half; Winger; Fullback"
"Q110403822","Q110403822","辰野 新之介","1991-09-28","Japan; Tokyo",NA,NA,175,75,"Scrum-Half"
"Q110587306","Louis Bielle-Biarrey","ルイ・ビエル＝ビアレ","2003-06-16","France; La Tranche-sur-Mer",NA,NA,184,79,"Winger"
"Q110623802","Canan Moodie","カナン・ムーディ","2002-11-05","South Africa; Western Cape; Paarl",NA,NA,190,89,"Winger; Fullback"
"Q110721783","Giacomo Da Re","ジャコモ・ダ・レ","1999-03-29","Italy; Treviso",NA,NA,181,83,"Fly-Half; Fullback"
"Q110734311","Caleb Muntz","ケレブ・マンツ","1999-10-30","New Zealand",NA,NA,175,87,"Fly-Half; Fullback"
"Q110859735","Dafydd Jenkins","ダフィド・ジェンキンス","2002-12-05","Wales; Bridgend County Borough",NA,NA,200,117,"Lock"
"Q110887612","Nelson Épée","ネルソン・エペー","2001-02-20","France; Toulouse",NA,NA,174,73,"Winger"
"Q110892247","Manuel Cardoso Pinto","マヌエル・カルドーゾピント","1998-04-07","Portugal",NA,NA,181,78,"Fullback"
"Q110908766","Juan Manuel Tafernaberry","フアンマヌエル・タフェルナベリー","2002-05-27","Uruguay",NA,NA,181,81,"Scrum-Half"
"Q110908767","Mateo Viñals","マテオ・ビナルス","1998-10-07","Uruguay",NA,NA,181,81,"Winger"
"Q110908771","Felipe Arcos Pérez","フェリペ・アルコスペレス","2000-05-17","Uruguay; Montevideo Department; Montevideo",NA,NA,180,93,"Centre"
"Q110908773","Baltazar Amaya","バルタサル・アマヤ","1999-05-26","Argentina; Buenos Aires",NA,NA,184,91,"Winger; Fullback"
"Q110912902","Joe McCarthy","ジョー・マッカーシー","2001-03-26","United States; New York (state); Manhattan",NA,NA,198,124,"Lock"
"Q110962159","Vinaya Habosi","ビナヤ・ハボシ","2000-01-30","Fiji; Nadroga-Navsa",NA,NA,176,92,"Winger; Centre"
"Q110962167","Vilive Miramira","ヴィリヴェ・ミラミラ","1999-03-21","Fiji; Vanua Levu",NA,NA,193,97,"Flanker"
"Q110962181","Isoa Nasilasila","イソア・ナシラシラ","1999-02-03","Australia; Campbelltown; New South Wales",NA,NA,197,117,"Lock"
"Q110962460","Selestino Ravutaumada","セレスティノ・ラヴタウマンダ","2000-01-17","Fiji; Taveuni",NA,NA,183,93,"Winger; Fullback"
"Q110962463","Kalaveti Ravouvou","カラヴェティ・ラヴォウヴォウ","1998-06-06","Fiji; Nadroga-Navsa",NA,NA,186,94,"Winger; Centre"
"Q110965958","Tamati Ioane","タマティ・イオアネ","1997-04-26","Australia",NA,NA,184,119,"Flanker; Number 8"
"Q111019619","Langi Gleeson","ランギ・グリーソン","2001-07-21","Australia; Sydney",NA,NA,189,112,"Flanker; Number 8"
"Q111112034","Asiperli Moala","アシペリ・モアラ","1998-06-28","Tonga",NA,NA,185,115,"Number 8; Lock"
"Q111112068","Quintom Mahina","クイントン・マヒナ","1999-04-28","Australia",NA,NA,175,90,"Fly-Half; Winger; Centre"
"Q111112072","Christain Laui","クリスチャン・ラウイ","1998-09-08","Tonga",NA,NA,180,105,"Centre"
"Q111112084","Sione Halasili","シオエリ・ヴァカラヒ","1998-05-15","Tonga",NA,NA,178,110,"Flanker"
"Q111112086","Sione Halasili","シオネ・ハラシリ","1999-10-15","Tonga",NA,NA,180,120,"Prop; Number 8"
"Q111112088","Sione Hemaloto Afemui","シオネ・ヘマロト・アフェムイ","1999-01-30","Tonga; Tongatapu; Puke",NA,NA,187,127,"Prop"
"Q111112092","Sitalekiyaufa Makishi","シタレキタウファ・マキシ","1997-06-26","Tonga",NA,NA,186,106,"Centre"
"Q111112109","Richard Goh Jones","ジョーンズ リチャード剛","1999-05-04","Japan; Kyoto Prefecture",NA,NA,177,93,"Flanker"
"Q111112158","Richmond Tongatama","リッチモンド・トンガタマ","1996-07-06","New Zealand",NA,NA,188,125,"Lock; Flanker; Number 8"
"Q111112378","Itsuki Kodama","児玉 樹","1999-08-04","Japan; Akita Prefecture",NA,NA,192,102,"Centre"
"Q111112407","Q111112407","前田 翔","1999-04-30","Japan; Osaka Prefecture",NA,NA,180,108,"Prop"
"Q111112612","Q111112612","大澤 蓮","1999-10-04","Japan; Nagasaki Prefecture",NA,NA,180,103,"Hooker; Lock; Number 8"
"Q111112676","Q111112676","宮宗 翔","1999-06-22","Japan; Hyōgo Prefecture",NA,NA,182,86,"Winger"
"Q111112725","Q111112725","小島 燎成","1999-11-20","Japan; Akita Prefecture",NA,NA,183,116,"Prop"
"Q111112730","Q111112730","小村 健太","1999-12-20","Japan; Osaka Prefecture",NA,NA,177,81,"Fullback"
"Q111112736","Q111112736","小林 恵太","1999-08-04","Japan; Miyazaki Prefecture",NA,NA,174,108,"Hooker"
"Q111112747","Q111112747","小林 賢太","1999-06-02","Japan; Hyōgo Prefecture; Nishinomiya",NA,NA,181,112,"Prop"
"Q111112815","Q111112815","山内 開斗","1999-05-22","Japan; Saga Prefecture",NA,NA,188,125,"Prop"
"Q111112817","Fūto Yamaguchi","山口 楓斗","2000-01-14",NA,NA,NA,167,76,"Fullback"
"Q111112838","Kai Yamamoto","山本 凱","2000-03-17","Japan; Kanagawa Prefecture; Yokohama",NA,NA,177,98,"Flanker; Number 8"
"Q111112855","Q111112855","山本 耕生","1999-08-24","Japan; Kanagawa Prefecture",NA,NA,173,102,"Prop"
"Q111113012","Q111113012","押川 敦治","1999-05-22","Japan; Osaka Prefecture; Toyonaka",NA,NA,175,87,"Fly-Half; Centre"
"Q111113041","Q111113041","日原 大介","1976-11-09","Yamanashi Prefecture",NA,NA,NA,NA,"Fly-Half"
"Q111113100","Q111113100","木村 星南","1999-06-24","Japan; Osaka Prefecture",NA,NA,175,105,"Prop"
"Q111113102","Haruto Kida","木田 晴斗","1999-04-09","Japan; Hyōgo Prefecture",NA,NA,176,90,"Winger"
"Q111113146","Q111113146","松尾 大樹","1976-10-21","Fukuoka Prefecture",NA,NA,NA,NA,"Hooker"
"Q111113151","Q111113151","松木 勇斗","1999-11-26",NA,NA,NA,175,78,"Scrum-Half"
"Q111113162","Q111113162","松永 貫汰","1999-09-28","Japan; Osaka Prefecture",NA,NA,167,78,"Fullback"
"Q111113184","Q111113184","柳川 正秀","1999-07-13",NA,NA,NA,182,114,"Prop"
"Q111113242","Haruhiko Uemura","植村 陽彦","2000-11-13","Japan; Ibaraki Prefecture",NA,NA,177,65,"Winger; Fullback"
"Q111113261","Q111113261","橋本 吾郎","1999-07-23","Japan; Saitama Prefecture",NA,NA,190,101,"Lock; Flanker"
"Q111113319","Q111113319","江藤 良","2000-01-09","Japan; Osaka Prefecture",NA,NA,181,94,"Centre"
"Q111113341","Q111113341","河瀬 諒介","1999-07-21","Japan; Osaka Prefecture",NA,NA,183,89,"Fullback"
"Q111113351","Joren Fuchi","泓 城蓮","1999-11-01","Japan; Gifu Prefecture",NA,NA,180,112,"Prop; Hooker"
"Q111113451","Satoshi Hatazawa","畠澤 諭","1998-05-27","Japan; Niigata Prefecture",NA,NA,192,108,"Lock"
"Q111113471","Q111113471","盛田 志","1993-05-19","Japan; Osaka Prefecture; Neyagawa; Osaka",NA,NA,176,85,"Winger; Centre; Fullback"
"Q111113521","Q111113521","福岡 幸治","1975-08-25","Shiga Prefecture",NA,NA,NA,NA,"Fullback"
"Q111113535","Q111113535","福田 陸人","1999-12-09","Japan; Tochigi Prefecture; Kanuma; Tochigi",NA,NA,174,95,"Hooker; Flanker"
"Q111113581","Q111113581","紙森 陽太","1999-04-26","Japan; Osaka Prefecture",NA,NA,172,105,"Prop"
"Q111113583","Q111113583","細木 康太郎","2000-01-28","Japan; Niigata Prefecture",NA,NA,177,110,"Prop; Hooker"
"Q111113626","Takayoshi Mohara","茂原 隆由","2000-03-17","Japan; Gunma Prefecture",NA,NA,188,125,"Prop"
"Q111113750","Q111113750","酒木 凜平","1999-11-12","Japan; Okayama Prefecture; Okayama",NA,NA,178,100,"Prop; Hooker"
"Q111113838","Q111113838","雲山 弘貴","1999-07-18","Japan; Hyōgo Prefecture; Nishinomiya",NA,NA,187,93,"Fullback"
"Q111113875","Jumpei Iizuka","飯塚 淳平","1993-04-23","Japan",NA,NA,169,65,"Fullback"
"Q111113918","Hiroshi Takahashi","高橋 寛","1974-09-09","Tokyo",NA,NA,NA,NA,"Prop"
"Q111113938","Ren Takano","髙野 蓮","1996-07-19","Fukuoka Prefecture",NA,NA,175,85,"Winger"
"Q111130693","Ockie Barnard","オッキー・バーナード","2001-04-21","South Africa; KwaZulu-Natal",NA,NA,199,110,"Lock"
"Q111355633","Akira Ozaki","尾﨑 章","1978-04-05","Nagasaki Prefecture",NA,NA,173,110,"Prop"
"Q111363677","Jack Tarrant","ジャック・タラント","1980-02-04","New Zealand",NA,NA,197,108,"Centre"
"Q111366343","Manu Paea","マヌ・パエア","2001-09-17","New Zealand; Auckland",NA,NA,175,85,"Scrum-Half"
"Q111367683","Piei Shinba Mafileo","ピエイ心羽マフィレオ","1986-03-03","Tonga",NA,NA,184,84,"Winger; Fullback"
"Q111539279","Kianu Kereru-Symes","キアヌ・ケレル=サイムス","1999-02-28","New Zealand",NA,NA,180,108,"Hooker"
"Q111550958","Luka Ivanishvili","ルカ・イヴァニシュヴィリ","2001-11-25","Georgia (country)",NA,NA,182,108,"Flanker; Number 8"
"Q111593908","Corey Toole","コーリー・トゥール","2000-03-07","Australia; New South Wales; Forbes",NA,NA,178,85,"Winger; Fullback"
"Q111649062","Brian Tanga","ブライアン・タンガ","1995-09-13","Kenya; Busia",NA,NA,155,70,"Scrum-Half; Winger"
"Q111828928","Q111828928","阿久根 潤","1977-06-05",NA,NA,NA,NA,NA,"Lock"
"Q111901590","Martin Page-Relo","マルティン・パジュ＝レロ","1999-01-06","France; L'Isle-Jourdain; Gers",NA,NA,173,77,"Scrum-Half"
"Q111915772","Michael Curry","マイケル・カーリー","1994-03-02","New Zealand",NA,NA,196,115,"Lock; Flanker"
"Q111993464","Hinckley Vaovasa","ヒンクリー・ヴァオヴァサ","1998-09-24","New Zealand; Wellington",NA,NA,180,87,"Fly-Half"
"Q112237935","John Hutchinson","ジョン・ハッチンソン","1969-04-24","Canada; Ontario; Toronto",NA,NA,NA,NA,"Flanker"
"Q112237980","Rintarō Maruyama","丸山 凜太朗","1999-12-17","Japan; Fukuoka Prefecture",NA,NA,175,84,"Fly-Half; Centre"
"Q112237981","Ryusei Koike","小池 隆成","1999-11-18","Japan; Tokyo",NA,NA,188,107,"Lock; Flanker"
"Q112237982","Q112237982","百地 龍之介","1999-09-03",NA,NA,NA,175,107,"Prop"
"Q112237983","Q112237983","田村 魁世","1999-12-15","Japan; Kanagawa Prefecture",NA,NA,171,75,"Scrum-Half"
"Q112237986","Viliame Tuidraki","ヴィリアメ・ツイドラキ","1997-01-09","Fiji",NA,NA,184,99,"Centre; Fullback"
"Q112238004","Shunsuke Sakamoto","坂本 駿介","1998-03-13","Japan; Aomori Prefecture",NA,NA,180,107,"Prop"
"Q112238006","Cho Seong-yu","趙 誠悠","1999-05-13","Japan; Osaka Prefecture; Osaka",NA,NA,185,102,"Lock; Flanker"
"Q112238007","Tatsuya Kuzumi","葛見 達哉","1997-12-17","Japan; Chiba Prefecture",NA,NA,192,110,"Lock"
"Q112238008","Q112238008","服部 航大","2000-01-16","Japan; Osaka Prefecture",NA,NA,177,96,"Flanker; Number 8"
"Q112238009","Ryuto Fukuyama","福山 竜斗","1999-10-06","Japan; Osaka Prefecture",NA,NA,168,88,"Fly-Half; Centre"
"Q112238010","Ryoto Shibata","柴田 凌光","1999-08-12","Japan; Akita Prefecture",NA,NA,177,80,"Scrum-Half; Winger"
"Q112238115","Q112238115","山本 秀","1999-06-01","Japan; Kyoto Prefecture; Kyoto; Fushimi-ku",NA,NA,190,97,"Lock; Flanker"
"Q112238116","Kō Satō","佐藤 康","1999-05-10","Japan; Niigata Prefecture; Niigata (city)",NA,NA,169,96,"Hooker"
"Q112238238","Noah Tovio","ノア・トビオ","1999-02-05","New Zealand",NA,NA,185,107,"Lock; Flanker; Number 8"
"Q112238239","Sione Vuna","シオネ・ブナ","1998-06-09",NA,NA,NA,192,115,"Lock; Flanker; Number 8"
"Q112238267","Q112238267","相良 昌彦","2001-02-01","Japan; Tokyo",NA,NA,180,98,"Flanker; Number 8"
"Q112238316","Q112238316","松山 千大","2001-01-05","Japan; Osaka Prefecture",NA,NA,172,87,"Winger; Centre"
"Q112238410","Q112238410","山田 響","2001-05-02","Japan; Hyōgo Prefecture; Akashi; Hyōgo",NA,NA,174,78,"Scrum-Half; Fullback"
"Q112238425","Q112238425","横瀬 慎太郎","1998-03-18","Japan; Ibaraki Prefecture; Tsuchiura",NA,NA,170,72,"Winger"
"Q112238509","Q112238509","木村 圭汰","1999-12-12","Japan; Dazaifu",NA,NA,173,112,"Prop; Hooker"
"Q112238510","Q112238510","梶本 聖一郎","1999-09-29","Japan; Fukuoka Prefecture",NA,NA,171,84,"Fly-Half; Centre"
"Q112238511","Q112238511","宮本 郁大","1999-06-30","Japan; Kumamoto Prefecture",NA,NA,187,95,"Centre"
"Q112238512","Q112238512","森屋 颯太","1999-06-30","Japan; Kanagawa Prefecture",NA,NA,171,103,"Hooker"
"Q112238662","Q112238662","後藤 彰友","1984-10-14","Aichi Prefecture",NA,NA,185,98,"Lock"
"Q112238852","Q112238852","澤口 高正","1973-10-24","Japan; Ibaraki Prefecture",NA,NA,NA,NA,"Lock"
"Q112238854","Masahiro Shichinohe","七戸 昌宏","1977-03-02","Japan; Iwate Prefecture",NA,NA,NA,NA,"Hooker"
"Q112238855","Kazunaka Motoyoshi","元吉 和中","1974-01-06","Japan; Chiba Prefecture",NA,NA,NA,NA,"Prop"
"Q112238863","Q112238863","高柳 健一","1976-10-17","Japan; Osaka Prefecture",NA,NA,NA,NA,"Prop"
"Q112238865","Q112238865","加藤 昭仁","1976-09-18","Japan; Akita Prefecture",NA,NA,179,NA,"Hooker"
"Q112238875","Shin'ichi Tsukida","月田 伸一","1975-07-14","Japan; Fukuoka Prefecture",NA,NA,NA,NA,"Scrum-Half"
"Q112238901","Q112238901","山賀 敦之","1974-10-30","Japan; Saitama Prefecture",NA,NA,172,104,"Prop"
"Q112238919","Toshikazu Fumihara","文原 俊和","1975-02-17","Japan; Osaka Prefecture",NA,NA,NA,NA,"Prop"
"Q112238927","Q112238927","安田 昇","1974-03-10","Japan; Osaka Prefecture; Higashiōsaka",NA,NA,NA,NA,"Hooker"
"Q112238928","Q112238928","鷲谷 正直","1976-10-21","Japan; Nara Prefecture",NA,NA,NA,NA,"Flanker; Number 8"
"Q112238933","Q112238933","立川 政則","1972-10-20","Japan; Kyoto Prefecture",NA,NA,NA,NA,"Flanker; Number 8"
"Q112238934","Kōsuke Fujii","藤井 航介","1980-08-09","Japan; Ōita Prefecture",NA,NA,NA,NA,"Lock"
"Q112238961","Hiroshi Sugawara","菅原 大志","1976-02-05","Japan; Akita Prefecture",NA,NA,NA,NA,"Flanker; Number 8"
"Q112239166","Soopyung Lee","李　修平","1989-08-09","Japan; Osaka Prefecture",NA,NA,180,86,"Winger; Centre"
"Q112239282","Q112239282","織田 己知範","1973-05-26","Japan; Osaka Prefecture",NA,NA,NA,NA,"Winger"
"Q112239389","Q112239389","八角 浩司","1957-07-14","Japan; Tokyo",NA,NA,NA,NA,"Prop"
"Q112239390","Q112239390","木村 敏隆","1963-06-25","Japan; Hiroshima Prefecture",NA,NA,NA,NA,"Prop"
"Q112239391","Q112239391","相沢 雅晴","1958-05-12","Japan; Tokyo",NA,NA,NA,NA,"Lock"
"Q112239461","Opeti Faeamani","ファエアマニ オペティ","1989-02-08","Tonga",NA,NA,183,108,"Fly-Half; Centre"
"Q112239484","Q112239484","小野 真司",NA,NA,NA,NA,NA,NA,"Number 8"
"Q112239507","Q112239507","尾関 弘樹","1969-10-18","Japan; Gifu Prefecture; Kakamigahara",NA,NA,NA,NA,"Winger"
"Q112239548","Q112239548","野中 翔平","1995-11-17","Japan; Osaka Prefecture",NA,NA,183,100,"Flanker; Number 8"
"Q112239551","Q112239551","森山 皓太","1993-11-29","Japan; Kyoto Prefecture",NA,NA,186,110,"Flanker; Number 8"
"Q112239594","Lata Tangimana","ラタ・タンギマナ","1998-01-23","Tonga",NA,NA,183,118,"Prop"
"Q112239614","Keitarō Hitora","人羅 奎太郎","1998-12-11","Japan; Hyōgo Prefecture",NA,NA,164,70,"Scrum-Half"
"Q112239622","Ika Motulalo Taku","イカ・モツラロ・タカウ","1995-01-09","Tonga",NA,NA,189,113,"Lock"
"Q112299904","Lucas Lacamp","ルーカス・ラカンプ","2001-06-04","Hong Kong",NA,NA,182,86,"Centre; Fullback"
"Q112342047","Quewin Nortje","ケウィン・ノーチェ","2003-01-14","South Africa",NA,NA,182,83,"Winger"
"Q112600299","Valynce Te Whare","ヴァレンス・テファレ","2000-09-15","New Zealand; Waikato",NA,NA,182,112,"Centre; Winger"
"Q112623871","Willie Potgieter","ヴィリー・ポトヒエッター","2002-01-05","South Africa",NA,NA,190,105,"Lock; Flanker; Number 8"
"Q112667540","Lado Chachanidze","ラド・チャチャニドゼ","2000-05-14","Georgia (country)",NA,NA,200,122,"Lock"
"Q112797279","Henry Arundell","ヘンリー・アランデル","2002-11-08","England; Akrotiri and Dhekelia",NA,NA,183,98,"Winger; Fullback"
"Q112845261","Rodrigo Marta","ロドリゴ・マルタ","1999-11-18","Portugal",NA,NA,185,90,"Winger; Centre"
"Q113075273","Rob Irimescu","ロバート・イリメスク","1996-03-01","United States; New York City",NA,NA,186,105,"Hooker"
"Q113100897","Sam Jeffries","サム・ジェフリーズ","1993-04-01","England; Chelmsford",NA,NA,198,118,"Lock; Flanker"
"Q113126201","Matías Garafulic","マティアス・ガラフリック","2000-09-01","Chile; Santiago",NA,NA,183,90,"Winger; Centre"
"Q113241459","Santiago Videla","サンティアゴ・ビデラ","1998-01-16","Chile; Santiago",NA,NA,175,75,"Fly-Half; Winger"
"Q113274720","Siope Tavo","シオペ・タヴォ","1997-06-19","Tonga",NA,NA,189,100,"Centre"
"Q113376963","Christie Grobbelaar","クリスティ・グロベラー","2000-05-25","South Africa",NA,NA,192,95,"Centre"
"Q113439011","Elia Canakaivata","エリア・カナカイヴァタ","1996-07-12","Fiji; Navnisor",NA,NA,185,104,"Flanker"
"Q113454510","Caleb Tangitau","ケイレブ・タンギタウ","2003-03-19","New Zealand; North Shore",NA,NA,188,90,"Winger"
"Q113454832","Brady Rush","ブラディ・ラッシュ","1999-04-24","New Zealand; Auckland",NA,NA,188,98,"Winger"
"Q113468964","Kaminieli Rasaku","カミニエリ・ラサク","1999-07-12","Fiji; Navnisor",NA,NA,177,92,"Fullback"
"Q113504697","Raimundo Martínez","ライムンド・マルティネス","1999-11-25","Chile; Santiago",NA,NA,180,103,"Flanker; Number 8"
"Q113540739","Shaun Williams","ショーン・ウィリアムス","1998-04-13","South Africa; North West (South African province); Rustenburg",NA,NA,174,78,"Scrum-Half"
"Q113561531","Moses Leo","モーセ・レオ","1997-08-11","New Zealand; Takapuna",NA,NA,185,90,"Centre"
"Q113565796","Mototsugu Hachiya","蜂谷 元紹","1998-04-07","Japan; Aichi Prefecture",NA,NA,180,115,"Prop"
"Q113565987","Q113565987","濱副 慧悟","1994-04-27","Japan; Tokyo",NA,NA,173,85,"Winger"
"Q113566914","Larzlo Sword","ラズロー・ソード","2003-05-06","Australia; Queensland; Brisbane",NA,NA,193,109,"Winger; Centre"
"Q113567110","Josh Fenner","ジョシュ・フェナー","1999-01-09","Australia",NA,NA,196,118,"Flanker"
"Q113567112","Tom Jeffries","トム・ジェフリーズ","1999-03-15","Australia",NA,NA,202,114,"Lock"
"Q113567114","Michael Zakhia","マイケル・ザキア","1999-06-09","Australia",NA,NA,182,90,"Fly-Half; Winger; Centre; Fullback"
"Q113567193","Hiroyuki Tsudaka","津高 宏行","1983-10-18","Hyōgo Prefecture",NA,NA,171,80,"Fullback"
"Q113567445","AJ Wolf","AJ・ウルフ","2001-09-03","New Zealand",NA,NA,197,120,"Flanker; Number 8"
"Q113567622","Taufa Latu","タウファ・ラトゥ","1998-04-05","Tonga",NA,NA,183,120,"Prop; Centre"
"Q113754245","Theo Dan","セオ・ダン","2000-12-26","England; London",NA,NA,179,105,"Hooker"
"Q113788955","Ollie Stonham","オリー・ストーンハム","2001-02-16","England",NA,NA,193,106,"Flanker; Number 8"
"Q114152171","Sean Cribbin","ショーン・クリッピン","1998-08-20","Republic of Ireland; County Dublin; Dublin",NA,NA,178,80,"Fullback"
"Q114279525","Reda Wardi","レダ・ワルディ","1995-08-02","France; Montpellier",NA,NA,185,110,"Prop"
"Q114949256","Émilien Gailleton","エミリアン・ガイエトン",NA,NA,NA,NA,NA,NA,"Centre; Winger"
"Q115144951","Ben Dowling","ベン・ダウリング","2002-03-05","Australia; New South Wales; Sydney",NA,NA,184,84,"Winger; Fullback"
"Q115472859","Miracle Fai’ilagi","ミラクル・ファイランギ","1999-08-31","Samoa; Apia",NA,NA,195,103,"Lock; Flanker"
"Q115472870","Martín Bogado","マルティン・ボガド","1999-04-29","Argentina; Misiones Province; Posadas; Misiones",NA,NA,192,98,"Winger; Fullback"
"Q115529159","Tony Hunt","トニー・ハント","1998-02-09","Australia",NA,NA,190,108,"Winger; Centre"
"Q115529195","Q115529195","椎村政彦","1978-02-27","Kyoto Prefecture",NA,NA,182,84,"Centre"
"Q115529248","Jone Turaganivalu Nabetelevu","ジョネ・ナベテレヴ","1999-02-22","Fiji; Auckland",NA,NA,185,95,"Winger; Centre"
"Q115529251","Dick Wilson","ディック・ウィルソン","1996-09-02","New Zealand; Auckland",NA,NA,180,96,"Centre"
"Q115529456","Joseva Talacolo","ジョセファ・タラコロ","1997-04-01","Fiji",NA,NA,170,70,""
"Q115529457","Filipo Bukayaro","フィリポ・ブカヤロ","1999-03-18","Fiji",NA,NA,172,72,"Scrum-Half"
"Q115529527","Chay Mullins","チャイ・マリンズ","2002-01-23","England; Bristol",NA,NA,193,94,"Fullback"
"Q115529530","Matt McDonald","マット・マクドナルド","1998-03-04","England; County Dublin; Dublin",NA,NA,182,94,"Winger"
"Q115529577","Ieremia Mataena","イエレミア・マタエナ","1995-09-03","New Zealand",NA,NA,180,114,"Hooker"
"Q115529580","Joshua Nohra","ジョシュア・ノーラ","1996-06-11","Australia",NA,NA,182,85,"Winger; Fullback"
"Q115529582","Vincent Sefo","ヴィンセント・セフォ","2003-06-06","Australia",NA,NA,187,102,"Centre"
"Q115529590","Kōta Mitake","三竹 康太","1996-04-28","Japan; Osaka Prefecture",NA,NA,175,110,"Prop"
"Q115529595","Keiichi Kaneko","金子 惠一","1996-04-28","Japan; Fukuoka Prefecture",NA,NA,177,100,"Hooker; Flanker"
"Q115529597","Q115529597","菅原 貴人","1996-09-22","Japan; Nara Prefecture",NA,NA,185,105,"Lock; Flanker"
"Q115529600","Keita Sahara","佐原 慧大","1995-08-19","Japan; Kyoto Prefecture",NA,NA,167,72,"Scrum-Half"
"Q115529606","Viliami Vuli","ヴィリアミ・ヴリ","1995-10-30","Fiji",NA,NA,200,120,"Lock"
"Q115529607","Yuchol Mun","文 裕徹","1999-02-09","Japan; Osaka Prefecture",NA,NA,180,114,"Prop"
"Q115529617","Q115529617","松田 一真","1998-08-22","Japan; Osaka Prefecture",NA,NA,172,98,"Hooker"
"Q115529620","Tomoya Nakamura","中村 友哉","1998-06-25","Japan; Kyoto Prefecture",NA,NA,162,68,"Scrum-Half"
"Q115529622","Q115529622","木村 朋也","1998-04-04","Japan; Kyoto Prefecture",NA,NA,174,77,"Winger"
"Q115529624","Q115529624","岡村 晃司","1998-06-12","Japan; Nara Prefecture",NA,NA,171,85,"Centre"
"Q115529627","Naoki Maruyama","丸山 尚城","1996-03-10","Japan; Ibaraki Prefecture",NA,NA,178,98,"Flanker"
"Q115529636","Q115529636","吉本 匠","1997-11-16","Japan; Osaka Prefecture",NA,NA,171,83,"Fly-Half"
"Q115529637","Q115529637","小野木 晃英","1997-07-31","Japan; Osaka Prefecture",NA,NA,170,83,"Centre"
"Q115529640","Q115529640","片岡 涼亮","1997-10-22","Japan; Osaka Prefecture",NA,NA,171,83,"Winger; Centre"
"Q115529645","Kotarō Takahashi","高橋 虎太郎","2000-02-23","Japan; Osaka Prefecture",NA,NA,177,110,"Prop"
"Q115529647","Reiya Ueyama","上山 黎哉","1999-09-28","Japan; Osaka Prefecture",NA,NA,175,96,"Flanker"
"Q115529656","Q115529656","宮下 大輝","1999-08-10","Japan; Hyōgo Prefecture",NA,NA,181,98,"Flanker"
"Q115529658","Q115529658","河村 謙尚","1999-10-14","Japan; Aichi Prefecture; Nagoya",NA,NA,171,77,"Scrum-Half"
"Q115529659","Q115529659","林 隆広","2000-02-03","Japan; Osaka Prefecture",NA,NA,175,85,"Winger"
"Q115529664","Shinki Ushikubo","牛窪 心希","1997-01-21","Japan; Osaka Prefecture",NA,NA,177,112,"Prop"
"Q115529666","Q115529666","松岡 勇","1984-05-01","Japan; Hyōgo Prefecture",NA,NA,190,107,"Lock"
"Q115529674","Q115529674","和田 悠一郎","1999-08-30",NA,NA,NA,178,78,"Winger"
"Q115529744","Q115529744","斎藤 怜央","1988-02-19","Shizuoka Prefecture",NA,NA,178,86,"Forward; Flanker; Number 8"
"Q115529815","Q115529815","土一 海人","1999-07-02","Japan; Tokyo",NA,NA,175,105,"Hooker"
"Q115529817","Yūto Tokuda","徳田 悠人","1999-04-27","Japan; Tokyo",NA,NA,176,107,"Prop"
"Q115529818","Shun Nakashika","中鹿 駿","1998-10-08","Japan; Kyoto Prefecture",NA,NA,181,105,"Lock"
"Q115529959","Wataru Furuya","古谷 亘","1995-12-30",NA,NA,NA,168,95,"Prop"
"Q115530037","Q115530037","栗原 優","1998-06-27","Japan; Gunma Prefecture; Kiryū; Gunma",NA,NA,177,81,""
"Q115530101","Q115530101","杉野 太陽","2002-07-16","Japan; Okayama Prefecture; Kurashiki",NA,NA,178,83,"Winger"
"Q115530103","Tumanawa Tawhai","トゥマナワ・タファイ","1994-10-15","New Zealand",NA,NA,180,86,"Winger"
"Q115593528","Connor Anderson","コナー・アンダーソン","1996-05-13","Australia",NA,NA,191,103,"Number 8; Flanker"
"Q115667410","Shilton van Wyk","シルトン・ファンビック","1999-12-22","South Africa",NA,NA,175,74,"Winger"
"Q115672384","Bautista Basso","バウティスタ・バッソ","2001-01-18","Uruguay",NA,NA,180,85,"Winger"
"Q116029204","Pedro Lucas","ペドロ・ルーカス","2000-10-16","Portugal",NA,NA,177,75,"Scrum-Half"
"Q116147125","Kō Yoshimura","吉村 紘","2000-10-07","Japan; Fukuoka Prefecture; Kitakyushu",NA,NA,175,84,"Fly-Half"
"Q116160307","Ōgi Yanamoto","梁本 旺義","2000-09-18","Japan; Osaka Prefecture",NA,NA,180,95,"Flanker; Number 8"
"Q116168123","David Van Zealand","デーヴィッド・ヴァンジーランド","2000-02-11","Australia",NA,NA,196,116,"Lock"
"Q116197457","Kanzo Schinckel","シンクル 寛造","1999-08-20","Japan; Hokkaido",NA,NA,187,125,"Prop"
"Q116305126","Théo Attissogbé","テオ・アティソグベ","2004-11-19","France; Périgueux",NA,NA,181,NA,"Winger; Fullback"
"Q116690125","Martín Sigren","マルティン・シグレン","1996-05-14","Chile; Santiago",NA,NA,189,103,"Flanker; Number 8"
"Q116741701","Luka Matkava","ルカ・マトカヴァ","2001-05-10","Georgia (country); Tbilisi",NA,NA,178,85,"Scrum-Half; Fly-Half"
"Q116864802","Lewis Chessum","ルイス・チェッサム","2003-02-27","England; Lincolnshire",NA,NA,206,120,"Lock"
"Q116870485","Simão Bento","シモン・ベント","2001-06-21","Portugal",NA,NA,178,74,"Fullback"
"Q116936125","Ryuta Sagara","相良 隆太","1998-12-26","Japan; Kanagawa Prefecture",NA,NA,170,96,"Hooker"
"Q116936151","Tōru Kanazawa","金澤 徹","1995-12-26","Japan; Tokyo; Setagaya",NA,NA,178,80,"Winger"
"Q116936543","Yūsuke Maruo","丸尾 祐資","2000-10-25","Japan; Hyōgo Prefecture",NA,NA,170,75,"Scrum-Half"
"Q116936551","Q116936551","松下 怜央","2001-01-31","Japan; Kanagawa Prefecture; Yokohama",NA,NA,183,93,"Winger; Centre"
"Q116936553","Kanji Futamura","二村 莞司","2001-01-14","Japan; Kyoto Prefecture; Nagaokakyō; Kyoto",NA,NA,180,87,"Centre; Fullback"
"Q116936554","Tōi Kai","甲斐 登生","2000-12-08",NA,NA,NA,184,115,"Prop"
"Q116936564","Q116936564","小西 泰聖","2000-09-01","Japan",NA,NA,166,72,"Scrum-Half"
"Q116936584","Q116936584","武内 慎","2000-08-07","Japan; Osaka Prefecture; Osaka; Abeno-ku",NA,NA,191,110,"Lock"
"Q116936586","Hidetomo Nabeshima","鍋島 秀源","2000-12-29","Japan; Fukuoka Prefecture",NA,NA,176,115,"Prop"
"Q116936588","Yushi Inoue","井上 優士","2000-07-21","Japan; Fukuoka Prefecture",NA,NA,182,105,"Prop"
"Q116936589","Ryo Iwakami","岩上 龍","2000-09-29","Japan; Tokyo",NA,NA,182,105,"Prop"
"Q116936590","Q116936590","福井 翔","2000-05-06","Japan",NA,NA,172,98,"Hooker"
"Q116936591","Shū Umemura","梅村 柊羽","2001-03-02","Japan",NA,NA,183,100,"Flanker; Number 8"
"Q116936593","Haruki Kanazawa","金澤 春樹","2000-11-07","Japan; Chiba Prefecture",NA,NA,178,95,"Winger; Centre"
"Q116936609","Kosei Nakamura","中村 公星","2001-01-25","Japan; Tokyo",NA,NA,183,112,"Prop"
"Q116936621","Q116936621","山村 勝悟","2001-03-24","Japan; Osaka Prefecture; Higashiōsaka",NA,NA,178,100,"Number 8"
"Q116936627","Ichigo Nakakusu","中楠 一期","2000-06-01","Japan; Kanagawa Prefecture; Yokohama",NA,NA,174,84,"Fly-Half"
"Q116936628","Takumi Aoki","青木 拓己","2000-04-07","Japan; Nara Prefecture",NA,NA,185,94,"Centre"
"Q116936632","Kakeru Umemoto","梅基 天翔","2000-01-05","Japan; Toyama Prefecture",NA,NA,171,96,"Hooker"
"Q116936633","Q116936633","中森 隆太","2000-07-16","Japan; Fukuoka Prefecture",NA,NA,174,75,"Scrum-Half"
"Q116936636","Satoshi Koizumi","小泉 怜史","2000-06-22","Japan; Kanagawa Prefecture",NA,NA,178,87,"Fullback"
"Q116936637","DJ Kashima","加島 DJ","2001-03-11","Japan; Kanagawa Prefecture",NA,NA,175,87,"Winger"
"Q116936641","Hayato Fukunishi","福西 隼杜","2000-05-17","Japan; Hyōgo Prefecture",NA,NA,178,100,"Prop; Flanker"
"Q116936642","Sōma Sugimoto","杉本 崇馬","2000-10-02","Japan; Tokyo",NA,NA,180,86,"Winger; Fullback"
"Q116936643","Maki Shimizu","清水 麻貴","2001-02-02","Japan; Gunma Prefecture",NA,NA,170,75,"Scrum-Half"
"Q116936650","Syota Takai","髙井 翔太","2000-05-24","Japan",NA,NA,171,105,"Prop"
"Q116936651","Kaito Isono","五十野 海大","2001-03-13","Japan",NA,NA,182,107,"Lock"
"Q116936653","Ryūma Kohara","小原 充誠","2000-10-20","Japan",NA,NA,188,107,"Lock"
"Q116936658","Fumiya Tobashi","土橋 郁矢","2001-02-13","Japan",NA,NA,181,85,"Fly-Half"
"Q116936659","Takuma Yasui","安井 拓馬","2000-10-26","Japan",NA,NA,177,80,"Winger"
"Q116936660","Ryūto Yagisawa","八木澤 龍翔","2000-11-12","Japan; Tochigi Prefecture",NA,NA,188,110,"Lock"
"Q116936662","Lamin Dieng Saito","齋藤 良明慈縁","2000-07-26","Japan; Tokyo",NA,NA,186,101,"Lock; Flanker"
"Q116936663","Shunsuke Itō","伊藤 峻祐","2000-05-02","Japan; Kanagawa Prefecture; Chigasaki; Kanagawa",NA,NA,178,87,"Centre"
"Q116936671","Eito Maki","槇 瑛人","2000-10-18","Japan; Okayama Prefecture",NA,NA,176,88,"Winger"
"Q116936672","Kenta Iemura","家村 健太","2001-02-08","Japan; Chiba Prefecture",NA,NA,176,93,"Fly-Half; Centre"
"Q116936690","Keita Ichikawa","市川 敬太","1998-10-10","Japan; Osaka Prefecture; Higashiōsaka",NA,NA,173,83,"Centre"
"Q116936707","Shinsaku Takada","高田 晋作","1978-01-27","Japan; Tokyo",NA,NA,NA,NA,"Lock"
"Q116936735","Norihiro Asō","麻生 典宏","2000-01-26","Japan; Tokyo; Machida",NA,NA,174,108,"Prop"
"Q116936736","Kazuma Ueda","植田 和磨","2002-12-04","Japan; Hyōgo Prefecture",NA,NA,177,87,"Winger"
"Q116936738","Ren Ōuchi","大内 錬","1999-01-22","Japan",NA,NA,182,85,"Fullback"
"Q116936739","Yūto Nakamura","中村 悠人","1998-03-02","Japan; Fukuoka Prefecture",NA,NA,177,85,"Fly-Half; Centre; Winger; Fullback"
"Q116936777","Kōki Hida","肥田 晃季","2000-09-17","Japan; Aichi Prefecture",NA,NA,151,43,"Hooker"
"Q116936779","Kei Tōma","當眞 慶","2000-08-07","Japan; Okinawa Prefecture",NA,NA,178,100,"Flanker; Winger"
"Q116936780","Yūto Yohena","饒平名 悠斗","2000-09-23","Japan; Okinawa Prefecture; Okinawa (city)",NA,NA,178,85,"Fly-Half; Centre"
"Q116936783","Taiga Yamaguchi","山口 泰雅","2000-10-27","Japan",NA,NA,169,106,"Prop"
"Q116936784","Towa Taniguchi","谷口 永遠","2001-02-22","Japan; Osaka Prefecture",NA,NA,173,102,"Hooker"
"Q116936785","Shōei Ijima","井島 彰英","2000-10-29","Japan; Kumamoto Prefecture",NA,NA,180,95,"Flanker; Number 8"
"Q116936786","Kōtarō Hatada","畑田 康太朗","2000-01-06","Japan; Fukuoka Prefecture",NA,NA,167,69,"Scrum-Half"
"Q116936787","Keita Doi","土肥 恵太","2000-06-05","Japan; Akita Prefecture",NA,NA,177,85,"Fly-Half; Centre"
"Q116936788","Ryūji Hirose","広瀬 龍二","2000-04-09","Japan",NA,NA,171,86,"Centre"
"Q116936789","Yūto Mizuma","水間 夢翔","2000-11-27","Japan; Ōita Prefecture; Ōita (city)",NA,NA,169,96,"Winger"
"Q116936870","Sōshi Ōga","大賀 宗志","2001-01-14","Japan; Hyōgo Prefecture",NA,NA,179,112,"Prop"
"Q116936871","Mikiya Takamoto","髙本 幹也","2001-03-15","Japan; Osaka Prefecture; Yao; Osaka",NA,NA,171,80,"Fly-Half"
"Q116936872","Saimoni Vunilagi","サイモニ・ヴニランギ","2000-06-13","Fiji",NA,NA,197,120,"Lock; Number 8"
"Q116936885","Ryū Fukuhara","普久原 琉","2000-11-03","Japan; Okinawa Prefecture; Okinawa (city)",NA,NA,178,85,"Fullback"
"Q116937052","Daisuke Itō","伊藤 大祐","2001-07-15","Japan; Fukuoka Prefecture; Kurume",NA,NA,179,89,"Fly-Half"
"Q116937085","Takaya Saitō","齊藤 誉哉","2001-01-02","Japan; Gunma Prefecture",NA,NA,181,93,"Fly-Half; Centre"
"Q116937086","Takumi Yoshizawa","吉沢 拓海","2000-09-05","Japan; Saitama Prefecture",NA,NA,194,101,"Lock"
"Q116937088","Yūsaku Kihara","木原 優作","2000-12-11","Japan; Fukuoka Prefecture",NA,NA,176,106,"Prop"
"Q116937121","Issa Yamakawa","山川 一瑳","2000-07-05","Japan; Kyoto Prefecture",NA,NA,190,103,"Lock"
"Q116937122","Kōta Ōyabu","大籔 洸太","2001-03-05","Japan; Aichi Prefecture; Toyota; Aichi",NA,NA,181,90,"Winger; Fullback"
"Q116937123","Kippei Taninaka","谷中 樹平","2000-06-04","Japan",NA,NA,177,80,"Scrum-Half; Fullback"
"Q116937125","Isaiah Mapusua","アイザイア・マプスア","2000-12-21","New Zealand",NA,NA,191,112,"Lock; Flanker"
"Q116937255","Sōji Iwamoto","岩本 総司","2003-07-24","Japan",NA,NA,178,83,"Centre"
"Q116937314","Yūta Sugiyama","杉山 祐太","1998-10-04","Japan; Tokyo",NA,NA,185,92,"Winger; Fullback"
"Q116937315","Kōta Nakamura","中村 匡汰","1998-02-21",NA,NA,NA,188,107,"Lock"
"Q116937385","Ken'ichi Matsubara","松原健一","1907-11-25",NA,NA,NA,165,NA,"Scrum-Half"
"Q116949286","Max Jorgensen","マックス・ヨルゲンセン","2004-09-02","Australia; Sydney",NA,NA,183,88,"Winger; Fullback"
"Q116983813","Blake Schoupp","ブレイク・ショップ","1998-03-28","Australia; New South Wales; Wollongong",NA,NA,180,117,"Prop; Hooker"
"Q117212967","Tom Lynagh","トム・ライナー","2003-04-14","Italy; Veneto; Montebelluna",NA,NA,178,83,"Fly-Half"
"Q117222999","Semisi Paea","セミシ・パエア","1999-04-17","Tonga; Tongatapu",NA,NA,194,114,"Lock; Flanker"
"Q117350370","Ignacio Ruiz","イグナシオ・ルイス","2001-01-03","Argentina; Buenos Aires",NA,NA,188,104,"Hooker"
"Q118575003","Matías Dittus","マティアス・ディタス","1993-07-16","Chile",NA,NA,182,118,"Prop"
"Q118696276","Q118696276","渡辺哲也","1979-04-13",NA,NA,NA,178,NA,"Centre"
"Q118696310","Q118696310","三島 琳久","2000-09-02","Japan; Hyōgo Prefecture; Takarazuka; Hyōgo",NA,NA,175,91,"Winger; Centre"
"Q118696311","Viliami Lutua Ahofono","ヴィリアミ・ルトゥア・アホフォノ","2000-10-08","Tonga",NA,NA,186,112,"Prop; Flanker"
"Q118696344","Q118696344","葛西 拓斗","2000-04-09","Japan; Tokyo",NA,NA,184,112,"Prop"
"Q118696345","Q118696345","林 琉輝","2000-09-29","Japan; Kanagawa Prefecture; Yokohama",NA,NA,171,98,"Hooker"
"Q118696346","Iosefatu Mareko","イオセファツ・マレコ","1998-04-30","Samoa",NA,NA,189,110,"Lock; Flanker"
"Q118696348","Asaeli Lausii","アサエリ・ラウシー","2000-01-26","Tonga",NA,NA,190,111,"Lock; Prop"
"Q118696349","Sebasstian Sialau","セバスチャン・シアラウ","2003-12-20","Samoa",NA,NA,180,88,"Fly-Half; Centre"
"Q118696384","Q118696384","廣瀬 雄也","2001-04-07","Japan; Fukuoka Prefecture; Munakata; Fukuoka",NA,NA,181,92,"Centre"
"Q118696444","Chris O'Neil","クリス・オニール",NA,NA,NA,NA,NA,NA,"Scrum-Half"
"Q118696498","Hayate Era","江良 颯","2001-09-18","Japan; Osaka Prefecture; Higashiōsaka",NA,NA,170,106,"Prop; Hooker"
"Q118696562","Nathanael Tupou","ナサニエル・トゥポウ","2000-05-04","Fiji",NA,NA,183,103,"Winger; Centre"
"Q118696563","Mitieli Tuinakauvadra","ミティエリ・ツイナカウヴァドラ","1999-01-20","Australia",NA,NA,179,108,"Number 8; Winger"
"Q118696571","Thomas Lithaud","トーマ・リトー","2001-01-18","France",NA,NA,180,112,"Prop"
"Q118696844","Joseph Domoni","ジョセフ・ドモニ","2003-10-04","New Zealand",NA,NA,196,118,"Lock"
"Q118722442","Kanta Tsuda","津田 貫汰","2000-10-17","Kanagawa Prefecture; Fujisawa; Kanagawa",NA,NA,181,81,"Fly-Half"
"Q118847789","Lalomilo Lalomilo","ラロミロ・ラロミロ","1999-02-12","New Zealand",NA,NA,173,99,"Winger; Centre; Fullback"
"Q119345166","Yūto Usuda","臼田 湧人","1999-06-12","Japan; Tokyo",NA,NA,183,96,"Lock"
"Q119345198","Kōichi Endō","遠藤 孝一","1999-01-02","Japan; Tochigi Prefecture; Tochigi (city)",NA,NA,182,110,"Prop"
"Q119654583","Chandler Cunningham-South","チャンドラー・カニンガムサウス","2003-03-18","England",NA,NA,193,120,"Flanker; Number 8"
"Q119922067","Yūsuke Yoshida","吉田 有佑","1998-05-27","Aichi Prefecture",NA,NA,184,106,"Lock; Flanker; Number 8"
"Q120041799","Zac Ward","ザック・ウォード","1998-12-11","Republic of Ireland; County Offaly; Ballynahinch",NA,NA,170,70,"Winger; Centre"
"Q121354645","Antonio Mikaele-Tu'u's","アントニオ・ミカエリトゥー","1997-11-06","New Zealand; Wellington",NA,NA,185,101,"Winger; Centre"
"Q121354887","Eparama Tuvunivono","エパラマ・トゥヴニヴォノ","2000-02-13","Fiji",NA,NA,185,110,"Prop"
"Q121354888","Viliami Lea","ヴィリアミ・レア","2000-09-30","New Zealand",NA,NA,180,100,"Winger; Centre"
"Q121354928","Brendan Venter","ブレンダン・ベンター","2004-04-28","South Africa",NA,NA,181,92,"Centre"
"Q121354931","Xavier Stowers","ゼイビア・スタワーズ","2003-07-28","Australia; Queensland; Proserpine",NA,NA,196,114,"Flanker; Number 8"
"Q121354944","Kanta Ogawa","小川 寛大","1998-11-29","Japan",NA,NA,178,112,"Prop"
"Q121354956","Jack Wright","ジャック・ライト","1999-08-07","Australia",NA,NA,202,115,"Lock"
"Q121354993","Isileli Manu","イシレリ・ マヌ","1999-07-20","New Zealand",NA,NA,191,120,"Flanker; Number 8"
"Q121355044","Fritz Tavana","フリッツ・ヤンケ＝タヴァナ","2003-08-06","Australia",NA,NA,200,116,"Lock; Flanker"
"Q121355093","Karl Keane","カール・キーン","2001-03-30","Republic of Ireland",NA,NA,182,82,"Scrum-Half"
"Q121355094","Lulu Paea","ルル・パエア","2003-06-03","Australia",NA,NA,171,105,"Hooker"
"Q121355096","Makoto Iwabuchi","岩渕 誠","2000-04-20","Japan",NA,NA,182,90,"Winger; Centre"
"Q121355097","Otoya Kihara","木原 音弥","2000-02-27","Japan; Fukuoka Prefecture",NA,NA,184,99,"Flanker; Number 8"
"Q121355210","Connor Wihongi","コナー・ウィホンギ","1997-08-20","New Zealand",NA,NA,200,120,"Lock"
"Q121355305","Sora Ōuchi","大内 空","1997-02-16","Japan; Saitama Prefecture",NA,NA,177,87,"Winger; Centre"
"Q121355306","Yūtarō Danno","檀野 友多郎","1998-08-04","Japan",NA,NA,180,108,"Prop"
"Q121367560","Pedro Rubiolo","ペドロ・ルビオロ","2002-12-21","Argentina; Santa Fe",NA,NA,191,114,"Lock; Flanker"
"Q121601009","Jason Tomane","ジャソン・トマネ","1995-03-04","Australia; Queensland; Brisbane",NA,NA,187,107,"Winger; Centre"
"Q121603356","Alin Conache","アリン・コナケ","2002-05-07","Romania; Suceava",NA,NA,170,72,"Scrum-Half"
"Q121653186","Jun Nagayama","永山 淳","2001-05-10","Japan; Hyōgo Prefecture; Kobe",NA,NA,188,94,"Fly-Half; Centre"
"Q121702671","Ștefan Iancu","シュテファン・ヤンク","1998-07-01","Romania",NA,NA,204,130,"Lock"
"Q122052212","Nicolas Martins","ニコラス・マルティンス","1999-01-18","France; Toulouse",NA,NA,196,100,"Flanker"
"Q122225962","Carlos Deus","カルロス・デウス","2001-07-05","Uruguay; Montevideo",NA,NA,189,90,"Flanker"
"Q122295055","Steevy Cerqueira","スティービー・セルケイラ","1993-08-09","France; Essonne; Brétigny-sur-Orge",NA,NA,206,104,"Lock; Flanker; Number 8"
"Q122339733","Taliaʻuli Sikuea","タリアウリ・シクエア","1995-07-14","Tonga",NA,NA,189,98,"Winger; Centre"
"Q122407376","Gerswin Mouton","ガースウィン・ムートン","1999-12-16","Namibia; Hardap Region; Rehoboth",NA,NA,170,80,"Winger; Centre"
"Q122614733","Diego Escobar","ディエゴ・エスコバル","2000-04-17","Chile; Las Condes",NA,NA,176,97,"Hooker"
"Q122704801","Lucas Bianchi","ルーカス・ビアンチ","2001-03-26","Uruguay",NA,NA,190,107,"Flanker"
"Q122753994","Irakli Aptsiauri","イラクリ・アプツィアウリ","2003-02-23","Georgia (country)",NA,NA,185,122,"Prop"
"Q122931317","Patrick Pellegrini","パトリック・ペレグリーニ","1998-09-28","Australia; New South Wales; Sydney",NA,NA,170,80,"Fly-Half"
"Q122932207","Waisake Raratubua","ワイサケ・ララトゥブア","1998-03-17","Fiji",NA,NA,193,118,"Lock"
"Q123156310","Nicolás Garafulic","ニコラス・ガラフリック","2000-07-09","Chile; Santiago",NA,NA,191,100,"Winger"
"Q123235748","Merwe Olivier","メルヴェ・オリヴィエ","2002-10-09","South Africa",NA,NA,194,108,"Lock; Flanker"
"Q123282180","Hunter Lim","ハンター・リム","2003-07-14","Australia",NA,NA,191,95,"Winger; Centre"
"Q123405280","Tali Ioasa","タリ・イオアサ","2005-01-25","New Zealand",NA,NA,192,101,"Centre"
"Q123405660","Daiki Nakagawa","中川 大毅","1994-11-07","Japan",NA,NA,174,103,"Prop; Hooker"
"Q123405745","Lekima Nasamira","レキマ・ナサミラ","1998-12-27","Fiji; Lautoka",NA,NA,190,125,"Lock; Flanker; Number 8"
"Q123479394","Feinga Fakai","フェインガ・ファカイ","1997-07-06","Tonga",NA,NA,180,114,"Prop"
"Q123483008","Wallace Sititi","ウォレス・シティティ","2002-09-07","Samoa; Apia",NA,NA,187,113,"Flanker; Number 8"
"Q123483011","Kauvaka Kaivelata","カウバカ・カイヴェラタ","2002-07-11","New Zealand",NA,NA,189,123,"Prop"
"Q123485116","Otumaka Mausia","オトゥマカ・マウシア","1997-04-22","New Zealand",NA,NA,189,103,"Fly-Half; Winger; Fullback"
"Q123485566","Kyren Taumoefolau","カイレン・タウモエフォラウ","2003-05-08","New Zealand; Marlborough District",NA,NA,191,95,"Fullback"
"Q124096954","Yoshiki Yoshioka","吉岡 義喜","2001-03-17","Japan; Osaka Prefecture",NA,NA,167,75,"Scrum-Half"
"Q124097189","Raia Takashima","高島 來亜","2005-03-23","Japan",NA,NA,184,77,"Scrum-Half; Winger"
"Q124097352","Genki Mizobuchi","溝渕 元気","2001-12-28","Japan; Osaka Prefecture",NA,NA,169,75,"Scrum-Half"
"Q124448771","Taiki Yamaguchi","山口 泰輝","2001-11-17","Japan; Nagasaki Prefecture; Nagasaki",NA,NA,176,90,"Fullback"
"Q124451674","Kenta Hirai","平井 建多","2001-05-09","Japan; Yamaguchi Prefecture; Hagi; Yamaguchi",NA,NA,186,110,"Prop"
"Q124452761","Shunta Mori","森 駿太","2001-09-25","Japan; Fukuoka Prefecture",NA,NA,172,85,"Fly-Half; Centre"
"Q124479767","Izi Sword","イジー・ソード","2001-06-07","Australia",NA,NA,190,120,"Prop"
"Q124479837","Q124479837","梁川 賢吉","2001-12-10","Japan",NA,NA,188,100,"Lock; Flanker"
"Q124479885","Q124479885","山本 敦輝","2002-01-02","Japan; Osaka Prefecture; Osaka",NA,NA,178,110,"Prop"
"Q124479905","Q124479905","為房 慶次朗","2001-09-03","Japan; Osaka Prefecture",NA,NA,180,108,"Prop"
"Q124479908","Shoki Yoshimoto","吉本 匠希","2002-03-05","Japan; Osaka Prefecture",NA,NA,182,83,"Fullback"
"Q124479910","Q124479910","中山 律希","2002-01-10","Japan; Osaka Prefecture",NA,NA,169,108,"Prop"
"Q124479916","Q124479916","作田 駿介","2002-01-16","Japan; Fukuoka Prefecture",NA,NA,175,104,"Hooker"
"Q124479928","Shuntaro Kitamura","北村 瞬太郎","2002-03-28","Japan; Kanagawa Prefecture",NA,NA,168,70,"Scrum-Half"
"Q124479929","Kaito Sugimori","杉本 海斗","2001-10-17","Japan; Tokyo",NA,NA,172,76,"Winger"
"Q124479930","Soma Okazaki","岡﨑 颯馬","2001-11-20","Japan; Nagasaki Prefecture",NA,NA,177,84,"Winger"
"Q124479931","Sean Vete","ショーン・ヴェーテー","2000-07-03","New Zealand; Nagasaki Prefecture",NA,NA,190,132,"Prop"
"Q124479944","Q124479944","森脇 光","2002-02-17","Japan; Kyoto Prefecture; Kyoto",NA,NA,176,107,"Prop"
"Q124479945","Q124479945","船曳 涼太","2001-09-09","Japan; Hyōgo Prefecture; Kobe",NA,NA,178,82,"Winger; Fullback"
"Q124479962","Q124479962","武藤 ゆらぎ","2001-07-30","Japan; Kanagawa Prefecture; Yokohama",NA,NA,170,80,"Fly-Half"
"Q124479963","Hayate Hiraishi","平石 颯","2002-02-09","Japan; Kanagawa Prefecture; Yokohama",NA,NA,179,100,"Hooker"
"Q124479967","Yuta Moriyama","森山 雄太","2001-06-12","Japan; Fukuoka Prefecture",NA,NA,182,98,"Flanker; Number 8"
"Q124479968","Ryosei Takai","髙井 良成","2001-12-09","Japan; Osaka Prefecture",NA,NA,176,82,"Winger; Centre"
"Q124479970","D'anjahlo Ahsui","ダアンジャロ・アスイ","2002-03-21","New Zealand",NA,NA,187,115,"Flanker; Number 8"
"Q124479971","Brendon Nell","ブレンドン・ネル","2000-08-01","South Africa",NA,NA,196,110,"Lock"
"Q124479974","Q124479974","玉永 仁一郎","2001-10-30","Japan; Osaka Prefecture",NA,NA,177,115,"Prop"
"Q124479975","Q124479975","松下 潤一郎","2001-07-16","Japan; Fukuoka Prefecture",NA,NA,173,99,"Hooker"
"Q124479976","Q124479976","小嶋 大士","2001-06-26","Japan; Yamanashi Prefecture; Kōshū; Yamanashi",NA,NA,185,105,"Flanker; Number 8"
"Q124479977","Q124479977","白栄 拓也","2001-06-14","Japan; Nara Prefecture",NA,NA,164,68,"Scrum-Half"
"Q124479978","Q124479978","何松 健太郎","2001-08-17","Japan; Osaka Prefecture",NA,NA,177,85,"Winger; Centre"
"Q124479979","Caleb Cavubati","ケレブ・カヴバティ","2000-11-12","New Zealand",NA,NA,175,91,"Winger; Fullback"
"Q124480004","Q124480004","谷口 宜顕","2001-11-20","Japan; Osaka Prefecture",NA,NA,173,80,"Winger; Fullback"
"Q124480005","Q124480005","萩原 周","2001-07-13","Japan; Osaka Prefecture; Osaka; Abeno-ku",NA,NA,173,76,"Scrum-Half"
"Q124480008","Q124480008","谷山 隼大","2001-12-10","Japan; Fukuoka Prefecture",NA,NA,184,95,"Centre; Number 8"
"Q124480011","Q124480011","延原 秀飛","2001-12-06","Japan; Okayama Prefecture; Misaki; Okayama",NA,NA,184,95,"Number 8"
"Q124480016","Taniela Vea","タニエラ・ヴェア","2000-04-24","Tonga",NA,NA,184,125,"Prop; Flanker; Number 8"
"Q124480018","Schmok Orion","シュモック・オライオン","2001-08-01","Japan; Hyōgo Prefecture; Kobe",NA,NA,181,100,"Flanker"
"Q124480021","Q124480021","西野 拓真","2001-11-19","Japan",NA,NA,186,113,"Prop"
"Q124480030","Q124480030","奥井 章仁","2001-09-17","Japan; Osaka Prefecture; Hirakata",NA,NA,178,105,"Number 8; Flanker"
"Q124480031","Q124480031","三木 皓正","2002-01-22","Japan; Kyoto Prefecture",NA,NA,174,95,"Flanker"
"Q124480035","Jingo Murata","村田 陣悟","2002-02-22","Japan; Kyoto Prefecture",NA,NA,185,102,"Flanker"
"Q124480036","Q124480036","川﨑 太雅","2001-05-10","Japan; Fukuoka Prefecture",NA,NA,171,106,"Prop"
"Q124480042","Q124480042","福澤 慎太郎","2001-09-20","Japan; Tokyo",NA,NA,168,99,"Hooker"
"Q124480066","Q124480066","稲葉 聖馬","2002-01-27","Japan; Nagano Prefecture",NA,NA,166,74,"Scrum-Half"
"Q124480067","Taishi Tsumura","津村 大志","2001-04-30","Japan; Osaka Prefecture",NA,NA,174,108,"Prop"
"Q124480072","Q124480072","高本 とむ","2001-10-10","Japan; Osaka Prefecture",NA,NA,182,88,"Winger"
"Q124480073","Reijiro Yamamoto","山本 嶺二郎","2002-03-18","Japan; Kyoto Prefecture",NA,NA,191,111,"Lock"
"Q124480074","Kotaro Ito","伊藤 耕太郎","2001-11-15","Japan; Kanagawa Prefecture",NA,NA,176,84,"Fly-Half"
"Q124480077","Penieli Latu Jr.","ペニエリ・ジュニア・ラトゥ","2000-10-24","Tonga",NA,NA,188,110,"Winger; Centre"
"Q124480078","Samuel Waqabaka","サミュエラ・ワカヴァカ","2000-08-19","Tonga",NA,NA,185,115,"Prop"
"Q124480086","Takehito Egawa","江川 剛人","2000-08-19","Japan",NA,NA,184,85,"Winger; Centre"
"Q124480087","Simeone Schmidt","シミオネ・シュミット","2001-04-15","Australia",NA,NA,195,118,"Lock"
"Q124480130","Yu Kasakake","笠掛 優","2001-10-01","Japan; Ibaraki Prefecture",NA,NA,192,110,"Lock"
"Q124480131","Koki Miyasaka","宮坂 航生","2002-03-01","Japan",NA,NA,172,75,"Scrum-Half"
"Q124480133","Takuro Hojo","北條 拓郎","2001-09-18","Japan; Nagano Prefecture",NA,NA,173,77,"Scrum-Half"
"Q124480134","Kyogo Okano","岡野 喬吾","2001-10-31","Japan; Osaka Prefecture",NA,NA,184,98,"Centre"
"Q124480137","Shuto Harabuchi","原渕 修人","2002-03-07","Japan",NA,NA,177,108,"Prop"
"Q124480138","Senfu  Kamei","亀井 茜風","2001-06-12","Japan; Nagasaki Prefecture",NA,NA,193,110,"Lock"
"Q124480139","Shotaro Ikedo","池戸 将太郎","2001-06-03","Japan; Tokyo",NA,NA,180,90,"Scrum-Half; Fly-Half; Fullback"
"Q124480151","Rei Ishioka","石岡 玲英","2001-09-22","Japan; Nara Prefecture",NA,NA,177,80,"Winger; Fullback"
"Q124480152","Stephan Du Toit","ステファーナス・ドゥトイ","2001-03-23","South Africa",NA,NA,185,96,"Fly-Half; Centre; Fullback"
"Q124480155","Vea Taumoefolau","ヴェア・タモエフォラウ","2001-11-05","New Zealand",NA,NA,186,123,"Prop"
"Q124480156","Afu Ofeina","アフ・オフィナ","2000-06-18","Tonga",NA,NA,187,113,"Flanker; Number 8"
"Q124480160","Yoon Rye-on","尹 礼温","2001-06-30","Japan",NA,NA,184,100,"Lock; Flanker; Number 8"
"Q124480164","Shinnosuke Toyonaga","豊永 慎之佑","2001-08-25","Japan",NA,NA,178,113,"Prop"
"Q124480165","Amane Tomioka","冨岡 周","2001-11-12","Japan; Hyōgo Prefecture; Kobe; Nada-ku",NA,NA,174,90,"Centre"
"Q124480167","Kanta Yoshida","吉田 敢太","2001-09-01","Japan",NA,NA,171,100,"Hooker"
"Q124480168","Q124480168","福江 仙太郎","2002-02-05","Japan",NA,NA,188,105,"Hooker"
"Q124480186","Shintaro Fujii","藤井 慎太郎","2001-09-19","Japan; Hyōgo Prefecture; Nishinomiya",NA,NA,185,105,"Lock; Flanker"
"Q124480187","Itsuki Yano","矢野 樹","2002-01-25","Japan",NA,NA,175,95,"Flanker"
"Q124480191","Kenya Nishikawa","西川 賢哉","2001-06-03","Japan; Kyoto Prefecture; Kyoto",NA,NA,176,86,"Winger"
"Q124480231","Junki Tokota","床田 淳貴","2001-12-13","Japan; Kanagawa Prefecture",NA,NA,178,102,"Prop"
"Q124480232","Kazuma Yoshimura","吉村 一将","2001-08-01","Japan; Kumamoto Prefecture",NA,NA,176,113,"Prop"
"Q124480238","Sora Torigoe","鳥越 空","2001-12-27","Japan",NA,NA,176,103,"Prop"
"Q124480239","Yujiro Yano","矢野 裕二郎","2001-07-07","Japan",NA,NA,192,106,"Lock"
"Q124480241","Kiichi Takagi","高城 喜一","2001-12-09","Japan",NA,NA,187,104,"Centre; Number 8"
"Q124480242","Takumi Ishimoto","石本 拓巳","2001-05-08","Japan",NA,NA,179,82,"Winger; Fullback"
"Q124480244","Kenji Sato","佐藤 健次","2003-01-04","Japan; Kanagawa Prefecture",NA,NA,177,107,"Hooker"
"Q124482396","Daiki Ishiura","石浦 大貴","2002-01-18","Japan; Hyōgo Prefecture",NA,NA,178,98,"Flanker; Number 8"
"Q124482397","Kosei Tamaki","玉木 皓盛","2001-06-04","Japan",NA,NA,177,100,"Hooker"
"Q124497692","Akouola Manu","アカウオラ・マヌ","2001-10-27",NA,NA,NA,178,90,"Winger; Fullback"
"Q124529961","Vueti Tupou","ヴェティ・トゥポウ","2000-04-02","Fiji",NA,NA,190,115,"Lock"
"Q124620759","Shoma Sagawa","佐川 奨茉","2002-01-20","Japan; Fukushima Prefecture",NA,NA,180,103,"Number 8"
"Q124731977","Cormac Daly","コルマック・ダリー","1998-05-01","Republic of Ireland; County Kildare",NA,NA,199,120,"Lock"
"Q124736421","Manase Havili","マナセ・ハビリ","2001-04-07","Tonga",NA,NA,175,95,"Centre"
"Q124736899","Andy Timo","アンディ・ティモ","2004-05-28","France",NA,NA,192,95,"Flanker"
"Q124754747","Taiga Kato","加藤 大冴","2005-08-24","Japan; Kanagawa Prefecture",NA,NA,170,70,"Scrum-Half"
"Q124843335","Koki Matsumoto","松本 光貴","2001-11-03","Japan; Kanagawa Prefecture",NA,NA,190,100,"Flanker; Number 8"
"Q124844055","Taishiro Kito","木戸 大士郎","2002-07-26","Japan; Osaka Prefecture; Izumisano",NA,NA,185,103,"Flanker; Number 8"
"Q124880912","Paula Latu","パウラ・ラトゥ","1996-02-14","Tonga",NA,NA,187,123,"Prop"
"Q124951807","Josh Jacomb","ジョシュ・ジェイコム","2001-06-23","New Zealand; Auckland",NA,NA,179,90,"Fly-Half; Fullback"
"Q124959563","Augusto Böhme","アウグスト・ベーメ","1997-06-11","Chile; Santiago",NA,NA,175,97,"Hooker"
"Q124959572","Reinaldo Piussi","レイナルド・ピウッシ","1999-05-18","Uruguay; Montevideo Department; Montevideo",NA,NA,190,129,"Prop"
"Q124964039","Domingo Saavedra","ドミンゴ・サアベドラ","1997-12-15","Chile; Santiago",NA,NA,181,95,"Winger; Centre"
"Q125390783","Tepaea Cook-Savage","テパイア・クックサベージ","2001-02-08","New Zealand; Kaitaia",NA,NA,173,86,"Winger; Fullback"
"Q125738751","Rayan Rebbadj","ラヤン・レバジ","1999-08-15","France",NA,NA,190,100,"Centre"
"Q125748395","Pierich Siebert","ピエリッチ・シーバート","2001-04-18","South Africa",NA,NA,187,109,"Flanker; Number 8"
"Q126005788","Talilotu Fakatulolo","タリロトゥ・ファカトゥロロ","2001-05-20","Tonga",NA,NA,184,95,"Winger; Centre"
"Q126051667","Aaron Grandidier","アーロン・グランディディエ＝ンカナン","2000-05-18",NA,NA,NA,187,NA,"Winger; Centre"
"Q126624118","Javier Carrasco","ハビエル・カラスコ","1997-08-24","Chile",NA,NA,180,118,"Prop"
"Q126681299","Cristóbal Game","クリストバル・ガメ","2000-07-09","Chile; Concepción",NA,NA,193,92,"Winger"
"Q126722573","Diego Ardao","ディエゴ・アルダオ","1995-08-04","Uruguay",NA,NA,177,84,"Flanker"
"Q127377809","Giorgi Akhaladze","ギオルギ・アハラゼ","1999-04-13",NA,NA,NA,186,NA,"Prop"
"Q127417582","Yoshitaka Yazaki","矢崎 由高","2004-05-12","Japan; Niigata Prefecture",NA,NA,180,85,"Fullback; Winger"
"Q127559947","Fehi Fineanganofo","フェヒ・フィネアンガノフォ","2002-08-31","New Zealand; Auckland",NA,NA,186,105,"Winger"
"Q127559966","Théo Forner","テオ・フォルネ","2001-10-17","France",NA,NA,180,80,"Winger"
"Q127559968","Jefferson-Lee Joseph","ジェファーソン＝リー・ジョゼフ","2002-08-29","France",NA,NA,191,89,"Winger"
"Q127694925","Hayden Sargeant","ヘーデン・サージェント","1998-03-11","Australia; New South Wales; Grafton",NA,NA,176,85,"Winger"
"Q127786227","Agustín Fraga","アグスティン・フラガ","2002-03-06","Argentina; Buenos Aires",NA,NA,192,98,"Winger; Fullback"
"Q127786314","Tobías Wade","トビアス・ワデ","1999-08-06","Argentina; Buenos Aires",NA,NA,183,82,"Fullback"
"Q127787819","Varian Pasquet","ヴァリアン・パスケ","1999-07-29","France",NA,NA,192,90,"Winger"
"Q127850179","Malacchi Esdale","マラカイ・エスデール","1995-05-04","United States; New Jersey; Newark",NA,NA,188,86,"Winger"
"Q127905995","John Okoth","ジョン・オケヨ","2000-04-18","Kenya; Nakuru",NA,NA,190,105,"Centre"
"Q128746166","Ignacio Facciolo","イグナシオ・ファッチョロ","2001-08-12","Uruguay",NA,NA,188,91,"Fly-Half"
"Q128839950","Talifolofola Tangipa","タリフォロフォラ・タンギパ","1996-05-21","New Zealand",NA,NA,186,115,"Flanker; Number 8"
"Q128839951","Tsuyoshi Jennings","ツヨシ・ジニングス","2003-05-05","Fiji",NA,NA,176,86,"Winger"
"Q128839975","Lachlan Osborne","ロックラン・オズボーン","1999-09-01","Australia",NA,NA,194,112,"Lock"
"Q128840220","Samuelu Mataafa","サミュエル・マタアファ","2002-04-02",NA,NA,NA,184,116,"Prop"
"Q128840266","Siale Mahina","シアレ・マヒナ","2005-08-23","Australia",NA,NA,175,105,"Prop; Hooker"
"Q128840268","Jack Timu","ジャック・ティム","2004-04-04","New Zealand",NA,NA,175,85,"Winger; Centre"
"Q128840749","Lamech KoKoyo","ラメク・ココヨ","2000-01-27","Kenya",NA,NA,186,82,"Winger"
"Q128840751","Antony Mboya","アントニー・ムボヤ","1995-03-26","Kenya",NA,NA,186,82,"Flanker"
"Q128840942","Yamato Murata","村田 大和","2004-10-15","Japan; Osaka Prefecture; Suita",NA,NA,168,69,"Scrum-Half"
"Q128840974","Koji Goulding","ゴールディング光士","2003-11-16","Australia; Queensland; Gold Coast",NA,NA,188,125,"Prop"
"Q128840979","Brendan Owen","ブレンダン・オーウェン","1996-09-23","South Africa; Johannesburg",NA,NA,192,97,"Winger; Fullback"
"Q128840983","Tana Tuhakaraina","タナ・トゥハカライナ","1997-07-08","New Zealand",NA,NA,184,96,"Winger; Centre"
"Q130725912","Tōwa Kondō","近藤 翔耶","2002-09-01","Japan; Osaka Prefecture; Daitō; Osaka",NA,NA,180,90,"Centre"
"Q130725915","Yūshin Shiotsuki","汐月 佑心","2003-03-28","Japan; Kumamoto Prefecture",NA,NA,172,93,"Flanker"
"Q130726430","Kōta Nakama","仲間 航太","2003-09-26","Japan; Osaka Prefecture",NA,NA,166,74,"Fly-Half"
"Q130726434","Tesshō Yamada","大和 哲将","2005-06-13","Japan; Miyazaki Prefecture",NA,NA,170,80,"Fly-Half; Centre"
"Q130726436","Shōta Gotō","後藤 翔大","2004-04-11","Japan; Ōita Prefecture",NA,NA,176,80,"Fly-Half"
"Q130726438","Tōma Shiwachi","志和池 豊馬","1999-08-06","Japan; Miyazaki Prefecture",NA,NA,176,76,"Fly-Half; Winger; Centre"
"Q130726440","Ryōdai Shirakuni","白國 亮大","2000-02-29","Japan",NA,NA,167,69,"Scrum-Half; Winger; Fullback"
"Q130726648","Max Hughes","マックス・ヒューズ","2001-10-18","New Zealand; Christchurch",NA,NA,169,77,"Scrum-Half"
"Q130733542","Sam Sheperd","サム・シェパード","2001-09-12","Australia",NA,NA,200,110,"Lock"
"Q131010366","Edward Annandale","エドワード・アナンデール","2001-01-18","New Zealand",NA,NA,200,121,"Lock"
"Q131225980","Toby Macpherson","トビー・マクファーソン","2004-08-18","Australia",NA,NA,199,106,"Lock"
"Q131754373","Timote Tavalea","ティモテ・タヴァレア","1998-08-05","Australia",NA,NA,186,103,"Flanker; Number 8"
"Q131811060","Damian Markus","ダミアン・マーカス","2003-07-11","South Africa",NA,NA,170,88,"Centre; Winger"
"Q131839770","Harry Willard","ハリー・ウィラード","2003-11-18","England",NA,NA,190,110,"Lock; Flanker"
"Q131839796","Yuma Uenobo","上ノ坊 悠馬","2002-07-14","Japan; Hyōgo Prefecture",NA,NA,183,100,"Flanker"
"Q131840310","Aminasi Shaw","アミニアシ・ショー","2000-03-13","Fiji",NA,NA,185,107,"Number 8; Flanker; Lock"
"Q131857519","Harrison Brewer","ハリソン・ブリューワー","1995-03-22","Republic of Ireland",NA,NA,193,115,"Lock"
"Q131861578","Keitatsu Motoyama","本山 佳龍","2006-12-26","Japan; Nagasaki Prefecture",NA,NA,188,118,"Prop"
"Q131861801","Matariki Channings","マタリキ・チャニングス","2002-06-11","New Zealand",NA,NA,195,114,"Lock; Flanker; Number 8"
"Q131861892","Blair Ryall","ブレア・ライアル","2001-10-26","New Zealand",NA,NA,194,109,"Flanker; Number 8"
"Q131914226","Solomone Funaki","ソロモネ・フナキ","2002-04-12","Tonga",NA,NA,185,110,"Flanker"
