"wpName","fusName","rugbyscopeId","teamWP"
"1st Lanarkshire Rifle Volunteers","1st Lanarkshire Rifle Volunteers","7961",NA
"2nd nz expeditionary force","2nd NZ Expeditionary Force","7960",NA
"A.C.S. Litoral","A.C.S. Litoral","7959",NA
"a.s. macon","Association sportive mâconnaise; AS Macon Rugby; A.S. Mâcon; AS Macon; AS Mâcon; AS Maçon; AS Maçon Rugby; ASマコン; ASマロン; Mâcon","412",NA
"A.S. Rugby Milano","A.S. Rugby Milano; AS Rugby Milano; ASD Milano; ASR Milan; ASR Milano; Rugby Milano; ラグビー・ミラノ","783",NA
"a.s. vaureenne","Amicale sportive vauréenne; AS Lavaur; Association sportive vauréenne; ASV Lavaur; Lavaur","414",NA
"A.S.D. Rugby Paese","Rugby Paese; Paese Rugby; ASD Rugby Paese; Paese","782",NA
"aas sarcelles","Association amicale et sportive de Sarcelles; AAS Sarcelles; AAS Sarcelles Rugby","3118",NA
"aberaeron rfc","Aberaeron RFC","6130",NA
"aberdeen rangers","Aberdeen Rangers","7957",NA
"aberdeen rfc hong kong","Aberdeen RFC HK; Aberdeen RFC Hong Kong; Aberdeen RFC","7958",NA
"aberdeen select xv","Aberdeenshire RFC; Aberdeen Select XV; Aberdeenshire Rugby Football Club","2945",NA
"aberdeen wanderers","Aberdeen Wanderers RFC; Aberdeen Wanderers; Aberdeen Wanderers Rugby Football Club","895",NA
"Abertay University RFC","Abertay University RFC","2996",NA
"Abidjan","Abidjan Rugby Club; Abidjan RC","7956",NA
"AC Boulogne-Billancourt","AC Boulogne-Billancourt; AC Boulogne; ACBB rugby; Boulogne-Billancourt Rugby","4562",NA
"african bombers","African Bombers","6200",NA
"aif","Australian Imperial Forces; AIF","7955",NA
"airport rugby club","Airport Rugby Club","7954",NA
"Aix-les-Bains","Football Club Aix-les-Bains; Aix-les-Bains; FC Aix; FC Aix-les-Bains; FCA; FCアックス","510",NA
"aix en provence","Provence Rugby; Aix en Provence; Aix RC; Le PARC; Les Noirs; Les Noirs; Pais d'Aix; Paix d'Aix RC; Pays d'Aix; Pays d'Aix R.C.; Pays d'Aix RC; Pays d'Aix rugby club; Pays d'Aix Rugby Club; Pays D’Aix Rugby; Provence; Provence rugby; Provenza; RC Pays d'Aix; パイズドエクスラグビークラブ; プロヴァンス; ペイ・デクスRC","181",NA
"Ajax Wanderers","Ajax Wanderers R.U.F.C.; Ajax Wanderers","901",NA
"alabang eagles","Alabang Eagles Rugby Club; Alabang Eagles","7953",NA
"Albany Bulldogs","Albany Bulldogs; Albany Bulldogs","7952",NA
"Albany RFC","Albany Rugby Club; Albany Rugby Football Club; Albany RFC; ","7951",NA
"alberta rugby","Rugby Alberta; Alberta Rugby","7950",NA
"Aldwinians RUFC","Aldwinians RUFC; Old Aldwinians","3241",NA
"alessandria","Alessandria Rugby; Alessandria; APD Rugby Alessandria; Rugby Alexandrie","2165",NA
"alhambra","Alhambra Rugby Club; Alhambra Club; Alhambra","7949",NA
"Alhambra","Alhambra Rugby Club; Alhambra Club; Alhambra","7949",NA
"alhambra-union","Alhambra Union RFC","5916",NA
"alhambra union","Alhambra Union RFC","5916",NA
"allgäu rugby kempten","Allgäu Rugby Kempten; Allgäu Rugby; Allgäu Rugby Mad Cows; Mad Cows","7948",NA
"Alltwen RFC","Alltwen RFC","6126",NA
"aļņi jelgava","Jelgavas Alni; Aļņi Jelgava; Jelgavs Alni","7131",NA
"Aļņi Jelgava","Jelgavas Alni; Aļņi Jelgava; Jelgavs Alni","7131",NA
"Altrincham Kersal","Altrincham Kersal; Altrincham Kersal Rugby Football Club","903",NA
"amatori capoterra","Amatori Rugby Capoterra; Amatori Capoterra; Amatori Rugby Capoterra ASD; Capoterra","790",NA
"Amatori Napoli Rugby","Amatori Napoli Rugby; Amatori Napoli","6981",NA
"Amatori Parma","Amatori Parma Rugby Club; Amatori Parma; Amatori Parma R.C.; Amatori Parma RC; Amatori Parma Rugby","789",NA
"Amatori Rugby Milano","Amatori Milano; AC Milan; AC Milan Rugby; Amatori & Calvisano Rugby; Amatori Milan; Amatori Rugby Milan; Amatori Rugby Milano; Ambrosiana; Ambrosiana Milan; Ambrosiana Rugby; Milan; Milan Rugby; アマトーリ・ラグビー・ミラノ","219",NA
"Amatori Rugby Parma","Rugby Parma FC; Crociati Parma; Overmach Parme; Overmach Rugby Parme; Overmarch Parme; Parma; Parma Rugby; Parma Rugby S.r.l.; Parme; Rugby Parma; Rugby Parma F.C. 1931; Rugby Parma FC 1931; Rugby Parma Football Club; Парма; クロシアティ; クロティアティ","368",NA
"ammosal","Ammosal Rugby Club; Ammosal","7947",NA
"ampthill & district rfc","Ampthill & District RFC","7945",NA
"ampthill rfc","Ampthill Rugby Club; Ampthill; Ampthill RUFC; Ampthill Rugby; アンプティルRUFC","909",NA
"Andover","Andover RFC","4032",NA
"Andover R.F.C","Andover RFC","4032",NA
"angerien","Rugby Athletic Club angérien; RAC angérien; RAC Angérien; RAC Saint-Jean-d'Angély; RACA; S.-J. d'Angély","619",NA
"Angers","SCO RC Angers; Angers; Angers SCO; Angers SCO rugby; SCO Angers","4550",NA
"anglet olympique","Anglet ORC; Anglet olympique; Anglet Olympique; Anglet Olympique Rugby; AORC; アングレット; アングレットORC; 昂格莱特奥林匹克橄榄球俱乐部","2476",NA
"anglet orc","Anglet ORC; Anglet olympique; Anglet Olympique; Anglet Olympique Rugby; AORC; アングレット; アングレットORC; 昂格莱特奥林匹克橄榄球俱乐部","2476",NA
"angoulême","Soyaux Angoulême XV Charente; Angoulême; RC Soyaux; SA XV; SA XV Charente; Soyaux-Angoulême; Soyaux-Angoulême XV; Soyaux Angoulême; Soyaux Angoulême XV; Soyaux Angouleme XV Charente; ソヨー・アングレーム; ソヨー・アングレームXVシャラント; ソヨーアングレームXVシャラント","651",NA
"annecy","Union sportive Annecy; Union sportive Annecy rugby; US Annecy","705",NA
"Annemasse","Rugby Club Annemassien; Annemasse; RC Annemasse","4657",NA
"aotea","Aotea Sports Club; Aotea","7944",NA
"aparejadores burgos","Aparejadores Rugby; Aparejadores; Aparejadores Burgos; Aparejadores Rugby Burgos; UBU Colina Clinic; アパレジャドレス・ブルゴス","2553",NA
"appia rugby","Appia Rugby Puglia ASD; Appia Rugby","5618",NA
"Aprilia Rugby","ASD Aprilia Rugby; Aprilia Rugby","7943",NA
"Aramits","Entente Aramits Asasp; Aramits; Entente Aramits-Asasp","3014",NA
"arataki","Arataki Sports Club; Arataki","5715",NA
"ARC Vitré","Aurore de Vitré; ARC Vitré","4553",NA
"ardmore marist","Ardmore Marist RC; Ardmore Marist RFC; Ardmore Marist; Ardmore","5803",NA
"Ardmore Marist","Ardmore Marist RC; Ardmore Marist RFC; Ardmore Marist; Ardmore","5803",NA
"ardmore marist rfc","Ardmore Marist RC; Ardmore Marist RFC; Ardmore Marist; Ardmore","5803",NA
"arechi rugby","Arechi Rugby; Arechi","5515",NA
"argentina a","Argentina A national rugby union team; Argentina XV; Argentina A; Argentina A rugby; Argentina Desarrollo; Argentina Jaguares; Argentina XV national rugby union team; Argentina xv national team; Argentine A; Argentine XV; Jaguares; ru a arg; アルゼンチンA; アルゼンチンXV","823",NA
"Argentina A","Argentina A national rugby union team; Argentina XV; Argentina A; Argentina A rugby; Argentina Desarrollo; Argentina Jaguares; Argentina XV national rugby union team; Argentina xv national team; Argentine A; Argentine XV; Jaguares; ru a arg; アルゼンチンA; アルゼンチンXV","823",NA
"argentina u-19","Argentina national under-19 rugby union team; Argentina U-19; Argentina Under-19; Argentina Under 19 Squad; Argentine -19; アルゼンチン U-19","6910",NA
"argentina u-21","Argentina national under-21 rugby union team; Argentina U-21; Argentina U21; Argentina Under-21; Argentine -21; アルゼンチン U-21; アルゼンチンU21","6911",NA
"argentina u21","Argentina national under-21 rugby union team; Argentina U-21; Argentina U21; Argentina Under-21; Argentine -21; アルゼンチン U-21; アルゼンチンU21","6911",NA
"argentina under-18","Argentina national under-18 rugby union team; Argentina Under-18; Argentine -18; Pumas M18","6987",NA
"argentina under-19","Argentina national under-19 rugby union team; Argentina U-19; Argentina Under-19; Argentina Under 19 Squad; Argentine -19; アルゼンチン U-19","6910",NA
"argentina under-21","Argentina national under-21 rugby union team; Argentina U-21; Argentina U21; Argentina Under-21; Argentine -21; アルゼンチン U-21; アルゼンチンU21","6911",NA
"argentina under 19 squad","Argentina national under-19 rugby union team; Argentina U-19; Argentina Under-19; Argentina Under 19 Squad; Argentine -19; アルゼンチン U-19","6910",NA
"Arles-sur-Tech","Entente Haut Vallespir; Arles-sur-Tech","5353",NA
"Armidale City Rugby Club","Armidale City Rugby Club; Armidale City; Armidale City RC","3912",NA
"army","Army Rugby Union; Armée de terre britannique; Army; Army RU; British Army","918",NA
"Army","Army Rugby Union; Armée de terre britannique; Army; Army RU; British Army","918",NA
"Army R. C. Brisbane","Australian Army Rugby Club; Army R. C. Brisbane","7942",NA
"Arvalia Villa Pamphili Rugby Roma","Arvalia Villa Pamphili Rugby Roma A.S.D.; Arvalia Villa Pamphili Rugby Roma; Villa Pamphili; Villa Pamphili Rugby Roma","792",NA
"AS Apt","Association Sportive Apt Vallee du Calavon; AS Apt","5417",NA
"as bédarrides","AS Bédarrides Châteauneuf-du-Pape; A.S. Bédarrides; AS Bédarrides; AS Bédarrides-Châteauneuf; AS Bédarrides Chât.; AS Bédarrides Châteauneuf; Avenir sportif de Bédarrides","420",NA
"as fleurance","Association sportive fleurantine; AS Fleurance; ASF Fleurance Rugby; Association sportive fleurantine rugby; Ent. Fleurance Lectoure","411",NA
"as idron-lee","AS Idron-Lée","6992",NA
"as lavaur","Amicale sportive vauréenne; AS Lavaur; Association sportive vauréenne; ASV Lavaur; Lavaur","414",NA
"as mâcon","Association sportive mâconnaise; AS Macon Rugby; A.S. Mâcon; AS Macon; AS Mâcon; AS Maçon; AS Maçon Rugby; ASマコン; ASマロン; Mâcon","412",NA
"as macon rugby","Association sportive mâconnaise; AS Macon Rugby; A.S. Mâcon; AS Macon; AS Mâcon; AS Maçon; AS Maçon Rugby; ASマコン; ASマロン; Mâcon","412",NA
"as mâcon rugby","Association sportive mâconnaise; AS Macon Rugby; A.S. Mâcon; AS Macon; AS Mâcon; AS Maçon; AS Maçon Rugby; ASマコン; ASマロン; Mâcon","412",NA
"as merignac","AS Mérignac; AS Mérignac rugby; Association sportive Merignac rugby; Association sportive Mérignac rugby; Mérignac; Mérignac rugby; SA Mérignac; Sport athlétique mérignacais; Sport athlétique mérignacais rugby","407",NA
"as soustons","AS Soustons; Association sportive soustonnaise","413",NA
"AS Tournefeuille","Tournefeuille rugby XV; AS Tournefeuille; AST; AST XV; Tournefeuille rugby; Tournefeuille","700",NA
"as vauréenne","Amicale sportive vauréenne; AS Lavaur; Association sportive vauréenne; ASV Lavaur; Lavaur","414",NA
"asa tel aviv rc","ASA Tel Aviv Rugby Club; ASA Yaron Tel Aviv Rugby Club","885",NA
"Ashby RFC","Ashby RFC","4233",NA
"asm clermont academy","ASM Clermont Auvergne; ASM Clermont Academy; A.S. Montferrand; AS Monferrand; AS Montferrand; AS Montferrandaise; ASM Clermont; ASM Clermont Auvergne; спортивный клуб; ASMCA; ASMクレルモン; ASMクレルモン・オーヴェルニュ; Association sportive montferrandaise; Association Sportive Montferrandaise Clermont Auvergne; ASモンフェラン; Clermond FA; Clermont; Clermont Auvergne; Clermont rugby; Les Jaunards; Les Jaunes; Montferrand; The Arverni; The Vulcans; Yellow Army; クレルモン; クレルモン・オーヴェルニュ; モンフェラン","27",NA
"asptt paris","ASPTT Paris Île-de-France; ASPTT; ASPTT Paris; Association sportive des postes télégraphes et téléphones Paris","6996",NA
"Aspull","Aspull RFC","4056",NA
"ASR Milano","A.S. Rugby Milano; AS Rugby Milano; ASD Milano; ASR Milan; ASR Milano; Rugby Milano; ラグビー・ミラノ","783",NA
"asrv ascrum","ASRV Ascrum; A.S.R.V. Ascrum; Amsterdam Student Rugby Association Ascrum; Amsterdamse Studenten Rugby Vereniging Ascrum; Ascrum","354",NA
"associates","Associates RC; Associates Rugby Club","3649",NA
"Associates Western Australia","Associates RUFC; Associates Western Australia","7940",NA
"association sportive mâconnaise","Association sportive mâconnaise; AS Macon Rugby; A.S. Mâcon; AS Macon; AS Mâcon; AS Maçon; AS Maçon Rugby; ASマコン; ASマロン; Mâcon","412",NA
"aston old edwardians","Aston Old Edwardians","4245",NA
"Athletic RFC NZ","Athletic RFC; Athletic Wellington; Athletic RFC NZ","5830",NA
"Athletic Wellington","Athletic RFC; Athletic Wellington; Athletic RFC NZ","5830",NA
"atlético san sebastián","Atletiko San Sebastian Rugby; Club Atlético San Sebastián; Atlético San Sebastián","7879",NA
"Auckland","Auckland RFU Team; Auckland B; Auckland; Auckland RFC; Auckland RFU; Auckland RU; Auckland Rugby; Auckland Rugby Union; オークランド; オークランドU21","928",NA
"auckland combined clubs","Auckland Combined Clubs","7939",NA
"auckland institute","University of Auckland; Auckland Institute; Auckland University; Auckland University RC; オークランド大学","6862",NA
"auckland marist","Marist Brothers Old Boys RFC; Auckland Marist Old Boys; Auckland Marist; Marist Bros. O.B.; Marist Brothers; Marist Brothers Old Boys; Marist Brothers Old Boys Rugby Club; Marist RFC; Mighty Marist; ブラザーズ; マリスト","1494",NA
"Auckland Marist","Marist Brothers Old Boys RFC; Auckland Marist Old Boys; Auckland Marist; Marist Bros. O.B.; Marist Brothers; Marist Brothers Old Boys; Marist Brothers Old Boys Rugby Club; Marist RFC; Mighty Marist; ブラザーズ; マリスト","1494",NA
"Auckland Marist Old Boys","Marist Brothers Old Boys RFC; Auckland Marist Old Boys; Auckland Marist; Marist Bros. O.B.; Marist Brothers; Marist Brothers Old Boys; Marist Brothers Old Boys Rugby Club; Marist RFC; Mighty Marist; ブラザーズ; マリスト","1494",NA
"Auckland Suburbs","Western Suburbs RFC; Auckland Suburbs","5714",NA
"auckland university","University of Auckland; Auckland Institute; Auckland University; Auckland University RC; オークランド大学","6862",NA
"Auckland University","University of Auckland; Auckland Institute; Auckland University; Auckland University RC; オークランド大学","6862",NA
"Auckland University Rugby Football Club","University of Auckland; Auckland Institute; Auckland University; Auckland University RC; オークランド大学","6862",NA
"Aurora Barbarians","Aurora Barbarians RFC; Aurora Barbarians","7000",NA
"austin blacks","Austin Blacks","7938",NA
"australia u18","Australia national under-18 rugby union team; Australia U18; Australia Under-18; Australie -18; Australie -18 ans; U18オーストラリア","6913",NA
"australia under-18","Australia national under-18 rugby union team; Australia U18; Australia Under-18; Australie -18; Australie -18 ans; U18オーストラリア","6913",NA
"australia under-19","Australia national under-19 rugby union team; Australia Under-19; Australie -19; Australie -19 ans","2437",NA
"australia under 20s","Argentina national under-20 rugby union team; Australia Under 20s; Argentina sub-20; Argentine -20; Los Pumitas; nazionale argentina u-20 di rugby; Pumitas; U-20アルゼンチン; U20アルゼンチン; U20アルゼンチン代表; アルゼンチンU20","862",NA
"australian schoolboys","Australian Schoolboys national rugby union team; Australian Schoolboys; Australian Schoolboys & U18; Australian Schoolboys rugby union team; Australie scolaire","934",NA
"australian univ. xv","Australia national university rugby union team; Australian Universities; Australian Univ. XV","7937",NA
"australian universities","Australia national university rugby union team; Australian Universities; Australian Univ. XV","7937",NA
"australian wallabies","Australia national rugby union team; Australian Wallabies; Australia; Australia national rugby team; Australia Rugby; Australia rugby team; Australia rugby union team; Australian national rugby union team; Australie; Australië nasionale rugbyspan; Australiese nasionale rugbyspan; Australisch rugbyteam; Australische Rugbynationalmannschaft; Echipa naţională de rugby a australiei; Equipe d'Australie de rugby a XV; Equipe d'Australie de rugby à XV; Équipe d’Australie de rugby à XV; Nazionale di rugby australiana; Nazionale di rugby XV dell’Australia; Reprezentacja Australii w rugby mężczyzn; RU AUS; Seleção Australiana de Râguebi; Selecção australiana de râguebi; Selecció de rugbi d'Austràlia; Selecció de rugbi XV d'Austràlia; Seleccion de rugby de Australia; Selección de rugby de Australia; Seleccion nacional de rugby de Australia; Selección nacional de rugby de Australia; seleición de rugbi d'Australia; Sgioba naiseanta rugbaidh Astrailia; Tim cenedlaethol rygbi'r undeb Awstralia; Wallabies; オーストラリア; ワラビーズ; וואלאביס; וואלביס; נבחרת איגוד הרוגבי הלאומי של אוסטרליה; منتخب أستراليا الوطني لإتحاد الرجبي; 월러비스; 호주 럭비 유니온 국가대표팀; 澳大利亚國家橄欖球隊; 澳大利亚橄榄球国家队; 澳洲橄欖球國家隊; 澳洲欖球國家隊","86",NA
"auxerre","Rugby Club auxerrois; Auxerre; RC Auxerre; Rugby club auxerrois","628",NA
"avalon","Avalon RFC","6071",NA
"avalon rfc","Avalon RFC","6071",NA
"Avenir Bizanos","Avenir de Bizanos; Bizanos; Avenir Bizanos; Avenir de Bizano","2926",NA
"avenir castanéen","Avenir castanéen rugby; Avenir castanéen; Castanet; Castanet Rugby; Castanet-Tolosan; カスタネット","419",NA
"avenir castanéen rugby","Avenir castanéen rugby; Avenir castanéen; Castanet; Castanet Rugby; Castanet-Tolosan; カスタネット","419",NA
"Avenir lescarien","Avenir lescarien","7004",NA
"Avenir Valencien","Avenir Valencien; Avenir valencien; Valence-d'Agen; Valence d'Agen; ヴァランス; ヴァランス＝ダジャン","394",NA
"avezzano rugby","Avezzano Rugby; Avezzano; Avezzano Rugby s.r.l. S.S.D; Avezzano Rugby Società Sportiva Dilettantistica; Avezzano Rugby SSD","857",NA
"aviator kyiv","RC Aviator; Aviator kyiv; Aviator Kiev; Aviator de Kiev; Aviator Kiev; Rugby Club Aviator; Авиатор регбийный клуб; РК Авиатор","1699",NA
"Aviron Bayonnais","Aviron Bayonnais; Aviron bayonnais; Aviron Bayonnais Rugby Pro; Baionako Arrauna; Bayonne; Bayonne Rugby - Aviron bayonnais rugby pro; Montagnards de Bayonne; Rugby Bayonne; SN Bayonne; アヴィロン・バイヨネ; バイヨンヌ; 巴约讷赛艇橄榄球职业俱乐部","88",NA
"avoca sharks","Avoca Beach Rugby Club; Avoca Beach RC; Avoca Beach; Avoca Sharks","7936",NA
"avonvale","Avonvale RFC; Avonvale","7935",NA
"awanui","Awanui Rugby Football Club","5878",NA
"awarua","Moutere Rugby Football Club; Awarua RFC; Awarua","1536",NA
"Aylesbury","Aylesbury RFC","4043",NA
"aylestonians","Aylestonians RFC; Aylestonians R.F.C.","7934",NA
"az-com maruwa momotaro’s","AZ-COM Maruwa MOMOTARO'S; 丸和運輸機関AZ-MOMOTAROS; MOMOTARO'S; 丸和運輸機関","6845",NA
"azs-awf warsaw","AZS-AWF Warsaw Rugby; AZS-AWF Warsaw; Akademicki Związek Sportowy Akademii Wychowania Fizycznego; AZS-AWF Varsovie; AZS-AWF Warszawa; AZS AWF Warszawa","7007",NA
"Backstreet RFC","Backstreet RFC; Backstreet Rugby","7928",NA
"bagrati kutaisi","Bagrati Kutaisi","7010",NA
"Bahrain RFC","Bahrain Rugby Football Club; Bahrain RFC","7933",NA
"Ballina-Killaloe RFC","Ballina-Killaloe Rugby Football Club; Ballina-Killaloe RFC","7932",NA
"Ballina RFC","Ballina R.F.C.; Ballina RFC; Ballina Rugby Football Club","2712",NA
"Ballymoney RFC","Ballymoney RFC","5482",NA
"balmain","Balmain RFC; Balmain; Glebe-Balmain; Glebe-Balmain RUFC; Balmain Rugby Club; Muzzled Wolves","2438",NA
"balmy beach","Balmy Beach RFC; Balmy Beach; Balmy Beach Rugby Club","7931",NA
"balmy beach rfc","Balmy Beach RFC; Balmy Beach; Balmy Beach Rugby Club","7931",NA
"Banbury RUFC","Banbury RUFC; Banbury RFC","3166",NA
"Banco Hipotecario","Club Banco Hipotecario; Banco Hipotecario; Club Banco Hipotecario Nacional; Club del personal del Banco Hipotecario de la Nación","1106",NA
"bandeirantes","Bandeirantes Rugby Club; Band Saracens; Bandeirantes","7011",NA
"Bangor","Bangor RFC; Bangor; Bangor Rugby Football Club","795",NA
"barbari del po","Barbari del Po; Puntopack Barbari del Po ","7930",NA
"Barbarian FC","Barbarian FC; Baa-Baas; Barbarian F.C.; Barbarian Football Club; Barbarian R.F.C.; Barbarian RFC; Barbarian Rugby Football Club; Barbarians; Barbarians F.C.; Barbarians FC; Barbarians Football Club; Barbarians R.F.C.; Barbarians RFC; Barbarians Rugby Football Club; Barbariqan FC; バーバリアンズ","136",NA
"barbarians f.c","Barbarian FC; Baa-Baas; Barbarian F.C.; Barbarian Football Club; Barbarian R.F.C.; Barbarian RFC; Barbarian Rugby Football Club; Barbarians; Barbarians F.C.; Barbarians FC; Barbarians Football Club; Barbarians R.F.C.; Barbarians RFC; Barbarians Rugby Football Club; Barbariqan FC; バーバリアンズ","136",NA
"barbarians rfc","Barbarian FC; Baa-Baas; Barbarian F.C.; Barbarian Football Club; Barbarian R.F.C.; Barbarian RFC; Barbarian Rugby Football Club; Barbarians; Barbarians F.C.; Barbarians FC; Barbarians Football Club; Barbarians R.F.C.; Barbarians RFC; Barbarians Rugby Football Club; Barbariqan FC; バーバリアンズ","136",NA
"barclays rfc","Barclays Bank RFC; Barclays RFC","7929",NA
"barker's butts","Barkers Butts RFC; Barker's Butts; Barkers Butts; Barkers Butts Rugby Football Club","2827",NA
"Barkers Butts","Barkers Butts RFC; Barker's Butts; Barkers Butts; Barkers Butts Rugby Football Club","2827",NA
"Barkers Butts RFC","Barkers Butts RFC; Barker's Butts; Barkers Butts; Barkers Butts Rugby Football Club","2827",NA
"Barnstaple RFC","Barnstaple RFC; Barnstaple Rugby; Barnstaple Rugby Club; Barnstaple Rugby Football Club; Barnstaple Rugby Football Team; Barnstaple Rugby Team","951",NA
"Barron Trinity Bulls","Barron-Trinity Bulls","3788",NA
"Bassa Bresciana Rugby","Bassa Bresciana Rugby; Rugby Bassa Bresciana","7927",NA
"bath academy","Bath Rugby; Bath United; Bath Academy; Bath; Bath Rugby Club; Bath Rugby Team; バース; バース・ラグビー","138",NA
"Bath Academy","Bath Rugby; Bath United; Bath Academy; Bath; Bath Rugby Club; Bath Rugby Team; バース; バース・ラグビー","138",NA
"Bath United","Bath Rugby; Bath United; Bath Academy; Bath; Bath Rugby Club; Bath Rugby Team; バース; バース・ラグビー","138",NA
"bathurst & lismore","Bathurst City; Bathurst & Lismore","3697",NA
"bathurst bulldogs rugby","Bathurst Bulldogs; Bathurst Bulldogs Rugby","3696",NA
"Bay of Plenty Academy","Bay of Plenty Steamers; Bay of Plenty Academy; Bay of Plenty; Bay of Plenty RU; Bay of Plenty Rugby; ベイ・オブ・プレイティ; ベイ・オブ・プレンティ; ベイ・オブ・プレンティー; ベイオブプレンティ","957",NA
"bay of plenty ngawha","Bay of Plenty Ngāwhā; Bay of Plenty Ngawha","7926",NA
"baymen rugby club","Baymen Rugby Club; Baymen RC","7925",NA
"Bazet Andrest","Entente Bazet Andrest; Bazet Andrest","5352",NA
"bearsden rfc","Bearsden RFC; Bearsden","7924",NA
"beaumaris rfc","Beaumaris RFC; Beaumaris","7923",NA
"beaune","Dragons; Beaune; Dragones de Newport; Dragones de Newport Gwent; Dragons RFC; Dragons RFC Official; Dreigiau Gwent; Newport Dragons; Newport G.D.; Newport Gwent Dragons; Newpport Gwent Dragons; Ньюпорт Гвент Дрэгонс; Њупорт Гвент Дрегонс; ドラゴンズ; ニューポート・グウェント・ドラゴンズ","7",NA
"beaurepaire","Union sportive beaurepairoise; Beaurepaire; US Beaurepaire","716",NA
"beauvais rugby","VC Beauvais; Vélo Club Beauvais; Beauvais Rugby","7403",NA
"beauvais rugby club","Beauvais Rugby Club; Beauvais RC; Beauvais XV; Beauvais XV Rugby Club; RC Beauvais","3119",NA
"Beccehamians RFC","Beccehamian Rugby Football Club; Old Beccehamians RFC; Beccehamian RFC; Becc's; Beccehamians; Becchamians Rugby Football Club","3062",NA
"bédarrides","Rugby Club Bedarrides","5119",NA
"Bedford Athletic RFC","Bedford Athletic; Ath; Bedford Athletic Rugby Club","961",NA
"bedwas rugby club","Bedwas RFC; Bedwas; Bedwas Rugby Football Club; ベットワズRFC","139",NA
"Beecroft Rugby Club","Beecroft Rugby Club; The Crofties; Beecroft Rugby Club Inc","963",NA
"belfast cobras","Belfast RFC; Belfast Rugby Football Club; Belfast Cobras; ベルファスト; ベルファストラグビーフットボールクラブ","5759",NA
"Belfast Cobras","Belfast RFC; Belfast Rugby Football Club; Belfast Cobras; ベルファスト; ベルファストラグビーフットボールクラブ","5759",NA
"Belfast Harlequins","Belfast Harlequins; North of Ireland","430",NA
"belfast rfc","Belfast RFC; Belfast Rugby Football Club; Belfast Cobras; ベルファスト; ベルファストラグビーフットボールクラブ","5759",NA
"belhar","Belhar","6765",NA
"bellville rfc","Bellville; Bellville RFC","6766",NA
"Bellville RFC","Bellville; Bellville RFC","6766",NA
"bellville rfu","Bellville RFU; Bellville","7922",NA
"belmont shore","Belmont Shore RFC; Belmont Shore; Belmont Shore RC; Belmont Shore Rugby Club","965",NA
"belvès","Stade Belvesois; Belvès; Stade Belvès","4479",NA
"Benetton","Benetton Rugby Treviso; AS Rugby Treviso; Benetton; Benetton Rugby; Benetton Rugby Trévise; Benetton Trevise; Benetton Trévise; Benetton Treviso; Benneton Trévise; GUF Treviso; I Leoni; Rugby Trévise; Rugby Treviso; Trévise; Treviso; トレヴィーゾ; トレビーゾ; ベネットン; ベネットン・ラグビー; ベネトン・ラグビー","59",NA
"Benetton Treviso","Benetton Rugby Treviso; AS Rugby Treviso; Benetton; Benetton Rugby; Benetton Rugby Trévise; Benetton Trevise; Benetton Trévise; Benetton Treviso; Benneton Trévise; GUF Treviso; I Leoni; Rugby Trévise; Rugby Treviso; Trévise; Treviso; トレヴィーゾ; トレビーゾ; ベネットン; ベネットン・ラグビー; ベネトン・ラグビー","59",NA
"benevento","U.S. Rugby Benevento; Benevento; Rugby Bénévent; Rugby Benevento; Unione Sportiva Rugby Benevento; US Benevento; US Rugby Benevento","859",NA
"bergerac","US Bergerac; Bergerac; Union sportive Bergerac rugby vallée de la Dordogne; US Bergerac rugby vallée de la Dordogne; USベルジュラック","706",NA
"berre","CO Berre XV; Berre; Club Olympique Berre XV","3094",NA
"Berwick RFC","Berwick RFC; Berwick; Berwick Rugby Club; Berwick Rugby Football Club","969",NA
"Bicester Rugby Club","Bicester Rugby Club; Bicester RC; Bicester Rugby Union Club; Foxes","974",NA
"biella","Biella RC; Biella; Biella Rugby","5508",NA
"biella rugby","Biella RC; Biella; Biella Rugby","5508",NA
"bièvre saint-geoirs rc","Bièvre Saint-Geoirs RC; AS Bièvre Saint-Geoirs RC; Bievre Saint Geoirs RC","4462",NA
"biggleswade","Biggleswade Rugby Club; Biggleswade; Biggleswade RUFC; Biggy; Biggleswade Rugby Union Football Club & Associated Clubs","975",NA
"Biguá Rugby Club","Biguá Rugby Club; Bigua RC; Bigua Rugby Club","3414",NA
"birkenhead park fc","Birkenhead Park FC; Birkenhead Park; Birkenhead Park Football Club; Birkenhead Park Rugby Union Football Club","978",NA
"birmingham moseley rfc","Birmingham Moseley Rugby Club; Мозли Рагби Футбол Клаб; Billesley Boys; Birmingham-Moseley; Birmingham Moseley; Birmingham Moseley RFC; Birmingham Moseley Rugby; Mose; Moseley; Moseley Boys; Moseley Colts; Moseley R.F.C.; Moseley RFC; Moseley Rugby; Moseley Rugby Club; Moseley Rugby Football Club; MoseleyRugbyFC; バーミンガム・モーズリー・ラグビー・クラブ; バーミンガム・モーズリーRC; モーズリー; モーズリーRFC; モズリー","26",NA
"Birr","Birr RFC; Birr; Birr Rugby Football Club; The Birr Grizzly Bears","980",NA
"biscarrosse olympique","Biscarrosse olympique rugby; Biscarosse olympique; Biscarrosse; Biscarrosse olympique; Biscarrosse Olympique; Biscarrosse Olympique Rugby; BO","2930",NA
"Bishop's Stortford RFC","Bishop's Stortford RFC; Bishop's Stortford; Bishop's Stortford Rugby Football Club; Bishop’s Stortford; Bishops Stortford RFC; Bishops Stortford Rugby; ビショップズ・ストートフォード","982",NA
"bizanos","Avenir de Bizanos; Bizanos; Avenir Bizanos; Avenir de Bizano","2926",NA
"Bizanos","Avenir de Bizanos; Bizanos; Avenir Bizanos; Avenir de Bizano","2926",NA
"Black Watch","Royal Regiment of Scotland; Black Watch","7921",NA
"Blackheath F.C.","Blackheath F.C.; Blackheath; Blackheath FC; Blackheath Football Club; Blackheath R.C.; Blackheath RC; Blackheath Rugby; Blackheath Rugby Club; Club; ブラックヒースFC","365",NA
"Blaengarw RFC","Blaengarw RFC; Blaengarw","6135",NA
"blaketown","Blaketown Rugby Club; Blaketown","6064",NA
"blanco","Blanco","6698",NA
"bletchley","Bletchley RUFC; Bletchley Rugby Union Football Club","2378",NA
"Blue Bulls A","Bulls; Blue Bulls; Blou bulle; Blue Bulls Rugby Union; Bulls; Die Blou Bulle; Mobil Blue Bulls; Noord-Transvaal; Northern transvaal; Northern Transvaal; Northern Transval; Northern Tranvaal; The Blue Bulls; Vodacom Blue Bulls; Blue Bulls A; Blue Bulls; Blue Bulls / Bulls; Bull; Bulls Rugby Union; Noordelike Bulle; Northern Bulls; The Bulls; Vodacom Blue Bulls; Vodacom Bulls; ブルズ; 노던 불스; ノーザン・トランスヴァール; ブルー・ブルズ; ブルー・ブルズXV; ブルーブルズ","156",NA
"blues trial","Scotland A national rugby union team; Whites trial; Blues trial; Reds trial; Scotland Probables; Scotland Possibles; Écosse A; Escocia A; ru a sco; Scotland A; Scozia A rugby; スコットランドA","1786",NA
"Boland Cavaliers","Boland Cavaliers; Boland; Boland Kavaliers; Boland Rugby; Boland Rugby Union; Kavaliers; Wynboere; ボーランド・カヴァリアーズ; ボーランド・カヴァリアーズU20","235",NA
"Boland Rugby","Boland Cavaliers; Boland; Boland Kavaliers; Boland Rugby; Boland Rugby Union; Kavaliers; Wynboere; ボーランド・カヴァリアーズ; ボーランド・カヴァリアーズU20","235",NA
"bologna","Rugby Bologna; Bologna; Bologna Rugby; Bologne Rugby; Bolonia; Rugby Bologna 1928; Rugby Bologne; Rugby Bologne 1928","610",NA
"Bombo Rugby Firenze","Bombo Rugby Firenze","7023",NA
"Bonneuil Villeneuve","Rst Plateau Briard/Bonneuil Villeneuve Brevannes; Bonneuil Villeneuve; Rugby Club BVB","4956",NA
"Boolaroo","Lake Macquarie Rugby Club; Boolaroo","3642",NA
"Border Country Districts","Border Country Districts","7920",NA
"border rc","Border RC","6072",NA
"borders xv","Border Reivers; Borders XV; Scottish Borders; Scottish Borderers; Scottish Border XV; Border Reivers Rugby Union; Border Reivers Rugby; Borders; The Borders; ボーダー・リーヴァーズ; ボーダー・レイダーズ; ボーダー・レイバース","157",NA
"Boroughmuir RFC","Boroughmuir RFC; Boroughmuir; Boroughmuir Bears; Boroughmuir Rugby & Community Sports Club","158",NA
"boucau","Boucau Tarnos stade; Boucau; Boucau stade; Boucau Stade; Boucau Tarnos; Boucau Tarnos Stade","439",NA
"boucau-tarnos","Boucau Tarnos stade; Boucau; Boucau stade; Boucau Stade; Boucau Tarnos; Boucau Tarnos Stade","439",NA
"Boucau Tarnos","Boucau Tarnos stade; Boucau; Boucau stade; Boucau Stade; Boucau Tarnos; Boucau Tarnos Stade","439",NA
"bourges","Bourges XV; Bourges","3120",NA
"bourges xv","Bourges XV; Bourges","3120",NA
"bournemouth rfc","Bournemouth Rugby Club; Bournemouth; Bournemouth RC; Bournemouth Rugby Football Club","995",NA
"Bowdon and Lymm Club","Bowdon and Lymm Rugby Club; Bowdon and Lymm Club","7919",NA
"box hill broncos","Box Hill RC; Box Hill Rugby; Box Hill; Box Hill Rugby Club; Box Hill Broncos","3637",NA
"box hill rugby","Box Hill RC; Box Hill Rugby; Box Hill; Box Hill Rugby Club; Box Hill Broncos","3637",NA
"boyne rfc","Boyne RFC","998",NA
"bp llandarcy rfc","BP Llandarcy RFC","6106",NA
"bradford rfc","Bradford Park Avenue A.F.C.; Bradford Park Avenue A.F.C.; BPA; BPAAFC; Bradford; Bradford Park Avenue; Bradford Park Avenue AFC; Bradford Park Avenue Association Football Club; Bradford Association Football Club; Bradford FC; Bradford PA; Bradford Park Avenue; Bradford Park Avenue A.F.C.; Bradford Park Avenue AFC; Bradford Park Avenue Association Football Club; Bradford Park Avenue F.C.; Bradford Park Avenue FC; Bradford RFC; The Avenue; Бредфорд футбольний клуб; Бредфорд Парк Авеню; ブラッドフォード・パーク・アベニューFC; 布拉德福德公園大街足球會","159",NA
"Bradford Salem","Bradford Salem RFC","4010",NA
"brakpan","Brakpan","6204",NA
"Brakpan RFC","Brakpan","6204",NA
"Bram","AS Bram","6990",NA
"Brampton Beavers","Brampton Beavers RFC; Brampton Beavers","7918",NA
"Brecon","Brecon RFC; Brecon Rugby Football Club","1001",NA
"breconshire","Breconshire District; Breconshire","7917",NA
"brescia","Rugby Brescia; Associazione Sportiva Rugby Brescia; Brescia; Junior Rugby Brescia; XV Leonessa d'Italia","2036",NA
"Brescia","Rugby Brescia; Associazione Sportiva Rugby Brescia; Brescia; Junior Rugby Brescia; XV Leonessa d'Italia","2036",NA
"Bridgend Ravens","Bridgend Ravens; Bridgend; Bridgend Ravens RFC; Bridgend Ravens Rugby Football Club; Bridgend RFC; Ravens; The Bridge; ブリジェンド; ブリジェンド・レイブンズ","440",NA
"bridgwater","Bridgwater & Albion; Bridgwater; Bridgwater & Albion RFC; Bridgwater & Albion Rugby Football Club; Bridgy","1004",NA
"Brisbane City","Brisbane City; Ballymore Tornadoes; Brisbane City Rugby Union; The Ballymore Tornadoes; バリーモア・トルネードス; バリーモア・トルネードズ; ブリスベン・シティ; ブリスベン・シティー; ブリスベンシティー","424",NA
"Brisbane Easts","Easts Tigers Rugby Union; Brisbane Easts; Easts Rugby Union Inc.; Easts Rugby; Easts Tigers; Tigers","496",NA
"Brisbane Souths","Souths Rugby; Brisbane Souths; Magpies; Souths Magpies; Souths RFC Brisbane; Souths Rugby Union Club; サウス","650",NA
"bristol university","University of Bristol RC; Bristol University; University of Bristol","7616",NA
"british empire forces","British Armed Forces; British Empire Forces; British Army of the Rhine","7486",NA
"British Lions","British & Irish Lions; B&Iライオンズ; British and Irish Lions; British Lions; Leoni britannico-irlandesi; Lions britanniques; Seleccion de rugby de los Leones Britanico-irlandeses; Selección de rugby de los Leones Británico-irlandeses; The British and Irish Lions; The Lions; 不列顛和愛爾蘭雄獅; 英國和愛爾蘭雄獅隊; 英國與愛爾蘭獅子; 英愛之獅","118",NA
"british police","British Police RFC; British Police","7916",NA
"british police rfc","British Police RFC; British Police","7916",NA
"Broad Street Rugby Club","Broadstreet Rugby Club; Broad Street Rugby Club; 'Street; Broadstreet RFC; Broadstreet Rugby Football Club","1011",NA
"Brothers Rugby Club Fiji","Brothers Rugby Club Fiji; Brothers Rugby Club","7568",NA
"Broughton Park","Broughton Park FC; Broughton Park Rugby Union F.C; Broughton Park Rugby; Broughton Park RUFC; Broughton Park; Broughton Park Football Club","1015",NA
"Broughton Park Rugby Union F.C","Broughton Park FC; Broughton Park Rugby Union F.C; Broughton Park Rugby; Broughton Park RUFC; Broughton Park; Broughton Park Football Club","1015",NA
"brunel university","Brunel University; Brunel University RFC","4095",NA
"brunel university rfc","Brunel University; Brunel University RFC","4095",NA
"Brunstane RFC","Brunstane RFC; Brunstane","7915",NA
"brynamman","Brynamman RFC; Brynamman","6121",NA
"Buccaneers RFC","Buccaneers RFC; Buccaneers; Buccaneers Rugby Football Club; Buccs","443",NA
"Buckingham RFC","Buckingham RFC; Buckingham RUFC","4127",NA
"bucovina suceava","CSM Bucovina Suceava; CSM Suceava; Progresul Suceava; Victoria Suceava; Dinamo Suceava; Viitorul Suceava; Chimia Suceava; Bucovina Suceava; Cetatea Suceava","7070",NA
"Bucovina Suceava","CSM Bucovina Suceava; CSM Suceava; Progresul Suceava; Victoria Suceava; Dinamo Suceava; Viitorul Suceava; Chimia Suceava; Bucovina Suceava; Cetatea Suceava","7070",NA
"budowlani lublin","Edach Budowlani Lublin; Budowlani Lublin","7082",NA
"bugue ac","Bugue Athletic Club; Bugue AC; Le Bugue; Le Bugue AC; Le Bugue Athletic Club","546",NA
"builth wells","Builth Wells RFC; The Bulls; Builth Wells Rugby Football Club","1026",NA
"bulava taganrog","Bulava Taganrog; Boulava Taganrog; ブラヴァ・タガンログ","444",NA
"Burnley RUFC","Burnley Rugby Club; Burnley RUFC; Burnley; Burnley Rugby Union Football Club","1031",NA
"burnside","Burnside RUFC; Burnside","3629",NA
"Burotic Abidjan","Burotic Abidjan","7033",NA
"Buzy-Ogeu","Association Sportive Buzy Ogeu; AS Buzy Ogeu","5308",NA
"C. R. Motril","CR Motril; C. R. Motril","7478",NA
"C. S. A. R.","Centre Sud Ardèche Rugby; C. S. A. R.; CSAR; CSAR Rugby","7041",NA
"C.F.R. Pașcani","CFR Pașcani; C.F.R. Pașcani","7042",NA
"c’chartres rugby","C' Chartres Rugby; C'Chartres Rugby; Entente chartraine; Rugby Chartres; Rugby Chartres Métropole; シャルトル; シャルトル・ラグビー","2981",NA
"ca castelsarrasin","Cercle athlétique castelsarrasinois; CA Castelsarrasin; CAC; CAC Castelsarrasin; Castelsarrasin","2401",NA
"CA Castelsarrasin","Cercle athlétique castelsarrasinois; CA Castelsarrasin; CAC; CAC Castelsarrasin; Castelsarrasin","2401",NA
"ca lannemezanais","CA Lannemezan; C.A. Lannemezanais; CAL; Cercle amical lannemezanais; CS Lannemezan; Lannemezan","460",NA
"ca lormont","Club athlétique Lormont Hauts de Garonne; CA Lormont; CA Lormont Hauts de Garonne; CA Lormont HG; Club athlétique Lormont Cenon rive droite; Lormont","2181",NA
"ca périgueux dordogne","CA Périgueux; CA Perigueux; CAPD; CAペリグー; CAぺリジュー; Club athletique Perigueux Dordogne; Club athlétique Périgueux Dordogne; Périgueux","182",NA
"ca pontarlier","Club Athlétique Pontissalien Rugby; CA Pontarlier; CA Pontarlier rugby; CAP Rugby; RC Pontarlier; Rugby club pontissalien rugby","3132",NA
"CA Villeneuve sur Lot","RC Villeneuve; CA Villeneuve sur Lot; C.A. Villeneuve; CA Villeneuve; RC Villeneuve-sur-Lot; Villeneuve XV","4524",NA
"cadeneaux-vitrolles","Pennes Mirabeau Cadeneaux Rugby; Cadeneaux-Vitrolles; Pennes Mirabeau Cadeneaux rugby","4821",NA
"Caerleon RFC","Caerleon R.F.C.; Helmets; Caerleon Rugby Football Club","1043",NA
"Caernarfon RFC","Caernarfon RFC; Caernarfon; Caernarfon Rugby Football Club","1044",NA
"caerphilly rugby club","Caerphilly RFC; Caerphilly; Caerphilly RFC CR Caerffili; Caerphilly Rugby Football Club Clwb Rygbi Caerffili; The Cheesemen/The Castlemen","450",NA
"cahors","Cahors Rugby; Cahors; Cahors rugby; Cahors Rugby - Stade Cadurcien; Cahors XV; Stade cadurcien","295",NA
"Caimani Rugby","Caimani Rugby","7914",NA
"Calafate","Calafate Rugby Club","3339",NA
"calcutta football club","Calcutta Cricket and Football Club; Calcutta Football Club; Calcutta Cricket Club; 加爾各答板球與足球俱樂部; 加尔各答板球和足球俱乐部; সিসিঅ্যান্ডএফসি","2039",NA
"Caldicot RFC","Caldicot RFC; Caldi; Caldicot Rugby Football Club","1045",NA
"Caldy","Caldy Rugby Football Club; Caldy; Caldy RFC; Caldy Rugby Club; The Ravers","1046",NA
"Caledon Club","Caledon RFC; Caledon Club; Caledon","6305",NA
"Caledon RC","Caledon RFC; Caledon Club; Caledon","6305",NA
"caledonian","Caledonian Rugby Club; Caledonian RC; Caledonian","7913",NA
"Caledonians RFC","Caledonian Thebans RFC; Caledonian Thebans Rugby Football Club; Caledonians RFC; The Thebans; The Thebans; Ἱερὸς Λόχος","1047",NA
"calgary canucks","Canucks rugby; Calgary Canucks; Calgary Canucks Rugby Club; Canucks","1058",NA
"Calgary Canucks","Canucks rugby; Calgary Canucks; Calgary Canucks Rugby Club; Canucks","1058",NA
"calgary hornets","Calgary Hornets RFC","7911",NA
"calgary saints","Calgary Saints RC","7912",NA
"calvisano rugby","Rugby Calvisano; Amat. & Calvisano; Calvisano; Calvisano Rugby; Ghial Calvisano; カルヴィザーノ; ラグビー・カルヴィザーノ","40",NA
"camborne school of mines","Camborne School of Mines","4310",NA
"Camborne School of Mines","Camborne School of Mines","4310",NA
"cambridge vandals","Cambridge Vandals","7910",NA
"canada u18","Canada national under-18 rugby union team; Canada -18; Canada Under-18; Canada U18","7036",NA
"canada u19","Canada national under-19 rugby union team; Canada U19; Canada -19; Canadá sub-19","7909",NA
"canada u21","Canada national under-21 rugby union team; Canada U21; Canada -21; Canadá sub-21","7908",NA
"canada under-18","Canada national under-18 rugby union team; Canada -18; Canada Under-18; Canada U18","7036",NA
"canada universities","Canada national university rugby union team; Canada U; Canada Universities","7907",NA
"cannstatter fc","SC 1880 Frankfurt; Frankfurt 1880 RFC; Cannstatter FC; Cannstatter Fussball-Club; Cannstatter Fußball-Club; Francoforte; Francoforte 1880; Francoforte 1880II; SC Francfort 1880; SC Frankfurt; SC Frankfurt 1880; Sport-Club Frankfurt 1880 e.V.","50",NA
"Canterbury","Canterbury Rugby Union Team; Canterbury Under-20s; Canterbury Under-19s; Canterbury B; Canterbury RFU; Canterbury RU; Canterbury RUFC; Canterbury Rugby; Canterbury Rugby Union; Canterbury; カンタベリー","2903",NA
"canterbury b","Canterbury Rugby Union Team; Canterbury Under-20s; Canterbury Under-19s; Canterbury B; Canterbury RFU; Canterbury RU; Canterbury RUFC; Canterbury Rugby; Canterbury Rugby Union; Canterbury; カンタベリー","2903",NA
"Canterbury Under-19s","Canterbury Rugby Union Team; Canterbury Under-20s; Canterbury Under-19s; Canterbury B; Canterbury RFU; Canterbury RU; Canterbury RUFC; Canterbury Rugby; Canterbury Rugby Union; Canterbury; カンタベリー","2903",NA
"Canterbury Under-20s","Canterbury Rugby Union Team; Canterbury Under-20s; Canterbury Under-19s; Canterbury B; Canterbury RFU; Canterbury RU; Canterbury RUFC; Canterbury Rugby; Canterbury Rugby Union; Canterbury; カンタベリー","2903",NA
"canterbury university","University of Canterbury; Canterbury University; カンタベリー大学; クライストチャーチ教育大学","6871",NA
"Canterbury University","University of Canterbury; Canterbury University; カンタベリー大学; クライストチャーチ教育大学","6871",NA
"canton divisional police","Canton Divisional Police","7906",NA
"canton wanderers rfc","Canton Wanderers RFC; Canton Wanderers","7905",NA
"capbreton","Union sportive capbretonnaise; Capbreton; US Capbreton; USC","3151",NA
"Capbreton-Hossegor","Capbreton Hossegor Rugby; Capbreton-Hossegor; Capbreton Hossegor R.; CHR","3153",NA
"Capbreton Hossegor Rugby","Capbreton Hossegor Rugby; Capbreton-Hossegor; Capbreton Hossegor R.; CHR","3153",NA
"cape town defence","Cape Town Defence; Cape Town Defence Force","7898",NA
"Cape Town Defence","Cape Town Defence; Cape Town Defence Force","7898",NA
"Capitolina Roma","Unione Rugby Capitolina; Capitolina Roma; Capitolina; Capitolina Rugby; La Legione Romana; La Legione Romana; The Roman Legion; UR Capitolina; アルマヴィヴァカピトリーナ","49",NA
"capoterra","Amatori Rugby Capoterra; Amatori Capoterra; Amatori Rugby Capoterra ASD; Capoterra","790",NA
"Cardiff Athletic","Cardiff Athletic RFC; Cardiff Athletic","7904",NA
"cardiff athletic rfc","Cardiff Athletic RFC; Cardiff Athletic","7904",NA
"Cardiff Blues U-18","Cardiff Rugby; Blue and Blacks; Cardiff Blues U-18; Cardiff Blues; Cardiff Blues A; Gleision; Gleision Caerdydd; カーディフ; カーディフ・ブルーズ; カーディフ・ラグビー","14",NA
"cardiff college of education","Cardiff College of Education","7903",NA
"Cardiff Medicals RFC","Cardiff Medicals RFC; Cardiff Medicals","7902",NA
"Cardiff Rangers","Cardiff Rangers","7901",NA
"Cardiff Romilly","Cardiff Romilly","7900",NA
"cardiff star","Cardiff Star","7899",NA
"CARF","Club athlétique raphaëlo-fréjusien; CA Saint-Raphaël Fréjus; CARF; Saint-Raphaël","3141",NA
"carlow rfc","County Carlow Football Club; Carlow RFC; Co Carlow Football Club","481",NA
"Carmarthen Quins","Carmarthen Quins RFC; Camarthen Quins; Carmarthen Quins; Carmarthen Quins Rugby Football Club; Carmarthen RFC; Quins; カーマーゼン・クインズ; カーマーゼン・クインズRFC; カーマーゼンクインズ","200",NA
"carmarthenshire county","Carmarthenshire County; Carmarthenshire","7896",NA
"carmarthenshire police","Carmarthenshire Police RC; Carmarthenshire Police","7897",NA
"carmaux","Union sportive carmausine; Carmaux; FC Carmaux; Olympique de Carmaux; U.S. Carmaux; Union Sportive Carmausine; US carmausine; US Carmaux","717",NA
"carqueiranne hyères","RC Hyères Carqueiranne La Crau; Carqueiranne Hyeres Crau; Carqueiranne-Hyères; Hyères; Hyères-Carqueiranne; RC Carqueiranne; RC Carqueiranne-Hyères; RC Carqueiranne Hyères; RC Hyères-C-C; RC Hyères-Carqueiranne; RC Hyères Carq. Crau; RC Hyères Carq. La Crau; RC Hyères Carqueiranne; RC Hyères CC; RCCH; RCHCC; RCイエール; RRC Hyères-Carq.-La Crau; Rugby club Carqueiranne Hyères; Union sportive Carqueiranne","621",NA
"carqueiranne hyeres crau","RC Hyères Carqueiranne La Crau; Carqueiranne Hyeres Crau; Carqueiranne-Hyères; Hyères; Hyères-Carqueiranne; RC Carqueiranne; RC Carqueiranne-Hyères; RC Carqueiranne Hyères; RC Hyères-C-C; RC Hyères-Carqueiranne; RC Hyères Carq. Crau; RC Hyères Carq. La Crau; RC Hyères Carqueiranne; RC Hyères CC; RCCH; RCHCC; RCイエール; RRC Hyères-Carq.-La Crau; Rugby club Carqueiranne Hyères; Union sportive Carqueiranne","621",NA
"Carqueiranne Hyeres Crau","RC Hyères Carqueiranne La Crau; Carqueiranne Hyeres Crau; Carqueiranne-Hyères; Hyères; Hyères-Carqueiranne; RC Carqueiranne; RC Carqueiranne-Hyères; RC Carqueiranne Hyères; RC Hyères-C-C; RC Hyères-Carqueiranne; RC Hyères Carq. Crau; RC Hyères Carq. La Crau; RC Hyères Carqueiranne; RC Hyères CC; RCCH; RCHCC; RCイエール; RRC Hyères-Carq.-La Crau; Rugby club Carqueiranne Hyères; Union sportive Carqueiranne","621",NA
"casale","Rugby Casale; ASD Rugby Casale; Casale; Casale Rugby","785",NA
"Casale","Rugby Casale; ASD Rugby Casale; Casale; Casale Rugby","785",NA
"cascais rugby linha","Cascais Rugby Linha","1065",NA
"CASPN Sarlat","Sarlat Rugby; CA Sarlat; CASPN; CASPN Sarlat; CAサルラ; Club athlétique sarladais","469",NA
"castanet","Avenir castanéen rugby; Avenir castanéen; Castanet; Castanet Rugby; Castanet-Tolosan; カスタネット","419",NA
"Castanet","Avenir castanéen rugby; Avenir castanéen; Castanet; Castanet Rugby; Castanet-Tolosan; カスタネット","419",NA
"castanet rugby","Avenir castanéen rugby; Avenir castanéen; Castanet; Castanet Rugby; Castanet-Tolosan; カスタネット","419",NA
"castanet tolosan","Avenir castanéen rugby; Avenir castanéen; Castanet; Castanet Rugby; Castanet-Tolosan; カスタネット","419",NA
"Castel Gandolfo Rugby","Castel Gandolfo Rugby; Castel Gandolfo","7895",NA
"castel san pietro","Rugby Castel San Pietro; Castel San Pietro","7467",NA
"castelnaudary","Rugby Olympique Castelnaudary; Castelnaudary; RC Castelnaudary; RO Castelnaudary","3123",NA
"castleford rfc","Castleford RFC","4415",NA
"Castleisland RFC","Castleisland RFC; Castleisland Rugby Football Club","7894",NA
"Casuarina Beach Rugby Club","Casuarina Beach Rugby Club","3798",NA
"Cathays HSOB","Cathays HSOB; Cathays High School Old Boys","7893",NA
"cathays united","Cathays United","7892",NA
"cavaillon","Stade union cavaillonnais; Cavaillon; Stade union cavaillon; SU Cavaillon","2189",NA
"cayman islands u19s","Cayman Islands national under-19 rugby union team; Cayman Islands U19s; Cayman Islands U19","7891",NA
"cca capdenac","Compound C ACapdenacois; CCA Capdenac","5036",NA
"Celtic RC","Celtic RC","5853",NA
"centurion","Centurion; Centurion RK","6206",NA
"ceres","Ceres","6307",NA
"cergy pontoise","Rugby Club de l'agglomération de Cergy-Pontoise; RC Cergy-Pontoise; Cergy-Pontoise; RC Pontoise; RCA Cergy-Pontoise","605",NA
"cesena rugby club","Cesena Rugby Club; Cesena","809",NA
"cfr grivita rosie bucharest","RC Grivița Bucharest; CFR Grivita Rosie Bucharest; Grivița București; Griviţa; Grivita Bucarest; Grivita Rosie; Griviţa Roşie; Grivița Roșie; RC  Grivița; RC Grivița - UNEFS București; RC Grivița București; RC Grivița Roșie; Rugby Club Griviţa București; Rugby Club Grivița București; Rugby Club Grivița Roșie","2113",NA
"CFR Pașcani","CFR Pașcani; C.F.R. Pașcani","7042",NA
"ch & fc sc","Colombo Hockey and Football Club SC; Colombo Hockey and Football Club Sports Club; CH & FC SC","7889",NA
"chaminuka rfc","Chaminuka RFC; Chaminuka; Chaminuka Rugby Football Club","7043",NA
"charrúas xv","Uruguay A national rugby union team; Charrúas XV; Uruguay A; Uruguay XV","2408",NA
"charters towers","Charters Towers Rugby Union; Charters Towers","3821",NA
"charters towers natives","Charters Towers Natives","7888",NA
"charters towers waratahs","Charters Towers Waratahs","7887",NA
"châtorange","Châtorange Rugby; Châtorange","7886",NA
"Checco l'Ovetto Camposampiero Rugby","Checco l'Ovetto Camposampiero Rugby; Checco Camposampiero Rugby","7885",NA
"cheltenham","Cheltenham Rugby Club; Cheltenham RC; Cheltenham RFC; Cheltenham Tigers Rugby Club; Cheltenham","7884",NA
"cheltenham rfc","Cheltenham Rugby Club; Cheltenham RC; Cheltenham RFC; Cheltenham Tigers Rugby Club; Cheltenham","7884",NA
"Cheltenham RFC","Cheltenham Rugby Club; Cheltenham RC; Cheltenham RFC; Cheltenham Tigers Rugby Club; Cheltenham","7884",NA
"Chertsey","Chertsey FC; Chertsey Football Club; Chertsey","7883",NA
"chichester","Chichester RFC; Blues; Chichester; Chichester Rugby Football Club","2381",NA
"Chichester Rugby Club","Chichester RFC; Blues; Chichester; Chichester Rugby Football Club","2381",NA
"chiefs development","Chiefs; Chiefs Development; Chiefs Under-18s; Chiefs Rugby Union; The Chiefs; Waikato Chiefs; チーフス; チーフス; チーフスデベロップメント","72",NA
"Chiefs Under-18s","Chiefs; Chiefs Development; Chiefs Under-18s; Chiefs Rugby Union; The Chiefs; Waikato Chiefs; チーフス; チーフス; チーフスデベロップメント","72",NA
"chile a","Chile A national rugby union team; Chile A; Chile XV; Chili XV","7046",NA
"chile xv","Chile A national rugby union team; Chile A; Chile XV; Chili XV","7046",NA
"china agricultural university","China Agricultural University; 中国農業大学","6872",NA
"Chinnor","Chinnor R.F.C.; Chinnor; Chinnor RFC; Chinnor Rugby; Chinnor Rugby Football Club; The Villagers; チンノーRFC","1087",NA
"Chinnor RFC","Chinnor R.F.C.; Chinnor; Chinnor RFC; Chinnor Rugby; Chinnor Rugby Football Club; The Villagers; チンノーRFC","1087",NA
"Chippenham RFC","Chippenham RFC; Chippenham Rugby Football Club","1088",NA
"christchurch","Christchurch FC; Christchurch","5763",NA
"Christchurch","Christchurch FC; Christchurch","5763",NA
"Christchurch Football Club","Christchurch FC; Christchurch","5763",NA
"Christchurch Marist","Marist Albion RFC; Marist Albion; Christchurch Marist","5779",NA
"christchurch suburbs","Suburbs RFC; Suburbs; Suburbs Rugby; Christchurch Suburbs","5794",NA
"Christian Brothers College","Old Christians Club; OCC; Christian Brothers College","1604",NA
"Chubut","Unión de Rugby del Valle del Chubut Team; Unión de Rugby del Valle del Chubut; Chubut; URVCh","7882",NA
"chuo university rugby football club","Chuo University Rugby Football Club; Chūō University RFC; Université Chūō; 中央大学; 中央大学法学部; 中央大学法学部法律学科","2054",NA
"Cincinnati Wolfhounds","Cincinnati Rugby Football Club; Cincinnati RFC; Cincinnati Wolfhounds","2837",NA
"cinderford rfc","Cinderford RFC; Cinderford; Cinderford R.F.C.; Cinderford Rugby; Cinderford Rugby Football Club; シンダーフォード","2262",NA
"Circulo Tenis Montevideo","Circulo de Tenis de Montevideo; CT Montevideo; Circulo Tenis Montevideo","7881",NA
"clark jets","Clark Jets Rugby Football Club; Clark Jets RFC; Clark Jets","7880",NA
"clean fighters yamanashi","Clean Fighters Yamanashi; クリーンファイターズ山梨; TOSENクリーンファイターズ; クリーンファイターズ; 山梨TOSENクリーンファイターズ","2452",NA
"Cleopatra Mamaia","CS Cleopatra Mamaia; CSクレオパトラ・ママヤ","6918",NA
"clevedon","Clevedon RFC","4263",NA
"Clifton","Clifton RFC; Clifton; Clifton Rugby; Clifton Rugby Club; Clifton Rugby Football; Clifton Rugby Football Club; Clifton Rugby Football Team; Lavender And Blacks; クリフトン","1101",NA
"Clifton RFC","Clifton RFC; Clifton; Clifton Rugby; Clifton Rugby Club; Clifton Rugby Football; Clifton Rugby Football Club; Clifton Rugby Football Team; Lavender And Blacks; クリフトン","1101",NA
"Clifton Rugby","Clifton RFC; Clifton; Clifton Rugby; Clifton Rugby Club; Clifton Rugby Football; Clifton Rugby Football Club; Clifton Rugby Football Team; Lavender And Blacks; クリフトン","1101",NA
"clogher valley rfc","Clogher Valley RFC","3154",NA
"clonakilty rfc","Clonakilty RFC; Clonakilty; Clonakilty R.F.C.; Clonakilty Rugby Football Club","463",NA
"Club Atlético San Sebastián","Atletiko San Sebastian Rugby; Club Atlético San Sebastián; Atlético San Sebastián","7879",NA
"Club Levengamalie","Club Levengamalie","7878",NA
"Club Logaritmo Rugby","Club Logaritmo Rugby; Logaritmo Rugby; Logaritmo RC","3245",NA
"club olympique tuchan","Club Olympique Tauch Corbieres; Club Olympique Tuchan; CO Tauch Corbières","5349",NA
"Club San Martin","Club San Martín; Club Atletico Ferrocarril General San Martin; Club Atlético Ferrocarril General San Martín; Ferroviarios; Pacific; Pacific Railway Athletic Club; San Martín; Tricolor","1105",NA
"club sportif de clichy","CS Clichy; Club Sportif de Clichy; CSクリシー","4563",NA
"club universitario de santa fe","Universitario de Santa Fe Club; Club Universitario de Santa Fe","2752",NA
"clydach vale rfc","Clydach Vale RFC","7877",NA
"cm floirac","CM Floirac rugby; CM Floirac; CMF; Floirac","3012",NA
"CNOT Steaua","CSA Steaua București; CNOT Steaua; Clubul Sportiv al Armatei Steaua București; CSA Steaua Bucarest; CSA Steaua București Rugby Union; CSAステアウア・ブクレシュティ; Militarii; Militarii; RC Steaua Bucarest; Roș-albaștrii; Roș-albaștrii; Rugby Club Steaua Bucarest; Rugby Club Steaua Bucureşti; Rugby Club Steaua București; Steaua; Steaua Bucarest; Steaua București; Steliștii; ステアウア・ブクレシュティ","343",NA
"CO Berre XV","CO Berre XV; Berre; Club Olympique Berre XV","3094",NA
"Cobh Pirates RFC","Cobh Pirates RFC; Cobh Pirates Rugby Football Club","7876",NA
"cocacola","Coca Cola West Red Sparks; CocaCola; Coca-Cola Red Sparks; Coca Cola Red Sparks; Red Sparks; West Red Sparks; コカ・コーラ; コカ・コーラウエスト; コカ・コーラウエストジャパン; コカ・コーラウエストレッドスパークス","478",NA
"colleferro","Colleferro Rugby 1965; Colleferro; Colleferro Rugby","812",NA
"college rovers","College Rovers; College Rovers RC; Jonsson College Rovers","6207",NA
"College Rovers","College Rovers; College Rovers RC; Jonsson College Rovers","6207",NA
"collegians bloemfontein","Bloemfontein Collegians RFC; Collegians Bloemfontein; Bloemfontein Collegians","6527",NA
"Collegians Bloemfontein","Bloemfontein Collegians RFC; Collegians Bloemfontein; Bloemfontein Collegians","6527",NA
"Collingwood RC","Collingwood Rugby Club; Collingwood RC","6012",NA
"Colomiers","US Colomiers; Colomiers; Colomiers rugby; Colomiers Rugby; U.S. Colomiers; U.S. Colomiers rugby; Union sportive Colomiers rugby; US Colomiers rugby; USコロミエ","260",NA
"colorno rugby","Rugby Colorno; Colorno; Colorno Rugby; Rugby Colorno 1975; コロルノ","844",NA
"combined service","Combined Services; Combined Service; Combined Services Rugby; Services XV","7465",NA
"combined services","Combined Services; Combined Service; Combined Services Rugby; Services XV","7465",NA
"Combined Services","Combined Services; Combined Service; Combined Services Rugby; Services XV","7465",NA
"contactoare buzău","Costructori Buzau; Contactoare Buzău; Contactoare Buzău rugby","7064",NA
"contor zenner arad","Contor Arad rugby; Contor Zenner Arad; Contor Arad","7061",NA
"Coogee Seahorses","Coogee Seahorses Rugby Union Club; Coogee Seahorses","7874",NA
"Coquelicots Montéchois Rugby","Coquelicots Montechois Rugby; Coquelicots Montéchois; Coquelicots Montéchois Rugby","4780",NA
"cordoba athletic","Córdoba Athletic Club; Cordoba Athletic; Córdoba A.C.; Cordoba Athletic Club; Rojinegro; コルドバ・アトレティコ; コルドバAC; コルドバアスレチックス","1162",NA
"Cornish Pirates Academy","Cornish Pirates; Cornish Pirates Academy; Cornish Pirates RUFC; Cornish Pirates Rugby; Cornish Pirates Rugby Club; Cornish Pirates Rugby Football Club; Cornish Pirates Rugby Football Team; Cornish Pirates Rugby Team; Klub Rugby Unys Pennsans ha Lulyn; Penzance & Newlyn; Penzance and Newlyn RFC; Penzance and Newlyn Rugby Football Club; Penzance Newlyn; コーニッシュ・パイレーツ; コーニッシュ・パスティ","220",NA
"cornwall","Cornwall Rugby Football Union; Cornwall; Cornwall RFU","7873",NA
"Corrib RFC","Corrib RFC","5458",NA
"Cottesloe RUFC","Cottesloe Rugby Union Football Club; Cottesloe RUFC; Cotts; Cott; The Seagulls","3057",NA
"counties manukaukaraka rugby football club","Counties Manukaukaraka Rugby Football Club; Counties Manukaukaraka RFC","7872",NA
"coventry saracens","Coventry Saracens RFC; Coventry Saracens","7871",NA
"cowbridge r.f.c 2nds","Cowbridge RFC; Cowbridge R.F.C 2nds","1143",NA
"Cowbridge RFC","Cowbridge RFC; Cowbridge R.F.C 2nds","1143",NA
"cr majadahonda","Club de Rugby Majadahonda; CR Majadahonda; マハダオンダ ラグビー クラブ","2861",NA
"cradock rovers","Cradock Rovers","7870",NA
"Craigmount","Craigmount RFC; Craigmount","7869",NA
"Cranleigh RFC","Cranleigh Rugby Football Club; Cranleigh RFC","7868",NA
"CRAR de Rafaela","Círculo Rafaelino de Rugby; CRAR; CRAR de Rafaela; CRAR Rafaela","7867",NA
"CREC Nouméa","CREC Rugby Nouméa; Club de Rugby Éducatif et Citoyen Nouméa; CREC Nouméa; CREC Rugby","7065",NA
"Crediton RFC","Crediton Rugby Football Club; Crediton RFC","3207",NA
"Creggs RFC","Creggs RFC","5459",NA
"Crescent RFC","Crescent RFC","5923",NA
"Crewe & Nantwich","Crewe & Nantwich RFC; Crewe & Nantwich RUFC","4023",NA
"crewe & nantwich rufc","Crewe & Nantwich RFC; Crewe & Nantwich RUFC","4023",NA
"CrossKeys RFC","Cross Keys RFC; CrossKeys RFC; Cross Keys; Cross Keys Rugby Football Club; The Keys; クロスキーズ","214",NA
"crumlin","Crumlin RFC; Crumlin Rugby Football Club","1149",NA
"Crusader-Tech","Crusaders SAP Rugby Club; Crusader RFC; Crusaders Rugby Club; Crusaders Port Elizabeth; Crusaders-Technikon; Crusader-Technikon; Crusaders Technikon; Crusader-Tech; Crusader Tech","7866",NA
"crusader-technikon","Crusaders SAP Rugby Club; Crusader RFC; Crusaders Rugby Club; Crusaders Port Elizabeth; Crusaders-Technikon; Crusader-Technikon; Crusaders Technikon; Crusader-Tech; Crusader Tech","7866",NA
"Crusader-Technikon","Crusaders SAP Rugby Club; Crusader RFC; Crusaders Rugby Club; Crusaders Port Elizabeth; Crusaders-Technikon; Crusader-Technikon; Crusaders Technikon; Crusader-Tech; Crusader Tech","7866",NA
"Crusader RFC","Crusaders SAP Rugby Club; Crusader RFC; Crusaders Rugby Club; Crusaders Port Elizabeth; Crusaders-Technikon; Crusader-Technikon; Crusaders Technikon; Crusader-Tech; Crusader Tech","7866",NA
"Crusaders Port Elizabeth","Crusaders SAP Rugby Club; Crusader RFC; Crusaders Rugby Club; Crusaders Port Elizabeth; Crusaders-Technikon; Crusader-Technikon; Crusaders Technikon; Crusader-Tech; Crusader Tech","7866",NA
"cs annonay","Club sportif annonéen; Annonay; Club sportif Annonay rugby; Club sportif d'Annonay; Club sportif d'Annonay rugby; CS Annonay; CSA; CS Annonay","3043",NA
"cs beaune","Club sportif beaunois; C.S. Beaune; CS Beaune; CS beaunois; CSB","2747",NA
"cs cleopatra mamaia","CS Cleopatra Mamaia; CSクレオパトラ・ママヤ","6918",NA
"CS Cleopatra Mamaia","CS Cleopatra Mamaia; CSクレオパトラ・ママヤ","6918",NA
"cs lons jura","Club sportif Lons Jura; CS lédonien; CS Lons; CS Lons-le-Saunier; Lons-le-Saunier; CS Lons-Le-Saunier; CS Lons Jura; RC Lons; ロン＝ル＝ソーニエ","473",NA
"CS Metrorex București","CS Metrorex Rugby; CS Metrorex; Metrorex București","7067",NA
"cs nuiton","Club Sportif Nuiton; Club sportif de Nuits-Saint-Georges; CS nuiton; CS Nuiton; CS Nuits; CS Nuits-Saint-Georges","3121",NA
"cs știința petroșani","Știința Petroșani; Clubul Sportiv Stiinta din Petrosani; Stiinta Petrosani; Ştiinta Petrosani; Ştiinta Petroşani; Știinta Petroșani","2137",NA
"CS Triumf București","Clubul Sportiv Școlar Triumf București; CS Triumf București; CS Triumf Bucarest; CSS Triumf; CSȘ Triumf Bucarest; CSS Triumf Bucuresti","7058",NA
"CS Vienne","Club sportif de Vienne rugby; A.S.C. Vienne; C.S. Vienne; Club sportif de Vienne; CS Vienne; CS Vienne rugby; CSV; RC Vienne; Vienne","474",NA
"cska moscow","RC CSKA Moscow; CSKA Mosca; CSKA Moscou; CSKAモスクワ; RC CSKA Moscou","2814",NA
"CSM București","CSM București; București; Clubul Sportiv Municipal București; CSM Bucarest; CSM București Rugby Union; CSMブカレスト; CSMブクレシュティ; CSŞ București; CSȘ București; Olimpia Bucarest; Olimpia București; オリンピア・ブカレスト; オリンピア・ブクレシュティ","2388",NA
"csm gennevilliers","Club sportif multisport gennevillois rugby; CSM Genneviliers; CSM Gennevilliers; Gennevilliers","475",NA
"csm sibiu","CSM Sibiu; Sibiu","7865",NA
"csrtm callatis mangalia","CSRTM Callatis Mangalia; CS FC Callatis Mangalia","7864",NA
"css bârlad","RC Bârlad; Club de Drept Public Rugby Club Bârlad; CSS Bârlad; CS Rulmentul Bârlad; RC  Bârlad; RCバルラード; Rulmentul Bârlad","2409",NA
"CSS Bârlad","RC Bârlad; Club de Drept Public Rugby Club Bârlad; CSS Bârlad; CS Rulmentul Bârlad; RC  Bârlad; RCバルラード; Rulmentul Bârlad","2409",NA
"CSȘ Constanța","CSM Constanța; CSŞ Constanța","3116",NA
"CSȘ Gura Humorului","RC Gura Humorului; CSȘ Gura Humorului; RCグラ・フモルルイ; Rugby Club Gura Humorului","3064",NA
"CSS Unirea Iași","CS Politehnica Iași Rugby; CS Politehnica Iași; CS Politehnica Iași Rugby Union; CS Politehnica Unirea Iași; CSS Unirea Iași; Poli Iași; Politehnica Iaşi; Politehnica Iași; RC Unirea Iași","2540",NA
"CSS Viitorul Cluj-Napoca","CSS Viitorul Cluj-Napoca","7863",NA
"csu agronomia bucurești","CSU Agronomia București","7862",NA
"Cullompton","Cullompton RFC","4039",NA
"cumberland","Cumberland; Cumbria Rugby Union; Cumbria","7489",NA
"Cumbria","Cumberland; Cumbria Rugby Union; Cumbria","7489",NA
"Curupaytí","Curupaytí Club de Rugby; Club Curupayti; Club Curupayti de Hurlingham; Curupa; Curupayti; Curupaytí; Curupayti Club de Rugby; Curupayti Rugby Club","1154",NA
"CUS Catania","CUS Catania Rugby; Centro Universitario Sportivo Catania; CUS Catane; CUS Catania","798",NA
"CUS Ferrara","CUS Ferrara Rugby; CUS Ferrara; Ferrara","799",NA
"cus genova","CUS Genova Rugby; CUS Genova; GUS Genova","800",NA
"CUS Genova","CUS Genova Rugby; CUS Genova; GUS Genova","800",NA
"CUS Genova Rugby","CUS Genova Rugby; CUS Genova; GUS Genova","800",NA
"cus milano","CUS Milano Rugby; CUS Milan; CUS Milano; CUS Milano rugby; GUF Milano","801",NA
"cus padova","CUS Padova Rugby; CUS Padoue; CUS Padova; CUSパドヴァ; GUF Padova","802",NA
"cus padova rugby","CUS Padova Rugby; CUS Padoue; CUS Padova; CUSパドヴァ; GUF Padova","802",NA
"CUS Padova Rugby","CUS Padova Rugby; CUS Padoue; CUS Padova; CUSパドヴァ; GUF Padova","802",NA
"cus roma rugby","CUS Roma Rugby; CUS Roma; CUS Rome; GUF Roma","803",NA
"CUS Torino","CUS Torino Rugby; Ad Maiora Rugby 1951; CUS Torino; GUF Torino","448",NA
"cus verona","Verona Rugby; CUS Verona; CUS Verona Rugby; CUS Vérone; CUS Vérone Rugby; CUSヴェローナ; Verona; Vérone Rugby","805",NA
"CUS Verona","Verona Rugby; CUS Verona; CUS Verona Rugby; CUS Vérone; CUS Vérone Rugby; CUSヴェローナ; Verona; Vérone Rugby","805",NA
"CUT Ixias Varsity Cup","CUT Ixias; CUT Ixias Varsity Cup; Central University of Technology; Central University of Technology Free State; Technikon Free State; Université de technologie centrale","6185",NA
"cuxac d’aude","Olympic Cuxac-d'Aude; Cuxac d’Aude","7190",NA
"Cwmafan RFC","Cwmavon RFC; Cwmafan RFC; Cwmavon Rugby Football Club; The Reds","1155",NA
"cymmer rfc","Cymmer RFC","7861",NA
"daito bunka university rfc","Daito Bunka University Rugby Football Club; Daito Bunka Univ.; Université Daito Bunka; 大東文化大学","2063",NA
"Daito Bunka University RFC","Daito Bunka University Rugby Football Club; Daito Bunka Univ.; Université Daito Bunka; 大東文化大学","2063",NA
"dallas rugby","Dallas RFC; Dallas Rugby; The Reds; Dallas Rugby Football Club","2902",NA
"Danygraig RFC","Danygraig RFC; Danygraig","7860",NA
"Darlington Mowden Park","Darlington Mowden Park R.F.C.; Darlington M. Park; Darlington Mowden Park; darlington mowden park rfc; Darlington Mowden Park RFC; Darlington Mowden Park Rugby Football Club; Darlington MP RFC; Mowden; Mowden Park; Mowden Rugby; Mowden Rugby Club; ダーリントン・モウデン・パーク","1167",NA
"datchworth","Datchworth RFC","4097",NA
"daveta","Daveta Rugby; Daveta","7859",NA
"Daveta","Daveta Rugby; Daveta","7859",NA
"de beers","De Beers RFC; De Beers","7858",NA
"decazeville","Sporting Club decazevillois; Decazeville; SC Decazeville; SCD","2669",NA
"Delvin RFC","Delvin RFC; Delvin Rugby Football Club","7857",NA
"denia","Denia Rugby Club; Denia RC; Denia","7856",NA
"dental students","Dental Students XV; Dental Students","7855",NA
"Denver Barbarians","Denver Barbarians RFC; Barbos; Denver Barbarians; Denver Barbarians Rugby Football Club","1174",NA
"des moines rugby club","Des Moines Rugby Club; Des Moines RC","7854",NA
"despatch","Despatch; GAP Despatch; GAP Management Despatch RC","6208",NA
"Despatch","Despatch; GAP Despatch; GAP Management Despatch RC","6208",NA
"devizes","Devizes RFC","3289",NA
"devonport albion","Plymouth Albion R.F.C.; Devonport Albion; Plymouth Rugby; Albion R.F.C.; Albion Rugby; Albion Rugby Club; Albion Rugby Football; Albion Rugby Football Club; P.A.R.F.C.; Plymouth; Plymouth Albion; Plymouth Albion RFC; Plymouth Albion Rugby; Plymouth Albion Rugby Club; Plymouth Albion Rugby Football; Plymouth Albion Rugby Football Club; R.F.C. Plymouth Albion; Rugby Albion; Rugby Club Albion; Rugby Club Plymouth Albion; Rugby Football Albion; Rugby Football Club Albion; Rugby Football Club Plymouth Albion; Rugby Football Plymouth Albion; Rugby Plymouth Albion; プリマス; プリマス・アルビオン; プリマス・アルビオンRFC","589",NA
"Devonport Services","Devonport Services R.F.C.; Devonport Services; Devonport Services Rugby Football Club; The Sporting Blues. Given in 1909 by the sports writer of the Western Evening Herald.","2278",NA
"Dewsbury RFC","Dewsbury Athletic and Football Club; Dewsbury AFC; Dewsbury RFC","7853",NA
"diggers","Diggers; Diggers RFC","6535",NA
"diggers rfc","Diggers; Diggers RFC","6535",NA
"Diggers RFC","Diggers; Diggers RFC","6535",NA
"Diggers Rugby Club","Diggers; Diggers RFC","6535",NA
"Dinamo București","CS Dinamo București; Alb-roșii; Alb-roșii; Bulldogi; Bulldogi; The Bulldogs; Clubul Sportiv Dinamo București; CS Dinamo București Rugby Union; CSディナモ・ブクレシュティ; Dinamo Bucarest; Dinamo București; Dinamoviștii; ディナモ・ブクレシュティ","488",NA
"dinamo moscow","Dynamo Moscow Rugby Club; Dinamo Moscow; RC Dynamo Moscow; RC Dinamo Moscou; RC Dynamo Moscou","876",NA
"dinas powys","Dinas Powys RFC","6138",NA
"Diss Rugby Club","Diss Rugby Club; Diss","1180",NA
"dmark kobs","Kobs Rugby Club; Dmark Kobs","7852",NA
"domont","Stade domontois rugby club; Domond; Domont; Domont RC; Domont rugby club; Domontois rugby club; Stade domontois; Stade Domontois; Stade domontois RC; Stade domontois Val-d'Oise; Stade Domontois Val D'oise; ドモン","668",NA
"Dorking","Dorking RFC; Dorking Rugby; Dorking R.F.C.; Dorking Rugby Football Club","2389",NA
"Dorking RFC","Dorking RFC; Dorking Rugby; Dorking R.F.C.; Dorking Rugby Football Club","2389",NA
"Doshisha University","Doshisha University Rugby Football Club; Doshisha University; Collège Dōshisha; Université Dōshisha; 同志社大学","2062",NA
"doshisha university rfc","Doshisha University Rugby Football Club; Doshisha University; Collège Dōshisha; Université Dōshisha; 同志社大学","2062",NA
"doshisha university rugby football club","Doshisha University Rugby Football Club; Doshisha University; Collège Dōshisha; Université Dōshisha; 同志社大学","2062",NA
"Doshisha University Rugby Football Club","Doshisha University Rugby Football Club; Doshisha University; Collège Dōshisha; Université Dōshisha; 同志社大学","2062",NA
"draguignan","Rugby Club Draguignan; Draguignan; RC Draguignan","3143",NA
"dratabu","Dratabu Rugby Club; Dratabu RC","7851",NA
"Dreux","RC Drouais; RC Dreux; Dreux","4689",NA
"dudley kingswinford rfc","Dudley Kingswinford; Dudley Kingswinford R.F.C; Dudley Kingswinford Rugby Football Club","1186",NA
"Dukinfield","Dukinfield RFC","4296",NA
"Dunărea Giurgiu","Dunărea Giurgiu","7850",NA
"dunedin","Dunedin RFC","5925",NA
"dunedin pirates","Pirates FC; Pirates Invercargill; Dunedin Pirates; Pirates Football Club Dunedin; Pirates Rugby Club","5935",NA
"Dunedin Pirates","Pirates FC; Pirates Invercargill; Dunedin Pirates; Pirates Football Club Dunedin; Pirates Rugby Club","5935",NA
"dunedin sharks","Dunedin Sharks","7848",NA
"Durban Collegians","Durban Collegians","1195",NA
"Durban Collegians RFC","Durban Collegians","1195",NA
"Durban Crusaders","Durban Crusaders","6618",NA
"durbanville-bellville","Durbanville-Bellville","6209",NA
"Durham City","Durham City RFC; Durham City 2nd XV; North Durham RFC; Durham city; Durham City; Durham City Rugby Football Club","2765",NA
"Durham City 2nd XV","Durham City RFC; Durham City 2nd XV; North Durham RFC; Durham city; Durham City; Durham City Rugby Football Club","2765",NA
"durham counties","Durham County Rugby Football Union; Durham County RFU; Durham Counties","7846",NA
"Durham County","Durham County Rugby Football Union Team; Durham County; Durham County Rugby Football Union","7555",NA
"Durham RFU","Durham Rugby Football Union; Durham RFU","7847",NA
"Durham University RFC","Durham University Rugby Football Club; Durham université; Durham University; Durham University RFC; Durham University Rugby; Palatinates; Université de Durham","2702",NA
"Dursley","Dursley RFC","3290",NA
"Dursley RFC","Dursley RFC","3290",NA
"Düsseldorf Dragons RFC","Düsseldorf Dragons RFC; Düsseldorf","7845",NA
"earlsdon","Earlsdon RFC","4249",NA
"Earlsdon RFC","Earlsdon RFC","4249",NA
"east christchurch","East Christchurch; East Christchurch RFC","7844",NA
"east coast bays","East Coast Bays RFC","5861",NA
"East Coast Bays","East Coast Bays RFC","5861",NA
"east coast bays rfc","East Coast Bays RFC","5861",NA
"east coast bays rugby club","East Coast Bays RFC","5861",NA
"East Coast Bays Rugby Football Club","East Coast Bays RFC","5861",NA
"East Grinstead","East Grinstead Rugby Football Club; East Grinstead RFC","2289",NA
"east of scotland","East of Scotland District; East of Scotland District Rugby Union; East of Scotland","2831",NA
"east palo alto","EPA Razorbacks Rugby Club; East Palo Alto; East Palo Alto Razorbacks; East Palo Alto Razorbacks Rugby Club; EPA Razorbacks; EPA Razorbacks RC","7094",NA
"East Palo Alto Razorbacks","EPA Razorbacks Rugby Club; East Palo Alto; East Palo Alto Razorbacks; East Palo Alto Razorbacks Rugby Club; EPA Razorbacks; EPA Razorbacks RC","7094",NA
"Eastern Free State","Griffons; Griffons Rugby Union; Noord-Vrystaat Griffons; Eastern Free State; Northern Free State Rugby; Northern Free State; グリフォンズ","531",NA
"Eastern Province Country Districts","Eastern Province Kings; Eastern Province Country Districts; E.P. Elephants; E.P. Kings; Eastern Kings; Eastern Province; Eastern Province Elephants; Eastern Province Rugby Union; Elephants; EP Elephants; EP Kings; EPキングス; Magtige Olifante; Mighty Elefants; Mighty Elephants; OP Kings; OP Olifante; イースタン・プロヴィンス; イースタン・プロヴィンス・キングス","495",NA
"easts rfc","Eastern Suburbs RUFC; פרברי מזרח RUFC; פרברים מזרחיים RUFC; Eastern Suburbs RUFC; Canberra; Easts; Easties; East Beasts; Beasties; イースタン・サバーブ","1203",NA
"Easts Rugby","Easts Tigers Rugby Union; Brisbane Easts; Easts Rugby Union Inc.; Easts Rugby; Easts Tigers; Tigers","496",NA
"Eastside Lions RFC","Eastside Lions Rugby; Eastside Lions RFC","7843",NA
"Eauze d'Armagnac","US Eauze d'Armagnac; US Eauze","5083",NA
"edinburgh city police","Edinburgh City Police","7842",NA
"Edinburgh College of Art","Edinburgh College of Art","7494",NA
"Edinburgh U-18","Edinburgh Rugby; Edinburgh U-18; Édimbourg; Édimbourg Gunners; Édimbourg Rugby; Edimburgo; Edinburgh; Edinburgh Gunners; Edinburgh Reivers; Rugby Edimburgo; The Gunners; エジンバラ; エジンバラ・ラグビー; エディンバラ; エディンバラ・ラグビー; 愛丁堡橄欖球隊; 爱丁堡橄榄球队","120",NA
"edmonton druids","Strathcona Druids Rugby Football Club; Strathcona Druids RFC; Strathcona Druids; Edmonton Druids","7841",NA
"edmonton irish canadian","Edmonton Irish Canadian","7831",NA
"edmonton nor'westers","Edmonton Nor'Westers Rugby Club; Edmonton Nor'Westers; Nor'Westers; Nor'Westers Athletic Association Rugby","7083",NA
"Elephant Rugby Gossolengo","Elephant Rugby Gossolengo; Gossolengo; Rugby Gossolengo; Gossolengo Rugby","7084",NA
"elorrio rugby taldea","Elorrio Rugby Taldea","7840",NA
"eltham","Eltham","3850",NA
"empils rostov on don","Rostov; Empils Rostov on Don; Empils Rostov-sur-le-Don","2975",NA
"endeavour rugby club","Endeavour Rugby Club; Endeavour RC","7839",NA
"England B","England A national rugby union team; England B; Angleterre A; Angleterre B; Angleterre XV; England A; England Saxons; England Saxon; Nazionale A di rugby XV dell'Inghilterra; ru a eng; イングランド・サクソンズ; イングランドA","824",NA
"england colleges","England national university rugby union team; England Universities; England Students; England Colleges; Angleterre U","7090",NA
"england colts","England national under-20 rugby union team; England Colts; Angleterre -20; Angleterre -20 ans; Inglaterra sub-20; Inglaterra U20; nazionale inglese u-20 di rugby; Seleccion juvenil de rugby de Inglaterra; Selección juvenil de rugby de Inglaterra; U20イングランド","163",NA
"England Colts","England national under-20 rugby union team; England Colts; Angleterre -20; Angleterre -20 ans; Inglaterra sub-20; Inglaterra U20; nazionale inglese u-20 di rugby; Seleccion juvenil de rugby de Inglaterra; Selección juvenil de rugby de Inglaterra; U20イングランド","163",NA
"england counties","England amateur national rugby union team; England Amateurs; National Division XV; England Counties; England Counties XV","813",NA
"england northern division","Rugby Football Union Northern Division; England Northern Division","7838",NA
"england rugby u-23","England national under-23 rugby union team; england rugby u-23","7837",NA
"england students","England national university rugby union team; England Universities; England Students; England Colleges; Angleterre U","7090",NA
"england u-19","England national under-19 rugby union team; England U19s; England U-19; England U-19s; England U19; England Under-19; England Under 19; England Under 19s; Angleterre -19","7087",NA
"england u-19s","England national under-19 rugby union team; England U19s; England U-19; England U-19s; England U19; England Under-19; England Under 19; England Under 19s; Angleterre -19","7087",NA
"england u-21","England national under-21 rugby union team; England U-21; England U21; England U21s; England Under 21; Angleterre U21; Angleterre -21; Angleterre -21 ans","7088",NA
"england u19","England national under-19 rugby union team; England U19s; England U-19; England U-19s; England U19; England Under-19; England Under 19; England Under 19s; Angleterre -19","7087",NA
"england u19s","England national under-19 rugby union team; England U19s; England U-19; England U-19s; England U19; England Under-19; England Under 19; England Under 19s; Angleterre -19","7087",NA
"england u21","England national under-21 rugby union team; England U-21; England U21; England U21s; England Under 21; Angleterre U21; Angleterre -21; Angleterre -21 ans","7088",NA
"england u21s","England national under-21 rugby union team; England U-21; England U21; England U21s; England Under 21; Angleterre U21; Angleterre -21; Angleterre -21 ans","7088",NA
"england under-19","England national under-19 rugby union team; England U19s; England U-19; England U-19s; England U19; England Under-19; England Under 19; England Under 19s; Angleterre -19","7087",NA
"england under 19","England national under-19 rugby union team; England U19s; England U-19; England U-19s; England U19; England Under-19; England Under 19; England Under 19s; Angleterre -19","7087",NA
"england under 19s","England national under-19 rugby union team; England U19s; England U-19; England U-19s; England U19; England Under-19; England Under 19; England Under 19s; Angleterre -19","7087",NA
"england under 21","England national under-21 rugby union team; England U-21; England U21; England U21s; England Under 21; Angleterre U21; Angleterre -21; Angleterre -21 ans","7088",NA
"england universities","England national university rugby union team; England Universities; England Students; England Colleges; Angleterre U","7090",NA
"Enisey-STM","Yenisey-STM Krasnoyarsk; Enisei-STM; Enisej-STM; Enisey-STM; Ienisseï-STM; Ienisseï Krasnoïarsk; STM Krasnoyarsk; STMクラスノヤルスク; Yenisey-STM; Yenisey-STM Rugby Club; Регбийный клуб Енисей-СТМ; тяжелая машина; エニセイ＝STM; エニセイSTM; エンセイSTM; クラスニヤール; クラスヌイ・ヤールクラスノヤルスク; クラスノヤルスク","166",NA
"entente des 4 cantons","4 Cantons BHAP; Entente des 4 cantons; Entente des 4 Cantons","4472",NA
"entente vallée de l'escou","Ras Escou Lasseube; Entente Vallée de l'Escou; SC Lasseube","4751",NA
"er galiza","ER Galiza","7836",NA
"ER Galiza","ER Galiza","7836",NA
"Ermelo","Ermelo","6679",NA
"és catalane","Étoile sportive catalane; ES Argèles; ES Argelès; ES argelésienne; ES catalane; ES Catalane; Étoile sportive argelésienne; Etoile sportive catalane; Grenouille sportive Argelésienne","779",NA
"ES Coteaux de l'Arrêt","Entente Sportive Coteaux de l'Arrêt; Arrêt; E.S.C.A Entente Sportive Des Coteaux De L'arrêt; ES Coteaux de l'Arrêt; ES Côteaux de l'Arrêt; ESCA; ESCA rugby","4782",NA
"es viry-châtillon","Viry-Châtillon Rugby Club; Entente sportive de Viry-Châtillon - Rugby; ES Viry-Châtillon; ES Viry-Châtillon - Rugby; ES Viry Chatillon; Viry-Châtillon; Viry-Châtillon RC; Viry RC; Viry Rugby Club","3133",NA
"Estudiantes de Paraná","Estudiantes de Paraná; Atlético Estudiantes; CA Estudiantes; Club Estudiantes de Parana; Estudiantes de Parana","2004",NA
"Étoile Sportive Arudyenne","ES Arudyenne; Arudy; ES Arudy","4746",NA
"ʻeua","'Eua Rugby Union; Eua Rugby Union; 'Eua; ʻEua","7835",NA
"evergreens","Evergreens","6211",NA
"exeter saracens rfc","Exeter Saracens","4173",NA
"Exeter Saracens RFC","Exeter Saracens","4173",NA
"f. j. c. moffat xv","Moffat RFC; Moffat Rugby Football Club; F. J. C. Moffat XV; The Rams","1519",NA
"falaleu marist","Falaleu Marist; Falaleu Marist Rugby Club","7096",NA
"false bay","False Bay; False Bay RC; False Bay RFC","6212",NA
"false bay rugby football club","False Bay; False Bay RC; False Bay RFC","6212",NA
"Farnham","Farnham RFC; Farnham RUFC","4033",NA
"Farnham RUFC","Farnham RFC; Farnham RUFC","4033",NA
"fasi ma'ufanga","Fasi Ma'ufanga Rugby Club; Fasi Ma'ufanga RC","7834",NA
"fc aix-les-bains","Football Club Aix-les-Bains; Aix-les-Bains; FC Aix; FC Aix-les-Bains; FCA; FCアックス","510",NA
"fc aix les bains","Football Club Aix-les-Bains; Aix-les-Bains; FC Aix; FC Aix-les-Bains; FCA; FCアックス","510",NA
"fc oloron","Football Club oloronais; Oloron; FC Oloron; FC Oloron rés.; FCオロロン; Football club Oloron; Football club oloronais rugby","513",NA
"fc tournon tain","FC Tournon Tain; FC Tain Tournon; FC Tournon-Tain","4604",NA
"FC Villefranche","Football club villefranchois; FC Villefranche; FC Villefranche-de-Lauragais; FC Villefranchois; FCV; Football Club Villefranchois; Villefranche-de-Lauragais","514",NA
"fc villefranchois","Football club villefranchois; FC Villefranche; FC Villefranche-de-Lauragais; FC Villefranchois; FCV; Football Club Villefranchois; Villefranche-de-Lauragais","514",NA
"fctt","Football club TOAC TOEC rugby; FC TOAC TOEC; FC Toac Toec Rugby; FCTT; FCTT rugby; FCTT Rugby; Football Club TOAC TOEC; TOAC TOEC; TOEC TOAC FCT","699",NA
"fctt rugby","Football club TOAC TOEC rugby; FC TOAC TOEC; FC Toac Toec Rugby; FCTT; FCTT rugby; FCTT Rugby; Football Club TOAC TOEC; TOAC TOEC; TOEC TOAC FCT","699",NA
"feilding old boys-oroua","Feilding Old Boys RFC; Feilding Old Boys-Oroua; Feilding Old Boys Oroua Rugby and Netball Club; FOBO; The Stags","1234",NA
"Feilding Yellows","Feilding Yellows RFC; Feilding Yellows; Feilding Yellows Rugby Football Club","2962",NA
"ferrara","CUS Ferrara Rugby; CUS Ferrara; Ferrara","799",NA
"fife district xv","Fife District XV","7833",NA
"figeac","GS Figeac; CS Figeac; Figeac; Groupe sportif figeacois; GS Figeacois; GSF","532",NA
"Fiji Army Rugby Union Club","Fiji Army Rugby Union Club; Army Rugby Union; Army Rugby Club","7941",NA
"fiji b","Fiji A national rugby union team; Fiji A; Fiji B","7806",NA
"fiji national","Fiji national rugby union team; Fiji National; Echipa naţională de rugby din fiji; équipe des îles Fidji de rugby à XV; Ffiji tîm rygbi'r undeb cenedlaethol; Fidji; Fidji nasional rugbyspan; Fidji nasionale rugbyspan; Fidji se nasionale rugbyspan; Figi; Fijisch rugbyteam; Fiyi; Fliying Fijians; Flying Fijians; Nazionale di rugby a 15 di Figi; Nazionale di rugby XV delle Figi; Nazionale di rugby XV di Figi; Reprezentacja Fidżi w rugby mężczyzn; ru fji; Seleção Fijana de Râguebi; Seleção Fijana de Rugby; Selección de rugbi de Fixi; Selección de rugby de Fixi; Seleccion de rugby de Fiyi; Selección de rugby de Fiyi; Seleccion nacional de rugby de Fiyi; Selección nacional de rugby de Fiyi; Sgioba naiseanta rugbaidh Fhidi; tîm rygbi'r undeb cenedlaethol Ffiji; Tîm rygbi cenedlaethol Ffiji; tîm rygbi Ffiji; フィジー","222",NA
"fiji police rugby union","Fiji Police Rugby Union; Fiji Police","7832",NA
"fiji u-19","Fiji national under-19 rugby union team; Fiji U-19; Fiji U19; Fidji -19","7100",NA
"fiji u-21","Fiji national under-21 rugby union team; Fiji U-21; Fiji U21; Fidji -21","7101",NA
"fiji u18s","Fiji national under-18 rugby union team; Fiji U18s; Fidji -18","7099",NA
"fiji u19","Fiji national under-19 rugby union team; Fiji U-19; Fiji U19; Fidji -19","7100",NA
"fiji u21","Fiji national under-21 rugby union team; Fiji U-21; Fiji U21; Fidji -21","7101",NA
"fiji xv","Fiji Warriors; Fidji Warriors; Figi XV; Fiji A; Fiji XV; ru a fji; Warriors; フィジー・ウォリアーズ; フィジーウォリアーズ","506",NA
"Firenze Rugby 1931","Firenze Rugby 1931; CUS Firenze; CUS Firenze Rugby; Firenze 1931; Giunti Firenze Rugby 1931","509",NA
"Fiumicello","ASD Rugby Fiumicello; Fiumicello","5591",NA
"flers","RC Flers Et Pays Du Bocage; Flers; RC Bocage virois","5301",NA
"floirac","CM Floirac rugby; CM Floirac; CMF; Floirac","3012",NA
"Florentia Rugby","Florentia Rugby; Florentia","7103",NA
"FNB Wanderers","Wanderers Rugby Club; FNB Wanderers; Wanderers; Wanderers RC; ワンダラーズ","2637",NA
"Focșani","Focșani RC; Focșani; Focșani Rugby Club","7637",NA
"Foothills Lions","Foothills Lions Rugby Football Club; Foothills Lions RFC; Foothills Lions","7830",NA
"Foothills Lions RFC","Foothills Lions Rugby Football Club; Foothills Lions RFC; Foothills Lions","7830",NA
"Forlì Rugby","Forlì Rugby; Rugby Forlì 1979","7829",NA
"france u-21","France national under-21 rugby union team; France U-21; France U21; France -21; France -21 ans; Francia under 21","2743",NA
"france u19","France national under-19 rugby union team; France U19; France U19's; France -19; France -19 ans; les Bleuets; selecció francesa de rugbi a XV sub-19","2469",NA
"france u19's","France national under-19 rugby union team; France U19; France U19's; France -19; France -19 ans; les Bleuets; selecció francesa de rugbi a XV sub-19","2469",NA
"france u21","France national under-21 rugby union team; France U-21; France U21; France -21; France -21 ans; Francia under 21","2743",NA
"france u23","France national under-23 rugby union team; France U23","7805",NA
"frankfurt 1880 rfc","SC 1880 Frankfurt; Frankfurt 1880 RFC; Cannstatter FC; Cannstatter Fussball-Club; Cannstatter Fußball-Club; Francoforte; Francoforte 1880; Francoforte 1880II; SC Francfort 1880; SC Frankfurt; SC Frankfurt 1880; Sport-Club Frankfurt 1880 e.V.","50",NA
"Frascati","Rugby Frascati Union; Frascati Rugby Union; Frascati Rugby; AS Rugby Frascati; Frascati; Rugby Città di Frascati; Rugby Città di Frascati SSD; Rugby Frascati","840",NA
"Frascati Rugby","Rugby Frascati Union; Frascati Rugby Union; Frascati Rugby; AS Rugby Frascati; Frascati; Rugby Città di Frascati; Rugby Città di Frascati SSD; Rugby Frascati","840",NA
"Frascati Rugby Union","Rugby Frascati Union; Frascati Rugby Union; Frascati Rugby; AS Rugby Frascati; Frascati; Rugby Città di Frascati; Rugby Città di Frascati SSD; Rugby Frascati","840",NA
"fraser tech","Fraser Tech RC; Fraser Tech; フレイザーテックラグビークラブ","6042",NA
"Free State Cheetahs U19","Cheetahs; Free State Cheetahs; Free State Cheetahs U19; F.S. Cheetahs; Free State; FS Cheetahs; Central Cheetahs; Cheetahs Rugby Union; Griquas / Cheetahs; チーターズ; フリーステート; FSチーターズ; Orange Free State; エマージング・チーターズ; オレンジ・フリーステイト; フリーステイト・チーターズ; フリーステイトXV; フリーステート; フリーステート・チーターズ; フリーステートXV; フリーステートチーターズ","22",NA
"free state defence","Bloemfontein Defence Force; Free State Defence","6528",NA
"freyberg","Freyberg Old Boys RFC; Freyberg Old Boys; Freyberg Old Boys Rugby Football Club; Freyberg RC","2963",NA
"freyberg rc","Freyberg Old Boys RFC; Freyberg Old Boys; Freyberg Old Boys Rugby Football Club; Freyberg RC","2963",NA
"fukuoka institute of technology","Fukuoka Institute of Technology Rugby Club; Fukuoka Institute of Technology; 福岡工業大学","2090",NA
"Fushimi Industrial HS","Fushimi Rugby Club; Fushimi RC; Fushimi Industrial HS; Fushimi Technical HS","7828",NA
"Fushimi Technical HS","Fushimi Rugby Club; Fushimi RC; Fushimi Industrial HS; Fushimi Technical HS","7828",NA
"gai wu rfc","Gai Wu RFC; ガイ・ウーRFC","6929",NA
"gala star","Gala Star RFC; Gala Star","7827",NA
"galveston rfc","Galveston RFC; Galveston Rugby Football Club","7109",NA
"gardens-tech rfc","Gardens-Tech RFC","7826",NA
"Gardens-Tech RFC","Gardens-Tech RFC","7826",NA
"Gardens RFC","Gardens RFC; Gardens","6465",NA
"garioch rugby","Garioch RFC; Garioch Rugby; Garioch Rugby Football Club","2951",NA
"garrison rfc","Garrison RFC; South African Air Force","7825",NA
"Garrison RFC","Garrison RFC; South African Air Force","7825",NA
"Gateshead Fell","Gateshead RFC; Gateshead; Gateshead Fell RFC; Gateshead Fell","4194",NA
"Gateshead Fell RFC","Gateshead RFC; Gateshead; Gateshead Fell RFC; Gateshead Fell","4194",NA
"gaunavou","Gaunavou Rugby Club; Gaunavou; Gaunavou RC","7110",NA
"géorgia","Georgia national rugby union team; Georgia; Georgia rugby takımı; Géorgie; Georgisch rugbyteam; Gürcistan milli rugby takımı; Gürcistan ragbi takımı; Gürcistan ulusal ragbi takımı; nazionale georgiana di rugby; ru geo; Seleccion de rugby de Georgia; tîm rygbi'r undeb cenedlaethol Georgia; Tîm rygbi'r undeb cenedlaethol Jeorjia; Tîm rygbi cenedlaethol Georgia; Tîm rygbi cenedlaethol Jeorjia; ジョージア; ラグビーグルジア代表","82",NA
"georgia u19","Georgia national under-19 rugby union team; Georgia Under-19; Georgia U19; Géorgie -19","7111",NA
"georgia under-19","Georgia national under-19 rugby union team; Georgia Under-19; Georgia U19; Géorgie -19","7111",NA
"germiston simmer","Germiston Simmer","6537",NA
"Germiston Simmer","Germiston Simmer","6537",NA
"GISPI Prato","Gispi Rugby Prato; Gispi Prato","5635",NA
"givors","SO Givors; Givors; Stade Olympique Givors","3044",NA
"gladiatori sanniti","Gladiatori Sanniti; グラディアートル・サンニチ","814",NA
"Glais RFC","Glais RFC","3179",NA
"glamorgan police","Glamorgan Police RFC; Glamorgan Police Rugby Football Club","1264",NA
"Glamorgan Police","Glamorgan Police RFC; Glamorgan Police Rugby Football Club","1264",NA
"Glamorgan Wanderers RFC","Glamorgan Wanderers RFC; Glamorgan; Glamorgan Wanderers; Glamorgan Wanderers Rugby Football Club; The Wands; グラモーガン・ワンダラーズ","81",NA
"glasgow highlanders","Glasgow Highlanders; Highland Light Infantry","7824",NA
"Glasgow Hutchesons Aloysians","Glasgow Hutchesons Aloysians RFC; GHA; GHA Rugby Football Club; Glasgow Hutchesons' Aloysians Rugby Football Club; Glasgow Hutchesons Aloysians","525",NA
"glasgow thistles","Glasgow Warriors; Glasgow Thistles; Glasgow; Glasgow Caledonian; Glasgow Caledonians; Glasgow Rugby; Glaswgow Warriors; グラスゴー; グラスゴー・ウォリアーズ","37",NA
"Glasgow Thistles","Glasgow Warriors; Glasgow Thistles; Glasgow; Glasgow Caledonian; Glasgow Caledonians; Glasgow Rugby; Glaswgow Warriors; グラスゴー; グラスゴー・ウォリアーズ","37",NA
"glebe-balmain","Balmain RFC; Balmain; Glebe-Balmain; Glebe-Balmain RUFC; Balmain Rugby Club; Muzzled Wolves","2438",NA
"Glebe-Balmain","Balmain RFC; Balmain; Glebe-Balmain; Glebe-Balmain RUFC; Balmain Rugby Club; Muzzled Wolves","2438",NA
"glebe-balmain rufc","Balmain RFC; Balmain; Glebe-Balmain; Glebe-Balmain RUFC; Balmain Rugby Club; Muzzled Wolves","2438",NA
"glebe rufc","Glebe RU; Glebe Sydney; Glebe RUFC; Glebe Rugby Union","7114",NA
"Glebe RUFC","Glebe RU; Glebe Sydney; Glebe RUFC; Glebe Rugby Union","7114",NA
"glebe rugby union","Glebe RU; Glebe Sydney; Glebe RUFC; Glebe Rugby Union","7114",NA
"Glebe Rugby Union","Glebe RU; Glebe Sydney; Glebe RUFC; Glebe Rugby Union","7114",NA
"glebe sydney","Glebe RU; Glebe Sydney; Glebe RUFC; Glebe Rugby Union","7114",NA
"Glenmark","Glenmark RFC","5768",NA
"Glenmark RFC","Glenmark RFC","5768",NA
"Glenwood Old Boys","Glenwood High School Old Boys; Glenwood Old Boys","7823",NA
"Gloucestershire","Gloucestershire Rugby Football Union Team; Gloucestershire; Gloucestershire Rugby Football Union; Gloucestershire RFU","7551",NA
"Glyncoch","Glyncoch RFC","6151",NA
"Glyncoch RFC","Glyncoch RFC","6151",NA
"Gold Coast Breakers","Gold Coast Breakers; Bond University; Bond University RC; Bond University Rugby Club; ボンドユニバーシティ; ボンド大学","526",NA
"Gold Coast Eagles","Gold Coast Eagles; Gold Coast 'Eagles'; Gold Coast Rugby Union Football Club Inc.","2551",NA
"golden lions u/21","Lions; Golden Lions; Cats; Lions du Transvaal; The Lions; Golden Lions u/21; Gauteng Lions; Golden Cats; Golden Lions U20; Golden Lions U21; MTM Lions; Rooibontes; Transvaal; Transvaal / Golden Lions; Transvaal Rugby Union; Xerox Golden Lions; ゴールデン・ライオンズ; ゴールデン・ライオンズXV; ゴールデンライオンズ; トランスヴァール; キャッツ; ライオンズ; ライオンズU18; 골든 라이온스; 라이온스; 트란스발","241",NA
"Gordon","Gordon RFC; Gordon; Gordon Rugby; Gordon Rugby Football Club; Highlanders; Stags","527",NA
"Gorey Rugby Club","Gorey RFC; Gorey Rugby Club; Gorey; Gorey Rugby Football Club; none","1271",NA
"Gorseinon","Gorseinon RFC; Gorseinon Rugby Football Club","1272",NA
"Gossolengo Rugby","Elephant Rugby Gossolengo; Gossolengo; Rugby Gossolengo; Gossolengo Rugby","7084",NA
"gourdon xv","Gourdon XV Bouriane; Entente gourdonnaise; Gourdon XV","529",NA
"GPS Old Boys","GPS Rugby; GPS Old Boys; Gallopers; GPS Old Boys Rugby Union Club; GPS Rugby Club; GPSラグビークラブ; The Gallopers or Jeeps","516",NA
"grafton","Grafton Redmen; Grafton","3898",NA
"Grafton","Grafton Redmen; Grafton","3898",NA
"Grafton Rugby Club","Grafton Redmen; Grafton","3898",NA
"Grammar-Carlton","Grammar Carlton RFC; GC; Grammar Carlton Rugby Football Club","1278",NA
"Grammar Carlton RFC","Grammar Carlton RFC; GC; Grammar Carlton Rugby Football Club","1278",NA
"Grammar TEC RC","Grammar TEC RC; Grammar TEC Rugby Club; グラマーTEC","2565",NA
"grand rapids","Grand Rapids Gazelles; Grand Rapids; Grand Rapids Gazelles RFC; Grand Rapids Rugby","7117",NA
"grande milano rugby","Rugby Grande Milano; Grande Milano; Grande Milano Rugby; グランデ・ミラノ; ミラノ","843",NA
"Granducato Livorno","Rugby Livorno 1931; Livorno 1931; Livorno; Rugby Livorno; Granducato Livorno; Rugby Livourne; Rugby Livourne 1931; ラグビーリヴォルノ1931; リヴォルノ","847",NA
"Granducato Rugby","GranDucato Parma; Amatori Parma Rugby; Amatori Parme; FTGI Granducato; Gran Ducato; Gran Ducato Parma Rugby; Gran Parma; GRAN Parma; Gran Parma Rugby; Gran Parme; GRAN Parme; Gran Parme Rugby; GRAN Parme Rugby; Gran Rugby; Gran Rugby Parma; Gran Rugby Parme; GRAN Rugby Parme; GranDucato; GranDucato Parma Rugby; GranDucato Parme; Granducato Rugby; GranDucato Rugby Parma; GranParma; Parma Rugby; Rugby Parme; SKG GRAN Parma; SKG GRAN Parma Rugby; SKG Gran Parme; グラン・デュカート","218",NA
"grangetown","Cardiff Internationals Athletic Club; CIACS; Grangetown; Grangetown Stars","7047",NA
"grangetown stars","Cardiff Internationals Athletic Club; CIACS; Grangetown; Grangetown Stars","7047",NA
"grasse","Rugby olympique de Grasse; Grasse; RO Grasse; ROG; Rugby Olympique de Grasse","634",NA
"Great Public Schools' Old Boys","Wanderers Rugby Football Club; Great Public Schools' Old Boys; Wanderers RFC; Wanderers","3647",NA
"green island","Green Island RFC; Green Island; グリーン・アイランドRFC","5927",NA
"Greenock Wanderers","Greenock Wanderers RFC; Greenock Wanderers","1279",NA
"greerton marist","Greerton Marist Recreation & Community Sports Club; Greerton Marist RC","5720",NA
"greerton marist rfc","Greerton Marist Recreation & Community Sports Club; Greerton Marist RC","5720",NA
"grenade sur l'adour","Rugby Grenade; Grenade sur l'Adour; Grenade; Grenade-s.-Adour; Grenade sports; Grenade Sports","4483",NA
"greytown","Greytown RC","6057",NA
"Griquas Country Districts","Griquas; Griquas Country Districts; Griekwas Rugbyspan; Griqualand West; Griqualand West Griquas; Griqualand West Rugby Union; Griquas Rugby Union; GWK Griekwas; GWK Griquas; Peacock Blues; Poubloues; Poubloues; West Griquas; Wildeklawer Griekwas; Wildeklawer Griquas; グリークアズ; グリクアス; グリクアズ; グリクアランド・ウェスト","234",NA
"Grivița București","RC Grivița Bucharest; CFR Grivita Rosie Bucharest; Grivița București; Griviţa; Grivita Bucarest; Grivita Rosie; Griviţa Roşie; Grivița Roșie; RC  Grivița; RC Grivița - UNEFS București; RC Grivița București; RC Grivița Roșie; Rugby Club Griviţa București; Rugby Club Grivița București; Rugby Club Grivița Roșie","2113",NA
"grivița roșie","RC Grivița Bucharest; CFR Grivita Rosie Bucharest; Grivița București; Griviţa; Grivita Bucarest; Grivita Rosie; Griviţa Roşie; Grivița Roșie; RC  Grivița; RC Grivița - UNEFS București; RC Grivița București; RC Grivița Roșie; Rugby Club Griviţa București; Rugby Club Grivița București; Rugby Club Grivița Roșie","2113",NA
"guildfordians rfc","Guildfordians Rugby Football Club; Guildfordians RFC","3204",NA
"Guisborough","Guisborough RUFC; Guisborough Rugby Club; Guisborough","7822",NA
"Guisborough RUFC","Guisborough RUFC; Guisborough Rugby Club; Guisborough","7822",NA
"Gunnedah Rugby Club","Gunnedah Red Devils; Gunnedah Rugby Club","3688",NA
"haagsche rugby club","Haagsche Rugby Club; Haagsche RC; HRC","7120",NA
"Haagsche Rugby Club","Haagsche Rugby Club; Haagsche RC; HRC","7120",NA
"haʻapai","Ha'apai Sea Warriors Rugby; Ha'apai; Haʻapai","7821",NA
"hafod rovers","Hafod Rovers","7820",NA
"Hafod Rovers","Hafod Rovers","7820",NA
"Hafodyrynys RFC","Hafodyrynys RFC","6169",NA
"Hakuoh University","Hakuoh University Rugby Football Club; Hakuoh University; 白鴎大学ラグビー部; 白鷗大学","2520",NA
"halifax tars","Halifax Tars RFC; Halifax Tars","7819",NA
"halifax tars rfc","Halifax Tars RFC; Halifax Tars","7819",NA
"hamilton hawks","Hamilton Hawks","3641",NA
"hamilton marist","Hamilton Marist RC","6043",NA
"Hamilton Marist","Hamilton Marist RC","6043",NA
"hamilton marist rfc","Hamilton Marist RC","6043",NA
"Hamilton Old Boys","Hamilton Old Boys RC; Hamilton Old Boys RSC; Hamilton Old Boys; Hamilton Old Boys Rugby Club","6044",NA
"hamilton old boys rsc","Hamilton Old Boys RC; Hamilton Old Boys RSC; Hamilton Old Boys; Hamilton Old Boys Rugby Club","6044",NA
"hamilton sea point rfc","Hamilton RFC Sea Point; Hamilton Sea Point RFC; Hamilton RFC; Hammies; Hamilton Rugby Football Club","2338",NA
"Hamilton Sea Point RFC","Hamilton RFC Sea Point; Hamilton Sea Point RFC; Hamilton RFC; Hammies; Hamilton Rugby Football Club","2338",NA
"hampshire county","Hampshire Rugby Football Union Team; Hampshire County; Hampshire Rugby Football Union","7548",NA
"harare sports club","Harare Sports Club; Salisbury Sports Club","7488",NA
"Harare Sports club","Harare Sports Club; Salisbury Sports Club","7488",NA
"Harbord Harlequins","Sydney Harlequins RC; Sydney Harlequins RFC; Harbord Harlequins","3967",NA
"harbour dunedin","Harbour Rugby Club Dunedin; Harbour Dunedin","7818",NA
"harbour rfc","Harbour RFC","5928",NA
"Harlequin F.C.","Harlequin F.C.; Harlequin; Harlequin FC; Harlequin Football Club; Harlequin Rugby; Harlequin Rugby Club; Harlequins; Harlequins Club; Harlequins FC; Harlequins Football Club; Harlequins Rugby; Harlequins Rugby Club; NEC Harlequins; NECハーレクインズ; Quins; The Quarters; ハーレクインズ; 할리퀸스; 할리퀸스 풋볼 클럽; 小丑橄欖球俱樂部","230",NA
"Harlequins RFC NZ","Harlequins RFC; Harlequins RFC NZ","5974",NA
"harrogate rfc","Harrogate RUFC; Aces; Harrogate; Harrogate RFC; Harrogate Rugby; Harrogate Rugby Club; Harrogate Rugby Football Club; Harrogate Rugby Union; Harrogate Rugby Union Club; Harrogate Rugby Union Football; Harrogate Rugby Union Football Club; RFC Harrogate; RUFC Harrogate; Rugby Club Harrogate; Rugby Football Club Harrogate; Rugby Union Football Club Harrogate; Rugby Union Football Harrogate; Rugby Union Harrogate","1303",NA
"Harrow RFC","Harrow RFC; Harrow Rugby Football Club","1304",NA
"hartford wanderers","Hartford Wanderers RFC","1305",NA
"Hartpury College","Hartpury University RFC; Hartpury College; Hartpury College RFC; Hartpury College Rugby Football Club; Hartpury RFC; Hartpury Rugby; Hartpury University; Hartpury University R.F.C.; Hartpury University Rugby Football Club; カレッジハートプリュー大学; ハートプリー大学; ハートプリー大学RFC; ハイトペニーカレッジ","2205",NA
"hartpury university r.f.c","Hartpury University RFC; Hartpury College; Hartpury College RFC; Hartpury College Rugby Football Club; Hartpury RFC; Hartpury Rugby; Hartpury University; Hartpury University R.F.C.; Hartpury University Rugby Football Club; カレッジハートプリュー大学; ハートプリー大学; ハートプリー大学RFC; ハイトペニーカレッジ","2205",NA
"hastings high school old boys","Hastings High School Old Boys; Hastings HSOB","7817",NA
"hastings r&s","Hastings Rugby & Sports Club; Hastings Rugby & Sports; Hastings R&S","7816",NA
"Hastings R&S","Hastings Rugby & Sports Club; Hastings Rugby & Sports; Hastings R&S","7816",NA
"hautapu rfc","Hautapu RC; Hautapu","6045",NA
"havelu bulldogs","Havelu Bulldogs Rugby; Havelu Bulldogs","7815",NA
"hawera","Hawera RFC","7122",NA
"Hawera Athletic","Hawera Athletic RFC","7121",NA
"Hawera RFC","Hawera RFC","7122",NA
"hawick","Hawick RFC; Hawick; Hawick RFU; Hawick Rugby Football Club","165",NA
"Hawick Albion","Hawick Albion","7814",NA
"hawick psa","Hawick P.S.A. RFC; Hawick PSA","7813",NA
"Hawick PSA","Hawick P.S.A. RFC; Hawick PSA","7813",NA
"Hawick RFC","Hawick RFC; Hawick; Hawick RFU; Hawick Rugby Football Club","165",NA
"Hawick St. Cuthberts","Hawick St. Cuthberts","7812",NA
"hawick teviot union","Hawick Teviot Union","7811",NA
"hawick wanderers","Hawick Wanderers RFC; Hawick Wanderers","7810",NA
"Hawick Wanderers","Hawick Wanderers RFC; Hawick Wanderers","7810",NA
"hawke's bay county","Hawke's Bay Rugby Union Team; Hawke's Bay County; Hawke's Bay; Hawke's Bay Magpies; Hawke's Bay RU; Hawke's Bay Rugby; Hawke's Bay Unicorns; Hawkes Bay; ホークス・ベイ; ホークス・ベイ NPC; ホークスベイ; ホークスベイRGA","2908",NA
"Haywards Heath RFC","Haywards Heath RFC; Haywards Heath; Haywards Heath Rugby Football Club; Heath","1314",NA
"helensville","Helensville RC","5863",NA
"helston rfc","Helston RFC; Helston Rugby Football Club","1317",NA
"henley","Henley Hawks; Henley Hawks Football Club; Henley Hawks Rugby; Henley Hawks Rugby Club; Henley Hawks Rugby team; Henley Rugby Club","1319",NA
"Henley Hawks","Henley Hawks; Henley Hawks Football Club; Henley Hawks Rugby; Henley Hawks Rugby Club; Henley Hawks Rugby team; Henley Rugby Club","1319",NA
"Hertford RFC","Hertford Rugby Football Club; Hertford","1321",NA
"hibernian f.c.","Hibernian FC","7123",NA
"High School Old Boys rfc","High School Old Boys RFC; HS Old Boys RFC; Old Boys; ハイスクール・オールドボーイズRFC; ハイスクールオールドボーイズ","1322",NA
"High School Old Boys RFC","High School Old Boys RFC; HS Old Boys RFC; Old Boys; ハイスクール・オールドボーイズRFC; ハイスクールオールドボーイズ","1322",NA
"hihifo rugby club","Hihifo Rugby Club; Hihifo RC","7809",NA
"hikurangi","Hikurangi Rugby Union Football Club","5883",NA
"hino motors","Hino Red Dolphins; Hino Motors; Hino Motors Red Dolphins; Red Dolphins; Rugby Hino Red Dolphins; 日野; 日野RD; 日野レッドドルフィンズ; 日野自動車; 日野自動車レッドドルフィンズ","2478",NA
"Hirwaun RFC","Hirwaun RFC","6128",NA
"hkcc","Hong Kong Cricket Club; HKCC","7546",NA
"hku sandy bay","HKU Sandy Bay RFC; HKU Sandy Bay; Sandy Bay","7808",NA
"hku sandy bay rfc","HKU Sandy Bay RFC; HKU Sandy Bay; Sandy Bay","7808",NA
"hokkaido barbarians","Hokkaido Barbarians; Hokkaido Barbarians R.S.C.; Hokkaido Barbarians Rugby & Sports Club; 北海道バーバリアンズ; 北海道バーバリアンズラグビーアンドスポーツクラブ","2061",NA
"hong kong china under-19","Hong Kong national under-19 rugby union team; hong kong china under-19","7807",NA
"Hong Kong FC","Hong Kong FC; Hong Kong Football Club; HKFC; 香港FC","6931",NA
"Hora Hora","Hora Hora RFC; Hora Hora; Hora Hora Rugby Football Club","2172",NA
"Hornsby RC","Hornsby Rugby Club; Hornsby RC; Hornsby Rugby Union Club; The Lions; Hornsby Rugby Union Football Club","1346",NA
"hosei university rfc","Hosei University Rugby Football Club; Université Hōsei; 法政大学; 法政大学ラグビー部","2368",NA
"Hosei University RFC","Hosei University Rugby Football Club; Université Hōsei; 法政大学; 法政大学ラグビー部","2368",NA
"hosei university rugby football club","Hosei University Rugby Football Club; Université Hōsei; 法政大学; 法政大学ラグビー部","2368",NA
"Hossegor","Association sportive Hossegor; AS Hossegor; ASH","3152",NA
"houston athletic rc","Houston Athletic RC; HARC; Houston Athletic Rugby Club","7125",NA
"Hove RFC","Hove Rugby Football Club; Hove Rugby Club","2297",NA
"Hull","Hull RUFC; Hull Rugby Union; Hull; Hull Rugby Football Club; ハルRUFC","2298",NA
"Hull and East Riding","Hull and East Riding RUFC; Hull and East Riding; Hull & East Riding; Hull & East Riding RUFC","7804",NA
"hull rugby union","Hull RUFC; Hull Rugby Union; Hull; Hull Rugby Football Club; ハルRUFC","2298",NA
"Hunters Hill Rugby Club","Hunters Hill Rugby Club; Hillies; Hunters Hill; Hunters Hill RUFC; Hunters Hill Rugby; ハンターズ・ヒル","2272",NA
"Huntington Beach","Huntington Beach Rugby Club; Huntington Beach RC; Huntington Beach","7803",NA
"Hutt Old Boys Marist","Hutt Old Boys-Marist; Hutt Old Boys-Marist RFC; ハットオールドボーイズマリスト","1353",NA
"hyères-carqueiranne-la crau","RC Hyères Carqueiranne La Crau; Carqueiranne Hyeres Crau; Carqueiranne-Hyères; Hyères; Hyères-Carqueiranne; RC Carqueiranne; RC Carqueiranne-Hyères; RC Carqueiranne Hyères; RC Hyères-C-C; RC Hyères-Carqueiranne; RC Hyères Carq. Crau; RC Hyères Carq. La Crau; RC Hyères Carqueiranne; RC Hyères CC; RCCH; RCHCC; RCイエール; RRC Hyères-Carq.-La Crau; Rugby club Carqueiranne Hyères; Union sportive Carqueiranne","621",NA
"Ikey Tigers","Ikey Tigers; UCT RFC; Université du Cap; UCT Ikey Tigers; Ikeys; university of cape town; University of Cape Town Rugby Football Club; ケープタウン大学","1358",NA
"Illawarra","Illawarra Rugby Union Team; Illawarra Rugby Union; Illawarra","7802",NA
"Indiana Hoosiers","Indiana Hoosiers; Hoosiers de l'Indiana; Indiana University Bloomington; Université de l'Indiana à Bloomington","7128",NA
"indonesia xv","Indonesia national rugby union team; Indonesia XV; Nazionale di rugby XV dell'Indonesia","743",NA
"industriales rugby","Ingenieros Industriales Las Rozas Rugby; Industriales Rugby","1348",NA
"inglewood","Inglewood United Rugby Football Club; Inglewood","5990",NA
"inishowen","Inishowen RFC","5495",NA
"instonians rfc","Instonians; Instonians RFC","337",NA
"Invercargill Blues Rugby Club","Invercargill Rugby Club; Invercargill Rugby Club; Blues; Invercargill Blues RC; インバーカーギル・ブルーズ","1366",NA
"Invercargill Star","Star Rugby Club; Invercargill Star; Star RC; Star RFC; Star Rugby Football Club","1841",NA
"ireland club xv","Ireland amateur national rugby union team; Ireland Club XV; Ireland Clubs; Ireland U18 Clubs","7801",NA
"ireland clubs","Ireland amateur national rugby union team; Ireland Club XV; Ireland Clubs; Ireland U18 Clubs","7801",NA
"ireland u-19s","Ireland national under-19 rugby union team; Ireland U19’s; Ireland U19; Ireland U19s; Ireland U-19s; Irlande -19; アイルランドU19","6933",NA
"ireland u-21s","Ireland national under-21 rugby union team; Ireland U-21s; Ireland Under-21; Irl U-21; Ireland U21; Irlande -21; アイルランドU21","6934",NA
"ireland u18","Ireland national under-18 rugby union team; Ireland U18s; Ireland U18; Ireland Under-18; Irlande -18; U18アイルランド","6932",NA
"ireland u18 clubs","Ireland amateur national rugby union team; Ireland Club XV; Ireland Clubs; Ireland U18 Clubs","7801",NA
"ireland u18s","Ireland national under-18 rugby union team; Ireland U18s; Ireland U18; Ireland Under-18; Irlande -18; U18アイルランド","6932",NA
"ireland u19","Ireland national under-19 rugby union team; Ireland U19’s; Ireland U19; Ireland U19s; Ireland U-19s; Irlande -19; アイルランドU19","6933",NA
"ireland u19’s","Ireland national under-19 rugby union team; Ireland U19’s; Ireland U19; Ireland U19s; Ireland U-19s; Irlande -19; アイルランドU19","6933",NA
"ireland u19s","Ireland national under-19 rugby union team; Ireland U19’s; Ireland U19; Ireland U19s; Ireland U-19s; Irlande -19; アイルランドU19","6933",NA
"ireland u21","Ireland national under-21 rugby union team; Ireland U-21s; Ireland Under-21; Irl U-21; Ireland U21; Irlande -21; アイルランドU21","6934",NA
"ireland u23","Ireland national under-23 rugby union team; Irlande -23; Ireland u23","7800",NA
"ireland under-18","Ireland national under-18 rugby union team; Ireland U18s; Ireland U18; Ireland Under-18; Irlande -18; U18アイルランド","6932",NA
"ireland under-21","Ireland national under-21 rugby union team; Ireland U-21s; Ireland Under-21; Irl U-21; Ireland U21; Irlande -21; アイルランドU21","6934",NA
"irl u-21","Ireland national under-21 rugby union team; Ireland U-21s; Ireland Under-21; Irl U-21; Ireland U21; Irlande -21; アイルランドU21","6934",NA
"irvine coast rfc","Irvine RFC; Irvine Coast RFC; Irvine; Irvine Rugby Football Club","1372",NA
"italy u21","Italy national under-21 rugby union team; Italy Under 21; Italy U21; Italie -21","7129",NA
"italy under 21","Italy national under-21 rugby union team; Italy Under 21; Italy U21; Italie -21","7129",NA
"italy under 23","Italy national under-23 rugby union team; Italy Under 23","7799",NA
"Izon","Us Izonnaise; US Izon; Izon","7383",NA
"ja isle","JA Isle","4473",NA
"James Bay Athletic Association","James Bay Athletic Association; James Bay AS; James Bay A.A.; James Bay AA; ジェームズベイAA","2347",NA
"japan under-19","Japan national under-19 rugby union team; Japan Under-19; Japon -19; U19日本","3306",NA
"JCU Mariners","JCU Mariners","3794",NA
"Jed-Forest RFC","Jed-Forest RFC; Jedburgh RFC; Jed-Forest; Jed-Forest Rugby Football Club","357",NA
"Jedburgh RFC","Jed-Forest RFC; Jedburgh RFC; Jed-Forest; Jed-Forest Rugby Football Club","357",NA
"jersey","Jersey RFC","3148",NA
"Jesolo Rugby","Jesolo Rugby; Jesolo","819",NA
"jiki gori","RC Jiki; Jiki; Jikebi; RC Jiki Gori; RCジュキ; Rugby Club Jiki Gori; Jiki Gori","2382",NA
"Jockey Club de Salta","Jockey Club de Salta","2694",NA
"johannesburg pirates","Pirates; Pirates RC; Pirates RFC; Johannesburg Pirates","6218",NA
"johannesburg wanderers","Johannesburg Wanderers; Wanderers RFC Johannesburg; Wanderers Club","7588",NA
"Johannesburg Wanderers","Johannesburg Wanderers; Wanderers RFC Johannesburg; Wanderers Club","7588",NA
"johnsonville","Johnsonville RFC; Johnsonville; ジョンソンビル","6076",NA
"Johnsonville","Johnsonville RFC; Johnsonville; ジョンソンビル","6076",NA
"johnsonville rfc","Johnsonville RFC; Johnsonville; ジョンソンビル","6076",NA
"js riscle","Jeunesse sportive riscloise; JS Riscle","2850",NA
"Juillac-Objat","Union Sportive Juillac Objat","4766",NA
"Junior All Blacks","New Zealand A national rugby union team; NZ Colts; New Zealand national under-23 rugby union team; Junior All Blacks; New Zealand A; NZ Emerging Players; NZ Juniors; NZ Colts; All Blacks XV; Nouvelle-Zélande B; Nuova Zelanda A; Nuova Zelanda A rugby; オールブラックスXV; ジュニアオールブラックス","124",NA
"junior springboks","Emerging Springboks; S.A. A; South Africa XV; Afrique du Sud A; Afrique du Sud A; Amabokoboko; Bokke; Boks; Emerging South Africa; Gazelles; Junior Springboks; ru a zaf; South Africa A; South Africa A national rugby union team; South Africa Gazelles; Springbokke; Springboks; Sudafrica A; Sudafrica A rugby","822",NA
"kabras sugar rfc","Kabras Sugar RFC; カブラスシュガーRFC","6916",NA
"kahurangi","Kahurangi Rugby Club","6015",NA
"kaiapoi","Kaiapoi RFC","5772",NA
"kaierau","Kaierau RC","6077",NA
"Kaikohe","Kaikohe Rugby Football and Sports Club; Kaikohe","5886",NA
"kaikorai","Kaikorai RFC","5930",NA
"Kaikorai","Kaikorai RFC","5930",NA
"kaikorai rugby football club","Kaikorai RFC","5930",NA
"kamo","Kamo Rugby and Squash Club; Kamo","5890",NA
"kaneka","Kaneka Corporation; Kaneka; Kaneka Chemicals; Rugby Kaneka Chemicals; 鐘淵化学","6898",NA
"kanto gakuin university rfc","Kanto Gakuin University Rugby Football Club; Kanto Gakuin University; Université Kanto Gakuin; 関東学院大学","2099",NA
"Kanto Gakuin University RFC","Kanto Gakuin University Rugby Football Club; Kanto Gakuin University; Université Kanto Gakuin; 関東学院大学","2099",NA
"Kanturk","Kanturk RFC; Kanturk Rugby Football Club","2497",NA
"karaka","Karaka RC; Karaka RFC","5807",NA
"Katikati","Katikati Rugby Football Club","5723",NA
"katikati rfc","Katikati Rugby Football Club","5723",NA
"katsunuma club","Katsunuma Club; 勝沼クラブ","6935",NA
"kawagoe fighters","Kawagoe Fighters","7798",NA
"KCB RC","Kenya Commercial Bank RFC; KCB Rugby Club; KCB RFC; The Lions","1402",NA
"KCS Old Boys RFC","KCS Old Boys RFC","3234",NA
"keio university rfc","Keio University Rugby Football Club; Université Keiō; 慶應義塾; 慶應義塾大学; 慶應義塾大学ラグビー部; 慶應義塾大学医学部; 慶應義塾大学蹴球部; 慶應義塾蹴球部","2070",NA
"Kempsey Cannonballs","Kempsey Cannonballs","3900",NA
"kenya under-20","Kenya national under-20 rugby union team; Kenya Under-20; U20ケニア","2680",NA
"kepco","Korea Electric Power Corporation; 韓国電力公社; 韓国電力; KEPCO","6865",NA
"KEPCO","Korea Electric Power Corporation; 韓国電力公社; 韓国電力; KEPCO","6865",NA
"kereone rugby club","Kereone Rugby and Sports Club; Kereone Rugby Club","7797",NA
"Kettering","Kettering Rugby Football Club; Kettering; Kettering Rugby Club; Kettering RFC; The Blues","1404",NA
"Kettering Rugby Club","Kettering Rugby Football Club; Kettering; Kettering Rugby Club; Kettering RFC; The Blues","1404",NA
"Khashuri","Khashuri","7796",NA
"Kia Toa","Kia Toa RFC","1406",NA
"kiama","Kiama","3747",NA
"Kidderminster Carolians","Kidderminster Carolians","4115",NA
"Kings Country","King Country Rugby Football Union; Kings Country; King Country; King Country RFU; King Country Rugby; Rams; キング・カントリー","541",NA
"Kinki University RFC","Kindai University Rugby Club; Kinki University RFC; Kinki University Rugby Club; 近畿大学; 近畿大学ラグビー部","2097",NA
"kio kio united","Kio Kio United Sports Club; Kio Kio United; Kio Kio","5840",NA
"kirwee","Kirwee RFC","5773",NA
"Kishniev Blue Marine","Kishniev Blue Marine","7795",NA
"kochebi","RC Kochebi Bolnisi; Kochebi; RC Kochebi; RC Kotchebi; RC Qochebi Bolnisi; RCコチェビ; RCコチェビ・ボルニシ; RCコチェビボルニシ; Rugby Club Qochebi Bolnisi; コチェビ; コチェビ・ボルニシ","2223",NA
"Kokstad RFC","Kokstad","6631",NA
"kolofo'ou","Kolofo'ou Rugby Club; Kolofo'ou RC; Kolofo'ou","7794",NA
"kolomotu'a","Kolomotu'a Rugby; Kolomotu'a","7793",NA
"kona bulls","Kona Bulls Rugby; Kona Bulls","7792",NA
"kowloon","Kowloon RFC","1421",NA
"kuaotunu","Kuaotunu RFC; Kuaotunu","7791",NA
"kudu rugby club","Kudu Rugby Club; Kudu","7790",NA
"kumeu","Kumeu Riverhead RC; Kumeu","5864",NA
"kusagae young ruggers","Kusagae Young Ruggers","7789",NA
"KwaZulu-Natal","KwaZulu-Natal Country Districts; KwaZulu-Natal","7788",NA
"KwaZulu-Natal Country Districts","KwaZulu-Natal Country Districts; KwaZulu-Natal","7788",NA
"kyoto sangyo university","Kyoto Sangyo University Rugby Football Club; Kyoto Sangyo University; Université Kyoto Sangyo; 京都産業大学; 京都産業大学ラグビー部","2059",NA
"kyoto sangyo university rfc","Kyoto Sangyo University Rugby Football Club; Kyoto Sangyo University; Université Kyoto Sangyo; 京都産業大学; 京都産業大学ラグビー部","2059",NA
"Kyoto Sangyo University Rugby Football Club","Kyoto Sangyo University Rugby Football Club; Kyoto Sangyo University; Université Kyoto Sangyo; 京都産業大学; 京都産業大学ラグビー部","2059",NA
"L'Aquila Rugby","L’Aquila Rugby Club; L'Aquila; L'Aquila Rugby; L'Aquila Rugby 1936; L’Aquila; L’Aquila Rugby 1936 S.S.D. A.R.L.; Neroverdi; Polisportiva L'Aquila Rugby; Società Amatoriale L'Aquila Rugby; ラクイラ","341",NA
"La Plata","La Plata Rugby Club; Canario; La Plata; La Plata R.C.; La Plata RC; ラプラタ","543",NA
"la san diego legion","San Diego Legion; LA San Diego Legion; Legion de San Diego; サンディエゴ・リージョン","2692",NA
"la teste","Union sportive testerine; La Teste; US La Teste; US La Teste-de-Buch; ラ・テスト","722",NA
"la valette","XV du Coudon; La Valette; La Valette-du-Var; RC Canton Garde Pradet; RC La Valette; RC La Valette Le Revest La Garde Le Pradet; RC Valette Revest; RC valettois; RC valettois revestois; RC Valettois Revestois; RCV; RCVR; RCVRGP; Rugby Club La Valette Le Revest La Garde Le Pradet; Rugby Club valettois; Rugby Club valettois revestois; ラ・ヴァレット","2881",NA
"la valette-du-var","XV du Coudon; La Valette; La Valette-du-Var; RC Canton Garde Pradet; RC La Valette; RC La Valette Le Revest La Garde Le Pradet; RC Valette Revest; RC valettois; RC valettois revestois; RC Valettois Revestois; RCV; RCVR; RCVRGP; Rugby Club La Valette Le Revest La Garde Le Pradet; Rugby Club valettois; Rugby Club valettois revestois; ラ・ヴァレット","2881",NA
"la voulte","La Voulte sportif; La Voulte; La Voulte Sportif","508",NA
"la voulte rugby","La Voulte Rugby Club Ardèche; La Voulte Rugby","4641",NA
"Laffitte St Germain Poissy","MLSGP Rugby; Laffitte St Germain Poissy; Maison-Laffitte Saint-Germain Poissy Rugby; Maisons-Laffitte Saint-Germain-en-Laye Poissy Rugby; MLSGP 78; MLSGP 78 rugby; Saint-Germain-en-Laye; Saint Germain","2889",NA
"lake county rugby club","Lake County Rugby Club; Lake County Coyotes","7787",NA
"lake forest college","Lake Forest College; Lind University","7495",NA
"Lancashire County","Lancashire County Rugby Football Union Team; Lancashire County; Lancashire County Rugby Football Union","7537",NA
"Larche","Rugby Causse Vézère; Larche","4478",NA
"lautoka","Lautoka; Lautoka Rugby; ラウトカ","4444",NA
"Lautoka RFC","Lautoka; Lautoka Rugby; ラウトカ","4444",NA
"lavaur","Amicale sportive vauréenne; AS Lavaur; Association sportive vauréenne; ASV Lavaur; Lavaur","414",NA
"lavengamalie","Lavengamalie Rugby Club; Lavengamalie; Lavengamalie RC; Lavengamalie RFC","7139",NA
"Lazio","SS Lazio Rugby 1927; Aquile; Biancazzurri; Biancocelesti; Lazio; Lazio & Primavera Rugby; Lazio Rome; Lazio Rugby; Lazio Rugby 1927; Lazio&Primavera; Polisportiva S.S. Lazio Rugby 1927; S.S. Lazio; S.S. Lazio Rugby; S.S. Lazio Rugby 1927; S.S.ラツィオ・ラグビー1927; S.S.ラツィオ1927; Società Sportiva Lazio; SS Lazio; SS Lazio 1927; SS Lazio Rugby; SSラツィオ; ラツィオ","205",NA
"lazio rugby","SS Lazio Rugby 1927; Aquile; Biancazzurri; Biancocelesti; Lazio; Lazio & Primavera Rugby; Lazio Rome; Lazio Rugby; Lazio Rugby 1927; Lazio&Primavera; Polisportiva S.S. Lazio Rugby 1927; S.S. Lazio; S.S. Lazio Rugby; S.S. Lazio Rugby 1927; S.S.ラツィオ・ラグビー1927; S.S.ラツィオ1927; Società Sportiva Lazio; SS Lazio; SS Lazio 1927; SS Lazio Rugby; SSラツィオ; ラツィオ","205",NA
"le bugue","Bugue Athletic Club; Bugue AC; Le Bugue; Le Bugue AC; Le Bugue Athletic Club","546",NA
"le bugue ac","Bugue Athletic Club; Bugue AC; Le Bugue; Le Bugue AC; Le Bugue Athletic Club","546",NA
"leamington rfc","Leamington Rugby Football Club; Leamington RFC","7785",NA
"Lectoure","US Lectouroise; US Lectoure; Lectoure","4806",NA
"Ledbury","Ledbury RFC","4052",NA
"Leeds Beckett University","Leeds Metropolitan University; LMU; Leeds Beckett University; LBU","7784",NA
"Leeds Carnegie Academy","Leeds Tykes; Headingley; Headingley FC; Leeds Carnegie Academy; Leeds Carnegie; Leeds Carnegie RFC; Leeds Carnegie Rugby; Leeds Carnegie Rugby Football Club; Leeds Carnegie Rugby Team; Leeds R.U.F.C.; Leeds RUFC; Leeds Rugby; Leeds Tykes Rugby Union; Leeds Tykes Rugby Union Football Club; Yorkshire Carnegie; Yorkshire Carnegie Academy; Yorkshire Carnegie R.F.C; Yorkshire Carnegie RFC; Yorkshire Carnegie Ruby; Yorkshire Carnegie RUFC; Yorkshire Carnegie Rugby; Yorkshire Carnegie Rugby Football Club; Yorkshire Carnegie Rugby Team; ヨークシャー; ヨークシャー・カーネギー; リーズ; リーズ・カーネギー; リーズ・タイクス","251",NA
"leeton phantoms","Leeton Phantoms RUFC","3885",NA
"Leicester Academy","Leicester Tigers; Leicester Tigers Academy; Leicester Academy; Leicester; Leicester Football Club; Leicester Rugby; Leicester Rugby Club; Leicester Rugby Team; Leicester Tigers Rugby; The Tigers; Tigers; Лестер Тайгерс; レスター; レスター・タイガース","204",NA
"Leicester Tigers Academy","Leicester Tigers; Leicester Tigers Academy; Leicester Academy; Leicester; Leicester Football Club; Leicester Rugby; Leicester Rugby Club; Leicester Rugby Team; Leicester Tigers Rugby; The Tigers; Tigers; Лестер Тайгерс; レスター; レスター・タイガース","204",NA
"Lelo Saracens","RC Lelo Tbilisi; Lelo; Lelo Saracens; Lelo Saracens Tbilissi; Lelo Tbilisi; Rugby Club Lelo Saracens; Rugby Club Lelo Tbilisi; レロ・サラセンス; レロ・サラセンズ; レロ・サラセンス（グルジア語版）","2345",NA
"Leodiensian RUFC","Leodiensian; Leodiensian RUFC","4152",NA
"leonorso udine","Rugby Udine; Rugby Udine FVG; ASD Rugby Udine 1928; Hafro Rugby Udine; Leonorso Rugby Udine; Leonorso Rugby Udine ASD; Leonorso Udine; Rugby Udine Union FVG; Udine; Udine RFC; Udine Rugby Football Club; ウーディネ; レオノーソ・ウディネ","787",NA
"Leonorso Udine","Rugby Udine; Rugby Udine FVG; ASD Rugby Udine 1928; Hafro Rugby Udine; Leonorso Rugby Udine; Leonorso Rugby Udine ASD; Leonorso Udine; Rugby Udine Union FVG; Udine; Udine RFC; Udine Rugby Football Club; ウーディネ; レオノーソ・ウディネ","787",NA
"Les Quennevais","Les Quennevais Rugby Club Jersey; Les Quennevais","2226",NA
"Liberty","Liberty Rugby Club; Liberty RC","7783",NA
"libourne","UA Libourne; Libourne; UAL; Union athlétique libournaise","704",NA
"liceo rugby club","Liceo Rugby Club; Liceo R.C.; Liceo Rugby Club de Mendoza; Liceo Rugby Mendoza","3223",NA
"Lichfield","Lichfield Rugby Union Football Club; Lichfield RUFC","1444",NA
"lille metropole","Lille Métropole rugby; Lille; Lille Métropole; Lille Metropole rugby; Lille Métropole Rugby; Lille métropole rugby club; Lille MR; Lille MRC; LMR; リールMR","548",NA
"lille métropole","Lille Métropole rugby; Lille; Lille Métropole; Lille Metropole rugby; Lille Métropole Rugby; Lille métropole rugby club; Lille MR; Lille MRC; LMR; リールMR","548",NA
"Lille Métropole","Lille Métropole rugby; Lille; Lille Métropole; Lille Metropole rugby; Lille Métropole Rugby; Lille métropole rugby club; Lille MR; Lille MRC; LMR; リールMR","548",NA
"lille mr","Lille Métropole rugby; Lille; Lille Métropole; Lille Metropole rugby; Lille Métropole Rugby; Lille métropole rugby club; Lille MR; Lille MRC; LMR; リールMR","548",NA
"lince r.c.","Lince Rugby club; Lince; Lince R. C.; Lince RC; LinceRC; リンセR.C.","3228",NA
"lince rc","Lince Rugby club; Lince; Lince R. C.; Lince RC; LinceRC; リンセR.C.","3228",NA
"lincoln","Lincoln RFC","5775",NA
"Lincolnshire RFC","Lincoln RFC; Lincolnshire RFC","4104",NA
"Lindfield Junior Rugby Club","Lindfield Rugby Club; Lindfield Junior Rugby Club; The Soldiers","2533",NA
"Lindfield Rugby Club","Lindfield Rugby Club; Lindfield Junior Rugby Club; The Soldiers","2533",NA
"lindley rfc","Lindley; Lindley RFC","6563",NA
"Lindsay Rugby Club","Lindsay Rugby Football Club; Lindsay Rugby Club; Lindsay RFC","7782",NA
"Linlithgow RFC","Linlithgow RFC; Linlithgow Rugby Football Club","1448",NA
"linwood","Linwood RFC; Linewood; Linwood","5777",NA
"Linwood RFC","Linwood RFC; Linewood; Linwood","5777",NA
"Linwood Rugby Club","Linwood RFC; Linewood; Linwood","5777",NA
"Lions Amaranto","Lions Amaranto","5523",NA
"Lions Amaranto Livorno","LundaX Lions Amaranto Rugby; Lions Amaranto Rugby; Lions Amaranto Livorno","7781",NA
"Little Rock Rugby Club AR USA","Little Rock Rugby Club; Little Rock RC","7142",NA
"Littleborough RUFC","Littleborough RFC; Littleborough RUFC","4160",NA
"Liverpool","Liverpool Collegiate RFC; Liverpool; Liverpool CR","4161",NA
"Liverpool R.F.C.","Liverpool Collegiate RFC; Liverpool; Liverpool CR","4161",NA
"Livorno","Rugby Livorno 1931; Livorno 1931; Livorno; Rugby Livorno; Granducato Livorno; Rugby Livourne; Rugby Livourne 1931; ラグビーリヴォルノ1931; リヴォルノ","847",NA
"Livorno 1931","Rugby Livorno 1931; Livorno 1931; Livorno; Rugby Livorno; Granducato Livorno; Rugby Livourne; Rugby Livourne 1931; ラグビーリヴォルノ1931; リヴォルノ","847",NA
"llandeilo","Llandeilo RFC; Llandeilo Rugby Football Club","1455",NA
"Llanelli Harlequins","Llanelli Harlequins; Llanelli Harlequins RFC","7780",NA
"Llanelli Oriental Stars","Llanelli Oriental Stars","7779",NA
"Llanelli Wanderers","Llanelli Wanderers RFC; Llanelli Wanderers; Llanelli Wanderers Rugby Football Club; Wanderers","1458",NA
"Llansamlet RFC","Llansamlet RFC; Llansamlet","7778",NA
"llantrisant","Llantrisant RFC; The Black Army; Llantrisant Rugby Football Club","1464",NA
"Llantwit Fardre RFC","Llantwit Fardre RFC; Llantwit Fardre Rugby Football Club","1465",NA
"Lobos","Lobo Bravo Rugby; Associação Lobo Bravo Rugby Clube; LBR; Lobo Bravo; Lobos; Lobos RC","2014",NA
"loches roc rugby","Loches RO C; Loches ROC Rugby","4921",NA
"Locomotiva București","CS Rapid București; CFR Bucureşti; CS Rapid Bucarest; CSラピッド・ブクレシュティ; Locomotiva Bucarest; Locomotiva Bucureşti; Rapid Bucarest; Rapid Bucureşti","6920",NA
"locomotiva ptt","Locomotiva PTT Bucuresti; Locomotiva PTT; Posta Telegraf Telefon Bucuresti; PTT Bucurest","7144",NA
"Locomotiva PTT","Locomotiva PTT Bucuresti; Locomotiva PTT; Posta Telegraf Telefon Bucuresti; PTT Bucurest","7144",NA
"Logaritmo Rugby","Club Logaritmo Rugby; Logaritmo Rugby; Logaritmo RC","3245",NA
"lokomotivi","RC Locomotive Tbilisi; Lokomotivi; Locomotive Tbilissi; Lokomotiv Tbilissi; RC Locomotive; RC Locomotive Tbilissi; RCロコモティヴィ; Rugby Club Locomotive Tbilisi; Rugby Club Lokomotivi Tbilisi; Tbilissi; ロコモーティブ; ロコモティヴィ; ロコモティヴィ・トビリシ","2156",NA
"lomaiviti","Lomaiviti Rugby Club; Lomaiviti; Lomaiviti RC; Lomaiviti Province","7145",NA
"Lomaiviti","Lomaiviti Rugby Club; Lomaiviti; Lomaiviti RC; Lomaiviti Province","7145",NA
"Lomaiviti Rugby Club","Lomaiviti Rugby Club; Lomaiviti; Lomaiviti RC; Lomaiviti Province","7145",NA
"lombez sc","Lombez Samatan club; Lombez SC; CS Lombez-Samatan; Lombez-Samatan club; Lombez Samatan; Lombez Samatan Club; LSC","2369",NA
"london counties","London and South East Division Rugby Football Union team; London Counties; London and South East Division Rugby Football Union; South Eastern Counties","7533",NA
"London Irish","London Irish RFC; London Irish; London Irish R.F.C; London Irish Ruby; London Irish Ruby Club; London Irish Ruby Team; London Irish Rugby Football Club; London Irish Rugby Football Team; The Drummers; The Exiles; The London Irish; The London Irish RFC; The London Irish Ruby Club; The London Irish Ruby Team; The London Irish Rugby; The London Irish Rugby Football Club; アイリッシュ; ロンドン・アイリッシュ; 伦敦爱尔兰人橄榄球俱乐部","238",NA
"London Irish Amateurs","London Irish Amateur; London Irish Amateurs; London Irish Amateur Rugby; London Irish Amateur Rugby Team; London Irish Wild Geese; London Irish Wild Geese Rugby Club; London Irish Wild Geese Rugby Football; London Irish Amateur Rugby Football Club; The Wild Geese","2301",NA
"london royals","London Royals RFC; London Royals","7777",NA
"London Scottish F.C.","London Scottish F.C.; London Scottish; London Scottish FC; London Scottish Football Club; London Scottish RFC; London Scottish Rugby; London Scottish Rugby Club; London Scottish Rugby Football Club; London Scottish Rugby Team; Scottish; The Exiles; ロンドン・スコティッシュ; ロンドン・スコティッシュFC; ロンドンスコティッシュ","105",NA
"london wasps u21","Wasps RFC; London Wasp; London Wasps; London Wasps U21; Wasps; Wasps Academy; Wasps FC; Wasps Rugby; Wasps Rugby Club; Wasps Rugby Football Club; Wasps Rugby Team; Лондон Уоспс; ロンドン・ワスプス; ワスプス; ワスプスRFC; 黄蜂橄榄球俱乐部","231",NA
"lons-le-saunier","Club sportif Lons Jura; CS lédonien; CS Lons; CS Lons-le-Saunier; Lons-le-Saunier; CS Lons-Le-Saunier; CS Lons Jura; RC Lons; ロン＝ル＝ソーニエ","473",NA
"Los Tarcos","Los Tarcos Rugby Club; Los Tarcos; Los Tarcos RC; Tarcos; ロス・タコスRC","1474",NA
"Loughborough College","Loughborough Students RUFC; Loughborough University; Loughborough College; Loughborough Students; Loughborough Students Rugby; Loughborough Students Rugby Club; Loughborough Students Rugby Union Football Club; ラフバラー・スチューデンツRUFC; ラフバラー大学RUFC","1476",NA
"Loughborough University","Loughborough Students RUFC; Loughborough University; Loughborough College; Loughborough Students; Loughborough Students Rugby; Loughborough Students Rugby Club; Loughborough Students Rugby Union Football Club; ラフバラー・スチューデンツRUFC; ラフバラー大学RUFC","1476",NA
"louisville rugby club","Louisville Rugby Club; Louisville RFC; Louisville","7776",NA
"Louvie Sports","Louvie sports; Louvie-Juzon","7147",NA
"louwville","Vredenburg; Louwville","6407",NA
"Luctonians","Luctonians; Lucs; Luctonians RFC; Luctonians Rugby; Luctonians Rugby Club; Luctonians SC; Luctonians Sports Club","2116",NA
"Luctonians RFC","Luctonians; Lucs; Luctonians RFC; Luctonians Rugby; Luctonians Rugby Club; Luctonians SC; Luctonians Sports Club","2116",NA
"lupi di canolo","Lupi di Canolo Rugby; Lupi di Canolo","7149",NA
"Lutterworth RFC","Lutterworth RFC","4000",NA
"Luzech","US Luzechoise; Luzech; US Luzech","4807",NA
"Lymm","Lymm RFC; Lymm RUFC; Lymm; Lymm Rugby Football Club","1479",NA
"lyttelton","Lyttelton RFC","5778",NA
"maastricht maraboes","Maastricht Maraboes RC; Maastricht Maraboes Rugby; Maastricht Maraboes","7775",NA
"mac sports","M.A.C Sports Association; MAC Sports","7774",NA
"macon","Association sportive mâconnaise; AS Macon Rugby; A.S. Mâcon; AS Macon; AS Mâcon; AS Maçon; AS Maçon Rugby; ASマコン; ASマロン; Mâcon","412",NA
"maesteg rovers","Maesteg Harlequins RFC; Maesteg Rovers; Maesteg Rangers; Maesteg Reserves; Tir Iarll Harlequins; Llynfi Harlequins; Maesteg Harlequins; Tir Iarll RFC; Quins; Maesteg Harlequins Rugby Football Club","1485",NA
"Magnoac","Magnoac Football Club; Magnoac; Magnoac FC; MFC","3084",NA
"maheno","Maheno RC","5874",NA
"Maidenhead RFC","Maidenhead RFC","1486",NA
"maindee fc","Maindee FC","7150",NA
"Maindee FC","Maindee FC","7150",NA
"maindee rfc","Maindee FC","7150",NA
"malmesbury","Malmesbury","6345",NA
"malmesbury rfc","Malmesbury","6345",NA
"Malton and Norton RUFC","Malton & Norton RFC; Malton and Norton RUFC","4012",NA
"Malvern","Malvern RFC; Malvern Rugby Football Club","1490",NA
"mana","Pacific Mana; Mana","7773",NA
"Manawatu Turbos","Manawatu Rugby Union Team; Manawatu; Manawatu Rugby Union; Manawatu Turbos; マナワウ; マナワツ; マナワツ・ターボス; マヌワウ; マヌワツ","2909",NA
"manchester","Manchester Rugby Club; Manchester; Manchester FC; Manchester RC","551",NA
"manchester university","University of Manchester; University of Manchester Rugby Union; UoM; Manchester University","7772",NA
"Manly Federal Football Club","Manly RUFC; Manly Rugby Football Club; Manly; Manly Marlins; Manly RFC; Manly Rugby Union Football Club; Marlins; Manly Federal Football Club; マンリー; マンリー・マーリンズ","552",NA
"Manselton Rangers","Manselton Rangers","7771",NA
"mantova","Rugby Mantova SRL SSD; Mantova; Rugby Mantova","5606",NA
"Mantova","Rugby Mantova SRL SSD; Mantova; Rugby Mantova","5606",NA
"manurewa","Manurewa RC; Manurewa","5809",NA
"Manurewa","Manurewa RC; Manurewa","5809",NA
"manurewa rfc","Manurewa RC; Manurewa","5809",NA
"Manurewa Rugby Club","Manurewa RC; Manurewa","5809",NA
"mar del plata","Mar del Plata Club; Mar del Plata","3229",NA
"Marbella RFC","Marbella RC; Andalucía Bulls Marbella RC; Marbella Rugby Club","7153",NA
"Marcq-en-Barœul","Olympique Marcquois Rugby; Marcq-en-Barœul; Olympique marcquois; Olympique Marcquois Rugby Lille Métropole; OMR Marcq Rugby Lille Métropole","1620",NA
"marist albion","Marist Albion RFC; Marist Albion; Christchurch Marist","5779",NA
"Marist Albion","Marist Albion RFC; Marist Albion; Christchurch Marist","5779",NA
"Marist Brothers Old Boys RFC","Marist Brothers Old Boys RFC; Auckland Marist Old Boys; Auckland Marist; Marist Bros. O.B.; Marist Brothers; Marist Brothers Old Boys; Marist Brothers Old Boys Rugby Club; Marist RFC; Mighty Marist; ブラザーズ; マリスト","1494",NA
"Marist Old Boys Rugby Football Club Invercargill","Marist Rugby Club; Marist; Marist Old Boys Rugby Football Club Invercargill; Marist Rugby Club Invercargill; マリストクラブ","1495",NA
"marist st pats","Marist St Pats Rugby Football Club; Marist St Pats; Marist Saint Patricks; Marist St Pats; Marist St Pats RFC; Marist St. Pats","7155",NA
"Marist St Pats","Marist St Pats Rugby Football Club; Marist St Pats; Marist Saint Patricks; Marist St Pats; Marist St Pats RFC; Marist St. Pats","7155",NA
"Marist St. Joseph","Marist St. Joseph; Marist Saint Joseph's; Marist St Joseph's; Marist St. Joseph Sports Club; マリスト・St・ジョゼフズ","1496",NA
"marist st. joseph's","Marist St. Joseph; Marist Saint Joseph's; Marist St Joseph's; Marist St. Joseph Sports Club; マリスト・St・ジョゼフズ","1496",NA
"maritzburg university","University of KwaZulu-Natal Pietermaritzburg; Maritzburg University; Natal University Maritzburg; UKZN Pietermaritzburg; UKZN Maritzburg; University of KwaZulu-Natal Maritzburg; University of Natal; University of Natal Pietermaritzburg; University of Natal Maritzburg","7617",NA
"Maritzburg University","University of KwaZulu-Natal Pietermaritzburg; Maritzburg University; Natal University Maritzburg; UKZN Pietermaritzburg; UKZN Maritzburg; University of KwaZulu-Natal Maritzburg; University of Natal; University of Natal Pietermaritzburg; University of Natal Maritzburg","7617",NA
"market bosworth","Market Bosworth RFC; Market Bosworth Rugby Football Club","2303",NA
"market harborough","Market Harborough; Market Harborough Rugby Club","4001",NA
"Markham Irish","Markham Irish Canadians RFC; Markham Irish","7770",NA
"Marlborough Rugby Union","Marlborough Rugby Union; Malborough; Marlborough; Marlborough RU; マールボロ","361",NA
"Marlow","Marlow Rugby Union Football Club; Marlow RUFC","2150",NA
"marlow rfc","Marlow Rugby Union Football Club; Marlow RUFC","2150",NA
"Marlow RFC","Marlow Rugby Union Football Club; Marlow RUFC","2150",NA
"marmande","Union sportive Marmande rugby; Marmande; U.S. Marmande; Union rugby Marmande Casteljaloux; Union sportive marmandaise; UR Marmande Casteljaloux; US Marmande; USM","708",NA
"Maroochydore Swans","Maroochydore Rugby Union; Maroochydore Swans","3818",NA
"marrackville","Marrackville Rugby Club; Marrackville RC; Marrackville","7769",NA
"marubeni","Marubeni; 丸紅","6891",NA
"mashonaland","Mashonaland RU Team; Mashonaland","7768",NA
"massey university","Massey University RFC; Massey University; Massey University Rugby Football Club; University Manawatu; マッセー大学; マッセイ大学","2966",NA
"masterton","Masterton Red Star RC; Masterton; Red Star","6060",NA
"masterton rugby football club","Masterton Red Star RC; Masterton; Red Star","6060",NA
"mauá","Mauá RC; Mauá Rugby Club; Mauá","7767",NA
"mauléon","Sport athlétique mauléonais; Mauléon; SA Mauleon; SA Mauléon; SA Mauleón; SA Mauléonais; SAM; SAM Mauléon; モレオン","655",NA
"maungakaramea","Mid Western Rugby and Squash Club; Mid Western RSC; Mid Western; Maungakaramea","7766",NA
"mauriac","RC Mauriacois; Mauriac; Racing Club Mauriacois; RC Mauriac","4650",NA
"mavericks rugby club","Mavericks","4087",NA
"Mazères-Cassagne","Rugby Club Mazeres XV; ASMUR; Mazères Cassagne; Mazères Cassagne Sport; RC Mazères","5381",NA
"medway rfc","Medway RFC","3169",NA
"meiji university","Meiji University Rugby Football Club; Meiji University; Università Meiji; Université Meiji; 明治大; 明治大学; 明治大学ラグビー部","2080",NA
"meiji university rfc","Meiji University Rugby Football Club; Meiji University; Università Meiji; Université Meiji; 明治大; 明治大学; 明治大学ラグビー部","2080",NA
"Meiji University RFC","Meiji University Rugby Football Club; Meiji University; Università Meiji; Université Meiji; 明治大; 明治大学; 明治大学ラグビー部","2080",NA
"meiji yasuda life hollies","Meiji Yasuda Life Hollies; 明治安田生命","2082",NA
"melbourne university","Melbourne University Rugby Football Club; Melbourne University; Melbourne University rugby club; Melbourne University Rugby Football Club; MURFC; Uni or The Students","2716",NA
"melbourne university rugby club","Melbourne University Rugby Football Club; Melbourne University; Melbourne University rugby club; Melbourne University Rugby Football Club; MURFC; Uni or The Students","2716",NA
"Melksham RFC","Melksham RFC","4132",NA
"melton mowbray","Melton Mowbray RFC","4002",NA
"Melville RFC","Melville RC; Melville","6046",NA
"menai bridge rfc","Menai Bridge RFC; Menai Bridge","6114",NA
"mendoza rc","Mendoza Rugby Club; Mendoza RC; RC Mendoza","3381",NA
"mendoza rugby club","Mendoza Rugby Club; Mendoza RC; RC Mendoza","3381",NA
"Mendoza Rugby Club","Mendoza Rugby Club; Mendoza RC; RC Mendoza","3381",NA
"menengai oilers rfc","Menengai Oilers RFC","7765",NA
"Merewether Carlton","Merewether Carlton Rugby Club; Merewether Carlton; Greens; Slime","2273",NA
"mérignac","AS Mérignac; AS Mérignac rugby; Association sportive Merignac rugby; Association sportive Mérignac rugby; Mérignac; Mérignac rugby; SA Mérignac; Sport athlétique mérignacais; Sport athlétique mérignacais rugby","407",NA
"Meringa","Meringa Club; Meringa Rugby Club","7764",NA
"merivale","Merivale RFC","5780",NA
"Merthyr RFC","Merthyr RFC; Merthyr Rugby Club; Ironmen; Merthyr; Merthyr Rugby Football Club","1509",NA
"merthyr rugby club","Merthyr RFC; Merthyr Rugby Club; Ironmen; Merthyr; Merthyr Rugby Football Club","1509",NA
"messina rugby","Messina Rugby; Amatori Messina; Messina","5524",NA
"metropolis rfc","Metropolis RFC; Metropolis Rugby Football Club","2782",NA
"metropolitan police","Metropolitan Police RFC","4272",NA
"metrorex bucurești","CS Metrorex Rugby; CS Metrorex; Metrorex București","7067",NA
"Metz","Rugby Club Metz Moselle; Metz; RC Metz; Rugby Club de Metz; Rugby club sportif de Metz-Homecourt","630",NA
"mid northern","Mid-Northern Rugby Football Club","5894",NA
"Mid Northern RFC","Mid-Northern Rugby Football Club","5894",NA
"Middlesbrough","Middlesbrough RUFC; Middlesbrough; The Lions; Boro; Middlesbrough Rugby Union Football Club","1512",NA
"Middlesex","Middlesex Rugby Football Union Team; Middlesex; Middlesex RFC; Middlesex County Rugby Club; Middlesex Rugby Football Union; Middlesex Rugby team; Middlesex Rugby","7530",NA
"middlesex rfc","Middlesex Rugby Football Union Team; Middlesex; Middlesex RFC; Middlesex County Rugby Club; Middlesex Rugby Football Union; Middlesex Rugby team; Middlesex Rugby","7530",NA
"middlesex wanderers","Middlesex Wanderers; Victoria FC","7158",NA
"Middlesex Wanderers","Middlesex Wanderers; Victoria FC","7158",NA
"midland counties","Midland Counties Football Union; Midland Counties; Midlands County; Midlands District xv","7763",NA
"midlands","Midlands District RU Team; Midlands District Rugby Union Team; Midlands District Rugby Union; Midlands; Midlands District","2589",NA
"midlands county","Midland Counties Football Union; Midland Counties; Midlands County; Midlands District xv","7763",NA
"midlands district xv","Midland Counties Football Union; Midland Counties; Midlands County; Midlands District xv","7763",NA
"miélan-mirande","Entente Astarac Bigorre XV; Ent. Astarac Bigorre; Entente Astarac Bigorre; Entente rugby Miélan Mirande Rabastens; Miélan-Mirande; Olympique miélanais","499",NA
"millau","Stade olympique millavois rugby Aveyron; Millau; SO Millau; SO Millau rugby; Stade olympique millavois","676",NA
"Minehead Barbarians RFC","Minehead Barbarians","4265",NA
"Miraglia Rugby","ASD Miraglia Rugby; Miraglia Agrigente; Miraglia Agrigento","6995",NA
"mirano","Mirano Rugby 1957; Mirano; Rugby Mirano","820",NA
"mirano rugby 1957","Mirano Rugby 1957; Mirano; Rugby Mirano","820",NA
"Mitcham & Carshalton RFC","Mitcham & Carshalton RFC","4440",NA
"mitsubishi motors kyoto","Mitsubishi Motors Kyoto Red Evolutions; Mitsubishi Motors Kyoto; レッドエボリューションズ; 三菱自動車京都; 三菱自工京都","2050",NA
"moamoa roosters","Moamoa Roosters Sports Club; Moamoa Roosters; Moamoa Roosters Rugby Club","7476",NA
"moata'a","Moata'a Rugby Club; Moata'a","7162",NA
"moataʻa","Moata'a Rugby Club; Moata'a","7162",NA
"Modena","Modena Rugby 1965; Rugby Modena; AS Modena Rugby; Associazione Sportiva Modena Rugby; Modena; Modena Rugby; Modena Rugby Club","821",NA
"Modena Rugby 1965","Modena Rugby 1965; Rugby Modena; AS Modena Rugby; Associazione Sportiva Modena Rugby; Modena; Modena Rugby; Modena Rugby Club","821",NA
"modena rugby club","Modena Rugby 1965; Rugby Modena; AS Modena Rugby; Associazione Sportiva Modena Rugby; Modena; Modena Rugby; Modena Rugby Club","821",NA
"Mogliano","Mogliano Rugby; Associazione Sportiva Rugby Mogliano; Mogliano; Mogliano Rugby 1969; Mogliano Rugby 1969 S.S.D.; Mogliano Rugby SSD; Mogliano SSD; Mogliano Veneto; Mogliano Veneto Rugby; Rugby Mogliano; Rugby Silea; Silea Rugby; San Marco; San Marco RC; San Marco Rugby; San Marco Rugby Club; Silea; モリアーノ; モリアーノ・ラグビー; モリアーノ1956","339",NA
"Mogliano Rugby","Mogliano Rugby; Associazione Sportiva Rugby Mogliano; Mogliano; Mogliano Rugby 1969; Mogliano Rugby 1969 S.S.D.; Mogliano Rugby SSD; Mogliano SSD; Mogliano Veneto; Mogliano Veneto Rugby; Rugby Mogliano; Rugby Silea; Silea Rugby; San Marco; San Marco RC; San Marco Rugby; San Marco Rugby Club; Silea; モリアーノ; モリアーノ・ラグビー; モリアーノ1956","339",NA
"mold","Mold RFC; Mold; Mold Rugby Football Club - Clwb Rygbi Yr Wyddgrug","1521",NA
"monaco rugby","Monaco national rugby union team; Monaco Rugby; Equipe de Monaco de rugby a XV; Nazionale di rugby a 15 del Principato di Monaco; Nazionale di rugby XV del Principato di Monaco","284",NA
"Monaghan RFC","Monaghan RFC","5498",NA
"monkstown r.f.c.","Monkstown Football Club; Monkstown FC","1522",NA
"Monkstown Rugby Club","Monkstown Football Club; Monkstown FC","1522",NA
"monmouth police rfc","Monmouth Police RFC; Monmouth Police","7762",NA
"montceau","RC Montceau Bourgogne; Montceau; RC Montceau-les-Mines","4590",NA
"montélimar","Union montilienne sportive rugby; Montélimar; UMS Montélimar; UMSR; UMSR Montélimar; Union Montilienne; US Montélimar","2843",NA
"Montevideo Cricket Club","Montevideo Cricket Club; Montevideo; Montevideo CC; モンテビデオ・クリケットクラブ","227",NA
"Monti Rugby Rovigo Junior","Rugby Rovigo; Monti Rugby Rovigo Junior; I Bersaglieri; I Rossoblu; Rovigo; Rovigo Delta; Rovigo Rugby; Rugby Rovigo 1935; Rugby Rovigo Delta; Rugby Rovigo Delta S.r.l.; ラグビー・ロヴィーゴ・デルタ; ロヴィーゴ; ロヴィーゴ・デルタ","194",NA
"Montrose","Montrose Rugby Club; Montrose RC; Montrose","7761",NA
"Moorabbin","Moorabbin Rugby Club; Moorabbin; Moorabbin Rams Rugby Union Football Club; Moorabbin RC; Moorabbin RFC; Rams","2732",NA
"Moorreesburg RC","Samoa Moorreesburg; Moorreesburg RC","6383",NA
"moortown & roundhay","Moortown RFC; Moortown & Roundhay RFC; Moortown & Roundhay","4013",NA
"morfa rangers","Morfa Rangers","7167",NA
"morlaàs","Union sportive Morlaàs; US Morlaas; US Morlaàs","710",NA
"Morley","Morley R.F.C.; Morley R.F.C; The Maroons; Morley Rugby Football Club","1531",NA
"Morpeth RFC","Morpeth RFC; Morpeth; Morpeth Rugby Football Club","2761",NA
"morrinsville sports","Morrinsville Sports; Morrinsville Rugby & Sports Club","2341",NA
"Moscow region","VVA-Podmoskovye Monino; VVA Podmoskvye; VVA Moscow; Moscou; Moscow region; Rugby club VVA-Podmoskovje; VA Podmoskovie; VVA-Podmoskov'e; VVA-Podmoskovye; VVA Moscou; VVA Podmoskovie; VVA Podmoskovie II; VVA Podmoskovye; VVA Podvoskovie; VVA Saracens; VVAサラセンズ; VVAポドルスク; モニノ","279",NA
"motor transport pool","Motor Transport Pool","7760",NA
"mount maunganui rfc","Mount Maunganui Sports Club; Mt Maunganui; Mount Maunganui RFC","5728",NA
"Mountain Ash","Mountain Ash RFC; Mountain Ash; Mountain Ash Rugby Football Club; the Old Firm","1534",NA
"msp internationals","MSP Internationals","7759",NA
"mt maunganui","Mount Maunganui Sports Club; Mt Maunganui; Mount Maunganui RFC","5728",NA
"Mullingar","Mullingar RFC; Mullingar; Mullingar Rugby Football Club; The Gar","2260",NA
"mullingar r.f.c.","Mullingar RFC; Mullingar; Mullingar Rugby Football Club; The Gar","2260",NA
"Murwillumbah","Murwillumbah","3736",NA
"myanmar xv","Myanmar national rugby union team; Myanmar XV","7758",NA
"mynyddbach rfc","Mynydd Bach RFC; Mynyddbach RFC; Mynyddbach","7757",NA
"Mynyddbach RFC","Mynydd Bach RFC; Mynyddbach RFC; Mynyddbach","7757",NA
"mysercough college","Mysercough College RC; Mysercough College","7756",NA
"Naas RFC","Naas RFC; Cobras; Naas; Naas Rugby Football Club","1545",NA
"nabua","Nabua Rugby Club; Nabua; Nabua RC; Nabua/Suva","7170",NA
"Nabua Rugby Club","Nabua Rugby Club; Nabua; Nabua RC; Nabua/Suva","7170",NA
"nacula","Nacula Tikina Rugby; Nacula","7755",NA
"nadi","Nadi Jets; Nadi; Nadi Jetsetters","4445",NA
"nadi cavaliers","Cavaliers Rugby; Nadi Cavaliers","7754",NA
"nadroga","Nadroga Stallions; Geckos Nadroga; Nadroga; Nadroga RC; Nadroga RU; Nadroga Rugby; Nadroga-Navosa Province; ナドロガ","4446",NA
"Nadroga","Nadroga Stallions; Geckos Nadroga; Nadroga; Nadroga RC; Nadroga RU; Nadroga Rugby; Nadroga-Navosa Province; ナドロガ","4446",NA
"nafarroa","Union sportive Nafarroa; US Nafarroa; USN","711",NA
"Nafarroa","Union sportive Nafarroa; US Nafarroa; USN","711",NA
"naitasiri","Naitasiri Bulls; Naitasiri; Naitasiri Highlanders; Naitasiri Suva; Naitasiri Rugby Union; Naluwai RC","4447",NA
"Naitasiri","Naitasiri Bulls; Naitasiri; Naitasiri Highlanders; Naitasiri Suva; Naitasiri Rugby Union; Naluwai RC","4447",NA
"naitasiri suva","Naitasiri Bulls; Naitasiri; Naitasiri Highlanders; Naitasiri Suva; Naitasiri Rugby Union; Naluwai RC","4447",NA
"naka bulls","Naka Bulls","6280",NA
"Naluwai RC","Naitasiri Bulls; Naitasiri; Naitasiri Highlanders; Naitasiri Suva; Naitasiri Rugby Union; Naluwai RC","4447",NA
"Namibia","Namibia national rugby union team; Namibia; Namibia national rugby union; Namibia rugby union; Namibia rugby union team; Namibie; Namibisch rugbyteam; nazionale namibiana di rugby; ru nam; Seleccion de rugby de Namibia; South West Africa; tîm rygbi'r undeb cenedlaethol Namibia; Tîm rygbi'r undeb Namibia; tîm rygbi Namibia; ナミビア","243",NA
"namibia u18","Namibia national under-18 rugby union team; Namibia U18; Namibia U18s; Namibia Under-18; Namibia Under-18; Namibie -18","7173",NA
"namibia u18s","Namibia national under-18 rugby union team; Namibia U18; Namibia U18s; Namibia Under-18; Namibia Under-18; Namibie -18","7173",NA
"namibia under-18","Namibia national under-18 rugby union team; Namibia U18; Namibia U18s; Namibia Under-18; Namibia Under-18; Namibie -18","7173",NA
"Namibia Under-18","Namibia national under-18 rugby union team; Namibia U18; Namibia U18s; Namibia Under-18; Namibia Under-18; Namibie -18","7173",NA
"namibia under-19","Namibia national under-19 rugby union team; Namibia Under-19; Namibie -19","7174",NA
"namibia Welwitschias","Welwitschias; Namibia Welwitschias; Namibië Koedoes; ウェルウィチアズ; ウェルウィッチア; ウェルウィッチアズ","563",NA
"namosi","Namosi; Namosi RFU; Namosi Rugby","4448",NA
"Namosi","Namosi; Namosi RFU; Namosi Rugby","4448",NA
"namosi rugby","Namosi; Namosi RFU; Namosi Rugby","4448",NA
"Nantes","Stade Nantais; Nantes; Nantes UC; S.N.U.C.; SNUC; Stade nantais; Stade nantais rugby; Stade nantais UC; Stade Nantais UC; Stade nantais université club","673",NA
"napier city","Napier City Rugby Club; Napier City RC; Napier City","7753",NA
"napier marist","Napier Marist Rugby Club; Napier Marist RC; Napier Marist","7752",NA
"Napier Pirates","Napier Pirate Rugby & Sports Club; Napier Pirate RSC; Napier Pirates","7751",NA
"narrandera","Narrandera Rugby Club; Narrandera RC","7750",NA
"nasinu","Nasinu RFU Team; Nasinu","7176",NA
"Nasinu","Nasinu RFU Team; Nasinu","7176",NA
"natal university maritzburg","University of KwaZulu-Natal Pietermaritzburg; Maritzburg University; Natal University Maritzburg; UKZN Pietermaritzburg; UKZN Maritzburg; University of KwaZulu-Natal Maritzburg; University of Natal; University of Natal Pietermaritzburg; University of Natal Maritzburg","7617",NA
"Natal University Maritzburg","University of KwaZulu-Natal Pietermaritzburg; Maritzburg University; Natal University Maritzburg; UKZN Pietermaritzburg; UKZN Maritzburg; University of KwaZulu-Natal Maritzburg; University of Natal; University of Natal Pietermaritzburg; University of Natal Maritzburg","7617",NA
"national division xv","England amateur national rugby union team; England Amateurs; National Division XV; England Counties; England Counties XV","813",NA
"national gold squad xv","National Gold Squad XV","7749",NA
"natuicake","Natuicake Rugby Club; Natuicake","7748",NA
"Nausori Rugby Club","Nausori Rugby Club; Nausori RC","7747",NA
"navosa","Navosa RFU Team; Navosa","7177",NA
"nazairien rugby","Sporting Club nazairien; Nazairien Rugby; Saint-Nazaire; Saint-Nazaire RLA; Saint-Nazaire rugby; Saint-Nazaire rugby Loire-Atlantique; Saint Nazaire; Saint Nazaire Rugby; SC Saint-Nazaire; SNR; SNRLA; Sporting nazairien; Sporting nazairien rugby; サン＝ナゼール; スポッティング・ナザイリアン","660",NA
"neath athletic","Neath Athletic RFC","6129",NA
"Neath Athletic RFC","Neath Athletic RFC","6129",NA
"Neath Borough Police","Neath Borough Police RFC; Neath Borough Police","7746",NA
"neath borough police rfc","Neath Borough Police RFC; Neath Borough Police","7746",NA
"New Brighton RFC","New Brighton RFC","5781",NA
"new dock stars","New Dock Stars RFC","6140",NA
"New Dock Stars RFC","New Dock Stars RFC","6140",NA
"New South Wales Waratahs","New South Wales Waratahs; N. Galles del Sud; New South Wales; New South Wales RU; New South Wales Rugby Union; Nouvelle-Galles du sud; Nouvelle-Galles du Sud; Nouvelles-Galles du Sud; NSW Waratahs; NSWワラタス; Tahs; The New South Wales Waratahs; Waratahs; ニューサウスウェールズ; ニューサウスウェールズ・ワラターズ; ワラターズ; ワラターズU19; ワラタス; 新南威爾斯沃拉塔隊; 新南威爾斯瓦拉塔; 新南威爾斯瓦霸王花","61",NA
"New Zealand","New Zealand national rugby union team; New Zealand; All Blacks; Kapa Ōpango; los Totes Negres; los Totes Negres de Nòva Zelanda; New Zealand men's national rugby union team; New Zealand national rugby team; New Zealand rugby team; New Zealand rugby union team; Nieuw-Zeelands rugbyteam; Nouvelle-Zélande; Nouvelle-Zélande XV; Nueva Zelanda; Nueva ZelandaSamoa; Nuova Zelanda; ru nzl; Selección de Nueva Zelanda; Seleccion de rugby de Nueva Zelanda; Selección de rugby de Nueva Zelanda; Ол Блекс; Олл Блэкс; オールブラックス; ニュージーランド; 新西兰国家橄榄球队; 新西蘭國家橄欖球隊","6",NA
"new zealand army","New Zealand Army Rugby Team; New Zealand Army","7526",NA
"New Zealand Army","New Zealand Army Rugby Team; New Zealand Army","7526",NA
"new zealand māori all blacks","Maori All Blacks team; New Zealand Maori Colts; New Zealand Māori All Blacks; Maori All Blacks; Māori All Blacks; Māori All Blacks team; Māori de NlleZélande; New Zealand Maori; New Zealand Māori; New Zealand Māori Rugby Union; New Zealand Māori Rugby Union team; New Zealand Māoris; Nouvelle-Zélande Māori; NZ  Māori; NZ Maori; NZ Māori; ニュージーランド・マオリ; ニュージーランドマオリ; マオリ・オールブラックス","271",NA
"New Zealand Maori Colts","Maori All Blacks team; New Zealand Maori Colts; New Zealand Māori All Blacks; Maori All Blacks; Māori All Blacks; Māori All Blacks team; Māori de NlleZélande; New Zealand Maori; New Zealand Māori; New Zealand Māori Rugby Union; New Zealand Māori Rugby Union team; New Zealand Māoris; Nouvelle-Zélande Māori; NZ  Māori; NZ Maori; NZ Māori; ニュージーランド・マオリ; ニュージーランドマオリ; マオリ・オールブラックス","271",NA
"new zealand u19s","New Zealand national under-19 rugby union team; New Zealand U19s; NZ U19; Nouvelle-Zélande -19; U19ニュージーランド","1564",NA
"new zealand u21s","New Zealand national under-21 rugby union team; U21ニュージーランド; New Zealand U21s; NZ U21; Nouvelle-Zélande -21; ニュージーランドU-21; ニュージーランドU21","1565",NA
"new zealand under 20","New Zealand national under-20 rugby union team; New Zealand Under 20; Baby Blacks; nazionale neozelandese u-20 di rugby; Nouvelle-Zélande -20; Seleccion juvenil de rugby de Nueva Zelanda; U20ニュージーランド; U20ニュージーランド代表; ニュージーランドU20","1566",NA
"new zealand universities","New Zealand national university rugby union team; New Zealand Universities; NZ Universities; Nouvelle-Zélande universitaire","7181",NA
"New Zealand Universities","New Zealand national university rugby union team; New Zealand Universities; NZ Universities; Nouvelle-Zélande universitaire","7181",NA
"Newark R.U.F.C.","Newark RFC; Newark RUFC; Newark Rugby Club","4020",NA
"Newark RFC","Newark RFC; Newark RUFC; Newark Rugby Club","4020",NA
"Newbold-on-Avon RFC","Newbold-on-Avon RFC; Newbold-on-Avon; The Bold; Newbold-on-Avon Rugby Club","2662",NA
"Newbury R.F.C.","Newbury R.F.C.; Newbury; Newbury Blues; Newbury RFC; Newbury Rugby Football Club; ニューベリー","1567",NA
"Newbury RFC","Newbury R.F.C.; Newbury; Newbury Blues; Newbury RFC; Newbury Rugby Football Club; ニューベリー","1567",NA
"newcastle rufc","Newcastle Red Bulls; Newcastle Falcons; Falcons Rugby; Newcastle; Newcastle Academy; Newcastle Falcons Rugby; Newcastle Falcons Rugby Club; Newcastle Falcons Rugby Team; Newcastle Falcons; Newcastle Gosforth; Newcastle Rugby; Newcastle Rugby Club; The Falcons; ニューカッスル; ニューカッスル・ファルコンズ; ファルコンズ","160",NA
"Newcastle Waratahs","Waratahs; Newcastle Waratahs; Waratahs Newcastle; Waratahs Rugby Newcastle","3943",NA
"Newcastle West and Bohemians","Newcastle West Rugby Football Club; Newcastle West RFC; Newcastle West; Newcastle West and Bohemians","7745",NA
"newcastle ymca","Newcastle YMCA Rugby; Newcastle YMCA; YMCA Newcastle","7744",NA
"newport police","Newport Police; Newport Police RFC","7743",NA
"newtown rufc","Newtown RFC; Newtown RUFC; Newtown Rugby Football Club; Newtown Rugby Union","2306",NA
"Newtown RUFC","Newtown RFC; Newtown RUFC; Newtown Rugby Football Club; Newtown Rugby Union","2306",NA
"Newtown Rugby Union","Newtown RFC; Newtown RUFC; Newtown Rugby Football Club; Newtown Rugby Union","2306",NA
"Newtown Rugby Union Club","Newtown Rugby Union Club","7742",NA
"ngongotaha","Ngongotaha Sports & Community Association; Ngongotaha","5730",NA
"NHSOB RFC","Newport HSOB RFC; NHSOB RFC; Newport High School Old Boys RFC; Newport High School Old Boys Rugby Football Club; Old Boys","1571",NA
"nice rugby","Rugby Nice Côte d'Azur Université-Racing; Nice Rugby; Nice; Nizza; Nizza CAUR; Nizza RC; RC Nice; RC Nizza; RC Nizza-Costa Azzurra; RNCA; RNCAUR; Rugby Nice CA; Rugby Nice Côte d'Azur; Rugby Nice Côte d'Azur Université Racing; Stade niçois; スタッド・ニソワ","674",NA
"Nihon University RFC","Nihon University Rugby Football Club; Université Nihon; 日本大学","2077",NA
"nikonikodo","Niko Niko Do; Nikonikodo; NikoNikoDo Kumamoto; ニコニコドー","6940",NA
"nippon","Nippon Rugby Club; Nippon Club; Nippon","7741",NA
"nippon sport science university rfc","Nippon Sport Science University Rugby Football Club; Nippon Sports Science University; 日本体育大学","2076",NA
"nippon sports science university","Nippon Sport Science University Rugby Football Club; Nippon Sports Science University; 日本体育大学","2076",NA
"nmmu madibaz","Nelson Mandela University; NMMU Madibaz; ネルソン・マンデラ大学","6193",NA
"NMMU Madibaz","Nelson Mandela University; NMMU Madibaz; ネルソン・マンデラ大学","6193",NA
"noceto","Rugby Noceto Football Club; Noceto; Rugby Noceto; Rugby Noceto FC","846",NA
"Noceto","Rugby Noceto Football Club; Noceto; Rugby Noceto; Rugby Noceto FC","846",NA
"nola gold rugby","New Orleans Gold; NOLA Gold Rugby; Gold de la Nlle-Orléans; Gold de la Nouvelle-Orléans; Gold de La Nouvelle-Orléans; Gold de La Nvlle-Orléans; NOLA Gold; ニューオーリンズ・ゴールド","2675",NA
"noordelikes","Noordelikes; Noordelikes RFC; Noordelikes NTK Rugby Club; Connect NTK RFC","6214",NA
"Noordelikes NTK Rugby Club","Noordelikes; Noordelikes RFC; Noordelikes NTK Rugby Club; Connect NTK RFC","6214",NA
"Nord Béarn XV","Nord Béarn XV; Nord Béarn","5321",NA
"Norfolk Blues","Norfolk Blues; Blues; Norfolk City Blues RFC; Norfolk City Blues Rugby Football Club","1577",NA
"North-West University","North-West University; NWU Pukke; Université du Nord-Ouest; ノース・ウェスト大学; ノースウェスト大学; ノースウエスト大学","6942",NA
"North Brisbane Rugby Club","North Brisbane Rugby Club; Eagles; North Brisbane; North Brisbane Eagles; Norths/QUT","568",NA
"North Durham RFC","Durham City RFC; Durham City 2nd XV; North Durham RFC; Durham city; Durham City; Durham City Rugby Football Club","2765",NA
"north eastern cape","North Eastern Cape; North Eastern Districts","7184",NA
"north island country","North Island Rugby Union; North Island Country; North Island XV; île du Nord; North Island; ニュージーランド北島; ニュージーランド北島代表; ニュージランド北島代表; 北島; 北島代表","2898",NA
"North Island Universities","North Island Universities","7674",NA
"north island xv","North Island Rugby Union; North Island Country; North Island XV; île du Nord; North Island; ニュージーランド北島; ニュージーランド北島代表; ニュージランド北島代表; 北島; 北島代表","2898",NA
"north of england","Northern England; North of England","7487",NA
"North of England","Northern England; North of England","7487",NA
"north petherton rfc","North Petherton RFC","4040",NA
"north queensland","North Queensland Cowboys; North Queensland","3078",NA
"north rfc","North RFC","7740",NA
"North Shore FC","North Shore Rugby Football Club; North Shore Premiers; North Shore; North Shore RFC; North Shore Rugby Club; The Pride; ノース・ショア; ノースショア","1583",NA
"north shore premiers","North Shore Rugby Football Club; North Shore Premiers; North Shore; North Shore RFC; North Shore Rugby Club; The Pride; ノース・ショア; ノースショア","1583",NA
"North Shore RFC","North Shore Rugby Football Club; North Shore Premiers; North Shore; North Shore RFC; North Shore Rugby Club; The Pride; ノース・ショア; ノースショア","1583",NA
"north wales r.u.","North Wales rugby; North Wales RU; North Wales; The Gogs; North Wales Rugby Union","1584",NA
"North Walsham","North Walsham R.F.C.; North Walsham; North Walsham RFC; North Walsham Rugby Football Club","1585",NA
"North Walsham RFC","North Walsham R.F.C.; North Walsham; North Walsham RFC; North Walsham Rugby Football Club","1585",NA
"north west counties","North West Counties","7739",NA
"Northampton BBOB","Northampton BBOB","4240",NA
"Northampton Old Scouts RFC","Northampton Old Scouts","4003",NA
"Northern Free State","Griffons; Griffons Rugby Union; Noord-Vrystaat Griffons; Eastern Free State; Northern Free State Rugby; Northern Free State; グリフォンズ","531",NA
"Northern Panthers","Northern Panthers","3853",NA
"northern united","Northern United RFC; Northern United; ノーストン・ユナイテッドPFC","6082",NA
"Northern United","Northern United RFC; Northern United; ノーストン・ユナイテッドPFC","6082",NA
"northern united rfc","Northern United RFC; Northern United; ノーストン・ユナイテッドPFC","6082",NA
"northumberland","Northumberland Rugby Football Union; Northumberland","7738",NA
"Northumberland","Northumberland Rugby Football Union; Northumberland","7738",NA
"northumbria university","Northumbria University; Northumbria University RFC","7185",NA
"Northumbria University","Northumbria University; Northumbria University RFC","7185",NA
"northwood crusaders","Northwood Crusaders Sportsclub; Northwood Crusaders","7737",NA
"norwich","Norwich RFC","4077",NA
"Norwich RFC","Norwich RFC","4077",NA
"notts lincs & derbys","Notts Lincs & Derbyshire Rugby Football Union Team; Notts Lincs & Derbys","7736",NA
"nsw central western","Central West Rugby Union Team; NSW Western Central; NSW Central Western","7890",NA
"ntt kansai","Red Hurricanes Osaka; NTT Kansai; NTT Docomo Red Hurricanes; NTT DoCoMo Red Hurricanes; NTT Docomo Red Hurricanes Osaka; NTT DoCoMo Red Hurricanes Osaka; NTT Red Hurricanes; NTTドコモ; NTTドコモレッドハリケーンズ大阪; NTTドコモ関西; Osaka Red Hurricanes; Red Hurricanes; RH大坂; RH大阪; レッドハリケーンズ大阪","2038",NA
"nui galway","University College Galway R.F.C.; NUI Galway; NUI Galway RFC; UG; University of Galway RFC; University of Galway Rugby Club; University of Galway Rugby Football Club","1922",NA
"nuneaton old edwardians","Nuneaton Old Edwardians","4107",NA
"nwu pukke","North-West University; NWU Pukke; Université du Nord-Ouest; ノース・ウェスト大学; ノースウェスト大学; ノースウエスト大学","6942",NA
"NWU Pukke","North-West University; NWU Pukke; Université du Nord-Ouest; ノース・ウェスト大学; ノースウェスト大学; ノースウエスト大学","6942",NA
"NZ Ammunition Company","NZ Ammunition Company; Ammunition Company","7946",NA
"nz combined services","New Zealand Combined Services; NZ Combined Services","7735",NA
"nz divisional xv","New Zealand Heartland XV; NZ Divisional XV","1563",NA
"nz emerging players","New Zealand A national rugby union team; NZ Colts; New Zealand national under-23 rugby union team; Junior All Blacks; New Zealand A; NZ Emerging Players; NZ Juniors; NZ Colts; All Blacks XV; Nouvelle-Zélande B; Nuova Zelanda A; Nuova Zelanda A rugby; オールブラックスXV; ジュニアオールブラックス","124",NA
"nz juniors","New Zealand A national rugby union team; NZ Colts; New Zealand national under-23 rugby union team; Junior All Blacks; New Zealand A; NZ Emerging Players; NZ Juniors; NZ Colts; All Blacks XV; Nouvelle-Zélande B; Nuova Zelanda A; Nuova Zelanda A rugby; オールブラックスXV; ジュニアオールブラックス","124",NA
"nz presidents xv","New Zeland President's XV; NZ Presidents XV","7734",NA
"nz u19","New Zealand national under-19 rugby union team; New Zealand U19s; NZ U19; Nouvelle-Zélande -19; U19ニュージーランド","1564",NA
"nz u21","New Zealand national under-21 rugby union team; U21ニュージーランド; New Zealand U21s; NZ U21; Nouvelle-Zélande -21; ニュージーランドU-21; ニュージーランドU21","1565",NA
"nz universities","New Zealand national university rugby union team; New Zealand Universities; NZ Universities; Nouvelle-Zélande universitaire","7181",NA
"o.c. châteaudun","Oval Union Rugby Sud 28; OC Châteaudun; Olympic Club Châteaudun","5225",NA
"oakville crusaders","Oakville Crusaders; CRU; Crusaders Rugby Club","7186",NA
"Oatley","Oatley RC","3958",NA
"obc","Old Boys Club Montevideo; OBC; Old Boys Club","7523",NA
"ogmore vale rfc","Ogmore Vale RFC","6137",NA
"Ogmore Vale RFC","Ogmore Vale RFC","6137",NA
"ōhaupō","Ohaupo Rugby Sports Club; Ohaupo RSC; Ōhaupō","7733",NA
"ok financial group okman","OK Finance; OK Financial Group Okman; OK金融","6944",NA
"old-greys","Old Greys; Old Greys Bloemfontein","6530",NA
"Old-Greys","Old Greys; Old Greys Bloemfontein","6530",NA
"Old Albanians","Old Albanian RFC; O.A.R.F.C.; OA RFC; OA Rugby; OA Rugby Football Club; OAs; OAs RFC; OAs Rugby; OAs Rugby Football Club; Old Albanian; Old Albanian Club; Old Albanian Rugby; Old Albanian Rugby Club; Old Albanian Rugby Football; Old Albanian Rugby Football Club; Old Albanians; Old Albanians Club; Old Albanians RFC; Old Albanians Rugby; Old Albanians Rugby Club; Old Albanians Rugby Football; Old Albanians Rugby Football Club; RFC Old Albanian; RFC Old Albanians; Rugby Club Old Albanian; Rugby Club Old Albanians; Rugby Football Club Old Albanian; Rugby Football Club Old Albanians; Rugby Football Old Albanian; Rugby Football Old Albanians; オールド・アルバニアン; オールド・アルバニアンRFC; オールド・アルバニアンズ; オールドアルバニアン","1599",NA
"old aldwinians","Aldwinians RUFC; Old Aldwinians","3241",NA
"Old Alleynians","Old Alleynian Football Club; OAs; Old Alleynian F.C.; Old Alleynians","2164",NA
"Old Beccehamians RFC","Beccehamian Rugby Football Club; Old Beccehamians RFC; Beccehamian RFC; Becc's; Beccehamians; Becchamians Rugby Football Club","3062",NA
"Old Blues of California","Old Blues RFC; Old Blues of California","2487",NA
"Old Boys & Old Girls Club","Old Boys & Old Girls Club; Old Boys; Old Boys Club; The British Schools Old Boys & Old Girls Club","226",NA
"Old Boys Marist","Old Boys Marist; Marist","2967",NA
"Old Brodleians","Old Brodleians; Brods; Old Brodleians RFC; Old Brodleians RUFC","1603",NA
"Old Collegians","Old Collegians","6439",NA
"old crossleyans","Old Crossleyans","4014",NA
"Old Dunelmians","Old Dunelmians Rugby; Old Dunelmians","7732",NA
"old georgians","Old Georgians","6216",NA
"old georgians r.f.c.","Old Georgians RC; Old Georgians RFC","4408",NA
"old georgians rfc","Old Georgians RC; Old Georgians RFC","4408",NA
"old greys bloemfontein","Old Greys; Old Greys Bloemfontein","6530",NA
"old johnians rfc","Old Johnians","4410",NA
"Old Johnians RFC","Old Johnians","4410",NA
"Old Mid-Whitgiftians","Old Whitgiftians Rugby Football Club; Old Mid-Whitgiftians","3175",NA
"Old Millhillians","Old Millhillians","4224",NA
"old miltonians rfc","Old Miltonians RFC; Old Miltonians; Old Miltonians Rugby Club","7189",NA
"Old Patesian veterans","Old Patesians R.F.C.; Old Patesian Veterans; Old Patesians RFC; Old Pats; Old Patesians Rugby Football Club","1613",NA
"Old Patesians RFC","Old Patesians R.F.C.; Old Patesian Veterans; Old Patesians RFC; Old Pats; Old Patesians Rugby Football Club","1613",NA
"Old Reigatian RFC","Old Reigatian Rugby Football Club","3208",NA
"Old Rishworthians","Old Rishworthians; Old Rishworthian RUFC","4154",NA
"Old Rutlishians RFC","Old Rutlishians","4137",NA
"old salfordians rugby union team","Old Salfordians Rugby Union team; Old Salfordians","7731",NA
"old sedberghians","Old Sedberghian Club; Old Sedberghians","7730",NA
"old selbornians","Old Selbornians","6217",NA
"Old Wimbledonian Warriors","Old Wimbledonians; Old Wimbledonian Warriors","4277",NA
"Oldfield Old Boys R.F.C.","Oldfield Old Boys","4266",NA
"Oléron RC","Oléron RC","4998",NA
"oloron","Football Club oloronais; Oloron; FC Oloron; FC Oloron rés.; FCオロロン; Football club Oloron; Football club oloronais rugby","513",NA
"Oloron","Football Club oloronais; Oloron; FC Oloron; FC Oloron rés.; FCオロロン; Football club Oloron; Football club oloronais rugby","513",NA
"Olympique de Nouméa","Olympique de Nouméa rugby; Olympique de Nouméa","2793",NA
"Orange City Lions","Orange City; Orange City Lions","3716",NA
"orange county ravens","Orange County Ravens","7729",NA
"orange emus","Orange Emus","3717",NA
"Orange Waratahs","Orange Waratahs","3718",NA
"oriental","Oriental-Rongotai FC; Oriental Rongotai RC; Oriental Rongotai; Ories Rugby Club; Oriental","6083",NA
"Oriental","Oriental-Rongotai FC; Oriental Rongotai RC; Oriental Rongotai; Ories Rugby Club; Oriental","6083",NA
"oriental rongotai","Oriental-Rongotai FC; Oriental Rongotai RC; Oriental Rongotai; Ories Rugby Club; Oriental","6083",NA
"ories rugby club","Oriental-Rongotai FC; Oriental Rongotai RC; Oriental Rongotai; Ories Rugby Club; Oriental","6083",NA
"orkan sochaczew","Orkan Sochaczew","3216",NA
"Ormskirk RUFC","Ormskirk RFC; Ormskirk RUFC","4300",NA
"Ormskirk Rugby Club","Ormskirk RFC; Ormskirk RUFC","4300",NA
"orthez","Union sportive Orthez rugby; Orthez; JS Orthez; Union sportive Orthez; Union sportive orthézienne; US Orthez; USO","712",NA
"osaka institute of technology","Osaka Institute of Technology","7728",NA
"osaka university of health and sport sciences","Osaka University of Health and Sport Sciences Rugby Football Club; Osaka University of Health and Sport Sciences; 大阪体育大学","2064",NA
"osaka university of health and sport sciences rfc","Osaka University of Health and Sport Sciences Rugby Football Club; Osaka University of Health and Sport Sciences; 大阪体育大学","2064",NA
"Oshawa Vikings","Oshawa Vikings Rugby Club; Oshawa Vikings RC; Oshawa Vikings","7727",NA
"otago university","University of Otago; Otago University; Otago University RFC; オタゴ大学","6859",NA
"Otago University RFC","University of Otago; Otago University; Otago University RFC; オタゴ大学","6859",NA
"Otahuhu","Otahuhu RFC; Otahuhu; Otahuhu Rugby Football Club","1625",NA
"otamatea","Otamatea Hawks Rugby Club; Otamatea","5902",NA
"otorohanga","Otorohanga RC; Otorohanga","6048",NA
"Otorohanga","Otorohanga RC; Otorohanga","6048",NA
"otorohanga rfc","Otorohanga RC; Otorohanga","6048",NA
"ottawa beavers","Ottawa Beavers and Banshees Rugby Football Club; Ottawa Beavers Rugby Football Club; Ottawa Beavers","7726",NA
"ottawa irish","Ottawa Irish; Ottawa Irish RC; Ottawa Irish Rugby Club","7194",NA
"Our Lady's Boys Club","OLBC RFC; OLBC; Our Lady's Boys Club; Our Lady's Boys Club Rugby","5464",NA
"ovalau","Ovalau Rugby Union Team; Ovalau; Ovalau Rugby Club","7195",NA
"ovalau rugby club","Ovalau Rugby Union Team; Ovalau; Ovalau Rugby Club","7195",NA
"oxford","Oxford R.F.C; Oxford; Oxford R.F.C.; Oxford RFC; Oxford Rugby Football Club","2498",NA
"oxford harlequins","Oxford Harlequins Rugby Football Club; Oxford Harlequins; Oxford Quins","1630",NA
"Oxford Old Boys","Oxford Old Boys RFC; Oxford Old Boys","7724",NA
"Paarl RC","Paarl","6803",NA
"paarl rfc","Paarl","6803",NA
"Paarl RFC","Paarl","6803",NA
"paarl rugby club","Paarl","6803",NA
"paese rugby","Rugby Paese; Paese Rugby; ASD Rugby Paese; Paese","782",NA
"Painswick RFC","Painswick RFC","4334",NA
"paita sa","Paita SA; RC Paita; Rugby Club Paita","7723",NA
"palmerston north high school old boys","Palmerston North High School Old Boys' RFC; Palmerston North High School Old Boys; Palmerston North HS Old Boys' RFC","7198",NA
"Palmerston North HS Old Boys' RFC","Palmerston North High School Old Boys' RFC; Palmerston North High School Old Boys; Palmerston North HS Old Boys' RFC","7198",NA
"palmerston north marist","Palmerston North Marist RC; Palmerston North Marist; Palmerston North Marist Rugby Club; Palmerston North Marist Sports Club","7521",NA
"palmyra r.f.c.","Palmyra RC; Palmyra","3652",NA
"palmyra rc","Palmyra RC; Palmyra","3652",NA
"pamiers","Sporting club appaméen; CS Pamiers; Pamiers; SC appaméen; SC Pamiers; SCパミエ","656",NA
"panmure rfc","Panmure RFC; Panmure Rugby Football Club","2630",NA
"papa toetoe rugby club","Papatoetoe RFC; Papa Toetoe Rugby Club; Papatoetoe Rugby; パパトエトエ","3269",NA
"papamoa","Papamoa Rugby Club","5733",NA
"papatoetoe rfc","Papatoetoe RFC; Papa Toetoe Rugby Club; Papatoetoe Rugby; パパトエトエ","3269",NA
"papatoetoe rugby","Papatoetoe RFC; Papa Toetoe Rugby Club; Papatoetoe Rugby; パパトエトエ","3269",NA
"paraná","Paraná Rowing Club; Paraná RC","3584",NA
"parentis","Parentis sport rugby; Parentis; Parentis Sport Rugby; Parentis SR; PSR","2935",NA
"Parentis SR","Parentis sport rugby; Parentis; Parentis Sport Rugby; Parentis SR; PSR","2935",NA
"park city haggis rfc","Park City Haggis; Park City Haggis RFC; Park City Haggis Rugby Football Club","7199",NA
"parma","Rugby Parma FC; Crociati Parma; Overmach Parme; Overmach Rugby Parme; Overmarch Parme; Parma; Parma Rugby; Parma Rugby S.r.l.; Parme; Rugby Parma; Rugby Parma F.C. 1931; Rugby Parma FC 1931; Rugby Parma Football Club; Парма; クロシアティ; クロティアティ","368",NA
"Parma","Rugby Parma FC; Crociati Parma; Overmach Parme; Overmach Rugby Parme; Overmarch Parme; Parma; Parma Rugby; Parma Rugby S.r.l.; Parme; Rugby Parma; Rugby Parma F.C. 1931; Rugby Parma FC 1931; Rugby Parma Football Club; Парма; クロシアティ; クロティアティ","368",NA
"parnell","Parnell RFC; Parnell and City Auckland; Parnell; Parnell Rugby Football Club","7475",NA
"Parnell and City Auckland","Parnell RFC; Parnell and City Auckland; Parnell; Parnell Rugby Football Club","7475",NA
"partenope","Partenope Rugby; Napoli; Partenope; Partenope Napoli; Partenope Rugby Club; rugby Partenope","582",NA
"parys rc","Parys; Parys RC; Parys Rugby Club","6564",NA
"patumahoe","Patumahoe RC","5813",NA
"Patumahoe","Patumahoe RC","5813",NA
"pavia","CUS Pavia ASD; Pavia; CUS Pavia","5600",NA
"Pavia","CUS Pavia ASD; Pavia; CUS Pavia","5600",NA
"pays du medoc","Pays Médoc Rugby; Pays du Médoc; Pays Médoc rugby; Stade pauillacais","583",NA
"Pembroke","Pembroke RFC; Pembroke; Pembrokeshire; Pembroke Rugby Football Club; The Scarlets","1640",NA
"pembrokeshire","Pembroke RFC; Pembroke; Pembrokeshire; Pembroke Rugby Football Club; The Scarlets","1640",NA
"Peninsula Green RFC","Peninsula Green RFC; Peninsula Green","7202",NA
"Penryn","Penryn RFC; Penryn; Penryn Rugby Football Club; The Borough","2633",NA
"penygroes rfc","Penygroes RFC","6145",NA
"penylan rfc","Penylan RFC","7722",NA
"penzance-newlyn","Cornish Pirates; Cornish Pirates Academy; Cornish Pirates RUFC; Cornish Pirates Rugby; Cornish Pirates Rugby Club; Cornish Pirates Rugby Football Club; Cornish Pirates Rugby Football Team; Cornish Pirates Rugby Team; Klub Rugby Unys Pennsans ha Lulyn; Penzance & Newlyn; Penzance and Newlyn RFC; Penzance and Newlyn Rugby Football Club; Penzance Newlyn; コーニッシュ・パイレーツ; コーニッシュ・パスティ","220",NA
"Penzance & Newlyn","Cornish Pirates; Cornish Pirates Academy; Cornish Pirates RUFC; Cornish Pirates Rugby; Cornish Pirates Rugby Club; Cornish Pirates Rugby Football Club; Cornish Pirates Rugby Football Team; Cornish Pirates Rugby Team; Klub Rugby Unys Pennsans ha Lulyn; Penzance & Newlyn; Penzance and Newlyn RFC; Penzance and Newlyn Rugby Football Club; Penzance Newlyn; コーニッシュ・パイレーツ; コーニッシュ・パスティ","220",NA
"penzance and newlyn rfc","Cornish Pirates; Cornish Pirates Academy; Cornish Pirates RUFC; Cornish Pirates Rugby; Cornish Pirates Rugby Club; Cornish Pirates Rugby Football Club; Cornish Pirates Rugby Football Team; Cornish Pirates Rugby Team; Klub Rugby Unys Pennsans ha Lulyn; Penzance & Newlyn; Penzance and Newlyn RFC; Penzance and Newlyn Rugby Football Club; Penzance Newlyn; コーニッシュ・パイレーツ; コーニッシュ・パスティ","220",NA
"Penzance Newlyn","Cornish Pirates; Cornish Pirates Academy; Cornish Pirates RUFC; Cornish Pirates Rugby; Cornish Pirates Rugby Club; Cornish Pirates Rugby Football Club; Cornish Pirates Rugby Football Team; Cornish Pirates Rugby Team; Klub Rugby Unys Pennsans ha Lulyn; Penzance & Newlyn; Penzance and Newlyn RFC; Penzance and Newlyn Rugby Football Club; Penzance Newlyn; コーニッシュ・パイレーツ; コーニッシュ・パスティ","220",NA
"pershore rfc","Pershore RFC","4394",NA
"perth and angus district xv","Perthshire RFC; Perth and Angus District XV; The Eagles; Perthshire Rugby Football Club","1649",NA
"Perth Bayswater RUFC","Perth Bayswater RC; Perth Bayswater RUFC","3653",NA
"Pesaro Rugby","ASD Pesaro Rugby; Pesaro Rugby","5613",NA
"Peterborough RFC","Peterborough RUFC; Peterborough; Peterborough Rugby Union Football Club","1650",NA
"Petersfield R.F.C.","Petersfield R.F.C.; Petersfield; RAMS RFC; Petersfield Rugby Football Club","1652",NA
"Petersfield RFC","Petersfield R.F.C.; Petersfield; RAMS RFC; Petersfield Rugby Football Club","1652",NA
"petone","Petone Rugby Club; Petone Wellington; Petone RFC","1654",NA
"Petone Rugby Club","Petone Rugby Club; Petone Wellington; Petone RFC","1654",NA
"petone wellington","Petone Rugby Club; Petone Wellington; Petone RFC","1654",NA
"Petrolul București","Petrolul Bucarest Rugby; Petrolul București; Petrolul Bucarest","7207",NA
"peyrehorade","Peyrehorade sports rugby Pays d'Orthe; Aspremontoise; Peyrehorade; Peyrehorade sports; Peyrehorade sports rugby; Peyrehorade SR; PeyrehoradeSR; PS; PSR; ペイレホラードSR","2110",NA
"Peyrehorade","Peyrehorade sports rugby Pays d'Orthe; Aspremontoise; Peyrehorade; Peyrehorade sports; Peyrehorade sports rugby; Peyrehorade SR; PeyrehoradeSR; PS; PSR; ペイレホラードSR","2110",NA
"peyrehorade sr","Peyrehorade sports rugby Pays d'Orthe; Aspremontoise; Peyrehorade; Peyrehorade sports; Peyrehorade sports rugby; Peyrehorade SR; PeyrehoradeSR; PS; PSR; ペイレホラードSR","2110",NA
"Peyrehorade SR","Peyrehorade sports rugby Pays d'Orthe; Aspremontoise; Peyrehorade; Peyrehorade sports; Peyrehorade sports rugby; Peyrehorade SR; PeyrehoradeSR; PS; PSR; ペイレホラードSR","2110",NA
"philippines u19","Philippines national under-19 rugby union team; Philippines -19; Philippines u19","7721",NA
"Piacenza Rugby Club","Piacenza Rugby Club; Piacenza; Piacenza RC; Plaisance RC; Plaisance Rugby; rugby piacenza","831",NA
"Pic-Saint-Loup","Saint Gely Pic Saint Loup Rugby; ER Pic Saint-Loup; Pic Saint Loup","5070",NA
"Pic Saint-Loup","Saint Gely Pic Saint Loup Rugby; ER Pic Saint-Loup; Pic Saint Loup","5070",NA
"Pic Saint Loup","Saint Gely Pic Saint Loup Rugby; ER Pic Saint-Loup; Pic Saint Loup","5070",NA
"piller rugby club","Piller Rugby Club; Pilier Rugby Club","7720",NA
"Pirates Amateurs","Pirates Amateurs","4145",NA
"Pirates Club","Pirates Club; Pirates Sports & Rugby Club; Pirates Sports and Rugby Club","3307",NA
"Pirates FC","Pirates FC; Pirates Invercargill; Dunedin Pirates; Pirates Football Club Dunedin; Pirates Rugby Club","5935",NA
"Pirates Invercargill","Pirates FC; Pirates Invercargill; Dunedin Pirates; Pirates Football Club Dunedin; Pirates Rugby Club","5935",NA
"Pirates RC","Pirates; Pirates RC; Pirates RFC; Johannesburg Pirates","6218",NA
"Pirates Sydney","West Harbour RFC; Pirates Sydney; Pirates; West Harbour; West Harbour Pirates; Western Suburbs DRUFC; ウェスト・ハーバー; ウエスト・ハーバー・パイレーツ; ウェストハーバー; ウエストハーバー; ウェストハーバー・パイレーツ","737",NA
"Pitbulls RFC","Pitbulls Rugby Football Club; Pitbulls RFC","7719",NA
"pittsburgh forge rugby club","Pittsburgh Forge Rugby; Pittsburgh Forge Rugby Club; Pittsburgh Forge RC; Pittsburgh Forge","7718",NA
"platinum leopards","Leopards; Platinum Leopards; Leopard; Leopardos; Leopards Rugby Union; Leopards Rugby Union; Luiperds Rugby; Mielieboere; North West; North West Leopards; North West Rugby; Western Transvaal; Western Transvaal Rugby Union; レオパルズ; レパーズ","308",NA
"plouzané","Plouzané AC","4498",NA
"plymouth rfc","Plymouth Albion R.F.C.; Devonport Albion; Plymouth Rugby; Albion R.F.C.; Albion Rugby; Albion Rugby Club; Albion Rugby Football; Albion Rugby Football Club; P.A.R.F.C.; Plymouth; Plymouth Albion; Plymouth Albion RFC; Plymouth Albion Rugby; Plymouth Albion Rugby Club; Plymouth Albion Rugby Football; Plymouth Albion Rugby Football Club; R.F.C. Plymouth Albion; Rugby Albion; Rugby Club Albion; Rugby Club Plymouth Albion; Rugby Football Albion; Rugby Football Club Albion; Rugby Football Club Plymouth Albion; Rugby Football Plymouth Albion; Rugby Plymouth Albion; プリマス; プリマス・アルビオン; プリマス・アルビオンRFC","589",NA
"plymouth rugby","Plymouth Albion R.F.C.; Devonport Albion; Plymouth Rugby; Albion R.F.C.; Albion Rugby; Albion Rugby Club; Albion Rugby Football; Albion Rugby Football Club; P.A.R.F.C.; Plymouth; Plymouth Albion; Plymouth Albion RFC; Plymouth Albion Rugby; Plymouth Albion Rugby Club; Plymouth Albion Rugby Football; Plymouth Albion Rugby Football Club; R.F.C. Plymouth Albion; Rugby Albion; Rugby Club Albion; Rugby Club Plymouth Albion; Rugby Football Albion; Rugby Football Club Albion; Rugby Football Club Plymouth Albion; Rugby Football Plymouth Albion; Rugby Plymouth Albion; プリマス; プリマス・アルビオン; プリマス・アルビオンRFC","589",NA
"Pocklington RUFC","Pocklington RUFC; Pocklington; Pocklington Rugby Union Football Club","1657",NA
"Police RFC","South Africa Police; Police SC","6260",NA
"poneke","Poneke FC; Poneke; Pōneke; Pōneke Football Club; Poneke Premiers; ポネケ","6084",NA
"poneke fc","Poneke FC; Poneke; Pōneke; Pōneke Football Club; Poneke Premiers; ポネケ","6084",NA
"poneke football club","Poneke FC; Poneke; Pōneke; Pōneke Football Club; Poneke Premiers; ポネケ","6084",NA
"Poneke Football Club","Poneke FC; Poneke; Pōneke; Pōneke Football Club; Poneke Premiers; ポネケ","6084",NA
"poneke premiers","Poneke FC; Poneke; Pōneke; Pōneke Football Club; Poneke Premiers; ポネケ","6084",NA
"poneke rfc","Poneke FC; Poneke; Pōneke; Pōneke Football Club; Poneke Premiers; ポネケ","6084",NA
"poneke rugby club","Poneke FC; Poneke; Pōneke; Pōneke Football Club; Poneke Premiers; ポネケ","6084",NA
"ponsonby rugby club","Ponsonby RFC; Ponsonby; Ponsonby District Rugby Football Club; Ponsonby Rugby Club; ポンソビー; ポンソンビー; ポンソンビーRFC","1659",NA
"ponteland rfc","Ponteland RFC","4070",NA
"Pontllanfraith","Pontllanfraith RFC; Pontllanfraith Rugby Football Club","1662",NA
"pontnewydd rfc","Pontnewydd RFC","7209",NA
"Pontnewydd RFC","Pontnewydd RFC","7209",NA
"pontyberem","Pontyberem RFC; Pontyberem Rugby Football Club","1663",NA
"Pontyclun RFC","Pontyclun RFC; Pontyclun Rugby & Sports Club; The Badgers","1664",NA
"pontymoile rfc","Pontypool RFC; Pontymoile; Pontypool; Pontypool Rugby Football Club; Pooler; ポンティプール","215",NA
"Pontypool United","Pontypool United RFC; United; Pontypool United Rugby Football Club","1666",NA
"Pontypool United RFC","Pontypool United RFC; United; Pontypool United Rugby Football Club","1666",NA
"Pontypridd","Pontypridd RFC; Ponty; Pontypridd; Pontypridd Rugby Football Club; The Valley Commandos; ポーンティプリズRFC; ポンタプリズ; ポンタプリズRFC; ポンティプリッド","104",NA
"port elizabeth police","Port Elizabeth Police","6219",NA
"porth rfc","Porth Harlequins RFC; Porth RFC; Quins; Porth Harlequins Rugby Football Club","1669",NA
"Porth Scarlets","Porth Scarlets","7717",NA
"porthcawl","Porthcawl RFC; Porthcawl; Porthcawl Rugby Football Club; Seaweeds; Sky Rats; The Gulls","1670",NA
"portlaoise rfc","Portlaoise RFC; Portlaoise; Portlaoise Rugby Football Club","1673",NA
"Poti","Poti","7716",NA
"Prairie RFC","Prairie RFC","7715",NA
"Preston Grasshoppers","Preston Grasshoppers R.F.C.; Club Preston Grasshoppers; Hoppers; Preston Grasshoppers; Preston Grasshoppers Club; Preston Grasshoppers RFC; Preston Grasshoppers Rugby; Preston Grasshoppers Rugby Club; Preston Grasshoppers Rugby Football; Preston Grasshoppers Rugby Football Club; Preston Hoppers; Preston Hoppers R.F.C.; Preston Hoppers Rugby Club; Preston Hoppers Rugby Football Club; Preston R.F.C.; Preston R.U.F.C.; R.F.C. Preston Grasshoppers; Rugby Club Preston Grasshoppers; Rugby Football Club Preston Grasshoppers; Rugby Football Preston Grasshoppers; Rugby Preston Grasshoppers; The Hoppers","1679",NA
"Preston Grasshoppers R.F.C.","Preston Grasshoppers R.F.C.; Club Preston Grasshoppers; Hoppers; Preston Grasshoppers; Preston Grasshoppers Club; Preston Grasshoppers RFC; Preston Grasshoppers Rugby; Preston Grasshoppers Rugby Club; Preston Grasshoppers Rugby Football; Preston Grasshoppers Rugby Football Club; Preston Hoppers; Preston Hoppers R.F.C.; Preston Hoppers Rugby Club; Preston Hoppers Rugby Football Club; Preston R.F.C.; Preston R.U.F.C.; R.F.C. Preston Grasshoppers; Rugby Club Preston Grasshoppers; Rugby Football Club Preston Grasshoppers; Rugby Football Preston Grasshoppers; Rugby Preston Grasshoppers; The Hoppers","1679",NA
"pretoria","Pretoria; Pretoria RFC; Pretoria Rugby Football Club","6283",NA
"Pretoria RC","Pretoria; Pretoria RFC; Pretoria Rugby Football Club","6283",NA
"pretoria rfc","Pretoria; Pretoria RFC; Pretoria Rugby Football Club","6283",NA
"Pretoria RFC","Pretoria; Pretoria RFC; Pretoria Rugby Football Club","6283",NA
"pro recco","Pro Recco Rugby; Pro Recco Italy; Pro Recco; Recco Rugby","833",NA
"pro recco italy","Pro Recco Rugby; Pro Recco Italy; Pro Recco; Recco Rugby","833",NA
"Pro Recco Rugby","Pro Recco Rugby; Pro Recco Italy; Pro Recco; Recco Rugby","833",NA
"progress","Progress","6506",NA
"promotica centurioni","Centurioni Rugby SSD; Centurioni rugby; I Centurioni; Promotica Centurioni; Promotica I Centurioni","5599",NA
"provo steelers","Provo Steelers Rugby; Provo Steelers","7714",NA
"public schools' wanderers club","Public School Wanderers; Public Schools' Wanderers club; PSW; Wanderers; Public School Wanderers Rugby and Cricket Club","1685",NA
"pueyrredón rc","Pueyrredón Rugby Club; Pueyrredón; Pueyrredón RC; Pueyrredon Rugby Club","2015",NA
"pukekohe","Pukekohe RC; Pukekohe Rugby Club; Pukekohe; Pukekohe RFC; プケコへ","5814",NA
"pukekohe rfc","Pukekohe RC; Pukekohe Rugby Club; Pukekohe; Pukekohe RFC; プケコへ","5814",NA
"putaruru rfc","Putaruru Athletic RC; Putaruru RFC","6049",NA
"Queen's College Cork","University College Cork RFC; U.C.C. RFC; Queen's College Cork; UC Cork; Universidad Colegio Cork; University College Cork; University College Cork R.F.C.; University College Cork Rugby Football Club","724",NA
"queensland u-19","Queensland Reds; Queensland U21; Queensland U-19; Queensland; Queensland RU; Queensland Rugby Union; Reds; The Queensland Reds; クイーンズランド・レッズ; クイーンズランド・レッズU18; レッズ; 昆士蘭紅; 昆士蘭紅人; 昆士蘭紅隊; 昆士蘭红","253",NA
"queensland u21","Queensland Reds; Queensland U21; Queensland U-19; Queensland; Queensland RU; Queensland Rugby Union; Reds; The Queensland Reds; クイーンズランド・レッズ; クイーンズランド・レッズU18; レッズ; 昆士蘭紅; 昆士蘭紅人; 昆士蘭紅隊; 昆士蘭红","253",NA
"r.c. aubenas vals","Rugby club Aubenas Vals; Aubenas; Aubenas rugby club; Aubenas Vals; Aubenas Vals rugby club; RC Aubenas; RC Aubenas Vals; RCAV","620",NA
"r.c. bonneval","RC Bonneval; Rugby Club Bonnevallais","7222",NA
"ra","Ra Rugby Union Team; Ra","7217",NA
"ra olymp praha","RA Olymp Praha","7713",NA
"Rabastens Couffouleu","Stade Athlétique Rabastens Couffouleu; SA Rabastens Coufouleux","5074",NA
"rac angérien","Rugby Athletic Club angérien; RAC angérien; RAC Angérien; RAC Saint-Jean-d'Angély; RACA; S.-J. d'Angély","619",NA
"rac saint-jean-d'angély","Rugby Athletic Club angérien; RAC angérien; RAC Angérien; RAC Saint-Jean-d'Angély; RACA; S.-J. d'Angély","619",NA
"Racing Rugby Club de Nice","Racing Rugby Club de Nice; RCC Nice; RRC Nice; RRCN","3021",NA
"Rada Tilly","Chenque Rugby Club; Rada Tilly","3340",NA
"raf","Royal Air Force Rugby Union; RAF; Royal Air Force","2918",NA
"RAF","Royal Air Force Rugby Union; RAF; Royal Air Force","2918",NA
"raf & rn xv","Combined RAF and RN; Royal Air Force and Royal Navy team; RAF & RN XV","7712",NA
"Raiders RC","Raiders RC; Raiders","6223",NA
"Railway Club","Railway Club","7711",NA
"raiwaqa","DHL Raiwaqa Rugby Club; Raiwaqa; ライワカ","6923",NA
"rakaia","Rakaia RC","5858",NA
"Ramblers RC","Ramblers RC; Ramblers Club","7710",NA
"Rand Leases","Roodepoort; Rand Leases Roodepoort Rugby Football Club; Rand Leases Roodepoort RFC; Roodepoort; Rand Leases","6224",NA
"randfontein rfc","Randfontein","6541",NA
"randwick drufc","Randwick DRUFC; Galloping Greens; Randwick; Randwick District RUFC; Randwick District Rugby Union Football Club; Randwick RUFC; Wicks; ランドウィック","606",NA
"randwick rfc","Randwick DRUFC; Galloping Greens; Randwick; Randwick District RUFC; Randwick District Rugby Union Football Club; Randwick RUFC; Wicks; ランドウィック","606",NA
"rangatira","Rangatira Club; Rangatira","7709",NA
"Rangers Rugby Vicenza","ASD Rugby Vicenza; Rangers Vicenza Rugby; Amatori Rugby Vicenza; ASD Rangers Rugby Vicenza; Rangers Rugby Vicenza; Rugby Vicence; Rugby Vicenza; Rugby Vicenza ASD; Vicenza; ヴィチェンツァ","850",NA
"Rangers Vicenza Rugby","ASD Rugby Vicenza; Rangers Vicenza Rugby; Amatori Rugby Vicenza; ASD Rangers Rugby Vicenza; Rangers Rugby Vicenza; Rugby Vicence; Rugby Vicenza; Rugby Vicenza ASD; Vicenza; ヴィチェンツァ","850",NA
"rangiuru","Rangiuru Sports Club; Rangiuru","5737",NA
"raralevu","Raralevu Rugby; Raralevu","7708",NA
"rata","Rata Rugby Club; Rata","7707",NA
"ratana","Ratana RC","6085",NA
"Ratu Filise","Ratu Filise Rugby Club","7706",NA
"rau","Rand Afrikaans University; RAU; ランドアフリカーンス大学; ランドアフリカーンズ大学","6947",NA
"RAU","Rand Afrikaans University; RAU; ランドアフリカーンス大学; ランドアフリカーンズ大学","6947",NA
"rawsonville","Rawsonville United; Rawsonville","6371",NA
"RC Annemasse","Rugby Club Annemassien; Annemasse; RC Annemasse","4657",NA
"rc arras","Rugby Club d'Arras; Arras Fed 1; Arras Rugby Club; ASPTT Arras; ASPTT Arras Rugby; RC Arras; Rugby club d'Arras","629",NA
"RC Avamafoa Rugby","Avamafoa Rugby Club; RC Avamafoa Rugby; Avamafoa RC","7002",NA
"rc bârlad","RC Bârlad; Club de Drept Public Rugby Club Bârlad; CSS Bârlad; CS Rulmentul Bârlad; RC  Bârlad; RCバルラード; Rulmentul Bârlad","2409",NA
"RC Bârlad","RC Bârlad; Club de Drept Public Rugby Club Bârlad; CSS Bârlad; CS Rulmentul Bârlad; RC  Bârlad; RCバルラード; Rulmentul Bârlad","2409",NA
"rc bassin d'arcachon","Rugby Club bassin d'Arcachon; Arcachon; Bassin d'Arcachon; RC bassin d'Arcachon; RC Bassin d'Arcachon; RCB Arcachon; RCBA; Rugby Club Bassin d'Arcachon","627",NA
"rc beauvais","Beauvais Rugby Club; Beauvais RC; Beauvais XV; Beauvais XV Rugby Club; RC Beauvais","3119",NA
"RC Brăila","RC Brăila; RC Braila; R.C. Tracon Braila; Tracon Braila","7223",NA
"RC Braşov","RC Brașov; RC Brasov","7224",NA
"rc cannes","Rugby Club Cannes Mandelieu; RC Cannes; RC Cannes Mandelieu; RC Mandelieu","622",NA
"RC Canton Garde Pradet","XV du Coudon; La Valette; La Valette-du-Var; RC Canton Garde Pradet; RC La Valette; RC La Valette Le Revest La Garde Le Pradet; RC Valette Revest; RC valettois; RC valettois revestois; RC Valettois Revestois; RCV; RCVR; RCVRGP; Rugby Club La Valette Le Revest La Garde Le Pradet; Rugby Club valettois; Rugby Club valettois revestois; ラ・ヴァレット","2881",NA
"rc carqueiranne-hyères","RC Hyères Carqueiranne La Crau; Carqueiranne Hyeres Crau; Carqueiranne-Hyères; Hyères; Hyères-Carqueiranne; RC Carqueiranne; RC Carqueiranne-Hyères; RC Carqueiranne Hyères; RC Hyères-C-C; RC Hyères-Carqueiranne; RC Hyères Carq. Crau; RC Hyères Carq. La Crau; RC Hyères Carqueiranne; RC Hyères CC; RCCH; RCHCC; RCイエール; RRC Hyères-Carq.-La Crau; Rugby club Carqueiranne Hyères; Union sportive Carqueiranne","621",NA
"RC Chartreuse Néron","RC Chartreuse Neron; RC Chartreuse Néron","4867",NA
"rc compiegne","RC Compiègne; RC Compiégnois; Rugby Club Compiégnois","4506",NA
"rc compiégnois","RC Compiègne; RC Compiégnois; Rugby Club Compiégnois","4506",NA
"RC cska moscow","RC CSKA Moscow; CSKA Mosca; CSKA Moscou; CSKAモスクワ; RC CSKA Moscou","2814",NA
"RC Draguignan","Rugby Club Draguignan; Draguignan; RC Draguignan","3143",NA
"rc dynamo moscow","Dynamo Moscow Rugby Club; Dinamo Moscow; RC Dynamo Moscow; RC Dinamo Moscou; RC Dynamo Moscou","876",NA
"rc eemland","Rugbyclub Eemland; RC Eemland; Rugby Club Eemland","7278",NA
"RC Grivița București","RC Grivița Bucharest; CFR Grivita Rosie Bucharest; Grivița București; Griviţa; Grivita Bucarest; Grivita Rosie; Griviţa Roşie; Grivița Roșie; RC  Grivița; RC Grivița - UNEFS București; RC Grivița București; RC Grivița Roșie; Rugby Club Griviţa București; Rugby Club Grivița București; Rugby Club Grivița Roșie","2113",NA
"rc hyères","Rugby Club hyérois; RC Hyères","3069",NA
"rc hyères carqueiranne","RC Hyères Carqueiranne La Crau; Carqueiranne Hyeres Crau; Carqueiranne-Hyères; Hyères; Hyères-Carqueiranne; RC Carqueiranne; RC Carqueiranne-Hyères; RC Carqueiranne Hyères; RC Hyères-C-C; RC Hyères-Carqueiranne; RC Hyères Carq. Crau; RC Hyères Carq. La Crau; RC Hyères Carqueiranne; RC Hyères CC; RCCH; RCHCC; RCイエール; RRC Hyères-Carq.-La Crau; Rugby club Carqueiranne Hyères; Union sportive Carqueiranne","621",NA
"rc istres","Istres sports rugby; Istres; Istres SC; Istres Sport Rugby; Istres Sports; Istres SR","3025",NA
"rc junkers","Rugby Club Junkers; RC Iunkerebi; RC Junkers; RCユンカース","2896",NA
"RC La Valette","XV du Coudon; La Valette; La Valette-du-Var; RC Canton Garde Pradet; RC La Valette; RC La Valette Le Revest La Garde Le Pradet; RC Valette Revest; RC valettois; RC valettois revestois; RC Valettois Revestois; RCV; RCVR; RCVRGP; Rugby Club La Valette Le Revest La Garde Le Pradet; Rugby Club valettois; Rugby Club valettois revestois; ラ・ヴァレット","2881",NA
"RC Martigues Port-de-Bouc","Rugby Club Port de Bouc; RC Martigues Port-de-Bouc; RC Port-de-Bouc; RCポートドボーク","5434",NA
"RC Maurepas Élancourt","RC Maurepas-Elancourt; RC Maurepas Élancourt","7238",NA
"RC Meaux","RC Pays de Meaux; CS Meaux; RC Meaux; RC pays de Meaux; RCP Meaux","4507",NA
"rc mendoza","Mendoza Rugby Club; Mendoza RC; RC Mendoza","3381",NA
"rc mountfield říčany","RC Říčany; RC Mountfield Říčany; Ricany; Říčany; Rugby Club Říčany","688",NA
"rc port-de-bouc","Rugby Club Port de Bouc; RC Martigues Port-de-Bouc; RC Port-de-Bouc; RCポートドボーク","5434",NA
"rc rouen","Rouen Normandie Rugby; Les Lions; Racing Rugby Club de Rouen; RC Rouen; RNR; Rouen Normandie; Rouen NR; Rugby Club de Rouen; Rugby Club Rouen; Stade Rouen; Stade rouennais; Stade rouennais rugby; Stade rouennais rugby <; ルアンNR; ルーアン","678",NA
"rc seyssens","RC Seyssins; RC Seyssens; RCセイサン; Seyssins","4606",NA
"RC Seyssins","RC Seyssins; RC Seyssens; RCセイサン; Seyssins","4606",NA
"rc sparta praha","RC Sparta Prague; Prague; RC Sparta Praga; Rugby Club Sparta Prague; Rugby Club Sparta Praha; Sparta Praga; Sparta Prague","681",NA
"rc tatra smíchov","RC Tatra Smíchov; Tatra Smíchov; RC Tatra Smichov; Rugby Club Tatra Smíchov","691",NA
"RC Tatra Smíchov","RC Tatra Smíchov; Tatra Smíchov; RC Tatra Smichov; Rugby Club Tatra Smíchov","691",NA
"RC Toulonnais","RC Toulonnais; R.C. Toulon; RC Tottenham; RC Toulon; RCT; RCT Toulon; RCトゥーロン; Rugby-Club Toulonnais; Rugby club toulonnais; Rugby Club Toulonnais; Tolone; Toulon; トゥーロン; 土伦橄榄球俱乐部","315",NA
"RC Vairas","Regbio klubas Vairas; RC Vairas; Vairas","2280",NA
"RC Valenciennes","RC Valenciennois; RC Valenciennes","4939",NA
"RC Versailles","RC Versailles","4500",NA
"rc zelenograd","Zelenograd Rugby Club; RC Zelenograd; RCゼレノグラード; RK Zelenograd; Zelenograd","877",NA
"rchcc","RC Hyères Carqueiranne La Crau; Carqueiranne Hyeres Crau; Carqueiranne-Hyères; Hyères; Hyères-Carqueiranne; RC Carqueiranne; RC Carqueiranne-Hyères; RC Carqueiranne Hyères; RC Hyères-C-C; RC Hyères-Carqueiranne; RC Hyères Carq. Crau; RC Hyères Carq. La Crau; RC Hyères Carqueiranne; RC Hyères CC; RCCH; RCHCC; RCイエール; RRC Hyères-Carq.-La Crau; Rugby club Carqueiranne Hyères; Union sportive Carqueiranne","621",NA
"rcp meaux","RC Pays de Meaux; CS Meaux; RC Meaux; RC pays de Meaux; RCP Meaux","4507",NA
"rcp saint-yrieix","RC Pays de Saint-Yrieix; ARC Saint-Yrieix; RCP Saint-Yrieix","4476",NA
"red rock","Redrock Rugby Club; Red Rock Qauia; Red Rock Qauia Suva; Redrock RC; Red Rock; レッドロック","6948",NA
"red star","Masterton Red Star RC; Masterton; Red Star","6060",NA
"redcliffe","Redcliffe Rugby Club; Redcliffe","7705",NA
"redingensians","Rams RFC; Ensians; Rams; Rams Rugby; Redingensians RFC; Redingensians Rugby Football Club","1744",NA
"reds trial","Scotland A national rugby union team; Whites trial; Blues trial; Reds trial; Scotland Probables; Scotland Possibles; Écosse A; Escocia A; ru a sco; Scotland A; Scozia A rugby; スコットランドA","1786",NA
"reef raiders","Reef Raiders; Port Douglas Rugby Club","7248",NA
"regatas san nicolas","Club de Regatas de San Nicolás; Regatas San Nicolas; CR San Nicolás; Regatas de San Nicolás","3452",NA
"reggio calabria","Società Sportiva Rugby Reggio Calabria; Caronte Reggio Calabria; Caronte Rugby Reggio; Reggio Calabria; Rugby Reggio Calabria; S.S. Rugby Reggio; Società Sportiva Rugby Reggio","853",NA
"Regina Rogues","Regina Rugby; Regina Rogues; Regina Rogues Rugby","7704",NA
"Rehoboth","Rehoboth Rugby Club; Rehoboth RC; Rehoboth","7703",NA
"rennes ec rugby","Rennes Étudiants Club rugby; Rennes EC Rugby; REC; REC Rugby; Rennes EC; Rennes Étudiants Club","2726",NA
"renwick","Renwick Rugby Club","6022",NA
"Renwick","Renwick Rugby Club","6022",NA
"rewa","Rewa; Rewa Rugby; Rewa Colts","4450",NA
"rewa colts","Rewa; Rewa Rugby; Rewa Colts","4450",NA
"Rewa Rugby","Rewa; Rewa Rugby; Rewa Colts","4450",NA
"Rhigos RFC","Rhigos RFC; Rhigos Rugby Football Club","1748",NA
"rhône","ROC La Voulte-Valence; La Voulte-Valence; RCO La Voulte Valence; Rhône; Rhône ovalie club La Voulte-Valence; ROC La Voulte Valence; ローヌ","2188",NA
"Ribérac","Club athlétique ribéracois rugby; Ribérac; CA Ribérac; CA ribéracois; CAR","467",NA
"Richmond","Richmond Rugby Club; Richmond; Richmond F.C.; Richmond FC; Richmond Football Club; Richmond RFC; Richmond Rugby; リッチモンドFC","607",NA
"richmond hospital","Richmond Hospital; Richmond Hospital RC","7702",NA
"Rimini Rugby","ASD Rimini Rugby","5538",NA
"Ripon","Ripon Rugby Union Football Club; Ripon R.U.F.C","1754",NA
"riviera rugby","Rugby Riviera 1975; Rugby Riviera; Riviera; Riviera Rugby; Riviera Rugby 2010 ASD; Rugby Riviera 2005; Rugby Riviera 2005 ASD; Rugby Riviera del Brenta","849",NA
"rk mītava","Regbija klubs Mītava; RK Mītava","7701",NA
"rk petrovice","RK Petrovice; Rugby Klub Petrovice","1728",NA
"rnzaf","Royal New Zealand Air Force; RNZAF","7700",NA
"ro cholet","RO Choletais; Cholet; RO Cholet","4812",NA
"roath windsor rfc","Roath Windsor RFC; Roath Windsor","7699",NA
"Robertson Town RFC","Robertson Town RFC","6376",NA
"Roca Rugby Club","Roca Rugby Club; Roca RC","3493",NA
"rochford hundred","Rochford Hundred Rugby Club; Rochford Hundred","2762",NA
"Rockcliff","Whitley Bay Rockcliff RFC; Rockcliff; Rockcliff RFC; Whitley Bay Rockcliff Rugby Football Club","2663",NA
"Rockwell College","Rockwell College RFC; Rockwell College","5440",NA
"rodez rugby","Rodez Rugby","4628",NA
"rokko seahawks","Rokko Rugby Football Club; Rokko Seahawks; Rokko Fighting Bull; 六甲; 六甲クラブ; 六甲ファイティングブル","2060",NA
"Romagna Rugby","Romagna Rugby Football Club; Romagna Rugby","838",NA
"romania a","Romania A national rugby union team; Roumanie A; Romania A","7255",NA
"romania under-18","Romania national under-18 rugby union team; Roumanie -18; Romania Under-18","7256",NA
"romania under-23","Romania national under-23 rugby union team; Roumanie -23; Romania Under-23","7698",NA
"Romford","Romford and Gidea Park Rugby Club; Romford; Romford and Gidea Park","1760",NA
"rosario","Club Atlético del Rosario; Atletico del Rosario; Atlético del Rosario; CA Rosario; CAロサリオ; Club Atletico del Rosario; Plaza; Rosario; Rosario Athletic; Rosario Athletic Club; クルブ・アトレティコ・デル・ロサリオ","359",NA
"roses united","Roses United","6225",NA
"rosslyn park fc","Rosslyn Park F.C.; F.C. Rosslyn Park; Football Club Rosslyn Park; Rosslyn Park; Rosslyn Park Club; Rosslyn Park F.C; Rosslyn Park FC; Rosslyn Park Football; Rosslyn Park Football Club; Rosslyn Park Rugby Club; Rosslyn Park Rugby Football Club; Rosslyn Park Rugby Union; RPFC; ロズリンパークFC","609",NA
"rotterdamse studenten rc","Rotterdamse Studenten RC; Rotterdamse Studenten Rugby Club","7697",NA
"roundhay","Roundhay RUFC; Roundhay","7696",NA
"roundhegians rfc","Roundhegians; Roundhegians RFC; Roundhegians Rugby Football Club","4289",NA
"roxburgh","Roxburgh RFC","5936",NA
"roxburghshire","Roxburghshire","7695",NA
"royal air force","Royal Air Force Rugby Union; RAF; Royal Air Force","2918",NA
"Royal Air Force","Royal Air Force Rugby Union; RAF; Royal Air Force","2918",NA
"royal engineers rfc","British Army's Royal Engineers; Royal Engineers","7694",NA
"Royal Engineers RFC","British Army's Royal Engineers; Royal Engineers","7694",NA
"Royal Navy","Royal Navy Rugby Union; RNRU; Royal Navy","1768",NA
"Royal Navy Rugby Union","Royal Navy Rugby Union; RNRU; Royal Navy","1768",NA
"royal school of mines","Royal School of Mines","7693",NA
"royan","Sporting Club Royannais; Royan; SC royannais","3299",NA
"ru zaf","South Africa national rugby union team; Afrique du Sud; AmaBokoboko; Bokke; Echipa naţională de rugby a africii de sud; équipe d'Afrique du Sud de rugby a XV; équipe sud-africaine de rugby; Hego Afrikako errugbi selekzioa; Nazionale di rugby a 15 del Sudafrica Under 23; Nazionale di rugby XV del Sudafrica; Reprezentacja Republiki Południowej Afryki w rugby mężczyzn; ru zaf; SA national rugby union team; SA rugby team; SA rugby union team; SARU; Seleção Sul-Africana de Râguebi; Selecção Sul-Africana de Râguebi; Seleccion de rugby de Sudafrica; Selección de rugby de Sudafrica; Seleccion de rugby de Sudáfrica; Selección de Sudáfrica; Seleccion nacional de rugby de Sudafrica; Selección nacional de rugby de Sudafrica; Seleccion nacional de rugby de Sudáfrica; Selección nacional de rugby de Sudáfrica; Sgioba naiseanta rugbaidh Afraga-a-Deas; Sgioba nàiseanta rugbaidh Afraga-a-Deas; South Africa national rugby union; South Africa rugby union team; Springbocks; Springbokke; Sudafrica; Sudáfrica; Südafrikanische Rugbynationalmannschaft; Suid-Afrika nasionale rugbyspan; Suid-Afrika se nasionale rugbyspan; Suid-Afrika se rugbyspan; Suid-Afrikaanse nasionale rugbyspan; Suid-Afrikaanse rugbyspan; Zuid-Afrikaans rugbyteam; Збірна ПАР з регбі; Сборная Южной Африки по регби; Спрингбокс; Спрінгбокс; სამხრეთ აფრიკის ეროვნული რაგბის ნაკრები; スプリングボクス; ラグビー南アフリカ代表; 남아공 럭비 유니온 국가 대표팀; 스프링복스; 南アフリカ; 南アフリカ共和国","52",NA
"Ruabon RFC","Ruabon RFC","7259",NA
"rubano","Roccia Rugby; Rugby Rubano; Roccia Rubano; Rubano; Roccia Rugby Rubano; Rubano Rugby; U.S. Roccia Rugby","837",NA
"Rubano","Roccia Rugby; Rugby Rubano; Roccia Rubano; Rubano; Roccia Rugby Rubano; Rubano Rugby; U.S. Roccia Rugby","837",NA
"Rugby Academy SWERA","South West of England Rugby; South West of England Rugby Academy; SWERA; Rugby Academy SWERA","7692",NA
"Rugby Anzio","Rugby Anzio Club ASD; Anzio; Rugby Anzio","5569",NA
"Rugby Ariccia","Rugby Ariccia","7691",NA
"rugby athletic club angérien","Rugby Athletic Club angérien; RAC angérien; RAC Angérien; RAC Saint-Jean-d'Angély; RACA; S.-J. d'Angély","619",NA
"rugby athlétic club angérien","Rugby Athletic Club angérien; RAC angérien; RAC Angérien; RAC Saint-Jean-d'Angély; RACA; S.-J. d'Angély","619",NA
"rugby badia asd","Rugby Badia; Amatori Rugby Badia; Badia; Rugby Badia 1981; Società Sportiva Rugby Badia; ラグビー・バディア","839",NA
"rugby bassano","Rugby Bassano 1976 ASD; Bassano; Rugby Bassano","5652",NA
"rugby benevento","U.S. Rugby Benevento; Benevento; Rugby Bénévent; Rugby Benevento; Unione Sportiva Rugby Benevento; US Benevento; US Rugby Benevento","859",NA
"Rugby Benevento","U.S. Rugby Benevento; Benevento; Rugby Bénévent; Rugby Benevento; Unione Sportiva Rugby Benevento; US Benevento; US Rugby Benevento","859",NA
"rugby bologna","Rugby Bologna; Bologna; Bologna Rugby; Bologne Rugby; Bolonia; Rugby Bologna 1928; Rugby Bologne; Rugby Bologne 1928","610",NA
"rugby bologna 1928","Rugby Bologna; Bologna; Bologna Rugby; Bologne Rugby; Bolonia; Rugby Bologna 1928; Rugby Bologne; Rugby Bologne 1928","610",NA
"Rugby Brescia","Rugby Brescia; Associazione Sportiva Rugby Brescia; Brescia; Junior Rugby Brescia; XV Leonessa d'Italia","2036",NA
"Rugby Carpi","Rugby Carpi ASD","5542",NA
"rugby casale","Rugby Casale; ASD Rugby Casale; Casale; Casale Rugby","785",NA
"rugby club amiénois","RC Amiens; Rugby Club Amiénois","4499",NA
"rugby club auch","Rugby club Auch; Auch; RC Auch; RCA; オーシュ","2848",NA
"rugby club cavalieri i prato","Rugby Club I Cavalieri; Rugby Club Cavalieri i Prato; Rugby Prato; Cavalieri Prato; Consiag I Cavalieri Prato; Estra I Cavalieri Prato; I Cavalieri; I Cavalieri Prato; RC I Cavalieri Prato; Rugby Club I Cavalieri Prato","123",NA
"rugby club diok","Leidse Rugbyclub DIOK; RC DIOK; RCディオク","363",NA
"Rugby Club I Cavalieri Prato","Rugby Club I Cavalieri; Rugby Club Cavalieri i Prato; Rugby Prato; Cavalieri Prato; Consiag I Cavalieri Prato; Estra I Cavalieri Prato; I Cavalieri; I Cavalieri Prato; RC I Cavalieri Prato; Rugby Club I Cavalieri Prato","123",NA
"rugby club san marcos","Club San Marcos Rugby & Hockey; Club San Marcos; Rugby Club San Marcos","3367",NA
"Rugby Club Strasbourg","Rugby Club Strasbourg; FC Kronenbourg; Football Club Cronenbourg; Football Club de Cronenbourg; Racing Club Strasbourg rugby; RC Strasbourg; RCストラスブール; Rugby club Strasbourg; Rugby Club Strasbourg Alsace; Strasbourg AR","626",NA
"rugby club trignacais","RC Trignac; Rugby Club Trignacais","4489",NA
"Rugby Club Val de Bièvres","RC Val de Bievre; Rugby Club Val de Bievre; Rugby Club Val de Bièvres","7690",NA
"Rugby Como","Rugby Como ASD; Como; Rugby Como","5605",NA
"Rugby Crema","ASD Crema Rugby Club; Rugby Crema","5588",NA
"Rugby Firenze","UR Firenze; Unione Rugby Firenze; Rugby Firenze","5514",NA
"rugby frascati","Rugby Frascati Union; Frascati Rugby Union; Frascati Rugby; AS Rugby Frascati; Frascati; Rugby Città di Frascati; Rugby Città di Frascati SSD; Rugby Frascati","840",NA
"Rugby Frascati","Rugby Frascati Union; Frascati Rugby Union; Frascati Rugby; AS Rugby Frascati; Frascati; Rugby Città di Frascati; Rugby Città di Frascati SSD; Rugby Frascati","840",NA
"rugby grande milano","Rugby Grande Milano; Grande Milano; Grande Milano Rugby; グランデ・ミラノ; ミラノ","843",NA
"Rugby Jesi '70","Rugby Jesi 70; Rugby Jesi 1970; Rugby Jesi '70","2182",NA
"Rugby Lanuvio","ASD Rugby Lanuvio; Rugby Lanuvio","7689",NA
"Rugby Lecco","ASD Rugby Lecco; Lecco","2443",NA
"Rugby Legio Invicta","Roma Legio Invicta XV; Rugby Legio Invicta; Roma Legio XV","7454",NA
"Rugby Livorno 1931","Rugby Livorno 1931; Livorno 1931; Livorno; Rugby Livorno; Granducato Livorno; Rugby Livourne; Rugby Livourne 1931; ラグビーリヴォルノ1931; リヴォルノ","847",NA
"Rugby Mantova","Rugby Mantova SRL SSD; Mantova; Rugby Mantova","5606",NA
"rugby milano","A.S. Rugby Milano; AS Rugby Milano; ASD Milano; ASR Milan; ASR Milano; Rugby Milano; ラグビー・ミラノ","783",NA
"Rugby Milano","A.S. Rugby Milano; AS Rugby Milano; ASD Milano; ASR Milan; ASR Milano; Rugby Milano; ラグビー・ミラノ","783",NA
"rugby modena","Modena Rugby 1965; Rugby Modena; AS Modena Rugby; Associazione Sportiva Modena Rugby; Modena; Modena Rugby; Modena Rugby Club","821",NA
"Rugby Mogliano","Mogliano Rugby; Associazione Sportiva Rugby Mogliano; Mogliano; Mogliano Rugby 1969; Mogliano Rugby 1969 S.S.D.; Mogliano Rugby SSD; Mogliano SSD; Mogliano Veneto; Mogliano Veneto Rugby; Rugby Mogliano; Rugby Silea; Silea Rugby; San Marco; San Marco RC; San Marco Rugby; San Marco Rugby Club; Silea; モリアーノ; モリアーノ・ラグビー; モリアーノ1956","339",NA
"Rugby Noceto","Rugby Noceto Football Club; Noceto; Rugby Noceto; Rugby Noceto FC","846",NA
"Rugby Noceto Football Club","Rugby Noceto Football Club; Noceto; Rugby Noceto; Rugby Noceto FC","846",NA
"rugby ovalie lorient","Rugby Ovalie Lorient","7277",NA
"rugby paese","Rugby Paese; Paese Rugby; ASD Rugby Paese; Paese","782",NA
"Rugby Paese","Rugby Paese; Paese Rugby; ASD Rugby Paese; Paese","782",NA
"rugby parabiago","Rugby Parabiago 1948; Parabiago; Rugby Parabiago; Unione Sportiva Rugby Parabiago","860",NA
"rugby prato","Rugby Club I Cavalieri; Rugby Club Cavalieri i Prato; Rugby Prato; Cavalieri Prato; Consiag I Cavalieri Prato; Estra I Cavalieri Prato; I Cavalieri; I Cavalieri Prato; RC I Cavalieri Prato; Rugby Club I Cavalieri Prato","123",NA
"rugby reggio","Valorugby Emilia; I Diavoli; Reggio; Reggio Emilia; Rugby Reggio; Rugby Reggio ASD; Rugby Reggio Emilia; Sempre Avanti Rugby; SS Rugby Reggio; Valorugby; Valorugby Emilia S.S.D.; レッジョ","8",NA
"Rugby Reggio","Valorugby Emilia; I Diavoli; Reggio; Reggio Emilia; Rugby Reggio; Rugby Reggio ASD; Rugby Reggio Emilia; Sempre Avanti Rugby; SS Rugby Reggio; Valorugby; Valorugby Emilia S.S.D.; レッジョ","8",NA
"rugby reggio emilia","Valorugby Emilia; I Diavoli; Reggio; Reggio Emilia; Rugby Reggio; Rugby Reggio ASD; Rugby Reggio Emilia; Sempre Avanti Rugby; SS Rugby Reggio; Valorugby; Valorugby Emilia S.S.D.; レッジョ","8",NA
"Rugby Riviera","Rugby Riviera 1975; Rugby Riviera; Riviera; Riviera Rugby; Riviera Rugby 2010 ASD; Rugby Riviera 2005; Rugby Riviera 2005 ASD; Rugby Riviera del Brenta","849",NA
"Rugby Roma Olimpic","Rugby Roma; A.S. Roma; Amatori Roma; Olimpic ’44; Roma Olimpic; Rome; Rugby Roma Olimpic; Rugby Roma Olimpic 1930; Rugby Roma Olimpic Club 1930; Rugby Roma Olimpic Club 1930 ar.l.; Rugby Rome","191",NA
"rugby rovato","Rovato Rugby; Rugby Rovato; AS Rugby Rovato; Rovato","5525",NA
"rugby silea","Mogliano Rugby; Associazione Sportiva Rugby Mogliano; Mogliano; Mogliano Rugby 1969; Mogliano Rugby 1969 S.S.D.; Mogliano Rugby SSD; Mogliano SSD; Mogliano Veneto; Mogliano Veneto Rugby; Rugby Mogliano; Rugby Silea; Silea Rugby; San Marco; San Marco RC; San Marco Rugby; San Marco Rugby Club; Silea; モリアーノ; モリアーノ・ラグビー; モリアーノ1956","339",NA
"rugby sud 77","Rugby Sud 77","4965",NA
"Rugby Trappes","Rugby Trappes","7688",NA
"Rugby Trieste","Venjulia Rugby Trieste; Rugby Trieste; Venjulia Trieste","5660",NA
"Rugby Udine FVG","Rugby Udine; Rugby Udine FVG; ASD Rugby Udine 1928; Hafro Rugby Udine; Leonorso Rugby Udine; Leonorso Rugby Udine ASD; Leonorso Udine; Rugby Udine Union FVG; Udine; Udine RFC; Udine Rugby Football Club; ウーディネ; レオノーソ・ウディネ","787",NA
"ruggers tarvisium","Ruggers Tarvisium; A. S. Tarvisium ruggers 69; A.S. Rugby Tarvisium; A.S. Tarvisium ruggers 69; AS Ruggers Tarvisium; Associazione Sportiva Ruggers Tarvisium; Rugby Tarvisium; Tarvisium","793",NA
"Ruggers Tarvisium","Ruggers Tarvisium; A. S. Tarvisium ruggers 69; A.S. Rugby Tarvisium; A.S. Tarvisium ruggers 69; AS Ruggers Tarvisium; Associazione Sportiva Ruggers Tarvisium; Rugby Tarvisium; Tarvisium","793",NA
"Ruislip RFC","Ruislip RFC","4099",NA
"russian barbarians","Russian Barbarians","7687",NA
"rustenburg impala","Rustenburg Impala","6226",NA
"Rutherglen","Cambuslang RFC; Cambuslang Rugby Football Club; Rutherglen","1053",NA
"ryukoku university rfc","Ryukoku University Rugby Club; Ryukoku University Rugby Football Club; Ryukoku University RFC; 龍谷大学","2104",NA
"ryukoku university rugby football club","Ryukoku University Rugby Club; Ryukoku University Rugby Football Club; Ryukoku University RFC; 龍谷大学","2104",NA
"S.A. A","Emerging Springboks; S.A. A; South Africa XV; Afrique du Sud A; Afrique du Sud A; Amabokoboko; Bokke; Boks; Emerging South Africa; Gazelles; Junior Springboks; ru a zaf; South Africa A; South Africa A national rugby union team; South Africa Gazelles; Springbokke; Springboks; Sudafrica A; Sudafrica A rugby","822",NA
"s.a. academy","Academy RFC","5480",NA
"s.a. elite squad","South Africa national under-18 rugby union team; S.A. Schools U18; S.A. Under-18; S.A. Under-18 High Performance; S.A. Elite Squad; SA U18 high performance; SA Elite Squad; South Africa Under-18 Elite Squad; South Africa Elite Squad; South Africa under-18; Afrique du Sud -18; South African Schools; Sudáfrica sub-18; 南アフリカ共和国U-18","2403",NA
"s.a. under-18","South Africa national under-18 rugby union team; S.A. Schools U18; S.A. Under-18; S.A. Under-18 High Performance; S.A. Elite Squad; SA U18 high performance; SA Elite Squad; South Africa Under-18 Elite Squad; South Africa Elite Squad; South Africa under-18; Afrique du Sud -18; South African Schools; Sudáfrica sub-18; 南アフリカ共和国U-18","2403",NA
"s.a. under-18 high performance","South Africa national under-18 rugby union team; S.A. Schools U18; S.A. Under-18; S.A. Under-18 High Performance; S.A. Elite Squad; SA U18 high performance; SA Elite Squad; South Africa Under-18 Elite Squad; South Africa Elite Squad; South Africa under-18; Afrique du Sud -18; South African Schools; Sudáfrica sub-18; 南アフリカ共和国U-18","2403",NA
"s.a. under-19","South Africa national under-19 rugby union team; S.A. Under-19; South Africa U19; South Africa Under-19s; South Africa Under-19; South Africa (U19); Afrique du Sud -19","7303",NA
"s.a. under-23","South Africa national under-23 rugby union team; S.A. Under-23; South Africa Under-23; South Africa U23; South Africa U/23; Afrique du Sud -23","7305",NA
"sa amateur","South Africa amateur national rugby union team; SA Amateur; Amabokoboko; South Africa Amateurs","1808",NA
"sa condom","Société athlétique condomoise; SA Condom; SAC Condom","2788",NA
"sa elite squad","South Africa national under-18 rugby union team; S.A. Schools U18; S.A. Under-18; S.A. Under-18 High Performance; S.A. Elite Squad; SA U18 high performance; SA Elite Squad; South Africa Under-18 Elite Squad; South Africa Elite Squad; South Africa under-18; Afrique du Sud -18; South African Schools; Sudáfrica sub-18; 南アフリカ共和国U-18","2403",NA
"SA elite squad","South Africa national under-18 rugby union team; S.A. Schools U18; S.A. Under-18; S.A. Under-18 High Performance; S.A. Elite Squad; SA U18 high performance; SA Elite Squad; South Africa Under-18 Elite Squad; South Africa Elite Squad; South Africa under-18; Afrique du Sud -18; South African Schools; Sudáfrica sub-18; 南アフリカ共和国U-18","2403",NA
"sa gazelles","Emerging Springboks; S.A. A; South Africa XV; Afrique du Sud A; Afrique du Sud A; Amabokoboko; Bokke; Boks; Emerging South Africa; Gazelles; Junior Springboks; ru a zaf; South Africa A; South Africa A national rugby union team; South Africa Gazelles; Springbokke; Springboks; Sudafrica A; Sudafrica A rugby","822",NA
"sa kings","Southern Kings; Eastern Cape Kings; Kings; The Southern Kings; Саудерн кингси; キングス; サザン・キングス; Coastal XV","179",NA
"sa mauléon","Sport athlétique mauléonais; Mauléon; SA Mauleon; SA Mauléon; SA Mauleón; SA Mauléonais; SAM; SAM Mauléon; モレオン","655",NA
"sa saint-sever","SA Saint-Sever; S.A. Saint-Sever; SASS; US Saint-Sever","654",NA
"sa u18 high performance","South Africa national under-18 rugby union team; S.A. Schools U18; S.A. Under-18; S.A. Under-18 High Performance; S.A. Elite Squad; SA U18 high performance; SA Elite Squad; South Africa Under-18 Elite Squad; South Africa Elite Squad; South Africa under-18; Afrique du Sud -18; South African Schools; Sudáfrica sub-18; 南アフリカ共和国U-18","2403",NA
"sa verdun","Sport athlétique verdunois rugby; SA Verdun; SA Verdun rugby; SAV rugby","637",NA
"sa vierzon","SA Vierzon; SA Vierzon Rugby; SA Vierzonnais; SAV Vierzon; Vierzon; Vierzon SAV","4541",NA
"Saint-Céré","Saint-Céré Rugby; Saint-Céré; Saint-Céré rugby; Saint-Céré sports; Saint-Céré Sports; SCR","2489",NA
"saint-claude","FC Saint-Claude; F.C. Saint-Claude; FC Saint-Claude Rugby; Football club de Saint-Claude; Football Club san-claudien; Saint-Claude; Saint-Claude Rugby","511",NA
"saint-denis","Olympique de Saint-Denis; Saint-Denis","7191",NA
"Saint-Denis US","Saint-Denis Union Sports; Saint-Denis US; US Saint-Denis","7281",NA
"saint-germain-en-laye","MLSGP Rugby; Laffitte St Germain Poissy; Maison-Laffitte Saint-Germain Poissy Rugby; Maisons-Laffitte Saint-Germain-en-Laye Poissy Rugby; MLSGP 78; MLSGP 78 rugby; Saint-Germain-en-Laye; Saint Germain","2889",NA
"saint-jean-d'angély","Union Cognac Saint-Jean-d'Angély; Cognac-St-Jean-d'Angély; Cognac Saint-Jean-d'Angély; Saint-Jean-d'Angély; Cognac St-Jean-d'Angély; Cognac St-Jean d'Angély; Cognac St.J.Angély; UCS; Union Cognac-SJA; Union Cognac-SJDA; Union Cognac S.Angély; Union Cognac S.J.Angély; Union Cognac St-J.-d'Angély; Union Cognac St-J.A.; Union Cognac St-J.Angély; Union Cognac St-Jean-A.; Union Cognac St-Jean-d'Angély; コニャック・サン＝ジャン＝ダンジェリ","2658",NA
"saint-jean-de-luz","Saint-Jean-de-Luz Olympique rugby team; Saint-Jean-de-Luz; Saint-Jean-de-Luz ol.; Saint-Jean-de-Luz olympique; Saint-Jean-de-Luz Olympique; Saint-Jean-de-Luz Olympique Rugby; Saint-Jean-de-Luz OR; Saint-Jean de Luz ol.; Saint Jean de Luz; SJLO; SLJO; St-Jean-de-Luz ol.; St-Jean-de-Luz olymp.; St-Jean-de-Luz olympique; St. Jean de Luz","640",NA
"saint-jean-de-luz olympique","Saint-Jean-de-Luz Olympique rugby team; Saint-Jean-de-Luz; Saint-Jean-de-Luz ol.; Saint-Jean-de-Luz olympique; Saint-Jean-de-Luz Olympique; Saint-Jean-de-Luz Olympique Rugby; Saint-Jean-de-Luz OR; Saint-Jean de Luz ol.; Saint Jean de Luz; SJLO; SLJO; St-Jean-de-Luz ol.; St-Jean-de-Luz olymp.; St-Jean-de-Luz olympique; St. Jean de Luz","640",NA
"saint-jean-de-luz or","Saint-Jean-de-Luz Olympique rugby team; Saint-Jean-de-Luz; Saint-Jean-de-Luz ol.; Saint-Jean-de-Luz olympique; Saint-Jean-de-Luz Olympique; Saint-Jean-de-Luz Olympique Rugby; Saint-Jean-de-Luz OR; Saint-Jean de Luz ol.; Saint Jean de Luz; SJLO; SLJO; St-Jean-de-Luz ol.; St-Jean-de-Luz olymp.; St-Jean-de-Luz olympique; St. Jean de Luz","640",NA
"Saint-Jean-de-Luz OR","Saint-Jean-de-Luz Olympique rugby team; Saint-Jean-de-Luz; Saint-Jean-de-Luz ol.; Saint-Jean-de-Luz olympique; Saint-Jean-de-Luz Olympique; Saint-Jean-de-Luz Olympique Rugby; Saint-Jean-de-Luz OR; Saint-Jean de Luz ol.; Saint Jean de Luz; SJLO; SLJO; St-Jean-de-Luz ol.; St-Jean-de-Luz olymp.; St-Jean-de-Luz olympique; St. Jean de Luz","640",NA
"saint-junien","AS Saint-Junien; AS Saint Junien; ASSJR; Association sportive Saint-Junien; Association sportive Saint-Junien rugby; Saint-Junien; サン＝ジュニアン","408",NA
"saint-médard-en-jalles","Saint-Médard rugby club; Association sportive de Saint-Médard; Association sportive Saint-Médard; Saint-Médard; Saint-Médard RC; Saint Médard RC; Saint Médard rugby club; Saint-Médard-en-Jalles; SMRC","642",NA
"saint-savin","Saint-Savin sportif; Saint-Savin; Saint-Savin Sportif","4600",NA
"saint-sulpice-sur-lèze","Union sportive saint-sulpicienne rugby; Saint-Sul; US Saint-Sulpice; US Saint-Sulpice-sur-Lèze; Saint-Sulpice-sur-Lèze; US Saint Sulpice; USSS","2746",NA
"saint jean de luz","Saint-Jean-de-Luz Olympique rugby team; Saint-Jean-de-Luz; Saint-Jean-de-Luz ol.; Saint-Jean-de-Luz olympique; Saint-Jean-de-Luz Olympique; Saint-Jean-de-Luz Olympique Rugby; Saint-Jean-de-Luz OR; Saint-Jean de Luz ol.; Saint Jean de Luz; SJLO; SLJO; St-Jean-de-Luz ol.; St-Jean-de-Luz olymp.; St-Jean-de-Luz olympique; St. Jean de Luz","640",NA
"saint junien","AS Saint-Junien; AS Saint Junien; ASSJR; Association sportive Saint-Junien; Association sportive Saint-Junien rugby; Saint-Junien; サン＝ジュニアン","408",NA
"saint mary's college","St Mary's College RFC; Maro’s; Mary's; St. Mary's; St. Mary's College; St. Mary's College RFC; St. Mary's College Rugby Football Club; The Blue Army; The Blues","592",NA
"saint nazaire","Sporting Club nazairien; Nazairien Rugby; Saint-Nazaire; Saint-Nazaire RLA; Saint-Nazaire rugby; Saint-Nazaire rugby Loire-Atlantique; Saint Nazaire; Saint Nazaire Rugby; SC Saint-Nazaire; SNR; SNRLA; Sporting nazairien; Sporting nazairien rugby; サン＝ナゼール; スポッティング・ナザイリアン","660",NA
"saint nazaire ovalie","Saint-Nazaire ovalie","4549",NA
"sainte-anne-de-bellevue","St Anne de Bellevue rugby; St Anne de Bellevue; St Anne de Bellevue RFC","7316",NA
"Sainte-Anne-De-Bellevue","St Anne de Bellevue rugby; St Anne de Bellevue; St Anne de Bellevue RFC","7316",NA
"salanque cr","Salanque Côte Radieuse; Canet-Sainte-Marie; La Salanque Côte-Radieuse; Salanque CR; Salanque CR XV; SCR XV; サランクCR","4470",NA
"saldanha","Saldanha","6381",NA
"sale fc rugby","Sale FC Rugby Club; Sale FC; Sale FC Rugby; セールFC","2227",NA
"Salisbury Sports Club","Harare Sports Club; Salisbury Sports Club","7488",NA
"Sallèles-d'Aude","Association Ouveillan Cuxac; AOCS XV; Association Ouveillan-Cuxac-Sallèles XV; Sallèles-d'Aude","5031",NA
"sambenedettese","UR San Benedetto; Sambenedettese","5532",NA
"samoa men's","Samoa national rugby union team; Samoa men's; Echipa naţională de rugby din samoa; équipe des îles Samoa de rugby à XV; équipe des Samoa occidentales de rugby à XV; Manu Samoa; nazionale di rugby a 15 delle Samoa; nazionale di rugby a 15 delle Samoa Occidentali; Nazionale di rugby XV di Samoa; Neiafu Rugby Squad; Reprezentacja Samoa w rugby mężczyzn; ru samoa; ru wsm; Samoa; Samoa nasionale rugbyspan; Samoa Occidentali; Samoa se nasionale rugbyspan; Samoaans rugbyteam; Seleção Samoana de Râguebi; Selecção samoana de râguebi; Selecção samoana de rugby; Seleccion de rugby de Samoa; Selección de rugby de Samoa; tim rygbi'r undeb cenedlaethol Samoa; tîm rygbi Samoa; Tuilaepa ai tupe; სამოას მორაგბეთა ეროვნული ნაკრები; サモア","224",NA
"samoa under-20","Samoa national under-20 rugby union team; Samoa Under-20; Samoa -20; Seleccion juvenil de rugby de Samoa; U20サモア; U20サモア代表","1780",NA
"samsung sdi","Samsung SDI Rugby; Samsung SDI","7686",NA
"San Carlos","San Carlos Rugby Club","3620",NA
"San Cirano","Club San Cirano; San Cirano; サン・シラノ","1121",NA
"san clemente rhinos","San Clemente Rhinos; San Clemente","7685",NA
"san diego old aztecs","San Diego Old Aztecs Rugby; San Diego Old Aztecs","7684",NA
"san diego old aztecs rugby","San Diego Old Aztecs Rugby; San Diego Old Aztecs","7684",NA
"san fernando","Club San Fernando; San Fernando","1123",NA
"San Francisco Golden Gate","San Francisco Golden Gate RFC; San Francisco Golden Gate; San Francisco Golden Gate Rugby Football Club; SF Golden Gate; SFGG; SFGG Rugby","644",NA
"san gregorio catania","San Gregorio Catania Rugby; San Gregorio Catania; A.S. Rugby San Gregorio; A.S.D. San Gregorio Catania Rugby; ASD San Gregorio Catania Rugby; ASD San Gregorio Rugby; San Gregorio","645",NA
"sandal rfc","Sandal RUFC; Sandal; Sandal RFC; Sandal Rugby Union Football Club","2324",NA
"sandhurst military academy","Royal Military Academy Sandhurst; Sandhurst Military Academy","7683",NA
"Sanitas Alcobendas","Alcobendas Rugby; Alcobendas; Club Alcobendas; Club Alcobendas rugby; Club Alcobendas Rugby; Club Deportivo Básico Alcobendas Rugby; M.A.R.U.; Moraleja Alcobendas; Sanitas Alcobendas","464",NA
"santiago lawn tennis club","Santiago Lawn Tennis Club; Santiago L.T.C.; Santiago Lawn; Santiago Lawn TC; Santiago Lawn Tennis","3188",NA
"Santiago Lawn Tennis Club","Santiago Lawn Tennis Club; Santiago L.T.C.; Santiago Lawn; Santiago Lawn TC; Santiago Lawn Tennis","3188",NA
"Saracens Amateur RFC","Saracens Amateurs; Saracens Amateur RFC","4225",NA
"saru","South Africa national rugby union team; Afrique du Sud; AmaBokoboko; Bokke; Echipa naţională de rugby a africii de sud; équipe d'Afrique du Sud de rugby a XV; équipe sud-africaine de rugby; Hego Afrikako errugbi selekzioa; Nazionale di rugby a 15 del Sudafrica Under 23; Nazionale di rugby XV del Sudafrica; Reprezentacja Republiki Południowej Afryki w rugby mężczyzn; ru zaf; SA national rugby union team; SA rugby team; SA rugby union team; SARU; Seleção Sul-Africana de Râguebi; Selecção Sul-Africana de Râguebi; Seleccion de rugby de Sudafrica; Selección de rugby de Sudafrica; Seleccion de rugby de Sudáfrica; Selección de Sudáfrica; Seleccion nacional de rugby de Sudafrica; Selección nacional de rugby de Sudafrica; Seleccion nacional de rugby de Sudáfrica; Selección nacional de rugby de Sudáfrica; Sgioba naiseanta rugbaidh Afraga-a-Deas; Sgioba nàiseanta rugbaidh Afraga-a-Deas; South Africa national rugby union; South Africa rugby union team; Springbocks; Springbokke; Sudafrica; Sudáfrica; Südafrikanische Rugbynationalmannschaft; Suid-Afrika nasionale rugbyspan; Suid-Afrika se nasionale rugbyspan; Suid-Afrika se rugbyspan; Suid-Afrikaanse nasionale rugbyspan; Suid-Afrikaanse rugbyspan; Zuid-Afrikaans rugbyteam; Збірна ПАР з регбі; Сборная Южной Африки по регби; Спрингбокс; Спрінгбокс; სამხრეთ აფრიკის ეროვნული რაგბის ნაკრები; スプリングボクス; ラグビー南アフリカ代表; 남아공 럭비 유니온 국가 대표팀; 스프링복스; 南アフリカ; 南アフリカ共和国","52",NA
"savai'i vikings","Savaii Vikings; Savai'i Vikings; Savai’i Vikings","7290",NA
"sc angoulême","Angouleme Sporting Club; SC Angoulême; SCA; Sporting Club d'Angoulême","2628",NA
"SC Brioude","Sporting Club brivadois; SC Brioude; Sporting Club Brioude","657",NA
"sc nègrepelisse","SC Nègrepelisse","4629",NA
"sc pamiers","Sporting club appaméen; CS Pamiers; Pamiers; SC appaméen; SC Pamiers; SCパミエ","656",NA
"SC Pamiers","Sporting club appaméen; CS Pamiers; Pamiers; SC appaméen; SC Pamiers; SCパミエ","656",NA
"sc royannais","Sporting Club Royannais; Royan; SC royannais","3299",NA
"SC Siemensstadt","SC Siemensstadt Rugby; SC Siemensstadt; Sport Club Siemensstadt Berlin e.V.","2405",NA
"sc tulle","Sporting club tulliste; SC Tulle; SCT; Tulle","658",NA
"Scariff","Scariff RFC; Scariff R.F.C.; Scariff","7291",NA
"Scioto Valley","Columbus RFC; Scioto Valley RFC; Scioto Valley; Columbus Hawks; Columbus RFC Ohio; Columbus Rugby Football Club","2783",NA
"scioto valley rfc","Columbus RFC; Scioto Valley RFC; Scioto Valley; Columbus Hawks; Columbus RFC Ohio; Columbus Rugby Football Club","2783",NA
"scm timisoara","SCM USV Timișoara; Bănățeni; Bănățeni; CSU Timișoara; Leii; Leii; RC Timisoara; RC Timișoara; RCJファルク; RCM Timisoara; RCM Timişoara; RCM Timișoara; RCM UVT Timișoara Saracens; Rugby Club Municipal Timișoara; Rugby Club Municipal Univeristatea de Vest Timișoara; SCM Rugby Timișoara; SCM Timișoara; SCMティミショアラ; SCMラグビー・ティミショアラ; Sport Club Municipal Rugby Timișoara; Timişoara; Timisoara Saracens; Timișoara Saracens; Timișoreni; Timișoreni; Universitatea Timisoara; Universitatea Timișoara; Universitatii Timisoara; ティミショアラ; ティミショアラ・サラセンズ","594",NA
"SCO Angers","SCO RC Angers; Angers; Angers SCO; Angers SCO rugby; SCO Angers","4550",NA
"scopa","SCOPA Rugby Club; SCOPA; SCOPA RC; Skopa","7292",NA
"scotland possibles","Scotland A national rugby union team; Whites trial; Blues trial; Reds trial; Scotland Probables; Scotland Possibles; Écosse A; Escocia A; ru a sco; Scotland A; Scozia A rugby; スコットランドA","1786",NA
"scotland probables","Scotland A national rugby union team; Whites trial; Blues trial; Reds trial; Scotland Probables; Scotland Possibles; Écosse A; Escocia A; ru a sco; Scotland A; Scozia A rugby; スコットランドA","1786",NA
"scotland students","Scotland national university rugby union team; Scotland Students; Scottish students; Scottish Universities XV","7682",NA
"scotland xv","Scotland amateur national rugby union team; Scotland Club XV; Scotland XV; Écosse Club XV","2506",NA
"scottish border xv","Border Reivers; Borders XV; Scottish Borders; Scottish Borderers; Scottish Border XV; Border Reivers Rugby Union; Border Reivers Rugby; Borders; The Borders; ボーダー・リーヴァーズ; ボーダー・レイダーズ; ボーダー・レイバース","157",NA
"scottish borderers","Border Reivers; Borders XV; Scottish Borders; Scottish Borderers; Scottish Border XV; Border Reivers Rugby Union; Border Reivers Rugby; Borders; The Borders; ボーダー・リーヴァーズ; ボーダー・レイダーズ; ボーダー・レイバース","157",NA
"scottish borders","Border Reivers; Borders XV; Scottish Borders; Scottish Borderers; Scottish Border XV; Border Reivers Rugby Union; Border Reivers Rugby; Borders; The Borders; ボーダー・リーヴァーズ; ボーダー・レイダーズ; ボーダー・レイバース","157",NA
"scottish districts","Combined Scottish Districts; Scottish Districts","7558",NA
"Scottish Exiles","Scottish Exiles; Scottish Exiles Rugby Union","2592",NA
"scottish students","Scotland national university rugby union team; Scotland Students; Scottish students; Scottish Universities XV","7682",NA
"scottish universities xv","Scotland national university rugby union team; Scotland Students; Scottish students; Scottish Universities XV","7682",NA
"scuf","Sporting Club universitaire de France rugby; SCUF; SCUF rugby; Sporting club universitaire de France; Sporting Club Universitaire de France; Sporting club universitaire de France Rugby","659",NA
"Scunthorpe RUFC","Scunthorpe Rugby Club; Scunthorpe RUFC; Scunthorpe; Scunthorpe Rugby Football Club","1791",NA
"seaside stars","Seaside Stars","7293",NA
"Seaside Stars","Seaside Stars","7293",NA
"section paloise espoirs","Section Paloise; Pau; Section; Section Paloise Espoirs; Section paloise; Section Paloise Béarn Pyrénées; Section paloise rés.; Section Paloise; セクシオン・パロワーズ; ポー","2145",NA
"seddon shield unions","Buller Rugby Football Union; Seddon Shield Unions; Buller; ブラー","1027",NA
"selby","Selby RFC","3988",NA
"selkirk","Selkirk RFC; Selkirk; Selkirk Rugby Football Club","274",NA
"selwyn","Selwyn RFC","5789",NA
"senibiau","Senibiau Rugby Club; Senibiau RC; Senibiau","7681",NA
"senshu university rfc","Senshu University Rugby Club; Senshu University RFC; 専修大学","2067",NA
"Servian-Boujan","Servian Boujan Rugby; Servian-Boujan Rugby; Servian-Boujan","4623",NA
"services xv","Combined Services; Combined Service; Combined Services Rugby; Services XV","7465",NA
"sesto","Cavalieri Union Rugby; Cavalieri Union; Cavalieri Union Rugby Prato Sesto; Unione Prato Sesto; Unione Rugby Prato Sesto; Sesto Rugby; Sesto; UR Prato Sesto","2429",NA
"Sesto Rugby","Cavalieri Union Rugby; Cavalieri Union; Cavalieri Union Rugby Prato Sesto; Unione Prato Sesto; Unione Rugby Prato Sesto; Sesto Rugby; Sesto; UR Prato Sesto","2429",NA
"Setsunan University","Setsunan University Rugby Club; Setsunan University; 摂南大学","2074",NA
"Sevenoaks","Sevenoaks RFC; Sevenoaks; Sevenoaks Rugby Football Club; セブノークス","2763",NA
"Sevenoaks RFC","Sevenoaks RFC; Sevenoaks; Sevenoaks Rugby Football Club; セブノークス","2763",NA
"Seyssins","RC Seyssins; RC Seyssens; RCセイサン; Seyssins","4606",NA
"shamrock rfc","Shamrock Rugby Club; Shamrock RFC; Slippery Rock University Rugby Club","7680",NA
"shanghai","Shanghai Rugby Football Club; Shanghai RFC; Shanghai","7679",NA
"sharks academy","Sharks; Natal Sharks; Natal; Natal Sharks -21; Natal Wildebeeste; Coastal Sharks; Sharks Rugby Union; The Sharks; シャークス; シャークスXV; Nシャークス; Sharks; Sharks; Sharks Academy; シャークス; シャークス; シャークス; シャークスXV; ナタール・シャークス; ナタル; ナタル・シャークス","121",NA
"sheffield","Sheffield RUFC; Sheffield Rugby; Sheff; Sheffield; Sheffield Rugby Union Football Club","1799",NA
"Sheppey","Sheppey Rugby Football Club; Sheppey Rugby Club","7678",NA
"shimlas","UFS Shimlas; UFS Shimlas Young Guns; Shimlas","6188",NA
"Shimlas","UFS Shimlas; UFS Shimlas Young Guns; Shimlas","6188",NA
"shirley","Shirley Rugby Club; Shirley RC; Shirley","7677",NA
"shirley rfc","Shirley RFC; シャーリーRC","5791",NA
"Shrewsbury","Shrewsbury RFC","4117",NA
"sidcup f.c.","Sidcup RFC","3989",NA
"sidmouth","Sidmouth RFC","3991",NA
"Sidmouth","Sidmouth RFC","3991",NA
"Silea Rugby","Mogliano Rugby; Associazione Sportiva Rugby Mogliano; Mogliano; Mogliano Rugby 1969; Mogliano Rugby 1969 S.S.D.; Mogliano Rugby SSD; Mogliano SSD; Mogliano Veneto; Mogliano Veneto Rugby; Rugby Mogliano; Rugby Silea; Silea Rugby; San Marco; San Marco RC; San Marco Rugby; San Marco Rugby Club; Silea; モリアーノ; モリアーノ・ラグビー; モリアーノ1956","339",NA
"Silverdale RFC","Silverdale RC; Silverdale; Silverdale RFC; Silverdale United RFC; Silverdale United R.F.C.","5870",NA
"Silverdale United R.F.C","Silverdale RC; Silverdale; Silverdale RFC; Silverdale United RFC; Silverdale United R.F.C.","5870",NA
"silverdale united rfc","Silverdale RC; Silverdale; Silverdale RFC; Silverdale United RFC; Silverdale United R.F.C.","5870",NA
"Singleton Bulls","Singleton Rugby Club; Singleton Bulls","7676",NA
"six-fours","Rugby Club Six Fours - Le Brusc; RC Pays six-fournais; RC Six Fours; Rugby club Six-Fours; Six-Fours","4828",NA
"sk walmers","SK Walmers","6229",NA
"skipton rfc","Skipton RFC","4419",NA
"sligo","Sligo RFC; Sligo Rugby Football Club","2281",NA
"so chambery","Stade Olympique Chambérien Rugby; Chambéry; SO Chambéry; SO Chambéry Rugby; SOC Chambéry; SOC Rugby; SOシャンベリ; Stade olympique chambérien; Stade Olympique Chamberien Rugby; シャンベリ","675",NA
"so givors","SO Givors; Givors; Stade Olympique Givors","3044",NA
"Solliès-Pont","RC de la Vallée du Gapeau; Solliès-Pont; ソリエス＝ポン","4613",NA
"somerset","Somerset West R.F.C.; ; Somerset; Somerset West RFC; Strand Somerset West R.F.C.","7302",NA
"Somerset","Somerset West R.F.C.; ; Somerset; Somerset West RFC; Strand Somerset West R.F.C.","7302",NA
"somerset west rfc","Somerset West R.F.C.; ; Somerset; Somerset West RFC; Strand Somerset West R.F.C.","7302",NA
"Somerset West RFC","Somerset West R.F.C.; ; Somerset; Somerset West RFC; Strand Somerset West R.F.C.","7302",NA
"south africa (u19)","South Africa national under-19 rugby union team; S.A. Under-19; South Africa U19; South Africa Under-19s; South Africa Under-19; South Africa (U19); Afrique du Sud -19","7303",NA
"south africa (u21)","South Africa national under-21 rugby union team; South Africa Under-21; South Africa U21; ; South Africa (U21); Afrique du Sud -21","7304",NA
"south africa a","Emerging Springboks; S.A. A; South Africa XV; Afrique du Sud A; Afrique du Sud A; Amabokoboko; Bokke; Boks; Emerging South Africa; Gazelles; Junior Springboks; ru a zaf; South Africa A; South Africa A national rugby union team; South Africa Gazelles; Springbokke; Springboks; Sudafrica A; Sudafrica A rugby","822",NA
"south africa elite squad","South Africa national under-18 rugby union team; S.A. Schools U18; S.A. Under-18; S.A. Under-18 High Performance; S.A. Elite Squad; SA U18 high performance; SA Elite Squad; South Africa Under-18 Elite Squad; South Africa Elite Squad; South Africa under-18; Afrique du Sud -18; South African Schools; Sudáfrica sub-18; 南アフリカ共和国U-18","2403",NA
"south africa national under-20","South Africa national under-20 rugby union team; South Africa National Under-20; Afrique du Sud -20; Baba Bokke; Baby Boks; Junior Boks; Junior Springbokke; Little Bokke; Seleccion juvenil de rugby de Sudafrica; Selección Juvenil Sudafricana; South Africa Under-20; U20南アフリカ; U20南アフリカ共和国; 南アフリカ共和国U20","797",NA
"South Africa President's XV","South Africa President's XV","2350",NA
"south africa u/23","South Africa national under-23 rugby union team; S.A. Under-23; South Africa Under-23; South Africa U23; South Africa U/23; Afrique du Sud -23","7305",NA
"south africa u19","South Africa national under-19 rugby union team; S.A. Under-19; South Africa U19; South Africa Under-19s; South Africa Under-19; South Africa (U19); Afrique du Sud -19","7303",NA
"south africa u21","South Africa national under-21 rugby union team; South Africa Under-21; South Africa U21; ; South Africa (U21); Afrique du Sud -21","7304",NA
"south africa u23","South Africa national under-23 rugby union team; S.A. Under-23; South Africa Under-23; South Africa U23; South Africa U/23; Afrique du Sud -23","7305",NA
"South Africa under-18","South Africa national under-18 rugby union team; S.A. Schools U18; S.A. Under-18; S.A. Under-18 High Performance; S.A. Elite Squad; SA U18 high performance; SA Elite Squad; South Africa Under-18 Elite Squad; South Africa Elite Squad; South Africa under-18; Afrique du Sud -18; South African Schools; Sudáfrica sub-18; 南アフリカ共和国U-18","2403",NA
"south africa under-18 elite squad","South Africa national under-18 rugby union team; S.A. Schools U18; S.A. Under-18; S.A. Under-18 High Performance; S.A. Elite Squad; SA U18 high performance; SA Elite Squad; South Africa Under-18 Elite Squad; South Africa Elite Squad; South Africa under-18; Afrique du Sud -18; South African Schools; Sudáfrica sub-18; 南アフリカ共和国U-18","2403",NA
"south africa under-19","South Africa national under-19 rugby union team; S.A. Under-19; South Africa U19; South Africa Under-19s; South Africa Under-19; South Africa (U19); Afrique du Sud -19","7303",NA
"south africa under-19s","South Africa national under-19 rugby union team; S.A. Under-19; South Africa U19; South Africa Under-19s; South Africa Under-19; South Africa (U19); Afrique du Sud -19","7303",NA
"south africa under-21","South Africa national under-21 rugby union team; South Africa Under-21; South Africa U21; ; South Africa (U21); Afrique du Sud -21","7304",NA
"south africa under-23","South Africa national under-23 rugby union team; S.A. Under-23; South Africa Under-23; South Africa U23; South Africa U/23; Afrique du Sud -23","7305",NA
"south africa xv","Emerging Springboks; S.A. A; South Africa XV; Afrique du Sud A; Afrique du Sud A; Amabokoboko; Bokke; Boks; Emerging South Africa; Gazelles; Junior Springboks; ru a zaf; South Africa A; South Africa A national rugby union team; South Africa Gazelles; Springbokke; Springboks; Sudafrica A; Sudafrica A rugby","822",NA
"South African Defence RFC","South African Defence Force; South African Defence RFC","7507",NA
"south african invitation xv","South African Country Districts XV; South African Country Districts; South African Invitation XV","1810",NA
"south canterbury football club","South Canterbury Rugby Football Union; South Canterbury; カンダベリー; サウス・カンダベリー","1811",NA
"south district","South of Scotland District Rugby Union Team; South District; South of Scotland District Rugby Union; South; South of Scotland District","1815",NA
"South Elmsall RFC","South Elmsall RFC","7675",NA
"South Gower RFC","South Gower RFC","6183",NA
"south island minor unions","South Island Rugby Union; South Island Minor Unions; South Island; 南島","2899",NA
"south island universities","South Island Universities","7673",NA
"south korea under-19","South Korea national under-19 rugby union team; South Korea Under-19","7672",NA
"south side irish","South Side Irish Rugby Team; South Side Irish","7671",NA
"South Sydney RUFC","Southern Districts Rugby Club; South Sydney RUFC; Southern Disctricts; Southern District; Southern Districts; Southern Districts RC; Southern Districts Rebels; Southern Districts Rugby Club Melbourne; サウザーンディストリクト; サウスタン・ディストリクトズ; サウスタンディストリクツ; サウスタンディストリクトズ; サウストン・ディスクリクト; サウストン・ディストリクツ; サウストン・ディストリクトス; サザン・ディスクリクツ; サザン・ディストリクツ; サザンディストリクツRC","649",NA
"South Wales Football Club","South Wales Football Club; South Wales FC","7670",NA
"south west of england","South West of England","7669",NA
"south western district","South West of Scotland District Rugby Union Team; South Western District","7668",NA
"southbridge rugby club","Southbridge RFC","5792",NA
"southern california all-stars","Southern California All-Stars","7667",NA
"southern districts rfc","Southern Districts Rugby Club; South Sydney RUFC; Southern Disctricts; Southern District; Southern Districts; Southern Districts RC; Southern Districts Rebels; Southern Districts Rugby Club Melbourne; サウザーンディストリクト; サウスタン・ディストリクトズ; サウスタンディストリクツ; サウスタンディストリクトズ; サウストン・ディスクリクト; サウストン・ディストリクツ; サウストン・ディストリクトス; サザン・ディスクリクツ; サザン・ディストリクツ; サザンディストリクツRC","649",NA
"southern districts rufc","Southern Districts Rugby Club; South Sydney RUFC; Southern Disctricts; Southern District; Southern Districts; Southern Districts RC; Southern Districts Rebels; Southern Districts Rugby Club Melbourne; サウザーンディストリクト; サウスタン・ディストリクトズ; サウスタンディストリクツ; サウスタンディストリクトズ; サウストン・ディスクリクト; サウストン・ディストリクツ; サウストン・ディストリクトス; サザン・ディスクリクツ; サザン・ディストリクツ; サザンディストリクツRC","649",NA
"southern maori","Southern Maori","7666",NA
"Southern RC","Southern RC; The Magpies","5859",NA
"Southern Rugby Football Club","Southern Rugby Football Club","6001",NA
"Souths Kookaburras Toowoomba","Souths Kookaburras Toowoomba","7665",NA
"Souths RFC","South Darwin Rabbitohs; South Darwin Rabbitohs RLFC; South Darwin Rabbitohs Rugby League Football Club; Souths; The Bunnies; The Rabbits; The Red and Green","2718",NA
"soyaux angoulême xv","Soyaux Angoulême XV Charente; Angoulême; RC Soyaux; SA XV; SA XV Charente; Soyaux-Angoulême; Soyaux-Angoulême XV; Soyaux Angoulême; Soyaux Angoulême XV; Soyaux Angouleme XV Charente; ソヨー・アングレーム; ソヨー・アングレームXVシャラント; ソヨーアングレームXVシャラント","651",NA
"spain u18","Spain national under-18 rugby union team; Espagne -18; Spain U18","7306",NA
"spartak varna","Spartak Varna","7664",NA
"sporting club decazevillois","Sporting Club decazevillois; Decazeville; SC Decazeville; SCD","2669",NA
"sporting club rieumois","SC Rieumes; Rieumes; SC rieumois; SC Rieumois; Sporting club rieumois","4484",NA
"Sporting Club Universitaire de France","Sporting Club universitaire de France rugby; SCUF; SCUF rugby; Sporting club universitaire de France; Sporting Club Universitaire de France; Sporting club universitaire de France Rugby","659",NA
"Sporting nazairien","Sporting Club nazairien; Nazairien Rugby; Saint-Nazaire; Saint-Nazaire RLA; Saint-Nazaire rugby; Saint-Nazaire rugby Loire-Atlantique; Saint Nazaire; Saint Nazaire Rugby; SC Saint-Nazaire; SNR; SNRLA; Sporting nazairien; Sporting nazairien rugby; サン＝ナゼール; スポッティング・ナザイリアン","660",NA
"sportul studențesc","CS Sportul Studențesc Bucarest; Sportul Studenţesc; Sportul Studențesc; Sportul Studențesc Bucarest; Știința București","7068",NA
"spotswood united","Spotswood United Rugby Football & Sports Club; Spotswood United","6003",NA
"Spotswood United","Spotswood United Rugby Football & Sports Club; Spotswood United","6003",NA
"Sri Lanka U19","Sri Lanka national under-19 rugby union team; Sri Lanka U19","7654",NA
"st-nazaire","Sporting Club nazairien; Nazairien Rugby; Saint-Nazaire; Saint-Nazaire RLA; Saint-Nazaire rugby; Saint-Nazaire rugby Loire-Atlantique; Saint Nazaire; Saint Nazaire Rugby; SC Saint-Nazaire; SNR; SNRLA; Sporting nazairien; Sporting nazairien rugby; サン＝ナゼール; スポッティング・ナザイリアン","660",NA
"St-Quentin Yvelines R.","Saint Quentin en Yvelines Rugby; St-Quentin Yvelines R.","7284",NA
"St Albans RFC Wales","St Albans RFC; St Albans RFC Wales","6139",NA
"St Brendan's Old Boys","St Brendan's Old Boys Rugby Football Club; St Brendan's Old Boys RFC; St Brendan's Old Boys","7663",NA
"St George","St George; St George Rugby; St george","662",NA
"St George Rugby Union","St George & District Rugby; St George Rugby Union","3782",NA
"st ives rfc","St Ives RFC; St Ives RFC Cornwall; St Ives Rugby Football Club; The Hakes","2679",NA
"St John's College","York St John University; St. John's College; York Diocesan College","7468",NA
"St Mary's Old Boys RFC","St Mary's Old Boys; St Mary's Old Boys RFC; St Mary's Old Boys Rugby Football Club","7319",NA
"st. albert rfc","St. Albert RFC; St. Albert; St. Albert RFC","7662",NA
"st. bart's hospital","Barts and The London RFC; Royal Hospitals RFC; St Barts; St Barts and The Royal London RFC; St. Bart's Hospital","953",NA
"St. Bede's College","St Bede's Rugby; St Bede's College; St. Bede's College","7661",NA
"St. Davids Cardiff","St David's Rugby; St. Davids Cardiff","7660",NA
"St. John's Marist","St. John's Marist Club; St. John's Marist","7659",NA
"st. john's marist club","St. John's Marist Club; St. John's Marist","7659",NA
"st. louis royals","St. Louis Royals Rugby; St. Louis Royals","7658",NA
"St. Mary's","St Mary's College RFC; Maro’s; Mary's; St. Mary's; St. Mary's College; St. Mary's College RFC; St. Mary's College Rugby Football Club; The Blue Army; The Blues","592",NA
"st. vincent's hospital","St. Vincent's University Hospital; St. Vincent's Hospital","7657",NA
"St. Vincent's Hospital","St. Vincent's University Hospital; St. Vincent's Hospital","7657",NA
"st.josephs rugby club whakatane","St. Josephs Rugby Club Whakatane; St.Josephs Rugby Club Whakatane; St. Josephs Rugby Club; St.Josephs Rugby Club","7656",NA
"st.mary's","St. Mary's Rugby Club; St.Mary's Rugby Club","7655",NA
"stade beaumontois","Stade beaumontois Lomagne rugby; Beaumont; Stade beaumontois; Stade Beaumontois","665",NA
"Stade Calédonien","Stade calédonien; ASS Stade Calédonien; Association Stade calédonien; SC","3075",NA
"stade domontois","Stade domontois rugby club; Domond; Domont; Domont RC; Domont rugby club; Domontois rugby club; Stade domontois; Stade Domontois; Stade domontois RC; Stade domontois Val-d'Oise; Stade Domontois Val D'oise; ドモン","668",NA
"Stade Foyen","Stade foyen rugby; Sainte-Foy-la-Grande; Stade foyen","3219",NA
"Stade Langonnais","Stade Langonnais; Langon; Stade langonnais; Stade langonnais rugby; Stade Langonnais Rugby","670",NA
"stade lavelanétien","Stade lavelanétien; Lavelanet; Rugby du Pays d'Olmes; Stade Lavelanétien","671",NA
"stade marseillais uc","Stade Marseillais UC; S.M.U.C.; SMUC; SMUC Marseille; Stade marseillais; Stade Marseillais U.C.; Stade Marseillais Université Club","4616",NA
"stade nantais rugby","Stade Nantais; Nantes; Nantes UC; S.N.U.C.; SNUC; Stade nantais; Stade nantais rugby; Stade nantais UC; Stade Nantais UC; Stade nantais université club","673",NA
"stade nayais","Stade nayais","3055",NA
"stade rouennais","Rouen Normandie Rugby; Les Lions; Racing Rugby Club de Rouen; RC Rouen; RNR; Rouen Normandie; Rouen NR; Rugby Club de Rouen; Rugby Club Rouen; Stade Rouen; Stade rouennais; Stade rouennais rugby; Stade rouennais rugby <; ルアンNR; ルーアン","678",NA
"stade union cavaillon","Stade union cavaillonnais; Cavaillon; Stade union cavaillon; SU Cavaillon","2189",NA
"stafford rfc","Stafford RFC","3985",NA
"Stallions Rugby Club","Coastal Stallions; Stallions; コースタル・スタリオンズ","477",NA
"star","Star Rugby Club; Invercargill Star; Star RC; Star RFC; Star Rugby Football Club","1841",NA
"stejarul buzău","SCM Gloria Buzău; Gloria Buzău; SCM Gloria Buzău Rugby Union; SCMグローリア・ブザウ; SCMグロリア・ブザウ; Sport Club Muncipial Gloria Buzău; Stejarul Buzău","2724",NA
"stellaland","Stellaland RC; Stellaland Rugby Club","7653",NA
"stirling county rfc","Stirling County RFC; Stirling County; Stirling County Rugby Football Club; Stirling Coutny RFC; Stirling Wolves; The County","680",NA
"Stirling HSFP","Stirling University RFC; Stirling HSFP; Stirling University RFC; Stirling University Rugby Football Club","3001",NA
"stoke","Stoke Rugby Club; Stoke RFC","6024",NA
"stoke rfc","Stoke Rugby Club; Stoke RFC","6024",NA
"Stoney Creek Camels RFC","Stoney Creek Camels RFC","7652",NA
"stoneygate fc","Stoneygate RFC; Stoneygate Rugby Football Club; Stoneygate FC","7651",NA
"Stoneygate FC","Stoneygate RFC; Stoneygate Rugby Football Club; Stoneygate FC","7651",NA
"Stow-on-the-Wold RFC","Stow-on-the-Wold RFC; Stow-on-the-Wold","4029",NA
"strasbourg","Rugby Club Strasbourg; FC Kronenbourg; Football Club Cronenbourg; Football Club de Cronenbourg; Racing Club Strasbourg rugby; RC Strasbourg; RCストラスブール; Rugby club Strasbourg; Rugby Club Strasbourg Alsace; Strasbourg AR","626",NA
"Strasbourg","Rugby Club Strasbourg; FC Kronenbourg; Football Club Cronenbourg; Football Club de Cronenbourg; Racing Club Strasbourg rugby; RC Strasbourg; RCストラスブール; Rugby club Strasbourg; Rugby Club Strasbourg Alsace; Strasbourg AR","626",NA
"Stratford RFC","Stratford RFC; Stratford Rugby Football Club","6005",NA
"strela-agro kazan rugby","AgroUniversity Kazan; Strela-Agro Kazan Rugby; Стрела-Агро; Strela; Strela-Agro Kazan; Strela Kazan; Агроуниверситет; Регбийный клуб Стрела Казань; ストレラ; ストレラ・カザン","402",NA
"stroud","Stroud RFC","4335",NA
"suburbs","Suburbs RFC; Suburbs; Suburbs Rugby; Christchurch Suburbs","5794",NA
"suburbs rfc","Suburbs RFC; Suburbs; Suburbs Rugby; Christchurch Suburbs","5794",NA
"Sulmona Rugby","Sulmona Rugby","5536",NA
"sumner","Sumner RFC; Sumner RC","5795",NA
"Surgères","SC Surgères","4491",NA
"sussex","Sussex Rugby Football Union Team; Sussex Rugby Football Union; Sussex","7650",NA
"Sussex","Sussex Rugby Football Union Team; Sussex Rugby Football Union; Sussex","7650",NA
"Sutton & Epsom RFC","Sutton & Epsom RFC; Sutton and Epsom RFC; Sutton and Epsom Rugby Union Football Club","1854",NA
"suva","Suva Capitals; Suva","4451",NA
"Suva","Suva Capitals; Suva","4451",NA
"suva colts","Suva Rugby Union Team; Suva Rugby; Suva Colts; スバ","6952",NA
"suva police","Suva Police","7649",NA
"Suva Rugby","Suva Rugby Union Team; Suva Rugby; Suva Colts; スバ","6952",NA
"Suva Rugby Union Team","Suva Rugby Union Team; Suva Rugby; Suva Colts; スバ","6952",NA
"Swanage and Wareham Rugby Club","Swanage & Wareham RFC; Swanage and Wareham Rugby Club; Swanage and Wareham RC","4133",NA
"Swansea RFC","Swansea RFC; Swansea; Swansea Rugby Football Club; The Whites; スウォンジー; スウォンジーRFC","150",NA
"Swansea Trinity","University of Wales Trinity Saint David; University of Wales Trinity; Swansea Trinity","7648",NA
"sweden u18","Sweden national under-18 rugby union team; Sweden -18; Sweden U18","7647",NA
"sydenham","Sydenham RFC; Sydenham; シドナムRFC","5796",NA
"Sydenham","Sydenham RFC; Sydenham; シドナムRFC","5796",NA
"Sydney Eastern Suburbs","Eastern Suburbs RUFC; Sydney Eastern Suburbs; Beasties; Beasts; Eastern Suburbs RFC; Eastern Suburbs Rugby; Eastern Suburbs Rugby Union Football Club; イースタンサバーブス; イースタンサバーブスRUFC","494",NA
"sydney irish","Sydney Irish RC","3968",NA
"Sydney RU Team","Sydney RU Team; Sydney Rugby Union; Sydney RU","7332",NA
"sydney welsh","Sydney Welsh","7646",NA
"Sylvania Bulldogs","Sylvania Bulldogs RC; Sylvania Bulldogs Rugby Club; Sylvania Rugby Club; Sylvania RC; Sylvania Bulldogs","7645",NA
"tadcaster rfc","Tadcaster RFC; Tadcaster","7644",NA
"Taieri","Taieri RFC","5939",NA
"Taieri RFC","Taieri RFC","5939",NA
"tailevu","Tailevu","4452",NA
"tailevu police","Tailevu Police Rugby; Tailevu Police","7643",NA
"Takapuna","Takapuna Rugby Football Club; Takapuna; Takapuna R.F.C; タカプナ","1866",NA
"Tala","Tala Rugby Club; RC Tala; Tala; Tala RC","1867",NA
"tala r.c","Tala Rugby Club; RC Tala; Tala; Tala RC","1867",NA
"tam nosibe","Tam Nosibe Rugby; Tam Nosibe","7642",NA
"taradale","Taradale Rugby and Sports Club; Taradale Rugby; Taradale","7641",NA
"Tarbes Pyrénées Rugby","Tarbes Pyrénées Rugby; Lannemezan-Tarbes; Lannemezan-Tarbes HP; Lannemezan Tarbes; Lannemezan Tarbes 65; Les Ours bigourdans; Les Ours bigourdans; Stade Tarbes PR; Stado Tarbes; Stado Tarbes PR; Stado Tarbes Pyrénées; Stado Tarbes Pyrénées Rugby; Stadoceste tarbais; Stadoceste Tarbais; Stadoceste tarbais rés.; Tarbes; Tarbes-Lannemezan HP; Tarbes PR; Tarbes Pyrénées; Tarbes Pyrenees Rugby; Tarbes Pyrénées rugby; Tarbes Rugby; TPR; スタッド・タルブ; スタド・タルブ・ピレネー・ラグビー; タルブ","89",NA
"tarvisium","Ruggers Tarvisium; A. S. Tarvisium ruggers 69; A.S. Rugby Tarvisium; A.S. Tarvisium ruggers 69; AS Ruggers Tarvisium; Associazione Sportiva Ruggers Tarvisium; Rugby Tarvisium; Tarvisium","793",NA
"tatami rugby club","Tatami Rugby Club; Tatami; タタミ","6954",NA
"taupo united","Taupo United","7640",NA
"tauranga","Tauranga Sports Club; Tauranga; Tauranga Sports; Tauranga Sports Rugby Club; Tauranga SC","5742",NA
"Tauranga","Tauranga Sports Club; Tauranga; Tauranga Sports; Tauranga Sports Rugby Club; Tauranga SC","5742",NA
"Tauranga Sports","Tauranga Sports Club; Tauranga; Tauranga Sports; Tauranga Sports Rugby Club; Tauranga SC","5742",NA
"tauranga sports rugby club","Tauranga Sports Club; Tauranga; Tauranga Sports; Tauranga Sports Rugby Club; Tauranga SC","5742",NA
"tawa","Tawa RFC","6088",NA
"Tawa","Tawa RFC","6088",NA
"TB Rohrbach","TB Rohrbach; Turnerbund Rohrbach; TBR","7639",NA
"tbr","TB Rohrbach; Turnerbund Rohrbach; TBR","7639",NA
"Te Aroha COBRAS","Te Aroha Cobras; Te Aroha","7849",NA
"te atatu","Te Atatu Rugby; Te Atatu","7474",NA
"te awamutu","Te Awamutu Rugby Sports Club; Te Awamutu Sports Rugby Club; Te Awamutu Sports & Recreation Club; Te Awamutu","7638",NA
"Te Awamutu","Te Awamutu Rugby Sports Club; Te Awamutu Sports Rugby Club; Te Awamutu Sports & Recreation Club; Te Awamutu","7638",NA
"Te Kauwhata RSC","Te Kauwhata RC; Te Kauwhata Rugby Sports Club; Te Kauwhata RSC","5816",NA
"te puke","Te Puke Sports & Recreation Club; Te Puke; Te Puke Sports","5743",NA
"te puke sports","Te Puke Sports & Recreation Club; Te Puke; Te Puke Sports","5743",NA
"Te Puke Sports","Te Puke Sports & Recreation Club; Te Puke; Te Puke Sports","5743",NA
"teikyo university rfc","Teikyo University Rugby Football Club; Université Teikyō; 帝京大学; 帝京大学ラグビー部","2068",NA
"Teikyo University RFC","Teikyo University Rugby Football Club; Université Teikyō; 帝京大学; 帝京大学ラグビー部","2068",NA
"tempe old devils","Tempe Rugby Club; Tempe RC; Tempe RFC; Tempe Old Devils","7337",NA
"Tempe RFC","Tempe Rugby Club; Tempe RC; Tempe RFC; Tempe Old Devils","7337",NA
"Tenby RFC","Tenby United RFC; Seasiders; Tenby United Rugby Football Club; Tenby","1878",NA
"Terenure College RFC","Terenure College RFC; Terenure College Rugby Football Club; テレニュアカレッジ","694",NA
"terrasson","Union Sportive Cublac Terrasson; US Cublac Terrasson; US Terrasson; Terrasson","4765",NA
"terrigal trojans","Terrigal; Terrigal Trojans","3682",NA
"territorial army xv","Territorial Army XV","7636",NA
"Thanet Wanderers","Thanet Wanderers; Thanet Wanderers Rugby Union Football Club","2734",NA
"thiene","Rugby Thiene A.S.D.; Thiene","6949",NA
"thornbury","Thornbury RFC","4031",NA
"Thornbury RFC","Thornbury RFC","4031",NA
"tiger rugby ohio","Tiger Rugby; Tiger Rugby Academy; Tiger Rugby Ohio","7635",NA
"tihoi","Tihoi Rugby Football Club; Tihoi; Tihoi Rugby FC","7634",NA
"Tirreni","Academia FIR; Académie FIR; Tirreni; Académie FIR Tirrenia; Accademia federale di Mogliano; Accademia FIR; F.I.R Academy; F.I.R. Academy; FIR Academy","6975",NA
"Titani","I Titani ASD; Titani","5637",NA
"Tivoli Rugby","Tivoli Rugby; Tivoli","7633",NA
"tla xv","Toulouse Lalande Aucamville XV; TLA XV","4800",NA
"toa","Toa RFC","5837",NA
"Toa-ko-ma'afu","Toa ko Ma'afu Rugby Club; Toa-ko-Ma’afu; Toa ko Ma'afu; Toa ko Ma'afu RC","7341",NA
"toa-ko-ma'afu rfc","Toa ko Ma'afu Rugby Club; Toa-ko-Ma’afu; Toa ko Ma'afu; Toa ko Ma'afu RC","7341",NA
"toec","Toulouse olympique employés club; T.O.E.C.; TOEC; Toulouse O.E.C.; Toulouse OEC","3007",NA
"TOEC","Toulouse olympique employés club; T.O.E.C.; TOEC; Toulouse O.E.C.; Toulouse OEC","3007",NA
"Tokoroa RFC","Tokoroa RC; Tokoroa RFC","6051",NA
"tokyo gas","Tokyo Gas Rugby Football Club; Tokyo Gas; Tokyo Gas Rugby; 東京ガス","2477",NA
"tokyo gas rfc","Tokyo Gas Rugby Football Club; Tokyo Gas; Tokyo Gas Rugby; 東京ガス","2477",NA
"tokyo gas rugby club","Tokyo Gas Rugby Football Club; Tokyo Gas; Tokyo Gas Rugby; 東京ガス","2477",NA
"Tokyo University RFC","University of Tokyo Rugby Football Club; Tokyo University RFC; 東京大学ラグビー部; 東京大学","2083",NA
"toloa old boys","Toloa Old Boys; Toloa Old Boys College","7632",NA
"toloa old boys college","Toloa Old Boys; Toloa Old Boys College","7632",NA
"tonga u-21","Tonga national under-21 rugby union team; Tonga U21; Tonga U-21","7631",NA
"tonga u19","Tonga national under-19 rugby union team; Tonga U19; Tonga U-19","7630",NA
"tonga u21","Tonga national under-21 rugby union team; Tonga U21; Tonga U-21","7631",NA
"tongatapu","Tongatapu Rugby Union Team; Tongatapu; Tongatapu Rugby Union","7629",NA
"Tonyrefail RFC","Tonyrefail RFC","6120",NA
"Toowong","Wests Rugby; Bulldogs; Dogs; West Brisbane Bulldogs; Wests Bulldogs; Toowong","741",NA
"Toowoomba Bears Rugby","Toowoomba Bears Rugby; トウーンバ","3783",NA
"toronto nomads","Toronto Nomads; Toronto Nomads Rugby Club","7448",NA
"toronto welsh","Toronto Welsh RFC; Toronto Welsh","696",NA
"torquay athletic","Torquay Athletic RFC; Torquay RFC; Tics; Torquay Athletic; Torquay Athletic Rugby Football Club; Torquay United","2641",NA
"torquay rfc","Torquay Athletic RFC; Torquay RFC; Tics; Torquay Athletic; Torquay Athletic Rugby Football Club; Torquay United","2641",NA
"Torquay RFC","Torquay Athletic RFC; Torquay RFC; Tics; Torquay Athletic; Torquay Athletic Rugby Football Club; Torquay United","2641",NA
"torreilles","Toreilles XV; Torreilles Rugby; Torreilles","7343",NA
"toulouse olympique employés club","Toulouse olympique employés club; T.O.E.C.; TOEC; Toulouse O.E.C.; Toulouse OEC","3007",NA
"Toulouse Université Club","Toulouse Université Club; Toulouse UC; TUC","4801",NA
"Tourcoing","RO C Tourquennois; ROC Tourcoing; Tourcoing","4707",NA
"tournefeuille","Tournefeuille rugby XV; AS Tournefeuille; AST; AST XV; Tournefeuille rugby; Tournefeuille","700",NA
"Tours","US Tours Rugby; Tours; U.S. Tours; US Tours","713",NA
"Towcester RFC","Towcestrians Sports Club; Towcester","2624",NA
"toyota buffaloes","Toyota Buffaloes","7347",NA
"Tracon Brăila","RC Brăila; RC Braila; R.C. Tracon Braila; Tracon Braila","7223",NA
"Trafford MV","Trafford MV RFCC; Trafford MV","4060",NA
"Tralee","Tralee RFC; Tralee","7628",NA
"tralee rfc","Tralee RFC; Tralee","7628",NA
"transvaal country xv","Transvaal Country XV","7627",NA
"Trebanos","Trebanos RFC; Banws; The Crows; Trebanos Rugby Football Club","1893",NA
"Trebanos RFC","Trebanos RFC; Banws; The Crows; Trebanos Rugby Football Club","1893",NA
"trelissac","SA Trélissac; SA Trelissac; SAT; SAT Trélissac; トレリッサック","2707",NA
"trélissac","SA Trélissac; SA Trelissac; SAT; SAT Trélissac; トレリッサック","2707",NA
"trentham military forces","Trentham Military Forces Team; Trentham Military Forces","7626",NA
"Trinity","Trinity RFC","4138",NA
"Trinity College Carmarthen","Trinity University College; University College Carmarthen; Trinity College Carmarthen","7625",NA
"Trocadero Marbella","Trocadero Marbella Rugby Club; Trocadero Marbella RC; Trocadero Marbella","7624",NA
"trojans r.f.c","Trojans Rugby Football Club; Trojans","1902",NA
"Truro College","Truro College RC; Truro College; Truro and Penwith College; Truro and Penwith College RC","7623",NA
"Truro RFC","Truro RFC; Truro Rugby Football Club","2636",NA
"tsukuba university rugby football club","University of Tsukuba Rugby Football Club; Tsukuba University Rugby Football Club; University of Tsukuba; Université de Tsukuba; 筑波大学","2095",NA
"tucson magpies","Tucson Magpies Rugby Club; Tucson Magpies RC; Tucson Magpies","7622",NA
"tukapa","Tukapa Rugby and Sports Club; Tukapa RSC; Tukapa","6007",NA
"Tullamore","Tullamore RFC; Tullamore; Tullamore Rugby Football Club","2349",NA
"tulle","Sporting club tulliste; SC Tulle; SCT; Tulle","658",NA
"Tullow","Tullow RFC; Tullow; Tullow Rugby Club","1905",NA
"Tunbridge Wells","Tunbridge Wells RFC; Tunbridge Wells; Tunbridge Wells Rugby Football Club; Wells","1907",NA
"tut vikings","TUT Vikings; Tshwane University of Technology","6195",NA
"tygerberg","Tygerberg","6233",NA
"tyldesley rufc","Tyldesley RFC; Tyldesley","4164",NA
"tynedale rfc","Tynedale R.F.C.; Tynedale; Tynedale RFC; Tynedale Rugby; Tynedale Rugby Club; Tynedale Rugby Football Club; Tynedale Rugby Football Team; Tynedale Rugby Team","1909",NA
"tyrosse","Union Sportive Tyrosse Rugby Côte Sud; Tyrosse; Tyrosse RCS; Union sportive tyrossaise; Union sportive Tyrosse; Union Sportive Tyrosse Rugby Cote Sud; US Tyrosse; USティロス","715",NA
"u s meyzieu","Union Sportive de Meyzieu Rugby; Union sportive de Meyzieu; U S Meyzieu; US Meyzieu; US Meyzieu rugby","3124",NA
"u.s. castelnau-madiran","US Castelnau en Madiranais; Castelnau-Madiran; US Castelnau-Madiran","5399",NA
"u.s. issoireenne rugby","US Issoire; USI; U.S. Issoiréenne Rugby","2753",NA
"U.S. Montfortoise","Association sportive montfortoise; AS Monfort; AS Montfort; AS Montfort-en-Chalosse; ASM","2978",NA
"u.s. orthez","Union sportive Orthez rugby; Orthez; JS Orthez; Union sportive Orthez; Union sportive orthézienne; US Orthez; USO","712",NA
"U.S. Primavera","Unione Sportiva Primavera Rugby; Primavera; Primavera Rugby; U.S. Primavera; U.S.プリマヴェーラ; US Primavera; US Primavera Rugby","858",NA
"u.s. tours","US Tours Rugby; Tours; U.S. Tours; US Tours","713",NA
"ua gaillacoise","UA Gaillac; Gaillac; UAG; Union Athlétique Gaillacoise","242",NA
"ua libourne","UA Libourne; Libourne; UAL; Union athlétique libournaise","704",NA
"UAV Arad","CSU Aurel Vlaicu Arad; UAV Arad; CSU Arad rugby; Arad; Clubul Sportiv Universitatea Aurel Vlaicu Arad; CSU Arad; CSU AV Arad; CSUAV Arad; CSUAVアラド","1039",NA
"uct rfc","Ikey Tigers; UCT RFC; Université du Cap; UCT Ikey Tigers; Ikeys; university of cape town; University of Cape Town Rugby Football Club; ケープタウン大学","1358",NA
"udine","Rugby Udine; Rugby Udine FVG; ASD Rugby Udine 1928; Hafro Rugby Udine; Leonorso Rugby Udine; Leonorso Rugby Udine ASD; Leonorso Udine; Rugby Udine Union FVG; Udine; Udine RFC; Udine Rugby Football Club; ウーディネ; レオノーソ・ウディネ","787",NA
"ufh blues","UFH Blues","6196",NA
"ufs shimlas","UFS Shimlas; UFS Shimlas Young Guns; Shimlas","6188",NA
"UFS Shimlas Young Guns","UFS Shimlas; UFS Shimlas Young Guns; Shimlas","6188",NA
"uganda","Uganda national rugby union team; Equipe d'Ouganda de rugby a XV; Équipe d'ouganda de rugby à xv; nazionale ugandese di rugby; Ouganda; Rugby Cranes; Uganda","745",NA
"uj","UJ Rugby; UJ; Université de Johannesbourg; University of Johannesburg; University of Johannesburg Rugby; ヨハネスブルク大学; ヨハネスブルグ大学","3194",NA
"ukzn impi","University of KwaZulu-Natal Howard College; UKZN Impi","6197",NA
"UKZN Maritzburg","University of KwaZulu-Natal Pietermaritzburg; Maritzburg University; Natal University Maritzburg; UKZN Pietermaritzburg; UKZN Maritzburg; University of KwaZulu-Natal Maritzburg; University of Natal; University of Natal Pietermaritzburg; University of Natal Maritzburg","7617",NA
"uluninakau rfc","Uluninakau RFC; Uluninakau Rugby Football Club","7621",NA
"union","Union","6264",NA
"Union","Union","6264",NA
"Unión de Rugby Austral","Unión de Rugby Austral Team; Unión de Rugby Austral","7620",NA
"union rfc uitenhage","Union RFC; Union RFC Uitenhage","7619",NA
"union sportive l'isle-jourdain","US L'Isle-Jourdain; Isle Jourdain; L'Isle-Jourdain; L’Isle-Jourdain; U.S. L'Isle-Jourdain; Union sportive L'Isle-Jourdain; Union sportive lisloise; US l'isloise; US l'Isloise; US L'Isloise; US lisloise","719",NA
"Union sportive orthézienne","Union sportive Orthez rugby; Orthez; JS Orthez; Union sportive Orthez; Union sportive orthézienne; US Orthez; USO","712",NA
"unione rugby prato sesto","Cavalieri Union Rugby; Cavalieri Union; Cavalieri Union Rugby Prato Sesto; Unione Prato Sesto; Unione Rugby Prato Sesto; Sesto Rugby; Sesto; UR Prato Sesto","2429",NA
"Unione Sportiva Primavera Rugby","Unione Sportiva Primavera Rugby; Primavera; Primavera Rugby; U.S. Primavera; U.S.プリマヴェーラ; US Primavera; US Primavera Rugby","858",NA
"united pirates","United Pirates Rugby Sports Club; United Pirates RC; United Pirates","7618",NA
"united rugby club","United Rugby Club; United Rugby","1919",NA
"United Rugby Club","United Rugby Club; United Rugby","1919",NA
"Universitario Rugby Club de Tucumán","Universitario Rugby Club de Tucumán; Uni; Uni Tucumán; Univ. Tucumán; Universitario; Universitario Tucumán; Universitario de Tucumán; Universitario Rugby Club; Universitario Tucumán","1921",NA
"universitario salta","Universitario Rugby Club Salta; Universitario de Salta; Universitario RC; Universitario Salta","2693",NA
"Universitatea Cluj","CS Universitatea Cluj-Napoca; Club Sportiv Universitatea Cluj-Napoca; Clubul Sportiv Universitatea Cluj-Napoca; Cluj; CS Cluj-Napoca; CS Universitatea Cluj-Napoca Rugby Union; CS Universitatea Elbi Cluj; CSU Cluj-Napoca; Știința Cluj; U Cluj; Universitatea Cluj; ユ・クルジュ","1041",NA
"Universiteti Tbilisi","Tbilisi State University; Universiteti Tbilisi","6965",NA
"university college cork","University College Cork RFC; U.C.C. RFC; Queen's College Cork; UC Cork; Universidad Colegio Cork; University College Cork; University College Cork R.F.C.; University College Cork Rugby Football Club","724",NA
"university college dublin","University College Dublin R.F.C.; Collidge; UC Dublin; UC Dublin RFC; UCD; UCD RFC; UCD Rugby Club; University College Dublin; University College Dublin RFC; University College Dublin Rugby Football Club","75",NA
"university manawatu","Massey University RFC; Massey University; Massey University Rugby Football Club; University Manawatu; マッセー大学; マッセイ大学","2966",NA
"university of auckland","University of Auckland; Auckland Institute; Auckland University; Auckland University RC; オークランド大学","6862",NA
"university of bristol","University of Bristol RC; Bristol University; University of Bristol","7616",NA
"university of california","California Golden Bears rugby; University of California; California Golden Bears; Golden Bears; Golden Bears de la Californie; Université de Californie à Berkeley; University of California Berkeley; カリフォルニア大学バークレー校","1049",NA
"university of california berkeley","California Golden Bears rugby; University of California; California Golden Bears; Golden Bears; Golden Bears de la Californie; Université de Californie à Berkeley; University of California Berkeley; カリフォルニア大学バークレー校","1049",NA
"university of canterbury","University of Canterbury; Canterbury University; カンタベリー大学; クライストチャーチ教育大学","6871",NA
"university of canterbury rfc","University of Canterbury; Canterbury University; カンタベリー大学; クライストチャーチ教育大学","6871",NA
"university of cape town","Ikey Tigers; UCT RFC; Université du Cap; UCT Ikey Tigers; Ikeys; university of cape town; University of Cape Town Rugby Football Club; ケープタウン大学","1358",NA
"university of cape town rfc","Ikey Tigers; UCT RFC; Université du Cap; UCT Ikey Tigers; Ikeys; university of cape town; University of Cape Town Rugby Football Club; ケープタウン大学","1358",NA
"University of Johannesburg","UJ Rugby; UJ; Université de Johannesbourg; University of Johannesburg; University of Johannesburg Rugby; ヨハネスブルク大学; ヨハネスブルグ大学","3194",NA
"university of natal","University of KwaZulu-Natal Pietermaritzburg; Maritzburg University; Natal University Maritzburg; UKZN Pietermaritzburg; UKZN Maritzburg; University of KwaZulu-Natal Maritzburg; University of Natal; University of Natal Pietermaritzburg; University of Natal Maritzburg","7617",NA
"university of natal maritzburg","University of KwaZulu-Natal Pietermaritzburg; Maritzburg University; Natal University Maritzburg; UKZN Pietermaritzburg; UKZN Maritzburg; University of KwaZulu-Natal Maritzburg; University of Natal; University of Natal Pietermaritzburg; University of Natal Maritzburg","7617",NA
"university of natal pietermaritzburg","University of KwaZulu-Natal Pietermaritzburg; Maritzburg University; Natal University Maritzburg; UKZN Pietermaritzburg; UKZN Maritzburg; University of KwaZulu-Natal Maritzburg; University of Natal; University of Natal Pietermaritzburg; University of Natal Maritzburg","7617",NA
"university of otago","University of Otago; Otago University; Otago University RFC; オタゴ大学","6859",NA
"University of Otago","University of Otago; Otago University; Otago University RFC; オタゴ大学","6859",NA
"University of Petrosani","University of Petroșani; University of Petrosani","7615",NA
"University of Queensland","University of Queensland Rugby Club; Queensland University; Red Heavies; The Students; Uni; Universidad de Queensland; Université du Queensland RC; University of Queensland; University of Queensland RC; クイーンズランド大学; クイーンズランド大学ラグビークラブ; クイーンズランド大学ラグビー部","725",NA
"university of st andrews","University of St Andrews RFC; Saints; University of Saint Andrews Rugby Football Club","1925",NA
"university of the free state","University of the Free State; UOVS; フリーステイト大学; フリーステート大学","6926",NA
"University of the Free State","University of the Free State; UOVS; フリーステイト大学; フリーステート大学","6926",NA
"university of tsukuba","University of Tsukuba Rugby Football Club; Tsukuba University Rugby Football Club; University of Tsukuba; Université de Tsukuba; 筑波大学","2095",NA
"uovs","University of the Free State; UOVS; フリーステイト大学; フリーステート大学","6926",NA
"upe","Port Elizabeth College; University of Port Elizabeth; UPE","6502",NA
"upper galilee rc","Upper Galilee Rugby Club; Upper Galilee RC","7614",NA
"uq gatton black pigs","University of Queensland - Gatton; UQ - Gatton Rugby Union; UQ Gatton Black Pigs","3785",NA
"UR Prato-Sesto","Cavalieri Union Rugby; Cavalieri Union; Cavalieri Union Rugby Prato Sesto; Unione Prato Sesto; Unione Rugby Prato Sesto; Sesto Rugby; Sesto; UR Prato Sesto","2429",NA
"UR Prato Sesto","Cavalieri Union Rugby; Cavalieri Union; Cavalieri Union Rugby Prato Sesto; Unione Prato Sesto; Unione Rugby Prato Sesto; Sesto Rugby; Sesto; UR Prato Sesto","2429",NA
"URC Dumbéa","Union Rugby Club de Dumbéa; URC Dumbéa","2625",NA
"uruguay u-19","Uruguay national under-19 rugby union team; Uruguay U19; Uruguay U-19","7613",NA
"uruguay u-20","Uruguay national under-20 rugby union team; Uruguay U-20; Los Teritos; Seleccion de rugby juvenil de Uruguay; Selección de rugby juvenil de Uruguay; Seleccion juvenil de rugby de Uruguay; Teritos; U20ウルグアイ; Uruguay -20","53",NA
"uruguay xv","Uruguay A national rugby union team; Charrúas XV; Uruguay A; Uruguay XV","2408",NA
"us annecy","Union sportive Annecy; Union sportive Annecy rugby; US Annecy","705",NA
"us bergerac","US Bergerac; Bergerac; Union sportive Bergerac rugby vallée de la Dordogne; US Bergerac rugby vallée de la Dordogne; USベルジュラック","706",NA
"us capbreton","Union sportive capbretonnaise; Capbreton; US Capbreton; USC","3151",NA
"us carmaux","Union sportive carmausine; Carmaux; FC Carmaux; Olympique de Carmaux; U.S. Carmaux; Union Sportive Carmausine; US carmausine; US Carmaux","717",NA
"US Caussade-Septfonds","US Caussade; Caussade; US Caussade - Septfonds; US Caussade-Septfonds","4631",NA
"US Cazères","US Cazères; Cazères; US Cazères XV","7380",NA
"US Delebio Rugby","ASD Delebio Rugby","5589",NA
"US Deux Ponts","US Deux-Ponts; Pont-de-Claix; US Deux Ponts","4608",NA
"us issoire","US Issoire; USI; U.S. Issoiréenne Rugby","2753",NA
"US Izeaux","US Izeaux","4895",NA
"US L'Isle-Jourdain","US L'Isle-Jourdain; Isle Jourdain; L'Isle-Jourdain; L’Isle-Jourdain; U.S. L'Isle-Jourdain; Union sportive L'Isle-Jourdain; Union sportive lisloise; US l'isloise; US l'Isloise; US L'Isloise; US lisloise","719",NA
"us la seyne","Union sportive seynoise; La Seyne; US La Seyne; US La Seyne-sur-Mer; US seynoise; US Seynoise; USS","721",NA
"US La Seyne","Union sportive seynoise; La Seyne; US La Seyne; US La Seyne-sur-Mer; US seynoise; US Seynoise; USS","721",NA
"US Lavardac Barbaste","US Lavardac Barbaste","5022",NA
"US Lectoure","US Lectouroise; US Lectoure; Lectoure","4806",NA
"us marmande","Union sportive Marmande rugby; Marmande; U.S. Marmande; Union rugby Marmande Casteljaloux; Union sportive marmandaise; UR Marmande Casteljaloux; US Marmande; USM","708",NA
"us meyzieu","Union Sportive de Meyzieu Rugby; Union sportive de Meyzieu; U S Meyzieu; US Meyzieu; US Meyzieu rugby","3124",NA
"US Montréjeau","Union sportive Montréjeau Gourdan-Polignan XV; Montréjeau; Union sportive Montréjeau; US Montréjeau; US Montréjeau G.-P.","3117",NA
"us morlaàs","Union sportive Morlaàs; US Morlaas; US Morlaàs","710",NA
"US Morlaàs","Union sportive Morlaàs; US Morlaas; US Morlaàs","710",NA
"US Mouguerre","Mouguerre Union; US Mouguerre; USM","2597",NA
"US Nérac","US Nérac; US Néracaise","2741",NA
"us orthez","Union sportive Orthez rugby; Orthez; JS Orthez; Union sportive Orthez; Union sportive orthézienne; US Orthez; USO","712",NA
"us portet-sur-garonne","US Portet-sur-Garonne; Portet; Portet-sur-Garonne club","2410",NA
"US Ris-Orangis","US Ris-Orangis","4502",NA
"US Rugby Benevento","U.S. Rugby Benevento; Benevento; Rugby Bénévent; Rugby Benevento; Unione Sportiva Rugby Benevento; US Benevento; US Rugby Benevento","859",NA
"us saint-sever","SA Saint-Sever; S.A. Saint-Sever; SASS; US Saint-Sever","654",NA
"us terrasson","Union Sportive Cublac Terrasson; US Cublac Terrasson; US Terrasson; Terrasson","4765",NA
"us u19","United States national under-19 rugby union team; USA u19; us u19; Boys High School All-Americans; États-Unis -19; U19アメリカ","2688",NA
"us ussel","Union sportive usselloise; Pôle Espoir d'Ussel; Pôle espoirs d'Ussel; US Ussel; US Usselloise","2892",NA
"US Ussel","Union sportive usselloise; Pôle Espoir d'Ussel; Pôle espoirs d'Ussel; US Ussel; US Usselloise","2892",NA
"US Vinay","Union sportive de Vinay; US Vinay; Vinay","2841",NA
"usa islanders","USA Islanders; USA Islanders Rugby","7612",NA
"USA u19","United States national under-19 rugby union team; USA u19; us u19; Boys High School All-Americans; États-Unis -19; U19アメリカ","2688",NA
"USA u20","United States national under-20 rugby union team; USA u20; Estados Unidos sub-20; États-Unis -20; Junior Eagles; Seleccion juvenil de rugby de Estados Unidos; U20アメリカ; U20アメリカ合衆国","69",NA
"usa xv","United States A national rugby union team; USA XV; États-Unis A; États-Unis XV","7359",NA
"usap 84","Entente sportive Avignon Saint-Saturnin; Avignon; Avignon RC; ES Avignon Saint-Saturnin; ES Avignon SS; ES Saint-Saturnin; ESASS; US Avignon-Le Pontet 84; USAP 84","501",NA
"uso massif central","US Olympiades Massif central; Union Sportive Olympiade Massif Central; USO Massif Central; USOMC rugby","4569",NA
"uson","USON Nevers; Nevers; Nevers rugby; Nevers Rugby; Union sportive olympique nivernaise; Union Sportive Olympique Nivernaise Nevers Rugby; US Nevers; USO Nevers; USON; USON Nevers Rugby; USONヌヴェール; USONヌヴェール・リュグビー; ヌヴェール","720",NA
"utsunomiya volts","Utsunomiya VOLTS; 宇都宮VOLT'S; 宇都宮ヴォルツ","6958",NA
"vacceos cavaliers","Vacceos Cavaliers; Vacceos","175",NA
"vaheloto","Vaheloto Rugby; Vaheloto","7610",NA
"vaiala","Vaiala Ulalei Sports Club; Vaiala Ulalei SC; Vaiala Ulalei; Vaiala","7609",NA
"vaimoso","Vaimoso Rugby Club; Vaimoso RC; Vaimoso","7608",NA
"valence-d'agen","Avenir Valencien; Avenir valencien; Valence-d'Agen; Valence d'Agen; ヴァランス; ヴァランス＝ダジャン","394",NA
"Valence-d'Agen","Avenir Valencien; Avenir valencien; Valence-d'Agen; Valence d'Agen; ヴァランス; ヴァランス＝ダジャン","394",NA
"valley brisbane","Valley Brisbane; Valley F.C.","7607",NA
"valley rfc hong kong","Valley RFC; Valley RFC Hong Kong; Societe Generale Valley; ヴァレーRFC","2332",NA
"Valpolicella","Rugby Club Valpolicella; RC Valpolicella; Rugby Club Valpolicella ASD; Valpolicella; ヴァルポリチェッラ","842",NA
"valsugana","Valsugana Rugby Padova; Valsugana; Valsugana Rugby; Valsugana Padova; ヴァルスガナ","2430",NA
"valsugana padova","Valsugana Rugby Padova; Valsugana; Valsugana Rugby; Valsugana Padova; ヴァルスガナ","2430",NA
"Valsugana Padova","Valsugana Rugby Padova; Valsugana; Valsugana Rugby; Valsugana Padova; ヴァルスガナ","2430",NA
"Valsugana Rugby","Valsugana Rugby Padova; Valsugana; Valsugana Rugby; Valsugana Padova; ヴァルスガナ","2430",NA
"Valsugana Rugby Padova","Valsugana Rugby Padova; Valsugana; Valsugana Rugby; Valsugana Padova; ヴァルスガナ","2430",NA
"vancouver rfc","Vancouver RFC; Vancouver Rugy Football Club","7606",NA
"Vannes","Rugby Club Vannes; RC Vannes; RCV; RCヴァンヌ; Rugby club vannetais; Vannes","633",NA
"Vardre RFC","Vardre RFC","6122",NA
"varsity","Sydney University Football Club; Sydney Uni FC; Sydney University; Sydney University Club; Sydney University FC; The Students; Universidad de Sídney; Université de Sydney; University of Sydney Rugby; Varsity; シドニー・ユニヴァーシティFC; シドニー・ユニバーシティ; シドニーユニ; シドニーユニバーシティFC; シドニーユニバーシティー; シドニー大学; シドニー大学FC; シドニー大学フットボール・クラブ; シドニー大学ラグビークラブ","690",NA
"Varsity","Sydney University Football Club; Sydney Uni FC; Sydney University; Sydney University Club; Sydney University FC; The Students; Universidad de Sídney; Université de Sydney; University of Sydney Rugby; Varsity; シドニー・ユニヴァーシティFC; シドニー・ユニバーシティ; シドニーユニ; シドニーユニバーシティFC; シドニーユニバーシティー; シドニー大学; シドニー大学FC; シドニー大学フットボール・クラブ; シドニー大学ラグビークラブ","690",NA
"Vasari Arezzo","Vasari Junior Arezzo SSD; Vasari Arezzo","5640",NA
"vatukoula","Vatukoula Rugby; Vatukoula","7611",NA
"Velox Valhallians RFC","Velox Valhallians; Velox Valhalians; Westshore RFC; Westshore Rugby Football Club","2335",NA
"Venezia Mestre","Venezia Mestre Rugby FC; Venezia; Venezia Mestre; Venezia Mestre Rugby; Venezia Rugby Football Club; Veneziamestre; Veneziamestre Rugby; Venise; Venise Mestre; Venise Mestre Rugby","340",NA
"Venezia Mestre Rugby FC","Venezia Mestre Rugby FC; Venezia; Venezia Mestre; Venezia Mestre Rugby; Venezia Rugby Football Club; Veneziamestre; Veneziamestre Rugby; Venise; Venise Mestre; Venise Mestre Rugby","340",NA
"Venjulia Rugby Trieste","Venjulia Rugby Trieste; Rugby Trieste; Venjulia Trieste","5660",NA
"verona","Verona Rugby; CUS Verona; CUS Verona Rugby; CUS Vérone; CUS Vérone Rugby; CUSヴェローナ; Verona; Vérone Rugby","805",NA
"verona rugby","Verona Rugby; CUS Verona; CUS Verona Rugby; CUS Vérone; CUS Vérone Rugby; CUSヴェローナ; Verona; Vérone Rugby","805",NA
"Verona Rugby","Verona Rugby; CUS Verona; CUS Verona Rugby; CUS Vérone; CUS Vérone Rugby; CUSヴェローナ; Verona; Vérone Rugby","805",NA
"veterinaria zaragoza","Veterinaria Zaragoza RC; Veterinaria Zaragoza","7604",NA
"Viadana","Rugby Viadana; Arix Viadana; Aryx Viadana; Casa Montepaschi Viadana; GS Rugby Viadana; I Gialloneri; Rugby Viadana 1970; Rugby Viadana 1970 S.r.l.; Viadana; Viadana Rugby; ヴィアダーナ; ヴィアダナ; ラグビー・ヴィアダーナ","329",NA
"Vic-Fezensac","UA Vicoise; UA Vic-Fezensac; Vic-Fezensac","4802",NA
"vicenza","ASD Rugby Vicenza; Rangers Vicenza Rugby; Amatori Rugby Vicenza; ASD Rangers Rugby Vicenza; Rangers Rugby Vicenza; Rugby Vicence; Rugby Vicenza; Rugby Vicenza ASD; Vicenza; ヴィチェンツァ","850",NA
"vichy","Racing Club Vichy Rugby; Racing Club de Vichy; Racing Club Vichy; RC Vichy; RC Vichy rugby; Vichy","603",NA
"victoria university","Victoria University; ビクトリア大学","6885",NA
"Victoria University","Victoria University; ビクトリア大学","6885",NA
"victorians","Stellenbosch University; University of Stellenbosch; Dagbreek Koshuis; Victorians; Maties Rugby Club; Stellenbosch; Maties; Ties; Universidad de Stellenbosch; ステレンボッシュ大; ステレンボッシュ大学","6186",NA
"vienne","Club sportif de Vienne rugby; A.S.C. Vienne; C.S. Vienne; Club sportif de Vienne; CS Vienne; CS Vienne rugby; CSV; RC Vienne; Vienne","474",NA
"vierzon","SA Vierzon; SA Vierzon Rugby; SA Vierzonnais; SAV Vierzon; Vierzon; Vierzon SAV","4541",NA
"Vigo RFC","Vigo RC; Vigo RFC","4231",NA
"Village Lions","Village Lions","7603",NA
"Villager Football Club","Villager Football Club; The Dirty Whites; Villager RFC","1941",NA
"villeurbanne","Association sportive de Villeurbanne et de l'Éveil lyonnais rugby; AS Villeurbanne; ASVEL; ASVEL rugby; ASVEL Rugby; Villeurbanne","410",NA
"vinay","Union sportive de Vinay; US Vinay; Vinay","2841",NA
"vio","Vio","7407",NA
"viterbo","Union Rugby Viterbo; Rugby Viterbo; Viterbo","7353",NA
"Voreppe RC","Voreppe RC","7410",NA
"vtj pardubice","VTJ Pardubice; Czechoslovak Army team","7602",NA
"vuaki","Vuaki Rugby Club; Vuaki; Vuaki RC","7411",NA
"vuda","Vuda Rugby Club; Vuda RC; Vuda","7600",NA
"vva moscow","VVA-Podmoskovye Monino; VVA Podmoskvye; VVA Moscow; Moscou; Moscow region; Rugby club VVA-Podmoskovje; VA Podmoskovie; VVA-Podmoskov'e; VVA-Podmoskovye; VVA Moscou; VVA Podmoskovie; VVA Podmoskovie II; VVA Podmoskovye; VVA Podvoskovie; VVA Saracens; VVAサラセンズ; VVAポドルスク; モニノ","279",NA
"vva podmoskvye","VVA-Podmoskovye Monino; VVA Podmoskvye; VVA Moscow; Moscou; Moscow region; Rugby club VVA-Podmoskovje; VA Podmoskovie; VVA-Podmoskov'e; VVA-Podmoskovye; VVA Moscou; VVA Podmoskovie; VVA Podmoskovie II; VVA Podmoskovye; VVA Podvoskovie; VVA Saracens; VVAサラセンズ; VVAポドルスク; モニノ","279",NA
"Wadebridge Camels","Wadebridge Camels; Wadebridge Camels Rugby Football Club","1943",NA
"Wagga Waratahs","Wagga Waratahs RUFC","3892",NA
"Wahroonga Tigers","Wahroonga Rugby Club; Wahroonga RC; Wahroonga Tigers","7599",NA
"waihou","Waihou RC","6039",NA
"waikato mooloos","Waikato Rugby Union Team; Waikato; Waikato Mooloos; Waikato RU; Waikato Rugby Union; ワイカト","2915",NA
"Waikato Rangers","Waikato Rangers RC; Waikato Rangers Rugby Club; Waikato Rangers","7598",NA
"Waimanu","Waimanu Rugby Club; Waimanu RC; Waimanu","7597",NA
"waimanu rugby club","Waimanu Rugby Club; Waimanu RC; Waimanu","7597",NA
"waimate","Waimate RFC","5981",NA
"waimea old boys","Waimea Old Boys Rugby Club","6027",NA
"wainuiomata rfc","Wainuiomata RFC; Wainuiomata","6091",NA
"Wainuiomata RFC","Wainuiomata RFC; Wainuiomata","6091",NA
"Waipapa","Waipapa RC; Waipapa; Waipapa Rugby Club","7601",NA
"waipawa united","Waipawa United; Waipawa","7596",NA
"waipu","Waipu Rugby Squash Club; Waipu RSC; Waipu","5911",NA
"waipukurau","Central Hawkes Bay Rugby Sports Club; Central Hawkes Bay RSC; Waipukurau","7595",NA
"wairoa city","Wairoa Athletic Sports Club; Wairoa ASC; Wairoa City","7594",NA
"wairoa pirates","Wairoa Pirates; Wairoa Pirates RFC","7592",NA
"waitakere","Waitakere City RFC; Waitakere; Waitakere City","3271",NA
"waitakere city","Waitakere City RFC; Waitakere; Waitakere City","3271",NA
"Waitakere City","Waitakere City RFC; Waitakere; Waitakere City","3271",NA
"Waitakere City RFC","Waitakere City RFC; Waitakere; Waitakere City","3271",NA
"waitete","Waitete Rugby Football Club; Waitete RFC","5848",NA
"waitohi","Waitohi Rugby Club; Waitohi RFC","6028",NA
"waiuku","Waiuku RC","5819",NA
"walcha rugby club","Walcha R.U.F.C.","3930",NA
"wales 18","Wales national under-18 rugby union team; Wales Under-18; Wales U18s; Wales U18; Wales 18; Gales sub-18; Pays de Galles -18; U18ウェールズ","1949",NA
"wales 19","Wales national under-19 rugby union team; Wales U19; Wales 19; Wales Under-19; Galles -19","7412",NA
"wales b","Wales B national rugby union team; Wales B","7590",NA
"wales development","Wales national under-20 rugby union team; Wales Development; Wales Youth; Gales sub-20; Gales sub-20; nazionale gallese u-20 di rugby; Pays de Galles -20; U20ウェールズ","1950",NA
"wales students","Wales national university rugby union team; wales students","7591",NA
"wales u18","Wales national under-18 rugby union team; Wales Under-18; Wales U18s; Wales U18; Wales 18; Gales sub-18; Pays de Galles -18; U18ウェールズ","1949",NA
"wales u18s","Wales national under-18 rugby union team; Wales Under-18; Wales U18s; Wales U18; Wales 18; Gales sub-18; Pays de Galles -18; U18ウェールズ","1949",NA
"wales u19","Wales national under-19 rugby union team; Wales U19; Wales 19; Wales Under-19; Galles -19","7412",NA
"wales u21","Wales national under-21 rugby union team; Wales U21s; Wales U21; Wales Under-21; Galles -21; Pays de Galles -21","7413",NA
"wales u21s","Wales national under-21 rugby union team; Wales U21s; Wales U21; Wales Under-21; Galles -21; Pays de Galles -21","7413",NA
"wales under-18","Wales national under-18 rugby union team; Wales Under-18; Wales U18s; Wales U18; Wales 18; Gales sub-18; Pays de Galles -18; U18ウェールズ","1949",NA
"wales under-19","Wales national under-19 rugby union team; Wales U19; Wales 19; Wales Under-19; Galles -19","7412",NA
"wales under-21","Wales national under-21 rugby union team; Wales U21s; Wales U21; Wales Under-21; Galles -21; Pays de Galles -21","7413",NA
"wales xv","Wales A national rugby union team; Wales XV; Pays de Galles A; ru a wal; Wales A","1948",NA
"wales youth","Wales national under-20 rugby union team; Wales Development; Wales Youth; Gales sub-20; Gales sub-20; nazionale gallese u-20 di rugby; Pays de Galles -20; U20ウェールズ","1950",NA
"Wallaroo RC","Wallaroo Rugby Club; Wallaroo RC; Wallaroo Club","7589",NA
"Wallsend RFC","Wallsend RUFC; Wallsend RFC; Wallsend Rugby Club","2536",NA
"walsall rfc","Walsall RFC; Walsall; Walsall Rugby Football Club","2674",NA
"Wanderers Club","Johannesburg Wanderers; Wanderers RFC Johannesburg; Wanderers Club","7588",NA
"wanderers f.c","Wanderers F.C.; The Chaps; Wanderers; Wanderers F.C. Rugby Union; Wanderers F.C. Dublin; Wanderers FC; Wanderers Football Club; Wanderers RFC","358",NA
"wanderers newcastle","Wanderers; Wanderers Newcastle","3942",NA
"wanderers rc","Wanderers Rugby Club; FNB Wanderers; Wanderers; Wanderers RC; ワンダラーズ","2637",NA
"Wanderers RFC Johannesburg","Johannesburg Wanderers; Wanderers RFC Johannesburg; Wanderers Club","7588",NA
"wanganui high school old boys","Wanganui High School Old Boys; Wanganui HSOB","7587",NA
"wanneroo rc","Wanneroo RC; Wanneroo RUC","3656",NA
"waratahs rugby newcastle","Waratahs; Newcastle Waratahs; Waratahs Newcastle; Waratahs Rugby Newcastle","3943",NA
"Warlingham RFC","Warlingham Rugby Football Club; Warlingham RFC","2728",NA
"Warrington RUFC","Warrington RFC","4165",NA
"Washington Loggers","Washington Loggers","7415",NA
"Wasps Stabia","Wasps Stabia Rugby; Wasps; Wasps Stabia","1956",NA
"Waterloo R.F.C.","Waterloo FC; Firwood Waterloo; Waterloo; Waterloo F.C.; Waterloo Football Club; Waterloo RFC; Waterloo RUFC; Waterloo Rugby; Waterloo Rugby Club","733",NA
"Waunarlwydd RFC","Waunarlwydd RFC; The Rams; Waunarlwydd; Waunarlwydd Rugby Football Club; ウアインアルルイズRFC","1958",NA
"welkom rovers","Welkom Rovers","6238",NA
"Welkom Rovers","Welkom Rovers","6238",NA
"wellington b","Wellington Rugby Football Union Team; Wellington Rugby Football Union; Wellington; Wellington U21; Wellington Development; Wellington B; Wellington -19; Wellington B; Wellington Lions; Wellington RFU; Wellington Rugby FU; Wellington Rugby Union Team; WRFU; ウェリントン; ウェリントン・ライオンズ; ウェリントン・ラグビーフットボール連盟; ウェリントンラグビー協会; ウェリントン大学","270",NA
"wellington development","Wellington Rugby Football Union Team; Wellington Rugby Football Union; Wellington; Wellington U21; Wellington Development; Wellington B; Wellington -19; Wellington B; Wellington Lions; Wellington RFU; Wellington Rugby FU; Wellington Rugby Union Team; WRFU; ウェリントン; ウェリントン・ライオンズ; ウェリントン・ラグビーフットボール連盟; ウェリントンラグビー協会; ウェリントン大学","270",NA
"Wellington FC","Wellington FC","6094",NA
"Wellington RFC","Wellington RFC","4042",NA
"wellington rugby football club","Wellington RFC","4042",NA
"wellington u21","Wellington Rugby Football Union Team; Wellington Rugby Football Union; Wellington; Wellington U21; Wellington Development; Wellington B; Wellington -19; Wellington B; Wellington Lions; Wellington RFU; Wellington Rugby FU; Wellington Rugby Union Team; WRFU; ウェリントン; ウェリントン・ライオンズ; ウェリントン・ラグビーフットボール連盟; ウェリントンラグビー協会; ウェリントン大学","270",NA
"welsh police","Welsh Police RFC; Welsh Police","7586",NA
"welsh police rfc","Welsh Police RFC; Welsh Police","7586",NA
"Welwitschias U18","Namibia national under-20 rugby union team; Namibie -20; Seleccion juvenil de rugby de Namibia; U20ナミビア; Welwitschias; Welwitschias U18","2360",NA
"welwyn rfc","Welwyn RFC; Welwyn; Welwyn Rugby Football Club","1961",NA
"west coast-buller","West Coast-Buller Rugby Football Union Team; West Coast-Buller Rugby Football Union; West Coast-Buller","7585",NA
"west harbour rufc","West Harbour RFC; Pirates Sydney; Pirates; West Harbour; West Harbour Pirates; Western Suburbs DRUFC; ウェスト・ハーバー; ウエスト・ハーバー・パイレーツ; ウェストハーバー; ウエストハーバー; ウェストハーバー・パイレーツ","737",NA
"West Leeds RUFC","West Leeds","4157",NA
"West of Scotland FC","West of Scotland FC; West of Scotland; West of Scotland F.C.; West of Scotland Football Club; West of scotland rfc; West of Scotland RFC; West of Scotland Rugby","739",NA
"West Offaly Lions","West Offaly Lions RFC","5479",NA
"west omaha","West Omaha RC; West Omaha Rugby Club; West Omaha","7584",NA
"West Park Leeds RUFC","West Park Leeds RFC; West Park Leeds RUFC","4422",NA
"West Park RFC","West Park St Helens; West Park  RFC; West Park RFC","1964",NA
"West Rand","West Rand RC; West Rand","7583",NA
"western cowboys","Western Cowboys RC; Western Cowboys Rugby Club; Western Cowboys","7582",NA
"western crusaders","Western Crusaders","1968",NA
"western province country xv","Western Province Country XV; Western Province Country","7581",NA
"Western Suburbs DRUFC","West Harbour RFC; Pirates Sydney; Pirates; West Harbour; West Harbour Pirates; Western Suburbs DRUFC; ウェスト・ハーバー; ウエスト・ハーバー・パイレーツ; ウェストハーバー; ウエストハーバー; ウェストハーバー・パイレーツ","737",NA
"western suburbs rc","Western Suburbs; Western Suburbs RC","6240",NA
"Western Suburbs Roosters","Western Suburbs RFC; Western Suburbs; Western Suburbs Roosters; Wests Roosters","2344",NA
"Western United","Western United F.C.; Western United FC; Western United","7580",NA
"Westminster Bank","Westminster Bank","7579",NA
"weston-super-mare r.f.c","Weston-super-Mare RFC; Weston-super-Mare; Weston-super-Mare Rugby Football Club","1972",NA
"weston hornets","Hornets RFC; Hornets; Hornets Rugby Football Club; Weston Hornets","2391",NA
"wests-subiaco","Wests Scarborough Rugby Union Football Club; Wests; Wests Scarborough RUFC; Wests Subiaco; ウェスツ","3028",NA
"Wests Roosters","Western Suburbs RFC; Western Suburbs; Western Suburbs Roosters; Wests Roosters","2344",NA
"wexford wanderers","Wexford Wanderers RFC; Wanderers; Wexford Wanderers; Wexford Wanderers Rugby Football Club","1975",NA
"whakarewarewa","Whakarewarewa Rugby Community Sports; Whakarewarewa RC","5750",NA
"Whanganui","Wanganui Rugby Football Union; Butcher Boys; Wanganui; Wanganui RFU; Whanganui; Whanganui Rugby Football Union; ワンガヌイ","730",NA
"Whanganui Collegiate OB","Whanganui Collegiate Old BOys; Whanganui Collegiate OB; Whanganui OB","7875",NA
"Whangarei Marist","Whangārei Marist Club; Whangārei Marist; Whangarei Marist","7578",NA
"wharfedale.","Wharfedale R.U.F.C.; Wharfedale; Wharfedale RUFC; Wharfedale Rugby; Wharfedale Rugby Club; Wharfedale Rugby Team; Wharfedale Rugby Union Football Club","1976",NA
"Whitby","Whitby RFC","4327",NA
"white star","White Star Rugby Football Club","5755",NA
"whites trial","Scotland A national rugby union team; Whites trial; Blues trial; Reds trial; Scotland Probables; Scotland Possibles; Écosse A; Escocia A; ru a sco; Scotland A; Scozia A rugby; スコットランドA","1786",NA
"whitley bay rockcliff","Whitley Bay Rockcliff RFC; Rockcliff; Rockcliff RFC; Whitley Bay Rockcliff Rugby Football Club","2663",NA
"Whitsunday Raiders","Proserpine/Whitsunday Rugby Union; Whitsunday Raiders","3808",NA
"wibsey","Wibsey RFC; Wibsey","7577",NA
"Widden Old Boys","Widden Old Boys RFC; Widden Old Boys Rugby Football Club; Widden Old Boys","7576",NA
"Wigston RFC","Wigston RFC; Wigston","7574",NA
"Wigton","Wigton RFC","4066",NA
"wilmington rfc","Wilmington RFC; Wilmington Rugby","7573",NA
"Wilmslow","Wilmslow RUFC; Wilmslow","2719",NA
"Wilmslow RUFC","Wilmslow RUFC; Wilmslow","2719",NA
"windhoek wanderers","Windhoek Wanderers","6242",NA
"Windhoek Wanderers","Windhoek Wanderers","6242",NA
"witbank ferros","Witbank Ferros","6243",NA
"Wits","Wits; Université du Witwatersrand; University of the Witwatersrand; Wits University","6191",NA
"wiveliscombe","Wiveliscombe RFC","4148",NA
"Wiveliscombe RFC","Wiveliscombe RFC","4148",NA
"wollongbar alstonville","Wollongbar/Alstonville; Wollongbar Alstonville; Wollongbar Alstonville RC; Wollongbar Alstonville Rugby","3739",NA
"Wollongbar Alstonville RC","Wollongbar/Alstonville; Wollongbar Alstonville; Wollongbar Alstonville RC; Wollongbar Alstonville Rugby","3739",NA
"Wollongbar Alstonville Rugby","Wollongbar/Alstonville; Wollongbar Alstonville; Wollongbar Alstonville RC; Wollongbar Alstonville Rugby","3739",NA
"wolverhampton","Wolverhampton RFC","3987",NA
"Wolverhampton RUFC","Wolverhampton RFC","3987",NA
"woodbridge rugby club","Woodbridge RFC","4206",NA
"Woodford RFC","Woodford RFC","3995",NA
"Woodrush RFC","Woodrush RFC","4396",NA
"worcester rfc","Worcester Warriors; Worcester; Worcester RFC; Worcester Rugby; Worcester Warriors RFC; Worcester Warriors Academy; Worcester Warriors Rugby; Worcester Warriors Rugby Club; Worcester Warriors Rugby Football Club; Worcester Warriors Rugby Team; Вустер Уорриорз; ウスター; ウスター・ウォリアーズ","332",NA
"Worcester Warriors Academy","Worcester Warriors; Worcester; Worcester RFC; Worcester Rugby; Worcester Warriors RFC; Worcester Warriors Academy; Worcester Warriors Rugby; Worcester Warriors Rugby Club; Worcester Warriors Rugby Football Club; Worcester Warriors Rugby Team; Вустер Уорриорз; ウスター; ウスター・ウォリアーズ","332",NA
"Wymondham RFC","Wymondham RFC","3996",NA
"yalalevu","Yalalevu Rugby; Yalalevu","7469",NA
"Yamacia","Yamacia Rugby; Yamacia","7424",NA
"yamba buccaneers","Yamba Buccaneers","7425",NA
"yarm rugby club","Yarm RFC","4329",NA
"yeomen","Vaughan Yeomen Rugby Club; Vaughan Yeomen RC; Vaughan Yeomen RFC; Yeomen; Yeomen Rugby","7402",NA
"yeovil","Yeovil RFC; Yeovil","7572",NA
"Yeovil","Yeovil RFC; Yeovil","7572",NA
"YMCA Brisbane","YMCA Brisbane; Y.M.C.A. Brisbane","7571",NA
"ynysddu river rats rfc","Ynysddu RFC; 'DDU; Ynysddu Rugby Football Club; River Rats; Ynysddu River Rats RFC","1993",NA
"yonsei university","Yonsei University; 延世大学","6876",NA
"Yorkshire Carnegie","Leeds Tykes; Headingley; Headingley FC; Leeds Carnegie Academy; Leeds Carnegie; Leeds Carnegie RFC; Leeds Carnegie Rugby; Leeds Carnegie Rugby Football Club; Leeds Carnegie Rugby Team; Leeds R.U.F.C.; Leeds RUFC; Leeds Rugby; Leeds Tykes Rugby Union; Leeds Tykes Rugby Union Football Club; Yorkshire Carnegie; Yorkshire Carnegie Academy; Yorkshire Carnegie R.F.C; Yorkshire Carnegie RFC; Yorkshire Carnegie Ruby; Yorkshire Carnegie RUFC; Yorkshire Carnegie Rugby; Yorkshire Carnegie Rugby Football Club; Yorkshire Carnegie Rugby Team; ヨークシャー; ヨークシャー・カーネギー; リーズ; リーズ・カーネギー; リーズ・タイクス","251",NA
"Yorkshire Carnegie Academy","Leeds Tykes; Headingley; Headingley FC; Leeds Carnegie Academy; Leeds Carnegie; Leeds Carnegie RFC; Leeds Carnegie Rugby; Leeds Carnegie Rugby Football Club; Leeds Carnegie Rugby Team; Leeds R.U.F.C.; Leeds RUFC; Leeds Rugby; Leeds Tykes Rugby Union; Leeds Tykes Rugby Union Football Club; Yorkshire Carnegie; Yorkshire Carnegie Academy; Yorkshire Carnegie R.F.C; Yorkshire Carnegie RFC; Yorkshire Carnegie Ruby; Yorkshire Carnegie RUFC; Yorkshire Carnegie Rugby; Yorkshire Carnegie Rugby Football Club; Yorkshire Carnegie Rugby Team; ヨークシャー; ヨークシャー・カーネギー; リーズ; リーズ・カーネギー; リーズ・タイクス","251",NA
"yorkshire county","Yorkshire Rugby Football Union Team; Yorkshire Rugby Football Union; Yorkshire County","7496",NA
"yorkshire wanderers","Yorkshire Wanderers","7570",NA
"Youghal RFC","Youghal RFC","7427",NA
"young","Young RUFC","3894",NA
"young munster rfc","Young Munster; The Cookies; Young Munster RFC; Young Munster Rugby Football Club","742",NA
"yuri gagarin academy","Yuri Gagarin Academy","7569",NA
"zimbabwe under-18","Zimbabwe national under-18 rugby union team; Zimbabwe under-18; Zimbabwe -18","7428",NA
"zingarei-richmond","Zingari Richmond RFC; Zingari-Richmond; Zingarei-Richmond","5947",NA
"zingari-richmond","Zingari Richmond RFC; Zingari-Richmond; Zingarei-Richmond","5947",NA
"Zingari-Richmond","Zingari Richmond RFC; Zingari-Richmond; Zingarei-Richmond","5947",NA
"Zvezda Kaliningrad","Vest-Zvezda Kaliningrad; Kaliningrad; Zvezda Kaliningrad","7406",NA
"Zvezda Tashkent","Zvezda Tashkent; Zvezda Tachkent","7429",NA
