"playerId"  , "playerName"                    , "teamWdId"  , "teamRsId", "teamName"                                       , "startYear", "endYear", "matchesPlayed", "pointsScored", "dataSource"
"Q285739"   , "Valentin Ursache"              , NA          , "7049"    , "Ciorogarla RC"                                  , "2001"     , "2002"   , NA             , NA            , "frWP"
"Q285739"   , "Valentin Ursache"              , "Q5014418"  , "1039"    , "CSU Aurel Vlaicu Arad"                          , "2002"     , "2003"   , NA             , NA            , "frWP"
"Q285739"   , "Valentin Ursache"              , "Q5014418"  , "1039"    , "CSU Aurel Vlaicu Arad"                          , "2003"     , "2007"   , NA             , NA            , "enWP; frWP; esWP; WD; itWP"
"Q285739"   , "Valentin Ursache"              , "Q967505"   , "190"     , "Romania national rugby union team"              , "2004"     , "2018"   , "66"           , "20"          , "WD; frWP; enWP; itWP"
"Q285739"   , "Valentin Ursache"              , "Q2289327"  , "343"     , "CSA Steaua București"                           , "2007"     , "2008"   , NA             , NA            , "frWP; enWP"
"Q285739"   , "Valentin Ursache"              , "Q2932002"  , "447"     , "CSM Baia Mare"                                  , "2008"     , "2010"   , NA             , NA            , "frWP; enWP"
"Q285739"   , "Valentin Ursache"              , "Q951242"   , "181"     , "Provence Rugby"                                 , "2010"     , "2012"   , "35"           , "25"          , "WD; frWP; itWP; esWP; enWP"
"Q285739"   , "Valentin Ursache"              , "Q636019"   , "92"      , "Oyonnax Rugby"                                  , "2012"     , "2022"   , "211"          , "70"          , "WD; frWP; itWP; esWP; enWP"
"Q350967"   , "Luke McAlister"                , "Q7016267"  , "1565"    , "New Zealand national under-21 rugby union team" , "2002"     , "2004"   , "8"            , "67"          , "enWP"
"Q350967"   , "Luke McAlister"                , "Q104855944", "2904"    , "North Harbour Rugby Union Team"                 , "2002"     , "2011"   , "52"           , "461"         , "jaWP; frWP; enWP; itWP; esWP"
"Q350967"   , "Luke McAlister"                , "Q1156303"  , "232"     , "Blues"                                          , "2002"     , "2011"   , "51"           , "389"         , "WD; frWP; itWP; esWP; jaWP; enWP"
"Q350967"   , "Luke McAlister"                , "Q749756"   , "124"     , "New Zealand A national rugby union team"        , "2005"     , "2005"   , "3"            , "17"          , "enWP"
"Q350967"   , "Luke McAlister"                , "Q55801"    , "6"       , "New Zealand national rugby union team"          , "2005"     , "2009"   , "31"           , "153"         , "WD; frWP; itWP; enWP"
"Q350967"   , "Luke McAlister"                , "Q1490464"  , "271"     , "Maori All Blacks team"                          , "2005"     , "2010"   , "5"            , "38"          , "frWP; enWP"
"Q350967"   , "Luke McAlister"                , "Q928517"   , "164"     , "Sale Sharks"                                    , "2007"     , "2009"   , "36"           , "204"         , "WD; frWP; itWP; esWP; enWP"
"Q350967"   , "Luke McAlister"                , "Q104855944", "2904"    , "North Harbour Rugby Union Team"                 , "2009"     , "2011"   , "15"           , "33"          , "frWP; itWP"
"Q350967"   , "Luke McAlister"                , "Q1156303"  , "232"     , "Blues"                                          , "2009"     , "2011"   , "21"           , "150"         , "WD; frWP; itWP; esWP"
"Q350967"   , "Luke McAlister"                , "Q431412"   , "44"      , "Stade Toulousain"                               , "2011"     , "2017"   , "143"          , "806"         , "WD; frWP; itWP; esWP; enWP"
"Q350967"   , "Luke McAlister"                , "Q1857064"  , "315"     , "RC Toulonnais"                                  , "2017"     , "2018"   , "4"            , "6"           , "enWP; jaWP; frWP; itWP"
"Q350967"   , "Luke McAlister"                , "Q297901"   , "27"      , "ASM Clermont Auvergne"                          , "2018"     , "2018"   , "9"            , "18"          , "enWP; jaWP; frWP; itWP"
"Q350967"   , "Luke McAlister"                , "Q21019486" , "2479"    , "Shimizu Koto Blue Sharks"                       , "2019"     , "2021"   , "6"            , "7"           , "enWP; jaWP; frWP"
"Q350967"   , "Luke McAlister"                , NA          , "5870"    , "Silverdale RC"                                  , NA         , NA       , NA             , NA            , "frWP"
"Q370059"   , "George Smith"                  , "Q605245"   , "80"      , "ACT Brumbies"                                   , "1999"     , "2013"   , "142"          , "90"          , "WD; jaWP; itWP; frWP; esWP; enWP"
"Q370059"   , "George Smith"                  , "Q622443"   , "86"      , "Australia national rugby union team"            , "2000"     , "2013"   , "111"          , "45"          , "WD; jaWP; frWP; itWP; esWP; enWP"
"Q370059"   , "George Smith"                  , "Q807749"   , "136"     , "Barbarian FC"                                   , "2009"     , "2015"   , "6"            , "10"          , "enWP"
"Q370059"   , "George Smith"                  , "Q1857064"  , "315"     , "RC Toulonnais"                                  , "2010"     , "2011"   , "30"           , "5"           , "WD; jaWP; frWP; itWP; esWP; enWP"
"Q370059"   , "George Smith"                  , "Q3503997"  , "685"     , "Tokyo Suntory Sungoliath"                       , "2011"     , "2012"   , "67"           , "87"          , "esWP; enWP; WD; jaWP; frWP; itWP"
"Q370059"   , "George Smith"                  , "Q1361000"  , "252"     , "Stade Français Rugby"                           , "2012"     , "2012"   , "8"            , "5"           , "WD; jaWP; frWP; itWP; enWP"
"Q370059"   , "George Smith"                  , "Q3503997"  , "685"     , "Tokyo Suntory Sungoliath"                       , "2012"     , "2013"   , "15"           , "10"          , "WD; frWP"
"Q370059"   , "George Smith"                  , "Q605245"   , "80"      , "ACT Brumbies"                                   , "2013"     , "2013"   , "13"           , "7"           , "WD; jaWP; frWP; itWP; esWP"
"Q370059"   , "George Smith"                  , "Q3503997"  , "685"     , "Tokyo Suntory Sungoliath"                       , "2013"     , "2014"   , "16"           , "15"          , "WD; frWP"
"Q370059"   , "George Smith"                  , "Q4075"     , "1"       , "Lyon OU"                                        , "2014"     , "2015"   , "25"           , "25"          , "WD; jaWP; frWP; itWP; esWP; enWP"
"Q370059"   , "George Smith"                  , "Q1150127"  , "231"     , "Wasps RFC"                                      , "2015"     , "2016"   , "26"           , "5"           , "WD; jaWP; frWP; itWP; esWP; enWP"
"Q370059"   , "George Smith"                  , "Q3503997"  , "685"     , "Tokyo Suntory Sungoliath"                       , "2016"     , "2017"   , "21"           , "25"          , "esWP; jaWP; itWP; frWP"
"Q370059"   , "George Smith"                  , "Q1368281"  , "253"     , "Queensland Reds"                                , "2017"     , "2018"   , "22"           , "10"          , "esWP; enWP"
"Q370059"   , "George Smith"                  , "Q917973"   , "162"     , "Bristol Bears"                                  , "2018"     , "2019"   , "23"           , "0"           , "jaWP; itWP; frWP; esWP; enWP"
"Q370059"   , "George Smith"                  , "Q3286022"  , "552"     , "Manly RUFC"                                     , NA         , NA       , NA             , NA            , "WD"
"Q376378"   , "David Humphreys"               , "Q7270137"  , "1693"    , "Queen's University RFC"                         , "1990"     , "1994"   , NA             , NA            , "WD; enWP"
"Q376378"   , "David Humphreys"               , "Q1548720"  , "282"     , "Ulster Rugby"                                   , "1990"     , "2008"   , "163"          , "1585"        , "esWP; enWP; WD"
"Q376378"   , "David Humphreys"               , "Q2881428"  , "423"     , "Ballymena RFC"                                  , "1994"     , "1995"   , NA             , NA            , "enWP; WD"
"Q376378"   , "David Humphreys"               , "Q3359056"  , "578"     , "Oxford University RFC"                          , "1995"     , "1995"   , "1"            , "19"          , "enWP; WD; itWP"
"Q376378"   , "David Humphreys"               , "Q1548720"  , "282"     , "Ulster Rugby"                                   , "1996"     , "1997"   , NA             , NA            , "frWP; itWP"
"Q376378"   , "David Humphreys"               , "Q1193020"  , "238"     , "London Irish RFC"                               , "1997"     , "1998"   , "56"           , "277"         , "WD; frWP; itWP; esWP; enWP"
"Q376378"   , "David Humphreys"               , "Q599903"   , "77"      , "Ireland national rugby union team"              , "1996"     , "2006"   , "72"           , "560"         , "WD; itWP; frWP; enWP"
"Q376378"   , "David Humphreys"               , "Q3041308"  , "492"     , "Dungannon RFC"                                  , "1998"     , "2001"   , NA             , NA            , "WD; enWP"
"Q376378"   , "David Humphreys"               , "Q1548720"  , "282"     , "Ulster Rugby"                                   , "1998"     , "2008"   , "105"          , "1026"        , "itWP; frWP; esWP; enWP"
"Q376378"   , "David Humphreys"               , "Q807749"   , "136"     , "Barbarian FC"                                   , "2003"     , "2005"   , "6"            , "33"          , "WD"
"Q513355"   , "Gert Smal"                     , "Q1777760"  , "308"     , "Leopards"                                       , "1980"     , "1983"   , NA             , NA            , "itWP; enWP"
"Q513355"   , "Gert Smal"                     , "Q794910"   , "135"     , "Stormers"                                       , "1983"     , "1985"   , NA             , NA            , "itWP; enWP"
"Q513355"   , "Gert Smal"                     , "Q3873494"  , "822"     , "Emerging Springboks"                            , "1984"     , "1984"   , NA             , NA            , "enWP"
"Q513355"   , "Gert Smal"                     , NA          , "6186"    , "Stellenbosch University"                        , "1984"     , "1985"   , NA             , NA            , "enWP"
"Q513355"   , "Gert Smal"                     , "Q794910"   , "135"     , "Stormers"                                       , "1985"     , "1987"   , NA             , NA            , "itWP; enWP"
"Q513355"   , "Gert Smal"                     , "Q979797"   , "194"     , "Rugby Rovigo"                                   , "1987"     , "1990"   , NA             , NA            , "enWP; itWP"
"Q513355"   , "Gert Smal"                     , "Q3873494"  , "822"     , "Emerging Springboks"                            , "1986"     , "1986"   , NA             , NA            , "enWP"
"Q513355"   , "Gert Smal"                     , NA          , "7507"    , "South African Defence Force"                    , "1986"     , "1987"   , NA             , NA            , "enWP"
"Q513355"   , "Gert Smal"                     , "Q498478"   , "52"      , "South Africa national rugby union team"         , "1986"     , "1989"   , "6"            , "4"           , "WD; itWP; enWP"
"Q513355"   , "Gert Smal"                     , "Q794910"   , "135"     , "Stormers"                                       , "1990"     , "1994"   , NA             , NA            , "itWP"
"Q614928"   , "Cliff Morgan"                  , "Q842510"   , "151"     , "Cardiff RFC"                                    , "1949"     , "1958"   , "202"          , "120"         , "WD; frWP; itWP; esWP; enWP"
"Q614928"   , "Cliff Morgan"                  , "Q807749"   , "136"     , "Barbarian FC"                                   , "1950"     , "1958"   , "17"           , "12"          , "enWP; WD; frWP"
"Q614928"   , "Cliff Morgan"                  , "Q822877"   , "143"     , "Wales national rugby union team"                , "1951"     , "1958"   , "29"           , "9"           , "WD; frWP; itWP; esWP; enWP"
"Q614928"   , "Cliff Morgan"                  , "Q2893513"  , "429"     , "Bective Rangers"                                , "1955"     , "1955"   , NA             , NA            , "itWP"
"Q614928"   , "Cliff Morgan"                  , "Q733600"   , "118"     , "British & Irish Lions"                          , "1955"     , "1955"   , "4"            , "3"           , "WD; frWP; itWP; enWP"
"Q614928"   , "Cliff Morgan"                  , "Q2893513"  , "429"     , "Bective Rangers"                                , "1955"     , "1956"   , NA             , NA            , "WD; frWP; esWP; enWP"
"Q639770"   , "Josh Valentine"                , "Q1368281"  , "253"     , "Queensland Reds"                                , "2002"     , "2006"   , "38"           , "20"          , "frWP; enWP"
"Q639770"   , "Josh Valentine"                , "Q622443"   , "86"      , "Australia national rugby union team"            , "2005"     , "2009"   , "5"            , "0"           , "frWP"
"Q639770"   , "Josh Valentine"                , "Q534417"   , "61"      , "New South Wales Waratahs"                       , "2006"     , "2008"   , "13"           , "5"           , "WD; frWP; enWP"
"Q639770"   , "Josh Valentine"                , "Q622443"   , "86"      , "Australia national rugby union team"            , "2006"     , "2009"   , "6"            , "0"           , "WD; enWP"
"Q639770"   , "Josh Valentine"                , "Q3506818"  , "689"     , "Sydney Stars"                                   , "2007"     , "2008"   , "1"            , "0"           , "enWP; frWP"
"Q639770"   , "Josh Valentine"                , "Q915507"   , "161"     , "Western Force"                                  , "2008"     , "2009"   , "12"           , "0"           , "frWP; enWP"
"Q639770"   , "Josh Valentine"                , "Q605245"   , "80"      , "ACT Brumbies"                                   , "2009"     , "2011"   , "25"           , "20"          , "frWP; enWP"
"Q639770"   , "Josh Valentine"                , "Q1115439"  , "208"     , "RC Narbonne"                                    , "2011"     , "2024"   , "88"           , "33"          , "frWP; enWP"
"Q639770"   , "Josh Valentine"                , "Q1781643"  , "309"     , "AS Béziers Hérault"                             , "2014"     , "2018"   , "99"           , "35"          , "frWP; enWP"
"Q639770"   , "Josh Valentine"                , "Q3550526"  , "718"     , "US Carcassonne"                                 , "2018"     , "2020"   , "38"           , "5"           , "frWP; enWP"
"Q639770"   , "Josh Valentine"                , "Q1781643"  , "309"     , "AS Béziers Hérault"                             , "2021"     , "2023"   , "33"           , "5"           , "frWP"
"Q639770"   , "Josh Valentine"                , "Q1115439"  , "208"     , "RC Narbonne"                                    , "2023"     , "2024"   , "23"           , "0"           , "frWP"
"Q639770"   , "Josh Valentine"                , "Q4823557"  , "931"     , "Australia A national rugby union team"          , NA         , NA       , NA             , NA            , "WD"
"Q639770"   , "Josh Valentine"                , NA          , "7676"    , "Singleton Rugby Club"                           , NA         , NA       , NA             , NA            , "enWP"
"Q646952"   , "Gillian Galan"                 , "Q2002695"  , "324"     , "US Montauban"                                   , "1999"     , "2007"   , NA             , NA            , "frWP"
"Q646952"   , "Gillian Galan"                 , "Q431412"   , "44"      , "Stade Toulousain"                               , "2007"     , "2011"   , NA             , NA            , "frWP"
"Q646952"   , "Gillian Galan"                 , "Q5478456"  , "1249"    , "France national under-20 rugby union team"      , "2011"     , "2011"   , "8"            , "0"           , "WD; frWP; enWP"
"Q646952"   , "Gillian Galan"                 , "Q431412"   , "44"      , "Stade Toulousain"                               , "2011"     , "2020"   , "166"          , "110"         , "WD; frWP; enWP"
"Q646952"   , "Gillian Galan"                 , "Q4075"     , "1"       , "Lyon OU"                                        , "2020"     , "2021"   , NA             , NA            , "frWP; enWP"
"Q725555"   , "J. P. R. Williams"             , "Q2925165"  , "440"     , "Bridgend Ravens"                                , "1962"     , "1967"   , NA             , NA            , "WD; esWP; frWP; enWP"
"Q725555"   , "J. P. R. Williams"             , "Q6006755"  , "1360"    , "Imperial Medicals Rugby Club"                   , "1967"     , "1968"   , NA             , NA            , "frWP; enWP"
"Q725555"   , "J. P. R. Williams"             , "Q1048688"  , "201"     , "London Welsh RFC"                               , "1968"     , "1976"   , NA             , "649"         , "WD; frWP; enWP"
"Q725555"   , "J. P. R. Williams"             , "Q807749"   , "136"     , "Barbarian FC"                                   , "1969"     , "1977"   , "11"           , "50"          , "WD; frWP; enWP"
"Q725555"   , "J. P. R. Williams"             , "Q7820811"  , "1887"    , "Tondu RFC"                                      , "1969"     , "1977"   , NA             , NA            , "frWP"
"Q725555"   , "J. P. R. Williams"             , "Q822877"   , "143"     , "Wales national rugby union team"                , "1969"     , "1981"   , "55"           , "36"          , "WD; frWP; itWP; enWP"
"Q725555"   , "J. P. R. Williams"             , "Q733600"   , "118"     , "British & Irish Lions"                          , "1971"     , "1971"   , "4"            , "2"           , "WD; frWP; itWP; enWP"
"Q725555"   , "J. P. R. Williams"             , "Q733600"   , "118"     , "British & Irish Lions"                          , "1974"     , "1974"   , "4"            , "2"           , "WD; frWP; itWP; enWP"
"Q725555"   , "J. P. R. Williams"             , "Q744636"   , "121"     , "Sharks"                                         , "1974"     , "1974"   , NA             , NA            , "esWP; enWP"
"Q725555"   , "J. P. R. Williams"             , "Q1048688"  , "201"     , "London Welsh RFC"                               , "1974"     , "1977"   , NA             , NA            , "esWP"
"Q725555"   , "J. P. R. Williams"             , "Q2925165"  , "440"     , "Bridgend Ravens"                                , "1977"     , "1999"   , NA             , NA            , "esWP; WD; frWP; enWP"
"Q725555"   , "J. P. R. Williams"             , "Q7820811"  , "1887"    , "Tondu RFC"                                      , "1999"     , "2003"   , NA             , NA            , "enWP"
"Q743330"   , "Alex Brown"                    , "Q1127974"  , "215"     , "Pontypool RFC"                                  , "1997"     , "1999"   , "44"           , "20"          , "itWP"
"Q743330"   , "Alex Brown"                    , "Q810786"   , "138"     , "Bath Rugby"                                     , "1998"     , "1999"   , NA             , NA            , "WD; frWP; enWP"
"Q743330"   , "Alex Brown"                    , "Q1127974"  , "215"     , "Pontypool RFC"                                  , "1999"     , "2000"   , NA             , NA            , "WD; frWP; enWP"
"Q743330"   , "Alex Brown"                    , "Q917973"   , "162"     , "Bristol Bears"                                  , "2000"     , "2003"   , "86"           , "20"          , "itWP; WD; frWP; enWP"
"Q743330"   , "Alex Brown"                    , "Q3873497"  , "824"     , "England A national rugby union team"            , "2003"     , "2003"   , NA             , NA            , "WD; enWP"
"Q743330"   , "Alex Brown"                    , "Q745758"   , "122"     , "Gloucester Rugby"                               , "2003"     , "2013"   , "233"          , "42"          , "itWP; enWP; WD; frWP"
"Q743330"   , "Alex Brown"                    , "Q378628"   , "39"      , "England national rugby union team"              , "2006"     , "2007"   , "3"            , "0"           , "WD; frWP; itWP; enWP"
"Q743330"   , "Alex Brown"                    , "Q5133308"  , "1101"    , "Clifton RFC"                                    , NA         , NA       , NA             , NA            , "enWP"
"Q761487"   , "Mathieu Bastareaud"            , NA          , "4947"    , "RC Creteil Choisy"                              , "1995"     , "2004"   , NA             , NA            , "frWP"
"Q761487"   , "Mathieu Bastareaud"            , "Q46387"    , "5"       , "RC Massy"                                       , "2004"     , "2007"   , "14"           , "25"          , "WD; frWP; esWP; itWP; enWP"
"Q761487"   , "Mathieu Bastareaud"            , "Q20967019" , "2469"    , "France national under-19 rugby union team"      , "2006"     , "2007"   , "10"           , "15"          , "frWP; enWP"
"Q761487"   , "Mathieu Bastareaud"            , "Q1361000"  , "252"     , "Stade Français Rugby"                           , "2007"     , "2011"   , "99"           , "103"         , "WD; frWP; itWP; esWP; enWP"
"Q761487"   , "Mathieu Bastareaud"            , "Q5478456"  , "1249"    , "France national under-20 rugby union team"      , "2008"     , "2008"   , "6"            , "15"          , "WD; frWP; enWP"
"Q761487"   , "Mathieu Bastareaud"            , "Q518116"   , "58"      , "France national rugby union team"               , "2009"     , "2019"   , "54"           , "25"          , "WD; jaWP; frWP; itWP; esWP; enWP"
"Q761487"   , "Mathieu Bastareaud"            , "Q1857064"  , "315"     , "RC Toulonnais"                                  , "2011"     , "2019"   , "211"          , "125"         , "WD; frWP; itWP; esWP; enWP"
"Q761487"   , "Mathieu Bastareaud"            , "Q4075"     , "1"       , "Lyon OU"                                        , "2019"     , "2020"   , "7"            , "5"           , "WD; frWP; itWP; esWP; enWP"
"Q761487"   , "Mathieu Bastareaud"            , "Q54953803" , "2699"    , "Rugby New York"                                 , "2020"     , "2020"   , "5"            , "10"          , "itWP; WD; frWP; esWP; enWP"
"Q761487"   , "Mathieu Bastareaud"            , "Q4075"     , "1"       , "Lyon OU"                                        , "2020"     , "2022"   , "13"           , "10"          , "frWP; itWP; esWP; enWP"
"Q761487"   , "Mathieu Bastareaud"            , "Q1857064"  , "315"     , "RC Toulonnais"                                  , "2022"     , "2023"   , "20"           , "10"          , "frWP; esWP; enWP"
"Q972956"   , "Jamie Noon"                    , "Q910657"   , "160"     , "Newcastle Red Bulls"                            , "1998"     , "2010"   , "203"          , "260"         , "enWP"
"Q972956"   , "Jamie Noon"                    , NA          , "7088"    , "England national under-21 rugby union team"     , "1999"     , "1999"   , NA             , NA            , "frWP"
"Q972956"   , "Jamie Noon"                    , "Q910657"   , "160"     , "Newcastle Red Bulls"                            , "1999"     , "2009"   , "242"          , "275"         , "WD; frWP"
"Q972956"   , "Jamie Noon"                    , "Q378628"   , "39"      , "England national rugby union team"              , "2001"     , "2009"   , "38"           , "35"          , "WD; frWP; enWP"
"Q972956"   , "Jamie Noon"                    , "Q1022912"  , "197"     , "CA Brive"                                       , "2009"     , "2013"   , "100"          , "40"          , "WD; frWP"
"Q972956"   , "Jamie Noon"                    , "Q1022912"  , "197"     , "CA Brive"                                       , "2010"     , "2013"   , "100"          , "40"          , "enWP"
"Q972956"   , "Jamie Noon"                    , "Q3494126"  , "658"     , "Sporting club tulliste"                         , "2013"     , "2014"   , "11"           , "10"          , "WD; frWP; enWP"
"Q972956"   , "Jamie Noon"                    , NA          , "4327"    , "Whitby RFC"                                     , NA         , NA       , NA             , NA            , "enWP"
"Q1053176"  , "Naas Botha"                    , "Q885646"   , "156"     , "Bulls"                                          , "1977"     , "1995"   , "179"          , "2511"        , "esWP; itWP; WD; frWP; enWP"
"Q1053176"  , "Naas Botha"                    , "Q498478"   , "52"      , "South Africa national rugby union team"         , "1980"     , "1992"   , "28"           , "312"         , "WD; frWP; itWP; enWP"
"Q1053176"  , "Naas Botha"                    , "Q5211339"  , "1165"    , "Dallas Harlequins R.F.C."                       , "1984"     , "1984"   , NA             , NA            , "itWP; esWP"
"Q1053176"  , "Naas Botha"                    , "Q3651754"  , "807"     , "World XV"                                       , "1986"     , "1986"   , NA             , NA            , "enWP"
"Q1053176"  , "Naas Botha"                    , "Q979797"   , "194"     , "Rugby Rovigo"                                   , "1987"     , "1993"   , "119"          , "1731"        , "esWP; WD; frWP; itWP; enWP"
"Q1053176"  , "Naas Botha"                    , "Q3651754"  , "807"     , "World XV"                                       , "1992"     , "1992"   , NA             , NA            , "enWP"
"Q1053176"  , "Naas Botha"                    , "Q885646"   , "156"     , "Bulls"                                          , "1992"     , "1995"   , NA             , NA            , "esWP"
"Q1403116"  , "Arthur Gould"                  , "Q1521264"  , "275"     , "Newport RFC"                                    , "1882"     , "1898"   , NA             , NA            , "esWP; itWP; WD; frWP; enWP"
"Q1403116"  , "Arthur Gould"                  , "Q1048688"  , "201"     , "London Welsh RFC"                               , "1885"     , "1886"   , NA             , NA            , "WD; frWP; itWP; esWP; enWP"
"Q1403116"  , "Arthur Gould"                  , "Q822877"   , "143"     , "Wales national rugby union team"                , "1885"     , "1897"   , "27"           , "13"          , "WD; frWP; itWP; enWP"
"Q1403116"  , "Arthur Gould"                  , "Q3431476"  , "607"     , "Richmond Rugby Club"                            , "1886"     , "1887"   , NA             , NA            , "WD; frWP; esWP; enWP"
"Q1403116"  , "Arthur Gould"                  , NA          , "7530"    , "Middlesex Rugby Football Union Team"            , "1887"     , "1893"   , NA             , NA            , "enWP"
"Q1403116"  , "Arthur Gould"                  , "Q1521264"  , "275"     , "Newport RFC"                                    , "1887"     , "1898"   , "232"          , "662"         , "esWP; itWP; WD; frWP; enWP"
"Q1403116"  , "Arthur Gould"                  , NA          , "7548"    , "Hampshire Rugby Football Union Team"            , NA         , NA       , NA             , NA            , "enWP"
"Q1403116"  , "Arthur Gould"                  , "Q7845132"  , "1901"    , "Trojans Rugby Club"                             , NA         , NA       , NA             , NA            , "enWP"
"Q1766531"  , "Jean-Pascal Barraque"          , NA          , "4556"    , "RC Concarneau"                                  , "1998"     , "2007"   , NA             , NA            , "frWP"
"Q1766531"  , "Jean-Pascal Barraque"          , "Q431412"   , "44"      , "Stade Toulousain"                               , "2007"     , "2008"   , NA             , NA            , "frWP"
"Q1766531"  , "Jean-Pascal Barraque"          , "Q634843"   , "89"      , "Tarbes Pyrénées Rugby"                          , "2008"     , "2009"   , NA             , NA            , "frWP"
"Q1766531"  , "Jean-Pascal Barraque"          , "Q855496"   , "152"     , "Biarritz Olympique"                             , "2009"     , "2010"   , NA             , NA            , "frWP"
"Q1766531"  , "Jean-Pascal Barraque"          , "Q855496"   , "152"     , "Biarritz Olympique"                             , "2010"     , "2013"   , "55"           , "124"         , "WD; frWP; enWP"
"Q1766531"  , "Jean-Pascal Barraque"          , "Q5478456"  , "1249"    , "France national under-20 rugby union team"      , "2011"     , "2011"   , "10"           , "54"          , "jaWP; frWP; enWP"
"Q1766531"  , "Jean-Pascal Barraque"          , "Q431412"   , "44"      , "Stade Toulousain"                               , "2013"     , "2014"   , "9"            , "32"          , "WD; frWP; enWP"
"Q1766531"  , "Jean-Pascal Barraque"          , "Q756594"   , "126"     , "Stade Rochelais"                                , "2014"     , "2016"   , "38"           , "106"         , "WD; frWP; enWP"
"Q1766531"  , "Jean-Pascal Barraque"          , "Q1865460"  , "316"     , "Union Bordeaux Bègles"                          , "2017"     , "2018"   , "7"            , "15"          , "jaWP; frWP; enWP"
"Q1766531"  , "Jean-Pascal Barraque"          , "Q518116"   , "58"      , "France national rugby union team"               , "2020"     , "2020"   , "1"            , "0"           , "jaWP; frWP; enWP"
"Q1766531"  , "Jean-Pascal Barraque"          , "Q297901"   , "27"      , "ASM Clermont Auvergne"                          , "2020"     , "2023"   , "42"           , "61"          , "jaWP; frWP; enWP"
"Q1766531"  , "Jean-Pascal Barraque"          , "Q1471265"  , "266"     , "USA Perpignan"                                  , "2023"     , NA       , "11"           , "32"          , "jaWP; frWP"
"Q1812787"  , "François Borde"                , "Q634843"   , "89"      , "Tarbes Pyrénées Rugby"                          , "1916"     , "1920"   , NA             , NA            , "frWP"
"Q1812787"  , "François Borde"                , "Q118498"   , "10"      , "Racing 92"                                      , "1920"     , "1921"   , NA             , NA            , "frWP"
"Q1812787"  , "François Borde"                , "Q518116"   , "58"      , "France national rugby union team"               , "1920"     , "1926"   , NA             , "3"           , "WD"
"Q1812787"  , "François Borde"                , "Q431412"   , "44"      , "Stade Toulousain"                               , "1921"     , "1928"   , NA             , NA            , "WD; frWP"
"Q1812787"  , "François Borde"                , "Q1115439"  , "208"     , "RC Narbonne"                                    , "1928"     , "1928"   , NA             , NA            , "frWP"
"Q1812787"  , "François Borde"                , "Q431412"   , "44"      , "Stade Toulousain"                               , "1928"     , "1930"   , NA             , NA            , "frWP"
"Q1812787"  , "François Borde"                , "Q431412"   , "44"      , "Stade Toulousain"                               , "1934"     , "1938"   , NA             , NA            , "frWP"
"Q2053152"  , "Jerome Kaino"                  , "Q7016267"  , "1565"    , "New Zealand national under-21 rugby union team" , "2003"     , "2004"   , "9"            , "25"          , "enWP"
"Q2053152"  , "Jerome Kaino"                  , "Q1156303"  , "232"     , "Blues"                                          , "2004"     , "2018"   , "137"          , "70"          , "WD; frWP; itWP; esWP; enWP"
"Q2053152"  , "Jerome Kaino"                  , "Q4819588"  , "928"     , "Auckland RFU Team"                              , "2004"     , "2017"   , "56"           , "50"          , "itWP; frWP; esWP; enWP"
"Q2053152"  , "Jerome Kaino"                  , "Q55801"    , "6"       , "New Zealand national rugby union team"          , "2004"     , "2017"   , "83"           , "65"          , "WD; enWP; frWP; itWP"
"Q2053152"  , "Jerome Kaino"                  , "Q749756"   , "124"     , "New Zealand A national rugby union team"        , "2005"     , "2007"   , "7"            , "0"           , "enWP"
"Q2053152"  , "Jerome Kaino"                  , "Q807749"   , "136"     , "Barbarian FC"                                   , "2011"     , "2011"   , "1"            , "0"           , "enWP"
"Q2053152"  , "Jerome Kaino"                  , "Q6374828"  , "1398"    , "Toyota Verblitz"                                , "2012"     , "2014"   , "18"           , "10"          , "itWP; WD; frWP; esWP; enWP"
"Q2053152"  , "Jerome Kaino"                  , "Q1156303"  , "232"     , "Blues"                                          , "2014"     , "2017"   , "54"           , "50"          , "WD; frWP; itWP"
"Q2053152"  , "Jerome Kaino"                  , "Q4819588"  , "928"     , "Auckland RFU Team"                              , "2017"     , "2017"   , "3"            , "5"           , "itWP; frWP"
"Q2053152"  , "Jerome Kaino"                  , "Q431412"   , "44"      , "Stade Toulousain"                               , "2018"     , "2021"   , "62"           , "10"          , "frWP; itWP; esWP; enWP"
"Q2053152"  , "Jerome Kaino"                  , NA          , "6862"    , "University of Auckland"                         , NA         , NA       , NA             , NA            , "enWP"
"Q2203638"  , "James O'Connor"                , "Q2926274"  , "442"     , "Brothers Old Boys"                              , NA         , "2007"   , NA             , NA            , "enWP"
"Q2203638"  , "James O'Connor"                , "Q915507"   , "161"     , "Western Force"                                  , "2007"     , "2012"   , "39"           , "306"         , "itWP; enWP; WD; frWP; jaWP; esWP"
"Q2203638"  , "James O'Connor"                , "Q622443"   , "86"      , "Australia national rugby union team"            , "2008"     , NA       , "68"           , "299"         , "WD; jaWP; frWP; itWP; enWP"
"Q2203638"  , "James O'Connor"                , "Q1300399"  , "247"     , "Melbourne Rebels"                               , "2012"     , "2013"   , "21"           , "201"         , "WD; jaWP; frWP; itWP; esWP; enWP"
"Q2203638"  , "James O'Connor"                , "Q3567424"  , "737"     , "West Harbour RFC"                               , "2013"     , "2013"   , "1"            , "10"          , "frWP; jaWP; esWP; enWP"
"Q2203638"  , "James O'Connor"                , "Q1193020"  , "238"     , "London Irish RFC"                               , "2013"     , "2014"   , "15"           , "100"         , "WD; jaWP; frWP; itWP; esWP; enWP"
"Q2203638"  , "James O'Connor"                , "Q1857064"  , "315"     , "RC Toulonnais"                                  , "2014"     , "2015"   , "51"           , "116"         , "WD; frWP; jaWP; itWP; esWP; enWP"
"Q2203638"  , "James O'Connor"                , "Q1368281"  , "253"     , "Queensland Reds"                                , "2015"     , "2015"   , "13"           , "44"          , "WD; jaWP; frWP; itWP; esWP; enWP"
"Q2203638"  , "James O'Connor"                , "Q1857064"  , "315"     , "RC Toulonnais"                                  , "2015"     , "2017"   , "46"           , "116"         , "WD; frWP"
"Q2203638"  , "James O'Connor"                , "Q928517"   , "164"     , "Sale Sharks"                                    , "2017"     , "2019"   , "32"           , "15"          , "WD; jaWP; frWP; itWP; esWP; enWP"
"Q2203638"  , "James O'Connor"                , "Q1368281"  , "253"     , "Queensland Reds"                                , "2019"     , "2024"   , "57"           , "379"         , "frWP; itWP; WD; jaWP; esWP; enWP"
"Q2203638"  , "James O'Connor"                , "Q2926274"  , "442"     , "Brothers Old Boys"                              , "2022"     , "2024"   , "8"            , "44"          , "enWP"
"Q2203638"  , "James O'Connor"                , "Q4823557"  , "931"     , "Australia A national rugby union team"          , "2023"     , "2023"   , "2"            , "0"           , "enWP"
"Q2203638"  , "James O'Connor"                , "Q959847"   , "188"     , "Crusaders"                                      , "2025"     , "2025"   , "16"           , "48"          , "jaWP; enWP"
"Q2203638"  , "James O'Connor"                , "Q1071691"  , "204"     , "Leicester Tigers"                               , "2025"     , NA       , "3"            , "16"          , "enWP"
"Q2282931"  , "Chester Williams"              , "Q794910"   , "135"     , "Stormers"                                       , "1988"     , "1998"   , "63"           , "0"           , "frWP; WD; itWP; esWP; enWP"
"Q2282931"  , "Chester Williams"              , "Q498478"   , "52"      , "South Africa national rugby union team"         , "1993"     , "2000"   , "27"           , "70"          , "WD; jaWP; frWP; itWP; enWP"
"Q2282931"  , "Chester Williams"              , "Q1210146"  , "241"     , "Lions"                                          , "1998"     , "1999"   , NA             , NA            , "itWP; WD; enWP"
"Q2282931"  , "Chester Williams"              , "Q1857064"  , "315"     , "RC Toulonnais"                                  , "1999"     , "1999"   , NA             , NA            , "esWP"
"Q2282931"  , "Chester Williams"              , "Q1210146"  , "241"     , "Lions"                                          , "1999"     , "2001"   , "18"           , "35"          , "itWP; WD; jaWP; esWP; enWP"
"Q2334843"  , "Fabien Galthié"                , "Q3534154"  , "700"     , "Tournefeuille rugby XV"                         , "1977"     , "1981"   , NA             , NA            , "frWP"
"Q2334843"  , "Fabien Galthié"                , "Q1407380"  , "260"     , "US Colomiers"                                   , "1981"     , "1995"   , NA             , NA            , "itWP; frWP; enWP; WD; esWP"
"Q2334843"  , "Fabien Galthié"                , "Q518116"   , "58"      , "France national rugby union team"               , "1991"     , "2003"   , "64"           , "49"          , "WD; jaWP; frWP; itWP; enWP"
"Q2334843"  , "Fabien Galthié"                , "Q794910"   , "135"     , "Stormers"                                       , "1995"     , "1995"   , NA             , NA            , "frWP; WD; jaWP; itWP; esWP; enWP"
"Q2334843"  , "Fabien Galthié"                , "Q1407380"  , "260"     , "US Colomiers"                                   , "1995"     , "2001"   , NA             , NA            , "WD; jaWP; frWP; itWP; enWP"
"Q2334843"  , "Fabien Galthié"                , "Q1361000"  , "252"     , "Stade Français Rugby"                           , "2001"     , "2003"   , "31"           , "20"          , "WD; jaWP; frWP; itWP; esWP; enWP"
"Q2405761"  , "Marco Wentzel"                 , "Q1170732"  , "237"     , "SWD Eagles"                                     , "1996"     , "2000"   , "4"            , "0"           , "enWP; frWP"
"Q2405761"  , "Marco Wentzel"                 , "Q1170708"  , "233"     , "Pumas"                                          , "2000"     , "2001"   , "29"           , "15"          , "frWP; enWP"
"Q2405761"  , "Marco Wentzel"                 , "Q885646"   , "156"     , "Bulls"                                          , "2001"     , "2002"   , "16"           , "0"           , "frWP; enWP"
"Q2405761"  , "Marco Wentzel"                 , "Q498478"   , "52"      , "South Africa national rugby union team"         , "2002"     , "2002"   , "2"            , "0"           , "WD; frWP; enWP"
"Q2405761"  , "Marco Wentzel"                 , "Q1210146"  , "241"     , "Lions"                                          , "2003"     , "2003"   , "10"           , "0"           , "frWP; enWP"
"Q2405761"  , "Marco Wentzel"                 , "Q266149"   , "22"      , "Cheetahs"                                       , "2003"     , "2005"   , "26"           , "20"          , "frWP; enWP"
"Q2405761"  , "Marco Wentzel"                 , "Q521129"   , "59"      , "Benetton Rugby Treviso"                         , "2005"     , "2006"   , "64"           , "0"           , "WD; frWP; enWP"
"Q2405761"  , "Marco Wentzel"                 , "Q1170721"  , "235"     , "Boland Cavaliers"                               , "2006"     , "2006"   , "7"            , "5"           , "frWP; enWP"
"Q2405761"  , "Marco Wentzel"                 , "Q521129"   , "59"      , "Benetton Rugby Treviso"                         , "2006"     , "2007"   , "24"           , "25"          , "enWP"
"Q2405761"  , "Marco Wentzel"                 , "Q1071691"  , "204"     , "Leicester Tigers"                               , "2007"     , "2009"   , "48"           , "0"           , "WD; frWP; enWP"
"Q2405761"  , "Marco Wentzel"                 , "Q949807"   , "179"     , "Southern Kings"                                 , "2009"     , "2009"   , "1"            , "0"           , "frWP; enWP"
"Q2405761"  , "Marco Wentzel"                 , "Q1360196"  , "251"     , "Leeds Tykes"                                    , "2009"     , "2011"   , "49"           , "20"          , "WD; frWP; enWP"
"Q2405761"  , "Marco Wentzel"                 , "Q1150127"  , "231"     , "Wasps RFC"                                      , "2011"     , "2013"   , "51"           , "10"          , "WD; frWP; enWP"
"Q2405761"  , "Marco Wentzel"                 , "Q744636"   , "121"     , "Sharks"                                         , "2013"     , "2015"   , "45"           , "5"           , "WD; frWP; enWP"
"Q2746129"  , "António Maria de Aguilar"      , "Q250778"   , "18"      , "Portugal national rugby union team"             , "1999"     , "2014"   , "84"           , "120"         , "WD; frWP; enWP"
"Q2746129"  , "António Maria de Aguilar"      , "Q1782908"  , "310"     , "Stade Montois"                                  , "2001"     , "2003"   , NA             , NA            , "frWP"
"Q2746129"  , "António Maria de Aguilar"      , "Q3118225"  , "533"     , "GD Direito"                                     , "2003"     , "2008"   , NA             , NA            , "frWP"
"Q2746129"  , "António Maria de Aguilar"      , "Q634843"   , "89"      , "Tarbes Pyrénées Rugby"                          , "2008"     , "2008"   , "7"            , "0"           , "frWP"
"Q2746129"  , "António Maria de Aguilar"      , "Q3118225"  , "533"     , "GD Direito"                                     , "2008"     , "2018"   , NA             , NA            , "frWP"
"Q2824170"  , "Adedayo Adebayo"               , "Q810786"   , "138"     , "Bath Rugby"                                     , "1989"     , "1995"   , "171"          , "20"          , "enWP; frWP"
"Q2824170"  , "Adedayo Adebayo"               , "Q104856112", "2912"    , "Southland RFU Team"                             , "1995"     , "1995"   , "3"            , "0"           , "frWP"
"Q2824170"  , "Adedayo Adebayo"               , "Q810786"   , "138"     , "Bath Rugby"                                     , "1995"     , "2001"   , "88"           , "115"         , "WD; frWP; enWP"
"Q2824170"  , "Adedayo Adebayo"               , "Q378628"   , "39"      , "England national rugby union team"              , "1996"     , "1998"   , "9"            , "10"          , "WD; frWP; enWP"
"Q2824170"  , "Adedayo Adebayo"               , "Q2530925"  , "368"     , "Rugby Parma FC"                                 , "2001"     , "2002"   , NA             , NA            , "WD; frWP; enWP"
"Q2825023"  , "Adrian Durston"                , "Q2925165"  , "440"     , "Bridgend Ravens"                                , "1995"     , "2001"   , NA             , NA            , "WD; itWP"
"Q2825023"  , "Adrian Durston"                , "Q822877"   , "143"     , "Wales national rugby union team"                , "2001"     , "2001"   , "2"            , "5"           , "WD; frWP; itWP; enWP"
"Q2825023"  , "Adrian Durston"                , "Q2925165"  , "440"     , "Bridgend Ravens"                                , "2001"     , "2002"   , "7"            , "25"          , "itWP"
"Q2825023"  , "Adrian Durston"                , "Q1521270"  , "276"     , "Neath RFC"                                      , "2002"     , "2003"   , "7"            , "5"           , "WD; frWP; itWP"
"Q2825023"  , "Adrian Durston"                , "Q1518257"  , "273"     , "Ospreys"                                        , "2003"     , "2005"   , "42"           , "18"          , "WD; frWP; itWP"
"Q2825023"  , "Adrian Durston"                , "Q2035617"  , "329"     , "Rugby Viadana"                                  , "2005"     , "2006"   , NA             , NA            , "WD; frWP; itWP"
"Q2825023"  , "Adrian Durston"                , "Q636019"   , "92"      , "Oyonnax Rugby"                                  , "2006"     , "2007"   , "7"            , "0"           , "WD; frWP; itWP"
"Q2825023"  , "Adrian Durston"                , "Q2925165"  , "440"     , "Bridgend Ravens"                                , "2006"     , "2012"   , NA             , NA            , "frWP"
"Q2825023"  , "Adrian Durston"                , "Q63341740" , "2747"    , "Club sportif beaunois"                          , "2007"     , NA       , NA             , NA            , "frWP"
"Q2827352"  , "Agustín Figuerola"             , "Q646070"   , "101"     , "Argentina national rugby union team"            , "2008"     , "2010"   , "7"            , "0"           , "WD; frWP; enWP"
"Q2827352"  , "Agustín Figuerola"             , "Q3681461"  , "811"     , "Club Atlético San Isidro Rugby"                 , "2009"     , "2010"   , "6"            , "73"          , "frWP"
"Q2827352"  , "Agustín Figuerola"             , "Q2060356"  , "331"     , "Pampas XV"                                      , "2009"     , "2010"   , "7"            , "0"           , "WD; frWP; enWP"
"Q2827352"  , "Agustín Figuerola"             , "Q3873496"  , "823"     , "Argentina A national rugby union team"          , "2009"     , NA       , "1"            , "0"           , "WD; enWP"
"Q2827352"  , "Agustín Figuerola"             , "Q3681461"  , "811"     , "Club Atlético San Isidro Rugby"                 , "2010"     , "2010"   , "6"            , "73"          , "enWP"
"Q2827352"  , "Agustín Figuerola"             , "Q1022912"  , "197"     , "CA Brive"                                       , "2010"     , "2013"   , "36"           , "12"          , "WD; frWP; enWP"
"Q2827352"  , "Agustín Figuerola"             , "Q636019"   , "92"      , "Oyonnax Rugby"                                  , "2013"     , "2015"   , "45"           , "10"          , "WD; frWP; enWP"
"Q2827352"  , "Agustín Figuerola"             , "Q4075"     , "1"       , "Lyon OU"                                        , "2015"     , "2017"   , "27"           , "10"          , "WD; frWP; enWP"
"Q2827352"  , "Agustín Figuerola"             , "Q3681461"  , "811"     , "Club Atlético San Isidro Rugby"                 , "2017"     , "2021"   , "15"           , "5"           , "enWP; frWP"
"Q2829303"  , "Al Baxter"                     , "Q3344223"  , "567"     , "Northern Suburbs Rugby Club"                    , "1998"     , "2011"   , "98"           , "0"           , "WD; enWP"
"Q2829303"  , "Al Baxter"                     , "Q534417"   , "61"      , "New South Wales Waratahs"                       , "1999"     , "2011"   , "130"          , "5"           , "WD; frWP"
"Q2829303"  , "Al Baxter"                     , "Q534417"   , "61"      , "New South Wales Waratahs"                       , "2000"     , "2011"   , "121"          , "5"           , "enWP"
"Q2829303"  , "Al Baxter"                     , "Q622443"   , "86"      , "Australia national rugby union team"            , "2003"     , "2009"   , "69"           , "5"           , "WD; frWP; enWP"
"Q2833395"  , "Alexandre Albouy"              , "Q964957"   , "189"     , "Castres Olympique"                              , "1998"     , "2006"   , "120"          , "40"          , "enWP"
"Q2833395"  , "Alexandre Albouy"              , "Q964957"   , "189"     , "Castres Olympique"                              , "2000"     , "2006"   , "120"          , "40"          , "WD; frWP"
"Q2833395"  , "Alexandre Albouy"              , "Q518116"   , "58"      , "France national rugby union team"               , "2002"     , "2002"   , "1"            , "0"           , "WD; frWP; enWP"
"Q2833395"  , "Alexandre Albouy"              , "Q1361000"  , "252"     , "Stade Français Rugby"                           , "2006"     , "2009"   , "56"           , "10"          , "WD; frWP; enWP"
"Q2833395"  , "Alexandre Albouy"              , "Q964957"   , "189"     , "Castres Olympique"                              , "2009"     , "2012"   , "51"           , "0"           , "WD; frWP; enWP"
"Q2833395"  , "Alexandre Albouy"              , "Q2868158"  , "414"     , "Amicale sportive vauréenne"                     , "2012"     , "2014"   , "29"           , "10"          , "enWP"
"Q2833395"  , "Alexandre Albouy"              , "Q2868158"  , "414"     , "Amicale sportive vauréenne"                     , "2012"     , "2015"   , NA             , NA            , "WD; frWP"
"Q2837744"  , "Allan Martin"                  , "Q319305"   , "30"      , "Aberavon RFC"                                   , "1966"     , "1979"   , "700"          , NA            , "enWP; WD; frWP"
"Q2837744"  , "Allan Martin"                  , "Q822877"   , "143"     , "Wales national rugby union team"                , "1973"     , "1981"   , "34"           , "25"          , "WD; frWP; itWP; enWP"
"Q2837744"  , "Allan Martin"                  , "Q733600"   , "118"     , "British & Irish Lions"                          , "1977"     , "1977"   , "1"            , "0"           , "WD; frWP; enWP"
"Q2837744"  , "Allan Martin"                  , "Q1517603"  , "272"     , "Llanelli RFC"                                   , "1979"     , "1979"   , "5"            , NA            , "WD; frWP"
"Q2837744"  , "Allan Martin"                  , "Q319305"   , "30"      , "Aberavon RFC"                                   , "1979"     , "1989"   , NA             , NA            , "enWP; frWP"
"Q2837744"  , "Allan Martin"                  , "Q3374636"  , "584"     , "Penarth RFC"                                    , "1989"     , "1991"   , NA             , NA            , "WD; frWP"
"Q2837744"  , "Allan Martin"                  , "Q319305"   , "30"      , "Aberavon RFC"                                   , "1991"     , "1992"   , NA             , NA            , "frWP"
"Q2837744"  , "Allan Martin"                  , "Q807749"   , "136"     , "Barbarian FC"                                   , NA         , NA       , NA             , NA            , "frWP"
"Q2846088"  , "Ander Monro"                   , "Q739613"   , "120"     , "Edinburgh Rugby"                                , "2003"     , "2006"   , NA             , NA            , "enWP"
"Q2846088"  , "Ander Monro"                   , "Q739613"   , "120"     , "Edinburgh Rugby"                                , "2005"     , "2007"   , "6"            , "3"           , "WD; frWP"
"Q2846088"  , "Ander Monro"                   , "Q3566691"  , "733"     , "Waterloo FC"                                    , "2006"     , "2007"   , "14"           , "44"          , "WD; enWP"
"Q2846088"  , "Ander Monro"                   , "Q774221"   , "128"     , "Canada national rugby union team"               , "2006"     , NA       , "30"           , "65"          , "WD; frWP; enWP"
"Q2846088"  , "Ander Monro"                   , "Q3942387"  , "844"     , "Rugby Colorno"                                  , "2007"     , "2009"   , "15"           , "52"          , "enWP"
"Q2846294"  , "Andrea Bacchetti"              , "Q979797"   , "194"     , "Rugby Rovigo"                                   , "1996"     , "2006"   , NA             , NA            , "itWP; enWP"
"Q2846294"  , "Andrea Bacchetti"              , "Q855496"   , "152"     , "Biarritz Olympique"                             , "2006"     , "2006"   , NA             , NA            , "frWP; itWP; enWP"
"Q2846294"  , "Andrea Bacchetti"              , "Q979797"   , "194"     , "Rugby Rovigo"                                   , "2006"     , "2013"   , "126"          , "170"         , "WD; frWP; itWP; enWP"
"Q2846294"  , "Andrea Bacchetti"              , "Q6093842"  , "1376"    , "Italy national under-20 rugby union team"       , "2008"     , "2008"   , "5"            , "10"          , "WD; enWP"
"Q2846294"  , "Andrea Bacchetti"              , "Q113135"   , "9"       , "Italy national rugby union team"                , "2009"     , "2009"   , "2"            , "0"           , "WD; frWP; itWP; enWP"
"Q2846294"  , "Andrea Bacchetti"              , "Q3650906"  , "806"     , "Italy A national rugby union team"              , "2009"     , "2012"   , "7"            , "20"          , "WD; enWP"
"Q2846294"  , "Andrea Bacchetti"              , "Q950674"   , "180"     , "Zebre"                                          , "2013"     , "2013"   , "2"            , "0"           , "WD; frWP; itWP; enWP"
"Q2846294"  , "Andrea Bacchetti"              , "Q535408"   , "63"      , "Fiamme Oro Rugby"                               , "2013"     , "2019"   , "95"           , "170"         , "WD; frWP; itWP; enWP"
"Q2846294"  , "Andrea Bacchetti"              , "Q979797"   , "194"     , "Rugby Rovigo"                                   , "2019"     , "2023"   , "50"           , "50"          , "WD; frWP; itWP; enWP"
"Q2861349"  , "Aristide Barraud"              , "Q46387"    , "5"       , "RC Massy"                                       , "2000"     , "2008"   , NA             , NA            , "itWP; frWP"
"Q2861349"  , "Aristide Barraud"              , "Q1361000"  , "252"     , "Stade Français Rugby"                           , "2007"     , "2009"   , "1"            , "0"           , "itWP; frWP"
"Q2861349"  , "Aristide Barraud"              , "Q5478456"  , "1249"    , "France national under-20 rugby union team"      , "2009"     , "2009"   , "4"            , "31"          , "frWP"
"Q2861349"  , "Aristide Barraud"              , "Q1361000"  , "252"     , "Stade Français Rugby"                           , "2009"     , "2011"   , "1"            , "0"           , "WD; frWP"
"Q2861349"  , "Aristide Barraud"              , "Q46387"    , "5"       , "RC Massy"                                       , "2011"     , "2013"   , "34"           , "237"         , "WD; frWP; itWP"
"Q2861349"  , "Aristide Barraud"              , "Q3452840"  , "618"     , "Rugby Lyons Piacenza"                           , "2013"     , "2014"   , "22"           , "471"         , "frWP; itWP"
"Q2861349"  , "Aristide Barraud"              , "Q2269393"  , "339"     , "Mogliano Rugby"                                 , "2014"     , "2017"   , "25"           , "317"         , "frWP; itWP"
"Q2863051"  , "Arnaud Bazin"                  , "Q3496206"  , "675"     , "Stade Olympique Chambérien Rugby"               , "1964"     , "1968"   , NA             , NA            , "frWP"
"Q2863051"  , "Arnaud Bazin"                  , "Q1387142"  , "255"     , "Football Club Grenoble Rugby"                   , "1990"     , "2005"   , NA             , NA            , "WD"
"Q2863051"  , "Arnaud Bazin"                  , "Q1387142"  , "255"     , "Football Club Grenoble Rugby"                   , "1992"     , "1994"   , NA             , NA            , "frWP"
"Q2863134"  , "Arnaud Héguy"                  , "Q630112"   , "88"      , "Aviron Bayonnais"                               , "1995"     , "2005"   , NA             , NA            , "WD; frWP"
"Q2863134"  , "Arnaud Héguy"                  , "Q2868073"  , "409"     , "Association Sportive Bayonnaise"                , "2005"     , "2005"   , NA             , NA            , "frWP"
"Q2863134"  , "Arnaud Héguy"                  , "Q518116"   , "58"      , "France national rugby union team"               , "2005"     , "2005"   , "1"            , "0"           , "enWP"
"Q2863134"  , "Arnaud Héguy"                  , "Q630112"   , "88"      , "Aviron Bayonnais"                               , "2005"     , "2011"   , "131"          , "60"          , "frWP; enWP"
"Q2863134"  , "Arnaud Héguy"                  , "Q62006391" , "2743"    , "France national under-21 rugby union team"      , "2006"     , "2006"   , "1"            , "0"           , "WD; frWP"
"Q2863134"  , "Arnaud Héguy"                  , "Q855496"   , "152"     , "Biarritz Olympique"                             , "2011"     , "2014"   , "77"           , "50"          , "WD; frWP; enWP"
"Q2863134"  , "Arnaud Héguy"                  , "Q1387142"  , "255"     , "Football Club Grenoble Rugby"                   , "2014"     , "2018"   , "78"           , "70"          , "WD; frWP; enWP"
"Q2863134"  , "Arnaud Héguy"                  , "Q1319827"  , "249"     , "US Dax"                                         , "2018"     , "2019"   , "13"           , "20"          , "WD; frWP; enWP"
"Q2863134"  , "Arnaud Héguy"                  , "Q3492488"  , "651"     , "Soyaux Angoulême XV Charente"                   , "2019"     , "2019"   , "11"           , "10"          , "WD; frWP; enWP"
"Q2895998"  , "Benjamin Basteres"             , "Q1857064"  , "315"     , "RC Toulonnais"                                  , "2001"     , "2005"   , NA             , NA            , "WD; frWP"
"Q2895998"  , "Benjamin Basteres"             , "Q1857064"  , "315"     , "RC Toulonnais"                                  , "2005"     , "2011"   , "51"           , "0"           , "frWP"
"Q2895998"  , "Benjamin Basteres"             , "Q951242"   , "181"     , "Provence Rugby"                                 , "2011"     , "2012"   , "20"           , "0"           , "frWP"
"Q2939230"  , "Carlo Orlandi"                 , "Q3452840"  , "618"     , "Rugby Lyons Piacenza"                           , "1985"     , "1995"   , "164"          , "148"         , "WD; frWP; itWP"
"Q2939230"  , "Carlo Orlandi"                 , "Q3901831"  , "831"     , "Piacenza Rugby Club"                            , "1988"     , "2001"   , "32"           , "45"          , "itWP"
"Q2939230"  , "Carlo Orlandi"                 , "Q113135"   , "9"       , "Italy national rugby union team"                , "1992"     , "2000"   , "43"           , "20"          , "WD; frWP; itWP"
"Q2939230"  , "Carlo Orlandi"                 , "Q1132521"  , "219"     , "Amatori Milano"                                 , "1995"     , "1998"   , "59"           , "35"          , "WD; frWP; itWP"
"Q2939230"  , "Carlo Orlandi"                 , "Q979797"   , "194"     , "Rugby Rovigo"                                   , "1998"     , "2000"   , "18"           , "20"          , "WD; frWP; itWP"
"Q2939230"  , "Carlo Orlandi"                 , "Q3901831"  , "831"     , "Piacenza Rugby Club"                            , "2000"     , "2001"   , NA             , NA            , "WD; frWP"
"Q2964973"  , "Christiaan Scholtz"            , "Q794910"   , "135"     , "Stormers"                                       , "1990"     , "1993"   , NA             , NA            , "esWP; frWP; itWP; enWP"
"Q2964973"  , "Christiaan Scholtz"            , "Q1210146"  , "241"     , "Lions"                                          , "1994"     , "1995"   , NA             , NA            , ""
"Q2964973"  , "Christiaan Scholtz"            , "Q1210146"  , "241"     , "Lions"                                          , "1994"     , "1999"   , "61"           , "5"           , "esWP; itWP; WD; frWP; enWP"
"Q2964973"  , "Christiaan Scholtz"            , "Q498478"   , "52"      , "South Africa national rugby union team"         , "1994"     , "1995"   , "4"            , "0"           , "WD; frWP; itWP; enWP"
"Q2965632"  , "Christian Short"               , "Q1126167"  , "213"     , "Connacht Rugby"                                 , "2004"     , "2006"   , "20"           , "0"           , "WD; frWP"
"Q2965632"  , "Christian Short"               , "Q1201283"  , "239"     , "Northampton Saints"                             , "2006"     , "2007"   , "41"           , "10"          , "WD; frWP"
"Q2965632"  , "Christian Short"               , "Q1022912"  , "197"     , "CA Brive"                                       , "2007"     , "2010"   , "54"           , "0"           , "WD; frWP"
"Q2965632"  , "Christian Short"               , "Q4075"     , "1"       , "Lyon OU"                                        , "2010"     , "2012"   , "23"           , "0"           , "WD; frWP"
"Q2965632"  , "Christian Short"               , "Q2980279"  , "474"     , "Club sportif de Vienne rugby"                   , "2012"     , "2014"   , NA             , NA            , "WD"
"Q2965632"  , "Christian Short"               , "Q2980279"  , "474"     , "Club sportif de Vienne rugby"                   , "2012"     , "2018"   , "53"           , "15"          , "frWP"
"Q3013138"  , "Dan Luger"                     , "Q3431476"  , "607"     , "Richmond Rugby Club"                            , "1991"     , "1995"   , "20"           , "25"          , "enWP; WD; frWP; esWP; enWP"
"Q3013138"  , "Dan Luger"                     , "Q3356673"  , "577"     , "Orrell Rugby Club"                              , "1995"     , "1996"   , "5"            , "5"           , "WD; frWP; esWP; enWP"
"Q3013138"  , "Dan Luger"                     , "Q1149835"  , "230"     , "Harlequin F.C."                                 , "1996"     , "1999"   , NA             , NA            , "WD; frWP; esWP; enWP"
"Q3013138"  , "Dan Luger"                     , "Q378628"   , "39"      , "England national rugby union team"              , "1998"     , "2003"   , "38"           , "120"         , "WD; frWP; enWP"
"Q3013138"  , "Dan Luger"                     , "Q9641"     , "2"       , "Saracens F.C."                                  , "1999"     , "2001"   , "15"           , "30"          , "WD; frWP; esWP; enWP"
"Q3013138"  , "Dan Luger"                     , "Q733600"   , "118"     , "British & Irish Lions"                          , "2001"     , "2001"   , NA             , NA            , "WD; enWP"
"Q3013138"  , "Dan Luger"                     , "Q1149835"  , "230"     , "Harlequin F.C."                                 , "2001"     , "2003"   , "59"           , "120"         , "WD; frWP; esWP; enWP"
"Q3013138"  , "Dan Luger"                     , "Q1471265"  , "266"     , "USA Perpignan"                                  , "2003"     , "2005"   , "39"           , "40"          , "WD; frWP; esWP; enWP"
"Q3013138"  , "Dan Luger"                     , "Q1857064"  , "315"     , "RC Toulonnais"                                  , "2005"     , "2006"   , NA             , NA            , "esWP; enWP"
"Q3013138"  , "Dan Luger"                     , "Q7276915"  , "1727"    , "RK Nada"                                        , "2006"     , "2006"   , NA             , NA            , "enWP"
"Q3013138"  , "Dan Luger"                     , "Q1857064"  , "315"     , "RC Toulonnais"                                  , "2006"     , "2008"   , "46"           , "40"          , "WD; frWP"
"Q3013138"  , "Dan Luger"                     , "Q3496202"  , "674"     , "Rugby Nice Côte d'Azur Université-Racing"       , "2008"     , "2010"   , "13"           , "15"          , "esWP; enWP; WD; frWP"
"Q3037029"  , "Dorian West"                   , "Q1071691"  , "204"     , "Leicester Tigers"                               , "1986"     , "2004"   , NA             , NA            , "WD; esWP"
"Q3037029"  , "Dorian West"                   , "Q165586"   , "13"      , "Nottingham R.F.C."                              , "1991"     , "1996"   , NA             , NA            , "esWP; WD; frWP"
"Q3037029"  , "Dorian West"                   , "Q1071691"  , "204"     , "Leicester Tigers"                               , "1996"     , "2004"   , "209"          , "45"          , "WD; frWP; itWP; enWP"
"Q3037029"  , "Dorian West"                   , "Q378628"   , "39"      , "England national rugby union team"              , "1998"     , "2003"   , "21"           , "15"          , "WD; frWP; itWP; esWP; enWP"
"Q3037029"  , "Dorian West"                   , "Q1071691"  , "204"     , "Leicester Tigers"                               , "2009"     , "2011"   , NA             , NA            , "frWP"
"Q3083020"  , "Frans Viljoen"                 , "Q266149"   , "22"      , "Cheetahs"                                       , "2002"     , "2002"   , NA             , NA            , "frWP"
"Q3083020"  , "Frans Viljoen"                 , "Q1777760"  , "308"     , "Leopards"                                       , "2002"     , "2004"   , NA             , NA            , "frWP; enWP"
"Q3083020"  , "Frans Viljoen"                 , "Q1170716"  , "234"     , "Griquas"                                        , "2005"     , "2008"   , "52"           , "55"          , "frWP; enWP"
"Q3083020"  , "Frans Viljoen"                 , "Q266149"   , "22"      , "Cheetahs"                                       , "2006"     , "2011"   , "38"           , "10"          , "WD; frWP; enWP"
"Q3083020"  , "Frans Viljoen"                 , "Q1361000"  , "252"     , "Stade Français Rugby"                           , "2006"     , "2007"   , "10"           , "10"          , "WD; frWP; enWP"
"Q3083020"  , "Frans Viljoen"                 , "Q1170716"  , "234"     , "Griquas"                                        , "2007"     , "2008"   , "26"           , "25"          , "frWP"
"Q3083020"  , "Frans Viljoen"                 , "Q145281"   , "11"      , "Aironi"                                         , "2011"     , "2012"   , "9"            , "0"           , "WD; frWP; enWP"
"Q3083020"  , "Frans Viljoen"                 , "Q3116637"  , "531"     , "Griffons"                                       , "2012"     , "2012"   , "1"            , "0"           , "frWP; enWP"
"Q3083020"  , "Frans Viljoen"                 , "Q266149"   , "22"      , "Cheetahs"                                       , "2012"     , "2013"   , "11"           , "5"           , "frWP; enWP"
"Q3083020"  , "Frans Viljoen"                 , "Q4075"     , "1"       , "Lyon OU"                                        , "2013"     , "2015"   , "27"           , "15"          , "WD; frWP; enWP"
"Q3087856"  , "Frikkie Welsh"                 , "Q744636"   , "121"     , "Sharks"                                         , "1998"     , "1999"   , "8"            , "10"          , "WD; frWP; enWP"
"Q3087856"  , "Frikkie Welsh"                 , "Q885646"   , "156"     , "Bulls"                                          , "1998"     , "2004"   , "39"           , "80"          , "enWP; frWP"
"Q3087856"  , "Frikkie Welsh"                 , NA          , "7304"    , "South Africa national under-21 rugby union team", "1999"     , "1999"   , NA             , NA            , "frWP"
"Q3087856"  , "Frikkie Welsh"                 , "Q1170708"  , "233"     , "Pumas"                                          , "2000"     , "2001"   , "14"           , "40"          , "frWP; enWP"
"Q3087856"  , "Frikkie Welsh"                 , "Q885646"   , "156"     , "Bulls"                                          , "2001"     , "2004"   , "43"           , "83"          , "enWP"
"Q3087856"  , "Frikkie Welsh"                 , "Q810786"   , "138"     , "Bath Rugby"                                     , "2004"     , "2006"   , "17"           , "25"          , "frWP; enWP"
"Q3087856"  , "Frikkie Welsh"                 , "Q885646"   , "156"     , "Bulls"                                          , "2006"     , "2007"   , "25"           , "42"          , "frWP; enWP"
"Q3087856"  , "Frikkie Welsh"                 , "Q596985"   , "76"      , "Montpellier Hérault Rugby"                      , "2007"     , "2009"   , "40"           , "25"          , "WD; frWP"
"Q3087856"  , "Frikkie Welsh"                 , "Q949807"   , "179"     , "Southern Kings"                                 , "2009"     , "2009"   , "1"            , "0"           , "frWP"
"Q3087856"  , "Frikkie Welsh"                 , "Q794910"   , "135"     , "Stormers"                                       , "2009"     , "2010"   , "26"           , "30"          , "enWP; frWP; enWP"
"Q3098384"  , "Garin Jenkins"                 , "Q841966"   , "150"     , "Swansea RFC"                                    , "1987"     , "2001"   , "222"          , "139"         , "itWP"
"Q3098384"  , "Garin Jenkins"                 , "Q3196999"  , "541"     , "King Country Rugby Football Union"              , "1988"     , "1988"   , NA             , NA            , "WD; enWP"
"Q3098384"  , "Garin Jenkins"                 , NA          , "7640"    , "Taupo United"                                   , "1988"     , "1988"   , NA             , NA            , "enWP"
"Q3098384"  , "Garin Jenkins"                 , "Q654755"   , "104"     , "Pontypridd RFC"                                 , "1988"     , "1989"   , "7"            , "0"           , "WD; frWP; enWP"
"Q3098384"  , "Garin Jenkins"                 , "Q1127974"  , "215"     , "Pontypool RFC"                                  , "1989"     , "1991"   , NA             , NA            , "WD; frWP; enWP"
"Q3098384"  , "Garin Jenkins"                 , "Q822877"   , "143"     , "Wales national rugby union team"                , "1991"     , "2000"   , "58"           , "10"          , "itWP; WD; frWP; enWP"
"Q3098384"  , "Garin Jenkins"                 , "Q841966"   , "150"     , "Swansea RFC"                                    , "1991"     , "2002"   , "224"          , "144"         , "WD; frWP; enWP"
"Q3098384"  , "Garin Jenkins"                 , NA          , "7334"    , "Taupo Rugby and Sports Club"                    , NA         , NA       , NA             , NA            , "frWP"
"Q3098384"  , "Garin Jenkins"                 , "Q8054084"  , "1994"    , "Ynysybwl RFC"                                   , NA         , NA       , NA             , NA            , "frWP"
"Q3101700"  , "George Kutarashvili"           , "Q1473503"  , "268"     , "SC Albi"                                        , "1908"     , "1909"   , NA             , NA            , "frWP"
"Q3101700"  , "George Kutarashvili"           , "Q3496061"  , "668"     , "Stade domontois rugby club"                     , "2002"     , "2003"   , NA             , NA            , "frWP"
"Q3101700"  , "George Kutarashvili"           , "Q636019"   , "92"      , "Oyonnax Rugby"                                  , "2003"     , "2005"   , NA             , NA            , "WD; frWP"
"Q3101700"  , "George Kutarashvili"           , "Q609885"   , "82"      , "Georgia national rugby union team"              , "2004"     , "2006"   , "11"           , "0"           , "frWP"
"Q3101700"  , "George Kutarashvili"           , "Q951242"   , "181"     , "Provence Rugby"                                 , "2005"     , "2006"   , "25"           , "5"           , "WD; frWP"
"Q3101700"  , "George Kutarashvili"           , "Q1857064"  , "315"     , "RC Toulonnais"                                  , "2006"     , "2007"   , "13"           , "0"           , "WD; frWP"
"Q3101700"  , "George Kutarashvili"           , "Q1115439"  , "208"     , "RC Narbonne"                                    , "2007"     , "2009"   , "43"           , "20"          , "WD; frWP"
"Q3101700"  , "George Kutarashvili"           , "Q3452849"  , "623"     , "Rugby Club Châteaurenard"                       , "2009"     , "2010"   , "11"           , "0"           , "frWP"
"Q3101700"  , "George Kutarashvili"           , "Q1319827"  , "249"     , "US Dax"                                         , "2010"     , "2010"   , "12"           , "0"           , "WD; frWP"
"Q3101700"  , "George Kutarashvili"           , "Q3452849"  , "623"     , "Rugby Club Châteaurenard"                       , "2010"     , "2013"   , "49"           , "10"          , "frWP"
"Q3101700"  , "George Kutarashvili"           , "Q3550478"  , "705"     , "Union sportive Annecy"                          , "2013"     , "2014"   , "14"           , "0"           , "frWP"
"Q3104384"  , "Gert Peens"                    , "Q3942382"  , "840"     , "Rugby Frascati Union"                           , "1993"     , "1995"   , NA             , NA            , "frWP; itWP"
"Q3104384"  , "Gert Peens"                    , NA          , "5571"    , "Rugby Segni ASD"                                , "1995"     , "1997"   , NA             , NA            , "frWP; itWP"
"Q3104384"  , "Gert Peens"                    , "Q969462"   , "191"     , "Rugby Roma"                                     , "1997"     , "1999"   , "43"           , "756"         , "frWP; itWP"
"Q3104384"  , "Gert Peens"                    , "Q388269"   , "40"      , "Rugby Calvisano"                                , "1999"     , "2000"   , NA             , NA            , "frWP; itWP"
"Q3104384"  , "Gert Peens"                    , "Q3901831"  , "831"     , "Piacenza Rugby Club"                            , "2000"     , "2002"   , "20"           , "589"         , "frWP; itWP"
"Q3104384"  , "Gert Peens"                    , "Q2530925"  , "368"     , "Rugby Parma FC"                                 , "2002"     , "2003"   , NA             , NA            , "frWP; itWP"
"Q3104384"  , "Gert Peens"                    , "Q113135"   , "9"       , "Italy national rugby union team"                , "2002"     , "2006"   , "23"           , "105"         , "WD; frWP; itWP"
"Q3104384"  , "Gert Peens"                    , "Q979797"   , "194"     , "Rugby Rovigo"                                   , "2003"     , "2004"   , "10"           , "149"         , "frWP; itWP"
"Q3104384"  , "Gert Peens"                    , "Q2278510"  , "341"     , "L'Aquila Rugby Club"                            , "2004"     , "2009"   , "102"          , "1180"        , "frWP; itWP"
"Q3104384"  , "Gert Peens"                    , "Q3901831"  , "831"     , "Piacenza Rugby Club"                            , "2009"     , "2010"   , "10"           , "120"         , "frWP; itWP"
"Q3104384"  , "Gert Peens"                    , "Q3627530"  , "794"     , "Asti Rugby"                                     , "2010"     , "2010"   , "10"           , "130"         , "frWP; itWP"
"Q3104384"  , "Gert Peens"                    , "Q3901831"  , "831"     , "Piacenza Rugby Club"                            , "2010"     , "2011"   , NA             , NA            , "frWP; itWP"
"Q3104384"  , "Gert Peens"                    , "Q16156035" , "2165"    , "Alessandria Rugby"                              , "2011"     , "2012"   , "20"           , "260"         , "frWP; itWP"
"Q3121574"  , "Guy Boniface"                  , "Q1782908"  , "310"     , "Stade Montois"                                  , "1952"     , "1958"   , NA             , NA            , "frWP"
"Q3121574"  , "Guy Boniface"                  , "Q1782908"  , "310"     , "Stade Montois"                                  , "1952"     , "1968"   , NA             , NA            , "WD"
"Q3121574"  , "Guy Boniface"                  , "Q1782908"  , "310"     , "Stade Montois"                                  , "1955"     , "1968"   , NA             , NA            , "frWP"
"Q3121574"  , "Guy Boniface"                  , "Q1782908"  , "310"     , "Stade Montois"                                  , "1957"     , "1967"   , NA             , NA            , "esWP"
"Q3121574"  , "Guy Boniface"                  , "Q518116"   , "58"      , "France national rugby union team"               , "1960"     , "1966"   , "35"           , "45"          , "WD; frWP; enWP"
"Q3121574"  , "Guy Boniface"                  , "Q107805430", "2978"    , "Association sportive montfortoise"              , NA         , NA       , NA             , NA            , "WD"
"Q3157222"  , "Jack Jones"                    , "Q1127974"  , "215"     , "Pontypool RFC"                                  , "1902"     , "1908"   , NA             , NA            , "WD; frWP; enWP"
"Q3157222"  , "Jack Jones"                    , "Q1521264"  , "275"     , "Newport RFC"                                    , "1904"     , "1910"   , "46"           , "27"          , "WD; frWP"
"Q3157222"  , "Jack Jones"                    , "Q6901165"  , "1525"    , "Monmouthshire County RFC"                       , "1905"     , "1911"   , NA             , NA            , "frWP; enWP"
"Q3157222"  , "Jack Jones"                    , "Q733600"   , "118"     , "British & Irish Lions"                          , "1908"     , "1910"   , "6"            , "7"           , "WD; frWP; enWP"
"Q3157222"  , "Jack Jones"                    , "Q1521264"  , "275"     , "Newport RFC"                                    , "1908"     , "1910"   , NA             , NA            , "enWP"
"Q3157222"  , "Jack Jones"                    , "Q822877"   , "143"     , "Wales national rugby union team"                , "1908"     , "1921"   , "14"           , "18"          , "WD; frWP; enWP"
"Q3157222"  , "Jack Jones"                    , "Q1048688"  , "201"     , "London Welsh RFC"                               , "1909"     , "1909"   , NA             , NA            , "WD; frWP; enWP"
"Q3157222"  , "Jack Jones"                    , "Q1127974"  , "215"     , "Pontypool RFC"                                  , "1910"     , "1921"   , NA             , NA            , "WD; frWP; enWP"
"Q3157222"  , "Jack Jones"                    , "Q807749"   , "136"     , "Barbarian FC"                                   , "1912"     , "1913"   , "3"            , "0"           , "enWP; WD; frWP"
"Q3157631"  , "Bees Roux"                     , "Q3046571"  , "495"     , "Eastern Province Kings"                         , "1997"     , "2000"   , NA             , NA            , "enWP"
"Q3157631"  , "Bees Roux"                     , "Q1170726"  , "236"     , "Falcons"                                        , "2001"     , "2001"   , NA             , NA            , "enWP"
"Q3157631"  , "Bees Roux"                     , "Q1777760"  , "308"     , "Leopards"                                       , "2002"     , "2002"   , NA             , NA            , "enWP"
"Q3157631"  , "Bees Roux"                     , "Q1777760"  , "308"     , "Leopards"                                       , "2005"     , "2006"   , "41"           , "5"           , "frWP; enWP"
"Q3157631"  , "Bees Roux"                     , "Q1170716"  , "234"     , "Griquas"                                        , "2006"     , "2010"   , "31"           , "5"           , "frWP; enWP"
"Q3157631"  , "Bees Roux"                     , "Q297901"   , "27"      , "ASM Clermont Auvergne"                          , "2008"     , "2009"   , "8"            , "0"           , "WD; frWP; enWP"
"Q3157631"  , "Bees Roux"                     , "Q266149"   , "22"      , "Cheetahs"                                       , "2008"     , "2009"   , "17"           , "5"           , "frWP; enWP"
"Q3157631"  , "Bees Roux"                     , NA          , "7547"    , "Highveld XV"                                    , "2009"     , "2009"   , "1"            , "0"           , "enWP"
"Q3157631"  , "Bees Roux"                     , "Q885646"   , "156"     , "Bulls"                                          , "2009"     , "2011"   , "14"           , "0"           , "frWP; enWP"
"Q3157631"  , "Bees Roux"                     , "Q1865460"  , "316"     , "Union Bordeaux Bègles"                          , "2011"     , "2012"   , "13"           , "0"           , "frWP; enWP"
"Q3157631"  , "Bees Roux"                     , "Q521129"   , "59"      , "Benetton Rugby Treviso"                         , "2012"     , "2013"   , "13"           , "0"           , "WD; frWP; enWP"
"Q3157631"  , "Bees Roux"                     , "Q1210146"  , "241"     , "Lions"                                          , "2013"     , "2014"   , "3"            , "0"           , "frWP; enWP"
"Q3157631"  , "Bees Roux"                     , "Q266149"   , "22"      , "Cheetahs"                                       , "2014"     , "2014"   , "1"            , "0"           , "frWP; enWP"
"Q3157631"  , "Bees Roux"                     , "Q636019"   , "92"      , "Oyonnax Rugby"                                  , "2014"     , "2015"   , "1"            , "0"           , "frWP"
"Q3157631"  , "Bees Roux"                     , "Q596985"   , "76"      , "Montpellier Hérault Rugby"                      , "2015"     , "2015"   , "3"            , "0"           , "frWP; enWP"
"Q3157631"  , "Bees Roux"                     , "Q636019"   , "92"      , "Oyonnax Rugby"                                  , "2015"     , NA       , "1"            , "0"           , "enWP"
"Q3164350"  , "Jean-Baptiste Peyras-Loustalet", "Q98462471" , "2883"    , "Union sportive Coarraze Nay rugby"              , "1991"     , "2002"   , NA             , NA            , "frWP"
"Q3164350"  , "Jean-Baptiste Peyras-Loustalet", "Q15055309" , "2145"    , "Section Paloise"                                , "2002"     , "2005"   , "35"           , "30"          , "WD; frWP; enWP"
"Q3164350"  , "Jean-Baptiste Peyras-Loustalet", "Q964957"   , "189"     , "Castres Olympique"                              , "2005"     , "2007"   , "38"           , "65"          , "WD; frWP; enWP"
"Q3164350"  , "Jean-Baptiste Peyras-Loustalet", "Q630112"   , "88"      , "Aviron Bayonnais"                               , "2007"     , "2011"   , "87"           , "105"         , "enWP; WD; frWP"
"Q3164350"  , "Jean-Baptiste Peyras-Loustalet", "Q518116"   , "58"      , "France national rugby union team"               , "2008"     , "2008"   , "1"            , "0"           , "WD; frWP; enWP"
"Q3164350"  , "Jean-Baptiste Peyras-Loustalet", "Q596985"   , "76"      , "Montpellier Hérault Rugby"                      , "2011"     , "2012"   , "15"           , "0"           , "WD; frWP; enWP"
"Q3164350"  , "Jean-Baptiste Peyras-Loustalet", "Q1781643"  , "309"     , "AS Béziers Hérault"                             , "2012"     , "2013"   , "16"           , "40"          , "WD; frWP; enWP"
"Q3164350"  , "Jean-Baptiste Peyras-Loustalet", "Q596985"   , "76"      , "Montpellier Hérault Rugby"                      , "2012"     , "2013"   , "5"            , "0"           , "WD; frWP"
"Q3164350"  , "Jean-Baptiste Peyras-Loustalet", "Q1865460"  , "316"     , "Union Bordeaux Bègles"                          , "2013"     , "2014"   , "2"            , "0"           , "frWP; WD; enWP"
"Q3164350"  , "Jean-Baptiste Peyras-Loustalet", "Q1781643"  , "309"     , "AS Béziers Hérault"                             , "2013"     , "2018"   , "77"           , "68"          , "frWP; WD; frWP; enWP"
"Q3165553"  , "Jean-François Coux"            , "Q86661679" , "2841"    , "Union sportive de Vinay"                        , "1998"     , "1999"   , NA             , NA            , "enWP"
"Q3165553"  , "Jean-François Coux"            , "Q1024459"  , "199"     , "CS Bourgoin-Jallieu"                            , "1999"     , "2011"   , NA             , NA            , "WD; enWP"
"Q3165553"  , "Jean-François Coux"            , "Q5478264"  , "1247"    , "France A national rugby union team"             , "2005"     , "2005"   , "1"            , "0"           , "WD; enWP"
"Q3165553"  , "Jean-François Coux"            , "Q518116"   , "58"      , "France national rugby union team"               , "2007"     , "2007"   , "2"            , "5"           , "WD; frWP; enWP"
"Q3165553"  , "Jean-François Coux"            , "Q1422627"  , "263"     , "SU Agen Lot-et-Garonne"                         , "2011"     , "2013"   , "23"           , "0"           , "WD; frWP; enWP"
"Q3165553"  , "Jean-François Coux"            , "Q636019"   , "92"      , "Oyonnax Rugby"                                  , "2013"     , "2015"   , "12"           , "5"           , "WD; frWP"
"Q3165553"  , "Jean-François Coux"            , "Q1024459"  , "199"     , "CS Bourgoin-Jallieu"                            , "2015"     , "2015"   , NA             , NA            , "WD"
"Q3165553"  , "Jean-François Coux"            , "Q1024459"  , "199"     , "CS Bourgoin-Jallieu"                            , "2015"     , "2017"   , "50"           , "50"          , "frWP"
"Q3165553"  , "Jean-François Coux"            , "Q28843742" , "2627"    , "Valence Romans Drôme Rugby"                     , "2017"     , "2018"   , "17"           , "0"           , "frWP"
"Q3185975"  , "Josh Holmes"                   , "Q534417"   , "61"      , "New South Wales Waratahs"                       , "2006"     , "2007"   , "4"            , "5"           , "frWP; enWP"
"Q3185975"  , "Josh Holmes"                   , "Q3567505"  , "740"     , "Western Sydney Rams"                            , "2007"     , "2007"   , "8"            , "10"          , "enWP"
"Q3185975"  , "Josh Holmes"                   , "Q534417"   , "61"      , "New South Wales Waratahs"                       , "2007"     , "2008"   , NA             , NA            , "WD"
"Q3185975"  , "Josh Holmes"                   , "Q3567505"  , "740"     , "Western Sydney Rams"                            , "2008"     , "2008"   , "8"            , "10"          , "frWP"
"Q3185975"  , "Josh Holmes"                   , "Q605245"   , "80"      , "ACT Brumbies"                                   , "2008"     , "2009"   , "26"           , "15"          , "WD; frWP; enWP"
"Q3185975"  , "Josh Holmes"                   , "Q534417"   , "61"      , "New South Wales Waratahs"                       , "2010"     , "2011"   , "16"           , "20"          , "frWP; enWP"
"Q3185975"  , "Josh Holmes"                   , "Q1024459"  , "199"     , "CS Bourgoin-Jallieu"                            , "2011"     , "2012"   , "19"           , "20"          , "frWP; enWP"
"Q3185975"  , "Josh Holmes"                   , "Q915507"   , "161"     , "Western Force"                                  , "2012"     , "2014"   , "17"           , "16"          , "enWP; frWP"
"Q3185975"  , "Josh Holmes"                   , "Q1300399"  , "247"     , "Melbourne Rebels"                               , "2014"     , "2014"   , "1"            , "0"           , "frWP; enWP"
"Q3185975"  , "Josh Holmes"                   , "Q513257"   , "55"      , "Central Coast Rays"                             , "2014"     , NA       , "16"           , "50"          , "enWP; frWP"
"Q3185975"  , "Josh Holmes"                   , NA          , "3954"    , "Newport Breakers Rugby Club"                    , NA         , NA       , NA             , NA            , "frWP"
"Q3187851"  , "Juan Fernández Miranda"        , "Q1748307"  , "307"     , "Hindú Club"                                     , "1993"     , "2004"   , NA             , NA            , "itWP; WD; frWP; esWP"
"Q3187851"  , "Juan Fernández Miranda"        , "Q646070"   , "101"     , "Argentina national rugby union team"            , "1997"     , "2007"   , "29"           , "165"         , "WD; frWP; itWP; enWP"
"Q3187851"  , "Juan Fernández Miranda"        , "Q1781643"  , "309"     , "AS Béziers Hérault"                             , "2004"     , "2004"   , "3"            , "12"          , "frWP"
"Q3187851"  , "Juan Fernández Miranda"        , "Q1748307"  , "307"     , "Hindú Club"                                     , "2004"     , "2010"   , NA             , NA            , "frWP"
"Q3190060"  , "Junior Poluleuligaga"          , "Q4819588"  , "928"     , "Auckland RFU Team"                              , "2000"     , "2002"   , NA             , NA            , "frWP"
"Q3190060"  , "Junior Poluleuligaga"          , "Q3492311"  , "649"     , "Southern Districts Rugby Club"                  , "2003"     , "2003"   , NA             , NA            , "frWP"
"Q3190060"  , "Junior Poluleuligaga"          , "Q1156303"  , "232"     , "Blues"                                          , "2004"     , "2004"   , "9"            , "5"           , "enWP"
"Q3190060"  , "Junior Poluleuligaga"          , "Q104855944", "2904"    , "North Harbour Rugby Union Team"                 , "2004"     , "2006"   , "26"           , "15"          , "frWP; enWP"
"Q3190060"  , "Junior Poluleuligaga"          , "Q1156303"  , "232"     , "Blues"                                          , "2006"     , "2006"   , "9"            , "5"           , "frWP"
"Q3190060"  , "Junior Poluleuligaga"          , "Q247246"   , "17"      , "Pacific Islanders rugby union team"             , "2006"     , "2006"   , "2"            , "0"           , "frWP; enWP"
"Q3190060"  , "Junior Poluleuligaga"          , "Q1156303"  , "232"     , "Blues"                                          , "2006"     , "2007"   , NA             , NA            , "WD"
"Q3190060"  , "Junior Poluleuligaga"          , "Q1857064"  , "315"     , "RC Toulonnais"                                  , "2007"     , "2008"   , "18"           , "0"           , "WD; frWP; enWP"
"Q3190060"  , "Junior Poluleuligaga"          , "Q1138539"  , "224"     , "Samoa national rugby union team"                , "2007"     , "2013"   , "25"           , "20"          , "WD; frWP; enWP"
"Q3190060"  , "Junior Poluleuligaga"          , "Q4819588"  , "928"     , "Auckland RFU Team"                              , "2008"     , "2008"   , "1"            , "0"           , "frWP"
"Q3190060"  , "Junior Poluleuligaga"          , "Q1149835"  , "230"     , "Harlequin F.C."                                 , "2008"     , "2009"   , "9"            , "0"           , "WD; frWP; enWP"
"Q3190060"  , "Junior Poluleuligaga"          , "Q4874226"  , "957"     , "Bay of Plenty Steamers"                         , "2009"     , "2010"   , "14"           , "10"          , "frWP; enWP"
"Q3190060"  , "Junior Poluleuligaga"          , "Q586617"   , "72"      , "Chiefs"                                         , "2010"     , "2010"   , "12"           , "5"           , "frWP; enWP"
"Q3190060"  , "Junior Poluleuligaga"          , "Q675305"   , "111"     , "Exeter Chiefs"                                  , "2010"     , "2013"   , "25"           , "0"           , "WD; frWP; enWP"
"Q3190060"  , "Junior Poluleuligaga"          , "Q4819588"  , "928"     , "Auckland RFU Team"                              , "2013"     , "2014"   , "18"           , "5"           , "frWP; enWP"
"Q3198147"  , "Kobus Wiese"                   , "Q1170721"  , "235"     , "Boland Cavaliers"                               , "1983"     , "1985"   , "12"           , "0"           , "esWP; frWP; enWP"
"Q3198147"  , "Kobus Wiese"                   , "Q1777760"  , "308"     , "Leopards"                                       , "1986"     , "1987"   , "18"           , "4"           , "frWP; enWP"
"Q3198147"  , "Kobus Wiese"                   , "Q3452854"  , "626"     , "Rugby Club Strasbourg"                          , "1987"     , "1987"   , NA             , NA            , "frWP"
"Q3198147"  , "Kobus Wiese"                   , "Q3550526"  , "718"     , "US Carcassonne"                                 , "1988"     , "1988"   , NA             , NA            , "esWP; frWP"
"Q3198147"  , "Kobus Wiese"                   , "Q1210146"  , "241"     , "Lions"                                          , "1988"     , "1997"   , "128"          , "105"         , "WD; itWP; frWP; esWP; enWP"
"Q3198147"  , "Kobus Wiese"                   , "Q498478"   , "52"      , "South Africa national rugby union team"         , "1993"     , "1996"   , "18"           , "5"           , "WD; frWP; itWP; esWP; enWP"
"Q3198147"  , "Kobus Wiese"                   , "Q2637322"  , "380"     , "Petrarca Rugby"                                 , "1994"     , "1995"   , NA             , NA            , "itWP"
"Q3198147"  , "Kobus Wiese"                   , "Q1210146"  , "241"     , "Lions"                                          , "1996"     , "1998"   , "11"           , "10"          , "enWP; frWP; esWP"
"Q3198147"  , "Kobus Wiese"                   , "Q2637322"  , "380"     , "Petrarca Rugby"                                 , "1998"     , "1999"   , NA             , NA            , "esWP"
"Q3201099"  , "Kélian Galletier"              , NA          , "5070"    , "Saint Gely Pic Saint Loup Rugby"                , "2001"     , "2006"   , NA             , NA            , "enWP: frWP"
"Q3201099"  , "Kélian Galletier"              , "Q596985"   , "76"      , "Montpellier Hérault Rugby"                      , "2006"     , "2011"   , NA             , NA            , "enWP; frWP"
"Q3201099"  , "Kélian Galletier"              , "Q5478456"  , "1249"    , "France national under-20 rugby union team"      , "2011"     , "2012"   , "10"           , "5"           , "frWP"
"Q3201099"  , "Kélian Galletier"              , "Q596985"   , "76"      , "Montpellier Hérault Rugby"                      , "2011"     , "2022"   , "178"          , "80"          , "WD; frWP; enWP"
"Q3201099"  , "Kélian Galletier"              , "Q518116"   , "58"      , "France national rugby union team"               , "2016"     , "2018"   , "6"            , "0"           , "WD; frWP; enWP"
"Q3201099"  , "Kélian Galletier"              , "Q1471265"  , "266"     , "USA Perpignan"                                  , "2022"     , "2024"   , "33"           , "10"          , "frWP"
"Q3201099"  , "Kélian Galletier"              , "Q42531020" , "2675"    , "New Orleans Gold"                               , "2025"     , NA       , "3"            , "0"           , "frWP"
"Q3219359"  , "Laurent Magnaval"              , "Q3496202"  , "674"     , "Rugby Nice Côte d'Azur Université-Racing"       , "2001"     , "2006"   , NA             , NA            , "frWP"
"Q3219359"  , "Laurent Magnaval"              , "Q1857064"  , "315"     , "RC Toulonnais"                                  , "2006"     , "2010"   , NA             , NA            , "frWP"
"Q3219359"  , "Laurent Magnaval"              , "Q5478456"  , "1249"    , "France national under-20 rugby union team"      , "2010"     , "2010"   , "2"            , "0"           , "frWP"
"Q3219359"  , "Laurent Magnaval"              , "Q1857064"  , "315"     , "RC Toulonnais"                                  , "2010"     , "2012"   , "21"           , "5"           , "WD; frWP; enWP"
"Q3219359"  , "Laurent Magnaval"              , "Q1782908"  , "310"     , "Stade Montois"                                  , "2012"     , "2013"   , "10"           , "0"           , "WD; frWP; enWP"
"Q3219359"  , "Laurent Magnaval"              , "Q118498"   , "10"      , "Racing 92"                                      , "2013"     , "2015"   , "13"           , "0"           , "WD; frWP; enWP"
"Q3219359"  , "Laurent Magnaval"              , "Q855496"   , "152"     , "Biarritz Olympique"                             , "2015"     , "2017"   , "30"           , "5"           , "WD; frWP; enWP"
"Q3219359"  , "Laurent Magnaval"              , "Q1473503"  , "268"     , "SC Albi"                                        , "2017"     , "2020"   , "60"           , "75"          , "frWP; enWP"
"Q3219359"  , "Laurent Magnaval"              , "Q3550596"  , "721"     , "Union sportive seynoise"                        , "2020"     , NA       , NA             , NA            , "frWP"
"Q3229737"  , "Leonardo Senatore"             , NA          , "6910"    , "Argentina national under-19 rugby union team"   , "2003"     , "2003"   , "3"            , "5"           , "enWP"
"Q3229737"  , "Leonardo Senatore"             , "Q5136257"  , "1111"    , "Club Gimnasia y Esgrima de Rosario"             , "2003"     , "2009"   , NA             , NA            , "esWP; enWP"
"Q3229737"  , "Leonardo Senatore"             , "Q5136257"  , "1111"    , "Club Gimnasia y Esgrima de Rosario"             , "2003"     , "2010"   , NA             , NA            , "jaWP; itWP"
"Q3229737"  , "Leonardo Senatore"             , "Q3873496"  , "823"     , "Argentina A national rugby union team"          , "2008"     , "2012"   , "17"           , "30"          , "WD; enWP; enWP"
"Q3229737"  , "Leonardo Senatore"             , "Q646070"   , "101"     , "Argentina national rugby union team"            , "2008"     , "2018"   , "50"           , "20"          , "WD; jaWP; frWP; itWP; enWP"
"Q3229737"  , "Leonardo Senatore"             , "Q2060356"  , "331"     , "Pampas XV"                                      , "2010"     , "2011"   , "23"           , "20"          , "WD; enWP; frWP; esWP; itWP"
"Q3229737"  , "Leonardo Senatore"             , "Q1857064"  , "315"     , "RC Toulonnais"                                  , "2011"     , "2012"   , "8"            , "10"          , "enWP; WD; frWP; itWP; esWP"
"Q3229737"  , "Leonardo Senatore"             , "Q2060356"  , "331"     , "Pampas XV"                                      , "2012"     , "2013"   , "8"            , "10"          , "enWP; WD; frWP; esWP"
"Q3229737"  , "Leonardo Senatore"             , "Q5136257"  , "1111"    , "Club Gimnasia y Esgrima de Rosario"             , "2013"     , "2013"   , NA             , NA            , "enWP"
"Q3229737"  , "Leonardo Senatore"             , "Q2094512"  , "332"     , "Worcester Warriors"                             , "2013"     , "2015"   , "25"           , "5"           , "WD; frWP; itWP; esWP; enWP"
"Q3229737"  , "Leonardo Senatore"             , "Q5136257"  , "1111"    , "Club Gimnasia y Esgrima de Rosario"             , "2015"     , "2016"   , NA             , NA            , "enWP"
"Q3229737"  , "Leonardo Senatore"             , "Q19870761" , "2436"    , "Jaguares"                                       , "2016"     , "2018"   , "27"           , "30"          , "jaWP; frWP; itWP; esWP; enWP"
"Q3229737"  , "Leonardo Senatore"             , "Q5136257"  , "1111"    , "Club Gimnasia y Esgrima de Rosario"             , "2018"     , "2019"   , NA             , NA            , "itWP; esWP"
"Q3229737"  , "Leonardo Senatore"             , NA          , "7433"    , "Unión de Rugby de Rosario Team"                 , NA         , NA       , NA             , NA            , "itWP"
"Q3266151"  , "Ludovic Mercier"               , "Q3492488"  , "651"     , "Soyaux Angoulême XV Charente"                   , "1993"     , "1994"   , NA             , NA            , "itWP; enWP"
"Q3266151"  , "Ludovic Mercier"               , "Q28869487" , "2628"    , "Angouleme Sporting Club"                        , "1994"     , "1996"   , NA             , NA            , "frWP"
"Q3266151"  , "Ludovic Mercier"               , "Q1781643"  , "309"     , "AS Béziers Hérault"                             , "1996"     , "1998"   , NA             , NA            , "itWP; enWP; frWP; WD"
"Q3266151"  , "Ludovic Mercier"               , "Q753618"   , "125"     , "Stade Aurillacois Cantal Auvergne"              , "1998"     , "2001"   , NA             , NA            , "itWP; WD; frWP; enWP"
"Q3266151"  , "Ludovic Mercier"               , "Q745758"   , "122"     , "Gloucester Rugby"                               , "2001"     , "2003"   , "105"          , "1325"        , "WD; frWP; itWP; enWP"
"Q3266151"  , "Ludovic Mercier"               , "Q1387142"  , "255"     , "Football Club Grenoble Rugby"                   , "2003"     , "2004"   , "13"           , "200"         , "WD; frWP; itWP; enWP"
"Q3266151"  , "Ludovic Mercier"               , "Q15055309" , "2145"    , "Section Paloise"                                , "2004"     , "2005"   , "23"           , "279"         , "WD; frWP; itWP; enWP"
"Q3266151"  , "Ludovic Mercier"               , "Q745758"   , "122"     , "Gloucester Rugby"                               , "2005"     , "2007"   , "41"           , "423"         , "WD; frWP; itWP; enWP"
"Q3266151"  , "Ludovic Mercier"               , "Q2637322"  , "380"     , "Petrarca Rugby"                                 , "2007"     , "2010"   , "77"           , "789"         , "WD; frWP; itWP; enWP"
"Q3266151"  , "Ludovic Mercier"               , "Q145281"   , "11"      , "Aironi"                                         , "2010"     , "2011"   , "9"            , "56"          , "enWP; WD; frWP; itWP"
"Q3266151"  , "Ludovic Mercier"               , "Q2637322"  , "380"     , "Petrarca Rugby"                                 , "2010"     , "2011"   , "12"           , "118"         , "enWP; itWP"
"Q3266151"  , "Ludovic Mercier"               , "Q2980067"  , "468"     , "CA Saint-Étienne Loire Sud Rugby"               , "2011"     , "2013"   , "31"           , "265"         , "WD; frWP; itWP; enWP"
"Q3266151"  , "Ludovic Mercier"               , "Q3452847"  , "621"     , "RC Hyères Carqueiranne La Crau"                 , "2013"     , "2014"   , NA             , NA            , "frWP; itWP"
"Q3288818"  , "Marcel Communeau"              , "Q1361000"  , "252"     , "Stade Français Rugby"                           , "1904"     , "1915"   , NA             , NA            , "esWP"
"Q3288818"  , "Marcel Communeau"              , "Q518116"   , "58"      , "France national rugby union team"               , "1906"     , "1913"   , "21"           , "9"           , "WD; frWP; enWP"
"Q3288818"  , "Marcel Communeau"              , NA          , "7403"    , "VC Beauvais"                                    , "1912"     , "1913"   , NA             , NA            , "frWP"
"Q3288818"  , "Marcel Communeau"              , "Q1361000"  , "252"     , "Stade Français Rugby"                           , "1913"     , NA       , NA             , NA            , "frWP; WD; frWP"
"Q3290125"  , "Marco Neethling"               , "Q1132148"  , "218"     , "GranDucato Parma"                               , "2003"     , "2005"   , NA             , NA            , "frWP; itWP"
"Q3290125"  , "Marco Neethling"               , "Q2530925"  , "368"     , "Rugby Parma FC"                                 , "2005"     , "2006"   , NA             , NA            , "WD; frWP; itWP"
"Q3290125"  , "Marco Neethling"               , NA          , "7129"    , "Italy national under-21 rugby union team"       , "2006"     , "2006"   , NA             , NA            , "frWP"
"Q3290125"  , "Marco Neethling"               , "Q2530925"  , "368"     , "Rugby Parma FC"                                 , "2006"     , "2008"   , "19"           , "15"          , "frWP; itWP"
"Q3290125"  , "Marco Neethling"               , "Q521129"   , "59"      , "Benetton Rugby Treviso"                         , "2008"     , "2010"   , "10"           , "10"          , "WD; frWP; itWP"
"Q3290125"  , "Marco Neethling"               , "Q2637322"  , "380"     , "Petrarca Rugby"                                 , "2010"     , "2012"   , "30"           , "0"           , "frWP; itWP"
"Q3290125"  , "Marco Neethling"               , "Q3649017"  , "805"     , "Verona Rugby"                                   , "2012"     , "2017"   , NA             , NA            , "frWP; itWP"
"Q3293807"  , "Marius Goosen"                 , "Q1170721"  , "235"     , "Boland Cavaliers"                               , "1996"     , "1998"   , NA             , NA            , "WD; frWP"
"Q3293807"  , "Marius Goosen"                 , "Q885646"   , "156"     , "Bulls"                                          , "1997"     , "2001"   , "53"           , "0"           , "WD; itWP; frWP"
"Q3293807"  , "Marius Goosen"                 , "Q1170708"  , "233"     , "Pumas"                                          , "2001"     , "2004"   , NA             , NA            , "WD; frWP"
"Q3293807"  , "Marius Goosen"                 , "Q794910"   , "135"     , "Stormers"                                       , "2002"     , "2002"   , "27"           , "27"          , "WD; frWP; itWP"
"Q3293807"  , "Marius Goosen"                 , "Q2035617"  , "329"     , "Rugby Viadana"                                  , "2002"     , "2003"   , NA             , NA            , "itWP"
"Q3293807"  , "Marius Goosen"                 , "Q969462"   , "191"     , "Rugby Roma"                                     , "2003"     , "2004"   , "15"           , NA            , "itWP"
"Q3293807"  , "Marius Goosen"                 , "Q521129"   , "59"      , "Benetton Rugby Treviso"                         , "2004"     , "2005"   , "136"          , NA            , "WD; frWP; itWP"
"Q3293807"  , "Marius Goosen"                 , "Q1170726"  , "236"     , "Falcons"                                        , "2005"     , "2005"   , "5"            , "5"           , "WD; frWP; itWP"
"Q3293807"  , "Marius Goosen"                 , "Q521129"   , "59"      , "Benetton Rugby Treviso"                         , "2005"     , "2010"   , NA             , NA            , "WD; frWP"
"Q3295430"  , "Martin Gady"                   , "Q15055309" , "2145"    , "Section Paloise"                                , "2002"     , "2003"   , NA             , NA            , "WD; frWP"
"Q3295430"  , "Martin Gady"                   , "Q1473503"  , "268"     , "SC Albi"                                        , "2003"     , "2005"   , NA             , NA            , "WD; frWP"
"Q3295430"  , "Martin Gady"                   , "Q1473503"  , "268"     , "SC Albi"                                        , "2005"     , "2011"   , "82"           , "20"          , "frWP"
"Q3295430"  , "Martin Gady"                   , "Q3550526"  , "718"     , "US Carcassonne"                                 , "2011"     , "2013"   , "11"           , "0"           , "frWP"
"Q3295430"  , "Martin Gady"                   , "Q2980066"  , "467"     , "Club athlétique ribéracois rugby"               , "2013"     , "2015"   , NA             , NA            , "frWP"
"Q3299685"  , "Matthew Carraro"               , "Q605245"   , "80"      , "ACT Brumbies"                                   , "2003"     , "2007"   , "4"            , "0"           , "frWP; WD; enWP"
"Q3299685"  , "Matthew Carraro"               , "Q425906"   , "42"      , "Canberra Vikings"                               , "2007"     , "2008"   , "5"            , "32"          , "enWP; WD; frWP"
"Q3299685"  , "Matthew Carraro"               , "Q4823557"  , "931"     , "Australia A national rugby union team"          , "2008"     , "2008"   , "4"            , "13"          , "frWP; enWP"
"Q3299685"  , "Matthew Carraro"               , "Q534417"   , "61"      , "New South Wales Waratahs"                       , "2008"     , "2009"   , "8"            , "0"           , "WD; frWP; enWP"
"Q3299685"  , "Matthew Carraro"               , "Q810786"   , "138"     , "Bath Rugby"                                     , "2009"     , "2012"   , "67"           , "80"          , "WD; frWP; enWP"
"Q3299685"  , "Matthew Carraro"               , "Q596985"   , "76"      , "Montpellier Hérault Rugby"                      , "2012"     , "2013"   , "12"           , "5"           , "WD; frWP; enWP"
"Q3299685"  , "Matthew Carraro"               , "Q534417"   , "61"      , "New South Wales Waratahs"                       , "2013"     , "2016"   , "30"           , "30"          , "WD; frWP"
"Q3299685"  , "Matthew Carraro"               , "Q16912004" , "2210"    , "New South Wales Country Eagles"                 , "2014"     , "2014"   , "3"            , "5"           , "enWP"
"Q3299685"  , "Matthew Carraro"               , "Q3418861"  , "606"     , "Randwick DRUFC"                                 , "2014"     , "2014"   , "3"            , "0"           , "frWP"
"Q3299685"  , "Matthew Carraro"               , "Q534417"   , "61"      , "New South Wales Waratahs"                       , "2014"     , "2016"   , "42"           , "35"          , "enWP"
"Q3299685"  , "Matthew Carraro"               , "Q16912004" , "2210"    , "New South Wales Country Eagles"                 , "2015"     , "2015"   , "3"            , "5"           , "frWP"
"Q3299685"  , "Matthew Carraro"               , "Q1857064"  , "315"     , "RC Toulonnais"                                  , "2016"     , "2017"   , "8"            , "5"           , "frWP; enWP"
"Q3302040"  , "Max Brito"                     , "Q107094470", "2930"    , "Biscarrosse olympique rugby"                    , "1988"     , "1995"   , NA             , NA            , "WD; itWP"
"Q3302040"  , "Max Brito"                     , "Q107094470", "2930"    , "Biscarrosse olympique rugby"                    , "1990"     , "1995"   , NA             , NA            , "esWP"
"Q3302040"  , "Max Brito"                     , "Q1675853"  , "305"     , "Ivory Coast national rugby union team"          , "1995"     , "1995"   , "3"            , "0"           , "WD; frWP; itWP; enWP"
"Q3308051"  , "Michael Bradley"               , "Q2997389"  , "480"     , "Cork Constitution"                              , "1980"     , "1995"   , NA             , NA            , "frWP; itWP; enWP"
"Q3308051"  , "Michael Bradley"               , "Q1140373"  , "225"     , "Munster Rugby"                                  , "1980"     , "1995"   , "40"           , "56"          , "WD; frWP; itWP; enWP"
"Q3308051"  , "Michael Bradley"               , "Q1140373"  , "225"     , "Munster Rugby"                                  , "1982"     , "1995"   , NA             , NA            , "esWP"
"Q3308051"  , "Michael Bradley"               , "Q599903"   , "77"      , "Ireland national rugby union team"              , "1984"     , "1995"   , "40"           , "21"          , "WD; frWP; itWP; enWP"
"Q3308051"  , "Michael Bradley"               , "Q1126167"  , "213"     , "Connacht Rugby"                                 , NA         , NA       , NA             , NA            , "WD"
"Q3311779"  , "Mickaël Forest"                , "Q3550494"  , "709"     , "Union sportive Montmélian rugby"                , "1982"     , "1996"   , NA             , NA            , "frWP"
"Q3311779"  , "Mickaël Forest"                , "Q516893"   , "56"      , "Football Club Sportif Rumilly"                  , "1996"     , "1999"   , NA             , NA            , "frWP"
"Q3311779"  , "Mickaël Forest"                , "Q1022912"  , "197"     , "CA Brive"                                       , "1999"     , "2001"   , "17"           , "10"          , "WD; frWP; enWP"
"Q3311779"  , "Mickaël Forest"                , "Q1024459"  , "199"     , "CS Bourgoin-Jallieu"                            , "2001"     , "2011"   , "236"          , "117"         , "enWP; WD; frWP"
"Q3311779"  , "Mickaël Forest"                , "Q518116"   , "58"      , "France national rugby union team"               , "2007"     , "2007"   , "2"            , "0"           , "WD; frWP; enWP"
"Q3311779"  , "Mickaël Forest"                , "Q3550494"  , "709"     , "Union sportive Montmélian rugby"                , "2011"     , "2012"   , "12"           , NA            , "WD; frWP"
"Q3311779"  , "Mickaël Forest"                , "Q4075"     , "1"       , "Lyon OU"                                        , "2012"     , "2012"   , "5"            , "5"           , "WD; frWP"
"Q3311779"  , "Mickaël Forest"                , "Q3550494"  , "709"     , "Union sportive Montmélian rugby"                , "2012"     , "2013"   , NA             , "0"           , "frWP"
"Q3323185"  , "Monty Dumond"                  , "Q744636"   , "121"     , "Sharks"                                         , "2003"     , "2003"   , NA             , NA            , "WD; frWP; enWP"
"Q3323185"  , "Monty Dumond"                  , "Q1777760"  , "308"     , "Leopards"                                       , "2004"     , "2004"   , NA             , NA            , "frWP; enWP"
"Q3323185"  , "Monty Dumond"                  , "Q794910"   , "135"     , "Stormers"                                       , "2004"     , "2004"   , NA             , NA            , "frWP; enWP"
"Q3323185"  , "Monty Dumond"                  , "Q2530925"  , "368"     , "Rugby Parma FC"                                 , "2004"     , "2005"   , NA             , NA            , "frWP; enWP"
"Q3323185"  , "Monty Dumond"                  , "Q753618"   , "125"     , "Stade Aurillacois Cantal Auvergne"              , "2005"     , "2006"   , "25"           , "276"         , "frWP; enWP"
"Q3323185"  , "Monty Dumond"                  , "Q118498"   , "10"      , "Racing 92"                                      , "2006"     , "2007"   , "22"           , "147"         , "frWP; enWP"
"Q3323185"  , "Monty Dumond"                  , "Q744636"   , "121"     , "Sharks"                                         , "2007"     , "2010"   , "55"           , "299"         , "frWP; enWP"
"Q3323185"  , "Monty Dumond"                  , "Q636019"   , "92"      , "Oyonnax Rugby"                                  , "2008"     , "2009"   , "6"            , "17"          , "frWP; enWP"
"Q3323185"  , "Monty Dumond"                  , "Q744636"   , "121"     , "Sharks"                                         , "2009"     , "2010"   , "9"            , "0"           , "frWP; enWP"
"Q3323185"  , "Monty Dumond"                  , "Q3046571"  , "495"     , "Eastern Province Kings"                         , "2010"     , "2012"   , "13"           , "118"         , "frWP; enWP"
"Q3323185"  , "Monty Dumond"                  , "Q1170716"  , "234"     , "Griquas"                                        , "2011"     , "2011"   , "8"            , "33"          , "frWP; enWP"
"Q3323185"  , "Monty Dumond"                  , NA          , "6208"    , "Despatch"                                       , "2012"     , "2014"   , "13"           , "135"         , "frWP; enWP"
"Q3323185"  , "Monty Dumond"                  , "Q1170721"  , "235"     , "Boland Cavaliers"                               , "2014"     , "2014"   , NA             , NA            , "frWP; enWP"
"Q3323185"  , "Monty Dumond"                  , "Q17054465" , "2338"    , "Hamilton RFC Sea Point"                         , "2015"     , "2019"   , "6"            , "73"          , "frWP; enWP"
"Q3323185"  , "Monty Dumond"                  , "Q1170721"  , "235"     , "Boland Cavaliers"                               , "2019"     , NA       , "2"            , "6"           , "frWP; enWP"
"Q3343800"  , "Norman Ligairi"                , "Q1134669"  , "222"     , "Fiji national rugby union team"                 , "2000"     , "2010"   , "47"           , "80"          , "WD; frWP; enWP"
"Q3343800"  , "Norman Ligairi"                , "Q1149835"  , "230"     , "Harlequin F.C."                                 , "2001"     , "2002"   , NA             , NA            , "enWP"
"Q3343800"  , "Norman Ligairi"                , "Q104856112", "2912"    , "Southland RFU Team"                             , "2002"     , "2002"   , "7"            , "0"           , "enWP"
"Q3343800"  , "Norman Ligairi"                , "Q1149835"  , "230"     , "Harlequin F.C."                                 , "2002"     , "2003"   , NA             , NA            , "WD; frWP"
"Q3343800"  , "Norman Ligairi"                , "Q11314285" , "2046"    , "Sayama Secom Rugguts"                           , "2003"     , "2006"   , NA             , NA            , "frWP; enWP"
"Q3343800"  , "Norman Ligairi"                , "Q247246"   , "17"      , "Pacific Islanders rugby union team"             , "2004"     , "2006"   , "5"            , "0"           , "WD; frWP; enWP"
"Q3343800"  , "Norman Ligairi"                , "Q1022912"  , "197"     , "CA Brive"                                       , "2006"     , "2009"   , "46"           , "85"          , "WD; frWP; enWP"
"Q3343800"  , "Norman Ligairi"                , "Q756594"   , "126"     , "Stade Rochelais"                                , "2009"     , "2011"   , "47"           , "65"          , "WD; frWP; enWP"
"Q3343800"  , "Norman Ligairi"                , NA          , "4446"    , "Nadroga Stallions"                              , NA         , NA       , NA             , NA            , "enWP"
"Q3358954"  , "Ovidiu Tonița"                 , "Q18539437" , "2409"    , "RC Bârlad"                                      , "1997"     , "2000"   , NA             , NA            , "frWP"
"Q3358954"  , "Ovidiu Tonița"                 , "Q1387142"  , "255"     , "Football Club Grenoble Rugby"                   , "2000"     , "2002"   , NA             , NA            , "enWP; frWP"
"Q3358954"  , "Ovidiu Tonița"                 , "Q967505"   , "190"     , "Romania national rugby union team"              , "2000"     , "2016"   , "73"           , "75"          , "WD; jaWP; frWP; enWP"
"Q3358954"  , "Ovidiu Tonița"                 , "Q1387142"  , "255"     , "Football Club Grenoble Rugby"                   , "2001"     , "2002"   , NA             , NA            , "WD; esWP"
"Q3358954"  , "Ovidiu Tonița"                 , "Q855496"   , "152"     , "Biarritz Olympique"                             , "2002"     , "2004"   , "36"           , "35"          , "WD; frWP; esWP; enWP"
"Q3358954"  , "Ovidiu Tonița"                 , "Q1471265"  , "266"     , "USA Perpignan"                                  , "2004"     , "2012"   , "160"          , "75"          , "WD; frWP; esWP; enWP"
"Q3358954"  , "Ovidiu Tonița"                 , "Q3550526"  , "718"     , "US Carcassonne"                                 , "2012"     , "2014"   , "22"           , "5"           , "WD; frWP; esWP; enWP"
"Q3358954"  , "Ovidiu Tonița"                 , "Q951242"   , "181"     , "Provence Rugby"                                 , "2014"     , "2015"   , "10"           , "0"           , "WD; frWP; esWP; enWP"
"Q3358954"  , "Ovidiu Tonița"                 , "Q3550526"  , "718"     , "US Carcassonne"                                 , "2015"     , "2016"   , "9"            , "0"           , "frWP; esWP; enWP"
"Q3358954"  , "Ovidiu Tonița"                 , NA          , "4470"    , "Salanque Côte Radieuse"                         , "2016"     , "2018"   , NA             , NA            , "jaWP; frWP; esWP; enWP"
"Q3358954"  , "Ovidiu Tonița"                 , "Q18125464" , "2388"    , "CSM București"                                  , "2019"     , "2019"   , "3"            , "5"           , "jaWP; frWP; esWP; enWP"
"Q3358954"  , "Ovidiu Tonița"                 , NA          , "5042"    , "F Laique Ht Vernet Perpignan"                   , "2019"     , "2019"   , NA             , NA            , "frWP; esWP"
"Q3376694"  , "Peter Kimlin"                  , "Q7989652"  , "1974"    , "Wests Lions"                                    , "2003"     , NA       , NA             , NA            , "frWP"
"Q3376694"  , "Peter Kimlin"                  , "Q19870888" , "2437"    , "Australia national under-19 rugby union team"   , "2004"     , "2004"   , NA             , NA            , "WD; enWP"
"Q3376694"  , "Peter Kimlin"                  , "Q425906"   , "42"      , "Canberra Vikings"                               , "2007"     , "2007"   , "8"            , "10"          , "WD; frWP; enWP"
"Q3376694"  , "Peter Kimlin"                  , "Q605245"   , "80"      , "ACT Brumbies"                                   , "2007"     , "2013"   , "77"           , "30"          , "WD; frWP; enWP"
"Q3376694"  , "Peter Kimlin"                  , "Q4823557"  , "931"     , "Australia A national rugby union team"          , "2008"     , "2008"   , NA             , NA            , "WD; enWP"
"Q3376694"  , "Peter Kimlin"                  , "Q622443"   , "86"      , "Australia national rugby union team"            , "2009"     , "2009"   , "2"            , "0"           , "WD; frWP; enWP"
"Q3376694"  , "Peter Kimlin"                  , "Q675305"   , "111"     , "Exeter Chiefs"                                  , "2010"     , "2011"   , "3"            , "0"           , "enWP; WD; frWP"
"Q3376694"  , "Peter Kimlin"                  , "Q605245"   , "80"      , "ACT Brumbies"                                   , "2011"     , "2013"   , "49"           , "25"          , "WD; frWP"
"Q3376694"  , "Peter Kimlin"                  , "Q1387142"  , "255"     , "Football Club Grenoble Rugby"                   , "2013"     , "2017"   , "69"           , "25"          , "WD; frWP; enWP"
"Q3376694"  , "Peter Kimlin"                  , "Q7830799"  , "1891"    , "Toyota Industries Shuttles Aichi"               , "2017"     , "2019"   , "15"           , "5"           , "jaWP; frWP; enWP"
"Q3376694"  , "Peter Kimlin"                  , NA          , "6953"    , "Swinburne University of Technology"             , NA         , NA       , NA             , NA            , "jaWP"
"Q3387016"  , "Pierre Som"                    , "Q15055309" , "2145"    , "Section Paloise"                                , "2001"     , "2006"   , "64"           , "0"           , "frWP"
"Q3387016"  , "Pierre Som"                    , "Q15055309" , "2145"    , "Section Paloise"                                , "2002"     , "2006"   , NA             , NA            , "WD"
"Q3387016"  , "Pierre Som"                    , "Q1422627"  , "263"     , "SU Agen Lot-et-Garonne"                         , "2006"     , "2008"   , "33"           , "0"           , "WD; frWP"
"Q3387016"  , "Pierre Som"                    , "Q855496"   , "152"     , "Biarritz Olympique"                             , "2008"     , "2009"   , "22"           , "0"           , "WD; frWP"
"Q3387016"  , "Pierre Som"                    , "Q756594"   , "126"     , "Stade Rochelais"                                , "2009"     , "2012"   , "56"           , "0"           , "WD; frWP"
"Q3387016"  , "Pierre Som"                    , "Q3496123"  , "669"     , "Stade hendayais rugby"                          , "2012"     , "2013"   , NA             , NA            , "frWP"
"Q3387296"  , "Pierre Vigouroux"              , "Q297901"   , "27"      , "ASM Clermont Auvergne"                          , "2004"     , "2008"   , "37"           , "5"           , "WD; enWP"
"Q3387296"  , "Pierre Vigouroux"              , "Q297901"   , "27"      , "ASM Clermont Auvergne"                          , "2005"     , "2008"   , "38"           , "5"           , "frWP"
"Q3387296"  , "Pierre Vigouroux"              , "Q1361000"  , "252"     , "Stade Français Rugby"                           , "2008"     , "2010"   , "34"           , "0"           , "WD; frWP; enWP"
"Q3387296"  , "Pierre Vigouroux"              , "Q4075"     , "1"       , "Lyon OU"                                        , "2010"     , "2012"   , "27"           , "0"           , "WD; frWP; enWP"
"Q3387296"  , "Pierre Vigouroux"              , "Q3494122"  , "657"     , "Sporting Club brivadois"                        , NA         , NA       , NA             , NA            , "frWP"
"Q3442754"  , "Ross Geldenhuys"               , "Q3046571"  , "495"     , "Eastern Province Kings"                         , "2002"     , "2002"   , NA             , NA            , "frWP; enWP"
"Q3442754"  , "Ross Geldenhuys"               , "Q794910"   , "135"     , "Stormers"                                       , "2003"     , "2003"   , NA             , NA            , "frWP; enWP"
"Q3442754"  , "Ross Geldenhuys"               , "Q651731"   , "103"     , "Border Bulldogs"                                , "2005"     , "2005"   , "3"            , "0"           , "frWP; enWP"
"Q3442754"  , "Ross Geldenhuys"               , "Q794910"   , "135"     , "Stormers"                                       , "2006"     , "2006"   , NA             , NA            , "frWP; enWP"
"Q3442754"  , "Ross Geldenhuys"               , "Q1170708"  , "233"     , "Pumas"                                          , "2007"     , "2007"   , "17"           , "10"          , "frWP; enWP"
"Q3442754"  , "Ross Geldenhuys"               , "Q1210146"  , "241"     , "Lions"                                          , "2008"     , "2011"   , "25"           , "5"           , "frWP; enWP"
"Q3442754"  , "Ross Geldenhuys"               , "Q885646"   , "156"     , "Bulls"                                          , "2009"     , "2009"   , NA             , NA            , "enWP"
"Q3442754"  , "Ross Geldenhuys"               , "Q1210146"  , "241"     , "Lions"                                          , "2009"     , "2011"   , "11"           , "0"           , "enWP"
"Q3442754"  , "Ross Geldenhuys"               , "Q1170721"  , "235"     , "Boland Cavaliers"                               , "2012"     , "2012"   , "5"            , "0"           , "frWP; enWP"
"Q3442754"  , "Ross Geldenhuys"               , "Q266149"   , "22"      , "Cheetahs"                                       , "2012"     , "2012"   , "8"            , "10"          , "frWP; enWP"
"Q3442754"  , "Ross Geldenhuys"               , "Q3116637"  , "531"     , "Griffons"                                       , "2012"     , "2012"   , "2"            , "0"           , "frWP; enWP"
"Q3442754"  , "Ross Geldenhuys"               , "Q7565434"  , "1809"    , "South African Barbarians"                       , "2012"     , "2012"   , "1"            , "0"           , "enWP"
"Q3442754"  , "Ross Geldenhuys"               , "Q3046571"  , "495"     , "Eastern Province Kings"                         , "2013"     , "2013"   , "19"           , "5"           , "frWP; enWP"
"Q3442754"  , "Ross Geldenhuys"               , "Q794910"   , "135"     , "Stormers"                                       , "2013"     , "2013"   , NA             , NA            , "frWP; enWP"
"Q3442754"  , "Ross Geldenhuys"               , "Q104856087", "2905"    , "Tasman Rugby Union Team"                        , "2014"     , "2016"   , "33"           , "10"          , "frWP; enWP"
"Q3442754"  , "Ross Geldenhuys"               , NA          , "6028"    , "Waitohi Rugby Club"                             , "2014"     , "2016"   , NA             , NA            , "enWP"
"Q3442754"  , "Ross Geldenhuys"               , "Q1210077"  , "240"     , "Highlanders"                                    , "2015"     , "2016"   , "20"           , "0"           , "frWP; enWP"
"Q3442754"  , "Ross Geldenhuys"               , "Q949807"   , "179"     , "Southern Kings"                                 , "2017"     , "2017"   , "13"           , "0"           , "frWP; enWP"
"Q3442754"  , "Ross Geldenhuys"               , "Q744636"   , "121"     , "Sharks"                                         , "2017"     , "2018"   , "21"           , "15"          , "frWP; enWP"
"Q3442754"  , "Ross Geldenhuys"               , NA          , "5733"    , "Papamoa Rugby Club"                             , "2018"     , "2018"   , NA             , NA            , "enWP"
"Q3442754"  , "Ross Geldenhuys"               , "Q4874226"  , "957"     , "Bay of Plenty Steamers"                         , "2018"     , "2020"   , "29"           , "5"           , "frWP; enWP"
"Q3442754"  , "Ross Geldenhuys"               , "Q639797"   , "99"      , "Hurricanes"                                     , "2019"     , "2019"   , "5"            , "0"           , "frWP"
"Q3442754"  , "Ross Geldenhuys"               , NA          , "5737"    , "Rangiuru Sports Club"                           , "2019"     , NA       , NA             , NA            , "enWP"
"Q3442754"  , "Ross Geldenhuys"               , "Q586617"   , "72"      , "Chiefs"                                         , "2020"     , "2020"   , "11"           , "0"           , "frWP"
"Q3442754"  , "Ross Geldenhuys"               , "Q1361000"  , "252"     , "Stade Français Rugby"                           , NA         , NA       , NA             , NA            , "WD"
"Q3461646"  , "Saimone Taumoepeau"            , "Q55801"    , "6"       , "New Zealand national rugby union team"          , "2004"     , "2005"   , "4"            , "5"           , "WD; frWP; itWP; enWP"
"Q3461646"  , "Saimone Taumoepeau"            , "Q4819588"  , "928"     , "Auckland RFU Team"                              , "2004"     , "2007"   , "45"           , "25"          , "frWP; itWP; enWP"
"Q3461646"  , "Saimone Taumoepeau"            , "Q1156303"  , "232"     , "Blues"                                          , "2005"     , "2007"   , "25"           , "5"           , "WD; frWP; itWP; enWP"
"Q3461646"  , "Saimone Taumoepeau"            , "Q1857064"  , "315"     , "RC Toulonnais"                                  , "2007"     , "2011"   , "101"          , "40"          , "WD; frWP; itWP; enWP"
"Q3461646"  , "Saimone Taumoepeau"            , "Q964957"   , "189"     , "Castres Olympique"                              , "2011"     , "2015"   , "96"           , "35"          , "WD; frWP; itWP; enWP"
"Q3461646"  , "Saimone Taumoepeau"            , "Q1022912"  , "197"     , "CA Brive"                                       , "2015"     , "2015"   , "2"            , "0"           , "frWP"
"Q3461646"  , "Saimone Taumoepeau"            , "Q964957"   , "189"     , "Castres Olympique"                              , "2015"     , "2016"   , "11"           , "0"           , "frWP"
"Q3461646"  , "Saimone Taumoepeau"            , "Q1022912"  , "197"     , "CA Brive"                                       , "2016"     , "2016"   , "2"            , "0"           , "enWP"
"Q3461646"  , "Saimone Taumoepeau"            , "Q2868158"  , "414"     , "Amicale sportive vauréenne"                     , "2016"     , "2019"   , "59"           , "15"          , "frWP; enWP"
"Q3461646"  , "Saimone Taumoepeau"            , "Q6765660"  , "1494"    , "Marist Brothers Old Boys RFC"                   , NA         , NA       , NA             , NA            , "enWP"
"Q3470567"  , "Sam Tuitupou"                  , "Q7016267"  , "1565"    , "New Zealand national under-21 rugby union team" , "2001"     , "2003"   , "12"           , "17"          , "enWP"
"Q3470567"  , "Sam Tuitupou"                  , "Q1156303"  , "232"     , "Blues"                                          , "2002"     , "2007"   , "38"           , "40"          , "WD; frWP; enWP"
"Q3470567"  , "Sam Tuitupou"                  , "Q4819588"  , "928"     , "Auckland RFU Team"                              , "2002"     , "2007"   , "51"           , "70"          , "frWP; enWP"
"Q3470567"  , "Sam Tuitupou"                  , "Q55801"    , "6"       , "New Zealand national rugby union team"          , "2004"     , "2006"   , "9"            , "5"           , "WD; frWP; enWP"
"Q3470567"  , "Sam Tuitupou"                  , "Q586617"   , "72"      , "Chiefs"                                         , "2005"     , "2006"   , "13"           , "20"          , "WD; frWP; enWP"
"Q3470567"  , "Sam Tuitupou"                  , "Q1156303"  , "232"     , "Blues"                                          , "2007"     , "2007"   , "10"           , "0"           , "frWP"
"Q3470567"  , "Sam Tuitupou"                  , "Q749756"   , "124"     , "New Zealand A national rugby union team"        , "2007"     , "2007"   , "3"            , "0"           , "enWP"
"Q3470567"  , "Sam Tuitupou"                  , "Q2094512"  , "332"     , "Worcester Warriors"                             , "2007"     , "2010"   , "54"           , "70"          , "WD; frWP; enWP"
"Q3470567"  , "Sam Tuitupou"                  , "Q1140373"  , "225"     , "Munster Rugby"                                  , "2010"     , "2011"   , "19"           , "10"          , "WD; frWP; enWP"
"Q3470567"  , "Sam Tuitupou"                  , "Q928517"   , "164"     , "Sale Sharks"                                    , "2011"     , "2017"   , "111"          , "60"          , "WD; frWP; enWP"
"Q3470567"  , "Sam Tuitupou"                  , "Q1138074"  , "223"     , "Coventry R.F.C."                                , "2017"     , "2019"   , "12"           , "15"          , "frWP; enWP"
"Q3476309"  , "Scott Spedding"                , "Q1210146"  , "241"     , "Lions"                                          , "2005"     , "2006"   , "1"            , "0"           , "WD; frWP"
"Q3476309"  , "Scott Spedding"                , "Q744636"   , "121"     , "Sharks"                                         , "2006"     , "2008"   , "11"           , "58"          , "WD; itWP; frWP; esWP; enWP; jaWP"
"Q3476309"  , "Scott Spedding"                , "Q3644047"  , "797"     , "South Africa national under-20 rugby union team", "2006"     , "2006"   , NA             , NA            , "WD"
"Q3476309"  , "Scott Spedding"                , NA          , "7304"    , "South Africa national under-21 rugby union team", "2006"     , "2006"   , "5"            , "17"          , "frWP; enWP"
"Q3476309"  , "Scott Spedding"                , "Q744636"   , "121"     , "Sharks"                                         , "2007"     , "2007"   , "1"            , "0"           , "itWP"
"Q3476309"  , "Scott Spedding"                , "Q1022912"  , "197"     , "CA Brive"                                       , "2008"     , "2012"   , "79"           , "61"          , "esWP; WD; frWP; itWP; enWP"
"Q3476309"  , "Scott Spedding"                , "Q630112"   , "88"      , "Aviron Bayonnais"                               , "2012"     , "2015"   , "78"           , "71"          , "esWP; WD; frWP; itWP; enWP"
"Q3476309"  , "Scott Spedding"                , "Q518116"   , "58"      , "France national rugby union team"               , "2014"     , "2019"   , "23"           , "26"          , "WD; jaWP; frWP; itWP; enWP"
"Q3476309"  , "Scott Spedding"                , "Q297901"   , "27"      , "ASM Clermont Auvergne"                          , "2015"     , "2018"   , "55"           , "59"          , "WD; frWP; itWP; esWP; enWP"
"Q3476309"  , "Scott Spedding"                , "Q964957"   , "189"     , "Castres Olympique"                              , "2018"     , "2019"   , "15"           , "18"          , "frWP; itWP; enWP"
"Q3499281"  , "Steven Sykes"                  , NA          , "7303"    , "South Africa national under-19 rugby union team", "2003"     , "2003"   , NA             , NA            , "enWP"
"Q3499281"  , "Steven Sykes"                  , "Q744636"   , "121"     , "Sharks"                                         , "2003"     , "2012"   , "179"          , "70"          , "WD; frWP; enWP"
"Q3499281"  , "Steven Sykes"                  , "Q3873494"  , "822"     , "Emerging Springboks"                            , "2009"     , "2009"   , "1"            , "0"           , "WD; enWP"
"Q3499281"  , "Steven Sykes"                  , "Q498478"   , "52"      , "South Africa national rugby union team"         , "2009"     , NA       , NA             , NA            , "frWP"
"Q3499281"  , "Steven Sykes"                  , "Q1473374"  , "267"     , "Leinster Rugby"                                 , "2011"     , "2012"   , "4"            , "0"           , "enWP; WD; frWP"
"Q3499281"  , "Steven Sykes"                  , "Q744636"   , "121"     , "Sharks"                                         , "2012"     , "2013"   , "8"            , "0"           , "enWP; frWP"
"Q3499281"  , "Steven Sykes"                  , "Q949807"   , "179"     , "Southern Kings"                                 , "2013"     , "2013"   , "15"           , "10"          , "WD; frWP; enWP"
"Q3499281"  , "Steven Sykes"                  , "Q3046571"  , "495"     , "Eastern Province Kings"                         , "2013"     , "2015"   , "20"           , "20"          , "enWP; frWP"
"Q3499281"  , "Steven Sykes"                  , "Q266149"   , "22"      , "Cheetahs"                                       , "2015"     , "2015"   , "14"           , "5"           , "frWP; enWP"
"Q3499281"  , "Steven Sykes"                  , "Q949807"   , "179"     , "Southern Kings"                                 , "2015"     , "2016"   , "13"           , "20"          , "frWP; enWP"
"Q3499281"  , "Steven Sykes"                  , "Q636019"   , "92"      , "Oyonnax Rugby"                                  , "2016"     , NA       , "48"           , "15"          , "frWP; enWP"
"Q3530696"  , "Tom Court"                     , "Q104856099", "2909"    , "Manawatu Rugby Union Team"                      , "2004"     , "2004"   , NA             , NA            , "enWP"
"Q3530696"  , "Tom Court"                     , "Q1368281"  , "253"     , "Queensland Reds"                                , "2004"     , "2004"   , NA             , NA            , "enWP"
"Q3530696"  , "Tom Court"                     , "Q3551359"  , "725"     , "University of Queensland Rugby Club"            , "2004"     , "2004"   , NA             , NA            , "enWP"
"Q3530696"  , "Tom Court"                     , "Q1368281"  , "253"     , "Queensland Reds"                                , "2004"     , "2006"   , "3"            , "0"           , "itWP; enWP"
"Q3530696"  , "Tom Court"                     , "Q2904530"  , "434"     , "Birmingham & Solihull R.F.C."                   , "2006"     , "2006"   , "9"            , "0"           , "WD; enWP"
"Q3530696"  , "Tom Court"                     , "Q1368281"  , "253"     , "Queensland Reds"                                , "2006"     , "2006"   , "3"            , "0"           , "WD; frWP"
"Q3530696"  , "Tom Court"                     , "Q6068556"  , "1368"    , "Ireland A national rugby union team"            , "2006"     , "2008"   , "7"            , "0"           , "WD; enWP"
"Q3530696"  , "Tom Court"                     , "Q1548720"  , "282"     , "Ulster Rugby"                                   , "2006"     , "2014"   , "154"          , "55"          , "WD; frWP; itWP; enWP"
"Q3530696"  , "Tom Court"                     , "Q599903"   , "77"      , "Ireland national rugby union team"              , "2009"     , "2013"   , "32"           , "5"           , "WD; frWP; itWP; enWP"
"Q3530696"  , "Tom Court"                     , "Q733600"   , "118"     , "British & Irish Lions"                          , "2013"     , "2013"   , NA             , NA            , "WD; frWP; enWP"
"Q3530696"  , "Tom Court"                     , "Q1193020"  , "238"     , "London Irish RFC"                               , "2014"     , "2017"   , "74"           , "10"          , "frWP; itWP; enWP"
"Q3530696"  , "Tom Court"                     , "Q6017638"  , "1361"    , "Independiente RC"                               , "2018"     , "2019"   , "12"           , "5"           , "enWP"
"Q3559759"  , "Vincent Moscato"               , "Q1225303"  , "242"     , "UA Gaillac"                                     , NA         , "1983"   , NA             , NA            , "frWP"
"Q3559759"  , "Vincent Moscato"               , "Q2756860"  , "393"     , "Sporting Club Graulhetois"                      , "1983"     , "1988"   , NA             , NA            , "enWP"
"Q3559759"  , "Vincent Moscato"               , "Q1473503"  , "268"     , "SC Albi"                                        , "1984"     , "1985"   , NA             , NA            , "WD; frWP"
"Q3559759"  , "Vincent Moscato"               , "Q2756860"  , "393"     , "Sporting Club Graulhetois"                      , "1985"     , "1988"   , NA             , NA            , "WD; frWP"
"Q3559759"  , "Vincent Moscato"               , "Q1022908"  , "196"     , "CA Bordeaux-Bègles Gironde"                     , "1988"     , "1993"   , NA             , NA            , "WD; frWP; enWP"
"Q3559759"  , "Vincent Moscato"               , "Q518116"   , "58"      , "France national rugby union team"               , "1991"     , "1992"   , "4"            , "0"           , "WD; frWP; enWP"
"Q3559759"  , "Vincent Moscato"               , "Q3495934"  , "666"     , "Stade Bordelais"                                , "1993"     , "1995"   , NA             , NA            , "WD; frWP; enWP"
"Q3559759"  , "Vincent Moscato"               , "Q1022912"  , "197"     , "CA Brive"                                       , "1995"     , "1996"   , NA             , NA            , "WD; frWP; enWP"
"Q3559759"  , "Vincent Moscato"               , "Q1361000"  , "252"     , "Stade Français Rugby"                           , "1996"     , "1999"   , NA             , NA            , "WD; frWP; enWP"
"Q3566842"  , "Wayne Julies"                  , "Q885646"   , "156"     , "Bulls"                                          , "1999"     , "1999"   , NA             , NA            , "frWP; itWP; esWP; enWP"
"Q3566842"  , "Wayne Julies"                  , "Q1170721"  , "235"     , "Boland Cavaliers"                               , "1999"     , "2002"   , NA             , NA            , "frWP; esWP; itWP; enWP"
"Q3566842"  , "Wayne Julies"                  , "Q498478"   , "52"      , "South Africa national rugby union team"         , "1999"     , "2007"   , "11"           , "10"          , "WD; frWP; itWP; esWP; enWP"
"Q3566842"  , "Wayne Julies"                  , "Q794910"   , "135"     , "Stormers"                                       , "2000"     , "2002"   , NA             , NA            , "frWP; itWP; esWP; enWP"
"Q3566842"  , "Wayne Julies"                  , "Q885646"   , "156"     , "Bulls"                                          , "2002"     , "2002"   , NA             , NA            , "frWP; itWP; enWP"
"Q3566842"  , "Wayne Julies"                  , "Q266149"   , "22"      , "Cheetahs"                                       , "2003"     , "2003"   , "5"            , "0"           , "frWP; itWP; enWP"
"Q3566842"  , "Wayne Julies"                  , "Q1210146"  , "241"     , "Lions"                                          , "2003"     , "2004"   , "2"            , "0"           , "esWP; frWP; enWP"
"Q3566842"  , "Wayne Julies"                  , "Q1170732"  , "237"     , "SWD Eagles"                                     , "2004"     , "2004"   , "8"            , "0"           , "frWP; itWP; enWP"
"Q3566842"  , "Wayne Julies"                  , "Q1210146"  , "241"     , "Lions"                                          , "2004"     , "2006"   , "36"           , "60"          , "frWP; itWP; enWP"
"Q3566842"  , "Wayne Julies"                  , "Q885646"   , "156"     , "Bulls"                                          , "2007"     , "2009"   , "19"           , "15"          , "frWP; itWP; esWP; enWP"
"Q3566842"  , "Wayne Julies"                  , "Q951242"   , "181"     , "Provence Rugby"                                 , "2009"     , "2011"   , "13"           , "0"           , "frWP; esWP; enWP; itWP"
"Q3568352"  , "Willem Stoltz"                 , "Q1210146"  , "241"     , "Lions"                                          , "1997"     , "1999"   , NA             , NA            , "frWP"
"Q3568352"  , "Willem Stoltz"                 , "Q1777760"  , "308"     , "Leopards"                                       , "1999"     , "2001"   , NA             , NA            , "frWP"
"Q3568352"  , "Willem Stoltz"                 , "Q1210146"  , "241"     , "Lions"                                          , "2002"     , "2003"   , "10"           , "0"           , "frWP"
"Q3568352"  , "Willem Stoltz"                 , "Q794910"   , "135"     , "Stormers"                                       , "2004"     , "2004"   , "8"            , "0"           , "frWP"
"Q3568352"  , "Willem Stoltz"                 , "Q1210146"  , "241"     , "Lions"                                          , "2006"     , "2006"   , "12"           , "0"           , "frWP"
"Q3568352"  , "Willem Stoltz"                 , "Q1422627"  , "263"     , "SU Agen Lot-et-Garonne"                         , "2006"     , "2008"   , "40"           , "5"           , "WD; frWP"
"Q3568352"  , "Willem Stoltz"                 , "Q1210146"  , "241"     , "Lions"                                          , "2008"     , "2008"   , "6"            , "0"           , "frWP"
"Q3568352"  , "Willem Stoltz"                 , "Q2637322"  , "380"     , "Petrarca Rugby"                                 , "2008"     , "2009"   , "19"           , "0"           , "frWP"
"Q3568352"  , "Willem Stoltz"                 , "Q1210146"  , "241"     , "Lions"                                          , "2009"     , "2010"   , "13"           , "5"           , "frWP"
"Q3568352"  , "Willem Stoltz"                 , "Q3046571"  , "495"     , "Eastern Province Kings"                         , "2010"     , "2010"   , NA             , NA            , "frWP"
"Q3568352"  , "Willem Stoltz"                 , "Q1210146"  , "241"     , "Lions"                                          , "2010"     , "2011"   , "8"            , "0"           , "frWP"
"Q3568352"  , "Willem Stoltz"                 , "Q1777760"  , "308"     , "Leopards"                                       , "2011"     , "2011"   , "2"            , "0"           , "frWP"
"Q3568362"  , "Willem de Waal"                , "Q1777760"  , "308"     , "Leopards"                                       , "2002"     , "2003"   , NA             , NA            , "frWP; enWP"
"Q3568362"  , "Willem de Waal"                , "Q885646"   , "156"     , "Bulls"                                          , "2004"     , "2004"   , "10"           , "31"          , "frWP; enWP"
"Q3568362"  , "Willem de Waal"                , "Q266149"   , "22"      , "Cheetahs"                                       , "2004"     , "2007"   , "40"           , "811"         , "frWP; enWP"
"Q3568362"  , "Willem de Waal"                , "Q1210146"  , "241"     , "Lions"                                          , "2005"     , "2005"   , "4"            , "0"           , "frWP; enWP"
"Q3568362"  , "Willem de Waal"                , "Q266149"   , "22"      , "Cheetahs"                                       , "2006"     , "2007"   , "15"           , "109"         , "frWP; enWP"
"Q3568362"  , "Willem de Waal"                , "Q1115439"  , "208"     , "RC Narbonne"                                    , "2007"     , "2008"   , "26"           , "196"         , "frWP; enWP"
"Q3568362"  , "Willem de Waal"                , "Q794910"   , "135"     , "Stormers"                                       , "2008"     , "2010"   , "46"           , "481"         , "frWP; enWP"
"Q3568362"  , "Willem de Waal"                , "Q521129"   , "59"      , "Benetton Rugby Treviso"                         , "2010"     , "2012"   , "23"           , "145"         , "WD; frWP; enWP"
"Q3571786"  , "Yannick N'Gog"                 , "Q46387"    , "5"       , "RC Massy"                                       , NA         , "2001"   , NA             , NA            , "frWP"
"Q3571786"  , "Yannick N'Gog"                 , "Q297901"   , "27"      , "ASM Clermont Auvergne"                          , "2001"     , "2003"   , "9"            , "35"          , "frWP"
"Q3571786"  , "Yannick N'Gog"                 , "Q4075"     , "1"       , "Lyon OU"                                        , "2003"     , "2006"   , "28"           , "20"          , "WD; frWP"
"Q3571786"  , "Yannick N'Gog"                 , "Q630112"   , "88"      , "Aviron Bayonnais"                               , "2006"     , "2007"   , "8"            , "5"           , "WD; frWP"
"Q3571786"  , "Yannick N'Gog"                 , "Q2756860"  , "393"     , "Sporting Club Graulhetois"                      , "2007"     , "2008"   , "9"            , "5"           , "frWP"
"Q3571786"  , "Yannick N'Gog"                 , "Q1422627"  , "263"     , "SU Agen Lot-et-Garonne"                         , "2008"     , "2008"   , "9"            , "0"           , "WD; frWP"
"Q3571786"  , "Yannick N'Gog"                 , "Q2756860"  , "393"     , "Sporting Club Graulhetois"                      , "2008"     , "2009"   , "14"           , "25"          , "frWP"
"Q3571786"  , "Yannick N'Gog"                 , "Q538747"   , "64"      , "Scarlets"                                       , "2009"     , "2009"   , "1"            , "0"           , "enWP; WD; frWP"
"Q3571786"  , "Yannick N'Gog"                 , "Q3550526"  , "718"     , "US Carcassonne"                                 , "2009"     , "2012"   , "47"           , "40"          , "WD; frWP"
"Q3571786"  , "Yannick N'Gog"                 , "Q2980279"  , "474"     , "Club sportif de Vienne rugby"                   , "2012"     , "2017"   , "32"           , "10"          , "frWP"
"Q3606940"  , "Agustín Canalda"               , "Q1449516"  , "265"     , "Club Newman"                                    , "1995"     , "2012"   , NA             , NA            , "frWP; itWP; esWP"
"Q3606940"  , "Agustín Canalda"               , "Q646070"   , "101"     , "Argentina national rugby union team"            , "1999"     , "2001"   , "6"            , "0"           , "WD; frWP; itWP; enWP"
"Q3606940"  , "Agustín Canalda"               , "Q1449516"  , "265"     , "Club Newman"                                    , "1999"     , "2001"   , NA             , NA            , "enWP"
"Q3606940"  , "Agustín Canalda"               , "Q646070"   , "101"     , "Argentina national rugby union team"            , "2001"     , NA       , "6"            , "0"           , "esWP"
"Q3641358"  , "Bob Wilkinson"                 , "Q639082"   , "98"      , "Bedford Blues"                                  , "1969"     , "1985"   , "311"          , "148"         , "enWP"
"Q3641358"  , "Bob Wilkinson"                 , "Q2934697"  , "454"     , "Cambridge University RUFC"                      , "1970"     , "1974"   , NA             , NA            , "itWP"
"Q3641358"  , "Bob Wilkinson"                 , "Q807749"   , "136"     , "Barbarian FC"                                   , "1972"     , "1984"   , "19"           , "12"          , "WD; enWP"
"Q3641358"  , "Bob Wilkinson"                 , "Q639082"   , "98"      , "Bedford Blues"                                  , "1974"     , NA       , NA             , NA            , "itWP"
"Q3641358"  , "Bob Wilkinson"                 , "Q378628"   , "39"      , "England national rugby union team"              , "1975"     , "1976"   , "6"            , "0"           , "itWP; enWP"
"Q3852828"  , "Mauro Gardin"                  , "Q2637322"  , "380"     , "Petrarca Rugby"                                 , "1978"     , "1988"   , NA             , NA            , "itWP"
"Q3852828"  , "Mauro Gardin"                  , "Q113135"   , "9"       , "Italy national rugby union team"                , "1981"     , "1988"   , "25"           , "4"           , "WD; itWP; enWP"
"Q3852828"  , "Mauro Gardin"                  , "Q2637322"  , "380"     , "Petrarca Rugby"                                 , "1981"     , "1988"   , NA             , NA            , "enWP"
"Q3857283"  , "Miguel Ruiz"                   , NA          , "5742"    , "Tauranga Sports Club"                           , "1990"     , "1992"   , NA             , NA            , "itWP; enWP"
"Q3857283"  , "Miguel Ruiz"                   , "Q7701448"  , "1879"    , "Teqüe Rugby Club"                               , "1992"     , "1999"   , NA             , NA            , "esWP; itWP; enWP"
"Q3857283"  , "Miguel Ruiz"                   , "Q646070"   , "101"     , "Argentina national rugby union team"            , "1997"     , "2002"   , "25"           , "10"          , "WD; itWP; esWP; enWP"
"Q3857283"  , "Miguel Ruiz"                   , "Q2530925"  , "368"     , "Rugby Parma FC"                                 , "1999"     , "1999"   , NA             , NA            , "itWP; esWP; enWP"
"Q3857283"  , "Miguel Ruiz"                   , "Q7701448"  , "1879"    , "Teqüe Rugby Club"                               , "1999"     , "2004"   , NA             , NA            , "itWP; enWP; esWP"
"Q3857283"  , "Miguel Ruiz"                   , "Q1024459"  , "199"     , "CS Bourgoin-Jallieu"                            , "2004"     , "2005"   , "8"            , "0"           , "itWP; esWP; enWP"
"Q3857283"  , "Miguel Ruiz"                   , "Q7701448"  , "1879"    , "Teqüe Rugby Club"                               , "2005"     , "2011"   , NA             , NA            , "esWP; itWP; enWP"
"Q4794874"  , "Arno Botha"                    , "Q8085937"  , "2002"    , "Limpopo Blue Bulls"                             , "2009"     , "2009"   , NA             , NA            , "frWP; enWP"
"Q4794874"  , "Arno Botha"                    , "Q885646"   , "156"     , "Bulls"                                          , "2010"     , "2012"   , NA             , NA            , "frWP; enWP"
"Q4794874"  , "Arno Botha"                    , "Q3644047"  , "797"     , "South Africa national under-20 rugby union team", "2011"     , "2011"   , "5"            , "35"          , "frWP; enWP"
"Q4794874"  , "Arno Botha"                    , NA          , "6190"    , "UP Tuks"                                        , "2011"     , "2011"   , "5"            , "10"          , "enWP"
"Q4794874"  , "Arno Botha"                    , "Q885646"   , "156"     , "Bulls"                                          , "2011"     , "2017"   , "81"           , "35"          , "frWP; enWP"
"Q4794874"  , "Arno Botha"                    , "Q498478"   , "52"      , "South Africa national rugby union team"         , "2012"     , "2013"   , "2"            , "0"           , "WD; enWP; frWP"
"Q4794874"  , "Arno Botha"                    , "Q3873494"  , "822"     , "Emerging Springboks"                            , "2016"     , "2016"   , "1"            , "0"           , "frWP; enWP"
"Q4794874"  , "Arno Botha"                    , "Q1193020"  , "238"     , "London Irish RFC"                               , "2018"     , "2018"   , "7"            , "5"           , "frWP; enWP"
"Q4794874"  , "Arno Botha"                    , "Q1140373"  , "225"     , "Munster Rugby"                                  , "2018"     , "2020"   , "43"           , "40"          , "frWP; enWP"
"Q4794874"  , "Arno Botha"                    , "Q885646"   , "156"     , "Bulls"                                          , "2020"     , "2022"   , "26"           , "30"          , "frWP; enWP"
"Q4794874"  , "Arno Botha"                    , "Q4075"     , "1"       , "Lyon OU"                                        , "2022"     , NA       , "58"           , "65"          , "frWP; enWP"
"Q4941870"  , "Bongi Mbonambi"                , "Q3116637"  , "531"     , "Griffons"                                       , "2007"     , "2007"   , NA             , NA            , "frWP; itWP; enWP"
"Q4941870"  , "Bongi Mbonambi"                , "Q885646"   , "156"     , "Bulls"                                          , "2007"     , "2012"   , NA             , NA            , "itWP; frWP; enWP"
"Q4941870"  , "Bongi Mbonambi"                , "Q18379627" , "2403"    , "South Africa national under-18 rugby union team", "2009"     , "2009"   , NA             , NA            , "enWP"
"Q4941870"  , "Bongi Mbonambi"                , "Q3644047"  , "797"     , "South Africa national under-20 rugby union team", "2011"     , "2011"   , "5"            , "0"           , "jaWP; frWP; enWP"
"Q4941870"  , "Bongi Mbonambi"                , NA          , "6195"    , "TUT Vikings"                                    , "2011"     , "2011"   , "3"            , "0"           , "enWP"
"Q4941870"  , "Bongi Mbonambi"                , "Q885646"   , "156"     , "Bulls"                                          , "2012"     , "2014"   , "30"           , "5"           , "WD; jaWP; frWP; itWP; esWP; enWP"
"Q4941870"  , "Bongi Mbonambi"                , NA          , "6190"    , "UP Tuks"                                        , "2013"     , "2014"   , "8"            , "5"           , "enWP"
"Q4941870"  , "Bongi Mbonambi"                , "Q794910"   , "135"     , "Stormers"                                       , "2015"     , "2021"   , "73"           , "30"          , "WD; jaWP; frWP; itWP; esWP; enWP"
"Q4941870"  , "Bongi Mbonambi"                , "Q3873494"  , "822"     , "Emerging Springboks"                            , "2016"     , "2016"   , "1"            , "0"           , "enWP"
"Q4941870"  , "Bongi Mbonambi"                , "Q498478"   , "52"      , "South Africa national rugby union team"         , "2016"     , NA       , "80"           , "70"          , "WD; jaWP; frWP; itWP; esWP; enWP"
"Q4941870"  , "Bongi Mbonambi"                , "Q744636"   , "121"     , "Sharks"                                         , "2021"     , NA       , "40"           , "95"          , "frWP; itWP; esWP; enWP; jaWP"
"Q4943434"  , "Boom Prinsloo"                 , "Q266149"   , "22"      , "Cheetahs"                                       , "2007"     , "2010"   , NA             , NA            , "enWP"
"Q4943434"  , "Boom Prinsloo"                 , NA          , "6188"    , "UFS Shimlas"                                    , "2010"     , "2010"   , "8"            , "35"          , "enWP"
"Q4943434"  , "Boom Prinsloo"                 , "Q266149"   , "22"      , "Cheetahs"                                       , "2010"     , "2017"   , "91"           , "125"         , "enWP"
"Q4943434"  , "Boom Prinsloo"                 , "Q885646"   , "156"     , "Bulls"                                          , "2017"     , "2018"   , "20"           , "40"          , "enWP"
"Q5017482"  , "Cai Griffiths"                 , "Q1521270"  , "276"     , "Neath RFC"                                      , "2002"     , "2003"   , "2"            , "0"           , "enWP"
"Q5017482"  , "Cai Griffiths"                 , "Q1518257"  , "273"     , "Ospreys"                                        , "2003"     , "2012"   , "115"          , "0"           , "WD; enWP"
"Q5017482"  , "Cai Griffiths"                 , "Q1193020"  , "238"     , "London Irish RFC"                               , "2012"     , "2013"   , "6"            , "0"           , "enWP"
"Q5017482"  , "Cai Griffiths"                 , "Q1518257"  , "273"     , "Ospreys"                                        , "2012"     , "2013"   , "8"            , "5"           , "enWP"
"Q5017482"  , "Cai Griffiths"                 , "Q1048688"  , "201"     , "London Welsh RFC"                               , "2013"     , "2014"   , "13"           , "0"           , "WD; enWP"
"Q5017482"  , "Cai Griffiths"                 , "Q1518257"  , "273"     , "Ospreys"                                        , "2014"     , NA       , NA             , NA            , "enWP"
"Q5106860"  , "Chris Henry"                   , "Q1548720"  , "282"     , "Ulster Rugby"                                   , "2006"     , "2018"   , "184"          , "55"          , "WD; frWP; esWP; enWP"
"Q5106860"  , "Chris Henry"                   , "Q1548720"  , "282"     , "Ulster Rugby"                                   , "2008"     , "2018"   , "131"          , "40"          , "itWP"
"Q5106860"  , "Chris Henry"                   , "Q6068556"  , "1368"    , "Ireland A national rugby union team"            , "2009"     , "2012"   , "10"           , "20"          , "WD; enWP"
"Q5106860"  , "Chris Henry"                   , "Q599903"   , "77"      , "Ireland national rugby union team"              , "2010"     , "2015"   , "24"           , "20"          , "WD; frWP; itWP; enWP"
"Q5119140"  , "Ciaran Hearn"                  , "Q17147441" , "2363"    , "The Rock"                                       , "2008"     , "2018"   , NA             , NA            , "jaWP; frWP"
"Q5119140"  , "Ciaran Hearn"                  , "Q774221"   , "128"     , "Canada national rugby union team"               , "2008"     , "2021"   , "133"          , "219"         , "WD; jaWP; enWP; frWP"
"Q5119140"  , "Ciaran Hearn"                  , "Q17147441" , "2363"    , "The Rock"                                       , "2012"     , NA       , NA             , NA            , "enWP"
"Q5119140"  , "Ciaran Hearn"                  , "Q1193020"  , "238"     , "London Irish RFC"                               , "2015"     , "2019"   , "35"           , "30"          , "WD; frWP; enWP"
"Q5119140"  , "Ciaran Hearn"                  , "Q60775551" , "2736"    , "Old Glory DC"                                   , "2020"     , "2021"   , "14"           , "5"           , "jaWP; frWP; enWP"
"Q5119140"  , "Ciaran Hearn"                  , NA          , "7925"    , "Baymen Rugby Club"                              , NA         , NA       , NA             , NA            , "enWP"
"Q5119140"  , "Ciaran Hearn"                  , "Q2941339"  , "457"     , "Castaway Wanderers"                             , NA         , NA       , NA             , NA            , "enWP"
"Q5212361"  , "Damian de Allende"             , "Q794910"   , "135"     , "Stormers"                                       , "2010"     , "2019"   , "118"          , "105"         , "jaWP; esWP; frWP; itWP; enWP"
"Q5212361"  , "Damian de Allende"             , "Q5995899"  , "1358"    , "Ikey Tigers"                                    , "2012"     , "2012"   , "6"            , "5"           , "jaWP; enWP"
"Q5212361"  , "Damian de Allende"             , "Q5362952"  , "1215"    , "Hanazono Kintetsu Liners"                       , "2015"     , "2016"   , "4"            , "5"           , "jaWP; frWP; itWP; esWP; enWP"
"Q5212361"  , "Damian de Allende"             , "Q498478"   , "52"      , "South Africa national rugby union team"         , "2014"     , "2025"   , "95"           , "55"          , "WD; jaWP; frWP; itWP; enWP"
"Q5212361"  , "Damian de Allende"             , "Q794910"   , "135"     , "Stormers"                                       , "2016"     , "2019"   , "3"            , "0"           , "esWP; itWP"
"Q5212361"  , "Damian de Allende"             , "Q3361904"  , "579"     , "Saiatama Panasonic Wild Knights"                , "2019"     , "2020"   , "26"           , "40"          , "esWP; jaWP; frWP; itWP; enWP"
"Q5212361"  , "Damian de Allende"             , "Q1140373"  , "225"     , "Munster Rugby"                                  , "2020"     , "2022"   , "37"           , "25"          , "jaWP; frWP; itWP; esWP; enWP"
"Q5212361"  , "Damian de Allende"             , "Q3873494"  , "822"     , "Emerging Springboks"                            , "2021"     , NA       , "2"            , "0"           , "frWP; enWP"
"Q5212361"  , "Damian de Allende"             , "Q3361904"  , "579"     , "Saiatama Panasonic Wild Knights"                , "2022"     , NA       , "27"           , "39"          , "jaWP; frWP; itWP; esWP; enWP"
"Q5217402"  , "Daniel Halangahu"              , "Q534417"   , "61"      , "New South Wales Waratahs"                       , "2005"     , "2012"   , "74"           , "214"         , "WD; frWP; enWP"
"Q5217402"  , "Daniel Halangahu"              , "Q3506818"  , "689"     , "Sydney Stars"                                   , "2007"     , "2008"   , "7"            , "42"          , "enWP; frWP"
"Q5217402"  , "Daniel Halangahu"              , "Q4823557"  , "931"     , "Australia A national rugby union team"          , "2007"     , "2008"   , "4"            , "23"          , "frWP"
"Q5217402"  , "Daniel Halangahu"              , "Q534417"   , "61"      , "New South Wales Waratahs"                       , "2008"     , "2012"   , "61"           , "199"         , "frWP"
"Q5217402"  , "Daniel Halangahu"              , "Q950674"   , "180"     , "Zebre"                                          , "2012"     , "2013"   , "19"           , "109"         , "WD; frWP; enWP"
"Q5217402"  , "Daniel Halangahu"              , "Q1115439"  , "208"     , "RC Narbonne"                                    , "2013"     , "2016"   , "54"           , "331"         , "enWP; WD; frWP"
"Q5217402"  , "Daniel Halangahu"              , "Q104855944", "2904"    , "North Harbour Rugby Union Team"                 , "2014"     , "2016"   , "17"           , "91"          , "enWP; frWP"
"Q5336040"  , "Eddie Fredericks"              , NA          , "7304"    , "South Africa national under-21 rugby union team", "1997"     , "1997"   , "1"            , "0"           , "enWP"
"Q5336040"  , "Eddie Fredericks"              , "Q794910"   , "135"     , "Stormers"                                       , "1998"     , "1998"   , "4"            , "5"           , "enWP"
"Q5336040"  , "Eddie Fredericks"              , "Q1777760"  , "308"     , "Leopards"                                       , "1999"     , "1999"   , "17"           , "0"           , "enWP"
"Q5336040"  , "Eddie Fredericks"              , "Q3116637"  , "531"     , "Griffons"                                       , "2000"     , "2000"   , "10"           , "25"          , "enWP"
"Q5336040"  , "Eddie Fredericks"              , "Q266149"   , "22"      , "Cheetahs"                                       , "2001"     , "2009"   , "103"          , "238"         , "enWP"
"Q5336040"  , "Eddie Fredericks"              , "Q885646"   , "156"     , "Bulls"                                          , "2003"     , "2004"   , "20"           , "30"          , "enWP"
"Q5336040"  , "Eddie Fredericks"              , "Q3873494"  , "822"     , "Emerging Springboks"                            , "2003"     , "2004"   , "2"            , "5"           , "enWP"
"Q5336040"  , "Eddie Fredericks"              , "Q1210146"  , "241"     , "Lions"                                          , "2005"     , "2005"   , "3"            , "0"           , "enWP"
"Q5336040"  , "Eddie Fredericks"              , "Q266149"   , "22"      , "Cheetahs"                                       , "2006"     , "2008"   , "33"           , "35"          , "enWP"
"Q5336040"  , "Eddie Fredericks"              , "Q3116637"  , "531"     , "Griffons"                                       , "2009"     , "2011"   , "28"           , "75"          , "enWP"
"Q5336040"  , "Eddie Fredericks"              , "Q266149"   , "22"      , "Cheetahs"                                       , "2011"     , "2011"   , "11"           , "26"          , "enWP"
"Q5336040"  , "Eddie Fredericks"              , "Q266149"   , "22"      , "Cheetahs"                                       , "2013"     , "2013"   , "4"            , "5"           , "enWP"
"Q5337367"  , "Edgar Marutlulle"              , "Q1777760"  , "308"     , "Leopards"                                       , "2003"     , "2008"   , NA             , NA            , "enWP"
"Q5337367"  , "Edgar Marutlulle"              , "Q18379627" , "2403"    , "South Africa national under-18 rugby union team", "2004"     , "2005"   , NA             , NA            , "enWP"
"Q5337367"  , "Edgar Marutlulle"              , NA          , "7303"    , "South Africa national under-19 rugby union team", "2006"     , "2006"   , NA             , NA            , "enWP"
"Q5337367"  , "Edgar Marutlulle"              , "Q20981974" , "2475"    , "South African Universities rugby union team"    , "2007"     , "2009"   , "4"            , "0"           , "enWP"
"Q5337367"  , "Edgar Marutlulle"              , "Q125958274", "3194"    , "UJ Rugby"                                       , "2009"     , "2010"   , "14"           , "25"          , "enWP"
"Q5337367"  , "Edgar Marutlulle"              , "Q1210146"  , "241"     , "Lions"                                          , "2010"     , "2012"   , "32"           , "20"          , "enWP"
"Q5337367"  , "Edgar Marutlulle"              , "Q1777760"  , "308"     , "Leopards"                                       , "2012"     , "2013"   , "26"           , "50"          , "enWP"
"Q5337367"  , "Edgar Marutlulle"              , "Q949807"   , "179"     , "Southern Kings"                                 , "2013"     , "2013"   , "4"            , "0"           , "WD; enWP"
"Q5337367"  , "Edgar Marutlulle"              , "Q1777760"  , "308"     , "Leopards"                                       , "2013"     , "2014"   , "8"            , "0"           , "enWP"
"Q5337367"  , "Edgar Marutlulle"              , "Q3046571"  , "495"     , "Eastern Province Kings"                         , "2014"     , "2015"   , "23"           , "0"           , "enWP"
"Q5337367"  , "Edgar Marutlulle"              , "Q3873494"  , "822"     , "Emerging Springboks"                            , "2016"     , "2016"   , "1"            , "0"           , "enWP"
"Q5337367"  , "Edgar Marutlulle"              , "Q949807"   , "179"     , "Southern Kings"                                 , "2016"     , "2016"   , "13"           , "20"          , "enWP"
"Q5337367"  , "Edgar Marutlulle"              , "Q885646"   , "156"     , "Bulls"                                          , "2016"     , "2018"   , "24"           , "20"          , "enWP"
"Q5459680"  , "Flip van der Merwe"            , NA          , "7303"    , "South Africa national under-19 rugby union team", "2004"     , "2004"   , NA             , NA            , "frWP; enWP"
"Q5459680"  , "Flip van der Merwe"            , "Q266149"   , "22"      , "Cheetahs"                                       , "2004"     , "2009"   , "36"           , "10"          , "frWP; enWP"
"Q5459680"  , "Flip van der Merwe"            , "Q3116637"  , "531"     , "Griffons"                                       , "2007"     , "2007"   , "1"            , "0"           , "frWP; enWP"
"Q5459680"  , "Flip van der Merwe"            , "Q266149"   , "22"      , "Cheetahs"                                       , "2007"     , "2009"   , "6"            , "5"           , "frWP; enWP"
"Q5459680"  , "Flip van der Merwe"            , "Q885646"   , "156"     , "Bulls"                                          , "2010"     , "2015"   , "114"          , "30"          , "frWP; enWP"
"Q5459680"  , "Flip van der Merwe"            , "Q498478"   , "52"      , "South Africa national rugby union team"         , "2010"     , "2015"   , "37"           , "5"           , "WD; frWP; enWP"
"Q5459680"  , "Flip van der Merwe"            , "Q297901"   , "27"      , "ASM Clermont Auvergne"                          , "2015"     , "2019"   , "82"           , "20"          , "frWP; enWP"
"Q6120814"  , "Jacques Potgieter"             , "Q3046571"  , "495"     , "Eastern Province Kings"                         , "2004"     , "2004"   , NA             , NA            , "jaWP; frWP; enWP"
"Q6120814"  , "Jacques Potgieter"             , "Q744636"   , "121"     , "Sharks"                                         , "2005"     , "2009"   , "2"            , "0"           , "WD; itWP; frWP; enWP"
"Q6120814"  , "Jacques Potgieter"             , "Q3046571"  , "495"     , "Eastern Province Kings"                         , "2009"     , "2011"   , "36"           , "20"          , "itWP; frWP; enWP"
"Q6120814"  , "Jacques Potgieter"             , "Q949807"   , "179"     , "Southern Kings"                                 , "2011"     , "2011"   , "2"            , "5"           , "jaWP; frWP; enWP"
"Q6120814"  , "Jacques Potgieter"             , "Q885646"   , "156"     , "Bulls"                                          , "2011"     , "2013"   , "9"            , "10"          , "itWP; frWP; enWP"
"Q6120814"  , "Jacques Potgieter"             , "Q498478"   , "52"      , "South Africa national rugby union team"         , "2012"     , "2012"   , "3"            , "0"           , "WD; frWP; itWP; enWP"
"Q6120814"  , "Jacques Potgieter"             , "Q885646"   , "156"     , "Bulls"                                          , "2012"     , "2013"   , "23"           , "20"          , "jaWP; frWP; itWP; enWP"
"Q6120814"  , "Jacques Potgieter"             , "Q5330510"  , "1204"    , "Eastern Suburbs Rugby Union Football Club"      , "2014"     , "2014"   , NA             , NA            , "itWP"
"Q6120814"  , "Jacques Potgieter"             , "Q534417"   , "61"      , "New South Wales Waratahs"                       , "2014"     , "2015"   , "33"           , "15"          , "WD; frWP; itWP; enWP"
"Q6120814"  , "Jacques Potgieter"             , "Q5507699"  , "1250"    , "Munakata Sanix Blues"                           , "2014"     , "2018"   , "47"           , "20"          , "itWP; jaWP; frWP; enWP"
"Q6120814"  , "Jacques Potgieter"             , "Q807749"   , "136"     , "Barbarian FC"                                   , "2015"     , "2015"   , "1"            , "0"           , "enWP"
"Q6120814"  , "Jacques Potgieter"             , "Q744636"   , "121"     , "Sharks"                                         , "2016"     , "2016"   , NA             , NA            , "frWP; enWP; jaWP"
"Q6120814"  , "Jacques Potgieter"             , "Q885646"   , "156"     , "Bulls"                                          , "2016"     , "2017"   , "5"            , "5"           , "enWP; frWP; itWP"
"Q6120814"  , "Jacques Potgieter"             , "Q1857064"  , "315"     , "RC Toulonnais"                                  , "2018"     , "2019"   , "10"           , "0"           , "frWP; itWP; enWP"
"Q6120814"  , "Jacques Potgieter"             , "Q266149"   , "22"      , "Cheetahs"                                       , "2021"     , "2021"   , "5"            , "0"           , "frWP; enWP"
"Q6120814"  , "Jacques Potgieter"             , "Q108565098", "3018"    , "Tel Aviv Heat"                                  , "2022"     , "2022"   , "1"            , "5"           , "frWP"
"Q6130245"  , "James Broadhurst"              , "Q7016264"  , "1564"    , "New Zealand national under-19 rugby union team" , "2006"     , "2006"   , NA             , NA            , "WD; frWP"
"Q6130245"  , "James Broadhurst"              , "Q7016267"  , "1565"    , "New Zealand national under-21 rugby union team" , "2007"     , "2007"   , "2"            , "0"           , "WD; frWP; enWP"
"Q6130245"  , "James Broadhurst"              , "Q104855938", "2903"    , "Canterbury Rugby Union Team"                    , "2007"     , "2009"   , "20"           , "0"           , "itWP; jaWP; frWP; enWP"
"Q6130245"  , "James Broadhurst"              , "Q639797"   , "99"      , "Hurricanes"                                     , "2010"     , "2015"   , "71"           , "10"          , "frWP; itWP"
"Q6130245"  , "James Broadhurst"              , "Q104856115", "2913"    , "Taranaki Rugby Union Team"                      , "2010"     , "2016"   , "54"           , "25"          , "enWP; itWP; jaWP; frWP"
"Q6130245"  , "James Broadhurst"              , "Q639797"   , "99"      , "Hurricanes"                                     , "2010"     , "2017"   , "71"           , "10"          , "jaWP; enWP"
"Q6130245"  , "James Broadhurst"              , "Q55801"    , "6"       , "New Zealand national rugby union team"          , "2015"     , "2015"   , "1"            , "0"           , "WD; frWP; itWP; enWP"
"Q6258643"  , "John Spencer"                  , "Q2934697"  , "454"     , "Cambridge University RUFC"                      , "1966"     , "1969"   , NA             , NA            , "enWP"
"Q6258643"  , "John Spencer"                  , "Q1360196"  , "251"     , "Leeds Tykes"                                    , "1966"     , "1976"   , NA             , NA            , "enWP; itWP"
"Q6258643"  , "John Spencer"                  , "Q2934697"  , "454"     , "Cambridge University RUFC"                      , "1967"     , "1969"   , NA             , NA            , "WD; itWP"
"Q6258643"  , "John Spencer"                  , "Q378628"   , "39"      , "England national rugby union team"              , "1969"     , "1971"   , "14"           , "6"           , "WD; itWP; enWP"
"Q6258643"  , "John Spencer"                  , "Q7990676"  , "1976"    , "Wharfedale R.U.F.C."                            , "1976"     , "1991"   , NA             , NA            , "itWP"
"Q6258643"  , "John Spencer"                  , "Q807749"   , "136"     , "Barbarian FC"                                   , NA         , NA       , NA             , NA            , "WD"
"Q6275792"  , "Jonny May"                     , "Q289030"   , "26"      , "Birmingham Moseley Rugby Club"                  , "2009"     , "2010"   , "15"           , "30"          , "jaWP; enWP; WD; frWP"
"Q6275792"  , "Jonny May"                     , "Q745758"   , "122"     , "Gloucester Rugby"                               , "2009"     , "2017"   , "138"          , "310"         , "WD; jaWP; frWP; itWP; enWP"
"Q6275792"  , "Jonny May"                     , "Q920928"   , "163"     , "England national under-20 rugby union team"     , "2010"     , "2010"   , "8"            , "30"          , "WD; jaWP; enWP"
"Q6275792"  , "Jonny May"                     , "Q289030"   , "26"      , "Birmingham Moseley Rugby Club"                  , "2009"     , "2010"   , "2"            , "5"           , "itWP"
"Q6275792"  , "Jonny May"                     , "Q1071691"  , "204"     , "Leicester Tigers"                               , "2017"     , "2020"   , "44"           , "150"         , "jaWP; frWP; itWP; enWP"
"Q6275792"  , "Jonny May"                     , "Q745758"   , "122"     , "Gloucester Rugby"                               , "2020"     , "2024"   , "55"           , "80"          , "jaWP; frWP; itWP; enWP"
"Q6275792"  , "Jonny May"                     , "Q3492488"  , "651"     , "Soyaux Angoulême XV Charente"                   , "2024"     , "2026"   , "28"           , "40"          , "jaWP; frWP; itWP; enWP"
"Q6275792"  , "Jonny May"                     , "Q3873497"  , "824"     , "England A national rugby union team"            , "2012"     , "2012"   , "3"            , "0"           , "WD; enWP"
"Q6275792"  , "Jonny May"                     , "Q378628"   , "39"      , "England national rugby union team"              , "2013"     , "2023"   , "78"           , "180"         , "WD; jaWP; frWP; itWP; enWP"
"Q6275792"  , "Jonny May"                     , "Q807749"   , "136"     , "Barbarian FC"                                   , "2024"     , "2024"   , "1"            , "10"          , "enWP"
"Q6275792"  , "Jonny May"                     , "Q16842085" , "2205"    , "Hartpury University RFC"                        , NA         , NA       , NA             , NA            , "frWP"
"Q6383645"  , "Keiji Hirose"                  , "Q11375632" , "2059"    , "Kyoto Sangyo University Rugby Football Club"    , "1992"     , "1996"   , NA             , NA            , "jaWP; frWP"
"Q6383645"  , "Keiji Hirose"                  , "Q1122433"  , "210"     , "Japan national rugby union team"                , "1994"     , "2006"   , "40"           , "422"         , "jaWP; WD; frWP; enWP"
"Q6383645"  , "Keiji Hirose"                  , "Q11375632" , "2059"    , "Kyoto Sangyo University Rugby Football Club"    , "1996"     , "1996"   , NA             , NA            , "enWP"
"Q6383645"  , "Keiji Hirose"                  , "Q6374828"  , "1398"    , "Toyota Verblitz"                                , "1996"     , "2008"   , NA             , NA            , "jaWP; frWP; enWP"
"Q6534842"  , "Levan Chilachava"              , "Q1857064"  , "315"     , "RC Toulonnais"                                  , "2009"     , "2011"   , NA             , NA            , "frWP; enWP"
"Q6534842"  , "Levan Chilachava"              , "Q609885"   , "82"      , "Georgia national rugby union team"              , "2010"     , NA       , "54"           , "55"          , "jaWP; enWP"
"Q6534842"  , "Levan Chilachava"              , "Q1857064"  , "315"     , "RC Toulonnais"                                  , "2011"     , "2018"   , "112"          , "45"          , "WD; frWP; enWP"
"Q6534842"  , "Levan Chilachava"              , "Q609885"   , "82"      , "Georgia national rugby union team"              , "2012"     , NA       , "54"           , "50"          , "WD; frWP"
"Q6534842"  , "Levan Chilachava"              , "Q596985"   , "76"      , "Montpellier Hérault Rugby"                      , "2018"     , "2021"   , "38"           , "20"          , "enWP; jaWP; frWP"
"Q6534842"  , "Levan Chilachava"              , "Q964957"   , "189"     , "Castres Olympique"                              , "2021"     , NA       , "65"           , "20"          , "enWP; jaWP; frWP"
"Q6534842"  , "Levan Chilachava"              , NA          , "6965"    , "Tbilisi State University"                       , NA         , "2009"   , NA             , NA            , "enWP"
"Q6555717"  , "Lionel Mapoe"                  , "Q266149"   , "22"      , "Cheetahs"                                       , "2004"     , "2010"   , "17"           , "35"          , "jaWP; frWP; enWP"
"Q6555717"  , "Lionel Mapoe"                  , "Q3644047"  , "797"     , "South Africa national under-20 rugby union team", "2008"     , "2008"   , "4"            , "25"          , "frWP; enWP"
"Q6555717"  , "Lionel Mapoe"                  , "Q1210146"  , "241"     , "Lions"                                          , "2011"     , "2019"   , "157"          , "195"         , "jaWP; frWP; enWP"
"Q6555717"  , "Lionel Mapoe"                  , "Q885646"   , "156"     , "Bulls"                                          , "2013"     , "2013"   , "12"           , "10"          , "jaWP; frWP; enWP"
"Q6555717"  , "Lionel Mapoe"                  , "Q6441306"  , "1423"    , "Kubota Spears Funabashi Tokyo-Bay"              , "2015"     , "2018"   , "21"           , "60"          , "WD; frWP; enWP"
"Q6555717"  , "Lionel Mapoe"                  , "Q498478"   , "52"      , "South Africa national rugby union team"         , "2015"     , "2018"   , "14"           , "10"          , "jaWP; frWP; enWP"
"Q6555717"  , "Lionel Mapoe"                  , "Q3873494"  , "822"     , "Emerging Springboks"                            , "2017"     , "2017"   , "1"            , "5"           , "enWP"
"Q6555717"  , "Lionel Mapoe"                  , "Q1210146"  , "241"     , "Lions"                                          , "2018"     , "2018"   , "7"            , "5"           , "frWP; enWP"
"Q6555717"  , "Lionel Mapoe"                  , "Q1361000"  , "252"     , "Stade Français Rugby"                           , "2019"     , "2020"   , "12"           , "0"           , "jaWP; frWP; enWP"
"Q6555717"  , "Lionel Mapoe"                  , "Q48835514" , "2689"    , "Stade Niçois"                                   , "2020"     , "2021"   , "10"           , "25"          , "frWP; enWP"
"Q6555717"  , "Lionel Mapoe"                  , "Q885646"   , "156"     , "Bulls"                                          , "2021"     , "2024"   , "15"           , "15"          , "frWP; enWP"
"Q6555717"  , "Lionel Mapoe"                  , "Q3496202"  , "674"     , "Rugby Nice Côte d'Azur Université-Racing"       , NA         , NA       , NA             , NA            , "jaWP"
"Q6687195"  , "Louis Fouché"                  , "Q1777760"  , "308"     , "Leopards"                                       , "2007"     , "2010"   , NA             , NA            , "enWP"
"Q6687195"  , "Louis Fouché"                  , "Q885646"   , "156"     , "Bulls"                                          , "2011"     , "2014"   , "51"           , "355"         , "jaWP; enWP"
"Q6687195"  , "Louis Fouché"                  , "Q3020426"  , "487"     , "Ricoh Black Rams Tokyo"                         , "2014"     , "2015"   , "3"            , "0"           , "enWP"
"Q6687195"  , "Louis Fouché"                  , "Q885646"   , "156"     , "Bulls"                                          , "2015"     , "2015"   , "8"            , "32"          , "enWP"
"Q6687195"  , "Louis Fouché"                  , "Q3020426"  , "487"     , "Ricoh Black Rams Tokyo"                         , "2015"     , "2016"   , NA             , NA            , "WD; jaWP"
"Q6687195"  , "Louis Fouché"                  , "Q949807"   , "179"     , "Southern Kings"                                 , "2016"     , "2016"   , "14"           , "81"          , "jaWP; enWP"
"Q6687195"  , "Louis Fouché"                  , "Q6441306"  , "1423"    , "Kubota Spears Funabashi Tokyo-Bay"              , "2016"     , "2018"   , "12"           , "39"          , "jaWP; enWP"
"Q6687195"  , "Louis Fouché"                  , "Q266149"   , "22"      , "Cheetahs"                                       , "2018"     , NA       , "17"           , "77"          , "enWP"
"Q6701787"  , "Luke Arscott"                  , "Q675305"   , "111"     , "Exeter Chiefs"                                  , "2000"     , "2003"   , "5"            , "5"           , "WD; enWP"
"Q6701787"  , "Luke Arscott"                  , "Q3392807"  , "589"     , "Plymouth Albion R.F.C."                         , "2003"     , "2006"   , "57"           , "57"          , "WD; enWP"
"Q6701787"  , "Luke Arscott"                  , "Q917973"   , "162"     , "Bristol Bears"                                  , "2006"     , "2010"   , "82"           , "60"          , "enWP"
"Q6701787"  , "Luke Arscott"                  , "Q675305"   , "111"     , "Exeter Chiefs"                                  , "2010"     , "2014"   , "98"           , "50"          , "enWP"
"Q6701787"  , "Luke Arscott"                  , "Q810786"   , "138"     , "Bath Rugby"                                     , "2014"     , "2016"   , "9"            , "0"           , "enWP"
"Q6701787"  , "Luke Arscott"                  , "Q917973"   , "162"     , "Bristol Bears"                                  , "2015"     , "2016"   , "15"           , "5"           , "enWP"
"Q6701787"  , "Luke Arscott"                  , "Q917973"   , "162"     , "Bristol Bears"                                  , "2016"     , "2017"   , NA             , NA            , "enWP"
"Q6831232"  , "Michael Hooper"                , "Q605245"   , "80"      , "ACT Brumbies"                                   , "2010"     , "2012"   , "31"           , "25"          , "WD; jaWP; frWP; itWP; esWP; enWP"
"Q6831232"  , "Michael Hooper"                , "Q4823737"  , "933"     , "Australia national under-20 rugby union team"   , "2011"     , "2011"   , "4"            , "10"          , "WD; jaWP; frWP; enWP"
"Q6831232"  , "Michael Hooper"                , "Q3286022"  , "552"     , "Manly RUFC"                                     , "2012"     , "2013"   , "1"            , "20"          , "itWP; WD; enWP; frWP"
"Q6831232"  , "Michael Hooper"                , "Q622443"   , "86"      , "Australia national rugby union team"            , "2012"     , "2023"   , "125"          , "110"         , "WD; jaWP; frWP; itWP; enWP"
"Q6831232"  , "Michael Hooper"                , "Q534417"   , "61"      , "New South Wales Waratahs"                       , "2013"     , "2023"   , "138"          , "130"         , "itWP; esWP; enWP; WD; jaWP; frWP"
"Q6831232"  , "Michael Hooper"                , "Q513257"   , "55"      , "Central Coast Rays"                             , "2014"     , "2016"   , NA             , NA            , "frWP; itWP"
"Q6831232"  , "Michael Hooper"                , "Q6374828"  , "1398"    , "Toyota Verblitz"                                , "2020"     , "2021"   , "10"           , "10"          , "jaWP; enWP; WD; frWP; itWP; esWP"
"Q6831232"  , "Michael Hooper"                , "Q534417"   , "61"      , "New South Wales Waratahs"                       , "2021"     , "2023"   , "20"           , "25"          , "jaWP; frWP"
"Q6831232"  , "Michael Hooper"                , "Q6374828"  , "1398"    , "Toyota Verblitz"                                , "2025"     , "2025"   , "6"            , "5"           , "jaWP; esWP; enWP"
"Q6913049"  , "Morné Mellett"                 , "Q1170726"  , "236"     , "Falcons"                                        , "2006"     , "2007"   , NA             , NA            , "enWP"
"Q6913049"  , "Morné Mellett"                 , "Q885646"   , "156"     , "Bulls"                                          , "2007"     , "2010"   , NA             , NA            , "enWP"
"Q6913049"  , "Morné Mellett"                 , "Q3644047"  , "797"     , "South Africa national under-20 rugby union team", "2009"     , "2009"   , "5"            , "0"           , "enWP"
"Q6913049"  , "Morné Mellett"                 , NA          , "6190"    , "UP Tuks"                                        , "2010"     , "2011"   , "4"            , "0"           , "enWP"
"Q6913049"  , "Morné Mellett"                 , "Q885646"   , "156"     , "Bulls"                                          , "2010"     , "2015"   , "60"           , "10"          , "enWP"
"Q7002256"  , "Filippo Gerosa"                , NA          , "6975"    , "Academia FIR"                                   , "2010"     , "2011"   , NA             , NA            , "enWP"
"Q7002256"  , "Filippo Gerosa"                , "Q6093842"  , "1376"    , "Italy national under-20 rugby union team"       , "2011"     , "2011"   , "4"            , "0"           , "enWP"
"Q7002256"  , "Filippo Gerosa"                , "Q3003159"  , "482"     , "Crociati Rugby Football Club"                   , "2011"     , "2012"   , "5"            , "0"           , "itWP; enWP"
"Q7002256"  , "Filippo Gerosa"                , "Q388269"   , "40"      , "Rugby Calvisano"                                , "2012"     , "2013"   , "14"           , "10"          , "itWP; enWP"
"Q7002256"  , "Filippo Gerosa"                , "Q748103"   , "123"     , "Rugby Club I Cavalieri"                         , "2013"     , "2014"   , "21"           , "0"           , "itWP; enWP"
"Q7002256"  , "Filippo Gerosa"                , "Q950674"   , "180"     , "Zebre"                                          , "2014"     , "2015"   , "1"            , "0"           , "itWP"
"Q7002256"  , "Filippo Gerosa"                , "Q3650906"  , "806"     , "Italy A national rugby union team"              , "2014"     , "2016"   , "9"            , "5"           , "enWP"
"Q7002256"  , "Filippo Gerosa"                , "Q2035617"  , "329"     , "Rugby Viadana"                                  , "2014"     , "2016"   , "31"           , "20"          , "itWP; enWP"
"Q7002256"  , "Filippo Gerosa"                , "Q950674"   , "180"     , "Zebre"                                          , "2015"     , "2015"   , "1"            , "0"           , "enWP"
"Q7002256"  , "Filippo Gerosa"                , "Q521129"   , "59"      , "Benetton Rugby Treviso"                         , "2015"     , "2017"   , "15"           , "0"           , "itWP; enWP"
"Q7002256"  , "Filippo Gerosa"                , "Q2637322"  , "380"     , "Petrarca Rugby"                                 , "2017"     , "2020"   , "48"           , "15"          , "itWP; enWP"
"Q7002256"  , "Filippo Gerosa"                , "Q93928"    , "8"       , "Valorugby Emilia"                               , "2020"     , "2024"   , "58"           , "25"          , "itWP; enWP"
"Q7002256"  , "Filippo Gerosa"                , NA          , "7829"    , "Forlì Rugby"                                    , NA         , NA       , NA             , NA            , "enWP"
"Q7028836"  , "Nico Scheepers"                , "Q3046571"  , "495"     , "Eastern Province Kings"                         , "2008"     , "2008"   , NA             , NA            , "enWP"
"Q7028836"  , "Nico Scheepers"                , "Q266149"   , "22"      , "Cheetahs"                                       , "2009"     , "2011"   , NA             , NA            , "enWP"
"Q7028836"  , "Nico Scheepers"                , "Q3644047"  , "797"     , "South Africa national under-20 rugby union team", "2010"     , "2010"   , "4"            , "5"           , "enWP"
"Q7028836"  , "Nico Scheepers"                , "Q266149"   , "22"      , "Cheetahs"                                       , "2011"     , "2013"   , "28"           , "184"         , "enWP"
"Q7028836"  , "Nico Scheepers"                , NA          , "6188"    , "UFS Shimlas"                                    , "2012"     , "2013"   , "11"           , "111"         , "enWP"
"Q7028836"  , "Nico Scheepers"                , "Q1170716"  , "234"     , "Griquas"                                        , "2013"     , "2014"   , "14"           , "101"         , "enWP"
"Q7028836"  , "Nico Scheepers"                , "Q3116637"  , "531"     , "Griffons"                                       , "2015"     , "2015"   , "6"            , "45"          , "enWP"
"Q7028836"  , "Nico Scheepers"                , "Q1170721"  , "235"     , "Boland Cavaliers"                               , "2016"     , NA       , "15"           , "162"         , "enWP"
"Q7312508"  , "Renaldo Bothma"                , "Q1210146"  , "241"     , "Lions"                                          , "2010"     , "2011"   , "13"           , "15"          , "enWP; jaWP; frWP"
"Q7312508"  , "Renaldo Bothma"                , "Q1777760"  , "308"     , "Leopards"                                       , "2011"     , "2011"   , "1"            , "0"           , "jaWP; frWP; enWP"
"Q7312508"  , "Renaldo Bothma"                , "Q1210146"  , "241"     , "Lions"                                          , "2011"     , "2011"   , "6"            , "5"           , "enWP"
"Q7312508"  , "Renaldo Bothma"                , "Q1170708"  , "233"     , "Pumas"                                          , "2012"     , "2014"   , "54"           , "110"         , "jaWP; frWP; enWP"
"Q7312508"  , "Renaldo Bothma"                , "Q17087005" , "2350"    , "South Africa President's XV"                    , "2013"     , "2013"   , "2"            , "5"           , "enWP"
"Q7312508"  , "Renaldo Bothma"                , "Q1248558"  , "243"     , "Namibia national rugby union team"              , "2014"     , "2021"   , "19"           , "45"          , "jaWP; frWP; enWP"
"Q7312508"  , "Renaldo Bothma"                , "Q6374828"  , "1398"    , "Toyota Verblitz"                                , "2015"     , "2015"   , "9"            , "5"           , "WD; frWP; enWP"
"Q7312508"  , "Renaldo Bothma"                , "Q744636"   , "121"     , "Sharks"                                         , "2015"     , "2016"   , "15"           , "5"           , "enWP; jaWP; frWP"
"Q7312508"  , "Renaldo Bothma"                , "Q1170708"  , "233"     , "Pumas"                                          , "2016"     , "2016"   , "7"            , "10"          , "enWP; jaWP; frWP"
"Q7312508"  , "Renaldo Bothma"                , "Q885646"   , "156"     , "Bulls"                                          , "2016"     , "2017"   , "7"            , "10"          , "jaWP; frWP; enWP"
"Q7312508"  , "Renaldo Bothma"                , "Q1149835"  , "230"     , "Harlequin F.C."                                 , "2017"     , "2020"   , "27"           , "5"           , "jaWP; frWP; enWP"
"Q7312508"  , "Renaldo Bothma"                , "Q108565098", "3018"    , "Tel Aviv Heat"                                  , "2021"     , "2022"   , "7"            , "10"          , "jaWP; frWP"
"Q7384098"  , "Ryan Grant"                    , "Q4794237"  , "918"     , "Army Rugby Union"                               , "2005"     , "2005"   , NA             , NA            , "frWP; itWP; enWP"
"Q7384098"  , "Ryan Grant"                    , "Q893414"   , "157"     , "Border Reivers"                                 , "2005"     , "2007"   , "6"            , "0"           , "WD; frWP; itWP; jaWP; enWP"
"Q7384098"  , "Ryan Grant"                    , "Q22098292" , "2509"    , "Scotland national under-21 rugby union team"    , "2006"     , "2006"   , "10"           , "0"           , "esWP; enWP"
"Q7384098"  , "Ryan Grant"                    , "Q7435629"  , "1786"    , "Scotland A national rugby union team"           , "2007"     , "2007"   , "3"            , "0"           , "WD; enWP"
"Q7384098"  , "Ryan Grant"                    , "Q739613"   , "120"     , "Edinburgh Rugby"                                , "2007"     , "2010"   , "14"           , "0"           , "WD; jaWP; frWP; itWP; enWP"
"Q7384098"  , "Ryan Grant"                    , "Q374981"   , "37"      , "Glasgow Warriors"                               , "2010"     , "2017"   , "109"          , "45"          , "WD; jaWP; frWP; itWP; enWP"
"Q7384098"  , "Ryan Grant"                    , "Q945016"   , "176"     , "Scotland national rugby union team"             , "2012"     , "2018"   , "25"           , "0"           , "WD; jaWP; frWP; itWP; enWP"
"Q7384098"  , "Ryan Grant"                    , "Q733600"   , "118"     , "British & Irish Lions"                          , "2013"     , "2013"   , NA             , NA            , "WD; jaWP; frWP; enWP"
"Q7384098"  , "Ryan Grant"                    , "Q1144887"  , "229"     , "Currie RFC"                                     , "2016"     , "2017"   , NA             , NA            , "enWP"
"Q7384098"  , "Ryan Grant"                    , "Q739613"   , "120"     , "Edinburgh Rugby"                                , "2017"     , "2017"   , NA             , NA            , "jaWP; enWP"
"Q7384098"  , "Ryan Grant"                    , "Q2094512"  , "332"     , "Worcester Warriors"                             , "2017"     , "2017"   , "2"            , "0"           , "jaWP; frWP; enWP"
"Q7384098"  , "Ryan Grant"                    , "Q793219"   , "133"     , "Ayr RFC"                                        , "2017"     , "2018"   , NA             , NA            , "enWP"
"Q7384098"  , "Ryan Grant"                    , "Q374981"   , "37"      , "Glasgow Warriors"                               , "2017"     , "2019"   , "3"            , "0"           , "jaWP; enWP"
"Q7407296"  , "Sam Carter"                    , "Q605245"   , "80"      , "ACT Brumbies"                                   , "2011"     , "2019"   , "122"          , "45"          , "esWP; jaWP; frWP; itWP; enWP"
"Q7407296"  , "Sam Carter"                    , "Q425906"   , "42"      , "Canberra Vikings"                               , "2014"     , "2014"   , NA             , NA            , "jaWP; frWP; itWP"
"Q7407296"  , "Sam Carter"                    , "Q622443"   , "86"      , "Australia national rugby union team"            , "2014"     , "2024"   , "16"           , "0"           , "enWP; WD; jaWP; frWP; itWP"
"Q7407296"  , "Sam Carter"                    , "Q16912004" , "2210"    , "New South Wales Country Eagles"                 , "2015"     , "2015"   , "2"            , "0"           , "esWP; enWP; jaWP; frWP; itWP"
"Q7407296"  , "Sam Carter"                    , "Q1865460"  , "316"     , "Union Bordeaux Bègles"                          , "2015"     , "2015"   , NA             , NA            , "frWP"
"Q7407296"  , "Sam Carter"                    , "Q605245"   , "80"      , "ACT Brumbies"                                   , "2016"     , "2017"   , NA             , NA            , "esWP"
"Q7407296"  , "Sam Carter"                    , "Q425906"   , "42"      , "Canberra Vikings"                               , "2017"     , "2018"   , "9"            , "12"          , "esWP; frWP; itWP; enWP"
"Q7407296"  , "Sam Carter"                    , "Q605245"   , "80"      , "ACT Brumbies"                                   , "2018"     , "2019"   , NA             , NA            , "esWP"
"Q7407296"  , "Sam Carter"                    , "Q1548720"  , "282"     , "Ulster Rugby"                                   , "2019"     , "2023"   , "58"           , "35"          , "jaWP; frWP; itWP; esWP; enWP"
"Q7407296"  , "Sam Carter"                    , "Q1071691"  , "204"     , "Leicester Tigers"                               , "2023"     , "2024"   , "15"           , "0"           , "jaWP; frWP; enWP"
"Q7407296"  , "Sam Carter"                    , "Q915507"   , "161"     , "Western Force"                                  , "2023"     , "2025"   , "10"           , "5"           , "jaWP; frWP; enWP"
"Q7670518"  , "TJ Perenara"                   , "Q1476647"  , "270"     , "Wellington Rugby Football Union Team"           , "2010"     , "2024"   , "32"           , "35"          , "frWP; itWP; jaWP; esWP; enWP"
"Q7670518"  , "TJ Perenara"                   , "Q7016275"  , "1566"    , "New Zealand national under-20 rugby union team" , "2011"     , "2011"   , "5"            , "15"          , "WD; jaWP; frWP; enWP"
"Q7670518"  , "TJ Perenara"                   , "Q639797"   , "99"      , "Hurricanes"                                     , "2012"     , "2024"   , "163"          , "327"         , "frWP; itWP; jaWP; esWP; enWP"
"Q7670518"  , "TJ Perenara"                   , "Q807749"   , "136"     , "Barbarian FC"                                   , "2013"     , "2013"   , "1"            , "0"           , "jaWP; enWP"
"Q7670518"  , "TJ Perenara"                   , "Q55801"    , "6"       , "New Zealand national rugby union team"          , "2014"     , "2024"   , "90"           , "163"         , "WD; frWP; itWP; enWP"
"Q7670518"  , "TJ Perenara"                   , "Q104649868", "2898"    , "North Island Rugby Union"                       , "2020"     , "2020"   , "1"            , "0"           , "jaWP; enWP"
"Q7670518"  , "TJ Perenara"                   , "Q10880452" , "2038"    , "Red Hurricanes Osaka"                           , "2021"     , "2021"   , "9"            , "35"          , "jaWP; frWP; itWP; esWP; enWP"
"Q7670518"  , "TJ Perenara"                   , "Q1490464"  , "271"     , "Maori All Blacks team"                          , "2022"     , "2022"   , "2"            , "0"           , "jaWP; enWP"
"Q7670518"  , "TJ Perenara"                   , "Q749756"   , "124"     , "New Zealand A national rugby union team"        , "2022"     , "2022"   , "1"            , "0"           , "enWP, jaWP"
"Q7670518"  , "TJ Perenara"                   , "Q639797"   , "99"      , "Hurricanes"                                     , "2022"     , "2024"   , NA             , NA            , "frWP"
"Q7670518"  , "TJ Perenara"                   , "Q3020426"  , "487"     , "Ricoh Black Rams Tokyo"                         , "2024"     , NA       , "18"           , "30"          , "esWP; jaWP; enWP"
"Q7800130"  , "Tian Meyer"                    , "Q744636"   , "121"     , "Sharks"                                         , "2004"     , "2009"   , NA             , NA            , "enWP"
"Q7800130"  , "Tian Meyer"                    , "Q1170708"  , "233"     , "Pumas"                                          , "2010"     , "2011"   , "36"           , "50"          , "jaWP; enWP"
"Q7800130"  , "Tian Meyer"                    , "Q1210146"  , "241"     , "Lions"                                          , "2012"     , "2012"   , "11"           , "10"          , "jaWP; enWP"
"Q7800130"  , "Tian Meyer"                    , NA          , "6207"    , "College Rovers"                                 , "2013"     , "2013"   , "6"            , "5"           , "enWP"
"Q7800130"  , "Tian Meyer"                    , "Q1210146"  , "241"     , "Lions"                                          , "2013"     , "2013"   , "6"            , "0"           , "jaWP; enWP"
"Q7800130"  , "Tian Meyer"                    , "Q744636"   , "121"     , "Sharks"                                         , "2013"     , "2013"   , "4"            , "0"           , "WD; enWP; jaWP"
"Q7800130"  , "Tian Meyer"                    , "Q1170716"  , "234"     , "Griquas"                                        , "2013"     , "2014"   , "40"           , "60"          , "jaWP; enWP"
"Q7800130"  , "Tian Meyer"                    , "Q266149"   , "22"      , "Cheetahs"                                       , "2014"     , "2021"   , "122"          , "70"          , "jaWP; enWP"
"Q7800130"  , "Tian Meyer"                    , "Q744636"   , "121"     , "Sharks"                                         , "2021"     , "2021"   , "2"            , "0"           , "enWP; jaWP"
"Q7800130"  , "Tian Meyer"                    , "Q10880452" , "2038"    , "Red Hurricanes Osaka"                           , "2021"     , "2022"   , NA             , NA            , "jaWP"
"Q7800130"  , "Tian Meyer"                    , "Q6137222"  , "1385"    , "Urayasu D-Rocks"                                , "2022"     , "2024"   , NA             , NA            , "jaWP"
"Q7800130"  , "Tian Meyer"                    , "Q10880452" , "2038"    , "Red Hurricanes Osaka"                           , "2022"     , NA       , NA             , NA            , "enWP"
"Q7816547"  , "Tom Lawton Snr"                , "Q3551359"  , "725"     , "University of Queensland Rugby Club"            , "1919"     , "1919"   , NA             , NA            , "enWP"
"Q7816547"  , "Tom Lawton Snr"                , "Q1368281"  , "253"     , "Queensland Reds"                                , "1919"     , "1920"   , "13"           , "0"           , "enWP; esWP"
"Q7816547"  , "Tom Lawton Snr"                , "Q3506850"  , "690"     , "Sydney University Football Club"                , "1920"     , "1922"   , NA             , NA            , "enWP; esWP"
"Q7816547"  , "Tom Lawton Snr"                , "Q534417"   , "61"      , "New South Wales Waratahs"                       , "1920"     , "1928"   , "38"           , "0"           , "enWP"
"Q7816547"  , "Tom Lawton Snr"                , "Q622443"   , "86"      , "Australia national rugby union team"            , "1920"     , "1932"   , "14"           , "60"          , "WD; esWP; enWP"
"Q7816547"  , "Tom Lawton Snr"                , NA          , "7607"    , "Valley Brisbane"                                , "1922"     , "1923"   , NA             , NA            , "enWP"
"Q7816547"  , "Tom Lawton Snr"                , "Q3359056"  , "578"     , "Oxford University RFC"                          , "1922"     , "1924"   , NA             , NA            , "enWP; WD; esWP"
"Q7816547"  , "Tom Lawton Snr"                , "Q2481690"  , "365"     , "Blackheath F.C."                                , "1924"     , "1924"   , NA             , NA            , "esWP"
"Q7816547"  , "Tom Lawton Snr"                , "Q1071691"  , "204"     , "Leicester Tigers"                               , "1924"     , "1925"   , NA             , NA            , "enWP; esWP"
"Q7816547"  , "Tom Lawton Snr"                , "Q534417"   , "61"      , "New South Wales Waratahs"                       , "1925"     , "1932"   , NA             , NA            , "esWP"
"Q7816547"  , "Tom Lawton Snr"                , "Q807749"   , "136"     , "Barbarian FC"                                   , NA         , NA       , NA             , NA            , "WD"
"Q7831019"  , "To'o Vaega"                    , NA          , "7162"    , "Moata'a Rugby Club"                             , "1985"     , "2001"   , NA             , NA            , "esWP"
"Q7831019"  , "To'o Vaega"                    , "Q1138539"  , "224"     , "Samoa national rugby union team"                , "1986"     , "2001"   , "61"           , "71"          , "WD; frWP; enWP"
"Q7831019"  , "To'o Vaega"                    , "Q4819588"  , "928"     , "Auckland RFU Team"                              , "1988"     , "1991"   , "2"            , "4"           , "frWP; enWP"
"Q7831019"  , "To'o Vaega"                    , NA          , "5794"    , "Suburbs RFC"                                    , "1988"     , "1990"   , NA             , NA            , "enWP"
"Q7831019"  , "To'o Vaega"                    , NA          , "7817"    , "Hastings High School Old Boys"                  , "1991"     , "1991"   , NA             , NA            , "enWP"
"Q7831019"  , "To'o Vaega"                    , "Q104856096", "2908"    , "Hawke's Bay Rugby Union Team"                   , "1991"     , "1991"   , "4"            , "12"          , "frWP; enWP"
"Q7831019"  , "To'o Vaega"                    , "Q4819588"  , "928"     , "Auckland RFU Team"                              , "1992"     , "1992"   , "2"            , "5"           , "frWP; enWP"
"Q7831019"  , "To'o Vaega"                    , NA          , "7162"    , "Moata'a Rugby Club"                             , "1993"     , "1994"   , NA             , NA            , "frWP; enWP"
"Q7831019"  , "To'o Vaega"                    , "Q104856112", "2912"    , "Southland RFU Team"                             , "1995"     , "1997"   , "23"           , "50"          , "frWP; enWP"
"Q7831019"  , "To'o Vaega"                    , "Q7600868"  , "1841"    , "Star Rugby Club"                                , "1995"     , "1997"   , NA             , NA            , "enWP"
"Q7831019"  , "To'o Vaega"                    , "Q1210077"  , "240"     , "Highlanders"                                    , "1996"     , "1997"   , "13"           , "20"          , "frWP; esWP; enWP"
"Q7831019"  , "To'o Vaega"                    , "Q3452837"  , "617"     , "Rugby Lions"                                    , "1997"     , "1999"   , "39"           , "45"          , "frWP"
"Q7831019"  , "To'o Vaega"                    , "Q4874226"  , "957"     , "Bay of Plenty Steamers"                         , "2000"     , "2000"   , "2"            , "0"           , "frWP; enWP"
"Q7831019"  , "To'o Vaega"                    , "Q1156303"  , "232"     , "Blues"                                          , "2000"     , "2000"   , "1"            , "0"           , "frWP; esWP; enWP"
"Q7831019"  , "To'o Vaega"                    , "Q131591088", "3271"    , "Waitakere City RFC"                             , "2000"     , "2000"   , NA             , NA            , "enWP"
"Q7831019"  , "To'o Vaega"                    , "Q675305"   , "111"     , "Exeter Chiefs"                                  , "2001"     , "2001"   , "16"           , "40"          , "frWP"
"Q7831019"  , "To'o Vaega"                    , "Q16240983" , "2169"    , "Bracknell RFC"                                  , "2001"     , "2002"   , "7"            , "0"           , "frWP"
"Q7967254"  , "Wandile Mjekevu"               , "Q1210146"  , "241"     , "Lions"                                          , "2007"     , "2011"   , "10"           , "20"          , "frWP; enWP"
"Q7967254"  , "Wandile Mjekevu"               , "Q18379627" , "2403"    , "South Africa national under-18 rugby union team", "2008"     , "2008"   , NA             , NA            , "enWP"
"Q7967254"  , "Wandile Mjekevu"               , "Q3644047"  , "797"     , "South Africa national under-20 rugby union team", "2010"     , "2011"   , "10"           , "35"          , "enWP"
"Q7967254"  , "Wandile Mjekevu"               , "Q1210146"  , "241"     , "Lions"                                          , "2010"     , "2012"   , "14"           , "25"          , "WD; frWP"
"Q7967254"  , "Wandile Mjekevu"               , "Q744636"   , "121"     , "Sharks"                                         , "2012"     , "2013"   , "12"           , "10"          , "WD; frWP; enWP"
"Q7967254"  , "Wandile Mjekevu"               , NA          , "6207"    , "College Rovers"                                 , "2013"     , "2013"   , "5"            , "25"          , "enWP"
"Q7967254"  , "Wandile Mjekevu"               , "Q1471265"  , "266"     , "USA Perpignan"                                  , "2013"     , "2015"   , "36"           , "80"          , "WD; frWP; enWP"
"Q7967254"  , "Wandile Mjekevu"               , "Q744636"   , "121"     , "Sharks"                                         , "2015"     , "2016"   , "13"           , "15"          , "WD; frWP; enWP"
"Q7967254"  , "Wandile Mjekevu"               , "Q949807"   , "179"     , "Southern Kings"                                 , "2016"     , "2017"   , "11"           , "30"          , "frWP; enWP"
"Q7967254"  , "Wandile Mjekevu"               , "Q744636"   , "121"     , "Sharks"                                         , "2016"     , "2017"   , "3"            , "20"          , "enWP"
"Q7967254"  , "Wandile Mjekevu"               , "Q3046571"  , "495"     , "Eastern Province Kings"                         , "2017"     , "2017"   , "3"            , "5"           , "enWP"
"Q7967254"  , "Wandile Mjekevu"               , "Q949807"   , "179"     , "Southern Kings"                                 , "2017"     , "2017"   , "7"            , "15"          , "frWP"
"Q7967254"  , "Wandile Mjekevu"               , "Q431412"   , "44"      , "Stade Toulousain"                               , "2017"     , "2018"   , "14"           , "20"          , "frWP; enWP"
"Q7967254"  , "Wandile Mjekevu"               , "Q1471265"  , "266"     , "USA Perpignan"                                  , "2018"     , "2019"   , "5"            , "0"           , "frWP; enWP"
"Q7967254"  , "Wandile Mjekevu"               , "Q1473503"  , "268"     , "SC Albi"                                        , "2020"     , "2021"   , "7"            , "10"          , "frWP; enWP"
"Q7967254"  , "Wandile Mjekevu"               , "Q3496206"  , "675"     , "Stade Olympique Chambérien Rugby"               , "2021"     , "2022"   , "15"           , "0"           , "frWP; enWP"
"Q7967254"  , "Wandile Mjekevu"               , "Q1473503"  , "268"     , "SC Albi"                                        , "2022"     , NA       , NA             , NA            , "enWP"
"Q8003032"  , "Will Radburn"                  , "Q2094512"  , "332"     , "Worcester Warriors"                             , "2010"     , "2012"   , NA             , NA            , "enWP"
"Q8003032"  , "Will Radburn"                  , "Q2904530"  , "434"     , "Birmingham & Solihull R.F.C."                   , "2011"     , "2012"   , "9"            , "0"           , "enWP"
"Q8003032"  , "Will Radburn"                  , "Q2904530"  , "434"     , "Birmingham & Solihull R.F.C."                   , "2012"     , NA       , NA             , NA            , "WD; enWP"
"Q11616091" , "Yūji Sonoda"                   , "Q3198123"  , "542"     , "Kobelco Kobe Steelers"                          , "1996"     , "2010"   , NA             , NA            , "jaWP"
"Q11616091" , "Yūji Sonoda"                   , "Q3198123"  , "542"     , "Kobelco Kobe Steelers"                          , "1999"     , "2011"   , NA             , NA            , "enWP"
"Q11616091" , "Yūji Sonoda"                   , "Q1122433"  , "210"     , "Japan national rugby union team"                , "2000"     , "2003"   , "18"           , "10"          , "jaWP; enWP"
"Q11616091" , "Yūji Sonoda"                   , "Q17230201" , "2368"    , "Hosei University Rugby Football Club"           , NA         , NA       , NA             , NA            , "WD"
"Q15731077" , "Jack Nowell"                   , "Q5378054"  , "1217"    , "England national under-18 rugby union team"     , "2010"     , "2011"   , "11"           , "10"          , "WD; frWP; enWP"
"Q15731077" , "Jack Nowell"                   , "Q7306238"  , "1745"    , "Redruth R.F.C."                                 , "2010"     , "2011"   , "13"           , "20"          , "jaWP; frWP; esWP; enWP"
"Q15731077" , "Jack Nowell"                   , "Q675305"   , "111"     , "Exeter Chiefs"                                  , "2010"     , "2023"   , "165"          , "220"         , "WD; frWP"
"Q15731077" , "Jack Nowell"                   , "Q3392807"  , "589"     , "Plymouth Albion R.F.C."                         , "2011"     , "2012"   , "51"           , "85"          , "WD; frWP; itWP; esWP; enWP"
"Q15731077" , "Jack Nowell"                   , "Q675305"   , "111"     , "Exeter Chiefs"                                  , "2011"     , NA       , "81"           , "130"         , "itWP"
"Q15731077" , "Jack Nowell"                   , "Q1134198"  , "220"     , "Cornish Pirates"                                , "2012"     , "2012"   , "4"            , "10"          , "WD; frWP; itWP; esWP; enWP"
"Q15731077" , "Jack Nowell"                   , "Q675305"   , "111"     , "Exeter Chiefs"                                  , "2012"     , "2023"   , "173"          , "240"         , "esWP; enWP"
"Q15731077" , "Jack Nowell"                   , "Q920928"   , "163"     , "England national under-20 rugby union team"     , "2013"     , "2013"   , "6"            , "20"          , "WD; frWP; enWP"
"Q15731077" , "Jack Nowell"                   , "Q378628"   , "39"      , "England national rugby union team"              , "2014"     , NA       , "46"           , "70"          , "WD; jaWP; frWP; itWP; enWP"
"Q15731077" , "Jack Nowell"                   , "Q733600"   , "118"     , "British & Irish Lions"                          , "2017"     , "2017"   , "2"            , "0"           , "WD; jaWP; frWP; itWP; enWP"
"Q15731077" , "Jack Nowell"                   , "Q756594"   , "126"     , "Stade Rochelais"                                , "2023"     , NA       , "29"           , "20"          , "jaWP; frWP; esWP; enWP"
"Q15736032" , "Handré Pollard"                , "Q794910"   , "135"     , "Stormers"                                       , "2007"     , "2012"   , NA             , NA            , "jaWP; enWP"
"Q15736032" , "Handré Pollard"                , "Q18379627" , "2403"    , "South Africa national under-18 rugby union team", "2012"     , "2012"   , "3"            , "37"          , "jaWP"
"Q15736032" , "Handré Pollard"                , "Q3644047"  , "797"     , "South Africa national under-20 rugby union team", "2012"     , "2014"   , "14"           , "141"         , "WD; jaWP; frWP; enWP"
"Q15736032" , "Handré Pollard"                , "Q885646"   , "156"     , "Bulls"                                          , "2012"     , "2019"   , "62"           , "636"         , "WD; itWP; jaWP; frWP; esWP; enWP"
"Q15736032" , "Handré Pollard"                , NA          , "6190"    , "UP Tuks"                                        , "2013"     , "2013"   , "8"            , "52"          , "jaWP; enWP"
"Q15736032" , "Handré Pollard"                , "Q498478"   , "52"      , "South Africa national rugby union team"         , "2014"     , "2015"   , "85"           , "825"         , "WD; jaWP; frWP; itWP; enWP"
"Q15736032" , "Handré Pollard"                , "Q10880452" , "2038"    , "Red Hurricanes Osaka"                           , "2015"     , "2016"   , "8"            , "29"          , "WD; frWP; jaWP; itWP; esWP; enWP"
"Q15736032" , "Handré Pollard"                , "Q885646"   , "156"     , "Bulls"                                          , "2017"     , "2017"   , "1"            , "6"           , "jaWP"
"Q15736032" , "Handré Pollard"                , "Q596985"   , "76"      , "Montpellier Hérault Rugby"                      , "2019"     , "2022"   , "29"           , "175"         , "WD; jaWP; frWP; itWP; esWP; enWP"
"Q15736032" , "Handré Pollard"                , "Q1071691"  , "204"     , "Leicester Tigers"                               , "2022"     , "2025"   , "54"           , "480"         , "WD; jaWP; frWP; itWP; esWP; enWP"
"Q15736032" , "Handré Pollard"                , "Q885646"   , "156"     , "Bulls"                                          , "2025"     , NA       , "1"            , "4"           , "enWP"
"Q16150455" , "Guy Armitage"                  , "Q1048688"  , "201"     , "London Welsh RFC"                               , "2010"     , "2010"   , "1"            , "0"           , "frWP; enWP"
"Q16150455" , "Guy Armitage"                  , "Q1193020"  , "238"     , "London Irish RFC"                               , "2010"     , "2012"   , "8"            , "0"           , "WD; frWP; enWP"
"Q16150455" , "Guy Armitage"                  , "Q920928"   , "163"     , "England national under-20 rugby union team"     , "2011"     , "2011"   , "4"            , "0"           , "WD; frWP; enWP"
"Q16150455" , "Guy Armitage"                  , "Q657211"   , "105"     , "London Scottish F.C."                           , "2011"     , "2011"   , "2"            , "5"           , "WD; frWP; enWP"
"Q16150455" , "Guy Armitage"                  , "Q1048688"  , "201"     , "London Welsh RFC"                               , "2011"     , "2012"   , "3"            , "0"           , "enWP"
"Q16150455" , "Guy Armitage"                  , "Q1857064"  , "315"     , "RC Toulonnais"                                  , "2012"     , "2013"   , NA             , NA            , "frWP; enWP"
"Q16150455" , "Guy Armitage"                  , "Q1193020"  , "238"     , "London Irish RFC"                               , "2012"     , "2015"   , "35"           , "40"          , "frWP; enWP"
"Q16150455" , "Guy Armitage"                  , "Q1048688"  , "201"     , "London Welsh RFC"                               , "2015"     , "2016"   , "29"           , "65"          , "frWP; enWP"
"Q16150455" , "Guy Armitage"                  , "Q1150127"  , "231"     , "Wasps RFC"                                      , "2016"     , "2018"   , "11"           , "20"          , "frWP; enWP"
"Q16150455" , "Guy Armitage"                  , "Q6184915"  , "1391"    , "The Jersey Reds R.F.C."                         , "2017"     , "2017"   , "1"            , "5"           , "enWP"
"Q16150455" , "Guy Armitage"                  , "Q5325488"  , "1197"    , "Ealing Rugby Club"                              , "2018"     , "2019"   , "7"            , "20"          , "frWP; enWP"
"Q16202210" , "Stephen Hihetah"               , "Q657211"   , "105"     , "London Scottish F.C."                           , "2010"     , "2012"   , NA             , NA            , "WD; enWP"
"Q16202210" , "Stephen Hihetah"               , "Q4861045"  , "949"     , "Barking Rugby Football Club"                    , "2012"     , "2012"   , NA             , NA            , "enWP"
"Q16202210" , "Stephen Hihetah"               , "Q2481690"  , "365"     , "Blackheath F.C."                                , "2012"     , "2012"   , NA             , NA            , "WD; enWP"
"Q16202210" , "Stephen Hihetah"               , "Q4861045"  , "949"     , "Barking Rugby Football Club"                    , "2012"     , "2013"   , NA             , NA            , "enWP"
"Q16202210" , "Stephen Hihetah"               , "Q2932002"  , "447"     , "CSM Baia Mare"                                  , "2013"     , "2014"   , NA             , NA            , "enWP"
"Q16202210" , "Stephen Hihetah"               , "Q967505"   , "190"     , "Romania national rugby union team"              , "2013"     , "2015"   , "5"            , "0"           , "WD; enWP"
"Q16202210" , "Stephen Hihetah"               , "Q1360196"  , "251"     , "Leeds Tykes"                                    , "2014"     , "2015"   , NA             , NA            , "enWP"
"Q16202210" , "Stephen Hihetah"               , "Q3442851"  , "609"     , "Rosslyn Park F.C."                              , "2016"     , "2017"   , NA             , NA            , "enWP"
"Q16202210" , "Stephen Hihetah"               , "Q16994425" , "2298"    , "Hull RUFC"                                      , "2017"     , "2019"   , NA             , NA            , "enWP"
"Q16202959" , "Tetaz Chaparro"                , NA          , "3414"    , "Biguá Rugby Club"                               , "2005"     , "2008"   , NA             , NA            , "frWP; esWP"
"Q16202959" , "Tetaz Chaparro"                , "Q3211747"  , "543"     , "La Plata Rugby Club"                            , "2008"     , "2014"   , "33"           , "15"          , "itWP; frWP; esWP; enWP"
"Q16202959" , "Tetaz Chaparro"                , "Q4120756"  , "862"     , "Argentina national under-20 rugby union team"   , "2009"     , "2009"   , "6"            , "0"           , "frWP; enWP"
"Q16202959" , "Tetaz Chaparro"                , "Q3873496"  , "823"     , "Argentina A national rugby union team"          , "2009"     , "2014"   , "11"           , "5"           , "enWP"
"Q16202959" , "Tetaz Chaparro"                , "Q2060356"  , "331"     , "Pampas XV"                                      , "2010"     , "2011"   , "15"           , "0"           , "WD; frWP; itWP; enWP"
"Q16202959" , "Tetaz Chaparro"                , "Q646070"   , "101"     , "Argentina national rugby union team"            , "2010"     , NA       , "79"           , "15"          , "jaWP; frWP; itWP; enWP"
"Q16202959" , "Tetaz Chaparro"                , "Q1361000"  , "252"     , "Stade Français Rugby"                           , "2011"     , "2013"   , "8"            , "0"           , "enWP; jaWP; frWP; itWP; esWP"
"Q16202959" , "Tetaz Chaparro"                , "Q82216"    , "7"       , "Dragons"                                        , "2013"     , "2014"   , "19"           , "10"          , "WD; frWP; itWP; enWP"
"Q16202959" , "Tetaz Chaparro"                , "Q3211747"  , "543"     , "La Plata Rugby Club"                            , "2014"     , "2014"   , "1"            , "0"           , "itWP"
"Q16202959" , "Tetaz Chaparro"                , "Q4075"     , "1"       , "Lyon OU"                                        , "2014"     , "2015"   , "11"           , "0"           , "jaWP; frWP; itWP; enWP"
"Q16202959" , "Tetaz Chaparro"                , "Q3211747"  , "543"     , "La Plata Rugby Club"                            , "2015"     , "2015"   , "1"            , "0"           , "frWP"
"Q16202959" , "Tetaz Chaparro"                , "Q4075"     , "1"       , "Lyon OU"                                        , "2015"     , "2015"   , NA             , NA            , "esWP"
"Q16202959" , "Tetaz Chaparro"                , "Q19870761" , "2436"    , "Jaguares"                                       , "2016"     , "2020"   , "50"           , "0"           , "jaWP; frWP; itWP; esWP; enWP"
"Q16202959" , "Tetaz Chaparro"                , "Q917973"   , "162"     , "Bristol Bears"                                  , "2020"     , "2021"   , "4"            , "0"           , "itWP; esWP; jaWP; frWP; enWP"
"Q16202959" , "Tetaz Chaparro"                , "Q521129"   , "59"      , "Benetton Rugby Treviso"                         , "2021"     , NA       , "30"           , "0"           , "jaWP; frWP; itWP; enWP"
"Q16208904" , "Jacques du Plessis"            , "Q744636"   , "121"     , "Sharks"                                         , "2006"     , "2006"   , NA             , NA            , "frWP; enWP"
"Q16208904" , "Jacques du Plessis"            , "Q1170708"  , "233"     , "Pumas"                                          , "2009"     , "2011"   , NA             , NA            , "frWP; enWP"
"Q16208904" , "Jacques du Plessis"            , "Q885646"   , "156"     , "Bulls"                                          , "2012"     , "2013"   , NA             , NA            , "enWP"
"Q16208904" , "Jacques du Plessis"            , "Q3644047"  , "797"     , "South Africa national under-20 rugby union team", "2013"     , "2013"   , "5"            , "10"          , "frWP; enWP"
"Q16208904" , "Jacques du Plessis"            , NA          , "6190"    , "UP Tuks"                                        , "2013"     , "2013"   , "3"            , "0"           , "enWP"
"Q16208904" , "Jacques du Plessis"            , "Q885646"   , "156"     , "Bulls"                                          , "2013"     , "2015"   , "33"           , "25"          , "frWP; enWP"
"Q16208904" , "Jacques du Plessis"            , "Q596985"   , "76"      , "Montpellier Hérault Rugby"                      , "2015"     , "2021"   , "105"          , "55"          , "frWP; enWP"
"Q16208904" , "Jacques du Plessis"            , "Q885646"   , "156"     , "Bulls"                                          , "2021"     , "2023"   , "9"            , "0"           , "frWP; enWP"
"Q16208904" , "Jacques du Plessis"            , "Q810786"   , "138"     , "Bath Rugby"                                     , "2023"     , "2024"   , "5"            , "0"           , "frWP"
"Q16214444" , "Tommy Hayes"                   , "Q104901906", "2915"    , "Waikato Rugby Union Team"                       , "1997"     , "1997"   , NA             , NA            , "enWP"
"Q16214444" , "Tommy Hayes"                   , "Q528969"   , "60"      , "Glasgow Hawks"                                  , "1997"     , "2003"   , NA             , NA            , "enWP"
"Q16214444" , "Tommy Hayes"                   , "Q374981"   , "37"      , "Glasgow Warriors"                               , "1997"     , "2003"   , "115"          , "1165"        , "enWP"
"Q16214444" , "Tommy Hayes"                   , "Q2094512"  , "332"     , "Worcester Warriors"                             , "2003"     , "2005"   , "15"           , "75"          , "WD; enWP"
"Q16214444" , "Tommy Hayes"                   , "Q917973"   , "162"     , "Bristol Bears"                                  , "2005"     , "2006"   , "6"            , "19"          , "enWP"
"Q16214444" , "Tommy Hayes"                   , "Q289030"   , "26"      , "Birmingham Moseley Rugby Club"                  , "2006"     , "2007"   , NA             , NA            , "WD; enWP"
"Q16214444" , "Tommy Hayes"                   , "Q1132148"  , "218"     , "GranDucato Parma"                               , "2007"     , "2007"   , NA             , NA            , "enWP"
"Q16214444" , "Tommy Hayes"                   , "Q289030"   , "26"      , "Birmingham Moseley Rugby Club"                  , "2007"     , "2008"   , NA             , NA            , "enWP"
"Q16214444" , "Tommy Hayes"                   , "Q1138074"  , "223"     , "Coventry R.F.C."                                , "2009"     , "2010"   , NA             , NA            , "WD; enWP"
"Q16214444" , "Tommy Hayes"                   , "Q6745084"  , "1490"    , "Malvern RFC"                                    , "2010"     , "2012"   , NA             , NA            , "enWP"
"Q16214444" , "Tommy Hayes"                   , NA          , "4394"    , "Pershore RFC"                                   , "2012"     , NA       , NA             , NA            , "enWP"
"Q16214444" , "Tommy Hayes"                   , "Q635712"   , "90"      , "Cook Islands national rugby union team"         , NA         , NA       , NA             , NA            , "WD"
"Q16214444" , "Tommy Hayes"                   , NA          , "7598"    , "Waikato Rangers RC"                             , NA         , NA       , NA             , NA            , "enWP"
"Q16221749" , "DuRandt Gerber"                , "Q1170732"  , "237"     , "SWD Eagles"                                     , "2001"     , "2001"   , NA             , NA            , "enWP"
"Q16221749" , "DuRandt Gerber"                , "Q8085937"  , "2002"    , "Limpopo Blue Bulls"                             , "2005"     , "2005"   , NA             , NA            , "enWP"
"Q16221749" , "DuRandt Gerber"                , "Q3942382"  , "840"     , "Rugby Frascati Union"                           , "2006"     , "2007"   , NA             , NA            , "enWP"
"Q16221749" , "DuRandt Gerber"                , "Q3613720"  , "791"     , "Alghero Rugby Alghero"                          , "2007"     , "2008"   , NA             , NA            , "enWP"
"Q16221749" , "DuRandt Gerber"                , "Q1132148"  , "218"     , "GranDucato Parma"                               , "2008"     , "2011"   , "50"           , "129"         , "enWP"
"Q16221749" , "DuRandt Gerber"                , "Q3650906"  , "806"     , "Italy A national rugby union team"              , "2011"     , "2011"   , "1"            , "0"           , "enWP"
"Q16221749" , "DuRandt Gerber"                , "Q2278510"  , "341"     , "L'Aquila Rugby Club"                            , "2011"     , "2012"   , "18"           , "144"         , "enWP"
"Q16221749" , "DuRandt Gerber"                , "Q1101990"  , "205"     , "SS Lazio Rugby 1927"                            , "2012"     , "2013"   , "19"           , "141"         , "enWP"
"Q16221749" , "DuRandt Gerber"                , "Q1170716"  , "234"     , "Griquas"                                        , "2013"     , "2013"   , "6"            , "2"           , "enWP"
"Q16221749" , "DuRandt Gerber"                , "Q1101990"  , "205"     , "SS Lazio Rugby 1927"                            , "2013"     , NA       , NA             , NA            , "enWP"
"Q16232393" , "John Ryan"                     , "Q3551336"  , "724"     , "University College Cork RFC"                    , "2007"     , "2011"   , NA             , NA            , "frWP; enWP"
"Q16232393" , "John Ryan"                     , "Q2997389"  , "480"     , "Cork Constitution"                              , "2011"     , "2022"   , NA             , NA            , "enWP"
"Q16232393" , "John Ryan"                     , "Q1140373"  , "225"     , "Munster Rugby"                                  , "2011"     , "2022"   , "197"          , "25"          , "WD; jaWP; frWP; enWP"
"Q16232393" , "John Ryan"                     , "Q1193020"  , "238"     , "London Irish RFC"                               , "2012"     , "2012"   , "2"            , "0"           , "jaWP; frWP; enWP"
"Q16232393" , "John Ryan"                     , "Q17153081" , "2364"    , "Ireland B national rugby union team"            , "2013"     , "2014"   , "3"            , "0"           , "WD; enWP; frWP"
"Q16232393" , "John Ryan"                     , "Q599903"   , "77"      , "Ireland national rugby union team"              , "2016"     , "2021"   , "24"           , "5"           , "WD; jaWP; frWP; enWP"
"Q16232393" , "John Ryan"                     , "Q807749"   , "136"     , "Barbarian FC"                                   , "2022"     , "2022"   , "3"            , "0"           , "enWP"
"Q16232393" , "John Ryan"                     , "Q1150127"  , "231"     , "Wasps RFC"                                      , "2022"     , "2022"   , "4"            , "0"           , "jaWP; frWP; enWP"
"Q16232393" , "John Ryan"                     , "Q1140373"  , "225"     , "Munster Rugby"                                  , "2022"     , "2023"   , "8"            , "5"           , "jaWP; frWP; enWP"
"Q16232393" , "John Ryan"                     , "Q586617"   , "72"      , "Chiefs"                                         , "2023"     , "2023"   , "17"           , "0"           , "jaWP; frWP; enWP"
"Q16232393" , "John Ryan"                     , "Q1140373"  , "225"     , "Munster Rugby"                                  , "2023"     , NA       , "41"           , "0"           , "jaWP; frWP; enWP"
"Q16233491" , "John Quill"                    , "Q1140373"  , "225"     , "Munster Rugby"                                  , "2009"     , "2012"   , NA             , NA            , "enWP"
"Q16233491" , "John Quill"                    , "Q3034317"  , "489"     , "Dolphin RFC"                                    , "2011"     , "2014"   , NA             , NA            , "frWP; enWP"
"Q16233491" , "John Quill"                    , "Q4948043"  , "993"     , "Boston RFC"                                     , "2012"     , "2012"   , NA             , NA            , "frWP; enWP"
"Q16233491" , "John Quill"                    , "Q1143805"  , "228"     , "United States national rugby union team"        , "2012"     , "2019"   , "37"           , "25"          , "WD; jaWP; frWP; enWP"
"Q16233491" , "John Quill"                    , "Q1193020"  , "238"     , "London Irish RFC"                               , "2013"     , "2013"   , NA             , NA            , "enWP"
"Q16233491" , "John Quill"                    , "Q3034317"  , "489"     , "Dolphin RFC"                                    , "2013"     , "2014"   , NA             , NA            , "frWP; enWP"
"Q16233491" , "John Quill"                    , "Q1048688"  , "201"     , "London Welsh RFC"                               , "2014"     , "2014"   , "8"            , "15"          , "WD; frWP; enWP"
"Q16233491" , "John Quill"                    , "Q16238092" , "2168"    , "New York Athletic Club RFC"                     , "2015"     , "2015"   , NA             , NA            , "frWP; enWP"
"Q16233491" , "John Quill"                    , "Q23058668" , "2538"    , "Sacramento Express"                             , "2016"     , "2016"   , "10"           , "15"          , "jaWP; frWP; enWP"
"Q16233491" , "John Quill"                    , "Q5568381"  , "1266"    , "Glendale Merlins"                               , "2017"     , "2017"   , NA             , NA            , "frWP"
"Q16233491" , "John Quill"                    , "Q48861120" , "2691"    , "American Raptors"                               , "2018"     , "2018"   , "5"            , "15"          , "jaWP; frWP; enWP"
"Q16233491" , "John Quill"                    , "Q54953803" , "2699"    , "Rugby New York"                                 , "2019"     , "2019"   , "12"           , "15"          , "jaWP; frWP; enWP"
"Q16233491" , "John Quill"                    , NA          , "7062"    , "Cork Institute of Technology"                   , NA         , NA       , NA             , NA            , "frWP"
"Q16233491" , "John Quill"                    , NA          , "6932"    , "Ireland national under-18 rugby union team"     , NA         , NA       , NA             , NA            , "frWP"
"Q16234139" , "Javier Rojas"                  , "Q4120756"  , "862"     , "Argentina national under-20 rugby union team"   , "2011"     , "2011"   , "8"            , "0"           , "enWP"
"Q16234139" , "Javier Rojas"                  , "Q7894406"  , "1921"    , "Universitario Rugby Club de Tucumán"            , "2011"     , "2012"   , NA             , NA            , "frWP; itWP; enWP"
"Q16234139" , "Javier Rojas"                  , "Q7894406"  , "1921"    , "Universitario Rugby Club de Tucumán"            , "2011"     , "2013"   , NA             , NA            , "enWP"
"Q16234139" , "Javier Rojas"                  , "Q2060356"  , "331"     , "Pampas XV"                                      , "2012"     , "2017"   , "19"           , "32"          , "WD; frWP; itWP; enWP"
"Q16234139" , "Javier Rojas"                  , "Q646070"   , "101"     , "Argentina national rugby union team"            , "2012"     , "2014"   , "5"            , "5"           , "frWP; itWP; enWP"
"Q16234139" , "Javier Rojas"                  , "Q1473503"  , "268"     , "SC Albi"                                        , "2015"     , "2016"   , "20"           , "8"           , "frWP; itWP; enWP"
"Q16234139" , "Javier Rojas"                  , "Q2035617"  , "329"     , "Rugby Viadana"                                  , "2017"     , "2018"   , "7"            , "57"          , "frWP; itWP; enWP"
"Q16234139" , "Javier Rojas"                  , "Q1134198"  , "220"     , "Cornish Pirates"                                , "2018"     , NA       , "34"           , "199"         , "frWP; itWP; enWP"
"Q16234139" , "Javier Rojas"                  , "Q2400465"  , "359"     , "Club Atlético del Rosario"                      , "2019"     , "2019"   , "6"            , "10"          , "frWP"
"Q16234650" , "Travis Ismaiel"                , "Q885646"   , "156"     , "Bulls"                                          , "2011"     , "2019"   , "86"           , "175"         , "frWP; enWP"
"Q16234650" , "Travis Ismaiel"                , "Q3644047"  , "797"     , "South Africa national under-20 rugby union team", "2012"     , "2012"   , "1"            , "0"           , "frWP; enWP"
"Q16234650" , "Travis Ismaiel"                , NA          , "6190"    , "UP Tuks"                                        , "2013"     , "2013"   , NA             , NA            , "enWP"
"Q16234650" , "Travis Ismaiel"                , "Q3873494"  , "822"     , "Emerging Springboks"                            , "2016"     , "2016"   , "2"            , "0"           , "frWP; enWP"
"Q16234650" , "Travis Ismaiel"                , "Q498478"   , "52"      , "South Africa national rugby union team"         , "2018"     , "2018"   , "1"            , "5"           , "frWP; enWP"
"Q16234650" , "Travis Ismaiel"                , "Q885646"   , "156"     , "Bulls"                                          , "2019"     , "2019"   , "5"            , "20"          , "enWP"
"Q16234650" , "Travis Ismaiel"                , "Q1149835"  , "230"     , "Harlequin F.C."                                 , "2019"     , "2020"   , "7"            , "0"           , "frWP; enWP"
"Q16234650" , "Travis Ismaiel"                , "Q885646"   , "156"     , "Bulls"                                          , "2020"     , "2021"   , "5"            , "0"           , "frWP; enWP"
"Q16234958" , "Rob Evans"                     , "Q538747"   , "64"      , "Scarlets"                                       , "2010"     , "2013"   , NA             , NA            , "itWP"
"Q16234958" , "Rob Evans"                     , "Q1043501"  , "200"     , "Carmarthen Quins RFC"                           , "2010"     , "2014"   , "34"           , "30"          , "frWP; itWP; enWP"
"Q16234958" , "Rob Evans"                     , "Q7961834"  , "1950"    , "Wales national under-20 rugby union team"       , "2011"     , "2012"   , "13"           , "10"          , "frWP; enWP"
"Q16234958" , "Rob Evans"                     , "Q538747"   , "64"      , "Scarlets"                                       , "2013"     , "2022"   , "151"          , "60"          , "frWP; itWP; enWP"
"Q16234958" , "Rob Evans"                     , "Q822877"   , "143"     , "Wales national rugby union team"                , "2015"     , "2020"   , "39"           , "5"           , "WD; frWP; itWP; enWP"
"Q16234958" , "Rob Evans"                     , "Q82216"    , "7"       , "Dragons"                                        , "2022"     , "2023"   , "11"           , "0"           , "frWP; enWP"
"Q16234958" , "Rob Evans"                     , "Q119999690", "3139"    , "Miami Sharks"                                   , "2023"     , "2025"   , "12"           , "0"           , "enWP; frWP"
"Q16234958" , "Rob Evans"                     , "Q5683768"  , "1311"    , "Haverfordwest RFC"                              , NA         , "2010"   , NA             , NA            , "itWP"
"Q16235958" , "Harold Vorster"                , "Q8085937"  , "2002"    , "Limpopo Blue Bulls"                             , "2006"     , "2011"   , NA             , NA            , "enWP"
"Q16235958" , "Harold Vorster"                , "Q1210146"  , "241"     , "Lions"                                          , "2012"     , "2014"   , "11"           , "5"           , "jaWP; enWP"
"Q16235958" , "Harold Vorster"                , "Q3644047"  , "797"     , "South Africa national under-20 rugby union team", "2013"     , "2013"   , NA             , NA            , "enWP"
"Q16235958" , "Harold Vorster"                , "Q125958274", "3194"    , "UJ Rugby"                                       , "2014"     , "2014"   , "7"            , "5"           , "enWP"
"Q16235958" , "Harold Vorster"                , "Q1210146"  , "241"     , "Lions"                                          , "2014"     , "2019"   , "75"           , "60"          , "enWP"
"Q16235958" , "Harold Vorster"                , "Q807749"   , "136"     , "Barbarian FC"                                   , "2017"     , "2017"   , "2"            , "0"           , "enWP"
"Q16235958" , "Harold Vorster"                , "Q3873494"  , "822"     , "Emerging Springboks"                            , "2017"     , "2017"   , "1"            , "10"          , "enWP"
"Q16235958" , "Harold Vorster"                , "Q3361904"  , "579"     , "Saiatama Panasonic Wild Knights"                , "2018"     , "2021"   , "8"            , "15"          , "WD; enWP"
"Q16235958" , "Harold Vorster"                , "Q885646"   , "156"     , "Bulls"                                          , "2021"     , NA       , "20"           , "20"          , "jaWP; enWP"
"Q16236197" , "Jonny Hill"                    , "Q745758"   , "122"     , "Gloucester Rugby"                               , "2013"     , "2014"   , "2"            , "0"           , "enWP; WD; frWP"
"Q16236197" , "Jonny Hill"                    , "Q920928"   , "163"     , "England national under-20 rugby union team"     , "2014"     , "2014"   , "2"            , "0"           , "frWP; enWP"
"Q16236197" , "Jonny Hill"                    , "Q745758"   , "122"     , "Gloucester Rugby"                               , "2014"     , "2015"   , NA             , NA            , "itWP"
"Q16236197" , "Jonny Hill"                    , "Q675305"   , "111"     , "Exeter Chiefs"                                  , "2015"     , "2022"   , "116"          , "160"         , "WD; frWP; itWP; enWP"
"Q16236197" , "Jonny Hill"                    , "Q378628"   , "39"      , "England national rugby union team"              , "2020"     , "2023"   , "23"           , "5"           , "WD; jaWP; frWP; itWP; enWP"
"Q16236197" , "Jonny Hill"                    , "Q733600"   , "118"     , "British & Irish Lions"                          , "2021"     , "2021"   , NA             , NA            , "jaWP; enWP"
"Q16236197" , "Jonny Hill"                    , "Q928517"   , "164"     , "Sale Sharks"                                    , "2022"     , "2025"   , "56"           , "45"          , "jaWP; frWP; itWP; enWP"
"Q16236197" , "Jonny Hill"                    , "Q118498"   , "10"      , "Racing 92"                                      , "2025"     , NA       , "8"            , "0"           , "enWP"
"Q16236197" , "Jonny Hill"                    , "Q11986910" , "2116"    , "Luctonians"                                     , NA         , NA       , NA             , NA            , "frWP"
"Q16236331" , "Malcolm Marx"                  , "Q1210146"  , "241"     , "Lions"                                          , "2007"     , "2015"   , NA             , NA            , "enWP"
"Q16236331" , "Malcolm Marx"                  , "Q18379627" , "2403"    , "South Africa national under-18 rugby union team", "2012"     , "2012"   , "2"            , "0"           , "enWP"
"Q16236331" , "Malcolm Marx"                  , "Q125958274", "3194"    , "UJ Rugby"                                       , "2013"     , "2013"   , "8"            , "20"          , "jaWP; enWP"
"Q16236331" , "Malcolm Marx"                  , "Q3644047"  , "797"     , "South Africa national under-20 rugby union team", "2014"     , "2014"   , "1"            , "5"           , "WD; jaWP; frWP; enWP"
"Q16236331" , "Malcolm Marx"                  , "Q1210146"  , "241"     , "Lions"                                          , "2014"     , "2019"   , "101"          , "165"         , "WD; frWP; jaWP; itWP; esWP; enWP"
"Q16236331" , "Malcolm Marx"                  , "Q3873494"  , "822"     , "Emerging Springboks"                            , "2016"     , "2016"   , "2"            , "0"           , "enWP"
"Q16236331" , "Malcolm Marx"                  , "Q498478"   , "52"      , "South Africa national rugby union team"         , "2016"     , NA       , "87"           , "135"         , "WD; jaWP; frWP; itWP; enWP"
"Q16236331" , "Malcolm Marx"                  , "Q6137222"  , "1385"    , "Urayasu D-Rocks"                                , "2019"     , "2021"   , "6"            , "25"          , "itWP; WD; jaWP; frWP; esWP"
"Q16236331" , "Malcolm Marx"                  , "Q6441306"  , "1423"    , "Kubota Spears Funabashi Tokyo-Bay"              , "2021"     , NA       , "50"           , "180"         , "WD; jaWP; frWP; itWP; esWP; enWP"
"Q16731047" , "Jesse Kriel"                   , "Q744636"   , "121"     , "Sharks"                                         , "2012"     , "2012"   , NA             , NA            , "jaWP; enWP"
"Q16731047" , "Jesse Kriel"                   , "Q18379627" , "2403"    , "South Africa national under-18 rugby union team", "2012"     , "2012"   , "2"            , "0"           , "enWP"
"Q16731047" , "Jesse Kriel"                   , "Q3644047"  , "797"     , "South Africa national under-20 rugby union team", "2012"     , "2014"   , "9"            , "35"          , "frWP; enWP"
"Q16731047" , "Jesse Kriel"                   , NA          , "6190"    , "UP Tuks"                                        , "2013"     , "2013"   , NA             , NA            , "jaWP; enWP"
"Q16731047" , "Jesse Kriel"                   , "Q885646"   , "156"     , "Bulls"                                          , "2013"     , "2019"   , "94"           , "129"         , "jaWP; frWP; itWP; esWP; enWP"
"Q16731047" , "Jesse Kriel"                   , "Q498478"   , "52"      , "South Africa national rugby union team"         , "2015"     , "2015"   , "84"           , "95"          , "jaWP; frWP; itWP; enWP"
"Q16731047" , "Jesse Kriel"                   , "Q10880452" , "2038"    , "Red Hurricanes Osaka"                           , "2015"     , "2016"   , "9"            , "20"          , "WD; jaWP; frWP; itWP; esWP; enWP"
"Q16731047" , "Jesse Kriel"                   , "Q3873494"  , "822"     , "Emerging Springboks"                            , "2016"     , "2016"   , "1"            , "0"           , "enWP"
"Q16731047" , "Jesse Kriel"                   , "Q885646"   , "156"     , "Bulls"                                          , "2018"     , "2018"   , "1"            , "5"           , "itWP"
"Q16731047" , "Jesse Kriel"                   , "Q5033238"  , "1056"    , "Yokohama Canon Eagles"                          , "2019"     , NA       , "69"           , "140"         , "itWP; jaWP; frWP; esWP; enWP"
"Q17038715" , "Sti Sithole"                   , "Q744636"   , "121"     , "Sharks"                                         , "2009"     , "2009"   , NA             , NA            , "enWP"
"Q17038715" , "Sti Sithole"                   , "Q794910"   , "135"     , "Stormers"                                       , "2012"     , "2014"   , NA             , NA            , "enWP"
"Q17038715" , "Sti Sithole"                   , "Q5995899"  , "1358"    , "Ikey Tigers"                                    , "2013"     , "2013"   , "6"            , "5"           , "enWP"
"Q17038715" , "Sti Sithole"                   , "Q3644047"  , "797"     , "South Africa national under-20 rugby union team", "2013"     , "2013"   , "4"            , "0"           , "enWP"
"Q17038715" , "Sti Sithole"                   , "Q794910"   , "135"     , "Stormers"                                       , "2014"     , "2016"   , "16"           , "0"           , "enWP"
"Q17038715" , "Sti Sithole"                   , "Q949807"   , "179"     , "Southern Kings"                                 , "2016"     , "2016"   , "10"           , "0"           , "enWP"
"Q17038715" , "Sti Sithole"                   , "Q1210146"  , "241"     , "Lions"                                          , "2017"     , "2023"   , "68"           , "20"          , "enWP"
"Q17517347" , "Neil Rautenbach"               , "Q794910"   , "135"     , "Stormers"                                       , "2007"     , "2012"   , NA             , NA            , "enWP"
"Q17517347" , "Neil Rautenbach"               , "Q5995899"  , "1358"    , "Ikey Tigers"                                    , "2011"     , "2014"   , "16"           , "0"           , "enWP"
"Q17517347" , "Neil Rautenbach"               , "Q20981974" , "2475"    , "South African Universities rugby union team"    , "2012"     , "2012"   , "2"            , "0"           , "enWP"
"Q17517347" , "Neil Rautenbach"               , "Q794910"   , "135"     , "Stormers"                                       , "2014"     , "2015"   , "15"           , "0"           , "enWP"
"Q17517347" , "Neil Rautenbach"               , "Q266149"   , "22"      , "Cheetahs"                                       , "2015"     , "2015"   , "4"            , "0"           , "enWP"
"Q17517347" , "Neil Rautenbach"               , "Q794910"   , "135"     , "Stormers"                                       , "2015"     , "2015"   , "3"            , "0"           , "enWP"
"Q17517347" , "Neil Rautenbach"               , "Q266149"   , "22"      , "Cheetahs"                                       , "2016"     , "2016"   , "1"            , "5"           , "enWP"
"Q17517347" , "Neil Rautenbach"               , "Q3116637"  , "531"     , "Griffons"                                       , "2016"     , "2016"   , "5"            , "5"           , "enWP"
"Q17517347" , "Neil Rautenbach"               , "Q794910"   , "135"     , "Stormers"                                       , "2016"     , "2016"   , "4"            , "0"           , "enWP"
"Q17517347" , "Neil Rautenbach"               , "Q1170721"  , "235"     , "Boland Cavaliers"                               , "2019"     , NA       , "12"           , "15"          , "enWP"
"Q17523906" , "Lucas Noguera Paz"             , NA          , "6910"    , "Argentina national under-19 rugby union team"   , "2012"     , "2012"   , "3"            , "5"           , "enWP"
"Q17523906" , "Lucas Noguera Paz"             , "Q4120756"  , "862"     , "Argentina national under-20 rugby union team"   , "2013"     , "2013"   , "8"            , "5"           , "enWP"
"Q17523906" , "Lucas Noguera Paz"             , "Q130550687", "3228"    , "Lince Rugby club"                               , "2013"     , "2014"   , NA             , NA            , "enWP; jaWP; itWP; esWP"
"Q17523906" , "Lucas Noguera Paz"             , "Q2060356"  , "331"     , "Pampas XV"                                      , "2014"     , "2015"   , "8"            , "0"           , "esWP; enWP"
"Q17523906" , "Lucas Noguera Paz"             , "Q646070"   , "101"     , "Argentina national rugby union team"            , "2014"     , NA       , "43"           , "10"          , "jaWP; itWP; enWP"
"Q17523906" , "Lucas Noguera Paz"             , "Q2060356"  , "331"     , "Pampas XV"                                      , "2015"     , "2015"   , NA             , NA            , "WD; itWP"
"Q17523906" , "Lucas Noguera Paz"             , "Q19870761" , "2436"    , "Jaguares"                                       , "2016"     , "2017"   , "15"           , "0"           , "jaWP; itWP; esWP; enWP"
"Q17523906" , "Lucas Noguera Paz"             , "Q810786"   , "138"     , "Bath Rugby"                                     , "2017"     , "2020"   , "22"           , "0"           , "jaWP; itWP; enWP; esWP"
"Q17523906" , "Lucas Noguera Paz"             , "Q1360196"  , "251"     , "Leeds Tykes"                                    , "2019"     , "2019"   , "1"            , "0"           , "enWP"
"Q18222876" , "Riccardo Brugnara"             , NA          , "5606"    , "Rugby Mantova SRL SSD"                          , "2006"     , "2010"   , NA             , NA            , "itWP; enWP"
"Q18222876" , "Riccardo Brugnara"             , "Q2035617"  , "329"     , "Rugby Viadana"                                  , "2010"     , "2011"   , NA             , NA            , "itWP; enWP"
"Q18222876" , "Riccardo Brugnara"             , "Q1071691"  , "204"     , "Leicester Tigers"                               , "2011"     , "2017"   , "15"           , "0"           , "itWP; enWP"
"Q18222876" , "Riccardo Brugnara"             , "Q3036238"  , "490"     , "Doncaster R.F.C."                               , "2013"     , "2016"   , "22"           , "5"           , "enWP; itWP"
"Q18222876" , "Riccardo Brugnara"             , "Q6686175"  , "1476"    , "Loughborough Students RUFC"                     , "2015"     , "2017"   , "32"           , "10"          , "enWP"
"Q18222876" , "Riccardo Brugnara"             , "Q3650906"  , "806"     , "Italy A national rugby union team"              , "2016"     , "2018"   , "4"            , "0"           , "WD; enWP"
"Q18222876" , "Riccardo Brugnara"             , "Q521129"   , "59"      , "Benetton Rugby Treviso"                         , "2017"     , "2019"   , "2"            , "0"           , "itWP; enWP"
"Q18222876" , "Riccardo Brugnara"             , "Q979797"   , "194"     , "Rugby Rovigo"                                   , "2017"     , "2019"   , "47"           , "10"          , "itWP; enWP"
"Q18222876" , "Riccardo Brugnara"             , "Q950674"   , "180"     , "Zebre"                                          , "2019"     , "2021"   , "5"            , "0"           , "itWP"
"Q18222876" , "Riccardo Brugnara"             , "Q388269"   , "40"      , "Rugby Calvisano"                                , "2019"     , "2023"   , "73"           , "0"           , "itWP; enWP"
"Q18222876" , "Riccardo Brugnara"             , "Q950674"   , "180"     , "Zebre"                                          , "2020"     , "2020"   , "5"            , "0"           , "enWP"
"Q18222876" , "Riccardo Brugnara"             , "Q2637322"  , "380"     , "Petrarca Rugby"                                 , "2023"     , "2025"   , "31"           , "5"           , "itWP; enWP"
"Q18222876" , "Riccardo Brugnara"             , "Q93928"    , "8"       , "Valorugby Emilia"                               , "2025"     , NA       , NA             , NA            , "enWP"
"Q18637759" , "Matías Moroni"                 , "Q48790206" , "2687"    , "Club Universitario de Buenos Aires rugby"       , "2008"     , "2014"   , "52"           , "60"          , "itWP; jaWP; frWP; enWP"
"Q18637759" , "Matías Moroni"                 , "Q4120756"  , "862"     , "Argentina national under-20 rugby union team"   , "2011"     , "2011"   , "5"            , "5"           , "frWP; enWP; jaWP"
"Q18637759" , "Matías Moroni"                 , "Q48790206" , "2687"    , "Club Universitario de Buenos Aires rugby"       , "2011"     , "2014"   , "52"           , "60"          , "itWP; esWP"
"Q18637759" , "Matías Moroni"                 , "Q2060356"  , "331"     , "Pampas XV"                                      , "2014"     , "2015"   , "4"            , "25"          , "WD; jaWP; frWP; itWP; esWP; enWP"
"Q18637759" , "Matías Moroni"                 , "Q646070"   , "101"     , "Argentina national rugby union team"            , "2014"     , NA       , "89"           , "65"          , "jaWP; frWP; itWP; enWP"
"Q18637759" , "Matías Moroni"                 , "Q3873496"  , "823"     , "Argentina A national rugby union team"          , "2015"     , "2015"   , "2"            , "0"           , "frWP"
"Q18637759" , "Matías Moroni"                 , "Q19870761" , "2436"    , "Jaguares"                                       , "2015"     , "2020"   , "46"           , "60"          , "WD; jaWP; esWP; frWP; itWP; enWP"
"Q18637759" , "Matías Moroni"                 , "Q1071691"  , "204"     , "Leicester Tigers"                               , "2020"     , "2022"   , "35"           , "25"          , "jaWP; frWP; itWP; esWP; enWP"
"Q18637759" , "Matías Moroni"                 , "Q910657"   , "160"     , "Newcastle Red Bulls"                            , "2022"     , "2024"   , "20"           , "10"          , "jaWP; frWP; esWP; enWP"
"Q18637759" , "Matías Moroni"                 , "Q1022912"  , "197"     , "CA Brive"                                       , "2025"     , "2025"   , "8"            , "0"           , "frWP; esWP; enWP"
"Q18637759" , "Matías Moroni"                 , "Q917973"   , "162"     , "Bristol Bears"                                  , "2025"     , NA       , NA             , NA            , "enWP"
"Q19560446" , "Charlie Ewels"                 , "Q4950293"  , "995"     , "Bournemouth Rugby Club"                         , "2002"     , "2009"   , NA             , NA            , "itWP"
"Q19560446" , "Charlie Ewels"                 , "Q810786"   , "138"     , "Bath Rugby"                                     , "2009"     , "2014"   , NA             , NA            , "itWP"
"Q19560446" , "Charlie Ewels"                 , "Q920928"   , "163"     , "England national under-20 rugby union team"     , "2014"     , "2015"   , "18"           , "0"           , "WD; frWP; enWP"
"Q19560446" , "Charlie Ewels"                 , "Q810786"   , "138"     , "Bath Rugby"                                     , "2014"     , NA       , "183"          , "20"          , "WD; frWP; itWP; enWP"
"Q19560446" , "Charlie Ewels"                 , "Q378628"   , "39"      , "England national rugby union team"              , "2016"     , "2016"   , "33"           , "10"          , "WD; jaWP; frWP; itWP; enWP"
"Q19560446" , "Charlie Ewels"                 , "Q885646"   , "156"     , "Bulls"                                          , "2023"     , "2023"   , "6"            , "0"           , "frWP; enWP"
"Q19560446" , "Charlie Ewels"                 , "Q5378054"  , "1217"    , "England national under-18 rugby union team"     , NA         , NA       , NA             , NA            , "WD"
"Q19968642" , "Danie Jordaan"                 , "Q1210146"  , "241"     , "Lions"                                          , "2008"     , "2008"   , NA             , NA            , "enWP"
"Q19968642" , "Danie Jordaan"                 , "Q1170726"  , "236"     , "Falcons"                                        , "2010"     , "2010"   , NA             , NA            , "enWP"
"Q19968642" , "Danie Jordaan"                 , "Q885646"   , "156"     , "Bulls"                                          , "2010"     , "2011"   , NA             , NA            , "enWP"
"Q19968642" , "Danie Jordaan"                 , "Q1777760"  , "308"     , "Leopards"                                       , "2011"     , "2012"   , NA             , NA            , "enWP"
"Q19968642" , "Danie Jordaan"                 , NA          , "6942"    , "North-West University"                          , "2012"     , "2012"   , "24"           , "15"          , "enWP"
"Q19968642" , "Danie Jordaan"                 , "Q1777760"  , "308"     , "Leopards"                                       , "2012"     , "2016"   , "20"           , "0"           , "enWP"
"Q20643173" , "Makazole Mapimpi"              , "Q651731"   , "103"     , "Border Bulldogs"                                , "2009"     , "2016"   , "54"           , "149"         , "WD; jaWP; frWP; itWP; esWP; enWP"
"Q20643173" , "Makazole Mapimpi"              , "Q266149"   , "22"      , "Cheetahs"                                       , "2017"     , "2017"   , "6"            , "37"          , "frWP; itWP"
"Q20643173" , "Makazole Mapimpi"              , "Q3873494"  , "822"     , "Emerging Springboks"                            , "2017"     , "2017"   , "1"            , "5"           , "enWP"
"Q20643173" , "Makazole Mapimpi"              , "Q949807"   , "179"     , "Southern Kings"                                 , "2017"     , "2017"   , "14"           , "55"          , "WD; jaWP; frWP; itWP; esWP; enWP"
"Q20643173" , "Makazole Mapimpi"              , "Q266149"   , "22"      , "Cheetahs"                                       , "2017"     , "2018"   , "13"           , "50"          , "WD; jaWP; frWP; itWP; esWP; enWP"
"Q20643173" , "Makazole Mapimpi"              , "Q744636"   , "121"     , "Sharks"                                         , "2018"     , "2020"   , "80"           , "185"         , "frWP; esWP; WD; itWP; enWP; jaWP"
"Q20643173" , "Makazole Mapimpi"              , "Q498478"   , "52"      , "South Africa national rugby union team"         , "2018"     , NA       , "47"           , "165"         , "WD; jaWP; frWP; itWP; esWP; enWP"
"Q20643173" , "Makazole Mapimpi"              , "Q10880452" , "2038"    , "Red Hurricanes Osaka"                           , "2020"     , "2021"   , "6"            , "20"          , "jaWP; itWP; esWP; enWP; frWP"
"Q20643173" , "Makazole Mapimpi"              , "Q744636"   , "121"     , "Sharks"                                         , "2021"     , NA       , "36"           , "100"         , "frWP; itWP; jaWP"
"Q20714025" , "Javan Sebastian"               , "Q538747"   , "64"      , "Scarlets"                                       , "2015"     , "2015"   , "1"            , "0"           , "WD; frWP"
"Q20714025" , "Javan Sebastian"               , "Q793219"   , "133"     , "Ayr RFC"                                        , "2015"     , "2016"   , NA             , NA            , "WD; frWP"
"Q20714025" , "Javan Sebastian"               , "Q374981"   , "37"      , "Glasgow Warriors"                               , "2015"     , "2016"   , NA             , NA            , "WD; frWP"
"Q20714025" , "Javan Sebastian"               , "Q538747"   , "64"      , "Scarlets"                                       , "2015"     , "2023"   , "68"           , "10"          , "enWP; frWP"
"Q20714025" , "Javan Sebastian"               , "Q945016"   , "176"     , "Scotland national rugby union team"             , "2021"     , NA       , "10"           , "0"           , "WD; jaWP; frWP; enWP"
"Q20714025" , "Javan Sebastian"               , "Q7435629"  , "1786"    , "Scotland A national rugby union team"           , "2022"     , "2022"   , "1"            , "0"           , "frWP; enWP"
"Q20714025" , "Javan Sebastian"               , "Q739613"   , "120"     , "Edinburgh Rugby"                                , "2023"     , "2025"   , "28"           , "10"          , "WD; frWP; enWP"
"Q20714025" , "Javan Sebastian"               , "Q5043191"  , "1064"    , "Carmarthen Athletic RFC"                        , NA         , NA       , NA             , NA            , "WD"
"Q20714025" , "Javan Sebastian"               , "Q1043501"  , "200"     , "Carmarthen Quins RFC"                           , NA         , NA       , NA             , NA            , "WD"
"Q20714025" , "Javan Sebastian"               , "Q7961831"  , "1949"    , "Wales national under-18 rugby union team"       , NA         , NA       , NA             , NA            , "WD"
"Q20810781" , "Jacques du Toit"               , "Q266149"   , "22"      , "Cheetahs"                                       , "2011"     , "2020"   , "87"           , "35"          , "enWP"
"Q20810781" , "Jacques du Toit"               , "Q3644047"  , "797"     , "South Africa national under-20 rugby union team", "2013"     , "2013"   , "5"            , "5"           , "enWP"
"Q20810781" , "Jacques du Toit"               , NA          , "6188"    , "UFS Shimlas"                                    , "2013"     , "2015"   , "12"           , "10"          , "enWP"
"Q20810781" , "Jacques du Toit"               , "Q949807"   , "179"     , "Southern Kings"                                 , "2019"     , "2020"   , "12"           , "0"           , "enWP"
"Q20810781" , "Jacques du Toit"               , "Q266149"   , "22"      , "Cheetahs"                                       , "2020"     , "2021"   , "2"            , "0"           , "enWP"
"Q20810781" , "Jacques du Toit"               , "Q810786"   , "138"     , "Bath Rugby"                                     , "2021"     , "2022"   , "32"           , "15"          , "enWP"
"Q20810781" , "Jacques du Toit"               , "Q950674"   , "180"     , "Zebre"                                          , "2022"     , "2023"   , "11"           , "15"          , "enWP"
"Q20981753" , "Zee Mkhabela"                  , "Q744636"   , "121"     , "Sharks"                                         , "2010"     , "2012"   , NA             , NA            , "enWP"
"Q20981753" , "Zee Mkhabela"                  , "Q18379627" , "2403"    , "South Africa national under-18 rugby union team", "2011"     , "2011"   , "1"            , "0"           , "enWP"
"Q20981753" , "Zee Mkhabela"                  , "Q266149"   , "22"      , "Cheetahs"                                       , "2013"     , "2015"   , NA             , NA            , "enWP"
"Q20981753" , "Zee Mkhabela"                  , "Q266149"   , "22"      , "Cheetahs"                                       , "2015"     , "2018"   , "31"           , "20"          , "enWP"
"Q20981753" , "Zee Mkhabela"                  , "Q3644047"  , "797"     , "South Africa national under-20 rugby union team", "2014"     , "2014"   , "1"            , "0"           , "enWP"
"Q20981753" , "Zee Mkhabela"                  , NA          , "6188"    , "UFS Shimlas"                                    , "2015"     , "2016"   , "11"           , "0"           , "enWP"
"Q20981753" , "Zee Mkhabela"                  , "Q744636"   , "121"     , "Sharks"                                         , "2019"     , "2019"   , "5"            , "5"           , "enWP"
"Q20981753" , "Zee Mkhabela"                  , "Q266149"   , "22"      , "Cheetahs"                                       , "2020"     , "2020"   , "1"            , "0"           , "enWP"
"Q20981753" , "Zee Mkhabela"                  , "Q592714"   , "74"      , "Valladolid RAC"                                 , "2021"     , "2022"   , "8"            , "5"           , "enWP"
"Q20981753" , "Zee Mkhabela"                  , "Q744636"   , "121"     , "Sharks"                                         , "2022"     , NA       , "2"            , "0"           , "enWP"
"Q20981787" , "Nqoba Mxoli"                   , "Q885646"   , "156"     , "Bulls"                                          , "2013"     , "2019"   , "26"           , "25"          , "enWP"
"Q20981787" , "Nqoba Mxoli"                   , "Q3644047"  , "797"     , "South Africa national under-20 rugby union team", "2014"     , "2014"   , NA             , NA            , "enWP"
"Q20981787" , "Nqoba Mxoli"                   , NA          , "6190"    , "UP Tuks"                                        , "2015"     , "2015"   , "8"            , "10"          , "enWP"
"Q20981787" , "Nqoba Mxoli"                   , "Q1170716"  , "234"     , "Griquas"                                        , "2019"     , "2021"   , "26"           , "5"           , "enWP"
"Q20981787" , "Nqoba Mxoli"                   , "Q266149"   , "22"      , "Cheetahs"                                       , "2021"     , "2022"   , NA             , NA            , "enWP"
"Q20981787" , "Nqoba Mxoli"                   , "Q3116637"  , "531"     , "Griffons"                                       , "2022"     , "2022"   , "8"            , "0"           , "enWP"
"Q20981787" , "Nqoba Mxoli"                   , "Q266149"   , "22"      , "Cheetahs"                                       , "2022"     , NA       , NA             , NA            , "enWP"
"Q21067225" , "Casper Viviers"                , NA          , "7173"    , "Namibia national under-18 rugby union team"     , "2005"     , "2005"   , NA             , NA            , "enWP"
"Q21067225" , "Casper Viviers"                , "Q1422627"  , "263"     , "SU Agen Lot-et-Garonne"                         , "2006"     , "2010"   , NA             , NA            , "frWP"
"Q21067225" , "Casper Viviers"                , "Q1628212"  , "295"     , "Cahors Rugby"                                   , "2010"     , "2011"   , "13"           , "0"           , "frWP; enWP"
"Q21067225" , "Casper Viviers"                , "Q1248558"  , "243"     , "Namibia national rugby union team"              , "2010"     , NA       , "39"           , "5"           , "frWP; enWP"
"Q21067225" , "Casper Viviers"                , "Q2868062"  , "408"     , "AS Saint-Junien"                                , "2011"     , "2013"   , "29"           , "5"           , "frWP; enWP"
"Q21067225" , "Casper Viviers"                , "Q3494132"  , "660"     , "Sporting Club nazairien"                        , "2013"     , "2015"   , "27"           , "5"           , "frWP; enWP"
"Q21067225" , "Casper Viviers"                , "Q3335463"  , "563"     , "Welwitschias"                                   , "2015"     , "2018"   , "9"            , "0"           , "frWP; enWP"
"Q21067225" , "Casper Viviers"                , "Q661552"   , "106"     , "AC Bobigny 93 Rugby"                            , "2015"     , "2018"   , "31"           , "5"           , "enWP; frWP"
"Q21067225" , "Casper Viviers"                , "Q3452865"  , "632"     , "Rugby Club Suresnes Hauts-de-Seine"             , "2018"     , "2020"   , "16"           , "5"           , "frWP"
"Q21067225" , "Casper Viviers"                , "Q3335463"  , "563"     , "Welwitschias"                                   , "2018"     , "2020"   , "2"            , "0"           , "enWP"
"Q21067225" , "Casper Viviers"                , NA          , "5100"    , "Rugby Club Baulois"                             , "2020"     , NA       , NA             , NA            , "frWP"
"Q21621135" , "Ashlon Davids"                 , "Q1170721"  , "235"     , "Boland Cavaliers"                               , "2009"     , "2011"   , NA             , NA            , "enWP"
"Q21621135" , "Ashlon Davids"                 , "Q1210146"  , "241"     , "Lions"                                          , "2012"     , "2018"   , "31"           , "102"         , "enWP"
"Q21621135" , "Ashlon Davids"                 , NA          , "6191"    , "Wits"                                           , "2014"     , "2014"   , "7"            , "13"          , "enWP"
"Q21621135" , "Ashlon Davids"                 , "Q1777760"  , "308"     , "Leopards"                                       , "2015"     , "2015"   , "3"            , "5"           , "enWP"
"Q21621135" , "Ashlon Davids"                 , "Q1210146"  , "241"     , "Lions"                                          , "2015"     , "2018"   , "15"           , "11"          , "enWP"
"Q21621135" , "Ashlon Davids"                 , "Q1170708"  , "233"     , "Pumas"                                          , "2019"     , "2019"   , "12"           , "8"           , "enWP"
"Q21621135" , "Ashlon Davids"                 , "Q1170716"  , "234"     , "Griquas"                                        , "2020"     , NA       , "21"           , "14"          , "enWP"
"Q22069549" , "Simone Rossi"                  , "Q1132521"  , "219"     , "Amatori Milano"                                 , "1998"     , "2010"   , NA             , NA            , "itWP"
"Q22069549" , "Simone Rossi"                  , "Q3942386"  , "843"     , "Rugby Grande Milano"                            , "2010"     , "2013"   , NA             , NA            , "WD; itWP"
"Q22069549" , "Simone Rossi"                  , "Q2637322"  , "380"     , "Petrarca Rugby"                                 , "2013"     , "2018"   , "64"           , "135"         , "WD; itWP"
"Q22069549" , "Simone Rossi"                  , "Q521129"   , "59"      , "Benetton Rugby Treviso"                         , "2017"     , "2017"   , "1"            , "0"           , "itWP"
"Q22069549" , "Simone Rossi"                  , "Q521129"   , "59"      , "Benetton Rugby Treviso"                         , "2017"     , "2018"   , "1"            , NA            , "WD"
"Q22069549" , "Simone Rossi"                  , "Q3600362"  , "783"     , "A.S. Rugby Milano"                              , "2018"     , "2024"   , "50"           , "55"          , "WD; itWP"
"Q22231522" , "Brandon Thomson"               , "Q1170708"  , "233"     , "Pumas"                                          , "2012"     , "2013"   , NA             , NA            , "enWP"
"Q22231522" , "Brandon Thomson"               , "Q18379627" , "2403"    , "South Africa national under-18 rugby union team", "2013"     , "2013"   , "2"            , "10"          , "enWP"
"Q22231522" , "Brandon Thomson"               , "Q794910"   , "135"     , "Stormers"                                       , "2014"     , "2017"   , "16"           , "107"         , " enWP"
"Q22231522" , "Brandon Thomson"               , "Q3644047"  , "797"     , "South Africa national under-20 rugby union team", "2015"     , "2015"   , "5"            , "59"          , "enWP"
"Q22231522" , "Brandon Thomson"               , NA          , "6186"    , "Stellenbosch University"                        , "2015"     , "2015"   , "7"            , "24"          , "enWP"
"Q22231522" , "Brandon Thomson"               , "Q374981"   , "37"      , "Glasgow Warriors"                               , "2017"     , "2017"   , "3"            , "12"          , "enWP"
"Q22231522" , "Brandon Thomson"               , "Q3499557"  , "680"     , "Stirling County RFC"                            , "2017"     , "2017"   , NA             , NA            , "enWP"
"Q22231522" , "Brandon Thomson"               , "Q793219"   , "133"     , "Ayr RFC"                                        , "2017"     , "2018"   , NA             , NA            , "enWP"
"Q22231522" , "Brandon Thomson"               , "Q374981"   , "37"      , "Glasgow Warriors"                               , "2017"     , "2021"   , "28"           , "117"         , "enWP"
"Q22231522" , "Brandon Thomson"               , "Q3499557"  , "680"     , "Stirling County RFC"                            , "2018"     , "2019"   , "2"            , "5"           , "enWP"
"Q22231522" , "Brandon Thomson"               , "Q266149"   , "22"      , "Cheetahs"                                       , "2021"     , "2022"   , "6"            , "19"          , "enWP"
"Q22231522" , "Brandon Thomson"               , "Q1170708"  , "233"     , "Pumas"                                          , "2023"     , "2024"   , "12"           , "52"          , "enWP"
"Q22231522" , "Brandon Thomson"               , "Q979797"   , "194"     , "Rugby Rovigo"                                   , "2024"     , NA       , NA             , NA            , "enWP"
"Q23799810" , "Sintu Manjezi"                 , "Q3046571"  , "495"     , "Eastern Province Kings"                         , "2011"     , "2016"   , NA             , NA            , "enWP"
"Q23799810" , "Sintu Manjezi"                 , "Q949807"   , "179"     , "Southern Kings"                                 , "2016"     , "2016"   , "2"            , "0"           , "enWP"
"Q23799810" , "Sintu Manjezi"                 , "Q3046571"  , "495"     , "Eastern Province Kings"                         , "2016"     , "2017"   , "15"           , "5"           , "enWP"
"Q23799810" , "Sintu Manjezi"                 , "Q1170716"  , "234"     , "Griquas"                                        , "2017"     , "2018"   , "21"           , "0"           , "enWP"
"Q23799810" , "Sintu Manjezi"                 , "Q266149"   , "22"      , "Cheetahs"                                       , "2018"     , "2020"   , "33"           , "15"          , "enWP"
"Q23799810" , "Sintu Manjezi"                 , "Q885646"   , "156"     , "Bulls"                                          , "2020"     , "2022"   , "7"            , "0"           , "enWP"
"Q23799810" , "Sintu Manjezi"                 , "Q374981"   , "37"      , "Glasgow Warriors"                               , "2022"     , "2024"   , "23"           , "5"           , "enWP"
"Q23799810" , "Sintu Manjezi"                 , "Q885646"   , "156"     , "Bulls"                                          , "2024"     , NA       , NA             , NA            , "enWP"
"Q25714022" , "Curwin Bosch"                  , "Q3046571"  , "495"     , "Eastern Province Kings"                         , "2010"     , "2015"   , NA             , NA            , "frWP; enWP"
"Q25714022" , "Curwin Bosch"                  , "Q18379627" , "2403"    , "South Africa national under-18 rugby union team", "2014"     , "2015"   , "6"            , "57"          , "enWP"
"Q25714022" , "Curwin Bosch"                  , "Q744636"   , "121"     , "Sharks"                                         , "2016"     , "2016"   , "2"            , "14"          , "enWP"
"Q25714022" , "Curwin Bosch"                  , NA          , "6197"    , "University of KwaZulu-Natal Howard College"     , "2016"     , "2016"   , "4"            , "25"          , "enWP"
"Q25714022" , "Curwin Bosch"                  , "Q3644047"  , "797"     , "South Africa national under-20 rugby union team", "2016"     , "2017"   , "9"            , "104"         , "jaWP; frWP; enWP"
"Q25714022" , "Curwin Bosch"                  , "Q744636"   , "121"     , "Sharks"                                         , "2016"     , "2024"   , "145"          , "1153"        , "enWP; frWP; esWP; jaWP"
"Q25714022" , "Curwin Bosch"                  , "Q498478"   , "52"      , "South Africa national rugby union team"         , "2017"     , "2018"   , "2"            , "0"           , "jaWP; frWP; enWP"
"Q25714022" , "Curwin Bosch"                  , "Q5507699"  , "1250"    , "Munakata Sanix Blues"                           , "2018"     , "2018"   , "6"            , "95"          , "jaWP; frWP; enWP"
"Q25714022" , "Curwin Bosch"                  , "Q1022912"  , "197"     , "CA Brive"                                       , "2024"     , NA       , "19"           , "157"         , "jaWP; frWP; enWP"
"Q26036566" , "Pierre Fouyssac"               , NA          , "5022"    , "US Lavardac Barbaste"                           , "2004"     , "2010"   , NA             , NA            , "frWP; enWP"
"Q26036566" , "Pierre Fouyssac"               , "Q1422627"  , "263"     , "SU Agen Lot-et-Garonne"                         , "2010"     , "2017"   , NA             , NA            , "WD; enWP; frWP"
"Q26036566" , "Pierre Fouyssac"               , "Q5478456"  , "1249"    , "France national under-20 rugby union team"      , "2015"     , "2015"   , "3"            , "10"          , "frWP; enWP"
"Q26036566" , "Pierre Fouyssac"               , "Q1422627"  , "263"     , "SU Agen Lot-et-Garonne"                         , "2015"     , "2018"   , "60"           , "45"          , "frWP; enWP"
"Q26036566" , "Pierre Fouyssac"               , "Q2004853"  , "326"     , "Barbarian Rugby Club"                           , "2018"     , "2018"   , "2"            , "0"           , "enWP"
"Q26036566" , "Pierre Fouyssac"               , "Q431412"   , "44"      , "Stade Toulousain"                               , "2018"     , "2023"   , "40"           , "30"          , "frWP; enWP"
"Q26036566" , "Pierre Fouyssac"               , "Q297901"   , "27"      , "ASM Clermont Auvergne"                          , "2023"     , NA       , "12"           , "10"          , "frWP"
"Q26217950" , "Axel Müller"                   , "Q4120756"  , "862"     , "Argentina national under-20 rugby union team"   , "2013"     , "2013"   , "4"            , "0"           , "WD; jaWP; frWP; enWP"
"Q26217950" , "Axel Müller"                   , "Q3873496"  , "823"     , "Argentina A national rugby union team"          , "2015"     , "2016"   , "3"            , "0"           , "jaWP; frWP; enWP"
"Q26217950" , "Axel Müller"                   , "Q1857064"  , "315"     , "RC Toulonnais"                                  , "2016"     , "2018"   , "11"           , "20"          , "jaWP; enWP; frWP"
"Q26217950" , "Axel Müller"                   , "Q636019"   , "92"      , "Oyonnax Rugby"                                  , "2017"     , "2018"   , "24"           , "30"          , "jaWP; frWP; enWP"
"Q26217950" , "Axel Müller"                   , "Q1022912"  , "197"     , "CA Brive"                                       , "2018"     , "2023"   , "87"           , "90"          , "jaWP; frWP; enWP"
"Q26217950" , "Axel Müller"                   , "Q952709"   , "182"     , "CA Périgueux"                                   , "2023"     , "2024"   , "10"           , "15"          , "frWP"
"Q26217950" , "Axel Müller"                   , "Q60775551" , "2736"    , "Old Glory DC"                                   , "2024"     , "2024"   , "11"           , "25"          , "frWP"
"Q26217950" , "Axel Müller"                   , "Q952709"   , "182"     , "CA Périgueux"                                   , "2024"     , NA       , NA             , NA            , "frWP"
"Q26251509" , "Khanyo Ngcukana"               , "Q794910"   , "135"     , "Stormers"                                       , "2011"     , "2016"   , NA             , NA            , "enWP"
"Q26251509" , "Khanyo Ngcukana"               , "Q3644047"  , "797"     , "South Africa national under-20 rugby union team", "2015"     , "2015"   , "3"            , "5"           , "enWP"
"Q26251509" , "Khanyo Ngcukana"               , "Q5995899"  , "1358"    , "Ikey Tigers"                                    , "2015"     , "2017"   , "10"           , "20"          , "enWP"
"Q26251509" , "Khanyo Ngcukana"               , "Q794910"   , "135"     , "Stormers"                                       , "2016"     , "2014"   , "18"           , "35"          , "enWP"
"Q27663312" , "Ben Prescott"                  , "Q374981"   , "37"      , "Glasgow Warriors"                               , "2001"     , "2008"   , "21"           , "0"           , "enWP"
"Q27663312" , "Ben Prescott"                  , "Q3566691"  , "733"     , "Waterloo FC"                                    , "2006"     , "2007"   , NA             , NA            , "enWP"
"Q27663312" , "Ben Prescott"                  , "Q686057"   , "114"     , "Rotherham R.U.F.C."                             , "2007"     , "2010"   , NA             , NA            , "enWP"
"Q27663312" , "Ben Prescott"                  , "Q1473374"  , "267"     , "Leinster Rugby"                                 , "2010"     , "2010"   , NA             , NA            , "enWP"
"Q27663312" , "Ben Prescott"                  , "Q165586"   , "13"      , "Nottingham R.F.C."                              , "2010"     , "2010"   , NA             , NA            , "enWP"
"Q27663312" , "Ben Prescott"                  , "Q686057"   , "114"     , "Rotherham R.U.F.C."                             , "2010"     , "2010"   , NA             , NA            , "enWP"
"Q27663312" , "Ben Prescott"                  , "Q1201283"  , "239"     , "Northampton Saints"                             , "2010"     , "2011"   , NA             , NA            , "enWP"
"Q27663312" , "Ben Prescott"                  , "Q165586"   , "13"      , "Nottingham R.F.C."                              , "2011"     , "2012"   , NA             , NA            , "enWP"
"Q27663312" , "Ben Prescott"                  , "Q1134198"  , "220"     , "Cornish Pirates"                                , "2012"     , "2014"   , NA             , NA            , "enWP"
"Q27663312" , "Ben Prescott"                  , "Q657211"   , "105"     , "London Scottish F.C."                           , "2014"     , "2015"   , NA             , NA            , "enWP"
"Q27663312" , "Ben Prescott"                  , "Q2821574"  , "400"     , "Aberdeen GSFP RFC"                              , NA         , NA       , NA             , NA            , "enWP"
"Q27663312" , "Ben Prescott"                  , "Q2905584"  , "435"     , "Blackrock College RFC"                          , NA         , NA       , NA             , NA            , "enWP"
"Q27663312" , "Ben Prescott"                  , "Q7435697"  , "1787"    , "Scotland national under-18 rugby union team"    , NA         , NA       , NA             , NA            , "WD"
"Q27671475" , "S'busiso Nkosi"                , "Q1170708"  , "233"     , "Pumas"                                          , "2012"     , "2012"   , NA             , NA            , "frWP; enWP"
"Q27671475" , "S'busiso Nkosi"                , "Q1210146"  , "241"     , "Lions"                                          , "2012"     , "2014"   , NA             , NA            , "frWP; enWP"
"Q27671475" , "S'busiso Nkosi"                , "Q744636"   , "121"     , "Sharks"                                         , "2015"     , "2022"   , "49"           , "70"          , "WD; enWP; frWP; esWP; jaWP"
"Q27671475" , "S'busiso Nkosi"                , "Q3644047"  , "797"     , "South Africa national under-20 rugby union team", "2016"     , "2016"   , "3"            , "0"           , "jaWP; frWP; enWP"
"Q27671475" , "S'busiso Nkosi"                , NA          , "6197"    , "University of KwaZulu-Natal Howard College"     , "2016"     , "2016"   , "6"            , "15"          , "enWP"
"Q27671475" , "S'busiso Nkosi"                , "Q744636"   , "121"     , "Sharks"                                         , "2016"     , "2022"   , "55"           , "70"          , "enWP"
"Q27671475" , "S'busiso Nkosi"                , "Q498478"   , "52"      , "South Africa national rugby union team"         , "2018"     , "2022"   , "16"           , "45"          , "WD; jaWP; frWP; esWP; enWP"
"Q27671475" , "S'busiso Nkosi"                , "Q885646"   , "156"     , "Bulls"                                          , "2022"     , "2023"   , "5"            , "10"          , "jaWP; frWP; enWP"
"Q27671475" , "S'busiso Nkosi"                , "Q266149"   , "22"      , "Cheetahs"                                       , "2024"     , NA       , "1"            , "5"           , "jaWP; enWP"
"Q27681077" , "Murphy Taramai"                , "Q1476647"  , "270"     , "Wellington Rugby Football Union Team"           , "2014"     , "2014"   , "1"            , "0"           , "jaWP; enWP"
"Q27681077" , "Murphy Taramai"                , "Q104855944", "2904"    , "North Harbour Rugby Union Team"                 , "2016"     , "2018"   , "43"           , "15"          , "enWP"
"Q27681077" , "Murphy Taramai"                , "Q104855944", "2904"    , "North Harbour Rugby Union Team"                 , "2016"     , "2021"   , "53"           , "20"          , "jaWP"
"Q27681077" , "Murphy Taramai"                , "Q1156303"  , "232"     , "Blues"                                          , "2017"     , "2018"   , "19"           , "5"           , "jaWP; enWP"
"Q27681077" , "Murphy Taramai"                , "Q48861120" , "2691"    , "American Raptors"                               , "2019"     , "2019"   , "7"            , "0"           , "jaWP; enWP"
"Q27681077" , "Murphy Taramai"                , "Q639797"   , "99"      , "Hurricanes"                                     , "2020"     , "2020"   , "1"            , "0"           , "jaWP"
"Q27681077" , "Murphy Taramai"                , "Q639797"   , "99"      , "Hurricanes"                                     , "2020"     , "2021"   , "1"            , "0"           , "enWP"
"Q27681077" , "Murphy Taramai"                , "Q21019486" , "2479"    , "Shimizu Koto Blue Sharks"                       , "2021"     , "2025"   , "43"           , "45"          , "jaWP; enWP"
"Q27681077" , "Murphy Taramai"                , "Q1138539"  , "224"     , "Samoa national rugby union team"                , "2024"     , NA       , "3"            , "0"           , "enWP"
"Q27681077" , "Murphy Taramai"                , "Q104855944", "2904"    , "North Harbour Rugby Union Team"                 , "2025"     , NA       , "14"           , "5"           , "enWP"
"Q27924903" , "Tom Curry"                     , NA          , "4023"    , "Crewe & Nantwich RFC"                           , "2002"     , NA       , NA             , NA            , "frWP"
"Q27924903" , "Tom Curry"                     , NA          , "4045"    , "Grasshoppers"                                   , "2002"     , NA       , NA             , NA            , "frWP"
"Q27924903" , "Tom Curry"                     , "Q928517"   , "164"     , "Sale Sharks"                                    , "2012"     , "2016"   , NA             , NA            , "frWP"
"Q27924903" , "Tom Curry"                     , "Q5378054"  , "1217"    , "England national under-18 rugby union team"     , "2016"     , "2016"   , "8"            , "5"           , "WD; frWP; enWP"
"Q27924903" , "Tom Curry"                     , "Q16932957" , "2227"    , "Sale FC Rugby Club"                             , "2016"     , "2016"   , "5"            , "5"           , "jaWP; frWP"
"Q27924903" , "Tom Curry"                     , "Q928517"   , "164"     , "Sale Sharks"                                    , "2016"     , NA       , "108"          , "35"          , "WD; jaWP; frWP; itWP; esWP; enWP"
"Q27924903" , "Tom Curry"                     , "Q920928"   , "163"     , "England national under-20 rugby union team"     , "2017"     , "2017"   , "3"            , "5"           , "WD; jaWP; frWP; enWP"
"Q27924903" , "Tom Curry"                     , "Q378628"   , "39"      , "England national rugby union team"              , "2017"     , NA       , "62"           , "30"          , "WD; jaWP; frWP; itWP; enWP"
"Q27924903" , "Tom Curry"                     , "Q733600"   , "118"     , "British & Irish Lions"                          , "2021"     , "2021"   , "3"            , "5"           , "jaWP; frWP; enWP"
"Q27924903" , "Tom Curry"                     , "Q733600"   , "118"     , "British & Irish Lions"                          , "2025"     , "2025"   , "3"            , "5"           , "enWP"
"Q28691658" , "Willie Britz"                  , "Q1170716"  , "234"     , "Griquas"                                        , "2005"     , "2006"   , NA             , NA            , "enWP"
"Q28691658" , "Willie Britz"                  , "Q266149"   , "22"      , "Cheetahs"                                       , "2007"     , "2008"   , NA             , NA            , "enWP"
"Q28691658" , "Willie Britz"                  , NA          , "6188"    , "UFS Shimlas"                                    , "2008"     , "2012"   , "25"           , "35"          , "enWP"
"Q28691658" , "Willie Britz"                  , "Q266149"   , "22"      , "Cheetahs"                                       , "2009"     , "2009"   , "1"            , "0"           , "enWP"
"Q28691658" , "Willie Britz"                  , "Q3116637"  , "531"     , "Griffons"                                       , "2010"     , "2012"   , "28"           , "40"          , "enWP"
"Q28691658" , "Willie Britz"                  , "Q266149"   , "22"      , "Cheetahs"                                       , "2011"     , "2011"   , "4"            , "10"          , "enWP"
"Q28691658" , "Willie Britz"                  , "Q1210146"  , "241"     , "Lions"                                          , "2012"     , "2014"   , "54"           , "25"          , "jaWP; enWP"
"Q28691658" , "Willie Britz"                  , "Q266149"   , "22"      , "Cheetahs"                                       , "2015"     , "2016"   , "12"           , "0"           , "jaWP; enWP"
"Q28691658" , "Willie Britz"                  , "Q6137222"  , "1385"    , "Urayasu D-Rocks"                                , "2015"     , "2021"   , "46"           , "30"          , "enWP; jaWP"
"Q28691658" , "Willie Britz"                  , "Q266149"   , "22"      , "Cheetahs"                                       , "2016"     , "2016"   , "1"            , "0"           , "enWP"
"Q28691658" , "Willie Britz"                  , "Q807749"   , "136"     , "Barbarian FC"                                   , "2017"     , "2017"   , "2"            , "0"           , "enWP"
"Q28691658" , "Willie Britz"                  , "Q19840257" , "2433"    , "Sunwolves"                                      , "2017"     , "2018"   , "22"           , "15"          , "WD; jaWP; enWP"
"Q28691658" , "Willie Britz"                  , "Q43080384" , "2678"    , "Houston SaberCats"                              , "2021"     , "2023"   , "7"            , "10"          , "jaWP; enWP"
"Q28691658" , "Willie Britz"                  , "Q10880452" , "2038"    , "Red Hurricanes Osaka"                           , "2022"     , NA       , NA             , NA            , "jaWP"
"Q28691658" , "Willie Britz"                  , NA          , "6926"    , "University of the Free State"                   , NA         , NA       , NA             , NA            , "jaWP"
"Q28911651" , "Jack Lavin"                    , NA          , "4158"    , "Hoylake RFC"                                    , "2009"     , "2010"   , NA             , NA            , "enWP"
"Q28911651" , "Jack Lavin"                    , "Q4916436"  , "978"     , "Birkenhead Park FC"                             , "2010"     , "2011"   , "12"           , "55"          , "enWP"
"Q28911651" , "Jack Lavin"                    , "Q7876134"  , "1912"    , "Cardiff Metropolitan University RFC"            , "2011"     , "2014"   , NA             , NA            , "enWP"
"Q28911651" , "Jack Lavin"                    , "Q5019181"  , "1046"    , "Caldy Rugby Football Club"                      , "2014"     , "2015"   , "25"           , "188"         , "enWP"
"Q28911651" , "Jack Lavin"                    , "Q4916436"  , "978"     , "Birkenhead Park FC"                             , "2015"     , "2015"   , "6"            , "28"          , "enWP"
"Q28911651" , "Jack Lavin"                    , "Q5019181"  , "1046"    , "Caldy Rugby Football Club"                      , "2015"     , "2017"   , "38"           , "283"         , "enWP"
"Q28911651" , "Jack Lavin"                    , "Q3725357"  , "813"     , "England amateur national rugby union team"      , "2017"     , "2017"   , "2"            , "12"          , "WD; enWP"
"Q28911651" , "Jack Lavin"                    , "Q5397827"  , "1223"    , "Esher RFC"                                      , "2017"     , NA       , NA             , NA            , "enWP"
"Q29312512" , "Richie Arnold"                 , "Q3109994"  , "526"     , "Gold Coast Breakers"                            , "2015"     , "2015"   , NA             , NA            , "frWP; enWP"
"Q29312512" , "Richie Arnold"                 , "Q3046497"  , "493"     , "Queensland Country"                             , "2016"     , "2016"   , "4"            , "0"           , "jaWP; frWP; enWP"
"Q29312512" , "Richie Arnold"                 , "Q3376168"  , "586"     , "Perth Spirit"                                   , "2017"     , "2017"   , "7"            , "25"          , "jaWP; frWP; enWP"
"Q29312512" , "Richie Arnold"                 , "Q915507"   , "161"     , "Western Force"                                  , "2017"     , "2017"   , "7"            , "5"           , "jaWP; frWP; enWP"
"Q29312512" , "Richie Arnold"                 , "Q605245"   , "80"      , "ACT Brumbies"                                   , "2018"     , "2018"   , "10"           , "5"           , "WD; jaWP; frWP; enWP"
"Q29312512" , "Richie Arnold"                 , "Q1121321"  , "209"     , "Shizuoka Blue Revs"                             , "2018"     , "2020"   , "7"            , "0"           , "WD; frWP; enWP; jaWP"
"Q29312512" , "Richie Arnold"                 , "Q431412"   , "44"      , "Stade Toulousain"                               , "2019"     , "2019"   , "100"          , "25"          , "WD; jaWP; frWP; enWP"
"Q29312512" , "Richie Arnold"                 , "Q1121321"  , "209"     , "Shizuoka Blue Revs"                             , "2020"     , "2020"   , "2"            , "0"           , "frWP"
"Q29312512" , "Richie Arnold"                 , "Q431412"   , "44"      , "Stade Toulousain"                               , "2020"     , NA       , "99"           , "25"          , "frWP"
"Q29312512" , "Richie Arnold"                 , "Q622443"   , "86"      , "Australia national rugby union team"            , "2023"     , NA       , "9"            , "5"           , "jaWP; frWP; enWP"
"Q29892081" , "Lasha Jaiani"                  , "Q5547938"  , "1258"    , "Georgia national under-18 rugby union team"     , "2016"     , "2016"   , NA             , NA            , "frWP"
"Q29892081" , "Lasha Jaiani"                  , "Q5420146"  , "1226"    , "Exeter University RFC"                          , "2016"     , "2020"   , "34"           , "10"          , "enWP; jaWP; frWP"
"Q29892081" , "Lasha Jaiani"                  , "Q5547941"  , "1259"    , "Georgia national under-20 rugby union team"     , "2017"     , "2018"   , "12"           , "0"           , "WD; jaWP; frWP; enWP"
"Q29892081" , "Lasha Jaiani"                  , "Q5547325"  , "1257"    , "Georgia A national rugby union team"            , "2019"     , "2019"   , "2"            , "0"           , "enWP"
"Q29892081" , "Lasha Jaiani"                  , "Q1150127"  , "231"     , "Wasps RFC"                                      , "2020"     , "2021"   , NA             , NA            , "enWP"
"Q29892081" , "Lasha Jaiani"                  , "Q609885"   , "82"      , "Georgia national rugby union team"              , "2020"     , NA       , "23"           , "0"           , "jaWP; frWP; enWP"
"Q29892081" , "Lasha Jaiani"                  , "Q104598189", "2896"    , "Rugby Club Junkers"                             , "2021"     , "2021"   , NA             , NA            , "frWP"
"Q29892081" , "Lasha Jaiani"                  , "Q1150127"  , "231"     , "Wasps RFC"                                      , "2021"     , "2021"   , NA             , NA            , "jaWP; frWP"
"Q29892081" , "Lasha Jaiani"                  , "Q108377638", "3015"    , "The Black Lion"                                 , "2021"     , "2022"   , "12"           , "0"           , "frWP"
"Q29892081" , "Lasha Jaiani"                  , "Q3550588"  , "720"     , "USON Nevers"                                    , "2022"     , NA       , "29"           , "0"           , "jaWP; frWP; enWP"
"Q30122379" , "Leon Brown"                    , "Q82216"    , "7"       , "Dragons"                                        , "2012"     , "2016"   , NA             , NA            , "frWP"
"Q30122379" , "Leon Brown"                    , "Q7961834"  , "1950"    , "Wales national under-20 rugby union team"       , "2015"     , "2016"   , "9"            , "5"           , "WD; jaWP; frWP; enWP"
"Q30122379" , "Leon Brown"                    , "Q82216"    , "7"       , "Dragons"                                        , "2015"     , "2025"   , "78"           , "25"          , "WD; enWP; jaWP; frWP"
"Q30122379" , "Leon Brown"                    , "Q822877"   , "143"     , "Wales national rugby union team"                , "2017"     , "2024"   , "24"           , "0"           , "WD; jaWP; frWP; enWP"
"Q30122379" , "Leon Brown"                    , "Q1127919"  , "214"     , "Cross Keys RFC"                                 , NA         , NA       , NA             , NA            , "frWP"
"Q30122379" , "Leon Brown"                    , "Q7589212"  , "1833"    , "St. Joseph's RFC"                               , NA         , NA       , NA             , NA            , "frWP"
"Q41709189" , "Răzvan Ailenei"                , "Q5014498"  , "1041"    , "CS Universitatea Cluj-Napoca"                   , "2012"     , "2013"   , "3"            , "5"           , "enWP"
"Q41709189" , "Răzvan Ailenei"                , "Q2932002"  , "447"     , "CSM Baia Mare"                                  , "2013"     , "2013"   , "3"            , "0"           , "enWP"
"Q41709189" , "Răzvan Ailenei"                , "Q5014498"  , "1041"    , "CS Universitatea Cluj-Napoca"                   , "2013"     , "2014"   , "6"            , "10"          , "enWP"
"Q41709189" , "Răzvan Ailenei"                , "Q2289089"  , "342"     , "București Wolves"                               , "2014"     , "2015"   , "5"            , "0"           , "enWP"
"Q41709189" , "Răzvan Ailenei"                , "Q2932002"  , "447"     , "CSM Baia Mare"                                  , "2015"     , NA       , "21"           , "35"          , "enWP"
"Q41709189" , "Răzvan Ailenei"                , "Q967505"   , "190"     , "Romania national rugby union team"              , "2016"     , NA       , "3"            , "0"           , "enWP"
"Q46967660" , "Eliott Roudil"                 , "Q3496194"  , "673"     , "Stade Nantais"                                  , "2004"     , "2013"   , NA             , NA            , "frWP; enWP"
"Q46967660" , "Eliott Roudil"                 , "Q756594"   , "126"     , "Stade Rochelais"                                , "2013"     , "2020"   , "88"           , "60"          , "enWP; frWP"
"Q46967660" , "Eliott Roudil"                 , "Q756594"   , "126"     , "Stade Rochelais"                                , "2014"     , "2020"   , "88"           , "60"          , "frWP; enWP"
"Q46967660" , "Eliott Roudil"                 , "Q5478456"  , "1249"    , "France national under-20 rugby union team"      , "2015"     , "2016"   , "16"           , "0"           , "frWP; enWP"
"Q46967660" , "Eliott Roudil"                 , "Q15055309" , "2145"    , "Section Paloise"                                , "2020"     , "2025"   , "67"           , "45"          , "frWP; enWP"
"Q46967660" , "Eliott Roudil"                 , "Q3452866"  , "633"     , "Rugby Club Vannes"                              , "2025"     , NA       , "20"           , "20"          , "frWP"
"Q47034777" , "Bautista Delguy"               , "Q5136351"  , "1118"    , "Club Pucará"                                    , "2015"     , "2018"   , NA             , NA            , "esWP"
"Q47034777" , "Bautista Delguy"               , "Q4120756"  , "862"     , "Argentina national under-20 rugby union team"   , "2016"     , "2017"   , "9"            , "15"          , "frWP; enWP"
"Q47034777" , "Bautista Delguy"               , "Q3873496"  , "823"     , "Argentina A national rugby union team"          , "2016"     , "2017"   , "10"           , "40"          , "frWP; enWP"
"Q47034777" , "Bautista Delguy"               , "Q5136351"  , "1118"    , "Club Pucará"                                    , "2016"     , "2018"   , "23"           , "68"          , "jaWP; frWP; enWP"
"Q47034777" , "Bautista Delguy"               , "Q19870761" , "2436"    , "Jaguares"                                       , "2018"     , "2020"   , "22"           , "60"          , "WD; jaWP; frWP; esWP; enWP"
"Q47034777" , "Bautista Delguy"               , "Q646070"   , "101"     , "Argentina national rugby union team"            , "2018"     , NA       , "36"           , "40"          , "jaWP; frWP; enWP"
"Q47034777" , "Bautista Delguy"               , "Q1865460"  , "316"     , "Union Bordeaux Bègles"                          , "2020"     , "2021"   , "7"            , "10"          , "jaWP; frWP; esWP; enWP"
"Q47034777" , "Bautista Delguy"               , "Q1471265"  , "266"     , "USA Perpignan"                                  , "2021"     , "2022"   , "15"           , "25"          , "jaWP; frWP; esWP; enWP"
"Q47034777" , "Bautista Delguy"               , "Q297901"   , "27"      , "ASM Clermont Auvergne"                          , "2022"     , NA       , "62"           , "127"         , "jaWP; frWP; esWP; enWP"
"Q47453374" , "Valery Morozov"                , "Q4190339"  , "877"     , "Zelenograd Rugby Club"                          , "2000"     , "2015"   , NA             , NA            , "jaWP; enWP; frWP"
"Q47453374" , "Valery Morozov"                , "Q930719"   , "166"     , "Yenisey-STM Krasnoyarsk"                        , "2015"     , "2018"   , "56"           , "60"          , "WD; frWP; enWP"
"Q47453374" , "Valery Morozov"                , "Q1419899"  , "261"     , "Russia national rugby union team"               , "2016"     , "2022"   , "33"           , "10"          , "jaWP; frWP; enWP"
"Q47453374" , "Valery Morozov"                , "Q928517"   , "164"     , "Sale Sharks"                                    , "2018"     , "2021"   , "37"           , "15"          , "jaWP; frWP; enWP"
"Q47453374" , "Valery Morozov"                , "Q70243155" , "2814"    , "RC CSKA Moscow"                                 , "2021"     , "2021"   , "11"           , "0"           , "enWP; frWP"
"Q47453374" , "Valery Morozov"                , "Q810786"   , "138"     , "Bath Rugby"                                     , "2021"     , "2022"   , "13"           , "0"           , "jaWP; frWP; enWP"
"Q47453374" , "Valery Morozov"                , "Q2094512"  , "332"     , "Worcester Warriors"                             , "2022"     , "2022"   , "2"            , "0"           , "jaWP; frWP; enWP"
"Q47453374" , "Valery Morozov"                , "Q810786"   , "138"     , "Bath Rugby"                                     , "2022"     , "2023"   , "11"           , "0"           , "enWP"
"Q47453374" , "Valery Morozov"                , "Q650503"   , "102"     , "Krasny Yar Krasnoyarsk"                         , "2023"     , NA       , "8"            , "10"          , "enWP"
"Q47528473" , "Len Massyn"                    , "Q1210146"  , "241"     , "Lions"                                          , "2013"     , "2018"   , NA             , NA            , "enWP"
"Q47528473" , "Len Massyn"                    , "Q3644047"  , "797"     , "South Africa national under-20 rugby union team", "2017"     , "2017"   , "3"            , "0"           , "enWP"
"Q47528473" , "Len Massyn"                    , "Q1210146"  , "241"     , "Lions"                                          , "2017"     , "2021"   , "34"           , "10"          , "enWP"
"Q47528473" , "Len Massyn"                    , "Q5325488"  , "1197"    , "Ealing Rugby Club"                              , "2021"     , NA       , NA             , NA            , "enWP"
"Q48193436" , "Teti Tela"                     , "Q5448181"  , "1238"    , "Fiji national under-20 rugby union team"        , "2011"     , "2011"   , "5"            , "0"           , "jaWP; frWP; enWP"
"Q48193436" , "Teti Tela"                     , "Q3046497"  , "493"     , "Queensland Country"                             , "2015"     , "2017"   , "10"           , "10"          , "jaWP; frWP; enWP"
"Q48193436" , "Teti Tela"                     , "Q3104686"  , "520"     , "Getxo Rugby Taldea"                             , "2016"     , "2017"   , "16"           , "22"          , "jaWP; frWP; enWP"
"Q48193436" , "Teti Tela"                     , "Q3046497"  , "493"     , "Queensland Country"                             , "2017"     , "2018"   , "8"            , "10"          , "frWP"
"Q48193436" , "Teti Tela"                     , "Q1368281"  , "253"     , "Queensland Reds"                                , "2018"     , "2019"   , "1"            , "0"           , "enWP; jaWP; frWP"
"Q48193436" , "Teti Tela"                     , "Q2881429"  , "424"     , "Brisbane City"                                  , "2019"     , "2019"   , "7"            , "15"          , "jaWP; frWP; enWP"
"Q48193436" , "Teti Tela"                     , "Q65079133" , "2781"    , "Fijian Latui"                                   , "2020"     , "2020"   , "1"            , "7"           , "jaWP; frWP; enWP"
"Q48193436" , "Teti Tela"                     , "Q1134669"  , "222"     , "Fiji national rugby union team"                 , "2021"     , "2023"   , "5"            , "17"          , "WD; enWP; jaWP; frWP"
"Q48193436" , "Teti Tela"                     , "Q38605283" , "2660"    , "Fijian Drua"                                    , "2022"     , "2023"   , "24"           , "124"         , "jaWP; frWP; enWP"
"Q53096939" , "Sandro Svanidze"               , "Q5547938"  , "1258"    , "Georgia national under-18 rugby union team"     , "2015"     , "2016"   , NA             , NA            , "frWP"
"Q53096939" , "Sandro Svanidze"               , "Q18125199" , "2386"    , "RC Armazi Marneuli"                             , "2016"     , "2019"   , "29"           , "20"          , "frWP; enWP"
"Q53096939" , "Sandro Svanidze"               , "Q5547941"  , "1259"    , "Georgia national under-20 rugby union team"     , "2017"     , "2018"   , "7"            , "5"           , "frWP; enWP"
"Q53096939" , "Sandro Svanidze"               , "Q5547325"  , "1257"    , "Georgia A national rugby union team"            , "2018"     , "2019"   , "3"            , "0"           , "enWP"
"Q53096939" , "Sandro Svanidze"               , "Q18011332" , "2382"    , "RC Jiki"                                        , "2019"     , "2020"   , NA             , NA            , "enWP"
"Q53096939" , "Sandro Svanidze"               , "Q18125199" , "2386"    , "RC Armazi Marneuli"                             , "2020"     , "2021"   , NA             , NA            , "frWP"
"Q53096939" , "Sandro Svanidze"               , "Q609885"   , "82"      , "Georgia national rugby union team"              , "2020"     , "2020"   , "1"            , "0"           , "WD; frWP; enWP"
"Q53096939" , "Sandro Svanidze"               , "Q104598189", "2896"    , "Rugby Club Junkers"                             , "2021"     , "2022"   , NA             , NA            , "frWP"
"Q53096939" , "Sandro Svanidze"               , "Q108377638", "3015"    , "The Black Lion"                                 , "2021"     , "2022"   , NA             , NA            , "frWP"
"Q53096939" , "Sandro Svanidze"               , "Q18125199" , "2386"    , "RC Armazi Marneuli"                             , "2021"     , NA       , "2"            , "0"           , "enWP"
"Q53096939" , "Sandro Svanidze"               , "Q18125281" , "2387"    , "Batumi RC"                                      , "2022"     , NA       , NA             , NA            , "frWP"
"Q55081193" , "Harlon Klaasen"                , "Q1170721"  , "235"     , "Boland Cavaliers"                               , "2012"     , "2014"   , NA             , NA            , "enWP"
"Q55081193" , "Harlon Klaasen"                , "Q1170721"  , "235"     , "Boland Cavaliers"                               , "2014"     , "2015"   , "10"           , "20"          , "enWP"
"Q55081193" , "Harlon Klaasen"                , "Q3046571"  , "495"     , "Eastern Province Kings"                         , "2017"     , "2017"   , "2"            , "20"          , "enWP"
"Q55081193" , "Harlon Klaasen"                , "Q794910"   , "135"     , "Stormers"                                       , "2017"     , "2017"   , "5"            , "0"           , "enWP"
"Q55081193" , "Harlon Klaasen"                , "Q949807"   , "179"     , "Southern Kings"                                 , "2017"     , "2019"   , "24"           , "45"          , "enWP"
"Q55081193" , "Harlon Klaasen"                , "Q3496060"  , "667"     , "Stade Dijonnais Côte D'Or"                      , "2019"     , "2020"   , "14"           , "35"          , "enWP"
"Q55081193" , "Harlon Klaasen"                , "Q1170716"  , "234"     , "Griquas"                                        , "2020"     , "2021"   , "6"            , "0"           , "enWP"
"Q55590015" , "Arthur Vincent"                , NA          , "4790"    , "RC Mauguio Carnon Pays D'or"                    , "2004"     , "2012"   , NA             , NA            , "frWP"
"Q55590015" , "Arthur Vincent"                , "Q596985"   , "76"      , "Montpellier Hérault Rugby"                      , "2012"     , "2018"   , "102"          , "55"          , "jaWP; frWP; itWP; enWP"
"Q55590015" , "Arthur Vincent"                , "Q5478456"  , "1249"    , "France national under-20 rugby union team"      , "2018"     , "2019"   , "16"           , "5"           , "WD; jaWP; frWP; enWP"
"Q55590015" , "Arthur Vincent"                , "Q596985"   , "76"      , "Montpellier Hérault Rugby"                      , "2018"     , NA       , "94"           , "55"          , "WD; frWP"
"Q55590015" , "Arthur Vincent"                , "Q518116"   , "58"      , "France national rugby union team"               , "2020"     , NA       , "18"           , "5"           , "jaWP; frWP; itWP; enWP"
"Q55590015" , "Arthur Vincent"                , "Q5478264"  , "1247"    , "France A national rugby union team"             , "2024"     , "2024"   , "1"            , "0"           , "frWP"
"Q55819484" , "Erich de Jager"                , "Q3046571"  , "495"     , "Eastern Province Kings"                         , "2009"     , "2014"   , NA             , NA            , "enWP"
"Q55819484" , "Erich de Jager"                , "Q266149"   , "22"      , "Cheetahs"                                       , "2015"     , "2017"   , NA             , NA            , "enWP"
"Q55819484" , "Erich de Jager"                , "Q266149"   , "22"      , "Cheetahs"                                       , "2016"     , "2020"   , "43"           , "5"           , "enWP"
"Q55819484" , "Erich de Jager"                , "Q3116637"  , "531"     , "Griffons"                                       , "2016"     , "2016"   , NA             , NA            , "enWP"
"Q55819484" , "Erich de Jager"                , "Q3116637"  , "531"     , "Griffons"                                       , "2019"     , "2020"   , "5"            , "0"           , "enWP"
"Q55819484" , "Erich de Jager"                , "Q1170716"  , "234"     , "Griquas"                                        , "2021"     , "2021"   , "6"            , "0"           , "enWP"
"Q55819484" , "Erich de Jager"                , "Q60747040" , "2731"    , "New England Free Jacks"                         , "2021"     , NA       , "16"           , "10"          , "enWP"
"Q56250249" , "PJ Steenkamp"                  , "Q794910"   , "135"     , "Stormers"                                       , "2014"     , "2014"   , NA             , NA            , "enWP"
"Q56250249" , "PJ Steenkamp"                  , "Q18379627" , "2403"    , "South Africa national under-18 rugby union team", "2015"     , "2015"   , "1"            , "0"           , "enWP"
"Q56250249" , "PJ Steenkamp"                  , "Q885646"   , "156"     , "Bulls"                                          , "2015"     , "2016"   , NA             , NA            , "enWP"
"Q56250249" , "PJ Steenkamp"                  , "Q18379627" , "2403"    , "South Africa national under-18 rugby union team", "2016"     , "2016"   , "3"            , "0"           , "enWP"
"Q56250249" , "PJ Steenkamp"                  , "Q1210146"  , "241"     , "Lions"                                          , "2017"     , "2018"   , "1"            , "0"           , "enWP"
"Q56250249" , "PJ Steenkamp"                  , "Q3644047"  , "797"     , "South Africa national under-20 rugby union team", "2018"     , "2018"   , "4"            , "0"           , "jaWP; enWP"
"Q56250249" , "PJ Steenkamp"                  , "Q1210146"  , "241"     , "Lions"                                          , "2018"     , "2023"   , "15"           , "5"           , "WD; jaWP; enWP"
"Q56250249" , "PJ Steenkamp"                  , "Q3532617"  , "698"     , "Toshiba Brave Lupus"                            , "2023"     , "2025"   , "1"            , "5"           , "WD; jaWP; enWP"
"Q56250249" , "PJ Steenkamp"                  , "Q11314285" , "2046"    , "Sayama Secom Rugguts"                           , "2025"     , NA       , NA             , NA            , "enWP"
"Q56250280" , "Tyrone Green"                  , "Q1777760"  , "308"     , "Leopards"                                       , "2011"     , "2011"   , NA             , NA            , "frWP; enWP"
"Q56250280" , "Tyrone Green"                  , "Q1210146"  , "241"     , "Lions"                                          , "2014"     , "2019"   , NA             , NA            , "frWP; enWP"
"Q56250280" , "Tyrone Green"                  , "Q18379627" , "2403"    , "South Africa national under-18 rugby union team", "2016"     , "2016"   , "3"            , "9"           , "enWP"
"Q56250280" , "Tyrone Green"                  , "Q3644047"  , "797"     , "South Africa national under-20 rugby union team", "2018"     , "2018"   , "5"            , "15"          , "frWP; enWP"
"Q56250280" , "Tyrone Green"                  , "Q1210146"  , "241"     , "Lions"                                          , "2018"     , "2020"   , "25"           , "35"          , "frWP; enWP"
"Q56250280" , "Tyrone Green"                  , "Q1149835"  , "230"     , "Harlequin F.C."                                 , "2020"     , NA       , "101"          , "165"         , "frWP; enWP"
"Q56486294" , "Max Malins"                    , "Q9641"     , "2"       , "Saracens F.C."                                  , "2014"     , "2016"   , NA             , NA            , "frWP"
"Q56486294" , "Max Malins"                    , "Q5378054"  , "1217"    , "England national under-18 rugby union team"     , "2015"     , "2015"   , "8"            , "20"          , "frWP"
"Q56486294" , "Max Malins"                    , "Q7083374"  , "1599"    , "Old Albanian RFC"                               , "2015"     , "2017"   , "19"           , "213"         , "frWP; jaWP; itWP; enWP"
"Q56486294" , "Max Malins"                    , "Q9641"     , "2"       , "Saracens F.C."                                  , "2015"     , "2023"   , "73"           , "277"         , "jaWP; enWP; frWP; itWP"
"Q56486294" , "Max Malins"                    , "Q920928"   , "163"     , "England national under-20 rugby union team"     , "2016"     , "2017"   , "17"           , "119"         , "jaWP; frWP; enWP"
"Q56486294" , "Max Malins"                    , "Q917973"   , "162"     , "Bristol Bears"                                  , "2020"     , "2021"   , "19"           , "111"         , "jaWP; frWP; itWP; enWP"
"Q56486294" , "Max Malins"                    , "Q378628"   , "39"      , "England national rugby union team"              , "2020"     , NA       , "22"           , "10"          , "jaWP; frWP; itWP; enWP"
"Q56486294" , "Max Malins"                    , "Q4917442"  , "982"     , "Bishop's Stortford RFC"                         , "2022"     , "2022"   , NA             , NA            , "frWP"
"Q56486294" , "Max Malins"                    , "Q917973"   , "162"     , "Bristol Bears"                                  , "2023"     , NA       , "17"           , "50"          , "jaWP; frWP"
"Q56486294" , "Max Malins"                    , "Q9641"     , "2"       , "Saracens F.C."                                  , "2025"     , NA       , "6"            , "10"          , "enWP"
"Q56641627" , "Xandré Vos"                    , "Q3046571"  , "495"     , "Eastern Province Kings"                         , "2014"     , "2017"   , NA             , NA            , "enWP"
"Q56641627" , "Xandré Vos"                    , "Q3046571"  , "495"     , "Eastern Province Kings"                         , "2017"     , NA       , "24"           , "15"          , "enWP"
"Q56641627" , "Xandré Vos"                    , "Q949807"   , "179"     , "Southern Kings"                                 , "2018"     , "2020"   , "12"           , "0"           , "enWP"
"Q56641627" , "Xandré Vos"                    , "Q107958563", "2981"    , "C' Chartres Rugby"                              , "2021"     , NA       , "56"           , "20"          , "enWP"
"Q61160474" , "Santiago Carreras"             , "Q5202720"  , "1162"    , "Córdoba Athletic Club"                          , "2016"     , "2019"   , NA             , NA            , "esWP"
"Q61160474" , "Santiago Carreras"             , "Q4120756"  , "862"     , "Argentina national under-20 rugby union team"   , "2017"     , "2018"   , "8"            , "9"           , "jaWP; frWP; enWP"
"Q61160474" , "Santiago Carreras"             , "Q3873496"  , "823"     , "Argentina A national rugby union team"          , "2018"     , "2019"   , "7"            , "20"          , "frWP; enWP"
"Q61160474" , "Santiago Carreras"             , "Q19870761" , "2436"    , "Jaguares"                                       , "2018"     , "2020"   , "17"           , "40"          , "frWP"
"Q61160474" , "Santiago Carreras"             , "Q19870761" , "2436"    , "Jaguares"                                       , "2019"     , "2019"   , "5"            , "15"          , "enWP"
"Q61160474" , "Santiago Carreras"             , "Q19870761" , "2436"    , "Jaguares"                                       , "2019"     , "2020"   , "12"           , "25"          , "WD; jaWP; esWP; enWP"
"Q61160474" , "Santiago Carreras"             , "Q646070"   , "101"     , "Argentina national rugby union team"            , "2019"     , NA       , "64"           , "206"         , "jaWP; frWP; esWP; enWP"
"Q61160474" , "Santiago Carreras"             , "Q745758"   , "122"     , "Gloucester Rugby"                               , "2020"     , "2025"   , "82"           , "324"         , "jaWP; esWP; enWP"
"Q61160474" , "Santiago Carreras"             , "Q745758"   , "122"     , "Gloucester Rugby"                               , "2021"     , NA       , "77"           , "318"         , "frWP"
"Q61160474" , "Santiago Carreras"             , "Q810786"   , "138"     , "Bath Rugby"                                     , "2025"     , NA       , "3"            , "0"           , "esWP; enWP"
"Q61594781" , "Vlad Zaharia"                  , "Q18539437" , "2409"    , "RC Bârlad"                                      , "2011"     , "2014"   , NA             , NA            , "enWP"
"Q61594781" , "Vlad Zaharia"                  , "Q18539437" , "2409"    , "RC Bârlad"                                      , "2014"     , "2015"   , NA             , NA            , "enWP"
"Q61594781" , "Vlad Zaharia"                  , "Q3415102"  , "594"     , "SCM USV Timișoara"                              , "2015"     , NA       , "18"           , "50"          , "enWP"
"Q61594781" , "Vlad Zaharia"                  , "Q967505"   , "190"     , "Romania national rugby union team"              , "2018"     , NA       , "8"            , "20"          , "enWP"
"Q61811618" , "Marco Zanon"                   , "Q521129"   , "59"      , "Benetton Rugby Treviso"                         , "2012"     , "2014"   , NA             , NA            , "itWP"
"Q61811618" , "Marco Zanon"                   , "Q2269393"  , "339"     , "Mogliano Rugby"                                 , "2014"     , "2018"   , "34"           , "35"          , "frWP; itWP; enWP"
"Q61811618" , "Marco Zanon"                   , "Q6093842"  , "1376"    , "Italy national under-20 rugby union team"       , "2016"     , "2017"   , "17"           , "15"          , "frWP; enWP"
"Q61811618" , "Marco Zanon"                   , "Q521129"   , "59"      , "Benetton Rugby Treviso"                         , "2017"     , "2022"   , "45"           , "15"          , "enWP; frWP; itWP"
"Q61811618" , "Marco Zanon"                   , "Q3650906"  , "806"     , "Italy A national rugby union team"              , "2018"     , "2018"   , "3"            , "5"           , "enWP"
"Q61811618" , "Marco Zanon"                   , "Q113135"   , "9"       , "Italy national rugby union team"                , "2019"     , NA       , "21"           , "10"          , "frWP; itWP; enWP"
"Q61811618" , "Marco Zanon"                   , "Q15055309" , "2145"    , "Section Paloise"                                , "2022"     , "2022"   , "3"            , "0"           , "frWP; enWP; itWP"
"Q61811618" , "Marco Zanon"                   , "Q521129"   , "59"      , "Benetton Rugby Treviso"                         , "2022"     , "2025"   , "41"           , "40"          , "frWP; enWP"
"Q61811618" , "Marco Zanon"                   , "Q950674"   , "180"     , "Zebre"                                          , "2025"     , NA       , NA             , NA            , "enWP"
"Q61811618" , "Marco Zanon"                   , NA          , "5652"    , "Rugby Bassano 1976 ASD"                         , NA         , "2012"   , NA             , NA            , "itWP"
"Q64481602" , "Thomas Jolmès"                 , NA          , "4606"    , "RC Seyssins"                                    , "2005"     , "2009"   , NA             , NA            , "frWP; enWP"
"Q64481602" , "Thomas Jolmès"                 , "Q1387142"  , "255"     , "Football Club Grenoble Rugby"                   , "2009"     , "2015"   , NA             , NA            , "frWP; enWP"
"Q64481602" , "Thomas Jolmès"                 , "Q5478453"  , "1248"    , "France national under-18 rugby union team"      , "2013"     , "2013"   , NA             , NA            , "frWP"
"Q64481602" , "Thomas Jolmès"                 , "Q1387142"  , "255"     , "Football Club Grenoble Rugby"                   , "2015"     , "2017"   , "17"           , "0"           , "WD; jaWP; frWP; enWP"
"Q64481602" , "Thomas Jolmès"                 , "Q20967743" , "2470"    , "France national university rugby union team"    , "2016"     , "2016"   , NA             , NA            , "frWP"
"Q64481602" , "Thomas Jolmès"                 , "Q756594"   , "126"     , "Stade Rochelais"                                , "2017"     , "2020"   , "39"           , "0"           , "WD; jaWP; frWP; enWP"
"Q64481602" , "Thomas Jolmès"                 , "Q2004853"  , "326"     , "Barbarian Rugby Club"                           , "2018"     , "2018"   , "3"            , "0"           , "enWP"
"Q64481602" , "Thomas Jolmès"                 , "Q1857064"  , "315"     , "RC Toulonnais"                                  , "2020"     , "2021"   , "12"           , "5"           , "jaWP; frWP; enWP"
"Q64481602" , "Thomas Jolmès"                 , "Q1865460"  , "316"     , "Union Bordeaux Bègles"                          , "2021"     , "2024"   , "79"           , "0"           , "jaWP; frWP; enWP"
"Q64481602" , "Thomas Jolmès"                 , "Q518116"   , "58"      , "France national rugby union team"               , "2022"     , NA       , "2"            , "0"           , "jaWP; frWP; enWP"
"Q64481602" , "Thomas Jolmès"                 , "Q15055309" , "2145"    , "Section Paloise"                                , "2024"     , NA       , "18"           , "0"           , "jaWP; frWP; enWP"
"Q64825649" , "Thibaut Hamonou"               , "Q1628212"  , "295"     , "Cahors Rugby"                                   , "2009"     , "2013"   , NA             , NA            , "frWP; enWP"
"Q64825649" , "Thibaut Hamonou"               , "Q2002695"  , "324"     , "US Montauban"                                   , "2013"     , "2016"   , NA             , NA            , "frWP; enWP"
"Q64825649" , "Thibaut Hamonou"               , "Q431412"   , "44"      , "Stade Toulousain"                               , "2016"     , "2021"   , NA             , NA            , "frWP; enWP"
"Q64825649" , "Thibaut Hamonou"               , "Q5478456"  , "1249"    , "France national under-20 rugby union team"      , "2018"     , "2019"   , "7"            , "0"           , "enWP; frWP"
"Q64825649" , "Thibaut Hamonou"               , "Q15055309" , "2145"    , "Section Paloise"                                , "2021"     , NA       , "28"           , "10"          , "frWP; enWP"
"Q64825649" , "Thibaut Hamonou"               , "Q431412"   , "44"      , "Stade Toulousain"                               , "2021"     , "2022"   , NA             , NA            , "frWP"
"Q65553712" , "Juan Ignacio Brex"             , "Q5136363"  , "1121"    , "Club San Cirano"                                , "2011"     , "2014"   , "21"           , "45"          , "jaWP; itWP; esWP; enWP; frWP"
"Q65553712" , "Juan Ignacio Brex"             , "Q4120756"  , "862"     , "Argentina national under-20 rugby union team"   , "2012"     , "2012"   , "4"            , "0"           , "jaWP; frWP; enWP"
"Q65553712" , "Juan Ignacio Brex"             , "Q2060356"  , "331"     , "Pampas XV"                                      , "2013"     , "2013"   , "2"            , "0"           , "jaWP; frWP; itWP; esWP; enWP"
"Q65553712" , "Juan Ignacio Brex"             , "Q3873496"  , "823"     , "Argentina A national rugby union team"          , "2013"     , "2015"   , "6"            , "5"           , "frWP; enWP"
"Q65553712" , "Juan Ignacio Brex"             , "Q5136363"  , "1121"    , "Club San Cirano"                                , "2013"     , "2015"   , NA             , NA            , "esWP"
"Q65553712" , "Juan Ignacio Brex"             , "Q2035617"  , "329"     , "Rugby Viadana"                                  , "2015"     , "2017"   , "27"           , "80"          , "frWP; itWP; jaWP; esWP; enWP"
"Q65553712" , "Juan Ignacio Brex"             , "Q521129"   , "59"      , "Benetton Rugby Treviso"                         , "2017"     , "2025"   , "102"          , "65"          , "jaWP; frWP; itWP; esWP; enWP"
"Q65553712" , "Juan Ignacio Brex"             , "Q113135"   , "9"       , "Italy national rugby union team"                , "2020"     , NA       , "46"           , "35"          , "frWP; itWP; jaWP; enWP"
"Q65553712" , "Juan Ignacio Brex"             , "Q1857064"  , "315"     , "RC Toulonnais"                                  , "2025"     , NA       , "5"            , "5"           , "enWP"
"Q73264530" , "Lewis Bean"                    , "Q289030"   , "26"      , "Birmingham Moseley Rugby Club"                  , "2017"     , "2019"   , NA             , NA            , "enWP"
"Q73264530" , "Lewis Bean"                    , "Q2094512"  , "332"     , "Worcester Warriors"                             , "2019"     , "2019"   , "1"            , "0"           , "enWP"
"Q73264530" , "Lewis Bean"                    , "Q1201283"  , "239"     , "Northampton Saints"                             , "2019"     , "2021"   , "15"           , "0"           , "enWP"
"Q73264530" , "Lewis Bean"                    , "Q374981"   , "37"      , "Glasgow Warriors"                               , "2020"     , "2021"   , "4"            , "0"           , "enWP"
"Q73264530" , "Lewis Bean"                    , "Q639082"   , "98"      , "Bedford Blues"                                  , "2021"     , "2021"   , "7"            , "0"           , "enWP"
"Q73264530" , "Lewis Bean"                    , "Q374981"   , "37"      , "Glasgow Warriors"                               , "2021"     , "2023"   , "36"           , "20"          , "enWP"
"Q73264530" , "Lewis Bean"                    , "Q2002695"  , "324"     , "US Montauban"                                   , "2023"     , NA       , NA             , NA            , "enWP"
"Q73264530" , "Lewis Bean"                    , "Q4794237"  , "918"     , "Army Rugby Union"                               , NA         , NA       , NA             , NA            , "enWP"
