"playerId","playerName","teamWdId","teamRsId","teamName","startYear","endYear","matchesPlayed","pointsScored","dataSource"
"Q6832188","Michael Leitch","Q6158042","1389","Japan national under-20 rugby union team","2008","2008","5","5","jaWP; frWP; enWP"
"Q6832188","Michael Leitch","Q1122433","210","Japan national rugby union team","2008","2015","92","100","WD; jaWP; frWP; enWP"
"Q6832188","Michael Leitch","Q3532617","698","Toshiba Brave Lupus","2011",NA,"177","180","WD; jaWP; frWP; esWP; enWP"
"Q6832188","Michael Leitch","Q586617","72","Chiefs","2013","2013","8","9","WD; jaWP; frWP"
"Q6832188","Michael Leitch","Q19840257","2433","Sunwolves","2013","2013","8","5","esWP; enWP"
"Q6832188","Michael Leitch","Q586617","72","Chiefs","2015","2017","34","35","jaWP; frWP; esWP; enWP"
"Q6832188","Michael Leitch","Q1122433","210","Japan national rugby union team","2017",NA,"10","12","jaWP"
"Q6832188","Michael Leitch","Q19840257","2433","Sunwolves","2018","2019","8","5","frWP"
"Q6832188","Michael Leitch","Q3532617","698","Toshiba Brave Lupus","2019",NA,"30","15","frWP"
"Q6832188","Michael Leitch","Q19577178","2421","Japan A national rugby union team","2023","2023","2","0","enWP"
"Q16873617","Samisoni Viriviri",NA,"4446","Nadroga Stallions","2012","2014","10","20","jaWP; enWP"
"Q16873617","Samisoni Viriviri","Q596985","76","Montpellier Hérault Rugby","2014","2015","6","0","WD; frWP; enWP"
"Q16873617","Samisoni Viriviri","Q1134669","222","Fiji national rugby union team","2014",NA,"2","0","WD; enWP"
"Q16873617","Samisoni Viriviri","Q2002695","324","US Montauban","2015","2016","10","20","WD; frWP; enWP"
"Q16873617","Samisoni Viriviri","Q1134669","222","Fiji national rugby union team","2016",NA,"2","0","jaWP; frWP"
"Q16873617","Samisoni Viriviri","Q60784999","2737","South China Tigers","2019","2019","4","5","jaWP; enWP"
"Q16873617","Samisoni Viriviri","Q38605283","2660","Fijian Drua","2019","2020","3","5","frWP; enWP"
"Q20961841","Giorgi Melikidze","Q18127462","2397","RC Rustavi Kharebi","1978","1986",NA,NA,"jaWP; frWP"
"Q20961841","Giorgi Melikidze","Q609885","82","Georgia national rugby union team","2008",NA,"26","15","itWP"
"Q20961841","Giorgi Melikidze","Q5547941","1259","Georgia national under-20 rugby union team","2015","2015","4","5","frWP"
"Q20961841","Giorgi Melikidze","Q1361000","252","Stade Français Rugby","2015","2016","160","40","WD; enWP; frWP; itWP"
"Q20961841","Giorgi Melikidze","Q609885","82","Georgia national rugby union team","2016",NA,"26","15","WD; jaWP; frWP; enWP"
"Q20981541","Felipe Ezcurra","Q1748307","307","Hindú Club","2010","2018","101","105","enWP; esWP; frWP"
"Q20981541","Felipe Ezcurra","Q4120756","862","Argentina national under-20 rugby union team","2012","2013","9","15","enWP"
"Q20981541","Felipe Ezcurra","Q646070","101","Argentina national rugby union team","2012",NA,"19",NA,"esWP"
"Q20981541","Felipe Ezcurra","Q2060356","331","Pampas XV","2013","2013","4","0","jaWP; frWP"
"Q20981541","Felipe Ezcurra","Q646070","101","Argentina national rugby union team","2014","2000","15","0","WD; frWP"
"Q20981541","Felipe Ezcurra","Q3873496","823","Argentina A national rugby union team","2014","2019","18","26","enWP"
"Q20981541","Felipe Ezcurra","Q2060356","331","Pampas XV","2015","2015","4","0","enWP"
"Q20981541","Felipe Ezcurra","Q19870761","2436","Jaguares","2015","2018","36","20","jaWP; frWP; esWP; enWP"
"Q20981541","Felipe Ezcurra","Q1071691","204","Leicester Tigers","2018","2018","2","0","jaWP; frWP; esWP; enWP"
"Q20981541","Felipe Ezcurra","Q19870761","2436","Jaguares","2019","2021","12","5","enWP; jaWP"
"Q20981541","Felipe Ezcurra","Q646070","101","Argentina national rugby union team","2019",NA,"10","0","jaWP; enWP"
"Q20981541","Felipe Ezcurra","Q1387142","255","Football Club Grenoble Rugby","2021","2024","54","5","frWP; enWP"
"Q47034760","Rodrigo Bruni","Q2841455","405","Club San Luis","2014","2021","98","140","jaWP; enWP; frWP; esWP"
"Q47034760","Rodrigo Bruni","Q6155949","1386","Uncas Rugby Club","2016","2019",NA,NA,"frWP"
"Q47034760","Rodrigo Bruni","Q3873496","823","Argentina A national rugby union team","2017","2019","15","25","enWP; frWP"
"Q47034760","Rodrigo Bruni","Q646070","101","Argentina national rugby union team","2017",NA,"21","5","WD; jaWP"
"Q47034760","Rodrigo Bruni","Q19870761","2436","Jaguares","2018","2021","20","20","jaWP; enWP; frWP; esWP"
"Q47034760","Rodrigo Bruni","Q646070","101","Argentina national rugby union team","2018",NA,"26","10","frWP; enWP"
"Q47034760","Rodrigo Bruni","Q3452866","633","Rugby Club Vannes","2021","2022","26","50","jaWP; frWP; esWP; enWP"
"Q47034760","Rodrigo Bruni","Q1022912","197","CA Brive","2022","2023","7","5","frWP; esWP; jaWP; enWP"
"Q47034760","Rodrigo Bruni","Q630112","88","Aviron Bayonnais","2023",NA,"17","5","jaWP; frWP; esWP; enWP"
"Q47034760","Rodrigo Bruni","Q6155949","1386","Uncas Rugby Club",NA,"2014",NA,NA,"esWP"
"Q55268057","Thomas Curutchet","Q630112","88","Aviron Bayonnais","2010","2014",NA,NA,"WD; frWP"
"Q55268057","Thomas Curutchet","Q1319827","249","US Dax","2014","2022","71","348","WD; frWP"
"Q55268057","Thomas Curutchet","Q21007935","2476","Anglet ORC","2018",NA,NA,NA,"frWP"
"Q55268057","Thomas Curutchet","Q21007935","2476","Anglet ORC","2022",NA,"49","354","WD; frWP"
"Q55268057","Thomas Curutchet","Q21007935","2476","Anglet ORC",NA,"2010",NA,NA,"WD"
"Q56544008","Farai Mudariki",NA,"4408","Old Georgians RC","2014","2014",NA,NA,"frWP"
"Q56544008","Farai Mudariki",NA,"6662","Varsity College","2014","2014",NA,NA,"frWP"
"Q56544008","Farai Mudariki","Q1544873","281","Zimbabwe national rugby union team","2014",NA,"11",NA,"frWP"
"Q56544008","Farai Mudariki","Q964957","189","Castres Olympique","2015","2017",NA,NA,"frWP"
"Q56544008","Farai Mudariki","Q634843","89","Tarbes Pyrénées Rugby","2017","2018","3","50","frWP; enWP"
"Q56544008","Farai Mudariki","Q1544873","281","Zimbabwe national rugby union team","2017",NA,"11","0","enWP"
"Q56544008","Farai Mudariki","Q2094512","332","Worcester Warriors","2018","2020","3","5","frWP; enWP"
"Q56544008","Farai Mudariki","Q3550588","720","USON Nevers","2020","2025","45","5","frWP; enWP"
"Q56544008","Farai Mudariki","Q48835514","2689","Stade Niçois","2025",NA,NA,NA,"enWP"
"Q61866518","Zurab Dzneladze","Q5547938","1258","Georgia national under-18 rugby union team","2010","2010",NA,NA,"frWP"
"Q61866518","Zurab Dzneladze","Q5547941","1259","Georgia national under-20 rugby union team","2010","2012","8","20","frWP"
"Q61866518","Zurab Dzneladze","Q7276157","1695","RC Aia","2010","2014",NA,NA,"frWP"
"Q61866518","Zurab Dzneladze","Q609885","82","Georgia national rugby union team","2013",NA,"11","15","jaWP; frWP"
"Q61866518","Zurab Dzneladze","Q15713287","2156","RC Locomotive Tbilisi","2014",NA,"89","115","frWP; jaWP; enWP"
"Q61866518","Zurab Dzneladze","Q7276157","1695","RC Aia","2016","2018",NA,NA,"frWP"
"Q61866518","Zurab Dzneladze","Q609885","82","Georgia national rugby union team","2018",NA,"9","5","enWP"
"Q61866518","Zurab Dzneladze","Q7276157","1695","RC Aia","2020",NA,NA,NA,"frWP"
"Q68539092","Manuel Ardao","Q7083657","1604","Old Christians Club","2000","2020",NA,NA,"frWP; enWP"
"Q68539092","Manuel Ardao","Q276760","23","Uruguay national rugby union team","2016",NA,"5","0","itWP"
"Q68539092","Manuel Ardao","Q501864","53","Uruguay national under-20 rugby union team","2017","2018","8","30","jaWP; frWP; enWP"
"Q68539092","Manuel Ardao","Q276760","23","Uruguay national rugby union team","2018",NA,"26","10","jaWP; frWP; enWP"
"Q68539092","Manuel Ardao","Q83864890","3","Peñarol Rugby","2020","2023","34","65","jaWP; frWP; enWP; itWP"
"Q68539092","Manuel Ardao","Q119999690","3139","Miami Sharks","2023","2025","12","31","enWP; frWP"
"Q102823618","Tommaso Menoncello","Q521129","59","Benetton Rugby Treviso","2014","2018",NA,NA,"itWP"
"Q102823618","Tommaso Menoncello","Q3600350","782","Rugby Paese","2018","2019",NA,NA,"frWP; itWP"
"Q102823618","Tommaso Menoncello","Q6093838","1375","Italy national under-18 rugby union team","2019","2019","3",NA,"frWP"
"Q102823618","Tommaso Menoncello",NA,"6975","Academia FIR","2019","2021",NA,NA,"itWP; enWP"
"Q102823618","Tommaso Menoncello","Q521129","59","Benetton Rugby Treviso","2020",NA,"52","90","WD; frWP; itWP"
"Q102823618","Tommaso Menoncello","Q3650906","806","Italy A national rugby union team","2021","2021","2","0","jaWP; frWP; enWP"
"Q102823618","Tommaso Menoncello","Q6093842","1376","Italy national under-20 rugby union team","2021","2021","5","0","jaWP; frWP; enWP"
"Q102823618","Tommaso Menoncello","Q2269393","339","Mogliano Rugby","2021","2022",NA,NA,"frWP"
"Q102823618","Tommaso Menoncello","Q521129","59","Benetton Rugby Treviso","2021",NA,"65","105","jaWP; enWP"
"Q102823618","Tommaso Menoncello","Q113135","9","Italy national rugby union team","2022",NA,"31","45","WD; jaWP; frWP; itWP; enWP"
"Q106232067","Giorgi Babunashvili","Q5547941","1259","Georgia national under-20 rugby union team","2013","2015","8","0","frWP; enWP"
"Q106232067","Giorgi Babunashvili",NA,"7010","Bagrati Kutaisi","2013","2016",NA,NA,"frWP; enWP"
"Q106232067","Giorgi Babunashvili","Q7276157","1695","RC Aia","2013",NA,NA,NA,"frWP"
"Q106232067","Giorgi Babunashvili","Q7276157","1695","RC Aia","2016",NA,NA,NA,"enWP"
"Q106232067","Giorgi Babunashvili","Q609885","82","Georgia national rugby union team","2021",NA,"6","9","frWP; enWP"
"Q106232067","Giorgi Babunashvili","Q108377638","3015","The Black Lion","2021",NA,"23","122","frWP; enWP"
"Q107056887","José Luis González","Q2888930","428","Tucumán Rugby Club","2015","2019","7","5","esWP; enWP"
"Q107056887","José Luis González","Q4120756","862","Argentina national under-20 rugby union team","2017",NA,"5","5","enWP"
"Q107056887","José Luis González","Q3873496","823","Argentina A national rugby union team","2018",NA,"4","0","enWP"
"Q107056887","José Luis González","Q19870761","2436","Jaguares","2019","2019","4","10","enWP; esWP"
"Q107056887","José Luis González","Q646070","101","Argentina national rugby union team","2020",NA,NA,NA,"esWP; enWP"
"Q107056887","José Luis González","Q83558260","2823","Ceibos Rugby","2020","2021","2","0","enWP; esWP"
"Q107056887","José Luis González","Q1782908","310","Stade Montois","2021",NA,"11","10","esWP; enWP"
"Q107056887","José Luis González","Q1781643","309","AS Béziers Hérault","2023",NA,NA,NA,"esWP"
"Q107056887","José Luis González","Q1782908","310","Stade Montois","2023",NA,NA,NA,"esWP"
"Q110892247","Manuel Cardoso Pinto","Q2740841","391","AEIS Agronomia","1998","2003",NA,NA,"jaWP; frWP"
"Q110892247","Manuel Cardoso Pinto","Q20716879","2463","Portugal national under-20 rugby union team","2017","2018","8","5","jaWP; frWP"
"Q110892247","Manuel Cardoso Pinto","Q250778","18","Portugal national rugby union team","2017",NA,"21","50","frWP"
"Q110892247","Manuel Cardoso Pinto","Q2451090","363","Leidse Rugbyclub DIOK","2018","2019",NA,NA,"jaWP; frWP"
"Q110892247","Manuel Cardoso Pinto","Q2740841","391","AEIS Agronomia","2019",NA,"12","65","frWP"
"Q110892247","Manuel Cardoso Pinto","Q250778","18","Portugal national rugby union team","2019",NA,"40","50","jaWP"
"Q110892247","Manuel Cardoso Pinto","Q1115439","208","RC Narbonne","2021","2021","3","0","jaWP; frWP"
"Q110892247","Manuel Cardoso Pinto","Q15622257","2155","Lusitanos XV","2022",NA,NA,NA,"jaWP; frWP"
"Q118575037","Marius Vialle","Q753618","125","Stade Aurillacois Cantal Auvergne","2011","2020","48","15","frWP"
"Q118575037","Marius Vialle",NA,"5057","RC Bagnols Marcoule","2019",NA,NA,NA,"frWP"
"Q118575037","Marius Vialle","Q3452852","624","RC Nîmes","2019",NA,NA,NA,"frWP"
"Q118575037","Marius Vialle","Q952709","182","CA Périgueux","2020","2024","47","25","frWP"
"Q118575037","Marius Vialle","Q3452852","624","RC Nîmes","2024",NA,NA,NA,"frWP"
"Q55589680","Alan Brazo","Q1471265","266","USA Perpignan","2010",NA,NA,NA,"esWP"
"Q55589680","Alan Brazo","Q1471265","266","USA Perpignan","2014",NA,"180","60","WD; frWP"
"Q55623135","Miles Reid","Q810786","138","Bath Rugby","2017",NA,NA,NA,"esWP"
"Q55623135","Miles Reid","Q810786","138","Bath Rugby","2018",NA,"121","75","enWP"
"Q96313190","Dom Hardman","Q915507","161","Western Force","2019",NA,"6","5","enWP"
"Q96313190","Dom Hardman","Q915507","161","Western Force","2020",NA,NA,NA,"enWP"
"Q96314588","Rory O'Sullivan","Q915507","161","Western Force","2019",NA,"2","0","enWP"
"Q96314588","Rory O'Sullivan","Q915507","161","Western Force","2020",NA,NA,NA,"enWP"
"Q101657394","Sazi Sandi","Q794910","135","Stormers","2019",NA,"18","5","enWP"
"Q101657394","Sazi Sandi","Q794910","135","Stormers","2020",NA,"10","0","enWP"
"Q107609934","Travis Gordon","Q1210146","241","Lions","2019","2019","4","0","enWP"
"Q107609934","Travis Gordon","Q1210146","241","Lions","2021",NA,"12","5","enWP"
"Q107609934","Travis Gordon","Q1210146","241","Lions","2023",NA,"5","0","enWP"
"Q110584761","Connor Evans","Q794910","135","Stormers","2021",NA,"8","0","enWP"
"Q110584761","Connor Evans","Q794910","135","Stormers","2022",NA,"1","0","enWP"
"Q110585157","Heiko Pohlman","Q1210146","241","Lions","2022",NA,"9","0","enWP"
"Q110585157","Heiko Pohlman","Q1210146","241","Lions","2024",NA,"5","0","enWP"
"Q111095615","Corne Rahl","Q744636","121","Sharks","2022",NA,"3","0","enWP"
"Q111095615","Corne Rahl","Q744636","121","Sharks","2023",NA,NA,NA,"enWP"
"Q111649068","Daniel Sikuta","Q3301148","556","Kenya national rugby union team","2016",NA,"3","0","enWP"
"Q111649068","Daniel Sikuta","Q3301148","556","Kenya national rugby union team","2022",NA,NA,NA,"enWP"
"Q111649071","Martin Omondi","Q3301148","556","Kenya national rugby union team","2014","2014","6","5","enWP"
"Q111649071","Martin Omondi","Q3301148","556","Kenya national rugby union team","2017",NA,"12","15","enWP"
"Q111649071","Martin Omondi","Q3301148","556","Kenya national rugby union team","2022",NA,NA,NA,"enWP"
"Q111649074","Oliver Kizito","Q3301148","556","Kenya national rugby union team","2014","2014","6","0","enWP"
"Q111649074","Oliver Kizito","Q3301148","556","Kenya national rugby union team","2016",NA,"14","10","enWP"
"Q111649074","Oliver Kizito","Q3301148","556","Kenya national rugby union team","2022",NA,NA,NA,"enWP"
"Q111649077","Davis Chenge","Q3301148","556","Kenya national rugby union team","2014","2014","5","5","enWP"
"Q111649077","Davis Chenge","Q3301148","556","Kenya national rugby union team","2017",NA,"16","30","enWP"
"Q111649077","Davis Chenge","Q3301148","556","Kenya national rugby union team","2022",NA,NA,NA,"enWP"
"Q111698155","Riaan O'Neill","Q1544873","281","Zimbabwe national rugby union team","2016",NA,"5","10","enWP"
"Q111698155","Riaan O'Neill","Q1544873","281","Zimbabwe national rugby union team","2019","2019","3","0","enWP"
"Q111698155","Riaan O'Neill","Q1544873","281","Zimbabwe national rugby union team","2022",NA,"1","0","enWP"
"Q19606804","Levani Botia","Q1134669","222","Fiji national rugby union team","2013",NA,"28","35","enWP; WD; jaWP; frWP"
"Q19606804","Levani Botia","Q756594","126","Stade Rochelais","2013",NA,NA,NA,"WD; jaWP"
"Q19606804","Levani Botia","Q756594","126","Stade Rochelais","2014",NA,"199","200","frWP; enWP"
"Q19662106","Beno Obano","Q810786","138","Bath Rugby","2014",NA,"146","80","WD; frWP"
"Q19662106","Beno Obano","Q810786","138","Bath Rugby","2015",NA,"162","95","enWP"
"Q19662106","Beno Obano","Q378628","39","England national rugby union team","2021",NA,"4","0","WD; frWP; enWP"
"Q24084659","George Furbank","Q1201283","239","Northampton Saints","2015",NA,"127","256","frWP"
"Q24084659","George Furbank","Q1201283","239","Northampton Saints","2018",NA,"128","261","enWP"
"Q24084659","George Furbank","Q378628","39","England national rugby union team","2020",NA,"14","15","frWP; enWP"
"Q28665203","Ramil Gaisin","Q930719","166","Yenisey-STM Krasnoyarsk","2010",NA,"177","1109","enWP"
"Q28665203","Ramil Gaisin","Q1419899","261","Russia national rugby union team","2012",NA,"63","252","enWP"
"Q28665203","Ramil Gaisin","Q930719","166","Yenisey-STM Krasnoyarsk","2012",NA,NA,NA,"WD; jaWP"
"Q28665203","Ramil Gaisin","Q1419899","261","Russia national rugby union team","2018",NA,"56","194","jaWP"
"Q90312580","Marcos Moneta","Q4120756","862","Argentina national under-20 rugby union team","2018","2018",NA,NA,"enWP"
"Q90312580","Marcos Moneta","Q5136360","1120","Club San Andrés","2018",NA,"5","0","enWP"
"Q90312580","Marcos Moneta","Q4120756","862","Argentina national under-20 rugby union team","2019","2019","2","0","frWP"
"Q90312580","Marcos Moneta","Q5136360","1120","Club San Andrés","2019",NA,NA,NA,"frWP"
"Q111472712","Shayne Makombe","Q1544873","281","Zimbabwe national rugby union team","2018",NA,"32","40","enWP"
"Q111472712","Shayne Makombe",NA,"7191","Olympique de Saint-Denis","2021","2022","10","0","enWP"
"Q111472712","Shayne Makombe","Q1544873","281","Zimbabwe national rugby union team","2022",NA,NA,NA,"enWP"
"Q116949286","Max Jorgensen","Q622443","86","Australia national rugby union team","2023",NA,NA,NA,"jaWP"
"Q116949286","Max Jorgensen","Q534417","61","New South Wales Waratahs","2023",NA,"25","40","WD; frWP; frWP; enWP"
"Q116949286","Max Jorgensen","Q622443","86","Australia national rugby union team","2024",NA,"19","30","frWP; enWP"
"Q107736036","Ryota Kano","Q11512317","2080","Meiji University Rugby Football Club","2011","2015",NA,NA,"WD; jaWP"
"Q107736036","Ryota Kano","Q11512344","2082","Meiji Yasuda Life Hollies","2015",NA,NA,NA,"jaWP"
"Q107736036","Ryota Kano","Q11512344","2082","Meiji Yasuda Life Hollies","2017",NA,"28","121","enWP"
"Q110584768","Munier Hartzenberg","Q1170716","234","Griquas","2022","2022","14","35","enWP"
"Q110584768","Munier Hartzenberg","Q266149","22","Cheetahs","2022",NA,NA,NA,"enWP"
"Q110584768","Munier Hartzenberg","Q266149","22","Cheetahs","2023",NA,NA,NA,"enWP"
"Q123907743","Josselin Bouhier","Q756594","126","Stade Rochelais","2008","2022",NA,NA,"WD; frWP"
"Q123907743","Josselin Bouhier","Q15055309","2145","Section Paloise","2022",NA,NA,NA,"WD; frWP"
"Q123907743","Josselin Bouhier","Q15055309","2145","Section Paloise","2023",NA,"2","0","frWP"
"Q1407412","Watcyn Thomas","Q822877","143","Wales national rugby union team","1927","1933","14","6","WD; frWP; itWP; enWP"
"Q1407412","Watcyn Thomas","Q841966","150","Swansea RFC","1927",NA,NA,NA,"itWP"
"Q1407412","Watcyn Thomas","Q841966","150","Swansea RFC","1928",NA,NA,NA,"WD; frWP"
"Q1407412","Watcyn Thomas","Q3566691","733","Waterloo FC","1931","1933",NA,NA,"WD; frWP"
"Q1407412","Watcyn Thomas","Q807749","136","Barbarian FC","1932","1934","7","0","WD; frWP"
"Q1407412","Watcyn Thomas","Q1517603","272","Llanelli RFC",NA,"1927",NA,NA,"WD; itWP"
"Q1407412","Watcyn Thomas","Q1048688","201","London Welsh RFC",NA,NA,NA,NA,"WD"
"Q2960882","Charlie Sharples","Q289030","26","Birmingham Moseley Rugby Club","2007","2010","32","60","WD; enWP"
"Q2960882","Charlie Sharples","Q745758","122","Gloucester Rugby","2007",NA,"266","455","enWP"
"Q2960882","Charlie Sharples","Q745758","122","Gloucester Rugby","2008",NA,"266","455","WD; frWP"
"Q2960882","Charlie Sharples","Q3873497","824","England A national rugby union team","2011","2011","3","10","WD; enWP"
"Q2960882","Charlie Sharples","Q378628","39","England national rugby union team","2011","2012","4","10","WD; frWP; enWP"
"Q3047238","Eddie Andrews","Q794910","135","Stormers","2000",NA,NA,NA,"WD; frWP"
"Q3047238","Eddie Andrews","Q794910","135","Stormers","2003",NA,"47","20","WD; frWP"
"Q3047238","Eddie Andrews","Q498478","52","South Africa national rugby union team","2004","2007","23","0","WD; frWP"
"Q3047238","Eddie Andrews","Q3873494","822","Emerging Springboks","2007","2007",NA,NA,"frWP"
"Q3081810","Francisco Bosch","Q1748307","307","Hindú Club","2002","2005",NA,NA,"itWP"
"Q3081810","Francisco Bosch","Q646070","101","Argentina national rugby union team","2004","2005","4","10","WD; frWP; itWP"
"Q3081810","Francisco Bosch","Q104856099","2909","Manawatu Rugby Union Team","2006","2009","24","15","frWP; itWP"
"Q3081810","Francisco Bosch","Q1748307","307","Hindú Club","2009",NA,"79","165","itWP"
"Q3081810","Francisco Bosch","Q1748307","307","Hindú Club","2010",NA,"68","155","WD; frWP"
"Q3154124","Ionuț Botezatu","Q2289089","342","București Wolves","2009","2015","20","35","WD; frWP; enWP"
"Q3154124","Ionuț Botezatu","Q967505","190","Romania national rugby union team","2009","2016","34","15","WD; frWP; enWP"
"Q3154124","Ionuț Botezatu","Q2932002","447","CSM Baia Mare","2009",NA,NA,NA,"WD; frWP"
"Q3154124","Ionuț Botezatu","Q2932002","447","CSM Baia Mare","2013",NA,"35","20","enWP"
"Q3515030","Tane Norton","Q6840934","1510","Mid Canterbury Rugby Football Union","1961",NA,NA,NA,"frWP; enWP"
"Q3515030","Tane Norton","Q1490464","271","Maori All Blacks team","1969","1977",NA,NA,"frWP; enWP"
"Q3515030","Tane Norton","Q6840934","1510","Mid Canterbury Rugby Football Union","1969",NA,"82","0","enWP"
"Q3515030","Tane Norton","Q55801","6","New Zealand national rugby union team","1971","1977","61","8","WD; frWP; esWP; enWP"
"Q3515030","Tane Norton","Q104855938","2903","Canterbury Rugby Union Team",NA,NA,NA,NA,"frWP"
"Q4662456","Aaron Smith","Q7016275","1566","New Zealand national under-20 rugby union team","2008","2008","5","0","jaWP; frWP; enWP"
"Q4662456","Aaron Smith","Q104856099","2909","Manawatu Rugby Union Team","2008","2021","47","55","jaWP; frWP; itWP; esWP; enWP"
"Q4662456","Aaron Smith","Q1490464","271","Maori All Blacks team","2010","2010","3","0","jaWP; frWP; enWP"
"Q4662456","Aaron Smith","Q1210077","240","Highlanders","2011","2023","185","175","jaWP; frWP; itWP; esWP; enWP"
"Q4662456","Aaron Smith","Q55801","6","New Zealand national rugby union team","2012","2023","125","132","WD; frWP; itWP; enWP"
"Q4662456","Aaron Smith","Q104649868","2898","North Island Rugby Union","2020","2020","1","5","jaWP"
"Q4662456","Aaron Smith","Q6374828","1398","Toyota Verblitz","2023",NA,"16","40","jaWP; itWP"
"Q4662456","Aaron Smith","Q6374828","1398","Toyota Verblitz","2024",NA,"32","45","frWP; esWP; enWP"
"Q5214295","Dan Robson","Q289030","26","Birmingham Moseley Rugby Club","2010","2011","6","5","enWP"
"Q5214295","Dan Robson","Q745758","122","Gloucester Rugby","2010","2015","80","50","WD; frWP; enWP"
"Q5214295","Dan Robson","Q920928","163","England national under-20 rugby union team","2011","2012","19","20","WD; frWP; enWP"
"Q5214295","Dan Robson","Q3873497","824","England A national rugby union team","2014",NA,"3","5","enWP"
"Q5214295","Dan Robson","Q1150127","231","Wasps RFC","2015","2022","150","193","frWP; enWP"
"Q5214295","Dan Robson","Q378628","39","England national rugby union team","2016",NA,NA,NA,"WD"
"Q5214295","Dan Robson","Q3873497","824","England A national rugby union team","2016",NA,NA,NA,"WD"
"Q5214295","Dan Robson","Q378628","39","England national rugby union team","2019",NA,"14","10","frWP; enWP"
"Q5214295","Dan Robson","Q15055309","2145","Section Paloise","2022",NA,"71","33","frWP; enWP"
"Q5214295","Dan Robson","Q6674363","1471","Longton Rugby Club",NA,NA,NA,NA,"frWP"
"Q5214295","Dan Robson","Q65048052","2766","Stoke on Trent RUFC",NA,NA,NA,NA,"frWP"
"Q5728379","Henry Slade","Q5378054","1217","England national under-18 rugby union team","2010","2011","8","45","enWP"
"Q5728379","Henry Slade","Q3392807","589","Plymouth Albion R.F.C.","2011","2012","11","21","WD; frWP; itWP; esWP; enWP"
"Q5728379","Henry Slade","Q675305","111","Exeter Chiefs","2011",NA,"201","580","WD; frWP; esWP"
"Q5728379","Henry Slade","Q920928","163","England national under-20 rugby union team","2012","2013","13","144","WD; frWP; enWP"
"Q5728379","Henry Slade","Q675305","111","Exeter Chiefs","2012",NA,"222","814","itWP; enWP"
"Q5728379","Henry Slade","Q3873497","824","England A national rugby union team","2014","2015","3","13","WD; frWP; enWP"
"Q5728379","Henry Slade","Q378628","39","England national rugby union team","2015",NA,"73","55","WD; jaWP; frWP; itWP; enWP"
"Q6405410","Kieran Longbottom","Q915507","161","Western Force","2008","2014","52","0","enWP"
"Q6405410","Kieran Longbottom","Q9641","2","Saracens F.C.","2014","2016","6","0","WD; enWP"
"Q6405410","Kieran Longbottom","Q928517","164","Sale Sharks","2016","2017","20","5","enWP"
"Q6405410","Kieran Longbottom","Q9641","2","Saracens F.C.","2017",NA,NA,NA,"enWP"
"Q6405410","Kieran Longbottom","Q915507","161","Western Force","2018",NA,NA,NA,"enWP"
"Q6405410","Kieran Longbottom","Q915507","161","Western Force","2020",NA,"7","0","enWP"
"Q6408490","Kim Chul-won","Q1122433","210","Japan national rugby union team","2007","2007","2","0","WD; jaWP; enWP"
"Q6408490","Kim Chul-won","Q5362952","1215","Hanazono Kintetsu Liners","2007",NA,NA,NA,"jaWP"
"Q6408490","Kim Chul-won","Q5362952","1215","Hanazono Kintetsu Liners","2010",NA,"88","60","enWP"
"Q6408490","Kim Chul-won","Q11440037","2064","Osaka University of Health and Sport Sciences Rugby Football Club",NA,NA,NA,NA,"jaWP"
"Q8943845","Lee Ka To Cado","Q6435053","1421","Kowloon RFC","2009","2013",NA,NA,"enWP"
"Q8943845","Lee Ka To Cado","Q932889","167","Hong Kong national rugby union team","2011",NA,"24","0","enWP"
"Q8943845","Lee Ka To Cado","Q5243825","1170","DeA Tigers RFC","2012","2013",NA,NA,"enWP"
"Q8943845","Lee Ka To Cado","Q932889","167","Hong Kong national rugby union team","2012",NA,NA,NA,"jaWP"
"Q8943845","Lee Ka To Cado","Q3334335","562","NEC Green Rockets Tokatsu","2017","2018","10","0","WD; jaWP; enWP"
"Q8943845","Lee Ka To Cado","Q5243825","1170","DeA Tigers RFC","2018",NA,NA,NA,"enWP"
"Q8943845","Lee Ka To Cado",NA,"6873","University of Hong Kong",NA,NA,NA,NA,"jaWP"
"Q16204002","Frazier Climo","Q793219","133","Ayr RFC","2008",NA,NA,NA,"enWP"
"Q16204002","Frazier Climo","Q104856115","2913","Taranaki Rugby Union Team","2011","2013","18","120","enWP"
"Q16204002","Frazier Climo","Q538747","64","Scarlets","2013","2015","16","18","WD; enWP"
"Q16204002","Frazier Climo","Q793219","133","Ayr RFC","2015",NA,"5","15","enWP"
"Q16204002","Frazier Climo","Q22098276","2506","Scotland amateur national rugby union team","2019","2019",NA,NA,"enWP"
"Q16229940","Patrick Butler","Q6068684","1370","Ireland national under-20 rugby union team","2010","2010","10","5","WD; jaWP; frWP; enWP"
"Q16229940","Patrick Butler","Q1140373","225","Munster Rugby","2010","2015","64","35","WD; frWP; enWP"
"Q16229940","Patrick Butler","Q17153081","2364","Ireland B national rugby union team","2014","2014","2","10","WD; enWP"
"Q16229940","Patrick Butler","Q15055309","2145","Section Paloise","2015","2019","92","22","jaWP; frWP; enWP"
"Q16229940","Patrick Butler","Q1121321","209","Shizuoka Blue Revs","2020","2021","5","0","jaWP; frWP; enWP"
"Q16229940","Patrick Butler","Q5892505","1343","Mie Honda Heat","2021",NA,"11","5","enWP"
"Q16229940","Patrick Butler","Q5892505","1343","Mie Honda Heat","2022",NA,NA,NA,"jaWP; frWP"
"Q16229940","Patrick Butler","Q3394565","591","Shannon RFC",NA,NA,NA,NA,"enWP"
"Q16230108","Jack Carty","Q6068684","1370","Ireland national under-20 rugby union team","2012","2012","4","11","WD; jaWP; frWP; enWP"
"Q16230108","Jack Carty","Q1126167","213","Connacht Rugby","2012",NA,"220","1278","WD; frWP; enWP"
"Q16230108","Jack Carty","Q599903","77","Ireland national rugby union team","2018",NA,"11","16","frWP"
"Q16230108","Jack Carty","Q599903","77","Ireland national rugby union team","2019",NA,"11","16","jaWP; enWP"
"Q16230108","Jack Carty","Q2927421","443","Buccaneers RFC",NA,NA,NA,NA,"enWP"
"Q16234713","Marika Koroibete","Q16951324","2255","Melbourne Rising","2016",NA,NA,NA,"esWP"
"Q16234713","Marika Koroibete","Q16951324","2255","Melbourne Rising","2017","2017","1","10","WD; frWP; itWP"
"Q16234713","Marika Koroibete","Q1300399","247","Melbourne Rebels","2017","2021","69","115","WD; frWP; itWP; esWP"
"Q16234713","Marika Koroibete","Q622443","86","Australia national rugby union team","2017",NA,"59","100","WD; frWP; itWP; esWP"
"Q16234713","Marika Koroibete","Q3361904","579","Saiatama Panasonic Wild Knights","2021",NA,"30","75","WD; itWP"
"Q16234713","Marika Koroibete","Q3361904","579","Saiatama Panasonic Wild Knights","2022",NA,"30","75","frWP"
"Q16236310","Lewis Ludlow","Q5378054","1217","England national under-18 rugby union team","2013","2013","4","0","WD; frWP; enWP"
"Q16236310","Lewis Ludlow","Q745758","122","Gloucester Rugby","2013",NA,"196","105","WD; frWP"
"Q16236310","Lewis Ludlow","Q657211","105","London Scottish F.C.","2015","2015","6","0","frWP"
"Q16236310","Lewis Ludlow","Q745758","122","Gloucester Rugby","2015",NA,"242","125","enWP"
"Q16236310","Lewis Ludlow","Q16842085","2205","Hartpury University RFC","2019","2019","2","12","frWP"
"Q16236310","Lewis Ludlow","Q378628","39","England national rugby union team","2021","2021","2","0","WD; frWP; enWP"
"Q16846337","Luke McGrath","Q6068684","1370","Ireland national under-20 rugby union team","2012","2013","20","18","WD; jaWP; frWP; enWP"
"Q16846337","Luke McGrath","Q1473374","267","Leinster Rugby","2012",NA,"231","270","WD; frWP; itWP; enWP"
"Q16846337","Luke McGrath","Q17153081","2364","Ireland B national rugby union team","2014","2014","1","0","WD; frWP; enWP"
"Q16846337","Luke McGrath","Q599903","77","Ireland national rugby union team","2016",NA,"19","15","WD; jaWP; itWP; enWP"
"Q16846337","Luke McGrath","Q599903","77","Ireland national rugby union team","2017",NA,"19","15","frWP"
"Q16846337","Luke McGrath","Q593570","75","University College Dublin R.F.C.",NA,NA,NA,NA,"frWP"
"Q16970046","Lalakai Foketi","Q3286022","552","Manly RUFC","2013","2013","2","0","jaWP; frWP; enWP"
"Q16970046","Lalakai Foketi","Q4823737","933","Australia national under-20 rugby union team","2013","2014","9","23","WD; jaWP; frWP; enWP"
"Q16970046","Lalakai Foketi","Q1300399","247","Melbourne Rebels","2014","2014","2","0","jaWP; frWP; enWP"
"Q16970046","Lalakai Foketi","Q3567505","740","Western Sydney Rams","2014","2014","4","0","jaWP; frWP; enWP"
"Q16970046","Lalakai Foketi","Q630112","88","Aviron Bayonnais","2014","2015","9","0","WD; frWP; enWP"
"Q16970046","Lalakai Foketi","Q4874226","957","Bay of Plenty Steamers","2015","2017","30","75","jaWP; frWP; enWP"
"Q16970046","Lalakai Foketi","Q3046570","494","Eastern Suburbs RUFC","2018","2020","13","35","jaWP; frWP; enWP"
"Q16970046","Lalakai Foketi","Q534417","61","New South Wales Waratahs","2018","2025","83","45","jaWP; frWP; enWP"
"Q16970046","Lalakai Foketi","Q513257","55","Central Coast Rays","2019","2019","4","25","jaWP; frWP; enWP"
"Q16970046","Lalakai Foketi","Q622443","86","Australia national rugby union team","2021",NA,"8","5","frWP"
"Q16970046","Lalakai Foketi","Q4823557","931","Australia A national rugby union team","2022","2022","3","0","frWP; enWP"
"Q16970046","Lalakai Foketi","Q622443","86","Australia national rugby union team","2022",NA,"9","5","jaWP; enWP"
"Q16970046","Lalakai Foketi","Q3286022","552","Manly RUFC","2022",NA,"1","0","frWP"
"Q16970046","Lalakai Foketi",NA,"7552","First Nations & Pasifika XV","2025","2025","1","0","enWP"
"Q17180566","Ollie Devoto","Q7494732","1802","Sherborne RFC","2000","2012",NA,NA,"enWP"
"Q17180566","Ollie Devoto","Q810786","138","Bath Rugby","2012","2016","86","62","WD; frWP; enWP"
"Q17180566","Ollie Devoto","Q1134198","220","Cornish Pirates","2013","2013",NA,NA,"frWP"
"Q17180566","Ollie Devoto","Q920928","163","England national under-20 rugby union team","2013","2013","7","8","WD; frWP; enWP"
"Q17180566","Ollie Devoto","Q3873497","824","England A national rugby union team","2014","2016","3","0","frWP"
"Q17180566","Ollie Devoto","Q3873497","824","England A national rugby union team","2015","2016","3","5","WD; enWP"
"Q17180566","Ollie Devoto","Q378628","39","England national rugby union team","2016","2020","2","0","WD; frWP; enWP"
"Q17180566","Ollie Devoto","Q675305","111","Exeter Chiefs","2016","2024","127","110","frWP; enWP"
"Q17180566","Ollie Devoto","Q115272372","3089","Chicago Hounds","2024",NA,"12","10","enWP"
"Q17180566","Ollie Devoto","Q115272372","3089","Chicago Hounds","2025",NA,"3","0","frWP"
"Q17223380","Hiroshi Yamashita","Q11375632","2059","Kyoto Sangyo University Rugby Football Club","2004","2008",NA,NA,"jaWP; frWP"
"Q17223380","Hiroshi Yamashita","Q3198123","542","Kobelco Kobe Steelers","2008",NA,"178","125","jaWP; frWP"
"Q17223380","Hiroshi Yamashita","Q1122433","210","Japan national rugby union team","2009","2018","51","0","WD; jaWP; frWP; enWP"
"Q17223380","Hiroshi Yamashita","Q3198123","542","Kobelco Kobe Steelers","2010",NA,"232","70","enWP"
"Q17223380","Hiroshi Yamashita","Q586617","72","Chiefs","2016","2016","8","0","jaWP; frWP; enWP"
"Q17223380","Hiroshi Yamashita","Q19840257","2433","Sunwolves","2019","2019","12","0","jaWP; frWP; enWP"
"Q17385620","Scott Barrett","Q7016275","1566","New Zealand national under-20 rugby union team","2013","2013","4","0","WD; jaWP; frWP; enWP"
"Q17385620","Scott Barrett","Q104855938","2903","Canterbury Rugby Union Team","2014","2016","19","5","jaWP; frWP; itWP; enWP"
"Q17385620","Scott Barrett","Q959847","188","Crusaders","2014",NA,"117","90","jaWP; frWP; itWP; esWP; enWP"
"Q17385620","Scott Barrett","Q55801","6","New Zealand national rugby union team","2016",NA,"88","35","WD; frWP; itWP; esWP; enWP"
"Q17385620","Scott Barrett","Q104856115","2913","Taranaki Rugby Union Team","2017",NA,"1","0","jaWP; frWP"
"Q17385620","Scott Barrett","Q104856115","2913","Taranaki Rugby Union Team","2021",NA,"1","0","enWP"
"Q18167677","Hendrik Tui","Q11480974","2068","Teikyo University Rugby Football Club","2007","2011",NA,NA,"WD; frWP"
"Q18167677","Hendrik Tui","Q3361904","579","Saiatama Panasonic Wild Knights","2011","2013","27","40","WD; jaWP; frWP; itWP; enWP"
"Q18167677","Hendrik Tui","Q1122433","210","Japan national rugby union team","2011",NA,"47","90","WD; jaWP"
"Q18167677","Hendrik Tui","Q1122433","210","Japan national rugby union team","2012",NA,"47","90","frWP; itWP; enWP"
"Q18167677","Hendrik Tui","Q3503997","685","Tokyo Suntory Sungoliath","2013","2024","149","205","WD; jaWP; frWP; itWP; enWP"
"Q18167677","Hendrik Tui","Q1368281","253","Queensland Reds","2015","2017","30","10","WD; jaWP; frWP; itWP; enWP"
"Q18167677","Hendrik Tui","Q19840257","2433","Sunwolves","2019","2019","11","0","WD; jaWP; frWP; itWP; enWP"
"Q18167677","Hendrik Tui","Q6137222","1385","Urayasu D-Rocks","2024",NA,"12","5","WD; jaWP; enWP"
"Q18218068","Seta Tamanivalu","Q104856115","2913","Taranaki Rugby Union Team","2012","2018","62","130","jaWP; frWP; itWP; enWP"
"Q18218068","Seta Tamanivalu","Q807749","136","Barbarian FC","2015","2015","1","0","enWP"
"Q18218068","Seta Tamanivalu","Q586617","72","Chiefs","2015","2016","22","45","jaWP; frWP; itWP; enWP"
"Q18218068","Seta Tamanivalu","Q55801","6","New Zealand national rugby union team","2016","2017","5","0","WD; frWP; itWP; enWP"
"Q18218068","Seta Tamanivalu","Q959847","188","Crusaders","2017","2018","33","75","jaWP; frWP; itWP; enWP"
"Q18218068","Seta Tamanivalu","Q1865460","316","Union Bordeaux Bègles","2018","2020","37","45","jaWP; frWP; itWP; enWP"
"Q18218068","Seta Tamanivalu","Q3532617","698","Toshiba Brave Lupus","2020",NA,"22","50","frWP"
"Q18218068","Seta Tamanivalu","Q3532617","698","Toshiba Brave Lupus","2021",NA,"64","165","jaWP; enWP"
"Q18218068","Seta Tamanivalu","Q1134669","222","Fiji national rugby union team","2022","2022","3","5","jaWP; frWP; enWP"
"Q18347989","Clinton Swart","Q1170708","233","Pumas","2010","2011",NA,NA,"enWP"
"Q18347989","Clinton Swart","Q885646","156","Bulls","2012","2013",NA,NA,"enWP"
"Q18347989","Clinton Swart","Q1170726","236","Falcons","2014","2014","4","3","enWP"
"Q18347989","Clinton Swart",NA,"6190","UP Tuks","2014","2014",NA,NA,"enWP"
"Q18347989","Clinton Swart","Q1170716","234","Griquas","2015","2017","41","266","enWP"
"Q18347989","Clinton Swart","Q266149","22","Cheetahs","2017","2018","17","20","jaWP; enWP"
"Q18347989","Clinton Swart","Q6374828","1398","Toyota Verblitz","2018","2020","11","60","WD; jaWP; enWP"
"Q18347989","Clinton Swart","Q885646","156","Bulls","2020","2021","5","2","jaWP; enWP; enWP"
"Q18347989","Clinton Swart","Q1121321","209","Shizuoka Blue Revs","2021",NA,"8","8","jaWP"
"Q18347989","Clinton Swart","Q1121321","209","Shizuoka Blue Revs","2022",NA,NA,NA,"enWP"
"Q18359222","Jed Brown","Q104855938","2903","Canterbury Rugby Union Team","2012","2017","34","5","jaWP; enWP"
"Q18359222","Jed Brown","Q959847","188","Crusaders","2017","2017","5","10","jaWP; enWP"
"Q18359222","Jed Brown","Q104856087","2905","Tasman Rugby Union Team","2018","2018","9","0","jaWP; enWP"
"Q18359222","Jed Brown","Q1156303","232","Blues","2019","2019","3","0","jaWP; enWP"
"Q18359222","Jed Brown","Q5362952","1215","Hanazono Kintetsu Liners","2019",NA,NA,NA,"jaWP"
"Q18359222","Jed Brown","Q5362952","1215","Hanazono Kintetsu Liners","2020",NA,"33","30","enWP"
"Q18637720","Stuart McCloskey","Q1548720","282","Ulster Rugby","2013",NA,"199","207","WD; frWP"
"Q18637720","Stuart McCloskey","Q17153081","2364","Ireland B national rugby union team","2014","2015","4","5","WD; enWP"
"Q18637720","Stuart McCloskey","Q1548720","282","Ulster Rugby","2014",NA,"207","194","enWP"
"Q18637720","Stuart McCloskey","Q599903","77","Ireland national rugby union team","2016","2016","23","25","WD; jaWP; frWP; enWP"
"Q18637720","Stuart McCloskey","Q3041308","492","Dungannon RFC",NA,NA,NA,NA,"enWP"
"Q18978120","Maro Itoje","Q9641","2","Saracens F.C.","2012",NA,"166","120","WD; jaWP"
"Q18978120","Maro Itoje","Q920928","163","England national under-20 rugby union team","2013","2014","10","25","enWP"
"Q18978120","Maro Itoje","Q9641","2","Saracens F.C.","2013",NA,"201","140","frWP; itWP; esWP; enWP"
"Q18978120","Maro Itoje","Q920928","163","England national under-20 rugby union team","2014","2014","10","25","WD; jaWP; frWP"
"Q18978120","Maro Itoje","Q3873497","824","England A national rugby union team","2015","2015","10","20","WD; frWP"
"Q18978120","Maro Itoje","Q378628","39","England national rugby union team","2016","2016","95","45","WD; jaWP; frWP; itWP; enWP"
"Q18978120","Maro Itoje","Q733600","118","British & Irish Lions","2017","2017","6","5","WD; jaWP; frWP; itWP; enWP"
"Q18978120","Maro Itoje","Q733600","118","British & Irish Lions","2021","2021","3","0","jaWP; enWP"
"Q18978120","Maro Itoje","Q733600","118","British & Irish Lions","2025","2025","3","0","enWP"
"Q18978120","Maro Itoje","Q5378054","1217","England national under-18 rugby union team",NA,NA,NA,NA,"WD"
"Q18978120","Maro Itoje","Q7083374","1599","Old Albanian RFC",NA,NA,NA,NA,"frWP"
"Q19517966","Mikhail Babaev","Q1419899","261","Russia national rugby union team","2006",NA,"67","35","WD; enWP"
"Q19517966","Mikhail Babaev","Q1543491","279","VVA-Podmoskovye Monino","2006",NA,NA,NA,"frWP; frWP"
"Q19517966","Mikhail Babaev","Q930719","166","Yenisey-STM Krasnoyarsk","2015","2016",NA,NA,"frWP"
"Q19517966","Mikhail Babaev","Q1419899","261","Russia national rugby union team","2016",NA,"71","35","frWP"
"Q19517966","Mikhail Babaev","Q930719","166","Yenisey-STM Krasnoyarsk","2018","2019",NA,NA,"frWP"
"Q20638099","Scott Cummings","Q374981","37","Glasgow Warriors","2014",NA,"136","75","frWP"
"Q20638099","Scott Cummings","Q7435701","1789","Scotland national under-20 rugby union team","2015","2016","19","10","WD; jaWP; frWP; enWP"
"Q20638099","Scott Cummings","Q374981","37","Glasgow Warriors","2015",NA,"142","75","jaWP; enWP"
"Q20638099","Scott Cummings","Q945016","176","Scotland national rugby union team","2019",NA,"42","10","jaWP; frWP; enWP"
"Q20638099","Scott Cummings","Q7435629","1786","Scotland A national rugby union team","2022","2022","1","0","enWP"
"Q20638099","Scott Cummings","Q733600","118","British & Irish Lions","2025","2025",NA,NA,"enWP"
"Q20638099","Scott Cummings","Q528969","60","Glasgow Hawks",NA,NA,NA,NA,"WD"
"Q20638099","Scott Cummings","Q7435699","1788","Scotland national under-19 rugby union team",NA,NA,NA,NA,"WD"
"Q20677006","Damien Hoyland","Q7435697","1787","Scotland national under-18 rugby union team","2012","2012",NA,NA,"WD"
"Q20677006","Damien Hoyland","Q7435701","1789","Scotland national under-20 rugby union team","2013","2014","19","40","WD; frWP; enWP"
"Q20677006","Damien Hoyland","Q739613","120","Edinburgh Rugby","2014","2023","105","130","frWP; enWP"
"Q20677006","Damien Hoyland","Q945016","176","Scotland national rugby union team","2015","2022","5","5","WD; frWP; enWP"
"Q20677006","Damien Hoyland","Q7435629","1786","Scotland A national rugby union team","2022","2022","1","15","frWP; enWP"
"Q20677006","Damien Hoyland","Q60775551","2736","Old Glory DC","2023",NA,"17","0","enWP"
"Q20677006","Damien Hoyland","Q60775551","2736","Old Glory DC","2024",NA,"12","0","frWP"
"Q20677006","Damien Hoyland","Q894098","158","Boroughmuir RFC",NA,NA,NA,NA,"WD"
"Q20740955","Hilton Mudariki",NA,"7788","KwaZulu-Natal Country Districts","2010","2010",NA,NA,"enWP"
"Q20740955","Hilton Mudariki","Q794910","135","Stormers","2011","2011",NA,NA,"enWP"
"Q20740955","Hilton Mudariki","Q8072048","2000","Zimbabwe national under-20 rugby union team","2011","2011","3","0","enWP"
"Q20740955","Hilton Mudariki","Q125958274","3194","UJ Rugby","2015","2018","13","0","enWP"
"Q20740955","Hilton Mudariki","Q1544873","281","Zimbabwe national rugby union team","2017",NA,"56","35","enWP"
"Q20740955","Hilton Mudariki","Q6184915","1391","The Jersey Reds R.F.C.","2018","2019","3","0","enWP"
"Q20740955","Hilton Mudariki","Q1544873","281","Zimbabwe national rugby union team","2019","2019","6","4","enWP"
"Q20740955","Hilton Mudariki","Q1544873","281","Zimbabwe national rugby union team","2022",NA,NA,NA,"enWP"
"Q20877105","George Horne","Q7435701","1789","Scotland national under-20 rugby union team","2013","2015","12","59","WD; jaWP"
"Q20877105","George Horne","Q7435701","1789","Scotland national under-20 rugby union team","2014","2015","12","59","frWP; enWP"
"Q20877105","George Horne","Q1193020","238","London Irish RFC","2015","2016","14","5","jaWP"
"Q20877105","George Horne","Q657211","105","London Scottish F.C.","2015","2016","15","5","WD; frWP; itWP; enWP"
"Q20877105","George Horne","Q374981","37","Glasgow Warriors","2015",NA,"95","323","WD; jaWP; itWP"
"Q20877105","George Horne","Q374981","37","Glasgow Warriors","2016",NA,"125","484","frWP; enWP"
"Q20877105","George Horne","Q945016","176","Scotland national rugby union team","2018",NA,"38","54","jaWP; frWP; itWP; enWP"
"Q20877105","George Horne","Q7435629","1786","Scotland A national rugby union team","2022","2022","1","10","frWP; enWP"
"Q20877105","George Horne","Q1144887","229","Currie RFC",NA,NA,NA,NA,"frWP"
"Q20877105","George Horne","Q528969","60","Glasgow Hawks",NA,NA,NA,NA,"frWP"
"Q20877105","George Horne","Q5921630","1349","Howe of Fife RFC",NA,NA,NA,NA,"frWP"
"Q20877105","George Horne","Q7435699","1788","Scotland national under-19 rugby union team",NA,NA,NA,NA,"WD"
"Q21004889","Lee Roy Atalifo",NA,"4451","Suva Capitals","2012","2015",NA,NA,"frWP"
"Q21004889","Lee Roy Atalifo","Q3071728","506","Fiji Warriors","2013","2015",NA,NA,"frWP"
"Q21004889","Lee Roy Atalifo","Q1134669","222","Fiji national rugby union team","2014",NA,"17","5","WD; jaWP; frWP"
"Q21004889","Lee Roy Atalifo","Q3071728","506","Fiji Warriors","2015","2015","4","0","enWP"
"Q21004889","Lee Roy Atalifo","Q979797","194","Rugby Rovigo","2015","2016","12","5","jaWP; frWP; enWP"
"Q21004889","Lee Roy Atalifo","Q1134669","222","Fiji national rugby union team","2015",NA,"13","0","enWP"
"Q21004889","Lee Roy Atalifo","Q104855938","2903","Canterbury Rugby Union Team","2016","2016","4","0","jaWP; frWP; enWP"
"Q21004889","Lee Roy Atalifo","Q6184915","1391","The Jersey Reds R.F.C.","2017","2020","57","5","WD; frWP; enWP"
"Q21004889","Lee Roy Atalifo","Q739613","120","Edinburgh Rugby","2020","2023","33","10","jaWP; frWP; enWP"
"Q21005772","Patrick Fa'apale","Q64616117","2751","Kagifa Samoa","2014",NA,"14","65","enWP"
"Q21005772","Patrick Fa'apale","Q1138539","224","Samoa national rugby union team","2014",NA,NA,NA,"WD"
"Q21005772","Patrick Fa'apale","Q535408","63","Fiamme Oro Rugby","2015","2016","7","21","enWP"
"Q21005772","Patrick Fa'apale","Q64616117","2751","Kagifa Samoa","2019",NA,NA,NA,"enWP"
"Q21066900","Mateo Sanguinetti","Q501864","53","Uruguay national under-20 rugby union team","2011","2011","3","20","frWP"
"Q21066900","Mateo Sanguinetti","Q276760","23","Uruguay national rugby union team","2014",NA,"80","20","WD; jaWP; frWP; enWP"
"Q21066900","Mateo Sanguinetti",NA,"3379","Los Cuervos RC","2016",NA,NA,NA,"frWP"
"Q21066900","Mateo Sanguinetti","Q43080384","2678","Houston SaberCats","2019","2019","8","0","WD; frWP; enWP"
"Q21066900","Mateo Sanguinetti","Q83864890","3","Peñarol Rugby","2020","2020","1","0","WD; frWP; enWP"
"Q21066900","Mateo Sanguinetti","Q46387","5","RC Massy","2020","2022","33","5","jaWP; frWP; enWP"
"Q21066900","Mateo Sanguinetti","Q83864890","3","Peñarol Rugby","2022",NA,NA,NA,"enWP"
"Q21066900","Mateo Sanguinetti","Q83864890","3","Peñarol Rugby","2023",NA,"10","0","frWP"
"Q21621853","Michael Little","Q5448181","1238","Fiji national under-20 rugby union team","2012","2012","2","5","enWP"
"Q21621853","Michael Little","Q104855944","2904","North Harbour Rugby Union Team","2013","2016","19","55","jaWP; enWP"
"Q21621853","Michael Little","Q1156303","232","Blues","2016","2016",NA,NA,"jaWP"
"Q21621853","Michael Little","Q6883038","1518","Mitsubishi Sagamihara DynaBoars","2017","2022","40","105","WD; jaWP; enWP"
"Q21621853","Michael Little","Q19840257","2433","Sunwolves","2018","2019","18","15","jaWP; enWP"
"Q21621853","Michael Little","Q3198123","542","Kobelco Kobe Steelers","2022",NA,"35","75","enWP"
"Q21621853","Michael Little","Q3198123","542","Kobelco Kobe Steelers","2023",NA,NA,NA,"jaWP"
"Q21622810","Taleni Seu","Q4819588","928","Auckland RFU Team","2015","2018","23","25","jaWP; frWP; enWP"
"Q21622810","Taleni Seu","Q586617","72","Chiefs","2016","2019","44","20","WD; jaWP; frWP; enWP"
"Q21622810","Taleni Seu","Q104901906","2915","Waikato Rugby Union Team","2019","2019",NA,NA,"jaWP; frWP"
"Q21622810","Taleni Seu","Q7830799","1891","Toyota Industries Shuttles Aichi","2019","2022","32","60","WD; jaWP; frWP; enWP"
"Q21622810","Taleni Seu","Q1138539","224","Samoa national rugby union team","2022",NA,"9","5","frWP; enWP"
"Q21622810","Taleni Seu","Q534417","61","New South Wales Waratahs","2023","2023","13","10","WD; jaWP; frWP; enWP"
"Q21622810","Taleni Seu","Q1138539","224","Samoa national rugby union team","2023",NA,"5","0","WD; jaWP"
"Q21622810","Taleni Seu","Q7830799","1891","Toyota Industries Shuttles Aichi","2023",NA,"11","20","jaWP; frWP; enWP"
"Q21622810","Taleni Seu","Q24189494","2565","Grammar TEC RC",NA,NA,NA,NA,"WD"
"Q22005485","Henry Hutchison","Q3418861","606","Randwick DRUFC","2014",NA,NA,NA,"enWP"
"Q22005485","Henry Hutchison","Q3418861","606","Randwick DRUFC","2015",NA,"10","20","frWP"
"Q22005485","Henry Hutchison","Q16951324","2255","Melbourne Rising","2017","2017","5","5","jaWP; frWP; enWP"
"Q22005485","Henry Hutchison","Q1300399","247","Melbourne Rebels","2018","2018",NA,NA,"jaWP; frWP; enWP"
"Q22120312","Kyosuke Horie","Q11512317","2080","Meiji University Rugby Football Club","2009","2013",NA,NA,"jaWP"
"Q22120312","Kyosuke Horie","Q6158042","1389","Japan national under-20 rugby union team","2010","2010","4","0","enWP"
"Q22120312","Kyosuke Horie","Q1121321","209","Shizuoka Blue Revs","2013","2019","82","210","WD; jaWP; enWP"
"Q22120312","Kyosuke Horie","Q1122433","210","Japan national rugby union team","2014","2016","3","10","jaWP; enWP"
"Q22120312","Kyosuke Horie","Q21019421","2478","Hino Red Dolphins","2019",NA,NA,NA,"jaWP"
"Q22120312","Kyosuke Horie","Q21019421","2478","Hino Red Dolphins","2020",NA,"45","40","enWP"
"Q23771164","Revaz Jinchvelashvili","Q609885","82","Georgia national rugby union team","2013",NA,NA,NA,"WD"
"Q23771164","Revaz Jinchvelashvili","Q5547941","1259","Georgia national under-20 rugby union team","2015","2015","3","0","enWP"
"Q23771164","Revaz Jinchvelashvili","Q7276157","1695","RC Aia","2015",NA,"9","41","enWP"
"Q23771164","Revaz Jinchvelashvili","Q609885","82","Georgia national rugby union team","2016",NA,"8","0","enWP"
"Q24005017","Diego Magno","Q501864","53","Uruguay national under-20 rugby union team","2008","2009","9","10","jaWP; frWP; enWP"
"Q24005017","Diego Magno","Q276760","23","Uruguay national rugby union team","2008",NA,"107","61","WD; frWP"
"Q24005017","Diego Magno","Q276760","23","Uruguay national rugby union team","2010",NA,"104","70","jaWP; enWP"
"Q24005017","Diego Magno","Q1143327","227","Montevideo Cricket Club","2016",NA,NA,NA,"frWP"
"Q24005017","Diego Magno","Q43080384","2678","Houston SaberCats","2019","2021","29","5","jaWP; frWP; enWP"
"Q24005017","Diego Magno","Q83864890","3","Peñarol Rugby","2022","2022","9","10","jaWP; frWP; enWP"
"Q24005017","Diego Magno","Q48861120","2691","American Raptors","2023",NA,"11","10","frWP"
"Q24868871","Shōta Emi","Q11448882","2066","Gakushuin Rugby Football Society","2010","2014",NA,NA,"jaWP"
"Q24868871","Shōta Emi","Q3503997","685","Tokyo Suntory Sungoliath","2014",NA,NA,NA,"jaWP"
"Q24868871","Shōta Emi","Q3503997","685","Tokyo Suntory Sungoliath","2015",NA,"63","175","enWP"
"Q24868871","Shōta Emi","Q19840257","2433","Sunwolves","2017","2017","8","15","WD; jaWP; enWP"
"Q24868871","Shōta Emi","Q6158042","1389","Japan national under-20 rugby union team",NA,NA,NA,NA,"jaWP"
"Q26209474","Ollie Thorley","Q745758","122","Gloucester Rugby","2013",NA,"114","205","frWP"
"Q26209474","Ollie Thorley","Q5378054","1217","England national under-18 rugby union team","2014","2014",NA,NA,"frWP"
"Q26209474","Ollie Thorley","Q745758","122","Gloucester Rugby","2014",NA,"83","155","WD; itWP"
"Q26209474","Ollie Thorley","Q5378054","1217","England national under-18 rugby union team","2015","2016",NA,NA,"enWP"
"Q26209474","Ollie Thorley","Q920928","163","England national under-20 rugby union team","2015","2016","8","0","frWP; enWP"
"Q26209474","Ollie Thorley","Q745758","122","Gloucester Rugby","2015",NA,"149","250","enWP"
"Q26209474","Ollie Thorley","Q378628","39","England national rugby union team","2020",NA,"1","0","WD; itWP; enWP"
"Q26209474","Ollie Thorley","Q378628","39","England national rugby union team","2021",NA,"1","0","frWP"
"Q26209474","Ollie Thorley",NA,"4029","Stow-on-the-Wold RFC",NA,NA,NA,NA,"frWP"
"Q26405253","Josh Goodhue","Q7016275","1566","New Zealand national under-20 rugby union team","2015","2015","7","0","WD; jaWP; enWP"
"Q26405253","Josh Goodhue","Q104856105","2910","Northland Rugby Union Team","2015","2022","64","30","WD; enWP"
"Q26405253","Josh Goodhue","Q7015235","1562","New Zealand Barbarians","2017","2017","1","0","WD; enWP"
"Q26405253","Josh Goodhue","Q1156303","232","Blues","2017","2022","48","0","WD; jaWP; enWP"
"Q26405253","Josh Goodhue","Q3020426","487","Ricoh Black Rams Tokyo","2022",NA,"28","5","jaWP; enWP"
"Q26405253","Josh Goodhue","Q3020426","487","Ricoh Black Rams Tokyo","2023",NA,NA,NA,"WD"
"Q26405410","Kaito Shigeno","Q11436142","2063","Daito Bunka University Rugby Football Club","2009","2013",NA,NA,"jaWP"
"Q26405410","Kaito Shigeno","Q3334335","562","NEC Green Rockets Tokatsu","2013","2017","51","5","WD; jaWP; enWP"
"Q26405410","Kaito Shigeno","Q4819588","928","Auckland RFU Team","2015","2015","6","5","jaWP; enWP"
"Q26405410","Kaito Shigeno","Q7227980","1659","Ponsonby RFC","2015","2015",NA,NA,"enWP"
"Q26405410","Kaito Shigeno","Q19840257","2433","Sunwolves","2016","2019","29","10","jaWP; enWP"
"Q26405410","Kaito Shigeno","Q1122433","210","Japan national rugby union team","2016",NA,"16","5","jaWP; enWP"
"Q26405410","Kaito Shigeno","Q6374828","1398","Toyota Verblitz","2017",NA,"53","15","jaWP"
"Q26405410","Kaito Shigeno","Q6374828","1398","Toyota Verblitz","2018",NA,"73","20","enWP"
"Q26405885","Lachlan Boshier","Q7016275","1566","New Zealand national under-20 rugby union team","2014","2014","4","5","WD; frWP; enWP"
"Q26405885","Lachlan Boshier","Q104856115","2913","Taranaki Rugby Union Team","2014","2021","50","50","WD; jaWP; frWP; enWP"
"Q26405885","Lachlan Boshier","Q586617","72","Chiefs","2016","2021","64","85","WD; jaWP; frWP; enWP"
"Q26405885","Lachlan Boshier","Q7015235","1562","New Zealand Barbarians","2017","2017","1","0","enWP"
"Q26405885","Lachlan Boshier","Q3361904","579","Saiatama Panasonic Wild Knights","2021",NA,"40","25","WD; jaWP"
"Q26405885","Lachlan Boshier","Q3361904","579","Saiatama Panasonic Wild Knights","2022",NA,"59","50","frWP; enWP"
"Q26405885","Lachlan Boshier","Q104649868","2898","North Island Rugby Union",NA,NA,NA,NA,"jaWP"
"Q26837893","Jordie Barrett","Q104855938","2903","Canterbury Rugby Union Team","2016","2016","12","123","jaWP; frWP; itWP; esWP; enWP"
"Q26837893","Jordie Barrett","Q7016275","1566","New Zealand national under-20 rugby union team","2016","2016","7","76","WD; jaWP; frWP; enWP"
"Q26837893","Jordie Barrett","Q639797","99","Hurricanes","2017","2024","111","794","WD; jaWP; frWP; itWP; esWP; enWP"
"Q26837893","Jordie Barrett","Q55801","6","New Zealand national rugby union team","2017",NA,"78","306","WD; frWP; itWP; enWP"
"Q26837893","Jordie Barrett","Q104856115","2913","Taranaki Rugby Union Team","2017",NA,"2","22","jaWP; frWP; itWP"
"Q26837893","Jordie Barrett","Q104856115","2913","Taranaki Rugby Union Team","2020",NA,"2","22","enWP"
"Q26837893","Jordie Barrett","Q1473374","267","Leinster Rugby","2024",NA,"15","30","WD; frWP; esWP; enWP"
"Q27150526","Yukio Morikawa","Q11480974","2068","Teikyo University Rugby Football Club","2011","2015",NA,NA,"WD; jaWP"
"Q27150526","Yukio Morikawa","Q3503997","685","Tokyo Suntory Sungoliath","2015",NA,"133","35","WD; jaWP; enWP"
"Q27150526","Yukio Morikawa","Q1122433","210","Japan national rugby union team","2021",NA,"5","0","enWP"
"Q27150526","Yukio Morikawa","Q1122433","210","Japan national rugby union team","2022",NA,"2","0","WD; jaWP"
"Q27150606","Faulua Makisi","Q6158042","1389","Japan national under-20 rugby union team","2015","2017","13","40","enWP"
"Q27150606","Faulua Makisi","Q19577178","2421","Japan A national rugby union team","2015","2017","9","25","enWP"
"Q27150606","Faulua Makisi","Q17212194","2365","Tenri University Rugby Football Club","2015","2019",NA,NA,"WD; jaWP"
"Q27150606","Faulua Makisi","Q1122433","210","Japan national rugby union team","2016",NA,"7","0","jaWP"
"Q27150606","Faulua Makisi","Q1122433","210","Japan national rugby union team","2019",NA,"21","0","enWP"
"Q27150606","Faulua Makisi","Q6441306","1423","Kubota Spears Funabashi Tokyo-Bay","2019",NA,"42","65","jaWP"
"Q27150606","Faulua Makisi","Q6441306","1423","Kubota Spears Funabashi Tokyo-Bay","2020",NA,"74","110","enWP"
"Q27830768","Heiichiro Ito","Q7971389","1952","Waseda University Rugby Football Club","2009","2013",NA,NA,"WD; jaWP"
"Q27830768","Heiichiro Ito","Q6158042","1389","Japan national under-20 rugby union team","2010","2010","4","5","enWP"
"Q27830768","Heiichiro Ito","Q1121321","209","Shizuoka Blue Revs","2013",NA,NA,NA,"WD; jaWP"
"Q27830768","Heiichiro Ito","Q1121321","209","Shizuoka Blue Revs","2015",NA,"113","15","enWP"
"Q27830768","Heiichiro Ito","Q1122433","210","Japan national rugby union team","2016","2017","6","0","WD; jaWP; enWP"
"Q27830768","Heiichiro Ito","Q19840257","2433","Sunwolves","2017","2017","8","0","WD; jaWP; enWP"
"Q28853743","Jacob Stockdale","Q6068684","1370","Ireland national under-20 rugby union team","2015","2016","13","50","WD; jaWP; frWP; enWP"
"Q28853743","Jacob Stockdale","Q1548720","282","Ulster Rugby","2015",NA,"41","85","itWP"
"Q28853743","Jacob Stockdale","Q1548720","282","Ulster Rugby","2016",NA,"136","250","jaWP; frWP; esWP; enWP"
"Q28853743","Jacob Stockdale","Q599903","77","Ireland national rugby union team","2017",NA,"40","95","WD; jaWP; frWP; itWP; enWP"
"Q28853743","Jacob Stockdale","Q6068556","1368","Ireland A national rugby union team","2022","2022","1","0","frWP; enWP"
"Q30089622","Robbie Nairn","Q7435701","1789","Scotland national under-20 rugby union team","2014","2017","16","30","WD; enWP"
"Q30089622","Robbie Nairn","Q1149835","230","Harlequin F.C.","2015","2017","11","5","enWP"
"Q30089622","Robbie Nairn","Q374981","37","Glasgow Warriors","2017","2021","5","10","enWP"
"Q30089622","Robbie Nairn","Q793219","133","Ayr RFC","2018",NA,NA,NA,"enWP"
"Q30089622","Robbie Nairn","Q793219","133","Ayr RFC","2021",NA,"7","0","enWP"
"Q30089622","Robbie Nairn","Q1144887","229","Currie RFC",NA,NA,NA,NA,"enWP"
"Q30089622","Robbie Nairn","Q5397827","1223","Esher RFC",NA,NA,NA,NA,"enWP"
"Q30089622","Robbie Nairn","Q7435697","1787","Scotland national under-18 rugby union team",NA,NA,NA,NA,"WD"
"Q30142426","Jake Gordon","Q3506850","690","Sydney University Football Club","2013","2019","79","220","frWP; enWP"
"Q30142426","Jake Gordon","Q3506818","689","Sydney Stars","2014","2015","17","30","frWP; enWP"
"Q30142426","Jake Gordon","Q16912004","2210","New South Wales Country Eagles","2016","2019","25","104","frWP; enWP"
"Q30142426","Jake Gordon","Q622443","86","Australia national rugby union team","2017",NA,"20","5","frWP"
"Q30142426","Jake Gordon","Q534417","61","New South Wales Waratahs","2017",NA,"108","165","WD; frWP; enWP"
"Q30142426","Jake Gordon","Q622443","86","Australia national rugby union team","2018",NA,"36","20","WD; enWP"
"Q30142426","Jake Gordon","Q4823557","931","Australia A national rugby union team","2023",NA,"1","0","frWP"
"Q30611867","James Ryan","Q6068684","1370","Ireland national under-20 rugby union team","2016","2016","9","10","WD; jaWP; frWP; enWP"
"Q30611867","James Ryan","Q1473374","267","Leinster Rugby","2016",NA,"92","20","frWP"
"Q30611867","James Ryan","Q1140373","225","Munster Rugby","2017","2017","1","0","WD; enWP"
"Q30611867","James Ryan","Q599903","77","Ireland national rugby union team","2017",NA,"75","25","WD; jaWP; frWP; itWP; enWP"
"Q30611867","James Ryan","Q1473374","267","Leinster Rugby","2017",NA,"92","20","WD; jaWP; itWP; enWP"
"Q30611867","James Ryan","Q733600","118","British & Irish Lions","2025","2025","2","0","enWP"
"Q38190133","Corey Domachowski","Q169941","14","Cardiff Rugby","2013",NA,NA,NA,"WD; jaWP"
"Q38190133","Corey Domachowski","Q654755","104","Pontypridd RFC","2015","2019","43",NA,"WD; frWP"
"Q38190133","Corey Domachowski","Q7961834","1950","Wales national under-20 rugby union team","2016","2016","10","0","WD; jaWP; frWP; enWP"
"Q38190133","Corey Domachowski","Q169941","14","Cardiff Rugby","2016",NA,"122","40","frWP; enWP"
"Q38190133","Corey Domachowski","Q822877","143","Wales national rugby union team","2023",NA,"10","0","WD; jaWP; frWP; enWP"
"Q38190147","Keiron Assiratti","Q654755","104","Pontypridd RFC","2015","2019","39","0","frWP"
"Q38190147","Keiron Assiratti","Q7961834","1950","Wales national under-20 rugby union team","2016","2017","11","5","WD; frWP; enWP"
"Q38190147","Keiron Assiratti","Q169941","14","Cardiff Rugby","2016",NA,"98","10","enWP"
"Q38190147","Keiron Assiratti","Q169941","14","Cardiff Rugby","2017",NA,"89","10","frWP; frWP"
"Q38190147","Keiron Assiratti","Q917973","162","Bristol Bears","2020","2020","2","0","WD; frWP; enWP"
"Q38190147","Keiron Assiratti","Q822877","143","Wales national rugby union team","2023",NA,"15","0","WD; frWP; enWP"
"Q38190147","Keiron Assiratti","Q82216","7","Dragons",NA,NA,NA,NA,"WD"
"Q38190147","Keiron Assiratti",NA,"6125","Wattstown RFC",NA,NA,NA,NA,"frWP"
"Q38276598","Shogo Nakano","Q19577178","2421","Japan A national rugby union team","2015","2019","7","10","frWP"
"Q38276598","Shogo Nakano","Q19577178","2421","Japan A national rugby union team","2015","2023","8","10","enWP"
"Q38276598","Shogo Nakano","Q7971389","1952","Waseda University Rugby Football Club","2016","2020",NA,NA,"WD; jaWP; frWP"
"Q38276598","Shogo Nakano","Q19840257","2433","Sunwolves","2020","2020","5","5","jaWP; frWP; enWP"
"Q38276598","Shogo Nakano","Q3503997","685","Tokyo Suntory Sungoliath","2020",NA,"23","40","jaWP"
"Q38276598","Shogo Nakano","Q1122433","210","Japan national rugby union team","2021",NA,"7","5","jaWP; frWP"
"Q38276598","Shogo Nakano","Q19577178","2421","Japan A national rugby union team","2021",NA,"11","5","enWP"
"Q38276598","Shogo Nakano","Q3503997","685","Tokyo Suntory Sungoliath","2021",NA,"56","90","frWP; enWP"
"Q38458403","Hugo Keenan","Q1473374","267","Leinster Rugby","2014",NA,"50","55","jaWP"
"Q38458403","Hugo Keenan","Q6068684","1370","Ireland national under-20 rugby union team","2016","2016","10","5","WD; jaWP; frWP; enWP"
"Q38458403","Hugo Keenan","Q1473374","267","Leinster Rugby","2016",NA,"73","75","WD; itWP; enWP"
"Q38458403","Hugo Keenan","Q1473374","267","Leinster Rugby","2018",NA,"70","70","frWP"
"Q38458403","Hugo Keenan","Q599903","77","Ireland national rugby union team","2020",NA,"46","65","WD; jaWP; frWP; itWP; enWP"
"Q38458403","Hugo Keenan","Q733600","118","British & Irish Lions","2025","2025","3","5","enWP"
"Q41798800","Eduardo Bello","Q4120756","862","Argentina national under-20 rugby union team","2015","2015","4","0","jaWP; frWP; enWP"
"Q41798800","Eduardo Bello","Q2400465","359","Club Atlético del Rosario","2015","2017","41","15","jaWP; frWP; esWP; enWP"
"Q41798800","Eduardo Bello","Q3873496","823","Argentina A national rugby union team","2016","2017","8","0","frWP; enWP"
"Q41798800","Eduardo Bello","Q646070","101","Argentina national rugby union team","2016",NA,"27","5","frWP"
"Q41798800","Eduardo Bello","Q950674","180","Zebre","2017","2022","84","10","jaWP; frWP; esWP; enWP"
"Q41798800","Eduardo Bello","Q646070","101","Argentina national rugby union team","2021",NA,"13","0","jaWP; esWP; enWP"
"Q41798800","Eduardo Bello","Q9641","2","Saracens F.C.","2022","2023","6","0","jaWP; frWP; esWP; enWP"
"Q41798800","Eduardo Bello","Q910657","160","Newcastle Red Bulls","2023",NA,"16","5","jaWP; frWP; esWP; enWP"
"Q41798800","Eduardo Bello",NA,"3412","San Martín Rugby Club",NA,NA,NA,NA,"frWP"
"Q42308296","Asafo Aumua","Q7016275","1566","New Zealand national under-20 rugby union team","2016","2017","14","35","jaWP; frWP; enWP"
"Q42308296","Asafo Aumua","Q1476647","270","Wellington Rugby Football Union Team","2016",NA,"63","155","WD; jaWP; frWP; enWP"
"Q42308296","Asafo Aumua","Q55801","6","New Zealand national rugby union team","2017",NA,"20","10","enWP"
"Q42308296","Asafo Aumua","Q639797","99","Hurricanes","2018",NA,"67","70","WD; jaWP; frWP; enWP"
"Q42308296","Asafo Aumua","Q55801","6","New Zealand national rugby union team","2020",NA,"20","10","WD; frWP"
"Q42897692","Luke Crosbie","Q7435701","1789","Scotland national under-20 rugby union team","2016","2017",NA,NA,"WD"
"Q42897692","Luke Crosbie","Q7435701","1789","Scotland national under-20 rugby union team","2017","2017","8","0","jaWP; frWP; enWP"
"Q42897692","Luke Crosbie","Q739613","120","Edinburgh Rugby","2017",NA,"111","55","WD; frWP; enWP"
"Q42897692","Luke Crosbie","Q945016","176","Scotland national rugby union team","2021",NA,"12","5","frWP"
"Q42897692","Luke Crosbie","Q7435629","1786","Scotland A national rugby union team","2022","2022","1","0","WD; frWP; enWP"
"Q42897692","Luke Crosbie","Q945016","176","Scotland national rugby union team","2022",NA,"12","5","WD; jaWP; enWP"
"Q42897692","Luke Crosbie","Q1144887","229","Currie RFC",NA,NA,NA,NA,"WD"
"Q42897692","Luke Crosbie","Q6659677","1452","Livingston RFC",NA,NA,NA,NA,"frWP"
"Q42897692","Luke Crosbie","Q7435697","1787","Scotland national under-18 rugby union team",NA,NA,NA,NA,"WD"
"Q44075289","Tate McDermott","Q1368281","253","Queensland Reds","2016",NA,"105","170","enWP"
"Q44075289","Tate McDermott","Q3046497","493","Queensland Country","2017","2019","20","40","WD; frWP; enWP"
"Q44075289","Tate McDermott","Q4823737","933","Australia national under-20 rugby union team","2018","2018","5","10","jaWP; frWP; enWP"
"Q44075289","Tate McDermott","Q1368281","253","Queensland Reds","2018",NA,"79","110","WD; jaWP; frWP"
"Q44075289","Tate McDermott","Q622443","86","Australia national rugby union team","2020",NA,"50","25","WD; jaWP; frWP; enWP"
"Q44075289","Tate McDermott","Q55137438","2703","Toronto Arrows",NA,NA,NA,NA,"jaWP"
"Q44380656","Hunter Paisami","Q16951324","2255","Melbourne Rising","2017","2017","7","0","jaWP; frWP; enWP"
"Q44380656","Hunter Paisami","Q7409933","1780","Samoa national under-20 rugby union team","2017","2017","4","27","WD; jaWP; frWP; enWP"
"Q44380656","Hunter Paisami","Q1300399","247","Melbourne Rebels","2018","2018",NA,NA,"frWP"
"Q44380656","Hunter Paisami","Q2881429","424","Brisbane City","2019","2019","8","5","jaWP; frWP; enWP"
"Q44380656","Hunter Paisami","Q622443","86","Australia national rugby union team","2020",NA,"32","15","WD; frWP; enWP"
"Q44380656","Hunter Paisami","Q1368281","253","Queensland Reds","2020",NA,"66","50","WD; frWP; enWP"
"Q44380656","Hunter Paisami","Q622443","86","Australia national rugby union team","2021",NA,"20","0","jaWP"
"Q44380656","Hunter Paisami","Q4823557","931","Australia A national rugby union team","2023","2023","1","0","frWP"
"Q44701283","Asaeli Ai Valu",NA,"5679","Saitama Institute of Technology Rugby Club","2009","2013",NA,NA,"jaWP; frWP"
"Q44701283","Asaeli Ai Valu","Q3361904","579","Saiatama Panasonic Wild Knights","2013",NA,"104","80","WD; jaWP; frWP; itWP"
"Q44701283","Asaeli Ai Valu","Q3361904","579","Saiatama Panasonic Wild Knights","2014",NA,"128","85","enWP"
"Q44701283","Asaeli Ai Valu","Q1122433","210","Japan national rugby union team","2017",NA,"30","10","WD; jaWP; frWP; itWP; enWP"
"Q44701283","Asaeli Ai Valu","Q19840257","2433","Sunwolves","2018","2019","6","0","WD; jaWP; frWP; itWP; enWP"
"Q45313883","Samisoni Taukei'aho","Q104901906","2915","Waikato Rugby Union Team","2016",NA,"44","100","jaWP; enWP"
"Q45313883","Samisoni Taukei'aho","Q586617","72","Chiefs","2017",NA,"107","110","jaWP; frWP; enWP"
"Q45313883","Samisoni Taukei'aho","Q104901906","2915","Waikato Rugby Union Team","2017",NA,"43","100","frWP"
"Q45313883","Samisoni Taukei'aho","Q55801","6","New Zealand national rugby union team","2021",NA,"42","65","frWP; enWP"
"Q45313937","Tiaan Falcon","Q104856096","2908","Hawke's Bay Rugby Union Team","2016","2019","27","82","WD; enWP"
"Q45313937","Tiaan Falcon","Q7016275","1566","New Zealand national under-20 rugby union team","2017","2017","7","109","WD; enWP"
"Q45313937","Tiaan Falcon","Q586617","72","Chiefs","2018","2020","4","0","WD; enWP"
"Q45313937","Tiaan Falcon","Q6374828","1398","Toyota Verblitz","2020",NA,"36","248","WD; jaWP"
"Q45313937","Tiaan Falcon","Q104856096","2908","Hawke's Bay Rugby Union Team","2021","2021","7","20","WD; enWP"
"Q45313937","Tiaan Falcon","Q6374828","1398","Toyota Verblitz","2021",NA,"59","259","enWP"
"Q45313937","Tiaan Falcon","Q639797","99","Hurricanes",NA,NA,NA,NA,"jaWP"
"Q45313990","Jonathan Taumateine","Q7409933","1780","Samoa national under-20 rugby union team","2015","2015","5","0","jaWP; frWP; enWP"
"Q45313990","Jonathan Taumateine","Q7016275","1566","New Zealand national under-20 rugby union team","2016","2016","6","5","jaWP; frWP; enWP"
"Q45313990","Jonathan Taumateine","Q104856095","2907","Counties Manukau Rugby Union Team","2016","2022","39","10","jaWP; frWP; enWP"
"Q45313990","Jonathan Taumateine","Q586617","72","Chiefs","2017","2019","10","0","jaWP; frWP; enWP"
"Q45313990","Jonathan Taumateine","Q639797","99","Hurricanes","2020","2021","9","0","jaWP; frWP; enWP"
"Q45313990","Jonathan Taumateine","Q1138539","224","Samoa national rugby union team","2021",NA,"15","20","frWP; enWP"
"Q45313990","Jonathan Taumateine","Q104626007","2897","Moana Pasifika","2022",NA,"16","0","jaWP; frWP; enWP"
"Q45313990","Jonathan Taumateine","Q1138539","224","Samoa national rugby union team","2022",NA,"11","15","jaWP"
"Q45342943","Shannon Frizell","Q7820993","1888","Tonga national under-20 rugby union team","2014","2014","4","5","jaWP; frWP; enWP"
"Q45342943","Shannon Frizell","Q104856087","2905","Tasman Rugby Union Team","2016","2023","35","55","jaWP; frWP; enWP"
"Q45342943","Shannon Frizell","Q1210077","240","Highlanders","2018","2023","68","95","WD; jaWP; frWP; enWP"
"Q45342943","Shannon Frizell","Q55801","6","New Zealand national rugby union team","2018","2023","33","40","WD; frWP; enWP"
"Q45342943","Shannon Frizell","Q104649869","2899","South Island Rugby Union","2020","2020","1","0","enWP"
"Q45342943","Shannon Frizell","Q3532617","698","Toshiba Brave Lupus","2023",NA,"35","100","jaWP; enWP"
"Q45342943","Shannon Frizell","Q3532617","698","Toshiba Brave Lupus","2024",NA,"16","50","frWP"
"Q45342943","Shannon Frizell","Q121190772","3144","Anzac XV","2025","2025","1","0","enWP"
"Q47035437","Jordan Larmour","Q1473374","267","Leinster Rugby","2016",NA,"112","235","jaWP; frWP; itWP"
"Q47035437","Jordan Larmour","Q6068684","1370","Ireland national under-20 rugby union team","2017","2017","5","10","jaWP; frWP; enWP"
"Q47035437","Jordan Larmour","Q1473374","267","Leinster Rugby","2017",NA,"97","180","esWP; enWP"
"Q47035437","Jordan Larmour","Q599903","77","Ireland national rugby union team","2018",NA,"32","35","WD; jaWP; frWP; itWP; esWP; enWP"
"Q48789074","Marco Riccioni","Q2278510","341","L'Aquila Rugby Club","2013","2015",NA,NA,"itWP; enWP"
"Q48789074","Marco Riccioni","Q6093842","1376","Italy national under-20 rugby union team","2015","2017","20","5","WD; jaWP; enWP"
"Q48789074","Marco Riccioni","Q388269","40","Rugby Calvisano","2015","2017","23","0","WD; jaWP; frWP; itWP; enWP"
"Q48789074","Marco Riccioni","Q6093842","1376","Italy national under-20 rugby union team","2016","2017","20","5","frWP"
"Q48789074","Marco Riccioni","Q521129","59","Benetton Rugby Treviso","2017","2021","39","5","WD; jaWP; frWP; itWP; enWP"
"Q48789074","Marco Riccioni","Q113135","9","Italy national rugby union team","2017",NA,"34","10","WD; jaWP; enWP"
"Q48789074","Marco Riccioni","Q113135","9","Italy national rugby union team","2019",NA,"33","5","frWP; itWP"
"Q48789074","Marco Riccioni","Q9641","2","Saracens F.C.","2021",NA,"56","15","jaWP; frWP; itWP; enWP"
"Q51128813","Baylin Sullivan","Q104901906","2915","Waikato Rugby Union Team","2017",NA,"81","105","jaWP; enWP"
"Q51128813","Baylin Sullivan","Q7016275","1566","New Zealand national under-20 rugby union team","2018","2018","5","15","jaWP; enWP"
"Q51128813","Baylin Sullivan","Q586617","72","Chiefs","2018","2021","8","5","WD; jaWP; enWP"
"Q51128813","Baylin Sullivan","Q1490464","271","Maori All Blacks team","2018",NA,"4","5","jaWP"
"Q51128813","Baylin Sullivan","Q749756","124","New Zealand A national rugby union team","2022","2022","2","5","enWP"
"Q51128813","Baylin Sullivan","Q639797","99","Hurricanes","2022",NA,"40","70","jaWP; enWP"
"Q51128813","Baylin Sullivan","Q1490464","271","Maori All Blacks team","2022",NA,"6","5","enWP"
"Q51879436","Ben Nee-Nee","Q4819588","928","Auckland RFU Team","2015","2017","13","5","WD; enWP"
"Q51879436","Ben Nee-Nee","Q1156303","232","Blues","2018","2018","8","0","WD; enWP"
"Q51879436","Ben Nee-Nee","Q1138539","224","Samoa national rugby union team","2018","2018","7","0","WD; enWP"
"Q51879436","Ben Nee-Nee","Q104855944","2904","North Harbour Rugby Union Team","2018","2019","19","0","WD; enWP"
"Q51879436","Ben Nee-Nee","Q11648111","2098","Nippon Steel Kamaishi Seawaves","2020",NA,NA,NA,"WD"
"Q51879436","Ben Nee-Nee","Q11648111","2098","Nippon Steel Kamaishi Seawaves","2021",NA,"51","60","enWP"
"Q52084834","Dewi Lake","Q1518257","273","Ospreys","2017",NA,"71","105","enWP"
"Q52084834","Dewi Lake","Q7961834","1950","Wales national under-20 rugby union team","2018","2019","18","10","WD; jaWP; frWP; enWP"
"Q52084834","Dewi Lake","Q1518257","273","Ospreys","2018",NA,"60","95","WD; frWP"
"Q52084834","Dewi Lake","Q822877","143","Wales national rugby union team","2022",NA,"22","35","WD; jaWP; frWP; enWP"
"Q52084834","Dewi Lake","Q2925165","440","Bridgend Ravens",NA,NA,NA,NA,"WD"
"Q52084834","Dewi Lake","Q1521270","276","Neath RFC",NA,NA,NA,NA,"frWP"
"Q52084834","Dewi Lake","Q841966","150","Swansea RFC",NA,NA,NA,NA,"frWP"
"Q52673451","Josh Bayliss","Q810786","138","Bath Rugby","2016",NA,"131","75","WD; frWP; enWP"
"Q52673451","Josh Bayliss","Q920928","163","England national under-20 rugby union team","2017","2017","9","15","frWP; enWP"
"Q52673451","Josh Bayliss","Q810786","138","Bath Rugby","2017",NA,NA,NA,"esWP"
"Q52673451","Josh Bayliss","Q945016","176","Scotland national rugby union team","2021",NA,"11","25","WD; frWP; enWP"
"Q53844819","Lesley Klim",NA,"7175","Namibia University of Science and Technology","2013",NA,NA,NA,"frWP"
"Q53844819","Lesley Klim","Q17110630","2360","Namibia national under-20 rugby union team","2015","2015","4","0","frWP"
"Q53844819","Lesley Klim","Q3335463","563","Welwitschias","2015","2017","24","90","jaWP; frWP; enWP"
"Q53844819","Lesley Klim","Q1248558","243","Namibia national rugby union team","2016",NA,"11","40","jaWP; enWP"
"Q53844819","Lesley Klim","Q3036238","490","Doncaster R.F.C.","2017","2018","9","20","jaWP; frWP; enWP"
"Q53844819","Lesley Klim","Q1248558","243","Namibia national rugby union team","2017",NA,"15","45","frWP"
"Q53844819","Lesley Klim","Q1518257","273","Ospreys","2018","2020","7","10","jaWP; frWP; enWP"
"Q53844819","Lesley Klim","Q1521270","276","Neath RFC","2019","2019",NA,NA,"frWP"
"Q53844819","Lesley Klim","Q6184915","1391","The Jersey Reds R.F.C.","2020","2021","1","0","jaWP; frWP; enWP"
"Q53844819","Lesley Klim","Q108565098","3018","Tel Aviv Heat","2022","2022",NA,NA,"frWP"
"Q53844819","Lesley Klim",NA,"7367","University of Namibia","2022","2022",NA,NA,"frWP"
"Q54861310","Taine Basham","Q813956","139","Bedwas RFC","2016","2017","3","5","WD; frWP"
"Q54861310","Taine Basham","Q7961831","1949","Wales national under-18 rugby union team","2017","2017",NA,NA,"frWP"
"Q54861310","Taine Basham","Q1127919","214","Cross Keys RFC","2017",NA,NA,NA,"WD; frWP"
"Q54861310","Taine Basham","Q82216","7","Dragons","2017",NA,"99","95","WD; jaWP; enWP"
"Q54861310","Taine Basham","Q7961834","1950","Wales national under-20 rugby union team","2018","2019","12","25","WD; jaWP; frWP; enWP"
"Q54861310","Taine Basham","Q82216","7","Dragons","2018",NA,"107","105","frWP"
"Q54861310","Taine Basham","Q822877","143","Wales national rugby union team","2021",NA,"17","15","WD; jaWP; frWP; enWP"
"Q54861310","Taine Basham",NA,"6972","Abersychan Alexanders RFC",NA,NA,NA,NA,"frWP"
"Q54861310","Taine Basham","Q1127985","216","Ebbw Vale RFC",NA,NA,NA,NA,"WD"
"Q54861310","Taine Basham","Q7680433","1868","Talywain RFC",NA,NA,NA,NA,"WD"
"Q55539610","Jone Naikabula","Q11498533","2074","Setsunan University Rugby Club","2014","2018",NA,NA,"jaWP"
"Q55539610","Jone Naikabula","Q3532617","698","Toshiba Brave Lupus","2018",NA,"78","355","WD; jaWP; enWP"
"Q55539610","Jone Naikabula","Q1122433","210","Japan national rugby union team","2021",NA,"14","45","WD; jaWP"
"Q55539610","Jone Naikabula","Q1122433","210","Japan national rugby union team","2023",NA,"17","25","enWP"
"Q55584550","Rio Dyer","Q82216","7","Dragons","2017",NA,"82","110","enWP"
"Q55584550","Rio Dyer","Q7961834","1950","Wales national under-20 rugby union team","2018","2019","7","10","WD; jaWP; frWP; enWP"
"Q55584550","Rio Dyer","Q82216","7","Dragons","2018",NA,"75","110","WD; jaWP; frWP"
"Q55584550","Rio Dyer","Q822877","143","Wales national rugby union team","2019","2020","6",NA,"jaWP"
"Q55584550","Rio Dyer","Q822877","143","Wales national rugby union team","2022",NA,"24","40","WD; jaWP; frWP; enWP"
"Q55584550","Rio Dyer","Q7018861","1571","Newport HSOB RFC",NA,NA,NA,NA,"WD"
"Q55584550","Rio Dyer","Q7194094","1656","Pill Harriers RFC",NA,NA,NA,NA,"WD"
"Q55584550","Rio Dyer","Q7335833","1755","Risca RFC",NA,NA,NA,NA,"WD"
"Q56248386","Jimmy O'Brien","Q6068684","1370","Ireland national under-20 rugby union team","2016","2016","8","0","WD; jaWP; frWP; enWP"
"Q56248386","Jimmy O'Brien","Q1473374","267","Leinster Rugby","2016","2017","7","22","WD; frWP"
"Q56248386","Jimmy O'Brien","Q599903","77","Ireland national rugby union team","2017","2018","7",NA,"jaWP"
"Q56248386","Jimmy O'Brien","Q1473374","267","Leinster Rugby","2018",NA,"90","134","frWP; enWP"
"Q56248386","Jimmy O'Brien","Q599903","77","Ireland national rugby union team","2021",NA,"8","5","frWP"
"Q56248386","Jimmy O'Brien","Q599903","77","Ireland national rugby union team","2022",NA,"11","5","jaWP; enWP"
"Q56248386","Jimmy O'Brien","Q6956670","1545","Naas RFC",NA,NA,NA,NA,"WD"
"Q56248386","Jimmy O'Brien","Q593570","75","University College Dublin R.F.C.",NA,NA,NA,NA,"frWP"
"Q58010447","Hoskins Sotutu","Q7016275","1566","New Zealand national under-20 rugby union team","2018","2018","6","0","jaWP; frWP; enWP"
"Q58010447","Hoskins Sotutu","Q4819588","928","Auckland RFU Team","2018","2020","17","10","jaWP; frWP; enWP"
"Q58010447","Hoskins Sotutu","Q1156303","232","Blues","2018",NA,"65","135","jaWP"
"Q58010447","Hoskins Sotutu","Q1156303","232","Blues","2019",NA,"80","155","WD; frWP; enWP"
"Q58010447","Hoskins Sotutu","Q104649868","2898","North Island Rugby Union","2020","2020","1","0","enWP"
"Q58010447","Hoskins Sotutu","Q55801","6","New Zealand national rugby union team","2020",NA,"14","10","WD; frWP; enWP"
"Q58010447","Hoskins Sotutu","Q104856095","2907","Counties Manukau Rugby Union Team","2021",NA,"29","25","jaWP; frWP; enWP"
"Q58010447","Hoskins Sotutu","Q121190772","3144","Anzac XV","2025","2025","1","0","enWP"
"Q58010512","Ataata Moeakiola","Q6158042","1389","Japan national under-20 rugby union team","2015","2016","10","39","frWP; enWP"
"Q58010512","Ataata Moeakiola","Q11527836","2084","Tokai University Rugby Football Club","2015","2019",NA,NA,"frWP; jaWP"
"Q58010512","Ataata Moeakiola","Q1122433","210","Japan national rugby union team","2015",NA,"4","15","enWP"
"Q58010512","Ataata Moeakiola","Q1122433","210","Japan national rugby union team","2016",NA,"4","15","WD; jaWP; frWP"
"Q58010512","Ataata Moeakiola","Q19840257","2433","Sunwolves","2017","2017",NA,NA,"WD; jaWP; frWP; enWP"
"Q58010512","Ataata Moeakiola","Q586617","72","Chiefs","2019","2019","9","15","jaWP; frWP; enWP"
"Q58010512","Ataata Moeakiola","Q3198123","542","Kobelco Kobe Steelers","2019",NA,"39","125","jaWP"
"Q58010512","Ataata Moeakiola","Q3198123","542","Kobelco Kobe Steelers","2020",NA,"55","180","frWP; enWP"
"Q58010512","Ataata Moeakiola","Q104856099","2909","Manawatu Rugby Union Team","2024","2024","4","10","jaWP; enWP"
"Q60734741","Harry Plummer","Q4819588","928","Auckland RFU Team","2017",NA,"57","388","jaWP; enWP"
"Q60734741","Harry Plummer","Q7016275","1566","New Zealand national under-20 rugby union team","2018","2018","8","100","enWP"
"Q60734741","Harry Plummer","Q7016275","1566","New Zealand national under-20 rugby union team","2018","2019","8","100","jaWP"
"Q60734741","Harry Plummer","Q1156303","232","Blues","2018",NA,"75","236","jaWP"
"Q60734741","Harry Plummer","Q1156303","232","Blues","2019",NA,"75","236","enWP"
"Q60734741","Harry Plummer","Q749756","124","New Zealand A national rugby union team","2024",NA,"1","13","jaWP"
"Q60734741","Harry Plummer","Q55801","6","New Zealand national rugby union team","2024",NA,"1","0","enWP"
"Q60881604","Juan Cruz Mallia","Q4120756","862","Argentina national under-20 rugby union team","2015","2016","8","15","frWP; enWP"
"Q60881604","Juan Cruz Mallia","Q3873496","823","Argentina A national rugby union team","2017","2018","7","27","enWP"
"Q60881604","Juan Cruz Mallia","Q19870761","2436","Jaguares","2018","2020","22","31","jaWP; frWP; esWP; enWP"
"Q60881604","Juan Cruz Mallia","Q646070","101","Argentina national rugby union team","2018",NA,"47","46","jaWP; frWP; enWP"
"Q60881604","Juan Cruz Mallia","Q431412","44","Stade Toulousain","2020",NA,"90","312","enWP"
"Q60881604","Juan Cruz Mallia","Q431412","44","Stade Toulousain","2021",NA,"77","215","WD; frWP; esWP"
"Q60881604","Juan Cruz Mallia","Q5136351","1118","Club Pucará",NA,NA,NA,NA,"jaWP"
"Q60881604","Juan Cruz Mallia","Q8430339","2009","Jockey Club Córdoba",NA,NA,NA,NA,"frWP"
"Q61819368","Jules Favre","Q756594","126","Stade Rochelais","2017",NA,NA,NA,"WD; frWP; esWP"
"Q61819368","Jules Favre","Q756594","126","Stade Rochelais","2018",NA,"144","141","frWP; enWP"
"Q61819368","Jules Favre","Q5478456","1249","France national under-20 rugby union team","2019","2019","1","5","frWP; enWP"
"Q61819368","Jules Favre",NA,"4902","Rugby Union Morteau Plateau 25","2019",NA,NA,NA,"frWP"
"Q61819368","Jules Favre","Q5478264","1247","France A national rugby union team","2024","2024","1","0","frWP"
"Q63258231","Vilimoni Botitu","Q5448181","1238","Fiji national under-20 rugby union team","2017","2018","7","27","frWP"
"Q63258231","Vilimoni Botitu","Q3071728","506","Fiji Warriors","2018","2018","1","0","frWP"
"Q63258231","Vilimoni Botitu",NA,"4445","Nadi Jets","2018","2020",NA,NA,"frWP"
"Q63258231","Vilimoni Botitu","Q964957","189","Castres Olympique","2020",NA,"80","75","jaWP; frWP; enWP"
"Q63258231","Vilimoni Botitu","Q1134669","222","Fiji national rugby union team","2020",NA,NA,NA,"jaWP"
"Q63258231","Vilimoni Botitu","Q1134669","222","Fiji national rugby union team","2021",NA,"12","7","frWP; enWP"
"Q64735394","Andrew Quattrin","Q794479","134","Canada national under-20 rugby union team","2016","2016","1","0","jaWP; enWP"
"Q64735394","Andrew Quattrin","Q7094611","1622","Ontario Blues","2016","2018",NA,NA,"jaWP; enWP"
"Q64735394","Andrew Quattrin","Q55137438","2703","Toronto Arrows","2019","2022",NA,NA,"jaWP; enWP"
"Q64735394","Andrew Quattrin","Q774221","128","Canada national rugby union team","2019",NA,"16","20","jaWP; enWP"
"Q64735394","Andrew Quattrin","Q60747040","2731","New England Free Jacks","2022",NA,NA,NA,"jaWP"
"Q64735394","Andrew Quattrin","Q104856099","2909","Manawatu Rugby Union Team","2023","2023","48","92","enWP"
"Q64735394","Andrew Quattrin","Q60747040","2731","New England Free Jacks","2023",NA,"48","20","enWP"
"Q64735394","Andrew Quattrin","Q28843742","2627","Valence Romans Drôme Rugby","2025","2025","5","5","enWP"
"Q64735394","Andrew Quattrin",NA,"7000","Aurora Barbarians RFC",NA,NA,NA,NA,"enWP"
"Q65088079","Tom de Glanville","Q5378054","1217","England national under-18 rugby union team","2017","2018","5","22","frWP; enWP"
"Q65088079","Tom de Glanville","Q810786","138","Bath Rugby","2018",NA,NA,NA,"esWP"
"Q65088079","Tom de Glanville","Q920928","163","England national under-20 rugby union team","2019","2019","9","10","frWP; enWP"
"Q65088079","Tom de Glanville","Q810786","138","Bath Rugby","2019",NA,"100","159","WD; frWP; enWP"
"Q67017307","Fotu Lokotui","Q7820993","1888","Tonga national under-20 rugby union team","2012","2012","4","0","frWP"
"Q67017307","Fotu Lokotui","Q1134659","221","Tonga national rugby union team","2014",NA,"13","0","jaWP"
"Q67017307","Fotu Lokotui","Q104856095","2907","Counties Manukau Rugby Union Team","2016","2018","18","30","jaWP; frWP"
"Q67017307","Fotu Lokotui","Q1134659","221","Tonga national rugby union team","2017",NA,"15","0","WD; frWP; enWP"
"Q67017307","Fotu Lokotui","Q19576877","2418","Asia Pacific Dragons","2019","2019",NA,NA,"frWP; enWP"
"Q67017307","Fotu Lokotui","Q104856095","2907","Counties Manukau Rugby Union Team","2019","2019","18","30","enWP"
"Q67017307","Fotu Lokotui","Q64616117","2751","Kagifa Samoa","2019","2019",NA,NA,"jaWP; frWP; enWP"
"Q67017307","Fotu Lokotui","Q3036238","490","Doncaster R.F.C.","2019","2020","12","15","jaWP; frWP; enWP"
"Q67017307","Fotu Lokotui","Q374981","37","Glasgow Warriors","2020","2021","13","15","jaWP; frWP; enWP"
"Q67017307","Fotu Lokotui","Q1422627","263","SU Agen Lot-et-Garonne","2021",NA,"72","30","jaWP; frWP; enWP"
"Q67131213","Ed Fidow","Q2881429","424","Brisbane City","2017","2017","7","45","WD; jaWP; frWP; enWP"
"Q67131213","Ed Fidow","Q1865460","316","Union Bordeaux Bègles","2017","2018","11","15","WD; jaWP; frWP; enWP"
"Q67131213","Ed Fidow","Q951242","181","Provence Rugby","2018","2019","14","35","WD; jaWP; frWP; enWP"
"Q67131213","Ed Fidow","Q1138539","224","Samoa national rugby union team","2018","2023","21","60","WD; jaWP; frWP; enWP"
"Q67131213","Ed Fidow","Q2094512","332","Worcester Warriors","2019","2021","7","10","WD; jaWP; frWP; enWP"
"Q67131213","Ed Fidow","Q104856099","2909","Manawatu Rugby Union Team","2021","2022","17","30","jaWP; frWP; enWP"
"Q67131213","Ed Fidow","Q54953803","2699","Rugby New York","2022","2023","28","80","jaWP; frWP; enWP"
"Q67131213","Ed Fidow","Q42531020","2675","New Orleans Gold","2023",NA,"7","25","enWP"
"Q67131213","Ed Fidow","Q42531020","2675","New Orleans Gold","2024",NA,"7","25","frWP"
"Q67509245","Vitaly Zhivatov",NA,"7169","Moscow Aviation Institute","2006","2010",NA,NA,"frWP"
"Q67509245","Vitaly Zhivatov","Q7381979","1776","Russia national under-20 rugby union team","2011","2011","4","0","frWP"
"Q67509245","Vitaly Zhivatov","Q1543491","279","VVA-Podmoskovye Monino","2012","2012",NA,NA,"jaWP; frWP"
"Q67509245","Vitaly Zhivatov","Q1419899","261","Russia national rugby union team","2014",NA,"15","0","jaWP; enWP"
"Q67509245","Vitaly Zhivatov","Q1543491","279","VVA-Podmoskovye Monino","2014",NA,NA,NA,"frWP"
"Q67509245","Vitaly Zhivatov","Q1419899","261","Russia national rugby union team","2018",NA,"15","0","frWP"
"Q68544085","Guillermo Pujadas","Q501864","53","Uruguay national under-20 rugby union team","2016","2016","8","10","jaWP; enWP"
"Q68544085","Guillermo Pujadas","Q276760","23","Uruguay national rugby union team","2016",NA,"17","10","jaWP"
"Q68544085","Guillermo Pujadas","Q276760","23","Uruguay national rugby union team","2018",NA,"28","5","enWP"
"Q68544085","Guillermo Pujadas","Q83864890","3","Peñarol Rugby","2020",NA,"1","0","jaWP; enWP"
"Q68544209","Manuel Diana","Q501864","53","Uruguay national under-20 rugby union team","2015","2015","4","20","frWP; enWP"
"Q68544209","Manuel Diana","Q276760","23","Uruguay national rugby union team","2016",NA,"38","35","jaWP; enWP"
"Q68544209","Manuel Diana","Q276760","23","Uruguay national rugby union team","2018",NA,"36","35","frWP"
"Q68544209","Manuel Diana","Q55137438","2703","Toronto Arrows","2020","2021","18","25","jaWP; frWP; enWP"
"Q68544209","Manuel Diana","Q83864890","3","Peñarol Rugby","2022",NA,"9","60","frWP; enWP"
"Q68544209","Manuel Diana","Q7083657","1604","Old Christians Club",NA,NA,NA,NA,"frWP"
"Q68701012","Ben LeSage",NA,"7500","UBC Thunderbirds","2016","2019",NA,NA,"enWP"
"Q68701012","Ben LeSage","Q774221","128","Canada national rugby union team","2016",NA,"19","0","jaWP; enWP"
"Q68701012","Ben LeSage","Q7238028","1678","Prairie Wolf Pack","2017",NA,NA,NA,"jaWP; enWP"
"Q68701012","Ben LeSage","Q5034100","1058","Canucks rugby","2019","2019",NA,NA,"enWP"
"Q68701012","Ben LeSage","Q55137438","2703","Toronto Arrows","2020","2021","18","25","jaWP; enWP"
"Q68701012","Ben LeSage","Q96071617","2855","LA Giltinis","2022","2022",NA,NA,"jaWP; enWP"
"Q68701012","Ben LeSage","Q60747040","2731","New England Free Jacks","2022",NA,NA,NA,"jaWP"
"Q68701012","Ben LeSage","Q60747040","2731","New England Free Jacks","2023",NA,"43","32","enWP"
"Q68701012","Ben LeSage","Q5034100","1058","Canucks rugby",NA,"2016",NA,NA,"enWP"
"Q70926672","Marcelo Torrealba","Q5656793","1299","Old Grangonian Club","2014","2018",NA,NA,"frWP"
"Q70926672","Marcelo Torrealba","Q334657","32","Chile national rugby union team","2018",NA,"7","15","frWP"
"Q70926672","Marcelo Torrealba","Q42956124","2677","Austin Gilgronis","2019","2021","22","25","jaWP; frWP; enWP"
"Q70926672","Marcelo Torrealba",NA,"7046","Chile A national rugby union team","2020","2020","3","0","frWP; enWP"
"Q70926672","Marcelo Torrealba","Q334657","32","Chile national rugby union team","2021",NA,"20","15","jaWP; enWP"
"Q70926672","Marcelo Torrealba","Q84348017","2826","Selknam","2022",NA,"14","7","jaWP; frWP; enWP"
"Q73498008","Lachlan Lonergan","Q4823737","933","Australia national under-20 rugby union team","2019","2019","5","20","frWP; enWP"
"Q73498008","Lachlan Lonergan","Q425906","42","Canberra Vikings","2019","2019","7","5","frWP; enWP"
"Q73498008","Lachlan Lonergan","Q605245","80","ACT Brumbies","2020",NA,"61","90","frWP; enWP"
"Q73498008","Lachlan Lonergan","Q622443","86","Australia national rugby union team","2021",NA,"8","5","enWP"
"Q73498008","Lachlan Lonergan","Q622443","86","Australia national rugby union team","2022",NA,"8","5","frWP"
"Q73498008","Lachlan Lonergan","Q4823557","931","Australia A national rugby union team","2023",NA,"2","0","frWP"
"Q75548329","Henry Pollock",NA,"4127","Buckingham RFC","2010",NA,NA,NA,"frWP"
"Q75548329","Henry Pollock","Q1201283","239","Northampton Saints","2010",NA,NA,NA,"WD; frWP"
"Q75548329","Henry Pollock","Q1201283","239","Northampton Saints","2022",NA,"27","45","frWP; enWP"
"Q75548329","Henry Pollock","Q639082","98","Bedford Blues","2023","2024","5","15","WD; frWP; enWP"
"Q75548329","Henry Pollock","Q920928","163","England national under-20 rugby union team","2024","2025","12","30","WD; frWP; enWP"
"Q75548329","Henry Pollock","Q3873497","824","England A national rugby union team","2024",NA,"1","0","WD; frWP; enWP"
"Q75548329","Henry Pollock","Q733600","118","British & Irish Lions","2025","2025",NA,NA,"enWP"
"Q75548329","Henry Pollock","Q378628","39","England national rugby union team","2025","2025","2","15","enWP"
"Q81148118","Jamie Dobie","Q374981","37","Glasgow Warriors","2019",NA,"80","55","WD; frWP"
"Q81148118","Jamie Dobie","Q374981","37","Glasgow Warriors","2021",NA,"75","45","enWP"
"Q81148118","Jamie Dobie","Q945016","176","Scotland national rugby union team","2021",NA,"14","20","frWP; enWP"
"Q81148118","Jamie Dobie","Q4874226","957","Bay of Plenty Steamers","2022","2022","3","0","frWP; enWP"
"Q81148118","Jamie Dobie","Q7435629","1786","Scotland A national rugby union team","2024",NA,"1","0","enWP"
"Q81148118","Jamie Dobie","Q7435697","1787","Scotland national under-18 rugby union team",NA,NA,NA,NA,"frWP"
"Q81216530","Angus Bell","Q4823737","933","Australia national under-20 rugby union team","2019","2019","5","0","frWP"
"Q81216530","Angus Bell","Q16912004","2210","New South Wales Country Eagles","2019","2019","5","5","jaWP; frWP; enWP"
"Q81216530","Angus Bell","Q3506850","690","Sydney University Football Club","2019","2019","10","5","frWP"
"Q81216530","Angus Bell","Q534417","61","New South Wales Waratahs","2019",NA,"55","30","enWP"
"Q81216530","Angus Bell","Q622443","86","Australia national rugby union team","2020",NA,"44","10","WD; jaWP; frWP; enWP"
"Q81216530","Angus Bell","Q534417","61","New South Wales Waratahs","2020",NA,"42","30","WD; frWP"
"Q84605854","Gerhard Steenekamp","Q3644047","797","South Africa national under-20 rugby union team","2017","2017","5","0","frWP; enWP"
"Q84605854","Gerhard Steenekamp","Q885646","156","Bulls","2020",NA,"86","10","frWP; enWP; enWP"
"Q84605854","Gerhard Steenekamp","Q498478","52","South Africa national rugby union team","2022",NA,"14","5","enWP"
"Q84605854","Gerhard Steenekamp","Q498478","52","South Africa national rugby union team","2023",NA,"11","5","frWP"
"Q84605854","Gerhard Steenekamp","Q1777760","308","Leopards",NA,NA,NA,NA,"frWP"
"Q88207455","Lucas Peyresblanques","Q855496","152","Biarritz Olympique","2017","2022","83","100","WD; frWP; itWP"
"Q88207455","Lucas Peyresblanques","Q5478456","1249","France national under-20 rugby union team","2018","2018","5","5","frWP"
"Q88207455","Lucas Peyresblanques","Q1361000","252","Stade Français Rugby","2022",NA,"64","50","WD; frWP"
"Q88207455","Lucas Peyresblanques","Q1361000","252","Stade Français Rugby","2023",NA,"51","50","itWP"
"Q88525439","Mattéo Le Corvec","Q1857064","315","RC Toulonnais","2015",NA,NA,NA,"esWP"
"Q88525439","Mattéo Le Corvec","Q1857064","315","RC Toulonnais","2019",NA,"44","25","WD; frWP"
"Q88525439","Mattéo Le Corvec","Q5478456","1249","France national under-20 rugby union team","2020",NA,"4","0","WD; frWP"
"Q88525439","Mattéo Le Corvec","Q1471265","266","USA Perpignan",NA,NA,NA,NA,"frWP"
"Q96391928","Marco Manfredi","Q521129","59","Benetton Rugby Treviso","2014","2015",NA,NA,"enWP"
"Q96391928","Marco Manfredi","Q2841363","404","Rugby San Donà","2015","2016","7","5","jaWP; frWP; itWP; enWP"
"Q96391928","Marco Manfredi","Q6093842","1376","Italy national under-20 rugby union team","2016","2016","9","10","jaWP; frWP; enWP"
"Q96391928","Marco Manfredi","Q596985","76","Montpellier Hérault Rugby","2016","2018",NA,NA,"jaWP; frWP; itWP; enWP"
"Q96391928","Marco Manfredi","Q950674","180","Zebre","2018","2018","17","15","jaWP; frWP; itWP; enWP"
"Q96391928","Marco Manfredi","Q388269","40","Rugby Calvisano","2018","2019","19","10","jaWP; frWP; itWP; enWP"
"Q96391928","Marco Manfredi","Q950674","180","Zebre","2019","2024","49","15","frWP; enWP"
"Q96391928","Marco Manfredi","Q113135","9","Italy national rugby union team","2022",NA,"3","0","frWP"
"Q96391928","Marco Manfredi","Q113135","9","Italy national rugby union team","2023",NA,"3","0","jaWP; enWP"
"Q96391928","Marco Manfredi","Q521129","59","Benetton Rugby Treviso","2024","2025","5","10","jaWP; frWP; enWP"
"Q96391928","Marco Manfredi","Q1201283","239","Northampton Saints","2025","4022","5","10","enWP"
"Q96391928","Marco Manfredi","Q3808106","819","Jesolo Rugby",NA,NA,NA,NA,"itWP"
"Q96709686","Dylan Riley","Q4823737","933","Australia national under-20 rugby union team","2017","2017","2","5","frWP; enWP"
"Q96709686","Dylan Riley","Q2881429","424","Brisbane City","2017","2017","5","10","jaWP; frWP; enWP"
"Q96709686","Dylan Riley","Q3361904","579","Saiatama Panasonic Wild Knights","2018",NA,"63","200","WD; frWP"
"Q96709686","Dylan Riley","Q3361904","579","Saiatama Panasonic Wild Knights","2019",NA,"82","235","enWP"
"Q96709686","Dylan Riley","Q1122433","210","Japan national rugby union team","2021",NA,"38","50","jaWP; frWP; enWP"
"Q96709686","Dylan Riley","Q19577178","2421","Japan A national rugby union team","2023","2023","2","0","enWP"
"Q96709686","Dylan Riley","Q3109994","526","Gold Coast Breakers",NA,NA,NA,NA,"jaWP"
"Q96744857","Luke Tagi","Q5448181","1238","Fiji national under-20 rugby union team","2017","2017","3","0","frWP"
"Q96744857","Luke Tagi","Q5448181","1238","Fiji national under-20 rugby union team","2018","2018","3","0","jaWP; enWP"
"Q96744857","Luke Tagi","Q38605283","2660","Fijian Drua","2018","2018","8","0","jaWP; frWP; enWP"
"Q96744857","Luke Tagi","Q3071728","506","Fiji Warriors","2018","2019","8","15","frWP; enWP"
"Q96744857","Luke Tagi","Q65079133","2781","Fijian Latui","2019","2019","4","10","jaWP; frWP; enWP"
"Q96744857","Luke Tagi","Q1361000","252","Stade Français Rugby","2019","2021","22","0","WD; frWP; enWP"
"Q96744857","Luke Tagi","Q1134669","222","Fiji national rugby union team","2019",NA,"15","0","WD; frWP"
"Q96744857","Luke Tagi","Q1134669","222","Fiji national rugby union team","2020",NA,"15","0","jaWP; enWP"
"Q96744857","Luke Tagi","Q951242","181","Provence Rugby","2021","2023","45","40","jaWP; frWP; enWP"
"Q96744857","Luke Tagi",NA,"4451","Suva Capitals","2021",NA,NA,NA,"frWP"
"Q96744857","Luke Tagi","Q630112","88","Aviron Bayonnais","2023",NA,"22","5","jaWP; frWP; enWP"
"Q96744857","Luke Tagi",NA,"6952","Suva Rugby Union Team",NA,"2018",NA,NA,"enWP"
"Q100710310","Isaiah Punivai","Q104855938","2903","Canterbury Rugby Union Team","2020","2023","5","10","enWP"
"Q100710310","Isaiah Punivai","Q3503997","685","Tokyo Suntory Sungoliath","2022",NA,"20","25","jaWP"
"Q100710310","Isaiah Punivai","Q3503997","685","Tokyo Suntory Sungoliath","2023",NA,"38","50","enWP"
"Q100710310","Isaiah Punivai","Q959847","188","Crusaders",NA,NA,NA,NA,"jaWP"
"Q100710310","Isaiah Punivai","Q7566502","1811","South Canterbury Rugby Football Union",NA,NA,NA,NA,"jaWP"
"Q103096127","Kevin Krieger","Q2609378","7120","Haagsche Rugby Club","2003",NA,NA,NA,"frWP"
"Q103096127","Kevin Krieger","Q2528762","367","RC 't Gooi","2003",NA,NA,NA,"frWP"
"Q103096127","Kevin Krieger","Q596985","76","Montpellier Hérault Rugby","2016","2019",NA,NA,"frWP"
"Q103096127","Kevin Krieger","Q1988223","322","Netherlands national rugby union team","2018",NA,"12","5","WD; frWP"
"Q103096127","Kevin Krieger","Q2868124","411","Association sportive fleurantine","2019","2020","7","0","WD; frWP"
"Q103096127","Kevin Krieger","Q2528762","367","RC 't Gooi","2020","2020",NA,NA,"frWP"
"Q103096127","Kevin Krieger","Q2609378","7120","Haagsche Rugby Club","2020",NA,NA,NA,"frWP"
"Q103189854","David Weersma","Q2609378","7120","Haagsche Rugby Club","2002",NA,NA,NA,"frWP"
"Q103189854","David Weersma","Q794910","135","Stormers","2014","2016",NA,NA,"frWP"
"Q103189854","David Weersma","Q3076663","511","FC Saint-Claude","2016","2017",NA,NA,"frWP"
"Q103189854","David Weersma","Q1988223","322","Netherlands national rugby union team","2016",NA,"18","121","WD; frWP"
"Q103189854","David Weersma","Q2756860","393","Sporting Club Graulhetois","2017","2018","13","49","frWP"
"Q103189854","David Weersma","Q119407112","3120","Bourges XV","2018","2019",NA,NA,"frWP"
"Q103189854","David Weersma","Q24185156","2553","Aparejadores Rugby","2019","2022","33","215","frWP"
"Q103189854","David Weersma","Q2609378","7120","Haagsche Rugby Club","2022",NA,NA,NA,"frWP"
"Q103189854","David Weersma","Q108666985","3020","The Delta","2022",NA,NA,NA,"frWP"
"Q104418076","Grigor Kerdikoshvili","Q5568381","1266","Glendale Merlins","2017","2018",NA,NA,"frWP; enWP"
"Q104418076","Grigor Kerdikoshvili","Q48861120","2691","American Raptors","2018","2018","2","5","frWP; enWP"
"Q104418076","Grigor Kerdikoshvili","Q17072098","2345","RC Lelo Tbilisi","2018","2021",NA,NA,"frWP; enWP"
"Q104418076","Grigor Kerdikoshvili","Q609885","82","Georgia national rugby union team","2019",NA,"12","10","frWP; enWP"
"Q104418076","Grigor Kerdikoshvili","Q1422627","263","SU Agen Lot-et-Garonne","2021","2022","9","5","frWP; enWP"
"Q104418076","Grigor Kerdikoshvili","Q108377638","3015","The Black Lion","2022",NA,NA,NA,"frWP"
"Q104418076","Grigor Kerdikoshvili",NA,"7360","Air Force Falcons","2022",NA,NA,NA,"frWP"
"Q104418076","Grigor Kerdikoshvili","Q108377638","3015","The Black Lion","2023",NA,"9","5","enWP"
"Q104418076","Grigor Kerdikoshvili",NA,"7360","Air Force Falcons",NA,"2017",NA,NA,"enWP"
"Q104534792","Ben Moxham",NA,"7137","Larne Rugby Football Club","2016",NA,NA,NA,"frWP"
"Q104534792","Ben Moxham","Q1548720","282","Ulster Rugby","2018",NA,"33","5","frWP"
"Q104534792","Ben Moxham","Q6068684","1370","Ireland national under-20 rugby union team","2020","2021","5","0","frWP; enWP"
"Q104534792","Ben Moxham","Q1548720","282","Ulster Rugby","2020",NA,"33","5","enWP"
"Q104534792","Ben Moxham","Q2881438","425","Ballynahinch RFC","2022","2024","5","5","enWP"
"Q104534792","Ben Moxham","Q2881428","423","Ballymena RFC",NA,NA,NA,NA,"frWP"
"Q104834350","Thomas Gallo","Q7894406","1921","Universitario Rugby Club de Tucumán","2017","2019",NA,NA,"esWP"
"Q104834350","Thomas Gallo","Q4120756","862","Argentina national under-20 rugby union team","2019","2019","5","10","jaWP; frWP; enWP"
"Q104834350","Thomas Gallo","Q521129","59","Benetton Rugby Treviso","2020",NA,"82","20","itWP; esWP; enWP"
"Q104834350","Thomas Gallo","Q83867801","2825","Yacare XV","2020",NA,NA,NA,"esWP"
"Q104834350","Thomas Gallo","Q83867801","2825","Yacare XV","2021","2021",NA,NA,"frWP"
"Q104834350","Thomas Gallo","Q646070","101","Argentina national rugby union team","2021",NA,"39","35","jaWP; frWP; itWP; esWP; enWP"
"Q104834350","Thomas Gallo","Q521129","59","Benetton Rugby Treviso","2021",NA,"66","15","jaWP; frWP"
"Q104834350","Thomas Gallo","Q4985517","1025","Buenos Aires Cricket & Rugby Club","2021",NA,"34","0","jaWP; itWP; enWP"
"Q104834350","Thomas Gallo","Q7894406","1921","Universitario Rugby Club de Tucumán","2022",NA,NA,NA,"frWP"
"Q104884593","Matt Faessler","Q1368281","253","Queensland Reds","2017","2017",NA,NA,"WD; frWP"
"Q104884593","Matt Faessler","Q2926274","442","Brothers Old Boys","2017",NA,NA,NA,"WD; frWP"
"Q104884593","Matt Faessler","Q4823737","933","Australia national under-20 rugby union team","2018","2018","1","0","WD; jaWP; frWP; enWP"
"Q104884593","Matt Faessler","Q3046497","493","Queensland Country","2019","2019","6","0","WD; frWP; enWP"
"Q104884593","Matt Faessler","Q1368281","253","Queensland Reds","2021",NA,"49","80","enWP"
"Q104884593","Matt Faessler","Q4823557","931","Australia A national rugby union team","2022","2022","2","0","WD; frWP"
"Q104884593","Matt Faessler","Q1368281","253","Queensland Reds","2022",NA,"41","70","frWP"
"Q104884593","Matt Faessler","Q3418861","606","Randwick DRUFC","2022",NA,"6","20","WD; frWP"
"Q104884593","Matt Faessler","Q622443","86","Australia national rugby union team","2023",NA,"5","5","WD; jaWP; frWP; enWP"
"Q104902787","Callum Reid","Q6068684","1370","Ireland national under-20 rugby union team","2019","2019","3","5","enWP"
"Q104902787","Callum Reid","Q1548720","282","Ulster Rugby","2019",NA,NA,NA,"WD"
"Q104902787","Callum Reid","Q1548720","282","Ulster Rugby","2020",NA,"33","15","enWP"
"Q104902787","Callum Reid","Q4854001","943","Banbridge RFC","2021","2023","11","0","enWP"
"Q104902787","Callum Reid","Q17153081","2364","Ireland B national rugby union team","2022","2022","1","0","enWP"
"Q104902787","Callum Reid","Q16958647","2263","City of Armagh RFC","2024","2025",NA,NA,"enWP"
"Q104902787","Callum Reid","Q2200602","337","Instonians","2025",NA,"2","0","enWP"
"Q105230058","Felipe Aliaga","Q276760","23","Uruguay national rugby union team","2016",NA,"5","0","itWP"
"Q105230058","Felipe Aliaga","Q501864","53","Uruguay national under-20 rugby union team","2019","2020","7","0","jaWP; enWP"
"Q105230058","Felipe Aliaga","Q18417085","2408","Uruguay A national rugby union team","2020",NA,"3","0","enWP"
"Q105230058","Felipe Aliaga","Q276760","23","Uruguay national rugby union team","2020",NA,"5","0","jaWP; enWP"
"Q105230058","Felipe Aliaga","Q83864890","3","Peñarol Rugby","2021",NA,"1","0","jaWP; itWP; enWP"
"Q105230143","Matías Benítez","Q501864","53","Uruguay national under-20 rugby union team","2008","2008","4","5","enWP"
"Q105230143","Matías Benítez","Q276760","23","Uruguay national rugby union team","2010",NA,"45","5","enWP"
"Q105230143","Matías Benítez","Q276760","23","Uruguay national rugby union team","2016",NA,"5","0","itWP"
"Q105230143","Matías Benítez","Q18417085","2408","Uruguay A national rugby union team","2017",NA,"4","0","enWP"
"Q105230143","Matías Benítez","Q18417085","2408","Uruguay A national rugby union team","2020",NA,"2","0","enWP"
"Q105230143","Matías Benítez","Q83864890","3","Peñarol Rugby","2021",NA,"1","0","itWP; enWP"
"Q105258264","Warner Dearns","Q1122433","210","Japan national rugby union team","2021",NA,"32","25","jaWP; frWP; enWP"
"Q105258264","Warner Dearns","Q3532617","698","Toshiba Brave Lupus","2021",NA,"50","40","jaWP; frWP"
"Q105258264","Warner Dearns","Q3532617","698","Toshiba Brave Lupus","2022",NA,"62","55","enWP"
"Q105258264","Warner Dearns","Q639797","99","Hurricanes","2026","2026",NA,NA,"enWP"
"Q105259114","Yuichiro Taniguchi","Q17212194","2365","Tenri University Rugby Football Club","2017","2021",NA,NA,"WD; jaWP"
"Q105259114","Yuichiro Taniguchi","Q6158042","1389","Japan national under-20 rugby union team","2018","2018","3","0","WD; enWP"
"Q105259114","Yuichiro Taniguchi","Q19840257","2433","Sunwolves","2020","2020",NA,NA,"enWP"
"Q105259114","Yuichiro Taniguchi","Q3020426","487","Ricoh Black Rams Tokyo","2021",NA,"27","5","WD; jaWP"
"Q105259114","Yuichiro Taniguchi","Q3020426","487","Ricoh Black Rams Tokyo","2022",NA,"32","0","enWP"
"Q105334250","George Martin","Q1071691","204","Leicester Tigers","2017",NA,NA,NA,"WD; frWP"
"Q105334250","George Martin","Q5378054","1217","England national under-18 rugby union team","2018","2019","19","5","WD; frWP; enWP"
"Q105334250","George Martin","Q6519198","1436","Leicester Lions RFC","2019","2020","4","0","jaWP; enWP"
"Q105334250","George Martin","Q1071691","204","Leicester Tigers","2019",NA,"73","45","frWP; enWP"
"Q105334250","George Martin","Q378628","39","England national rugby union team","2021",NA,"22","0","WD; jaWP; frWP; enWP"
"Q105825269","Marius Domon",NA,"4841","Barracudas","2008","2016",NA,NA,"frWP"
"Q105825269","Marius Domon",NA,"7229","RC du Levant","2016","2017",NA,NA,"frWP"
"Q105825269","Marius Domon","Q1857064","315","RC Toulonnais","2017",NA,NA,NA,"frWP"
"Q105825269","Marius Domon","Q1857064","315","RC Toulonnais","2021",NA,"30","19","WD; frWP"
"Q106178887","Will Muir","Q810786","138","Bath Rugby","2020",NA,"77","185","enWP"
"Q106178887","Will Muir","Q810786","138","Bath Rugby","2021",NA,"67","150","jaWP; frWP"
"Q106178887","Will Muir","Q3873497","824","England A national rugby union team","2024","2024","2","10","frWP; enWP"
"Q106178887","Will Muir","Q378628","39","England national rugby union team","2025","2025","3","0","enWP"
"Q106190314","Alex Coles","Q5378054","1217","England national under-18 rugby union team","2017","2017","2","0","frWP; enWP"
"Q106190314","Alex Coles","Q1201283","239","Northampton Saints","2018",NA,"125","70","frWP"
"Q106190314","Alex Coles","Q920928","163","England national under-20 rugby union team","2019","2019","10","5","frWP; enWP"
"Q106190314","Alex Coles","Q1201283","239","Northampton Saints","2019",NA,"134","85","enWP"
"Q106190314","Alex Coles","Q378628","39","England national rugby union team","2022",NA,"10","0","frWP; enWP"
"Q106190314","Alex Coles","Q7493610","1801","Shelford Rugby Club",NA,NA,NA,NA,"frWP"
"Q106478611","Kanji Shimokawa","Q7971389","1952","Waseda University Rugby Football Club","2017","2021",NA,NA,"jaWP; enWP"
"Q106478611","Kanji Shimokawa","Q6158042","1389","Japan national under-20 rugby union team","2018","2018",NA,NA,"enWP"
"Q106478611","Kanji Shimokawa","Q3503997","685","Tokyo Suntory Sungoliath","2020",NA,"58","15","enWP"
"Q106478611","Kanji Shimokawa","Q3503997","685","Tokyo Suntory Sungoliath","2021",NA,"33","15","jaWP"
"Q106478611","Kanji Shimokawa","Q1122433","210","Japan national rugby union team","2022",NA,"23","0","jaWP; enWP"
"Q106478611","Kanji Shimokawa","Q19577178","2421","Japan A national rugby union team","2022",NA,"3","0","enWP"
"Q106480369","Kuo Wen-chin","Q11498533","2074","Setsunan University Rugby Club","2017","2021",NA,NA,"WD; jaWP"
"Q106480369","Kuo Wen-chin","Q19840257","2433","Sunwolves","2020","2020",NA,NA,"frWP; enWP"
"Q106480369","Kuo Wen-chin","Q1121321","209","Shizuoka Blue Revs","2021",NA,"14","0","WD; jaWP"
"Q106480369","Kuo Wen-chin","Q1121321","209","Shizuoka Blue Revs","2022",NA,"22","0","frWP; enWP"
"Q106615147","Léo Barré",NA,"4500","RC Versailles","2009","2014",NA,NA,"frWP; esWP; enWP"
"Q106615147","Léo Barré","Q46387","5","RC Massy","2014","2020",NA,NA,"frWP; esWP; enWP"
"Q106615147","Léo Barré","Q5478453","1248","France national under-18 rugby union team","2019","2019","3","7","frWP"
"Q106615147","Léo Barré","Q1361000","252","Stade Français Rugby","2020",NA,"99","153","frWP; esWP; enWP"
"Q106615147","Léo Barré","Q5478456","1249","France national under-20 rugby union team","2021","2022","10","32","frWP; enWP"
"Q106615147","Léo Barré","Q1361000","252","Stade Français Rugby","2021",NA,"95","153","frWP"
"Q106615147","Léo Barré","Q518116","58","France national rugby union team","2024",NA,"9","20","frWP; enWP"
"Q106872261","Facundo Cordero","Q2979971","465","Club de Regatas Bella Vista","2017","2019","22","25","frWP; enWP"
"Q106872261","Facundo Cordero","Q3873496","823","Argentina A national rugby union team","2017",NA,"10","45","enWP"
"Q106872261","Facundo Cordero","Q3873496","823","Argentina A national rugby union team","2018",NA,"12","45","frWP"
"Q106872261","Facundo Cordero","Q19870761","2436","Jaguares","2019","2019","5","35","frWP; enWP"
"Q106872261","Facundo Cordero","Q83558260","2823","Ceibos Rugby","2020","2020","2","10","frWP; enWP"
"Q106872261","Facundo Cordero","Q675305","111","Exeter Chiefs","2020","2023","33","40","frWP; enWP"
"Q106872261","Facundo Cordero","Q646070","101","Argentina national rugby union team","2021",NA,"1","0","frWP; enWP"
"Q106872261","Facundo Cordero","Q374981","37","Glasgow Warriors","2023",NA,"9","10","frWP; enWP"
"Q107226168","Harri O'Connor","Q7961834","1950","Wales national under-20 rugby union team","2020","2020","3","0","WD; frWP; enWP"
"Q107226168","Harri O'Connor","Q165586","13","Nottingham R.F.C.","2021","2021","9","0","WD; frWP; enWP"
"Q107226168","Harri O'Connor","Q538747","64","Scarlets","2021",NA,"36","0","WD; frWP"
"Q107226168","Harri O'Connor","Q538747","64","Scarlets","2022",NA,"43","0","enWP"
"Q107226168","Harri O'Connor","Q822877","143","Wales national rugby union team","2024",NA,"5","0","WD; frWP; enWP"
"Q107226168","Harri O'Connor","Q810786","138","Bath Rugby",NA,NA,NA,NA,"WD"
"Q107226168","Harri O'Connor","Q5297620","1181","Dorchester Rugby Football Club",NA,NA,NA,NA,"WD"
"Q107387961","Orlando Bailey","Q5297620","1181","Dorchester Rugby Football Club","2007","2015",NA,NA,"frWP; enWP"
"Q107387961","Orlando Bailey","Q5378054","1217","England national under-18 rugby union team","2019","2019","7","39","frWP; enWP"
"Q107387961","Orlando Bailey","Q810786","138","Bath Rugby","2019",NA,NA,NA,"esWP"
"Q107387961","Orlando Bailey",NA,"7364","University of Bath","2020","2025","100","271","enWP"
"Q107387961","Orlando Bailey","Q810786","138","Bath Rugby","2020",NA,"56","198","WD; frWP"
"Q107387961","Orlando Bailey","Q920928","163","England national under-20 rugby union team","2021","2021","5","12","frWP; enWP"
"Q107387961","Orlando Bailey","Q378628","39","England national rugby union team","2022","2022",NA,NA,"enWP"
"Q107387961","Orlando Bailey","Q1071691","204","Leicester Tigers","2025",NA,"5","19","enWP"
"Q107444370","Loïc Ompraret","Q98462471","2883","Union sportive Coarraze Nay rugby","2005","2015",NA,NA,"frWP"
"Q107444370","Loïc Ompraret","Q15055309","2145","Section Paloise","2015","2018",NA,NA,"frWP"
"Q107444370","Loïc Ompraret","Q3492488","651","Soyaux Angoulême XV Charente","2018",NA,NA,NA,"frWP"
"Q107444370","Loïc Ompraret","Q3492488","651","Soyaux Angoulême XV Charente","2019",NA,"13","9","frWP"
"Q107555867","Sam Slade","Q4819588","928","Auckland RFU Team","2017","2017","6","0","WD; frWP; enWP"
"Q107555867","Sam Slade","Q7016275","1566","New Zealand national under-20 rugby union team","2017","2017","6","5","WD; jaWP; frWP; enWP"
"Q107555867","Sam Slade","Q104856099","2909","Manawatu Rugby Union Team","2018","2018","8","0","WD; frWP; enWP"
"Q107555867","Sam Slade","Q104856095","2907","Counties Manukau Rugby Union Team","2019","2023","27","10","WD; frWP; enWP"
"Q107555867","Sam Slade","Q48861120","2691","American Raptors","2020","2020","5","0","WD; jaWP; frWP; enWP"
"Q107555867","Sam Slade","Q1138539","224","Samoa national rugby union team","2021",NA,"6","0","WD; frWP; enWP"
"Q107555867","Sam Slade","Q104626007","2897","Moana Pasifika","2022","2025","20","10","WD; jaWP; frWP; enWP"
"Q107555867","Sam Slade","Q1138539","224","Samoa national rugby union team","2023",NA,"11","5","jaWP"
"Q107555867","Sam Slade","Q104855944","2904","North Harbour Rugby Union Team","2024","2024","4","5","jaWP; enWP"
"Q107555867","Sam Slade","Q11314285","2046","Sayama Secom Rugguts","2025",NA,NA,NA,"enWP"
"Q108263636","Zuriel Togiatama","Q586617","72","Chiefs","2019","2019",NA,NA,"frWP"
"Q108263636","Zuriel Togiatama","Q104856095","2907","Counties Manukau Rugby Union Team","2019",NA,"31","15","jaWP; frWP"
"Q108263636","Zuriel Togiatama","Q104856095","2907","Counties Manukau Rugby Union Team","2020",NA,"12","5","enWP"
"Q108263636","Zuriel Togiatama","Q1134669","222","Fiji national rugby union team","2021",NA,"7","0","frWP; enWP"
"Q108263636","Zuriel Togiatama","Q1134669","222","Fiji national rugby union team","2022",NA,"3","0","jaWP"
"Q108263636","Zuriel Togiatama","Q38605283","2660","Fijian Drua","2022",NA,"28","0","jaWP; frWP; enWP"
"Q108443638","George Dyer","Q7016275","1566","New Zealand national under-20 rugby union team","2019","2019","7","5","frWP; enWP"
"Q108443638","George Dyer","Q586617","72","Chiefs","2020",NA,"53","15","enWP"
"Q108443638","George Dyer","Q104901906","2915","Waikato Rugby Union Team","2020",NA,"42","10","frWP; enWP"
"Q108443638","George Dyer","Q586617","72","Chiefs","2022",NA,"37","10","frWP"
"Q108443638","George Dyer","Q749756","124","New Zealand A national rugby union team","2023",NA,"2","0","frWP"
"Q108443638","George Dyer","Q121190772","3144","Anzac XV","2025","2025","1","0","enWP"
"Q109672958","Ratu Peni Matawalu","Q5448181","1238","Fiji national under-20 rugby union team","2016","2017","5","6","jaWP; frWP; enWP"
"Q109672958","Ratu Peni Matawalu","Q3071728","506","Fiji Warriors","2017","2019","8",NA,"frWP"
"Q109672958","Ratu Peni Matawalu","Q38605283","2660","Fijian Drua","2018","2019","12","5","WD; frWP"
"Q109672958","Ratu Peni Matawalu","Q38605283","2660","Fijian Drua","2022","2022","37","5","frWP; enWP"
"Q109672958","Ratu Peni Matawalu","Q1134669","222","Fiji national rugby union team","2022",NA,"10","5","WD; frWP"
"Q109672958","Ratu Peni Matawalu","Q1134669","222","Fiji national rugby union team","2023",NA,"3","0","jaWP"
"Q110962159","Vinaya Habosi",NA,"4448","Namosi","2020","2021",NA,NA,"frWP"
"Q110962159","Vinaya Habosi","Q38605283","2660","Fijian Drua","2022","2022","12","25","jaWP; frWP; enWP"
"Q110962159","Vinaya Habosi","Q1134669","222","Fiji national rugby union team","2022",NA,"13","25","jaWP; frWP; enWP"
"Q110962159","Vinaya Habosi","Q118498","10","Racing 92","2022",NA,"27","30","enWP"
"Q110962159","Vinaya Habosi","Q118498","10","Racing 92","2023",NA,"35","55","jaWP; frWP"
"Q110962167","Vilive Miramira",NA,"4445","Nadi Jets","2018","2018",NA,NA,"frWP"
"Q110962167","Vilive Miramira","Q5448181","1238","Fiji national under-20 rugby union team","2019","2019","3","0","WD; jaWP; frWP; enWP"
"Q110962167","Vilive Miramira","Q3071728","506","Fiji Warriors","2020","2020","3","0","WD; frWP; enWP"
"Q110962167","Vilive Miramira",NA,"4445","Nadi Jets","2020","2021",NA,NA,"frWP"
"Q110962167","Vilive Miramira","Q1134669","222","Fiji national rugby union team","2020",NA,"4","0","jaWP"
"Q110962167","Vilive Miramira","Q38605283","2660","Fijian Drua","2022",NA,"30","15","WD; frWP; enWP"
"Q110962167","Vilive Miramira","Q1134669","222","Fiji national rugby union team","2023",NA,"5","0","WD; frWP"
"Q111223162","Gauthier Minguillón","Q1865460","316","Union Bordeaux Bègles","2010","2016",NA,NA,"frWP; esWP"
"Q111223162","Gauthier Minguillón","Q107349465","2943","Union sportive de Salles","2010",NA,NA,NA,"esWP"
"Q111223162","Gauthier Minguillón",NA,"7306","Spain national under-18 rugby union team","2012","2012",NA,NA,"frWP"
"Q111223162","Gauthier Minguillón","Q250783","19","Spain national rugby union team","2015",NA,"23","30","frWP"
"Q111223162","Gauthier Minguillón","Q3496125","670","Stade Langonnais","2016","2017","11","10","frWP; esWP"
"Q111223162","Gauthier Minguillón","Q2756879","394","Avenir Valencien","2017","2019","38","58","frWP; esWP"
"Q111223162","Gauthier Minguillón","Q753618","125","Stade Aurillacois Cantal Auvergne","2019","2023","31","20","frWP; esWP"
"Q111223162","Gauthier Minguillón","Q107349465","2943","Union sportive de Salles","2021",NA,NA,NA,"frWP"
"Q111223162","Gauthier Minguillón","Q28843742","2627","Valence Romans Drôme Rugby","2023",NA,"10","10","frWP; esWP"
"Q111293520","Francisco Urroz","Q4120775","863","Chile national under-20 rugby union team","2012","2013","7","50","frWP; enWP"
"Q111293520","Francisco Urroz","Q334657","32","Chile national rugby union team","2015",NA,"13","13","frWP; enWP"
"Q111293520","Francisco Urroz",NA,"7046","Chile A national rugby union team","2019","2020","4","14","enWP"
"Q111293520","Francisco Urroz","Q84348017","2826","Selknam","2019",NA,"20","131","frWP"
"Q111293520","Francisco Urroz",NA,"7046","Chile A national rugby union team","2020","2020","3","14","frWP"
"Q111293520","Francisco Urroz","Q84348017","2826","Selknam","2020",NA,"20","131","enWP"
"Q111593908","Corey Toole","Q605245","80","ACT Brumbies","2022",NA,"27","85","jaWP"
"Q111593908","Corey Toole","Q4823557","931","Australia A national rugby union team","2023","2024","3","5","enWP"
"Q111593908","Corey Toole","Q605245","80","ACT Brumbies","2023",NA,"43","140","enWP"
"Q111593908","Corey Toole","Q622443","86","Australia national rugby union team","2025",NA,"6","5","enWP"
"Q111671639","Luca Zini",NA,"5583","Province dell'Ovest Rugby","2009","2014",NA,NA,"itWP"
"Q111671639","Luca Zini","Q3648981","800","CUS Genova Rugby","2016","2019",NA,NA,"itWP"
"Q111671639","Luca Zini","Q2637322","380","Petrarca Rugby","2018",NA,"56","83","WD"
"Q111671639","Luca Zini","Q2637322","380","Petrarca Rugby","2019",NA,"56","83","itWP"
"Q113623277","Mateo Garcia","Q630112","88","Aviron Bayonnais","2016","2020",NA,NA,"frWP; esWP"
"Q113623277","Mateo Garcia","Q1865460","316","Union Bordeaux Bègles","2020",NA,NA,NA,"esWP"
"Q113623277","Mateo Garcia","Q5478456","1249","France national under-20 rugby union team","2021","2022","5","0","frWP; enWP"
"Q113623277","Mateo Garcia","Q1865460","316","Union Bordeaux Bègles","2021",NA,"31","66","frWP; frWP"
"Q113623277","Mateo Garcia","Q1865460","316","Union Bordeaux Bègles","2022",NA,"48","187","enWP"
"Q114711419","Ian Boubila",NA,"4629","SC Nègrepelisse","2007","2012",NA,NA,"frWP"
"Q114711419","Ian Boubila","Q2002695","324","US Montauban","2012","2018",NA,NA,"WD; frWP"
"Q114711419","Ian Boubila","Q431412","44","Stade Toulousain","2018",NA,NA,NA,"WD; frWP"
"Q114711419","Ian Boubila","Q5478456","1249","France national under-20 rugby union team","2021","2021",NA,NA,"frWP"
"Q114711419","Ian Boubila","Q431412","44","Stade Toulousain","2021",NA,"25","0","frWP"
"Q114711419","Ian Boubila","Q951242","181","Provence Rugby","2024","2024","7","0","frWP"
"Q115011308","Clément Mondinat",NA,"4804","Union Sportive des Coteaux Pouyastruc","2008","2017",NA,NA,"frWP"
"Q115011308","Clément Mondinat","Q634843","89","Tarbes Pyrénées Rugby","2017","2018",NA,NA,"frWP"
"Q115011308","Clément Mondinat","Q15055309","2145","Section Paloise","2018",NA,NA,NA,"frWP"
"Q115011308","Clément Mondinat","Q15055309","2145","Section Paloise","2021",NA,"8","11","frWP"
"Q115011308","Clément Mondinat","Q5478456","1249","France national under-20 rugby union team","2023","2023","4","26","frWP"
"Q115472859","Miracle Fai'ilagi","Q64616117","2751","Kagifa Samoa","2020","2020",NA,NA,"frWP"
"Q115472859","Miracle Fai'ilagi","Q19577746","2425","Samoa A national rugby union team","2020","2020","3","0","enWP"
"Q115472859","Miracle Fai'ilagi","Q19577746","2425","Samoa A national rugby union team","2020","2022","5","5","frWP"
"Q115472859","Miracle Fai'ilagi","Q1138539","224","Samoa national rugby union team","2021","2021","4",NA,"jaWP"
"Q115472859","Miracle Fai'ilagi","Q1138539","224","Samoa national rugby union team","2022",NA,"4","5","jaWP"
"Q115472859","Miracle Fai'ilagi","Q104856087","2905","Tasman Rugby Union Team","2023","2023",NA,NA,"jaWP; frWP"
"Q115472859","Miracle Fai'ilagi","Q104626007","2897","Moana Pasifika","2023",NA,"23","50","jaWP; frWP; enWP"
"Q115472859","Miracle Fai'ilagi","Q1138539","224","Samoa national rugby union team","2023",NA,"4","5","frWP; enWP"
"Q115472859","Miracle Fai'ilagi","Q104856096","2908","Hawke's Bay Rugby Union Team","2025",NA,"11","25","enWP"
"Q115472859","Miracle Fai'ilagi",NA,"6985","Apolima rugby",NA,NA,NA,NA,"frWP"
"Q115472859","Miracle Fai'ilagi",NA,"7138","Lauli'i Lions",NA,NA,NA,NA,"frWP"
"Q115472859","Miracle Fai'ilagi",NA,"7400","Vailele Rugby Club",NA,NA,NA,NA,"frWP"
"Q116312825","Grégoire Arfeuil",NA,"4553","Aurore de Vitré","2014","2015",NA,NA,"frWP; enWP"
"Q116312825","Grégoire Arfeuil",NA,"4806","US Lectouroise","2015","2019",NA,NA,"frWP; enWP"
"Q116312825","Grégoire Arfeuil","Q1422627","263","SU Agen Lot-et-Garonne","2019","2020",NA,NA,"frWP; enWP"
"Q116312825","Grégoire Arfeuil",NA,"4806","US Lectouroise","2020","2021",NA,NA,"frWP; enWP"
"Q116312825","Grégoire Arfeuil","Q15055309","2145","Section Paloise","2021",NA,NA,NA,"frWP; enWP"
"Q116312825","Grégoire Arfeuil","Q5478453","1248","France national under-18 rugby union team","2022","2022",NA,NA,"frWP"
"Q116312825","Grégoire Arfeuil","Q15055309","2145","Section Paloise","2023",NA,"10","15","frWP; enWP"
"Q116312825","Grégoire Arfeuil","Q5478456","1249","France national under-20 rugby union team","2024","2024","1","0","frWP; enWP"
"Q116819188","Sam Prendergast","Q3217619","544","Lansdowne Football Club","2021",NA,"1","2","WD; frWP"
"Q116819188","Sam Prendergast","Q6068684","1370","Ireland national under-20 rugby union team","2022","2023","14","142","WD; frWP; enWP"
"Q116819188","Sam Prendergast","Q1473374","267","Leinster Rugby","2022",NA,"35","225","enWP"
"Q116819188","Sam Prendergast","Q1473374","267","Leinster Rugby","2023",NA,"25","130","WD; frWP"
"Q116819188","Sam Prendergast","Q6068556","1368","Ireland A national rugby union team","2024","2024","3","17","enWP"
"Q116819188","Sam Prendergast","Q599903","77","Ireland national rugby union team","2024",NA,"12","84","frWP; enWP"
"Q116819188","Sam Prendergast","Q5120000","1093","Cill Dara RFC",NA,NA,NA,NA,"WD"
"Q117303310","Clément Vergé","Q3462337","639","Saint-Girons Sporting Club","2006","2018",NA,NA,"frWP"
"Q117303310","Clément Vergé","Q431412","44","Stade Toulousain","2018",NA,NA,NA,"frWP"
"Q117303310","Clément Vergé","Q5478456","1249","France national under-20 rugby union team","2021","2021","2","0","frWP"
"Q117303310","Clément Vergé","Q431412","44","Stade Toulousain","2022",NA,"30","15","WD; frWP"
"Q121097488","Dominik Mohyła","Q7276160","1698","RC Arka Gdynia","2019",NA,NA,NA,"frWP"
"Q121097488","Dominik Mohyła","Q7276160","1698","RC Arka Gdynia","2020",NA,"34","25","frWP"
"Q121097488","Dominik Mohyła","Q118142955","3114","Poland national under-20 rugby union team","2021","2022","5","0","frWP"
"Q121097488","Dominik Mohyła","Q2003634","325","Poland national rugby union team","2023",NA,"1","0","frWP"
"Q122207675","Léon Darricarrère","Q756594","126","Stade Rochelais","2009","2011",NA,NA,"WD; frWP"
"Q122207675","Léon Darricarrère","Q1782908","310","Stade Montois","2011","2013",NA,NA,"WD; frWP"
"Q122207675","Léon Darricarrère","Q964957","189","Castres Olympique","2013","2016",NA,NA,"WD; frWP"
"Q122207675","Léon Darricarrère","Q1782908","310","Stade Montois","2016","2021",NA,NA,"frWP"
"Q122207675","Léon Darricarrère","Q297901","27","ASM Clermont Auvergne","2021",NA,NA,NA,"WD; frWP"
"Q122207675","Léon Darricarrère","Q5478456","1249","France national under-20 rugby union team","2022","2024","2","0","WD; frWP"
"Q122207675","Léon Darricarrère","Q297901","27","ASM Clermont Auvergne","2023",NA,"31","30","frWP"
"Q122207675","Léon Darricarrère","Q5478264","1247","France A national rugby union team","2024","2024","1","0","frWP"
"Q122663512","Jerónimo Portela","Q20716879","2463","Portugal national under-20 rugby union team","2018","2019","6","70","frWP"
"Q122663512","Jerónimo Portela","Q250778","18","Portugal national rugby union team","2019",NA,"28","31","enWP; frWP"
"Q122663512","Jerónimo Portela","Q83864890","3","Peñarol Rugby","2020","2020",NA,NA,"frWP"
"Q122663512","Jerónimo Portela","Q15622257","2155","Lusitanos XV","2021",NA,"7","22","frWP"
"Q122663512","Jerónimo Portela","Q3118225","533","GD Direito",NA,NA,NA,NA,"frWP"
"Q122663512","Jerónimo Portela",NA,"7211","Portugal national under-18 rugby union team",NA,NA,NA,NA,"frWP"
"Q123551953","Ben Afshar","Q1284702","245","Edinburgh Academical Football Club","2009","2015",NA,NA,"frWP; enWP"
"Q123551953","Ben Afshar","Q7435697","1787","Scotland national under-18 rugby union team","2020","2020",NA,NA,"enWP"
"Q123551953","Ben Afshar","Q1000020","195","Melrose RFC","2021","2022",NA,NA,"frWP; enWP"
"Q123551953","Ben Afshar","Q793219","133","Ayr RFC","2022","2023",NA,NA,"frWP; enWP"
"Q123551953","Ben Afshar","Q7435701","1789","Scotland national under-20 rugby union team","2022","2023","11","66","frWP; enWP"
"Q123551953","Ben Afshar","Q374981","37","Glasgow Warriors","2022",NA,"32","10","enWP; frWP"
"Q123551953","Ben Afshar","Q3499557","680","Stirling County RFC","2023","2023",NA,NA,"frWP; enWP"
"Q123551953","Ben Afshar","Q7435629","1786","Scotland A national rugby union team","2024","2024","1","0","frWP; enWP"
"Q123551953","Ben Afshar",NA,"7553","Emerging Scotland","2025","2025","1","5","enWP"
