"wikidataId","fullName","esName","esFullName","birthDate","birthPlace","birthPlaceWP","deathDate","deathPlace","deathPlaceWP","height","weight","positions","positionsWP","citizenship"
"Q207","George W. Bush","George W. Bush",NA,"1946-07-06","New Haven; Connecticut","/wiki/New_Haven",NA,NA,NA,183,NA,NA,NA,NA
"Q5809","Ernesto Guevara","ErnestoCheGuevara",NA,"1928-06-14","Rosario; Argentina",NA,"1967-10-09",NA,NA,176,NA,NA,NA,NA
"Q7571","Patricio Albacete","Patricio Albacete","Patricio Esteban Albacete","1981-02-09","Buenos Aires","/wiki/Buenos_Aires",NA,NA,NA,200,125,"2nd Row",NA,"Argentina"
"Q12940","Jacques Chaban-Delmas","Jacques Chaban-Delmas",NA,"1915-03-07","13th arrondissement of Paris","/wiki/XIII_distrito_de_Par%C3%ADs","2000-11-10","7th arrondissement of Paris","/wiki/VII_distrito_de_Par%C3%ADs",NA,NA,"3rd Row",NA,NA
"Q18455","Ben Tune","Ben Tune","Benjamin Newman Tune","1976-12-28","Brisbane","/wiki/Brisbane",NA,NA,NA,185,96,"Winger; Centre",NA,"Australia"
"Q26037","Quade Cooper","Quade Cooper","Quade Santini Cooper​","1988-04-05","Auckland","/wiki/Auckland",NA,NA,NA,186,92,"Fly-Half",NA,"New Zealand"
"Q31193","Ben Smith","Ben Smith","Benjamin Robert Smith","1986-06-01","Dunedin","/wiki/Dunedin",NA,NA,NA,186,91,"Fullback; Winger; Outside Centre",NA,"New Zealand"
"Q72185","Manu Tuilagi","Manu Tuilagi","Etuale Manu Samoa Tuilagi","1991-05-18","Savaiʻi","/wiki/Savai%27i",NA,NA,NA,185,120,"Centre",NA,"Samoa"
"Q76869","Toby Flood","Toby Flood","Tobias Gerald Albert Lieven Flood","1985-08-08","Surrey Heath","/wiki/Surrey_Heath",NA,NA,NA,188,91,"Fly-Half",NA,"England"
"Q94780","Joe Rokocoko","Joe Rokocoko","Josevata Taliga Rokocoko","1983-06-06","Nadi","/wiki/Nadi_(Fiyi)",NA,NA,NA,189,109,"Winger",NA,"Fiji"
"Q106775","Richard Harris","Richard Harris",NA,"1930-10-01",NA,NA,"2002-10-25",NA,NA,185,NA,NA,NA,NA
"Q113526","Adriaan Strauss","Adriaan Strauss","Jan Adriaan Strauss","1985-11-18","Bloemfontein","/wiki/Bloemfontein",NA,NA,NA,185,113,"Hooker",NA,"South Africa"
"Q127613","Patrick Lambie","Patrick Lambie","Patrick Jonathan Lambie","1990-10-17","Durban","/wiki/Durban",NA,NA,NA,177,87,"Fullback",NA,"South Africa"
"Q127618","Chris Ashton","Chris Ashton","Christopher John Ashton","1987-03-29","Wigan","/wiki/Wigan",NA,NA,NA,182,92,"Winger; Fullback",NA,"England"
"Q128407","Martín Bustos Moyano","Bustos Moyano",NA,"1985-07-12","Córdoba; Argentina","/wiki/C%C3%B3rdoba_(Argentina)",NA,NA,NA,186,92,"3rd Row",NA,"Argentina"
"Q134895","Javier Bardem","Javier Bardem",NA,"1969-03-01","Las Palmas","/wiki/Las_Palmas_de_Gran_Canaria",NA,NA,NA,NA,NA,NA,NA,NA
"Q135385","Israel Dagg","Israel Dagg","Israel Jamahl Akuhata Dagg","1988-06-06","Marton","/w/index.php?title=Marton_(Nueva_Zelanda)&action=edit&redlink=1",NA,NA,NA,185,96,"Fullback",NA,"New Zealand"
"Q138586","Gurthrö Steenkamp","Gurthrö Steenkamp","Gurthrö Garth Steenkamp","1981-06-12","Paarl","/wiki/Paarl",NA,NA,NA,189,122,"Prop",NA,"South Africa"
"Q138722","Stephen Donald","Stephen Donald","Stephen Rex Donald","1983-12-03","Auckland","/wiki/Auckland",NA,NA,NA,186,96,"Fly-Half; Centre",NA,"New Zealand"
"Q147338","Morris Kirksey","Morris Kirksey",NA,"1895-09-13","Waxahachie; Texas","/wiki/Waxahachie_(Texas)","1981-11-25","Stanford; California","/wiki/Stanford_(California)",NA,NA,NA,NA,"U.S.A."
"Q151533","Sam Whitelock","Sam Whitelock","Samuel Lawrence Whitelock","1988-10-12","Palmerston North","/wiki/Palmerston_North",NA,NA,NA,202,114,"2nd Row",NA,"New Zealand"
"Q151572","Victor Vito","Victor Vito","Victor Vasefanua Junior Vito","1987-03-27","Wellington","/wiki/Wellington",NA,NA,NA,192,112,"3rd Row; Number 8",NA,"New Zealand"
"Q166094","Zane Kirchner","Zane Kirchner",NA,"1984-06-16","George; South Africa","/wiki/George_(Sud%C3%A1frica)",NA,NA,NA,184,86,"Fullback; Centre; Winger",NA,"South Africa"
"Q168675","Francois Pienaar","François Pienaar","Jacobus François Pienaar","1967-01-02","Vereeniging","/wiki/Vereeniging",NA,NA,NA,191,108,"Flanker",NA,"South Africa"
"Q169368","Jean Monribot","Jean Monribot",NA,"1987-10-11","Lalinde","/wiki/Lalinde",NA,NA,NA,183,91,"3rd Row",NA,"France"
"Q172174","Guy Ligier","Guy Ligier",NA,"1930-07-12","Vichy","/wiki/Vichy","2015-08-23","Nevers","/wiki/Nevers",NA,NA,NA,NA,NA
"Q176596","Clive Rowlands","Clive Rowlands","Daniel Clive Thomas Rowlands","1938-05-14","Upper Cwmtwrch","/w/index.php?title=Upper_Cwmtwrch&action=edit&redlink=1","2023-07-29","Swansea","/wiki/Swansea",NA,NA,"Scrum-Half",NA,"Wales"
"Q181263","François Steyn","François Steyn","François Philippus Lodewyk Steyn","1987-05-14","Aliwal North","/w/index.php?title=Aliwal_North&action=edit&redlink=1",NA,NA,NA,191,111,"Centre; Fullback; Fly-Half",NA,"South Africa"
"Q182609","Jacques Rogge","Jacques Rogge",NA,"1942-05-02","Ghent","/wiki/Gante","2021-08-29","Deinze","/wiki/Deinze",NA,NA,NA,NA,NA
"Q188309","Sergio Parisse","Sergio Parisse","Sergio Francisco Mateo Parisse","1983-09-12","La Plata","/wiki/La_Plata",NA,NA,NA,196,110,"Number 8; 3rd Row",NA,"Argentina"
"Q193926","Aaron Cruden","Aaron Cruden","Aaron Wiremu Cruden","1989-01-08","Palmerston North","/wiki/Palmerston_North",NA,NA,NA,178,84,"Fly-Half",NA,"New Zealand"
"Q194026","Jimmy Cowan","Jimmy Cowan","Quinton James Cowan","1982-03-06","Gore; New Zealand","/wiki/Gore_(Nueva_Zelanda)",NA,NA,NA,185,92,"Scrum-Half",NA,"New Zealand"
"Q200427","Dimitri Szarzewski","Dimitri Szarzewski",NA,"1983-01-26","Narbonne","/wiki/Narbona",NA,NA,NA,180,102,"Hooker",NA,"France"
"Q205288","Zinzan Brooke","Zinzan Brooke","Murray Zinzan Brooke","1965-02-14","Auckland Region","/wiki/Regi%C3%B3n_de_Auckland",NA,NA,NA,190,102,"Number 8; 3rd Row",NA,"New Zealand"
"Q207709","Roland Garros","Roland Garros",NA,"1888-10-06","Saint-Denis; Réunion","/wiki/Saint-Denis_(Reuni%C3%B3n)","1918-10-05","Vouziers",NA,NA,NA,NA,NA,NA
"Q209365","Richie Gray","Richie Gray","Richard James Gray","1989-08-24","Glasgow","/wiki/Glasgow",NA,NA,NA,206,126,"2nd Row",NA,"Scotland"
"Q221074","Bud Spencer","Bud Spencer",NA,"1929-10-31","Naples","/wiki/N%C3%A1poles","2016-06-27","Rome","/wiki/Roma",192,125,NA,NA,NA
"Q276102","Jean de Villiers","Jean de Villiers",NA,"1981-02-24","Paarl","/wiki/Paarl",NA,NA,NA,190,103,"Centre",NA,"South Africa"
"Q281871","Tom Kiernan","Tom Kiernan","Thomas Joseph Kiernan","1939-01-07","Cork (city)","/wiki/Cork","2022-02-04",NA,NA,180,85,"Fullback",NA,"Ireland"
"Q284846","Schalk Willem Petrus Burger","Schalk Burger","Willem Petrus Schalk Burger Jr.","1983-04-13","Gqeberha","/wiki/Puerto_Elizabeth",NA,NA,NA,193,114,"3rd Row",NA,"South Africa"
"Q285739","Valentin Ursache","Valentin Ursache",NA,"1985-08-12","Târgu Neamț","/wiki/T%C3%A2rgu_Neamt",NA,NA,NA,193,112,"2nd Row",NA,"Romania"
"Q286258","Yannick Jauzion","Yannick Jauzion",NA,"1978-07-28","Castres","/wiki/Castres_(Tarn)",NA,NA,NA,193,107,"Centre",NA,"France"
"Q287936","Joe Launchbury","Joe Launchbury","Joseph Oliver Launchbury","1991-04-12","Exeter","/wiki/Exeter",NA,NA,NA,198,118,"2nd Row",NA,"England"
"Q289223","Jerry Collins","Jerry Collins",NA,"1980-11-04","Apia","/wiki/Apia","2015-06-05","Béziers","/wiki/B%C3%A9ziers",191,108,"3rd Row; Number 8",NA,"Samoa"
"Q301081","Jamie Salmon","Jamie Salmon","James Lionel Broome Salmon","1959-10-16","Victoria; Hong Kong","/wiki/Victoria_(Hong_Kong)",NA,NA,NA,183,88,"Centre",NA,"Hong Kong"
"Q302330","Aaron Mauger","Aaron Mauger","Aaron Joseph Douglas Mauger","1980-11-29","Christchurch","/wiki/Christchurch",NA,NA,NA,183,93,"Centre",NA,"New Zealand"
"Q311569","Michael Hester","Michael Hester",NA,"1972-05-02","Sydney","/wiki/S%C3%ADdney",NA,NA,NA,181,NA,NA,NA,NA
"Q316676","Mariusz Pudzianowski","Mariusz Pudzianowski",NA,"1977-02-07","Biała Rawska","/w/index.php?title=Bia%C5%82a_Rawska&action=edit&redlink=1",NA,NA,NA,185,120,NA,NA,"Poland"
"Q317422","Eric Liddell","Eric Liddel","Eric Henry Liddell","1902-01-16","Tianjin","/wiki/Tianjin","1945-02-21","Weixian","/w/index.php?title=Weixian&action=edit&redlink=1",NA,NA,NA,NA,"United Kingdom"
"Q318920","Jonny Wilkinson","Jonny Wilkinson","Jonathan Peter Wilkinson","1979-05-25","Frimley Park Hospital","/wiki/Hospital_Frimley_Park",NA,NA,NA,178,84,"Fly-Half",NA,"England"
"Q319318","William Webb Ellis","William Webb Ellis",NA,"1806-11-24","Salford","/wiki/Salford","1872-02-24","Menton","/wiki/Menton",NA,NA,NA,NA,NA
"Q325033","Jannie du Plessis","Jannie du Plessis","Jan Nathaniël du Plessis","1982-11-16","Bethlehem",NA,NA,NA,NA,188,121,"Prop",NA,"South Africa"
"Q335197","Bryan Habana","Bryan Habana","Bryan Gary Habana","1983-06-12","Benoni; South Africa","/wiki/Benoni",NA,NA,NA,179,94,"Winger",NA,"South Africa"
"Q335238","Rahul Bose","রাহুল বসুराहुल वौस; Rahul Bose",NA,"1967-07-27","Bengaluru","/wiki/Bangalore",NA,NA,NA,NA,NA,"3rd Row",NA,NA
"Q338006","Jean-Baptiste Élissalde","Jean-Baptiste Élissalde",NA,"1977-11-23","La Rochelle","/wiki/La_Rochelle",NA,NA,NA,172,73,"Scrum-Half",NA,"France"
"Q348867","Ian Kirkpatrick","Ian Kirkpatrick","Ian Andrew Kirkpatrick","1946-05-24","Gisborne; New Zealand","/wiki/Gisborne_(ciudad)",NA,NA,NA,190,100,"3rd Row",NA,"New Zealand"
"Q350686","Adam Rhys Jones","Adam Jones","Adam Rhys Jones","1981-03-08","Brecknockshire","/wiki/Brecknockshire",NA,NA,NA,183,120,"Prop",NA,"Wales"
"Q350967","Luke McAlister","Luke McAlister","Charles Luke McAlister","1983-08-28","New Plymouth","/wiki/Nueva_Plymouth",NA,NA,NA,177,93,"Centre",NA,"New Zealand"
"Q360694","Charlie Hodgson","Charlie Hodgson",NA,"1980-11-12","Halifax; West Yorkshire","/wiki/Halifax_(Yorkshire_del_Oeste)",NA,NA,NA,178,86,"Fly-Half",NA,"England"
"Q361732","Brian Ashton",NA,NA,NA,NA,NA,NA,NA,NA,NA,NA,NA,NA,NA
"Q363717","Jonah Lomu","Jonah Lomu","Jonah Tali Lomu","1975-05-12","Auckland","/wiki/Auckland","2015-11-18","Auckland","/wiki/Auckland",196,120,"Winger",NA,"New Zealand"
"Q364461","Josh Lewsey","Josh Lewsey","Owen Joshua Lewsey","1976-11-30","London Borough of Bromley","/wiki/Municipio_de_Bromley_(Londres)",NA,NA,NA,180,87,"Centre; Winger; Fullback",NA,"England"
"Q364694","Lote Tuqiri","Lote Tuqiri","Lote Daulako Tuqiri","1979-09-23","Suva","/wiki/Suva",NA,NA,NA,191,102,"Winger; Centre",NA,"Fiji"
"Q364941","Matt Burke","Matt Burke","Matthew Coleman Burke","1973-03-26","Sydney","/wiki/S%C3%ADdney",NA,NA,NA,184,94,"Fullback",NA,"Australia"
"Q365731","Michael Lynagh","Michael Lynagh","Michael Patrick Lynagh","1963-10-25","Brisbane","/wiki/Brisbane",NA,NA,NA,178,80,"Fly-Half",NA,"Australia"
"Q365879","Brian Lima","Brian Lima","Brian Pala Lima","1972-01-25","Apia","/wiki/Apia",NA,NA,NA,183,112,"Winger; Centre",NA,"Samoa"
"Q366237","Jeff Wilson","Jeff Wilson","Jeffrey William Wilson","1973-10-24","Invercargill","/wiki/Invercargill",NA,NA,NA,180,94,"Winger; Fullback",NA,"New Zealand"
"Q369619","Gavin Johnson","Gavin Johnson","Gavin Keith Johnson","1966-10-17","Limpopo","/wiki/Provincia_de_Limpopo",NA,NA,NA,188,80,"Winger; Fullback",NA,"South Africa"
"Q370059","George Smith","George Smith","George Benjamin Smith","1980-07-14","Sydney","/wiki/S%C3%ADdney",NA,NA,NA,180,100,"3rd Row",NA,"Australia"
"Q372453","Marcelo Loffreda","Marcelo Loffreda","Marcelo Hernán Loffreda","1959-05-17","Buenos Aires","/wiki/Buenos_Aires",NA,NA,NA,NA,NA,"Centre",NA,"Argentina"
"Q373771","Mark Ella","Mark Ella","Mark Gordon Ella","1959-06-05","Sydney","/wiki/S%C3%ADdney",NA,NA,NA,178,83,"Fly-Half",NA,"Australia"
"Q376378","David Humphreys","David Humphreys","David George Humphreys","1971-09-10","Belfast","/wiki/Belfast",NA,NA,NA,177,86,"Fly-Half",NA,"Ireland"
"Q376397","Japie Mulder","Japie Mulder","Jacobus Cornelius Mulder","1969-10-18","Transvaal (province)","/wiki/Provincia_del_Transvaal",NA,NA,NA,180,85,"Centre",NA,"South Africa"
"Q376430","Mike Blair","Mike Blair","Michael Robert Leighton Blair","1981-04-20","Edinburgh","/wiki/Edimburgo",NA,NA,NA,175,85,"Scrum-Half",NA,"Scotland"
"Q377052","William Téchoueyres","William Téchoueyres",NA,"1966-02-12","Bordeaux","/wiki/Burdeos",NA,NA,NA,183,88,"Winger",NA,"France"
"Q377476","Peter Winterbottom","Peter Winterbottom","Peter James Winterbottom","1960-05-31","Otley","/wiki/Otley",NA,NA,NA,183,94,"3rd Row",NA,"England"
"Q378444","Rod Kafer","Rod Kafer","Rodney Bruce Kafer","1971-06-25","Newcastle; New South Wales","/wiki/Newcastle_(Australia)",NA,NA,NA,176,86,"Centre",NA,"Australia"
"Q380388","Frik du Preez","Frik du Preez","Frederick Christoffel Hendrik du Preez","1935-11-28","Rustenburg","/wiki/Rustenburg",NA,NA,NA,189,105,"2nd Row",NA,"South Africa"
"Q381641","Girvan Dempsey","Girvan Dempsey","Girvan Thomas Dempsey","1975-10-02","Dublin","/wiki/Dubl%C3%ADn",NA,NA,NA,183,91,"Fullback",NA,"Ireland"
"Q383727","Giovanbattista Venditti","Giovanbattista Venditti",NA,"1990-03-27","Avezzano","/wiki/Avezzano",NA,NA,NA,187,111,"3rd Row; Centre",NA,"Italy"
"Q383886","Fourie du Preez","Fourie du Preez","Petrus Fourie du Preez","1982-03-24","Pretoria","/wiki/Pretoria",NA,NA,NA,182,91,"Scrum-Half",NA,"South Africa"
"Q387525","Wavell Wakefield","Wavell Wakefield, 1st Baron Wakefield of Kendal","William Wavell Wakefield","1898-03-10","Beckenham","/w/index.php?title=Beckenham&action=edit&redlink=1","1983-08-12","Kendal","/wiki/Kendal",186,90,"3rd Row",NA,"England"
"Q389714","Imanol Harinordoquy","Imanol Harinordoquy",NA,"1980-02-20","Bayonne","/wiki/Bayona_(Francia)",NA,NA,NA,192,105,"Number 8; Flanker",NA,"France"
"Q399410","Agustín Pichot","Agustín Pichot",NA,"1974-08-22","Buenos Aires","/wiki/Buenos_Aires",NA,NA,NA,177,77,"Scrum-Half",NA,"Argentina"
"Q406616","Rabah Slimani","Rabah Slimani",NA,"1989-10-18","Sarcelles","/wiki/Sarcelles",NA,NA,NA,178,110,"Prop",NA,"France"
"Q425547","Gonzalo Longo","Gonzalo Longo","Gonzalo Matías Longo Elia","1974-03-14","Buenos Aires","/wiki/Buenos_Aires",NA,NA,NA,193,102,"Number 8",NA,"Argentina"
"Q427291","Gavin Hastings","Gavin Hastings",NA,"1962-01-03","Edinburgh","/wiki/Edimburgo",NA,NA,NA,188,95,"Fullback",NA,"Scotland"
"Q429847","Mircea Paraschiv","Mircea Paraschiv",NA,"1954-07-01","Bucharest","/wiki/Bucarest",NA,NA,NA,175,80,"Scrum-Half",NA,"Romania"
"Q430712","Charles William Miller","Charles William Miller",NA,"1874-11-24","São Paulo","/wiki/S%C3%A3o_Paulo","1953-06-30","São Paulo; Brazil",NA,NA,NA,"Forward",NA,NA
"Q432098","Tom Richards","Tom Richards","Thomas James Richards","1882-04-29","New South Wales","/wiki/Nueva_Gales_del_Sur","1935-09-25","Brisbane","/wiki/Brisbane",183,83,"3rd Row",NA,"Australia"
"Q432329","Paul Sackey","Paul Sackey","Paul Henry Sackey","1979-09-08","Lambeth","/wiki/Lambeth",NA,NA,NA,186,92,"Winger",NA,"England"
"Q433258","Ian McGeechan","Ian McGeechan","Ian Robert McGeechan","1946-10-30","Headingley","/wiki/Headingley",NA,NA,NA,179,82,"Fly-Half",NA,"England"
"Q433334","Phil Vickery","Phil Vickery","Philip John Vickery","1976-03-14","Barnstaple","/wiki/Barnstaple",NA,NA,NA,190,125,"Prop",NA,"United Kingdom"
"Q433539","Nick Easter","Nick Easter","Nicholas James Easter","1978-08-15","Epsom","/wiki/Epsom",NA,NA,NA,193,115,"Number 8",NA,"United Kingdom"
"Q433546","Steve Borthwick","Steve Borthwick","Stephen William Borthwick","1979-10-12","Carlisle","/wiki/Carlisle",NA,NA,NA,198,111,"2nd Row",NA,"England"
"Q433551","Lewis Moody","Lewis Moody","Lewis Walton Moody","1978-06-12","Ascot; Berkshire","/wiki/Ascot",NA,NA,NA,191,102,"3rd Row",NA," England"
"Q433555","Danny Care","Danny Care","Daniel Stuart Care","1987-01-02","Leeds","/wiki/Leeds",NA,NA,NA,177,87,"Scrum-Half",NA,"England"
"Q433780","Mathew Tait","Mathew Tait","Mathew James Murray Tait","1986-02-06","Consett","/w/index.php?title=Consett&action=edit&redlink=1",NA,NA,NA,183,90,"Centre",NA,"England"
"Q433791","Mark Cueto","Mark Cueto","Mark John Cueto","1979-12-26","Allerdale","/wiki/Allerdale",NA,NA,NA,183,95,"Fullback; Winger",NA,"England"
"Q439025","Donncha O'Callaghan","Donncha O'Callaghan","Donnchadh O'Callaghan","1979-03-24","Cork (city)","/wiki/Cork",NA,NA,NA,198,114,"2nd Row",NA,"Ireland"
"Q439402","Tommy Bowe","Tommy Bowe","Thomas John Bowe","1984-02-22","Emyvale","/wiki/Emyvale",NA,NA,NA,191,102,"3rd Row; Centre",NA,"Ireland"
"Q439453","Keith Earls","Keith Earls","Keith Gerard Earls","1987-10-02","Moyross","/w/index.php?title=Moyross&action=edit&redlink=1",NA,NA,NA,180,90,"Centre; 3rd Row",NA,"Ireland"
"Q439867","Mark Regan","Mark Regan","Mark Peter Regan","1972-01-28","Bristol","/wiki/Bristol",NA,NA,NA,177,100,"Hooker",NA,"United Kingdom"
"Q439880","Joe Worsley","Joe Worsley","Joseph Paul Richard Worsley","1977-06-14","London","/wiki/Londres",NA,NA,NA,195,110,"3rd Row",NA,"United Kingdom"
"Q440131","Jamie Heaslip","Jamie Heaslip","James Peter Richard Heaslip","1983-12-15","Tiberias","/wiki/Tiber%C3%ADades",NA,NA,NA,192,110,"Number 8",NA,"Israel"
"Q441286","Tom Croft","Tom Croft","Thomas Richard Croft","1985-11-07","Basingstoke","/wiki/Basingstoke",NA,NA,NA,198,110,"3rd Row",NA,"England"
"Q441972","Tendai Mtawarira","Tendai Mtawarira","Tendai Nihal Mtawarira","1985-08-01","Harare","/wiki/Harare",NA,NA,NA,185,116,"Prop",NA,"Zimbabwe"
"Q446789","Dai Young","Dai Young","David Young","1967-07-26","Aberdare","/wiki/Aberdare",NA,NA,NA,188,115,"Prop",NA,"Wales"
"Q447937","Jack Kyle","Jack Kyle","John Wilson Kyle","1926-02-10","Belfast","/wiki/Belfast","2014-11-27","Bryansford","/wiki/Bryansford",NA,NA,"Fly-Half",NA,"Ireland"
"Q447961","Alun Wyn Jones","Alun Wyn Jones",NA,"1985-09-19","Swansea","/wiki/Swansea",NA,NA,NA,196,118,"2nd Row",NA,"Wales"
"Q448009","Jim Telfer",NA,NA,NA,NA,NA,NA,NA,NA,NA,NA,NA,NA,NA
"Q448172","Syd Millar","Syd Millar","John Sydney Millar","1934-05-23","Ballymena","/wiki/Ballymena","2023-12-10",NA,NA,183,100,"Prop",NA,"United Kingdom"
"Q448182","Jeremy Guscott","Jeremy Guscott","Jeremy Clayton Guscott","1965-07-07","Bath; Somerset","/wiki/Bath",NA,NA,NA,185,90,"Centre",NA,"England"
"Q448312","Willie John McBride","Willie McBride","Willie James McBride","1940-06-06","Antrim",NA,NA,NA,NA,192,102,"2nd Row",NA,"Ireland"
"Q448441","Tony O'Reilly","Tony O'Reilly","Anthony Joseph Francis O'Reilly","1936-05-07","Dublin","/wiki/Dubl%C3%ADn","2024-05-18","Dublin","/wiki/Dubl%C3%ADn",188,90,"Centre",NA,"Ireland"
"Q448825","Will Greenwood","Will Greenwood","William John Heaton Greenwood","1972-10-20","Blackburn","/wiki/Blackburn",NA,NA,NA,193,100,"Centre",NA,"England"
"Q449012","Jamie Roberts","Jamie Roberts",NA,"1986-11-08","Newport; Wales","/wiki/Newport",NA,NA,NA,193,110,"Centre; 3rd Row",NA,"United Kingdom"
"Q452051","Graham Mourie","Graham Mourie","Graham Neil Kenneth Mourie","1952-09-08","Ōpunake","/w/index.php?title=%C5%8Cpunake&action=edit&redlink=1",NA,NA,NA,183,90,"3rd Row",NA,"New Zealand"
"Q452373","Sid Going","Sid Going","Sir Sidney Milton Going","1943-08-19","Kawakawa","/wiki/Kawakawa","2024-05-17","Maromaku",NA,178,81,"Half-Back",NA,"New Zealand"
"Q452384","Julien Dupuy","Julien Dupuy",NA,"1983-12-19","Périgueux","/wiki/P%C3%A9rigueux",NA,NA,NA,178,80,"Scrum-Half",NA,"France"
"Q453066","Władysław Komar","Władysław Komar",NA,"1940-04-11","Kaunas","/wiki/Kaunas","1998-08-17","Przybiernów",NA,NA,NA,NA,NA,"Poland"
"Q454123","Rob Kearney","Rob Kearney","Robert Kearney","1986-03-26","Dundalk","/wiki/Dundalk",NA,NA,NA,185,95,"Fullback",NA,"Ireland"
"Q455124","Wilson Whineray","Wilson Whineray","Wilson James Whineray","1935-07-10","Auckland","/wiki/Auckland","2012-10-22","Auckland","/wiki/Auckland",183,94,"Prop",NA,"New Zealand"
"Q460627","Sam Warburton","Sam Warburton","Sam Kennedy Warburton","1988-10-05","Cardiff","/wiki/Cardiff",NA,NA,NA,188,106,"Flanker",NA,"Wales"
"Q460637","Jonathan Davies","Jonathan Davies","Jonathan James Vaughan Davies","1988-04-05","Solihull","/wiki/Solihull",NA,NA,NA,185,104,"Centre",NA,"England"
"Q461349","Oscar Kreuzer","Oscar Kreuzer",NA,"1887-06-14","Frankfurt","/wiki/Fr%C3%A1ncfort_del_Meno","1968-05-03","Wiesbaden","/wiki/Wiesbaden",NA,NA,"Fly-Half",NA,NA
"Q463531","Jean-Baptiste Charcot","Jean-Baptiste Charcot",NA,"1867-07-15","Neuilly-sur-Seine","/wiki/Neuilly-sur-Seine","1936-09-16","Iceland","/wiki/Islandia",NA,NA,"Prop",NA,NA
"Q465470","Sébastien Chabal","Sébastien Chabal",NA,"1977-12-08","Valence; Drôme","/wiki/Valence_(Dr%C3%B4me)",NA,NA,NA,191,113,"Flanker; Number 8; 2nd Row",NA,"France"
"Q469706","Percy Montgomery","Percy Montgomery","Percival Colin Montgomery","1974-03-15","Walvis Bay","/wiki/Walvis_Bay",NA,NA,NA,185,93,"Fullback",NA,"Namibia"
"Q474788","Matthew Rees",NA,NA,NA,NA,NA,NA,NA,NA,NA,NA,NA,NA,NA
"Q475438","Vincent Clerc","Vincent Clerc",NA,"1981-05-07","Échirolles","/wiki/%C3%89chirolles",NA,NA,NA,178,88,"Winger",NA,"France"
"Q496505","Heyneke Meyer","Heyneke Meyer",NA,"1967-10-06","Mbombela","/wiki/Nelspruit",NA,NA,NA,185,85,NA,NA,"South Africa"
"Q503407","James Haskell","James Haskell","James Andrew Welbon Haskell","1985-04-02","Windsor; Berkshire","/wiki/Windsor_(Berkshire)",NA,NA,NA,194,113,"Number 8",NA,"England"
"Q504581","Andrew Ellis","Andy Ellis","Andrew Michael Ellis","1984-02-21","Christchurch","/wiki/Christchurch",NA,NA,NA,176,89,"Scrum-Half",NA,"New Zealand"
"Q506299","Andrew Mehrtens","Andrew Mehrtens","Andrew Philip Mehrtens","1973-04-28","Durban","/wiki/Durban",NA,NA,NA,178,88,"Fly-Half",NA,"South Africa"
"Q506434","Luke Fitzgerald","Luke Fitzgerald","Luke Matthew Fitzgerald","1987-09-13","Wicklow","/wiki/Wicklow",NA,NA,NA,186,92,"3rd Row; Centre",NA,"Ireland"
"Q506917","Marcos Ayerza","Marcos Ayerza","Marcos Iván Ayerza","1983-01-12","Buenos Aires","/wiki/Buenos_Aires",NA,NA,NA,185,110,"Prop",NA,"Argentina"
"Q508105","Andrew Trimble","Andrew Trimble","Andrew David Trimble","1984-10-20","Coleraine","/wiki/Coleraine",NA,NA,NA,186,99,"Winger",NA,"Ireland"
"Q512413","J. J. Williams","J. J. Williams","John James Williams","1948-04-01","Maesteg","/wiki/Maesteg","2020-10-29",NA,NA,175,80,"Winger",NA,"Wales"
"Q513201","Ken Jones","Ken Jones",NA,"1921-12-30","Blaenavon","/wiki/Blaenavon","2006-04-18","Newport; Wales","/wiki/Newport",NA,NA,NA,NA,"United Kingdom"
"Q515485","Ricky Januarie","Ricky Januarie","Enrico Ricardo Januarie","1982-01-02","West Coast District Municipality","/wiki/Distrito_Municipal_de_West_Coast",NA,NA,NA,168,83,"Scrum-Half",NA,"South Africa"
"Q517812","Craig Green","Craig Green","Craig Iván Green","1961-03-23","Christchurch","/wiki/Christchurch",NA,NA,NA,178,80,"Winger",NA,"New Zealand"
"Q519164","Wenceslas Lauret","Wenceslas Lauret",NA,"1989-03-28","France","/wiki/Francia",NA,NA,NA,188,103,"Openside Flanker",NA,"France"
"Q519358","Alex Cuthbert","Alex Cuthbert","Alexander Charles G. Cuthbert","1990-04-05","Gloucester","/wiki/Gloucester",NA,NA,NA,198,103,"Winger",NA,"England"
"Q519589","Mike Phillips","Mike Phillips",NA,"1982-08-29","Carmarthen","/wiki/Carmarthen",NA,NA,NA,191,101,"Scrum-Half",NA,"United Kingdom"
"Q521927","Brad Thorn","Brad Thorn","Bradley Carnegie Thorn","1975-02-03","Dunedin","/wiki/Dunedin",NA,NA,NA,196,119,"2nd Row",NA,"New Zealand"
"Q522429","Ned Haig","Ned Haig","Edward Haig","1858-12-07","Jedburgh","/wiki/Jedburgh","1939-03-29","Melrose; Scottish Borders","/wiki/Melrose_(Escocia)",NA,NA,"Scrum-Half",NA,"Scotland"
"Q525873","Shane Williams","Shane Williams","Shane Mark Williams","1977-02-26","Swansea","/wiki/Swansea",NA,NA,NA,170,77,"Winger",NA,"Wales"
"Q526295","Andy Irvine","Andy Irvine","Andrew Robertson Irvine","1951-09-16","Edinburgh","/wiki/Edimburgo",NA,NA,NA,178,83,"Fullback",NA,"Scotland"
"Q528784","Wynand Olivier","Wynand Olivier",NA,"1983-06-11","Welkom","/wiki/Welkom",NA,NA,NA,186,93,"Centre",NA,"South Africa"
"Q531221","Emyr Wyn Lewis","Emyr Lewis","Emyr Wyn Lewis","1982-10-03","Swansea","/wiki/Swansea",NA,NA,NA,182,110,NA,NA,NA
"Q532570","Wyatt Crockett","Wyatt Crockett","Wyatt William Vogels Crockett","1983-01-24","Burwood",NA,NA,NA,NA,193,116,"Prop",NA,"New Zealand"
"Q537574","Oscar Collodo","Oscar Collodo",NA,"1958-08-16","Bern","/wiki/Berna",NA,NA,NA,180,85,"Fly-Half",NA,"Switzerland"
"Q537903","Levan Datunashvili","Levan Datunashvili",NA,"1983-01-18","Tbilisi","/wiki/Tiflis",NA,NA,NA,196,114,"2nd Row",NA,"U.S.S.R."
"Q537933","Joe Warbrick","Joe Warbrick","Joseph Astbury Warbrick","1862-01-01","Rotorua","/wiki/Rotorua","1903-08-30","Waimangu Geyser","/wiki/G%C3%A9iser_Waimangu",180,90,"Fullback",NA,"New Zealand"
"Q540685","Stu Wilson","Stu Wilson","Stuart Sinclair Wilson","1954-07-22","Gore; New Zealand","/wiki/Gore_(Nueva_Zelanda)",NA,NA,NA,183,86,"Winger",NA,"New Zealand"
"Q541164","Bryan Williams","Bryan Williams","Bryan George Williams","1950-10-03","Auckland","/wiki/Auckland",NA,NA,NA,179,89,"Winger",NA,"New Zealand"
"Q542332","Paul Williams","Paul Williams","Paul Bryan Williams","1983-04-22","Auckland","/wiki/Auckland",NA,NA,NA,187,95,"Centre",NA,"New Zealand"
"Q542948","Federico Nicolás Sánchez","Nicolás Sánchez",NA,"1988-10-26","San Miguel de Tucumán","/wiki/San_Miguel_de_Tucum%C3%A1n",NA,NA,NA,175,83,"Fly-Half",NA,"Argentina"
"Q543135","Patrice Lagisquet","Patrice Lagisquet",NA,"1962-09-04","Arcachon","/wiki/Arcach%C3%B3n",NA,NA,NA,183,80,"Winger",NA,"France"
"Q544142","Eoin Reddan","Eoin Reddan",NA,"1980-11-20","Limerick","/wiki/Limerick",NA,NA,NA,176,83,"Scrum-Half",NA,"Ireland"
"Q544444","Brett Papworth","Brett Papworth","Brett W. Papworth","1963-11-05","Sydney","/wiki/S%C3%ADdney",NA,NA,NA,180,85,"Centre",NA,"Australia"
"Q544594","Tony Daly","Tony Daly","Anthony John Daly","1966-03-07","Sydney","/wiki/S%C3%ADdney",NA,NA,NA,178,103,"Prop",NA,"Australia"
"Q546277","André Pretorius","André Pretorius","André Stefan Pretorius","1978-12-29","Johannesburg","/wiki/Johannesburgo",NA,NA,NA,176,90,"Fly-Half",NA,"South Africa"
"Q549490","Anthony Foley","Anthony Foley","Anthony Gerard Foley","1973-10-30","Limerick","/wiki/Limerick","2016-10-16","Suresnes","/wiki/Suresnes",190,105,"Number 8",NA,"Ireland"
"Q568655","Joseph Roffo",NA,NA,NA,NA,NA,NA,NA,NA,NA,NA,NA,NA,NA
"Q573987","Dave Gallaher","Dave Gallaher",NA,"1873-10-30",NA,NA,"1917-10-04",NA,NA,183,85,"Hooker",NA,"Ireland"
"Q579257","Nicolas Mas","Nicolas Mas",NA,"1980-05-25","Perpignan","/wiki/Perpi%C3%B1%C3%A1n",NA,NA,NA,180,108,"Prop",NA,"France"
"Q579573","Louis Picamoles","Louis Picamoles",NA,"1986-02-05","Paris","/wiki/Par%C3%ADs",NA,NA,NA,192,113,"Number 8",NA,"France"
"Q582826","Nando Parrado","Fernando Parrado",NA,"1949-12-09","Montevideo","/wiki/Montevideo",NA,NA,NA,NA,NA,NA,NA,NA
"Q584317","Mervyn Davies","Mervyn Davies","Thomas Mervyn Davies","1946-12-09","Swansea","/wiki/Swansea","2012-03-15","Swansea",NA,193,100,"Number 8",NA,"Wales"
"Q586437","Jason Robinson","Jason Robinson","Jason Thorpe Robinson","1974-07-30","Leeds","/wiki/Leeds",NA,NA,NA,173,81,"Winger; Centre",NA,"England"
"Q588193","Felipe Contepomi","Felipe Contepomi",NA,"1977-08-20","Buenos Aires","/wiki/Buenos_Aires",NA,NA,NA,180,90,"Fly-Half; Centre",NA,"Argentina"
"Q590826","Rory Lamont","Rory Lamont","Rory Patrick Lamont","1982-10-10","Perth; Scotland","/wiki/Perth_(Escocia)",NA,NA,NA,188,100,"Fullback",NA,"Scotland"
"Q591370","Serge Betsen","Serge Betsen","Serge Betsen Tchoua","1974-03-25","Southwest Region (Cameroon)","/wiki/Regi%C3%B3n_del_Sudoeste_(Camer%C3%BAn)",NA,NA,NA,182,96,"3rd Row",NA,"Cameroon"
"Q594828","Peter Grigg","Peter Grigg","Peter Clive Grigg","1958-07-20","Queensland","/wiki/Queensland",NA,NA,NA,NA,NA,"Centre; Winger",NA,"Australia"
"Q597161","Butch James","Butch James","Andrew David James","1979-01-08","Johannesburg","/wiki/Johannesburgo",NA,NA,NA,185,100,"Fly-Half",NA,"South Africa"
"Q598270","Robert Ebersohn","Robert Ebersohn","Robert Thompson Ebersohn","1989-02-23","Bloemfontein","/wiki/Bloemfontein",NA,NA,NA,180,87,"Centre",NA,"South Africa"
"Q598568","Robbie Brink","Robby Brink","Robert Andrew Brink","1971-07-21","Pretoria","/wiki/Pretoria",NA,NA,NA,195,112,"3rd Row",NA,"South Africa"
"Q599061","Yoann Maestri","Yoann Maestri",NA,"1988-01-14","Hyères (Var)",NA,NA,NA,NA,200,119,"2nd Row",NA,"France"
"Q600196","Sean Fitzpatrick","Sean Fitzpatrick","Sean Brian Thomas Fitzpatrick","1963-06-04","Auckland","/wiki/Auckland",NA,NA,NA,183,105,"Hooker",NA,"New Zealand"
"Q601678","Ben Youngs","Ben Youngs","Benjamin Ryder Youngs","1989-09-05","Norwich","/wiki/Norwich",NA,NA,NA,178,92,"Scrum-Half",NA,"England"
"Q607384","Mirco Bergamasco","Mirco Bergamasco",NA,"1983-02-23","Padua","/wiki/Padua",NA,NA,NA,180,90,"Centre; Winger; Fullback",NA,"Italy"
"Q610400","Theuns Kotzé","Theuns Kotzé","Theuns Andries Willem Kotzé","1987-07-16","Karasburg","/wiki/Karasburg",NA,NA,NA,181,90,"Scrum-Half",NA,"Namibia"
"Q614602","Roberto Canessa","Roberto Canessa",NA,"1953-01-17","Montevideo","/wiki/Montevideo",NA,NA,NA,NA,NA,NA,NA,NA
"Q614928","Cliff Morgan","Cliff Morgan","Clifford Isaac Morgan","1930-04-07","Trebanog","/w/index.php?title=Trebanog&action=edit&redlink=1","2013-08-29","Bembridge","/wiki/Bembridge",165,71,"Fly-Half",NA,"Wales"
"Q616217","Santiago González Bonorino","González Bonorino","Santiago Hernán González Bonorino","1975-05-05","Buenos Aires","/wiki/Buenos_Aires",NA,NA,NA,183,116,"Prop",NA,"Argentina"
"Q616384","Haralambie Dumitraș","Hari Dumitraș","Haralambie Dumitraș","1960-02-11","Bucharest","/wiki/Bucarest",NA,NA,NA,191,110,"Number 8",NA,"Romania"
"Q630058","Derick Hougaard","Derick Hougaard","Derick Jacobus Hougaard","1983-01-04","Western Cape","/wiki/Provincia_Occidental_del_Cabo",NA,NA,NA,175,85,"Fly-Half",NA,"South Africa"
"Q635697","Constantin Henriquez","Constantin Henriquez",NA,"1880-01-01","Port-de-Paix","/wiki/Port-de-Paix","1942-02-01","Port-au-Prince","/wiki/Puerto_Pr%C3%ADncipe",NA,NA,"Number 8",NA,"Haiti"
"Q635864","Dan Cole","Dan Cole","Daniel Richard Cole","1987-05-09","Leicester","/wiki/Leicester",NA,NA,NA,189,118,"Prop",NA,"England"
"Q639951","Octavio Bartolucci","Octavio Bartolucci",NA,"1975-03-08","Rosario","/wiki/Rosario_(Argentina)",NA,NA,NA,196,90,"Winger",NA,"Argentina"
"Q641999","Will Genia","Will Genia","Sanchez William Genia","1988-01-17","Port Moresby","/wiki/Puerto_Moresby",NA,NA,NA,174,82,"Scrum-Half",NA,"Papua New Guinea"
"Q642380","Colin Meads","Colin Meads","Colin Earl Meads","1936-06-03","Cambridge; New Zealand","/wiki/Cambridge_(Nueva_Zelanda)","2017-08-20","Te Kūiti",NA,192,102,"2nd Row",NA,"New Zealand"
"Q645540","Nicolás Fernández Miranda","N. Fernández Miranda","Nicolás Fernández Miranda","1972-11-25","Buenos Aires","/wiki/Buenos_Aires",NA,NA,NA,177,84,"Scrum-Half",NA,"Argentina"
"Q650640","Frantz Reichel",NA,NA,NA,NA,NA,NA,NA,NA,NA,NA,NA,NA,NA
"Q651186","Gordon Brown","Gordon Brown","Gordon Lamont Brown","1947-11-01","Troon","/wiki/Troon_(South_Ayrshire)","2001-03-19","Troon","/wiki/Troon_(South_Ayrshire)",196,110,"2nd Row",NA,"Scotland"
"Q651983","Gary Whetton","Gary Whetton","Gary William Whetton","1959-12-15","Auckland","/wiki/Auckland",NA,NA,NA,198,105,"2nd Row",NA,"New Zealand"
"Q660403","Jean Prat","Jean Prat",NA,"1923-08-01","Lourdes","/wiki/Lourdes_(Altos_Pirineos)","2005-02-25","Tarbes","/wiki/Tarbes",178,85,"3rd Row",NA,"France"
"Q665978","Diego Cash","Diego Cash","Diego María Cash","1961-08-10","Buenos Aires","/wiki/Buenos_Aires",NA,NA,NA,183,98,"Prop",NA,"Argentina"
"Q667796","Akona Ndungane","Akona Ndungane","Akona Zilindlovu Ndungane","1981-02-20","Mthatha","/wiki/Mthatha",NA,NA,NA,183,93,"Winger",NA,"South Africa"
"Q670241","Vladimir Aïtoff",NA,NA,NA,NA,NA,NA,NA,NA,NA,NA,NA,NA,NA
"Q677419","Kitch Christie","Kitch Christie","George Moir Christie","1940-01-31","Johannesburg","/wiki/Johannesburgo","1998-04-22","Pretoria","/wiki/Pretoria",185,90,"3rd Row",NA,"South Africa"
"Q679613","Ben McCalman","Ben McCalman","Benjamin McCalman","1988-03-18","Dubbo","/wiki/Dubbo",NA,NA,NA,192,108,"2nd Row",NA,"Australia"
"Q680326","Matías Corral","Matías Corral",NA,"1968-08-10","San Isidro; Buenos Aires","/wiki/San_Isidro_(Buenos_Aires)",NA,NA,NA,181,95,"Prop",NA,NA
"Q680818","Billy Twelvetrees","Billy Twelvetrees","William Wesley Twelvetrees","1988-11-15","Chichester","/wiki/Chichester",NA,NA,NA,193,83,"Centre",NA," England"
"Q681795","Émile Sarrade",NA,NA,NA,NA,NA,NA,NA,NA,NA,NA,NA,NA,NA
"Q690625","Didier Camberabero","Didier Camberabero",NA,"1961-01-09","Valence; Drôme","/wiki/Valence_(Dr%C3%B4me)",NA,NA,NA,175,70,"Fly-Half",NA,"France"
"Q690729","Vilimoni Delasau","Vilimoni Delasau","Vilimoni Waqatabu Delasau","1977-07-12","Ba (town)","/wiki/Ba_(Fiyi)",NA,NA,NA,190,99,"Winger",NA,"Fiji"
"Q692832","Hendrik le Roux","Hennie le Roux","Hendrik Pieter Le Roux","1967-07-10","Makhanda; South Africa","/wiki/Grahamstown",NA,NA,NA,175,80,"Centre",NA,"South Africa"
"Q693345","Marius Hurter","Marius Hurter","Marius Hofmeyr Hurter","1970-10-08","Potchefstroom","/wiki/Potchefstroom",NA,NA,NA,187,121,"Prop",NA,"South Africa"
"Q707683","Marcello Fiasconaro","Marcello Fiasconaro",NA,"1949-07-19","Cape Town","/wiki/Ciudad_del_Cabo",NA,NA,NA,NA,NA,NA,NA,"South Africa; Italy"
"Q715091","Jacques Fouroux","Jacques Fouroux",NA,"1947-07-24","Auch","/wiki/Auch","2005-12-17","Auch","/wiki/Auch",163,70,"Scrum-Half",NA,"France"
"Q715492","Arturo Rodríguez","Arturo Rodríguez Jurado",NA,"1907-05-26","San Luis; Argentina","/wiki/San_Luis_(Argentina)","1982-11-21",NA,NA,NA,NA,NA,NA,"Argentina"
"Q716246","Peter MacKay","Peter MacKay",NA,"1965-09-27","New Glasgow",NA,NA,NA,NA,NA,NA,NA,NA,NA
"Q718533","Owen Farrell","Owen Farrell","Owen Andrew Farrell","1991-09-24","Wigan","/wiki/Wigan",NA,NA,NA,188,96,"Fly-Half; Centre",NA,"England"
"Q722819","Leon MacDonald","Leon MacDonald","Leon Raymond MacDonald","1977-12-21","Blenheim; New Zealand","/wiki/Blenheim_(Nueva_Zelanda)",NA,NA,NA,181,96,"Fullback",NA,"New Zealand"
"Q723044","Grant Fox","Grant Fox","Grant James Fox","1962-06-16","New Plymouth","/wiki/Nueva_Plymouth_(Nueva_Zelanda)",NA,NA,NA,175,72,"Fly-Half",NA,"New Zealand"
"Q723121","Byron Kelleher","Byron Kelleher","Byron Terence Kelleher","1976-12-03","Dunedin","/wiki/Dunedin",NA,NA,NA,175,90,"Scrum-Half",NA,"New Zealand"
"Q723260","Justin Marshall","Justin Marshall","Justin Warren Marshall","1973-08-05","Southland Region","/wiki/Southland",NA,NA,NA,179,95,"Scrum-Half",NA,"New Zealand"
"Q723355","Nick Evans","Nick Evans","Nicholas John Evans","1980-08-14","Auckland","/wiki/Auckland",NA,NA,NA,185,90,"Fly-Half; Fullback",NA,"New Zealand"
"Q723617","John Kirwan","John Kirwan","John James Patrick Kirwan","1964-12-16","Auckland","/wiki/Auckland",NA,NA,NA,191,100,"Winger",NA,"New Zealand"
"Q723626","Conrad Smith","Conrad Smith","Conrad Gerard Smith","1981-10-12","Hawera","/w/index.php?title=Hawera&action=edit&redlink=1",NA,NA,NA,186,95,"Centre",NA,"New Zealand"
"Q723836","Isaia Toeava","Isaia Toeava",NA,"1986-01-15","Apia","/wiki/Apia",NA,NA,NA,181,99,"Fullback",NA,"Samoa"
"Q723988","Neemia Tialata","Neemia Tialata","Neemiah Stanley Tialata","1982-07-15","Lower Hutt","/wiki/Lower_Hutt",NA,NA,NA,187,136,"Prop",NA,"New Zealand"
"Q725555","J. P. R. Williams","J.P.R. Williams","John Peter Rhys Williams","1949-03-02","Bridgend","/wiki/Bridgend","2024-01-08","Cardiff","/wiki/Cardiff",185,89,"Fullback",NA,"Wales"
"Q725671","Michael Jones","Michael Jones","Michael Niko Jones","1965-04-08","Auckland","/wiki/Auckland",NA,NA,NA,185,98,"Flanker",NA,"New Zealand"
"Q726148","Richie McCaw","Richie McCaw","Richard Hugh McCaw","1980-12-31","Oamaru","/wiki/Oamaru",NA,NA,NA,187,107,"3rd Row",NA,"New Zealand"
"Q726173","Os du Randt","Os du Randt","Jacobus Petrus du Randt","1972-09-08","Chris Hani District Municipality","/wiki/Distrito_Municipal_de_Chris_Hani",NA,NA,NA,190,135,"Prop",NA,"South Africa"
"Q726199","Dan Carter","Dan Carter","Daniel William Carter","1982-03-05","Southbridge","/w/index.php?title=Southbridge_(Canterbury)&action=edit&redlink=1",NA,NA,NA,178,85,"Fly-Half",NA,"New Zealand"
"Q730932","Elliot Bunney","Elliot Bunney",NA,"1966-12-11","Edinburgh","/wiki/Edimburgo",NA,NA,NA,NA,NA,NA,NA,"United Kingdom"
"Q732909","Greg Holmes","Greg Holmes","Greg S. Holmes","1983-06-11","Warwick (Queensland)","/w/index.php?title=Warwick_(Queensland)&action=edit&redlink=1",NA,NA,NA,183,114,"Prop",NA,"Australia"
"Q733831","Ronan O'Gara","Ronan O'Gara","Ronan John Ross O'Gara","1977-03-07","San Diego","/wiki/San_Diego_(California)",NA,NA,NA,183,83,"Fly-Half",NA,"U.S.A."
"Q737072","Stirling Mortlock","Stirling Mortlock","Stirling Austin Mortlock","1977-05-20","Sydney","/wiki/S%C3%ADdney",NA,NA,NA,191,103,"Centre; Winger",NA,"Australia"
"Q741112","Ieuan Evans","Ieuan Evans","Ieuan Cennydd Evans","1964-03-21","Swansea","/wiki/Swansea",NA,NA,NA,178,85,"Winger",NA,"Wales"
"Q742873","Danie Craven","Danie Craven","Daniël Hartman Craven","1910-10-11","Lindley",NA,"1993-01-04","Stellenbosch","/wiki/Stellenbosch",178,80,"Scrum-Half",NA,"South Africa"
"Q742960","Alessandro Troncon","Alessandro Troncon",NA,"1973-09-06","Treviso","/wiki/Treviso",NA,NA,NA,175,88,"Scrum-Half",NA,"Italy"
"Q743099","Stuart Lancaster","Stuart Lancaster","William Stuart Lancaster","1969-10-09","Penrith; Cumbria","/wiki/Penrith_(Inglaterra)",NA,NA,NA,182,92,"3rd Row",NA,"England"
"Q745050","Antonio Beltrán Rodríguez","Antonio 'Nono' Beltrán","Antonio Beltrán Rodríguez","1981-06-20","Seville","/wiki/Sevilla",NA,NA,NA,177,80,"Scrum-Half",NA,NA
"Q761487","Mathieu Bastareaud","Mathieu Bastareaud",NA,"1988-09-17","Créteil","/wiki/Cr%C3%A9teil",NA,NA,NA,183,120,"Centre",NA,"France"
"Q762608","Ian Evans","Ian Evans","Ian Richard Evans","1984-10-04","Johannesburg","/wiki/Johannesburgo",NA,NA,NA,204,116,"Prop",NA,"South Africa"
"Q762620","Omar Hasan","Omar Hasan","José Omar Hasan","1971-04-21","San Miguel de Tucumán","/wiki/San_Miguel_de_Tucum%C3%A1n",NA,NA,NA,183,112,"Prop",NA,"Argentina"
"Q768777","Corné Krige","Corné Krige","Cornelius Petrus Johannes Krige","1975-03-21","Lusaka","/wiki/Lusaka",NA,NA,NA,190,102,NA,NA,"Zambia"
"Q768874","Sean O'Brien","Sean O'Brien","Sean Kevin O'Brien","1987-02-14","Carlow","/wiki/Carlow",NA,NA,NA,188,108,"Flanker",NA,"Ireland"
"Q774079","Simon Geoghegan","Simon Geoghegan","Simon Patrick Geoghegan","1968-06-01","Knebworth","/wiki/Knebworth",NA,NA,NA,183,88,"Winger",NA,"England"
"Q775742","Barry John","Barry John",NA,"1945-01-06","Cefneithin","/w/index.php?title=Cefneithin&action=edit&redlink=1","2024-02-04","Cardiff","/wiki/Cardiff",178,80,"Fly-Half",NA,"United Kingdom"
"Q776564","Jean-Pierre Rives","Jean-Pierre Rives",NA,"1952-12-31","Toulouse","/wiki/Toulouse",NA,NA,NA,178,85,"Flanker",NA,"France"
"Q777512","Raphaël Ibañez","Raphaël Ibáñez",NA,"1973-02-17","Dax; Landes","/wiki/Dax",NA,NA,NA,178,100,"Hooker",NA,"France"
"Q778307","Don Clarke","Don Clarke","Donald Barry Clarke","1933-11-10","Pihama","/w/index.php?title=Pihama&action=edit&redlink=1","2002-12-29","Johannesburg","/wiki/Johannesburgo",188,110,"Fullback",NA,"New Zealand"
"Q780849","Scott Hastings","Scott Hastings",NA,"1964-12-04","Edinburgh","/wiki/Edimburgo",NA,NA,NA,186,90,"Centre",NA,"Scotland"
"Q787770","John Timu","John Timu","John Kakuhura Raymond Timu","1969-05-08","Dannevirke","/wiki/Dannevirke",NA,NA,NA,180,83,"Fullback",NA,"New Zealand"
"Q804456","Bakkies Botha","Bakkies Botha","John Philip Botha","1979-09-22","Newcastle","/w/index.php?title=Newcastle_(Sud%C3%A1frica)&action=edit&redlink=1",NA,NA,NA,202,124,"2nd Row",NA,"South Africa"
"Q816494","Ben Franks","Ben Franks","Benjamin John Franks","1984-03-27","Frankston (Victoria)",NA,NA,NA,NA,185,120,"Prop",NA,"Australia"
"Q827102","Berrick Barnes","Berrick Barnes","Berrick Stephen Barnes","1986-05-28","Brisbane","/wiki/Brisbane",NA,NA,NA,183,87,"Fullback; Fly-Half",NA,"Australia"
"Q829262","Berwyn Jones","Berwyn Jones",NA,"1940-02-13","Rhymney","/wiki/Rhymney","2007-01-12","Ross-on-Wye","/wiki/Ross-on-Wye",NA,NA,NA,NA,"United Kingdom"
"Q861935","Bill Beaumont","Bill Beaumont","William Blackledge Beaumont","1952-03-09","Chorley","/wiki/Chorley",NA,NA,NA,191,102,"2nd Row",NA,"England"
"Q862313","Bill McLaren","Bill McLaren","William Pollock McLaren","1923-10-16",NA,NA,"2010-01-19","Hawick; R. U.",NA,NA,NA,"3rd Row",NA,NA
"Q863024","Billy Boston","Billy Boston","William John Boston","1934-08-06","Tiger Bay","/w/index.php?title=Tiger_Bay&action=edit&redlink=1",NA,NA,NA,NA,NA,NA,NA,NA
"Q883404","Bleddyn Williams","Bleddyn Williams","Bleddyn Llewellyn Williams","1923-02-22","Taff's Well","/wiki/Taff%27s_Well","2009-07-06","Cardiff","/wiki/Cardiff",178,83,"Centre",NA,"United Kingdom"
"Q912573","Brian Lochore","Brian Lochore","Brian James Lochore","1940-09-03","Masterton","/wiki/Masterton","2019-08-03","Masterton","/wiki/Masterton",191,95,"Number 8; 3rd Row",NA,"New Zealand"
"Q912889","Brian O'Driscoll","Brian O'Driscoll","Brian Gerald O'Driscoll","1979-01-21","Dublin","/wiki/Dubl%C3%ADn",NA,NA,NA,178,90,"Centre",NA,"Ireland"
"Q914227","Justin Tipuric","Justin Tipuric","Justin Charles Tipuric","1989-08-06","Neath","/wiki/Neath",NA,NA,NA,188,102,"3rd Row",NA,"United Kingdom"
"Q919397","Hugo Porta","Hugo Porta",NA,"1951-07-11","Buenos Aires","/wiki/Buenos_Aires",NA,NA,NA,175,72,"Fly-Half",NA,"Argentina"
"Q919501","Todd Clever","Todd Clever",NA,"1983-01-16","Palm Springs; California","/wiki/Palm_Springs",NA,NA,NA,193,100,"3rd Row",NA,"U.S.A."
"Q921039","Philippe Sella","Philippe Sella",NA,"1962-02-14","Tonneins","/wiki/Tonneins",NA,NA,NA,180,84,"Centre",NA,"France"
"Q921375","Chris Latham","Chris Latham","Christopher Eric Latham","1975-09-08","New South Wales","/wiki/Nueva_Gales_del_Sur",NA,NA,NA,192,99,"Fullback",NA,"Australia"
"Q921680","Clive Woodward","Clive Woodward","Clive Ronald Woodward","1956-01-06","Greater Manchester","/wiki/Gran_M%C3%A1nchester",NA,NA,NA,180,86,"Centre",NA,"England"
"Q922170","Matt Giteau","Matt Giteau","Matthew James Giteau","1982-09-29","Sydney","/wiki/S%C3%ADdney",NA,NA,NA,178,85,"Centre; Fly-Half",NA,"Australia"
"Q923207","Christophe Dominici","Christophe Dominici",NA,"1972-05-20","Toulon","/wiki/Tol%C3%B3n","2020-11-24","Saint-Cloud","/wiki/Saint-Cloud",172,82,"Winger",NA,"France"
"Q924641","Marzio Innocenti","Marzio Innocenti",NA,"1958-09-04","Livorno","/wiki/Livorno",NA,NA,NA,185,90,"3rd Row",NA,"Italy"
"Q924729","Colin Slade","Colin Slade","Colin Richard Slade","1987-10-10","Christchurch","/wiki/Christchurch",NA,NA,NA,183,90,"Fly-Half; Winger; Centre",NA,"New Zealand"
"Q925097","Stephen Larkham","Stephen Larkham",NA,"1974-05-29","Canberra","/wiki/Canberra",NA,NA,NA,189,88,"Fly-Half",NA,"Australia"
"Q926351","John Eales","John Eales","John Anthony Eales","1970-06-27","Brisbane","/wiki/Brisbane",NA,NA,NA,200,119,"2nd Row",NA,"Australia"
"Q926984","Pedro Bordaberry","Pedro Bordaberry",NA,"1960-04-28","Montevideo","/wiki/Montevideo",NA,NA,NA,NA,NA,NA,NA,NA
"Q927905","Géo André","Georges André",NA,"1889-08-13","8th arrondissement of Paris","/wiki/VIII_distrito_de_Par%C3%ADs","1943-05-04","Tangier","/wiki/T%C3%A1nger",188,85,NA,NA,"France"
"Q930496","Rodrigo Roncero","Rodrigo Roncero",NA,"1977-02-16","Mayor Buratovich",NA,NA,NA,NA,178,110,"Prop",NA,"Argentina"
"Q930517","Simon Taylor","Simon Taylor","Simon Marcus Taylor","1979-08-17","Stirling","/wiki/Stirling",NA,NA,NA,193,112,"Number 8; 3rd Row; 2nd Row",NA,"Scotland"
"Q931973","Kini Murimurivalu","Kini Murimurivalu",NA,"1989-05-15","Suva","/wiki/Suva",NA,NA,NA,178,94,"3rd Row",NA,"Fiji"
"Q932094","Chris Cusiter","Chris Cusiter","Christopher Peter Cusiter","1982-06-13","Aberdeen","/wiki/Aberdeen",NA,NA,NA,178,85,"Scrum-Half",NA,"Scotland"
"Q934531","Martyn Williams","Martyn Williams","Martyn Elwyn Williams","1975-09-01","Rhondda Cynon Taf","/wiki/Rhondda_Cynon_Taff",NA,NA,NA,183,97,"3rd Row",NA,"Wales"
"Q934602","Colin Charvis","Colin Charvis","Colin Lloyd Charvis","1972-12-27","Sutton Coldfield","/wiki/Sutton_Coldfield",NA,NA,NA,190,112,"3rd Row; Number 8",NA,"England"
"Q934631","Gethin Jenkins","Gethin Jenkins",NA,"1980-11-17","Rhondda Cynon Taf","/wiki/Rhondda_Cynon_Taff",NA,NA,NA,188,115,"Prop",NA,"Wales"
"Q934781","Warren Gatland","Warren Gatland","Warren David Gatland","1963-09-17","Hamilton; New Zealand","/wiki/Hamilton_(Nueva_Zelanda)",NA,NA,NA,188,105,"Hooker",NA,"New Zealand"
"Q935470","Alex Wyllie","Alex Wyllie","Alexander John Wyllie","1944-08-30","Christchurch","/wiki/Christchurch","2025-03-22","Picton; New Zealand","/wiki/Picton,_Nueva_Zelanda",185,102,"3rd Row",NA,"New Zealand"
"Q935555","Olo Brown","Olo Brown","Olo Max Brown","1967-10-24","Apia","/wiki/Apia",NA,NA,NA,183,110,"Prop",NA,"Samoa"
"Q936012","James Horwill","James Horwill",NA,"1985-05-29","Brisbane","/wiki/Brisbane",NA,NA,NA,200,117,"2nd Row",NA,"Australia"
"Q936035","Lionel Nallet","Lionel Nallet",NA,"1976-09-14","Bourg-en-Bresse","/wiki/Bourg-en-Bresse",NA,NA,NA,195,114,"2nd Row",NA,"France"
"Q936651","Cédric Heymans","Cédric Heymans",NA,"1978-07-20","Brive-la-Gaillarde","/wiki/Brive-la-Gaillarde",NA,NA,NA,180,96,"Fullback",NA,"France"
"Q936712","Dan Parks","Dan Parks","Daniel Arthur Parks","1978-05-26","Hornsby; New South Wales","/wiki/Hornsby",NA,NA,NA,180,90,"Fly-Half",NA,"Australia"
"Q938312","Alejandro Allub","Alejandro Allub",NA,"1976-02-11","Córdoba; Argentina","/wiki/Ciudad_de_C%C3%B3rdoba_(Argentina)",NA,NA,NA,196,105,"2nd Row",NA,"Argentina"
"Q938743","David Codey","David Codey",NA,"1957-07-07","Sydney","/wiki/S%C3%ADdney",NA,NA,NA,NA,NA,"Number 8",NA,"Australia"
"Q938814","Geordan Murphy","Geordan Murphy","Geordan Edward Andrew Murphy","1978-04-19","Dublin","/wiki/Dubl%C3%ADn",NA,NA,NA,185,90,"Fullback",NA,"Ireland"
"Q941226","Ross Ford","Ross Ford","Ross William Ford","1984-04-23","Edinburgh","/wiki/Edimburgo",NA,NA,NA,185,113,"Hooker",NA,"Scotland"
"Q941295","Mauro Bergamasco","Mauro Bergamasco",NA,"1979-05-01","Padua","/wiki/Padua",NA,NA,NA,185,95,"Number 8; 3rd Row",NA,"Italy"
"Q942066","Ian Roberts","Ian Roberts",NA,"1965-07-31","London","/wiki/Londres",NA,NA,NA,NA,112,NA,NA,"United Kingdom"
"Q945481","Daniel Carroll","Daniel Carroll","Daniel Brendon Carroll","1888-11-17",NA,NA,"1956-08-05","New Orleans","/wiki/Nueva_Orleans",175,80,"Fullback",NA,"U.S.A."
"Q947144","Mike Gibson","Mike Gibson","Cameron Michael Henderson Gibson","1942-12-03","Belfast","/wiki/Belfast",NA,NA,NA,180,82,"Centre",NA,"Ireland"
"Q949204","Gareth Thomas","Gareth Thomas",NA,"1974-07-25","Sarn; Bridgend","/wiki/Sarn_(Bridgend)",NA,NA,NA,191,103,"Fullback",NA,"Wales"
"Q949374","Wendell Sailor","Wendell Sailor","Wendell Jermaine Sailor","1974-07-16","Brisbane","/wiki/Brisbane",NA,NA,NA,190,105,"Winger",NA,"Australia"
"Q950114","Gwyn Nicholls","Gwyn Nicholls","Erith Gwyn Nicholls","1874-07-15","Westbury-on-Severn","/w/index.php?title=Westbury-on-Severn&action=edit&redlink=1","1939-03-24","Dinas Powys","/wiki/Dinas_Powys",180,80,"Centre",NA,"England"
"Q950241","Juan Martín Fernández Lobbe","Juan Martín Fernández Lobbe",NA,"1981-11-19","Buenos Aires","/wiki/Buenos_Aires",NA,NA,NA,193,108,"3rd Row; Number 8",NA,"Argentina"
"Q953736","Troy Coker","Troy Coker",NA,"1965-05-30","Brisbane","/wiki/Brisbane",NA,NA,NA,197,110,"Number 8",NA,"Australia"
"Q959311","Errol Tobias","Errol Tobias","Errol George Tobias","1950-03-18","Western Cape","/wiki/Provincia_Occidental_del_Cabo",NA,NA,NA,175,80,"Centre; Fly-Half",NA,"South Africa"
"Q960459","Mark Cardinal","Mark Cardinal","Mark E. Cardinal","1961-05-05","Victoria; British Columbia","/wiki/Victoria_(Columbia_Brit%C3%A1nica)",NA,NA,NA,180,93,"Hooker",NA,"Canada"
"Q960657","Ronald Scobie","Ronald Scobie",NA,"1893-06-08","United Kingdom","/wiki/Reino_Unido","1969-01-01","Aldershot","/wiki/Aldershot",NA,NA,NA,NA,NA
"Q960699","Peter Dods","Peter Dods","Peter William Dods","1958-01-06","Galashiels","/wiki/Galashiels",NA,NA,NA,175,80,"Fullback",NA,"Scotland"
"Q963552","Cory Jane","Cory Jane","Cory Steven Jane","1983-02-08","Lower Hutt","/wiki/Lower_Hutt",NA,NA,NA,183,91,"Winger",NA,"New Zealand"
"Q963878","Shane Horgan","Shane Horgan","Shane Patrick Horgan","1978-07-18","Bellewstown","/w/index.php?title=Bellewstown&action=edit&redlink=1",NA,NA,NA,193,104,"Winger",NA,"Ireland"
"Q964302","John Hayes","John Hayes","John James Hayes","1973-11-02","Cappamore","/wiki/Cappamore",NA,NA,NA,193,128,"Prop",NA,"Ireland"
"Q964396","Peter Sutherland","Peter Sutherland",NA,"1946-04-25","Dublin","/wiki/Dubl%C3%ADn","2018-01-07","Dublin",NA,NA,NA,NA,NA,NA
"Q964516","Gordon D'Arcy","Gordon D'Arcy","Gordon William D'Arcy","1980-02-10","County Wexford","/wiki/Condado_de_Wexford",NA,NA,NA,180,91,"Centre",NA,"Ireland"
"Q971098","Ben Foden","Ben Foden","Benjamin James Foden","1985-07-22","Chester","/wiki/Chester",NA,NA,NA,183,95,"Winger",NA,"England"
"Q971887","Santiago Dellapè","Santiago Dellapè",NA,"1978-05-09","La Plata","/wiki/La_Plata",NA,NA,NA,200,117,"2nd Row",NA,NA
"Q971915","Joost van der Westhuizen","Joost van der Westhuizen",NA,"1971-02-20","Pretoria","/wiki/Pretoria","2017-02-06","Johannesburg","/wiki/Johannesburgo",185,88,"Scrum-Half",NA,"South Africa"
"Q979163","Carwyn James","Carwyn James","Carwyn Rees James","1929-11-02","Cefneithin","/w/index.php?title=Cefneithin&action=edit&redlink=1","1983-01-10","Amsterdam","/wiki/%C3%81msterdam",178,80,"Fly-Half",NA,"Wales"
"Q979204","Gerald Davies","Gerald Davies","Thomas Gerald Reames Davies","1945-02-07","Carmarthenshire","/wiki/Carmarthenshire",NA,NA,NA,174,79,"Winger",NA,"Wales"
"Q979301","John Dawes","John Dawes","Sydney John Dawes","1940-06-29","Abercarn","/wiki/Abercarn","2021-04-16","Cardiff","/wiki/Cardiff",178,82,"Centre",NA,"Wales"
"Q981549","Sitiveni Rabuka","Sitiveni Rabuka",NA,"1948-09-13","Cakaudrove Province","/wiki/Provincia_de_Cakaudrove",NA,NA,NA,NA,NA,"Prop",NA,NA
"Q982144","Juan Smith","Juan Smith","Juanne Hugo Smith","1981-07-10","Bloemfontein","/wiki/Bloemfontein",NA,NA,NA,196,112,"3rd Row; Number 8",NA,"South Africa"
"Q982231","Nick Mallett","Nick Mallett","Nicholas Vivian Haward Mallett","1963-08-20","Hertford Heath","/wiki/Hertford_Heath",NA,NA,NA,193,102,"Number 8",NA,"England"
"Q984446","Kieran Read","Kieran Read","Kieran James Read","1985-10-26","Papakura","/w/index.php?title=Papakura&action=edit&redlink=1",NA,NA,NA,193,110,"Number 8; 3rd Row",NA,"New Zealand"
"Q984616","Owen Franks","Owen Franks","Owen Thomas Franks","1987-12-23","Motueka","/wiki/Motueka",NA,NA,NA,185,120,"Prop",NA,"New Zealand"
"Q1039026","Martin Castrogiovanni","Martín Castrogiovanni","Martín Leandro Castrogiovanni","1981-10-21","Paraná; Entre Ríos","/wiki/Paran%C3%A1_(Argentina)",NA,NA,NA,188,117,"Prop",NA,"Argentina"
"Q1043259","Carlos Spencer","Carlos Spencer","Carlos James Spencer","1975-10-14","Levin; New Zealand","/wiki/Levin",NA,NA,NA,184,98,"Fly-Half",NA,"New Zealand"
"Q1052808","Marco Bortolami","Marco Bortolami",NA,"1980-06-12","Padua","/wiki/Padua",NA,NA,NA,196,110,"2nd Row",NA,NA
"Q1053176","Naas Botha","Naas Botha","Hendrik Egnatius Botha","1958-02-27","Breyten","/wiki/Breyten",NA,NA,NA,179,NA,"Fly-Half",NA,"South Africa"
"Q1055519","Stefano Bettarello","Stefano Bettarello","Stefano Betarello","1958-04-02","Rovigo","/wiki/Rovigo",NA,NA,NA,173,67,"Fly-Half",NA,NA
"Q1061706","Andrea Scanavacca","Andrea Scanavacca",NA,"1973-07-13","Rovigo","/wiki/Rovigo",NA,NA,NA,175,75,"Fly-Half",NA,NA
"Q1061948","Rémy Martin","Rémy Martin",NA,"1979-08-10","Aubenas","/wiki/Aubenas",NA,NA,NA,195,107,"2nd Row",NA,"France"
"Q1064574","Charles Gondouin","Charles Gondouin",NA,"1875-07-21","10th arrondissement of Paris","/wiki/X_distrito_de_Par%C3%ADs","1947-12-24","15th arrondissement of Paris","/wiki/XV_distrito_de_Par%C3%ADs",NA,NA,"Fly-Half",NA,NA
"Q1072699","Maurice Tillet","Maurice Tillet",NA,"1903-10-23",NA,NA,"1954-09-04",NA,NA,NA,139,NA,NA,NA
"Q1077368","Chris Jack","Chris Jack","Christopher Raymond Jack","1978-09-05","Christchurch","/wiki/Christchurch",NA,NA,NA,202,112,"2nd Row",NA,"New Zealand"
"Q1077440","Chris Laidlaw","Chris Laidlaw","Christopher Robert Laidlaw","1943-11-16","Dunedin","/wiki/Dunedin",NA,NA,NA,175,78,"Scrum-Half",NA,"New Zealand"
"Q1077593","Andrea Marcato","Andrea Marcato",NA,"1983-04-17","Padua","/wiki/Padua",NA,NA,NA,183,80,"Fullback; Fly-Half",NA,"Italy"
"Q1077641","Chris Paterson","Chris Paterson","Christopher Douglas Paterson","1978-03-30","Edinburgh","/wiki/Edimburgo",NA,NA,NA,183,80,"Fullback",NA,"Scotland"
"Q1079231","Christian Cullen","Christian Cullen","Christian Mathias Cullen","1976-02-12","North Island","/wiki/Isla_Norte",NA,NA,NA,180,85,"Fullback; Winger; Centre",NA,"New Zealand"
"Q1081019","Daisuke Ohata","Daisuke Ohata",NA,"1975-11-11","Osaka","/wiki/Osaka",NA,NA,NA,175,85,"Winger",NA,"Japon"
"Q1090659","Renzo Nostini","Renzo Nostini",NA,"1914-05-27","Rome","/wiki/Roma","2005-10-01","Rome","/wiki/Roma",NA,NA,NA,NA,NA
"Q1115849","Jonathan Davies","Jonathan Davies",NA,"1962-10-24","Carmarthenshire","/wiki/Carmarthenshire",NA,NA,NA,175,80,"Fly-Half",NA,"Wales"
"Q1116693","Ramiro Pez","Ramiro Pez","Ramiro Eduardo Pez","1978-12-06","Córdoba; Argentina","/wiki/Ciudad_de_C%C3%B3rdoba_(Argentina)",NA,NA,NA,177,86,"Fly-Half",NA,"Argentina"
"Q1125154","Mils Muliaina","Mils Muliaina","Junior Malili Muliaina","1980-07-31","Atua (district)","/wiki/Atua_(distrito)",NA,NA,NA,184,92,"Fullback",NA,"Samoa"
"Q1133612","Tim Visser","Tim Visser","Tim Jan Willem Visser","1987-05-29","De Bilt","/wiki/De_Bilt",NA,NA,NA,194,109,"3rd Row",NA,"Netherlands"
"Q1145820","David Marty","David Marty",NA,"1982-10-30","Perpignan","/wiki/Perpi%C3%B1%C3%A1n",NA,NA,NA,180,90,"Centre",NA,"France"
"Q1146098","Andrea Masi","Andrea Masi",NA,"1981-03-30","L'Aquila","/wiki/L%27Aquila",NA,NA,NA,186,92,NA,NA,NA
"Q1146488","Malcolm O'Kelly","Malcolm O'Kelly","Malcolm Eamonn O'Kelly","1974-07-19","Chelmsford","/wiki/Chelmsford",NA,NA,NA,202,119,"2nd Row",NA,"United Kingdom"
"Q1146510","Scott Murray","Scott Murray",NA,"1976-01-15","East Lothian","/wiki/East_Lothian",NA,NA,NA,198,105,"2nd Row",NA,"Scotland"
"Q1150866","Drew Mitchell","Drew Mitchell","Drew Alan Mitchell","1984-03-26","Liverpool; New South Wales","/wiki/Liverpool_(Australia)",NA,NA,NA,182,92,"Winger",NA,"Australia"
"Q1151497","Frano Botica","Frano Botica","Frano Michael Botica","1963-08-03","Mangakino","/w/index.php?title=Mangakino&action=edit&redlink=1",NA,NA,NA,175,80,"Fly-Half",NA,"New Zealand"
"Q1151501","Haloti Ngata","Haloti Ngata","Etuini Haloti Ngata","1984-01-21","Inglewood; California","/wiki/Inglewood_(California)",NA,NA,NA,193,154,NA,NA,"Tonga"
"Q1152349","Paolo Vaccari","Paolo Vaccari",NA,"1971-01-15","Calvisano","/wiki/Calvisano",NA,NA,NA,185,93,"Centre; Winger; Fullback",NA,"Italy"
"Q1154165","Santiago Mesós","Santiago Mesón",NA,"1968-01-25","San Miguel de Tucumán","/wiki/San_Miguel_de_Tucum%C3%A1n",NA,NA,NA,NA,NA,NA,NA,"Argentina"
"Q1158997","Dan Biggar","Dan Biggar","Daniel Rhys Biggar","1989-10-16","Morriston","/w/index.php?title=Morriston&action=edit&redlink=1",NA,NA,NA,183,89,"Fly-Half",NA,"United Kingdom"
"Q1168182","Neil Back","Neil Back","Neil Anthony Back","1969-01-16","Coventry","/wiki/Coventry",NA,NA,NA,178,93,"3rd Row",NA,"England"
"Q1171148","David Skrela","David Skrela",NA,"1979-03-02","Toulouse","/wiki/Toulouse",NA,NA,NA,190,98,"Fly-Half; Centre",NA,"France"
"Q1173751","Julien Arias","Julien Arias",NA,"1983-10-26","Marseille","/wiki/Marsella",NA,NA,NA,178,83,"Winger",NA,"France"
"Q1173922","David Campese","David Campese","David Ian Campese","1962-10-21","Queanbeyan","/wiki/Queanbeyan",NA,NA,NA,180,89,"Winger",NA,"Australia"
"Q1174510","Gonzalo Quesada","Gonzalo Quesada",NA,"1974-05-02","Buenos Aires","/wiki/Buenos_Aires",NA,NA,NA,183,88,"Fly-Half",NA,"Argentina"
"Q1174996","David Kirk","David Kirk","David Edward Kirk","1960-10-05","Wellington","/wiki/Wellington",NA,NA,NA,173,73,"Scrum-Half",NA,"New Zealand"
"Q1220419","Diego Domínguez","Diego Domínguez","Diego Daniel Domínguez","1966-04-25","Córdoba; Argentina","/wiki/C%C3%B3rdoba_(Argentina)",NA,NA,NA,174,78,"Fly-Half",NA,"Argentina"
"Q1248312","Ma'a Nonu","Ma'a Nonu","Ma'a Allan Nonu","1982-05-21","Wellington","/wiki/Wellington",NA,NA,NA,182,106,"Centre",NA,"New Zealand"
"Q1251763","Doug Howlett","Doug Howlett","Doug Charles Howlett","1978-09-21","Auckland","/wiki/Auckland",NA,NA,NA,185,93,"Fullback; Winger",NA,"New Zealand"
"Q1255252","James Cecil Parke","James Cecil Parke",NA,"1881-07-26","Clones; County Monaghan","/wiki/Clones_(Irlanda)","1946-02-27","Llandudno","/wiki/Llandudno",NA,NA,"Centre",NA,NA
"Q1285065","Alain Estève","Alain Estève",NA,"1946-09-15","Castelnaudary","/wiki/Castelnaudary","2023-11-07","Béziers","/wiki/B%C3%A9ziers",202,120,"3rd Row",NA,"France"
"Q1290991","Eduardo Guerrero","Eduardo Guerrero",NA,"1928-03-04",NA,NA,"2015-08-17",NA,NA,NA,NA,NA,NA,"Argentina"
"Q1308117","Pierre Spies","Pierre Spies","Pierre Johan Spies","1985-06-08","Pretoria","/wiki/Pretoria",NA,NA,NA,194,111,"Number 8",NA,"South Africa"
"Q1322456","Serge Blanco","Serge Blanco",NA,"1958-08-31","Caracas","/wiki/Caracas",NA,NA,NA,183,88,"Fullback",NA,"Venezuela"
"Q1333347","Robbie Deans","Robbie Deans","Robert Maxwell Deans","1959-09-04","Cheviot","/w/index.php?title=Cheviot&action=edit&redlink=1",NA,NA,NA,180,85,"Fullback",NA,"New Zealand"
"Q1340053","Pierre Failliot","Pierre Failliot",NA,"1887-02-25","4th arrondissement of Paris","/wiki/IV_distrito_de_Par%C3%ADs","1935-12-31","Paris","/wiki/Par%C3%ADs",NA,NA,NA,NA,"France"
"Q1343583","Kenta Kobashi","Kenta Kobashi",NA,"1967-03-27",NA,NA,NA,NA,NA,NA,115,NA,NA,NA
"Q1349233","Thierry Dusautoir","Thierry Dusautoir",NA,"1981-11-18","Abidjan","/wiki/Abiy%C3%A1n",NA,NA,NA,188,101,"3rd Row",NA,"Ivory Coast"
"Q1354535","Reginald Baker","Reginald Baker","Reginald Leslie Baker","1884-02-08","Surry Hills","/wiki/Surry_Hills","1953-12-02",NA,NA,178,NA,NA,NA,"Australia"
"Q1375848","Piri Weepu","Piri Weepu","Piri Awahou Tihou Weepu","1983-09-07","Lower Hutt","/wiki/Lower_Hutt",NA,NA,NA,175,88,"Scrum-Half",NA,"New Zealand"
"Q1380216","Graham Henry","Graham Henry","Graham William Henry","1946-06-08","Christchurch","/wiki/Christchurch",NA,NA,NA,NA,NA,NA,NA,"New Zealand"
"Q1380938","Stephen Jones","Stephen Jones","Stephen Michael Jones","1977-12-08","Aberystwyth","/wiki/Aberystwyth",NA,NA,NA,185,94,"Fly-Half",NA,"Wales"
"Q1381032","Phil Bennett","Phil Bennett","Jonathan James Vaughan Davies","1948-10-24","Carmarthenshire","/wiki/Carmarthenshire","2022-06-22","Felinfoel",NA,170,75,"Fly-Half",NA,"England"
"Q1381089","Gareth Edwards","Gareth Edwards","Gareth Owen Edwards","1947-07-12","Neath Port Talbot","/wiki/Neath-Port_Talbot",NA,NA,NA,173,80,"Scrum-Half",NA,"Wales"
"Q1381233","Neil Jenkins","Neil Jenkins","Neil Roger Jenkins","1971-07-08","Church Village","/wiki/Church_Village",NA,NA,NA,178,86,"Fly-Half",NA,"Wales"
"Q1381758","Nicky Little","Nicky Little","Nick Tyrone Little","1976-09-13","Tokoroa","/w/index.php?title=Tokoroa&action=edit&redlink=1",NA,NA,NA,183,95,"Fly-Half",NA,"New Zealand"
"Q1381928","Lawrence Dallaglio","Lawrence Dallaglio","Lorenzo Bruno Nero Dallaglio","1972-08-10","London Borough of Hammersmith and Fulham","/wiki/Hammersmith_y_Fulham",NA,NA,NA,193,112,"3rd Row; Number 8",NA,"England"
"Q1386045","Juan Martín Hernández","Juan M. Hernández","Juan Martín Hernández","1982-08-07","San Nicolás de los Arroyos","/wiki/San_Nicol%C3%A1s_de_los_Arroyos",NA,NA,NA,187,90,"Fly-Half; Centre; Fullback",NA,"Argentina"
"Q1386232","Owen Chadwick","Owen Chadwick",NA,"1916-05-20","Bromley",NA,"2015-07-17","Cambridge","/wiki/Cambridge",NA,NA,"Hooker",NA,NA
"Q1386825","Ryan Jones","Ryan Jones","Ryan Paul Jones","1981-03-13","Newport; Wales","/wiki/Newport",NA,NA,NA,196,114,"Number 8; 3rd Row; 2nd Row",NA,"Wales"
"Q1386944","Mike Tindall","Mike Tindall","Michael James Tindall","1978-10-18","Otley","/wiki/Otley",NA,NA,NA,185,100,"Centre",NA,"England"
"Q1388702","Keith Wood","Keith Wood","Keith Gerard Mallinson Wood","1972-01-27","Killaloe; County Clare","/wiki/Killaloe",NA,NA,NA,183,106,"Hooker",NA,"Ireland"
"Q1390425","Fabien Pelous","Fabien Pelous",NA,"1973-12-07","Toulouse","/wiki/Toulouse",NA,NA,NA,198,108,"2nd Row",NA,"France"
"Q1390892","Morné Steyn","Morné Steyn",NA,"1984-07-11","Cape Town","/wiki/Ciudad_del_Cabo",NA,NA,NA,184,91,"Fly-Half",NA,"South Africa"
"Q1390916","Jaque Fourie","Jaque Fourie",NA,"1983-03-04","Carletonville","/wiki/Carletonville",NA,NA,NA,189,92,"Centre; Winger",NA,"South Africa"
"Q1391022","JP Pietersen","JP Pietersen","Jon-Paul Roger Pietersen","1986-07-12","Stellenbosch","/wiki/Stellenbosch",NA,NA,NA,190,96,"Winger",NA,"South Africa"
"Q1392497","Peter de Villiers",NA,NA,NA,NA,NA,NA,NA,NA,NA,NA,NA,NA,NA
"Q1396178","Winston Peters","Winston Peters",NA,"1945-04-11","Whangārei","/wiki/Whangarei",NA,NA,NA,NA,NA,NA,NA,NA
"Q1396331","Frédéric Michalak","Frédéric Michalak",NA,"1982-10-16","Toulouse","/wiki/Toulouse",NA,NA,NA,181,85,"Fly-Half",NA,"France"
"Q1396771","John Smit","John Smit","John William Smit","1978-04-03","Polokwane","/wiki/Polokwane",NA,NA,NA,188,116,"Hooker",NA,"South Africa"
"Q1398346","Leigh Halfpenny","Leigh Halfpenny","Stephen Leigh Halfpenny","1988-12-22","Swansea","/wiki/Swansea",NA,NA,NA,178,85,"Fullback; Winger",NA,"Wales"
"Q1400144","Jonathan Sexton","Jonathan Sexton","Jonathan Jeremiah Sexton","1985-07-11","Dublin","/wiki/Dubl%C3%ADn",NA,NA,NA,188,90,"Fly-Half",NA,"Ireland"
"Q1402244","Gonzalo Tiesi","Gonzalo Tiesi",NA,"1985-04-24","Buenos Aires","/wiki/Buenos_Aires",NA,NA,NA,184,90,"Centre",NA,"Argentina"
"Q1402511","Clément Poitrenaud","Clément Poitrenaud",NA,"1982-05-20","Castres","/wiki/Castres_(Tarn)",NA,NA,NA,188,86,"Fullback",NA,"France"
"Q1403116","Arthur Gould","Arthur Gould","Arthur Joseph Gould","1864-10-10","Newport; Wales","/wiki/Newport","1919-01-02","Newport; Wales","/wiki/Newport",179,85,"Centre; Fullback",NA,"Wales"
"Q1403131","Graham Price","Graham Price",NA,"1951-11-24","Ismailia Governorate","/wiki/Ismailia_(gobernaci%C3%B3n)",NA,NA,NA,NA,NA,"Prop",NA,"Egypt"
"Q1403137","Dewi Bebb",NA,NA,NA,NA,NA,NA,NA,NA,NA,NA,NA,NA,NA
"Q1403461","Ugo Monye","Ugo Monye","Ugochukwu Chiedozie Monye","1983-04-13","London Borough of Islington","/wiki/Islington",NA,NA,NA,188,92,"Winger",NA,"England"
"Q1403617","Juan Manuel Leguizamón","Juan Leguizamón","Juan Manuel Leguizamón","1983-06-06","Santiago del Estero","/wiki/Santiago_del_Estero_(ciudad)",NA,NA,NA,190,110,"3rd Row",NA,"Argentina"
"Q1403952","Rob Andrew","Rob Andrew","Christopher Robert Andrew","1963-02-18","North Yorkshire","/wiki/Yorkshire_del_Norte",NA,NA,NA,175,80,"Fly-Half",NA,"England"
"Q1404165","Jeff Probyn","Jeff Probyn","Jeffrey Alan Probyn","1956-04-27","Bethnal Green","/wiki/Bethnal_Green",NA,NA,NA,178,102,"Prop",NA,"United Kingdom"
"Q1404569","Gareth Jenkins",NA,NA,NA,NA,NA,NA,NA,NA,NA,NA,NA,NA,NA
"Q1406223","Fergus Slattery","Fergus Slattery","John Fergus Slattery","1949-02-12","Dún Laoghaire","/wiki/D%C3%BAn_Laoghaire",NA,NA,NA,185,97,"3rd Row",NA,"Ireland"
"Q1409027","Adam Ashley-Cooper","Adam Ashley-Cooper",NA,"1984-03-27","Sydney","/wiki/S%C3%ADdney",NA,NA,NA,185,98,"Centre; Winger; Fullback",NA,"Australia"
"Q1410667","Stephen Moore","Stephen Moore","Stephen Thomas Moore","1983-01-20","Khamis Mushait","/w/index.php?title=Khamis_Mushait&action=edit&redlink=1",NA,NA,NA,186,112,"Hooker",NA,"Saudi Arabia"
"Q1410678","Wycliff Palu","Wycliff Palu","Wycliff L. Palu","1982-07-27","Sydney","/wiki/S%C3%ADdney",NA,NA,NA,194,120,"Number 8; Flanker",NA,"Australia"
"Q1417556","Finlay Calder","Finlay Calder",NA,"1957-08-20","Haddington; East Lothian","/wiki/Haddington",NA,NA,NA,186,90,"3rd Row",NA,"Scotland"
"Q1421403","Nathan Sharpe","Nathan Sharpe","Nathan Charles Sharpe","1978-02-26","Wagga Wagga","/wiki/Wagga_Wagga",NA,NA,NA,200,115,"2nd Row",NA,"Australia"
"Q1421525","Marcello Cuttitta","Marcello Cuttitta",NA,"1966-09-02","Latina; Lazio","/wiki/Latina_(Italia)",NA,NA,NA,175,87,"Winger",NA,"Italy"
"Q1432627","Ignacio Corleto","Ignacio Corleto","Ignacio Miguel Corleto","1978-06-21","Buenos Aires","/wiki/Buenos_Aires",NA,NA,NA,185,90,"Fullback",NA,"Argentina"
"Q1445873","Peter Stringer","Peter Stringer","Peter Alexander Stringer","1977-12-13","Cork (city)","/wiki/Cork",NA,NA,NA,170,73,"Scrum-Half",NA,"Ireland"
"Q1452199","Fred Allen","Fred Allen","Frederick Richard Allen","1920-02-09","Oamaru","/wiki/Oamaru","2012-04-28","Whangaparaoa","/w/index.php?title=Pen%C3%ADnsula_de_Whangaparaoa&action=edit&redlink=1",178,80,"Centre",NA,"New Zealand"
"Q1455146","Massimo Giovanelli","Massimo Giovanelli",NA,"1967-03-01","Noceto","/wiki/Noceto",NA,NA,NA,185,104,"Flanker",NA,NA
"Q1469095","Luke McLean","Luke McLean",NA,"1987-06-29","Townsville","/wiki/Townsville",NA,NA,NA,190,95,"3rd Row; Fly-Half",NA,"Australia"
"Q1496438","Gavin Henson","Gavin Henson","Gavin Lloyd Henson","1982-02-01","Pencoed","/wiki/Pencoed",NA,NA,NA,183,85,"Centre",NA,"Wales"
"Q1507452","George Gregan","George Gregan","George Musarurwa Gregan","1973-04-19","Lusaka","/wiki/Lusaka",NA,NA,NA,173,79,"Scrum-Half",NA,"Zambia"
"Q1507984","George Nēpia","George Nepia",NA,"1905-04-25","Hawke's Bay","/wiki/Hawke%27s_Bay","1986-08-27","Ruatoria",NA,175,82,"Fullback",NA,"New Zealand"
"Q1558855","Paul James","Paul James",NA,"1982-05-13","Neath","/wiki/Neath",NA,NA,NA,185,115,"Prop",NA,"United Kingdom"
"Q1606696","Lucas Borges","Lucas Borges",NA,"1980-02-17","Buenos Aires","/wiki/Buenos_Aires",NA,NA,NA,177,80,"Winger",NA,"Argentina"
"Q1611133","Pierre Mignoni","Pierre Mignoni",NA,"1977-02-28","Toulon","/wiki/Tol%C3%B3n",NA,NA,NA,169,75,"Scrum-Half",NA,"France"
"Q1619707","Matthieu Lièvremont","Matthieu Lièvremont",NA,"1975-11-06","Perpignan","/wiki/Perpi%C3%B1%C3%A1n",NA,NA,NA,185,99,"Flanker",NA,NA
"Q1626795","Thierry Lacroix","Thierry Lacroix",NA,"1967-03-02","Nogaro","/wiki/Nogaro",NA,NA,NA,180,84,"Fly-Half",NA,"France"
"Q1627760","Jean-Baptiste Lafond","Jean-Baptiste Lafond",NA,"1961-12-29","Bègles","/wiki/B%C3%A8gles",NA,NA,NA,180,82,"Winger",NA,"France"
"Q1637651","André Boniface","André Boniface",NA,"1934-08-14","Montfort-en-Chalosse","/wiki/Montfort-en-Chalosse","2024-04-08","Bayonne","/wiki/Bayona_(Francia)",179,82,"Centre",NA,"France"
"Q1638027","Alexis Palisson","Alexis Palisson",NA,"1987-09-09","Montauban","/wiki/Montauban",NA,NA,NA,176,83,"Fullback",NA,"France"
"Q1638162","Maxime Mermoz","Maxime Mermoz",NA,"1986-07-28","Épinal","/wiki/%C3%89pinal",NA,NA,NA,180,90,"Centre",NA,"France"
"Q1638760","Pascal Papé","Pascal Papé",NA,"1980-10-05","Lyon","/wiki/Lyon",NA,NA,NA,195,122,"2nd Row",NA,"France"
"Q1638997","Damien Chouly","Damien Chouly",NA,"1985-11-27","Limousin","/wiki/Limos%C3%ADn_(Francia)",NA,NA,NA,192,111,"Flanker",NA,"France"
"Q1639698","Dan Vickerman","Daniel Vickerman","Daniel Joseph Vickerman","1979-06-04","Cape Town","/wiki/Ciudad_del_Cabo","2017-02-18","Sydney","/wiki/S%C3%ADdney",204,119,"2nd Row",NA,"South Africa"
"Q1645731","Alain Rolland","Alain Rolland",NA,"1966-08-22","Dublin","/wiki/Dubl%C3%ADn",NA,NA,NA,NA,NA,NA,NA,"Ireland"
"Q1645792","Santiago Phelan","Santiago Phelan",NA,"1974-03-31","Buenos Aires","/wiki/Buenos_Aires",NA,NA,NA,187,92,"3rd Row",NA,"Argentina"
"Q1648228","Carlos Ignacio Fernández Lobbe","Carlos Fernández Lobbe","Carlos Ignacio Fernández Lobbe","1974-11-20","Buenos Aires","/wiki/Buenos_Aires",NA,NA,NA,194,110,"2nd Row",NA,"Argentina"
"Q1649008","Federico Méndez","Federico Méndez",NA,"1972-08-02","Mendoza; Argentina","/wiki/Mendoza_(Argentina)",NA,NA,NA,183,107,"Hooker",NA,"Argentina"
"Q1649199","Rolando Martín","Rolando Martin","Rolando Abel Martin","1968-09-23","Maryland","/wiki/Maryland",NA,NA,NA,188,103,"3rd Row",NA,"U.S.A."
"Q1649587","Jake White","Jake White","Jacob Westerduin​","1963-12-13","Johannesburg","/wiki/Johannesburgo",NA,NA,NA,NA,NA,NA,NA,"South Africa"
"Q1650753","Diego Albanese","Diego Albanese","Diego Luis Albanese","1973-09-17","Mar del Plata","/wiki/Mar_del_Plata",NA,NA,NA,172,80,"Winger",NA,"Argentina"
"Q1680577","James Hook","James Hook","James William Hook","1985-06-27","Port Talbot","/wiki/Port_Talbot",NA,NA,NA,183,93,"Fly-Half; Winger; Centre; Fullback",NA,"Wales"
"Q1683939","Jason Leonard","Jason Leonard",NA,"1968-08-14","London Borough of Barking and Dagenham","/wiki/Barking_y_Dagenham",NA,NA,NA,178,110,"Prop",NA,"England"
"Q1721469","Kaino Thomsen","Kaino Thomsen-Fuataga",NA,"1991-05-12","Faga'alu",NA,NA,NA,NA,NA,NA,NA,NA,NA
"Q1747980","Lisandro Arbizu","Lisandro Arbizu",NA,"1971-09-29","Buenos Aires","/wiki/Buenos_Aires",NA,NA,NA,174,83,"Centre",NA,"Argentina"
"Q1768469","Rob Waddell","Robert Waddell","Robert Norman Waddell","1975-01-07","Te Kuiti","/w/index.php?title=Te_Kuiti&action=edit&redlink=1",NA,NA,NA,NA,NA,NA,NA,NA
"Q1773628","Eddie Jones","Eddie Jones","Eddie M. Jones","1960-01-30","Burnie","/wiki/Burnie",NA,NA,NA,172,80,"Hooker",NA,"Australia"
"Q1855981","Kevin Barry","Kevin Barry",NA,"1902-01-20","Fleet Street","/w/index.php?title=Fleet_Street,_Dublin&action=edit&redlink=1","1920-11-01","Mountjoy Prison","/wiki/Prisi%C3%B3n_de_Mountjoy",NA,NA,NA,NA,NA
"Q1896655","Rory Best","Rory Best",NA,"1982-08-15","Craigavon","/wiki/Craigavon",NA,NA,NA,180,110,"Hooker",NA,"Ireland"
"Q1909280","Matt Todd","Matt Todd","Matthew Brendon Todd","1988-03-24","Christchurch","/wiki/Christchurch",NA,NA,NA,186,105,"3rd Row",NA,"New Zealand"
"Q1984070","Mat Rogers","Mat Rogers","Mathew Steve Rogers","1976-02-01","Sydney","/wiki/S%C3%ADdney",NA,NA,NA,182,87,"Fullback",NA,"Australia"
"Q1997696","Bismarck du Plessis","Bismarck du Plessis","Bismarck Wilhelm du Plessis","1984-05-22","Bethlehem",NA,NA,NA,NA,189,114,"Hooker",NA,"South Africa"
"Q1999454","Tana Umaga","Tana Umaga","Jonathan Ionatana Falefasa Umaga","1973-05-27","Lower Hutt","/wiki/Lower_Hutt",NA,NA,NA,188,100,"Centre",NA,"New Zealand"
"Q2000145","Bobby Skinstad","Bobby Skinstad","Robert Brian Skinstad","1976-07-03","Bulawayo","/wiki/Bulawayo",NA,NA,NA,193,105,"Number 8",NA,"Zimbabwe"
"Q2000155","Johann Muller","Johann Muller","Gysbert Johannes Muller","1980-06-01","Mossel Bay","/wiki/Mosselbaai",NA,NA,NA,200,112,"2nd Row",NA,"South Africa"
"Q2014449","Rudolf Straeuli","Rudolf Straeuli","Rudolf August Wilkens Straeuli","1963-08-20","Pretoria","/wiki/Pretoria",NA,NA,NA,195,110,"Number 8",NA,"South Africa"
"Q2015500","Adrian Garvey","Adrian Garvey","Adrian Christopher Garvey","1968-06-25","Bulawayo","/wiki/Bulawayo",NA,NA,NA,191,116,"Prop",NA,"Zimbabwe"
"Q2016678","Tommaso Benvenuti","Tommaso Benvenuti",NA,"1990-12-12","Vittorio Veneto","/wiki/Vittorio_Veneto",NA,NA,NA,185,93,"Winger",NA,"Italy"
"Q2016688","Chiliboy Ralepelle","Chiliboy Ralepelle","Mahlatse Ralepelle","1986-09-11","Limpopo River","/wiki/Limpopo",NA,NA,NA,180,104,"Hooker",NA,"South Africa"
"Q2019466","Takudzwa Ngwenya","Takudzwa Ngwenya",NA,"1985-07-22","Harare","/wiki/Harare",NA,NA,NA,178,85,"Winger",NA,"Zimbabwe"
"Q2021513","Rassie Erasmus","Rassie Erasmus","Johan C. Erasmus","1972-11-05","Gqeberha","/wiki/Puerto_Elizabeth",NA,NA,NA,191,100,"3rd Row",NA,"South Africa"
"Q2036406","Martin Johnson","Martin Johnson","Martin Osborne Johnson","1970-03-09","West Midlands (county)","/wiki/Midlands_Occidentales",NA,NA,NA,200,119,"2nd Row",NA,"England"
"Q2038034","Paul O'Connell","Paul O'Connell","Paul Jeremiah O'Connell","1979-10-20","Limerick","/wiki/Limerick",NA,NA,NA,198,112,"2nd Row",NA,"Ireland"
"Q2053152","Jerome Kaino","Jerome Kaino",NA,"1983-04-06","Faga'alu","/w/index.php?title=Faga%27alu&action=edit&redlink=1",NA,NA,NA,196,109,"3rd Row; Number 8",NA,"American Samoa"
"Q2053942","Adriaan Richter","Adriaan Richter","Adriaanus Hendrikus Richter","1966-05-10","Roodepoort","/wiki/Roodepoort",NA,NA,NA,195,100,"Number 8",NA,"South Africa"
"Q2053950","Heinrich Brüssow","Heinrich Brüssow","Heinrich Wilhelm Brüssow","1986-07-21","Bloemfontein","/wiki/Bloemfontein",NA,NA,NA,180,103,"3rd Row",NA,"South Africa"
"Q2053955","Gary Teichmann","Gary Teichmann","Gary Hamilton Teichmann","1967-01-09","Gweru","/wiki/Gweru",NA,NA,NA,195,100,"Number 8",NA,"Zimbabwe"
"Q2053962","Francois Louw","Francois Louw","Louis-Francois Pickard Louw","1985-06-15","Cape Town","/wiki/Ciudad_del_Cabo",NA,NA,NA,190,114,"3rd Row",NA,"South Africa"
"Q2054018","Raphaël Lakafia","Rafaël Lakafia",NA,"1988-10-08","Tours","/wiki/Tours",NA,NA,NA,191,115,"Number 8",NA,NA
"Q2054824","Guy Novès","Guy Novès",NA,"1954-02-05","Toulouse","/wiki/Toulouse",NA,NA,NA,180,78,"3rd Row",NA,NA
"Q2054904","Jean-Marc Doussain","Jean-Marc Doussain",NA,"1991-02-12","Toulouse","/wiki/Toulouse",NA,NA,NA,174,85,"Fly-Half",NA,"France"
"Q2056300","Francois Hougaard","Francois Hougaard",NA,"1988-04-06","Paarl","/wiki/Paarl",NA,NA,NA,181,94,"Scrum-Half",NA,"South Africa"
"Q2061836","Freddie Tuilagi","Freddie Tuilagi",NA,"1971-06-09","Apia","/wiki/Apia",NA,NA,NA,180,101,"Centre",NA,"Samoa"
"Q2064248","Sekope Kepu","Sekope Kepu","Sekope Miami Kepu​","1986-02-05","Sydney","/wiki/S%C3%ADdney",NA,NA,NA,188,125,"Prop",NA,"Australia"
"Q2066416","Tatafu Polota-Nau","Tatafu Polota-Nau","Sione 'Utukiveisini Tatafu Polota-Nau","1985-07-26","Sydney","/wiki/S%C3%ADdney",NA,NA,NA,185,115,"Hooker",NA,"Australia"
"Q2067610","Victor Matfield","Victor Matfield",NA,"1977-05-11","Polokwane","/wiki/Polokwane",NA,NA,NA,200,117,"2nd Row",NA,"South Africa"
"Q2069565","Rob Simmons","Rob Simmons","Robert A.  Simmons","1989-04-19","Theodore (Queensland)","/w/index.php?title=Theodore_(Queensland)&action=edit&redlink=1",NA,NA,NA,200,115,"2nd Row",NA,"Australia"
"Q2074817","Kurtley Beale","Kurtley Beale","Kurtley James Beale","1989-01-06","Blacktown","/wiki/Blacktown",NA,NA,NA,183,90,"Centre",NA,"Australia"
"Q2074930","Luke Burgess","Luke Burgess",NA,"1983-08-20","Newcastle; New South Wales","/wiki/Newcastle_(Australia)",NA,NA,NA,179,89,"Scrum-Half",NA,"Australia"
"Q2080001","Rob Horne","Rob Horne","Robert George Horne","1989-08-15","Sydney","/wiki/S%C3%ADdney",NA,NA,NA,186,92,"Winger",NA,"Australia"
"Q2080039","Anthony Fainga'a","Anthony Fainga'a","Anthony S. Fainga'a","1987-02-02","Queanbeyan","/wiki/Queanbeyan",NA,NA,NA,182,92,"Centre",NA,"Australia"
"Q2080642","Mamuka Gorgodze","Mamuka Gorgodze",NA,"1984-07-14","Tbilisi","/wiki/Tiflis",NA,NA,NA,196,119,"3rd Row; 2nd Row; Number 8",NA,"Georgia"
"Q2082391","Pat McCabe","Pat McCabe","Patrick Joseph McCabe","1988-03-21","Manly; New South Wales","/wiki/Manly",NA,NA,NA,186,92,"Centre",NA,"Australia"
"Q2084110","Nicholas Phipps","Nick Phipps","Nicholas James Phipps","1989-01-09","Baulkham Hills","/w/index.php?title=Baulkham_Hills&action=edit&redlink=1",NA,NA,NA,180,87,"Scrum-Half",NA,"Australia"
"Q2117766","Álvaro Galindo","Álvaro Galindo",NA,"1982-02-26","San Miguel de Tucumán","/wiki/San_Miguel_de_Tucum%C3%A1n",NA,NA,NA,193,102,"3rd Row",NA,"Argentina"
"Q2149806","Richard Hibbard","Richard Hibbard","Richard Martin Hibbard","1983-12-13","Neath","/wiki/Neath",NA,NA,NA,183,114,"Hooker",NA,"Wales"
"Q2164605","Jean Collas","Jean Collas",NA,"1874-07-03","4th arrondissement of Paris","/wiki/IV_distrito_de_Par%C3%ADs","1928-12-30","Asnières-sur-Seine","/wiki/Asni%C3%A8res-sur-Seine",NA,NA,NA,NA,"France"
"Q2182964","Maxime Médard","Maxime Médard",NA,"1986-11-16","Toulouse","/wiki/Toulouse",NA,NA,NA,180,89,"Fullback",NA,"France"
"Q2203638","James O'Connor","James O'Connor",NA,"1990-07-05","Gold Coast; Queensland","/wiki/Gold_Coast_(Australia)",NA,NA,NA,180,88,"Fly-Half; Fullback; Centre; Winger",NA,"Australia"
"Q2244780","James Slipper","James Slipper","James A. Slipper","1989-06-06","Gold Coast; Queensland","/wiki/Gold_Coast_(Australia)",NA,NA,NA,185,117,"Prop",NA,"Australia"
"Q2249503","Keven Mealamu","Keven Mealamu","Keven Filipo Mealamu","1979-03-20","Tokoroa","/w/index.php?title=Tokoroa&action=edit&redlink=1",NA,NA,NA,181,111,"Hooker",NA,"New Zealand"
"Q2250641","Sean Lamont","Sean Lamont","Sean Fergus Lamont","1981-01-15","Perth; Scotland","/wiki/Perth_(Escocia)",NA,NA,NA,188,100,"Winger",NA,"Scotland"
"Q2251158","Bernard Laporte","Bernard Laporte",NA,"1964-07-01","Rodez","/wiki/Rodez",NA,NA,NA,184,89,"Scrum-Half",NA,NA
"Q2272950","Joel Stransky","Joel Stransky","Joel Theodore Stransky","1967-07-16","Pietermaritzburg","/wiki/Pietermaritzburg",NA,NA,NA,179,84,"Fly-Half",NA,"South Africa"
"Q2278053","Sylvain Marconnet","Sylvain Marconnet",NA,"1976-04-08","Givors","/wiki/Givors",NA,NA,NA,183,112,"Prop",NA,"France"
"Q2278517","Ben Cohen","Ben Cohen","Benjamin Christopher Cohen","1978-09-14","Northampton","/wiki/Northampton",NA,NA,NA,188,103,"Winger",NA,"England"
"Q2280214","Julien Bonnaire","Julien Bonnaire",NA,"1978-09-20","Bourgoin-Jallieu","/wiki/Bourgoin-Jallieu",NA,NA,NA,193,100,"3rd Row",NA,"France"
"Q2280233","Gonzalo Canale","Gonzalo Canale","Gonzalo Javier Canale","1982-11-11","Córdoba; Argentina","/wiki/C%C3%B3rdoba_(Argentina)",NA,NA,NA,180,90,"Centre",NA,"Argentina"
"Q2282348","Andrea Lo Cicero","Andrea Lo Cicero","Andrea Lo Cicero Vaina","1976-05-07","Catania","/wiki/Catania",NA,NA,NA,186,112,"Prop",NA,"Italy"
"Q2282931","Chester Williams","Chester Williams","Chester Mornay Williams","1970-08-08","Western Cape","/wiki/Provincia_Occidental_del_Cabo","2019-09-06","Cape Town","/wiki/Ciudad_del_Cabo",174,84,"Winger",NA,"South Africa"
"Q2296866","Alesana Tuilagi","Alesana Tuilagi",NA,"1981-02-24","Fogapoa","/w/index.php?title=Fogapoa&action=edit&redlink=1",NA,NA,NA,190,124,"3rd Row",NA,"Samoa"
"Q2303583","Rocky Elsom","Rocky Elsom","Rocky Dan Elsom","1983-02-14","Melbourne","/wiki/Melbourne",NA,NA,NA,197,112,"3rd Row",NA,"Australia"
"Q2303942","Martin Bayfield","Martin Bayfield",NA,"1966-12-21","Bedford","/wiki/Bedford",NA,NA,NA,208,121,"2nd Row",NA,NA
"Q2309883","James Small","James Small","James Terence Small","1969-02-10","Cape Town","/wiki/Ciudad_del_Cabo","2019-07-10","Johannesburg","/wiki/Johannesburgo",183,93,"Winger",NA,"South Africa"
"Q2313220","Federico Martín Aramburú","Federico Martín Aramburú",NA,"1980-01-20","La Plata","/wiki/La_Plata","2022-03-19","Paris","/wiki/Par%C3%ADs",NA,NA,NA,NA,"Argentina; France"
"Q2314505","Bernard Lapasset","Bernard Lapasset",NA,"1947-10-20",NA,NA,"2023-05-03","Louit","/wiki/Louit",NA,NA,"2nd Row",NA,NA
"Q2314755","Alexander Obolensky","Alexander Obolensky","Alexander Sergeevich Obolensky","1916-02-17","Saint Petersburg","/wiki/San_Petersburgo","1940-03-29","RAF Martlesham Heath",NA,175,80,"Winger",NA,"Russia"
"Q2333026","Lionel Beauxis","Lionel Beauxis",NA,"1985-10-24","Tarbes","/wiki/Tarbes",NA,NA,NA,180,86,"Fly-Half",NA,"France"
"Q2333694","Rimas Álvarez Kairelis","Rimas Álvarez","Rimas Esteban Álvarez Kairelis","1974-07-22","Quilmes Partido","/wiki/Partido_de_Quilmes",NA,NA,NA,197,107,"2nd Row",NA,"Argentina"
"Q2334843","Fabien Galthié","Fabien Galthié",NA,"1969-03-20","Cahors","/wiki/Cahors",NA,NA,NA,175,84,"Scrum-Half",NA,"France"
"Q2342037","Marc Lièvremont","Marc Lièvremont",NA,"1968-10-28","Dakar","/wiki/Dakar",NA,NA,NA,183,92,"3rd Row",NA,"Senegal"
"Q2342896","Kenzo Suzuki","Kenzo Suzuki",NA,"1974-07-25","Aichi Prefecture","/wiki/Aichi,_Jap%C3%B3n",NA,NA,NA,NA,118,NA,NA,NA
"Q2346730","Davit Zirakashvili","Giorgi Nemsadze",NA,"1983-09-20","Rustavi","/wiki/Rustavi",NA,NA,NA,179,120,"Prop",NA,"U.S.S.R."
"Q2359466","Guilhem Guirado","Guilhem Guirado",NA,"1986-06-17","Céret","/wiki/C%C3%A9ret",NA,NA,NA,183,105,"Hooker",NA,"France"
"Q2362012","Thomas Domingo","Thomas Domingo",NA,"1985-08-20","Tulle","/wiki/Tulle",NA,NA,NA,173,107,"Prop",NA,NA
"Q2371608","Tusi Pisi","Tusi Pisi","Tusiata Pisi","1982-06-18","Apia","/wiki/Apia",NA,NA,NA,183,93,"Fly-Half",NA,"Samoa"
"Q2374727","Roger Ripol Fortuny","Roger Ripol","Roger Ripol Fortuny","1978-09-20","Barcelona","/wiki/Barcelona",NA,NA,NA,175,95,"Hooker",NA,NA
"Q2375090","Colin McKenzie","Colin McKenzie","J. Colin McKenzie","1964-11-24","Vancouver","/wiki/Vancouver",NA,NA,NA,185,104,"Number 8",NA,"Canada"
"Q2377378","Courtney Lawes","Courtney Lawes",NA,"1989-02-23","London Borough of Hackney","/wiki/Hackney",NA,NA,NA,200,118,"2nd Row",NA,"England"
"Q2386451","Robert Monier","Robert Monier",NA,"1885-02-20","Bordeaux","/wiki/Burdeos","1944-12-06","Bordeaux","/wiki/Burdeos",NA,NA,NA,NA,NA
"Q2397187","Horacio Agulla","Horacio Agulla",NA,"1984-10-22","Buenos Aires","/wiki/Buenos_Aires",NA,NA,NA,181,92,"Winger",NA,"Argentina"
"Q2401959","Martín Scelzo","Martín Scelzo","Martín Alejandro Scelzo","1976-02-05","Buenos Aires","/wiki/Buenos_Aires",NA,NA,NA,190,126,"Prop",NA,"Argentina"
"Q2411645","Juan Lanza","Juan Lanza",NA,"1963-06-07","Buenos Aires","/wiki/Buenos_Aires",NA,NA,NA,NA,NA,"Winger",NA,"Argentina"
"Q2420452","Dean Richards","Dean Richards",NA,"1963-07-11","Nuneaton","/wiki/Nuneaton",NA,NA,NA,191,120,"Number 8",NA,"England"
"Q2421605","Jo Maso","Jo Maso","Joseph Maso","1944-12-27","Toulouse","/wiki/Toulouse",NA,NA,NA,178,80,"Centre",NA,"France"
"Q2442574","Tony Gray","Tony Gray","Anthony John Gray","1942-06-14","Stoke-on-Trent","/wiki/Stoke-on-Trent",NA,NA,NA,180,90,"3rd Row",NA,"United Kingdom"
"Q2464963","Morgan Parra","Morgan Parra",NA,"1988-11-15","Metz","/wiki/Metz",NA,NA,NA,180,77,"Scrum-Half",NA,"France"
"Q2469802","Arnold Watson Hutton","Arnold Watson Hutton","Arnold Pencliff Watson Hutton","1886-08-20","Buenos Aires","/wiki/Buenos_Aires","1951-07-29","Buenos Aires","/wiki/Buenos_Aires",NA,NA,"Forward",NA,NA
"Q2480198","Jacques Brunel","Jacques Brunel",NA,"1954-01-14","Courrensan","/wiki/Courrensan",NA,NA,NA,173,83,"Fullback",NA,"France"
"Q2481789","Sonny Bill Williams","Sonny Bill Williams","Sonny William Williams","1985-08-03","Auckland","/wiki/Auckland",NA,NA,NA,191,108,"Centre",NA,"New Zealand"
"Q2524252","Carlos Deltour","Carlos Deltour",NA,"1864-04-08","Guadalajara","/wiki/Guadalajara_(M%C3%A9xico)","1920-05-29","Cambo-les-Bains","/wiki/Cambo-les-Bains",NA,NA,NA,NA,NA
"Q2557424","Steve Hansen","Steve Hansen","Stephen William Hansen","1959-05-07","Dunedin","/wiki/Dunedin",NA,NA,NA,NA,92,"Centre",NA,"New Zealand"
"Q2568753","Ruan Pienaar","Ruan Pienaar",NA,"1984-03-10","Bloemfontein","/wiki/Bloemfontein",NA,NA,NA,187,90,"Scrum-Half",NA,"South Africa"
"Q2578953","William Hirigoyen","William Hirigoyen","William Gayraud-Hirigoyen","1898-05-01","Laroque-Timbaut","/wiki/Laroque-Timbaut","1962-12-09","Paris","/wiki/Par%C3%ADs",NA,NA,NA,NA,NA
"Q2607117","Mario Ledesma","Mario Ledesma","Mario Ezequiel Ledesma Arocena","1973-05-17","Buenos Aires","/wiki/Buenos_Aires",NA,NA,NA,183,110,"Hooker",NA,"Argentina"
"Q2608846","Dimitri Yachvili","Dimitri Yachvili",NA,"1980-09-19","Brive-la-Gaillarde","/wiki/Brive",NA,NA,NA,182,83,"Scrum-Half",NA,"France"
"Q2693545","Jim Stynes","Jim Stynes",NA,"1966-04-23","Dublin","/wiki/Dubl%C3%ADn","2012-03-20","St Kilda",NA,NA,NA,NA,NA,"Ireland"
"Q2735105","François Trinh-Duc","François Trinh-Duc",NA,"1986-11-11","Montpellier","/wiki/Montpellier",NA,NA,NA,184,85,"Fly-Half",NA,"France"
"Q2738926","Damien Traille","Damien Traille",NA,"1979-06-12","Pau; Pyrénées-Atlantiques","/wiki/Pau_(Pirineos_Atl%C3%A1nticos)",NA,NA,NA,192,90,"Centre",NA,"France"
"Q2739194","Aurélien Rougerie","Aurélien Rougerie",NA,"1980-09-26","Beaumont; Puy-de-Dôme","/wiki/Beaumont_(Puy-de-D%C3%B4me)",NA,NA,NA,193,103,"Centre",NA,"France"
"Q2742643","Merab Kvirikashvili","Merab Kvirikashvili",NA,"1983-12-27","Tbilisi","/wiki/Tiflis",NA,NA,NA,177,80,"Fly-Half; Scrum-Half",NA,"Georgia"
"Q2755519","Nigel Walker","Nigel Walker",NA,"1957-05-14","England","/wiki/Inglaterra",NA,NA,NA,180,76,"3rd Row",NA,NA
"Q2777809","David Pocock","David Pocock",NA,"1988-04-23","Gweru","/wiki/Gweru",NA,NA,NA,183,103,"3rd Row; Number 8",NA,"Zimbabwe"
"Q2779131","Danie Gerber","Danie Gerber","Daniël Mattheus Gerber","1958-04-14","Gqeberha","/wiki/Puerto_Elizabeth",NA,NA,NA,183,91,"Centre",NA,"South Africa"
"Q2784728","Patricio Noriega","Patricio Noriega","Ernesto Patricio Noriega","1971-10-22","Buenos Aires","/wiki/Buenos_Aires",NA,NA,NA,185,117,"Prop",NA,"Argentina"
"Q2820032","Aaron Carpenter","Aaron Carpenter",NA,"1983-01-09","Brantford","/wiki/Brantford",NA,NA,NA,183,109,"Flanker; Number 8; Hooker",NA,"Canada"
"Q2825031","Adrian Hadley","Adrian Hadley","Adrian Michael Hadley","1963-03-01","Cardiff","/wiki/Cardiff",NA,NA,NA,188,85,"Winger",NA,"Wales"
"Q2825034","Adrian Lungu","Adrian Lungu",NA,"1960-09-05","Năvodari","/wiki/N%C4%83vodari",NA,NA,NA,185,90,"Centre",NA,"Romania"
"Q2827350","Agustín Creevy","Agustín Creevy",NA,"1985-03-15","La Plata","/wiki/La_Plata",NA,NA,NA,NA,NA,"Hooker; 3rd Row",NA,"Argentina"
"Q2827355","Agustín Gosio","Agustín Gosio","Agustín Oscar Gosio","1983-03-17","Buenos Aires","/wiki/Buenos_Aires",NA,NA,NA,178,85,"Winger",NA,"Argentina"
"Q2829311","Al Charron","Al Charron",NA,"1966-07-27","Ottawa","/wiki/Ottawa",NA,NA,NA,195,123,"2nd Row",NA,"Canada"
"Q2830046","Alain Lorieux","Alain Lorieux",NA,"1956-03-26","La Tronche","/wiki/La_Tronche",NA,NA,NA,196,109,"2nd Row",NA,"France"
"Q2830572","Alan Phillips","Alan Phillips","Alan John Phillips","1954-08-21","Bridgend","/wiki/Bridgend",NA,NA,NA,180,100,"Hooker",NA,"Wales"
"Q2830602","Alan Tait","Alan Tait","Alan Victor Tait","1964-07-02","Scottish Borders","/wiki/Scottish_Borders",NA,NA,NA,178,85,"Centre",NA,"Scotland"
"Q2830613","Alan Whetton","Alan Whetton","Alan James Whetton","1959-12-15","Auckland","/wiki/Auckland",NA,NA,NA,193,100,"3rd Row",NA,"New Zealand"
"Q2831024","Albert Cazenave","Albert Cazenave",NA,"1902-03-07","Nay; Pyrénées-Atlantiques","/wiki/Nay_(Pirineos_Atl%C3%A1nticos)","1982-08-30","Nay; Pyrénées-Atlantiques","/wiki/Nay_(Pirineos_Atl%C3%A1nticos)",NA,NA,"Flanker",NA,NA
"Q2831618","Albert van den Berg","Albert van den Berg","Philippus Albertus van den Berg","1974-01-26","Tswelopele","/w/index.php?title=Tswelopele&action=edit&redlink=1",NA,NA,NA,200,107,"2nd Row",NA,"South Africa"
"Q2831847","Alberto Vernet Basualdo","A. Vernet Basualdo","Alberto Vernet Basualdo","1982-06-08","Lincoln; Buenos Aires","/w/index.php?title=Lincoln,_Buenos_Aires&action=edit&redlink=1",NA,NA,NA,180,109,"Hooker",NA,"Argentina"
"Q2832428","Alejandro Campos","Alejandro Campos","Alejandro Tomás Campos","1983-04-21","Buenos Aires","/wiki/Buenos_Aires",NA,NA,NA,190,107,"3rd Row",NA,"Argentina"
"Q2832832","Alessandro Zanni","Alessandro Zanni",NA,"1984-01-31","Udine","/wiki/%C3%9Adine",NA,NA,NA,193,110,"Flanker",NA,"Italy"
"Q2832924","Alex Corbisiero","Alex Corbisiero","Alexander Richard Corbisiero","1988-08-30","New York City","/wiki/Nueva_York",NA,NA,NA,187,124,"Prop",NA,NA
"Q2833670","Alexandre Flanquart","Alexandre Flanquart",NA,"1989-10-09","Cambrai","/wiki/Cambrai",NA,NA,NA,200,120,"2nd Row",NA,"France"
"Q2833989","Alexandre Péclier","Alexandre Péclier",NA,"1975-01-26","Villefranche-sur-Saône","/wiki/Villefranche-sur-Sa%C3%B4ne",NA,NA,NA,183,89,"Fullback",NA,"France"
"Q2835607","Alfredo Lalanne","Alfredo Lalanne",NA,"1983-03-03","Buenos Aires","/wiki/Buenos_Aires",NA,NA,NA,170,75,"Scrum-Half",NA,"Argentina"
"Q2837717","Allan Hewson","Allan Hewson","Allan Roy Hewson","1954-06-06","Lower Hutt","/wiki/Lower_Hutt",NA,NA,NA,180,83,"Fullback",NA,"New Zealand"
"Q2839205","Aloisio Butonidualevu","Aloisio Butonidualevu",NA,"1983-10-21","Suva","/wiki/Suva","2023-11-07",NA,NA,184,NA,"Centre",NA,"Fiji"
"Q2841072","Oriol Ripol","Oriol Ripol","Oriol Ripol Fortuny","1975-09-06","Barcelona","/wiki/Barcelona",NA,NA,NA,173,84,"3rd Row",NA,NA
"Q2846284","Andre Snyman","André Snyman","Andries Hendrik Snyman","1974-02-02","Newcastle","/w/index.php?title=Newcastle_(Sud%C3%A1frica)&action=edit&redlink=1",NA,NA,NA,187,100,"Winger",NA,"South Africa"
"Q2846498","Andriy Kovalenco","Andriy Kovalenco","Андрей Коваленко","1971-07-12","Kyiv","/wiki/Kiev",NA,NA,NA,180,90,"Fly-Half",NA,"Ukraine"
"Q2846661","Andrew Leeds","Andrew Leeds","Andrew Jacob S. Leeds","1964-09-19","Sydney","/wiki/S%C3%ADdney",NA,NA,NA,185,90,"Fullback",NA,"Australia"
"Q2846734","Andrew Slack","Andrew Slack","Andrew Gerard Slack","1955-09-24","Brisbane","/wiki/Brisbane",NA,NA,NA,180,85,"Centre",NA,"Australia"
"Q2847124","André Abadie","André Abadie",NA,"1934-07-27","Toulouse","/wiki/Toulouse","2020-01-06","Villefranche-de-Lauragais","/wiki/Villefranche-de-Lauragais",NA,NA,NA,NA,"France"
"Q2848016","André Joubert","André Joubert","André Johan Joubert","1964-04-15","Ladysmith; KwaZulu-Natal","/wiki/Ladysmith_(Sud%C3%A1frica)",NA,NA,NA,187,92,"Fullback",NA,"South Africa"
"Q2849101","Andy Earl","Andy Earl","Andrew Thomas Earl","1961-09-12","Christchurch","/wiki/Christchurch",NA,NA,NA,190,100,"Number 8",NA,"New Zealand"
"Q2849107","Andy Farrell","Andy Farrell","Andrew David Farrell","1975-05-30","Wigan","/wiki/Wigan",NA,NA,NA,193,108,"Centre",NA,"England"
"Q2849114","Andy Gomarsall","Andy Gomarsall","Andrew Charles Thomas Gomarsall","1974-07-24","Durham; England","/wiki/Durham",NA,NA,NA,177,90,"Scrum-Half",NA,"England"
"Q2849141","Andy McIntyre","Andy McIntyre","Andrew John McIntyre","1955-12-23","Toowoomba","/wiki/Toowoomba",NA,NA,NA,NA,NA,"Prop",NA,"Australia"
"Q2849163","Andy Robinson","Andy Robinson","Richard Andrew Robinson","1964-04-03","Taunton","/wiki/Taunton",NA,NA,NA,175,88,"3rd Row",NA,"England"
"Q2852873","Anthony Herbert","Anthony Herbert","Anthony Gerrard Herbert","1966-08-13","Brisbane","/wiki/Brisbane",NA,NA,NA,180,85,"Centre",NA,"Australia"
"Q2853747","Antoine Burban","Antoine Burban",NA,"1987-07-22","Neuilly-sur-Seine","/wiki/Neuilly-sur-Seine",NA,NA,NA,189,97,"Flanker",NA,"France"
"Q2856764","Antoine Tichit","Antoine Tichit",NA,"1989-06-13","France","/wiki/Francia",NA,NA,NA,187,115,"Loosehead Prop",NA,"France"
"Q2857019","Anton Peikrishvili","Anton Peikrishvili",NA,"1987-09-18","Tbilisi","/wiki/Tiflis",NA,NA,NA,182,118,"Prop",NA,"Georgia"
"Q2860862","Aretz Iguiniz","Aretz Iguiniz",NA,"1983-06-03","Hendaye","/wiki/Hendaya",NA,NA,NA,188,108,"Prop",NA,"France"
"Q2866598","Ashwin Willemse","Ashwin Willemse","Ashwin Kennith Willemse","1981-09-08","Caledon; South Africa","/wiki/Caledon_(Sud%C3%A1frica)",NA,NA,NA,188,89,"Winger",NA,"South Africa"
"Q2869593","Uini Atonio","Uini Atonio",NA,"1990-03-26","Timaru","/w/index.php?title=Timaru&action=edit&redlink=1",NA,NA,NA,197,155,"Prop",NA,"New Zealand"
"Q2874600","Avril Williams","Avril Williams","Avril Percy Williams","1961-02-10","Cape Winelands District Municipality","/wiki/Distrito_Municipal_de_Cape_Winelands",NA,NA,NA,175,82,"Winger",NA,"South Africa"
"Q2880856","Balie Swart","Balie Swart","Izak Stephanus de Villiers Swart","1964-05-18","Malmesbury","/w/index.php?title=Malmesbury_(Sud%C3%A1frica)&action=edit&redlink=1",NA,NA,NA,185,112,"Prop",NA,"South Africa"
"Q2886805","Basil Maclear","Basil Maclear",NA,"1881-04-07","Portsmouth","/wiki/Portsmouth","1915-05-26","Ypres","/wiki/Ypres",180,85,"Centre",NA,"England"
"Q2894306","Jean Patrick Lesobre","Jean-Patrick Lesobre",NA,"1953-07-09","Rabat","/wiki/Rabat",NA,NA,NA,180,82,NA,NA,NA
"Q2895492","Ben Kay","Ben Kay","Benedict James Kay","1975-12-14","Liverpool","/wiki/Liverpool",NA,NA,NA,198,120,"2nd Row",NA,"United Kingdom"
"Q2896071","Benjamin Fall","Benjamin Fall",NA,"1989-03-03","Langon","/wiki/Langon",NA,NA,NA,186,90,"Winger; Fullback",NA,"France"
"Q2896114","Benjamin Kayser","Benjamin Kayser",NA,"1984-07-26","Paris","/wiki/Par%C3%ADs",NA,NA,NA,183,112,"Hooker",NA,NA
"Q2896254","Benjamin Thiéry","Benjamin Thiéry",NA,"1984-06-02","Reims","/wiki/Reims",NA,NA,NA,185,85,"3rd Row",NA,"France"
"Q2896267","Benjamín Urdapilleta","Benjamín Urdapilleta",NA,"1986-03-11","Buenos Aires","/wiki/Buenos_Aires",NA,NA,NA,178,80,"Centre; Fly-Half",NA,"Argentina"
"Q2896344","Bennie Osler","Bennie Osler","Benjamin Louwrens Osler","1901-11-23","Aliwal North","/w/index.php?title=Aliwal_North&action=edit&redlink=1","1962-04-28","Bellville",NA,173,80,"Fly-Half",NA,"South Africa"
"Q2896486","Benoît Dauga","Benoît Dauga","Benoît Dauga","1942-05-08","Montgaillard; Landes","/wiki/Montgaillard,_Landas","2022-11-03","Mont-de-Marsan","/wiki/Mont-de-Marsan",196,100,"2nd Row",NA,"France"
"Q2898198","Bernard Le Roux","Bernard Le Roux",NA,"1989-06-04","Moorreesburg","/w/index.php?title=Moorreesburg&action=edit&redlink=1",NA,NA,NA,196,116,"Flanker",NA,"South Africa"
"Q2899064","Bernie McCahill","Bernie McCahill","Bernard Joseph McCahill","1964-06-28","Auckland","/wiki/Auckland",NA,NA,NA,183,80,"Centre",NA,"New Zealand"
"Q2903284","Bill Maclagan","Bill Maclagan","William Edward Maclagan","1858-04-05","Edinburgh","/wiki/Edimburgo","1926-10-10",NA,NA,180,85,"Centre",NA,"Scotland"
"Q2907639","Bob Dwyer","Bob Dwyer",NA,"1940-11-29","Sydney","/wiki/S%C3%ADdney",NA,NA,NA,185,95,"2nd Row",NA,"Australia"
"Q2907646","Bob Egerton","Bob Egerton","Robert Henry Egerton","1963-03-06","Lae","/wiki/Lae",NA,NA,NA,180,85,"Winger",NA,"Papua New Guinea"
"Q2918762","Paddy Mayne","Robert Blair Mayne",NA,"1915-01-11","Newtownards","/wiki/Newtownards","1955-12-14",NA,NA,NA,NA,"2nd Row",NA,NA
"Q2923186","Braam van Straaten","Braam van Straaten","Abraham Johannes Jacobus van Straaten","1971-09-28","Pretoria","/wiki/Pretoria",NA,NA,NA,184,94,"Fly-Half",NA,"South Africa"
"Q2924436","Brendan Mullin","Brendan Mullin","Brendan John Mullin","1963-10-30","Jerusalem","/wiki/Jerusal%C3%A9n",NA,NA,NA,180,85,"Centre",NA,"Israel"
"Q2924439","Brendan Venter","Brendan Venter",NA,"1969-12-29","Johannesburg","/wiki/Johannesburgo",NA,NA,NA,184,93,"Centre",NA,"South Africa"
"Q2924768","Breyton Paulse","Breyton Paulse","Breyton Jonathan Paulse","1976-04-25","Western Cape","/wiki/Provincia_Occidental_del_Cabo",NA,NA,NA,176,80,"Winger; Fullback",NA,"South Africa"
"Q2924944","Brian Liebenberg","Brian Liebenberg",NA,"1979-09-19","Benoni; South Africa","/wiki/Benoni",NA,NA,NA,185,106,"Centre",NA,"South Africa"
"Q2924966","Brian Moore","Brian Moore","Brian Christopher Moore","1962-01-11","Birmingham","/wiki/Birmingham",NA,NA,NA,175,95,"Hooker",NA,"United Kingdom"
"Q2924991","Brian Robinson","Brian Robinson","Brian Francis Robinson","1966-03-20","Belfast","/wiki/Belfast",NA,NA,NA,185,100,"Number 8",NA,"Ireland"
"Q2925007","Brian Spillane","Brian Spillane","Brian Jeremiah Spillane","1960-01-26","Cork (city)","/wiki/Cork",NA,NA,NA,185,100,"Number 8",NA,"Ireland"
"Q2925008","Brian Smith","Brian Smith","Brian Anthony Smith","1966-09-09","St George; Queensland","/wiki/Saint_George_(Queensland)",NA,NA,NA,NA,NA,"Fly-Half",NA,"Australia"
"Q2926470","Bruce Robertson","Bruce Robertson","Bruce John Robertson","1952-04-09","Hastings; New Zealand","/wiki/Hastings_(Nueva_Zelanda)","2023-04-12","Whangārei","/wiki/Whangarei",183,86,"Centre",NA,"New Zealand"
"Q2927462","Wayne Shelford","Wayne Shelford","Wayne Thomas Shelford","1957-12-13","Rotorua","/wiki/Rotorua",NA,NA,NA,189,93,"Number 8",NA,"New Zealand"
"Q2927538","Budge Pountney","Budge Pountney","Anthony Charles Pountney","1973-11-13","Southampton","/wiki/Southampton",NA,NA,NA,183,97,"3rd Row",NA,"England"
"Q2934772","Cameron Murray","Cameron Murray","Cameron Alexander Murray","1975-03-31","Hawick","/wiki/Hawick",NA,NA,NA,180,87,"Winger",NA,"Scotland"
"Q2935003","Camille Lopez","Camille Lopez",NA,"1989-04-03","Oloron-Sainte-Marie","/wiki/Oloron-Sainte-Marie",NA,NA,NA,175,90,NA,NA,"France"
"Q2935484","Campbell Johnstone","Campbell Johnstone","Campbell Richard Johnstone","1980-01-07","Waipukurau","/w/index.php?title=Waipukurau&action=edit&redlink=1",NA,NA,NA,183,110,"Prop",NA,"New Zealand"
"Q2939465","Carlos Souto Vidal","Carlos Souto","Carlos Souto Vidal","1976-11-04","Oviedo","/wiki/Oviedo",NA,NA,NA,191,112,"Number 8; Flanker",NA,NA
"Q2939509","Carlos de Candamo","Carlos de Candamo",NA,"1871-02-15","London","/wiki/Londres","1946-02-16","Paris","/wiki/Par%C3%ADs",NA,68,"Centre",NA,NA
"Q2941606","Cătălin Fercu","Cătălin Fercu",NA,"1986-09-05","Brașov","/wiki/Brasov",NA,NA,NA,180,75,"3rd Row",NA,"Romania"
"Q2944283","Census Johnston","Census Johnston","Census Aokuso Iopu Johnston","1981-05-06","Auckland","/wiki/Auckland",NA,NA,NA,189,130,"Prop",NA,"New Zealand"
"Q2946998","César Sempere","César Sempere","César Sempere Padilla","1984-05-26","Villajoyosa","/wiki/Villajoyosa",NA,NA,NA,182,86,NA,NA,NA
"Q2957861","Charl McLeod","Charl McLeod",NA,"1983-08-05","Johannesburg","/wiki/Johannesburgo",NA,NA,NA,180,88,"Scrum-Half",NA,"South Africa"
"Q2959278","Charles Guiraist","Charles Guiraist",NA,"1887-01-01",NA,NA,"1947-01-01",NA,NA,NA,NA,NA,NA,NA
"Q2964847","Chris Rossouw","Chris Rossouw","Christiaan le Cordier Rossouw","1969-09-14","Nkangala District Municipality","/wiki/Distrito_Municipal_de_Nkangala",NA,NA,NA,183,100,"Hooker",NA,"South Africa"
"Q2964850","Chris Robshaw","Chris Robshaw","Christopher Denis Robshaw","1986-06-04","Surrey","/wiki/Surrey",NA,NA,NA,188,110,"3rd Row",NA,"England"
"Q2964877","Chris Tynan","Chris Tynan","Christopher James Calhoun Tynan","1966-07-11","Vancouver","/wiki/Vancouver",NA,NA,NA,175,80,"Scrum-Half",NA,"Canada"
"Q2964893","Chris Whitaker","Chris Whitaker","Christopher John Whitaker","1974-10-19","Sydney","/wiki/S%C3%ADdney",NA,NA,NA,179,84,"Scrum-Half",NA,"Australia"
"Q2964897","Chris Wyles","Chris Wyles","Christopher Thomas Wyles","1983-09-13","Stamford; Connecticut","/wiki/Stamford,_Connecticut",NA,NA,NA,183,93,"3rd Row; Centre",NA,"U.S.A."
"Q2964973","Christiaan Scholtz","Christiaan Scholtz","Christiaan Petrus Scholtz","1970-10-22","Stutterheim","/w/index.php?title=Stutterheim&action=edit&redlink=1",NA,NA,NA,185,90,"Centre",NA,"South Africa"
"Q2965184","Christian Darrouy","Christian Darrouy",NA,"1937-01-13","Pouydesseaux","/wiki/Pouydesseaux",NA,NA,NA,180,80,"Winger",NA,"France"
"Q2966033","Christo Bezuidenhout","Christo Bezuidenhout","Christo Johannes Bezuidenhout","1970-05-14","Tenerife","/wiki/Tenerife",NA,NA,NA,188,119,NA,NA,NA
"Q2966334","Christophe Lamaison","Christophe Lamaison",NA,"1971-04-08","Dax; Landes","/wiki/Dax",NA,NA,NA,180,90,"Fly-Half",NA,"France"
"Q2972202","Cian Healy","Cian Healy","Cian Eoin James Healy","1987-10-07","Dublin","/wiki/Dubl%C3%ADn",NA,NA,NA,185,115,"Prop",NA,"Ireland"
"Q2972218","Ciaran Fitzgerald","Ciaran Fitzgerald","Ciaran Fintan Fitzgerald","1952-06-04","Loughrea","/wiki/Loughrea",NA,NA,NA,175,86,"Hooker",NA,"Ireland"
"Q2980645","Clément Maynadier","Clément Maynadier",NA,"1988-10-11","France","/wiki/Francia",NA,NA,NA,187,110,"Hooker",NA,"France"
"Q2993552","Conor Murray","Conor Murray",NA,"1989-04-20","Limerick","/wiki/Limerick",NA,NA,NA,188,95,"Scrum-Half",NA,"Ireland"
"Q2993556","Conor O'Shea","Conor O'Shea","Conor Michael Patrick O'Shea","1970-10-21","Limerick","/wiki/Limerick",NA,NA,NA,188,100,"Fullback",NA,"Ireland"
"Q3001992","Craig Chalmers","Craig Chalmers","Craig Minto Chalmers","1968-10-15","Galashiels","/wiki/Galashiels",NA,NA,NA,180,92,"Fly-Half",NA,"Scotland"
"Q3002002","Craig Dowd","Craig Dowd","Craig William Dowd","1969-10-26","Auckland","/wiki/Auckland",NA,NA,NA,191,115,"Prop",NA,"New Zealand"
"Q3002019","Craig Innes","Craig Innes","Craig Ross Innes","1969-09-10","New Plymouth","/wiki/Nueva_Plymouth",NA,NA,NA,181,86,"Centre",NA,"New Zealand"
"Q3009894","Cédric Garcia","Cédric García",NA,"1982-12-28","Toulouse","/wiki/Toulouse",NA,NA,NA,171,66,"Scrum-Half",NA,"France"
"Q3011484","D.T.H. van der Merwe","D. T. H. van der Merwe","Daniel Tailliferre Hauman van der Merwe","1986-04-28","Worcester; South Africa","/wiki/Worcester_(Sud%C3%A1frica)",NA,NA,NA,183,98,"Centre; 3rd Row",NA,"South Africa"
"Q3012711","Damian Smith","Damian Smith","Damian Paul Peter Smith","1969-02-01","Brisbane","/wiki/Brisbane",NA,NA,NA,191,101,"Winger",NA,"Australia"
"Q3013047","Dan Crowley","Dan Crowley","Daniel James Crowley","1965-08-28","Brisbane","/wiki/Brisbane",NA,NA,NA,175,100,"Prop",NA,"Australia"
"Q3013095","Daniel Herbert","Daniel Herbert","Daniel Joseph Herbert","1974-02-06","Brisbane","/wiki/Brisbane",NA,NA,NA,187,100,"Centre",NA,"Australia"
"Q3013138","Dan Luger","Dan Luger","Daniel Darko Luger","1975-01-11","Chiswick","/wiki/Chiswick",NA,NA,NA,185,90,"Winger",NA,"England"
"Q3013444","Dane Haylett-Petty","Dane Haylett-Petty",NA,"1989-06-18","Durban","/wiki/Durban",NA,NA,NA,189,95,"3rd Row; Fullback",NA,"South Africa"
"Q3013593","Danie Rossouw","Danie Rossouw","Daniel Jacobus Rossouw","1978-06-05","Mpumalanga","/wiki/Mpumalanga",NA,NA,NA,196,116,"2nd Row; Number 8",NA,"South Africa"
"Q3013976","Daniel Dubroca","Daniel Dubroca",NA,"1954-03-25","Aiguillon; Lot-et-Garonne","/wiki/Aiguillon_(Lot_y_Garona)",NA,NA,NA,178,93,"Hooker",NA,"France"
"Q3017574","David Brockhoff","David Brockhoff",NA,"1928-07-08","Sydney","/wiki/S%C3%ADdney","2011-06-17","Australia",NA,NA,NA,"Flanker",NA,NA
"Q3018168","David Wilson","David Wilson","David John Wilson","1967-01-04","Brisbane","/wiki/Brisbane",NA,NA,NA,188,95,"3rd Row",NA,"Australia"
"Q3018333","David Lyons","David Lyons","David John Lyons","1980-06-15","New South Wales","/wiki/Nueva_Gales_del_Sur",NA,NA,NA,192,117,"Number 8",NA,"Australia"
"Q3018521","David Mélé","David Mélé",NA,"1985-10-22","Narbonne","/wiki/Narbona",NA,NA,NA,171,77,"Scrum-Half",NA,NA
"Q3018725","David Roumieu","David Roumieu",NA,"1981-10-15","Albi","/wiki/Albi_(Tarn)",NA,NA,NA,176,94,"Hooker",NA,"South Africa"
"Q3018959","David Watkins","David Watkins","Sir David Watkins","1942-03-05","Blaina","/wiki/Blaina","2023-09-03",NA,NA,168,66,"Three-Quarter; Fullback",NA,"Wales"
"Q3020652","Dean Mumm","Dean Mumm",NA,"1984-03-05","Auckland","/wiki/Auckland",NA,NA,NA,196,109,"2nd Row; Flanker",NA,"New Zealand"
"Q3021031","Declan Kidney","Declan Kidney",NA,"1959-10-20","Cork (city)","/wiki/Cork",NA,NA,NA,175,80,"Back",NA,"Ireland"
"Q3022595","Denis Charvet","Denis Charvet",NA,"1962-05-12","Cahors","/wiki/Cahors",NA,NA,NA,180,85,"Centre",NA,"France"
"Q3022739","Denis Hickie","Denis Hickie","Denis Anthony Hickie","1976-02-13","Dublin","/wiki/Dubl%C3%ADn",NA,NA,NA,188,93,"Winger",NA,"Ireland"
"Q3023770","Derek Turnbull","Derek Turnbull","Derek James Turnbull","1961-10-02","Hawick","/wiki/Hawick",NA,NA,NA,185,95,"3rd Row",NA,"Scotland"
"Q3023780","Derek White","Derek White","Derek Bolton White","1958-01-30","East Lothian","/wiki/East_Lothian",NA,NA,NA,193,105,"Number 8",NA,"Scotland"
"Q3025558","Dewald Senekal","Dewald Senekal",NA,"1981-01-12","Uitenhage","/wiki/Uitenhage",NA,NA,NA,197,114,"2nd Row",NA,"South Africa"
"Q3026609","Dick Moriarty","Dick Moriarty","Richard Daniel Moriarty","1957-05-01","Gorseinon","/wiki/Gorseinon",NA,NA,NA,198,110,"2nd Row",NA,"United Kingdom"
"Q3027380","Diego Cuesta Silva","Diego Cuesta Silva",NA,"1963-01-21","Buenos Aires","/wiki/Buenos_Aires",NA,NA,NA,187,85,"Winger",NA,"Argentina"
"Q3027390","Diego Giannantonio","Diego Giannantonio",NA,"1973-01-03","Córdoba; Argentina","/wiki/C%C3%B3rdoba_(Argentina)",NA,NA,NA,185,90,"Fly-Half",NA,"Argentina"
"Q3027432","Diego Ormaechea","Diego Ormaechea",NA,"1959-09-19","Montevideo","/wiki/Montevideo",NA,NA,NA,183,98,"Number 8",NA,"Uruguay"
"Q3027456","Diego Zarzosa","Diego Zarzosa","Diego Zarzosa Peña","1975-12-25","Valladolid","/wiki/Valladolid",NA,NA,NA,179,106,"Hooker",NA,NA
"Q3032930","Djibril Camara","Djibril Camara",NA,"1989-06-22","Juvisy-sur-Orge","/wiki/Juvisy-sur-Orge",NA,NA,NA,181,85,"Fullback",NA,"France"
"Q3033645","Doddie Weir","Doddie Weir","George Wilson Weir","1970-07-04","Edinburgh","/wiki/Edimburgo","2022-11-26","Melrose; Scottish Borders","/wiki/Melrose_(Escocia)",198,109,"2nd Row",NA,"United Kingdom"
"Q3035139","Dominique Erbani","Dominique Erbani",NA,"1956-08-16","Eymet","/wiki/Eymet",NA,NA,NA,193,103,"3rd Row",NA,"France"
"Q3037029","Dorian West","Dorian West","Dorian Edward West","1967-10-05","Wrexham","/wiki/Wrexham",NA,NA,NA,180,102,"Hooker",NA,"United Kingdom"
"Q3037947","Dougie Morgan","Dougie Morgan","Douglas Waugh Morgan","1947-03-09","Edinburgh","/wiki/Edimburgo","2020-04-04","Edinburgh","/wiki/Edimburgo",NA,NA,"Scrum-Half",NA,"Scotland"
"Q3041701","Dusty Hare","Dusty Hare","William Henry Hare","1952-11-29","Newark-on-Trent","/wiki/Newark-on-Trent",NA,NA,NA,177,82,"Fullback",NA,"England"
"Q3041937","Dylan Hartley","Dylan Hartley",NA,"1986-03-23","Rotorua","/wiki/Rotorua",NA,NA,NA,185,110,"Hooker",NA,"New Zealand"
"Q3041939","Dylan Mika","Dylan Mika","Dylan Gabriel Mika","1972-04-17","Auckland","/wiki/Auckland","2018-03-20","Auckland","/wiki/Auckland",194,100,"3rd Row",NA,"New Zealand"
"Q3043618","Wesley Fofana","Wesley Fofana",NA,"1988-01-20","Paris","/wiki/Par%C3%ADs",NA,NA,NA,178,88,"Centre; Winger",NA,"France"
"Q3045593","Dănuț Dumbravă","Dănuţ Dumbravă","Dănuţ Marin Dumbravă","1981-08-06","Bucharest","/wiki/Bucarest",NA,NA,NA,187,79,"Fly-Half",NA,"Romania"
"Q3046794","Eben Etzebeth","Eben Etzebeth",NA,"1991-10-29","Cape Town","/wiki/Ciudad_del_Cabo",NA,NA,NA,204,123,"2nd Row",NA,"South Africa"
"Q3047296","Eddie O'Sullivan","Eddie O'Sullivan",NA,"1958-11-21","Youghal","/wiki/Youghal",NA,NA,NA,168,74,"Fly-Half",NA,"Ireland"
"Q3048197","Edoardo Gori","Edoardo Gori",NA,"1990-03-05","Prato (disambiguation)","/wiki/Prato",NA,NA,NA,178,81,"Scrum-Half",NA,"Italy"
"Q3048339","Eduardo Laborde","Eduardo Laborde",NA,"1967-10-19","Buenos Aires","/wiki/Buenos_Aires","2015-02-04","Buenos Aires Province","/wiki/Provincia_de_Buenos_Aires",NA,NA,"Fly-Half; Fullback",NA,"Argentina"
"Q3048383","Eduardo Simone","Eduardo Simone",NA,"1974-10-16","Buenos Aires","/wiki/Buenos_Aires",NA,NA,NA,183,89,"Centre",NA,"Argentina"
"Q3051133","Eliseo Branca","Eliseo Branca","Eliseo Nicolás Branca","1957-09-20","Hurlingham; Buenos Aires","/wiki/Ciudad_de_Hurlingham",NA,NA,NA,191,110,"2nd Row",NA,"Argentina"
"Q3051778","Elton Flatley","Elton Flatley","Elton John Flatley","1977-05-07","Tamworth; New South Wales","/wiki/Tamworth_(Nueva_Gales_del_Sur)",NA,NA,NA,178,87,"Fly-Half",NA,"Australia"
"Q3054707","Enrique Rodríguez","Enrique Rodríguez","Enrique Edgardo Rodríguez","1952-06-20","Concordia; Entre Ríos","/wiki/Concordia_(Argentina)",NA,NA,NA,180,110,"Prop",NA,"Argentina"
"Q3056258","Eric Elwood","Eric Elwood","Eric Paul Elwood","1969-02-26","Galway","/wiki/Galway",NA,NA,NA,180,87,"Fly-Half",NA,"Ireland"
"Q3057290","Ernesto Ure","Ernesto Ure","Ernesto M. Ure","1959-07-01","Buenos Aires","/wiki/Buenos_Aires",NA,NA,NA,198,95,"Number 8",NA,"Argentina"
"Q3058870","Esteban Lozada","Esteban Lozada",NA,"1982-02-08","Ottignies-Louvain-la-Neuve","/wiki/Ottignies-Louvain-la-Neuve",NA,NA,NA,193,106,"2nd Row",NA,"Belgium"
"Q3058878","Esteban Roqué Segovia","Esteban Roqué","Esteban Roqué Segovia","1974-05-16","Córdoba; Argentina","/wiki/C%C3%B3rdoba_(Argentina)",NA,NA,NA,175,73,"Fly-Half",NA,NA
"Q3059565","Eugene Jantjies","Eugene Jantjies","Eugene Anthony Jantjies","1986-08-10","Gobabis","/wiki/Gobabis",NA,NA,NA,180,80,"Scrum-Half",NA,"Namibia"
"Q3060976","Eusebio Guiñazú","Eusebio Guiñazú",NA,"1982-01-15","Mendoza; Argentina","/wiki/Ciudad_de_Mendoza",NA,NA,NA,181,114,"Prop; Hooker",NA,"Argentina"
"Q3061708","Ewen McKenzie",NA,NA,NA,NA,NA,NA,NA,NA,NA,NA,NA,NA,NA
"Q3063725","Fabio Gómez","Fabio Gómez","Esteban Fabio Gómez","1965-07-13","Buenos Aires","/wiki/Buenos_Aires",NA,NA,NA,180,84,"Scrum-Half",NA,"Argentina"
"Q3063769","Fabián Turnes","Fabián Turnes","Fabián Alejandro Turnes","1965-01-12","Buenos Aires","/wiki/Buenos_Aires",NA,NA,NA,180,84,"Centre",NA,"Argentina"
"Q3064566","Fairy Heatlie","Fairy Heatlie","Barry Heatlie","1872-04-25","Worcester; South Africa","/wiki/Worcester_(Sud%C3%A1frica)","1951-08-19","Cape Town","/wiki/Ciudad_del_Cabo",190,100,"2nd Row",NA,"South Africa"
"Q3067933","Federico Serra Mirás","F. Serra Mirás","Federico Serra Mirás","1979-10-03","Buenos Aires","/wiki/Buenos_Aires",NA,NA,NA,178,85,"Fullback",NA,"Argentina"
"Q3067941","Federico Todeschini","Federico Todeschini","Federico Jordán Todeschini","1975-08-08","Rosario","/wiki/Rosario_(Argentina)",NA,NA,NA,185,85,"Fly-Half",NA,"Argentina"
"Q3068776","Fergus McFadden","Fergus McFadden","Fergus L. McFadden","1986-06-17","County Kildare","/wiki/Condado_de_Kildare",NA,NA,NA,181,93,"Winger",NA,"Ireland"
"Q3069080","Fernand Cazenave","Fernand Cazenave","Fernand Lucien Cazenave","1924-11-26","Bérenx","/wiki/B%C3%A9renx","2005-01-11","Mont-de-Marsan","/wiki/Mont-de-Marsan",180,80,"Winger",NA,"France"
"Q3069472","Fernando Guatieri","Fernando Guatieri",NA,"1970-12-17","Buenos Aires","/wiki/Buenos_Aires",NA,NA,NA,180,106,"Prop",NA,NA
"Q3074199","Florian Fritz","Florian Fritz",NA,"1984-01-17","Sens","/wiki/Sens_(Yonne)",NA,NA,NA,185,96,"Centre",NA,"France"
"Q3074261","Florică Murariu","Florică Murariu",NA,"1955-03-28","Botoșani County","/wiki/Boto%C8%99ani_(distrito)","1989-12-24","Bucharest","/wiki/Bucarest",185,95,"3rd Row",NA,"Romania"
"Q3074324","Florin Vlaicu","Florin Vlaicu","Florin Adrian Vlaicu","1986-07-26","Bucharest","/wiki/Bucarest",NA,NA,NA,186,92,"3rd Row",NA,"Romania"
"Q3081875","Francisco Leonelli","Francisco Leonelli","Francisco Javier Leonelli","1978-05-03","Santa Cruz de la Sierra","/wiki/Santa_Cruz_de_la_Sierra",NA,NA,NA,188,96,"Fullback",NA,"Bolivia"
"Q3081920","Francisco Puertas Soto","Francisco Puertas","Francisco José Puertas Soto","1963-11-18","Lazkao","/wiki/Lazcano",NA,NA,NA,185,91,"3rd Row",NA,NA
"Q3082223","Franck Mesnel","Franck Mesnel",NA,"1961-06-30","Neuilly-sur-Seine","/wiki/Neuilly-sur-Seine",NA,NA,NA,181,90,"Centre",NA,"France"
"Q3082524","Frank Bunce","Frank Bunce","Frank Eneri Bunce","1962-02-04","Auckland","/wiki/Auckland",NA,NA,NA,180,85,"Centre",NA,"New Zealand"
"Q3082640","Frank Hancock","Frank Hancock","Francis Escott Hancock","1859-02-07","Wiveliscombe","/wiki/Wiveliscombe","1943-10-29","Wiveliscombe; Somerset",NA,180,80,"Centre",NA,"England"
"Q3085397","François Moncla","François Moncla",NA,"1932-04-01","Louvie-Juzon","/wiki/Louvie-Juzon","2021-11-28","Pau; Pyrénées-Atlantiques","/wiki/Pau_(Francia)",182,NA,"2nd Row",NA,NA
"Q3093524","Gabiriele Lovobalavu","Gabiriele Lovobalavu","Gabiriele Voduadua Lovobalavu","1985-06-20","Cakaudrove Province","/wiki/Cakaudrove",NA,NA,NA,182,95,"Winger; Centre",NA,"Fiji"
"Q3093986","Gabriel Travaglini","Gabriel Travaglini",NA,"1958-02-14","Buenos Aires","/wiki/Buenos_Aires",NA,NA,NA,196,100,"Number 8",NA,"Argentina"
"Q3098306","Gareth Rees","Gareth Rees","Gareth Lloyd Rees","1967-06-30","Vancouver Island","/wiki/Isla_de_Vancouver",NA,NA,NA,183,93,"Fly-Half; Fullback",NA,"Canada"
"Q3098309","Gareth Roberts","Gareth Roberts","Gareth John Roberts","1959-01-15","Swansea","/wiki/Swansea",NA,NA,NA,188,100,"Number 8",NA,"Wales"
"Q3098492","Garry Pagel","Garry Pagel","Garry Louis Pagel","1966-09-17","Qonce","/wiki/Qonce",NA,NA,NA,188,117,"Prop",NA,"South Africa"
"Q3098515","Gary Armstrong","Gary Armstrong",NA,"1966-09-30","Jedburgh","/wiki/Jedburgh",NA,NA,NA,172,80,"Scrum-Half",NA,"Scotland"
"Q3098605","Gary Rees","Gary Rees","Gary William Rees","1960-05-02","Borough of Erewash","/wiki/Erewash",NA,NA,NA,185,92,"3rd Row",NA,"England"
"Q3099509","Gautier Gibouin","Gautier Gibouin","Gautier Gibouin Fontana","1989-03-24","Soyaux","/wiki/Soyaux",NA,NA,NA,184,102,"3rd Row",NA,NA
"Q3099860","Gaël Fickou","Gaël Fickou",NA,"1994-03-27","La Seyne-sur-Mer","/wiki/La_Seyne-sur-Mer",NA,NA,NA,191,99,"Centre",NA,"France"
"Q3101064","Geoff Wheel","Geoff Wheel","Geoffrey Wheel","1951-06-30","Swansea","/wiki/Swansea","2024-12-26",NA,NA,NA,NA,"2nd Row",NA,"Wales"
"Q3101625","George Harder","George Harder","George Allan Harder","1974-06-22","Apia","/wiki/Apia",NA,NA,NA,185,100,"Winger",NA,"Samoa"
"Q3101802","George North","George North","George Philip North","1992-04-13","King's Lynn","/wiki/King%27s_Lynn",NA,NA,NA,194,109,"Centre; Winger",NA,NA
"Q3102165","Georges Aillères","Georges Aillères",NA,"1934-12-03","Poucharramet","/wiki/Poucharramet","2024-10-20","Rieumes","/wiki/Rieumes",NA,NA,"Prop; 2nd Row; 3rd Row",NA,"France"
"Q3103753","Giorgi Chkhaidze","Giorgi Chkhaidze",NA,"1981-08-20","Kutaisi","/wiki/Kutaisi",NA,NA,NA,195,109,"Number 8; Flanker; 2nd Row",NA,"U.S.S.R."
"Q3104239","German Llanes","Germán Llanes","Germán Antonio Llanes","1968-05-27","Cañada Seca","/wiki/Ca%C3%B1ada_Seca",NA,NA,NA,198,105,"2nd Row",NA,"Argentina"
"Q3104306","Gerrie Germishuys","Gerrie Germishuys","Johannes Servaas Germishuys","1949-10-29","Port Shepstone",NA,NA,NA,NA,183,84,"Winger",NA,"South Africa"
"Q3106879","Giorgi Nemsadze","Giorgi Nemsadze",NA,"1984-09-26","Kutaisi","/wiki/Kutaisi",NA,NA,NA,196,120,"2nd Row",NA,"U.S.S.R."
"Q3106937","René Araou",NA,NA,NA,NA,NA,NA,NA,NA,NA,NA,NA,NA,NA
"Q3108675","Glen Ennis","Glen Ennis","Glen D. Ennis","1964-05-19","Vancouver","/wiki/Vancouver",NA,NA,NA,190,110,"Number 8",NA,"Canada"
"Q3108686","Glen Osborne","Glen Osborne","Glen Matthew Osborne","1971-08-27","Whanganui","/wiki/Whanganui",NA,NA,NA,185,90,"Fullback",NA,"New Zealand"
"Q3110606","Gonzalo Camacho","Gonzalo Camacho","Gonzalo Oscar Camacho","1984-08-28","Buenos Aires","/wiki/Buenos_Aires",NA,NA,NA,174,85,"Winger",NA,"Argentina"
"Q3110610","Gonzalo Camardón","Gonzalo Camardón","Gonzalo Fernando Camardón","1970-12-19","Buenos Aires","/wiki/Buenos_Aires",NA,NA,NA,180,92,"Scrum-Half; Winger",NA,"Argentina"
"Q3110622","Gonzalo Garcia","Gonzalo García","Gonzalo Manuel García","1984-02-18","Mendoza; Argentina","/wiki/Mendoza_(Argentina)",NA,NA,NA,185,96,"Centre",NA,"Argentina"
"Q3110847","Gord MacKinnon","Gord MacKinnon","Gordon MacKinnon","1958-08-27","Glasgow","/wiki/Glasgow",NA,NA,NA,185,95,"3rd Row",NA,"United Kingdom"
"Q3113187","Graeme Bachop","Graeme Bachop","Graeme Thomas Miro Bachop","1967-06-11","Christchurch","/wiki/Christchurch",NA,NA,NA,177,82,"Scrum-Half",NA,"New Zealand"
"Q3113272","Graham Shiel","Graham Shiel","Andrew Graham Shiel","1970-08-13","Galashiels","/wiki/Galashiels",NA,NA,NA,178,89,"Centre",NA,"Scotland"
"Q3116311","Gregor Townsend","Gregor Townsend","Gregor Peter John Townsend","1973-04-26","Edinburgh","/wiki/Edimburgo",NA,NA,NA,183,93,"Fly-Half; Centre; Fullback",NA,"Scotland"
"Q3116394","Greig Laidlaw","Greig Laidlaw","Greig David Laidlaw","1985-10-12","Edinburgh","/wiki/Edimburgo",NA,NA,NA,175,80,"Scrum-Half",NA,"Scotland"
"Q3120536","Guillermo Angaut","Guillermo Angaut","Guillermo Pablo Angaut","1965-01-16","La Plata","/wiki/La_Plata",NA,NA,NA,180,80,"Fullback",NA,"Argentina"
"Q3120566","Guillermo del Castillo","Guillermo del Castillo","Guillermo José del Castillo","1963-12-14","Rosario","/wiki/Rosario_(Argentina)",NA,NA,NA,NA,NA,"Fullback; Fly-Half",NA,"Argentina"
"Q3121574","Guy Boniface","Guy Boniface",NA,"1937-03-06","Montfort-en-Chalosse","/wiki/Montfort-en-Chalosse","1968-01-01","Saint-Sever","/wiki/Saint-Sever",172,72,"Centre",NA,"France"
"Q3121620","Guy Camberabero","Guy Camberabero",NA,"1936-03-17","Saubion","/wiki/Saubion","2023-10-26","Valence; Drôme","/wiki/Valence,_Francia",170,64,"Fly-Half",NA,"France"
"Q3121913","Guy Laporte","Guy Laporte",NA,"1952-12-15","Beaufort; Haute-Garonne","/wiki/Beaufort_(Alto_Garona)","2022-01-28","Toulouse","/wiki/Toulouse",183,85,"Fly-Half",NA,"France"
"Q3123650","Gérald Merceron","Gérald Merceron",NA,"1975-02-25","Cognac; France","/wiki/Co%C3%B1ac_(Francia)",NA,NA,NA,172,80,"Fly-Half",NA,"France"
"Q3124197","Gérard Murillo","Gérard Murillo",NA,"1932-02-09","10th arrondissement of Paris","/wiki/X_distrito_de_Par%C3%ADs","2023-10-11","Ciboure","/wiki/Ciboure",NA,NA,NA,NA,"France"
"Q3126862","Hannes Strydom","Hannes Strydom","Johannes Jacobus Strydom","1965-07-13","Welkom","/wiki/Welkom","2023-11-19","Mpumalanga","/wiki/Provincia_de_Mpumalanga",198,115,"2nd Row",NA,"South Africa"
"Q3129458","Heinke van der Merwe","Van der Merwe","Hendrik Schalk van der Merwe","1985-05-03","Johannesburg","/wiki/Johannesburgo",NA,NA,NA,182,110,"Prop",NA,"South Africa"
"Q3130302","Hennie Muller","Hennie Muller","Hendrik Scholtz Vosloo Muller","1922-03-26","Witbank","/w/index.php?title=Witbank&action=edit&redlink=1","1977-04-26","Cape Town","/wiki/Ciudad_del_Cabo",190,105,"Number 8",NA,"South Africa"
"Q3132693","Henry Chavancy","Henry Chavancy",NA,"1988-05-22","France","/wiki/Francia",NA,NA,NA,181,97,"Outside Centre",NA,"France"
"Q3132839","Henry Honiball","Henry Honiball","Henry William Honiball","1965-12-01","KwaZulu-Natal","/wiki/KwaZulu-Natal",NA,NA,NA,185,98,"Fly-Half",NA,"South Africa"
"Q3134048","Herman Bosman","Herman Bosman","Herman Meyer Bosman","1985-04-19","Bethlehem","/w/index.php?title=Bethlehem_(Sud%C3%A1frica)&action=edit&redlink=1",NA,NA,NA,192,97,"Centre",NA,"South Africa"
"Q3134297","Hernán Senillosa","Hernán Senillosa",NA,"1977-10-01","Buenos Aires","/wiki/Buenos_Aires",NA,NA,NA,179,90,"Centre",NA,"Argentina"
"Q3136382","Hirotoki Onozawa","Hirotoki Onozawa",NA,"1978-03-29","Shimada; Shizuoka","/wiki/Shimada",NA,NA,NA,180,85,"Winger",NA,"Japon"
"Q3136862","Juan Soler","Juan Soler",NA,"1966-01-19","San Miguel de Tucumán","/wiki/San_Miguel_de_Tucum%C3%A1n",NA,NA,NA,NA,NA,NA,NA,NA
"Q3142418","Hugo MacNeill","Hugo MacNeill","Hugh Patrick MacNeill","1958-09-16","Dublin","/wiki/Dubl%C3%ADn",NA,NA,NA,NA,NA,"Fullback",NA,"Ireland"
"Q3147193","Iain Balshaw","Iain Balshaw","Iain Robert Balshaw","1979-04-14","Blackburn","/wiki/Blackburn",NA,NA,NA,185,94,"Winger; Fullback",NA,"England"
"Q3147201","Iain Paxton","Iain Paxton","Iain Angus McLeod Paxton","1957-12-29","Dunfermline","/wiki/Dunfermline",NA,NA,NA,185,100,"Number 8",NA,"Scotland"
"Q3147285","Ian Jones","Ian Jones","Ian Donald Jones","1967-04-17","Whangārei","/wiki/Whangarei",NA,NA,NA,198,104,"2nd Row",NA,"New Zealand"
"Q3147324","Ian Smith",NA,NA,NA,NA,NA,NA,NA,NA,NA,NA,NA,NA,NA
"Q3148027","Iestyn Harris","Iestyn Harris","Iestyn Rhys Harris","1976-06-25","Oldham","/wiki/Oldham",NA,NA,NA,183,92,"Fly-Half; Centre",NA,"England"
"Q3148207","Ignacio Mieres",NA,NA,NA,NA,NA,NA,NA,NA,NA,NA,NA,NA,NA
"Q3148682","Ilivasi Tabua","Ilivasi Tabua","Ilivasi Sevia Tabua Tamanivalu","1964-09-30","Nadroga-Navosa Province","/wiki/Nadroga-Navosa",NA,NA,NA,193,106,"3rd Row",NA,"Fiji"
"Q3154098","Ion Insausti Jiménez","Ion Insausti","Ion Insausti Jiménez","1984-04-27","Hernani; Spain","/wiki/Hernani",NA,NA,NA,180,110,"Prop",NA,NA
"Q3154733","Isaac Boss","Isaac Boss","Isaac James Boss","1980-04-09","Tokoroa","/w/index.php?title=Tokoroa&action=edit&redlink=1",NA,NA,NA,178,88,"Scrum-Half",NA,"New Zealand"
"Q3155646","Israel Folau","Israel Folau",NA,"1989-04-03","New South Wales","/wiki/Nueva_Gales_del_Sur",NA,NA,NA,194,103,"Fullback; Winger; Centre",NA,"Australia"
"Q3156103","Ivan Francescato","Ivan Francescato",NA,"1967-02-10","Treviso","/wiki/Treviso","1999-01-19","Treviso","/wiki/Treviso",178,83,"Centre; Scrum-Half",NA,"Italy"
"Q3156402","Iwan Tukalo","Iwan Tukalo","Iwan Carmen Tukalo","1961-03-05","Edinburgh","/wiki/Edimburgo",NA,NA,NA,175,80,"Winger",NA,"Scotland"
"Q3157310","Jack Rowell","Jack Rowell",NA,NA,"Gosforth; Cumbria","/wiki/Gosforth","2024-07-01",NA,NA,200,102,"2nd Row",NA,"England"
"Q3158435","Jacques Burger","Jacques Burger",NA,"1983-07-29","Windhoek","/wiki/Windhoek",NA,NA,NA,188,105,"Flanker",NA,"Namibia"
"Q3159378","Jacques Lepatey","Jacques Lepatey",NA,"1929-09-25","Mazamet","/wiki/Mazamet","2024-05-01","Montredon-des-Corbières","/wiki/Montredon-des-Corbi%C3%A8res",178,NA,"Winger",NA,"France"
"Q3159924","Jacques Rougerie","Jacques Rougerie",NA,"1948-05-11","Pamiers","/wiki/Pamiers","2023-08-12","Ceyrat","/wiki/Ceyrat",180,105,"Prop; Hooker",NA,"France"
"Q3160940","James Bevan",NA,NA,NA,NA,NA,NA,NA,NA,NA,NA,NA,NA,NA
"Q3161007","James Dalton","James Dalton",NA,"1972-08-10","Johannesburg","/wiki/Johannesburgo",NA,NA,NA,177,95,"Hooker",NA,"South Africa"
"Q3161537","Jamie Joseph","Jamie Joseph","James Whitinui Joseph","1969-11-21","Blenheim; New Zealand","/wiki/Blenheim_(Nueva_Zelanda)",NA,NA,NA,196,110,"3rd Row",NA,"New Zealand"
"Q3162066","Jannie de Beer","Jannie de Beer","Jan Hendrik de Beer","1971-04-22","Free State (province)","/wiki/Provincia_del_Estado_Libre",NA,NA,NA,182,87,"Fly-Half",NA,"South Africa"
"Q3162956","Jason Jones-Hughes","Jason Jones-Hughes",NA,"1976-09-13","Sydney","/wiki/S%C3%ADdney",NA,NA,NA,NA,NA,"Centre",NA,NA
"Q3162966","Jason Little","Jason Little","Jason Sidney Little","1970-08-26","Darling Downs","/wiki/Darling_Downs",NA,NA,NA,185,95,"Centre",NA,"Australia"
"Q3165234","Jean-Claude Skrela","Jean-Claude Skrela",NA,"1949-10-01","Colomiers","/wiki/Colomiers",NA,NA,NA,188,90,"3rd Row",NA,"France"
"Q3166221","Jean-Jacques Crenca","Jean-Jacques Crenca",NA,"1969-04-03","Marmande","/wiki/Marmande",NA,NA,NA,180,103,"Prop",NA,"France"
"Q3168320","Jean-Patrick Lescarboura","Jean-Patrick Lescarboura",NA,"1961-01-19","Monein","/wiki/Monein",NA,NA,NA,185,90,"Fly-Half",NA,"France"
"Q3169722","Jean-Pierre Romeu","Jean-Pierre Romeu",NA,"1948-04-15","Thuir","/wiki/Thuir",NA,NA,NA,180,80,"Fly-Half",NA,"France"
"Q3171114","Jean Capdouze","Nano Capdouze",NA,"1942-08-30","Salies-de-Béarn","/wiki/Salies-de-B%C3%A9arn","1999-06-12","Lasseubetat","/wiki/Lasseubetat",NA,NA,"Centre",NA,NA
"Q3171408","Jean Condom","Jean Condom",NA,"1960-08-15","Saint-André-de-Seignanx","/wiki/Saint-Andr%C3%A9-de-Seignanx",NA,NA,NA,197,110,"2nd Row",NA,"France"
"Q3171707","Jean Desclaux","Jean Desclaux",NA,"1922-06-25","Dax; Landes","/wiki/Dax","2006-03-23","Dax",NA,180,85,"3rd Row",NA,NA
"Q3177336","Jeremy Paul","Jeremy Paul","Jeremy Adam Paul","1977-03-14","Hamilton; New Zealand","/wiki/Hamilton_(Nueva_Zelanda)",NA,NA,NA,186,102,"Hooker",NA,"New Zealand"
"Q3178816","Jim Hamilton","Jim Hamilton","James Leigh Hamilton","1982-11-17","Swindon","/wiki/Swindon",NA,NA,NA,202,124,"2nd Row",NA,"England"
"Q3178949","Jim Staples","Jim Staples","James Edward Staples","1965-10-20","Bermondsey","/wiki/Bermondsey",NA,NA,NA,188,90,"Fullback",NA,"England"
"Q3179051","Jimmy Gopperth","Jimmy Gopperth","James Gopperth","1983-06-29","New Plymouth","/wiki/Nueva_Plymouth",NA,NA,NA,178,88,"Fly-Half",NA,"New Zealand"
"Q3179170","Jimmy Yobo","Jimmy Yobo",NA,"1992-02-20","Grasse","/wiki/Grasse",NA,NA,NA,180,85,"Centre",NA,"France"
"Q3179777","Joaquín Tuculet","Joaquín Tuculet",NA,"1989-08-08","La Plata","/wiki/La_Plata",NA,NA,NA,181,91,"Fullback",NA,NA
"Q3180129","Joe McDonnell","Joe McDonnell","Joseph Michael McDonnell","1973-03-01","Hastings; New Zealand","/wiki/Hastings_(Nueva_Zelanda)",NA,NA,NA,175,108,"Prop",NA,"New Zealand"
"Q3180173","Joe Roff","Joe Roff",NA,"1975-09-20","Bendigo","/wiki/Bendigo",NA,NA,NA,192,100,"Centre; Winger",NA,"Australia"
"Q3180190","Joe Stanley","Joe Stanley","Joseph Tito Stanley","1957-04-13","Auckland","/wiki/Auckland",NA,NA,NA,178,83,"Centre",NA,"New Zealand"
"Q3180404","Johan Goosen","Johan Goosen","Johannes Lodewikus Goosen","1992-07-27","Burgersdorp","/w/index.php?title=Burgersdorp&action=edit&redlink=1",NA,NA,NA,185,90,"Fly-Half",NA,"South Africa"
"Q3180454","Johan Roux","Johan Roux","Johannes Petrus Roux","1969-02-25","Pretoria","/wiki/Pretoria",NA,NA,NA,180,85,"Scrum-Half",NA,"South Africa"
"Q3180995","John Barclay","John Barclay","John Adam Barclay","1986-09-25","British Hong Kong","/wiki/Hong_Kong_brit%C3%A1nico",NA,NA,NA,188,102,"3rd Row",NA,"China"
"Q3181347","John Devereux","John Devereux","John Anthony Devereux","1966-03-30","Bridgend","/wiki/Bridgend",NA,NA,NA,188,97,"Centre; Winger",NA,"Wales"
"Q3181382","John Drake","John Drake","John Alan Drake","1959-01-22","Auckland","/wiki/Auckland","2008-12-13","Mount Maunganui",NA,183,100,"Prop",NA,"New Zealand"
"Q3181506","John Flett","John Flett","John Alexander Flett","1963-06-15","Manly; New South Wales","/wiki/Manly",NA,NA,NA,180,85,"Winger",NA,"Australia"
"Q3181557","John Anthony Gallagher","John Gallagher","John Anthony Gallagher","1964-01-29","London","/wiki/Londres",NA,NA,NA,188,85,"Fullback",NA,"England"
"Q3181702","John Hart","John Hart","John Bernard Hart","1946-01-01","Auckland","/wiki/Auckland",NA,NA,NA,178,NA,NA,NA,"New Zealand"
"Q3181828","John Jeffrey","John Jeffrey",NA,"1959-03-25","Scottish Borders","/wiki/Scottish_Borders",NA,NA,NA,188,104,"Flanker",NA,"Scotland"
"Q3181938","John Liley","John Liley","John Garin Liley","1967-08-21","Wakefield","/wiki/Wakefield",NA,NA,NA,183,90,"Fullback",NA," England"
"Q3182098","John Mitchell","John Mitchell",NA,"1964-03-23","Hawera","/w/index.php?title=Hawera&action=edit&redlink=1",NA,NA,NA,190,100,"3rd Row",NA,"New Zealand"
"Q3182401","John Rutherford","John Rutherford","John Young Rutherford","1955-10-04","Scottish Borders","/wiki/Scottish_Borders",NA,NA,NA,180,85,"Fly-Half",NA,"Scotland"
"Q3182601","John Thornett","John Thornett","John Edward Thornett","1935-03-30","Paddington",NA,"2019-01-04","Batemans Bay","/wiki/Batemans_Bay",190,100,"3rd Row",NA,"Australia"
"Q3183177","Jon Callard","Jon Callard","Jonathan Edward Brooks Callard","1966-01-01","Leicester","/wiki/Leicester",NA,NA,NA,178,83,"Fullback",NA,"England"
"Q3183497","Jonathan Webb","Jonathan Webb","Jonathan Mark Webb","1963-08-24","London","/wiki/Londres",NA,NA,NA,188,86,"Fullback",NA,"England"
"Q3185986","Josh Kronfeld","Josh Kronfeld","Joshua Adrian Kronfeld","1971-06-20","Hastings; New Zealand","/wiki/Hastings_(Nueva_Zelanda)",NA,NA,NA,185,96,"3rd Row",NA,"New Zealand"
"Q3186246","José Cilley","José Cilley","José Luis Cilley","1972-12-28","Buenos Aires","/wiki/Buenos_Aires",NA,NA,NA,178,83,"Fly-Half",NA,"Argentina"
"Q3186267","José Díaz","José Díaz",NA,"1963-03-31","Valencia","/wiki/Valencia",NA,NA,NA,188,88,"3rd Row",NA,NA
"Q3186451","José María Núñez Piossek","José Núñez Piossek","José María Núñez Piossek","1976-12-06","San Miguel de Tucumán","/wiki/San_Miguel_de_Tucum%C3%A1n",NA,NA,NA,182,89,"Winger",NA,"Argentina"
"Q3186497","José Orengo","José Orengo","José Ramón Orengo","1976-04-26","Rosario","/wiki/Rosario_(Argentina)",NA,NA,NA,176,84,"Centre",NA,"Argentina"
"Q3187645","Juan Figallo","Juan Figallo","Juan Guillermo Figallo","1988-03-25","Salta","/wiki/Salta",NA,NA,NA,190,115,"Prop",NA,"Argentina"
"Q3187685","Juan José Imhoff","Juan Imhoff",NA,"1988-05-11","Rosario","/wiki/Rosario_(Argentina)",NA,NA,NA,180,85,"Winger",NA,NA
"Q3187756","Juan Pablo Orlandi","Juan Pablo Orlandi",NA,"1983-06-20","Mendoza; Argentina","/wiki/Mendoza_(Argentina)",NA,NA,NA,190,119,"Prop",NA,"Argentina"
"Q3187851","Juan Fernández Miranda","Juan Fernández Miranda",NA,"1974-11-07","Buenos Aires","/wiki/Buenos_Aires",NA,NA,NA,178,88,"Centre",NA,"Argentina"
"Q3188851","Jules Plisson","Jules Plisson",NA,"1991-08-20","Neuilly-sur-Seine","/wiki/Neuilly-sur-Seine",NA,NA,NA,184,92,"Fly-Half",NA,"France"
"Q3189091","Julian Huxley","Julian Huxley","Julian L. Huxley","1979-08-03","Sydney","/wiki/S%C3%ADdney",NA,NA,NA,186,94,"Fullback",NA,"Australia"
"Q3189106","Julian Savea","Julian Savea","Sio Julian Savea","1990-08-07","Wellington","/wiki/Wellington",NA,NA,NA,192,106,"Winger",NA,"New Zealand"
"Q3189482","Julien Dumora","Julien Dumora",NA,"1988-03-24","France","/wiki/Francia",NA,NA,NA,184,86,"Fullback",NA,"France"
"Q3189811","Julio Farías Cabello","Julio Farías Cabello","Julio Alfredo Farías Cabello","1978-09-19","San Miguel de Tucumán","/wiki/San_Miguel_de_Tucum%C3%A1n",NA,NA,NA,194,111,"2nd Row; 3rd Row",NA,"Argentina"
"Q3194730","Keith Crossan","Keith Crossan","Keith Derek Crossan","1959-12-29","Belfast","/wiki/Belfast",NA,NA,NA,180,85,"Winger",NA,"Ireland"
"Q3194849","Kele Leawere","Kele Leawere","Senikavika Kelemete Leawere","1974-04-27","Levuka","/wiki/Levuka",NA,NA,NA,193,120,"2nd Row",NA,"Fiji"
"Q3194886","Kelly Brown","Kelly Brown","Kelly David Robert Brown","1982-06-08","Edinburgh","/wiki/Edimburgo",NA,NA,NA,193,111,"Flanker; Number 8",NA,"Scotland"
"Q3195023","Ken Catchpole","Ken Catchpole","Kenneth William Catchpole","1936-06-21","Sydney","/wiki/S%C3%ADdney","2017-12-21","Sydney","/wiki/S%C3%ADdney",165,72,"Scrum-Half",NA,"Australia"
"Q3195079","Ken Owens","Ken Owens","Kenneth James Owens","1987-01-03","Carmarthen","/wiki/Carmarthen",NA,NA,NA,183,110,"Hooker",NA,"Wales"
"Q3195228","Kenny Logan","Kenny Logan","Kenneth McKerrow Logan","1972-04-03","Stirling","/wiki/Stirling",NA,NA,NA,185,94,"Winger",NA,"Scotland"
"Q3195261","Kensuke Hatakeyama","Kensuke Hatakeyama",NA,"1985-08-02","Miyagi",NA,NA,NA,NA,178,113,"Prop",NA,NA
"Q3195689","Kevin Dalzell","Kevin Dalzell",NA,"1974-01-25","Durban","/wiki/Durban",NA,NA,NA,173,80,"Scrum-Half",NA,"South Africa"
"Q3195748","Kevin Maggs","Kevin Maggs","Kevin Michael Maggs","1974-06-03","Bristol","/wiki/Br%C3%ADstol",NA,NA,NA,180,93,"Centre",NA,"England"
"Q3195806","Kevin Simms","Kevin Simms","Kevin Gerard Simms","1964-12-25","Merseyside","/wiki/Merseyside",NA,NA,NA,175,80,"Centre",NA,"England"
"Q3196457","Kieran Crowley","Kieran Crowley","Kieran James Crowley","1961-08-31","Taranaki","/wiki/Taranaki_(Nueva_Zelanda)",NA,NA,NA,184,85,"Fullback",NA,"New Zealand"
"Q3196881","Sione Lauaki","Sione Lauaki","Sione Tuitupu Lauaki","1981-06-22","Lifuka","/wiki/Lifuka","2017-02-12","Auckland","/wiki/Auckland",194,115,"Number 8",NA,"Tonga"
"Q3198147","Kobus Wiese","Kobus Wiese","Jakobus Johannes Wiese","1964-05-16","Paarl","/wiki/Paarl",NA,NA,NA,198,119,"2nd Row",NA,"South Africa"
"Q3200017","Krynauw Otto","Krynauw Otto",NA,"1971-10-08","Nkangala District Municipality","/wiki/Distrito_Municipal_de_Nkangala",NA,NA,NA,200,117,"2nd Row",NA,"South Africa"
"Q3200598","Kurt Morath","Kurt Morath",NA,"1984-11-13","North Shore; New Zealand","/wiki/North_Shore_City",NA,NA,NA,180,90,"Fly-Half",NA,"New Zealand"
"Q3200986","Kyran Bracken","Kyran Bracken","Kyran Paul Patrick Bracken","1971-11-22","Dublin","/wiki/Dubl%C3%ADn",NA,NA,NA,180,85,"Scrum-Half",NA,"Ireland"
"Q3201099","Kélian Galletier","Kélian Galletier",NA,"1992-03-18","France","/wiki/Francia",NA,NA,NA,190,101,"Blindside Flanker",NA,"France"
"Q3218300","Lasha Malaghuradze","Lasha Malaghuradze",NA,"1986-01-02","Tbilisi","/wiki/Tiflis",NA,NA,NA,185,92,"Fly-Half; Centre",NA,"U.S.S.R."
"Q3219488","Laurent Rodriguez","Laurent Rodríguez",NA,"1960-06-25","Poitiers","/wiki/Poitiers",NA,NA,NA,190,115,"Number 8",NA,"France"
"Q3219656","Laurie Mains","Laurie Mains","Laurence William Mains","1946-02-16","Dunedin","/wiki/Dunedin",NA,NA,NA,178,80,"Fullback",NA,"New Zealand"
"Q3229715","Leonardo Ghiraldini","Leonardo Ghiraldini","Leonardo Lorenzo Ghiraldini","1984-12-26","Padua","/wiki/Padua",NA,NA,NA,183,103,"Hooker",NA,"Italy"
"Q3229737","Leonardo Senatore","Leonardo Senatore","Leonardo Vicente Senatore","1984-05-13","Rosario","/wiki/Rosario_(Argentina)",NA,NA,NA,188,106,"Number 8; 3rd Row",NA,"Argentina"
"Q3229756","Leone Nakarawa","Leone Nakarawa",NA,"1988-04-02","Ba (town)","/wiki/Ba_(Fiyi)",NA,NA,NA,198,109,"2nd Row",NA,"Fiji"
"Q3237647","Liam Messam","Liam Messam","Liam Justin Messam","1984-03-25","Blenheim; New Zealand","/wiki/Blenheim_(Nueva_Zelanda)",NA,NA,NA,188,108,"3rd Row",NA,"New Zealand"
"Q3259468","Lorenzo Cittadini","Lorenzo Cittadini",NA,"1982-12-17","Bergamo","/wiki/B%C3%A9rgamo",NA,NA,NA,191,125,"Prop",NA,"Italy"
"Q3261118","Louis Attrill","Louis Attrill","Louis Mark Attrill","1975-03-05","Newport; Isle of Wight","/wiki/Newport_(isla_de_Wight)",NA,NA,NA,NA,NA,NA,NA,NA
"Q3265049","Lucas González Amorosino","Lucas González Amorosino",NA,"1985-11-02","Buenos Aires","/wiki/Buenos_Aires",NA,NA,NA,185,88,"Winger; Fly-Half; Fullback",NA,"Argentina"
"Q3265066","Lucas Ostiglia","Lucas Ostiglia",NA,"1976-05-03","Buenos Aires","/wiki/Buenos_Aires",NA,NA,NA,188,100,"3rd Row",NA,"Argentina"
"Q3265638","Lucien Mias","Lucien Mias",NA,"1930-09-29","Saint-Germain-de-Calberte","/wiki/Saint-Germain-de-Calberte","2024-05-13","Mazamet","/wiki/Mazamet",189,108,"2nd Row",NA,"France"
"Q3266763","Luis Molina","Luis Molina","Luis Enrique Molina","1959-11-03","San Miguel de Tucumán","/wiki/San_Miguel_de_Tucum%C3%A1n",NA,NA,NA,183,105,"Prop",NA,"Argentina"
"Q3286775","Manuel Nicolás Carizza","Manuel Carizza","Manuel Nicolás Carizza","1984-08-23","Rosario","/wiki/Rosario_(Argentina)",NA,NA,NA,202,118,"2nd Row",NA,"Argentina"
"Q3286790","Manuel Contepomi","Manuel Contepomi",NA,"1977-08-20","Buenos Aires","/wiki/Buenos_Aires",NA,NA,NA,187,90,"Centre",NA,"Argentina"
"Q3287746","Marc Andreu","Marc Andreu",NA,"1985-12-27","Fréjus","/wiki/Fr%C3%A9jus",NA,NA,NA,165,75,"Winger",NA,"France"
"Q3287748","Marc Andrieu","Marc Andrieu",NA,"1959-09-19","Carmaux","/wiki/Carmaux",NA,NA,NA,188,93,"Winger",NA,"France"
"Q3287995","Marc Ellis","Marc Ellis","Marc Christopher Ellis","1971-10-08","Wellington","/wiki/Wellington",NA,NA,NA,178,82,"Winger",NA,"New Zealand"
"Q3288818","Marcel Communeau","Marcel Communeau",NA,"1885-09-11","Beauvais","/wiki/Beauvais","1971-06-26","Beauvais","/wiki/Beauvais",181,86,"3rd Row",NA,"France"
"Q3289653","Marcelo Bosch","Marcelo Bosch","Marcelo Tristán Bosch","1984-01-07","Buenos Aires","/wiki/Buenos_Aires",NA,NA,NA,186,92,"Centre; Fly-Half",NA,"Argentina"
"Q3289654","Marcelo Campo","Marcelo Campo",NA,"1957-07-01","Quilmes","/wiki/Quilmes","2021-06-26","Uruguay","/wiki/Uruguay",180,85,"Winger",NA,NA
"Q3290089","Marco Pinto Ferrer","Marco Pinto","Marco Pinto Ferrer","1987-11-11","Barcelona","/wiki/Barcelona",NA,NA,NA,180,105,"Hooker",NA,NA
"Q3291370","Mariano Galarza","Mariano Galarza",NA,"1986-11-12","Veinticinco de Mayo Partido","/wiki/Partido_de_25_de_Mayo",NA,NA,NA,202,118,"2nd Row",NA,"Argentina"
"Q3293448","Mario Gerosa","Mario Gerosa","Mario Oscar Gerosa","1967-04-27","Rosario","/wiki/Rosario_(Argentina)",NA,NA,NA,180,85,"Winger",NA,"Argentina"
"Q3293985","Mark Andrews","Mark Andrews",NA,"1972-02-21","Chris Hani District Municipality","/wiki/Distrito_Municipal_de_Chris_Hani",NA,NA,NA,200,115,"2nd Row",NA,"South Africa"
"Q3294030","Mark Chisholm","Mark Chisholm",NA,"1981-09-18","Gladstone","/w/index.php?title=Gladstone_(Queensland)&action=edit&redlink=1",NA,NA,NA,197,117,"2nd Row",NA,"Australia"
"Q3294101","Mark Hartill","Mark Hartill","Mark Norman Hartill","1964-05-29","Sydney","/wiki/S%C3%ADdney",NA,NA,NA,183,109,"Prop",NA,"Australia"
"Q3294221","Mark Ring","Mark Ring","Mark Gerarde Ring","1962-10-15","Cardiff","/wiki/Cardiff",NA,NA,NA,182,91,"Fly-Half",NA,"Wales"
"Q3294292","Mark Wyatt","Mark Wyatt","Mark Andrew Wyatt","1961-04-12",NA,NA,NA,NA,NA,175,80,"Fullback",NA,"United Kingdom"
"Q3295486","Martin Kafka","Martin Kafka",NA,"1978-07-25","Central Bohemian Region","/wiki/Regi%C3%B3n_de_Bohemia_Central",NA,NA,NA,180,85,"Fly-Half",NA,"Czechia"
"Q3295645","Martín Terán","Martín Terán","Martín José Terán","1969-07-25",NA,NA,NA,NA,NA,174,83,"Winger",NA,"Argentina"
"Q3295922","Marty Holah","Marty Holah","Martin Rowan Holah","1976-09-10","Hamilton; New Zealand","/wiki/Hamilton_(Nueva_Zelanda)",NA,NA,NA,184,100,"3rd Row",NA,"New Zealand"
"Q3295929","Marty Roebuck","Marty Roebuck","Martin Clive Roebuck","1965-01-10","Sydney","/wiki/S%C3%ADdney",NA,NA,NA,198,100,"Fullback",NA,"Australia"
"Q3295981","Martín Durand","Martín Durand","Martín Alberto Durand","1976-05-30","Buenos Aires","/wiki/Buenos_Aires",NA,NA,NA,182,96,"3rd Row",NA,"Argentina"
"Q3295989","Martín Gaitán","Martín Gaitán",NA,"1978-06-15","Paraná; Entre Ríos","/wiki/Paran%C3%A1_(Argentina)",NA,NA,NA,177,85,"Centre",NA,"Argentina"
"Q3295994","Martín Rodríguez","Martín Rodríguez Gurruchaga",NA,"1985-12-04","Rosario","/wiki/Rosario_(Argentina)",NA,NA,NA,185,92,"Fullback; Centre",NA,"Argentina"
"Q3296002","Martín Schusterman","Martín Schusterman",NA,"1975-09-13","San Juan; Argentina","/wiki/San_Juan_(Argentina)",NA,NA,NA,189,102,"3rd Row",NA,"Argentina"
"Q3296076","Marvin O'Connor","Marvin O'Connor",NA,"1991-04-18","Annemasse","/wiki/Annemasse",NA,NA,NA,175,85,"Winger",NA,"France"
"Q3297745","Massimo Bonomi","Massimo Bonomi",NA,"1967-06-22","Brescia","/wiki/Brescia",NA,NA,NA,180,90,"Fly-Half; Centre",NA,"Italy"
"Q3297752","Massimo Cuttitta","Massimo Cuttitta",NA,"1966-09-02","Latina; Lazio","/wiki/Latina_(Italia)","2021-04-11","Albano Laziale","/wiki/Albano_Laziale",180,110,"Prop",NA,"Italy"
"Q3298650","Mathieu Bélie","Mathieu Belie",NA,"1988-02-28","Toulouse","/wiki/Toulouse",NA,NA,NA,181,78,"Fly-Half",NA,NA
"Q3298807","Mathieu Lopez","Matthieu López","Matthieu López Herrero","1982-08-23","France","/wiki/Francia",NA,NA,NA,165,73,"Scrum-Half",NA,NA
"Q3299080","Matias Cortese","Matias Cortese",NA,"1985-10-01","Mendoza; Argentina","/wiki/Mendoza_(Argentina)",NA,NA,NA,183,107,"Hooker",NA,"Argentina"
"Q3299432","Matt Dawson","Matt Dawson","Matthew James Sutherland Dawson","1972-10-31","Birkenhead","/wiki/Birkenhead",NA,NA,NA,178,83,"Scrum-Half",NA,"England"
"Q3299562","Matt Toomua","Matt Toomua","Matthew P. Toomua","1990-01-02","Melbourne","/wiki/Melbourne",NA,NA,NA,182,89,"Inside Centre; Fly-Half",NA,"Australia"
"Q3299684","Matthew Burke","Matthew Burke","Matthew Peter Burke","1964-09-15","Sydney","/wiki/S%C3%ADdney",NA,NA,NA,NA,NA,"Winger",NA,"Australia"
"Q3299694","Matt Cockbain","Matt Cockbain","Matthew James Cockbain","1972-09-19","Coffs Harbour","/wiki/Coffs_Harbour",NA,NA,NA,197,105,"2nd Row",NA,"Australia"
"Q3299977","Mattin Auzqui","Mattin Auzqui",NA,"1982-09-06","Bayonne","/wiki/Bayona_(Francia)",NA,NA,NA,174,115,"Prop",NA,NA
"Q3301624","Mauricio Reggiardo","Mauricio Reggiardo","Mauricio Horacio Reggiardo","1970-02-22","Bragado","/wiki/Bragado",NA,NA,NA,190,120,"Prop",NA,"Argentina"
"Q3302040","Max Brito","Max Brito","Maxime Brito","1971-04-08","Abidjan","/wiki/Abiy%C3%A1n","2022-12-19","Bordeaux","/wiki/Burdeos",182,83,"Winger",NA,"Ivory Coast"
"Q3302643","Maxime Machenaud","Maxime Machenaud",NA,"1988-12-30","Bordeaux","/wiki/Burdeos",NA,NA,NA,174,84,"Scrum-Half",NA,"France"
"Q3308051","Michael Bradley","Michael Bradley","Michael Timothy Bradley","1962-11-17","Cork (city)","/wiki/Cork",NA,NA,NA,180,85,"Scrum-Half",NA,"Ireland"
"Q3308102","Michael Cheika","Michael Cheika","Michael A. Cheika","1967-03-04","Sydney","/wiki/S%C3%ADdney",NA,NA,NA,NA,NA,"Number 8",NA,"Australia"
"Q3308195","Michael Foley","Michael Foley","Michael Anthony Foley","1967-06-07","Sydney","/wiki/S%C3%ADdney",NA,NA,NA,180,100,"Hooker",NA,"Australia"
"Q3308294","Mike Kiernan","Michael Kiernan","Michael Joseph Kiernan","1961-01-17","Cork (city)","/wiki/Cork",NA,NA,NA,NA,NA,"Centre",NA,"Ireland"
"Q3311738","Mickael De Marco","Mickael De Marco",NA,"1989-04-22","Montpellier","/wiki/Montpellier",NA,NA,NA,197,118,"2nd Row",NA,NA
"Q3311782","Mickaël Ivaldi","Mickaël Ivaldi",NA,"1990-02-20","France","/wiki/Francia",NA,NA,NA,181,108,"Hooker",NA,"France"
"Q3311889","Michael Skinner","Michael Skinner","Michael Gordon Skinner","1958-11-26","Newcastle upon Tyne","/wiki/Newcastle_upon_Tyne",NA,NA,NA,187,100,"Number 8",NA,"England"
"Q3312949","Miguel Avramovic","Miguel Avramovic",NA,"1981-07-18","Buenos Aires","/wiki/Buenos_Aires",NA,NA,NA,185,98,"Centre",NA,"Argentina"
"Q3313238","Mike Brewer","Mike Brewer","Michael Robert Brewer","1964-11-06","Pukekohe","/w/index.php?title=Pukekohe&action=edit&redlink=1",NA,NA,NA,195,103,"3rd Row",NA,"New Zealand"
"Q3313242","Mike Brown","Mike Brown","Michael Noel Brown","1985-09-04","Southampton","/wiki/Southampton",NA,NA,NA,183,89,"Fullback",NA,"England"
"Q3313261","Mike Catt","Mike Catt","Michael John Catt","1971-09-17","Gqeberha","/wiki/Puerto_Elizabeth",NA,NA,NA,177,86,"Fullback; Fly-Half; Centre",NA,"South Africa"
"Q3313357","Mike Harrison","Mike Harrison","Michael Edward Harrison","1956-04-19","Barnsley","/wiki/Barnsley",NA,NA,NA,178,82,"Winger",NA,"England"
"Q3313363","Mike Hercus","Mike Hercus","Michael Hercus","1979-06-05","Falls Church; Virginia","/wiki/Falls_Church",NA,NA,NA,178,83,"Fly-Half",NA,"U.S.A."
"Q3313522","Mike Ross","Mike Ross","Michael Robert Ross","1979-12-21","Cork (city)","/wiki/Cork_(ciudad)",NA,NA,NA,188,127,"Prop",NA,"Ireland"
"Q3315671","Minya Csaba Gál","Minya Csaba Gál",NA,"1985-03-07","Cluj-Napoca","/wiki/Cluj-Napoca",NA,NA,NA,183,90,"Centre",NA,"Romania"
"Q3324008","Morgan Turinui","Morgan Turinui","Morgan Paratene Turinui","1982-01-05","Sydney","/wiki/S%C3%ADdney",NA,NA,NA,181,100,"Centre",NA,"Australia"
"Q3324209","Morné du Plessis","Morné du Plessis",NA,"1949-10-21","Vereeniging","/wiki/Vereeniging",NA,NA,NA,195,100,"Number 8",NA,"South Africa"
"Q3328211","Murray Pierce","Murray Pierce","Murray James Pierce","1957-11-01","Timaru","/w/index.php?title=Timaru&action=edit&redlink=1",NA,NA,NA,198,107,"2nd Row",NA,"New Zealand"
"Q3328311","Pablo Feijoo","Pablo Feijoo","Pablo Feijoo Ugalde","1982-05-18","San Sebastián","/wiki/San_Sebasti%C3%A1n",NA,NA,NA,172,73,"Scrum-Half",NA,NA
"Q3335328","Naka Drotské","Naka Drotské","Allen Erasmus Drotské","1971-03-15","Senekal","/w/index.php?title=Senekal&action=edit&redlink=1",NA,NA,NA,182,108,"Hooker",NA,"South Africa"
"Q3335909","Napolioni Nalaga","Napolioni Nalaga","Napolioni Vonowale Nalaga","1986-04-07","Viti Levu","/wiki/Viti_Levu",NA,NA,NA,191,105,"Winger",NA,"Fiji"
"Q3336729","Nathan Grey","Nathan Grey","Nathan Patrick Grey","1975-03-31","Gosford","/w/index.php?title=Gosford&action=edit&redlink=1",NA,NA,NA,185,98,"Centre",NA,"Australia"
"Q3337982","Nemani Nadolo","Nemani Nadolo","Ratu Nemani Driu Nasiganiyavi","1988-01-31","Black sigatoka","/wiki/Sigatoka",NA,NA,NA,196,126,"Winger; Centre",NA,"Fiji"
"Q3339714","Nick Beal","Nick Beal","Nicholas David Beal","1970-12-02","East Riding of Yorkshire","/wiki/Yorkshire_del_Este",NA,NA,NA,188,93,"Fullback",NA,"England"
"Q3339743","Nick Farr-Jones","Nick Farr-Jones","Nicholas Campbell Farr-Jones","1962-04-18","Sydney","/wiki/S%C3%ADdney",NA,NA,NA,178,84,"Scrum-Half",NA,"Australia"
"Q3339789","Nick Popplewell","Nick Popplewell","Nicholas James Popplewell","1964-04-06","Dublin","/wiki/Dubl%C3%ADn",NA,NA,NA,178,110,"Prop",NA,"Ireland"
"Q3339839","Nicky Barr","Nicky Barr",NA,"1915-12-10","Wellington","/wiki/Wellington","2006-06-12","Gold Coast; Queensland","/wiki/Gold_Coast_(Australia)",NA,NA,"Hooker",NA,NA
"Q3340158","Nicolas Brusque","Nicolas Brusque",NA,"1976-08-07","Pau; Pyrénées-Atlantiques","/wiki/Pau_(Pirineos_Atl%C3%A1nticos)",NA,NA,NA,189,87,"Fullback",NA,"France"
"Q3341190","Nicolás Vergallo","Nicolás Vergallo",NA,"1983-08-20","Rosario","/wiki/Rosario_(Argentina)",NA,NA,NA,168,75,"Scrum-Half",NA,"Argentina"
"Q3341351","Nigel Heslop","Nigel Heslop","Nigel John Heslop","1963-12-04","Hartlepool","/wiki/Hartlepool",NA,NA,NA,178,83,"Winger",NA,"England"
"Q3341363","Nigel Redman","Nigel Redman","Nigel Charles Redman","1964-08-16","Cardiff","/wiki/Cardiff",NA,NA,NA,193,110,"2nd Row",NA,"Wales"
"Q3345864","Noel Murphy",NA,NA,NA,NA,NA,NA,NA,NA,NA,NA,NA,NA,NA
"Q3351185","Olivier Magne","Olivier Magne","Olivier Claude Charles Magne","1973-04-11","Aurillac","/wiki/Aurillac",NA,NA,NA,193,95,"Flanker",NA,"France"
"Q3351349","Olivier Roumat","Olivier Roumat",NA,"1966-06-16","Mont-de-Marsan","/wiki/Mont-de-Marsan",NA,NA,NA,200,117,"2nd Row; Number 8",NA,"France"
"Q3351501","Ollie Campbell","Ollie Campbell","Seamus Oliver Campbell","1954-03-05","Dublin","/wiki/Dubl%C3%ADn",NA,NA,NA,187,85,"Fly-Half",NA,"Ireland"
"Q3358954","Ovidiu Tonița","Ovidiu Toniţa",NA,"1980-08-06","Bârlad","/wiki/B%C3%A2rlad",NA,NA,NA,195,109,"Flanker",NA,"Romania"
"Q3358996","Owen Finegan","Owen Finegan","Owen Desmond Anthony Finegan","1972-04-22","Sydney","/wiki/S%C3%ADdney",NA,NA,NA,197,119,"2nd Row",NA,"Australia"
"Q3359963","Pablo Bouza","Pablo Bouza",NA,"1973-05-09","Rosario","/wiki/Rosario_(Argentina)",NA,NA,NA,193,NA,"2nd Row",NA,"Argentina"
"Q3359973","Pablo Garretón","Pablo Garretón","Pablo Arturo Garretón","1966-06-26","San Miguel de Tucumán","/wiki/San_Miguel_de_Tucum%C3%A1n",NA,NA,NA,185,93,"3rd Row",NA,"Argentina"
"Q3359982","Pablo Lemoine","Pablo Lemoine","Pablo Adrián Lemoine","1975-03-01","Montevideo","/wiki/Montevideo",NA,NA,NA,185,120,"Prop",NA,"Uruguay"
"Q3367547","Pascal Ondarts","Pascal Ondarts",NA,"1956-04-01","Méharin","/wiki/M%C3%A9harin",NA,NA,NA,178,101,"Prop",NA,"France"
"Q3368550","Pat Lam","Pat Lam","Patrick Richard Lam","1968-09-29","Auckland","/wiki/Auckland",NA,NA,NA,188,105,"Number 8",NA,"New Zealand"
"Q3368577","Pat Palmer","Pat Palmer","Patrick Palmer","1962-11-06","Vancouver","/wiki/Vancouver",NA,NA,NA,180,85,"Winger",NA,"Canada"
"Q3369432","Patrick Estève","Patrick Estève",NA,"1959-02-14","Lavelanet","/wiki/Lavelanet",NA,NA,NA,183,85,"Winger",NA,"France"
"Q3370513","Paul Arnold","Paul Arnold","Paul D. Arnold","1968-04-28","Swansea","/wiki/Swansea",NA,NA,NA,196,100,"2nd Row",NA,"Wales"
"Q3371365","Paul Grayson","Paul Grayson","Paul James Grayson","1971-05-30","Lancashire","/wiki/Lancashire",NA,NA,NA,178,88,"Fly-Half",NA,"England"
"Q3371478","Paul Honiss",NA,NA,NA,NA,NA,NA,NA,NA,NA,NA,NA,NA,NA
"Q3371822","Paul McLean","Paul McLean","Paul Edward McLean","1953-10-12","Ipswich; Queensland","/wiki/Ipswich_(Australia)",NA,NA,NA,178,80,"Fly-Half",NA,"Australia"
"Q3371870","Paul Moriarty","Paul Moriarty","William Paul Moriarty","1964-07-16","Swansea","/wiki/Swansea",NA,NA,NA,195,110,"2nd Row",NA,"Wales"
"Q3372090","Paul Rendall","Paul Rendall","Paul Anthony George Rendall","1954-02-18","London","/wiki/Londres","2023-06-12",NA,NA,180,107,"Prop",NA,"United Kingdom"
"Q3372289","Paul Thorburn","Paul Thorburn","Paul Huw Thorburn","1962-11-24","Mönchengladbach","/wiki/M%C3%B6nchengladbach",NA,NA,NA,183,90,"Fullback",NA,"Germany"
"Q3372650","Paulică Ion","Ion Paulică",NA,"1983-01-10","Brăila","/wiki/Br%C4%83ila",NA,NA,NA,183,119,"Prop",NA,"Romania"
"Q3374132","Pedro Sporleder","Pedro Sporleder","Pedro Luis Sporleder","1971-01-02","Buenos Aires","/wiki/Buenos_Aires",NA,NA,NA,198,117,"2nd Row",NA,"Argentina"
"Q3374566","Pelu Taele-Pavihi","Pelu Taele-Pavihi",NA,"1981-09-28","Dunedin","/wiki/Dunedin",NA,NA,NA,198,114,"2nd Row",NA,"New Zealand; Samoa"
"Q3376482","Peter Brown","Peter Brown",NA,"1941-NA-16","Troon","/wiki/Troon_(South_Ayrshire)","2025-01-12",NA,NA,NA,NA,"Number 8; 2nd Row",NA,"Scotland"
"Q3376542","Peter Dixon","Peter Dixon","Peter-John Dixon","1944-04-30","Keighley","/wiki/Keighley","2023-08-02","Cumbria","/wiki/Cumbria",NA,NA,NA,NA,"England"
"Q3376657","Peter Howard","Peter Howard","Peter Dunsmore Howard","1908-01-01",NA,NA,"1965-01-01",NA,NA,NA,NA,NA,NA,NA
"Q3376886","Peter Slattery","Peter Slattery","Peter John Slattery","1965-06-06","Brisbane","/wiki/Brisbane",NA,NA,NA,179,87,"Scrum-Half",NA,"Australia"
"Q3378783","Phil Greening","Phil Greening","Philip Bradley Thomas Greening","1975-10-03","Gloucester","/wiki/Gloucester",NA,NA,NA,178,105,"Hooker",NA,"England"
"Q3378800","Phil Kearns","Phil Kearns","Philip Nicholas Kearns","1967-06-27","Sydney","/wiki/S%C3%ADdney",NA,NA,NA,183,109,"Hooker",NA,"Australia"
"Q3378838","Phil Waugh","Phil Waugh","Philip Robert Waugh","1979-09-22","Sydney","/wiki/S%C3%ADdney",NA,NA,NA,175,100,"3rd Row",NA,"Australia"
"Q3379342","Philippe Bernat-Salles","Philippe Bernat-Salles",NA,"1970-02-17","Pau; Pyrénées-Atlantiques","/wiki/Pau_(Pirineos_Atl%C3%A1nticos)",NA,NA,NA,180,80,"Winger",NA,"France"
"Q3380687","Philippe Saint-André","Philippe Saint-André","Philippe Georges Saint-André","1967-04-19","Romans-sur-Isère","/wiki/Romans-sur-Is%C3%A8re",NA,NA,NA,180,90,"Winger",NA,"France"
"Q3383662","Pierre Albaladejo","Pierre Albaladejo",NA,"1933-12-14","Dax; Landes","/wiki/Dax",NA,NA,NA,180,85,"Fullback",NA,"France"
"Q3383935","Pierre Berbizier","Pierre Berbizier",NA,"1958-06-17","Saint-Gaudens; Haute-Garonne","/wiki/Saint-Gaudens",NA,NA,NA,169,70,"Scrum-Half",NA,"France"
"Q3384623","Pierre Danos","Pierre Danos",NA,"1929-06-04","Toulouse","/wiki/Toulouse","2023-01-16","Béziers","/wiki/B%C3%A9ziers",175,76,"Scrum-Half",NA,"France"
"Q3387305","Pierre Villepreux","Pierre Villepreux",NA,"1943-07-05","Arnac-Pompadour","/wiki/Arnac-Pompadour",NA,NA,NA,180,85,"Fullback",NA,"France"
"Q3388004","Pieter Hendriks","Pieter Hendriks",NA,"1970-04-13","Northern Cape","/wiki/Provincia_Septentrional_del_Cabo",NA,NA,NA,183,86,"Winger",NA,"South Africa"
"Q3388026","Pieter Rossouw","Pieter Rossouw","Pieter Willem Gabriel Rossouw","1971-12-03","Swellendam","/wiki/Swellendam",NA,NA,NA,193,94,"Winger",NA,"South Africa"
"Q3401755","Toby Faletau","Taulupe Faletau","Tangaki Taulupe Faletau","1990-11-12","Haʻapai","/wiki/Ha%27apai",NA,NA,NA,187,110,"Number 8",NA,"Tonga"
"Q3403741","Rhys Priestland","Rhys Priestland",NA,"1987-01-09","Carmarthen","/wiki/Carmarthen",NA,NA,NA,188,95,"Fly-Half",NA,"United Kingdom"
"Q3411871","Pépito Elhorga","Pépito Elhorga",NA,"1978-01-06","Agboville","/wiki/Agboville",NA,NA,NA,178,85,"Fullback",NA,"Ivory Coast"
"Q3417243","Rafael Madero","Rafael Madero","Rafael M. Madero","1958-07-16","Buenos Aires","/wiki/Buenos_Aires",NA,NA,NA,180,85,"Centre",NA,"Argentina"
"Q3418242","Ralph Caulton","Ralph Caulton","Ralph Walter Caulton","1937-01-10","Wellington","/wiki/Wellington","2024-06-11","Stoke",NA,181,77,"Winger",NA,"New Zealand"
"Q3418271","Ralph Keyes","Ralph Keyes","Ralph Patrick Keyes","1961-08-01","Cork (city)","/wiki/Cork",NA,NA,NA,178,80,"Fly-Half",NA,"Ireland"
"Q3419243","Raoul Paoli","Raoul Paoli","Jacques Marie Lucien Raoul Simonpaoli","1887-11-24","Courtalain","/wiki/Courtalain","1960-03-23","Paris","/wiki/Par%C3%ADs",NA,NA,NA,NA,NA
"Q3419402","Raphaël Bastide","Rafael Bastide","Rafael Bastide Gutiérrez","1977-11-24","Getxo","/wiki/Guecho",NA,NA,NA,187,91,"3rd Row",NA,NA
"Q3420549","Ray Nelson","Ray Nelson","Raymond Brian Nelson","1961-06-11",NA,NA,NA,NA,NA,NA,NA,"Fullback",NA,"United Kingdom"
"Q3428323","Reuben Thorne","Reuben Thorne","Reuben David Thorne","1975-01-02","Christchurch","/wiki/Christchurch",NA,NA,NA,192,107,"2nd Row",NA,"New Zealand"
"Q3430269","Ricardo Le Fort","Ricardo Le Fort",NA,"1971-10-13","San Miguel de Tucumán","/wiki/San_Miguel_de_Tucum%C3%A1n",NA,NA,NA,180,110,"Hooker",NA,"Argentina"
"Q3430728","Richard Dourthe","Richard Dourthe",NA,"1974-12-13","Dax; Landes","/wiki/Dax",NA,NA,NA,188,99,"Centre",NA,"France"
"Q3430866","Richard Hill","Richard Hill","Richard Anthony Hill","1973-05-23","Dormansland; Surrey","/wiki/Dormansland",NA,NA,NA,188,108,"3rd Row",NA,"England"
"Q3430989","Richard Loe","Richard Loe","Richard Wyllie Loe","1960-04-06","Christchurch","/wiki/Christchurch",NA,NA,NA,188,110,"Prop",NA,"New Zealand"
"Q3435056","James Baxter","James Baxter",NA,"1870-06-08","Birkenhead","/wiki/Birkenhead","1940-07-04","Birkenhead","/wiki/Birkenhead",NA,NA,NA,NA,NA
"Q3435545","Robert Jones","Robert Jones","Robert Nicholas Jones","1965-10-10","Glanamman","/w/index.php?title=Glanamman&action=edit&redlink=1",NA,NA,NA,173,77,"Scrum-Half",NA,"Wales"
"Q3436034","Robert Paparemborde","Robert Paparemborde",NA,"1948-07-05","Ance; Pyrénées-Atlantiques","/wiki/Ance","2001-04-18","Paris (mythology)","/wiki/Paris",NA,NA,"Prop",NA,NA
"Q3436908","Roberto Diego Grau","Roberto Grau","Roberto Diego Grau","1970-07-16","Mendoza; Argentina","/wiki/Mendoza_(Argentina)",NA,NA,NA,182,108,"Prop",NA,"Argentina"
"Q3437048","Robin Brooke","Robin Brooke","Robin Matthew Brooke","1966-12-10","Warkworth","/w/index.php?title=Warkworth_(Nueva_Zelanda)&action=edit&redlink=1",NA,NA,NA,197,109,"2nd Row",NA,"New Zealand"
"Q3438087","Rod Macqueen","Rod Macqueen","Roderick Ian Macqueen","1949-12-31","Sydney","/wiki/S%C3%ADdney",NA,NA,NA,NA,NA,NA,NA,"Australia"
"Q3438107","Rod Snow","Rod Snow","Gerald Arthur Rod Snow","1970-05-01","Newfoundland and Labrador","/wiki/Terranova_y_Labrador",NA,NA,NA,180,115,"Prop",NA,"Canada"
"Q3438240","Rodney So'oialo","Rodney So'oialo",NA,"1979-10-03","Apia","/wiki/Apia",NA,NA,NA,190,112,"Number 8",NA,"Samoa"
"Q3438352","Rodolphe Modin","Rodolphe Modin",NA,"1959-03-26","Gennevilliers","/wiki/Gennevilliers",NA,NA,NA,177,80,"Scrum-Half",NA,"France"
"Q3438455","Rodrigo Crexell","Rodrigo Crexell","Rodrigo Hugo Crexell","1968-02-05","Rosario","/wiki/Rosario_(Argentina)",NA,NA,NA,NA,NA,"Scrum-Half",NA,"Argentina"
"Q3439040","Roger Gould","Roger Gould","Roger George Gould","1957-04-04","Brisbane","/wiki/Brisbane",NA,NA,NA,188,90,"Fullback",NA,"Australia"
"Q3440712","Romain Martial","Romain Martial",NA,"1984-11-13","Clermont-Ferrand","/wiki/Clermont-Ferrand",NA,NA,NA,195,100,"Winger",NA,"France"
"Q3441784","Ronnie Dawson","Ronnie Dawson","Alfred Ronald Dawson","1932-06-05","Dublin","/wiki/Dubl%C3%ADn","2024-05-11",NA,NA,180,105,"Hooker",NA,"Ireland"
"Q3442046","Rory Kockott","Rory Kockott",NA,"1986-06-25","East London; South Africa","/wiki/East_London",NA,NA,NA,180,89,"Scrum-Half",NA,"South Africa"
"Q3442064","Rory Underwood","Rory Underwood",NA,"1963-06-19","Middlesbrough","/wiki/Middlesbrough",NA,NA,NA,173,86,"Winger",NA,"England"
"Q3446467","Ruben Kruger","Ruben Kruger","Ruben Jacobus Kruger","1970-03-30","Free State (province)","/wiki/Provincia_del_Estado_Libre","2010-01-27","Pretoria","/wiki/Pretoria",188,100,"3rd Row",NA,"South Africa"
"Q3455995","Rémi Bonfils","Rémi Bonfils",NA,"1988-09-26","Paris","/wiki/Par%C3%ADs",NA,NA,NA,178,100,"Hooker",NA,"France"
"Q3456142","Rémy Grosso","Rémy Grosso",NA,"1988-12-04","Lyon","/wiki/Lyon",NA,NA,NA,189,103,"Winger",NA,"France"
"Q3470458","Sam Cane","Sam Cane","Samuel Jordan Cane","1992-01-13","Rotorua","/wiki/Rotorua",NA,NA,NA,189,103,"3rd Row",NA,"New Zealand"
"Q3470471","Sam Cordingley","Sam Cordingley","Samuel John Cordingley","1976-03-20","Sydney","/wiki/S%C3%ADdney",NA,NA,NA,178,87,"Scrum-Half",NA,"Australia"
"Q3472873","Santiago Fernández","Santiago Fernández",NA,"1985-11-28","Buenos Aires","/wiki/Buenos_Aires",NA,NA,NA,183,83,"Fly-Half; Centre",NA,NA
"Q3472877","Santiago Guzmán","Santiago Guzmán",NA,"1989-01-11","San Miguel de Tucumán","/wiki/San_Miguel_de_Tucum%C3%A1n",NA,NA,NA,NA,NA,"2nd Row",NA,NA
"Q3475287","Schalk Brits","Schalk Brits","Schalk Burger Brits","1981-05-16","Empangeni","/w/index.php?title=Empangeni&action=edit&redlink=1",NA,NA,NA,182,100,"Hooker",NA,"South Africa"
"Q3476297","Scott Robertson","Scott Robertson","Scott Maurice Robertson","1974-08-21","Tauranga","/wiki/Tauranga",NA,NA,NA,190,109,"Number 8",NA,"New Zealand"
"Q3476309","Scott Spedding","Scott Spedding","Scott Leonard Spedding","1986-05-04","Krugersdorp","/wiki/Krugersdorp",NA,NA,NA,187,97,NA,NA,"South Africa"
"Q3476314","Scott Stewart","Scott Stewart","Douglas Scott Stewart","1969-01-16","Vancouver","/wiki/Vancouver",NA,NA,NA,187,95,"Fullback",NA,"Canada"
"Q3476318","Scott Staniforth","Scott Staniforth","Scott Nicholas Gelling Staniforth","1977-12-12","West Wyalong","/w/index.php?title=West_Wyalong&action=edit&redlink=1",NA,NA,NA,188,100,"Winger",NA,"Australia"
"Q3476709","Sean Cronin","Sean Cronin","Seán M. Cronin","1986-05-06","Limerick","/wiki/Limerick",NA,NA,NA,181,105,"Hooker",NA,"Ireland"
"Q3476744","Sean Maitland","Sean Maitland","Sean Daniel Maitland","1988-09-14","Tokoroa","/w/index.php?title=Tokoroa&action=edit&redlink=1",NA,NA,NA,189,97,"Winger; Fullback",NA,"New Zealand"
"Q3476884","Sebastián Salvat","Sebastián Salvat",NA,"1967-04-05","Buenos Aires","/wiki/Buenos_Aires",NA,NA,NA,181,85,"Fullback; Centre",NA,"Argentina"
"Q3479112","Serafín Dengra","Serafín Dengra",NA,"1960-09-21",NA,NA,NA,NA,NA,185,100,"Prop",NA,"Argentina"
"Q3479139","Seremaia Bai","Seremaia Bai","Seremaia Baïkeinuku","1979-01-04","Nausori","/wiki/Nausori",NA,NA,NA,187,100,"Centre",NA,"Fiji"
"Q3479690","Sergio Souto Vidal","Sergio Souto","Sergio Souto Vidal","1976-11-04","Oviedo","/wiki/Oviedo",NA,NA,NA,194,111,"Flanker",NA,NA
"Q3479696","Sergio Valdés","Sergio Valdés",NA,"1978-09-17","Santiago","/wiki/Santiago_de_Chile",NA,NA,NA,194,110,"2nd Row",NA,NA
"Q3480830","Severo Koroduadua Waqanibau","Severo Koroduadua","Severo Koroduadua Waqanibau","1960-12-22","Kadavu","/wiki/Kadavu",NA,NA,NA,186,90,"Fullback",NA,"Fiji"
"Q3481360","Shane Geraghty","Shane Geraghty","Shane Joseph James Geraghty","1986-08-12","Coventry","/wiki/Coventry",NA,NA,NA,180,90,"Fly-Half",NA," England"
"Q3482545","Shota Horie","Shota Horie",NA,"1986-01-21","Suita","/wiki/Suita_(Osaka)",NA,NA,NA,180,104,"Hooker",NA,"Japon"
"Q3484246","Simon Culhane","Simon Culhane","Simon David Culhane","1968-03-10","Invercargill","/wiki/Invercargill",NA,NA,NA,175,90,"Fly-Half",NA,"New Zealand"
"Q3484266","Simon Easterby","Simon Easterby","Simon Henry Easterby","1975-07-21","Harrogate","/wiki/Harrogate",NA,NA,NA,193,100,"3rd Row",NA,"England"
"Q3484300","Simon Hodgkinson","Simon Hodgkinson","Simon David Hodgkinson","1962-12-15","South Gloucestershire","/wiki/South_Gloucestershire",NA,NA,NA,180,85,"Fullback",NA,"England"
"Q3484422","Simon Poidevin","Simon Poidevin","Simon Paul Poidevin","1958-10-31","Goulburn","/wiki/Goulburn",NA,NA,NA,185,90,"3rd Row",NA,"Australia"
"Q3485246","Sireli Bobo","Sireli Bobo","Isireli Bobo","1976-01-28","Ra Province","/wiki/Ra_(Fiyi)",NA,NA,NA,190,99,"Winger",NA,"Fiji"
"Q3487294","Soane Tonga'uiha","Soane Tonga'uiha","Soane Longopoa Tonga'uiha","1982-01-21","Houma people","/wiki/Houma",NA,NA,NA,191,131,"Prop",NA,"Tonga"
"Q3488842","Sofiane Guitoune","Sofiane Guitoune",NA,"1989-03-27","Algiers","/wiki/Argel",NA,NA,NA,184,97,NA,NA,"Algeria"
"Q3491217","Sorin Socol",NA,NA,NA,NA,NA,NA,NA,NA,NA,NA,NA,NA,NA
"Q3498108","Stelian Burcea","Stelian Burcea","Sandu Stelian Burcea","1983-10-07","Pitești","/wiki/Pitesti",NA,NA,NA,193,102,"2nd Row; Number 8",NA,"Romania"
"Q3498501","Stephen Bachop","Stephen Bachop","Stephen John Bachop","1966-04-02","Christchurch","/wiki/Christchurch",NA,NA,NA,178,92,"Fly-Half",NA,"New Zealand"
"Q3499015","Steve McDowall","Steve McDowall","Steven Clark McDowall","1961-08-27","Rotorua","/wiki/Rotorua",NA,NA,NA,182,102,"Prop",NA,"New Zealand"
"Q3499139","Steve Thompson","Steve Thompson","Steve Geoffrey Thompson","1978-07-15","Hemel Hempstead","/wiki/Hemel_Hempstead",NA,NA,NA,188,118,"Hooker",NA,"England"
"Q3499146","Steve Tuynman","Steve Tuynman","Steven Norman Tuynman","1963-05-30","Sydney","/wiki/S%C3%ADdney",NA,NA,NA,185,100,"Number 8",NA,"Australia"
"Q3500777","Stuart Abbott","Stuart Abbott","Stuart Richard Abbott","1978-06-03","Cape Town","/wiki/Ciudad_del_Cabo",NA,NA,NA,182,89,"Centre",NA,"South Africa"
"Q3500807","Stuart Hogg","Stuart Hogg","Stuart William Hogg","1992-06-24","Melrose; Scottish Borders","/wiki/Melrose_(Scottish_Borders)",NA,NA,NA,180,93,"Fullback",NA,"Scotland"
"Q3507096","Sylvain Nicolas","Sylvain Nicolas",NA,"1987-06-21","Bourgoin-Jallieu","/wiki/Bourgoin-Jallieu",NA,NA,NA,188,102,"3rd Row",NA,"France"
"Q3510306","Sébastien Rouet","Sébastien Rouet","Sébastien Patricio Rouet Piffard","1985-02-19","Bayonne","/wiki/Bayona_(Francia)",NA,NA,NA,171,70,"Scrum-Half",NA,NA
"Q3510337","Sébastien Tillous-Borde","Morgan Sébastien Tillous-Borde",NA,"1985-04-29","Oloron-Sainte-Marie","/wiki/Oloron-Sainte-Marie",NA,NA,NA,176,76,"Scrum-Half",NA,"France"
"Q3514043","Taine Randell","Taine Randell","Taine Cheyenne Randell","1974-11-05","Hastings; New Zealand","/wiki/Hastings_(Nueva_Zelanda)",NA,NA,NA,188,110,"Number 8",NA,"New Zealand"
"Q3515030","Tane Norton","Tane Norton","Rangitane Will Norton","1942-03-30","Waikari","/w/index.php?title=Waikari&action=edit&redlink=1","2023-08-04",NA,NA,183,87,"Hooker",NA,"New Zealand"
"Q3518885","Terry Bouhraoua","Terry Bouhraoua",NA,"1987-08-29","Châteaudun","/wiki/Ch%C3%A2teaudun",NA,NA,NA,169,77,"Scrum-Half",NA,"France"
"Q3518906","Terry Kingston","Terry Kingston","Terrence John Kingston","1963-09-19","Cork (city)","/wiki/Cork",NA,NA,NA,178,100,"Hooker",NA,"Ireland"
"Q3523958","Theuns Stofberg","Theuns Stofberg","Marthinus Theunis Steyn Stofberg","1955-06-06","Free State (province)","/wiki/Free_State","2023-08-23","South Africa","/wiki/Sud%C3%A1frica",193,108,"Flanker; 2nd Row",NA,"South Africa"
"Q3524979","Thomas Castaignède","Thomas Castaignède",NA,"1975-01-21","Mont-de-Marsan","/wiki/Mont-de-Marsan",NA,NA,NA,175,84,"Fly-Half",NA,"France"
"Q3528646","Tim Horan","Tim Horan","Timothy James Horan","1970-05-18","Sydney","/wiki/S%C3%ADdney",NA,NA,NA,183,93,"Centre",NA,"Australia"
"Q3529026","Timoci Matanavou","Timoci Matanavou",NA,"1984-07-08","Lautoka","/wiki/Lautoka",NA,NA,NA,186,89,"Winger",NA,"Fiji"
"Q3530903","Tom Tierney","Tom Tierney",NA,"1976-09-01","Limerick","/wiki/Limerick","2023-02-24",NA,NA,183,83,"Scrum-Half",NA,"Ireland"
"Q3530931","Tom Wood","Tom Wood","Thomas Andrew Wood","1986-11-03","Coventry","/wiki/Coventry",NA,NA,NA,193,113,"3rd Row; Number 8",NA,"England"
"Q3531451","Tomás Vallejos Cinalli","Tomás Vallejos Cinalli",NA,"1984-10-16","Rosario","/wiki/Rosario_(Argentina)",NA,NA,NA,196,115,"2nd Row",NA,"Argentina"
"Q3531900","Tony Stanger","Tony Stanger","Anthony George Stanger","1968-05-14","Hawick","/wiki/Hawick",NA,NA,NA,188,95,"Winger",NA,"Scotland"
"Q3531920","Tony Underwood","Tony Underwood","Anthony Underwood","1969-02-17","Ipoh","/wiki/Ipoh",NA,NA,NA,175,86,"Winger",NA,"Malaysia"
"Q3531929","Tony Ward","Tony Ward","Anthony Joseph Patrick Ward","1954-10-08","Dublin","/wiki/Dubl%C3%ADn",NA,NA,NA,183,90,"Fly-Half",NA,"Ireland"
"Q3533201","Alastair Hignell","Alastair Hignell",NA,"1955-09-04","Ely; Cambridgeshire","/wiki/Ely",NA,NA,NA,NA,NA,NA,NA,NA
"Q3538604","Trevor Ringland","Trevor Ringland","Trevor Maxwell Ringland","1959-11-13","Belfast","/wiki/Belfast",NA,NA,NA,180,85,"Winger",NA,"Ireland"
"Q3538616","Trevor Woodman","Trevor Woodman","Trevor James Woodman","1976-08-04","Plymouth","/wiki/Plymouth",NA,NA,NA,180,112,"Prop",NA,"United Kingdom"
"Q3547810","Ugo Mola","Ugo Mola",NA,"1973-05-14","Sainte-Foy-la-Grande","/wiki/Sainte-Foy-la-Grande",NA,NA,NA,183,90,"Fullback",NA,"France"
"Q3553044","Va'aiga Tuigamala","Va'aiga Tuigamala","Va'aiga Lealuga Tuigamala","1969-09-04","Faleasiu","/w/index.php?title=Faleasiu&action=edit&redlink=1","2022-02-24","Auckland","/wiki/Auckland",180,100,"Winger",NA,"Samoa"
"Q3553572","Valentin Calafeteanu","Valentin Calafeteanu","Valentin Niculae Calafeteanu","1985-01-25","Bucharest","/wiki/Bucarest",NA,NA,NA,182,82,"Scrum-Half",NA,"Romania"
"Q3555838","Vereniki Goneva","Vereniki Goneva","Tevita Gucake Naqaqa Cavubati","1984-04-05","Lautoka","/wiki/Lautoka",NA,NA,NA,178,97,"Centre; Winger",NA,"Fiji"
"Q3558412","Viliame Satala","Viliame Satala",NA,"1972-07-19","Lautoka","/wiki/Lautoka",NA,NA,NA,188,95,"Centre",NA,"Fiji"
"Q3558420","Viliami Tupoulahi Mailefihi Tukuʻaho","Guillermo Tupoulahi Mailefihi Tuku'aho",NA,"1957-06-17","Nukuʻalofa","/wiki/Nukualofa","2014-06-14","Haveluloto (Tonga)",NA,NA,NA,NA,NA,NA
"Q3560816","Virimi Vakatawa","Virimi Vakatawa",NA,"1992-05-01","Rangiora",NA,NA,NA,NA,187,99,"Centre; Winger",NA,NA
"Q3563848","Vunga Lilo","Vunga Lilo","Vungakoto Filimone Lilo","1983-02-28","Koulo","/wiki/Koulo",NA,NA,NA,193,111,NA,NA,"Tonga"
"Q3564982","Wade Dooley","Wade Dooley","Wade Anthony Dooley","1957-10-02","Warrington","/wiki/Warrington",NA,NA,NA,202,110,"2nd Row",NA,"England"
"Q3565170","Waisale Serevi","Waisale Serevi","Waisale Tikoisolomoni Serevi","1968-05-20","Suva","/wiki/Suva",NA,NA,NA,169,80,"Fullback; Scrum-Half; Fly-Half",NA,"Fiji"
"Q3565811","Walter Little","Walter Little","Walter Kenneth Little","1969-10-14","Waikato","/wiki/Waikato",NA,NA,NA,178,80,"Centre",NA,"New Zealand"
"Q3566468","Warwick Taylor","Warwick Taylor","Warwick Thomas Taylor","1960-03-11","Hamilton; New Zealand","/wiki/Hamilton_(Nueva_Zelanda)",NA,NA,NA,179,82,"Centre",NA,"New Zealand"
"Q3566842","Wayne Julies","Wayne Julies",NA,"1978-10-23","Paarl","/wiki/Paarl",NA,NA,NA,186,90,"Centre",NA,"South Africa"
"Q3566861","Wayne Smith","Wayne Smith","Wayne Ross Smith","1957-04-19","Waikato","/wiki/Waikato",NA,NA,NA,178,80,"Fly-Half",NA,"New Zealand"
"Q3568079","Wikus van Heerden","Wikus van Heerden","Johannes Lodewikus van Heerden","1979-02-25","Johannesburg","/wiki/Johannesburgo",NA,NA,NA,193,108,"3rd Row",NA,"South Africa"
"Q3568280","Will Carling","Will Carling","William David Charles Carling","1965-12-12","South West England","/wiki/Sudoeste_de_Inglaterra",NA,NA,NA,180,90,"Centre",NA,"England"
"Q3568328","Willem Alberts","Willem Alberts","Willem Schalk Alberts","1984-05-11","Pretoria","/wiki/Pretoria",NA,NA,NA,192,120,"3rd Row; Number 8",NA,"South Africa"
"Q3570685","Xavier Garbajosa","Xavier Garbajosa",NA,"1976-12-05","Toulouse","/wiki/Toulouse",NA,NA,NA,185,89,"Fullback; Centre; Winger",NA,"France"
"Q3571675","Yann Lesgourgues","Yann Lesgourgues",NA,"1991-01-17","France","/wiki/Francia",NA,NA,NA,177,76,"Scrum-Half",NA,"France"
"Q3571791","Yannick Nyanga","Yannick Nyanga","Yannick Nyanga Kabasele","1983-12-19","Kinshasa","/wiki/Kinsasa",NA,NA,NA,187,96,"Flanker",NA,"Zaire"
"Q3572366","Yoann Huget","Yoann Huget",NA,"1987-02-02","Pamiers","/wiki/Pamiers",NA,NA,NA,190,97,"Winger; Fullback",NA,"France"
"Q3588678","Émile Ntamack","Émile Ntamack",NA,"1970-06-25","Lyon","/wiki/Lyon",NA,NA,NA,189,92,"Centre; Fullback; Winger",NA,"France"
"Q3591004","Eric Bonneval","Éric Bonneval",NA,"1963-11-12","Toulouse","/wiki/Toulouse",NA,NA,NA,180,83,"Centre",NA,"France"
"Q3606940","Agustín Canalda","Agustín Canalda",NA,"1977-04-18","Buenos Aires","/wiki/Buenos_Aires",NA,NA,NA,183,100,"Hooker",NA,"Argentina"
"Q3624265","Arthur Emyr","Arthur Emyr","Arthur Emyr Jones","1962-07-27","Bangor; Gwynedd","/wiki/Bangor_(Gales)",NA,NA,NA,188,93,"Winger",NA,"Wales"
"Q3647870","Byran Black","Byran Black",NA,"1912-01-01",NA,NA,"2002-01-01",NA,NA,NA,NA,NA,NA,NA
"Q3675525","Chris MacKintosh","Chris MacKintosh","Charles Ernest Whistler Christopher Mackintosh","1903-10-31",NA,NA,"1974-01-12",NA,NA,NA,NA,NA,NA,NA
"Q3737719","Fabio Gaetaniello","Fabio Gaetaniello",NA,"1958-08-25","Livorno","/wiki/Livorno",NA,NA,NA,183,88,"Centre",NA,"Italy"
"Q3742902","Fernando Díaz Alberdi","Fernando Díaz Alberdi",NA,"1972-07-02","Buenos Aires","/wiki/Buenos_Aires",NA,NA,NA,180,108,"Prop",NA,"Argentina"
"Q3762833","Giancarlo Cucchiella","Giancarlo Cucchiella",NA,"1953-02-18","L'Aquila","/wiki/L%27Aquila",NA,NA,NA,182,100,"Prop",NA,"Italy"
"Q3779967","Gustavo Milano","Gustavo Milano","Gustavo E. Milano","1961-02-11","Rosario","/wiki/Rosario_(Argentina)",NA,NA,NA,200,105,"2nd Row",NA,"Argentina"
"Q3787517","Hugo Torres","Hugo Torres",NA,"1962-04-24","Córdoba; Argentina","/wiki/C%C3%B3rdoba_(Argentina)",NA,NA,NA,182,102,"Prop",NA,"Argentina"
"Q3788117","Héctor Luis Silva","Héctor Silva","Héctor Luis Silva","1944-09-10","La Plata","/wiki/La_Plata","2021-05-17","La Plata","/wiki/La_Plata",190,100,"Number 8",NA,"Argentina"
"Q3837077","Lorenzo Sebastiani","Lorenzo Sebastiani",NA,"1988-09-28","L'Aquila","/wiki/L%27Aquila","2009-04-06","L'Aquila","/wiki/L%27Aquila",NA,NA,"Prop",NA,"Italy"
"Q3838212","Luca Morisi","Luca Morisi",NA,"1991-02-14","Milan","/wiki/Mil%C3%A1n",NA,NA,NA,183,95,"Centre",NA,"Italy"
"Q3838302","Luca Tramontin",NA,NA,NA,NA,NA,NA,NA,NA,NA,NA,NA,NA,NA
"Q3848325","Mario Battaglini","Mario Battaglini",NA,"1919-10-20","Rovigo","/wiki/Rovigo","1971-01-01","Padua","/wiki/Padua",185,105,"Flanker; 2nd Row; Fly-Half",NA,NA
"Q3849446","Mark Bingham","Mark Bingham","Mark Kendall Bingham","1970-05-22","Phoenix; Arizona","/wiki/Phoenix","2001-09-11","Stonycreek Township; Somerset County; Pennsylvania","/wiki/Municipio_de_Stonycreek_(condado_de_Somerset,_Pensilvania)",193,NA,NA,NA,NA
"Q3851349","Massimo Mascioletti","Massimo Mascioletti",NA,"1958-03-04","L'Aquila","/wiki/L%27Aquila",NA,NA,NA,169,74,"Winger",NA,"Italy"
"Q3856775","Michele Rizzo","Michele Rizzo",NA,"1982-09-16","Dolo; Veneto","/wiki/Dolo_(Italia)",NA,NA,NA,188,115,"Prop; Hooker",NA,"Italy"
"Q3857283","Miguel Ruiz","Miguel Ruiz","Miguel Ángel Ruiz","1975-01-10","Mendoza; Argentina","/wiki/Mendoza_(Argentina)",NA,NA,NA,193,107,"Number 8",NA,"Argentina"
"Q3888366","Pablo Calanchini","Pablo Calanchini",NA,"1974-01-09","Santa Fe; Argentina","/wiki/Santa_Fe_(Argentina)",NA,NA,NA,188,103,"Number 8",NA,NA
"Q3930845","Raúl Pérez","Raúl Pérez",NA,"1965-07-02","Rosario","/wiki/Rosario_(Argentina)",NA,NA,NA,194,104,"3rd Row",NA,"Argentina"
"Q3939915","Rodolfo Ambrosio","Rodolfo Ambrosio","Carlos Rodolfo Ambrosio","1961-12-27","Córdoba; Argentina","/wiki/C%C3%B3rdoba_(Argentina)",NA,NA,NA,177,87,"Fly-Half",NA,"Argentina"
"Q3961123","Simon Mason","Simon Mason","Simon John Peter Mason","1973-10-22","Wirral","/w/index.php?title=Wirral&action=edit&redlink=1",NA,NA,NA,185,91,"Fullback",NA," England"
"Q3972362","Stefano Barba","Stefano Barba",NA,"1964-01-10","Rome","/wiki/Roma",NA,NA,NA,175,80,"Centre",NA,"Italy"
"Q4010127","Vernon Pugh","Vernon Pugh",NA,"1945-07-05",NA,NA,"2003-04-24",NA,NA,NA,NA,NA,NA,NA
"Q4474828","Eddy Ben Arous","Eddy Ben Arous",NA,"1990-08-25","Trappes","/wiki/Trappes",NA,NA,NA,183,117,"Prop",NA,"France"
"Q4662456","Aaron Smith","Aaron Smith","Aaron Luke Smith","1988-11-21","Palmerston North","/wiki/Palmerston_North",NA,NA,NA,173,80,"Scrum-Half",NA,"New Zealand"
"Q4684968","Adrian Davies","Adrian Davies",NA,"1969-02-09","Bridgend","/wiki/Bridgend",NA,NA,NA,175,80,"Fly-Half",NA,"Wales"
"Q4707669","Alan Rotherham","Alan Rotherham",NA,"1862-07-31","Coventry","/wiki/Coventry","1898-08-30","Marylebone","/wiki/Marylebone",165,70,"Scrum-Half",NA,"England"
"Q4709631","Albert Anderson","Albert Anderson",NA,"1961-02-05","Christchurch","/wiki/Christchurch",NA,NA,NA,197,111,"2nd Row",NA,"New Zealand"
"Q4712104","Alberto Malo i Navio","Alberto Malo","Albert Malo Navio","1964-04-03","Sant Boi de Llobregat","/wiki/San_Baudilio_de_Llobregat",NA,NA,NA,NA,NA,"Number 8",NA,NA
"Q4714716","Alejo Corral","Alejo Corral",NA,"1981-09-11","Buenos Aires","/wiki/Buenos_Aires",NA,NA,NA,180,108,"Prop",NA,"Argentina"
"Q4717065","Alex Goode","Alex Goode","David Alexander Vallance Goode","1988-05-07","Cambridge","/wiki/Cambridge",NA,NA,NA,181,85,"Fullback; Fly-Half",NA,"England"
"Q4717951","Alex Waller","Alex Waller","Alexander Marshall Waller","1990-02-14","Kettering","/wiki/Kettering",NA,NA,NA,187,120,"Loosehead Prop",NA,"England"
"Q4722025","Alfonso Feijoo","Alfonso Feijoo García",NA,"1953-01-01","San Sebastián","/wiki/San_Sebasti%C3%A1n",NA,NA,NA,NA,NA,"Centre",NA,NA
"Q4759311","Andries Coetzee","Andries Coetzee",NA,"1990-03-01","Bethal","/w/index.php?title=Bethal&action=edit&redlink=1",NA,NA,NA,182,92,"Fullback",NA,"South Africa"
"Q4760139","Andrés Allamand","Andrés Allamand",NA,"1956-02-07","Santiago","/wiki/Santiago_de_Chile",NA,NA,NA,NA,NA,NA,NA,NA
"Q4788055","Ardie Savea","Ardie Savea","Ardie Suemalo Savea","1993-10-14","Wellington","/wiki/Wellington",NA,NA,NA,188,100,"Number 8; 3rd Row",NA,"New Zealand"
"Q4803098","Asa Amone","Asa Amone","Aasaeli Amone","1966-01-08","Nukuʻalofa","/wiki/Nukualofa",NA,NA,NA,NA,NA,"Fly-Half",NA,"Tonga"
"Q4806120","Ashura Hara","Susumu Hara",NA,"1947-01-08","Isahaya","/w/index.php?title=Isahaya&action=edit&redlink=1","2015-04-28","Isahaya","/w/index.php?title=Isahaya&action=edit&redlink=1",NA,92,NA,NA,NA
"Q4815766","Atieli Pakalani","Atieli Pakalani","Atieli Moruto Pakalani Nonu","1989-12-26","Kawakawa","/w/index.php?title=Kawakawa_(Nueva_Zelanda)&action=edit&redlink=1",NA,NA,NA,170,113,"Winger",NA,"Tonga"
"Q4831827","Ayumu Goromaru","Ayumu Goromaru",NA,"1986-03-01","Fukuoka","/wiki/Fukuoka",NA,NA,NA,185,98,NA,NA,"Japon"
"Q4877438","Beauden Barrett","Beauden Barrett","Beauden John Barrett","1991-05-27","New Plymouth","/wiki/Nueva_Plymouth",NA,NA,NA,187,92,"Fly-Half",NA,"New Zealand"
"Q4886609","Ben Volavola","Ben Volavola","Ben Thomas Tuvula Volavola","1991-01-12","Sydney","/wiki/S%C3%ADdney",NA,NA,NA,191,96,"Fly-Half; Fullback",NA,"Australia"
"Q4893136","Bernard Foley","Bernard Foley",NA,"1989-09-08","Sydney","/wiki/S%C3%ADdney",NA,NA,NA,182,90,"Fly-Half",NA,"Australia"
"Q4912301","Billy Burns","Billy Burns","Billy Sean Burns","1994-06-13","Bath; Somerset","/wiki/Bath",NA,NA,NA,180,80,"Fly-Half",NA," England"
"Q4923976","Blaine Scully","Blaine Scully","Blaine Hansen Scully","1988-02-29","Sacramento; California","/wiki/Sacramento_(California)",NA,NA,NA,191,93,"Winger",NA,"U.S.A."
"Q4925838","Bleddyn Bowen","Bleddyn Bowen",NA,"1961-07-16","Neath Port Talbot","/wiki/Neath-Port_Talbot",NA,NA,NA,180,85,"Centre",NA,"Wales"
"Q4941870","Bongi Mbonambi","Bongi Mbonambi","Mbongeni Theo Mbonambi","1991-01-07","Belén","/w/index.php?title=Bel%C3%A9n_(Sud%C3%A1frica)&action=edit&redlink=1",NA,NA,NA,176,106,"Hooker",NA,"South Africa"
"Q4961160","Brendon Dawson","Brendon Dawson","Brendon Neil Dawson","1967-09-02","Bulawayo","/wiki/Bulawayo",NA,NA,NA,188,102,"3rd Row",NA,"Zimbabwe"
"Q4973036","Brodie Retallick","Brodie Retallick","Brodie Allan Retallick","1991-05-31","Rangiora","/w/index.php?title=Rangiora&action=edit&redlink=1",NA,NA,NA,204,121,"2nd Row",NA,"New Zealand"
"Q4977366","Bruce Deans","Bruce Deans","Ian Bruce Deans","1960-11-25","Hurunui","/w/index.php?title=Distrito_de_Hurunui&action=edit&redlink=1","2019-08-16",NA,NA,179,80,"Scrum-Half",NA,"New Zealand"
"Q4997511","Bundee Aki","Bundee Aki","Fua Leiofi Bundellu Aki","1990-04-07","Auckland","/wiki/Auckland",NA,NA,NA,178,98,"Centre",NA,"New Zealand"
"Q5038989","Carel du Plessis","Carel du Plessis","Carel Johan du Plessis","1960-06-24","Somerset East","/w/index.php?title=Somerset_East&action=edit&redlink=1",NA,NA,NA,183,85,"Winger",NA,"South Africa"
"Q5039790","Carl Aarvold","Carl Aarvold","Carl Douglas Aarvold","1907-06-07","Hartlepool","/wiki/Hartlepool","1991-03-17","Westhumble","/wiki/Westhumble",NA,NA,"Winger",NA,"England"
"Q5042507","Carlos Páez Rodríguez","Carlos Páez Rodríguez",NA,"1953-10-31","Montevideo","/wiki/Montevideo",NA,NA,NA,NA,NA,NA,NA,NA
"Q5056230","Cecil Moss","Cecil Moss",NA,"1925-02-12","Riversdale; South Africa","/wiki/Riversdale_(Sud%C3%A1frica)","2017-10-27",NA,NA,170,80,"Winger",NA,"South Africa"
"Q5084829","Charlie Faumuina","Charlie Faumuina","Charlie C. Faumuina","1986-12-24","South Auckland","/w/index.php?title=South_Auckland&action=edit&redlink=1",NA,NA,NA,185,130,"Prop",NA,"New Zealand"
"Q5085299","Charlie Ngatai","Charlie Ngatai",NA,"1990-08-17","Gisborne; New Zealand","/wiki/Gisborne_(ciudad)",NA,NA,NA,185,95,"Fullback",NA,"New Zealand"
"Q5106860","Chris Henry","Chris Henry","Christopher G. Henry","1984-10-17","Belfast","/wiki/Belfast",NA,NA,NA,191,107,"Flanker",NA,"United Kingdom"
"Q5109832","Christian Lealiifano","Christian Lealiifano","Christian P. Leali'ifano","1987-09-24","Auckland","/wiki/Auckland",NA,NA,NA,179,90,"Centre",NA,"New Zealand"
"Q5110257","Christian Wade","Christian Wade",NA,"1991-05-15","Slough","/wiki/Slough",NA,NA,NA,173,85,"Winger",NA,"England"
"Q5139034","Cobus Reinach","Cobus Reinach","Jacobus Meyer Reinach","1990-02-07","Bloemfontein","/wiki/Bloemfontein",NA,NA,NA,175,84,"Scrum-Half",NA,"South Africa"
"Q5140290","Codie Taylor","Codie Taylor","Codie Joshua Dane Taylor","1991-03-31","Levin; New Zealand","/wiki/Levin",NA,NA,NA,183,106,"Hooker",NA,"New Zealand"
"Q5140724","Coenie Oosthuizen","Coenie Oosthuizen","Coenraad Victor Oosthuizen","1989-03-22","Potchefstroom","/wiki/Potchefstroom",NA,NA,NA,181,127,"Prop",NA,"South Africa"
"Q5173537","Cory Allen","Cory Allen","Cory Lloyd Allen","1993-02-11","Cardiff","/wiki/Cardiff",NA,NA,NA,191,99,"Centre",NA,"United Kingdom"
"Q5180780","Craig Burden","Craig Burden",NA,"1985-05-13","Durban","/wiki/Durban",NA,NA,NA,184,100,"Hooker",NA,"South Africa"
"Q5212361","Damian de Allende","Damian de Allende",NA,"1991-11-25","Cape Town","/wiki/Ciudad_del_Cabo",NA,NA,NA,189,101,"Centre; Winger",NA,"South Africa"
"Q5215794","Dane Coles","Dane Coles","Dane Stuart Coles","1986-12-10","Paraparaumu","/w/index.php?title=Paraparaumu&action=edit&redlink=1",NA,NA,NA,184,103,"Hooker",NA,"New Zealand"
"Q5216764","Daniel Carpo","Daniel Carpo",NA,"1984-11-26","Tulcea","/wiki/Tulcea",NA,NA,NA,191,106,"Number 8",NA,"Romania"
"Q5229656","Dave Rennie","Dave Rennie",NA,"1963-11-22","Lower Hutt","/wiki/Lower_Hutt",NA,NA,NA,185,95,"Centre",NA,"New Zealand"
"Q5232734","David Curtis","David Curtis","David Michael Curtis","1965-04-10","Harare","/wiki/Harare",NA,NA,NA,175,80,"Centre",NA,"Zimbabwe"
"Q5235886","David Kearney","David Kearney",NA,"1989-07-19","Dundalk","/wiki/Dundalk",NA,NA,NA,181,95,"3rd Row",NA,"Ireland"
"Q5259850","Denys Dobson","Denys Dobson",NA,"1880-10-28",NA,NA,"1916-07-10","Ngama",NA,NA,NA,NA,NA,NA
"Q5310394","Duane Vermeulen","Duane Vermeulen","Daniel Johannes Vermeulen","1986-07-03","Mbombela","/wiki/Nelspruit",NA,NA,NA,193,117,"Number 8",NA,"South Africa"
"Q5314649","Duncan Weir","Duncan Weir",NA,"1991-05-10","Rutherglen","/wiki/Rutherglen",NA,NA,NA,172,91,"Fly-Half",NA,"United Kingdom"
"Q5367852","Elton Jantjies","Elton Jantjies","Elton Thomas Jantjies","1990-08-01","Graaff-Reinet","/wiki/Graaff-Reinet",NA,NA,NA,176,86,"Fly-Half",NA,"South Africa"
"Q5415574","Evan Williams",NA,NA,NA,NA,NA,NA,NA,NA,NA,NA,NA,NA,NA
"Q5423222","Ezequiel Jurado","Ezequiel Jurado",NA,"1973-04-17","Rosario","/wiki/Rosario_(Argentina)",NA,NA,NA,185,90,"Fullback",NA,"Argentina"
"Q5431837","Fale Simitaitoko","Bad Luck Fale",NA,"1982-01-08",NA,NA,NA,NA,NA,NA,132,NA,NA,NA
"Q5445997","Fetu'u Vainikolo","Fetu’u Vainikolo","Fetu'u Moana Vainikolo","1985-01-30","Tongatapu","/wiki/Tofoa",NA,NA,NA,182,95,"3rd Row",NA,"Tonga"
"Q5483434","Francisco Gómez Kodela","Francisco Gómez Kodela",NA,"1985-07-03","Buenos Aires","/wiki/Buenos_Aires",NA,NA,NA,184,120,"Prop",NA,"Argentina"
"Q5484584","Franco Mostert","Franco Mostert","Francois John Mostert","1990-11-27","Welkom","/wiki/Welkom",NA,NA,NA,198,112,"2nd Row",NA,"South Africa"
"Q5484684","Faf de Klerk","Faf de Klerk","François de Klerk","1991-10-19","Mbombela","/wiki/Nelspruit",NA,NA,NA,172,88,"Scrum-Half",NA,"South Africa"
"Q5490423","Frank Wilson","Frank Wilson",NA,"1944-04-05","Cardiff","/wiki/Cardiff","2024-12-27",NA,NA,NA,NA,"3rd Row; Centre; Fly-Half",NA,"Wales"
"Q5492374","Frans Malherbe","Frans Malherbe","Jozua Francois Malherbe","1991-03-14","Paarl","/wiki/Paarl",NA,NA,NA,190,143,"Prop",NA,"South Africa"
"Q5508557","Fumiaki Tanaka","Fumiaki Tanaka",NA,"1985-01-03","Kyoto","/wiki/Kioto",NA,NA,NA,166,72,"Scrum-Half",NA,"Japon"
"Q5522780","Gareth Anscombe","Gareth Anscombe","Gareth William Anscombe","1991-05-10","Auckland","/wiki/Auckland",NA,NA,NA,183,80,"Fly-Half",NA,"New Zealand"
"Q5524090","Garry Adey","Garry Adey","Garry John Adey","1945-06-13","Loughborough","/wiki/Loughborough","2023-08-19",NA,NA,NA,NA,"Number 8",NA,"England"
"Q5525432","Gary Lambert","Gary Lambert",NA,"1959-01-21","Baton Rouge; Louisiana","/wiki/Baton_Rouge",NA,NA,NA,190,100,"3rd Row",NA,"U.S.A."
"Q5530883","Genaro Fessia","Genaro Fessia",NA,"1981-07-22","Córdoba; Argentina","/wiki/C%C3%B3rdoba_(Argentina)",NA,NA,NA,188,105,"Blindside Flanker",NA,NA
"Q5534256","Geoff Parling","Geoff Parling","Geoffrey Matthew W. Parling","1983-10-28","Stockton-on-Tees","/wiki/Stockton-on-Tees",NA,NA,NA,198,115,"2nd Row",NA,"England"
"Q5539348","George Ford","George Ford","George Thomas Ford","1993-03-16","Oldham","/wiki/Oldham",NA,NA,NA,175,87,"Fly-Half",NA,"England"
"Q5552937","Gerry Murphy","Gerry Murphy","Gerard Frank Murphy","1945-04-05","Dublin","/wiki/Dubl%C3%ADn",NA,NA,NA,180,90,"Fullback",NA,"Ireland"
"Q5568095","Glen Webbe","Glen Webbe","Glenfield Michael Charles Webbe","1962-01-21","Cardiff","/wiki/Cardiff",NA,NA,NA,180,85,"Winger",NA,"Wales"
"Q5572885","Glyn Shaw","Glyn Shaw",NA,"1951-04-11","Rhigos","/wiki/Rhigos","2022-05-10",NA,NA,188,96,"Prop",NA,NA
"Q5582326","Gonçalo Malheiro","Gonçalo Malheiro",NA,"1978-05-11","Porto","/wiki/Oporto",NA,NA,NA,173,80,"Fly-Half",NA,"Portugal"
"Q5585242","Gordon Hamilton","Gordon Hamilton","Gordon Frederic Hamilton","1964-05-13","Belfast","/wiki/Belfast",NA,NA,NA,NA,NA,"3rd Row",NA,"Ireland"
"Q5642749","Hallam Amos","Hallam Amos","Hallam Benjamen Amos","1994-09-24","Stockport","/wiki/Stockport",NA,NA,NA,186,92,"3rd Row",NA,"United Kingdom"
"Q5665157","Alejandro Krancz","Alejandro Krancz",NA,"1981-03-26","San Isidro; Buenos Aires","/wiki/San_Isidro_(Buenos_Aires)",NA,NA,NA,179,94,"3rd Row",NA,"Argentina"
"Q5666806","Alfonso Escobar","Alfonso Escobar",NA,NA,NA,NA,NA,NA,NA,194,114,NA,NA,NA
"Q5722461","Henry Halcro Johnston","Henry Halcro Johnston",NA,"1856-09-13",NA,NA,"1939-10-18",NA,NA,NA,NA,NA,NA,NA
"Q5726766","Bernardo García Wilson","Bernardo García",NA,NA,"Santiago","/wiki/Santiago_de_Chile",NA,NA,NA,NA,NA,NA,NA,NA
"Q5728379","Henry Slade","Henry Slade","Henry James H. Slade","1993-03-19","Plymouth","/wiki/Plymouth",NA,NA,NA,188,87,"Centre; Fly-Half; Fullback",NA,"United Kingdom"
"Q5728534","Henry Speight","Henry Speight","Henry Vafo'ou Speight","1988-03-25","Suva","/wiki/Suva",NA,NA,NA,186,97,"3rd Row",NA,"Fiji"
"Q5733777","Brian Peter John Molloy","Brian Peter John Molloy",NA,"1930-08-12","Wellington","/wiki/Wellington","2022-07-31","Christchurch","/wiki/Christchurch",175,77,"Scrum-Half",NA,NA
"Q5865298","Francisco Borrell","Francisco Borrell","Francisco Borrell Valls","1934-07-17","Sant Boi de Llobregat","/wiki/San_Baudilio_de_Llobregat","1992-10-20","Reus","/wiki/Reus",200,NA,NA,NA,"Spain"
"Q5865547","Francisco Domingo Abal Guerault","Francisco Abal",NA,"1951-06-24","Montevideo","/wiki/Montevideo","1972-10-14",NA,NA,NA,NA,NA,NA,NA
"Q5872356","Hitoshi Ōno","Hitoshi Ono",NA,"1978-05-06","Kōriyama","/wiki/K%C5%8Driyama",NA,NA,NA,192,102,"2nd Row",NA,NA
"Q5913395","Ignacio Martín Goenaga","Ignacio Martín","Ignacio Amadeo Martín Goenaga","1983-10-15","San Sebastián","/wiki/San_Sebasti%C3%A1n",NA,NA,NA,188,95,"3rd Row",NA,NA
"Q5930463","Jesús Moreno Rodríguez","Jesús Moreno","Jesús Moreno Rodríguez","1986-01-24","Rincón de la Victoria","/wiki/Rinc%C3%B3n_de_la_Victoria",NA,NA,NA,190,127,"Prop",NA,NA
"Q5932415","Hugh Pyle","Hugh Pyle",NA,"1988-09-21","Sydney","/wiki/S%C3%ADdney",NA,NA,NA,200,118,"2nd Row",NA,"Australia"
"Q5954836","Julien Rollos","Julien Rollos",NA,"1985-08-25","Mont-de-Marsan","/wiki/Mont_de_Marsan",NA,NA,NA,179,98,"Hooker",NA,NA
"Q5980469","Iain Henderson","Iain Henderson","(William) Iain Henderson","1992-02-21","Craigavon","/wiki/Craigavon",NA,NA,NA,198,115,"2nd Row; Flanker",NA,"United Kingdom"
"Q5981131","Ian Campbell","Ian Campbell","Ian Campbell Mclean","1928-05-15","Valparaíso","/wiki/Valpara%C3%ADso","2022-11-09",NA,NA,NA,NA,"Fly-Half",NA,"Chile"
"Q5981557","Ian Foster","Ian Foster",NA,"1965-05-01","Hamilton; New Zealand","/wiki/Hamilton_(Nueva_Zelanda)",NA,NA,NA,178,83,"Fly-Half",NA,"New Zealand"
"Q5981945","Ian Keatley","Ian Keatley","Ian James Keatley","1987-04-01","Dublin","/wiki/Dubl%C3%ADn",NA,NA,NA,178,93,"Fly-Half",NA,"Ireland"
"Q5982176","Ian Madigan","Ian Madigan","Ian L. Madigan","1989-03-21","Dublin","/wiki/Dubl%C3%ADn",NA,NA,NA,178,91,"Fly-Half",NA,"Ireland"
"Q6006485","Matthew Nable","Matthew Nable",NA,"1972-03-08","Sydney","/wiki/S%C3%ADdney",NA,NA,NA,181,NA,"2nd Row",NA,NA
"Q6006740","Matías Tudela","Matías Tudela","Matías Tudela Perret","1984-10-06","Valencia","/wiki/Valencia",NA,NA,NA,187,97,"3rd Row; Centre",NA,NA
"Q6110565","Rodolfo O'Reilly","Rodolfo O'Reilly",NA,"1939-01-01",NA,NA,"2018-06-20",NA,NA,NA,NA,NA,NA,NA
"Q6119614","Yoshikazu Fujita","Yoshikazu Fujita",NA,"1993-10-08","Kyoto","/wiki/Kioto",NA,NA,NA,184,90,"3rd Row",NA,"Japon"
"Q6120920","Santiago Fuenzalida","Santiago Fuenzalida Campbell",NA,"1989-01-27","Santiago","/wiki/Santiago_de_Chile","2008-11-29","Santiago de Chile",NA,NA,NA,NA,NA,NA
"Q6135513","James Hanson","James Hanson","James E. Hanson","1988-09-15","Brisbane","/wiki/Brisbane",NA,NA,NA,181,102,"Hooker",NA,"Australia"
"Q6141195","James Peters","Jimmy Peters","James Peters","1879-08-07","Salford","/wiki/Salford","1954-03-26","Plymouth","/wiki/Plymouth",161,66,"Fly-Half",NA,"United Kingdom"
"Q6146928","Jamie George","Jamie George","Jamie Edward George","1990-11-20","Welwyn Garden City","/wiki/Welwyn_Garden_City",NA,NA,NA,178,113,"Hooker",NA,"England"
"Q6147865","Jamison Gibson-Park","Jamison Gibson-Park","Jamison Ratu Gibson-Park","1992-02-23","Great Barrier Island","/wiki/Isla_Gran_Barrera",NA,NA,NA,175,80,"Scrum-Half",NA,"New Zealand"
"Q6160072","Jared Payne","Jared Payne",NA,"1985-10-13","Tauranga","/wiki/Tauranga",NA,NA,NA,188,95,"Centre; 3rd Row",NA,"New Zealand"
"Q6194543","Jim Davidson","Jim Davidson","James Davidson","1942-10-23","Armagh","/wiki/Armagh","2007-04-28","Belfast","/wiki/Belfast",180,90,"3rd Row",NA,"United Kingdom"
"Q6211121","Joe Marler","Joe Marler","Joseph William George Marler","1990-07-07","Eastbourne","/wiki/Eastbourne",NA,NA,NA,183,120,"Prop",NA,"England"
"Q6211415","Joe Moody","Joe Moody","Joseph Paul Tamatea Moody","1988-09-18","Christchurch","/wiki/Christchurch",NA,NA,NA,188,118,"Prop",NA,"New Zealand"
"Q6227039","John Cooney","John Cooney","John Clark Michael Cooney","1990-05-01","Dublin","/wiki/Dubl%C3%ADn",NA,NA,NA,178,88,"Scrum-Half",NA,"Ireland"
"Q6237719","John Hardie","John Hardie","John I. Hardie","1988-07-27","Lumsden; Newfoundland and Labrador","/wiki/Lumsden",NA,NA,NA,183,103,"Flanker",NA,"New Zealand"
"Q6273512","Jonathan Joseph","Jonahan Joseph",NA,"1991-05-21","Derby","/wiki/Derby",NA,NA,NA,183,91,"3rd Row",NA,"England"
"Q6275792","Jonny May","Jonny May","Jonathan May","1990-04-01","Swindon","/wiki/Swindon",NA,NA,NA,186,90,"Winger",NA,"England"
"Q6277480","Jordi Murphy","Jordi Murphy",NA,"1991-04-22","Barcelona","/wiki/Barcelona",NA,NA,NA,188,108,"Flanker; Number 8",NA,"Spain"
"Q6280152","Josef Schmidt","Joe Schmidt","Josef Schmidt","1965-09-12","Far North District","/wiki/Far_North_(Nueva_Zelanda)",NA,NA,NA,180,85,"Centre",NA,"New Zealand"
"Q6287450","Joseph Tomane","Joe Tomane","Joseph M. Tomane","1990-02-11","Palmerston North","/wiki/Palmerston_North",NA,NA,NA,190,102,"3rd Row; Centre",NA,"New Zealand"
"Q6289200","Josh Navidi","Josh Navidi",NA,"1990-12-30","Bridgend","/wiki/Bridgend",NA,NA,NA,185,94,"3rd Row",NA,"Wales"
"Q6300439","Juan Martin Goity","Juan Martín Goity",NA,"1983-05-08","Puerto Madryn","/wiki/Puerto_Madryn",NA,NA,NA,184,88,"Centre",NA,"Argentina"
"Q6361791","Kane Douglas","Kane Douglas","Kane P. Douglas","1989-06-01","Maclean","/w/index.php?title=Maclean&action=edit&redlink=1",NA,NA,NA,202,123,"2nd Row",NA,"Australia"
"Q6397582","Kevin Swords","Kevin Swords","Kevin Robert Swords","1960-07-01","Chicago","/wiki/Chicago",NA,NA,NA,200,120,"2nd Row",NA,"U.S.A."
"Q6539846","Liam Williams","Liam Williams","Liam Brian Williams","1991-04-09","Swansea","/wiki/Swansea",NA,NA,NA,185,87,"Fullback",NA,"Wales"
"Q6548834","Lima Sopoaga","Lima Sopoaga","Lima Zachariah Sopoaga","1991-02-03","Wellington","/wiki/Wellington",NA,NA,NA,175,90,"Fly-Half",NA,"New Zealand"
"Q6674905","Lood de Jager","Lodewyk de Jager",NA,"1992-12-17","Alberton","/w/index.php?title=Alberton_(Gauteng)&action=edit&redlink=1",NA,NA,NA,204,125,"2nd Row",NA,"South Africa"
"Q6688207","Louis Stanfill","Louis Stanfill",NA,"1985-05-30","Sacramento; California","/wiki/Sacramento_(California)",NA,NA,NA,191,110,"Flanker",NA,"U.S.A."
"Q6701893","Luke Cowan-Dickie","Luke Cowan-Dickie",NA,"1993-06-20","Truro","/wiki/Truro",NA,NA,NA,184,112,"Hooker",NA,"England"
"Q6702308","Luke Romano","Luke Romano",NA,"1986-02-16","Nelson; New Zealand","/wiki/Nelson_(Nueva_Zelanda)",NA,NA,NA,199,119,"2nd Row",NA,"New Zealand"
"Q6702393","Luke Thompson","Luke Thompson",NA,"1981-04-16","Kaiapoi","/w/index.php?title=Kaiapoi&action=edit&redlink=1",NA,NA,NA,196,108,"2nd Row",NA,"New Zealand"
"Q6706963","Lwazi Mvovo","Lwazi Mvovo","Lwazi Ncedo Mvovo","1986-06-03","Umtala","/w/index.php?title=Umtala&action=edit&redlink=1",NA,NA,NA,185,91,"Winger",NA,"South Africa"
"Q6741136","Malakai Fekitoa","Malakai Fekitoa","Malakai Fonokalafi Fekitoa","1992-05-10","Haʻapai","/wiki/Ha%27apai",NA,NA,NA,187,99,"Centre",NA,"Tonga"
"Q6742570","Malcolm Price","Malcolm Price","Malcolm John Price","1937-12-08","Pontypool","/wiki/Pontypool","2024-01-06",NA,NA,NA,NA,"Centre",NA,"Wales"
"Q6752744","Manuel Montero","Manuel Montero",NA,"1991-11-20","Buenos Aires","/wiki/Buenos_Aires",NA,NA,NA,194,113,"Winger; Fullback",NA,NA
"Q6766868","Mark Brooke-Cowden","Mark Brooke-Cowden",NA,"1963-06-12","Auckland","/wiki/Auckland",NA,NA,NA,183,91,"3rd Row",NA,"New Zealand"
"Q6777798","Martín Landajo","Martín Landajo",NA,"1988-06-14","Buenos Aires","/wiki/Buenos_Aires",NA,NA,NA,175,82,"Scrum-Half; Fly-Half",NA,"Argentina"
"Q6788619","Matt Evans","Matt Evans","Matthew Evans","1988-01-02","Salisbury","/wiki/Salisbury",NA,NA,NA,183,89,"Fly-Half; Centre",NA,"United Kingdom"
"Q6788983","Matt Lucas","Matt Lucas","Matthew Lucas","1992-01-29","Gold Coast; Queensland","/wiki/Gold_Coast_(Australia)",NA,NA,NA,172,82,"Scrum-Half",NA,"Australia"
"Q6789304","Matt Scott","Matt Scott","Matthew Clive McCrimmon Scott","1990-09-30","Dunfermline","/wiki/Dunfermline",NA,NA,NA,185,101,"Fly-Half; Centre",NA,"United Kingdom"
"Q6831232","Michael Hooper","Michael Hooper",NA,"1991-10-29","Sydney","/wiki/S%C3%ADdney",NA,NA,NA,182,100,"3rd Row",NA,"Australia"
"Q6832188","Michael Leitch","Michael Leitch",NA,"1988-10-07","Christchurch","/wiki/Christchurch",NA,NA,NA,190,105,"Flanker; Number 8",NA,"New Zealand"
"Q6838156","Mick Doyle","Mick Doyle","Michael Gerard Doyle","1941-10-13","County Kerry","/wiki/Condado_de_Kerry","2004-05-11",NA,NA,180,90,"3rd Row",NA,"Ireland"
"Q6845086","Mihai Macovei","Mihai Macovei",NA,"1986-10-29","Gura Humorului","/wiki/Gura_Humorului",NA,NA,NA,195,94,"Flanker; Number 8",NA,"Romania"
"Q6848516","Mike Rayer","Mike Rayer","Michael Anthony Rayer","1965-07-21","Cardiff","/wiki/Cardiff",NA,NA,NA,178,85,"Fullback",NA,"Wales"
"Q6918721","Motu Matu'u","Motu Matu'u","Motu Farao Matu'u","1987-04-30","Wellington","/wiki/Wellington",NA,NA,NA,184,115,"Hooker",NA,"New Zealand"
"Q6939337","Murray Kidd","Murray Kidd",NA,NA,"Te Kūiti","/w/index.php?title=Te_K%C5%ABiti&action=edit&redlink=1",NA,NA,NA,175,75,"Winger",NA,"New Zealand"
"Q6969134","Nathan Hirayama","Nathan Hirayama",NA,"1988-03-23","Richmond; British Columbia","/wiki/Richmond_(Columbia_Brit%C3%A1nica)",NA,NA,NA,183,90,"Fly-Half",NA,"Canada"
"Q6991165","Nemia Kenatale","Nemia Kenatale","Nemia Serelevu Kenatale Ranuku","1986-01-21","Tavua","/w/index.php?title=Tavua&action=edit&redlink=1",NA,NA,NA,173,92,"Scrum-Half",NA,"Fiji"
"Q6993434","Tony Woodcock","Tony Woodcock","Tony Dale Woodcock","1981-01-27","Helensville","/w/index.php?title=Helensville&action=edit&redlink=1",NA,NA,NA,184,120,"Prop",NA,"New Zealand"
"Q6995271","Nepo Laulala","Nepo Laulala","Nepo Eti Laulala","1991-11-06","Apia","/wiki/Apia",NA,NA,NA,184,116,"Prop",NA,"Samoa"
"Q7029776","Nicolas Pueta","Nicolás Pueta",NA,"1983-10-20","Buenos Aires","/wiki/Capital_Federal_(Buenos_Aires)",NA,NA,NA,180,82,"3rd Row",NA,"Argentina"
"Q7047091","Noel Mannion","Noel Mannion","Noel Patrick Stephen Mannion","1963-01-12","Ballinasloe","/wiki/Ballinasloe",NA,NA,NA,185,105,"Number 8",NA,"Ireland"
"Q7051494","Norm Hewitt","Norm Hewitt","Normman Jason Hewitt","1968-11-11","Hastings; New Zealand","/wiki/Hastings,_Nueva_Zelanda","2024-07-15","Wellington","/wiki/Wellington",178,108,"Hooker",NA,"New Zealand"
"Q7078840","Ofa Tu'ungafasi","Ofa Tu'ungafasi","Aniseto Ofa He Mo'oni Tu'ungafasi","1992-04-19","Nukuʻalofa","/wiki/Nukualofa",NA,NA,NA,195,122,"Prop",NA,"Tonga"
"Q7079738","Ofisa Treviranus","Ofisa Treviranus",NA,"1984-03-31","Moto'otua","/w/index.php?title=Motootua&action=edit&redlink=1",NA,NA,NA,187,107,"Flanker",NA,"Samoa"
"Q7143863","Pat O'Hara","Pat O'Hara","Patrick Thomas O'Hara","1961-08-04","Hornchurch","/w/index.php?title=Hornchurch&action=edit&redlink=1",NA,NA,NA,185,95,"3rd Row",NA,"England"
"Q7146830","Patrick Jackson","Paddy Jackson","David Patrick Lindsay James Jackson","1992-01-05","Lisburn","/wiki/Lisburn",NA,NA,NA,178,89,"Fly-Half",NA,"Ireland"
"Q7152916","Paul Perez","Paul Perez","Paul Lusi Perez","1986-07-26","Motootua","/w/index.php?title=Motootua&action=edit&redlink=1",NA,NA,NA,182,102,"3rd Row",NA,"Samoa"
"Q7173939","Peter Fatialofa","Peter Fatialofa",NA,"1959-04-26","Auckland","/wiki/Auckland","2013-11-06","Apia","/wiki/Apia",NA,NA,NA,NA,"Samoa; New Zealand"
"Q7174734","Peter Horne","Peter Horne",NA,"1989-10-05","Kirkcaldy","/wiki/Kirkcaldy",NA,NA,NA,183,93,"Centre; Fly-Half",NA,"Scotland"
"Q7176180","Peter O'Mahony","Peter O'Mahony",NA,"1989-09-17","Cork (city)","/wiki/Cork",NA,NA,NA,191,107,"3rd Row",NA,"Ireland"
"Q7192749","Pieter-Steph du Toit","Pieter-Steph du Toit","Pieter Stephanus du Toit","1992-08-20","Cape Town","/wiki/Ciudad_del_Cabo",NA,NA,NA,200,119,"3rd Row; 2nd Row",NA,"South Africa"
"Q7269677","Quddus Fielea","Quddus Fielea","Quddus Vusika Fielea","1967-07-01","Nukuʻalofa","/wiki/Nukualofa",NA,NA,NA,180,85,"Winger",NA,"Tonga"
"Q7319261","Rex Mossop","Rex Mossop",NA,"1928-02-18","Five Dock",NA,"2011-06-17","St Leonards (Australia)",NA,NA,NA,"2nd Row",NA,NA
"Q7319417","Rey Lee-Lo","Rey Lee-Lo","Reynold Lee-Lo","1986-02-20","Moto'otua","/w/index.php?title=Moto%27otua&action=edit&redlink=1",NA,NA,NA,181,105,"Centre",NA,"Samoa"
"Q7321829","Rhys Patchell","Rhys Patchell","Matthew Rhys Patchell","1993-05-17","Vale of Glamorgan","/wiki/Vale_of_Glamorgan",NA,NA,NA,191,92,"Fly-Half",NA,"Wales"
"Q7321844","Rhys Webb","Rhys Webb",NA,"1988-12-09","Bridgend","/wiki/Bridgend",NA,NA,NA,183,93,"Scrum-Half",NA,"Wales"
"Q7329559","Richard Tsimba","Richard Tsimba","Richard Utete Tsimba","1965-07-09","Harare","/wiki/Harare","2000-04-30","Harare","/wiki/Harare",180,85,"Centre",NA,"Zimbabwe"
"Q7340198","Rob Henshaw","Robbie Henshaw",NA,"1993-06-12","Athlone","/wiki/Athlone",NA,NA,NA,191,103,"Centre",NA,"Ireland"
"Q7340991","Robbie Russell","Robbie Russell","Robert Reid Russell","1976-05-01","Brisbane","/wiki/Brisbane",NA,NA,NA,180,97,"Hooker",NA,"Australia"
"Q7369260","Ross Cronjé","Ross Cronjé",NA,"1989-07-26","Johannesburg","/wiki/Johannesburgo",NA,NA,NA,180,88,"Scrum-Half",NA,"South Africa"
"Q7369534","Ross Moriarty","Ross Moriarty","Connall Ross Moriarty","1994-04-18","St Helens; Merseyside","/wiki/Saint_Helens_(Merseyside)",NA,NA,NA,188,106,"Number 8",NA,"England"
"Q7377671","Rudy Paige","Rudy Paige",NA,"1989-08-02","Riversdale; South Africa","/wiki/Riversdale_(Sud%C3%A1frica)",NA,NA,NA,169,77,"Scrum-Half",NA,"South Africa"
"Q7383990","Ryan Crotty","Ryan Crotty","Ryan Stevenson Crotty","1988-09-23","Nelson; New Zealand","/wiki/Nelson_(Nueva_Zelanda)",NA,NA,NA,181,96,"Centre",NA,"New Zealand"
"Q7384098","Ryan Grant","Ryan Grant",NA,"1985-10-08","Kirkcaldy","/wiki/Kirkcaldy",NA,NA,NA,185,109,"Prop",NA,NA
"Q7384652","Ryan Wilson","Ryan Wilson",NA,"1989-05-18","Aldershot","/wiki/Aldershot",NA,NA,NA,192,105,"Number 8",NA,"England"
"Q7392708","SP Marais","SP Marais","Sarel Petrus Marais","1989-03-16","Cape Town","/wiki/Ciudad_del_Cabo",NA,NA,NA,184,96,"Fullback",NA,"South Africa"
"Q7402839","Sakaria Taulafo","Sakaria Taulafo",NA,"1983-01-29","Apia","/wiki/Apia",NA,NA,NA,183,120,"Prop",NA,"Samoa"
"Q7407296","Sam Carter","Sam Carter","Sam T.G. Carter","1989-09-10","Sydney","/wiki/S%C3%ADdney",NA,NA,NA,200,110,"2nd Row",NA,"Australia"
"Q7407604","Sam Hill","Sam Hill",NA,"1993-04-04","Exeter","/wiki/Exeter",NA,NA,NA,184,97,"Centre",NA,NA
"Q7410381","Samson Lee","Samson Lee",NA,"1992-11-30","Llanelli","/wiki/Llanelli",NA,NA,NA,180,116,"Prop",NA,"United Kingdom"
"Q7420275","Santiago Gomez Cora",NA,NA,NA,NA,NA,NA,NA,NA,NA,NA,NA,NA,NA
"Q7420276","Santiago González Iglesias","Santiago G. Iglesias","Santiago González Iglesias","1988-06-16","Buenos Aires","/wiki/Buenos_Aires",NA,NA,NA,179,92,"Fly-Half; Centre",NA,"Argentina"
"Q7435941","Scott Baldwin","Scott Baldwin","Scott James Baldwin","1988-07-12","Bridgend","/wiki/Bridgend",NA,NA,NA,191,114,"Hooker",NA,"United Kingdom"
"Q7436308","Scott Fardy","Scott Fardy",NA,"1984-07-05","Sydney","/wiki/S%C3%ADdney",NA,NA,NA,198,110,"Flanker; 2nd Row",NA,"Australia"
"Q7437264","Scott Sio","Scott Sio","Scott T. Sio","1991-10-16","Eastwood",NA,NA,NA,NA,187,115,"Prop",NA,"Australia"
"Q7496427","Shiggy Konno","Shiggy Konno","Shigeru Konno","1922-07-07",NA,NA,"2007-04-07","Tokyo","/wiki/Tokio",NA,NA,NA,NA,NA
"Q7533339","Siya Kolisi","Siya Kolisi","Siyamthanda Kolisi","1991-06-16","Gqeberha","/wiki/Puerto_Elizabeth",NA,NA,NA,188,105,"Flanker",NA,"South Africa"
"Q7614917","Steven Kitshoff","Steven Kitshoff",NA,"1992-02-10","Somerset West","/w/index.php?title=Somerset_West&action=edit&redlink=1",NA,NA,NA,183,120,"Prop",NA,"South Africa"
"Q7659697","Syd Hynes","Syd Hynes","Sydney Hynes","1944-07-31","Leeds","/wiki/Leeds","2024-12-11","Perth","/wiki/Perth",NA,NA,"Centre",NA,"England"
"Q7670518","TJ Perenara","'TJ' Perenara",NA,"1992-01-23","Porirua","/wiki/Porirua",NA,NA,NA,183,94,"Scrum-Half",NA,"New Zealand"
"Q7677052","Takahiro Hosokawa","Takahiro Hosokawa","細川隆弘","1967-04-01","Kyoto","/wiki/Kioto",NA,NA,NA,175,80,"Fullback",NA,"Japon"
"Q7689255","Tawera Kerr-Barlow","Tawera Kerr-Barlow","Tawera Narada James Kerr-Barlow","1990-08-15","Melbourne","/wiki/Melbourne",NA,NA,NA,187,90,"Scrum-Half",NA,"Australia"
"Q7697931","Telusa Veainu","Telusa Veainu","Telusa K.P. Veainu","1990-12-26","Kawakawa","/wiki/Kawakawa",NA,NA,NA,180,92,"Winger",NA,"Tonga"
"Q7707164","Tevita Kuridrani","Tevita Kuridrani","Ratu Tevita Kuridrani","1991-03-31","Suva","/wiki/Suva",NA,NA,NA,196,102,"Outside Centre; 3rd Row",NA,"Fiji"
"Q7804034","Tim Nanai-Williams","Tim Nanai-Williams",NA,"1989-06-12","Auckland","/wiki/Auckland",NA,NA,NA,181,93,"3rd Row; Centre",NA,"New Zealand"
"Q7811889","Toby Smith","Toby Smith","Toby J. Smith","1988-10-10","Kirwan","/w/index.php?title=Kirwan_(Queensland)&action=edit&redlink=1",NA,NA,NA,190,116,"Prop",NA,"Australia"
"Q7816547","Tom Lawton Snr","Tom Lawton","Thomas Lawton","1899-01-16","Logan City","/wiki/Logan_City","1978-07-01","Brisbane","/wiki/Brisbane",170,70,"Fly-Half",NA,"Australia"
"Q7817474","Tom Savage","Tom Savage","Thomas Savage","1989-04-18","London Borough of Havering","/wiki/Havering",NA,NA,NA,196,116,"2nd Row",NA,"England"
"Q7819846","Tommy Seymour","Tommy Seymour","Thomas Samuel Fenwick Seymour","1988-07-01","Nashville; Tennessee","/wiki/Nashville",NA,NA,NA,183,95,"Winger",NA,"U.S.A."
"Q7819907","Tommy Taylor","Tommy Taylor","Thomas William James Taylor","1991-11-11","Macclesfield","/wiki/Macclesfield",NA,NA,NA,183,99,"Hooker",NA,"England"
"Q7820453","Tomás Cubelli","Tomás Cubelli",NA,"1989-06-12","Buenos Aires","/wiki/Buenos_Aires",NA,NA,NA,175,79,"Scrum-Half",NA,"Argentina"
"Q7820479","Tomás Leonardi","Tomás Leonardi","Tomás Cristian Leonardi","1987-01-07","Buenos Aires","/wiki/Buenos_Aires",NA,NA,NA,190,106,"Number 8",NA,"Argentina"
"Q7822296","Tony Ensor","Anthony Ensor",NA,"1991-05-11","Balclutha; New Zealand","/wiki/Balclutha_(Nueva_Zelanda)",NA,NA,NA,187,92,"Fullback",NA,"New Zealand"
"Q7831019","To’o Vaega","To’o Vaega","To'o Malo Vaega","1965-08-17","Apia","/wiki/Apia",NA,NA,NA,180,90,"Centre",NA,"Samoa"
"Q7839352","Trevor Nyakane","Trevor Nyakane","Trevor Ntando Nyakane","1989-05-04","Bushbuck Ridge","/w/index.php?title=Bushbuck_Ridge&action=edit&redlink=1",NA,NA,NA,178,121,"Prop",NA,"South Africa"
"Q7954588","WP Nel","WP Nel","Willem Petrus Nel","1986-04-30","Loeriesfontein","/w/index.php?title=Loeriesfontein&action=edit&redlink=1",NA,NA,NA,182,120,"Prop",NA,"South Africa"
"Q7960346","Waisake Naholo","Waisake Naholo","Waisake Naholo Ratunideuba","1991-05-08","Black sigatoka","/wiki/Sigatoka",NA,NA,NA,187,105,"Winger",NA,"Fiji"
"Q7970584","Warren Whiteley","Warren Whiteley","Warren Roger Whiteley","1987-09-18","Durban","/wiki/Durban",NA,NA,NA,193,110,"Number 8",NA,"South Africa"
"Q8002743","Will Chambers","Will Chambers",NA,"1988-05-26","Gove Peninsula",NA,NA,NA,NA,NA,NA,NA,NA,NA
"Q8016779","William Percy Carpmael","William Carpmael","William Percy Carpmael","1864-05-20","Streatham","/wiki/Streatham","1936-12-27",NA,NA,180,80,"3rd Row",NA,"England"
"Q8021926","Willie le Roux","Willie Le Roux","Willem Jacobus le Roux","1989-08-18","Stellenbosch","/wiki/Stellenbosch",NA,NA,NA,186,90,"Fullback; Winger",NA,"South Africa"
"Q8318567","Tom Ecochard","Tom Ecochard",NA,"1992-12-14","France","/wiki/Francia",NA,NA,NA,173,79,"Scrum-Half",NA,"France"
"Q9142690","Agustín Ormaechea","Agustín Ormaechea",NA,"1991-03-08","Montevideo","/wiki/Montevideo",NA,NA,NA,175,80,"Scrum-Half",NA,"Uruguay"
"Q9168396","Beka Tsiklauri","Beka Tsiklauri",NA,"1993-02-09","Tbilisi","/wiki/Tiflis",NA,NA,NA,182,87,NA,NA,"U.S.S.R."
"Q11068926","Joaquín Montes","Joaquín Montes",NA,"1979-06-23",NA,NA,NA,NA,NA,NA,NA,NA,NA,"Uruguay"
"Q11425506","Yoshihiro Sakata","Demi Sakata","義弘酒田","1942-09-26","Kyoto","/wiki/Kioto",NA,NA,NA,160,65,"Winger",NA,"Japon"
"Q11470597","Akihito Yamada","Akihito Yamada",NA,"1985-07-26","Kyoto","/wiki/Kioto",NA,NA,NA,181,90,"3rd Row",NA,"Japon"
"Q11505186","Atsushi Hiwasa","Atsushi Hiwasa",NA,"1987-05-22","Hyōgo Prefecture","/wiki/Hyogo",NA,NA,NA,166,72,"Scrum-Half",NA,"Japon"
"Q11722570","Jan Serfontein","Jan Serfontein","Jan Lodewyk Serfontein","1993-04-15","Gqeberha","/wiki/Puerto_Elizabeth",NA,NA,NA,188,97,"Centre",NA,"South Africa"
"Q11837692","Yacouba Camara","Yacouba Camara",NA,"1994-06-02","France","/wiki/Francia",NA,NA,NA,195,110,"Blindside Flanker",NA,"France"
"Q11907671","Baldiri Aleu i Torres","Baldiri Aleu Torres",NA,"1894-01-01","Sant Boi de Llobregat","/wiki/San_Baudilio_de_Llobregat","1975-06-01","Sant Boi de Llobregat","/wiki/San_Baudilio_de_Llobregat",NA,NA,NA,NA,"Spain"
"Q13522455","Ian Buckett","Ian Buckett","Ian Martin Buckett","1967-12-23","Holywell; Flintshire","/wiki/Holywell,_Flintshire","2024-07-09","Holywell; Flintshire","/wiki/Holywell_(Flintshire)",NA,NA,"Prop",NA,"Wales"
"Q14372315","Mako Vunipola","Mako Vunipola",NA,"1991-01-14","Wellington","/wiki/Wellington",NA,NA,NA,180,121,"Prop",NA,"New Zealand"
"Q15027390","Francisco Pastrana","Francisco Pastrana",NA,"1979-09-13","Buenos Aires","/wiki/Buenos_Aires",NA,NA,NA,NA,NA,NA,NA,"Argentina"
"Q15042047","Ant Strachan","Ant Strachan","Anthony Duncan Strachan","1966-06-07","Te Awamutu","/w/index.php?title=Te_Awamutu&action=edit&redlink=1",NA,NA,NA,175,82,"Scrum-Half",NA,"New Zealand"
"Q15070001","Jason Hewett","Jason Hewett","Jason Alexander Hewett","1968-10-17","Otago Central","/w/index.php?title=Distrito_de_Otago_Central&action=edit&redlink=1",NA,NA,NA,178,83,"Scrum-Half",NA,"New Zealand"
"Q15097500","Graham Purvis","Graham Purvis","Graham Herbert Purvis","1961-10-12","Hauraki","/w/index.php?title=Distrito_de_Hauraki&action=edit&redlink=1",NA,NA,NA,183,105,"Prop",NA,"New Zealand"
"Q15101082","Daniel Hourcade","Daniel Hourcade",NA,"1958-06-07","San Miguel de Tucumán","/wiki/San_Miguel_de_Tucum%C3%A1n",NA,NA,NA,180,78,"Scrum-Half",NA,"Argentina"
"Q15119090","Billy Vunipola","Billy Vunipola","Viliami Vunipola","1992-11-03","Sydney","/wiki/S%C3%ADdney",NA,NA,NA,188,126,"Number 8",NA,"Australia"
"Q15140706","Tommaso Allan","Tommaso Allan",NA,"1993-04-26","Vicenza","/wiki/Vicenza",NA,NA,NA,188,87,"Fly-Half; Centre",NA,"Italy"
"Q15219068","Jon Preston","Jon Preston","Jon Paul Preston","1967-11-15","Dunedin","/wiki/Dunedin",NA,NA,NA,176,77,"Scrum-Half",NA,"New Zealand"
"Q15221057","Shayne Philpott","Shayne Philpott",NA,"1965-09-21","Christchurch","/wiki/Christchurch","2024-06-25","Christchurch","/wiki/Christchurch",175,80,"Back",NA,"New Zealand"
"Q15241244","Terry Wright","Terry Wright","Terence John Wright","1963-03-21","Auckland","/wiki/Auckland",NA,NA,NA,183,80,"Fullback",NA,"New Zealand"
"Q15498152","Gordon Tietjens","Gordon Tietjens","Gordon Frederick Tietjens","1955-12-09","Rotorua","/wiki/Rotorua",NA,NA,NA,195,105,"3rd Row",NA,"New Zealand"
"Q15622330","Waisea Nayacalevu","Waisea Nayacalevu","Waisea Nayacalevu Vuidravuwalu","1990-06-26","Serua Province","/wiki/Serua",NA,NA,NA,193,103,"Winger",NA,"Fiji"
"Q15653152","Josua Tuisova","Josua Tuisova","Josua Tuisova Ratulevu","1994-02-04","Ba (town)","/wiki/Ba_(Fiyi)",NA,NA,NA,180,105,"Winger; Centre",NA,NA
"Q15710153","Geoffrey Palis","Geoffrey Palis",NA,"1991-07-08","France","/wiki/Francia",NA,NA,NA,188,88,"Fullback",NA,"France"
"Q15731077","Jack Nowell","Jack Nowell","Jack Thomas Nowell","1993-04-11","Truro","/wiki/Truro",NA,NA,NA,177,85,"Fullback; Winger; Outside Centre",NA,"United Kingdom"
"Q15736032","Handré Pollard","Handré Pollard",NA,"1994-03-11","Somerset West","/w/index.php?title=Somerset_West&action=edit&redlink=1",NA,NA,NA,188,97,"Fly-Half; Centre",NA,"South Africa"
"Q15925083","Leonardo Sarto","Leonardo Sarto",NA,"1992-01-15","Zevio","/wiki/Zevio",NA,NA,NA,192,93,"3rd Row",NA,"Italy"
"Q15967248","Geoff Cooke","Geoff Cooke",NA,"1941-06-11",NA,NA,NA,NA,NA,175,80,"Fly-Half",NA,"United Kingdom"
"Q15968563","Jordan Michallet","Jordan Michallet",NA,"1993-01-10","Voiron","/wiki/Voiron","2022-01-18","Rouen","/wiki/Ruan",NA,NA,NA,NA,"France"
"Q15972425","Rory Grice","Rory Grice",NA,"1990-04-02","New Zealand","/wiki/Nueva_Zelanda",NA,NA,NA,190,108,"Number 8",NA,"New Zealand"
"Q15973427","Cyril Baille","Cyril Baille",NA,"1993-09-15","France","/wiki/Francia",NA,NA,NA,182,116,"Loosehead Prop",NA,"France"
"Q15992453","Victor Lebas","Victor Lebas",NA,"1993-06-09","Brive-la-Gaillarde","/wiki/Brive-la-Gaillarde",NA,NA,NA,193,110,"2nd Row",NA,"France"
"Q15995857","Donald Campbell","Donald Campbell","Donald Campbell Mclean","1919-01-01","Valparaíso","/wiki/Valpara%C3%ADso","1944-09-12","Berlin","/wiki/Berl%C3%ADn",NA,NA,"Centre",NA,"Chile"
"Q16107005","Gerald Kember","Gerald Kember","Gerald Francis Kember","1945-11-15","Wellington","/wiki/Wellington","2024-10-02",NA,NA,185,86,"Fullback; Inside Centre",NA,"New Zealand"
"Q16146561","Fraser Balmain","Fraser Balmain",NA,"1991-11-16","Newcastle upon Tyne","/wiki/Newcastle_upon_Tyne",NA,NA,NA,185,116,"Tighthead Prop",NA,"England"
"Q16146799","Adrian Apostol","Adrian Apostol","Adrian Marian Apostol","1990-03-11","Constanța","/wiki/Constanza_(Rumania)",NA,NA,NA,186,92,"3rd Row",NA,"Romania"
"Q16148739","Lukhanyo Am","Lukhanyo Am",NA,"1993-11-28","Qonce","/wiki/King_William%27s_Town",NA,NA,NA,186,98,"Centre",NA,"South Africa"
"Q16148916","Gabriel Ascárate","Gabriel Ascarate",NA,"1987-10-20","San Miguel de Tucumán","/wiki/San_Miguel_de_Tucum%C3%A1n",NA,NA,NA,183,94,"Centre; 3rd Row",NA,NA
"Q16150064","Tyler Ardron","Tyler Ardron","Tyler James Ardron","1991-06-16","Peterborough; Ontario","/wiki/Peterborough_(Ontario)",NA,NA,NA,193,113,"2nd Row",NA,"Canada"
"Q16187337","Nofomuli Taumoefolau","Nofomuli Taumoefolau","ノフォムリ タウモエフォラウ","1956-06-21","Nukuʻalofa","/wiki/Nukualofa",NA,NA,NA,180,90,"Winger",NA,"Tonga"
"Q16193036","Jeremy Campbell-Lamerton","Jeremy Campbell-Lamerton","Jeremy Robert Edward Campbell-Lamerton","1957-02-21",NA,NA,NA,NA,NA,196,111,"2nd Row",NA,"United Kingdom"
"Q16194404","Mark Williams","Mark Williams","Mark Andrew Williams","1961-06-26","Ellsbury Township; Barnes County; North Dakota","/wiki/Municipio_de_Ellsbury_(condado_de_Barnes,_Dakota_del_Norte)",NA,NA,NA,180,86,"Centre",NA,"U.S.A."
"Q16194986","Pablo Buabse","Pablo Buabse","Pablo Marcelo Buabse","1963-03-27","San Miguel de Tucumán","/wiki/San_Miguel_de_Tucum%C3%A1n",NA,NA,NA,185,90,"2nd Row",NA,"Argentina"
"Q16195315","José Santamarina","José Santamarina","José María Santamarina","1963-05-21","San Miguel de Tucumán","/wiki/San_Miguel_de_Tucum%C3%A1n",NA,NA,NA,185,90,"Number 8",NA,"Argentina"
"Q16197087","Agustín Macome","Agustín Macome","Agustín María Macome","1967-06-23","Tucumán Province","/wiki/Provincia_de_Tucum%C3%A1n",NA,NA,NA,NA,NA,"2nd Row",NA,NA
"Q16197370","Cristián Viel","Cristián Viel","Cristián Enrique Viel Temperley","1967-11-04","Buenos Aires","/wiki/Buenos_Aires",NA,NA,NA,190,98,"3rd Row",NA,"Argentina"
"Q16202959","Tetaz Chaparro","Nahuel Tetaz Chaparro","Francisco Nahuel Tetaz Chaparro","1989-11-06","General Juan Madariaga","/wiki/General_Juan_Madariaga",NA,NA,NA,188,121,"Prop",NA,"Argentina"
"Q16205474","Sebastián Irazoqui","Sebastián Irazoqui","Sebastián L. Irazoqui","1969-05-22","Córdoba; Argentina","/wiki/C%C3%B3rdoba_(Argentina)",NA,NA,NA,190,105,"Number 8",NA,"Argentina"
"Q16210506","Vincent Koch","Vincent Koch","Vincent Philip Koch","1990-03-13","Empangeni","/w/index.php?title=Empangeni&action=edit&redlink=1",NA,NA,NA,185,118,"Prop",NA,"South Africa"
"Q16212512","Tolu Latu","Tolu Latu","Silalotu Latu","1993-02-23","Nukuʻalofa","/wiki/Nukualofa",NA,NA,NA,178,110,"Hooker",NA,"Tonga"
"Q16212765","Mark Bennett","Mark Bennett","Mark Stewart Bennett","1993-02-03","Cumnock","/wiki/Cumnock",NA,NA,NA,183,89,"Centre",NA,"Scotland"
"Q16213578","Gustavo Jorge","Gustavo Jorge","Gustavo Martín Jorge","1971-10-24","Lomas de Zamora","/wiki/Lomas_de_Zamora",NA,NA,NA,180,85,"Winger",NA,"Argentina"
"Q16222516","Pieter-Jan van Lill","Pieter-Jan Van Lill",NA,"1983-12-04","Keetmanshoop","/wiki/Keetmanshoop",NA,NA,NA,193,112,"Number 8",NA,"Namibia"
"Q16223479","Florin Surugiu","Florin Surugiu",NA,"1984-11-26","Bucharest","/wiki/Bucarest",NA,NA,NA,169,71,"Scrum-Half",NA,"Romania"
"Q16223701","Davit Kacharava","Davit Kacharava",NA,"1985-01-16","Tbilisi","/wiki/Tiflis",NA,NA,NA,185,95,"Centre",NA,"U.S.S.R."
"Q16226289","JW Bell","John-Wessel Bell",NA,"1990-01-18","Cape Town","/wiki/Ciudad_del_Cabo",NA,NA,NA,175,80,NA,NA,NA
"Q16230121","Uzair Cassiem","Uzair Cassiem",NA,"1990-03-17","Strand; Western Cape","/wiki/Strand_(Sud%C3%A1frica)",NA,NA,NA,189,112,"Number 8",NA,"South Africa"
"Q16231417","Benjamín Macome","Benjamín Macome",NA,"1986-01-10","Tucumán Province","/wiki/Tucum%C3%A1n",NA,NA,NA,190,109,"Flanker; Number 8",NA,NA
"Q16231871","Hadleigh Parkes","Hadleigh Parkes","Hadleigh Wayne Parkes","1987-10-05","Rangitikei District","/wiki/Distrito_de_Rangitikei",NA,NA,NA,187,100,"Centre",NA,"New Zealand"
"Q16231889","Valentin Popârlan","Valentin Popîrlan",NA,"1987-06-12","Viziru","/w/index.php?title=Viziru&action=edit&redlink=1",NA,NA,NA,196,117,"2nd Row",NA,"Romania"
"Q16232390","Jéan Rossouw","Jéan Rossouw",NA,"1988-04-06","George; South Africa","/wiki/George_(Sud%C3%A1frica)",NA,NA,NA,NA,NA,"Prop",NA,NA
"Q16233083","Gareth Davies","Gareth Davies",NA,"1990-08-18","Carmarthen","/wiki/Carmarthen",NA,NA,NA,178,86,"Scrum-Half",NA,"United Kingdom"
"Q16233107","Willie du Plessis","Willie Du Plessis",NA,"1990-06-05","Pretoria","/wiki/Pretoria",NA,NA,NA,185,93,"Fly-Half",NA,"South Africa"
"Q16233718","Adam Coleman","Adam Coleman",NA,"1991-10-07","Hobart","/wiki/Hobart",NA,NA,NA,204,122,"2nd Row",NA,"Australia"
"Q16233844","Jeff Hassler","Jeff Hassler","Jeffrey Hassler","1991-08-21","Okotoks","/wiki/Okotoks",NA,NA,NA,178,93,"3rd Row; Centre",NA,"Canada"
"Q16234209","Liam Squire","Liam Squire","Liam Ivan John Squire","1991-03-20","Palmerston North","/wiki/Palmerston_North",NA,NA,NA,196,113,"3rd Row",NA,"New Zealand"
"Q16234234","Sonatane Takulua","Sonatane Takulua",NA,"1991-01-11","Lapaha","/wiki/Lapaha",NA,NA,NA,176,96,"Scrum-Half",NA,"Tonga"
"Q16234312","Brad Weber","Brad Weber","Brad McCormick Weber","1991-01-17","Napier; New Zealand","/wiki/Napier_(Nueva_Zelanda)",NA,NA,NA,172,75,"Scrum-Half",NA,"New Zealand"
"Q16234325","Olly Woodburn","Olly Woodburn","Oliver Michael A. Woodburn","1991-11-18","Bristol","/wiki/Bristol",NA,NA,NA,188,100,"Left Winger",NA,"England"
"Q16234481","Elliot Daly","Elliot Daly","Thomas Richard Croft","1992-10-08","Charing Cross","/wiki/Charing_Cross",NA,NA,NA,184,94,"Centre; Winger",NA,"England"
"Q16234617","Nathan Harris","Nathan Harris","Nathan Paul Harris","1992-03-08","Tauranga","/wiki/Tauranga",NA,NA,NA,186,106,"Hooker",NA,"New Zealand"
"Q16234630","Cory Hill","Cory Hill","Cory Lewis Hill","1992-02-10","Rhondda Cynon Taf","/wiki/Rhondda_Cynon_Taff",NA,NA,NA,195,111,"2nd Row",NA,"Wales"
"Q16234713","Marika Koroibete","Marika Koroibete","Ratu Marika Koroibete","1992-07-26","Namosi Province","/wiki/Namosi",NA,NA,NA,180,93,"Winger",NA,"Fiji"
"Q16235024","Will Skelton","Will Skelton","William R.J. Skelton","1992-05-03","Auckland","/wiki/Auckland",NA,NA,NA,202,130,"2nd Row",NA,"Australia"
"Q16235302","Santiago Cordero","Santiago Cordero",NA,"1993-12-06","Buenos Aires","/wiki/Buenos_Aires",NA,NA,NA,173,80,"Winger; Fullback",NA,"Argentina"
"Q16235449","Ollie Hoskins","Ollie Hoskins","Oliver Matthew David Hoskins","1993-03-06","Perth","/wiki/Perth",NA,NA,NA,190,122,"Tighthead Prop",NA,"Australia"
"Q16235510","Samu Kerevi","Samu Kerevi","Samuela Vatuniveivuke Kerevi","1993-09-27","Vuda Point","/w/index.php?title=Vuda_Point&action=edit&redlink=1",NA,NA,NA,186,105,"Centre",NA,"Fiji"
"Q16235526","Cheslin Kolbe","Cheslin Kolbe",NA,"1993-10-28","Cape Town","/wiki/Ciudad_del_Cabo",NA,NA,NA,175,75,"Winger; Fullback; Scrum-Half; Fly-Half",NA,"South Africa"
"Q16235565","Ngani Laumape","Ngani Laumape","Koinonia Halafungani Laumape","1993-04-22","Palmerston North","/wiki/Palmerston_North",NA,NA,NA,177,103,"Centre",NA,"New Zealand"
"Q16235566","Tomás Lavanini","Tomás Lavanini",NA,"1993-01-22","Grand Bourg","/wiki/Grand_Bourg",NA,NA,NA,200,118,"2nd Row",NA,NA
"Q16235620","Pablo Matera","Pablo Matera","Pablo Nicolás Matera","1993-07-18","Buenos Aires","/wiki/Buenos_Aires",NA,NA,NA,193,110,"3rd Row",NA,"Argentina"
"Q16235918","Patrick Tuipulotu","Patrick Tuipulotu","Patrick Tito Tuipulotu","1993-01-23","Christchurch","/wiki/Christchurch",NA,NA,NA,198,120,"2nd Row",NA,"New Zealand"
"Q16236171","Jonny Gray","Jonny Gray","Jonathan Gray","1994-06-05","Rutherglen","/wiki/Rutherglen",NA,NA,NA,198,119,"2nd Row",NA,"Scotland"
"Q16236331","Malcolm Marx","Malcolm Marx","Malcom Justin Marx","1994-10-13","Germiston","/wiki/Germiston",NA,NA,NA,189,114,"Hooker",NA,"South Africa"
"Q16236338","Sean McMahon","Sean McMahon",NA,"1994-06-25","Brisbane","/wiki/Brisbane",NA,NA,NA,186,100,"Flanker",NA,"Australia"
"Q16236647","Anthony Watson","Anthony Watson","Anthony Kenneth C. Watson","1994-02-26","Ashford; Kent","/wiki/Ashford_(Kent)",NA,NA,NA,188,90,"Winger; Fullback",NA,"United Kingdom"
"Q16236734","Thomas du Toit","Thomas du Toit","Thomas Joubert du Toit","1995-05-05","Cape Town","/wiki/Ciudad_del_Cabo",NA,NA,NA,190,136,"Prop",NA,"South Africa"
"Q16236862","Anton Lienert-Brown","Anton Lienert-Brown",NA,"1995-04-15","Christchurch","/wiki/Christchurch",NA,NA,NA,185,95,"Centre",NA,"New Zealand"
"Q16303182","Eric Maroni","Eric Maroni",NA,"1984-05-26","Buenos Aires",NA,NA,NA,NA,171,84,"Centre; Winger",NA,NA
"Q16528420","Alejandro «Chiquito» Travaglini","Alejandro Travaglini",NA,"1947-06-22","San Isidro; Buenos Aires","/wiki/San_Isidro_(Buenos_Aires)",NA,NA,NA,NA,NA,NA,NA,"Argentina"
"Q16679970","Thomas Ramos","Thomas Ramos",NA,"1995-07-23","Mazamet","/wiki/Mazamet",NA,NA,NA,178,86,"Fullback; Fly-Half",NA,NA
"Q16731047","Jesse Kriel","Jesse Kriel","Jesse André Kriel","1994-02-15","Cape Town","/wiki/Ciudad_del_Cabo",NA,NA,NA,186,95,"Fullback; Centre; Winger",NA,"South Africa"
"Q16745265","Robert du Preez","James du Preez","Robert James du Preez","1963-07-19","Potchefstroom","/wiki/Potchefstroom",NA,NA,NA,182,85,"Scrum-Half",NA,"South Africa"
"Q16745266","Robert du Preez","Robert du Preez","Robert James du Preez","1993-07-30","Durban","/wiki/Durban",NA,NA,NA,193,98,"Fly-Half",NA,"South Africa"
"Q16762737","Curtis Rona","Curtis Rona","Curtis Renata Rona","1992-05-26","Waitara","/w/index.php?title=Waitara&action=edit&redlink=1",NA,NA,NA,194,102,"Fullback",NA,"New Zealand"
"Q16762760","Finn Russell","Finn Russell","Finn Alastair Russell","1992-09-23","Stirling","/wiki/Stirling",NA,NA,NA,183,87,"Fly-Half; Centre",NA,"Scotland"
"Q16855064","Dorian Aldegheri","Dorian Aldegheri",NA,"1993-08-04","France","/wiki/Francia",NA,NA,NA,180,119,"Tighthead Prop",NA,"France"
"Q16893843","Geoff Richards","Geoff Richards","Geoffrey Richards","1929-01-01","Bilston","/wiki/Bilston","2014-05-08","Wolverhampton","/wiki/Wolverhampton",NA,NA,"Forward",NA,"United Kingdom"
"Q17016918","Jamie Ritchie",NA,NA,NA,NA,NA,NA,NA,NA,NA,NA,NA,NA,NA
"Q17019995","Tadhg Furlong","Tadhg Furlong","Tadhg Vincent Furlong","1992-11-14","County Wexford","/wiki/Condado_de_Wexford",NA,NA,NA,185,125,"Prop",NA,"Ireland"
"Q17162666","Pierre Barthère","Pierre Barthère",NA,"1989-06-03","Montauban","/wiki/Montauban",NA,NA,NA,196,100,"3rd Row",NA,NA
"Q17210116","Kenki Fukuoka","Kenki Fukuoka",NA,"1992-09-07","Koga; Fukuoka","/wiki/Koga_(Fukuoka)",NA,NA,NA,175,83,"3rd Row",NA,NA
"Q17350850","Jefferson Poirot","Jefferson Poirot",NA,"1992-11-01","France","/wiki/Francia",NA,NA,NA,181,117,"Loosehead Prop",NA,"France"
"Q17350940","Juan Pablo Socino","Juan Pablo Socino",NA,"1988-05-30","Buenos Aires","/wiki/Buenos_Aires",NA,NA,NA,178,101,"Fly-Half; Centre",NA,"Argentina"
"Q17385620","Scott Barrett","Scott Barrett","Scott Kevin Barrett","1993-11-20","New Plymouth","/wiki/Nueva_Plymouth",NA,NA,NA,197,117,"2nd Row",NA,"New Zealand"
"Q17385777","Greg Cooper","Greg Cooper","Gregory John Luke Cooper","1965-06-10","Gisborne; New Zealand","/wiki/Gisborne_(ciudad)",NA,NA,NA,183,90,"Fullback",NA,"New Zealand"
"Q17386578","Gerwyn Price","Gerwyn Price",NA,"1985-03-07","Markham; Ontario","/wiki/Markham",NA,NA,NA,NA,NA,NA,NA,"Wales"
"Q17403308","Allan Alaalatoa","Allan Alaalatoa","Allan Emani Alaalatoa","1994-01-28","Sydney","/wiki/S%C3%ADdney",NA,NA,NA,182,120,"Prop",NA,"Australia"
"Q17497081","Teddy Thomas","Teddy Thomas",NA,"1993-09-18","Biarritz","/wiki/Biarritz",NA,NA,NA,185,90,"Winger",NA,"France"
"Q17517204","Damian McKenzie","Damian McKenzie","Damian Sinclair McKenzie","1995-04-20","Invercargill","/wiki/Invercargill",NA,NA,NA,176,81,"Fullback; Fly-Half",NA,"New Zealand"
"Q17523769","Matías Alemanno","Matías Alemanno",NA,"1991-12-05","Córdoba; Argentina","/wiki/C%C3%B3rdoba_(Argentina)",NA,NA,NA,199,117,"2nd Row",NA,"Argentina"
"Q17523840","Ramiro Herrera","Ramiro Herrera",NA,"1989-02-14","Comodoro Rivadavia","/wiki/Comodoro_Rivadavia",NA,NA,NA,194,125,"Prop",NA,"Argentina"
"Q17523906","Lucas Noguera Paz","Lucas Noguera Paz",NA,"1993-10-05","San Miguel de Tucumán","/wiki/San_Miguel_de_Tucum%C3%A1n",NA,NA,NA,179,108,"Prop",NA,"Argentina"
"Q17542132","Jerónimo de la Fuente","Jerónimo De la Fuente",NA,"1991-02-24","Rosario","/wiki/Rosario_(Argentina)",NA,NA,NA,184,95,"Centre",NA,"Argentina"
"Q17624661","Charles Ollivon","Charles Ollivon",NA,"1993-05-11","Saint-Pée-sur-Nivelle","/wiki/Saint-P%C3%A9e-sur-Nivelle",NA,NA,NA,199,108,"3rd Row; Number 8",NA,"France"
"Q18045446","Jack Ram","Jack Ram","Jack Deher Ram","1987-01-14","Sydney","/wiki/S%C3%ADdney",NA,NA,NA,189,105,"Flanker",NA,"Australia"
"Q18128188","Kwagga Smith","Kwagga Smith","Albertus Stephanus Smith","1993-06-11","Lydenburg","/wiki/Lydenburg",NA,NA,NA,180,95,"3rd Row; Number 8",NA,"South Africa"
"Q18129148","Hamish Watson","Hamish Watson","Hamish Fergus W. Watson","1991-10-15","Manchester","/wiki/M%C3%A1nchester",NA,NA,NA,185,102,"Flanker",NA,"England"
"Q18162827","Felipe Berchesi","Felipe Berchesi",NA,"1991-04-12","Montevideo","/wiki/Montevideo",NA,NA,NA,178,80,"Fly-Half",NA,"Uruguay"
"Q18172006","Jonathan Danty","Jonathan Danty",NA,"1992-10-07","Paris","/wiki/Par%C3%ADs",NA,NA,NA,181,95,"Centre",NA,"France"
"Q18209267","Konstantin Mikautadze","Konstantin Mikautadze",NA,"1991-07-01","Georgia (country)","/wiki/Georgia",NA,NA,NA,200,130,"2nd Row",NA,"Georgia"
"Q18214300","Cyril Cazeaux","Cyril Cazeaux",NA,"1995-02-10","France","/wiki/Francia",NA,NA,NA,198,117,"2nd Row",NA,"France"
"Q18348614","Harry Thacker","Harry Thacker",NA,"1994-02-18","Leicester","/wiki/Leicester",NA,NA,NA,172,93,"Hooker",NA,"England"
"Q18386281","Cameron Wright","Cameron Wright","Cameron Robin Wright","1994-04-20","Durban","/wiki/Durban",NA,NA,NA,181,92,"Scrum-Half",NA,"South Africa"
"Q18391686","Nehe Milner-Skudder","Nehe Milner-Skudder",NA,"1990-12-15","Taihape","/w/index.php?title=Taihape&action=edit&redlink=1",NA,NA,NA,180,90,"Fullback; Winger",NA,"New Zealand"
"Q18610766","Beñat Auzqui","Beñat Auzqui","Beñat Auzqui Etchepare","1983-08-01","Bayonne","/wiki/Bayona_(Francia)",NA,NA,NA,182,112,"Hooker",NA,NA
"Q18619312","Facundo Isa","Facundo Isa",NA,"1993-09-21","Santiago del Estero","/wiki/Ciudad_de_Santiago_del_Estero",NA,NA,NA,188,106,"Flanker",NA,"Argentina"
"Q18632058","Tevita Cavubati","Tevita Cavubati","Tevita Gucake Naqaqa Cavubati","1987-08-12","Suva","/wiki/Suva",NA,NA,NA,200,120,"2nd Row",NA,"Fiji"
"Q18632089","Latiume Fosita","Latiume Fosita","Latiume Junior Fosita","1992-07-25","Takapuna","/w/index.php?title=Takapuna&action=edit&redlink=1",NA,NA,NA,184,102,"Fly-Half",NA,"Tonga"
"Q18632115","David Havili","David Havili","David Kaetau Havili","1994-12-23","Nelson; New Zealand","/wiki/Nelson_(Nueva_Zelanda)",NA,NA,NA,184,88,"Fullback",NA,"New Zealand"
"Q18632181","Jon McLachlan","Jon McLachlan","Jon Stanley McLachlan","1949-06-23","Auckland","/wiki/Auckland","2024-12-04","Papamoa",NA,180,78,"3rd Row",NA,"New Zealand"
"Q18632188","Richie Mo'unga","Richie Mo'unga","Richard Fou'a Mo'unga","1994-05-25","Christchurch","/wiki/Christchurch",NA,NA,NA,175,80,"Fly-Half",NA,"New Zealand"
"Q18632260","Michael Stanley","Michael Stanley","Michael J. Stanley","1989-12-29","Auckland","/wiki/Auckland",NA,NA,NA,184,93,"Fly-Half",NA,"New Zealand"
"Q18632294","Teihorangi Walden","Teihorangi Walden",NA,"1993-05-25","New Plymouth","/wiki/Nueva_Plymouth",NA,NA,NA,183,94,"Centre",NA,"New Zealand"
"Q18637426","Juan Cruz Guillemaín","Juan Cruz Guillemaín",NA,"1992-08-21","San Juan; Argentina","/wiki/Ciudad_de_San_Juan",NA,NA,NA,197,105,"2nd Row",NA,"Argentina"
"Q18637609","Amar Kudin","Amar Kudin",NA,"1992-08-09","Makarska","/wiki/Makarska","2024-11-18","Rome","/wiki/Roma",180,103,"Hooker",NA,"Italy"
"Q18637637","Tomás Lezana","Tomás Lezana",NA,"1994-02-16","Santiago del Estero","/wiki/Santiago_del_Estero_(ciudad)",NA,NA,NA,188,95,"3rd Row",NA,"Argentina"
"Q18637759","Matías Moroni","Matías Moroni","Matías Moroni Pavlovsky","1991-03-29","Buenos Aires","/wiki/Buenos_Aires",NA,NA,NA,180,85,"Centre; Winger",NA,"Argentina"
"Q18637778","Sefanaia Naivalu","Sefa Naivalu","Sefanaia Naivalu","1992-01-07","Levuka","/wiki/Levuka",NA,NA,NA,186,94,"Winger",NA,"Fiji"
"Q18637871","Guido Petti Pagadizábal","Guido Petti",NA,"1994-11-17","Buenos Aires","/wiki/Buenos_Aires",NA,NA,NA,194,110,"2nd Row",NA,NA
"Q18719703","Bruno María Devoto",NA,NA,NA,NA,NA,NA,NA,NA,NA,NA,NA,NA,NA
"Q18808571","Ultan Dillane","Ultan Dillane",NA,"1993-11-09","France","/wiki/Francia",NA,NA,NA,198,115,"2nd Row",NA,"France; Ireland"
"Q18978120","Maro Itoje","Maro Itoje","Oghenemaro Itoje","1994-10-28","London","/wiki/Londres",NA,NA,NA,198,116,"2nd Row; Flanker",NA,"England"
"Q19282141","Warrick Gelant","Warrick Gelant",NA,"1995-05-20","Knysna","/wiki/Knysna",NA,NA,NA,178,87,"Fullback",NA,"South Africa"
"Q19365010","Baptiste Chouzenoux","Baptiste Chouzenoux",NA,"1993-08-07","Bayonne","/wiki/Bayona_(Francia)",NA,NA,NA,200,107,"Flanker",NA,"France"
"Q19365048","Pierre Gayraud","Pierre Gayraud",NA,"1992-03-27","Sète","/wiki/S%C3%A8te",NA,NA,NA,198,114,"2nd Row",NA,"France"
"Q19518758","Titi Lamositele","Titi Lamositele","Titi E. Lamositele","1995-02-11","Bellingham","/wiki/Bellingham",NA,NA,NA,180,116,"Prop",NA,"U.S.A."
"Q19548121","Guillaume Rouet","Guillaume Rouet","Guillaume Rouet Piffard","1988-08-13","Bayonne","/wiki/Bayona_(Francia)",NA,NA,NA,170,71,"Scrum-Half",NA,NA
"Q19560439","Anthony Etrillard","Anthony Ètrillard",NA,"1993-08-07","Bayonne","/wiki/Bayona_(Francia)",NA,NA,NA,180,110,"Hooker",NA,"France"
"Q19571736","Giorgi Tkhilaishvili","Giorgi Tkhilaishvili",NA,"1991-04-08","Kobuleti","/wiki/Kobuleti",NA,NA,NA,180,103,"Flanker",NA,"U.S.S.R."
"Q19571764","Zurab Zhvania","Zurabi Zhvania",NA,"1991-09-23","Georgia (country)","/wiki/Georgia",NA,NA,NA,178,119,"Loosehead Prop",NA,"Georgia"
"Q19577577","Lucas Pointud","Lucas Pointud",NA,"1988-01-18","Chambéry","/wiki/Chamb%C3%A9ry",NA,NA,NA,188,112,"Prop",NA,"France"
"Q19577692","Doug Rollerson","Doug Rollerson","Douglas Leslie Rollerson","1953-05-14","Papakura","/w/index.php?title=Papakura&action=edit&redlink=1","2017-05-03","Auckland","/wiki/Auckland",175,82,"Fullback; Fly-Half",NA,"New Zealand"
"Q19578358","Peceli Yato","Peceli Yato",NA,"1993-01-17","Fiji","/wiki/Fiyi",NA,NA,NA,196,120,"Blindside Flanker",NA,"Fiji"
"Q19662689","Fabrice Metz","Fabrice Metz",NA,"1991-01-23","France","/wiki/Francia",NA,NA,NA,198,120,"2nd Row",NA,"France"
"Q19663193","Fakahau Valu","Fakahau Valu",NA,"1950-07-01","Nukuʻalofa","/wiki/Nukualofa",NA,NA,NA,185,95,"3rd Row",NA,"Tonga"
"Q19818622","Josh van der Flier","Josh van der Flier",NA,"1993-04-25","Wicklow","/wiki/Wicklow",NA,NA,NA,186,100,"3rd Row",NA,"Ireland"
"Q19818683","RG Snyman","RG Snyman","Rudolph Gerhardus Snyman","1995-01-29","Potchefstroom","/wiki/Potchefstroom",NA,NA,NA,206,131,"2nd Row",NA,"South Africa"
"Q19843792","Quentin Lespiaucq-Brettes","Quentin Lespiaucq-Brettes",NA,"1995-02-16","France","/wiki/Francia",NA,NA,NA,180,102,"Hooker",NA,"France"
"Q19867459","Duncan Hales","Duncan Hales","Duncan Alister Hales","1947-11-22","Dannevirke","/wiki/Dannevirke","2024-01-08","United Kingdom","/wiki/Reino_Unido",178,85,"Winger",NA,"New Zealand"
"Q19875405","Kotaro Matsushima","Kotaro Matsushima",NA,"1993-02-26","Pretoria","/wiki/Pretoria",NA,NA,NA,176,86,"Winger; Fullback",NA,"South Africa"
"Q19955841","Grégory Fichten","Grégory Fichten",NA,"1990-08-13","France","/wiki/Francia",NA,NA,NA,183,118,"Loosehead Prop",NA,"France"
"Q19958482","Mathieu Peluchon","Mathieu Peluchon","Mathieu Peluchon Carrero","1987-06-23","Bordeaux","/wiki/Burdeos",NA,NA,NA,184,84,NA,NA,NA
"Q20050734","Roy Roper","Roy Roper",NA,"1923-08-11","Ōwhango","/w/index.php?title=%C5%8Cwhango&action=edit&redlink=1","2023-09-14","New Plymouth","/wiki/Nueva_Plymouth",173,72,"Three-Quarter",NA,"New Zealand"
"Q20089301","Kylan Hamdaoui","Kylan Hamdaoui",NA,"1994-04-15","France","/wiki/Francia",NA,NA,NA,182,89,"Fullback",NA,"France"
"Q20109620","Bautista Guemes","Bautista Güemes","Bautista Eduardo Güemes","1990-05-12","Buenos Aires","/wiki/Buenos_Aires",NA,NA,NA,176,80,"Fly-Half",NA,NA
"Q20631055","Vaea Fifita","Vaea Fifita","Vaea Tangitau Lapota Fifita","1992-06-17","Vavaʻu","/wiki/Vava%27u",NA,NA,NA,196,111,"Number 8",NA,"Tonga"
"Q20643173","Makazole Mapimpi","Makazole Mapimpi",NA,"1990-07-26","Mdantsane","/w/index.php?title=Mdantsane&action=edit&redlink=1",NA,NA,NA,187,90,"Winger",NA,"South Africa"
"Q20666534","Antoine Dupont","Antoine Dupont",NA,"1996-11-15","Lannemezan","/wiki/Lannemezan",NA,NA,NA,174,82,"Scrum-Half",NA,"France"
"Q20676794","Beka Gorgadze","Beka Gorgadze",NA,"1996-08-08","Rustavi","/wiki/Rustavi",NA,NA,NA,189,110,"Number 8",NA,"Georgia"
"Q20677006","Damien Hoyland","Damien Hoyland",NA,"1994-01-11","Scotland","/wiki/Escocia",NA,NA,NA,178,91,"Right Winger",NA,"Scotland"
"Q20677076","Rieko Ioane","Rieko Ioane","Rieko Edward Ioane","1997-03-18","Auckland","/wiki/Auckland",NA,NA,NA,191,105,"Winger; Centre",NA,"New Zealand"
"Q20702835","Carlo Canna","Carlo Canna",NA,"1992-08-25","Benevento","/wiki/Benevento",NA,NA,NA,190,92,"Fly-Half",NA,"Italy"
"Q20710266","Shem Tatupu","Shem Tatupu","Shem J. Tatupu","1968-02-18","Auckland","/wiki/Auckland",NA,NA,NA,190,101,"3rd Row",NA,"New Zealand"
"Q20745098","Ox Nché","Ox Nché","Retshegofaditswe 'Tshego' Nché","1995-07-23","Bloemfontein","/wiki/Bloemfontein",NA,NA,NA,173,109,"Prop",NA,"South Africa"
"Q20810491","Gonzalo Bertranou","Gonzalo Bertranou",NA,"1993-12-31","Mendoza; Argentina","/wiki/Ciudad_de_Mendoza",NA,NA,NA,174,77,"Scrum-Half",NA,"Argentina"
"Q20851364","Manu Leiataua","Manu Leiataua","Maatulimanu Leiataua","1986-12-26","Wellington","/wiki/Wellington",NA,NA,NA,180,106,"Hooker",NA,"New Zealand"
"Q20950103","Alejandro Puccio","Alejandro Rafael Puccio",NA,"1958-10-14","Buenos Aires","/wiki/Buenos_Aires","2008-06-27","Avellaneda","/wiki/Avellaneda_(Buenos_Aires)",182,90,"Winger",NA,"Argentina"
"Q20981541","Felipe Ezcurra","Felipe Ezcurra",NA,"1993-04-15","Buenos Aires","/wiki/Buenos_Aires",NA,NA,NA,179,85,"Scrum-Half",NA,"Argentina"
"Q20981768","Julián Montoya","Julián Montoya","Julián S. Montoya","1993-10-29","Buenos Aires","/wiki/Buenos_Aires",NA,NA,NA,183,110,"Hooker; Prop",NA,"Argentina"
"Q20981841","Matías Orlando","Matías Orlando",NA,"1991-11-14","Concepción; Tucumán","/wiki/Concepci%C3%B3n_(Tucum%C3%A1n)",NA,NA,NA,183,94,"Centre; Winger",NA,"Argentina"
"Q20982061","Ivan van Zyl","Ivan van Zyl",NA,"1995-06-30","Pretoria","/wiki/Pretoria",NA,NA,NA,178,80,"Scrum-Half",NA,"South Africa"
"Q20983136","Yu Tamura","Yu Tamura","田村 優","1989-01-09","Aichi Prefecture","/wiki/Prefectura_de_Aichi",NA,NA,NA,181,87,"Fly-Half",NA,"Japon"
"Q20986653","Karne Hesketh","Karne Hesketh","Karne L. Hesketh","1985-08-01","Napier; New Zealand","/wiki/Napier_(Nueva_Zelanda)",NA,NA,NA,178,98,"3rd Row; Centre",NA,"New Zealand"
"Q20992219","Amanaki Mafi","Amanaki Mafi","Amanaki Lelei Mafi","1990-01-11","Nukuʻalofa","/wiki/Nuku%27alofa",NA,NA,NA,189,112,"Number 8",NA,"Tonga"
"Q20994556","Kazimierz Jaremczak","Kazimierz Jaremczak",NA,"1938-10-02",NA,NA,NA,NA,NA,NA,NA,NA,NA,NA
"Q21004854","Carlos Arboleya","Carlos Arboleya","Carlos Arboleya Sarazola","1985-07-23","Montevideo","/wiki/Montevideo",NA,NA,NA,173,110,"Prop; Hooker",NA,"Uruguay"
"Q21005004","Chris Baumann","Chris Baumann",NA,"1987-05-18","Steamboat Springs; Colorado","/wiki/Steamboat_Springs",NA,NA,NA,183,118,"Prop",NA,"U.S.A."
"Q21005223","Francisco Bulanti","Francisco Bulanti",NA,"1980-04-12","Paysandú","/wiki/Paysand%C3%BA",NA,NA,NA,178,87,"Winger",NA,"Uruguay"
"Q21005614","Johan Deysel","Johan Deysel","Johan Deysel Jnr","1991-09-26","Windhoek","/wiki/Windhoek",NA,NA,NA,184,94,"Centre",NA,"Namibia"
"Q21005694","Alejo Durán","Alejo Durán",NA,"1991-05-20","Paysandú","/wiki/Paysand%C3%BA",NA,NA,NA,170,76,"Scrum-Half; Fly-Half",NA,"Uruguay"
"Q21005772","Patrick Fa'apale","Patrick Fa'apale",NA,"1991-05-23","Moto'otua","/w/index.php?title=Moto%27otua&action=edit&redlink=1",NA,NA,NA,179,90,"Fly-Half",NA,"Samoa"
"Q21009593","AJ MacGinty","Alan MacGinty","Alan Leon MacGinty","1990-02-26","Dublin","/wiki/Dubl%C3%ADn",NA,NA,NA,185,90,"Fly-Half; Scrum-Half",NA,"Ireland"
"Q21043245","Matt Duncan","Matt Duncan","Matthew Dominic Fletcher Duncan","1959-08-29","Glasgow","/wiki/Glasgow",NA,NA,NA,180,85,"Winger",NA,"Scotland"
"Q21043253","Greig Oliver","Greig Oliver","Greig Hunter Oliver","1964-09-12","Hawick","/wiki/Hawick","2023-07-03","Sea Point","/wiki/Sea_Point",175,80,"Scrum-Half",NA,"Scotland"
"Q21043263","Douglas Wyllie","Douglas Wyllie","Douglas Stewart Wyllie","1963-05-20","Edinburgh","/wiki/Edimburgo",NA,NA,NA,180,85,"Fly-Half; Centre; Winger",NA,"Scotland"
"Q21055343","Sebastian Negri","Sebastian Negri","Sebastian Luke Negri da Oleggio","1994-06-30","Marondera",NA,NA,NA,NA,195,105,"3rd Row",NA,"Italy; Zimbabwe"
"Q21063334","Giorgi Tetrashvili","Giorgi Tetrashvili",NA,"1993-08-31","Georgia (country)","/wiki/Georgia",NA,NA,NA,177,114,"Loosehead Prop",NA,"Georgia"
"Q21066115","Hernán García Simón","Hernán Martín García Simón",NA,"1965-01-11","Buenos Aires","/wiki/Buenos_Aires",NA,NA,NA,NA,NA,"Centre",NA,"Argentina"
"Q21066922","Andrés Vilaseca","Andrés Vilaseca",NA,"1991-05-08","Montevideo","/wiki/Montevideo",NA,NA,NA,185,102,"Winger; Centre",NA,NA
"Q21066991","Santiago García Botta","Santiago García Botta",NA,"1992-06-19","Buenos Aires","/wiki/Buenos_Aires",NA,NA,NA,183,109,"Prop",NA,"Argentina"
"Q21067217","Gordon McRorie","Gordon McRorie",NA,"1988-05-12","Scotland","/wiki/Escocia",NA,NA,NA,175,80,"Scrum-Half",NA,"United Kingdom"
"Q21067231","JC Greyling","JC Greyling","Johan Corne Greyling","1991-06-21","Okahandja","/wiki/Okahandja",NA,NA,NA,187,92,"Centre",NA,"Namibia"
"Q21114747","Johan Tromp","Johan Tromp","Johannes Adriaan Tromp","1990-12-23","Windhoek","/wiki/Windhoek",NA,NA,NA,183,91,"Scrum-Half",NA,"Namibia"
"Q21152023","Baptiste Serin","Baptiste Serin",NA,"1994-06-20","La Teste-de-Buch","/wiki/La_Teste-de-Buch",NA,NA,NA,180,87,"Scrum-Half",NA,"France"
"Q21173934","Mario Carreras","Mario Carreras",NA,"1966-04-14","Buenos Aires","/wiki/Buenos_Aires",NA,NA,NA,188,105,"Number 8",NA,"Argentina"
"Q21294591","Camille Chat","Camille Chat",NA,"1995-12-18","Auxerre","/wiki/Auxerre",NA,NA,NA,178,110,"Hooker",NA,"France"
"Q21621158","Jack Dempsey","Jack Dempsey","John Francis Dempsey","1994-04-12","Sydney","/wiki/S%C3%ADdney",NA,NA,NA,191,108,"3rd Row",NA,"Australia"
"Q21621385","Jack Goodhue","Jack Goodhue","Elias Jack Goodhue","1995-06-13","Whangārei","/wiki/Whangarei",NA,NA,NA,187,98,"Centre",NA,"New Zealand"
"Q21621701","Blair Kinghorn","Blair Kinghorn","Blair Simon Kinghorn","1997-01-18","Edinburgh","/wiki/Edimburgo",NA,NA,NA,191,104,"Winger",NA,"Scotland"
"Q21622393","Joe Powell","Joe Powell","Joe P. Powell","1994-04-11","Canberra","/wiki/Canberra",NA,NA,NA,177,83,"Scrum-Half",NA,"Australia"
"Q21622539","Garry Ringrose","Garry Ringrose",NA,"1995-01-26","Dublin","/wiki/Dubl%C3%ADn",NA,NA,NA,188,95,"Centre",NA,"Ireland"
"Q21623285","Owen Watkin","Owen Watkin","Owen Paul Watkin","1996-10-12","Bridgend","/wiki/Bridgend",NA,NA,NA,188,98,"Centre",NA,"Wales"
"Q21623324","Tomos Williams","Tomos Williams","Tomos Geraint Williams","1995-01-01","Treorchy","/wiki/Treorchy",NA,NA,NA,180,78,"Scrum-Half",NA,"Wales"
"Q22117239","Alivereti Raka","Alivereti Raka",NA,"1994-12-09","Vunidawa",NA,NA,NA,NA,184,NA,NA,NA,"Fiji; France"
"Q22117295","Arthur Iturria","Arthur Iturria",NA,"1994-05-13","Bayonne","/wiki/Bayona_(Francia)",NA,NA,NA,198,105,"2nd Row",NA,"France"
"Q22210349","François Cros","François Cros",NA,"1994-03-25","France","/wiki/Francia",NA,NA,NA,190,107,"Openside Flanker",NA,"France"
"Q22278007","Luis Gradín","Luis Gradín","Luis Mariano Gradín",NA,"Buenos Aires","/wiki/Buenos_Aires",NA,NA,NA,170,75,"Scrum-Half",NA,"Argentina"
"Q22279779","Mike Purcell","Mike Purcell","Michael Purcell","1951-12-06","Erie; Pennsylvania","/wiki/Erie_(Pensilvania)",NA,NA,NA,180,84,"Winger",NA,"U.S.A."
"Q22287139","Judicaël Cancoriet","Judicaël Cancoriet",NA,"1996-04-25","France","/wiki/Francia",NA,NA,NA,194,116,"Openside Flanker",NA,"France"
"Q23418626","Sila Vaifale","Sila Vaifale","Sila L. Vaifale","1967-07-05","Apia","/wiki/Apia",NA,NA,NA,193,96,"3rd Row",NA,"Samoa"
"Q23771546","Reece Hodge","Reece Hodge",NA,"1994-08-26","Manly; New South Wales","/wiki/Manly",NA,NA,NA,191,94,"Centre; Winger; Fly-Half",NA,"Australia"
"Q23771637","Lekso Kaulashvili","Lekso Kaulashvili",NA,"1992-08-27","Georgia (country)","/wiki/Georgia",NA,NA,NA,185,120,"Loosehead Prop",NA,"Georgia"
"Q23883748","Marcel Toader","Marcel Toader",NA,"1963-01-04","Cumpăna","/w/index.php?title=Cump%C4%83na&action=edit&redlink=1","2019-08-03",NA,NA,180,85,"Winger",NA,"Romania"
"Q23887846","Suliasi Vunivalu","Suliasi Vunivalu",NA,"1995-11-27","Suva","/wiki/Suva",NA,NA,NA,192,99,"Right Winger",NA,"Fiji; Australia"
"Q23926215","Arthur Retière","Arthur Retière",NA,"1997-08-01","France","/wiki/Francia",NA,NA,NA,170,80,"Scrum-Half",NA,"France"
"Q23978282","Enrique Pieretto","Enrique Pieretto",NA,"1994-12-15","Córdoba; Argentina","/wiki/Ciudad_de_C%C3%B3rdoba_(Argentina)",NA,NA,NA,189,122,"Prop",NA,"Argentina"
"Q23978300","Felipe Arregui","Felipe Arregui",NA,"1994-06-09","Rosario","/wiki/Rosario_(Argentina)",NA,NA,NA,189,111,"Prop",NA,NA
"Q24005064","Francisco Irarrázaval","Francisco Irarrázaval","Francisco José Irarrázaval","1971-10-05","Mendoza; Argentina","/wiki/Mendoza_(Argentina)",NA,NA,NA,185,95,"3rd Row",NA,"Argentina"
"Q24005337","Josh Adams","Josh Adams","Joshua Huw Adams","1995-04-21","Swansea","/wiki/Swansea",NA,NA,NA,186,95,"Winger",NA,"Wales"
"Q24034874","Roberto Tejerizo","Roberto Tejerizo","Roberto Edmundo Tejerizo","1988-04-15","San Miguel de Tucumán","/wiki/San_Miguel_de_Tucum%C3%A1n",NA,NA,NA,178,108,"Prop",NA,"Argentina"
"Q24034878","Facundo Bosch","Facundo Bosch",NA,"1991-08-08","Necochea","/wiki/Necochea",NA,NA,NA,179,102,"Hooker",NA,"Argentina"
"Q24258817","Irakli Mirtskhulava","Irakli Mirtskhulava",NA,"1988-12-22","Georgia (country)","/wiki/Georgia",NA,NA,NA,182,105,"Tighthead Prop",NA,"Georgia"
"Q24809717","Ramiro Moyano Joya","Ramiro Moyano","Ramiro Moyano Joya","1990-05-28","Tucumán Province","/wiki/Tucum%C3%A1n",NA,NA,NA,180,83,"Winger",NA,"Argentina"
"Q25253110","Facundo Gigena","Facundo Gigena",NA,"1994-09-15","Córdoba; Argentina","/wiki/C%C3%B3rdoba_(Argentina)",NA,NA,NA,182,118,"Prop",NA,"Argentina"
"Q25281111","Rodrigo Baez","Rodrigo Báez",NA,"1989-02-08","Mendoza; Argentina","/wiki/Ciudad_de_Mendoza",NA,NA,NA,191,103,"3rd Row",NA,NA
"Q25367657","Ignacio Larrague","Ignacio Larrague",NA,"1995-10-25","San Juan; Argentina","/wiki/Ciudad_de_San_Juan",NA,NA,NA,200,120,"2nd Row",NA,"Argentina"
"Q25714022","Curwin Bosch","Curwin Bosch","Curwin Dominique Bosch","1997-06-25","Gqeberha","/wiki/Puerto_Elizabeth",NA,NA,NA,180,80,"Fly-Half",NA,"South Africa"
"Q25975829","Gastón Revol","Gastón Revol",NA,"1986-11-26","Córdoba; Argentina","/wiki/C%C3%B3rdoba_(Argentina)",NA,NA,NA,NA,NA,"Fullback; Scrum-Half",NA,"Argentina"
"Q26036566","Pierre Fouyssac","Pierre Fouyssac",NA,"1995-03-17","France","/wiki/Francia",NA,NA,NA,189,110,"Inside Centre",NA,"France"
"Q26080326","Eduardo Strauch","Eduardo Strauch",NA,"1947-08-13","Montevideo","/wiki/Montevideo",NA,NA,NA,NA,NA,NA,NA,NA
"Q26155668","Marcos Kremer","Marcos Kremer","Marcos Mauricio Kremer","1997-07-30","Concordia; Entre Ríos","/wiki/Concordia_(Argentina)",NA,NA,NA,200,116,"3rd Row",NA,"Argentina"
"Q26405341","Ned Hanigan","Ned Hanigan","Ned Michael Hanigan","1995-04-11","Dubbo","/wiki/Dubbo",NA,NA,NA,194,110,"2nd Row",NA,"Australia"
"Q26472784","Pol Pla","Pol Pla","Pol Pla Vegué","1993-02-18","Sant Cugat del Vallès","/wiki/San_Cugat_del_Vall%C3%A9s",NA,NA,NA,174,76,NA,NA,NA
"Q26704610","Emiliano Boffelli","Emiliano Boffelli",NA,"1995-01-16","Rosario","/wiki/Rosario_(Argentina)",NA,NA,NA,193,95,"Fullback; Winger",NA,"Argentina"
"Q26790000","Iñaki Villanueva","Iñaki Villanueva","Iñaki Villanueva Martín","1991-02-10","El Puerto de Santa María","/wiki/El_Puerto_de_Santa_Mar%C3%ADa",NA,NA,NA,198,105,"3rd Row",NA,NA
"Q26837893","Jordie Barrett","Jordie Barrett","Jordan Matthew Barrett","1997-02-17","New Plymouth","/wiki/Nueva_Plymouth",NA,NA,NA,196,96,"Fullback; Centre; Winger",NA,"New Zealand"
"Q26924480","Bautista Ezcurra","Bautista Ezcurra",NA,"1995-04-21","Buenos Aires","/wiki/Buenos_Aires",NA,NA,NA,177,85,"Centre; Winger",NA,"Argentina"
"Q26924481","Rodrigo Etchart","Rodrigo Etchart",NA,"1994-01-12","Buenos Aires","/wiki/Buenos_Aires",NA,NA,NA,176,NA,"Winger",NA,"Argentina"
"Q26924487","Germán Schulz","Germán Schulz",NA,"1994-02-05","Córdoba; Argentina","/wiki/C%C3%B3rdoba_(Argentina)",NA,NA,NA,NA,NA,"Winger",NA,"Argentina"
"Q27493759","Francisco Hernández","Paco Hernández","Francisco Hernández Jiménez","1988-10-28","Granada","/wiki/Granada",NA,NA,NA,173,78,"Centre",NA,"Spain"
"Q27497180","Santiago Álvarez","Santiago Álvarez Fourcade",NA,"1994-01-17","Bahía Blanca","/wiki/Bah%C3%ADa_Blanca",NA,NA,NA,188,93,"Centre; Winger",NA,NA
"Q27671475","S'busiso Nkosi","S'busiso Nkosi","S'busiso Romeo Nkosi","1996-01-21","Barberton; South Africa","/wiki/Barberton",NA,NA,NA,181,97,"Winger",NA,"South Africa"
"Q27735775","George Bridge","George Bridge","George Crispin Bridge","1995-04-01","Gisborne; New Zealand","/wiki/Gisborne_(ciudad)",NA,NA,NA,185,96,"Winger",NA,"New Zealand"
"Q27757535","Louis Dupichot","Louis Dupichot",NA,"1995-09-23","Paris","/wiki/Par%C3%ADs",NA,NA,NA,183,88,"Fullback",NA,"France"
"Q27757707","Thibault Daubagna","Thibault Daubagna",NA,"1994-05-20","France","/wiki/Francia",NA,NA,NA,177,83,"Scrum-Half",NA,"France"
"Q27758012","Charly Malié","Charly Malié","Charly Gilbert Sylvain Malié","1991-11-05","Béziers","/wiki/B%C3%A9ziers",NA,NA,NA,185,87,"Fly-Half",NA,NA
"Q27888528","Sevu Reece","Sevu Reece","Sevuloni Lasei Reece","1997-02-13","Nadi","/wiki/Nadi_(Fiyi)",NA,NA,NA,180,91,"Winger",NA,"Fiji"
"Q27909808","Edoardo Padovani","Edoardo Padovani",NA,"1993-05-15","Venice","/wiki/Venecia",NA,NA,NA,189,98,"Winger",NA,"Italy"
"Q27924903","Tom Curry","Tom Curry","Thomas Michael Curry","1998-06-15","London Borough of Hounslow","/wiki/Hounslow",NA,NA,NA,185,110,"Flanker; Number 8",NA,"England"
"Q27999184","Baptiste Couilloud","Baptiste Couilloud",NA,"1997-07-22","Rhône (department)","/wiki/R%C3%B3dano_(departamento)",NA,NA,NA,176,83,"Scrum-Half",NA,"France"
"Q28033370","Peato Mauvaka","Peato Mauvaka",NA,"1997-01-10","France","/wiki/Francia",NA,NA,NA,184,124,"Hooker",NA,"France"
"Q28054120","Jasper Wiese","Jasper Wiese","Jasper van der Westhuizen Wiese","1995-10-21","Upington","/wiki/Upington",NA,NA,NA,190,110,"Number 8",NA,"South Africa"
"Q28057743","Alberto Camardón","Alberto Camardón",NA,"1931-03-31","Santiago","/wiki/Santiago_de_Chile","2016-12-24","Buenos Aires","/wiki/Buenos_Aires",NA,NA,"Fly-Half",NA,"Chile"
"Q28147568","José Ignacio Incháusti","José Ignacio Inchausti","José Ignacio Inchausti Bravo","1973-01-01","Madrid","/wiki/Madrid",NA,NA,NA,183,75,"Centre",NA,"Spain"
"Q28147592","Timo Tagaloa","Timo Tagaloa","Timo Daniel Lawrence Tagaloa","1964-10-17","Auckland","/wiki/Auckland",NA,NA,NA,180,91,"Winger",NA,"New Zealand"
"Q28151714","Tu Nu'uali'itia","Tu Nu'uali'itia","Toetu Nu'uali'itia","1966-06-22","Auckland","/wiki/Auckland",NA,NA,NA,170,85,"Scrum-Half",NA,"New Zealand"
"Q28151717","Tupo Fa'amasino","Tupo Fa'amasino",NA,"1966-04-13","Apia","/wiki/Apia",NA,NA,NA,183,95,"Centre",NA,"Samoa"
"Q28180342","Mathew Vaea","Mathew Vaea","Tuala Mathew M. Vaea","1966-09-12","Apia","/wiki/Apia",NA,NA,NA,175,80,"Scrum-Half",NA,"Samoa"
"Q28313066","Alberto Socías","Alberto Socías","Alberto Socías Olmos","1973-05-16","Valencia","/wiki/Valencia",NA,NA,NA,183,95,"Centre",NA,"Spain"
"Q28341401","Fernando Díez","Fernando Díez","Fernando Díez Molina","1974-09-23","Madrid","/wiki/Madrid",NA,NA,NA,175,80,"Centre",NA,"Spain"
"Q28496038","Swan Rebbadj","Swan Rebbadj",NA,"1995-01-15","France","/wiki/Francia",NA,NA,NA,202,112,"2nd Row",NA,"France"
"Q28542575","Darren Kellett","Darren Kellett","Darren James Kellett","1972-09-27","Auckland","/wiki/Auckland",NA,NA,NA,175,90,"Fly-Half",NA,"New Zealand"
"Q28604360","Ángel Guastella","Ángel Guastella",NA,"1931-11-07","Buenos Aires","/wiki/Buenos_Aires","2016-09-29","San Miguel de Tucumán","/wiki/San_Miguel_de_Tucum%C3%A1n",170,72,"Fly-Half",NA,"Argentina"
"Q28606373","Fabien Sanconnie","Fabien Sanconnie",NA,"1995-02-21","France","/wiki/Francia",NA,NA,NA,195,114,"Number 8",NA,"France"
"Q28663810","Luis Anselmo Bonamín","Luis Anselmo Bonamín",NA,"1955-02-06","Rosario","/wiki/Rosario_(Argentina)","1976-03-16","Rosario (Argentina)",NA,NA,NA,NA,NA,NA
"Q28790459","Bernardo Miguens","Bernardo Miguens",NA,"1959-01-26","Buenos Aires","/wiki/Buenos_Aires","2017-01-28","Pinamar","/wiki/Pinamar",180,85,"Fullback",NA,"Argentina"
"Q28803332","Péniami Narisia","Peniami Narisia","Peniami Nasali Narisia","1997-06-10","Fiji","/wiki/Fiyi",NA,NA,NA,187,104,"Hooker",NA,"Fiji"
"Q28823444","Josh Henderson","Josh Henderson",NA,"1997-07-02","Kirkcaldy","/wiki/Kirkcaldy",NA,NA,NA,183,87,"Fly-Half",NA,"Scotland"
"Q28840784","Rodrigue Neti","Rodrigue Neti",NA,"1995-04-26","France","/wiki/Francia",NA,NA,NA,185,124,"Loosehead Prop",NA,"France"
"Q28853741","Jack Maddocks","Jack Maddocks","Jack Angus Kirkby Maddocks","1997-02-05","Sydney","/wiki/S%C3%ADdney",NA,NA,NA,194,96,"Winger",NA,"Australia"
"Q28853743","Jacob Stockdale","Jacob Stockdale","Jacob Alexander Stockdale","1996-04-03","Lurgan","/wiki/Lurgan",NA,NA,NA,190,102,"Winger",NA,"Ireland"
"Q28911582","Jon Zabala","Jon Zabala","Jon Zabala Arrieta","1996-11-26","Getxo","/wiki/Guecho",NA,NA,NA,190,125,"Prop",NA,NA
"Q28940805","Cristian Bartoloni","Cristian Bartoloni",NA,"1995-08-26",NA,NA,NA,NA,NA,192,120,"Prop",NA,"Argentina"
"Q28943604","Nicolás Freitas","Nicolás Freitas","Nicolás Solen Freitas Alleges","1993-07-03","Montevideo","/wiki/Montevideo",NA,NA,NA,180,90,"Centre; Winger",NA,"Uruguay"
"Q28967383","Jordi Jorba","Jordi Jorba","Jordi Jorba Jorge","1997-05-08","Barcelona","/wiki/Barcelona",NA,NA,NA,185,90,"3rd Row",NA,NA
"Q28967386","Julen Goia","Julen Goia","Julen Goia Iriberri","1991-12-12","Idiazabal","/wiki/Idiaz%C3%A1bal_(Guip%C3%BAzcoa)",NA,NA,NA,184,96,"3rd Row",NA,NA
"Q28967389","Álvar Gimeno","Álvar Gimeno","Álvar Gimeno Soria","1997-12-15","Valencia","/wiki/Valencia",NA,NA,NA,184,95,"Centre",NA,NA
"Q28976112","Damian Willemse","Damian Willemse",NA,"1998-05-07","Strand; Western Cape","/wiki/Strand_(Sud%C3%A1frica)",NA,NA,NA,184,90,"Fly-Half; Fullback",NA,"South Africa"
"Q29166749","Andrei Gurănescu","Andrei Gurănescu",NA,"1967-07-24","Bucharest","/wiki/Bucarest",NA,NA,NA,190,95,"3rd Row",NA,"Romania"
"Q29167588","Neculai Nichitean","Neculai Nichitean",NA,"1969-09-27","Suceava County","/wiki/Suceava_(distrito)",NA,NA,NA,180,85,"Fly-Half",NA,"Romania"
"Q29344537","Ilie Ivanciuc","Ilie Ivanciuc","Ilie Ștefan Ivanciuc","1971-07-26","Moara; Suceava","/wiki/Moara",NA,NA,NA,179,84,"Fly-Half",NA,"Romania"
"Q29344927","Nicolae Răcean","Nicolae Răcean","Nicolae F. Răcean","1963-11-29","Sărmaș","/wiki/S%C4%83rma%C8%99",NA,NA,NA,180,85,"Centre",NA,"Romania"
"Q29561631","Ekeroma Luaiufi","Ekeroma Luaiufi","Ekeroma Tifaga Luaiufi","1963-05-08","Apia","/wiki/Apia",NA,NA,NA,NA,NA,"3rd Row",NA,"Samoa"
"Q29868478","Joe Cokanasiga","Joe Cokanasiga","Ratu Josateki Cokanasiga","1997-11-15","Suva","/wiki/Suva",NA,NA,NA,192,112,"Left Winger",NA,"Fiji"
"Q29895603","Guram Papidze","Guram Papidze",NA,"1997-06-16","Georgia (country)","/wiki/Georgia",NA,NA,NA,187,125,"Loosehead Prop",NA,"Georgia"
"Q29914201","Guram Gogichashvili","Guram Gogichashvili",NA,"1998-09-04","Georgia (country)","/wiki/Georgia",NA,NA,NA,183,118,"Loosehead Prop",NA,"Georgia"
"Q29982241","Yoshihito Yoshida","Yoshihito Yoshida","吉田義人","1969-02-18","Ogachi","/w/index.php?title=Distrito_de_Ogachi&action=edit&redlink=1",NA,NA,NA,170,75,"Winger",NA,"Japon"
"Q30027820","Adam Hastings","Adam Hastings",NA,"1996-10-05","Edinburgh","/wiki/Edimburgo",NA,NA,NA,188,92,"Fly-Half",NA,"Scotland"
"Q30118260","Anthony Belleau","Anthony Belleau",NA,"1996-04-08","Monflanquin","/wiki/Monflanquin",NA,NA,NA,175,80,"Fly-Half",NA,"France"
"Q30122761","Marcus Smith","Marcus Smith","Marcus Sebastian Smith","1999-02-14","Manila","/wiki/Manila",NA,NA,NA,170,82,"Fly-Half",NA,"Philippines"
"Q30140858","Gela Aprasidze","Gela Aprasidze",NA,"1998-01-14","Georgia (country)","/wiki/Georgia",NA,NA,NA,175,75,"Scrum-Half",NA,"Georgia"
"Q30140939","Damian Penaud","Damian Penaud",NA,"1996-09-25","Brive-la-Gaillarde","/wiki/Brive-la-Gaillarde",NA,NA,NA,188,93,"Winger",NA,"France"
"Q30223019","Romain Ntamack","Romain Ntamack",NA,"1999-05-01","Toulouse","/wiki/Toulouse",NA,NA,NA,186,91,"Fly-Half",NA,"France"
"Q30595006","Josh Peters","Joshua Peters","Josh Jason Peters","1995-12-10","Sidcup","/wiki/Sidcup",NA,NA,NA,202,117,"2nd Row",NA,NA
"Q30726873","Maxime Lucu","Maxime Lucu",NA,"1993-01-12","France","/wiki/Francia",NA,NA,NA,177,91,"Scrum-Half",NA,"France"
"Q30727857","Marco Tauleigne","Marco Tauleigne",NA,"1993-08-30","France","/wiki/Francia",NA,NA,NA,191,115,"Blindside Flanker",NA,"France"
"Q30729158","Kévin Kornath","Kévin Kornath",NA,"1996-12-27","France","/wiki/Francia",NA,NA,NA,196,110,"Openside Flanker",NA,"France"
"Q30729229","Tommy Raynaud","Tommy Raynaud",NA,"1994-06-13","France","/wiki/Francia",NA,NA,NA,181,105,"Loosehead Prop",NA,"France"
"Q30729256","Anthony Jelonch","Anthony Jelonch",NA,"1996-07-28","France","/wiki/Francia",NA,NA,NA,193,105,"Number 8",NA,"France"
"Q30729257","Xavier Mignot","Xavier Mignot",NA,"1994-01-27","France","/wiki/Francia",NA,NA,NA,188,99,"Right Winger",NA,"France"
"Q30904922","Leandro Assi","Leandro Assi","Leandro Mario Assi","1989-04-27","San Nicolás de los Arroyos","/wiki/San_Nicol%C3%A1s_de_los_Arroyos",NA,NA,NA,181,113,"Tighthead Prop",NA,"Argentina"
"Q31281937","Santiago Santos","Santiago Santos","Santiago Santos Muñoz","1961-10-11","Madrid","/wiki/Madrid",NA,NA,NA,NA,NA,"Prop",NA,"Spain"
"Q33056731","Dawie Snyman","Dawie Snyman","Dawid Stefanus Lubbe Snyman","1949-07-05","Johannesburg","/wiki/Johannesburgo",NA,NA,NA,176,80,"Fullback",NA,"South Africa"
"Q33126490","Gerald Bosch","Gerald Bosch","Gerald Raymond Bosch","1949-05-12","Vereeniging","/wiki/Vereeniging",NA,NA,NA,179,84,"Fly-Half",NA,"South Africa"
"Q36472525","Tedo Abzhandadze",NA,NA,NA,NA,NA,NA,NA,NA,NA,NA,NA,NA,NA
"Q36576304","Izack Rodda","Izack Rodda",NA,"1996-08-20","Lismore","/w/index.php?title=Lismore_(Nueva_Gales_del_Sur)&action=edit&redlink=1",NA,NA,NA,202,119,"2nd Row",NA,"Australia"
"Q36696995","Benjamin Geledan","Benjamin Geledan",NA,"1990-04-08","France","/wiki/Francia",NA,NA,NA,187,104,"Hooker",NA,"France"
"Q36697349","Vincent Giudicelli","Vincent Giudicelli",NA,"1997-06-25","France","/wiki/Francia",NA,NA,NA,184,104,"Hooker",NA,"France"
"Q38494067","Marcelo Faggi","Marcelo Faggi",NA,"1964-10-13","Paraná; Entre Ríos","/wiki/Paran%C3%A1_(Argentina)",NA,NA,NA,175,80,"Scrum-Half",NA,"Argentina"
"Q39072715","Florian Verhaeghe","Florian Verhaeghe",NA,"1997-04-27","France","/wiki/Francia",NA,NA,NA,202,110,"2nd Row",NA,"France"
"Q39072726","Selevasio Tolofua","Selevasio Tolofua",NA,"1997-05-31","France","/wiki/Francia",NA,NA,NA,186,116,"Number 8",NA,"France"
"Q39072880","Alban Placines","Alban Placines",NA,"1993-04-23","France","/wiki/Francia",NA,NA,NA,189,110,"Openside Flanker",NA,"France"
"Q39757739","Paul Gabrillagues","Paul Gabrillagues",NA,"1993-06-03","France","/wiki/Francia",NA,NA,NA,200,115,"2nd Row",NA,"France"
"Q41658676","Thomas Darmon","Thomas Darmon",NA,"1998-05-12","France","/wiki/Francia",NA,NA,NA,181,88,"Fly-Half",NA,"France"
"Q41773304","Gabriel N'Gandebe","Gabriel N'Gandebe",NA,"1997-03-30","France","/wiki/Francia",NA,NA,NA,173,76,"Left Winger",NA,"France"
"Q41795881","Patrick Coote","Patrick Coote",NA,"1910-01-01",NA,NA,"1941-01-01",NA,NA,NA,NA,NA,NA,NA
"Q41798800","Eduardo Bello","Eduardo Bello","Eduardo Miguel Bello","1995-11-27","Villa María; Córdoba","/wiki/Villa_Mar%C3%ADa_(C%C3%B3rdoba)",NA,NA,NA,191,120,"Prop",NA,"Argentina"
"Q42911506","Enrique Román Sierra","Enrique Román Sierra",NA,"1955-10-02","La Plata","/wiki/La_Plata",NA,NA,NA,NA,NA,NA,NA,NA
"Q43260418","Chris Harris","Chris Harris","Christopher James Harris","1990-12-28","Carlisle","/wiki/Carlisle",NA,NA,NA,188,104,"Centre",NA,"England"
"Q44438166","Matai Leuta","Matai Leuta",NA,"1990-07-20","United States","/wiki/Estados_Unidos",NA,NA,NA,191,107,"Left Winger",NA,"U.S.A."
"Q44738068","Matthieu Jalibert","Matthieu Jalibert",NA,"1998-11-06","Saint-Germain-en-Laye","/wiki/Saint-Germain-en-Laye",NA,NA,NA,181,86,"Fly-Half",NA,"France"
"Q44738136","Emerick Setiano","Emerick Setiano",NA,"1996-07-19","France","/wiki/Francia",NA,NA,NA,183,114,"Tighthead Prop",NA,"France"
"Q44738218","Sekou Macalou","Sekou Macalou",NA,"1995-04-20","France","/wiki/Francia",NA,NA,NA,195,108,"Blindside Flanker",NA,"France"
"Q45321569","Julián Manuele",NA,NA,"1966-10-30","La Plata","/wiki/La_Plata",NA,NA,NA,NA,NA,"Fly-Half",NA,"Argentina"
"Q46867717","Sébastien Piqueronies","Sébastien Piqueronies",NA,"1978-07-14","Aurillac","/wiki/Aurillac",NA,NA,NA,NA,NA,NA,NA,NA
"Q46967660","Eliott Roudil","Eliott Roudil",NA,"1996-10-30","France","/wiki/Francia",NA,NA,NA,184,95,"Left Winger",NA,"France"
"Q47016436","Franco Brarda","Franco Brarda",NA,"1993-08-22","Córdoba; Argentina","/wiki/Ciudad_de_C%C3%B3rdoba_(Argentina)",NA,NA,NA,184,108,"Prop",NA,"Argentina"
"Q47034698","Sebastián Cancelliere","Sebastián Cancelliere",NA,"1993-09-17","San Jose; California","/wiki/San_Jos%C3%A9,_California",NA,NA,NA,182,81,"Winger",NA,NA
"Q47034700","Joaquín Díaz Bonilla","Joaquín Díaz Bonilla",NA,"1989-04-12","Buenos Aires","/wiki/Ciudad_Aut%C3%B3noma_de_Buenos_Aires",NA,NA,NA,177,80,"Fly-Half",NA,"Argentina"
"Q47034759","Diego Fortuny","Diego Fortuny",NA,"1991-09-27","Salta","/wiki/Salta",NA,NA,NA,174,105,"Hooker",NA,NA
"Q47034760","Rodrigo Bruni","Rodrigo Bruni",NA,"1993-09-03","Tandil","/wiki/Tandil",NA,NA,NA,189,118,"Number 8",NA,"Argentina"
"Q47034777","Bautista Delguy","Bautista Delguy",NA,"1997-04-22","Remedios de Escalada; Tres de Febrero","/wiki/Remedios_de_Escalada_(Tres_de_Febrero)",NA,NA,NA,181,85,"Winger; Fullback",NA,"Argentina"
"Q47034778","Juan Pablo Zeiss","Juan Zeiss",NA,"1989-08-02","Bariloche","/wiki/San_Carlos_de_Bariloche",NA,NA,NA,183,120,"Prop",NA,"Argentina"
"Q47035437","Jordan Larmour","Jordan Larmour",NA,"1997-06-10","Dublin","/wiki/Dubl%C3%ADn",NA,NA,NA,178,91,"Fullback",NA,"Ireland"
"Q47251483","Samuel Ezeala","Samuel Ezeala",NA,"1999-12-11","Barcelona","/wiki/Barcelona",NA,NA,NA,187,94,"3rd Row",NA,"Spain"
"Q47456232","Manuel Leindekar","Manuel Leindekar","Manuel Leindekar Virginio","1997-04-23","Uruguay","/wiki/Uruguay",NA,NA,NA,202,115,"2nd Row",NA,"Uruguay"
"Q47528471","Aphiwe Dyantyi","Aphiwe Dyantyi","Aphiwe Odwa Dyantyi","1994-08-26","East London; South Africa","/wiki/East_London",NA,NA,NA,182,89,"Winger",NA,"South Africa"
"Q48639077","Mathieu Babillot","Mathieu Babillot",NA,"1993-09-09","France","/wiki/Francia",NA,NA,NA,190,98,"Openside Flanker",NA,"France"
"Q48792294","Will Jordan","Will Jordan","William Thomas Jordan","1998-02-24","Christchurch","/wiki/Christchurch",NA,NA,NA,188,95,"Winger",NA,"New Zealand"
"Q48803865","Caleb Clarke","Caleb Clarke","Caleb Daniel Clarke","1999-03-29","Auckland","/wiki/Auckland",NA,NA,NA,184,100,"Winger",NA,"New Zealand"
"Q48853751","Javier Díaz","Javier Díaz",NA,"1995-07-26","San Miguel","/wiki/San_Miguel",NA,NA,NA,183,112,"Prop",NA,"Argentina"
"Q48853754","Nicolás Leiva","Nicolás Leiva",NA,"1993-01-18","Ingeniero Adolfo Sourdeaux","/wiki/Ingeniero_Adolfo_Sourdeaux",NA,NA,NA,183,117,"Prop",NA,"Argentina"
"Q49988437","Cameron Stones","Cameron Stones",NA,"1992-01-05","Oshawa","/wiki/Oshawa",NA,NA,NA,NA,NA,NA,NA,NA
"Q50128589","Liviu Hodorcă","Liviu Hodorcă",NA,"1961-07-01","Romania","/wiki/Rumania","2023-06-19",NA,NA,NA,NA,"Winger; Fullback",NA,"Romania"
"Q50301733","Lucio López Fleming","López Fleming","Lucio López Fleming","1980-10-14","Salta","/wiki/Salta",NA,NA,NA,169,75,"Scrum-Half",NA,"Argentina"
"Q50364705","Pierre Bourgarit","Pierre Bourgarit",NA,"1997-09-12","France","/wiki/Francia",NA,NA,NA,184,105,"Hooker",NA,"France"
"Q50506058","Joe Simmonds","Joe Simmonds",NA,"1996-12-19","Torquay","/wiki/Torquay",NA,NA,NA,180,85,"Fly-Half",NA,NA
"Q50630459","Jules Gimbert","Jules Gimbert",NA,"1998-03-02","France","/wiki/Francia",NA,NA,NA,171,75,"Scrum-Half",NA,"France"
"Q51128814","Karl Tu’inukuafe","Karl Tu'inukuafe","George Karl Tu'inukuafe Jr","1993-02-21","Auckland","/wiki/Auckland",NA,NA,NA,182,125,"Prop",NA,"New Zealand"
"Q51159679","Boris Palu","Boris Palu",NA,"1996-02-04","France","/wiki/Francia",NA,NA,NA,194,113,"2nd Row",NA,"France"
"Q52324417","Cameron Woki","Cameron Woki",NA,"1998-11-07","France","/wiki/Francia",NA,NA,NA,196,109,"Blindside Flanker",NA,"France"
"Q52663654","Santiago Medrano","Santiago Medrano",NA,"1996-05-06","Bella Vista; Buenos Aires","/wiki/Bella_Vista_(Buenos_Aires)",NA,NA,NA,186,123,"Prop",NA,"Argentina"
"Q52673451","Josh Bayliss","Josh Bayliss","Joshua David Bayliss","1997-09-18","Tiverton; Devon","/wiki/Tiverton",NA,NA,NA,190,106,"Number 8",NA,"England"
"Q52697015","Louis Carbonel","Louis Carbonel",NA,"1999-02-04","France","/wiki/Francia",NA,NA,NA,180,82,"Fly-Half",NA,"France"
"Q53010140","Lasha Macharashvili","Lasha Macharashvili",NA,"1998-11-13","Georgia (country)","/wiki/Georgia",NA,NA,NA,183,129,"Loosehead Prop",NA,"Georgia"
"Q53010147","Luka Japaridze","Luka Japaridze",NA,"1998-09-06","Georgia (country)","/wiki/Georgia",NA,NA,NA,181,125,"Tighthead Prop",NA,"Georgia"
"Q53010938","Beka Saghinadze","Beka Saghinadze",NA,"1998-10-29","Georgia (country)","/wiki/Georgia",NA,NA,NA,191,110,"2nd Row",NA,"Georgia"
"Q53756727","Johan Heunis","Johan Heunis",NA,"1958-01-26","George; South Africa","/wiki/George_(Sud%C3%A1frica)",NA,NA,NA,183,90,"Fullback",NA,"South Africa"
"Q54007307","Gaston Cortes","Gastón Cortés",NA,"1985-10-06","Córdoba; Argentina","/wiki/C%C3%B3rdoba_(Argentina)",NA,NA,NA,180,109,"Prop",NA,"Argentina"
"Q55214960","Demba Bamba","Demba Bamba",NA,"1998-03-17","Saint-Denis; Seine-Saint-Denis","/wiki/Saint-Denis",NA,NA,NA,185,124,"Prop",NA,"France"
"Q55584132","Max Llewellyn","Max Llewellyn",NA,"1999-01-13","Wales","/wiki/Gales",NA,NA,NA,196,105,"Outside Centre",NA,"Wales"
"Q55584710","Herschel Jantjies","Herschel Jantjies","Herschel Jerome Jantjies","1996-04-22","Stellenbosch","/wiki/Stellenbosch",NA,NA,NA,167,75,"Scrum-Half",NA,"South Africa"
"Q55589672","Enzo Forletta","Enzo Forletta",NA,"1994-06-15","France","/wiki/Francia",NA,NA,NA,175,115,"Loosehead Prop",NA,"France"
"Q55589680","Alan Brazo","Alan Brazo",NA,"1992-05-21","France","/wiki/Francia",NA,NA,NA,192,105,"Openside Flanker",NA,"France"
"Q55589687","Lucas Bachelier","Lucas Bachelier",NA,"1995-03-26","France","/wiki/Francia",NA,NA,NA,188,92,"Blindside Flanker",NA,"France"
"Q55589693","Shahn Eru","Shahn Eru",NA,"1989-09-20","New Zealand","/wiki/Nueva_Zelanda",NA,NA,NA,196,111,"2nd Row",NA,"New Zealand"
"Q55590020","Killian Geraci","Killian Geraci",NA,"1999-03-25","France","/wiki/Francia",NA,NA,NA,200,118,"2nd Row",NA,"France"
"Q55623135","Miles Reid","Miles Reid","Miles Joshua Reid","1998-09-05","Bath; Somerset","/wiki/Bath",NA,NA,NA,188,105,"Openside Flanker",NA,"England"
"Q56582699","Facundo Soler","Facundo Soler",NA,"1973-04-05","Córdoba; Argentina","/wiki/C%C3%B3rdoba_(Argentina)",NA,NA,NA,185,91,"Winger",NA,"Argentina"
"Q56599237","Brice Ferrer","Brice Ferrer",NA,"1994-04-12","Ginestas","/wiki/Ginestas",NA,NA,NA,192,104,"3rd Row",NA,NA
"Q56864026","Raúl Taquini","Raúl Taquini","Raúl Martín Taquini","1965-07-26",NA,NA,NA,NA,NA,NA,NA,NA,NA,NA
"Q57585129","Noah Lolesio","Noah Lolesio",NA,"1999-12-18","Auckland","/wiki/Auckland",NA,NA,NA,NA,NA,"Fly-Half",NA,NA
"Q57585253","Julien Hériteau","Julien Hériteau",NA,"1994-09-12","France","/wiki/Francia",NA,NA,NA,182,96,"Outside Centre",NA,"France"
"Q57986336","Lester Etien","Lester Etien",NA,"1995-06-21","France","/wiki/Francia",NA,NA,NA,181,96,"Left Winger",NA,"France"
"Q57986397","Guillaume Marchand","Guillaume Marchand",NA,"1998-06-05","France","/wiki/Francia",NA,NA,NA,183,105,"Hooker",NA,"France"
"Q58495352","Prince ǃGaoseb","Prince ǃGaoseb","Prince Rivaldo Gino ǃGaoseb","1998-07-07","Omaruru; Namibia","/wiki/Omaruru",NA,NA,NA,186,98,"3rd Row",NA,NA
"Q59140955","Asier Usarraga","Asier Usarraga","Asier Usarraga Latierro","1994-12-31","San Sebastián","/wiki/San_Sebasti%C3%A1n",NA,NA,NA,188,103,"3rd Row",NA,NA
"Q59209806","Julien Delbouis","Julien Delbouis",NA,"1999-08-04","France","/wiki/Francia",NA,NA,NA,185,105,"Inside Centre",NA,"France"
"Q59209880","Pierre-Louis Barassi","Pierre-Louis Barassi",NA,"1998-04-22","France","/wiki/Francia",NA,NA,NA,187,102,"Outside Centre",NA,"France"
"Q59469546","David Barrera","David Barrera","David Barrera-Howarth","1989-07-05","Seville","/wiki/Sevilla",NA,NA,NA,196,108,"2nd Row",NA,NA
"Q59656418","Alberto Blanco Alonso","Alberto Blanco","Alberto Blanco Alonso","1990-10-18","Medina de Rioseco","/wiki/Medina_de_Rioseco",NA,NA,NA,183,123,"Prop",NA,NA
"Q59751424","Julián Quetglas","Julián Quetglas",NA,"2000-02-02","Córdoba",NA,NA,NA,NA,178,88,"Fullback; Centre; Winger",NA,"Argentina"
"Q59751514","Lautaro Bazán Velez","Lautaro Bázan Vélez",NA,"1996-02-24","Córdoba; Argentina","/wiki/C%C3%B3rdoba_(Argentina)",NA,NA,NA,NA,NA,"Scrum-Half",NA,"Argentina"
"Q59771433","Tomás Munilla","Tomás Munilla","Tomás Munilla Lo Duca","1998-08-03","Buenos Aires","/wiki/Buenos_Aires",NA,NA,NA,173,73,"Scrum-Half",NA,NA
"Q59772020","Facundo Munilla","Facundo Munilla","Facundo Munilla Lo Duca","1995-05-16","Buenos Aires","/wiki/Buenos_Aires",NA,NA,NA,178,80,"Scrum-Half",NA,"Spain"
"Q59826634","Ignacio Contardi","Ignacio Contardi","Ignacio Contardi Medina","1991-03-08","Mar del Plata","/wiki/Mar_del_Plata",NA,NA,NA,185,90,"3rd Row",NA,NA
"Q60057138","Matthis Lebel","Matthis Lebel",NA,"1999-03-25","France","/wiki/Francia",NA,NA,NA,184,84,"Right Winger",NA,"France"
"Q60195409","Xerom Civil","Xerom Civil","Xerom Civil Bonaventure","1994-04-02","Bordeaux","/wiki/Burdeos",NA,NA,NA,182,120,"Prop",NA,NA
"Q60329570","Jean-Baptiste Gros","Jean-Baptiste Gros",NA,"1999-05-29","France","/wiki/Francia",NA,NA,NA,195,110,"Loosehead Prop",NA,"France"
"Q60836358","Grégory Alldritt","Grégory Alldritt",NA,"1997-03-23","Toulouse","/wiki/Toulouse",NA,NA,NA,191,115,"Number 8",NA,"France"
"Q60881604","Juan Cruz Mallia","Juan Cruz Mallía",NA,"1996-09-11","Córdoba; Argentina","/wiki/C%C3%B3rdoba_(Argentina)",NA,NA,NA,182,91,"Fly-Half; Centre; Fullback",NA,"Argentina"
"Q60928509","Lucio Sordoni","Lucio Sordoni",NA,"1998-07-23","Rosario","/wiki/Rosario_(Argentina)",NA,NA,NA,190,123,"Prop",NA,"Argentina"
"Q60930244","Santiago Chocobares","Santiago Chocobares",NA,"1999-03-31","Rufino; Santa Fe","/wiki/Rufino_(Argentina)",NA,NA,NA,188,101,"Centre",NA,"Argentina"
"Q60949869","Mayco Vivas","Mayco Vivas",NA,"1998-06-02","Rafaela","/wiki/Rafaela",NA,NA,NA,187,120,"Prop",NA,"Argentina"
"Q60950337","Gaspar Baldunciel","Gaspar Baldunciel",NA,"1996-12-09","Tortuguitas","/wiki/Tortuguitas",NA,NA,NA,181,97,"Hooker",NA,NA
"Q60955629","Lucas Paulos","Lucas Paulos",NA,"1998-01-09","Lomas de Zamora","/wiki/Lomas_de_Zamora",NA,NA,NA,199,120,"2nd Row",NA,NA
"Q61051656","Santiago Grondona","Santiago Grondona",NA,"1998-07-25","Buenos Aires","/wiki/Buenos_Aires",NA,NA,NA,192,105,"3rd Row",NA,"Argentina"
"Q61052014","Franco Molina","Franco Molina",NA,"1997-08-28","Córdoba; Argentina","/wiki/C%C3%B3rdoba_(Argentina)",NA,NA,NA,198,120,"2nd Row",NA,"Argentina"
"Q61052032","Domingo Miotti","Domingo Miotti",NA,"1996-05-22","Tucumán Province","/wiki/Tucum%C3%A1n",NA,NA,NA,188,93,"Fly-Half",NA,"Argentina"
"Q61054335","Ignacio Mendy","Ignacio Mendy",NA,"2000-06-29","Argentina","/wiki/Argentina",NA,NA,NA,186,86,"Fullback",NA,"Argentina"
"Q61066679","Marco Ciccioli","Marco Ciccioli",NA,"1995-11-06","Bahía Blanca","/wiki/Bah%C3%ADa_Blanca",NA,NA,NA,190,120,"Prop",NA,"Argentina"
"Q61066896","Lucas Emanuel Favre","Lucas Favre",NA,"1996-11-20","Resistencia; Chaco","/wiki/Resistencia_(ciudad)",NA,NA,NA,180,115,"Prop",NA,"Argentina"
"Q61160474","Santiago Carreras","Santiago Carreras",NA,"1998-03-30","Córdoba; Argentina","/wiki/C%C3%B3rdoba_(Argentina)",NA,NA,NA,180,90,"Fly-Half",NA,"Argentina"
"Q61198015","Santiago Socino","Santiago Socino","Santiago Gabriel Socino","1992-05-07","Buenos Aires","/wiki/Buenos_Aires_(Argentina)",NA,NA,NA,186,110,"Hooker",NA,"Argentina"
"Q61592844","Federico Castiglioni","Federico Casteglioni","Federico Casteglioni Alzorriz","1990-08-10","Bahía Blanca","/wiki/Bah%C3%ADa_Blanca",NA,NA,NA,178,86,NA,NA,NA
"Q61620638","Lucas Guillaume","Lucas Guillaume","Lucas Jean Vincent Guillaume","1991-04-15","Montpellier","/wiki/Montpellier",NA,NA,NA,197,108,"3rd Row",NA,NA
"Q61622987","Vano Karkadze","Vano Karkadze",NA,"2000-06-25","Georgia (country)","/wiki/Georgia",NA,NA,NA,178,110,"Hooker",NA,"Georgia"
"Q61677115","Víctor Sánchez Borrego","Víctor Sánchez","Víctor Sánchez Borrego","1987-06-20","Salamanca","/wiki/Salamanca",NA,NA,NA,194,105,"2nd Row",NA,NA
"Q61819368","Jules Favre","Jules Favre",NA,"1999-03-22","France","/wiki/Francia",NA,NA,NA,181,93,"Inside Centre",NA,"France"
"Q61828912","Benjamin Fry","Ben Fry","Benjamin Fry","1998-09-26","Wales","/wiki/Gales",NA,NA,NA,186,105,"Blindside Flanker",NA,"Wales"
"Q61905289","Brad Linklater","Brad Linklater","Bradley Dean Linklater","1985-05-16","Whangārei","/wiki/Whangarei",NA,NA,NA,187,97,"Fly-Half",NA,NA
"Q62000521","Bruce Devaux","Bruce Devaux",NA,"1996-11-14","France","/wiki/Francia",NA,NA,NA,183,108,"Loosehead Prop",NA,"France"
"Q62088508","Thierry Feuteu","Thierry Futeu",NA,"1995-06-23","Douala","/wiki/Duala",NA,NA,NA,184,114,"Prop",NA,"Cameroon; Spain"
"Q62576989","Marcel Monniot","Marcel Monniot",NA,"1885-01-01",NA,NA,"1968-01-01",NA,NA,NA,NA,NA,NA,NA
"Q62995643","Martín Grau","Martín Grau",NA,"1973-03-24","Mendoza; Argentina","/wiki/Mendoza_(Argentina)","1993-08-23","Mendoza",NA,180,110,"Prop",NA,"Argentina"
"Q63006459","Gabin Villière","Gabin Villière",NA,"1995-12-13","France","/wiki/Francia",NA,NA,NA,180,93,"Right Winger",NA,"France"
"Q63229992","Kurt-Lee Arendse","Kurt-Lee Arendse",NA,"1996-06-17","Paarl","/wiki/Paarl",NA,NA,NA,176,80,"Winger",NA,"South Africa"
"Q63534793","Guillaume Cramont","Guillaume Cramont",NA,"2000-12-29","France","/wiki/Francia",NA,NA,NA,182,97,"Hooker",NA,"France"
"Q63884932","Andrés Zafra","Andrés Zafra",NA,"1996-03-26","Cúcuta","/wiki/C%C3%BAcuta",NA,NA,NA,NA,NA,NA,NA,"Colombia; France"
"Q63993091","Oier Goia","Oier Goia","Oier Goia Iriberri","1995-08-16","Idiazabal","/wiki/Idiaz%C3%A1bal_(Guip%C3%BAzcoa)",NA,NA,NA,188,108,"3rd Row",NA,NA
"Q64221207","Antoine Miquel","Antoine Miquel",NA,"1994-06-20","France","/wiki/Francia",NA,NA,NA,192,103,"Openside Flanker",NA,"France"
"Q64354092","Sacha Zegueur","Sacha Zegueur",NA,"1999-06-21","France","/wiki/Francia",NA,NA,NA,192,107,"Blindside Flanker",NA,"France"
"Q64438125","Christian Martin","Christian Martin","Christian Gonzalo Martin","1971-10-07","San Isidro; Buenos Aires","/wiki/San_Isidro_(Buenos_Aires)",NA,NA,NA,NA,NA,NA,NA,NA
"Q64743464","Francisco Gorrissen","Francisco Gorrissen",NA,"1994-08-30","Buenos Aires","/wiki/Ciudad_Aut%C3%B3noma_de_Buenos_Aires",NA,NA,NA,191,105,"3rd Row",NA,NA
"Q64746174","Marcus Street","Marcus Street",NA,"1999-02-06","Exeter","/wiki/Exeter",NA,NA,NA,185,117,"Tighthead Prop",NA,"England"
"Q64777697","Ibrahim Diallo","Ibrahim Diallo",NA,"1998-01-23","France","/wiki/Francia",NA,NA,NA,192,108,"Openside Flanker",NA,"France"
"Q64825649","Thibaut Hamonou","Thibaut Hamonou",NA,"2000-03-10","France","/wiki/Francia",NA,NA,NA,195,108,"2nd Row",NA,"France"
"Q65088079","Tom de Glanville","Tom de Glanville","Thomas Michael de Glanville","1999-12-10","Bath; Somerset","/wiki/Bath",NA,NA,NA,188,84,"Fullback",NA,"England"
"Q65127231","Léo Coly","Léo Coly",NA,"1999-09-09","France","/wiki/Francia",NA,NA,NA,175,79,"Scrum-Half",NA,"France"
"Q65551232","Martin Laveau","Martin Laveau",NA,"1996-09-10","France","/wiki/Francia",NA,NA,NA,182,83,"Left Winger",NA,"France"
"Q65553712","Juan Ignacio Brex","Ignacio Brex","Juan Ignacio Brex","1992-05-26","Buenos Aires","/wiki/Buenos_Aires",NA,NA,NA,189,99,"Centre",NA,"Argentina"
"Q66363973","Paulo Tafili","Paulo Tafili",NA,"1996-02-15","Wallis and Futuna","/wiki/Wallis_y_Futuna",NA,NA,NA,183,127,"Tighthead Prop",NA,"France"
"Q66736752","Lucas Mensa","Lucas Mensa",NA,"1996-05-24","Burzaco","/wiki/Burzaco",NA,NA,NA,183,94,"Centre",NA,"Argentina"
"Q66980706","Ignacio Dotti","Ignacio Dotti",NA,"1994-08-18","Uruguay","/wiki/Uruguay",NA,NA,NA,195,111,"2nd Row",NA,"Uruguay"
"Q67504605","Kirill Gotovtsev","Kirill Gotovtsev",NA,"1987-07-17","Russia","/wiki/Rusia",NA,NA,NA,187,118,"Tighthead Prop",NA,"Russia"
"Q68544085","Guillermo Pujadas","Guillermo Pujadas","Guillermo León Pujadas","1997-02-06","Uruguay","/wiki/Uruguay",NA,NA,NA,180,110,"Hooker",NA,"Uruguay"
"Q68544175","Santiago Arata","Santiago Arata","Santiago Arata Perrone","1996-09-02","Uruguay","/wiki/Uruguay",NA,NA,NA,171,70,"Scrum-Half",NA,"Uruguay"
"Q68544239","Santiago Civetta","Santiago Civetta","Santiago Civetta Ponce de León","1998-02-28","Montevideo","/wiki/Montevideo",NA,NA,NA,184,103,"Openside Flanker",NA,"Uruguay"
"Q68554997","Felipe Etcheverry","Felipe Etcheverry",NA,"1996-06-23","Uruguay","/wiki/Uruguay",NA,NA,NA,178,79,"Fullback",NA,"Uruguay"
"Q68559123","Tomás Inciarte","Tomás Inciarte",NA,"1996-10-22","Uruguay","/wiki/Uruguay",NA,NA,NA,180,93,"Outside Centre",NA,"Uruguay"
"Q68701012","Ben LeSage","Ben LeSage","Benjamin Boselli LeSage","1995-11-24","Calgary","/wiki/Calgary",NA,NA,NA,184,95,"Inside Centre",NA,"Canada"
"Q68705572","Matt Heaton","Matt Heaton",NA,"1993-02-09","Godmanchester; Quebec","/wiki/Godmanchester_(Quebec)",NA,NA,NA,188,102,"Blindside Flanker",NA,"Canada"
"Q68705860","Conor Keys","Conor Keys",NA,"1996-07-09","Stittsville",NA,NA,NA,NA,199,113,"2nd Row",NA,"Canada"
"Q68817398","Andrew Coe","Andrew Coe",NA,"1996-04-08","Elms",NA,NA,NA,NA,188,93,"Right Winger",NA,"Canada"
"Q69749212","Agustín Della Corte","Agustín Della Corte",NA,"1997-09-11","Paysandú","/wiki/Paysand%C3%BA",NA,NA,NA,NA,NA,"Centre",NA,NA
"Q71518579","Sam Maunder","Sam Maunder","Samuel John L. Maunder","2000-03-22","Exeter","/wiki/Exeter",NA,NA,NA,184,85,"Scrum-Half",NA,"England"
"Q71997047","Antoine Hastoy","Antoine Hastoy",NA,"1997-06-04","France","/wiki/Francia",NA,NA,NA,180,86,"Scrum-Half",NA,"France"
"Q72043545","Ange Capuozzo","Ange Capuozzo",NA,"1999-04-30","Le Pont-de-Claix","/wiki/Le_Pont-de-Claix",NA,NA,NA,177,82,"Fullback",NA,"France"
"Q73527192","Cadan Murley","Cadan Murley",NA,"1999-07-31","Frimley","/wiki/Frimley",NA,NA,NA,175,96,"Inside Centre; Winger",NA,"England"
"Q74458814","Alexandre Fischer","Alexandre Fischer",NA,"1998-01-19","France","/wiki/Francia",NA,NA,NA,188,107,"Blindside Flanker",NA,"France"
"Q74698570","Connor Garden-Bachop","Connor Garden-Bachop",NA,"1999-04-19","New Zealand","/wiki/Nueva_Zelanda","2024-06-17","Fendalton",NA,188,92,"Winger; Fullback",NA,"New Zealand"
"Q75329894","Romain Buros","Romain Buros",NA,"1997-07-31","France","/wiki/Francia",NA,NA,NA,187,97,"Fullback",NA,"France"
"Q76009855","Mateo Carreras","Mateo Carreras",NA,"1999-12-17","San Miguel de Tucumán","/wiki/San_Miguel_de_Tucum%C3%A1n",NA,NA,NA,170,82,"Winger",NA,"Argentina"
"Q76009866","Joel Sclavi","Joel Sclavi","Joel Antonio Sclavi","1994-06-25","Mar del Plata","/wiki/Mar_del_Plata",NA,NA,NA,185,130,"Prop",NA,"Argentina"
"Q79338577","Maxime Lamothe","Maxime Lamothe",NA,"1998-10-03","France","/wiki/Francia",NA,NA,NA,183,109,"Hooker",NA,"France"
"Q79401797","Mathieu Smaïli","Mathieu Smaïli",NA,"1999-08-30","France","/wiki/Francia",NA,NA,NA,180,85,"Fullback",NA,"France"
"Q79404876","Thomas Lavault","Thomas Lavault",NA,"1999-05-03","France","/wiki/Francia",NA,NA,NA,198,105,"2nd Row",NA,"France"
"Q81099210","Freddie Steward","Freddie Steward",NA,"2000-12-05","Dereham","/wiki/Dereham",NA,NA,NA,196,106,"Fullback",NA,"United Kingdom"
"Q81404737","Dylan Cretin","Dylan Cretin",NA,"1997-05-04","France","/wiki/Francia",NA,NA,NA,195,101,"Openside Flanker",NA,"France"
"Q81533888","Thierry Paiva","Thierry Paiva",NA,"1995-11-19","France","/wiki/Francia",NA,NA,NA,184,115,"Loosehead Prop",NA,"France"
"Q83182936","Ethan Dumortier","Ethan Dumortier",NA,"2000-12-29","France","/wiki/Francia",NA,NA,NA,191,93,"Left Winger",NA,"France"
"Q83799927","Teddy Baubigny","Teddy Baubigny",NA,"1998-09-02","France","/wiki/Francia",NA,NA,NA,184,109,"Hooker",NA,"France"
"Q84088435","Ryno Pieterse","Ryno Pieterse",NA,"1998-08-06","South Africa","/wiki/Sud%C3%A1frica",NA,NA,NA,196,106,"2nd Row",NA,"South Africa"
"Q84139508","Patrick Sobela","Patrick Sobela",NA,"1992-08-12","France","/wiki/Francia",NA,NA,NA,188,105,"Blindside Flanker",NA,"France"
"Q84178737","Gauthier Maravat","Gauthier Maravat",NA,"2000-06-11","Agen","/wiki/Agen",NA,NA,NA,198,106,"2nd Row",NA,"France"
"Q84178739","Nathanaël Hulleu","Nathanaël Hulleu",NA,"2000-05-16","France","/wiki/Francia",NA,NA,NA,178,85,"Right Winger",NA,"France"
"Q84351592","Baptiste Delaporte","Baptiste Delaporte",NA,"1997-03-27","France","/wiki/Francia",NA,NA,NA,190,94,"Openside Flanker",NA,"France"
"Q85127610","Giorgi Beria","Giorgi Beria",NA,"1999-11-11","France","/wiki/Francia",NA,NA,NA,175,108,"Tighthead Prop",NA,"France"
"Q85181353","Reesjan Pasitoa","Reesjan Pasitoa",NA,"2001-12-03","Australia","/wiki/Australia",NA,NA,NA,183,98,"Fly-Half",NA,"Australia"
"Q85247954","Cheikh Tiberghien","Cheikh Tiberghien","Cheikh Saliou Tiberghien","2000-01-08","France","/wiki/Francia",NA,NA,NA,186,96,"Left Winger",NA,"France"
"Q85291501","Tomás Albornoz","Tomás Albornoz",NA,"1997-09-17","San Miguel de Tucumán","/wiki/San_Miguel_de_Tucum%C3%A1n",NA,NA,NA,NA,NA,"Fly-Half",NA,"Argentina"
"Q85708516","Manuel Ordas","Manu Ordás","Manuel Ordás","1998-02-21","Bayonne","/wiki/Bayona_(Francia)",NA,NA,NA,187,82,"Fly-Half",NA,NA
"Q85713473","Gavin Stark","Gavin Stark",NA,"1995-12-18","New Zealand","/wiki/Nueva_Zelanda",NA,NA,NA,184,94,"Fullback",NA,"New Zealand"
"Q85765848","Harry Viljoen","Harry Viljoen","Harry Johan Viljoen",NA,"Johannesburg","/wiki/Johannesburgo",NA,NA,NA,175,80,"Scrum-Half",NA,"South Africa"
"Q85768956","Ignacio Silva","Ignacio Silva","Ignacio Andres Silva Aninat","1989-02-16","Santiago","/wiki/Santiago_de_Chile",NA,NA,NA,185,98,"3rd Row",NA,"Chile"
"Q85934904","Matthias Haddad","Matthias Haddad",NA,"2001-03-10","France","/wiki/Francia",NA,NA,NA,192,99,"Blindside Flanker",NA,"France"
"Q86135389","Mathieu Hirigoyen","Mathieu Hirigoyen",NA,"1999-01-25","Bayonne","/wiki/Bayona_(Francia)",NA,NA,NA,195,95,"Blindside Flanker",NA,"France"
"Q86450391","Florent Vanverberghe","Florent Vanverberghe",NA,"2000-07-22","France","/wiki/Francia",NA,NA,NA,190,115,"Number 8",NA,"France"
"Q86519210","Quentin Béthune","Quentin Béthune",NA,"1995-09-25","France","/wiki/Francia",NA,NA,NA,187,113,"Prop",NA,"France"
"Q86721582","Juan Bautista Pedemonte","Bautista Pedemonte","Juan Bautista Pedemonte","2000-03-14","Santiago del Estero Province","/wiki/Provincia_de_Santiago_del_Estero",NA,NA,NA,NA,NA,"3rd Row",NA,"Argentina"
"Q86838469","Joris Segonds","Joris Segonds",NA,"1997-04-06","Decazeville","/wiki/Decazeville",NA,NA,NA,180,91,"Fly-Half",NA,"France"
"Q87001944","Bastien Pourailly","Bastien Pourailly",NA,"1994-01-31","France","/wiki/Francia",NA,NA,NA,177,85,"Left Winger",NA,"France"
"Q87195408","Nicolas Corato","Nicolas Corato",NA,"1997-10-07","France","/wiki/Francia",NA,NA,NA,184,123,"Tighthead Prop",NA,"France"
"Q87198554","Clovis Le Bail","Clovis Le Bail",NA,"1995-11-29","France","/wiki/Francia",NA,NA,NA,173,74,"Scrum-Half",NA,"France"
"Q87308662","Lucas Dessaigne","Lucas Dessaigne",NA,"1989-02-27","France","/wiki/Francia",NA,NA,NA,188,102,"Openside Flanker",NA,"France"
"Q87450743","Antoine Gibert","Antoine Gibert",NA,"1997-12-31","France","/wiki/Francia",NA,NA,NA,177,76,"Fly-Half",NA,"France"
"Q87758115","Matthieu Ugena","Matthieu Ugena",NA,"1997-07-25","France","/wiki/Francia",NA,NA,NA,186,110,"Openside Flanker",NA,"France"
"Q88293834","Thibaud Lanen","Thibaud Lanen",NA,"1998-04-01","France","/wiki/Francia",NA,NA,NA,196,106,"2nd Row",NA,"France"
"Q88525439","Mattéo Le Corvec","Mattéo Le Corvec",NA,"2001-01-04","France","/wiki/Francia",NA,NA,NA,192,111,"2nd Row",NA,"France"
"Q88695088","Sipili Falatea","Sipili Falatea",NA,"1997-06-23","Leava",NA,NA,NA,NA,184,114,"Tighthead Prop",NA,"France"
"Q88801791","Pierre Nueno","Pierre Nueno",NA,"1996-05-15","Pau; Pyrénées-Atlantiques","/wiki/Pau_(Francia)",NA,NA,NA,184,90,"Centre",NA,NA
"Q88883678","Yan Lestrade","Yan Lestrade",NA,"1997-03-20","France","/wiki/Francia",NA,NA,NA,179,92,"Inside Centre",NA,"France"
"Q88985328","Aymeric Luc","Aymeric Luc",NA,"1997-10-14","France","/wiki/Francia",NA,NA,NA,180,80,"Right Winger",NA,"France"
"Q89025034","Pierre Lucas","Pierre Lucas",NA,"1997-04-29","France","/wiki/Francia",NA,NA,NA,183,86,"Inside Centre",NA,"France"
"Q90312580","Marcos Moneta","Marcos Moneta",NA,"2000-03-07","San Andrés; Buenos Aires","/wiki/San_Andr%C3%A9s_(Buenos_Aires)",NA,NA,NA,NA,NA,"Fullback; Winger",NA,"Argentina"
"Q90434379","Théo Millet","Théo Millet",NA,"1997-07-08","France","/wiki/Francia",NA,NA,NA,189,99,"Fullback",NA,"France"
"Q90910687","Richard Palframan","Richard Palframan",NA,"1993-12-20","East London; South Africa","/wiki/East_London",NA,NA,NA,185,120,"Tighthead Prop",NA,"South Africa"
"Q91880493","Martín Sansot","Martín Sansot",NA,"1955-05-16","San Isidro; Buenos Aires","/wiki/San_Isidro_(Buenos_Aires)",NA,NA,NA,181,70,"Fullback",NA,"Argentina"
"Q93322950","Laurent Panis","Laurent Panis",NA,"1993-04-23","France","/wiki/Francia",NA,NA,NA,180,82,"Hooker",NA,"France"
"Q94670594","Michele Lamaro","Michele Lamaro",NA,"1998-06-03","Rome","/wiki/Roma",NA,NA,NA,188,102,"3rd Row",NA,"Italy"
"Q96242117","Alejandro Scolni","Alejandro Scolni","Alejandro Alberto Scolni","1962-04-14",NA,NA,NA,NA,NA,178,82,NA,NA,NA
"Q96418675","Joggie Viljoen","Joggie Viljoen","Joachim Frederick Viljoen","1945-05-14","Cape Town","/wiki/Ciudad_del_Cabo","2023-08-07",NA,NA,174,66,"Scrum-Half",NA,"South Africa"
"Q96482625","Claude Dufau","Claude Dufau",NA,"1946-04-29","Itxassou","/wiki/Itxassou","2021-06-09","Dax; Landes","/wiki/Dax",NA,NA,"Centre",NA,NA
"Q96529053","Hannes Viljoen","Hannes Viljoen",NA,"1943-04-21","Elliot; Eastern Cape",NA,"2021-01-13",NA,NA,NA,NA,NA,NA,NA
"Q96709686","Dylan Riley","Dylan Riley",NA,"1997-05-02","Durban","/wiki/Durban",NA,NA,NA,NA,NA,"Centre; 3rd Row",NA,NA
"Q96744857","Luke Tagi","Luke Tagi",NA,"1997-06-23","Fiji","/wiki/Fiyi",NA,NA,NA,187,130,"Prop",NA,"Fiji"
"Q96870822","Tiaan Tauakipulu","Tiaan Tauakipulu",NA,"2001-03-05","Auckland","/wiki/Auckland",NA,NA,NA,183,119,"Tighthead Prop",NA,"New Zealand"
"Q97062213","Peter Cronjé","Peter Cronjé","Peter Arnold Cronjé","1949-09-21","Johannesburg","/wiki/Johannesburgo","2020-09-04",NA,NA,NA,NA,"Centre",NA,"South Africa"
"Q97120959","Ignacio Calles","Ignacio Calles",NA,"1995-10-24","Argentina","/wiki/Argentina",NA,NA,NA,187,116,"Loosehead Prop",NA,"Argentina"
"Q97143928","Ollie Callan","Ollie Callan","Oliver Callan","2000-07-20","London","/wiki/Londres",NA,NA,NA,185,100,"Openside Flanker",NA,"England; Australia"
"Q97440614","Jules Soulan","Jules Soulan",NA,"1994-06-16","France","/wiki/Francia",NA,NA,NA,181,77,"Fly-Half",NA,"France"
"Q98085649","Rory Scott","Rory Scott",NA,"2000-09-15","Australia","/wiki/Australia",NA,NA,NA,189,100,"Number 8",NA,"Australia"
"Q98147268","Zane Nonggorr","Zane Nonggorr",NA,"2001-03-30","Australia","/wiki/Australia",NA,NA,NA,186,124,"Tighthead Prop",NA,"Australia"
"Q98233613","Mesake Doge","Mesake Doge",NA,"1993-01-04","Fiji","/wiki/Fiyi",NA,NA,NA,178,122,"Tighthead Prop",NA,"Fiji"
"Q99208658","Paul Boudehent","Paul Boudehent",NA,"1999-11-21","Angers","/wiki/Angers",NA,NA,NA,192,99,"Openside Flanker",NA,"France"
"Q99347186","Ryan Rees","Ryan Rees",NA,"1997-08-28","United States","/wiki/Estados_Unidos",NA,NA,NA,178,78,"Fly-Half",NA,"U.S.A."
"Q100145545","Adrea Cocagi","Adrea Cocagi",NA,"1994-03-01","Fiji","/wiki/Fiyi",NA,NA,NA,185,106,"Inside Centre",NA,"Fiji"
"Q100146692","Cristian Ojovan","Cristian Ojovan",NA,"1997-01-04","Moldova","/wiki/Moldavia",NA,NA,NA,183,120,"Tighthead Prop",NA,"Moldova"
"Q100745195","Yannick Youyoutte","Yannick Youyoutte",NA,"1999-08-30","France","/wiki/Francia",NA,NA,NA,197,120,"2nd Row",NA,"France"
"Q100998869","Enzo Hervé","Enzo Hervé",NA,"1998-10-13","France","/wiki/Francia",NA,NA,NA,176,94,"Fly-Half",NA,"France"
"Q101079491","Dimitri Delibes","Dimitri Delibes",NA,"1999-03-17","France","/wiki/Francia",NA,NA,NA,190,94,"Inside Centre",NA,"France"
"Q101202447","Iñaki Mateu","Iñaki Mateu","Iñaki Martin Spuches Mateu","1997-03-17","Tucumán Province","/wiki/Provincia_de_Tucum%C3%A1n",NA,NA,NA,177,80,"Centre",NA,NA
"Q101515848","Lucio Cinti","Lucio Cinti","Lucio Constantino Cinti Luna","2000-02-23","La Plata","/wiki/La_Plata",NA,NA,NA,190,NA,"Fullback; Centre",NA,"Argentina"
"Q102011629","Kitione Kamikamica","Kitione Kamikamica",NA,"1996-04-27","Fiji","/wiki/Fiyi",NA,NA,NA,188,110,"Blindside Flanker",NA,"Fiji"
"Q102129066","Yoram Moefana","Yoram Moefana","Yoram Falatea Moefana","2000-07-18","France","/wiki/Francia",NA,NA,NA,182,97,"Outside Centre",NA,"France"
"Q102346594","Thomas Acquier","Thomas Acquier",NA,"1989-11-21","France","/wiki/Francia",NA,NA,NA,181,109,"Hooker",NA,"France"
"Q103714092","Kerman Aurrekoetxea","Kerman Aurrekoetxea","Kerman Aurrekoetxea Alegría","2000-05-04","Getxo","/wiki/Guecho",NA,NA,NA,178,77,"Scrum-Half",NA,NA
"Q103791735","Martín Alonso Muñoz","Martín Alonso","Martín Alonso Muñoz","1999-12-02","Valladolid","/wiki/Valladolid",NA,NA,NA,185,75,"3rd Row",NA,NA
"Q103829931","Joshua Brennan","Joshua Brennan",NA,"2001-11-28","France","/wiki/Francia",NA,NA,NA,199,114,"2nd Row",NA,"France"
"Q103832789","Louis Foursans-Bourdette","Louis Foursans-Bourdette",NA,"2002-01-29","France","/wiki/Francia",NA,NA,NA,170,80,"Fly-Half",NA,"France"
"Q103843176","Ximun Bessonart","Ximun Bessonart",NA,"1997-02-15","Bayonne","/wiki/Bayona_(Francia)",NA,NA,NA,181,119,"Prop",NA,NA
"Q103940219","Davit Niniashvili","Davit Niniashvili",NA,"2002-07-14","Georgia (country)","/wiki/Georgia",NA,NA,NA,186,89,"Fullback",NA,"Georgia"
"Q104007557","Nolann Le Garrec","Nolann Le Garrec",NA,"2002-05-14","France","/wiki/Francia",NA,NA,NA,175,75,"Scrum-Half",NA,"France"
"Q104530567","Paul Abadie","Paul Abadie",NA,"1994-07-28","France","/wiki/Francia",NA,NA,NA,176,88,"Scrum-Half",NA,"France"
"Q104632421","Ben Stevenson","Ben Stevenson",NA,"1998-07-19","Durham; England","/wiki/Durham",NA,NA,NA,189,90,"Inside Centre",NA,"England"
"Q104766301","Luke Northmore","Luke Northmore",NA,"1997-03-16","Plymouth","/wiki/Plymouth",NA,NA,NA,188,99,"Inside Centre",NA,"England"
"Q104821864","Vicente del Hoyo","Vicente del Hoyo","Vicente del Hoyo Portoles","1996-02-15","Valencia","/wiki/Valencia",NA,NA,NA,180,105,"Hooker",NA,NA
"Q104821998","Max Spring","Max Spring",NA,"2001-03-15","France","/wiki/Francia",NA,NA,NA,173,75,"Fullback",NA,"France"
"Q104834350","Thomas Gallo","Thomas Gallo",NA,"1999-04-30","San Miguel de Tucumán","/wiki/San_Miguel_de_Tucum%C3%A1n",NA,NA,NA,176,107,"Prop",NA,"Argentina"
"Q105079065","Jake Woolmore","Jake Woolmore",NA,"1990-12-07","Hammersmith","/wiki/Hammersmith",NA,NA,NA,184,124,"Loosehead Prop",NA,"England"
"Q105121847","Reegan O'Gorman","Reegan O'Gorman",NA,"1996-05-07","Canada","/wiki/Canad%C3%A1",NA,NA,NA,198,100,"2nd Row",NA,"Canada"
"Q105230058","Felipe Aliaga","Felipe Aliaga","Felipe Aliaga Bonnet","1999-09-14","Uruguay","/wiki/Uruguay",NA,NA,NA,194,114,"2nd Row",NA,"Uruguay"
"Q105230088","Mateo Perillo","Mateo Perillo","Mateo Francisco Perillo","2000-11-11","Uruguay","/wiki/Uruguay",NA,NA,NA,183,120,"Loosehead Prop",NA,"Uruguay"
"Q105364618","Julien Tisseron","Julien Tisseron",NA,"1995-08-12","France","/wiki/Francia",NA,NA,NA,183,86,"Fullback",NA,"France"
"Q105394257","Fernando López","Fernando  López","Fernando Martín López Pérez","1986-03-14","Buenos Aires","/wiki/Buenos_Aires",NA,NA,NA,180,112,"Prop",NA,NA
"Q105503244","Tim Anstee","Tim Anstee","Timothy Anstee","1997-05-19","Sydney","/wiki/S%C3%ADdney",NA,NA,NA,191,98,"Blindside Flanker",NA,"Australia"
"Q105592736","Jeremy Williams","Jeremy Williams",NA,"2000-12-02","Australia","/wiki/Australia",NA,NA,NA,195,111,"2nd Row",NA,"Australia"
"Q105756359","Thibault Berthaud","Thibault Berthaud",NA,"1997-04-12","France","/wiki/Francia",NA,NA,NA,179,119,"Loosehead Prop",NA,"France"
"Q105807479","Matthias Halagahu","Matthias Halagahu",NA,"2001-08-15","France","/wiki/Francia",NA,NA,NA,194,113,"2nd Row",NA,"France"
"Q105822596","Paul Graou","Paul Graou",NA,"1997-07-25","France","/wiki/Francia",NA,NA,NA,177,90,"Scrum-Half",NA,"France"
"Q105882318","Matteo Rodor","Matteo Rodor",NA,"1999-07-04","France","/wiki/Francia",NA,NA,NA,170,72,"Scrum-Half",NA,"France"
"Q105906301","Rémi Picquette","Rémi Picquette",NA,"1995-02-23","France","/wiki/Francia",NA,NA,NA,200,117,"2nd Row",NA,"France"
"Q105964898","Daniel Bibi Biziwu","Daniel Bibi Biziwu",NA,"2001-08-29","France","/wiki/Francia",NA,NA,NA,183,112,"Loosehead Prop",NA,"France"
"Q105968748","Manuel Mora","Manu Mora","Manuel Mora Ruiz","1985-03-08","Santander; Spain","/wiki/Santander_(Espa%C3%B1a)",NA,NA,NA,188,106,"2nd Row",NA,NA
"Q106014019","Bittor Aboitiz","Bittor Aboitiz","Bittor Aboitiz Jauregi","1988-10-05","Bilbao","/wiki/Bilbao",NA,NA,NA,180,110,"Prop",NA,NA
"Q106175986","Sam Dugdale","Sam Dugdale","Samuel Nathan F. Dugdale","1999-09-30","Lancaster; Lancashire","/wiki/Lancaster_(Lancashire)",NA,NA,NA,185,103,"Number 8",NA,"England"
"Q106417896","Iñaki Ayarza","Iñaki Ayarza","Iñaki Ayarza Saporta","1999-09-07","Santiago","/wiki/Santiago_de_Chile",NA,NA,NA,186,102,"Fullback",NA,"Chile"
"Q106612925","Tom Lambert","Tom Lambert","Thomas Lambert","2000-11-20","Australia","/wiki/Australia",NA,NA,NA,187,115,"Loosehead Prop",NA,"Australia"
"Q106615147","Léo Barré","Léo Barré",NA,"2002-08-20","Le Chesnay","/wiki/Le_Chesnay",NA,NA,NA,189,89,"Fullback",NA,"France"
"Q106673823","Luke Reimer","Luke Reimer",NA,"2000-05-27","Australia","/wiki/Australia",NA,NA,NA,187,102,"Blindside Flanker",NA,"Australia"
"Q106715903","Eric Tweedale","Eric Tweedale",NA,"1921-05-05","Rochdale","/wiki/Rochdale","2023-10-17","Australia","/wiki/Australia",NA,NA,"Prop",NA,"England"
"Q106840316","Tom Hooper","Tom Hooper","Thomas Hooper","2001-01-29","Sydney","/wiki/S%C3%ADdney",NA,NA,NA,199,122,"2nd Row",NA,"Australia"
"Q107056887","José Luis González","José Luis González",NA,"1997-09-11","San Miguel de Tucumán","/wiki/San_Miguel_de_Tucum%C3%A1n",NA,NA,NA,NA,NA,"Hooker",NA,"Argentina"
"Q107099459","Mac Grealy","Mac Grealy","Maconal Grealy","2002-03-06","Toowoomba","/wiki/Toowoomba",NA,NA,NA,180,86,"Fullback",NA,"Australia"
"Q107204326","Ilikena Vudogo","Ilikena Vudogo",NA,"1998-11-03",NA,NA,NA,NA,NA,180,100,"Centre; Winger",NA,NA
"Q107325970","Killian Tixeront","Killian Tixeront",NA,"2002-01-22","France","/wiki/Francia",NA,NA,NA,196,107,"Number 8",NA,"France"
"Q107387961","Orlando Bailey","Orlando Bailey","Orlando Thomas R. Bailey","2001-09-30","Dorchester; Dorset","/wiki/Dorchester_(Dorset)",NA,NA,NA,179,85,"Fly-Half",NA,"England"
"Q107387977","Jack Kenningham","Jack Kenningham",NA,"1999-11-19","Royal Borough of Kingston upon Thames","/wiki/Kingston_upon_Thames",NA,NA,NA,191,95,"Openside Flanker",NA,"England"
"Q107411011","Juan Martín González","Juan González","Juan Martín González Samso","2000-11-14","Mendoza; Argentina","/wiki/Mendoza_(Argentina)",NA,NA,NA,191,101,"Number 8",NA,"Argentina"
"Q107570768","Matt Harmon","Matt Harmon","Matthew Harmon","1995-12-04","United States","/wiki/Estados_Unidos",NA,NA,NA,179,118,"Loosehead Prop",NA,"U.S.A."
"Q107605370","Sacha Feinberg-Mngomezulu","Sacha Feinberg Mngomezulu",NA,"2002-02-22","Cape Town","/wiki/Ciudad_del_Cabo",NA,NA,NA,NA,NA,"Fly-Half",NA,"South Africa"
"Q107658966","Matías Osadczuk","Matías Osadczuk",NA,"1997-04-22","Buenos Aires","/wiki/Buenos_Aires",NA,NA,NA,191,NA,"Centre",NA,"Argentina"
"Q107658985","Rodrigo Isgro","Rodrigo Isgró","Rodrigo Antonio Isgró","1999-03-24","Mendoza; Argentina","/wiki/Mendoza_(Argentina)",NA,NA,NA,185,NA,NA,NA,"Argentina"
"Q107660138","Santiago Mare","Santiago Mare",NA,"1996-10-21","Buenos Aires","/wiki/Buenos_Aires",NA,NA,NA,184,NA,"Scrum-Half",NA,"Argentina"
"Q107676791","Luciano González","Luciano González Rizzoni","Luciano Daniel González Rizzoni","1997-04-10","La Rioja; Argentina","/wiki/La_Rioja_(Argentina)",NA,NA,NA,185,NA,"Winger",NA,"Argentina"
"Q107741317","Rémi Sénéca","Rémi Sénéca",NA,"1995-01-16","France","/wiki/Francia",NA,NA,NA,185,114,"Loosehead Prop",NA,"France"
"Q108278312","George Robinson","George Robinson",NA,"1997-09-12","Nottingham","/wiki/Nottingham",NA,NA,NA,NA,NA,NA,NA,NA
"Q108428588","Mason Flesch","Mason Flesch",NA,"1999-11-18","Cobourg","/wiki/Cobourg",NA,NA,NA,196,109,"Blindside Flanker",NA,"Canada"
"Q108532988","Mike Dabulas","Mike Dabulas","Michael Dabulas","1996-12-13","United States","/wiki/Estados_Unidos",NA,NA,NA,180,89,"Fly-Half",NA,"U.S.A."
"Q108687736","Joaquín Oviedo","Joaquín Oviedo","Joaquín Emanuel Oviedo","2001-07-17","Córdoba; Argentina","/wiki/C%C3%B3rdoba_(Argentina)",NA,NA,NA,190,113,"3rd Row",NA,"Argentina"
"Q108730420","Gonzalo García","Gonzalo García","Gonzalo Jesús García","1999-03-05","San Miguel de Tucumán","/wiki/San_Miguel_de_Tucum%C3%A1n",NA,NA,NA,NA,NA,"Scrum-Half",NA,"Argentina"
"Q108741957","Louis Bruinsma","Louis Bruinsma",NA,"2000-07-15","Spain","/wiki/Espa%C3%B1a",NA,NA,NA,193,107,"2nd Row",NA,"Netherlands; Spain"
"Q108818556","Theo McFarland","Theo McFarland","Theodore Lorenzo McFarland","1995-10-16","Apia","/wiki/Apia",NA,NA,NA,199,112,"2nd Row",NA,"Samoa"
"Q109044983","Michael Hogg","Michael Hogg","Michael Sequoia Hogg","1994-07-10","Bristol","/wiki/Bristol",NA,NA,NA,183,108,"3rd Row",NA,NA
"Q109672958","Ratu Peni Matawalu","Peni Matawalu","Ratu Peni Matawalu","1997-07-08","Ra Province","/wiki/Provincia_de_Ra",NA,NA,NA,175,78,"Scrum-Half",NA,"Fiji"
"Q109923913","Jordan Sepho","Jordan Sepho",NA,"1998-12-08","Pontoise","/wiki/Pontoise",NA,NA,NA,NA,NA,"Prop",NA,NA
"Q110587306","Louis Bielle-Biarrey","Louis Bielle-Biarrey",NA,"2003-06-19","France","/wiki/Francia",NA,NA,NA,184,79,"Left Winger",NA,"France"
"Q110610909","Cory Daniel","Cory Daniel","Cory Gilliland-Daniel","1995-09-11","United States","/wiki/Estados_Unidos",NA,NA,NA,190,105,"Blindside Flanker",NA,"U.S.A."
"Q110826989","Foster DeWitt","Foster DeWitt",NA,"1996-05-25","British Columbia","/wiki/Columbia_Brit%C3%A1nica",NA,NA,NA,186,113,"Loosehead Prop",NA,"Canada"
"Q110826995","Tavite Lopeti","Tavite Lopeti",NA,"1998-11-20","Hayward; California","/wiki/Hayward_(California)",NA,NA,NA,180,95,"Inside Centre",NA,"U.S.A."
"Q110826996","Christian Dyer","Christian Dyer",NA,"1997-12-26","Sacramento; California","/wiki/Sacramento_(California)",NA,NA,NA,188,97,"Left Winger",NA,"U.S.A."
"Q110887343","Gustavo Zerbino","Gustavo Zerbino","Gustavo Zerbino Stajano","1953-05-13","Montevideo","/wiki/Montevideo",NA,NA,NA,NA,NA,NA,NA,NA
"Q110887612","Nelson Épée","Nelson Épée",NA,"2001-02-20","France","/wiki/Francia",NA,NA,NA,174,73,"Left Winger",NA,"France"
"Q110908766","Juan Manuel Tafernaberry","Juan Manuel Tafernaberry",NA,"2002-05-27","Uruguay","/wiki/Uruguay",NA,NA,NA,174,72,"Scrum-Half",NA,"Uruguay"
"Q110908767","Mateo Viñals","Mateo Viñals","Mateo Viñals Moratorio","1998-10-07","Uruguay","/wiki/Uruguay",NA,NA,NA,182,85,"Left Winger",NA,"Uruguay"
"Q110908771","Felipe Arcos Pérez","Felipe Arcos Pérez",NA,"2000-05-17","Uruguay","/wiki/Uruguay",NA,NA,NA,180,91,"Outside Centre",NA,"Uruguay"
"Q111019619","Langi Gleeson","Langi Gleeson",NA,"2001-07-21","Sydney","/wiki/S%C3%ADdney",NA,NA,NA,188,110,"Number 8",NA,"Australia"
"Q111223162","Gauthier Minguillón","Gauthier Minguillón","Gauthier Pierre Julien Minguillón","1994-03-03","Bordeaux","/wiki/Burdeos",NA,NA,NA,177,89,"3rd Row; Centre",NA,NA
"Q111234451","Joel Merkler","Joel Merkler","Joel Merkler Pérez","2001-10-25","Gelida","/wiki/G%C3%A9lida",NA,NA,NA,194,135,"Prop; 2nd Row",NA,NA
"Q111383063","Teddy Wilson","Teddy Wilson",NA,"2003-02-25","Sydney","/wiki/S%C3%ADdney",NA,NA,NA,182,84,"Scrum-Half",NA,"Australia"
"Q111575697","Baptiste Erdocio","Baptiste Erdocio",NA,"2000-03-13","France","/wiki/Francia",NA,NA,NA,172,115,"Tighthead Prop",NA,"France"
"Q111634082","Lopeti Faifua","Lopeti Faifua",NA,"2002-01-22","Myrtleford",NA,NA,NA,NA,198,115,"Openside Flanker",NA,"Australia"
"Q112075635","Clément Doumenc","Clément Doumenc",NA,"1994-04-01","France","/wiki/Francia",NA,NA,NA,183,101,"Openside Flanker",NA,"France"
"Q112078093","Sacha Lotrian","Sacha Lotrian",NA,"2000-08-13","France","/wiki/Francia",NA,NA,NA,180,106,"Tighthead Prop",NA,"France"
"Q112192847","Thomas Berjon","Thomas Berjon",NA,"1998-04-12","France","/wiki/Francia",NA,NA,NA,171,76,"Scrum-Half",NA,"France"
"Q112265345","Josiah Maraku","Josiah Maraku","Josiah Meihana Maraku","2000-03-30","New Zealand","/wiki/Nueva_Zelanda",NA,NA,NA,180,96,"Outside Centre",NA,"New Zealand"
"Q112660228","Louis Le Brun","Louis Le Brun",NA,"2002-02-28","France","/wiki/Francia",NA,NA,NA,188,86,"Inside Centre",NA,"France"
"Q112661345","Enzo Reybier","Enzo Reybier",NA,"2002-04-04","France","/wiki/Francia",NA,NA,NA,174,76,"Left Winger",NA,"France"
"Q112665740","Rémy Baget","Rémy Baget",NA,"1997-07-27","France","/wiki/Francia",NA,NA,NA,182,89,"Left Winger",NA,"France"
"Q112797279","Henry Arundell","Henry Arundell",NA,"2002-11-08","England","/wiki/Inglaterra",NA,NA,NA,183,96,"Fullback",NA,"England"
"Q112989859","Kawa Leauma","Kawa Leauma",NA,"1989-12-17","Auckland","/wiki/Auckland","2021-12-21","Amsterdam","/wiki/%C3%81msterdam",196,110,"2nd Row",NA,NA
"Q113126201","Matías Garafulic","Matías Garafulic",NA,"2000-09-01","Chile","/wiki/Chile",NA,NA,NA,184,89,"Inside Centre",NA,"Chile"
"Q113133065","Constantin Dinu","Constantin Dinu",NA,"1945-04-29","Bucharest","/wiki/Bucarest","2022-12-14","Chitila","/wiki/Chitila",NA,NA,NA,NA,NA
"Q113241459","Santiago Videla","Santiago Videla",NA,"1998-01-16","Chile","/wiki/Chile",NA,NA,NA,179,90,"Fly-Half",NA,"Chile"
"Q113504697","Raimundo Martínez","Raimundo Martínez Amar",NA,"1999-11-25","Santiago","/wiki/Santiago_de_Chile",NA,NA,NA,180,103,"Number 8; Flanker; Hooker",NA,NA
"Q113623277","Mateo Garcia","Matéo Garcia",NA,"2002-07-08","France","/wiki/Francia",NA,NA,NA,174,79,"Fly-Half",NA,"France"
"Q113952709","Théo Ntamack","Théo Ntamack","Théo Ntamack Muyenga","2002-05-29","France","/wiki/Francia",NA,NA,NA,193,103,"Number 8",NA,"France"
"Q114279525","Reda Wardi","Reda Wardi",NA,"1995-08-02","France","/wiki/Francia",NA,NA,NA,185,110,"Loosehead Prop",NA,"France"
"Q114670777","Marko Gazzotti","Marko Gazzotti",NA,"2004-09-24","France","/wiki/Francia",NA,NA,NA,192,107,"Openside Flanker",NA,"France"
"Q114711419","Ian Boubila","Ian Boubila",NA,"2002-01-17","France","/wiki/Francia",NA,NA,NA,179,90,"Hooker",NA,"France"
"Q114841917","Baptiste Jauneau","Baptiste Jauneau",NA,"2003-11-17","France","/wiki/Francia",NA,NA,NA,178,81,"Scrum-Half",NA,"France"
"Q114949256","Émilien Gailleton","Émilien Gailleton",NA,"2003-07-13","London Borough of Croydon","/wiki/Croydon",NA,NA,NA,185,89,"Centre; 3rd Row",NA,NA
"Q115115837","Auguste Cadot","Auguste Cadot",NA,"2001-07-28","France","/wiki/Francia",NA,NA,NA,181,91,"Inside Centre",NA,"France"
"Q115118074","Gaël Dréan","Gaël Dréan",NA,"2000-10-22","France","/wiki/Francia",NA,NA,NA,184,84,"Left Winger",NA,"France"
"Q115126692","Lenni Nouchi","Lenni Nouchi",NA,"2003-11-24","France","/wiki/Francia",NA,NA,NA,192,105,"Number 8",NA,"France"
"Q115145192","Pierre Bochaton","Pierre Bochaton",NA,"2001-04-17","France","/wiki/Francia",NA,NA,NA,197,103,"2nd Row",NA,"France"
"Q115472870","Martín Bogado","Martín Bogado","Martín Gabriel Bogado","1998-04-29","Posadas; Misiones","/wiki/Posadas",NA,NA,NA,189,94,"Fullback",NA,"Argentina"
"Q115529456","Joseva Talacolo","Joseva Talacolo",NA,"1997-04-01","Suva","/wiki/Suva",NA,NA,NA,NA,NA,NA,NA,NA
"Q115754114","Hugo Auradou","Hugo Auradou",NA,"2003-07-20","Pike pole","/wiki/Bichero",NA,NA,NA,195,100,"2nd Row",NA,NA
"Q115764853","Tomás Petersen","Tomás Petersen","Tomás A. Petersen","1957-01-02","Buenos Aires","/wiki/Buenos_Aires",NA,NA,NA,178,83,"3rd Row",NA,"Argentina"
"Q115845694","Nicolas Depoortère","Nicolas Depoortére",NA,"2003-01-01","France","/wiki/Francia",NA,NA,NA,193,87,"Outside Centre",NA,"France"
"Q115933946","Valentin Simutoga","Valentin Simutoga",NA,"2003-02-14","France","/wiki/Francia",NA,NA,NA,180,120,"Tighthead Prop",NA,"France"
"Q116305126","Théo Attissogbé","Théo Attissogbé",NA,"2004-11-19","Périgueux","/wiki/P%C3%A9rigueux",NA,NA,NA,181,79,"3rd Row",NA,NA
"Q116313188","Axel Desperes","Axel Desperes",NA,"2004-01-16","Pau; Pyrénées-Atlantiques","/wiki/Pau_(Francia)",NA,NA,NA,183,79,"Fly-Half; Centre",NA,NA
"Q116690125","Martín Sigren","Martín Sigren","Martín Sigren Molina","1996-05-14","Santiago","/wiki/Santiago_de_Chile",NA,NA,NA,189,NA,"3rd Row",NA,"Chile"
"Q116808191","Lucas Santamaria","Lucas Santamaria","Lucas Santamaria Polkowska","2001-04-28","Madrid","/wiki/Madrid",NA,NA,NA,186,112,"Prop",NA,NA
"Q116926115","Conner Mooneyham","Conner Mooneyham",NA,"1996-03-28","Rocklin; California","/wiki/Rocklin,_California",NA,NA,NA,183,94,"Right Winger",NA,"U.S.A."
"Q116959974","Yanis Charcosset","Yanis Charcosset",NA,"2001-08-28","France","/wiki/Francia",NA,NA,NA,184,104,"2nd Row",NA,"France"
"Q116983950","Taj Annan","Taj Annan",NA,"2003-08-16","Australia","/wiki/Australia",NA,NA,NA,192,95,"Inside Centre",NA,"Australia"
"Q117212967","Tom Lynagh","Tom Lynagh",NA,"2003-04-14","Montebelluna","/wiki/Montebelluna",NA,NA,NA,178,78,"Fly-Half",NA,"Italy; Australia"
"Q117213344","Mosese Tuipulotu","Mosese Tuipulotu",NA,"2001-05-05","Melbourne","/wiki/Melbourne",NA,NA,NA,182,102,"Inside Centre",NA,"Australia"
"Q117224908","Gradyn Bowd","Gradyn Bowd",NA,"1992-08-27","Red Deer; Alberta","/wiki/Red_Deer",NA,NA,NA,178,91,"Fly-Half",NA,"Canada"
"Q117225387","Vili Helu","Vili Helu","Viliami Helu","1996-03-20","United States","/wiki/Estados_Unidos",NA,NA,NA,194,107,"Number 8",NA,"U.S.A."
"Q117303310","Clément Vergé","Clément Vergé",NA,"2001-09-13","France","/wiki/Francia",NA,NA,NA,200,123,"Loosehead Prop",NA,"France"
"Q117350370","Ignacio Ruiz","Ignacio Ruiz",NA,"2001-01-03","Buenos Aires","/wiki/Buenos_Aires",NA,NA,NA,188,104,"Hooker",NA,"Argentina"
"Q117745398","Hugo Reus","Hugo Reus",NA,"2004-02-21","France","/wiki/Francia",NA,NA,NA,184,84,"Scrum-Half",NA,"France"
"Q118130572","Posolo Tuilagi","Posolo Tuilagi",NA,"2004-07-28","Samoa","/wiki/Samoa",NA,NA,NA,192,149,"2nd Row",NA,"Samoa"
"Q118558375","Swan Cormenier","Swan Cormenier",NA,"1996-01-18","France","/wiki/Francia",NA,NA,NA,170,119,"Prop",NA,"France"
"Q118840187","Klayton Thorn","Klayton Thorn",NA,"2003-06-06","Australia","/wiki/Australia",NA,NA,NA,179,82,"Scrum-Half",NA,"Australia"
"Q120378604","Ilan El Khattabi","Ilan El Khattabi",NA,"1999-06-10","France","/wiki/Francia",NA,NA,NA,180,82,"Scrum-Half",NA,"France"
"Q120886641","Jérémy Fernandez","Jérémy Fernandez",NA,"1997-05-15","France","/wiki/Francia",NA,NA,NA,176,79,"Scrum-Half",NA,"France"
"Q121083575","Nathan Sylvia","Nathan Sylvia","Nathaniel Sylvia","1994-03-17","United States","/wiki/Estados_Unidos",NA,NA,NA,184,118,"Tighthead Prop",NA,"U.S.A."
"Q121367560","Pedro Rubiolo","Pedro Rubiolo",NA,"2002-12-21","Rafaela","/wiki/Rafaela",NA,NA,NA,193,110,"2nd Row; 3rd Row",NA,"Argentina"
"Q121436262","George Poolman","George Poolman",NA,"2002-09-06","Australia","/wiki/Australia",NA,NA,NA,195,88,"Left Winger",NA,"Australia"
"Q121998434","Paul Costes","Paul Costes",NA,"2003-04-04","France","/wiki/Francia",NA,NA,NA,182,85,"Inside Centre",NA,"France"
"Q122704801","Lucas Bianchi","Lucas Bianchi","Lucas Bianchi Bonfiglio","2001-03-16","Uruguay","/wiki/Uruguay",NA,NA,NA,190,107,"Openside Flanker",NA,"Uruguay"
"Q123555824","Daniel Botha","Daniel Botha",NA,"2001-12-16","Australia","/wiki/Australia",NA,NA,NA,188,119,"Loosehead Prop",NA,"Australia"
"Q123556089","Jack Bowen","Jack Bowen",NA,"2003-12-30","Sydney","/wiki/S%C3%ADdney",NA,NA,NA,179,89,"Fly-Half",NA,"Australia"
"Q123560357","Harry Wilson","Harry Wilson",NA,"2000-08-17","Sydney","/wiki/S%C3%ADdney",NA,NA,NA,190,97,"Inside Centre",NA,"Australia"
"Q124041556","Loïc Crédoz","Loïc Crédoz",NA,"1999-05-17","France","/wiki/Francia",NA,NA,NA,186,104,"Openside Flanker",NA,"France"
"Q124052779","Giorgi Dzmanashvili","Giorgi Dzmanashvili",NA,"2002-06-16","Georgia (country)","/wiki/Georgia",NA,NA,NA,186,122,"Tighthead Prop",NA,"Georgia"
"Q124062275","Loris Zarantonello","Loris Zarantonello",NA,"2000-11-17","L'Union","/wiki/L%27Union_(Francia)",NA,NA,NA,183,102,"Hooker",NA,"France"
"Q124101064","Romain Latterrade","Romain Latterrade",NA,"1996-04-04","France","/wiki/Francia",NA,NA,NA,179,112,"Hooker",NA,"France"
"Q124102023","Maxime Baudonne","Maxime Baudonne",NA,"2002-07-12","France","/wiki/Francia",NA,NA,NA,188,97,"Openside Flanker",NA,"France"
"Q124248032","Benjamín Grondona","Benjamín Grondona",NA,"2003-10-19","Buenos Aires","/wiki/Buenos_Aires",NA,NA,NA,191,103,"3rd Row",NA,"Argentina"
"Q124248084","Roberto François","Roberto François",NA,"1951-11-23","Montevideo","/wiki/Montevideo",NA,NA,NA,NA,NA,NA,NA,NA
"Q124308709","Esteban Abadie","Esteban Abadie",NA,"1997-12-01","France","/wiki/Francia",NA,NA,NA,188,100,"Openside Flanker",NA,"France"
"Q124408571","Martin Green","Martin Green",NA,NA,"Warwickshire","/wiki/Warwickshire",NA,NA,NA,180,90,"3rd Row",NA,"United Kingdom"
"Q124416941","Baptiste Cope","Baptiste Cope",NA,"2000-09-02","France","/wiki/Francia",NA,NA,NA,186,92,"Openside Flanker",NA,"France"
"Q124707672","Mickaël Guillard","Mickaël Guillard",NA,"2000-12-10","France","/wiki/Francia",NA,NA,NA,197,122,"2nd Row",NA,"France"
"Q124710020","Maxime Gouzou","Maxime Gouzou",NA,"1998-09-11","France","/wiki/Francia",NA,NA,NA,189,102,"Blindside Flanker",NA,"France"
"Q124719332","Alfred Parisien","Alfred Parisien",NA,"2001-03-04","France","/wiki/Francia",NA,NA,NA,182,93,"Inside Centre",NA,"France"
"Q124728924","Mesake Vocevoce","Mesake Vocevoce",NA,"2003-05-16","Fiji","/wiki/Fiyi",NA,NA,NA,197,106,"2nd Row",NA,"Fiji"
"Q124731997","Harry McLaughlin-Phillips","Harry McLaughlin-Phillips",NA,"2004-04-13","Australia","/wiki/Australia",NA,NA,NA,177,87,"Fly-Half",NA,"Australia"
"Q124733924","John Bryant","John Bryant",NA,"2003-02-20","Australia","/wiki/Australia",NA,NA,NA,190,100,"Hooker",NA,"Australia"
"Q124738058","Mathis Castro-Ferreira","Mathis Castro-Ferreira",NA,"2004-01-13","France","/wiki/Francia",NA,NA,NA,192,105,"Left Winger",NA,"France"
"Q124812202","Moses Alo-Emile","Moses Alo-Emile","Moses Eneliko Alo-Emile","2000-01-15","Australia","/wiki/Australia",NA,NA,NA,189,124,"Tighthead Prop",NA,"Australia"
"Q124816553","Thomas Tu’avao","Thomas Tu'avao",NA,"1993-10-27","England","/wiki/Inglaterra",NA,NA,NA,191,111,"Openside Flanker",NA,"England"
"Q124957979","Kyle Steeves","Kyle Steeves",NA,"2000-05-12","Winnipeg","/wiki/Winnipeg",NA,NA,NA,183,122,"Loosehead Prop",NA,"Canada"
"Q125456871","Meirion Roberts","Meirion Roberts",NA,"1934-09-11","Wales","/wiki/Gales","2025-01-06",NA,NA,NA,NA,"Centre",NA,"United Kingdom"
"Q125738751","Rayan Rebbadj","Rayan Rebbadj",NA,"1999-08-15","France","/wiki/Francia",NA,NA,NA,190,93,"Blindside Flanker",NA,"France"
"Q126392733","Matías Medrano","Matías Medrano",NA,"2003-12-19","Argentina","/wiki/Argentina",NA,NA,NA,183,121,"Loosehead Prop",NA,"Argentina"
"Q126392764","Ramiro Gurovich","Ramiro Gurovich",NA,"2000-01-12","Argentina","/wiki/Argentina",NA,NA,NA,181,113,"Hooker",NA,"Argentina"
"Q126417312","Valentino Minoyetti","Valentino Minoyetti",NA,"2003-11-24","Argentina","/wiki/Argentina",NA,NA,NA,180,105,"Hooker",NA,"Argentina"
"Q126417358","Estanislao Carullo","Estanislao Carullo",NA,"2000-10-19","Argentina","/wiki/Argentina",NA,NA,NA,188,117,"Tighthead Prop",NA,"Argentina"
"Q126417364","Javier Coronel","Javier Coronel",NA,"2001-12-21","Argentina","/wiki/Argentina",NA,NA,NA,184,134,"Tighthead Prop",NA,"Argentina"
"Q126417367","Tomás Rapetti","Tomás Rapetti",NA,"2005-04-03","Argentina","/wiki/Argentina",NA,NA,NA,187,125,"Tighthead Prop",NA,"Argentina"
"Q126417375","Renzo Zanella","Renzo Zanella","Renzo Luis Zanella","2003-05-23","Argentina","/wiki/Argentina",NA,NA,NA,182,127,"Tighthead Prop",NA,"Argentina"
"Q126456405","Manuel Bernstein","Manuel Bernstein",NA,"2000-05-18","Argentina","/wiki/Argentina",NA,NA,NA,193,105,"2nd Row",NA,"Argentina"
"Q126456427","Mateo Lorenzo","Mateo Lorenzo","Mateo Salvador Lorenzo","2003-07-09","Argentina","/wiki/Argentina",NA,NA,NA,198,111,"2nd Row",NA,"Argentina"
"Q126456436","Eliseo Chiavassa","Eliseo Chiavassa",NA,"2003-04-08","Argentina","/wiki/Argentina",NA,NA,NA,191,103,"Blindside Flanker",NA,"Argentina"
"Q126456450","Nicolás D'Amorim","Nicolás D'Amorim",NA,"2000-10-22","Argentina","/wiki/Argentina",NA,NA,NA,185,101,"Openside Flanker",NA,"Argentina"
"Q126490654","Diego Correa","Diego Correa",NA,"2005-03-17","Argentina","/wiki/Argentina",NA,NA,NA,188,125,"Loosehead Prop",NA,"Argentina"
"Q126490664","Lautaro Simes","Lautaro Simes","Lautaro Simes Bulgarelli","2000-04-03","Argentina","/wiki/Argentina",NA,NA,NA,202,110,"2nd Row",NA,"Argentina"
"Q126490678","Tomás Bartolini","Tomás Bartolini",NA,"2003-04-11","Argentina","/wiki/Argentina",NA,NA,NA,175,117,"Hooker",NA,"Argentina"
"Q126490699","Aitor Bildosola","Aitor Bildosola",NA,"2003-04-25","Argentina","/wiki/Argentina",NA,NA,NA,191,105,"Openside Flanker",NA,"Argentina"
"Q126490713","Facundo García Hamilton","Facundo García Hamilton",NA,"2003-01-31","Tucumán Province","/wiki/Provincia_de_Tucum%C3%A1n",NA,NA,NA,193,105,"Blindside Flanker",NA,"Argentina"
"Q126490727","Nicolás Viola","Nicolás Viola",NA,"2003-12-28","Argentina","/wiki/Argentina",NA,NA,NA,185,85,"Scrum-Half",NA,"Argentina"
"Q126490737","Juan Bautista Baronio","Juan Bautista Baronio",NA,"2003-12-19","Argentina","/wiki/Argentina",NA,NA,NA,183,86,"Fly-Half",NA,"Argentina"
"Q126490769","Valentino Dicapua","Valentino Dicapua",NA,"2003-06-26","Argentina","/wiki/Argentina",NA,NA,NA,190,95,"Fly-Half",NA,"Argentina"
"Q126490787","Felipe Mallía","Felipe Mallía",NA,"2003-11-19","Argentina","/wiki/Argentina",NA,NA,NA,190,100,"Inside Centre",NA,"Argentina"
"Q126540268","Mateo Soler","Mateo Soler",NA,"2003-02-20","Argentina","/wiki/Argentina",NA,NA,NA,182,88,"Fullback",NA,"Argentina"
"Q126540277","John Lefevre","John Lefevre",NA,"1998-05-25","United States","/wiki/Estados_Unidos",NA,NA,NA,174,78,"Scrum-Half",NA,"U.S.A."
"Q126624118","Javier Carrasco","Javier Carrasco",NA,"1997-08-24","Chile","/wiki/Chile",NA,NA,NA,180,118,"Loosehead Prop",NA,"Chile"
"Q126624558","Rafael Iriarte","Rafael Iriarte",NA,"2000-03-24","Argentina","/wiki/Argentina",NA,NA,NA,172,73,"Scrum-Half",NA,"Argentina"
"Q126681226","José Ignacio Larenas","José Ignacio Larenas Hitschfeld",NA,"1989-09-14",NA,NA,NA,NA,NA,183,94,"Inside Centre; Winger",NA,NA
"Q126681271","Iñaki Delguy","Iñaki Delguy",NA,"2001-04-04","Argentina","/wiki/Argentina",NA,NA,NA,186,74,"Right Winger",NA,"Argentina"
"Q126681299","Cristóbal Game","Cristóbal Game","Cristóbal Emilio Game Jiménez","1992-07-09","Chile","/wiki/Chile",NA,NA,NA,193,92,"Right Winger",NA,"Chile"
"Q126689873","Mathias Franco","Mathias Franco","Mathias Fabian Franco Pereira","1996-05-03","Uruguay","/wiki/Uruguay",NA,NA,NA,186,128,"Tighthead Prop",NA,"Uruguay"
"Q126709830","Juan Manuel Rodríguez","Juan Manuel Rodríguez",NA,"1996-12-15","Uruguay","/wiki/Uruguay",NA,NA,NA,187,107,"2nd Row",NA,"Uruguay"
"Q126722558","Juan Zuccarino","Juan Zuccarino","Juan Andrés Zuccarino","1999-05-05","Uruguay","/wiki/Uruguay",NA,NA,NA,184,94,"Fly-Half",NA,"Uruguay"
"Q126722573","Diego Ardao","Diego Ardao","Diego Ardao Ferres","1995-08-04","Uruguay","/wiki/Uruguay",NA,NA,NA,177,90,"Outside Centre",NA,"Uruguay"
"Q126722806","Efraín Elías","Efraín Elías",NA,"2004-04-30","Deán Funes; Argentina","/wiki/De%C3%A1n_Funes_(ciudad)",NA,NA,NA,NA,NA,"2nd Row",NA,"Argentina"
"Q126728503","Ignacio Álvarez","Ignacio Álvarez",NA,"2002-02-28","Uruguay","/wiki/Uruguay",NA,NA,NA,180,85,"Fullback",NA,"Uruguay"
"Q126818256","Michael Ma'afu","Michael Ma'afu",NA,"2000-01-08","Tonga","/wiki/Tonga",NA,NA,NA,190,113,"Number 8",NA,"Tonga"
"Q126818922","Mika Felix","Mika Felix","Mikaele Felix","2001-09-12","New Zealand","/wiki/Nueva_Zelanda",NA,NA,NA,180,122,"Loosehead Prop",NA,"New Zealand"
"Q126819685","Dan Hanson","Dan Hanson",NA,"1999-03-02","United States","/wiki/Estados_Unidos",NA,NA,NA,181,116,"Loosehead Prop",NA,"U.S.A."
"Q126820346","Ivan Pula","Ivan Pula",NA,"1999-09-09","United States","/wiki/Estados_Unidos",NA,NA,NA,185,128,"Tighthead Prop",NA,"U.S.A."
"Q126820708","Lucas Gramlick","Lucas Gramlick",NA,"2000-09-15","United States","/wiki/Estados_Unidos",NA,NA,NA,202,130,"2nd Row",NA,"U.S.A."
"Q126871572","Carson Shoemaker","Carson Shoemaker",NA,"2000-11-09","United States","/wiki/Estados_Unidos",NA,NA,NA,191,107,"Number 8",NA,"U.S.A."
"Q126871594","Siaosi Nai","Siaosi Nai",NA,"1999-09-19","Tonga","/wiki/Tonga",NA,NA,NA,174,90,"Scrum-Half",NA,"Tonga"
"Q126897221","Mike Matarazzo","Mike Matarazzo","Michael Matarazzo","1998-05-18","United States","/wiki/Estados_Unidos",NA,NA,NA,196,113,"Outside Centre",NA,"U.S.A."
"Q126897228","Willis Goodwin","Willis Goodwin",NA,"1999-11-20","United States","/wiki/Estados_Unidos",NA,NA,NA,178,76,"Left Winger",NA,"U.S.A."
"Q126902846","Joaquín Horcada","Joaquín Horcada",NA,"1999-11-16","Argentina","/wiki/Argentina",NA,NA,NA,178,107,"Tighthead Prop",NA,"Argentina"
"Q126902857","Franco Palillo","Franco Palillo","Franco Palillo Neri","1995-09-07","Argentina","/wiki/Argentina",NA,NA,NA,181,105,"Hooker",NA,"Argentina"
"Q126902870","Lopeti Tupou","Lopeti Tupou",NA,"2001-11-17","United States","/wiki/Estados_Unidos",NA,NA,NA,185,111,"Loosehead Prop",NA,"U.S.A."
"Q126902878","Lucas Bur","Lucas Bur",NA,"2000-02-28","Argentina","/wiki/Argentina",NA,NA,NA,195,111,"2nd Row",NA,"Argentina"
"Q126911774","Ronan Foley","Ronan Foley",NA,"1998-08-26","Republic of Ireland","/wiki/Irlanda",NA,NA,NA,190,106,"Number 8",NA,"Ireland"
"Q126911909","Evan Conlon","Evan Conlon",NA,"1999-06-21","United States","/wiki/Estados_Unidos",NA,NA,NA,175,85,"Scrum-Half",NA,"U.S.A."
"Q126917116","Tomás Malanos","Tomás Malanos",NA,"1997-07-04","Argentina","/wiki/Argentina",NA,NA,NA,178,86,"Inside Centre",NA,"Argentina"
"Q126917124","Connor Winchester","Connor Winchester",NA,"1997-04-19","Australia","/wiki/Australia",NA,NA,NA,188,98,"Fly-Half",NA,"Australia"
"Q126917148","Manuel Covella","Manuel Covella",NA,"1990-10-19","Argentina","/wiki/Argentina",NA,NA,NA,189,93,"Inside Centre",NA,"Argentina"
"Q126917156","Juan-Dee Oliver","Juan-Dee Oliver",NA,"2002-04-19","South Africa","/wiki/Sud%C3%A1frica",NA,NA,NA,175,78,"Scrum-Half",NA,"South Africa"
"Q126917164","Nic Benn","Nic Benn",NA,"2001-04-28","Australia","/wiki/Australia",NA,NA,NA,187,93,"Inside Centre",NA,"Australia"
"Q126917176","Jarek Szopinski","Jarek Szopinski",NA,"2000-01-19","United States","/wiki/Estados_Unidos",NA,NA,NA,190,86,"Left Winger",NA,"U.S.A."
"Q126917209","Seth Smith","Seth Smith",NA,"2005-05-24","United States","/wiki/Estados_Unidos",NA,NA,NA,173,108,"Hooker",NA,"U.S.A."
"Q126924707","Emmanuel Albert","Emmanuel Albert",NA,"1999-05-11","United States","/wiki/Estados_Unidos",NA,NA,NA,193,113,"Openside Flanker",NA,"U.S.A."
"Q126924712","Ronan Murphy","Ronan Murphy",NA,"1998-05-05","United States","/wiki/Estados_Unidos",NA,NA,NA,191,107,"Openside Flanker",NA,"U.S.A."
"Q126924726","Pono Davis","Pono Davis","Kullen Davis","1997-08-04","United States","/wiki/Estados_Unidos",NA,NA,NA,185,123,"Tighthead Prop",NA,"U.S.A."
"Q126924772","Frikkie de Beer","Frikkie de Beer","Frederik de Beer","1991-08-03","South Africa","/wiki/Sud%C3%A1frica",NA,NA,NA,190,119,"Tighthead Prop",NA,"South Africa"
"Q126938141","Connor Burns","Connor Burns",NA,"1999-01-06","England","/wiki/Inglaterra",NA,NA,NA,191,95,"Fullback",NA,"England"
"Q126938168","Tomás Casares","Tomás Casares",NA,"1999-04-11","Argentina","/wiki/Argentina",NA,NA,NA,193,105,"Number 8",NA,"Argentina"
"Q126938175","Chase Schor-Haskin","Chase Schor-Haskin",NA,"1999-05-23","United States","/wiki/Estados_Unidos",NA,NA,NA,189,105,"Right Winger",NA,"U.S.A."
"Q126938186","Alex Glover","Alex Glover","Alexis Glover","1997-12-14","United States","/wiki/Estados_Unidos",NA,NA,NA,182,107,"Hooker",NA,"U.S.A."
"Q126947579","Josh McAdam","Josh McAdam",NA,"1997-06-24","South Africa","/wiki/Sud%C3%A1frica",NA,NA,NA,191,106,"Inside Centre",NA,"South Africa"
"Q126947585","Eric Naposki","Eric Naposki",NA,"1999-04-06","United States","/wiki/Estados_Unidos",NA,NA,NA,183,87,"Right Winger",NA,"U.S.A."
"Q126953353","Zach Bastres","Zach Bastres",NA,"1999-07-12","United States","/wiki/Estados_Unidos",NA,NA,NA,186,96,"Inside Centre",NA,"U.S.A."
"Q126953361","Cam Davidowicz","Cam Davidowicz","Cameron Davidowicz","1996-02-06","United States","/wiki/Estados_Unidos",NA,NA,NA,185,109,"Openside Flanker",NA,"U.S.A."
"Q126953368","Ethan Fryer","Ethan Fryer",NA,"2002-05-27","United States","/wiki/Estados_Unidos",NA,NA,NA,188,100,"Openside Flanker",NA,"U.S.A."
"Q126953376","Holden Yungert","Holden Yungert",NA,"1993-07-17","United States","/wiki/Estados_Unidos",NA,NA,NA,178,83,"Scrum-Half",NA,"U.S.A."
"Q126992688","William Waguespack","William Waguespack",NA,"1998-03-01","United States","/wiki/Estados_Unidos",NA,NA,NA,198,114,"2nd Row",NA,"U.S.A."
"Q126992916","Chase Jones","Chase Jones",NA,"1999-07-08","United States","/wiki/Estados_Unidos",NA,NA,NA,194,108,"Blindside Flanker",NA,"U.S.A."
"Q126993311","Trent Rogers","Trent Rogers","Trenton Rogers","1999-08-18","United States","/wiki/Estados_Unidos",NA,NA,NA,183,130,"Loosehead Prop",NA,"U.S.A."
"Q126993411","Malcolm May","Malcolm May",NA,"1996-03-24","United States","/wiki/Estados_Unidos",NA,NA,NA,186,105,"Number 8",NA,"U.S.A."
"Q126993508","Ross Depperschmidt","Ross Depperschmidt",NA,"1992-12-29","United States","/wiki/Estados_Unidos",NA,NA,NA,184,97,"Inside Centre",NA,"U.S.A."
"Q126993661","Nick Feakes","Nick Feakes",NA,"1995-07-04","Australia","/wiki/Australia",NA,NA,NA,186,88,"Fly-Half",NA,"Australia"
"Q127043530","Bill Whiteside","Bill Whiteside","William Whiteside","1999-08-31","United States","/wiki/Estados_Unidos",NA,NA,NA,196,110,"Tighthead Prop",NA,"U.S.A."
"Q127043539","KoiKoi Nelligan","KoiKoi Nelligan",NA,"1999-11-02","United States","/wiki/Estados_Unidos",NA,NA,NA,181,105,"Hooker",NA,"U.S.A."
"Q127043543","Quentin Newcomer","Quentin Newcomer",NA,"1999-07-16","United States","/wiki/Estados_Unidos",NA,NA,NA,185,119,"Tighthead Prop",NA,"U.S.A."
"Q127043623","Collin Grosse","Collin Grosse",NA,"1999-07-12","United States","/wiki/Estados_Unidos",NA,NA,NA,191,111,"Blindside Flanker",NA,"U.S.A."
"Q127077560","Gonzalo Manso","Gonzalo Manso","Gonzalo Manso Moyano","1990-05-04","Tucumán Province","/wiki/Provincia_de_Tucum%C3%A1n",NA,NA,NA,NA,NA,"Hooker",NA,NA
"Q127080472","Antonio Ahualli de Chazal","Antonio Ahualli de Chazal",NA,"1987-09-06","Tucumán Province","/wiki/Provincia_de_Tucum%C3%A1n",NA,NA,NA,NA,NA,"Number 8",NA,NA
"Q127129316","Connor Buckley","Connor Buckley",NA,"1999-03-05","United States","/wiki/Estados_Unidos",NA,NA,NA,171,82,"Scrum-Half",NA,"U.S.A."
"Q127129625","John Powers","John Powers",NA,"1997-07-08","United States","/wiki/Estados_Unidos",NA,NA,NA,183,96,"Outside Centre",NA,"U.S.A."
"Q127130206","Mike Weir","Mike Weir","Michael Weir","2000-01-27","United States","/wiki/Estados_Unidos",NA,NA,NA,176,86,"Fly-Half",NA,"U.S.A."
"Q127130588","Liam Antrobus","Liam Antrobus",NA,"2002-01-09","United States","/wiki/Estados_Unidos",NA,NA,NA,195,112,"2nd Row",NA,"U.S.A."
"Q127130990","Matt Gelhaus","Matt Gelhaus","Matthew Gelhaus","2000-04-01","United States","/wiki/Estados_Unidos",NA,NA,NA,196,110,"2nd Row",NA,"U.S.A."
"Q127164748","Will Leonard","Will Leonard",NA,"1995-09-22","Republic of Ireland","/wiki/Irlanda",NA,NA,NA,188,102,"Inside Centre",NA,"Ireland"
"Q127164754","Seth Purdey","Seth Purdey",NA,"1998-12-15","Canada","/wiki/Canad%C3%A1",NA,NA,NA,184,92,"Outside Centre",NA,"Canada"
"Q127164760","Jack Shaw","Jack Shaw",NA,"2000-02-14","England","/wiki/Inglaterra",NA,NA,NA,188,93,"Left Winger",NA,"England"
"Q127164784","Austin White","Austin White",NA,"1993-03-26","United States","/wiki/Estados_Unidos",NA,NA,NA,185,93,"Fullback",NA,"U.S.A."
"Q127164790","Sam Walsh","Sam Walsh",NA,"1999-10-13","United States","/wiki/Estados_Unidos",NA,NA,NA,180,91,"Left Winger",NA,"U.S.A."
"Q127231702","Oliver Kane","Oliver Kane",NA,"1997-02-24","United States","/wiki/Estados_Unidos",NA,NA,NA,195,125,"Tighthead Prop",NA,"U.S.A."
"Q127232048","Brandon Harvey","Brandon Harvey",NA,"2002-06-13","United States","/wiki/Estados_Unidos",NA,NA,NA,199,117,"Loosehead Prop",NA,"U.S.A."
"Q127232187","Jay Tuivaiti","Jay Tuivaiti",NA,"1996-12-30","New Zealand","/wiki/Nueva_Zelanda",NA,NA,NA,193,120,"2nd Row",NA,"New Zealand"
"Q127268756","Danny Christensen","Danny Christensen",NA,"1990-05-11","United States","/wiki/Estados_Unidos",NA,NA,NA,176,78,"Scrum-Half",NA,"U.S.A."
"Q127268791","Tiaan Loots","Tiaan Loots",NA,"1992-02-01","South Africa","/wiki/Sud%C3%A1frica",NA,NA,NA,183,95,"Inside Centre",NA,"South Africa"
"Q127278436","DaQuan Perry","DaQuan Perry",NA,"1997-11-09","United States","/wiki/Estados_Unidos",NA,NA,NA,175,104,"Hooker",NA,"U.S.A."
"Q127278486","Dewald Donald","Dewald Donald",NA,"2000-02-03","South Africa","/wiki/Sud%C3%A1frica",NA,NA,NA,183,124,"Loosehead Prop",NA,"South Africa"
"Q127278497","Isaia Lotawa","Isaia Lotawa",NA,"2000-07-19","United States","/wiki/Estados_Unidos",NA,NA,NA,200,130,"Openside Flanker",NA,"U.S.A."
"Q127328040","Reid Davis","Reid Davis","Reid Watson Davis","1999-05-04","Canada","/wiki/Canad%C3%A1",NA,NA,NA,197,109,"2nd Row",NA,"Canada"
"Q127417881","Sam Reimer","Sam Reimer",NA,"2002-10-08","Canada","/wiki/Canad%C3%A1",NA,NA,NA,175,85,"Scrum-Half",NA,"Canada"
"Q127417886","Emerson Prior","Emerson Prior",NA,"1998-06-04","Canada","/wiki/Canad%C3%A1",NA,NA,NA,189,118,"Loosehead Prop",NA,"Canada"
"Q127417913","Lopeti Aisea","Lopeti Aisea",NA,"1996-12-31","United States","/wiki/Estados_Unidos",NA,NA,NA,184,105,"Inside Centre",NA,"U.S.A."
"Q127702129","Henry O'Donnell","Henry O'Donnell",NA,"2003-02-17","Australia","/wiki/Australia",NA,NA,NA,185,91,"Inside Centre",NA,"Australia"
"Q127702669","Tomasi Maka","Tomasi Maka","Thomas Maka","2002-10-21","Australia","/wiki/Australia",NA,NA,NA,186,117,"Hooker",NA,"Australia"
"Q127850179","Malacchi Esdale","Malacchi Esdale",NA,"1995-05-04","Newark; Delaware","/wiki/Newark_(Delaware)",NA,NA,NA,NA,NA,NA,NA,NA
"Q127971934","Benjamín Elizalde","Benjamín Elizalde","Benjamín María Elizalde","2004-06-14","Salta","/wiki/Salta_(Argentina)",NA,NA,NA,188,89,"Fullback; Winger",NA,"Argentina"
"Q130341584","Pedro Delgado Ibañez","Pedro Delgado","Pedro Delgado Ibáñez","1997-09-01","Santiago del Estero","/wiki/Santiago_del_Estero",NA,NA,NA,NA,NA,"Prop",NA,"Argentina"
"Q131375601","Ekain Imaz Agirre","Ekain Imaz","Ekain Imaz Agirre","2002-12-07","Beasain","/wiki/Beas%C3%A1in",NA,NA,NA,190,104,"3rd Row",NA,NA
